clone,group,donor,file,mutations,window_length,depth,ancestral,germline,n_descendant_genotypes
M10|C00002,mCherry-low,M10,M10_C00002,0,359,0.0,False,True,30
M10|C00002,mCherry-low,M10,M10_C00002,7,359,7.0,False,False,0
M10|C00002,mCherry-low,M10,M10_C00002,2,359,2.0,False,False,0
M10|C00002,mCherry-low,M10,M10_C00002,1,359,1.0,False,False,0
M10|C00002,mCherry-low,M10,M10_C00002,3,359,3.0,False,False,0
M10|C00002,mCherry-low,M10,M10_C00002,1,359,1.0,True,False,22
M10|C00002,mCherry-low,M10,M10_C00002,1,359,1.0,True,False,22
M10|C00002,mCherry-low,M10,M10_C00002,1,359,1.0,True,False,22
M10|C00002,mCherry-low,M10,M10_C00002,1,359,1.0,True,False,22
M10|C00002,mCherry-low,M10,M10_C00002,7,359,7.0,False,False,0
M10|C00002,mCherry-low,M10,M10_C00002,4,359,4.0,False,False,0
M10|C00002,mCherry-low,M10,M10_C00002,3,359,3.0,False,False,0
M10|C00002,mCherry-low,M10,M10_C00002,2,359,2.0,False,False,0
M10|C00002,mCherry-low,M10,M10_C00002,2,359,2.0,False,False,0
M10|C00002,mCherry-high,M10,M10_C00002,7,359,7.0,True,False,3
M10|C00002,mCherry-low,M10,M10_C00002,8,359,8.0,False,False,0
M10|C00002,mCherry-low,M10,M10_C00002,8,359,8.0,False,False,0
M10|C00002,mCherry-low,M10,M10_C00002,8,359,8.0,False,False,0
M10|C00002,mCherry-low,M10,M10_C00002,3,359,3.0,True,False,1
M10|C00002,mCherry-low,M10,M10_C00002,3,359,3.0,True,False,1
M10|C00002,mCherry-low,M10,M10_C00002,3,359,3.0,True,False,1
M10|C00002,mCherry-low,M10,M10_C00002,3,359,3.0,True,False,1
M10|C00002,mCherry-low,M10,M10_C00002,3,359,3.0,True,False,5
M10|C00002,mCherry-high,M10,M10_C00002,4,359,4.0,False,False,0
M10|C00002,mCherry-high,M10,M10_C00002,4,359,4.0,False,False,0
M10|C00002,mCherry-low,M10,M10_C00002,6,359,6.0,True,False,1
M10|C00002,mCherry-low,M10,M10_C00002,4,359,4.0,False,False,0
M10|C00002,mCherry-low,M10,M10_C00002,12,359,12.0,False,False,0
M10|C00002,mCherry-low,M10,M10_C00002,7,359,7.0,False,False,0
M10|C00002,mCherry-high,M10,M10_C00002,7,359,8.0,False,False,0
M10|C00002,mCherry-low,M10,M10_C00002,3,359,5.0,True,False,1
M10|C00002,mCherry-low,M10,M10_C00002,3,359,5.0,True,False,1
M10|C00002,mCherry-low,M10,M10_C00002,3,359,5.0,True,False,1
M10|C00002,mCherry-low,M10,M10_C00002,3,359,5.0,True,False,1
M10|C00002,mCherry-low,M10,M10_C00002,3,359,6.0,False,False,0
M10|C00003,mCherry-high,M10,M10_C00003,0,351,0.0,False,True,34
M10|C00003,mCherry-high,M10,M10_C00003,0,351,0.0,False,True,34
M10|C00003,mCherry-low,M10,M10_C00003,0,351,0.0,False,True,34
M10|C00003,mCherry-low,M10,M10_C00003,4,351,4.0,False,False,0
M10|C00003,mCherry-low,M10,M10_C00003,2,351,2.0,False,False,0
M10|C00003,mCherry-low,M10,M10_C00003,1,351,1.0,False,False,0
M10|C00003,mCherry-low,M10,M10_C00003,3,351,3.0,False,False,0
M10|C00003,mCherry-low,M10,M10_C00003,4,351,4.0,True,False,1
M10|C00003,mCherry-low,M10,M10_C00003,4,351,4.0,False,False,0
M10|C00003,mCherry-low,M10,M10_C00003,4,351,4.0,False,False,0
M10|C00003,mCherry-low,M10,M10_C00003,5,351,5.0,False,False,0
M10|C00003,mCherry-low,M10,M10_C00003,3,351,3.0,False,False,0
M10|C00003,mCherry-low,M10,M10_C00003,2,351,2.0,False,False,0
M10|C00003,mCherry-low,M10,M10_C00003,5,351,5.0,False,False,0
M10|C00003,mCherry-low,M10,M10_C00003,2,351,2.0,False,False,0
M10|C00003,mCherry-low,M10,M10_C00003,3,351,3.0,False,False,0
M10|C00003,mCherry-low,M10,M10_C00003,3,351,3.0,False,False,0
M10|C00003,mCherry-low,M10,M10_C00003,2,351,2.0,False,False,0
M10|C00003,mCherry-low,M10,M10_C00003,3,351,3.0,False,False,0
M10|C00003,mCherry-low,M10,M10_C00003,4,351,4.0,False,False,0
M10|C00003,mCherry-low,M10,M10_C00003,2,351,2.0,True,False,1
M10|C00003,mCherry-high,M10,M10_C00003,2,351,2.0,False,False,0
M10|C00003,mCherry-low,M10,M10_C00003,8,351,8.0,False,False,0
M10|C00003,mCherry-low,M10,M10_C00003,5,351,5.0,True,False,2
M10|C00003,mCherry-low,M10,M10_C00003,5,351,5.0,True,False,2
M10|C00003,mCherry-low,M10,M10_C00003,3,351,3.0,False,False,0
M10|C00003,mCherry-low,M10,M10_C00003,8,351,8.0,False,False,0
M10|C00003,mCherry-high,M10,M10_C00003,3,351,3.0,False,False,0
M10|C00003,mCherry-low,M10,M10_C00003,6,351,6.0,False,False,0
M10|C00003,mCherry-low,M10,M10_C00003,8,351,8.0,False,False,0
M10|C00003,mCherry-high,M10,M10_C00003,9,351,9.0,False,False,0
M10|C00003,mCherry-low,M10,M10_C00003,6,351,6.0,False,False,0
M10|C00004,mCherry-low,M10,M10_C00004,1,350,1.0,False,False,0
M10|C00004,mCherry-high,M10,M10_C00004,2,350,2.0,False,False,0
M10|C00004,mCherry-high,M10,M10_C00004,1,350,1.0,False,False,0
M10|C00004,mCherry-high,M10,M10_C00004,1,350,1.0,False,False,0
M10|C00004,mCherry-low,M10,M10_C00004,3,350,3.0,True,False,2
M10|C00004,mCherry-high,M10,M10_C00004,2,350,2.0,False,False,0
M10|C00004,mCherry-low,M10,M10_C00004,4,350,4.0,False,False,0
M10|C00004,mCherry-low,M10,M10_C00004,4,350,4.0,True,False,1
M10|C00004,mCherry-low,M10,M10_C00004,4,350,4.0,True,False,1
M10|C00004,mCherry-low,M10,M10_C00004,2,350,2.0,True,False,2
M10|C00004,mCherry-low,M10,M10_C00004,2,350,2.0,True,False,2
M10|C00004,mCherry-low,M10,M10_C00004,5,350,5.0,False,False,0
M10|C00004,mCherry-low,M10,M10_C00004,2,350,3.0,True,False,1
M10|C00004,mCherry-low,M10,M10_C00004,2,350,3.0,True,False,1
M10|C00004,mCherry-low,M10,M10_C00004,6,350,7.0,False,False,0
M10|C00004,mCherry-low,M10,M10_C00004,6,350,7.0,False,False,0
M10|C00004,mCherry-low,M10,M10_C00004,4,350,4.0,True,False,1
M10|C00004,mCherry-low,M10,M10_C00004,4,350,4.0,True,False,1
M10|C00004,mCherry-low,M10,M10_C00004,4,350,4.0,True,False,1
M10|C00004,mCherry-low,M10,M10_C00004,3,350,4.0,False,False,0
M10|C00004,mCherry-low,M10,M10_C00004,6,350,6.0,False,False,0
M10|C00005,mCherry-low,M10,M10_C00005,8,351,8.0,False,False,0
M10|C00005,mCherry-low,M10,M10_C00005,8,351,8.0,False,False,0
M10|C00005,mCherry-low,M10,M10_C00005,3,351,3.0,True,False,2
M10|C00005,mCherry-low,M10,M10_C00005,14,351,14.0,False,False,0
M10|C00005,mCherry-low,M10,M10_C00005,12,351,12.0,False,False,0
M10|C00005,mCherry-low,M10,M10_C00005,5,351,5.0,False,False,0
M10|C00005,mCherry-low,M10,M10_C00005,4,351,4.0,True,False,2
M10|C00005,mCherry-low,M10,M10_C00005,4,351,4.0,True,False,2
M10|C00005,mCherry-low,M10,M10_C00005,4,351,4.0,False,False,0
M10|C00005,mCherry-low,M10,M10_C00005,6,351,6.0,False,False,0
M10|C00005,mCherry-low,M10,M10_C00005,7,351,7.0,True,False,1
M10|C00005,mCherry-high,M10,M10_C00005,5,351,5.0,False,False,0
M10|C00005,mCherry-low,M10,M10_C00005,5,351,5.0,False,False,0
M10|C00005,mCherry-low,M10,M10_C00005,5,351,5.0,False,False,0
M10|C00005,mCherry-low,M10,M10_C00005,5,351,5.0,False,False,0
M10|C00005,mCherry-low,M10,M10_C00005,5,351,5.0,False,False,0
M10|C00005,mCherry-low,M10,M10_C00005,12,351,12.0,False,False,0
M10|C00006,mCherry-low,M10,M10_C00006,2,358,2.0,True,False,14
M10|C00006,mCherry-low,M10,M10_C00006,2,358,2.0,True,False,14
M10|C00006,mCherry-low,M10,M10_C00006,4,358,4.0,False,False,0
M10|C00006,mCherry-low,M10,M10_C00006,4,358,5.0,False,False,0
M10|C00006,mCherry-low,M10,M10_C00006,3,358,3.0,False,False,0
M10|C00006,mCherry-low,M10,M10_C00006,3,358,3.0,False,False,0
M10|C00006,mCherry-low,M10,M10_C00006,3,358,3.0,False,False,0
M10|C00006,mCherry-low,M10,M10_C00006,4,358,4.0,False,False,0
M10|C00006,mCherry-low,M10,M10_C00006,5,358,5.0,False,False,0
M10|C00006,mCherry-high,M10,M10_C00006,4,358,4.0,False,False,0
M10|C00006,mCherry-low,M10,M10_C00006,4,358,4.0,False,False,0
M10|C00006,mCherry-low,M10,M10_C00006,4,358,4.0,True,False,1
M10|C00006,mCherry-low,M10,M10_C00006,3,358,3.0,True,False,2
M10|C00006,mCherry-low,M10,M10_C00006,4,358,6.0,False,False,0
M10|C00006,mCherry-low,M10,M10_C00006,5,358,5.0,False,False,0
M10|C00006,mCherry-low,M10,M10_C00006,4,358,4.0,False,False,0
M10|C00007,mCherry-high,M10,M10_C00007,0,347,0.0,False,True,9
M10|C00007,mCherry-low,M10,M10_C00007,1,347,1.0,False,False,0
M10|C00007,mCherry-low,M10,M10_C00007,1,347,1.0,False,False,0
M10|C00007,mCherry-high,M10,M10_C00007,2,347,2.0,False,False,0
M10|C00007,mCherry-low,M10,M10_C00007,2,347,2.0,False,False,0
M10|C00007,mCherry-low,M10,M10_C00007,1,347,1.0,True,False,1
M10|C00007,mCherry-low,M10,M10_C00007,1,347,1.0,True,False,1
M10|C00007,mCherry-low,M10,M10_C00007,1,347,1.0,True,False,2
M10|C00007,mCherry-low,M10,M10_C00007,1,347,1.0,True,False,2
M10|C00007,mCherry-low,M10,M10_C00007,1,347,1.0,True,False,2
M10|C00007,mCherry-low,M10,M10_C00007,1,347,1.0,True,False,2
M10|C00007,mCherry-low,M10,M10_C00007,2,347,2.0,False,False,0
M10|C00007,mCherry-low,M10,M10_C00007,2,347,2.0,False,False,0
M10|C00007,mCherry-low,M10,M10_C00007,2,347,2.0,False,False,0
M10|C00007,mCherry-low,M10,M10_C00007,2,347,2.0,False,False,0
M10|C00007,mCherry-high,M10,M10_C00007,2,347,2.0,False,False,0
M10|C00008,mCherry-low,M10,M10_C00008,6,351,6.0,False,False,0
M10|C00008,mCherry-low,M10,M10_C00008,11,351,12.0,False,False,0
M10|C00008,mCherry-low,M10,M10_C00008,8,351,10.0,False,False,0
M10|C00008,mCherry-low,M10,M10_C00008,10,351,10.0,False,False,0
M10|C00008,mCherry-low,M10,M10_C00008,8,351,8.0,False,False,0
M10|C00008,mCherry-low,M10,M10_C00008,8,351,8.0,False,False,0
M10|C00008,mCherry-low,M10,M10_C00008,9,351,9.0,False,False,0
M10|C00008,mCherry-low,M10,M10_C00008,8,351,9.0,True,False,1
M10|C00008,mCherry-low,M10,M10_C00008,5,351,5.0,True,False,3
M10|C00008,mCherry-low,M10,M10_C00008,8,351,8.0,False,False,0
M10|C00008,mCherry-low,M10,M10_C00008,6,351,8.0,False,False,0
M10|C00008,mCherry-low,M10,M10_C00008,9,351,10.0,False,False,0
M10|C00008,mCherry-low,M10,M10_C00008,7,351,7.0,False,False,0
M10|C00008,mCherry-low,M10,M10_C00008,6,351,6.0,False,False,0
M10|C00008,mCherry-low,M10,M10_C00008,7,351,7.0,False,False,0
M10|C00009,mCherry-low,M10,M10_C00009,4,353,4.0,False,False,0
M10|C00009,mCherry-low,M10,M10_C00009,3,353,3.0,False,False,0
M10|C00009,mCherry-high,M10,M10_C00009,4,353,4.0,False,False,0
M10|C00009,mCherry-high,M10,M10_C00009,4,353,4.0,False,False,0
M10|C00009,mCherry-low,M10,M10_C00009,4,353,4.0,False,False,0
M10|C00009,mCherry-low,M10,M10_C00009,6,353,6.0,False,False,0
M10|C00009,mCherry-high,M10,M10_C00009,6,353,6.0,False,False,0
M10|C00009,mCherry-low,M10,M10_C00009,4,353,4.0,False,False,0
M10|C00009,mCherry-low,M10,M10_C00009,3,353,3.0,False,False,0
M10|C00009,mCherry-low,M10,M10_C00009,8,353,8.0,False,False,0
M10|C00009,mCherry-low,M10,M10_C00009,5,353,5.0,False,False,0
M10|C00009,mCherry-low,M10,M10_C00009,3,353,3.0,True,False,1
M10|C00009,mCherry-low,M10,M10_C00009,5,353,5.0,False,False,0
M10|C00010,mCherry-low,M10,M10_C00010,3,351,3.0,False,False,0
M10|C00010,mCherry-low,M10,M10_C00010,5,351,5.0,False,False,0
M10|C00010,mCherry-low,M10,M10_C00010,3,351,3.0,False,False,0
M10|C00010,mCherry-low,M10,M10_C00010,2,351,2.0,True,False,3
M10|C00010,mCherry-low,M10,M10_C00010,3,351,3.0,True,False,2
M10|C00010,mCherry-low,M10,M10_C00010,4,351,4.0,False,False,0
M10|C00010,mCherry-low,M10,M10_C00010,5,351,5.0,False,False,0
M10|C00011,mCherry-high,M10,M10_C00011,0,351,0.0,False,True,12
M10|C00011,mCherry-low,M10,M10_C00011,4,351,4.0,False,False,0
M10|C00011,mCherry-low,M10,M10_C00011,2,351,2.0,False,False,0
M10|C00011,mCherry-low,M10,M10_C00011,2,351,2.0,False,False,0
M10|C00011,mCherry-low,M10,M10_C00011,3,351,3.0,False,False,0
M10|C00011,mCherry-high,M10,M10_C00011,3,351,3.0,False,False,0
M10|C00011,mCherry-low,M10,M10_C00011,2,351,2.0,False,False,0
M10|C00011,mCherry-high,M10,M10_C00011,4,351,4.0,False,False,0
M10|C00011,mCherry-low,M10,M10_C00011,7,351,7.0,False,False,0
M10|C00011,mCherry-low,M10,M10_C00011,2,351,2.0,True,False,2
M10|C00011,mCherry-low,M10,M10_C00011,5,351,5.0,False,False,0
M10|C00011,mCherry-low,M10,M10_C00011,5,351,5.0,False,False,0
M10|C00012,mCherry-low,M10,M10_C00012,4,358,4.0,False,False,0
M10|C00012,mCherry-low,M10,M10_C00012,3,358,3.0,False,False,0
M10|C00012,mCherry-low,M10,M10_C00012,8,358,8.0,False,False,0
M10|C00012,mCherry-low,M10,M10_C00012,12,358,12.0,False,False,0
M10|C00012,mCherry-high,M10,M10_C00012,7,358,7.0,True,False,1
M10|C00012,mCherry-low,M10,M10_C00012,7,358,7.0,True,False,1
M10|C00012,mCherry-low,M10,M10_C00012,5,358,5.0,False,False,0
M10|C00012,mCherry-low,M10,M10_C00012,5,358,5.0,True,False,2
M10|C00012,mCherry-low,M10,M10_C00012,9,358,9.0,False,False,0
M10|C00012,mCherry-high,M10,M10_C00012,8,358,8.0,False,False,0
M10|C00012,mCherry-low,M10,M10_C00012,10,358,10.0,False,False,0
M10|C00013,mCherry-low,M10,M10_C00013,2,350,2.0,False,False,0
M10|C00013,mCherry-low,M10,M10_C00013,2,350,2.0,True,False,1
M10|C00013,mCherry-low,M10,M10_C00013,1,350,1.0,True,False,1
M10|C00013,mCherry-low,M10,M10_C00013,1,350,1.0,True,False,1
M10|C00013,mCherry-low,M10,M10_C00013,3,350,3.0,False,False,0
M10|C00013,mCherry-low,M10,M10_C00013,4,350,4.0,False,False,0
M10|C00013,mCherry-low,M10,M10_C00013,5,350,5.0,False,False,0
M10|C00013,mCherry-high,M10,M10_C00013,5,350,5.0,False,False,0
M10|C00013,mCherry-low,M10,M10_C00013,5,350,5.0,False,False,0
M10|C00013,mCherry-low,M10,M10_C00013,3,350,3.0,False,False,0
M10|C00014,mCherry-low,M10,M10_C00014,2,351,2.0,False,False,0
M10|C00014,mCherry-low,M10,M10_C00014,2,351,2.0,False,False,0
M10|C00014,mCherry-low,M10,M10_C00014,2,351,2.0,False,False,0
M10|C00014,mCherry-low,M10,M10_C00014,1,351,1.0,True,False,2
M10|C00014,mCherry-low,M10,M10_C00014,1,351,1.0,True,False,2
M10|C00014,mCherry-high,M10,M10_C00014,4,351,4.0,False,False,0
M10|C00014,mCherry-low,M10,M10_C00014,4,351,4.0,False,False,0
M10|C00014,mCherry-low,M10,M10_C00014,6,351,6.0,False,False,0
M10|C00014,mCherry-low,M10,M10_C00014,2,351,2.0,False,False,0
M10|C00014,mCherry-high,M10,M10_C00014,2,351,2.0,False,False,0
M10|C00015,mCherry-low,M10,M10_C00015,3,351,3.0,False,False,0
M10|C00015,mCherry-low,M10,M10_C00015,4,351,4.0,False,False,0
M10|C00015,mCherry-high,M10,M10_C00015,2,351,2.0,False,False,0
M10|C00015,mCherry-low,M10,M10_C00015,3,351,3.0,False,False,0
M10|C00015,mCherry-low,M10,M10_C00015,1,351,1.0,False,False,0
M10|C00015,mCherry-low,M10,M10_C00015,1,351,1.0,False,False,0
M10|C00015,mCherry-low,M10,M10_C00015,1,351,1.0,False,False,0
M10|C00015,mCherry-low,M10,M10_C00015,5,351,5.0,False,False,0
M10|C00015,mCherry-low,M10,M10_C00015,3,351,3.0,False,False,0
M10|C00016,mCherry-high,M10,M10_C00016,0,353,0.0,False,True,2
M10|C00016,mCherry-high,M10,M10_C00016,0,353,0.0,False,True,2
M10|C00016,mCherry-low,M10,M10_C00016,0,353,0.0,False,True,2
M10|C00016,mCherry-low,M10,M10_C00016,0,353,0.0,False,True,2
M10|C00016,mCherry-low,M10,M10_C00016,0,353,0.0,False,True,2
M10|C00016,mCherry-low,M10,M10_C00016,0,353,0.0,False,True,2
M10|C00016,mCherry-low,M10,M10_C00016,1,353,1.0,False,False,0
M10|C00016,mCherry-high,M10,M10_C00016,3,353,3.0,False,False,0
M10|C00017,mCherry-low,M10,M10_C00017,2,351,2.0,True,False,8
M10|C00017,mCherry-high,M10,M10_C00017,6,351,6.0,False,False,0
M10|C00017,mCherry-low,M10,M10_C00017,4,351,4.0,False,False,0
M10|C00017,mCherry-low,M10,M10_C00017,9,351,9.0,False,False,0
M10|C00017,mCherry-low,M10,M10_C00017,9,351,9.0,False,False,0
M10|C00017,mCherry-low,M10,M10_C00017,9,351,9.0,True,False,1
M10|C00017,mCherry-low,M10,M10_C00017,9,351,10.0,False,False,0
M10|C00018,mCherry-low,M10,M10_C00018,4,351,4.0,False,False,0
M10|C00018,mCherry-high,M10,M10_C00018,5,351,5.0,False,False,0
M10|C00018,mCherry-low,M10,M10_C00018,6,351,7.0,False,False,0
M10|C00018,mCherry-high,M10,M10_C00018,4,351,7.0,False,False,0
M10|C00018,mCherry-low,M10,M10_C00018,7,351,10.0,False,False,0
M10|C00018,mCherry-low,M10,M10_C00018,7,351,10.0,False,False,0
M10|C00018,mCherry-low,M10,M10_C00018,8,351,11.0,False,False,0
M10|C00019,mCherry-low,M10,M10_C00019,3,351,3.0,False,False,0
M10|C00019,mCherry-high,M10,M10_C00019,5,351,5.0,False,False,0
M10|C00019,mCherry-low,M10,M10_C00019,4,351,4.0,False,False,0
M10|C00019,mCherry-low,M10,M10_C00019,2,351,2.0,False,False,0
M10|C00019,mCherry-high,M10,M10_C00019,2,351,2.0,False,False,0
M10|C00019,mCherry-high,M10,M10_C00019,9,351,9.0,False,False,0
M10|C00019,mCherry-high,M10,M10_C00019,8,351,8.0,False,False,0
M10|C00020,mCherry-low,M10,M10_C00020,4,351,4.0,False,False,0
M10|C00020,mCherry-low,M10,M10_C00020,1,351,1.0,False,False,0
M10|C00020,mCherry-high,M10,M10_C00020,3,351,3.0,False,False,0
M10|C00020,mCherry-low,M10,M10_C00020,2,351,2.0,True,False,1
M10|C00020,mCherry-low,M10,M10_C00020,2,351,2.0,True,False,1
M10|C00020,mCherry-low,M10,M10_C00020,4,351,4.0,False,False,0
M10|C00021,mCherry-low,M10,M10_C00021,0,351,0.0,False,True,3
M10|C00021,mCherry-low,M10,M10_C00021,0,351,0.0,False,True,3
M10|C00021,mCherry-low,M10,M10_C00021,1,351,1.0,False,False,0
M10|C00021,mCherry-low,M10,M10_C00021,4,351,4.0,False,False,0
M10|C00021,mCherry-low,M10,M10_C00021,3,351,3.0,False,False,0
M10|C00022,mCherry-low,M10,M10_C00022,1,353,1.0,True,False,2
M10|C00022,mCherry-low,M10,M10_C00022,1,353,1.0,True,False,2
M10|C00022,mCherry-low,M10,M10_C00022,1,353,1.0,True,False,2
M10|C00022,mCherry-low,M10,M10_C00022,1,353,1.0,True,False,2
M10|C00022,mCherry-low,M10,M10_C00022,12,353,12.0,False,False,0
M10|C00022,mCherry-low,M10,M10_C00022,3,353,3.0,False,False,0
M10|C00026,mCherry-low,M10,M10_C00026,11,351,11.0,False,False,0
M10|C00026,mCherry-high,M10,M10_C00026,5,351,5.0,False,False,0
M10|C00026,mCherry-low,M10,M10_C00026,5,351,5.0,False,False,0
M10|C00026,mCherry-low,M10,M10_C00026,6,351,6.0,False,False,0
M10|C00026,mCherry-low,M10,M10_C00026,6,351,6.0,False,False,0
M10|C00027,mCherry-low,M10,M10_C00027,5,351,5.0,False,False,0
M10|C00027,mCherry-low,M10,M10_C00027,6,351,6.0,False,False,0
M10|C00027,mCherry-low,M10,M10_C00027,4,351,4.0,False,False,0
M10|C00027,mCherry-low,M10,M10_C00027,4,351,4.0,False,False,0
M10|C00029,mCherry-low,M10,M10_C00029,9,351,9.0,False,False,0
M10|C00029,mCherry-low,M10,M10_C00029,4,351,4.0,False,False,0
M10|C00029,mCherry-low,M10,M10_C00029,9,351,9.0,False,False,0
M10|C00029,mCherry-high,M10,M10_C00029,8,351,8.0,False,False,0
M10|C00030,mCherry-high,M10,M10_C00030,5,353,5.0,False,False,0
M10|C00030,mCherry-high,M10,M10_C00030,2,353,3.0,False,False,0
M10|C00030,mCherry-low,M10,M10_C00030,2,353,2.0,False,False,0
M10|C00030,mCherry-low,M10,M10_C00030,4,353,4.0,False,False,0
M10|C00031,mCherry-low,M10,M10_C00031,5,358,5.0,False,False,0
M10|C00031,mCherry-low,M10,M10_C00031,3,358,3.0,False,False,0
M10|C00031,mCherry-low,M10,M10_C00031,1,358,1.0,False,False,0
M10|C00031,mCherry-low,M10,M10_C00031,1,358,1.0,False,False,0
M10|C00032,mCherry-low,M10,M10_C00032,4,350,4.0,False,False,0
M10|C00032,mCherry-low,M10,M10_C00032,1,350,1.0,False,False,0
M10|C00032,mCherry-low,M10,M10_C00032,5,350,5.0,False,False,0
M10|C00032,mCherry-low,M10,M10_C00032,5,350,5.0,False,False,0
M10|C00033,mCherry-low,M10,M10_C00033,1,351,1.0,True,False,2
M10|C00033,mCherry-high,M10,M10_C00033,1,351,1.0,True,False,2
M10|C00033,mCherry-low,M10,M10_C00033,4,351,4.0,False,False,0
M10|C00033,mCherry-low,M10,M10_C00033,2,351,2.0,False,False,0
M10|C00034,mCherry-low,M10,M10_C00034,2,351,2.0,True,False,3
M10|C00034,mCherry-low,M10,M10_C00034,6,351,6.0,False,False,0
M10|C00034,mCherry-low,M10,M10_C00034,6,351,6.0,False,False,0
M10|C00035,mCherry-low,M10,M10_C00035,1,353,1.0,True,False,2
M10|C00035,mCherry-low,M10,M10_C00035,3,353,3.0,False,False,0
M10|C00035,mCherry-low,M10,M10_C00035,2,353,2.0,False,False,0
M10|C00036,mCherry-low,M10,M10_C00036,4,351,4.0,False,False,0
M10|C00036,mCherry-low,M10,M10_C00036,6,351,6.0,False,False,0
M10|C00036,mCherry-high,M10,M10_C00036,4,351,4.0,False,False,0
M10|C00038,mCherry-low,M10,M10_C00038,0,351,0.0,False,True,2
M10|C00038,mCherry-low,M10,M10_C00038,1,351,1.0,False,False,0
M10|C00038,mCherry-low,M10,M10_C00038,7,351,7.0,False,False,0
M10|C00040,mCherry-low,M10,M10_C00040,0,351,0.0,False,True,2
M10|C00040,mCherry-low,M10,M10_C00040,1,351,1.0,False,False,0
M10|C00040,mCherry-low,M10,M10_C00040,1,351,1.0,False,False,0
M10|C00041,mCherry-low,M10,M10_C00041,4,350,4.0,True,False,1
M10|C00041,mCherry-low,M10,M10_C00041,4,350,4.0,True,False,1
M10|C00041,mCherry-low,M10,M10_C00041,8,350,8.0,False,False,0
M1|C00005,mCherry-low,M1,M1_C00005,0,351,0.0,False,True,67
M1|C00005,mCherry-low,M1,M1_C00005,0,351,0.0,False,True,67
M1|C00005,mCherry-low,M1,M1_C00005,0,351,0.0,False,True,67
M1|C00005,mCherry-low,M1,M1_C00005,0,351,0.0,False,True,67
M1|C00005,mCherry-low,M1,M1_C00005,0,351,0.0,False,True,67
M1|C00005,mCherry-low,M1,M1_C00005,0,351,0.0,False,True,67
M1|C00005,mCherry-low,M1,M1_C00005,0,351,0.0,False,True,67
M1|C00005,mCherry-low,M1,M1_C00005,0,351,0.0,False,True,67
M1|C00005,mCherry-low,M1,M1_C00005,0,351,0.0,False,True,67
M1|C00005,mCherry-low,M1,M1_C00005,0,351,0.0,False,True,67
M1|C00005,mCherry-low,M1,M1_C00005,0,351,0.0,False,True,67
M1|C00005,mCherry-low,M1,M1_C00005,0,351,0.0,False,True,67
M1|C00005,mCherry-low,M1,M1_C00005,0,351,0.0,False,True,67
M1|C00005,mCherry-low,M1,M1_C00005,0,351,0.0,False,True,67
M1|C00005,mCherry-low,M1,M1_C00005,0,351,0.0,False,True,67
M1|C00005,mCherry-low,M1,M1_C00005,0,351,0.0,False,True,67
M1|C00005,mCherry-low,M1,M1_C00005,0,351,0.0,False,True,67
M1|C00005,mCherry-low,M1,M1_C00005,0,351,0.0,False,True,67
M1|C00005,mCherry-low,M1,M1_C00005,0,351,0.0,False,True,67
M1|C00005,mCherry-low,M1,M1_C00005,0,351,0.0,False,True,67
M1|C00005,mCherry-low,M1,M1_C00005,0,351,0.0,False,True,67
M1|C00005,mCherry-low,M1,M1_C00005,0,351,0.0,False,True,67
M1|C00005,mCherry-low,M1,M1_C00005,0,351,0.0,False,True,67
M1|C00005,mCherry-low,M1,M1_C00005,0,351,0.0,False,True,67
M1|C00005,mCherry-low,M1,M1_C00005,0,351,0.0,False,True,67
M1|C00005,mCherry-low,M1,M1_C00005,0,351,0.0,False,True,67
M1|C00005,mCherry-low,M1,M1_C00005,0,351,0.0,False,True,67
M1|C00005,mCherry-low,M1,M1_C00005,0,351,0.0,False,True,67
M1|C00005,mCherry-low,M1,M1_C00005,0,351,0.0,False,True,67
M1|C00005,mCherry-low,M1,M1_C00005,0,351,0.0,False,True,67
M1|C00005,mCherry-low,M1,M1_C00005,0,351,0.0,False,True,67
M1|C00005,mCherry-low,M1,M1_C00005,0,351,0.0,False,True,67
M1|C00005,mCherry-high,M1,M1_C00005,0,351,0.0,False,True,67
M1|C00005,mCherry-low,M1,M1_C00005,3,351,3.0,False,False,0
M1|C00005,mCherry-high,M1,M1_C00005,1,351,1.0,False,False,0
M1|C00005,mCherry-low,M1,M1_C00005,1,351,1.0,False,False,0
M1|C00005,mCherry-high,M1,M1_C00005,1,351,1.0,False,False,0
M1|C00005,mCherry-low,M1,M1_C00005,2,351,2.0,False,False,0
M1|C00005,mCherry-low,M1,M1_C00005,1,351,1.0,False,False,0
M1|C00005,mCherry-low,M1,M1_C00005,1,351,1.0,False,False,0
M1|C00005,mCherry-low,M1,M1_C00005,1,351,1.0,False,False,0
M1|C00005,mCherry-low,M1,M1_C00005,1,351,1.0,False,False,0
M1|C00005,mCherry-low,M1,M1_C00005,2,351,2.0,False,False,0
M1|C00005,mCherry-low,M1,M1_C00005,1,351,1.0,False,False,0
M1|C00005,mCherry-low,M1,M1_C00005,1,351,1.0,False,False,0
M1|C00005,mCherry-low,M1,M1_C00005,1,351,1.0,False,False,0
M1|C00005,mCherry-low,M1,M1_C00005,1,351,1.0,False,False,0
M1|C00005,mCherry-low,M1,M1_C00005,1,351,1.0,False,False,0
M1|C00005,mCherry-low,M1,M1_C00005,1,351,1.0,False,False,0
M1|C00005,mCherry-low,M1,M1_C00005,2,351,2.0,False,False,0
M1|C00005,mCherry-low,M1,M1_C00005,2,351,2.0,False,False,0
M1|C00005,mCherry-low,M1,M1_C00005,1,351,1.0,False,False,0
M1|C00005,mCherry-high,M1,M1_C00005,1,351,1.0,True,False,1
M1|C00005,mCherry-low,M1,M1_C00005,1,351,1.0,True,False,1
M1|C00005,mCherry-low,M1,M1_C00005,1,351,1.0,False,False,0
M1|C00005,mCherry-low,M1,M1_C00005,1,351,1.0,False,False,0
M1|C00005,mCherry-low,M1,M1_C00005,1,351,1.0,True,False,1
M1|C00005,mCherry-low,M1,M1_C00005,3,351,3.0,False,False,0
M1|C00005,mCherry-low,M1,M1_C00005,3,351,3.0,False,False,0
M1|C00005,mCherry-low,M1,M1_C00005,1,351,1.0,False,False,0
M1|C00005,mCherry-low,M1,M1_C00005,1,351,1.0,False,False,0
M1|C00005,mCherry-low,M1,M1_C00005,1,351,1.0,False,False,0
M1|C00005,mCherry-low,M1,M1_C00005,1,351,1.0,True,False,3
M1|C00005,mCherry-low,M1,M1_C00005,1,351,1.0,True,False,3
M1|C00005,mCherry-low,M1,M1_C00005,1,351,1.0,False,False,0
M1|C00005,mCherry-low,M1,M1_C00005,1,351,1.0,False,False,0
M1|C00005,mCherry-low,M1,M1_C00005,1,351,1.0,False,False,0
M1|C00005,mCherry-low,M1,M1_C00005,1,351,1.0,False,False,0
M1|C00005,mCherry-low,M1,M1_C00005,1,351,1.0,True,False,2
M1|C00005,mCherry-low,M1,M1_C00005,1,351,1.0,True,False,3
M1|C00005,mCherry-high,M1,M1_C00005,1,351,1.0,True,False,1
M1|C00005,mCherry-low,M1,M1_C00005,1,351,1.0,True,False,4
M1|C00005,mCherry-low,M1,M1_C00005,1,351,1.0,True,False,4
M1|C00005,mCherry-low,M1,M1_C00005,2,351,2.0,True,False,1
M1|C00005,mCherry-low,M1,M1_C00005,2,351,2.0,True,False,1
M1|C00005,mCherry-low,M1,M1_C00005,2,351,2.0,True,False,1
M1|C00005,mCherry-low,M1,M1_C00005,2,351,2.0,True,False,3
M1|C00005,mCherry-low,M1,M1_C00005,2,351,2.0,True,False,3
M1|C00005,mCherry-low,M1,M1_C00005,2,351,2.0,True,False,3
M1|C00005,mCherry-low,M1,M1_C00005,2,351,2.0,True,False,3
M1|C00005,mCherry-high,M1,M1_C00005,2,351,2.0,True,False,3
M1|C00005,mCherry-high,M1,M1_C00005,2,351,2.0,True,False,3
M1|C00005,mCherry-low,M1,M1_C00005,1,351,1.0,True,False,6
M1|C00005,mCherry-low,M1,M1_C00005,1,351,1.0,True,False,6
M1|C00005,mCherry-low,M1,M1_C00005,1,351,1.0,True,False,6
M1|C00005,mCherry-low,M1,M1_C00005,1,351,1.0,True,False,6
M1|C00005,mCherry-low,M1,M1_C00005,1,351,1.0,True,False,6
M1|C00005,mCherry-low,M1,M1_C00005,1,351,1.0,True,False,6
M1|C00005,mCherry-low,M1,M1_C00005,1,351,1.0,True,False,6
M1|C00005,mCherry-low,M1,M1_C00005,1,351,1.0,True,False,6
M1|C00005,mCherry-low,M1,M1_C00005,1,351,1.0,True,False,6
M1|C00005,mCherry-low,M1,M1_C00005,1,351,1.0,True,False,6
M1|C00005,mCherry-low,M1,M1_C00005,1,351,1.0,True,False,6
M1|C00005,mCherry-high,M1,M1_C00005,1,351,1.0,True,False,6
M1|C00005,mCherry-low,M1,M1_C00005,2,351,2.0,False,False,0
M1|C00005,mCherry-low,M1,M1_C00005,3,351,3.0,False,False,0
M1|C00005,mCherry-low,M1,M1_C00005,4,351,4.0,False,False,0
M1|C00005,mCherry-low,M1,M1_C00005,2,351,2.0,False,False,0
M1|C00005,mCherry-low,M1,M1_C00005,4,351,4.0,False,False,0
M1|C00005,mCherry-low,M1,M1_C00005,3,351,3.0,False,False,0
M1|C00005,mCherry-low,M1,M1_C00005,1,351,2.0,False,False,0
M1|C00005,mCherry-low,M1,M1_C00005,3,351,3.0,False,False,0
M1|C00005,mCherry-low,M1,M1_C00005,5,351,5.0,False,False,0
M1|C00005,mCherry-low,M1,M1_C00005,2,351,2.0,False,False,0
M1|C00005,mCherry-low,M1,M1_C00005,3,351,3.0,False,False,0
M1|C00005,mCherry-low,M1,M1_C00005,2,351,2.0,False,False,0
M1|C00005,mCherry-low,M1,M1_C00005,3,351,3.0,False,False,0
M1|C00005,mCherry-low,M1,M1_C00005,3,351,3.0,False,False,0
M1|C00005,mCherry-low,M1,M1_C00005,2,351,2.0,False,False,0
M1|C00005,mCherry-low,M1,M1_C00005,2,351,2.0,False,False,0
M1|C00005,mCherry-low,M1,M1_C00005,3,351,3.0,False,False,0
M1|C00005,mCherry-low,M1,M1_C00005,2,351,2.0,False,False,0
M1|C00005,mCherry-low,M1,M1_C00005,2,351,2.0,False,False,0
M1|C00005,mCherry-low,M1,M1_C00005,2,351,2.0,False,False,0
M1|C00005,mCherry-low,M1,M1_C00005,5,351,5.0,False,False,0
M1|C00005,mCherry-low,M1,M1_C00005,3,351,3.0,False,False,0
M1|C00005,mCherry-low,M1,M1_C00005,3,351,3.0,False,False,0
M1|C00005,mCherry-high,M1,M1_C00005,3,351,3.0,False,False,0
M1|C00005,mCherry-low,M1,M1_C00005,3,351,3.0,True,False,1
M1|C00005,mCherry-low,M1,M1_C00005,3,351,3.0,True,False,1
M1|C00005,mCherry-low,M1,M1_C00005,3,351,3.0,False,False,0
M1|C00005,mCherry-low,M1,M1_C00005,4,351,4.0,False,False,0
M1|C00005,mCherry-low,M1,M1_C00005,2,351,2.0,False,False,0
M1|C00005,mCherry-low,M1,M1_C00005,2,351,2.0,False,False,0
M1|C00005,mCherry-low,M1,M1_C00005,2,351,2.0,False,False,0
M1|C00005,mCherry-low,M1,M1_C00005,2,351,2.0,False,False,0
M1|C00005,mCherry-low,M1,M1_C00005,5,351,5.0,False,False,0
M1|C00005,mCherry-high,M1,M1_C00005,5,351,5.0,False,False,0
M1|C00005,mCherry-low,M1,M1_C00005,5,351,5.0,False,False,0
M1|C00008,mCherry-low,M1,M1_C00008,0,342,0.0,False,True,101
M1|C00008,mCherry-low,M1,M1_C00008,0,342,0.0,False,True,101
M1|C00008,mCherry-low,M1,M1_C00008,0,342,0.0,False,True,101
M1|C00008,mCherry-low,M1,M1_C00008,0,342,0.0,False,True,101
M1|C00008,mCherry-low,M1,M1_C00008,0,342,0.0,False,True,101
M1|C00008,mCherry-low,M1,M1_C00008,0,342,0.0,False,True,101
M1|C00008,mCherry-low,M1,M1_C00008,0,342,0.0,False,True,101
M1|C00008,mCherry-low,M1,M1_C00008,0,342,0.0,False,True,101
M1|C00008,mCherry-high,M1,M1_C00008,0,342,0.0,False,True,101
M1|C00008,mCherry-high,M1,M1_C00008,0,342,0.0,False,True,101
M1|C00008,mCherry-high,M1,M1_C00008,0,342,0.0,False,True,101
M1|C00008,mCherry-low,M1,M1_C00008,0,342,0.0,False,True,101
M1|C00008,mCherry-high,M1,M1_C00008,0,342,0.0,False,True,101
M1|C00008,mCherry-high,M1,M1_C00008,0,342,0.0,False,True,101
M1|C00008,mCherry-high,M1,M1_C00008,0,342,0.0,False,True,101
M1|C00008,mCherry-high,M1,M1_C00008,0,342,0.0,False,True,101
M1|C00008,mCherry-high,M1,M1_C00008,0,342,0.0,False,True,101
M1|C00008,mCherry-low,M1,M1_C00008,1,342,1.0,False,False,0
M1|C00008,mCherry-low,M1,M1_C00008,3,342,3.0,False,False,0
M1|C00008,mCherry-low,M1,M1_C00008,1,342,1.0,False,False,0
M1|C00008,mCherry-low,M1,M1_C00008,1,342,1.0,False,False,0
M1|C00008,mCherry-high,M1,M1_C00008,1,342,1.0,False,False,0
M1|C00008,mCherry-high,M1,M1_C00008,1,342,1.0,False,False,0
M1|C00008,mCherry-high,M1,M1_C00008,1,342,1.0,False,False,0
M1|C00008,mCherry-high,M1,M1_C00008,1,342,1.0,False,False,0
M1|C00008,mCherry-low,M1,M1_C00008,2,342,2.0,False,False,0
M1|C00008,mCherry-low,M1,M1_C00008,1,342,1.0,False,False,0
M1|C00008,mCherry-high,M1,M1_C00008,3,342,3.0,False,False,0
M1|C00008,mCherry-high,M1,M1_C00008,1,342,1.0,False,False,0
M1|C00008,mCherry-low,M1,M1_C00008,1,342,1.0,False,False,0
M1|C00008,mCherry-low,M1,M1_C00008,1,342,1.0,False,False,0
M1|C00008,mCherry-low,M1,M1_C00008,3,342,3.0,False,False,0
M1|C00008,mCherry-high,M1,M1_C00008,4,342,4.0,False,False,0
M1|C00008,mCherry-low,M1,M1_C00008,3,342,3.0,False,False,0
M1|C00008,mCherry-low,M1,M1_C00008,1,342,1.0,False,False,0
M1|C00008,mCherry-low,M1,M1_C00008,1,342,1.0,True,False,2
M1|C00008,mCherry-low,M1,M1_C00008,1,342,1.0,True,False,2
M1|C00008,mCherry-low,M1,M1_C00008,1,342,1.0,True,False,2
M1|C00008,mCherry-high,M1,M1_C00008,1,342,1.0,True,False,7
M1|C00008,mCherry-high,M1,M1_C00008,1,342,1.0,True,False,7
M1|C00008,mCherry-low,M1,M1_C00008,2,342,2.0,False,False,0
M1|C00008,mCherry-high,M1,M1_C00008,2,342,2.0,False,False,0
M1|C00008,mCherry-low,M1,M1_C00008,3,342,3.0,False,False,0
M1|C00008,mCherry-low,M1,M1_C00008,2,342,2.0,False,False,0
M1|C00008,mCherry-low,M1,M1_C00008,2,342,2.0,False,False,0
M1|C00008,mCherry-low,M1,M1_C00008,3,342,3.0,False,False,0
M1|C00008,mCherry-low,M1,M1_C00008,6,342,6.0,False,False,0
M1|C00008,mCherry-low,M1,M1_C00008,2,342,2.0,False,False,0
M1|C00008,mCherry-low,M1,M1_C00008,2,342,2.0,False,False,0
M1|C00008,mCherry-low,M1,M1_C00008,5,342,5.0,False,False,0
M1|C00008,mCherry-high,M1,M1_C00008,5,342,5.0,False,False,0
M1|C00008,mCherry-high,M1,M1_C00008,2,342,2.0,False,False,0
M1|C00008,mCherry-high,M1,M1_C00008,3,342,3.0,False,False,0
M1|C00008,mCherry-low,M1,M1_C00008,6,342,6.0,False,False,0
M1|C00008,mCherry-low,M1,M1_C00008,3,342,3.0,True,False,1
M1|C00008,mCherry-high,M1,M1_C00008,5,342,5.0,False,False,0
M1|C00008,mCherry-high,M1,M1_C00008,3,342,3.0,False,False,0
M1|C00008,mCherry-low,M1,M1_C00008,4,342,4.0,False,False,0
M1|C00008,mCherry-low,M1,M1_C00008,1,342,2.0,False,False,0
M1|C00008,mCherry-low,M1,M1_C00008,2,342,2.0,False,False,0
M1|C00008,mCherry-low,M1,M1_C00008,3,342,3.0,False,False,0
M1|C00008,mCherry-high,M1,M1_C00008,5,342,5.0,False,False,0
M1|C00008,mCherry-low,M1,M1_C00008,4,342,4.0,False,False,0
M1|C00008,mCherry-high,M1,M1_C00008,3,342,3.0,True,False,4
M1|C00008,mCherry-low,M1,M1_C00008,4,342,4.0,False,False,0
M1|C00008,mCherry-low,M1,M1_C00008,4,342,4.0,False,False,0
M1|C00008,mCherry-low,M1,M1_C00008,4,342,4.0,False,False,0
M1|C00008,mCherry-low,M1,M1_C00008,1,342,2.0,True,False,34
M1|C00008,mCherry-high,M1,M1_C00008,4,342,4.0,False,False,0
M1|C00008,mCherry-high,M1,M1_C00008,3,342,3.0,False,False,0
M1|C00008,mCherry-low,M1,M1_C00008,4,342,4.0,False,False,0
M1|C00008,mCherry-low,M1,M1_C00008,3,342,5.0,False,False,0
M1|C00008,mCherry-low,M1,M1_C00008,5,342,5.0,False,False,0
M1|C00008,mCherry-low,M1,M1_C00008,5,342,5.0,False,False,0
M1|C00008,mCherry-low,M1,M1_C00008,4,342,4.0,False,False,0
M1|C00008,mCherry-low,M1,M1_C00008,4,342,4.0,False,False,0
M1|C00008,mCherry-low,M1,M1_C00008,5,342,5.0,False,False,0
M1|C00008,mCherry-high,M1,M1_C00008,7,342,7.0,False,False,0
M1|C00008,mCherry-high,M1,M1_C00008,2,342,3.0,False,False,0
M1|C00008,mCherry-high,M1,M1_C00008,4,342,5.0,False,False,0
M1|C00008,mCherry-low,M1,M1_C00008,2,342,3.0,True,False,13
M1|C00008,mCherry-low,M1,M1_C00008,1,342,3.0,True,False,17
M1|C00008,mCherry-low,M1,M1_C00008,6,342,7.0,False,False,0
M1|C00008,mCherry-low,M1,M1_C00008,1,342,4.0,True,False,11
M1|C00008,mCherry-high,M1,M1_C00008,1,342,4.0,True,False,11
M1|C00008,mCherry-low,M1,M1_C00008,2,342,4.0,False,False,0
M1|C00008,mCherry-low,M1,M1_C00008,3,342,5.0,False,False,0
M1|C00008,mCherry-low,M1,M1_C00008,2,342,4.0,False,False,0
M1|C00008,mCherry-high,M1,M1_C00008,2,342,4.0,True,False,1
M1|C00008,mCherry-low,M1,M1_C00008,4,342,7.0,False,False,0
M1|C00008,mCherry-high,M1,M1_C00008,4,342,7.0,False,False,0
M1|C00008,mCherry-low,M1,M1_C00008,4,342,7.0,False,False,0
M1|C00008,mCherry-low,M1,M1_C00008,3,342,6.0,False,False,0
M1|C00008,mCherry-high,M1,M1_C00008,1,342,5.0,False,False,0
M1|C00008,mCherry-high,M1,M1_C00008,3,342,5.0,False,False,0
M1|C00008,mCherry-high,M1,M1_C00008,3,342,5.0,False,False,0
M1|C00008,mCherry-low,M1,M1_C00008,1,342,5.0,True,False,8
M1|C00008,mCherry-high,M1,M1_C00008,1,342,5.0,True,False,8
M1|C00008,mCherry-low,M1,M1_C00008,6,342,9.0,False,False,0
M1|C00008,mCherry-low,M1,M1_C00008,3,342,7.0,False,False,0
M1|C00008,mCherry-low,M1,M1_C00008,3,342,7.0,False,False,0
M1|C00008,mCherry-low,M1,M1_C00008,2,342,7.0,False,False,0
M1|C00008,mCherry-high,M1,M1_C00008,4,342,8.0,False,False,0
M1|C00008,mCherry-high,M1,M1_C00008,5,342,9.0,False,False,0
M1|C00008,mCherry-low,M1,M1_C00008,80,342,84.0,False,False,0
M1|C00008,mCherry-low,M1,M1_C00008,7,342,12.0,False,False,0
M1|C00008,mCherry-high,M1,M1_C00008,5,342,11.0,False,False,0
M1|C00008,mCherry-low,M1,M1_C00008,4,342,9.0,False,False,0
M1|C00009,mCherry-high,M1,M1_C00009,1,350,1.0,True,False,93
M1|C00009,mCherry-high,M1,M1_C00009,1,350,1.0,True,False,93
M1|C00009,mCherry-high,M1,M1_C00009,1,350,1.0,True,False,93
M1|C00009,mCherry-high,M1,M1_C00009,1,350,1.0,True,False,93
M1|C00009,mCherry-low,M1,M1_C00009,3,350,3.0,False,False,0
M1|C00009,mCherry-low,M1,M1_C00009,4,350,4.0,False,False,0
M1|C00009,mCherry-high,M1,M1_C00009,3,350,3.0,False,False,0
M1|C00009,mCherry-high,M1,M1_C00009,2,350,2.0,False,False,0
M1|C00009,mCherry-low,M1,M1_C00009,2,350,2.0,False,False,0
M1|C00009,mCherry-low,M1,M1_C00009,3,350,3.0,False,False,0
M1|C00009,mCherry-low,M1,M1_C00009,2,350,2.0,False,False,0
M1|C00009,mCherry-high,M1,M1_C00009,3,350,3.0,False,False,0
M1|C00009,mCherry-low,M1,M1_C00009,2,350,2.0,False,False,0
M1|C00009,mCherry-low,M1,M1_C00009,2,350,2.0,False,False,0
M1|C00009,mCherry-high,M1,M1_C00009,2,350,2.0,False,False,0
M1|C00009,mCherry-high,M1,M1_C00009,3,350,3.0,False,False,0
M1|C00009,mCherry-low,M1,M1_C00009,6,350,6.0,False,False,0
M1|C00009,mCherry-low,M1,M1_C00009,2,350,2.0,True,False,1
M1|C00009,mCherry-high,M1,M1_C00009,2,350,2.0,True,False,1
M1|C00009,mCherry-high,M1,M1_C00009,2,350,2.0,True,False,26
M1|C00009,mCherry-low,M1,M1_C00009,2,350,2.0,True,False,21
M1|C00009,mCherry-high,M1,M1_C00009,2,350,2.0,True,False,21
M1|C00009,mCherry-low,M1,M1_C00009,4,350,4.0,False,False,0
M1|C00009,mCherry-high,M1,M1_C00009,4,350,4.0,False,False,0
M1|C00009,mCherry-low,M1,M1_C00009,4,350,4.0,False,False,0
M1|C00009,mCherry-low,M1,M1_C00009,6,350,6.0,False,False,0
M1|C00009,mCherry-low,M1,M1_C00009,4,350,4.0,False,False,0
M1|C00009,mCherry-low,M1,M1_C00009,6,350,6.0,False,False,0
M1|C00009,mCherry-low,M1,M1_C00009,3,350,3.0,False,False,0
M1|C00009,mCherry-high,M1,M1_C00009,4,350,4.0,False,False,0
M1|C00009,mCherry-high,M1,M1_C00009,3,350,3.0,False,False,0
M1|C00009,mCherry-high,M1,M1_C00009,3,350,3.0,False,False,0
M1|C00009,mCherry-low,M1,M1_C00009,6,350,6.0,False,False,0
M1|C00009,mCherry-high,M1,M1_C00009,4,350,4.0,False,False,0
M1|C00009,mCherry-low,M1,M1_C00009,9,350,9.0,False,False,0
M1|C00009,mCherry-high,M1,M1_C00009,5,350,5.0,False,False,0
M1|C00009,mCherry-low,M1,M1_C00009,3,350,3.0,False,False,0
M1|C00009,mCherry-low,M1,M1_C00009,3,350,3.0,False,False,0
M1|C00009,mCherry-high,M1,M1_C00009,4,350,4.0,False,False,0
M1|C00009,mCherry-low,M1,M1_C00009,6,350,6.0,False,False,0
M1|C00009,mCherry-low,M1,M1_C00009,6,350,6.0,False,False,0
M1|C00009,mCherry-high,M1,M1_C00009,5,350,5.0,False,False,0
M1|C00009,mCherry-high,M1,M1_C00009,5,350,6.0,False,False,0
M1|C00009,mCherry-low,M1,M1_C00009,4,350,4.0,False,False,0
M1|C00009,mCherry-high,M1,M1_C00009,3,350,3.0,False,False,0
M1|C00009,mCherry-high,M1,M1_C00009,3,350,3.0,False,False,0
M1|C00009,mCherry-low,M1,M1_C00009,3,350,3.0,True,False,1
M1|C00009,mCherry-low,M1,M1_C00009,5,350,6.0,False,False,0
M1|C00009,mCherry-low,M1,M1_C00009,6,350,6.0,False,False,0
M1|C00009,mCherry-low,M1,M1_C00009,4,350,4.0,False,False,0
M1|C00009,mCherry-low,M1,M1_C00009,5,350,5.0,False,False,0
M1|C00009,mCherry-low,M1,M1_C00009,2,350,4.0,False,False,0
M1|C00009,mCherry-low,M1,M1_C00009,6,350,6.0,False,False,0
M1|C00009,mCherry-low,M1,M1_C00009,7,350,7.0,False,False,0
M1|C00009,mCherry-high,M1,M1_C00009,5,350,5.0,False,False,0
M1|C00009,mCherry-low,M1,M1_C00009,7,350,7.0,False,False,0
M1|C00009,mCherry-low,M1,M1_C00009,2,350,4.0,True,False,10
M1|C00009,mCherry-low,M1,M1_C00009,5,350,5.0,False,False,0
M1|C00009,mCherry-low,M1,M1_C00009,10,350,10.0,False,False,0
M1|C00009,mCherry-low,M1,M1_C00009,5,350,5.0,False,False,0
M1|C00009,mCherry-high,M1,M1_C00009,3,350,5.0,False,False,0
M1|C00009,mCherry-low,M1,M1_C00009,4,350,6.0,False,False,0
M1|C00009,mCherry-high,M1,M1_C00009,3,350,4.0,False,False,0
M1|C00009,mCherry-low,M1,M1_C00009,6,350,7.0,False,False,0
M1|C00009,mCherry-high,M1,M1_C00009,9,350,9.0,False,False,0
M1|C00009,mCherry-low,M1,M1_C00009,6,350,7.0,False,False,0
M1|C00009,mCherry-low,M1,M1_C00009,4,350,4.0,False,False,0
M1|C00009,mCherry-low,M1,M1_C00009,5,350,5.0,False,False,0
M1|C00009,mCherry-low,M1,M1_C00009,2,350,4.0,True,False,1
M1|C00009,mCherry-low,M1,M1_C00009,2,350,4.0,True,False,1
M1|C00009,mCherry-low,M1,M1_C00009,4,350,5.0,False,False,0
M1|C00009,mCherry-low,M1,M1_C00009,4,350,6.0,False,False,0
M1|C00009,mCherry-high,M1,M1_C00009,3,350,5.0,False,False,0
M1|C00009,mCherry-low,M1,M1_C00009,5,350,7.0,False,False,0
M1|C00009,mCherry-high,M1,M1_C00009,6,350,9.0,False,False,0
M1|C00009,mCherry-low,M1,M1_C00009,4,350,6.0,False,False,0
M1|C00009,mCherry-high,M1,M1_C00009,3,350,6.0,False,False,0
M1|C00009,mCherry-low,M1,M1_C00009,6,350,9.0,False,False,0
M1|C00009,mCherry-low,M1,M1_C00009,4,350,6.0,False,False,0
M1|C00009,mCherry-low,M1,M1_C00009,6,350,8.0,False,False,0
M1|C00009,mCherry-low,M1,M1_C00009,8,350,10.0,False,False,0
M1|C00009,mCherry-low,M1,M1_C00009,9,350,12.0,False,False,0
M1|C00010,mCherry-low,M1,M1_C00010,0,351,0.0,False,True,66
M1|C00010,mCherry-low,M1,M1_C00010,0,351,0.0,False,True,66
M1|C00010,mCherry-low,M1,M1_C00010,0,351,0.0,False,True,66
M1|C00010,mCherry-low,M1,M1_C00010,0,351,0.0,False,True,66
M1|C00010,mCherry-low,M1,M1_C00010,0,351,0.0,False,True,66
M1|C00010,mCherry-high,M1,M1_C00010,0,351,0.0,False,True,66
M1|C00010,mCherry-high,M1,M1_C00010,0,351,0.0,False,True,66
M1|C00010,mCherry-low,M1,M1_C00010,2,351,2.0,False,False,0
M1|C00010,mCherry-low,M1,M1_C00010,1,351,1.0,False,False,0
M1|C00010,mCherry-low,M1,M1_C00010,1,351,1.0,False,False,0
M1|C00010,mCherry-high,M1,M1_C00010,1,351,1.0,False,False,0
M1|C00010,mCherry-high,M1,M1_C00010,1,351,1.0,False,False,0
M1|C00010,mCherry-low,M1,M1_C00010,3,351,3.0,False,False,0
M1|C00010,mCherry-high,M1,M1_C00010,1,351,1.0,False,False,0
M1|C00010,mCherry-low,M1,M1_C00010,2,351,2.0,False,False,0
M1|C00010,mCherry-low,M1,M1_C00010,5,351,5.0,False,False,0
M1|C00010,mCherry-high,M1,M1_C00010,3,351,3.0,False,False,0
M1|C00010,mCherry-high,M1,M1_C00010,1,351,1.0,True,False,1
M1|C00010,mCherry-high,M1,M1_C00010,1,351,1.0,True,False,3
M1|C00010,mCherry-low,M1,M1_C00010,2,351,2.0,True,False,6
M1|C00010,mCherry-low,M1,M1_C00010,2,351,2.0,True,False,6
M1|C00010,mCherry-low,M1,M1_C00010,1,351,1.0,True,False,7
M1|C00010,mCherry-low,M1,M1_C00010,1,351,1.0,True,False,7
M1|C00010,mCherry-high,M1,M1_C00010,1,351,1.0,True,False,7
M1|C00010,mCherry-high,M1,M1_C00010,7,351,7.0,False,False,0
M1|C00010,mCherry-low,M1,M1_C00010,6,351,6.0,False,False,0
M1|C00010,mCherry-high,M1,M1_C00010,5,351,5.0,False,False,0
M1|C00010,mCherry-high,M1,M1_C00010,6,351,6.0,False,False,0
M1|C00010,mCherry-high,M1,M1_C00010,3,351,3.0,False,False,0
M1|C00010,mCherry-high,M1,M1_C00010,4,351,4.0,False,False,0
M1|C00010,mCherry-high,M1,M1_C00010,5,351,5.0,False,False,0
M1|C00010,mCherry-high,M1,M1_C00010,3,351,3.0,False,False,0
M1|C00010,mCherry-low,M1,M1_C00010,2,351,2.0,False,False,0
M1|C00010,mCherry-high,M1,M1_C00010,6,351,6.0,False,False,0
M1|C00010,mCherry-low,M1,M1_C00010,4,351,4.0,False,False,0
M1|C00010,mCherry-low,M1,M1_C00010,3,351,3.0,False,False,0
M1|C00010,mCherry-low,M1,M1_C00010,4,351,4.0,False,False,0
M1|C00010,mCherry-high,M1,M1_C00010,9,351,9.0,False,False,0
M1|C00010,mCherry-high,M1,M1_C00010,4,351,4.0,False,False,0
M1|C00010,mCherry-high,M1,M1_C00010,4,351,4.0,False,False,0
M1|C00010,mCherry-low,M1,M1_C00010,4,351,4.0,False,False,0
M1|C00010,mCherry-high,M1,M1_C00010,7,351,7.0,False,False,0
M1|C00010,mCherry-high,M1,M1_C00010,3,351,3.0,False,False,0
M1|C00010,mCherry-low,M1,M1_C00010,5,351,5.0,False,False,0
M1|C00010,mCherry-high,M1,M1_C00010,5,351,5.0,False,False,0
M1|C00010,mCherry-low,M1,M1_C00010,2,351,2.0,False,False,0
M1|C00010,mCherry-low,M1,M1_C00010,2,351,2.0,False,False,0
M1|C00010,mCherry-low,M1,M1_C00010,3,351,3.0,False,False,0
M1|C00010,mCherry-low,M1,M1_C00010,3,351,3.0,False,False,0
M1|C00010,mCherry-low,M1,M1_C00010,3,351,3.0,False,False,0
M1|C00010,mCherry-high,M1,M1_C00010,1,351,2.0,False,False,0
M1|C00010,mCherry-high,M1,M1_C00010,4,351,4.0,False,False,0
M1|C00010,mCherry-high,M1,M1_C00010,4,351,4.0,False,False,0
M1|C00010,mCherry-low,M1,M1_C00010,2,351,2.0,True,False,5
M1|C00010,mCherry-low,M1,M1_C00010,2,351,2.0,True,False,5
M1|C00010,mCherry-low,M1,M1_C00010,2,351,2.0,True,False,5
M1|C00010,mCherry-low,M1,M1_C00010,2,351,2.0,True,False,5
M1|C00010,mCherry-low,M1,M1_C00010,2,351,2.0,True,False,5
M1|C00010,mCherry-low,M1,M1_C00010,2,351,2.0,True,False,5
M1|C00010,mCherry-low,M1,M1_C00010,3,351,3.0,False,False,0
M1|C00010,mCherry-low,M1,M1_C00010,2,351,2.0,False,False,0
M1|C00010,mCherry-low,M1,M1_C00010,2,351,2.0,False,False,0
M1|C00010,mCherry-high,M1,M1_C00010,2,351,2.0,False,False,0
M1|C00010,mCherry-low,M1,M1_C00010,3,351,3.0,True,False,4
M1|C00010,mCherry-low,M1,M1_C00010,3,351,3.0,True,False,4
M1|C00010,mCherry-low,M1,M1_C00010,3,351,3.0,True,False,4
M1|C00010,mCherry-low,M1,M1_C00010,3,351,3.0,True,False,4
M1|C00010,mCherry-high,M1,M1_C00010,3,351,3.0,True,False,4
M1|C00010,mCherry-low,M1,M1_C00010,4,351,4.0,False,False,0
M1|C00010,mCherry-high,M1,M1_C00010,5,351,7.0,False,False,0
M1|C00010,mCherry-low,M1,M1_C00010,4,351,4.0,False,False,0
M1|C00010,mCherry-low,M1,M1_C00010,4,351,4.0,False,False,0
M1|C00010,mCherry-low,M1,M1_C00010,5,351,5.0,False,False,0
M1|C00010,mCherry-low,M1,M1_C00010,4,351,4.0,False,False,0
M1|C00010,mCherry-low,M1,M1_C00010,3,351,3.0,False,False,0
M1|C00010,mCherry-low,M1,M1_C00010,3,351,3.0,False,False,0
M1|C00010,mCherry-low,M1,M1_C00010,5,351,5.0,False,False,0
M1|C00010,mCherry-low,M1,M1_C00010,8,351,8.0,False,False,0
M1|C00010,mCherry-low,M1,M1_C00010,4,351,4.0,False,False,0
M1|C00010,mCherry-low,M1,M1_C00010,6,351,6.0,False,False,0
M1|C00011,mCherry-low,M1,M1_C00011,0,351,0.0,False,True,59
M1|C00011,mCherry-low,M1,M1_C00011,0,351,0.0,False,True,59
M1|C00011,mCherry-low,M1,M1_C00011,0,351,0.0,False,True,59
M1|C00011,mCherry-low,M1,M1_C00011,0,351,0.0,False,True,59
M1|C00011,mCherry-low,M1,M1_C00011,0,351,0.0,False,True,59
M1|C00011,mCherry-low,M1,M1_C00011,0,351,0.0,False,True,59
M1|C00011,mCherry-low,M1,M1_C00011,0,351,0.0,False,True,59
M1|C00011,mCherry-high,M1,M1_C00011,0,351,0.0,False,True,59
M1|C00011,mCherry-high,M1,M1_C00011,0,351,0.0,False,True,59
M1|C00011,mCherry-high,M1,M1_C00011,0,351,0.0,False,True,59
M1|C00011,mCherry-high,M1,M1_C00011,0,351,0.0,False,True,59
M1|C00011,mCherry-high,M1,M1_C00011,0,351,0.0,False,True,59
M1|C00011,mCherry-high,M1,M1_C00011,0,351,0.0,False,True,59
M1|C00011,mCherry-high,M1,M1_C00011,0,351,0.0,False,True,59
M1|C00011,mCherry-high,M1,M1_C00011,0,351,0.0,False,True,59
M1|C00011,mCherry-high,M1,M1_C00011,0,351,0.0,False,True,59
M1|C00011,mCherry-high,M1,M1_C00011,0,351,0.0,False,True,59
M1|C00011,mCherry-high,M1,M1_C00011,0,351,0.0,False,True,59
M1|C00011,mCherry-high,M1,M1_C00011,0,351,0.0,False,True,59
M1|C00011,mCherry-high,M1,M1_C00011,0,351,0.0,False,True,59
M1|C00011,mCherry-high,M1,M1_C00011,0,351,0.0,False,True,59
M1|C00011,mCherry-high,M1,M1_C00011,2,351,2.0,False,False,0
M1|C00011,mCherry-high,M1,M1_C00011,4,351,4.0,False,False,0
M1|C00011,mCherry-low,M1,M1_C00011,1,351,1.0,False,False,0
M1|C00011,mCherry-low,M1,M1_C00011,1,351,1.0,False,False,0
M1|C00011,mCherry-low,M1,M1_C00011,1,351,1.0,False,False,0
M1|C00011,mCherry-low,M1,M1_C00011,1,351,1.0,False,False,0
M1|C00011,mCherry-high,M1,M1_C00011,1,351,1.0,False,False,0
M1|C00011,mCherry-high,M1,M1_C00011,1,351,1.0,False,False,0
M1|C00011,mCherry-high,M1,M1_C00011,1,351,1.0,False,False,0
M1|C00011,mCherry-low,M1,M1_C00011,2,351,2.0,False,False,0
M1|C00011,mCherry-high,M1,M1_C00011,1,351,1.0,False,False,0
M1|C00011,mCherry-low,M1,M1_C00011,1,351,1.0,False,False,0
M1|C00011,mCherry-low,M1,M1_C00011,1,351,1.0,False,False,0
M1|C00011,mCherry-high,M1,M1_C00011,2,351,2.0,False,False,0
M1|C00011,mCherry-high,M1,M1_C00011,3,351,3.0,False,False,0
M1|C00011,mCherry-high,M1,M1_C00011,1,351,1.0,False,False,0
M1|C00011,mCherry-high,M1,M1_C00011,3,351,3.0,False,False,0
M1|C00011,mCherry-low,M1,M1_C00011,1,351,1.0,False,False,0
M1|C00011,mCherry-low,M1,M1_C00011,3,351,3.0,False,False,0
M1|C00011,mCherry-high,M1,M1_C00011,1,351,1.0,False,False,0
M1|C00011,mCherry-low,M1,M1_C00011,4,351,4.0,False,False,0
M1|C00011,mCherry-high,M1,M1_C00011,1,351,1.0,True,False,1
M1|C00011,mCherry-low,M1,M1_C00011,1,351,1.0,True,False,1
M1|C00011,mCherry-high,M1,M1_C00011,1,351,1.0,True,False,1
M1|C00011,mCherry-high,M1,M1_C00011,1,351,1.0,True,False,1
M1|C00011,mCherry-high,M1,M1_C00011,1,351,1.0,True,False,1
M1|C00011,mCherry-high,M1,M1_C00011,1,351,1.0,True,False,1
M1|C00011,mCherry-low,M1,M1_C00011,1,351,1.0,True,False,4
M1|C00011,mCherry-high,M1,M1_C00011,1,351,1.0,True,False,7
M1|C00011,mCherry-low,M1,M1_C00011,2,351,2.0,True,False,8
M1|C00011,mCherry-low,M1,M1_C00011,2,351,2.0,True,False,8
M1|C00011,mCherry-high,M1,M1_C00011,7,351,7.0,False,False,0
M1|C00011,mCherry-low,M1,M1_C00011,3,351,3.0,False,False,0
M1|C00011,mCherry-high,M1,M1_C00011,8,351,8.0,False,False,0
M1|C00011,mCherry-high,M1,M1_C00011,4,351,4.0,False,False,0
M1|C00011,mCherry-high,M1,M1_C00011,4,351,4.0,False,False,0
M1|C00011,mCherry-low,M1,M1_C00011,5,351,5.0,False,False,0
M1|C00011,mCherry-high,M1,M1_C00011,4,351,4.0,False,False,0
M1|C00011,mCherry-high,M1,M1_C00011,5,351,5.0,False,False,0
M1|C00011,mCherry-low,M1,M1_C00011,3,351,3.0,False,False,0
M1|C00011,mCherry-high,M1,M1_C00011,4,351,4.0,False,False,0
M1|C00011,mCherry-low,M1,M1_C00011,4,351,4.0,False,False,0
M1|C00011,mCherry-low,M1,M1_C00011,2,351,2.0,False,False,0
M1|C00011,mCherry-low,M1,M1_C00011,2,351,2.0,False,False,0
M1|C00011,mCherry-low,M1,M1_C00011,4,351,4.0,False,False,0
M1|C00011,mCherry-high,M1,M1_C00011,2,351,2.0,False,False,0
M1|C00011,mCherry-low,M1,M1_C00011,3,351,3.0,False,False,0
M1|C00011,mCherry-low,M1,M1_C00011,4,351,4.0,False,False,0
M1|C00011,mCherry-low,M1,M1_C00011,4,351,4.0,False,False,0
M1|C00011,mCherry-high,M1,M1_C00011,3,351,3.0,False,False,0
M1|C00011,mCherry-low,M1,M1_C00011,5,351,5.0,False,False,0
M1|C00011,mCherry-low,M1,M1_C00011,5,351,5.0,False,False,0
M1|C00011,mCherry-low,M1,M1_C00011,3,351,3.0,True,False,1
M1|C00011,mCherry-low,M1,M1_C00011,5,351,5.0,False,False,0
M1|C00011,mCherry-high,M1,M1_C00011,4,351,4.0,False,False,0
M1|C00011,mCherry-high,M1,M1_C00011,5,351,5.0,False,False,0
M1|C00011,mCherry-high,M1,M1_C00011,5,351,5.0,False,False,0
M1|C00011,mCherry-low,M1,M1_C00011,5,351,5.0,False,False,0
M1|C00012,mCherry-high,M1,M1_C00012,0,339,0.0,False,True,63
M1|C00012,mCherry-high,M1,M1_C00012,0,339,0.0,False,True,63
M1|C00012,mCherry-high,M1,M1_C00012,0,339,0.0,False,True,63
M1|C00012,mCherry-high,M1,M1_C00012,0,339,0.0,False,True,63
M1|C00012,mCherry-high,M1,M1_C00012,0,339,0.0,False,True,63
M1|C00012,mCherry-high,M1,M1_C00012,0,339,0.0,False,True,63
M1|C00012,mCherry-high,M1,M1_C00012,0,339,0.0,False,True,63
M1|C00012,mCherry-high,M1,M1_C00012,2,339,2.0,False,False,0
M1|C00012,mCherry-high,M1,M1_C00012,2,339,2.0,False,False,0
M1|C00012,mCherry-high,M1,M1_C00012,1,339,1.0,False,False,0
M1|C00012,mCherry-high,M1,M1_C00012,3,339,3.0,False,False,0
M1|C00012,mCherry-high,M1,M1_C00012,1,339,1.0,False,False,0
M1|C00012,mCherry-high,M1,M1_C00012,2,339,2.0,False,False,0
M1|C00012,mCherry-high,M1,M1_C00012,1,339,1.0,False,False,0
M1|C00012,mCherry-high,M1,M1_C00012,1,339,1.0,False,False,0
M1|C00012,mCherry-high,M1,M1_C00012,1,339,1.0,False,False,0
M1|C00012,mCherry-high,M1,M1_C00012,1,339,1.0,True,False,1
M1|C00012,mCherry-high,M1,M1_C00012,1,339,1.0,True,False,2
M1|C00012,mCherry-high,M1,M1_C00012,1,339,1.0,True,False,2
M1|C00012,mCherry-low,M1,M1_C00012,1,339,1.0,True,False,4
M1|C00012,mCherry-high,M1,M1_C00012,1,339,1.0,True,False,6
M1|C00012,mCherry-high,M1,M1_C00012,1,339,1.0,True,False,8
M1|C00012,mCherry-high,M1,M1_C00012,1,339,1.0,True,False,18
M1|C00012,mCherry-high,M1,M1_C00012,1,339,1.0,True,False,18
M1|C00012,mCherry-high,M1,M1_C00012,1,339,1.0,True,False,18
M1|C00012,mCherry-high,M1,M1_C00012,1,339,1.0,True,False,18
M1|C00012,mCherry-high,M1,M1_C00012,1,339,1.0,True,False,18
M1|C00012,mCherry-low,M1,M1_C00012,2,339,2.0,False,False,0
M1|C00012,mCherry-high,M1,M1_C00012,2,339,2.0,False,False,0
M1|C00012,mCherry-high,M1,M1_C00012,2,339,2.0,False,False,0
M1|C00012,mCherry-high,M1,M1_C00012,4,339,4.0,False,False,0
M1|C00012,mCherry-high,M1,M1_C00012,2,339,2.0,False,False,0
M1|C00012,mCherry-high,M1,M1_C00012,5,339,5.0,False,False,0
M1|C00012,mCherry-low,M1,M1_C00012,2,339,2.0,True,False,1
M1|C00012,mCherry-high,M1,M1_C00012,3,339,3.0,False,False,0
M1|C00012,mCherry-high,M1,M1_C00012,4,339,4.0,False,False,0
M1|C00012,mCherry-high,M1,M1_C00012,2,339,2.0,False,False,0
M1|C00012,mCherry-high,M1,M1_C00012,3,339,3.0,False,False,0
M1|C00012,mCherry-high,M1,M1_C00012,5,339,5.0,False,False,0
M1|C00012,mCherry-high,M1,M1_C00012,3,339,3.0,False,False,0
M1|C00012,mCherry-high,M1,M1_C00012,4,339,4.0,False,False,0
M1|C00012,mCherry-high,M1,M1_C00012,7,339,7.0,False,False,0
M1|C00012,mCherry-high,M1,M1_C00012,2,339,2.0,False,False,0
M1|C00012,mCherry-high,M1,M1_C00012,2,339,2.0,False,False,0
M1|C00012,mCherry-high,M1,M1_C00012,4,339,5.0,False,False,0
M1|C00012,mCherry-high,M1,M1_C00012,3,339,3.0,True,False,6
M1|C00012,mCherry-high,M1,M1_C00012,3,339,3.0,True,False,6
M1|C00012,mCherry-high,M1,M1_C00012,3,339,3.0,True,False,6
M1|C00012,mCherry-high,M1,M1_C00012,3,339,3.0,False,False,0
M1|C00012,mCherry-low,M1,M1_C00012,2,339,2.0,False,False,0
M1|C00012,mCherry-high,M1,M1_C00012,5,339,5.0,False,False,0
M1|C00012,mCherry-high,M1,M1_C00012,8,339,8.0,False,False,0
M1|C00012,mCherry-low,M1,M1_C00012,2,339,2.0,True,False,1
M1|C00012,mCherry-low,M1,M1_C00012,2,339,2.0,True,False,1
M1|C00012,mCherry-low,M1,M1_C00012,2,339,2.0,True,False,1
M1|C00012,mCherry-low,M1,M1_C00012,2,339,2.0,True,False,1
M1|C00012,mCherry-high,M1,M1_C00012,2,339,2.0,True,False,1
M1|C00012,mCherry-high,M1,M1_C00012,3,339,3.0,False,False,0
M1|C00012,mCherry-high,M1,M1_C00012,7,339,8.0,False,False,0
M1|C00012,mCherry-high,M1,M1_C00012,7,339,7.0,False,False,0
M1|C00012,mCherry-high,M1,M1_C00012,7,339,7.0,False,False,0
M1|C00012,mCherry-high,M1,M1_C00012,5,339,5.0,False,False,0
M1|C00012,mCherry-low,M1,M1_C00012,58,339,58.0,False,False,0
M1|C00012,mCherry-low,M1,M1_C00012,6,339,6.0,False,False,0
M1|C00012,mCherry-low,M1,M1_C00012,7,339,7.0,False,False,0
M1|C00012,mCherry-low,M1,M1_C00012,4,339,4.0,True,False,1
M1|C00012,mCherry-high,M1,M1_C00012,5,339,6.0,False,False,0
M1|C00012,mCherry-low,M1,M1_C00012,4,339,4.0,False,False,0
M1|C00012,mCherry-high,M1,M1_C00012,4,339,4.0,False,False,0
M1|C00012,mCherry-high,M1,M1_C00012,10,339,10.0,False,False,0
M1|C00012,mCherry-low,M1,M1_C00012,4,339,5.0,False,False,0
M1|C00012,mCherry-high,M1,M1_C00012,6,339,6.0,False,False,0
M1|C00012,mCherry-high,M1,M1_C00012,7,339,7.0,False,False,0
M1|C00012,mCherry-high,M1,M1_C00012,4,339,5.0,False,False,0
M1|C00012,mCherry-high,M1,M1_C00012,11,339,12.0,False,False,0
M1|C00012,mCherry-high,M1,M1_C00012,1,339,4.0,False,False,0
M1|C00013,mCherry-low,M1,M1_C00013,2,359,2.0,True,False,27
M1|C00013,mCherry-low,M1,M1_C00013,4,359,4.0,False,False,0
M1|C00013,mCherry-low,M1,M1_C00013,5,359,5.0,False,False,0
M1|C00013,mCherry-high,M1,M1_C00013,4,359,4.0,False,False,0
M1|C00013,mCherry-low,M1,M1_C00013,4,359,4.0,False,False,0
M1|C00013,mCherry-low,M1,M1_C00013,7,359,7.0,False,False,0
M1|C00013,mCherry-low,M1,M1_C00013,6,359,6.0,False,False,0
M1|C00013,mCherry-low,M1,M1_C00013,5,359,5.0,False,False,0
M1|C00013,mCherry-low,M1,M1_C00013,5,359,5.0,False,False,0
M1|C00013,mCherry-low,M1,M1_C00013,4,359,4.0,True,False,2
M1|C00013,mCherry-low,M1,M1_C00013,5,359,5.0,False,False,0
M1|C00013,mCherry-low,M1,M1_C00013,5,359,5.0,True,False,6
M1|C00013,mCherry-low,M1,M1_C00013,5,359,5.0,True,False,6
M1|C00013,mCherry-low,M1,M1_C00013,5,359,5.0,True,False,6
M1|C00013,mCherry-low,M1,M1_C00013,5,359,5.0,True,False,6
M1|C00013,mCherry-low,M1,M1_C00013,5,359,5.0,True,False,6
M1|C00013,mCherry-low,M1,M1_C00013,8,359,8.0,False,False,0
M1|C00013,mCherry-low,M1,M1_C00013,5,359,5.0,False,False,0
M1|C00013,mCherry-low,M1,M1_C00013,10,359,10.0,False,False,0
M1|C00013,mCherry-low,M1,M1_C00013,8,359,8.0,False,False,0
M1|C00013,mCherry-low,M1,M1_C00013,8,359,8.0,False,False,0
M1|C00013,mCherry-low,M1,M1_C00013,7,359,7.0,False,False,0
M1|C00013,mCherry-low,M1,M1_C00013,7,359,7.0,False,False,0
M1|C00013,mCherry-low,M1,M1_C00013,7,359,7.0,False,False,0
M1|C00013,mCherry-low,M1,M1_C00013,6,359,6.0,False,False,0
M1|C00013,mCherry-low,M1,M1_C00013,9,359,9.0,False,False,0
M1|C00013,mCherry-low,M1,M1_C00013,8,359,8.0,False,False,0
M1|C00014,mCherry-low,M1,M1_C00014,4,351,4.0,True,False,1
M1|C00014,mCherry-low,M1,M1_C00014,4,351,4.0,True,False,1
M1|C00014,mCherry-low,M1,M1_C00014,2,351,2.0,True,False,22
M1|C00014,mCherry-low,M1,M1_C00014,2,351,2.0,True,False,22
M1|C00014,mCherry-low,M1,M1_C00014,2,351,2.0,True,False,22
M1|C00014,mCherry-low,M1,M1_C00014,2,351,2.0,True,False,22
M1|C00014,mCherry-low,M1,M1_C00014,2,351,2.0,True,False,22
M1|C00014,mCherry-low,M1,M1_C00014,2,351,2.0,True,False,22
M1|C00014,mCherry-high,M1,M1_C00014,2,351,2.0,True,False,22
M1|C00014,mCherry-high,M1,M1_C00014,2,351,2.0,True,False,22
M1|C00014,mCherry-high,M1,M1_C00014,2,351,2.0,True,False,22
M1|C00014,mCherry-high,M1,M1_C00014,2,351,2.0,True,False,22
M1|C00014,mCherry-high,M1,M1_C00014,2,351,2.0,True,False,22
M1|C00014,mCherry-high,M1,M1_C00014,169,351,171.0,False,False,0
M1|C00014,mCherry-low,M1,M1_C00014,4,351,4.0,False,False,0
M1|C00014,mCherry-low,M1,M1_C00014,3,351,3.0,False,False,0
M1|C00014,mCherry-high,M1,M1_C00014,3,351,3.0,False,False,0
M1|C00014,mCherry-low,M1,M1_C00014,4,351,4.0,False,False,0
M1|C00014,mCherry-low,M1,M1_C00014,3,351,3.0,False,False,0
M1|C00014,mCherry-low,M1,M1_C00014,5,351,5.0,False,False,0
M1|C00014,mCherry-high,M1,M1_C00014,3,351,3.0,False,False,0
M1|C00014,mCherry-low,M1,M1_C00014,4,351,4.0,False,False,0
M1|C00014,mCherry-high,M1,M1_C00014,3,351,3.0,False,False,0
M1|C00014,mCherry-low,M1,M1_C00014,4,351,4.0,False,False,0
M1|C00014,mCherry-low,M1,M1_C00014,3,351,3.0,True,False,1
M1|C00014,mCherry-low,M1,M1_C00014,3,351,3.0,True,False,1
M1|C00014,mCherry-low,M1,M1_C00014,5,351,5.0,False,False,0
M1|C00014,mCherry-low,M1,M1_C00014,5,351,5.0,False,False,0
M1|C00014,mCherry-low,M1,M1_C00014,10,351,10.0,False,False,0
M1|C00014,mCherry-high,M1,M1_C00014,4,351,4.0,False,False,0
M1|C00014,mCherry-high,M1,M1_C00014,7,351,7.0,False,False,0
M1|C00014,mCherry-low,M1,M1_C00014,4,351,4.0,False,False,0
M1|C00014,mCherry-low,M1,M1_C00014,4,351,4.0,False,False,0
M1|C00014,mCherry-high,M1,M1_C00014,7,351,7.0,False,False,0
M1|C00014,mCherry-high,M1,M1_C00014,7,351,7.0,False,False,0
M1|C00015,mCherry-low,M1,M1_C00015,0,351,0.0,False,True,25
M1|C00015,mCherry-low,M1,M1_C00015,0,351,0.0,False,True,25
M1|C00015,mCherry-high,M1,M1_C00015,0,351,0.0,False,True,25
M1|C00015,mCherry-high,M1,M1_C00015,0,351,0.0,False,True,25
M1|C00015,mCherry-high,M1,M1_C00015,0,351,0.0,False,True,25
M1|C00015,mCherry-high,M1,M1_C00015,4,351,4.0,False,False,0
M1|C00015,mCherry-high,M1,M1_C00015,1,351,1.0,False,False,0
M1|C00015,mCherry-high,M1,M1_C00015,4,351,4.0,False,False,0
M1|C00015,mCherry-low,M1,M1_C00015,1,351,1.0,False,False,0
M1|C00015,mCherry-high,M1,M1_C00015,1,351,1.0,False,False,0
M1|C00015,mCherry-low,M1,M1_C00015,4,351,4.0,False,False,0
M1|C00015,mCherry-low,M1,M1_C00015,1,351,1.0,False,False,0
M1|C00015,mCherry-high,M1,M1_C00015,3,351,3.0,False,False,0
M1|C00015,mCherry-high,M1,M1_C00015,1,351,1.0,True,False,1
M1|C00015,mCherry-high,M1,M1_C00015,1,351,1.0,True,False,6
M1|C00015,mCherry-high,M1,M1_C00015,2,351,2.0,False,False,0
M1|C00015,mCherry-low,M1,M1_C00015,2,351,2.0,False,False,0
M1|C00015,mCherry-low,M1,M1_C00015,5,351,5.0,False,False,0
M1|C00015,mCherry-low,M1,M1_C00015,3,351,3.0,False,False,0
M1|C00015,mCherry-low,M1,M1_C00015,5,351,5.0,False,False,0
M1|C00015,mCherry-low,M1,M1_C00015,2,351,2.0,False,False,0
M1|C00015,mCherry-low,M1,M1_C00015,4,351,4.0,False,False,0
M1|C00015,mCherry-low,M1,M1_C00015,2,351,2.0,False,False,0
M1|C00015,mCherry-high,M1,M1_C00015,2,351,2.0,False,False,0
M1|C00015,mCherry-low,M1,M1_C00015,2,351,2.0,False,False,0
M1|C00015,mCherry-high,M1,M1_C00015,5,351,5.0,False,False,0
M1|C00015,mCherry-high,M1,M1_C00015,2,351,2.0,True,False,1
M1|C00015,mCherry-high,M1,M1_C00015,3,351,3.0,False,False,0
M1|C00016,mCherry-low,M1,M1_C00016,0,359,0.0,False,True,12
M1|C00016,mCherry-high,M1,M1_C00016,0,359,0.0,False,True,12
M1|C00016,mCherry-high,M1,M1_C00016,0,359,0.0,False,True,12
M1|C00016,mCherry-high,M1,M1_C00016,0,359,0.0,False,True,12
M1|C00016,mCherry-high,M1,M1_C00016,0,359,0.0,False,True,12
M1|C00016,mCherry-high,M1,M1_C00016,0,359,0.0,False,True,12
M1|C00016,mCherry-high,M1,M1_C00016,0,359,0.0,False,True,12
M1|C00016,mCherry-high,M1,M1_C00016,0,359,0.0,False,True,12
M1|C00016,mCherry-high,M1,M1_C00016,0,359,0.0,False,True,12
M1|C00016,mCherry-high,M1,M1_C00016,0,359,0.0,False,True,12
M1|C00016,mCherry-high,M1,M1_C00016,0,359,0.0,False,True,12
M1|C00016,mCherry-high,M1,M1_C00016,0,359,0.0,False,True,12
M1|C00016,mCherry-high,M1,M1_C00016,0,359,0.0,False,True,12
M1|C00016,mCherry-high,M1,M1_C00016,0,359,0.0,False,True,12
M1|C00016,mCherry-high,M1,M1_C00016,0,359,0.0,False,True,12
M1|C00016,mCherry-high,M1,M1_C00016,0,359,0.0,False,True,12
M1|C00016,mCherry-high,M1,M1_C00016,3,359,3.0,False,False,0
M1|C00016,mCherry-high,M1,M1_C00016,1,359,1.0,False,False,0
M1|C00016,mCherry-high,M1,M1_C00016,1,359,1.0,False,False,0
M1|C00016,mCherry-high,M1,M1_C00016,1,359,1.0,False,False,0
M1|C00016,mCherry-high,M1,M1_C00016,2,359,2.0,False,False,0
M1|C00016,mCherry-high,M1,M1_C00016,2,359,2.0,False,False,0
M1|C00016,mCherry-high,M1,M1_C00016,1,359,1.0,False,False,0
M1|C00016,mCherry-low,M1,M1_C00016,2,359,2.0,False,False,0
M1|C00016,mCherry-high,M1,M1_C00016,3,359,3.0,False,False,0
M1|C00016,mCherry-high,M1,M1_C00016,1,359,1.0,False,False,0
M1|C00016,mCherry-high,M1,M1_C00016,1,359,1.0,False,False,0
M1|C00016,mCherry-high,M1,M1_C00016,4,359,4.0,False,False,0
M1|C00017,mCherry-high,M1,M1_C00017,2,350,2.0,False,False,0
M1|C00017,mCherry-high,M1,M1_C00017,1,350,1.0,False,False,0
M1|C00017,mCherry-high,M1,M1_C00017,1,350,1.0,False,False,0
M1|C00017,mCherry-high,M1,M1_C00017,1,350,1.0,False,False,0
M1|C00017,mCherry-high,M1,M1_C00017,3,350,3.0,False,False,0
M1|C00017,mCherry-low,M1,M1_C00017,2,350,2.0,False,False,0
M1|C00017,mCherry-high,M1,M1_C00017,1,350,1.0,True,False,1
M1|C00017,mCherry-high,M1,M1_C00017,2,350,2.0,False,False,0
M1|C00017,mCherry-low,M1,M1_C00017,3,350,3.0,False,False,0
M1|C00017,mCherry-low,M1,M1_C00017,6,350,6.0,False,False,0
M1|C00017,mCherry-low,M1,M1_C00017,4,350,4.0,False,False,0
M1|C00017,mCherry-high,M1,M1_C00017,6,350,6.0,False,False,0
M1|C00017,mCherry-low,M1,M1_C00017,5,350,5.0,False,False,0
M1|C00017,mCherry-high,M1,M1_C00017,3,350,3.0,False,False,0
M1|C00017,mCherry-low,M1,M1_C00017,2,350,2.0,False,False,0
M1|C00017,mCherry-high,M1,M1_C00017,7,350,7.0,False,False,0
M1|C00017,mCherry-high,M1,M1_C00017,2,350,2.0,True,False,2
M1|C00017,mCherry-high,M1,M1_C00017,3,350,3.0,True,False,1
M1|C00017,mCherry-high,M1,M1_C00017,3,350,3.0,True,False,1
M1|C00017,mCherry-high,M1,M1_C00017,3,350,3.0,False,False,0
M1|C00017,mCherry-low,M1,M1_C00017,5,350,5.0,False,False,0
M1|C00017,mCherry-low,M1,M1_C00017,5,350,5.0,False,False,0
M1|C00017,mCherry-high,M1,M1_C00017,4,350,5.0,False,False,0
M1|C00017,mCherry-low,M1,M1_C00017,3,350,3.0,False,False,0
M1|C00017,mCherry-low,M1,M1_C00017,6,350,6.0,False,False,0
M1|C00017,mCherry-low,M1,M1_C00017,6,350,6.0,False,False,0
M1|C00018,mCherry-low,M1,M1_C00018,0,359,0.0,False,True,11
M1|C00018,mCherry-low,M1,M1_C00018,0,359,0.0,False,True,11
M1|C00018,mCherry-low,M1,M1_C00018,0,359,0.0,False,True,11
M1|C00018,mCherry-low,M1,M1_C00018,0,359,0.0,False,True,11
M1|C00018,mCherry-low,M1,M1_C00018,0,359,0.0,False,True,11
M1|C00018,mCherry-low,M1,M1_C00018,0,359,0.0,False,True,11
M1|C00018,mCherry-low,M1,M1_C00018,0,359,0.0,False,True,11
M1|C00018,mCherry-low,M1,M1_C00018,0,359,0.0,False,True,11
M1|C00018,mCherry-low,M1,M1_C00018,0,359,0.0,False,True,11
M1|C00018,mCherry-high,M1,M1_C00018,0,359,0.0,False,True,11
M1|C00018,mCherry-high,M1,M1_C00018,0,359,0.0,False,True,11
M1|C00018,mCherry-high,M1,M1_C00018,0,359,0.0,False,True,11
M1|C00018,mCherry-high,M1,M1_C00018,0,359,0.0,False,True,11
M1|C00018,mCherry-low,M1,M1_C00018,2,359,2.0,False,False,0
M1|C00018,mCherry-low,M1,M1_C00018,1,359,1.0,False,False,0
M1|C00018,mCherry-high,M1,M1_C00018,1,359,1.0,False,False,0
M1|C00018,mCherry-low,M1,M1_C00018,1,359,1.0,False,False,0
M1|C00018,mCherry-low,M1,M1_C00018,1,359,1.0,False,False,0
M1|C00018,mCherry-low,M1,M1_C00018,1,359,1.0,False,False,0
M1|C00018,mCherry-low,M1,M1_C00018,1,359,1.0,False,False,0
M1|C00018,mCherry-low,M1,M1_C00018,1,359,1.0,False,False,0
M1|C00018,mCherry-low,M1,M1_C00018,2,359,2.0,True,False,1
M1|C00018,mCherry-low,M1,M1_C00018,1,359,1.0,False,False,0
M1|C00018,mCherry-low,M1,M1_C00018,1,359,1.0,False,False,0
M1|C00018,mCherry-low,M1,M1_C00018,4,359,4.0,False,False,0
M1|C00019,mCherry-low,M1,M1_C00019,2,351,2.0,True,False,12
M1|C00019,mCherry-low,M1,M1_C00019,2,351,2.0,True,False,12
M1|C00019,mCherry-low,M1,M1_C00019,2,351,2.0,True,False,12
M1|C00019,mCherry-low,M1,M1_C00019,2,351,2.0,True,False,12
M1|C00019,mCherry-low,M1,M1_C00019,2,351,2.0,True,False,12
M1|C00019,mCherry-low,M1,M1_C00019,2,351,2.0,True,False,12
M1|C00019,mCherry-low,M1,M1_C00019,2,351,2.0,True,False,12
M1|C00019,mCherry-low,M1,M1_C00019,2,351,2.0,True,False,12
M1|C00019,mCherry-low,M1,M1_C00019,2,351,2.0,True,False,12
M1|C00019,mCherry-high,M1,M1_C00019,2,351,2.0,True,False,12
M1|C00019,mCherry-high,M1,M1_C00019,3,351,3.0,False,False,0
M1|C00019,mCherry-low,M1,M1_C00019,3,351,3.0,False,False,0
M1|C00019,mCherry-low,M1,M1_C00019,5,351,5.0,False,False,0
M1|C00019,mCherry-low,M1,M1_C00019,6,351,6.0,False,False,0
M1|C00019,mCherry-low,M1,M1_C00019,3,351,3.0,True,False,3
M1|C00019,mCherry-low,M1,M1_C00019,5,351,5.0,False,False,0
M1|C00019,mCherry-low,M1,M1_C00019,4,351,4.0,False,False,0
M1|C00019,mCherry-low,M1,M1_C00019,5,351,5.0,False,False,0
M1|C00019,mCherry-low,M1,M1_C00019,6,351,7.0,False,False,0
M1|C00019,mCherry-low,M1,M1_C00019,6,351,6.0,False,False,0
M1|C00020,mCherry-low,M1,M1_C00020,2,351,2.0,True,False,14
M1|C00020,mCherry-high,M1,M1_C00020,9,351,9.0,False,False,0
M1|C00020,mCherry-low,M1,M1_C00020,3,351,3.0,True,False,12
M1|C00020,mCherry-high,M1,M1_C00020,3,351,3.0,True,False,12
M1|C00020,mCherry-high,M1,M1_C00020,3,351,3.0,True,False,12
M1|C00020,mCherry-high,M1,M1_C00020,3,351,3.0,True,False,12
M1|C00020,mCherry-high,M1,M1_C00020,8,351,8.0,False,False,0
M1|C00020,mCherry-low,M1,M1_C00020,4,351,4.0,False,False,0
M1|C00020,mCherry-low,M1,M1_C00020,4,351,4.0,False,False,0
M1|C00020,mCherry-low,M1,M1_C00020,4,351,4.0,False,False,0
M1|C00020,mCherry-low,M1,M1_C00020,5,351,5.0,False,False,0
M1|C00020,mCherry-low,M1,M1_C00020,4,351,4.0,False,False,0
M1|C00020,mCherry-high,M1,M1_C00020,9,351,9.0,False,False,0
M1|C00020,mCherry-low,M1,M1_C00020,4,351,4.0,False,False,0
M1|C00020,mCherry-low,M1,M1_C00020,4,351,4.0,False,False,0
M1|C00020,mCherry-low,M1,M1_C00020,4,351,4.0,False,False,0
M1|C00020,mCherry-high,M1,M1_C00020,5,351,6.0,False,False,0
M1|C00020,mCherry-low,M1,M1_C00020,5,351,6.0,True,False,1
M1|C00020,mCherry-low,M1,M1_C00020,7,351,8.0,False,False,0
M1|C00021,mCherry-low,M1,M1_C00021,0,353,0.0,False,True,14
M1|C00021,mCherry-high,M1,M1_C00021,5,353,5.0,False,False,0
M1|C00021,mCherry-low,M1,M1_C00021,3,353,3.0,False,False,0
M1|C00021,mCherry-low,M1,M1_C00021,4,353,4.0,False,False,0
M1|C00021,mCherry-low,M1,M1_C00021,3,353,3.0,True,False,1
M1|C00021,mCherry-low,M1,M1_C00021,1,353,1.0,True,False,1
M1|C00021,mCherry-low,M1,M1_C00021,2,353,2.0,True,False,6
M1|C00021,mCherry-low,M1,M1_C00021,2,353,2.0,True,False,6
M1|C00021,mCherry-low,M1,M1_C00021,2,353,2.0,True,False,6
M1|C00021,mCherry-low,M1,M1_C00021,2,353,2.0,True,False,6
M1|C00021,mCherry-low,M1,M1_C00021,2,353,2.0,True,False,6
M1|C00021,mCherry-high,M1,M1_C00021,5,353,5.0,False,False,0
M1|C00021,mCherry-low,M1,M1_C00021,2,353,2.0,False,False,0
M1|C00021,mCherry-low,M1,M1_C00021,2,353,2.0,False,False,0
M1|C00021,mCherry-low,M1,M1_C00021,3,353,3.0,False,False,0
M1|C00021,mCherry-high,M1,M1_C00021,4,353,4.0,False,False,0
M1|C00021,mCherry-low,M1,M1_C00021,5,353,5.0,False,False,0
M1|C00021,mCherry-low,M1,M1_C00021,5,353,5.0,False,False,0
M1|C00021,mCherry-low,M1,M1_C00021,4,353,4.0,False,False,0
M1|C00022,mCherry-low,M1,M1_C00022,0,350,0.0,False,True,10
M1|C00022,mCherry-high,M1,M1_C00022,9,350,9.0,False,False,0
M1|C00022,mCherry-low,M1,M1_C00022,1,350,1.0,False,False,0
M1|C00022,mCherry-low,M1,M1_C00022,1,350,1.0,False,False,0
M1|C00022,mCherry-low,M1,M1_C00022,1,350,1.0,False,False,0
M1|C00022,mCherry-low,M1,M1_C00022,5,350,5.0,True,False,2
M1|C00022,mCherry-low,M1,M1_C00022,1,350,1.0,True,False,3
M1|C00022,mCherry-low,M1,M1_C00022,1,350,1.0,True,False,3
M1|C00022,mCherry-low,M1,M1_C00022,1,350,1.0,True,False,3
M1|C00022,mCherry-low,M1,M1_C00022,1,350,1.0,True,False,3
M1|C00022,mCherry-low,M1,M1_C00022,1,350,1.0,True,False,3
M1|C00022,mCherry-low,M1,M1_C00022,1,350,1.0,True,False,3
M1|C00022,mCherry-low,M1,M1_C00022,1,350,1.0,True,False,3
M1|C00022,mCherry-low,M1,M1_C00022,6,350,6.0,False,False,0
M1|C00022,mCherry-low,M1,M1_C00022,6,350,6.0,False,False,0
M1|C00022,mCherry-low,M1,M1_C00022,6,350,6.0,False,False,0
M1|C00022,mCherry-low,M1,M1_C00022,3,350,3.0,False,False,0
M1|C00022,mCherry-low,M1,M1_C00022,4,350,4.0,False,False,0
M1|C00022,mCherry-low,M1,M1_C00022,4,350,4.0,False,False,0
M1|C00023,mCherry-low,M1,M1_C00023,8,351,8.0,False,False,0
M1|C00023,mCherry-high,M1,M1_C00023,8,351,8.0,False,False,0
M1|C00023,mCherry-high,M1,M1_C00023,7,351,7.0,True,False,2
M1|C00023,mCherry-low,M1,M1_C00023,6,351,6.0,True,False,1
M1|C00023,mCherry-low,M1,M1_C00023,9,351,9.0,False,False,0
M1|C00023,mCherry-low,M1,M1_C00023,11,351,11.0,False,False,0
M1|C00023,mCherry-low,M1,M1_C00023,7,351,7.0,False,False,0
M1|C00023,mCherry-high,M1,M1_C00023,7,351,7.0,False,False,0
M1|C00023,mCherry-high,M1,M1_C00023,7,351,7.0,False,False,0
M1|C00023,mCherry-low,M1,M1_C00023,7,351,7.0,True,False,7
M1|C00023,mCherry-low,M1,M1_C00023,8,351,8.0,False,False,0
M1|C00023,mCherry-low,M1,M1_C00023,8,351,8.0,True,False,2
M1|C00023,mCherry-low,M1,M1_C00023,8,351,8.0,True,False,2
M1|C00023,mCherry-low,M1,M1_C00023,8,351,8.0,True,False,2
M1|C00023,mCherry-low,M1,M1_C00023,10,351,10.0,False,False,0
M1|C00023,mCherry-low,M1,M1_C00023,9,351,9.0,False,False,0
M1|C00023,mCherry-low,M1,M1_C00023,10,351,10.0,False,False,0
M1|C00023,mCherry-low,M1,M1_C00023,12,351,12.0,False,False,0
M1|C00024,mCherry-low,M1,M1_C00024,3,351,3.0,False,False,0
M1|C00024,mCherry-low,M1,M1_C00024,1,351,1.0,False,False,0
M1|C00024,mCherry-low,M1,M1_C00024,1,351,1.0,True,False,1
M1|C00024,mCherry-low,M1,M1_C00024,1,351,1.0,True,False,2
M1|C00024,mCherry-low,M1,M1_C00024,1,351,1.0,True,False,2
M1|C00024,mCherry-low,M1,M1_C00024,1,351,1.0,True,False,2
M1|C00024,mCherry-high,M1,M1_C00024,3,351,3.0,False,False,0
M1|C00024,mCherry-low,M1,M1_C00024,5,351,5.0,False,False,0
M1|C00024,mCherry-low,M1,M1_C00024,2,351,2.0,False,False,0
M1|C00024,mCherry-low,M1,M1_C00024,2,351,2.0,False,False,0
M1|C00024,mCherry-low,M1,M1_C00024,2,351,2.0,False,False,0
M1|C00024,mCherry-low,M1,M1_C00024,3,351,3.0,True,False,6
M1|C00024,mCherry-low,M1,M1_C00024,3,351,3.0,True,False,6
M1|C00024,mCherry-low,M1,M1_C00024,5,351,5.0,False,False,0
M1|C00024,mCherry-low,M1,M1_C00024,5,351,5.0,False,False,0
M1|C00024,mCherry-low,M1,M1_C00024,4,351,4.0,False,False,0
M1|C00024,mCherry-low,M1,M1_C00024,8,351,8.0,False,False,0
M1|C00024,mCherry-low,M1,M1_C00024,5,351,5.0,False,False,0
M1|C00025,mCherry-low,M1,M1_C00025,3,351,3.0,False,False,0
M1|C00025,mCherry-low,M1,M1_C00025,6,351,6.0,False,False,0
M1|C00025,mCherry-low,M1,M1_C00025,6,351,6.0,False,False,0
M1|C00025,mCherry-high,M1,M1_C00025,2,351,2.0,False,False,0
M1|C00025,mCherry-low,M1,M1_C00025,2,351,2.0,False,False,0
M1|C00025,mCherry-low,M1,M1_C00025,1,351,1.0,False,False,0
M1|C00025,mCherry-low,M1,M1_C00025,3,351,3.0,False,False,0
M1|C00025,mCherry-low,M1,M1_C00025,1,351,1.0,False,False,0
M1|C00025,mCherry-high,M1,M1_C00025,2,351,2.0,False,False,0
M1|C00025,mCherry-high,M1,M1_C00025,3,351,3.0,False,False,0
M1|C00025,mCherry-high,M1,M1_C00025,1,351,1.0,False,False,0
M1|C00025,mCherry-high,M1,M1_C00025,3,351,3.0,False,False,0
M1|C00025,mCherry-low,M1,M1_C00025,4,351,4.0,False,False,0
M1|C00025,mCherry-low,M1,M1_C00025,6,351,6.0,False,False,0
M1|C00025,mCherry-high,M1,M1_C00025,1,351,1.0,True,False,1
M1|C00025,mCherry-low,M1,M1_C00025,4,351,4.0,False,False,0
M1|C00025,mCherry-low,M1,M1_C00025,5,351,5.0,False,False,0
M1|C00025,mCherry-high,M1,M1_C00025,4,351,4.0,False,False,0
M1|C00026,mCherry-low,M1,M1_C00026,3,351,3.0,False,False,0
M1|C00026,mCherry-high,M1,M1_C00026,6,351,6.0,False,False,0
M1|C00026,mCherry-high,M1,M1_C00026,10,351,10.0,False,False,0
M1|C00026,mCherry-low,M1,M1_C00026,8,351,8.0,False,False,0
M1|C00026,mCherry-low,M1,M1_C00026,4,351,4.0,False,False,0
M1|C00026,mCherry-high,M1,M1_C00026,8,351,8.0,False,False,0
M1|C00026,mCherry-low,M1,M1_C00026,6,351,6.0,False,False,0
M1|C00026,mCherry-low,M1,M1_C00026,13,351,13.0,False,False,0
M1|C00026,mCherry-low,M1,M1_C00026,5,351,5.0,False,False,0
M1|C00026,mCherry-low,M1,M1_C00026,6,351,6.0,False,False,0
M1|C00026,mCherry-low,M1,M1_C00026,7,351,7.0,False,False,0
M1|C00026,mCherry-low,M1,M1_C00026,7,351,7.0,False,False,0
M1|C00026,mCherry-low,M1,M1_C00026,7,351,7.0,False,False,0
M1|C00026,mCherry-high,M1,M1_C00026,5,351,5.0,False,False,0
M1|C00026,mCherry-low,M1,M1_C00026,9,351,10.0,False,False,0
M1|C00026,mCherry-low,M1,M1_C00026,5,351,5.0,False,False,0
M1|C00026,mCherry-low,M1,M1_C00026,5,351,5.0,False,False,0
M1|C00026,mCherry-low,M1,M1_C00026,5,351,5.0,False,False,0
M1|C00027,mCherry-high,M1,M1_C00027,4,350,4.0,False,False,0
M1|C00027,mCherry-high,M1,M1_C00027,1,350,1.0,False,False,0
M1|C00027,mCherry-high,M1,M1_C00027,2,350,2.0,False,False,0
M1|C00027,mCherry-low,M1,M1_C00027,1,350,1.0,True,False,12
M1|C00027,mCherry-high,M1,M1_C00027,5,350,5.0,False,False,0
M1|C00027,mCherry-low,M1,M1_C00027,7,350,7.0,False,False,0
M1|C00027,mCherry-low,M1,M1_C00027,2,350,2.0,False,False,0
M1|C00027,mCherry-high,M1,M1_C00027,4,350,4.0,False,False,0
M1|C00027,mCherry-high,M1,M1_C00027,2,350,2.0,False,False,0
M1|C00027,mCherry-low,M1,M1_C00027,2,350,2.0,False,False,0
M1|C00027,mCherry-high,M1,M1_C00027,2,350,2.0,False,False,0
M1|C00027,mCherry-low,M1,M1_C00027,4,350,4.0,False,False,0
M1|C00027,mCherry-low,M1,M1_C00027,2,350,2.0,False,False,0
M1|C00027,mCherry-high,M1,M1_C00027,2,350,2.0,True,False,1
M1|C00027,mCherry-high,M1,M1_C00027,3,350,3.0,False,False,0
M1|C00027,mCherry-low,M1,M1_C00027,6,350,6.0,False,False,0
M1|C00027,mCherry-low,M1,M1_C00027,3,350,3.0,False,False,0
M1|C00028,mCherry-low,M1,M1_C00028,0,351,0.0,False,True,19
M1|C00028,mCherry-high,M1,M1_C00028,0,351,0.0,False,True,19
M1|C00028,mCherry-high,M1,M1_C00028,5,351,5.0,False,False,0
M1|C00028,mCherry-high,M1,M1_C00028,1,351,1.0,False,False,0
M1|C00028,mCherry-high,M1,M1_C00028,1,351,1.0,False,False,0
M1|C00028,mCherry-low,M1,M1_C00028,1,351,1.0,False,False,0
M1|C00028,mCherry-high,M1,M1_C00028,1,351,1.0,False,False,0
M1|C00028,mCherry-high,M1,M1_C00028,2,351,2.0,False,False,0
M1|C00028,mCherry-high,M1,M1_C00028,4,351,4.0,False,False,0
M1|C00028,mCherry-high,M1,M1_C00028,11,351,11.0,False,False,0
M1|C00028,mCherry-high,M1,M1_C00028,86,351,86.0,False,False,0
M1|C00028,mCherry-high,M1,M1_C00028,5,351,5.0,False,False,0
M1|C00028,mCherry-high,M1,M1_C00028,3,351,3.0,False,False,0
M1|C00028,mCherry-high,M1,M1_C00028,2,351,2.0,False,False,0
M1|C00028,mCherry-high,M1,M1_C00028,3,351,3.0,False,False,0
M1|C00028,mCherry-high,M1,M1_C00028,2,351,2.0,False,False,0
M1|C00028,mCherry-high,M1,M1_C00028,2,351,2.0,False,False,0
M1|C00029,mCherry-low,M1,M1_C00029,0,353,0.0,False,True,9
M1|C00029,mCherry-low,M1,M1_C00029,0,353,0.0,False,True,9
M1|C00029,mCherry-low,M1,M1_C00029,0,353,0.0,False,True,9
M1|C00029,mCherry-low,M1,M1_C00029,0,353,0.0,False,True,9
M1|C00029,mCherry-low,M1,M1_C00029,0,353,0.0,False,True,9
M1|C00029,mCherry-low,M1,M1_C00029,0,353,0.0,False,True,9
M1|C00029,mCherry-low,M1,M1_C00029,6,353,6.0,False,False,0
M1|C00029,mCherry-low,M1,M1_C00029,1,353,1.0,False,False,0
M1|C00029,mCherry-low,M1,M1_C00029,1,353,1.0,False,False,0
M1|C00029,mCherry-low,M1,M1_C00029,3,353,3.0,False,False,0
M1|C00029,mCherry-low,M1,M1_C00029,1,353,1.0,False,False,0
M1|C00029,mCherry-high,M1,M1_C00029,2,353,2.0,False,False,0
M1|C00029,mCherry-low,M1,M1_C00029,3,353,3.0,False,False,0
M1|C00029,mCherry-low,M1,M1_C00029,2,353,2.0,False,False,0
M1|C00029,mCherry-low,M1,M1_C00029,2,353,2.0,False,False,0
M1|C00030,mCherry-high,M1,M1_C00030,3,351,3.0,True,False,10
M1|C00030,mCherry-high,M1,M1_C00030,3,351,3.0,True,False,10
M1|C00030,mCherry-high,M1,M1_C00030,3,351,3.0,True,False,10
M1|C00030,mCherry-high,M1,M1_C00030,6,351,6.0,False,False,0
M1|C00030,mCherry-high,M1,M1_C00030,7,351,7.0,False,False,0
M1|C00030,mCherry-high,M1,M1_C00030,4,351,4.0,False,False,0
M1|C00030,mCherry-high,M1,M1_C00030,6,351,6.0,False,False,0
M1|C00030,mCherry-high,M1,M1_C00030,5,351,5.0,False,False,0
M1|C00030,mCherry-high,M1,M1_C00030,4,351,4.0,False,False,0
M1|C00030,mCherry-high,M1,M1_C00030,6,351,6.0,False,False,0
M1|C00030,mCherry-high,M1,M1_C00030,7,351,7.0,False,False,0
M1|C00030,mCherry-high,M1,M1_C00030,5,351,5.0,True,False,1
M1|C00030,mCherry-high,M1,M1_C00030,6,351,6.0,False,False,0
M1|C00031,mCherry-high,M1,M1_C00031,3,356,3.0,True,False,13
M1|C00031,mCherry-high,M1,M1_C00031,3,356,3.0,True,False,13
M1|C00031,mCherry-high,M1,M1_C00031,8,356,8.0,False,False,0
M1|C00031,mCherry-high,M1,M1_C00031,9,356,9.0,False,False,0
M1|C00031,mCherry-high,M1,M1_C00031,4,356,4.0,False,False,0
M1|C00031,mCherry-high,M1,M1_C00031,5,356,5.0,False,False,0
M1|C00031,mCherry-high,M1,M1_C00031,8,356,8.0,False,False,0
M1|C00031,mCherry-high,M1,M1_C00031,7,356,7.0,False,False,0
M1|C00031,mCherry-high,M1,M1_C00031,5,356,5.0,False,False,0
M1|C00031,mCherry-high,M1,M1_C00031,6,356,6.0,False,False,0
M1|C00031,mCherry-high,M1,M1_C00031,6,356,6.0,False,False,0
M1|C00031,mCherry-high,M1,M1_C00031,7,356,7.0,False,False,0
M1|C00031,mCherry-high,M1,M1_C00031,5,356,5.0,False,False,0
M1|C00032,mCherry-high,M1,M1_C00032,0,351,0.0,False,True,4
M1|C00032,mCherry-low,M1,M1_C00032,7,351,7.0,False,False,0
M1|C00032,mCherry-low,M1,M1_C00032,6,351,6.0,False,False,0
M1|C00032,mCherry-low,M1,M1_C00032,2,351,2.0,False,False,0
M1|C00033,mCherry-high,M1,M1_C00033,4,350,4.0,False,False,0
M1|C00033,mCherry-high,M1,M1_C00033,2,350,2.0,False,False,0
M1|C00033,mCherry-high,M1,M1_C00033,2,350,2.0,False,False,0
M1|C00033,mCherry-low,M1,M1_C00033,5,350,5.0,False,False,0
M1|C00033,mCherry-high,M1,M1_C00033,7,350,7.0,False,False,0
M1|C00033,mCherry-high,M1,M1_C00033,6,350,8.0,True,False,1
M1|C00033,mCherry-high,M1,M1_C00033,7,350,7.0,False,False,0
M1|C00033,mCherry-high,M1,M1_C00033,7,350,7.0,False,False,0
M1|C00033,mCherry-low,M1,M1_C00033,7,350,9.0,False,False,0
M1|C00034,mCherry-low,M1,M1_C00034,0,351,0.0,False,True,9
M1|C00034,mCherry-high,M1,M1_C00034,0,351,0.0,False,True,9
M1|C00034,mCherry-high,M1,M1_C00034,5,351,5.0,False,False,0
M1|C00034,mCherry-high,M1,M1_C00034,1,351,1.0,False,False,0
M1|C00034,mCherry-high,M1,M1_C00034,3,351,3.0,False,False,0
M1|C00034,mCherry-high,M1,M1_C00034,2,351,2.0,False,False,0
M1|C00034,mCherry-high,M1,M1_C00034,3,351,3.0,False,False,0
M1|C00034,mCherry-high,M1,M1_C00034,1,351,1.0,False,False,0
M1|C00034,mCherry-low,M1,M1_C00034,1,351,1.0,False,False,0
M1|C00034,mCherry-high,M1,M1_C00034,2,351,2.0,False,False,0
M1|C00034,mCherry-high,M1,M1_C00034,3,351,3.0,False,False,0
M1|C00035,mCherry-high,M1,M1_C00035,3,351,3.0,False,False,0
M1|C00035,mCherry-high,M1,M1_C00035,4,351,4.0,False,False,0
M1|C00035,mCherry-high,M1,M1_C00035,4,351,4.0,False,False,0
M1|C00035,mCherry-high,M1,M1_C00035,5,351,5.0,False,False,0
M1|C00035,mCherry-high,M1,M1_C00035,3,351,3.0,False,False,0
M1|C00035,mCherry-high,M1,M1_C00035,4,351,4.0,False,False,0
M1|C00035,mCherry-low,M1,M1_C00035,4,351,4.0,True,False,1
M1|C00035,mCherry-low,M1,M1_C00035,5,351,5.0,False,False,0
M1|C00035,mCherry-high,M1,M1_C00035,8,351,8.0,False,False,0
M1|C00035,mCherry-high,M1,M1_C00035,4,351,4.0,False,False,0
M1|C00035,mCherry-high,M1,M1_C00035,4,351,4.0,False,False,0
M1|C00035,mCherry-low,M1,M1_C00035,8,351,8.0,False,False,0
M1|C00036,mCherry-low,M1,M1_C00036,1,351,1.0,True,False,12
M1|C00036,mCherry-low,M1,M1_C00036,4,351,4.0,False,False,0
M1|C00036,mCherry-low,M1,M1_C00036,2,351,2.0,False,False,0
M1|C00036,mCherry-low,M1,M1_C00036,4,351,4.0,False,False,0
M1|C00036,mCherry-low,M1,M1_C00036,3,351,3.0,False,False,0
M1|C00036,mCherry-low,M1,M1_C00036,3,351,3.0,False,False,0
M1|C00036,mCherry-low,M1,M1_C00036,2,351,2.0,False,False,0
M1|C00036,mCherry-low,M1,M1_C00036,2,351,2.0,False,False,0
M1|C00036,mCherry-low,M1,M1_C00036,4,351,4.0,False,False,0
M1|C00036,mCherry-low,M1,M1_C00036,4,351,4.0,False,False,0
M1|C00036,mCherry-low,M1,M1_C00036,6,351,6.0,False,False,0
M1|C00036,mCherry-low,M1,M1_C00036,5,351,5.0,False,False,0
M1|C00037,mCherry-high,M1,M1_C00037,9,351,9.0,False,False,0
M1|C00037,mCherry-high,M1,M1_C00037,5,351,5.0,False,False,0
M1|C00037,mCherry-high,M1,M1_C00037,3,351,3.0,False,False,0
M1|C00037,mCherry-high,M1,M1_C00037,3,351,3.0,False,False,0
M1|C00037,mCherry-high,M1,M1_C00037,2,351,2.0,False,False,0
M1|C00037,mCherry-high,M1,M1_C00037,3,351,3.0,True,False,2
M1|C00037,mCherry-low,M1,M1_C00037,3,351,3.0,True,False,2
M1|C00037,mCherry-low,M1,M1_C00037,4,351,4.0,False,False,0
M1|C00037,mCherry-low,M1,M1_C00037,8,351,8.0,False,False,0
M1|C00037,mCherry-low,M1,M1_C00037,6,351,6.0,False,False,0
M1|C00037,mCherry-high,M1,M1_C00037,6,351,6.0,False,False,0
M1|C00038,mCherry-low,M1,M1_C00038,2,350,2.0,False,False,0
M1|C00038,mCherry-high,M1,M1_C00038,5,350,5.0,False,False,0
M1|C00038,mCherry-low,M1,M1_C00038,3,350,3.0,False,False,0
M1|C00038,mCherry-low,M1,M1_C00038,4,350,4.0,False,False,0
M1|C00038,mCherry-low,M1,M1_C00038,3,350,3.0,False,False,0
M1|C00038,mCherry-high,M1,M1_C00038,8,350,8.0,False,False,0
M1|C00038,mCherry-high,M1,M1_C00038,6,350,6.0,False,False,0
M1|C00038,mCherry-high,M1,M1_C00038,3,350,4.0,False,False,0
M1|C00038,mCherry-high,M1,M1_C00038,5,350,6.0,False,False,0
M1|C00038,mCherry-high,M1,M1_C00038,2,350,3.0,False,False,0
M1|C00038,mCherry-high,M1,M1_C00038,5,350,7.0,False,False,0
M1|C00038,mCherry-high,M1,M1_C00038,4,350,5.0,False,False,0
M1|C00039,mCherry-low,M1,M1_C00039,0,351,0.0,False,True,6
M1|C00039,mCherry-low,M1,M1_C00039,0,351,0.0,False,True,6
M1|C00039,mCherry-low,M1,M1_C00039,0,351,0.0,False,True,6
M1|C00039,mCherry-high,M1,M1_C00039,0,351,0.0,False,True,6
M1|C00039,mCherry-high,M1,M1_C00039,0,351,0.0,False,True,6
M1|C00039,mCherry-high,M1,M1_C00039,1,351,1.0,False,False,0
M1|C00039,mCherry-high,M1,M1_C00039,5,351,5.0,False,False,0
M1|C00039,mCherry-high,M1,M1_C00039,1,351,1.0,False,False,0
M1|C00039,mCherry-high,M1,M1_C00039,2,351,2.0,False,False,0
M1|C00039,mCherry-high,M1,M1_C00039,1,351,1.0,True,False,1
M1|C00039,mCherry-high,M1,M1_C00039,3,351,3.0,False,False,0
M1|C00040,mCherry-low,M1,M1_C00040,0,351,0.0,False,True,9
M1|C00040,mCherry-high,M1,M1_C00040,0,351,0.0,False,True,9
M1|C00040,mCherry-high,M1,M1_C00040,0,351,0.0,False,True,9
M1|C00040,mCherry-high,M1,M1_C00040,5,351,5.0,False,False,0
M1|C00040,mCherry-high,M1,M1_C00040,1,351,1.0,False,False,0
M1|C00040,mCherry-high,M1,M1_C00040,1,351,1.0,False,False,0
M1|C00040,mCherry-high,M1,M1_C00040,1,351,1.0,False,False,0
M1|C00040,mCherry-high,M1,M1_C00040,1,351,1.0,False,False,0
M1|C00040,mCherry-high,M1,M1_C00040,4,351,4.0,False,False,0
M1|C00040,mCherry-high,M1,M1_C00040,2,351,2.0,False,False,0
M1|C00040,mCherry-high,M1,M1_C00040,5,351,5.0,False,False,0
M1|C00041,mCherry-low,M1,M1_C00041,0,359,0.0,False,True,2
M1|C00041,mCherry-low,M1,M1_C00041,0,359,0.0,False,True,2
M1|C00041,mCherry-low,M1,M1_C00041,0,359,0.0,False,True,2
M1|C00041,mCherry-low,M1,M1_C00041,0,359,0.0,False,True,2
M1|C00041,mCherry-high,M1,M1_C00041,0,359,0.0,False,True,2
M1|C00041,mCherry-high,M1,M1_C00041,0,359,0.0,False,True,2
M1|C00041,mCherry-high,M1,M1_C00041,0,359,0.0,False,True,2
M1|C00041,mCherry-high,M1,M1_C00041,0,359,0.0,False,True,2
M1|C00041,mCherry-high,M1,M1_C00041,0,359,0.0,False,True,2
M1|C00041,mCherry-low,M1,M1_C00041,1,359,1.0,False,False,0
M1|C00041,mCherry-high,M1,M1_C00041,2,359,2.0,False,False,0
M1|C00042,mCherry-high,M1,M1_C00042,2,351,2.0,False,False,0
M1|C00042,mCherry-low,M1,M1_C00042,5,351,5.0,False,False,0
M1|C00042,mCherry-low,M1,M1_C00042,5,351,5.0,False,False,0
M1|C00042,mCherry-low,M1,M1_C00042,5,351,5.0,False,False,0
M1|C00042,mCherry-low,M1,M1_C00042,5,351,5.0,False,False,0
M1|C00042,mCherry-low,M1,M1_C00042,11,351,11.0,False,False,0
M1|C00042,mCherry-low,M1,M1_C00042,4,351,4.0,False,False,0
M1|C00042,mCherry-low,M1,M1_C00042,4,351,4.0,False,False,0
M1|C00042,mCherry-low,M1,M1_C00042,4,351,4.0,False,False,0
M1|C00042,mCherry-low,M1,M1_C00042,5,351,5.0,False,False,0
M1|C00043,mCherry-low,M1,M1_C00043,5,351,5.0,False,False,0
M1|C00043,mCherry-low,M1,M1_C00043,1,351,1.0,False,False,0
M1|C00043,mCherry-high,M1,M1_C00043,2,351,2.0,False,False,0
M1|C00043,mCherry-low,M1,M1_C00043,3,351,3.0,False,False,0
M1|C00043,mCherry-high,M1,M1_C00043,4,351,4.0,False,False,0
M1|C00043,mCherry-low,M1,M1_C00043,5,351,5.0,False,False,0
M1|C00043,mCherry-high,M1,M1_C00043,3,351,3.0,False,False,0
M1|C00043,mCherry-low,M1,M1_C00043,3,351,3.0,False,False,0
M1|C00043,mCherry-low,M1,M1_C00043,4,351,4.0,False,False,0
M1|C00043,mCherry-low,M1,M1_C00043,4,351,4.0,False,False,0
M1|C00044,mCherry-low,M1,M1_C00044,1,353,1.0,True,False,3
M1|C00044,mCherry-low,M1,M1_C00044,1,353,1.0,True,False,3
M1|C00044,mCherry-low,M1,M1_C00044,1,353,1.0,True,False,3
M1|C00044,mCherry-low,M1,M1_C00044,1,353,1.0,True,False,3
M1|C00044,mCherry-low,M1,M1_C00044,1,353,1.0,True,False,3
M1|C00044,mCherry-low,M1,M1_C00044,1,353,1.0,True,False,3
M1|C00044,mCherry-low,M1,M1_C00044,3,353,3.0,False,False,0
M1|C00044,mCherry-low,M1,M1_C00044,3,353,3.0,False,False,0
M1|C00044,mCherry-low,M1,M1_C00044,3,353,3.0,False,False,0
M1|C00044,mCherry-low,M1,M1_C00044,3,353,3.0,False,False,0
M1|C00045,mCherry-high,M1,M1_C00045,1,350,1.0,True,False,9
M1|C00045,mCherry-high,M1,M1_C00045,2,350,2.0,False,False,0
M1|C00045,mCherry-high,M1,M1_C00045,4,350,4.0,False,False,0
M1|C00045,mCherry-high,M1,M1_C00045,5,350,5.0,False,False,0
M1|C00045,mCherry-high,M1,M1_C00045,4,350,4.0,False,False,0
M1|C00045,mCherry-high,M1,M1_C00045,3,350,3.0,True,False,1
M1|C00045,mCherry-high,M1,M1_C00045,7,350,7.0,False,False,0
M1|C00045,mCherry-high,M1,M1_C00045,3,350,3.0,False,False,0
M1|C00045,mCherry-high,M1,M1_C00045,4,350,4.0,False,False,0
M1|C00046,mCherry-low,M1,M1_C00046,0,351,0.0,False,True,5
M1|C00046,mCherry-low,M1,M1_C00046,0,351,0.0,False,True,5
M1|C00046,mCherry-low,M1,M1_C00046,0,351,0.0,False,True,5
M1|C00046,mCherry-high,M1,M1_C00046,0,351,0.0,False,True,5
M1|C00046,mCherry-high,M1,M1_C00046,0,351,0.0,False,True,5
M1|C00046,mCherry-high,M1,M1_C00046,10,351,10.0,False,False,0
M1|C00046,mCherry-low,M1,M1_C00046,1,351,1.0,False,False,0
M1|C00046,mCherry-low,M1,M1_C00046,2,351,2.0,False,False,0
M1|C00046,mCherry-low,M1,M1_C00046,2,351,2.0,False,False,0
M1|C00047,mCherry-high,M1,M1_C00047,0,351,0.0,False,True,6
M1|C00047,mCherry-low,M1,M1_C00047,0,351,0.0,False,True,6
M1|C00047,mCherry-high,M1,M1_C00047,0,351,0.0,False,True,6
M1|C00047,mCherry-low,M1,M1_C00047,1,351,1.0,False,False,0
M1|C00047,mCherry-high,M1,M1_C00047,2,351,2.0,False,False,0
M1|C00047,mCherry-low,M1,M1_C00047,3,351,3.0,False,False,0
M1|C00047,mCherry-high,M1,M1_C00047,1,351,1.0,False,False,0
M1|C00047,mCherry-low,M1,M1_C00047,1,351,1.0,False,False,0
M1|C00047,mCherry-high,M1,M1_C00047,2,351,2.0,False,False,0
M1|C00048,mCherry-low,M1,M1_C00048,0,351,0.0,False,True,6
M1|C00048,mCherry-low,M1,M1_C00048,0,351,0.0,False,True,6
M1|C00048,mCherry-low,M1,M1_C00048,2,351,2.0,False,False,0
M1|C00048,mCherry-low,M1,M1_C00048,2,351,2.0,False,False,0
M1|C00048,mCherry-low,M1,M1_C00048,3,351,3.0,False,False,0
M1|C00048,mCherry-high,M1,M1_C00048,1,351,1.0,False,False,0
M1|C00048,mCherry-high,M1,M1_C00048,3,351,3.0,False,False,0
M1|C00048,mCherry-high,M1,M1_C00048,1,351,1.0,False,False,0
M1|C00048,mCherry-high,M1,M1_C00048,1,351,1.0,False,False,0
M1|C00050,mCherry-high,M1,M1_C00050,0,351,0.0,False,True,8
M1|C00050,mCherry-high,M1,M1_C00050,7,351,7.0,False,False,0
M1|C00050,mCherry-high,M1,M1_C00050,2,351,2.0,False,False,0
M1|C00050,mCherry-high,M1,M1_C00050,2,351,2.0,False,False,0
M1|C00050,mCherry-high,M1,M1_C00050,4,351,4.0,False,False,0
M1|C00050,mCherry-high,M1,M1_C00050,3,351,3.0,False,False,0
M1|C00050,mCherry-high,M1,M1_C00050,3,351,3.0,False,False,0
M1|C00050,mCherry-high,M1,M1_C00050,1,351,1.0,True,False,1
M1|C00050,mCherry-high,M1,M1_C00050,4,351,4.0,False,False,0
M1|C00051,mCherry-low,M1,M1_C00051,0,350,0.0,False,True,2
M1|C00051,mCherry-low,M1,M1_C00051,0,350,0.0,False,True,2
M1|C00051,mCherry-low,M1,M1_C00051,0,350,0.0,False,True,2
M1|C00051,mCherry-low,M1,M1_C00051,0,350,0.0,False,True,2
M1|C00051,mCherry-low,M1,M1_C00051,0,350,0.0,False,True,2
M1|C00051,mCherry-high,M1,M1_C00051,0,350,0.0,False,True,2
M1|C00051,mCherry-low,M1,M1_C00051,3,350,3.0,False,False,0
M1|C00051,mCherry-high,M1,M1_C00051,1,350,1.0,False,False,0
M1|C00052,mCherry-low,M1,M1_C00052,0,351,0.0,False,True,3
M1|C00052,mCherry-low,M1,M1_C00052,0,351,0.0,False,True,3
M1|C00052,mCherry-low,M1,M1_C00052,0,351,0.0,False,True,3
M1|C00052,mCherry-high,M1,M1_C00052,0,351,0.0,False,True,3
M1|C00052,mCherry-low,M1,M1_C00052,2,351,2.0,False,False,0
M1|C00052,mCherry-low,M1,M1_C00052,1,351,1.0,False,False,0
M1|C00052,mCherry-low,M1,M1_C00052,3,351,3.0,False,False,0
M1|C00054,mCherry-high,M1,M1_C00054,0,351,0.0,False,True,5
M1|C00054,mCherry-high,M1,M1_C00054,0,351,0.0,False,True,5
M1|C00054,mCherry-high,M1,M1_C00054,4,351,4.0,False,False,0
M1|C00054,mCherry-high,M1,M1_C00054,2,351,2.0,False,False,0
M1|C00054,mCherry-high,M1,M1_C00054,3,351,3.0,False,False,0
M1|C00054,mCherry-low,M1,M1_C00054,3,351,3.0,False,False,0
M1|C00054,mCherry-low,M1,M1_C00054,4,351,4.0,False,False,0
M1|C00054,mCherry-high,M1,M1_C00054,4,351,4.0,False,False,0
M1|C00055,mCherry-low,M1,M1_C00055,4,351,4.0,True,False,2
M1|C00055,mCherry-low,M1,M1_C00055,4,351,4.0,True,False,2
M1|C00055,mCherry-low,M1,M1_C00055,4,351,4.0,True,False,2
M1|C00055,mCherry-low,M1,M1_C00055,4,351,4.0,True,False,2
M1|C00055,mCherry-low,M1,M1_C00055,4,351,4.0,True,False,2
M1|C00055,mCherry-low,M1,M1_C00055,7,351,7.0,False,False,0
M1|C00055,mCherry-low,M1,M1_C00055,6,351,6.0,False,False,0
M1|C00055,mCherry-low,M1,M1_C00055,6,351,6.0,False,False,0
M1|C00056,mCherry-high,M1,M1_C00056,3,351,3.0,True,False,3
M1|C00056,mCherry-high,M1,M1_C00056,3,351,3.0,True,False,3
M1|C00056,mCherry-high,M1,M1_C00056,3,351,3.0,True,False,3
M1|C00056,mCherry-high,M1,M1_C00056,3,351,3.0,True,False,3
M1|C00056,mCherry-high,M1,M1_C00056,6,351,6.0,False,False,0
M1|C00056,mCherry-high,M1,M1_C00056,6,351,6.0,False,False,0
M1|C00056,mCherry-high,M1,M1_C00056,6,351,6.0,False,False,0
M1|C00057,mCherry-low,M1,M1_C00057,1,351,1.0,True,False,2
M1|C00057,mCherry-low,M1,M1_C00057,1,351,1.0,True,False,2
M1|C00057,mCherry-low,M1,M1_C00057,1,351,1.0,True,False,2
M1|C00057,mCherry-low,M1,M1_C00057,1,351,1.0,True,False,2
M1|C00057,mCherry-high,M1,M1_C00057,1,351,1.0,True,False,2
M1|C00057,mCherry-low,M1,M1_C00057,4,351,4.0,False,False,0
M1|C00057,mCherry-low,M1,M1_C00057,2,351,2.0,False,False,0
M1|C00059,mCherry-high,M1,M1_C00059,0,351,0.0,False,True,6
M1|C00059,mCherry-high,M1,M1_C00059,2,351,2.0,False,False,0
M1|C00059,mCherry-high,M1,M1_C00059,4,351,4.0,False,False,0
M1|C00059,mCherry-high,M1,M1_C00059,6,351,6.0,False,False,0
M1|C00059,mCherry-high,M1,M1_C00059,3,351,3.0,False,False,0
M1|C00059,mCherry-high,M1,M1_C00059,1,351,1.0,False,False,0
M1|C00059,mCherry-high,M1,M1_C00059,1,351,1.0,False,False,0
M1|C00060,mCherry-low,M1,M1_C00060,0,351,0.0,False,True,5
M1|C00060,mCherry-high,M1,M1_C00060,0,351,0.0,False,True,5
M1|C00060,mCherry-low,M1,M1_C00060,3,351,3.0,False,False,0
M1|C00060,mCherry-high,M1,M1_C00060,2,351,2.0,False,False,0
M1|C00060,mCherry-high,M1,M1_C00060,1,351,1.0,False,False,0
M1|C00060,mCherry-low,M1,M1_C00060,3,351,3.0,False,False,0
M1|C00060,mCherry-high,M1,M1_C00060,2,351,2.0,False,False,0
M1|C00061,mCherry-high,M1,M1_C00061,3,351,3.0,False,False,0
M1|C00061,mCherry-high,M1,M1_C00061,2,351,2.0,False,False,0
M1|C00061,mCherry-high,M1,M1_C00061,4,351,4.0,False,False,0
M1|C00061,mCherry-high,M1,M1_C00061,3,351,3.0,False,False,0
M1|C00061,mCherry-high,M1,M1_C00061,3,351,3.0,False,False,0
M1|C00061,mCherry-low,M1,M1_C00061,7,351,7.0,False,False,0
M1|C00061,mCherry-low,M1,M1_C00061,3,351,3.0,False,False,0
M1|C00062,mCherry-high,M1,M1_C00062,0,351,0.0,False,True,4
M1|C00062,mCherry-high,M1,M1_C00062,0,351,0.0,False,True,4
M1|C00062,mCherry-high,M1,M1_C00062,2,351,2.0,False,False,0
M1|C00062,mCherry-high,M1,M1_C00062,2,351,2.0,False,False,0
M1|C00062,mCherry-low,M1,M1_C00062,7,351,7.0,False,False,0
M1|C00062,mCherry-low,M1,M1_C00062,7,351,7.0,False,False,0
M1|C00062,mCherry-low,M1,M1_C00062,7,351,7.0,False,False,0
M1|C00063,mCherry-low,M1,M1_C00063,0,351,0.0,False,True,5
M1|C00063,mCherry-high,M1,M1_C00063,0,351,0.0,False,True,5
M1|C00063,mCherry-high,M1,M1_C00063,1,351,1.0,False,False,0
M1|C00063,mCherry-high,M1,M1_C00063,1,351,1.0,False,False,0
M1|C00063,mCherry-high,M1,M1_C00063,1,351,1.0,False,False,0
M1|C00063,mCherry-high,M1,M1_C00063,4,351,4.0,False,False,0
M1|C00063,mCherry-high,M1,M1_C00063,4,351,4.0,False,False,0
M1|C00064,mCherry-high,M1,M1_C00064,1,380,1.0,False,False,0
M1|C00064,mCherry-low,M1,M1_C00064,3,380,3.0,False,False,0
M1|C00064,mCherry-high,M1,M1_C00064,2,380,2.0,False,False,0
M1|C00064,mCherry-high,M1,M1_C00064,3,380,3.0,False,False,0
M1|C00064,mCherry-low,M1,M1_C00064,5,380,5.0,False,False,0
M1|C00064,mCherry-high,M1,M1_C00064,4,380,4.0,False,False,0
M1|C00064,mCherry-high,M1,M1_C00064,3,380,3.0,False,False,0
M1|C00065,mCherry-low,M1,M1_C00065,1,350,1.0,False,False,0
M1|C00065,mCherry-low,M1,M1_C00065,5,350,5.0,False,False,0
M1|C00065,mCherry-low,M1,M1_C00065,3,350,3.0,False,False,0
M1|C00065,mCherry-low,M1,M1_C00065,3,350,3.0,True,False,1
M1|C00065,mCherry-low,M1,M1_C00065,3,350,3.0,True,False,1
M1|C00065,mCherry-low,M1,M1_C00065,3,350,3.0,True,False,1
M1|C00065,mCherry-low,M1,M1_C00065,6,350,6.0,False,False,0
M1|C00066,mCherry-high,M1,M1_C00066,2,350,2.0,False,False,0
M1|C00066,mCherry-high,M1,M1_C00066,3,350,3.0,False,False,0
M1|C00066,mCherry-high,M1,M1_C00066,1,350,1.0,False,False,0
M1|C00066,mCherry-high,M1,M1_C00066,4,350,4.0,False,False,0
M1|C00066,mCherry-high,M1,M1_C00066,2,350,2.0,False,False,0
M1|C00066,mCherry-low,M1,M1_C00066,3,350,3.0,False,False,0
M1|C00067,mCherry-low,M1,M1_C00067,0,358,0.0,False,True,5
M1|C00067,mCherry-low,M1,M1_C00067,2,358,2.0,False,False,0
M1|C00067,mCherry-low,M1,M1_C00067,1,358,1.0,False,False,0
M1|C00067,mCherry-low,M1,M1_C00067,1,358,1.0,False,False,0
M1|C00067,mCherry-low,M1,M1_C00067,1,358,1.0,True,False,1
M1|C00067,mCherry-low,M1,M1_C00067,4,358,4.0,False,False,0
M1|C00068,mCherry-high,M1,M1_C00068,0,351,0.0,False,True,2
M1|C00068,mCherry-high,M1,M1_C00068,0,351,0.0,False,True,2
M1|C00068,mCherry-high,M1,M1_C00068,0,351,0.0,False,True,2
M1|C00068,mCherry-high,M1,M1_C00068,3,351,3.0,False,False,0
M1|C00068,mCherry-high,M1,M1_C00068,1,351,1.0,False,False,0
M1|C00069,mCherry-low,M1,M1_C00069,0,351,0.0,False,True,3
M1|C00069,mCherry-high,M1,M1_C00069,0,351,0.0,False,True,3
M1|C00069,mCherry-high,M1,M1_C00069,2,351,2.0,False,False,0
M1|C00069,mCherry-low,M1,M1_C00069,1,351,1.0,False,False,0
M1|C00069,mCherry-high,M1,M1_C00069,1,351,1.0,False,False,0
M1|C00070,mCherry-low,M1,M1_C00070,2,351,2.0,False,False,0
M1|C00070,mCherry-low,M1,M1_C00070,2,351,2.0,False,False,0
M1|C00070,mCherry-low,M1,M1_C00070,2,351,2.0,True,False,1
M1|C00070,mCherry-low,M1,M1_C00070,4,351,4.0,False,False,0
M1|C00070,mCherry-high,M1,M1_C00070,5,351,5.0,False,False,0
M1|C00070,mCherry-high,M1,M1_C00070,4,351,4.0,False,False,0
M1|C00071,mCherry-low,M1,M1_C00071,0,351,0.0,False,True,4
M1|C00071,mCherry-low,M1,M1_C00071,0,351,0.0,False,True,4
M1|C00071,mCherry-low,M1,M1_C00071,2,351,2.0,False,False,0
M1|C00071,mCherry-low,M1,M1_C00071,2,351,2.0,False,False,0
M1|C00071,mCherry-low,M1,M1_C00071,1,351,1.0,False,False,0
M1|C00071,mCherry-low,M1,M1_C00071,1,351,1.0,False,False,0
M1|C00072,mCherry-low,M1,M1_C00072,2,351,2.0,False,False,0
M1|C00072,mCherry-low,M1,M1_C00072,2,351,2.0,False,False,0
M1|C00072,mCherry-low,M1,M1_C00072,2,351,2.0,True,False,2
M1|C00072,mCherry-low,M1,M1_C00072,2,351,2.0,True,False,2
M1|C00072,mCherry-low,M1,M1_C00072,3,351,3.0,False,False,0
M1|C00072,mCherry-low,M1,M1_C00072,3,351,3.0,False,False,0
M1|C00073,mCherry-high,M1,M1_C00073,3,351,3.0,False,False,0
M1|C00073,mCherry-high,M1,M1_C00073,3,351,3.0,False,False,0
M1|C00073,mCherry-low,M1,M1_C00073,1,351,1.0,False,False,0
M1|C00073,mCherry-high,M1,M1_C00073,1,351,1.0,False,False,0
M1|C00073,mCherry-high,M1,M1_C00073,2,351,2.0,False,False,0
M1|C00073,mCherry-high,M1,M1_C00073,6,351,6.0,False,False,0
M1|C00074,mCherry-low,M1,M1_C00074,0,351,0.0,False,True,5
M1|C00074,mCherry-low,M1,M1_C00074,5,351,5.0,False,False,0
M1|C00074,mCherry-low,M1,M1_C00074,2,351,2.0,False,False,0
M1|C00074,mCherry-high,M1,M1_C00074,4,351,4.0,False,False,0
M1|C00074,mCherry-low,M1,M1_C00074,2,351,2.0,False,False,0
M1|C00074,mCherry-high,M1,M1_C00074,4,351,4.0,False,False,0
M1|C00076,mCherry-high,M1,M1_C00076,0,351,0.0,False,True,5
M1|C00076,mCherry-high,M1,M1_C00076,2,351,2.0,False,False,0
M1|C00076,mCherry-high,M1,M1_C00076,1,351,1.0,False,False,0
M1|C00076,mCherry-high,M1,M1_C00076,2,351,2.0,False,False,0
M1|C00076,mCherry-high,M1,M1_C00076,1,351,1.0,False,False,0
M1|C00076,mCherry-high,M1,M1_C00076,1,351,1.0,False,False,0
M1|C00077,mCherry-low,M1,M1_C00077,1,351,1.0,True,False,2
M1|C00077,mCherry-low,M1,M1_C00077,1,351,1.0,True,False,2
M1|C00077,mCherry-low,M1,M1_C00077,2,351,2.0,False,False,0
M1|C00077,mCherry-low,M1,M1_C00077,2,351,2.0,False,False,0
M1|C00077,mCherry-low,M1,M1_C00077,2,351,2.0,False,False,0
M1|C00077,mCherry-low,M1,M1_C00077,2,351,2.0,False,False,0
M1|C00078,mCherry-low,M1,M1_C00078,2,350,2.0,True,False,2
M1|C00078,mCherry-low,M1,M1_C00078,2,350,2.0,True,False,2
M1|C00078,mCherry-low,M1,M1_C00078,2,350,2.0,True,False,2
M1|C00078,mCherry-high,M1,M1_C00078,2,350,2.0,True,False,2
M1|C00078,mCherry-low,M1,M1_C00078,3,350,3.0,False,False,0
M1|C00078,mCherry-low,M1,M1_C00078,5,350,5.0,False,False,0
M1|C00079,mCherry-low,M1,M1_C00079,0,359,0.0,False,True,4
M1|C00079,mCherry-low,M1,M1_C00079,0,359,0.0,False,True,4
M1|C00079,mCherry-low,M1,M1_C00079,4,359,4.0,False,False,0
M1|C00079,mCherry-low,M1,M1_C00079,1,359,1.0,False,False,0
M1|C00079,mCherry-low,M1,M1_C00079,2,359,2.0,False,False,0
M1|C00079,mCherry-high,M1,M1_C00079,2,359,2.0,False,False,0
M1|C00081,mCherry-low,M1,M1_C00081,1,353,1.0,True,False,2
M1|C00081,mCherry-low,M1,M1_C00081,1,353,1.0,True,False,2
M1|C00081,mCherry-high,M1,M1_C00081,1,353,1.0,True,False,2
M1|C00081,mCherry-high,M1,M1_C00081,2,353,2.0,False,False,0
M1|C00081,mCherry-low,M1,M1_C00081,2,353,2.0,False,False,0
M1|C00082,mCherry-low,M1,M1_C00082,0,351,0.0,False,True,2
M1|C00082,mCherry-low,M1,M1_C00082,0,351,0.0,False,True,2
M1|C00082,mCherry-high,M1,M1_C00082,0,351,0.0,False,True,2
M1|C00082,mCherry-low,M1,M1_C00082,4,351,4.0,False,False,0
M1|C00082,mCherry-low,M1,M1_C00082,1,351,1.0,False,False,0
M1|C00083,mCherry-high,M1,M1_C00083,2,350,2.0,True,False,3
M1|C00083,mCherry-high,M1,M1_C00083,2,350,2.0,True,False,3
M1|C00083,mCherry-high,M1,M1_C00083,3,350,3.0,False,False,0
M1|C00083,mCherry-low,M1,M1_C00083,3,350,3.0,False,False,0
M1|C00083,mCherry-low,M1,M1_C00083,5,350,5.0,False,False,0
M1|C00084,mCherry-low,M1,M1_C00084,4,351,4.0,False,False,0
M1|C00084,mCherry-high,M1,M1_C00084,4,351,4.0,False,False,0
M1|C00084,mCherry-low,M1,M1_C00084,5,351,5.0,True,False,1
M1|C00084,mCherry-high,M1,M1_C00084,5,351,5.0,True,False,1
M1|C00084,mCherry-low,M1,M1_C00084,8,351,8.0,False,False,0
M1|C00085,mCherry-high,M1,M1_C00085,5,351,5.0,False,False,0
M1|C00085,mCherry-low,M1,M1_C00085,2,351,2.0,True,False,2
M1|C00085,mCherry-low,M1,M1_C00085,2,351,2.0,True,False,2
M1|C00085,mCherry-low,M1,M1_C00085,8,351,8.0,False,False,0
M1|C00085,mCherry-low,M1,M1_C00085,5,351,5.0,False,False,0
M1|C00087,mCherry-low,M1,M1_C00087,0,351,0.0,False,True,4
M1|C00087,mCherry-high,M1,M1_C00087,2,351,2.0,False,False,0
M1|C00087,mCherry-low,M1,M1_C00087,1,351,1.0,False,False,0
M1|C00087,mCherry-high,M1,M1_C00087,1,351,1.0,False,False,0
M1|C00087,mCherry-low,M1,M1_C00087,2,351,2.0,False,False,0
M1|C00089,mCherry-high,M1,M1_C00089,1,357,1.0,True,False,3
M1|C00089,mCherry-high,M1,M1_C00089,1,357,1.0,True,False,3
M1|C00089,mCherry-high,M1,M1_C00089,2,357,2.0,False,False,0
M1|C00089,mCherry-high,M1,M1_C00089,2,357,2.0,False,False,0
M1|C00089,mCherry-high,M1,M1_C00089,4,357,4.0,False,False,0
M1|C00090,mCherry-high,M1,M1_C00090,2,351,2.0,False,False,0
M1|C00090,mCherry-low,M1,M1_C00090,4,351,4.0,False,False,0
M1|C00090,mCherry-low,M1,M1_C00090,3,351,3.0,False,False,0
M1|C00090,mCherry-high,M1,M1_C00090,6,351,8.0,False,False,0
M1|C00090,mCherry-high,M1,M1_C00090,5,351,5.0,False,False,0
M1|C00091,mCherry-low,M1,M1_C00091,0,351,0.0,False,True,3
M1|C00091,mCherry-high,M1,M1_C00091,0,351,0.0,False,True,3
M1|C00091,mCherry-high,M1,M1_C00091,1,351,1.0,False,False,0
M1|C00091,mCherry-high,M1,M1_C00091,1,351,1.0,False,False,0
M1|C00091,mCherry-low,M1,M1_C00091,2,351,2.0,False,False,0
M1|C00092,mCherry-low,M1,M1_C00092,0,359,0.0,False,True,3
M1|C00092,mCherry-low,M1,M1_C00092,0,359,0.0,False,True,3
M1|C00092,mCherry-low,M1,M1_C00092,1,359,1.0,False,False,0
M1|C00092,mCherry-low,M1,M1_C00092,2,359,2.0,False,False,0
M1|C00092,mCherry-low,M1,M1_C00092,3,359,3.0,False,False,0
M1|C00093,mCherry-low,M1,M1_C00093,0,351,0.0,False,True,3
M1|C00093,mCherry-high,M1,M1_C00093,6,351,6.0,False,False,0
M1|C00093,mCherry-high,M1,M1_C00093,4,351,4.0,False,False,0
M1|C00093,mCherry-high,M1,M1_C00093,2,351,2.0,False,False,0
M1|C00094,mCherry-low,M1,M1_C00094,1,350,1.0,False,False,0
M1|C00094,mCherry-low,M1,M1_C00094,1,350,1.0,False,False,0
M1|C00094,mCherry-low,M1,M1_C00094,2,350,2.0,False,False,0
M1|C00094,mCherry-low,M1,M1_C00094,2,350,2.0,False,False,0
M1|C00095,mCherry-high,M1,M1_C00095,1,350,1.0,True,False,3
M1|C00095,mCherry-high,M1,M1_C00095,5,350,5.0,False,False,0
M1|C00095,mCherry-low,M1,M1_C00095,3,350,3.0,False,False,0
M1|C00095,mCherry-high,M1,M1_C00095,5,350,5.0,False,False,0
M1|C00097,mCherry-low,M1,M1_C00097,0,351,0.0,False,True,3
M1|C00097,mCherry-high,M1,M1_C00097,3,351,3.0,False,False,0
M1|C00097,mCherry-low,M1,M1_C00097,2,351,2.0,False,False,0
M1|C00097,mCherry-high,M1,M1_C00097,2,351,2.0,False,False,0
M1|C00099,mCherry-low,M1,M1_C00099,0,351,0.0,False,True,3
M1|C00099,mCherry-low,M1,M1_C00099,4,351,4.0,False,False,0
M1|C00099,mCherry-high,M1,M1_C00099,2,351,2.0,False,False,0
M1|C00099,mCherry-low,M1,M1_C00099,1,351,1.0,False,False,0
M1|C00100,mCherry-high,M1,M1_C00100,1,351,1.0,False,False,0
M1|C00100,mCherry-high,M1,M1_C00100,1,351,1.0,True,False,2
M1|C00100,mCherry-high,M1,M1_C00100,4,351,4.0,False,False,0
M1|C00100,mCherry-high,M1,M1_C00100,2,351,2.0,False,False,0
M1|C00101,mCherry-high,M1,M1_C00101,2,351,2.0,False,False,0
M1|C00101,mCherry-high,M1,M1_C00101,1,351,1.0,False,False,0
M1|C00101,mCherry-high,M1,M1_C00101,2,351,2.0,False,False,0
M1|C00101,mCherry-high,M1,M1_C00101,5,351,5.0,False,False,0
M1|C00102,mCherry-high,M1,M1_C00102,1,351,1.0,False,False,0
M1|C00102,mCherry-low,M1,M1_C00102,1,351,1.0,False,False,0
M1|C00102,mCherry-high,M1,M1_C00102,7,351,7.0,False,False,0
M1|C00102,mCherry-low,M1,M1_C00102,6,351,6.0,False,False,0
M1|C00103,mCherry-low,M1,M1_C00103,0,351,0.0,False,True,2
M1|C00103,mCherry-low,M1,M1_C00103,0,351,0.0,False,True,2
M1|C00103,mCherry-low,M1,M1_C00103,2,351,2.0,False,False,0
M1|C00103,mCherry-low,M1,M1_C00103,2,351,2.0,False,False,0
M1|C00104,mCherry-low,M1,M1_C00104,3,351,4.0,False,False,0
M1|C00104,mCherry-high,M1,M1_C00104,6,351,6.0,False,False,0
M1|C00104,mCherry-high,M1,M1_C00104,5,351,5.0,False,False,0
M1|C00104,mCherry-high,M1,M1_C00104,3,351,3.0,False,False,0
M1|C00106,mCherry-low,M1,M1_C00106,1,351,1.0,False,False,0
M1|C00106,mCherry-low,M1,M1_C00106,5,351,5.0,False,False,0
M1|C00106,mCherry-low,M1,M1_C00106,3,351,3.0,True,False,1
M1|C00106,mCherry-low,M1,M1_C00106,4,351,4.0,False,False,0
M1|C00108,mCherry-low,M1,M1_C00108,0,351,0.0,False,True,2
M1|C00108,mCherry-low,M1,M1_C00108,0,351,0.0,False,True,2
M1|C00108,mCherry-low,M1,M1_C00108,1,351,1.0,False,False,0
M1|C00108,mCherry-low,M1,M1_C00108,3,351,3.0,False,False,0
M1|C00109,mCherry-low,M1,M1_C00109,2,351,2.0,True,False,1
M1|C00109,mCherry-low,M1,M1_C00109,2,351,2.0,True,False,1
M1|C00109,mCherry-low,M1,M1_C00109,2,351,2.0,True,False,1
M1|C00109,mCherry-low,M1,M1_C00109,4,351,4.0,False,False,0
M1|C00110,mCherry-high,M1,M1_C00110,3,353,3.0,False,False,0
M1|C00110,mCherry-low,M1,M1_C00110,2,353,2.0,False,False,0
M1|C00110,mCherry-high,M1,M1_C00110,1,353,1.0,True,False,1
M1|C00110,mCherry-low,M1,M1_C00110,2,353,2.0,False,False,0
M1|C00111,mCherry-low,M1,M1_C00111,8,350,8.0,False,False,0
M1|C00111,mCherry-low,M1,M1_C00111,6,350,7.0,True,False,1
M1|C00111,mCherry-low,M1,M1_C00111,6,350,7.0,True,False,1
M1|C00111,mCherry-low,M1,M1_C00111,7,350,8.0,False,False,0
M1|C00112,mCherry-low,M1,M1_C00112,0,350,0.0,False,True,3
M1|C00112,mCherry-low,M1,M1_C00112,6,350,6.0,False,False,0
M1|C00112,mCherry-high,M1,M1_C00112,2,350,2.0,False,False,0
M1|C00112,mCherry-low,M1,M1_C00112,1,350,1.0,False,False,0
M1|C00113,mCherry-low,M1,M1_C00113,3,350,3.0,False,False,0
M1|C00113,mCherry-low,M1,M1_C00113,2,350,2.0,False,False,0
M1|C00113,mCherry-low,M1,M1_C00113,4,350,4.0,False,False,0
M1|C00113,mCherry-low,M1,M1_C00113,4,350,4.0,False,False,0
M1|C00114,mCherry-high,M1,M1_C00114,5,351,5.0,False,False,0
M1|C00114,mCherry-low,M1,M1_C00114,8,351,8.0,False,False,0
M1|C00114,mCherry-low,M1,M1_C00114,8,351,8.0,False,False,0
M1|C00114,mCherry-low,M1,M1_C00114,8,351,9.0,False,False,0
M1|C00115,mCherry-high,M1,M1_C00115,5,351,5.0,False,False,0
M1|C00115,mCherry-high,M1,M1_C00115,4,351,4.0,False,False,0
M1|C00115,mCherry-high,M1,M1_C00115,2,351,2.0,False,False,0
M1|C00117,mCherry-low,M1,M1_C00117,0,351,0.0,False,True,3
M1|C00117,mCherry-low,M1,M1_C00117,1,351,1.0,False,False,0
M1|C00117,mCherry-low,M1,M1_C00117,2,351,2.0,False,False,0
M1|C00117,mCherry-high,M1,M1_C00117,2,351,2.0,False,False,0
M1|C00119,mCherry-low,M1,M1_C00119,5,351,5.0,False,False,0
M1|C00119,mCherry-low,M1,M1_C00119,5,351,5.0,False,False,0
M1|C00119,mCherry-low,M1,M1_C00119,3,351,3.0,False,False,0
M1|C00119,mCherry-low,M1,M1_C00119,3,351,3.0,False,False,0
M1|C00120,mCherry-low,M1,M1_C00120,2,351,2.0,False,False,0
M1|C00120,mCherry-high,M1,M1_C00120,4,351,4.0,False,False,0
M1|C00120,mCherry-high,M1,M1_C00120,1,351,1.0,False,False,0
M1|C00120,mCherry-high,M1,M1_C00120,1,351,1.0,False,False,0
M1|C00122,mCherry-low,M1,M1_C00122,0,353,0.0,False,True,2
M1|C00122,mCherry-low,M1,M1_C00122,0,353,0.0,False,True,2
M1|C00122,mCherry-high,M1,M1_C00122,1,353,1.0,False,False,0
M1|C00122,mCherry-low,M1,M1_C00122,2,353,2.0,False,False,0
M1|C00123,mCherry-high,M1,M1_C00123,2,351,2.0,False,False,0
M1|C00123,mCherry-high,M1,M1_C00123,6,351,6.0,False,False,0
M1|C00123,mCherry-high,M1,M1_C00123,3,351,3.0,False,False,0
M1|C00124,mCherry-low,M1,M1_C00124,9,350,9.0,False,False,0
M1|C00124,mCherry-high,M1,M1_C00124,5,350,5.0,False,False,0
M1|C00124,mCherry-high,M1,M1_C00124,6,350,6.0,False,False,0
M1|C00125,mCherry-high,M1,M1_C00125,3,350,3.0,False,False,0
M1|C00125,mCherry-high,M1,M1_C00125,4,350,4.0,False,False,0
M1|C00125,mCherry-high,M1,M1_C00125,2,350,2.0,False,False,0
M1|C00127,mCherry-low,M1,M1_C00127,4,351,4.0,False,False,0
M1|C00127,mCherry-high,M1,M1_C00127,3,351,3.0,False,False,0
M1|C00127,mCherry-high,M1,M1_C00127,1,351,1.0,False,False,0
M1|C00128,mCherry-high,M1,M1_C00128,5,351,5.0,False,False,0
M1|C00128,mCherry-high,M1,M1_C00128,2,351,2.0,False,False,0
M1|C00128,mCherry-high,M1,M1_C00128,2,351,2.0,False,False,0
M1|C00129,mCherry-low,M1,M1_C00129,2,351,2.0,False,False,0
M1|C00129,mCherry-high,M1,M1_C00129,3,351,3.0,False,False,0
M1|C00129,mCherry-high,M1,M1_C00129,1,351,1.0,False,False,0
M1|C00130,mCherry-low,M1,M1_C00130,3,351,3.0,False,False,0
M1|C00130,mCherry-low,M1,M1_C00130,5,351,5.0,False,False,0
M1|C00130,mCherry-low,M1,M1_C00130,7,351,7.0,False,False,0
M1|C00131,mCherry-low,M1,M1_C00131,4,351,4.0,False,False,0
M1|C00131,mCherry-low,M1,M1_C00131,2,351,2.0,True,False,1
M1|C00131,mCherry-low,M1,M1_C00131,5,351,5.0,False,False,0
M1|C00132,mCherry-high,M1,M1_C00132,0,351,0.0,False,True,2
M1|C00132,mCherry-low,M1,M1_C00132,7,351,7.0,True,False,1
M1|C00132,mCherry-low,M1,M1_C00132,8,351,8.0,False,False,0
M1|C00135,mCherry-low,M1,M1_C00135,3,351,3.0,True,False,2
M1|C00135,mCherry-high,M1,M1_C00135,5,351,5.0,False,False,0
M1|C00135,mCherry-low,M1,M1_C00135,7,351,7.0,False,False,0
M1|C00136,mCherry-high,M1,M1_C00136,1,351,1.0,False,False,0
M1|C00136,mCherry-low,M1,M1_C00136,4,351,4.0,False,False,0
M1|C00136,mCherry-high,M1,M1_C00136,4,351,4.0,False,False,0
M1|C00137,mCherry-low,M1,M1_C00137,3,351,3.0,True,False,2
M1|C00137,mCherry-low,M1,M1_C00137,6,351,6.0,False,False,0
M1|C00137,mCherry-low,M1,M1_C00137,5,351,5.0,False,False,0
M1|C00143,mCherry-low,M1,M1_C00143,2,351,2.0,False,False,0
M1|C00143,mCherry-low,M1,M1_C00143,3,351,3.0,False,False,0
M1|C00143,mCherry-high,M1,M1_C00143,3,351,3.0,False,False,0
M1|C00145,mCherry-high,M1,M1_C00145,2,351,2.0,False,False,0
M1|C00145,mCherry-high,M1,M1_C00145,5,351,5.0,False,False,0
M1|C00145,mCherry-low,M1,M1_C00145,6,351,6.0,False,False,0
M1|C00147,mCherry-high,M1,M1_C00147,3,351,3.0,False,False,0
M1|C00147,mCherry-high,M1,M1_C00147,2,351,2.0,False,False,0
M1|C00147,mCherry-high,M1,M1_C00147,3,351,3.0,False,False,0
M1|C00148,mCherry-high,M1,M1_C00148,3,351,3.0,False,False,0
M1|C00148,mCherry-high,M1,M1_C00148,3,351,3.0,False,False,0
M1|C00148,mCherry-high,M1,M1_C00148,3,351,3.0,False,False,0
M1|C00149,mCherry-high,M1,M1_C00149,4,351,4.0,True,False,1
M1|C00149,mCherry-high,M1,M1_C00149,4,351,4.0,True,False,1
M1|C00149,mCherry-high,M1,M1_C00149,7,351,7.0,False,False,0
M1|C00150,mCherry-low,M1,M1_C00150,6,351,6.0,False,False,0
M1|C00150,mCherry-high,M1,M1_C00150,6,351,6.0,False,False,0
M1|C00150,mCherry-high,M1,M1_C00150,5,351,5.0,False,False,0
M1|C00151,mCherry-high,M1,M1_C00151,2,351,2.0,False,False,0
M1|C00151,mCherry-high,M1,M1_C00151,5,351,5.0,False,False,0
M1|C00151,mCherry-high,M1,M1_C00151,2,351,2.0,False,False,0
M1|C00152,mCherry-low,M1,M1_C00152,3,351,3.0,False,False,0
M1|C00152,mCherry-high,M1,M1_C00152,3,351,3.0,False,False,0
M1|C00152,mCherry-low,M1,M1_C00152,1,351,1.0,False,False,0
M1|C00154,mCherry-low,M1,M1_C00154,0,351,0.0,False,True,2
M1|C00154,mCherry-high,M1,M1_C00154,2,351,2.0,False,False,0
M1|C00154,mCherry-high,M1,M1_C00154,2,351,2.0,False,False,0
M1|C00155,mCherry-high,M1,M1_C00155,3,342,3.0,False,False,0
M1|C00155,mCherry-high,M1,M1_C00155,145,342,147.0,False,False,0
M1|C00155,mCherry-high,M1,M1_C00155,5,342,5.0,False,False,0
M1|C00156,mCherry-high,M1,M1_C00156,1,353,1.0,False,False,0
M1|C00156,mCherry-high,M1,M1_C00156,2,353,2.0,False,False,0
M1|C00156,mCherry-low,M1,M1_C00156,3,353,3.0,False,False,0
M1|C00157,mCherry-low,M1,M1_C00157,0,350,0.0,False,True,2
M1|C00157,mCherry-low,M1,M1_C00157,3,350,3.0,False,False,0
M1|C00157,mCherry-low,M1,M1_C00157,1,350,1.0,False,False,0
M1|C00159,mCherry-high,M1,M1_C00159,5,359,5.0,False,False,0
M1|C00159,mCherry-low,M1,M1_C00159,6,359,6.0,False,False,0
M1|C00159,mCherry-low,M1,M1_C00159,11,359,11.0,False,False,0
M1|C00160,mCherry-low,M1,M1_C00160,0,351,0.0,False,True,2
M1|C00160,mCherry-low,M1,M1_C00160,3,351,3.0,False,False,0
M1|C00160,mCherry-low,M1,M1_C00160,2,351,2.0,False,False,0
M2|C00002,mCherry-low,M2,M2_C00002,0,351,0.0,False,True,91
M2|C00002,mCherry-low,M2,M2_C00002,0,351,0.0,False,True,91
M2|C00002,mCherry-high,M2,M2_C00002,0,351,0.0,False,True,91
M2|C00002,mCherry-high,M2,M2_C00002,0,351,0.0,False,True,91
M2|C00002,mCherry-high,M2,M2_C00002,0,351,0.0,False,True,91
M2|C00002,mCherry-high,M2,M2_C00002,0,351,0.0,False,True,91
M2|C00002,mCherry-high,M2,M2_C00002,0,351,0.0,False,True,91
M2|C00002,mCherry-high,M2,M2_C00002,0,351,0.0,False,True,91
M2|C00002,mCherry-high,M2,M2_C00002,0,351,0.0,False,True,91
M2|C00002,mCherry-high,M2,M2_C00002,0,351,0.0,False,True,91
M2|C00002,mCherry-low,M2,M2_C00002,6,351,6.0,False,False,0
M2|C00002,mCherry-high,M2,M2_C00002,1,351,1.0,False,False,0
M2|C00002,mCherry-high,M2,M2_C00002,1,351,1.0,False,False,0
M2|C00002,mCherry-high,M2,M2_C00002,2,351,2.0,False,False,0
M2|C00002,mCherry-high,M2,M2_C00002,1,351,1.0,False,False,0
M2|C00002,mCherry-low,M2,M2_C00002,2,351,2.0,False,False,0
M2|C00002,mCherry-low,M2,M2_C00002,3,351,3.0,False,False,0
M2|C00002,mCherry-high,M2,M2_C00002,1,351,1.0,False,False,0
M2|C00002,mCherry-high,M2,M2_C00002,2,351,2.0,False,False,0
M2|C00002,mCherry-high,M2,M2_C00002,1,351,1.0,False,False,0
M2|C00002,mCherry-low,M2,M2_C00002,2,351,2.0,False,False,0
M2|C00002,mCherry-low,M2,M2_C00002,1,351,1.0,False,False,0
M2|C00002,mCherry-high,M2,M2_C00002,1,351,1.0,False,False,0
M2|C00002,mCherry-high,M2,M2_C00002,1,351,1.0,False,False,0
M2|C00002,mCherry-high,M2,M2_C00002,4,351,4.0,False,False,0
M2|C00002,mCherry-high,M2,M2_C00002,2,351,2.0,False,False,0
M2|C00002,mCherry-high,M2,M2_C00002,1,351,1.0,True,False,1
M2|C00002,mCherry-high,M2,M2_C00002,1,351,1.0,True,False,1
M2|C00002,mCherry-low,M2,M2_C00002,1,351,1.0,True,False,1
M2|C00002,mCherry-low,M2,M2_C00002,1,351,1.0,False,False,0
M2|C00002,mCherry-high,M2,M2_C00002,1,351,1.0,False,False,0
M2|C00002,mCherry-high,M2,M2_C00002,1,351,1.0,True,False,2
M2|C00002,mCherry-high,M2,M2_C00002,2,351,2.0,True,False,3
M2|C00002,mCherry-low,M2,M2_C00002,1,351,1.0,True,False,4
M2|C00002,mCherry-high,M2,M2_C00002,1,351,1.0,True,False,3
M2|C00002,mCherry-high,M2,M2_C00002,1,351,1.0,True,False,3
M2|C00002,mCherry-low,M2,M2_C00002,1,351,1.0,True,False,4
M2|C00002,mCherry-high,M2,M2_C00002,1,351,1.0,True,False,5
M2|C00002,mCherry-high,M2,M2_C00002,2,351,2.0,True,False,5
M2|C00002,mCherry-high,M2,M2_C00002,1,351,1.0,True,False,6
M2|C00002,mCherry-high,M2,M2_C00002,1,351,1.0,True,False,6
M2|C00002,mCherry-low,M2,M2_C00002,1,351,1.0,True,False,6
M2|C00002,mCherry-high,M2,M2_C00002,1,351,1.0,True,False,6
M2|C00002,mCherry-high,M2,M2_C00002,1,351,1.0,True,False,12
M2|C00002,mCherry-high,M2,M2_C00002,4,351,4.0,False,False,0
M2|C00002,mCherry-low,M2,M2_C00002,2,351,2.0,False,False,0
M2|C00002,mCherry-low,M2,M2_C00002,3,351,3.0,False,False,0
M2|C00002,mCherry-high,M2,M2_C00002,2,351,2.0,False,False,0
M2|C00002,mCherry-high,M2,M2_C00002,3,351,3.0,False,False,0
M2|C00002,mCherry-low,M2,M2_C00002,4,351,4.0,False,False,0
M2|C00002,mCherry-low,M2,M2_C00002,3,351,3.0,True,False,1
M2|C00002,mCherry-high,M2,M2_C00002,3,351,3.0,False,False,0
M2|C00002,mCherry-high,M2,M2_C00002,2,351,2.0,False,False,0
M2|C00002,mCherry-high,M2,M2_C00002,3,351,3.0,False,False,0
M2|C00002,mCherry-high,M2,M2_C00002,2,351,3.0,False,False,0
M2|C00002,mCherry-low,M2,M2_C00002,4,351,4.0,False,False,0
M2|C00002,mCherry-low,M2,M2_C00002,4,351,4.0,False,False,0
M2|C00002,mCherry-low,M2,M2_C00002,2,351,2.0,False,False,0
M2|C00002,mCherry-low,M2,M2_C00002,5,351,5.0,False,False,0
M2|C00002,mCherry-low,M2,M2_C00002,1,351,2.0,False,False,0
M2|C00002,mCherry-low,M2,M2_C00002,2,351,2.0,False,False,0
M2|C00002,mCherry-high,M2,M2_C00002,3,351,3.0,False,False,0
M2|C00002,mCherry-low,M2,M2_C00002,3,351,3.0,False,False,0
M2|C00002,mCherry-low,M2,M2_C00002,4,351,4.0,False,False,0
M2|C00002,mCherry-high,M2,M2_C00002,5,351,5.0,False,False,0
M2|C00002,mCherry-high,M2,M2_C00002,3,351,3.0,False,False,0
M2|C00002,mCherry-low,M2,M2_C00002,9,351,9.0,False,False,0
M2|C00002,mCherry-high,M2,M2_C00002,2,351,2.0,False,False,0
M2|C00002,mCherry-high,M2,M2_C00002,2,351,2.0,False,False,0
M2|C00002,mCherry-high,M2,M2_C00002,4,351,4.0,False,False,0
M2|C00002,mCherry-high,M2,M2_C00002,3,351,3.0,False,False,0
M2|C00002,mCherry-high,M2,M2_C00002,3,351,3.0,False,False,0
M2|C00002,mCherry-high,M2,M2_C00002,4,351,4.0,False,False,0
M2|C00002,mCherry-high,M2,M2_C00002,3,351,3.0,False,False,0
M2|C00002,mCherry-low,M2,M2_C00002,3,351,3.0,True,False,4
M2|C00002,mCherry-low,M2,M2_C00002,3,351,3.0,True,False,4
M2|C00002,mCherry-high,M2,M2_C00002,3,351,3.0,True,False,4
M2|C00002,mCherry-high,M2,M2_C00002,2,351,2.0,False,False,0
M2|C00002,mCherry-low,M2,M2_C00002,4,351,4.0,False,False,0
M2|C00002,mCherry-high,M2,M2_C00002,4,351,4.0,False,False,0
M2|C00002,mCherry-high,M2,M2_C00002,4,351,4.0,False,False,0
M2|C00002,mCherry-high,M2,M2_C00002,5,351,5.0,False,False,0
M2|C00002,mCherry-low,M2,M2_C00002,3,351,3.0,False,False,0
M2|C00002,mCherry-high,M2,M2_C00002,3,351,3.0,False,False,0
M2|C00002,mCherry-high,M2,M2_C00002,2,351,2.0,True,False,1
M2|C00002,mCherry-high,M2,M2_C00002,2,351,2.0,True,False,3
M2|C00002,mCherry-low,M2,M2_C00002,4,351,6.0,False,False,0
M2|C00002,mCherry-high,M2,M2_C00002,2,351,3.0,False,False,0
M2|C00002,mCherry-low,M2,M2_C00002,4,351,5.0,False,False,0
M2|C00002,mCherry-high,M2,M2_C00002,2,351,4.0,False,False,0
M2|C00002,mCherry-high,M2,M2_C00002,4,351,4.0,False,False,0
M2|C00002,mCherry-high,M2,M2_C00002,6,351,6.0,False,False,0
M2|C00002,mCherry-high,M2,M2_C00002,4,351,4.0,False,False,0
M2|C00002,mCherry-high,M2,M2_C00002,2,351,3.0,False,False,0
M2|C00002,mCherry-high,M2,M2_C00002,2,351,3.0,False,False,0
M2|C00002,mCherry-low,M2,M2_C00002,5,351,5.0,False,False,0
M2|C00002,mCherry-low,M2,M2_C00002,5,351,5.0,False,False,0
M2|C00002,mCherry-low,M2,M2_C00002,5,351,5.0,False,False,0
M2|C00002,mCherry-high,M2,M2_C00002,4,351,4.0,False,False,0
M2|C00002,mCherry-high,M2,M2_C00002,3,351,3.0,False,False,0
M2|C00002,mCherry-high,M2,M2_C00002,3,351,3.0,False,False,0
M2|C00002,mCherry-low,M2,M2_C00002,3,351,3.0,False,False,0
M2|C00002,mCherry-low,M2,M2_C00002,4,351,4.0,False,False,0
M2|C00002,mCherry-low,M2,M2_C00002,4,351,4.0,False,False,0
M2|C00003,mCherry-low,M2,M2_C00003,0,353,0.0,False,True,15
M2|C00003,mCherry-low,M2,M2_C00003,0,353,0.0,False,True,15
M2|C00003,mCherry-low,M2,M2_C00003,0,353,0.0,False,True,15
M2|C00003,mCherry-low,M2,M2_C00003,0,353,0.0,False,True,15
M2|C00003,mCherry-low,M2,M2_C00003,0,353,0.0,False,True,15
M2|C00003,mCherry-low,M2,M2_C00003,0,353,0.0,False,True,15
M2|C00003,mCherry-low,M2,M2_C00003,0,353,0.0,False,True,15
M2|C00003,mCherry-low,M2,M2_C00003,0,353,0.0,False,True,15
M2|C00003,mCherry-low,M2,M2_C00003,0,353,0.0,False,True,15
M2|C00003,mCherry-low,M2,M2_C00003,0,353,0.0,False,True,15
M2|C00003,mCherry-low,M2,M2_C00003,0,353,0.0,False,True,15
M2|C00003,mCherry-low,M2,M2_C00003,0,353,0.0,False,True,15
M2|C00003,mCherry-low,M2,M2_C00003,0,353,0.0,False,True,15
M2|C00003,mCherry-low,M2,M2_C00003,0,353,0.0,False,True,15
M2|C00003,mCherry-low,M2,M2_C00003,0,353,0.0,False,True,15
M2|C00003,mCherry-low,M2,M2_C00003,0,353,0.0,False,True,15
M2|C00003,mCherry-low,M2,M2_C00003,0,353,0.0,False,True,15
M2|C00003,mCherry-low,M2,M2_C00003,0,353,0.0,False,True,15
M2|C00003,mCherry-low,M2,M2_C00003,0,353,0.0,False,True,15
M2|C00003,mCherry-low,M2,M2_C00003,0,353,0.0,False,True,15
M2|C00003,mCherry-low,M2,M2_C00003,0,353,0.0,False,True,15
M2|C00003,mCherry-low,M2,M2_C00003,0,353,0.0,False,True,15
M2|C00003,mCherry-low,M2,M2_C00003,0,353,0.0,False,True,15
M2|C00003,mCherry-low,M2,M2_C00003,0,353,0.0,False,True,15
M2|C00003,mCherry-low,M2,M2_C00003,0,353,0.0,False,True,15
M2|C00003,mCherry-low,M2,M2_C00003,0,353,0.0,False,True,15
M2|C00003,mCherry-low,M2,M2_C00003,0,353,0.0,False,True,15
M2|C00003,mCherry-low,M2,M2_C00003,0,353,0.0,False,True,15
M2|C00003,mCherry-low,M2,M2_C00003,0,353,0.0,False,True,15
M2|C00003,mCherry-low,M2,M2_C00003,0,353,0.0,False,True,15
M2|C00003,mCherry-low,M2,M2_C00003,0,353,0.0,False,True,15
M2|C00003,mCherry-high,M2,M2_C00003,0,353,0.0,False,True,15
M2|C00003,mCherry-high,M2,M2_C00003,0,353,0.0,False,True,15
M2|C00003,mCherry-high,M2,M2_C00003,0,353,0.0,False,True,15
M2|C00003,mCherry-high,M2,M2_C00003,0,353,0.0,False,True,15
M2|C00003,mCherry-high,M2,M2_C00003,0,353,0.0,False,True,15
M2|C00003,mCherry-high,M2,M2_C00003,0,353,0.0,False,True,15
M2|C00003,mCherry-high,M2,M2_C00003,0,353,0.0,False,True,15
M2|C00003,mCherry-low,M2,M2_C00003,2,353,2.0,False,False,0
M2|C00003,mCherry-low,M2,M2_C00003,1,353,1.0,False,False,0
M2|C00003,mCherry-low,M2,M2_C00003,1,353,1.0,False,False,0
M2|C00003,mCherry-low,M2,M2_C00003,1,353,1.0,False,False,0
M2|C00003,mCherry-low,M2,M2_C00003,2,353,2.0,False,False,0
M2|C00003,mCherry-low,M2,M2_C00003,4,353,4.0,False,False,0
M2|C00003,mCherry-low,M2,M2_C00003,2,353,2.0,False,False,0
M2|C00003,mCherry-low,M2,M2_C00003,1,353,1.0,False,False,0
M2|C00003,mCherry-low,M2,M2_C00003,1,353,1.0,False,False,0
M2|C00003,mCherry-high,M2,M2_C00003,1,353,1.0,False,False,0
M2|C00003,mCherry-low,M2,M2_C00003,3,353,3.0,False,False,0
M2|C00003,mCherry-low,M2,M2_C00003,3,353,3.0,False,False,0
M2|C00003,mCherry-low,M2,M2_C00003,1,353,1.0,True,False,2
M2|C00003,mCherry-low,M2,M2_C00003,3,353,3.0,False,False,0
M2|C00003,mCherry-low,M2,M2_C00003,2,353,2.0,False,False,0
M2|C00004,mCherry-high,M2,M2_C00004,3,357,3.0,True,False,43
M2|C00004,mCherry-high,M2,M2_C00004,3,357,3.0,True,False,43
M2|C00004,mCherry-high,M2,M2_C00004,3,357,3.0,True,False,43
M2|C00004,mCherry-high,M2,M2_C00004,3,357,3.0,True,False,43
M2|C00004,mCherry-high,M2,M2_C00004,3,357,3.0,True,False,43
M2|C00004,mCherry-high,M2,M2_C00004,3,357,3.0,True,False,43
M2|C00004,mCherry-high,M2,M2_C00004,5,357,5.0,False,False,0
M2|C00004,mCherry-low,M2,M2_C00004,6,357,6.0,False,False,0
M2|C00004,mCherry-high,M2,M2_C00004,5,357,5.0,False,False,0
M2|C00004,mCherry-high,M2,M2_C00004,5,357,5.0,False,False,0
M2|C00004,mCherry-high,M2,M2_C00004,4,357,4.0,False,False,0
M2|C00004,mCherry-high,M2,M2_C00004,4,357,4.0,False,False,0
M2|C00004,mCherry-high,M2,M2_C00004,4,357,4.0,False,False,0
M2|C00004,mCherry-high,M2,M2_C00004,6,357,6.0,False,False,0
M2|C00004,mCherry-high,M2,M2_C00004,4,357,4.0,False,False,0
M2|C00004,mCherry-high,M2,M2_C00004,6,357,6.0,False,False,0
M2|C00004,mCherry-low,M2,M2_C00004,6,357,6.0,False,False,0
M2|C00004,mCherry-high,M2,M2_C00004,4,357,4.0,True,False,1
M2|C00004,mCherry-high,M2,M2_C00004,4,357,4.0,True,False,1
M2|C00004,mCherry-high,M2,M2_C00004,4,357,4.0,True,False,1
M2|C00004,mCherry-low,M2,M2_C00004,6,357,6.0,True,False,5
M2|C00004,mCherry-low,M2,M2_C00004,6,357,6.0,True,False,5
M2|C00004,mCherry-low,M2,M2_C00004,6,357,6.0,True,False,5
M2|C00004,mCherry-high,M2,M2_C00004,5,357,5.0,False,False,0
M2|C00004,mCherry-high,M2,M2_C00004,6,357,6.0,False,False,0
M2|C00004,mCherry-high,M2,M2_C00004,9,357,9.0,False,False,0
M2|C00004,mCherry-high,M2,M2_C00004,5,357,5.0,False,False,0
M2|C00004,mCherry-high,M2,M2_C00004,5,357,5.0,False,False,0
M2|C00004,mCherry-high,M2,M2_C00004,11,357,11.0,False,False,0
M2|C00004,mCherry-low,M2,M2_C00004,5,357,6.0,False,False,0
M2|C00004,mCherry-high,M2,M2_C00004,11,357,11.0,False,False,0
M2|C00004,mCherry-high,M2,M2_C00004,5,357,5.0,False,False,0
M2|C00004,mCherry-high,M2,M2_C00004,7,357,7.0,False,False,0
M2|C00004,mCherry-high,M2,M2_C00004,5,357,5.0,False,False,0
M2|C00004,mCherry-high,M2,M2_C00004,5,357,5.0,False,False,0
M2|C00004,mCherry-high,M2,M2_C00004,5,357,5.0,False,False,0
M2|C00004,mCherry-high,M2,M2_C00004,7,357,8.0,False,False,0
M2|C00004,mCherry-high,M2,M2_C00004,5,357,5.0,False,False,0
M2|C00004,mCherry-high,M2,M2_C00004,5,357,5.0,False,False,0
M2|C00004,mCherry-high,M2,M2_C00004,10,357,10.0,False,False,0
M2|C00004,mCherry-high,M2,M2_C00004,5,357,5.0,False,False,0
M2|C00004,mCherry-high,M2,M2_C00004,5,357,5.0,False,False,0
M2|C00004,mCherry-low,M2,M2_C00004,7,357,7.0,False,False,0
M2|C00004,mCherry-high,M2,M2_C00004,11,357,11.0,False,False,0
M2|C00004,mCherry-low,M2,M2_C00004,9,357,9.0,False,False,0
M2|C00004,mCherry-low,M2,M2_C00004,7,357,7.0,False,False,0
M2|C00004,mCherry-high,M2,M2_C00004,9,357,9.0,False,False,0
M2|C00005,mCherry-low,M2,M2_C00005,1,351,1.0,True,False,35
M2|C00005,mCherry-high,M2,M2_C00005,1,351,1.0,True,False,35
M2|C00005,mCherry-high,M2,M2_C00005,1,351,1.0,True,False,35
M2|C00005,mCherry-high,M2,M2_C00005,1,351,1.0,True,False,35
M2|C00005,mCherry-high,M2,M2_C00005,1,351,1.0,True,False,35
M2|C00005,mCherry-high,M2,M2_C00005,1,351,1.0,True,False,35
M2|C00005,mCherry-high,M2,M2_C00005,3,351,3.0,False,False,0
M2|C00005,mCherry-low,M2,M2_C00005,6,351,6.0,False,False,0
M2|C00005,mCherry-low,M2,M2_C00005,4,351,4.0,False,False,0
M2|C00005,mCherry-high,M2,M2_C00005,2,351,2.0,False,False,0
M2|C00005,mCherry-high,M2,M2_C00005,4,351,4.0,False,False,0
M2|C00005,mCherry-high,M2,M2_C00005,5,351,5.0,False,False,0
M2|C00005,mCherry-low,M2,M2_C00005,2,351,2.0,False,False,0
M2|C00005,mCherry-high,M2,M2_C00005,2,351,2.0,False,False,0
M2|C00005,mCherry-low,M2,M2_C00005,3,351,3.0,False,False,0
M2|C00005,mCherry-high,M2,M2_C00005,3,351,3.0,False,False,0
M2|C00005,mCherry-high,M2,M2_C00005,2,351,2.0,False,False,0
M2|C00005,mCherry-low,M2,M2_C00005,7,351,7.0,False,False,0
M2|C00005,mCherry-low,M2,M2_C00005,2,351,2.0,False,False,0
M2|C00005,mCherry-low,M2,M2_C00005,2,351,2.0,False,False,0
M2|C00005,mCherry-high,M2,M2_C00005,2,351,2.0,True,False,1
M2|C00005,mCherry-low,M2,M2_C00005,2,351,2.0,False,False,0
M2|C00005,mCherry-low,M2,M2_C00005,2,351,2.0,False,False,0
M2|C00005,mCherry-high,M2,M2_C00005,2,351,2.0,True,False,2
M2|C00005,mCherry-high,M2,M2_C00005,3,351,3.0,False,False,0
M2|C00005,mCherry-high,M2,M2_C00005,4,351,4.0,False,False,0
M2|C00005,mCherry-high,M2,M2_C00005,4,351,4.0,False,False,0
M2|C00005,mCherry-low,M2,M2_C00005,3,351,3.0,False,False,0
M2|C00005,mCherry-high,M2,M2_C00005,3,351,3.0,False,False,0
M2|C00005,mCherry-high,M2,M2_C00005,3,351,3.0,False,False,0
M2|C00005,mCherry-low,M2,M2_C00005,3,351,3.0,False,False,0
M2|C00005,mCherry-low,M2,M2_C00005,3,351,3.0,False,False,0
M2|C00005,mCherry-low,M2,M2_C00005,3,351,3.0,False,False,0
M2|C00005,mCherry-high,M2,M2_C00005,3,351,3.0,False,False,0
M2|C00005,mCherry-high,M2,M2_C00005,5,351,5.0,False,False,0
M2|C00005,mCherry-high,M2,M2_C00005,3,351,3.0,False,False,0
M2|C00005,mCherry-high,M2,M2_C00005,7,351,7.0,False,False,0
M2|C00005,mCherry-high,M2,M2_C00005,3,351,3.0,False,False,0
M2|C00005,mCherry-low,M2,M2_C00005,3,351,3.0,False,False,0
M2|C00005,mCherry-high,M2,M2_C00005,5,351,5.0,False,False,0
M2|C00005,mCherry-low,M2,M2_C00005,5,351,6.0,False,False,0
M2|C00006,mCherry-low,M2,M2_C00006,0,350,0.0,False,True,30
M2|C00006,mCherry-low,M2,M2_C00006,0,350,0.0,False,True,30
M2|C00006,mCherry-low,M2,M2_C00006,0,350,0.0,False,True,30
M2|C00006,mCherry-low,M2,M2_C00006,0,350,0.0,False,True,30
M2|C00006,mCherry-low,M2,M2_C00006,0,350,0.0,False,True,30
M2|C00006,mCherry-low,M2,M2_C00006,0,350,0.0,False,True,30
M2|C00006,mCherry-high,M2,M2_C00006,0,350,0.0,False,True,30
M2|C00006,mCherry-high,M2,M2_C00006,0,350,0.0,False,True,30
M2|C00006,mCherry-high,M2,M2_C00006,0,350,0.0,False,True,30
M2|C00006,mCherry-low,M2,M2_C00006,0,350,0.0,False,True,30
M2|C00006,mCherry-high,M2,M2_C00006,3,350,3.0,False,False,0
M2|C00006,mCherry-high,M2,M2_C00006,1,350,1.0,False,False,0
M2|C00006,mCherry-high,M2,M2_C00006,1,350,1.0,False,False,0
M2|C00006,mCherry-high,M2,M2_C00006,1,350,1.0,False,False,0
M2|C00006,mCherry-low,M2,M2_C00006,1,350,1.0,False,False,0
M2|C00006,mCherry-high,M2,M2_C00006,1,350,1.0,False,False,0
M2|C00006,mCherry-high,M2,M2_C00006,2,350,2.0,False,False,0
M2|C00006,mCherry-high,M2,M2_C00006,1,350,1.0,False,False,0
M2|C00006,mCherry-high,M2,M2_C00006,3,350,3.0,False,False,0
M2|C00006,mCherry-low,M2,M2_C00006,3,350,3.0,False,False,0
M2|C00006,mCherry-high,M2,M2_C00006,2,350,2.0,False,False,0
M2|C00006,mCherry-low,M2,M2_C00006,1,350,1.0,False,False,0
M2|C00006,mCherry-high,M2,M2_C00006,1,350,1.0,False,False,0
M2|C00006,mCherry-low,M2,M2_C00006,3,350,3.0,False,False,0
M2|C00006,mCherry-low,M2,M2_C00006,1,350,1.0,True,False,1
M2|C00006,mCherry-high,M2,M2_C00006,1,350,1.0,True,False,1
M2|C00006,mCherry-low,M2,M2_C00006,1,350,1.0,True,False,1
M2|C00006,mCherry-high,M2,M2_C00006,1,350,1.0,True,False,3
M2|C00006,mCherry-low,M2,M2_C00006,4,350,4.0,False,False,0
M2|C00006,mCherry-high,M2,M2_C00006,3,350,3.0,False,False,0
M2|C00006,mCherry-high,M2,M2_C00006,2,350,2.0,False,False,0
M2|C00006,mCherry-low,M2,M2_C00006,2,350,2.0,False,False,0
M2|C00006,mCherry-high,M2,M2_C00006,4,350,4.0,False,False,0
M2|C00006,mCherry-low,M2,M2_C00006,3,350,3.0,False,False,0
M2|C00006,mCherry-low,M2,M2_C00006,2,350,2.0,False,False,0
M2|C00006,mCherry-high,M2,M2_C00006,2,350,2.0,False,False,0
M2|C00006,mCherry-low,M2,M2_C00006,2,350,2.0,False,False,0
M2|C00006,mCherry-high,M2,M2_C00006,5,350,5.0,False,False,0
M2|C00007,mCherry-high,M2,M2_C00007,2,351,2.0,True,False,32
M2|C00007,mCherry-high,M2,M2_C00007,2,351,2.0,True,False,32
M2|C00007,mCherry-high,M2,M2_C00007,2,351,2.0,True,False,32
M2|C00007,mCherry-high,M2,M2_C00007,2,351,2.0,True,False,32
M2|C00007,mCherry-high,M2,M2_C00007,2,351,2.0,True,False,32
M2|C00007,mCherry-high,M2,M2_C00007,2,351,2.0,True,False,32
M2|C00007,mCherry-high,M2,M2_C00007,2,351,2.0,True,False,32
M2|C00007,mCherry-high,M2,M2_C00007,2,351,2.0,True,False,32
M2|C00007,mCherry-high,M2,M2_C00007,7,351,7.0,False,False,0
M2|C00007,mCherry-high,M2,M2_C00007,8,351,8.0,False,False,0
M2|C00007,mCherry-high,M2,M2_C00007,5,351,5.0,False,False,0
M2|C00007,mCherry-low,M2,M2_C00007,4,351,4.0,False,False,0
M2|C00007,mCherry-high,M2,M2_C00007,6,351,6.0,False,False,0
M2|C00007,mCherry-high,M2,M2_C00007,4,351,4.0,False,False,0
M2|C00007,mCherry-low,M2,M2_C00007,6,351,6.0,False,False,0
M2|C00007,mCherry-low,M2,M2_C00007,4,351,4.0,False,False,0
M2|C00007,mCherry-low,M2,M2_C00007,4,351,4.0,False,False,0
M2|C00007,mCherry-high,M2,M2_C00007,3,351,3.0,False,False,0
M2|C00007,mCherry-high,M2,M2_C00007,3,351,3.0,False,False,0
M2|C00007,mCherry-high,M2,M2_C00007,2,351,3.0,False,False,0
M2|C00007,mCherry-high,M2,M2_C00007,3,351,3.0,False,False,0
M2|C00007,mCherry-high,M2,M2_C00007,3,351,3.0,False,False,0
M2|C00007,mCherry-high,M2,M2_C00007,4,351,4.0,False,False,0
M2|C00007,mCherry-high,M2,M2_C00007,3,351,3.0,False,False,0
M2|C00007,mCherry-high,M2,M2_C00007,5,351,5.0,False,False,0
M2|C00007,mCherry-high,M2,M2_C00007,3,351,3.0,False,False,0
M2|C00007,mCherry-high,M2,M2_C00007,5,351,5.0,False,False,0
M2|C00007,mCherry-high,M2,M2_C00007,5,351,5.0,False,False,0
M2|C00007,mCherry-high,M2,M2_C00007,4,351,4.0,True,False,1
M2|C00007,mCherry-high,M2,M2_C00007,3,351,3.0,True,False,3
M2|C00007,mCherry-high,M2,M2_C00007,5,351,5.0,False,False,0
M2|C00007,mCherry-high,M2,M2_C00007,6,351,6.0,False,False,0
M2|C00007,mCherry-low,M2,M2_C00007,7,351,8.0,False,False,0
M2|C00007,mCherry-high,M2,M2_C00007,3,351,4.0,False,False,0
M2|C00007,mCherry-high,M2,M2_C00007,11,351,11.0,False,False,0
M2|C00007,mCherry-high,M2,M2_C00007,4,351,4.0,False,False,0
M2|C00007,mCherry-high,M2,M2_C00007,4,351,4.0,False,False,0
M2|C00007,mCherry-high,M2,M2_C00007,5,351,5.0,False,False,0
M2|C00008,mCherry-low,M2,M2_C00008,0,351,0.0,False,True,34
M2|C00008,mCherry-low,M2,M2_C00008,0,351,0.0,False,True,34
M2|C00008,mCherry-high,M2,M2_C00008,0,351,0.0,False,True,34
M2|C00008,mCherry-high,M2,M2_C00008,0,351,0.0,False,True,34
M2|C00008,mCherry-high,M2,M2_C00008,0,351,0.0,False,True,34
M2|C00008,mCherry-high,M2,M2_C00008,0,351,0.0,False,True,34
M2|C00008,mCherry-high,M2,M2_C00008,0,351,0.0,False,True,34
M2|C00008,mCherry-low,M2,M2_C00008,2,351,2.0,False,False,0
M2|C00008,mCherry-low,M2,M2_C00008,2,351,2.0,False,False,0
M2|C00008,mCherry-high,M2,M2_C00008,2,351,2.0,False,False,0
M2|C00008,mCherry-low,M2,M2_C00008,6,351,6.0,False,False,0
M2|C00008,mCherry-high,M2,M2_C00008,3,351,3.0,False,False,0
M2|C00008,mCherry-low,M2,M2_C00008,1,351,1.0,False,False,0
M2|C00008,mCherry-high,M2,M2_C00008,2,351,2.0,False,False,0
M2|C00008,mCherry-high,M2,M2_C00008,1,351,1.0,False,False,0
M2|C00008,mCherry-low,M2,M2_C00008,3,351,3.0,False,False,0
M2|C00008,mCherry-high,M2,M2_C00008,2,351,2.0,False,False,0
M2|C00008,mCherry-low,M2,M2_C00008,2,351,2.0,False,False,0
M2|C00008,mCherry-low,M2,M2_C00008,4,351,4.0,False,False,0
M2|C00008,mCherry-high,M2,M2_C00008,1,351,1.0,True,False,3
M2|C00008,mCherry-high,M2,M2_C00008,2,351,2.0,False,False,0
M2|C00008,mCherry-low,M2,M2_C00008,4,351,4.0,False,False,0
M2|C00008,mCherry-high,M2,M2_C00008,2,351,2.0,False,False,0
M2|C00008,mCherry-low,M2,M2_C00008,2,351,2.0,False,False,0
M2|C00008,mCherry-low,M2,M2_C00008,2,351,2.0,False,False,0
M2|C00008,mCherry-high,M2,M2_C00008,3,351,3.0,False,False,0
M2|C00008,mCherry-high,M2,M2_C00008,3,351,3.0,False,False,0
M2|C00008,mCherry-high,M2,M2_C00008,3,351,3.0,False,False,0
M2|C00008,mCherry-high,M2,M2_C00008,4,351,4.0,False,False,0
M2|C00008,mCherry-low,M2,M2_C00008,2,351,2.0,False,False,0
M2|C00008,mCherry-high,M2,M2_C00008,5,351,5.0,False,False,0
M2|C00008,mCherry-high,M2,M2_C00008,5,351,5.0,False,False,0
M2|C00008,mCherry-low,M2,M2_C00008,6,351,6.0,False,False,0
M2|C00008,mCherry-low,M2,M2_C00008,4,351,4.0,False,False,0
M2|C00008,mCherry-high,M2,M2_C00008,5,351,5.0,False,False,0
M2|C00008,mCherry-high,M2,M2_C00008,7,351,7.0,False,False,0
M2|C00009,mCherry-low,M2,M2_C00009,0,353,0.0,False,True,20
M2|C00009,mCherry-low,M2,M2_C00009,0,353,0.0,False,True,20
M2|C00009,mCherry-low,M2,M2_C00009,0,353,0.0,False,True,20
M2|C00009,mCherry-low,M2,M2_C00009,0,353,0.0,False,True,20
M2|C00009,mCherry-low,M2,M2_C00009,0,353,0.0,False,True,20
M2|C00009,mCherry-low,M2,M2_C00009,0,353,0.0,False,True,20
M2|C00009,mCherry-low,M2,M2_C00009,0,353,0.0,False,True,20
M2|C00009,mCherry-low,M2,M2_C00009,0,353,0.0,False,True,20
M2|C00009,mCherry-low,M2,M2_C00009,0,353,0.0,False,True,20
M2|C00009,mCherry-low,M2,M2_C00009,0,353,0.0,False,True,20
M2|C00009,mCherry-low,M2,M2_C00009,0,353,0.0,False,True,20
M2|C00009,mCherry-low,M2,M2_C00009,0,353,0.0,False,True,20
M2|C00009,mCherry-low,M2,M2_C00009,0,353,0.0,False,True,20
M2|C00009,mCherry-low,M2,M2_C00009,0,353,0.0,False,True,20
M2|C00009,mCherry-low,M2,M2_C00009,2,353,2.0,False,False,0
M2|C00009,mCherry-low,M2,M2_C00009,2,353,2.0,False,False,0
M2|C00009,mCherry-low,M2,M2_C00009,6,353,6.0,False,False,0
M2|C00009,mCherry-low,M2,M2_C00009,1,353,1.0,False,False,0
M2|C00009,mCherry-high,M2,M2_C00009,1,353,1.0,False,False,0
M2|C00009,mCherry-low,M2,M2_C00009,1,353,1.0,False,False,0
M2|C00009,mCherry-low,M2,M2_C00009,1,353,1.0,False,False,0
M2|C00009,mCherry-low,M2,M2_C00009,1,353,1.0,False,False,0
M2|C00009,mCherry-low,M2,M2_C00009,2,353,2.0,False,False,0
M2|C00009,mCherry-low,M2,M2_C00009,1,353,1.0,False,False,0
M2|C00009,mCherry-low,M2,M2_C00009,3,353,3.0,False,False,0
M2|C00009,mCherry-low,M2,M2_C00009,1,353,1.0,True,False,1
M2|C00009,mCherry-low,M2,M2_C00009,1,353,1.0,True,False,1
M2|C00009,mCherry-low,M2,M2_C00009,1,353,1.0,True,False,1
M2|C00009,mCherry-low,M2,M2_C00009,2,353,2.0,False,False,0
M2|C00009,mCherry-low,M2,M2_C00009,4,353,4.0,False,False,0
M2|C00009,mCherry-low,M2,M2_C00009,4,353,4.0,False,False,0
M2|C00009,mCherry-low,M2,M2_C00009,2,353,2.0,False,False,0
M2|C00009,mCherry-low,M2,M2_C00009,3,353,3.0,False,False,0
M2|C00010,mCherry-low,M2,M2_C00010,0,351,0.0,False,True,38
M2|C00010,mCherry-high,M2,M2_C00010,0,351,0.0,False,True,38
M2|C00010,mCherry-high,M2,M2_C00010,0,351,0.0,False,True,38
M2|C00010,mCherry-high,M2,M2_C00010,2,351,2.0,False,False,0
M2|C00010,mCherry-high,M2,M2_C00010,1,351,1.0,False,False,0
M2|C00010,mCherry-low,M2,M2_C00010,1,351,1.0,False,False,0
M2|C00010,mCherry-high,M2,M2_C00010,2,351,2.0,False,False,0
M2|C00010,mCherry-low,M2,M2_C00010,2,351,2.0,False,False,0
M2|C00010,mCherry-high,M2,M2_C00010,1,351,1.0,False,False,0
M2|C00010,mCherry-low,M2,M2_C00010,3,351,3.0,False,False,0
M2|C00010,mCherry-low,M2,M2_C00010,5,351,5.0,False,False,0
M2|C00010,mCherry-high,M2,M2_C00010,1,351,1.0,False,False,0
M2|C00010,mCherry-high,M2,M2_C00010,1,351,1.0,False,False,0
M2|C00010,mCherry-high,M2,M2_C00010,1,351,1.0,True,False,10
M2|C00010,mCherry-high,M2,M2_C00010,1,351,1.0,True,False,10
M2|C00010,mCherry-high,M2,M2_C00010,3,351,3.0,False,False,0
M2|C00010,mCherry-low,M2,M2_C00010,4,351,4.0,False,False,0
M2|C00010,mCherry-low,M2,M2_C00010,3,351,3.0,False,False,0
M2|C00010,mCherry-low,M2,M2_C00010,4,351,4.0,False,False,0
M2|C00010,mCherry-high,M2,M2_C00010,2,351,2.0,False,False,0
M2|C00010,mCherry-low,M2,M2_C00010,5,351,5.0,False,False,0
M2|C00010,mCherry-low,M2,M2_C00010,5,351,5.0,False,False,0
M2|C00010,mCherry-low,M2,M2_C00010,2,351,2.0,False,False,0
M2|C00010,mCherry-low,M2,M2_C00010,2,351,2.0,False,False,0
M2|C00010,mCherry-low,M2,M2_C00010,4,351,4.0,False,False,0
M2|C00010,mCherry-high,M2,M2_C00010,3,351,3.0,False,False,0
M2|C00010,mCherry-low,M2,M2_C00010,3,351,3.0,False,False,0
M2|C00010,mCherry-low,M2,M2_C00010,3,351,3.0,False,False,0
M2|C00010,mCherry-low,M2,M2_C00010,4,351,4.0,False,False,0
M2|C00010,mCherry-high,M2,M2_C00010,6,351,6.0,False,False,0
M2|C00010,mCherry-low,M2,M2_C00010,4,351,5.0,False,False,0
M2|C00010,mCherry-high,M2,M2_C00010,5,351,6.0,False,False,0
M2|C00010,mCherry-low,M2,M2_C00010,10,351,10.0,False,False,0
M2|C00010,mCherry-low,M2,M2_C00010,8,351,8.0,False,False,0
M2|C00011,mCherry-low,M2,M2_C00011,1,350,1.0,True,False,27
M2|C00011,mCherry-low,M2,M2_C00011,1,350,1.0,True,False,27
M2|C00011,mCherry-low,M2,M2_C00011,1,350,1.0,True,False,27
M2|C00011,mCherry-low,M2,M2_C00011,1,350,1.0,True,False,27
M2|C00011,mCherry-low,M2,M2_C00011,1,350,1.0,True,False,27
M2|C00011,mCherry-low,M2,M2_C00011,1,350,1.0,True,False,27
M2|C00011,mCherry-high,M2,M2_C00011,1,350,1.0,True,False,27
M2|C00011,mCherry-high,M2,M2_C00011,3,350,3.0,False,False,0
M2|C00011,mCherry-low,M2,M2_C00011,3,350,3.0,False,False,0
M2|C00011,mCherry-low,M2,M2_C00011,5,350,5.0,False,False,0
M2|C00011,mCherry-low,M2,M2_C00011,3,350,3.0,False,False,0
M2|C00011,mCherry-low,M2,M2_C00011,2,350,2.0,False,False,0
M2|C00011,mCherry-low,M2,M2_C00011,2,350,2.0,False,False,0
M2|C00011,mCherry-low,M2,M2_C00011,2,350,2.0,False,False,0
M2|C00011,mCherry-low,M2,M2_C00011,4,350,4.0,False,False,0
M2|C00011,mCherry-low,M2,M2_C00011,6,350,7.0,False,False,0
M2|C00011,mCherry-high,M2,M2_C00011,4,350,4.0,False,False,0
M2|C00011,mCherry-low,M2,M2_C00011,3,350,3.0,False,False,0
M2|C00011,mCherry-low,M2,M2_C00011,3,350,3.0,False,False,0
M2|C00011,mCherry-low,M2,M2_C00011,4,350,4.0,False,False,0
M2|C00011,mCherry-low,M2,M2_C00011,2,350,2.0,False,False,0
M2|C00011,mCherry-high,M2,M2_C00011,3,350,3.0,False,False,0
M2|C00011,mCherry-high,M2,M2_C00011,6,350,6.0,False,False,0
M2|C00011,mCherry-low,M2,M2_C00011,2,350,2.0,True,False,2
M2|C00011,mCherry-low,M2,M2_C00011,6,350,6.0,False,False,0
M2|C00011,mCherry-low,M2,M2_C00011,5,350,5.0,False,False,0
M2|C00011,mCherry-low,M2,M2_C00011,2,350,3.0,False,False,0
M2|C00011,mCherry-low,M2,M2_C00011,3,350,3.0,True,False,1
M2|C00011,mCherry-high,M2,M2_C00011,7,350,7.0,False,False,0
M2|C00011,mCherry-low,M2,M2_C00011,4,350,4.0,False,False,0
M2|C00011,mCherry-low,M2,M2_C00011,3,350,3.0,False,False,0
M2|C00011,mCherry-low,M2,M2_C00011,4,350,4.0,False,False,0
M2|C00012,mCherry-low,M2,M2_C00012,0,351,0.0,False,True,20
M2|C00012,mCherry-low,M2,M2_C00012,10,351,10.0,False,False,0
M2|C00012,mCherry-low,M2,M2_C00012,2,351,2.0,False,False,0
M2|C00012,mCherry-low,M2,M2_C00012,3,351,3.0,False,False,0
M2|C00012,mCherry-low,M2,M2_C00012,2,351,2.0,False,False,0
M2|C00012,mCherry-high,M2,M2_C00012,2,351,2.0,False,False,0
M2|C00012,mCherry-low,M2,M2_C00012,3,351,3.0,True,False,1
M2|C00012,mCherry-low,M2,M2_C00012,3,351,3.0,True,False,1
M2|C00012,mCherry-low,M2,M2_C00012,3,351,3.0,True,False,1
M2|C00012,mCherry-low,M2,M2_C00012,2,351,2.0,True,False,2
M2|C00012,mCherry-low,M2,M2_C00012,2,351,2.0,True,False,2
M2|C00012,mCherry-high,M2,M2_C00012,2,351,2.0,True,False,2
M2|C00012,mCherry-low,M2,M2_C00012,2,351,2.0,True,False,7
M2|C00012,mCherry-low,M2,M2_C00012,2,351,2.0,True,False,7
M2|C00012,mCherry-low,M2,M2_C00012,2,351,2.0,True,False,7
M2|C00012,mCherry-low,M2,M2_C00012,4,351,4.0,False,False,0
M2|C00012,mCherry-low,M2,M2_C00012,4,351,4.0,False,False,0
M2|C00012,mCherry-low,M2,M2_C00012,4,351,4.0,False,False,0
M2|C00012,mCherry-low,M2,M2_C00012,5,351,5.0,False,False,0
M2|C00012,mCherry-low,M2,M2_C00012,3,351,3.0,False,False,0
M2|C00012,mCherry-low,M2,M2_C00012,5,351,5.0,False,False,0
M2|C00012,mCherry-low,M2,M2_C00012,4,351,4.0,False,False,0
M2|C00012,mCherry-high,M2,M2_C00012,3,351,3.0,False,False,0
M2|C00012,mCherry-low,M2,M2_C00012,3,351,3.0,False,False,0
M2|C00012,mCherry-low,M2,M2_C00012,3,351,3.0,False,False,0
M2|C00012,mCherry-low,M2,M2_C00012,4,351,4.0,False,False,0
M2|C00013,mCherry-low,M2,M2_C00013,1,351,1.0,False,False,0
M2|C00013,mCherry-low,M2,M2_C00013,2,351,2.0,False,False,0
M2|C00013,mCherry-low,M2,M2_C00013,4,351,4.0,False,False,0
M2|C00013,mCherry-high,M2,M2_C00013,6,351,6.0,False,False,0
M2|C00013,mCherry-low,M2,M2_C00013,2,351,2.0,False,False,0
M2|C00013,mCherry-low,M2,M2_C00013,2,351,2.0,False,False,0
M2|C00013,mCherry-low,M2,M2_C00013,8,351,8.0,False,False,0
M2|C00013,mCherry-low,M2,M2_C00013,3,351,3.0,False,False,0
M2|C00013,mCherry-high,M2,M2_C00013,2,351,2.0,False,False,0
M2|C00013,mCherry-high,M2,M2_C00013,6,351,6.0,False,False,0
M2|C00013,mCherry-high,M2,M2_C00013,5,351,5.0,False,False,0
M2|C00013,mCherry-high,M2,M2_C00013,5,351,5.0,False,False,0
M2|C00013,mCherry-low,M2,M2_C00013,4,351,4.0,False,False,0
M2|C00013,mCherry-high,M2,M2_C00013,3,351,3.0,True,False,1
M2|C00013,mCherry-high,M2,M2_C00013,3,351,3.0,True,False,1
M2|C00013,mCherry-low,M2,M2_C00013,5,351,5.0,False,False,0
M2|C00013,mCherry-high,M2,M2_C00013,4,351,4.0,False,False,0
M2|C00013,mCherry-low,M2,M2_C00013,7,351,7.0,False,False,0
M2|C00014,mCherry-low,M2,M2_C00014,0,351,0.0,False,True,23
M2|C00014,mCherry-low,M2,M2_C00014,0,351,0.0,False,True,23
M2|C00014,mCherry-low,M2,M2_C00014,0,351,0.0,False,True,23
M2|C00014,mCherry-low,M2,M2_C00014,4,351,4.0,False,False,0
M2|C00014,mCherry-high,M2,M2_C00014,1,351,1.0,False,False,0
M2|C00014,mCherry-low,M2,M2_C00014,1,351,1.0,False,False,0
M2|C00014,mCherry-low,M2,M2_C00014,2,351,2.0,False,False,0
M2|C00014,mCherry-high,M2,M2_C00014,2,351,2.0,False,False,0
M2|C00014,mCherry-low,M2,M2_C00014,1,351,1.0,True,False,1
M2|C00014,mCherry-low,M2,M2_C00014,3,351,3.0,False,False,0
M2|C00014,mCherry-high,M2,M2_C00014,2,351,2.0,False,False,0
M2|C00014,mCherry-low,M2,M2_C00014,2,351,2.0,False,False,0
M2|C00014,mCherry-low,M2,M2_C00014,5,351,5.0,False,False,0
M2|C00014,mCherry-low,M2,M2_C00014,3,351,3.0,True,False,1
M2|C00014,mCherry-low,M2,M2_C00014,3,351,3.0,True,False,1
M2|C00014,mCherry-low,M2,M2_C00014,3,351,3.0,True,False,1
M2|C00014,mCherry-low,M2,M2_C00014,10,351,10.0,False,False,0
M2|C00014,mCherry-low,M2,M2_C00014,7,351,7.0,False,False,0
M2|C00014,mCherry-low,M2,M2_C00014,5,351,5.0,False,False,0
M2|C00014,mCherry-high,M2,M2_C00014,5,351,5.0,False,False,0
M2|C00014,mCherry-high,M2,M2_C00014,6,351,6.0,False,False,0
M2|C00014,mCherry-low,M2,M2_C00014,3,351,3.0,False,False,0
M2|C00014,mCherry-high,M2,M2_C00014,4,351,4.0,False,False,0
M2|C00015,mCherry-high,M2,M2_C00015,0,351,0.0,False,True,27
M2|C00015,mCherry-high,M2,M2_C00015,0,351,0.0,False,True,27
M2|C00015,mCherry-high,M2,M2_C00015,0,351,0.0,False,True,27
M2|C00015,mCherry-high,M2,M2_C00015,2,351,2.0,False,False,0
M2|C00015,mCherry-low,M2,M2_C00015,1,351,1.0,False,False,0
M2|C00015,mCherry-high,M2,M2_C00015,3,351,3.0,False,False,0
M2|C00015,mCherry-low,M2,M2_C00015,3,351,3.0,False,False,0
M2|C00015,mCherry-low,M2,M2_C00015,4,351,4.0,False,False,0
M2|C00015,mCherry-low,M2,M2_C00015,3,351,3.0,False,False,0
M2|C00015,mCherry-low,M2,M2_C00015,5,351,5.0,False,False,0
M2|C00015,mCherry-low,M2,M2_C00015,3,351,3.0,False,False,0
M2|C00015,mCherry-low,M2,M2_C00015,6,351,6.0,False,False,0
M2|C00015,mCherry-low,M2,M2_C00015,6,351,6.0,False,False,0
M2|C00015,mCherry-low,M2,M2_C00015,7,351,7.0,False,False,0
M2|C00015,mCherry-low,M2,M2_C00015,8,351,8.0,False,False,0
M2|C00015,mCherry-high,M2,M2_C00015,4,351,4.0,False,False,0
M2|C00015,mCherry-low,M2,M2_C00015,6,351,6.0,False,False,0
M2|C00015,mCherry-low,M2,M2_C00015,2,351,2.0,False,False,0
M2|C00015,mCherry-low,M2,M2_C00015,5,351,5.0,False,False,0
M2|C00015,mCherry-low,M2,M2_C00015,2,351,2.0,True,False,1
M2|C00015,mCherry-low,M2,M2_C00015,5,351,5.0,False,False,0
M2|C00015,mCherry-low,M2,M2_C00015,6,351,6.0,False,False,0
M2|C00015,mCherry-low,M2,M2_C00015,5,351,5.0,False,False,0
M2|C00016,mCherry-low,M2,M2_C00016,0,351,0.0,False,True,14
M2|C00016,mCherry-low,M2,M2_C00016,0,351,0.0,False,True,14
M2|C00016,mCherry-high,M2,M2_C00016,2,351,2.0,False,False,0
M2|C00016,mCherry-high,M2,M2_C00016,3,351,3.0,False,False,0
M2|C00016,mCherry-high,M2,M2_C00016,1,351,1.0,False,False,0
M2|C00016,mCherry-high,M2,M2_C00016,1,351,1.0,False,False,0
M2|C00016,mCherry-low,M2,M2_C00016,1,351,1.0,False,False,0
M2|C00016,mCherry-high,M2,M2_C00016,4,351,4.0,False,False,0
M2|C00016,mCherry-high,M2,M2_C00016,1,351,1.0,True,False,1
M2|C00016,mCherry-low,M2,M2_C00016,1,351,1.0,True,False,1
M2|C00016,mCherry-low,M2,M2_C00016,3,351,3.0,False,False,0
M2|C00016,mCherry-low,M2,M2_C00016,3,351,3.0,False,False,0
M2|C00016,mCherry-low,M2,M2_C00016,3,351,3.0,False,False,0
M2|C00016,mCherry-low,M2,M2_C00016,3,351,3.0,False,False,0
M2|C00016,mCherry-high,M2,M2_C00016,3,351,3.0,False,False,0
M2|C00016,mCherry-high,M2,M2_C00016,3,351,3.0,False,False,0
M2|C00016,mCherry-high,M2,M2_C00016,2,351,2.0,False,False,0
M2|C00016,mCherry-high,M2,M2_C00016,2,351,2.0,False,False,0
M2|C00016,mCherry-high,M2,M2_C00016,2,351,2.0,False,False,0
M2|C00016,mCherry-high,M2,M2_C00016,2,351,2.0,False,False,0
M2|C00017,mCherry-low,M2,M2_C00017,2,351,2.0,False,False,0
M2|C00017,mCherry-low,M2,M2_C00017,1,351,1.0,False,False,0
M2|C00017,mCherry-low,M2,M2_C00017,5,351,5.0,False,False,0
M2|C00017,mCherry-low,M2,M2_C00017,2,351,2.0,True,False,1
M2|C00017,mCherry-low,M2,M2_C00017,1,351,1.0,True,False,9
M2|C00017,mCherry-low,M2,M2_C00017,3,351,3.0,False,False,0
M2|C00017,mCherry-low,M2,M2_C00017,4,351,4.0,False,False,0
M2|C00017,mCherry-low,M2,M2_C00017,3,351,3.0,False,False,0
M2|C00017,mCherry-high,M2,M2_C00017,2,351,2.0,False,False,0
M2|C00017,mCherry-low,M2,M2_C00017,4,351,4.0,False,False,0
M2|C00017,mCherry-low,M2,M2_C00017,2,351,2.0,False,False,0
M2|C00017,mCherry-low,M2,M2_C00017,2,351,2.0,False,False,0
M2|C00017,mCherry-low,M2,M2_C00017,6,351,6.0,False,False,0
M2|C00017,mCherry-low,M2,M2_C00017,2,351,2.0,False,False,0
M2|C00017,mCherry-high,M2,M2_C00017,2,351,2.0,False,False,0
M2|C00017,mCherry-low,M2,M2_C00017,2,351,3.0,False,False,0
M2|C00017,mCherry-low,M2,M2_C00017,3,351,4.0,False,False,0
M2|C00017,mCherry-low,M2,M2_C00017,3,351,4.0,False,False,0
M2|C00017,mCherry-high,M2,M2_C00017,4,351,5.0,False,False,0
M2|C00017,mCherry-high,M2,M2_C00017,4,351,5.0,False,False,0
M2|C00018,mCherry-low,M2,M2_C00018,0,351,0.0,False,True,13
M2|C00018,mCherry-low,M2,M2_C00018,0,351,0.0,False,True,13
M2|C00018,mCherry-low,M2,M2_C00018,0,351,0.0,False,True,13
M2|C00018,mCherry-low,M2,M2_C00018,1,351,1.0,False,False,0
M2|C00018,mCherry-high,M2,M2_C00018,2,351,2.0,False,False,0
M2|C00018,mCherry-low,M2,M2_C00018,1,351,1.0,True,False,1
M2|C00018,mCherry-high,M2,M2_C00018,2,351,2.0,False,False,0
M2|C00018,mCherry-high,M2,M2_C00018,2,351,2.0,False,False,0
M2|C00018,mCherry-low,M2,M2_C00018,2,351,2.0,False,False,0
M2|C00018,mCherry-low,M2,M2_C00018,2,351,2.0,False,False,0
M2|C00018,mCherry-low,M2,M2_C00018,1,351,1.0,True,False,1
M2|C00018,mCherry-low,M2,M2_C00018,2,351,2.0,False,False,0
M2|C00018,mCherry-low,M2,M2_C00018,2,351,2.0,False,False,0
M2|C00018,mCherry-low,M2,M2_C00018,2,351,2.0,False,False,0
M2|C00018,mCherry-low,M2,M2_C00018,2,351,2.0,False,False,0
M2|C00018,mCherry-low,M2,M2_C00018,2,351,2.0,False,False,0
M2|C00018,mCherry-high,M2,M2_C00018,3,351,3.0,False,False,0
M2|C00018,mCherry-low,M2,M2_C00018,4,351,4.0,False,False,0
M2|C00018,mCherry-low,M2,M2_C00018,3,351,3.0,False,False,0
M2|C00018,mCherry-low,M2,M2_C00018,2,351,2.0,True,False,1
M2|C00018,mCherry-low,M2,M2_C00018,3,351,3.0,False,False,0
M2|C00019,mCherry-low,M2,M2_C00019,0,351,0.0,False,True,18
M2|C00019,mCherry-low,M2,M2_C00019,0,351,0.0,False,True,18
M2|C00019,mCherry-low,M2,M2_C00019,0,351,0.0,False,True,18
M2|C00019,mCherry-low,M2,M2_C00019,0,351,0.0,False,True,18
M2|C00019,mCherry-low,M2,M2_C00019,1,351,1.0,False,False,0
M2|C00019,mCherry-low,M2,M2_C00019,2,351,2.0,False,False,0
M2|C00019,mCherry-low,M2,M2_C00019,3,351,3.0,False,False,0
M2|C00019,mCherry-high,M2,M2_C00019,3,351,3.0,False,False,0
M2|C00019,mCherry-high,M2,M2_C00019,4,351,4.0,False,False,0
M2|C00019,mCherry-high,M2,M2_C00019,5,351,5.0,False,False,0
M2|C00019,mCherry-low,M2,M2_C00019,4,351,4.0,False,False,0
M2|C00019,mCherry-low,M2,M2_C00019,3,351,3.0,False,False,0
M2|C00019,mCherry-high,M2,M2_C00019,3,351,3.0,False,False,0
M2|C00019,mCherry-low,M2,M2_C00019,1,351,1.0,True,False,1
M2|C00019,mCherry-low,M2,M2_C00019,7,351,7.0,False,False,0
M2|C00019,mCherry-low,M2,M2_C00019,5,351,5.0,False,False,0
M2|C00019,mCherry-low,M2,M2_C00019,2,351,2.0,False,False,0
M2|C00019,mCherry-high,M2,M2_C00019,4,351,4.0,False,False,0
M2|C00019,mCherry-high,M2,M2_C00019,5,351,5.0,False,False,0
M2|C00019,mCherry-low,M2,M2_C00019,3,351,3.0,False,False,0
M2|C00020,mCherry-low,M2,M2_C00020,1,350,1.0,True,False,16
M2|C00020,mCherry-low,M2,M2_C00020,1,350,1.0,True,False,16
M2|C00020,mCherry-low,M2,M2_C00020,1,350,1.0,True,False,16
M2|C00020,mCherry-high,M2,M2_C00020,1,350,1.0,True,False,16
M2|C00020,mCherry-high,M2,M2_C00020,1,350,1.0,True,False,16
M2|C00020,mCherry-low,M2,M2_C00020,2,350,2.0,False,False,0
M2|C00020,mCherry-low,M2,M2_C00020,2,350,2.0,False,False,0
M2|C00020,mCherry-low,M2,M2_C00020,4,350,4.0,False,False,0
M2|C00020,mCherry-low,M2,M2_C00020,3,350,3.0,False,False,0
M2|C00020,mCherry-low,M2,M2_C00020,3,350,3.0,True,False,3
M2|C00020,mCherry-low,M2,M2_C00020,4,350,4.0,False,False,0
M2|C00020,mCherry-low,M2,M2_C00020,4,350,4.0,False,False,0
M2|C00020,mCherry-low,M2,M2_C00020,5,350,5.0,False,False,0
M2|C00020,mCherry-low,M2,M2_C00020,5,350,5.0,False,False,0
M2|C00020,mCherry-low,M2,M2_C00020,9,350,9.0,False,False,0
M2|C00020,mCherry-low,M2,M2_C00020,5,350,5.0,False,False,0
M2|C00020,mCherry-low,M2,M2_C00020,7,350,9.0,False,False,0
M2|C00020,mCherry-high,M2,M2_C00020,6,350,7.0,False,False,0
M2|C00021,mCherry-high,M2,M2_C00021,1,351,1.0,True,False,10
M2|C00021,mCherry-high,M2,M2_C00021,1,351,1.0,True,False,10
M2|C00021,mCherry-high,M2,M2_C00021,1,351,1.0,True,False,10
M2|C00021,mCherry-high,M2,M2_C00021,1,351,1.0,True,False,10
M2|C00021,mCherry-high,M2,M2_C00021,1,351,1.0,True,False,10
M2|C00021,mCherry-high,M2,M2_C00021,1,351,1.0,True,False,10
M2|C00021,mCherry-high,M2,M2_C00021,1,351,1.0,True,False,10
M2|C00021,mCherry-high,M2,M2_C00021,2,351,2.0,False,False,0
M2|C00021,mCherry-high,M2,M2_C00021,3,351,3.0,False,False,0
M2|C00021,mCherry-high,M2,M2_C00021,2,351,2.0,False,False,0
M2|C00021,mCherry-high,M2,M2_C00021,2,351,2.0,False,False,0
M2|C00021,mCherry-high,M2,M2_C00021,3,351,3.0,False,False,0
M2|C00021,mCherry-high,M2,M2_C00021,2,351,2.0,False,False,0
M2|C00021,mCherry-high,M2,M2_C00021,5,351,5.0,False,False,0
M2|C00021,mCherry-low,M2,M2_C00021,5,351,5.0,False,False,0
M2|C00021,mCherry-high,M2,M2_C00021,2,351,2.0,True,False,1
M2|C00021,mCherry-high,M2,M2_C00021,3,351,3.0,False,False,0
M2|C00021,mCherry-high,M2,M2_C00021,3,351,3.0,False,False,0
M2|C00022,mCherry-low,M2,M2_C00022,0,351,0.0,False,True,8
M2|C00022,mCherry-low,M2,M2_C00022,0,351,0.0,False,True,8
M2|C00022,mCherry-low,M2,M2_C00022,0,351,0.0,False,True,8
M2|C00022,mCherry-low,M2,M2_C00022,0,351,0.0,False,True,8
M2|C00022,mCherry-low,M2,M2_C00022,0,351,0.0,False,True,8
M2|C00022,mCherry-low,M2,M2_C00022,0,351,0.0,False,True,8
M2|C00022,mCherry-low,M2,M2_C00022,0,351,0.0,False,True,8
M2|C00022,mCherry-low,M2,M2_C00022,0,351,0.0,False,True,8
M2|C00022,mCherry-high,M2,M2_C00022,0,351,0.0,False,True,8
M2|C00022,mCherry-low,M2,M2_C00022,1,351,1.0,False,False,0
M2|C00022,mCherry-high,M2,M2_C00022,2,351,2.0,False,False,0
M2|C00022,mCherry-low,M2,M2_C00022,3,351,3.0,False,False,0
M2|C00022,mCherry-low,M2,M2_C00022,2,351,2.0,False,False,0
M2|C00022,mCherry-low,M2,M2_C00022,3,351,3.0,False,False,0
M2|C00022,mCherry-low,M2,M2_C00022,1,351,1.0,True,False,2
M2|C00022,mCherry-low,M2,M2_C00022,3,351,3.0,False,False,0
M2|C00022,mCherry-low,M2,M2_C00022,2,351,2.0,False,False,0
M2|C00023,mCherry-low,M2,M2_C00023,0,351,0.0,False,True,16
M2|C00023,mCherry-high,M2,M2_C00023,0,351,0.0,False,True,16
M2|C00023,mCherry-high,M2,M2_C00023,1,351,1.0,False,False,0
M2|C00023,mCherry-high,M2,M2_C00023,1,351,1.0,False,False,0
M2|C00023,mCherry-low,M2,M2_C00023,1,351,1.0,False,False,0
M2|C00023,mCherry-high,M2,M2_C00023,1,351,1.0,False,False,0
M2|C00023,mCherry-high,M2,M2_C00023,1,351,1.0,True,False,1
M2|C00023,mCherry-low,M2,M2_C00023,1,351,1.0,True,False,2
M2|C00023,mCherry-low,M2,M2_C00023,4,351,4.0,False,False,0
M2|C00023,mCherry-low,M2,M2_C00023,4,351,4.0,False,False,0
M2|C00023,mCherry-low,M2,M2_C00023,4,351,4.0,False,False,0
M2|C00023,mCherry-low,M2,M2_C00023,2,351,2.0,False,False,0
M2|C00023,mCherry-low,M2,M2_C00023,2,351,2.0,False,False,0
M2|C00023,mCherry-high,M2,M2_C00023,3,351,3.0,False,False,0
M2|C00023,mCherry-low,M2,M2_C00023,3,351,3.0,False,False,0
M2|C00023,mCherry-low,M2,M2_C00023,9,351,9.0,False,False,0
M2|C00024,mCherry-low,M2,M2_C00024,0,339,0.0,False,True,16
M2|C00024,mCherry-high,M2,M2_C00024,0,339,0.0,False,True,16
M2|C00024,mCherry-high,M2,M2_C00024,4,339,4.0,False,False,0
M2|C00024,mCherry-low,M2,M2_C00024,5,339,5.0,False,False,0
M2|C00024,mCherry-high,M2,M2_C00024,1,339,1.0,False,False,0
M2|C00024,mCherry-low,M2,M2_C00024,2,339,2.0,False,False,0
M2|C00024,mCherry-high,M2,M2_C00024,4,339,4.0,False,False,0
M2|C00024,mCherry-low,M2,M2_C00024,1,339,1.0,False,False,0
M2|C00024,mCherry-high,M2,M2_C00024,4,339,4.0,False,False,0
M2|C00024,mCherry-low,M2,M2_C00024,7,339,7.0,False,False,0
M2|C00024,mCherry-low,M2,M2_C00024,121,339,122.0,False,False,0
M2|C00024,mCherry-high,M2,M2_C00024,3,339,3.0,False,False,0
M2|C00024,mCherry-high,M2,M2_C00024,2,339,2.0,False,False,0
M2|C00024,mCherry-high,M2,M2_C00024,3,339,3.0,False,False,0
M2|C00024,mCherry-high,M2,M2_C00024,4,339,4.0,False,False,0
M2|C00025,mCherry-low,M2,M2_C00025,1,350,1.0,True,False,13
M2|C00025,mCherry-low,M2,M2_C00025,1,350,1.0,True,False,13
M2|C00025,mCherry-low,M2,M2_C00025,2,350,2.0,False,False,0
M2|C00025,mCherry-high,M2,M2_C00025,2,350,2.0,False,False,0
M2|C00025,mCherry-low,M2,M2_C00025,3,350,3.0,False,False,0
M2|C00025,mCherry-low,M2,M2_C00025,2,350,2.0,False,False,0
M2|C00025,mCherry-low,M2,M2_C00025,2,350,2.0,False,False,0
M2|C00025,mCherry-low,M2,M2_C00025,2,350,2.0,False,False,0
M2|C00025,mCherry-low,M2,M2_C00025,4,350,4.0,False,False,0
M2|C00025,mCherry-low,M2,M2_C00025,4,350,4.0,False,False,0
M2|C00025,mCherry-low,M2,M2_C00025,4,350,4.0,False,False,0
M2|C00025,mCherry-low,M2,M2_C00025,2,350,2.0,True,False,1
M2|C00025,mCherry-low,M2,M2_C00025,2,350,2.0,True,False,1
M2|C00025,mCherry-high,M2,M2_C00025,4,350,4.0,False,False,0
M2|C00025,mCherry-high,M2,M2_C00025,3,350,3.0,False,False,0
M2|C00026,mCherry-low,M2,M2_C00026,0,351,0.0,False,True,9
M2|C00026,mCherry-low,M2,M2_C00026,0,351,0.0,False,True,9
M2|C00026,mCherry-low,M2,M2_C00026,0,351,0.0,False,True,9
M2|C00026,mCherry-low,M2,M2_C00026,0,351,0.0,False,True,9
M2|C00026,mCherry-low,M2,M2_C00026,0,351,0.0,False,True,9
M2|C00026,mCherry-high,M2,M2_C00026,0,351,0.0,False,True,9
M2|C00026,mCherry-low,M2,M2_C00026,2,351,2.0,False,False,0
M2|C00026,mCherry-low,M2,M2_C00026,1,351,1.0,False,False,0
M2|C00026,mCherry-low,M2,M2_C00026,2,351,2.0,False,False,0
M2|C00026,mCherry-low,M2,M2_C00026,2,351,2.0,False,False,0
M2|C00026,mCherry-low,M2,M2_C00026,1,351,1.0,False,False,0
M2|C00026,mCherry-low,M2,M2_C00026,9,351,9.0,False,False,0
M2|C00026,mCherry-low,M2,M2_C00026,2,351,2.0,False,False,0
M2|C00026,mCherry-low,M2,M2_C00026,2,351,2.0,False,False,0
M2|C00027,mCherry-low,M2,M2_C00027,2,350,2.0,False,False,0
M2|C00027,mCherry-low,M2,M2_C00027,5,350,5.0,True,False,1
M2|C00027,mCherry-low,M2,M2_C00027,5,350,5.0,True,False,1
M2|C00027,mCherry-low,M2,M2_C00027,3,350,3.0,True,False,6
M2|C00027,mCherry-low,M2,M2_C00027,3,350,3.0,True,False,6
M2|C00027,mCherry-low,M2,M2_C00027,3,350,3.0,True,False,6
M2|C00027,mCherry-low,M2,M2_C00027,6,350,6.0,False,False,0
M2|C00027,mCherry-high,M2,M2_C00027,6,350,6.0,False,False,0
M2|C00027,mCherry-low,M2,M2_C00027,5,350,5.0,False,False,0
M2|C00027,mCherry-low,M2,M2_C00027,4,350,4.0,False,False,0
M2|C00027,mCherry-low,M2,M2_C00027,4,350,5.0,False,False,0
M2|C00027,mCherry-low,M2,M2_C00027,13,350,13.0,False,False,0
M2|C00027,mCherry-low,M2,M2_C00027,4,350,4.0,True,False,1
M2|C00027,mCherry-low,M2,M2_C00027,5,350,5.0,False,False,0
M2|C00028,mCherry-low,M2,M2_C00028,1,351,1.0,False,False,0
M2|C00028,mCherry-low,M2,M2_C00028,3,351,3.0,False,False,0
M2|C00028,mCherry-low,M2,M2_C00028,3,351,3.0,False,False,0
M2|C00028,mCherry-low,M2,M2_C00028,2,351,2.0,False,False,0
M2|C00028,mCherry-low,M2,M2_C00028,4,351,4.0,False,False,0
M2|C00028,mCherry-low,M2,M2_C00028,2,351,2.0,False,False,0
M2|C00028,mCherry-low,M2,M2_C00028,3,351,3.0,False,False,0
M2|C00028,mCherry-low,M2,M2_C00028,10,351,10.0,False,False,0
M2|C00028,mCherry-low,M2,M2_C00028,4,351,4.0,False,False,0
M2|C00028,mCherry-low,M2,M2_C00028,8,351,8.0,True,False,1
M2|C00028,mCherry-low,M2,M2_C00028,8,351,8.0,True,False,1
M2|C00028,mCherry-low,M2,M2_C00028,8,351,8.0,True,False,1
M2|C00028,mCherry-low,M2,M2_C00028,10,351,10.0,False,False,0
M2|C00029,mCherry-low,M2,M2_C00029,5,351,5.0,False,False,0
M2|C00029,mCherry-low,M2,M2_C00029,2,351,2.0,False,False,0
M2|C00029,mCherry-low,M2,M2_C00029,2,351,2.0,False,False,0
M2|C00029,mCherry-low,M2,M2_C00029,1,351,1.0,False,False,0
M2|C00029,mCherry-high,M2,M2_C00029,1,351,1.0,True,False,1
M2|C00029,mCherry-low,M2,M2_C00029,3,351,3.0,False,False,0
M2|C00029,mCherry-low,M2,M2_C00029,2,351,2.0,False,False,0
M2|C00029,mCherry-low,M2,M2_C00029,5,351,5.0,False,False,0
M2|C00029,mCherry-low,M2,M2_C00029,8,351,8.0,False,False,0
M2|C00029,mCherry-low,M2,M2_C00029,8,351,8.0,False,False,0
M2|C00030,mCherry-low,M2,M2_C00030,0,353,0.0,False,True,12
M2|C00030,mCherry-low,M2,M2_C00030,0,353,0.0,False,True,12
M2|C00030,mCherry-low,M2,M2_C00030,7,353,7.0,False,False,0
M2|C00030,mCherry-low,M2,M2_C00030,3,353,3.0,False,False,0
M2|C00030,mCherry-low,M2,M2_C00030,3,353,3.0,False,False,0
M2|C00030,mCherry-low,M2,M2_C00030,3,353,3.0,False,False,0
M2|C00030,mCherry-low,M2,M2_C00030,2,353,2.0,False,False,0
M2|C00030,mCherry-low,M2,M2_C00030,5,353,5.0,False,False,0
M2|C00030,mCherry-low,M2,M2_C00030,5,353,5.0,False,False,0
M2|C00030,mCherry-low,M2,M2_C00030,8,353,8.0,False,False,0
M2|C00030,mCherry-low,M2,M2_C00030,3,353,3.0,False,False,0
M2|C00030,mCherry-high,M2,M2_C00030,2,353,2.0,False,False,0
M2|C00031,mCherry-high,M2,M2_C00031,3,353,3.0,False,False,0
M2|C00031,mCherry-low,M2,M2_C00031,4,353,4.0,True,False,6
M2|C00031,mCherry-low,M2,M2_C00031,4,353,4.0,True,False,6
M2|C00031,mCherry-high,M2,M2_C00031,4,353,4.0,True,False,6
M2|C00031,mCherry-high,M2,M2_C00031,2,353,2.0,False,False,0
M2|C00031,mCherry-low,M2,M2_C00031,3,353,3.0,False,False,0
M2|C00031,mCherry-low,M2,M2_C00031,5,353,5.0,False,False,0
M2|C00031,mCherry-low,M2,M2_C00031,7,353,7.0,False,False,0
M2|C00031,mCherry-low,M2,M2_C00031,6,353,6.0,False,False,0
M2|C00031,mCherry-high,M2,M2_C00031,7,353,7.0,False,False,0
M2|C00031,mCherry-low,M2,M2_C00031,7,353,7.0,False,False,0
M2|C00031,mCherry-high,M2,M2_C00031,10,353,10.0,False,False,0
M2|C00032,mCherry-low,M2,M2_C00032,3,351,3.0,False,False,0
M2|C00032,mCherry-low,M2,M2_C00032,3,351,3.0,False,False,0
M2|C00032,mCherry-low,M2,M2_C00032,2,351,2.0,True,False,7
M2|C00032,mCherry-low,M2,M2_C00032,2,351,2.0,True,False,7
M2|C00032,mCherry-low,M2,M2_C00032,4,351,4.0,False,False,0
M2|C00032,mCherry-low,M2,M2_C00032,5,351,5.0,False,False,0
M2|C00032,mCherry-low,M2,M2_C00032,3,351,3.0,False,False,0
M2|C00032,mCherry-low,M2,M2_C00032,3,351,3.0,False,False,0
M2|C00032,mCherry-low,M2,M2_C00032,4,351,4.0,False,False,0
M2|C00032,mCherry-low,M2,M2_C00032,4,351,4.0,False,False,0
M2|C00032,mCherry-high,M2,M2_C00032,7,351,7.0,False,False,0
M2|C00033,mCherry-high,M2,M2_C00033,4,351,4.0,False,False,0
M2|C00033,mCherry-low,M2,M2_C00033,7,351,8.0,False,False,0
M2|C00033,mCherry-low,M2,M2_C00033,4,351,4.0,False,False,0
M2|C00033,mCherry-low,M2,M2_C00033,4,351,4.0,False,False,0
M2|C00033,mCherry-low,M2,M2_C00033,4,351,4.0,False,False,0
M2|C00033,mCherry-low,M2,M2_C00033,4,351,4.0,False,False,0
M2|C00033,mCherry-low,M2,M2_C00033,4,351,4.0,False,False,0
M2|C00033,mCherry-low,M2,M2_C00033,4,351,4.0,False,False,0
M2|C00033,mCherry-low,M2,M2_C00033,4,351,4.0,False,False,0
M2|C00033,mCherry-low,M2,M2_C00033,4,351,4.0,False,False,0
M2|C00033,mCherry-low,M2,M2_C00033,4,351,4.0,False,False,0
M2|C00034,mCherry-low,M2,M2_C00034,0,351,0.0,False,True,9
M2|C00034,mCherry-low,M2,M2_C00034,0,351,0.0,False,True,9
M2|C00034,mCherry-low,M2,M2_C00034,2,351,2.0,False,False,0
M2|C00034,mCherry-low,M2,M2_C00034,2,351,2.0,False,False,0
M2|C00034,mCherry-low,M2,M2_C00034,1,351,1.0,False,False,0
M2|C00034,mCherry-low,M2,M2_C00034,2,351,2.0,False,False,0
M2|C00034,mCherry-low,M2,M2_C00034,1,351,1.0,False,False,0
M2|C00034,mCherry-low,M2,M2_C00034,2,351,2.0,False,False,0
M2|C00034,mCherry-low,M2,M2_C00034,3,351,3.0,False,False,0
M2|C00034,mCherry-low,M2,M2_C00034,4,351,4.0,False,False,0
M2|C00035,mCherry-high,M2,M2_C00035,0,351,0.0,False,True,8
M2|C00035,mCherry-high,M2,M2_C00035,0,351,0.0,False,True,8
M2|C00035,mCherry-low,M2,M2_C00035,2,351,2.0,False,False,0
M2|C00035,mCherry-low,M2,M2_C00035,2,351,2.0,False,False,0
M2|C00035,mCherry-low,M2,M2_C00035,2,351,2.0,False,False,0
M2|C00035,mCherry-high,M2,M2_C00035,3,351,3.0,False,False,0
M2|C00035,mCherry-low,M2,M2_C00035,2,351,2.0,False,False,0
M2|C00035,mCherry-low,M2,M2_C00035,1,351,1.0,False,False,0
M2|C00035,mCherry-low,M2,M2_C00035,2,351,2.0,False,False,0
M2|C00035,mCherry-low,M2,M2_C00035,2,351,2.0,False,False,0
M2|C00036,mCherry-low,M2,M2_C00036,2,351,2.0,False,False,0
M2|C00036,mCherry-low,M2,M2_C00036,2,351,2.0,False,False,0
M2|C00036,mCherry-low,M2,M2_C00036,7,351,7.0,False,False,0
M2|C00036,mCherry-high,M2,M2_C00036,3,351,3.0,True,False,2
M2|C00036,mCherry-low,M2,M2_C00036,8,351,8.0,False,False,0
M2|C00036,mCherry-low,M2,M2_C00036,10,351,10.0,False,False,0
M2|C00037,mCherry-low,M2,M2_C00037,4,351,4.0,True,False,2
M2|C00037,mCherry-low,M2,M2_C00037,4,351,4.0,True,False,2
M2|C00037,mCherry-low,M2,M2_C00037,4,351,4.0,True,False,2
M2|C00037,mCherry-low,M2,M2_C00037,5,351,5.0,False,False,0
M2|C00037,mCherry-low,M2,M2_C00037,5,351,5.0,False,False,0
M2|C00038,mCherry-high,M2,M2_C00038,1,351,1.0,True,False,9
M2|C00038,mCherry-high,M2,M2_C00038,2,351,2.0,False,False,0
M2|C00038,mCherry-high,M2,M2_C00038,3,351,3.0,False,False,0
M2|C00038,mCherry-high,M2,M2_C00038,3,351,3.0,False,False,0
M2|C00038,mCherry-high,M2,M2_C00038,3,351,3.0,False,False,0
M2|C00038,mCherry-high,M2,M2_C00038,3,351,3.0,False,False,0
M2|C00038,mCherry-high,M2,M2_C00038,5,351,5.0,False,False,0
M2|C00038,mCherry-high,M2,M2_C00038,5,351,5.0,False,False,0
M2|C00038,mCherry-high,M2,M2_C00038,10,351,10.0,False,False,0
M2|C00039,mCherry-low,M2,M2_C00039,0,359,0.0,False,True,6
M2|C00039,mCherry-low,M2,M2_C00039,0,359,0.0,False,True,6
M2|C00039,mCherry-low,M2,M2_C00039,0,359,0.0,False,True,6
M2|C00039,mCherry-high,M2,M2_C00039,0,359,0.0,False,True,6
M2|C00039,mCherry-low,M2,M2_C00039,2,359,2.0,False,False,0
M2|C00039,mCherry-low,M2,M2_C00039,4,359,4.0,False,False,0
M2|C00039,mCherry-high,M2,M2_C00039,1,359,1.0,False,False,0
M2|C00039,mCherry-low,M2,M2_C00039,5,359,5.0,False,False,0
M2|C00039,mCherry-low,M2,M2_C00039,3,359,3.0,False,False,0
M2|C00040,mCherry-high,M2,M2_C00040,2,351,2.0,False,False,0
M2|C00040,mCherry-low,M2,M2_C00040,4,351,4.0,False,False,0
M2|C00040,mCherry-low,M2,M2_C00040,5,351,5.0,False,False,0
M2|C00041,mCherry-high,M2,M2_C00041,0,350,0.0,False,True,6
M2|C00041,mCherry-high,M2,M2_C00041,3,350,3.0,False,False,0
M2|C00041,mCherry-low,M2,M2_C00041,1,350,1.0,False,False,0
M2|C00041,mCherry-low,M2,M2_C00041,2,350,2.0,False,False,0
M2|C00041,mCherry-low,M2,M2_C00041,2,350,2.0,False,False,0
M2|C00041,mCherry-low,M2,M2_C00041,3,350,3.0,False,False,0
M2|C00041,mCherry-low,M2,M2_C00041,4,350,4.0,False,False,0
M2|C00041,mCherry-low,M2,M2_C00041,4,350,4.0,False,False,0
M2|C00042,mCherry-low,M2,M2_C00042,8,353,8.0,False,False,0
M2|C00042,mCherry-low,M2,M2_C00042,2,353,2.0,False,False,0
M2|C00042,mCherry-low,M2,M2_C00042,1,353,1.0,False,False,0
M2|C00042,mCherry-high,M2,M2_C00042,4,353,4.0,False,False,0
M2|C00042,mCherry-high,M2,M2_C00042,3,353,3.0,False,False,0
M2|C00042,mCherry-low,M2,M2_C00042,3,353,3.0,False,False,0
M2|C00042,mCherry-low,M2,M2_C00042,4,353,4.0,False,False,0
M2|C00043,mCherry-high,M2,M2_C00043,10,351,10.0,False,False,0
M2|C00043,mCherry-high,M2,M2_C00043,8,351,8.0,False,False,0
M2|C00043,mCherry-low,M2,M2_C00043,6,351,6.0,False,False,0
M2|C00043,mCherry-low,M2,M2_C00043,4,351,4.0,False,False,0
M2|C00043,mCherry-low,M2,M2_C00043,7,351,7.0,False,False,0
M2|C00043,mCherry-low,M2,M2_C00043,9,351,9.0,False,False,0
M2|C00043,mCherry-low,M2,M2_C00043,5,351,5.0,False,False,0
M2|C00044,mCherry-high,M2,M2_C00044,0,351,0.0,False,True,6
M2|C00044,mCherry-high,M2,M2_C00044,0,351,0.0,False,True,6
M2|C00044,mCherry-high,M2,M2_C00044,1,351,1.0,False,False,0
M2|C00044,mCherry-high,M2,M2_C00044,3,351,3.0,False,False,0
M2|C00044,mCherry-low,M2,M2_C00044,1,351,1.0,False,False,0
M2|C00044,mCherry-low,M2,M2_C00044,3,351,3.0,False,False,0
M2|C00044,mCherry-high,M2,M2_C00044,2,351,2.0,False,False,0
M2|C00045,mCherry-low,M2,M2_C00045,1,351,1.0,True,False,3
M2|C00045,mCherry-low,M2,M2_C00045,1,351,1.0,True,False,3
M2|C00045,mCherry-high,M2,M2_C00045,3,351,3.0,False,False,0
M2|C00045,mCherry-low,M2,M2_C00045,2,351,2.0,False,False,0
M2|C00045,mCherry-low,M2,M2_C00045,4,351,4.0,False,False,0
M2|C00046,mCherry-high,M2,M2_C00046,0,351,0.0,False,True,5
M2|C00046,mCherry-high,M2,M2_C00046,0,351,0.0,False,True,5
M2|C00046,mCherry-high,M2,M2_C00046,5,351,5.0,False,False,0
M2|C00046,mCherry-high,M2,M2_C00046,2,351,2.0,False,False,0
M2|C00046,mCherry-high,M2,M2_C00046,2,351,2.0,False,False,0
M2|C00046,mCherry-high,M2,M2_C00046,2,351,2.0,False,False,0
M2|C00046,mCherry-high,M2,M2_C00046,4,351,4.0,False,False,0
M2|C00047,mCherry-high,M2,M2_C00047,0,342,0.0,False,True,9
M2|C00047,mCherry-high,M2,M2_C00047,2,342,2.0,False,False,0
M2|C00047,mCherry-high,M2,M2_C00047,2,342,2.0,False,False,0
M2|C00047,mCherry-high,M2,M2_C00047,2,342,2.0,False,False,0
M2|C00047,mCherry-high,M2,M2_C00047,5,342,5.0,False,False,0
M2|C00047,mCherry-high,M2,M2_C00047,140,342,141.0,False,False,0
M2|C00047,mCherry-high,M2,M2_C00047,5,342,6.0,False,False,0
M2|C00049,mCherry-low,M2,M2_C00049,3,351,3.0,False,False,0
M2|C00049,mCherry-low,M2,M2_C00049,2,351,2.0,False,False,0
M2|C00049,mCherry-low,M2,M2_C00049,1,351,1.0,False,False,0
M2|C00049,mCherry-low,M2,M2_C00049,1,351,1.0,False,False,0
M2|C00049,mCherry-low,M2,M2_C00049,2,351,2.0,False,False,0
M2|C00049,mCherry-low,M2,M2_C00049,3,351,3.0,True,False,1
M2|C00049,mCherry-low,M2,M2_C00049,9,351,10.0,False,False,0
M2|C00050,mCherry-low,M2,M2_C00050,1,351,1.0,True,False,3
M2|C00050,mCherry-low,M2,M2_C00050,1,351,1.0,True,False,3
M2|C00050,mCherry-high,M2,M2_C00050,1,351,1.0,True,False,3
M2|C00050,mCherry-high,M2,M2_C00050,1,351,1.0,True,False,3
M2|C00050,mCherry-high,M2,M2_C00050,3,351,3.0,False,False,0
M2|C00050,mCherry-high,M2,M2_C00050,2,351,2.0,False,False,0
M2|C00050,mCherry-low,M2,M2_C00050,2,351,2.0,False,False,0
M2|C00051,mCherry-low,M2,M2_C00051,0,351,0.0,False,True,4
M2|C00051,mCherry-high,M2,M2_C00051,0,351,0.0,False,True,4
M2|C00051,mCherry-high,M2,M2_C00051,0,351,0.0,False,True,4
M2|C00051,mCherry-low,M2,M2_C00051,2,351,2.0,False,False,0
M2|C00051,mCherry-low,M2,M2_C00051,4,351,4.0,False,False,0
M2|C00051,mCherry-low,M2,M2_C00051,3,351,3.0,False,False,0
M2|C00051,mCherry-low,M2,M2_C00051,1,351,1.0,False,False,0
M2|C00052,mCherry-low,M2,M2_C00052,1,353,1.0,True,False,4
M2|C00052,mCherry-low,M2,M2_C00052,1,353,1.0,True,False,4
M2|C00052,mCherry-low,M2,M2_C00052,3,353,3.0,False,False,0
M2|C00052,mCherry-low,M2,M2_C00052,3,353,3.0,False,False,0
M2|C00052,mCherry-low,M2,M2_C00052,2,353,2.0,True,False,1
M2|C00052,mCherry-low,M2,M2_C00052,4,353,4.0,False,False,0
M2|C00053,mCherry-high,M2,M2_C00053,3,351,3.0,False,False,0
M2|C00053,mCherry-high,M2,M2_C00053,2,351,2.0,False,False,0
M2|C00053,mCherry-high,M2,M2_C00053,2,351,2.0,False,False,0
M2|C00053,mCherry-low,M2,M2_C00053,3,351,3.0,False,False,0
M2|C00053,mCherry-high,M2,M2_C00053,6,351,6.0,False,False,0
M2|C00053,mCherry-high,M2,M2_C00053,4,351,4.0,False,False,0
M2|C00054,mCherry-low,M2,M2_C00054,1,351,1.0,True,False,5
M2|C00054,mCherry-low,M2,M2_C00054,4,351,4.0,False,False,0
M2|C00054,mCherry-low,M2,M2_C00054,2,351,2.0,False,False,0
M2|C00054,mCherry-low,M2,M2_C00054,2,351,2.0,False,False,0
M2|C00054,mCherry-low,M2,M2_C00054,4,351,4.0,False,False,0
M2|C00054,mCherry-high,M2,M2_C00054,3,351,3.0,False,False,0
M2|C00055,mCherry-low,M2,M2_C00055,1,351,1.0,True,False,4
M2|C00055,mCherry-low,M2,M2_C00055,1,351,1.0,True,False,4
M2|C00055,mCherry-low,M2,M2_C00055,5,351,5.0,False,False,0
M2|C00055,mCherry-low,M2,M2_C00055,2,351,2.0,False,False,0
M2|C00055,mCherry-high,M2,M2_C00055,5,351,5.0,False,False,0
M2|C00055,mCherry-low,M2,M2_C00055,2,351,2.0,False,False,0
M2|C00056,mCherry-low,M2,M2_C00056,3,359,3.0,True,False,4
M2|C00056,mCherry-low,M2,M2_C00056,3,359,3.0,True,False,4
M2|C00056,mCherry-low,M2,M2_C00056,5,359,5.0,False,False,0
M2|C00056,mCherry-low,M2,M2_C00056,4,359,4.0,False,False,0
M2|C00056,mCherry-low,M2,M2_C00056,4,359,4.0,False,False,0
M2|C00056,mCherry-low,M2,M2_C00056,4,359,4.0,False,False,0
M2|C00057,mCherry-high,M2,M2_C00057,0,351,0.0,False,True,2
M2|C00057,mCherry-high,M2,M2_C00057,0,351,0.0,False,True,2
M2|C00057,mCherry-high,M2,M2_C00057,7,351,7.0,False,False,0
M2|C00057,mCherry-high,M2,M2_C00057,3,351,3.0,False,False,0
M2|C00057,mCherry-high,M2,M2_C00057,3,351,3.0,False,False,0
M2|C00057,mCherry-high,M2,M2_C00057,3,351,3.0,False,False,0
M2|C00058,mCherry-low,M2,M2_C00058,6,351,6.0,False,False,0
M2|C00058,mCherry-low,M2,M2_C00058,5,351,5.0,False,False,0
M2|C00058,mCherry-low,M2,M2_C00058,7,351,7.0,False,False,0
M2|C00058,mCherry-low,M2,M2_C00058,5,351,5.0,False,False,0
M2|C00058,mCherry-high,M2,M2_C00058,6,351,6.0,False,False,0
M2|C00059,mCherry-high,M2,M2_C00059,5,351,5.0,False,False,0
M2|C00059,mCherry-low,M2,M2_C00059,2,351,2.0,False,False,0
M2|C00059,mCherry-low,M2,M2_C00059,1,351,1.0,False,False,0
M2|C00059,mCherry-low,M2,M2_C00059,7,351,7.0,False,False,0
M2|C00059,mCherry-low,M2,M2_C00059,7,351,7.0,False,False,0
M2|C00060,mCherry-low,M2,M2_C00060,0,351,0.0,False,True,3
M2|C00060,mCherry-high,M2,M2_C00060,0,351,0.0,False,True,3
M2|C00060,mCherry-low,M2,M2_C00060,3,351,3.0,False,False,0
M2|C00060,mCherry-low,M2,M2_C00060,2,351,2.0,False,False,0
M2|C00060,mCherry-low,M2,M2_C00060,3,351,3.0,False,False,0
M2|C00061,mCherry-low,M2,M2_C00061,1,351,1.0,False,False,0
M2|C00061,mCherry-low,M2,M2_C00061,3,351,3.0,True,False,1
M2|C00061,mCherry-low,M2,M2_C00061,3,351,3.0,True,False,1
M2|C00061,mCherry-low,M2,M2_C00061,7,351,7.0,False,False,0
M2|C00062,mCherry-high,M2,M2_C00062,3,351,3.0,True,False,3
M2|C00062,mCherry-high,M2,M2_C00062,3,351,3.0,True,False,3
M2|C00062,mCherry-high,M2,M2_C00062,7,351,7.0,False,False,0
M2|C00062,mCherry-low,M2,M2_C00062,5,351,5.0,False,False,0
M2|C00062,mCherry-low,M2,M2_C00062,5,351,5.0,False,False,0
M2|C00064,mCherry-low,M2,M2_C00064,4,351,4.0,True,False,2
M2|C00064,mCherry-low,M2,M2_C00064,4,351,4.0,True,False,2
M2|C00064,mCherry-high,M2,M2_C00064,6,351,6.0,True,False,1
M2|C00064,mCherry-low,M2,M2_C00064,7,351,7.0,False,False,0
M2|C00065,mCherry-low,M2,M2_C00065,0,351,0.0,False,True,2
M2|C00065,mCherry-low,M2,M2_C00065,0,351,0.0,False,True,2
M2|C00065,mCherry-low,M2,M2_C00065,4,351,4.0,False,False,0
M2|C00065,mCherry-low,M2,M2_C00065,3,351,3.0,False,False,0
M2|C00066,mCherry-low,M2,M2_C00066,1,351,1.0,True,False,3
M2|C00066,mCherry-low,M2,M2_C00066,3,351,3.0,False,False,0
M2|C00066,mCherry-high,M2,M2_C00066,3,351,3.0,False,False,0
M2|C00066,mCherry-low,M2,M2_C00066,4,351,4.0,False,False,0
M2|C00067,mCherry-high,M2,M2_C00067,4,351,4.0,False,False,0
M2|C00067,mCherry-low,M2,M2_C00067,9,351,9.0,False,False,0
M2|C00067,mCherry-low,M2,M2_C00067,4,351,4.0,False,False,0
M2|C00067,mCherry-high,M2,M2_C00067,2,351,2.0,False,False,0
M2|C00068,mCherry-high,M2,M2_C00068,1,351,1.0,True,False,3
M2|C00068,mCherry-low,M2,M2_C00068,4,351,4.0,False,False,0
M2|C00068,mCherry-high,M2,M2_C00068,2,351,2.0,True,False,1
M2|C00068,mCherry-high,M2,M2_C00068,6,351,6.0,False,False,0
M2|C00069,mCherry-low,M2,M2_C00069,0,351,0.0,False,True,2
M2|C00069,mCherry-low,M2,M2_C00069,0,351,0.0,False,True,2
M2|C00069,mCherry-low,M2,M2_C00069,2,351,2.0,False,False,0
M2|C00069,mCherry-low,M2,M2_C00069,1,351,1.0,False,False,0
M2|C00071,mCherry-low,M2,M2_C00071,4,353,4.0,True,False,1
M2|C00071,mCherry-high,M2,M2_C00071,4,353,4.0,True,False,1
M2|C00071,mCherry-high,M2,M2_C00071,5,353,5.0,False,False,0
M2|C00072,mCherry-high,M2,M2_C00072,5,351,5.0,False,False,0
M2|C00072,mCherry-low,M2,M2_C00072,7,351,7.0,False,False,0
M2|C00072,mCherry-low,M2,M2_C00072,7,351,7.0,False,False,0
M2|C00074,mCherry-low,M2,M2_C00074,2,358,2.0,True,False,2
M2|C00074,mCherry-low,M2,M2_C00074,9,358,9.0,False,False,0
M2|C00074,mCherry-low,M2,M2_C00074,4,358,4.0,False,False,0
M2|C00076,mCherry-high,M2,M2_C00076,2,351,2.0,False,False,0
M2|C00076,mCherry-low,M2,M2_C00076,2,351,2.0,False,False,0
M2|C00076,mCherry-low,M2,M2_C00076,6,351,6.0,False,False,0
M2|C00081,mCherry-low,M2,M2_C00081,4,351,4.0,False,False,0
M2|C00081,mCherry-low,M2,M2_C00081,4,351,4.0,False,False,0
M2|C00081,mCherry-low,M2,M2_C00081,3,351,3.0,False,False,0
M2|C00083,mCherry-low,M2,M2_C00083,3,351,3.0,True,False,2
M2|C00083,mCherry-low,M2,M2_C00083,8,351,8.0,False,False,0
M2|C00083,mCherry-high,M2,M2_C00083,4,351,4.0,False,False,0
M2|C00084,mCherry-low,M2,M2_C00084,1,351,1.0,False,False,0
M2|C00084,mCherry-low,M2,M2_C00084,4,351,4.0,False,False,0
M2|C00084,mCherry-low,M2,M2_C00084,4,351,4.0,False,False,0
M2|C00085,mCherry-low,M2,M2_C00085,1,351,1.0,True,False,2
M2|C00085,mCherry-low,M2,M2_C00085,2,351,2.0,False,False,0
M2|C00085,mCherry-low,M2,M2_C00085,2,351,2.0,False,False,0
M2|C00088,mCherry-low,M2,M2_C00088,2,351,2.0,True,False,2
M2|C00088,mCherry-low,M2,M2_C00088,5,351,5.0,False,False,0
M2|C00088,mCherry-high,M2,M2_C00088,5,351,5.0,False,False,0
M2|C00089,mCherry-high,M2,M2_C00089,5,351,5.0,False,False,0
M2|C00089,mCherry-high,M2,M2_C00089,2,351,2.0,False,False,0
M2|C00089,mCherry-high,M2,M2_C00089,9,351,9.0,False,False,0
M2|C00090,mCherry-low,M2,M2_C00090,0,353,0.0,False,True,2
M2|C00090,mCherry-low,M2,M2_C00090,1,353,1.0,False,False,0
M2|C00090,mCherry-low,M2,M2_C00090,1,353,1.0,False,False,0
M2|C00091,mCherry-high,M2,M2_C00091,0,351,0.0,False,True,2
M2|C00091,mCherry-high,M2,M2_C00091,1,351,1.0,False,False,0
M2|C00091,mCherry-low,M2,M2_C00091,3,351,3.0,False,False,0
M2|C00092,mCherry-high,M2,M2_C00092,0,351,0.0,False,True,2
M2|C00092,mCherry-low,M2,M2_C00092,2,351,2.0,False,False,0
M2|C00092,mCherry-high,M2,M2_C00092,2,351,2.0,False,False,0
M2|C00093,mCherry-low,M2,M2_C00093,1,351,1.0,False,False,0
M2|C00093,mCherry-low,M2,M2_C00093,2,351,2.0,False,False,0
M2|C00093,mCherry-low,M2,M2_C00093,2,351,2.0,False,False,0
M2|C00096,mCherry-high,M2,M2_C00096,5,351,5.0,False,False,0
M2|C00096,mCherry-high,M2,M2_C00096,1,351,1.0,False,False,0
M2|C00096,mCherry-high,M2,M2_C00096,1,351,1.0,False,False,0
M2|C00097,mCherry-low,M2,M2_C00097,0,351,0.0,False,True,2
M2|C00097,mCherry-low,M2,M2_C00097,1,351,1.0,False,False,0
M2|C00097,mCherry-low,M2,M2_C00097,2,351,2.0,False,False,0
M2|C00099,mCherry-low,M2,M2_C00099,1,347,1.0,True,False,1
M2|C00099,mCherry-high,M2,M2_C00099,1,347,1.0,True,False,1
M2|C00099,mCherry-low,M2,M2_C00099,6,347,6.0,False,False,0
M2|C00103,mCherry-high,M2,M2_C00103,2,351,2.0,True,False,2
M2|C00103,mCherry-low,M2,M2_C00103,6,351,6.0,False,False,0
M2|C00103,mCherry-low,M2,M2_C00103,5,351,5.0,False,False,0
M2|C00104,mCherry-high,M2,M2_C00104,1,351,1.0,True,False,2
M2|C00104,mCherry-high,M2,M2_C00104,2,351,2.0,False,False,0
M2|C00104,mCherry-high,M2,M2_C00104,3,351,3.0,False,False,0
M3|C00001,mCherry-low,M3,M3_C00001,0,351,0.0,False,True,79
M3|C00001,mCherry-low,M3,M3_C00001,0,351,0.0,False,True,79
M3|C00001,mCherry-low,M3,M3_C00001,0,351,0.0,False,True,79
M3|C00001,mCherry-low,M3,M3_C00001,0,351,0.0,False,True,79
M3|C00001,mCherry-low,M3,M3_C00001,0,351,0.0,False,True,79
M3|C00001,mCherry-low,M3,M3_C00001,0,351,0.0,False,True,79
M3|C00001,mCherry-low,M3,M3_C00001,0,351,0.0,False,True,79
M3|C00001,mCherry-low,M3,M3_C00001,0,351,0.0,False,True,79
M3|C00001,mCherry-low,M3,M3_C00001,0,351,0.0,False,True,79
M3|C00001,mCherry-low,M3,M3_C00001,0,351,0.0,False,True,79
M3|C00001,mCherry-low,M3,M3_C00001,0,351,0.0,False,True,79
M3|C00001,mCherry-low,M3,M3_C00001,0,351,0.0,False,True,79
M3|C00001,mCherry-low,M3,M3_C00001,0,351,0.0,False,True,79
M3|C00001,mCherry-low,M3,M3_C00001,0,351,0.0,False,True,79
M3|C00001,mCherry-low,M3,M3_C00001,0,351,0.0,False,True,79
M3|C00001,mCherry-low,M3,M3_C00001,0,351,0.0,False,True,79
M3|C00001,mCherry-low,M3,M3_C00001,0,351,0.0,False,True,79
M3|C00001,mCherry-low,M3,M3_C00001,0,351,0.0,False,True,79
M3|C00001,mCherry-low,M3,M3_C00001,0,351,0.0,False,True,79
M3|C00001,mCherry-low,M3,M3_C00001,0,351,0.0,False,True,79
M3|C00001,mCherry-low,M3,M3_C00001,0,351,0.0,False,True,79
M3|C00001,mCherry-low,M3,M3_C00001,0,351,0.0,False,True,79
M3|C00001,mCherry-low,M3,M3_C00001,0,351,0.0,False,True,79
M3|C00001,mCherry-low,M3,M3_C00001,0,351,0.0,False,True,79
M3|C00001,mCherry-low,M3,M3_C00001,0,351,0.0,False,True,79
M3|C00001,mCherry-low,M3,M3_C00001,0,351,0.0,False,True,79
M3|C00001,mCherry-low,M3,M3_C00001,0,351,0.0,False,True,79
M3|C00001,mCherry-low,M3,M3_C00001,0,351,0.0,False,True,79
M3|C00001,mCherry-low,M3,M3_C00001,0,351,0.0,False,True,79
M3|C00001,mCherry-low,M3,M3_C00001,0,351,0.0,False,True,79
M3|C00001,mCherry-low,M3,M3_C00001,0,351,0.0,False,True,79
M3|C00001,mCherry-low,M3,M3_C00001,0,351,0.0,False,True,79
M3|C00001,mCherry-low,M3,M3_C00001,0,351,0.0,False,True,79
M3|C00001,mCherry-low,M3,M3_C00001,0,351,0.0,False,True,79
M3|C00001,mCherry-low,M3,M3_C00001,0,351,0.0,False,True,79
M3|C00001,mCherry-low,M3,M3_C00001,0,351,0.0,False,True,79
M3|C00001,mCherry-low,M3,M3_C00001,0,351,0.0,False,True,79
M3|C00001,mCherry-low,M3,M3_C00001,0,351,0.0,False,True,79
M3|C00001,mCherry-low,M3,M3_C00001,0,351,0.0,False,True,79
M3|C00001,mCherry-low,M3,M3_C00001,0,351,0.0,False,True,79
M3|C00001,mCherry-low,M3,M3_C00001,0,351,0.0,False,True,79
M3|C00001,mCherry-low,M3,M3_C00001,0,351,0.0,False,True,79
M3|C00001,mCherry-low,M3,M3_C00001,0,351,0.0,False,True,79
M3|C00001,mCherry-low,M3,M3_C00001,0,351,0.0,False,True,79
M3|C00001,mCherry-low,M3,M3_C00001,0,351,0.0,False,True,79
M3|C00001,mCherry-low,M3,M3_C00001,0,351,0.0,False,True,79
M3|C00001,mCherry-low,M3,M3_C00001,0,351,0.0,False,True,79
M3|C00001,mCherry-low,M3,M3_C00001,0,351,0.0,False,True,79
M3|C00001,mCherry-high,M3,M3_C00001,0,351,0.0,False,True,79
M3|C00001,mCherry-high,M3,M3_C00001,0,351,0.0,False,True,79
M3|C00001,mCherry-high,M3,M3_C00001,0,351,0.0,False,True,79
M3|C00001,mCherry-low,M3,M3_C00001,0,351,0.0,False,True,79
M3|C00001,mCherry-low,M3,M3_C00001,0,351,0.0,False,True,79
M3|C00001,mCherry-low,M3,M3_C00001,0,351,0.0,False,True,79
M3|C00001,mCherry-low,M3,M3_C00001,0,351,0.0,False,True,79
M3|C00001,mCherry-low,M3,M3_C00001,0,351,0.0,False,True,79
M3|C00001,mCherry-low,M3,M3_C00001,0,351,0.0,False,True,79
M3|C00001,mCherry-high,M3,M3_C00001,0,351,0.0,False,True,79
M3|C00001,mCherry-high,M3,M3_C00001,0,351,0.0,False,True,79
M3|C00001,mCherry-low,M3,M3_C00001,1,351,1.0,False,False,0
M3|C00001,mCherry-high,M3,M3_C00001,4,351,4.0,False,False,0
M3|C00001,mCherry-low,M3,M3_C00001,2,351,2.0,False,False,0
M3|C00001,mCherry-low,M3,M3_C00001,1,351,1.0,False,False,0
M3|C00001,mCherry-low,M3,M3_C00001,1,351,1.0,False,False,0
M3|C00001,mCherry-low,M3,M3_C00001,1,351,1.0,False,False,0
M3|C00001,mCherry-low,M3,M3_C00001,2,351,2.0,False,False,0
M3|C00001,mCherry-low,M3,M3_C00001,1,351,1.0,False,False,0
M3|C00001,mCherry-low,M3,M3_C00001,1,351,1.0,False,False,0
M3|C00001,mCherry-low,M3,M3_C00001,1,351,1.0,False,False,0
M3|C00001,mCherry-low,M3,M3_C00001,1,351,1.0,False,False,0
M3|C00001,mCherry-low,M3,M3_C00001,2,351,2.0,False,False,0
M3|C00001,mCherry-low,M3,M3_C00001,1,351,1.0,False,False,0
M3|C00001,mCherry-low,M3,M3_C00001,3,351,3.0,False,False,0
M3|C00001,mCherry-low,M3,M3_C00001,1,351,1.0,False,False,0
M3|C00001,mCherry-low,M3,M3_C00001,1,351,1.0,False,False,0
M3|C00001,mCherry-low,M3,M3_C00001,1,351,1.0,False,False,0
M3|C00001,mCherry-low,M3,M3_C00001,1,351,1.0,False,False,0
M3|C00001,mCherry-low,M3,M3_C00001,3,351,3.0,False,False,0
M3|C00001,mCherry-low,M3,M3_C00001,1,351,1.0,False,False,0
M3|C00001,mCherry-low,M3,M3_C00001,1,351,1.0,False,False,0
M3|C00001,mCherry-low,M3,M3_C00001,1,351,1.0,False,False,0
M3|C00001,mCherry-low,M3,M3_C00001,1,351,1.0,False,False,0
M3|C00001,mCherry-low,M3,M3_C00001,1,351,1.0,True,False,1
M3|C00001,mCherry-low,M3,M3_C00001,1,351,1.0,True,False,1
M3|C00001,mCherry-low,M3,M3_C00001,1,351,1.0,True,False,1
M3|C00001,mCherry-low,M3,M3_C00001,1,351,1.0,False,False,0
M3|C00001,mCherry-high,M3,M3_C00001,1,351,1.0,False,False,0
M3|C00001,mCherry-low,M3,M3_C00001,2,351,2.0,True,False,1
M3|C00001,mCherry-low,M3,M3_C00001,1,351,1.0,False,False,0
M3|C00001,mCherry-low,M3,M3_C00001,1,351,1.0,False,False,0
M3|C00001,mCherry-low,M3,M3_C00001,1,351,1.0,True,False,3
M3|C00001,mCherry-low,M3,M3_C00001,1,351,1.0,True,False,4
M3|C00001,mCherry-low,M3,M3_C00001,1,351,1.0,True,False,4
M3|C00001,mCherry-high,M3,M3_C00001,1,351,1.0,True,False,6
M3|C00001,mCherry-low,M3,M3_C00001,1,351,1.0,True,False,6
M3|C00001,mCherry-low,M3,M3_C00001,1,351,1.0,True,False,6
M3|C00001,mCherry-low,M3,M3_C00001,1,351,1.0,True,False,6
M3|C00001,mCherry-low,M3,M3_C00001,1,351,1.0,True,False,3
M3|C00001,mCherry-low,M3,M3_C00001,1,351,1.0,True,False,3
M3|C00001,mCherry-low,M3,M3_C00001,1,351,1.0,True,False,3
M3|C00001,mCherry-low,M3,M3_C00001,1,351,1.0,True,False,3
M3|C00001,mCherry-low,M3,M3_C00001,1,351,1.0,True,False,3
M3|C00001,mCherry-low,M3,M3_C00001,1,351,1.0,True,False,3
M3|C00001,mCherry-low,M3,M3_C00001,1,351,1.0,True,False,3
M3|C00001,mCherry-high,M3,M3_C00001,1,351,1.0,True,False,3
M3|C00001,mCherry-low,M3,M3_C00001,1,351,1.0,True,False,8
M3|C00001,mCherry-low,M3,M3_C00001,1,351,1.0,True,False,8
M3|C00001,mCherry-high,M3,M3_C00001,1,351,1.0,True,False,8
M3|C00001,mCherry-low,M3,M3_C00001,4,351,4.0,False,False,0
M3|C00001,mCherry-low,M3,M3_C00001,2,351,2.0,False,False,0
M3|C00001,mCherry-low,M3,M3_C00001,3,351,3.0,False,False,0
M3|C00001,mCherry-high,M3,M3_C00001,4,351,4.0,False,False,0
M3|C00001,mCherry-low,M3,M3_C00001,3,351,3.0,False,False,0
M3|C00001,mCherry-low,M3,M3_C00001,3,351,3.0,False,False,0
M3|C00001,mCherry-low,M3,M3_C00001,2,351,2.0,False,False,0
M3|C00001,mCherry-low,M3,M3_C00001,2,351,2.0,False,False,0
M3|C00001,mCherry-low,M3,M3_C00001,6,351,6.0,False,False,0
M3|C00001,mCherry-low,M3,M3_C00001,5,351,5.0,False,False,0
M3|C00001,mCherry-low,M3,M3_C00001,5,351,5.0,False,False,0
M3|C00001,mCherry-low,M3,M3_C00001,5,351,5.0,False,False,0
M3|C00001,mCherry-high,M3,M3_C00001,2,351,2.0,False,False,0
M3|C00001,mCherry-low,M3,M3_C00001,2,351,2.0,False,False,0
M3|C00001,mCherry-low,M3,M3_C00001,2,351,2.0,False,False,0
M3|C00001,mCherry-low,M3,M3_C00001,2,351,2.0,False,False,0
M3|C00001,mCherry-low,M3,M3_C00001,3,351,3.0,False,False,0
M3|C00001,mCherry-low,M3,M3_C00001,2,351,2.0,False,False,0
M3|C00001,mCherry-low,M3,M3_C00001,2,351,2.0,False,False,0
M3|C00001,mCherry-low,M3,M3_C00001,2,351,2.0,False,False,0
M3|C00001,mCherry-low,M3,M3_C00001,2,351,2.0,False,False,0
M3|C00001,mCherry-low,M3,M3_C00001,2,351,2.0,False,False,0
M3|C00001,mCherry-low,M3,M3_C00001,2,351,2.0,False,False,0
M3|C00001,mCherry-low,M3,M3_C00001,2,351,2.0,False,False,0
M3|C00001,mCherry-low,M3,M3_C00001,3,351,3.0,False,False,0
M3|C00001,mCherry-low,M3,M3_C00001,4,351,4.0,False,False,0
M3|C00001,mCherry-low,M3,M3_C00001,4,351,4.0,False,False,0
M3|C00001,mCherry-high,M3,M3_C00001,3,351,3.0,False,False,0
M3|C00001,mCherry-high,M3,M3_C00001,2,351,2.0,False,False,0
M3|C00001,mCherry-low,M3,M3_C00001,2,351,2.0,False,False,0
M3|C00001,mCherry-low,M3,M3_C00001,2,351,2.0,False,False,0
M3|C00001,mCherry-low,M3,M3_C00001,3,351,3.0,False,False,0
M3|C00001,mCherry-low,M3,M3_C00001,2,351,2.0,False,False,0
M3|C00001,mCherry-high,M3,M3_C00001,2,351,2.0,False,False,0
M3|C00001,mCherry-low,M3,M3_C00001,1,351,2.0,False,False,0
M3|C00001,mCherry-low,M3,M3_C00001,2,351,2.0,False,False,0
M3|C00001,mCherry-low,M3,M3_C00001,2,351,2.0,True,False,1
M3|C00001,mCherry-low,M3,M3_C00001,2,351,3.0,False,False,0
M3|C00001,mCherry-high,M3,M3_C00001,2,351,3.0,False,False,0
M3|C00001,mCherry-low,M3,M3_C00001,2,351,3.0,False,False,0
M3|C00001,mCherry-low,M3,M3_C00001,3,351,4.0,False,False,0
M3|C00001,mCherry-low,M3,M3_C00001,2,351,4.0,False,False,0
M3|C00002,mCherry-low,M3,M3_C00002,1,351,1.0,True,False,106
M3|C00002,mCherry-low,M3,M3_C00002,1,351,1.0,True,False,106
M3|C00002,mCherry-low,M3,M3_C00002,1,351,1.0,True,False,106
M3|C00002,mCherry-low,M3,M3_C00002,1,351,1.0,True,False,106
M3|C00002,mCherry-low,M3,M3_C00002,1,351,1.0,True,False,106
M3|C00002,mCherry-low,M3,M3_C00002,1,351,1.0,True,False,106
M3|C00002,mCherry-low,M3,M3_C00002,1,351,1.0,True,False,106
M3|C00002,mCherry-low,M3,M3_C00002,1,351,1.0,True,False,106
M3|C00002,mCherry-low,M3,M3_C00002,1,351,1.0,True,False,106
M3|C00002,mCherry-low,M3,M3_C00002,1,351,1.0,True,False,106
M3|C00002,mCherry-low,M3,M3_C00002,1,351,1.0,True,False,106
M3|C00002,mCherry-low,M3,M3_C00002,1,351,1.0,True,False,106
M3|C00002,mCherry-low,M3,M3_C00002,1,351,1.0,True,False,106
M3|C00002,mCherry-low,M3,M3_C00002,1,351,1.0,True,False,106
M3|C00002,mCherry-low,M3,M3_C00002,1,351,1.0,True,False,106
M3|C00002,mCherry-low,M3,M3_C00002,1,351,1.0,True,False,106
M3|C00002,mCherry-low,M3,M3_C00002,1,351,1.0,True,False,106
M3|C00002,mCherry-low,M3,M3_C00002,1,351,1.0,True,False,106
M3|C00002,mCherry-low,M3,M3_C00002,1,351,1.0,True,False,106
M3|C00002,mCherry-low,M3,M3_C00002,1,351,1.0,True,False,106
M3|C00002,mCherry-low,M3,M3_C00002,1,351,1.0,True,False,106
M3|C00002,mCherry-low,M3,M3_C00002,1,351,1.0,True,False,106
M3|C00002,mCherry-low,M3,M3_C00002,1,351,1.0,True,False,106
M3|C00002,mCherry-low,M3,M3_C00002,1,351,1.0,True,False,106
M3|C00002,mCherry-low,M3,M3_C00002,1,351,1.0,True,False,106
M3|C00002,mCherry-high,M3,M3_C00002,1,351,1.0,True,False,106
M3|C00002,mCherry-high,M3,M3_C00002,1,351,1.0,True,False,106
M3|C00002,mCherry-high,M3,M3_C00002,1,351,1.0,True,False,106
M3|C00002,mCherry-high,M3,M3_C00002,1,351,1.0,True,False,106
M3|C00002,mCherry-high,M3,M3_C00002,1,351,1.0,True,False,106
M3|C00002,mCherry-high,M3,M3_C00002,1,351,1.0,True,False,106
M3|C00002,mCherry-high,M3,M3_C00002,1,351,1.0,True,False,106
M3|C00002,mCherry-low,M3,M3_C00002,6,351,6.0,False,False,0
M3|C00002,mCherry-high,M3,M3_C00002,3,351,3.0,False,False,0
M3|C00002,mCherry-low,M3,M3_C00002,2,351,2.0,False,False,0
M3|C00002,mCherry-low,M3,M3_C00002,2,351,2.0,False,False,0
M3|C00002,mCherry-high,M3,M3_C00002,2,351,2.0,False,False,0
M3|C00002,mCherry-low,M3,M3_C00002,2,351,2.0,False,False,0
M3|C00002,mCherry-low,M3,M3_C00002,2,351,2.0,False,False,0
M3|C00002,mCherry-high,M3,M3_C00002,2,351,2.0,False,False,0
M3|C00002,mCherry-low,M3,M3_C00002,3,351,3.0,False,False,0
M3|C00002,mCherry-low,M3,M3_C00002,2,351,2.0,False,False,0
M3|C00002,mCherry-high,M3,M3_C00002,2,351,2.0,False,False,0
M3|C00002,mCherry-high,M3,M3_C00002,2,351,2.0,False,False,0
M3|C00002,mCherry-low,M3,M3_C00002,2,351,2.0,False,False,0
M3|C00002,mCherry-low,M3,M3_C00002,2,351,2.0,False,False,0
M3|C00002,mCherry-low,M3,M3_C00002,2,351,2.0,False,False,0
M3|C00002,mCherry-high,M3,M3_C00002,3,351,3.0,False,False,0
M3|C00002,mCherry-low,M3,M3_C00002,3,351,3.0,False,False,0
M3|C00002,mCherry-high,M3,M3_C00002,6,351,6.0,False,False,0
M3|C00002,mCherry-low,M3,M3_C00002,4,351,4.0,False,False,0
M3|C00002,mCherry-low,M3,M3_C00002,2,351,2.0,True,False,1
M3|C00002,mCherry-low,M3,M3_C00002,2,351,2.0,True,False,1
M3|C00002,mCherry-low,M3,M3_C00002,2,351,2.0,True,False,1
M3|C00002,mCherry-low,M3,M3_C00002,2,351,2.0,True,False,2
M3|C00002,mCherry-low,M3,M3_C00002,2,351,2.0,True,False,1
M3|C00002,mCherry-high,M3,M3_C00002,2,351,2.0,True,False,1
M3|C00002,mCherry-low,M3,M3_C00002,2,351,2.0,True,False,1
M3|C00002,mCherry-low,M3,M3_C00002,2,351,2.0,True,False,1
M3|C00002,mCherry-low,M3,M3_C00002,2,351,2.0,True,False,1
M3|C00002,mCherry-high,M3,M3_C00002,2,351,2.0,True,False,1
M3|C00002,mCherry-low,M3,M3_C00002,2,351,2.0,True,False,1
M3|C00002,mCherry-high,M3,M3_C00002,2,351,2.0,True,False,1
M3|C00002,mCherry-low,M3,M3_C00002,2,351,2.0,True,False,4
M3|C00002,mCherry-low,M3,M3_C00002,2,351,2.0,True,False,1
M3|C00002,mCherry-low,M3,M3_C00002,2,351,2.0,True,False,1
M3|C00002,mCherry-low,M3,M3_C00002,2,351,2.0,True,False,1
M3|C00002,mCherry-low,M3,M3_C00002,2,351,2.0,True,False,2
M3|C00002,mCherry-low,M3,M3_C00002,2,351,2.0,True,False,2
M3|C00002,mCherry-low,M3,M3_C00002,3,351,3.0,True,False,2
M3|C00002,mCherry-low,M3,M3_C00002,3,351,3.0,True,False,2
M3|C00002,mCherry-low,M3,M3_C00002,2,351,2.0,False,False,0
M3|C00002,mCherry-low,M3,M3_C00002,2,351,2.0,False,False,0
M3|C00002,mCherry-low,M3,M3_C00002,2,351,2.0,False,False,0
M3|C00002,mCherry-high,M3,M3_C00002,2,351,2.0,False,False,0
M3|C00002,mCherry-low,M3,M3_C00002,2,351,2.0,True,False,4
M3|C00002,mCherry-high,M3,M3_C00002,2,351,2.0,True,False,5
M3|C00002,mCherry-low,M3,M3_C00002,4,351,4.0,True,False,1
M3|C00002,mCherry-low,M3,M3_C00002,4,351,4.0,True,False,1
M3|C00002,mCherry-low,M3,M3_C00002,4,351,4.0,True,False,1
M3|C00002,mCherry-low,M3,M3_C00002,4,351,4.0,True,False,1
M3|C00002,mCherry-low,M3,M3_C00002,4,351,4.0,True,False,1
M3|C00002,mCherry-low,M3,M3_C00002,2,351,2.0,True,False,3
M3|C00002,mCherry-low,M3,M3_C00002,2,351,2.0,True,False,3
M3|C00002,mCherry-low,M3,M3_C00002,2,351,2.0,True,False,3
M3|C00002,mCherry-low,M3,M3_C00002,2,351,2.0,True,False,2
M3|C00002,mCherry-high,M3,M3_C00002,2,351,2.0,True,False,2
M3|C00002,mCherry-low,M3,M3_C00002,5,351,5.0,False,False,0
M3|C00002,mCherry-high,M3,M3_C00002,3,351,3.0,False,False,0
M3|C00002,mCherry-high,M3,M3_C00002,4,351,4.0,False,False,0
M3|C00002,mCherry-low,M3,M3_C00002,5,351,5.0,False,False,0
M3|C00002,mCherry-low,M3,M3_C00002,3,351,3.0,False,False,0
M3|C00002,mCherry-high,M3,M3_C00002,5,351,5.0,False,False,0
M3|C00002,mCherry-low,M3,M3_C00002,3,351,3.0,False,False,0
M3|C00002,mCherry-high,M3,M3_C00002,7,351,7.0,False,False,0
M3|C00002,mCherry-high,M3,M3_C00002,4,351,4.0,False,False,0
M3|C00002,mCherry-low,M3,M3_C00002,4,351,4.0,False,False,0
M3|C00002,mCherry-low,M3,M3_C00002,3,351,3.0,False,False,0
M3|C00002,mCherry-low,M3,M3_C00002,3,351,3.0,False,False,0
M3|C00002,mCherry-high,M3,M3_C00002,4,351,4.0,False,False,0
M3|C00002,mCherry-high,M3,M3_C00002,7,351,7.0,False,False,0
M3|C00002,mCherry-low,M3,M3_C00002,4,351,4.0,False,False,0
M3|C00002,mCherry-low,M3,M3_C00002,3,351,3.0,True,False,1
M3|C00002,mCherry-low,M3,M3_C00002,3,351,3.0,True,False,1
M3|C00002,mCherry-low,M3,M3_C00002,4,351,4.0,False,False,0
M3|C00002,mCherry-low,M3,M3_C00002,3,351,3.0,False,False,0
M3|C00002,mCherry-low,M3,M3_C00002,4,351,4.0,False,False,0
M3|C00002,mCherry-low,M3,M3_C00002,6,351,6.0,False,False,0
M3|C00002,mCherry-low,M3,M3_C00002,5,351,5.0,False,False,0
M3|C00002,mCherry-low,M3,M3_C00002,6,351,6.0,False,False,0
M3|C00002,mCherry-low,M3,M3_C00002,6,351,6.0,False,False,0
M3|C00002,mCherry-high,M3,M3_C00002,3,351,3.0,False,False,0
M3|C00002,mCherry-high,M3,M3_C00002,5,351,5.0,False,False,0
M3|C00002,mCherry-high,M3,M3_C00002,3,351,3.0,False,False,0
M3|C00002,mCherry-low,M3,M3_C00002,2,351,3.0,True,False,1
M3|C00002,mCherry-high,M3,M3_C00002,3,351,3.0,False,False,0
M3|C00002,mCherry-low,M3,M3_C00002,3,351,3.0,False,False,0
M3|C00002,mCherry-low,M3,M3_C00002,3,351,3.0,False,False,0
M3|C00002,mCherry-high,M3,M3_C00002,4,351,4.0,False,False,0
M3|C00002,mCherry-high,M3,M3_C00002,4,351,4.0,False,False,0
M3|C00002,mCherry-low,M3,M3_C00002,5,351,5.0,False,False,0
M3|C00002,mCherry-low,M3,M3_C00002,5,351,5.0,False,False,0
M3|C00002,mCherry-low,M3,M3_C00002,3,351,3.0,False,False,0
M3|C00002,mCherry-high,M3,M3_C00002,4,351,4.0,False,False,0
M3|C00002,mCherry-high,M3,M3_C00002,4,351,4.0,False,False,0
M3|C00002,mCherry-low,M3,M3_C00002,4,351,4.0,True,False,1
M3|C00002,mCherry-high,M3,M3_C00002,5,351,5.0,False,False,0
M3|C00002,mCherry-low,M3,M3_C00002,5,351,5.0,True,False,1
M3|C00002,mCherry-low,M3,M3_C00002,5,351,5.0,True,False,1
M3|C00002,mCherry-low,M3,M3_C00002,4,351,4.0,False,False,0
M3|C00002,mCherry-high,M3,M3_C00002,3,351,3.0,True,False,4
M3|C00002,mCherry-low,M3,M3_C00002,3,351,3.0,True,False,1
M3|C00002,mCherry-low,M3,M3_C00002,3,351,3.0,True,False,1
M3|C00002,mCherry-low,M3,M3_C00002,3,351,3.0,True,False,1
M3|C00002,mCherry-low,M3,M3_C00002,3,351,3.0,True,False,1
M3|C00002,mCherry-low,M3,M3_C00002,3,351,3.0,True,False,1
M3|C00002,mCherry-low,M3,M3_C00002,3,351,3.0,True,False,1
M3|C00002,mCherry-high,M3,M3_C00002,3,351,3.0,True,False,1
M3|C00002,mCherry-low,M3,M3_C00002,3,351,4.0,False,False,0
M3|C00002,mCherry-low,M3,M3_C00002,5,351,5.0,True,False,1
M3|C00002,mCherry-low,M3,M3_C00002,4,351,4.0,False,False,0
M3|C00002,mCherry-high,M3,M3_C00002,5,351,5.0,False,False,0
M3|C00002,mCherry-low,M3,M3_C00002,5,351,6.0,False,False,0
M3|C00002,mCherry-low,M3,M3_C00002,4,351,5.0,False,False,0
M3|C00002,mCherry-low,M3,M3_C00002,5,351,5.0,False,False,0
M3|C00002,mCherry-low,M3,M3_C00002,4,351,4.0,True,False,1
M3|C00002,mCherry-low,M3,M3_C00002,8,351,8.0,False,False,0
M3|C00002,mCherry-low,M3,M3_C00002,6,351,6.0,False,False,0
M3|C00002,mCherry-high,M3,M3_C00002,4,351,4.0,False,False,0
M3|C00002,mCherry-low,M3,M3_C00002,4,351,4.0,True,False,2
M3|C00002,mCherry-high,M3,M3_C00002,4,351,4.0,True,False,2
M3|C00002,mCherry-low,M3,M3_C00002,6,351,6.0,False,False,0
M3|C00002,mCherry-low,M3,M3_C00002,7,351,7.0,False,False,0
M3|C00002,mCherry-low,M3,M3_C00002,6,351,6.0,False,False,0
M3|C00002,mCherry-low,M3,M3_C00002,7,351,7.0,False,False,0
M3|C00002,mCherry-low,M3,M3_C00002,5,351,5.0,False,False,0
M3|C00004,mCherry-high,M3,M3_C00004,0,350,0.0,False,True,86
M3|C00004,mCherry-high,M3,M3_C00004,0,350,0.0,False,True,86
M3|C00004,mCherry-low,M3,M3_C00004,1,350,1.0,False,False,0
M3|C00004,mCherry-low,M3,M3_C00004,1,350,1.0,False,False,0
M3|C00004,mCherry-high,M3,M3_C00004,1,350,1.0,False,False,0
M3|C00004,mCherry-low,M3,M3_C00004,1,350,1.0,False,False,0
M3|C00004,mCherry-high,M3,M3_C00004,2,350,2.0,False,False,0
M3|C00004,mCherry-low,M3,M3_C00004,1,350,1.0,True,False,77
M3|C00004,mCherry-low,M3,M3_C00004,1,350,1.0,True,False,77
M3|C00004,mCherry-low,M3,M3_C00004,1,350,1.0,True,False,77
M3|C00004,mCherry-low,M3,M3_C00004,8,350,8.0,False,False,0
M3|C00004,mCherry-low,M3,M3_C00004,3,350,3.0,False,False,0
M3|C00004,mCherry-high,M3,M3_C00004,3,350,3.0,False,False,0
M3|C00004,mCherry-low,M3,M3_C00004,2,350,2.0,False,False,0
M3|C00004,mCherry-low,M3,M3_C00004,2,350,2.0,False,False,0
M3|C00004,mCherry-low,M3,M3_C00004,2,350,2.0,False,False,0
M3|C00004,mCherry-high,M3,M3_C00004,6,350,6.0,False,False,0
M3|C00004,mCherry-low,M3,M3_C00004,4,350,4.0,False,False,0
M3|C00004,mCherry-low,M3,M3_C00004,2,350,2.0,False,False,0
M3|C00004,mCherry-low,M3,M3_C00004,4,350,4.0,False,False,0
M3|C00004,mCherry-low,M3,M3_C00004,5,350,5.0,False,False,0
M3|C00004,mCherry-low,M3,M3_C00004,10,350,10.0,False,False,0
M3|C00004,mCherry-high,M3,M3_C00004,2,350,2.0,True,False,1
M3|C00004,mCherry-high,M3,M3_C00004,2,350,2.0,True,False,1
M3|C00004,mCherry-low,M3,M3_C00004,2,350,2.0,True,False,10
M3|C00004,mCherry-low,M3,M3_C00004,3,350,3.0,False,False,0
M3|C00004,mCherry-high,M3,M3_C00004,4,350,4.0,False,False,0
M3|C00004,mCherry-low,M3,M3_C00004,3,350,3.0,False,False,0
M3|C00004,mCherry-high,M3,M3_C00004,4,350,4.0,False,False,0
M3|C00004,mCherry-low,M3,M3_C00004,4,350,4.0,False,False,0
M3|C00004,mCherry-high,M3,M3_C00004,6,350,6.0,False,False,0
M3|C00004,mCherry-high,M3,M3_C00004,5,350,5.0,False,False,0
M3|C00004,mCherry-low,M3,M3_C00004,5,350,5.0,False,False,0
M3|C00004,mCherry-high,M3,M3_C00004,3,350,3.0,False,False,0
M3|C00004,mCherry-high,M3,M3_C00004,3,350,3.0,False,False,0
M3|C00004,mCherry-high,M3,M3_C00004,6,350,6.0,False,False,0
M3|C00004,mCherry-high,M3,M3_C00004,3,350,3.0,False,False,0
M3|C00004,mCherry-high,M3,M3_C00004,3,350,3.0,False,False,0
M3|C00004,mCherry-low,M3,M3_C00004,3,350,4.0,False,False,0
M3|C00004,mCherry-low,M3,M3_C00004,4,350,4.0,False,False,0
M3|C00004,mCherry-low,M3,M3_C00004,4,350,4.0,False,False,0
M3|C00004,mCherry-high,M3,M3_C00004,4,350,4.0,False,False,0
M3|C00004,mCherry-low,M3,M3_C00004,3,350,3.0,False,False,0
M3|C00004,mCherry-low,M3,M3_C00004,3,350,3.0,True,False,1
M3|C00004,mCherry-low,M3,M3_C00004,3,350,3.0,True,False,1
M3|C00004,mCherry-high,M3,M3_C00004,3,350,3.0,True,False,1
M3|C00004,mCherry-low,M3,M3_C00004,4,350,4.0,True,False,3
M3|C00004,mCherry-low,M3,M3_C00004,4,350,4.0,True,False,3
M3|C00004,mCherry-low,M3,M3_C00004,4,350,4.0,False,False,0
M3|C00004,mCherry-low,M3,M3_C00004,4,350,4.0,False,False,0
M3|C00004,mCherry-low,M3,M3_C00004,4,350,4.0,False,False,0
M3|C00004,mCherry-low,M3,M3_C00004,3,350,3.0,False,False,0
M3|C00004,mCherry-low,M3,M3_C00004,4,350,4.0,False,False,0
M3|C00004,mCherry-low,M3,M3_C00004,3,350,3.0,False,False,0
M3|C00004,mCherry-low,M3,M3_C00004,5,350,5.0,False,False,0
M3|C00004,mCherry-high,M3,M3_C00004,7,350,7.0,False,False,0
M3|C00004,mCherry-low,M3,M3_C00004,9,350,9.0,False,False,0
M3|C00004,mCherry-low,M3,M3_C00004,7,350,7.0,False,False,0
M3|C00004,mCherry-low,M3,M3_C00004,8,350,10.0,False,False,0
M3|C00004,mCherry-low,M3,M3_C00004,4,350,4.0,False,False,0
M3|C00004,mCherry-low,M3,M3_C00004,4,350,4.0,False,False,0
M3|C00004,mCherry-low,M3,M3_C00004,6,350,6.0,False,False,0
M3|C00004,mCherry-low,M3,M3_C00004,6,350,6.0,False,False,0
M3|C00004,mCherry-high,M3,M3_C00004,8,350,9.0,False,False,0
M3|C00004,mCherry-low,M3,M3_C00004,5,350,5.0,False,False,0
M3|C00004,mCherry-low,M3,M3_C00004,5,350,6.0,False,False,0
M3|C00004,mCherry-low,M3,M3_C00004,8,350,8.0,False,False,0
M3|C00004,mCherry-low,M3,M3_C00004,7,350,7.0,False,False,0
M3|C00004,mCherry-low,M3,M3_C00004,5,350,5.0,False,False,0
M3|C00004,mCherry-low,M3,M3_C00004,7,350,7.0,False,False,0
M3|C00004,mCherry-high,M3,M3_C00004,7,350,7.0,False,False,0
M3|C00004,mCherry-low,M3,M3_C00004,4,350,4.0,False,False,0
M3|C00004,mCherry-high,M3,M3_C00004,5,350,7.0,False,False,0
M3|C00004,mCherry-high,M3,M3_C00004,7,350,11.0,False,False,0
M3|C00004,mCherry-high,M3,M3_C00004,8,350,10.0,False,False,0
M3|C00004,mCherry-low,M3,M3_C00004,11,350,11.0,False,False,0
M3|C00005,mCherry-high,M3,M3_C00005,2,351,2.0,False,False,0
M3|C00005,mCherry-low,M3,M3_C00005,1,351,1.0,False,False,0
M3|C00005,mCherry-low,M3,M3_C00005,1,351,1.0,True,False,61
M3|C00005,mCherry-low,M3,M3_C00005,1,351,1.0,True,False,61
M3|C00005,mCherry-low,M3,M3_C00005,1,351,1.0,True,False,61
M3|C00005,mCherry-low,M3,M3_C00005,1,351,1.0,True,False,61
M3|C00005,mCherry-low,M3,M3_C00005,1,351,1.0,True,False,61
M3|C00005,mCherry-low,M3,M3_C00005,1,351,1.0,True,False,61
M3|C00005,mCherry-low,M3,M3_C00005,1,351,1.0,True,False,61
M3|C00005,mCherry-low,M3,M3_C00005,1,351,1.0,True,False,61
M3|C00005,mCherry-low,M3,M3_C00005,1,351,1.0,True,False,61
M3|C00005,mCherry-low,M3,M3_C00005,1,351,1.0,True,False,61
M3|C00005,mCherry-high,M3,M3_C00005,1,351,1.0,True,False,61
M3|C00005,mCherry-low,M3,M3_C00005,3,351,3.0,False,False,0
M3|C00005,mCherry-low,M3,M3_C00005,4,351,4.0,False,False,0
M3|C00005,mCherry-low,M3,M3_C00005,3,351,3.0,False,False,0
M3|C00005,mCherry-low,M3,M3_C00005,3,351,3.0,False,False,0
M3|C00005,mCherry-low,M3,M3_C00005,2,351,2.0,False,False,0
M3|C00005,mCherry-low,M3,M3_C00005,3,351,3.0,False,False,0
M3|C00005,mCherry-low,M3,M3_C00005,2,351,2.0,False,False,0
M3|C00005,mCherry-low,M3,M3_C00005,3,351,3.0,False,False,0
M3|C00005,mCherry-low,M3,M3_C00005,2,351,2.0,False,False,0
M3|C00005,mCherry-low,M3,M3_C00005,3,351,3.0,False,False,0
M3|C00005,mCherry-low,M3,M3_C00005,2,351,2.0,False,False,0
M3|C00005,mCherry-low,M3,M3_C00005,4,351,4.0,False,False,0
M3|C00005,mCherry-low,M3,M3_C00005,3,351,3.0,False,False,0
M3|C00005,mCherry-low,M3,M3_C00005,2,351,2.0,False,False,0
M3|C00005,mCherry-low,M3,M3_C00005,5,351,5.0,False,False,0
M3|C00005,mCherry-low,M3,M3_C00005,5,351,5.0,False,False,0
M3|C00005,mCherry-low,M3,M3_C00005,2,351,2.0,False,False,0
M3|C00005,mCherry-low,M3,M3_C00005,6,351,6.0,False,False,0
M3|C00005,mCherry-low,M3,M3_C00005,2,351,2.0,True,False,1
M3|C00005,mCherry-low,M3,M3_C00005,3,351,3.0,True,False,1
M3|C00005,mCherry-low,M3,M3_C00005,2,351,2.0,False,False,0
M3|C00005,mCherry-low,M3,M3_C00005,2,351,2.0,False,False,0
M3|C00005,mCherry-low,M3,M3_C00005,2,351,2.0,False,False,0
M3|C00005,mCherry-low,M3,M3_C00005,2,351,2.0,True,False,3
M3|C00005,mCherry-low,M3,M3_C00005,2,351,2.0,True,False,5
M3|C00005,mCherry-high,M3,M3_C00005,2,351,2.0,True,False,5
M3|C00005,mCherry-low,M3,M3_C00005,2,351,2.0,True,False,9
M3|C00005,mCherry-low,M3,M3_C00005,5,351,5.0,False,False,0
M3|C00005,mCherry-high,M3,M3_C00005,5,351,5.0,False,False,0
M3|C00005,mCherry-low,M3,M3_C00005,6,351,6.0,False,False,0
M3|C00005,mCherry-low,M3,M3_C00005,7,351,7.0,False,False,0
M3|C00005,mCherry-low,M3,M3_C00005,6,351,6.0,False,False,0
M3|C00005,mCherry-high,M3,M3_C00005,4,351,4.0,False,False,0
M3|C00005,mCherry-high,M3,M3_C00005,5,351,5.0,False,False,0
M3|C00005,mCherry-low,M3,M3_C00005,6,351,6.0,False,False,0
M3|C00005,mCherry-low,M3,M3_C00005,3,351,3.0,False,False,0
M3|C00005,mCherry-low,M3,M3_C00005,4,351,4.0,False,False,0
M3|C00005,mCherry-low,M3,M3_C00005,4,351,4.0,False,False,0
M3|C00005,mCherry-low,M3,M3_C00005,3,351,3.0,False,False,0
M3|C00005,mCherry-low,M3,M3_C00005,5,351,5.0,False,False,0
M3|C00005,mCherry-low,M3,M3_C00005,3,351,3.0,False,False,0
M3|C00005,mCherry-low,M3,M3_C00005,3,351,3.0,False,False,0
M3|C00005,mCherry-low,M3,M3_C00005,5,351,5.0,True,False,1
M3|C00005,mCherry-high,M3,M3_C00005,4,351,5.0,False,False,0
M3|C00005,mCherry-low,M3,M3_C00005,7,351,7.0,False,False,0
M3|C00005,mCherry-high,M3,M3_C00005,4,351,4.0,True,False,4
M3|C00005,mCherry-high,M3,M3_C00005,4,351,4.0,True,False,4
M3|C00005,mCherry-high,M3,M3_C00005,6,351,6.0,False,False,0
M3|C00005,mCherry-low,M3,M3_C00005,10,351,10.0,False,False,0
M3|C00005,mCherry-low,M3,M3_C00005,7,351,7.0,False,False,0
M3|C00005,mCherry-low,M3,M3_C00005,5,351,5.0,False,False,0
M3|C00005,mCherry-low,M3,M3_C00005,5,351,5.0,False,False,0
M3|C00005,mCherry-low,M3,M3_C00005,7,351,7.0,False,False,0
M3|C00005,mCherry-low,M3,M3_C00005,7,351,7.0,False,False,0
M3|C00005,mCherry-high,M3,M3_C00005,5,351,5.0,False,False,0
M3|C00005,mCherry-low,M3,M3_C00005,5,351,5.0,False,False,0
M3|C00005,mCherry-low,M3,M3_C00005,7,351,7.0,False,False,0
M3|C00005,mCherry-low,M3,M3_C00005,8,351,8.0,False,False,0
M3|C00005,mCherry-low,M3,M3_C00005,5,351,5.0,False,False,0
M3|C00006,mCherry-low,M3,M3_C00006,1,351,1.0,True,False,75
M3|C00006,mCherry-low,M3,M3_C00006,1,351,1.0,True,False,75
M3|C00006,mCherry-low,M3,M3_C00006,6,351,6.0,False,False,0
M3|C00006,mCherry-low,M3,M3_C00006,4,351,4.0,False,False,0
M3|C00006,mCherry-low,M3,M3_C00006,3,351,3.0,False,False,0
M3|C00006,mCherry-low,M3,M3_C00006,2,351,2.0,False,False,0
M3|C00006,mCherry-low,M3,M3_C00006,3,351,3.0,False,False,0
M3|C00006,mCherry-low,M3,M3_C00006,2,351,2.0,False,False,0
M3|C00006,mCherry-low,M3,M3_C00006,2,351,2.0,False,False,0
M3|C00006,mCherry-low,M3,M3_C00006,3,351,3.0,False,False,0
M3|C00006,mCherry-low,M3,M3_C00006,2,351,2.0,False,False,0
M3|C00006,mCherry-low,M3,M3_C00006,3,351,3.0,False,False,0
M3|C00006,mCherry-low,M3,M3_C00006,5,351,5.0,False,False,0
M3|C00006,mCherry-low,M3,M3_C00006,6,351,6.0,False,False,0
M3|C00006,mCherry-high,M3,M3_C00006,5,351,5.0,False,False,0
M3|C00006,mCherry-low,M3,M3_C00006,6,351,6.0,False,False,0
M3|C00006,mCherry-low,M3,M3_C00006,3,351,3.0,False,False,0
M3|C00006,mCherry-low,M3,M3_C00006,3,351,3.0,False,False,0
M3|C00006,mCherry-low,M3,M3_C00006,2,351,2.0,True,False,2
M3|C00006,mCherry-low,M3,M3_C00006,2,351,2.0,True,False,2
M3|C00006,mCherry-low,M3,M3_C00006,3,351,3.0,False,False,0
M3|C00006,mCherry-low,M3,M3_C00006,3,351,3.0,False,False,0
M3|C00006,mCherry-low,M3,M3_C00006,3,351,3.0,False,False,0
M3|C00006,mCherry-low,M3,M3_C00006,6,351,6.0,False,False,0
M3|C00006,mCherry-low,M3,M3_C00006,3,351,3.0,False,False,0
M3|C00006,mCherry-low,M3,M3_C00006,3,351,3.0,False,False,0
M3|C00006,mCherry-low,M3,M3_C00006,6,351,6.0,False,False,0
M3|C00006,mCherry-low,M3,M3_C00006,7,351,7.0,False,False,0
M3|C00006,mCherry-low,M3,M3_C00006,3,351,3.0,False,False,0
M3|C00006,mCherry-low,M3,M3_C00006,8,351,8.0,False,False,0
M3|C00006,mCherry-low,M3,M3_C00006,4,351,4.0,False,False,0
M3|C00006,mCherry-low,M3,M3_C00006,3,351,3.0,False,False,0
M3|C00006,mCherry-low,M3,M3_C00006,3,351,3.0,False,False,0
M3|C00006,mCherry-low,M3,M3_C00006,3,351,3.0,False,False,0
M3|C00006,mCherry-low,M3,M3_C00006,10,351,10.0,False,False,0
M3|C00006,mCherry-low,M3,M3_C00006,6,351,6.0,False,False,0
M3|C00006,mCherry-low,M3,M3_C00006,4,351,4.0,False,False,0
M3|C00006,mCherry-low,M3,M3_C00006,4,351,4.0,False,False,0
M3|C00006,mCherry-low,M3,M3_C00006,5,351,5.0,False,False,0
M3|C00006,mCherry-low,M3,M3_C00006,5,351,5.0,False,False,0
M3|C00006,mCherry-low,M3,M3_C00006,5,351,5.0,False,False,0
M3|C00006,mCherry-low,M3,M3_C00006,5,351,5.0,False,False,0
M3|C00006,mCherry-low,M3,M3_C00006,7,351,7.0,False,False,0
M3|C00006,mCherry-low,M3,M3_C00006,4,351,4.0,False,False,0
M3|C00006,mCherry-low,M3,M3_C00006,3,351,3.0,False,False,0
M3|C00006,mCherry-low,M3,M3_C00006,4,351,4.0,False,False,0
M3|C00006,mCherry-low,M3,M3_C00006,6,351,6.0,False,False,0
M3|C00006,mCherry-low,M3,M3_C00006,12,351,12.0,False,False,0
M3|C00006,mCherry-low,M3,M3_C00006,8,351,8.0,False,False,0
M3|C00006,mCherry-low,M3,M3_C00006,5,351,6.0,False,False,0
M3|C00006,mCherry-low,M3,M3_C00006,10,351,10.0,False,False,0
M3|C00006,mCherry-low,M3,M3_C00006,7,351,7.0,False,False,0
M3|C00006,mCherry-low,M3,M3_C00006,4,351,4.0,False,False,0
M3|C00006,mCherry-low,M3,M3_C00006,5,351,5.0,False,False,0
M3|C00006,mCherry-low,M3,M3_C00006,6,351,6.0,False,False,0
M3|C00006,mCherry-low,M3,M3_C00006,8,351,8.0,False,False,0
M3|C00006,mCherry-low,M3,M3_C00006,15,351,17.0,False,False,0
M3|C00006,mCherry-low,M3,M3_C00006,8,351,10.0,False,False,0
M3|C00006,mCherry-low,M3,M3_C00006,7,351,8.0,False,False,0
M3|C00006,mCherry-low,M3,M3_C00006,6,351,7.0,False,False,0
M3|C00006,mCherry-low,M3,M3_C00006,8,351,9.0,False,False,0
M3|C00006,mCherry-low,M3,M3_C00006,4,351,5.0,False,False,0
M3|C00006,mCherry-low,M3,M3_C00006,9,351,10.0,False,False,0
M3|C00007,mCherry-low,M3,M3_C00007,0,351,0.0,False,True,64
M3|C00007,mCherry-low,M3,M3_C00007,0,351,0.0,False,True,64
M3|C00007,mCherry-low,M3,M3_C00007,0,351,0.0,False,True,64
M3|C00007,mCherry-low,M3,M3_C00007,0,351,0.0,False,True,64
M3|C00007,mCherry-high,M3,M3_C00007,0,351,0.0,False,True,64
M3|C00007,mCherry-low,M3,M3_C00007,4,351,4.0,False,False,0
M3|C00007,mCherry-low,M3,M3_C00007,6,351,6.0,False,False,0
M3|C00007,mCherry-low,M3,M3_C00007,1,351,1.0,False,False,0
M3|C00007,mCherry-low,M3,M3_C00007,1,351,1.0,False,False,0
M3|C00007,mCherry-low,M3,M3_C00007,1,351,1.0,False,False,0
M3|C00007,mCherry-low,M3,M3_C00007,1,351,1.0,False,False,0
M3|C00007,mCherry-low,M3,M3_C00007,1,351,1.0,False,False,0
M3|C00007,mCherry-low,M3,M3_C00007,2,351,2.0,False,False,0
M3|C00007,mCherry-high,M3,M3_C00007,1,351,1.0,False,False,0
M3|C00007,mCherry-high,M3,M3_C00007,1,351,1.0,False,False,0
M3|C00007,mCherry-low,M3,M3_C00007,7,351,7.0,False,False,0
M3|C00007,mCherry-high,M3,M3_C00007,1,351,1.0,True,False,1
M3|C00007,mCherry-low,M3,M3_C00007,3,351,3.0,True,False,1
M3|C00007,mCherry-high,M3,M3_C00007,1,351,1.0,True,False,3
M3|C00007,mCherry-low,M3,M3_C00007,3,351,3.0,True,False,3
M3|C00007,mCherry-low,M3,M3_C00007,2,351,2.0,True,False,5
M3|C00007,mCherry-low,M3,M3_C00007,2,351,2.0,True,False,5
M3|C00007,mCherry-low,M3,M3_C00007,1,351,1.0,True,False,4
M3|C00007,mCherry-low,M3,M3_C00007,1,351,1.0,True,False,4
M3|C00007,mCherry-low,M3,M3_C00007,6,351,6.0,False,False,0
M3|C00007,mCherry-low,M3,M3_C00007,7,351,7.0,False,False,0
M3|C00007,mCherry-high,M3,M3_C00007,4,351,4.0,False,False,0
M3|C00007,mCherry-low,M3,M3_C00007,3,351,3.0,False,False,0
M3|C00007,mCherry-low,M3,M3_C00007,3,351,3.0,False,False,0
M3|C00007,mCherry-low,M3,M3_C00007,5,351,5.0,False,False,0
M3|C00007,mCherry-low,M3,M3_C00007,4,351,4.0,False,False,0
M3|C00007,mCherry-low,M3,M3_C00007,4,351,4.0,False,False,0
M3|C00007,mCherry-high,M3,M3_C00007,3,351,3.0,False,False,0
M3|C00007,mCherry-low,M3,M3_C00007,4,351,4.0,False,False,0
M3|C00007,mCherry-high,M3,M3_C00007,2,351,2.0,True,False,2
M3|C00007,mCherry-low,M3,M3_C00007,4,351,4.0,False,False,0
M3|C00007,mCherry-high,M3,M3_C00007,6,351,6.0,False,False,0
M3|C00007,mCherry-low,M3,M3_C00007,5,351,5.0,False,False,0
M3|C00007,mCherry-low,M3,M3_C00007,4,351,4.0,False,False,0
M3|C00007,mCherry-high,M3,M3_C00007,3,351,3.0,False,False,0
M3|C00007,mCherry-low,M3,M3_C00007,2,351,2.0,True,False,2
M3|C00007,mCherry-low,M3,M3_C00007,2,351,2.0,True,False,2
M3|C00007,mCherry-low,M3,M3_C00007,3,351,3.0,False,False,0
M3|C00007,mCherry-low,M3,M3_C00007,3,351,3.0,False,False,0
M3|C00007,mCherry-low,M3,M3_C00007,4,351,4.0,False,False,0
M3|C00007,mCherry-high,M3,M3_C00007,6,351,6.0,False,False,0
M3|C00007,mCherry-low,M3,M3_C00007,2,351,2.0,False,False,0
M3|C00007,mCherry-low,M3,M3_C00007,2,351,2.0,False,False,0
M3|C00007,mCherry-low,M3,M3_C00007,3,351,3.0,False,False,0
M3|C00007,mCherry-high,M3,M3_C00007,8,351,8.0,False,False,0
M3|C00007,mCherry-low,M3,M3_C00007,3,351,3.0,False,False,0
M3|C00007,mCherry-low,M3,M3_C00007,6,351,6.0,False,False,0
M3|C00007,mCherry-high,M3,M3_C00007,3,351,3.0,False,False,0
M3|C00007,mCherry-low,M3,M3_C00007,4,351,4.0,False,False,0
M3|C00007,mCherry-low,M3,M3_C00007,5,351,5.0,False,False,0
M3|C00007,mCherry-low,M3,M3_C00007,7,351,7.0,False,False,0
M3|C00007,mCherry-low,M3,M3_C00007,10,351,10.0,False,False,0
M3|C00007,mCherry-low,M3,M3_C00007,3,351,3.0,False,False,0
M3|C00007,mCherry-low,M3,M3_C00007,4,351,4.0,False,False,0
M3|C00007,mCherry-low,M3,M3_C00007,5,351,5.0,False,False,0
M3|C00007,mCherry-low,M3,M3_C00007,4,351,4.0,False,False,0
M3|C00008,mCherry-low,M3,M3_C00008,0,351,0.0,False,True,53
M3|C00008,mCherry-low,M3,M3_C00008,0,351,0.0,False,True,53
M3|C00008,mCherry-low,M3,M3_C00008,0,351,0.0,False,True,53
M3|C00008,mCherry-low,M3,M3_C00008,0,351,0.0,False,True,53
M3|C00008,mCherry-low,M3,M3_C00008,0,351,0.0,False,True,53
M3|C00008,mCherry-low,M3,M3_C00008,0,351,0.0,False,True,53
M3|C00008,mCherry-low,M3,M3_C00008,0,351,0.0,False,True,53
M3|C00008,mCherry-low,M3,M3_C00008,0,351,0.0,False,True,53
M3|C00008,mCherry-high,M3,M3_C00008,0,351,0.0,False,True,53
M3|C00008,mCherry-high,M3,M3_C00008,0,351,0.0,False,True,53
M3|C00008,mCherry-low,M3,M3_C00008,3,351,3.0,False,False,0
M3|C00008,mCherry-high,M3,M3_C00008,2,351,2.0,False,False,0
M3|C00008,mCherry-low,M3,M3_C00008,1,351,1.0,False,False,0
M3|C00008,mCherry-low,M3,M3_C00008,5,351,5.0,False,False,0
M3|C00008,mCherry-low,M3,M3_C00008,1,351,1.0,False,False,0
M3|C00008,mCherry-low,M3,M3_C00008,4,351,4.0,False,False,0
M3|C00008,mCherry-low,M3,M3_C00008,1,351,1.0,False,False,0
M3|C00008,mCherry-low,M3,M3_C00008,2,351,2.0,False,False,0
M3|C00008,mCherry-low,M3,M3_C00008,1,351,1.0,False,False,0
M3|C00008,mCherry-high,M3,M3_C00008,3,351,3.0,False,False,0
M3|C00008,mCherry-low,M3,M3_C00008,3,351,3.0,False,False,0
M3|C00008,mCherry-low,M3,M3_C00008,3,351,3.0,False,False,0
M3|C00008,mCherry-low,M3,M3_C00008,1,351,1.0,False,False,0
M3|C00008,mCherry-low,M3,M3_C00008,4,351,4.0,False,False,0
M3|C00008,mCherry-low,M3,M3_C00008,1,351,1.0,True,False,1
M3|C00008,mCherry-low,M3,M3_C00008,1,351,1.0,True,False,1
M3|C00008,mCherry-low,M3,M3_C00008,1,351,1.0,True,False,3
M3|C00008,mCherry-low,M3,M3_C00008,1,351,1.0,True,False,13
M3|C00008,mCherry-low,M3,M3_C00008,5,351,5.0,False,False,0
M3|C00008,mCherry-low,M3,M3_C00008,4,351,4.0,False,False,0
M3|C00008,mCherry-low,M3,M3_C00008,5,351,5.0,False,False,0
M3|C00008,mCherry-high,M3,M3_C00008,8,351,8.0,False,False,0
M3|C00008,mCherry-low,M3,M3_C00008,6,351,6.0,False,False,0
M3|C00008,mCherry-low,M3,M3_C00008,3,351,3.0,False,False,0
M3|C00008,mCherry-low,M3,M3_C00008,2,351,2.0,False,False,0
M3|C00008,mCherry-low,M3,M3_C00008,3,351,3.0,False,False,0
M3|C00008,mCherry-low,M3,M3_C00008,5,351,5.0,False,False,0
M3|C00008,mCherry-low,M3,M3_C00008,4,351,4.0,False,False,0
M3|C00008,mCherry-low,M3,M3_C00008,3,351,3.0,False,False,0
M3|C00008,mCherry-low,M3,M3_C00008,4,351,4.0,False,False,0
M3|C00008,mCherry-low,M3,M3_C00008,2,351,2.0,False,False,0
M3|C00008,mCherry-low,M3,M3_C00008,2,351,2.0,False,False,0
M3|C00008,mCherry-low,M3,M3_C00008,4,351,4.0,False,False,0
M3|C00008,mCherry-low,M3,M3_C00008,2,351,2.0,False,False,0
M3|C00008,mCherry-low,M3,M3_C00008,4,351,4.0,False,False,0
M3|C00008,mCherry-low,M3,M3_C00008,3,351,3.0,False,False,0
M3|C00008,mCherry-low,M3,M3_C00008,5,351,5.0,False,False,0
M3|C00008,mCherry-low,M3,M3_C00008,4,351,4.0,False,False,0
M3|C00008,mCherry-high,M3,M3_C00008,8,351,8.0,False,False,0
M3|C00008,mCherry-low,M3,M3_C00008,5,351,5.0,False,False,0
M3|C00008,mCherry-low,M3,M3_C00008,2,351,2.0,True,False,1
M3|C00008,mCherry-low,M3,M3_C00008,8,351,8.0,False,False,0
M3|C00008,mCherry-low,M3,M3_C00008,8,351,8.0,False,False,0
M3|C00008,mCherry-high,M3,M3_C00008,3,351,3.0,False,False,0
M3|C00008,mCherry-high,M3,M3_C00008,8,351,8.0,False,False,0
M3|C00008,mCherry-low,M3,M3_C00008,4,351,6.0,False,False,0
M3|C00008,mCherry-low,M3,M3_C00008,9,351,9.0,False,False,0
M3|C00009,mCherry-low,M3,M3_C00009,0,351,0.0,False,True,33
M3|C00009,mCherry-low,M3,M3_C00009,0,351,0.0,False,True,33
M3|C00009,mCherry-low,M3,M3_C00009,0,351,0.0,False,True,33
M3|C00009,mCherry-low,M3,M3_C00009,0,351,0.0,False,True,33
M3|C00009,mCherry-low,M3,M3_C00009,0,351,0.0,False,True,33
M3|C00009,mCherry-high,M3,M3_C00009,5,351,5.0,False,False,0
M3|C00009,mCherry-low,M3,M3_C00009,4,351,4.0,False,False,0
M3|C00009,mCherry-low,M3,M3_C00009,2,351,2.0,False,False,0
M3|C00009,mCherry-low,M3,M3_C00009,1,351,1.0,False,False,0
M3|C00009,mCherry-low,M3,M3_C00009,1,351,1.0,False,False,0
M3|C00009,mCherry-high,M3,M3_C00009,2,351,2.0,False,False,0
M3|C00009,mCherry-high,M3,M3_C00009,2,351,2.0,False,False,0
M3|C00009,mCherry-low,M3,M3_C00009,1,351,1.0,False,False,0
M3|C00009,mCherry-high,M3,M3_C00009,2,351,2.0,False,False,0
M3|C00009,mCherry-low,M3,M3_C00009,2,351,2.0,True,False,1
M3|C00009,mCherry-low,M3,M3_C00009,2,351,2.0,True,False,1
M3|C00009,mCherry-low,M3,M3_C00009,2,351,2.0,True,False,1
M3|C00009,mCherry-high,M3,M3_C00009,1,351,1.0,False,False,0
M3|C00009,mCherry-high,M3,M3_C00009,1,351,1.0,False,False,0
M3|C00009,mCherry-low,M3,M3_C00009,2,351,2.0,True,False,1
M3|C00009,mCherry-low,M3,M3_C00009,1,351,1.0,True,False,1
M3|C00009,mCherry-low,M3,M3_C00009,1,351,1.0,True,False,1
M3|C00009,mCherry-low,M3,M3_C00009,1,351,1.0,True,False,5
M3|C00009,mCherry-low,M3,M3_C00009,3,351,3.0,False,False,0
M3|C00009,mCherry-low,M3,M3_C00009,3,351,3.0,False,False,0
M3|C00009,mCherry-low,M3,M3_C00009,3,351,3.0,False,False,0
M3|C00009,mCherry-low,M3,M3_C00009,6,351,6.0,False,False,0
M3|C00009,mCherry-low,M3,M3_C00009,3,351,3.0,False,False,0
M3|C00009,mCherry-low,M3,M3_C00009,4,351,4.0,False,False,0
M3|C00009,mCherry-low,M3,M3_C00009,5,351,5.0,False,False,0
M3|C00009,mCherry-high,M3,M3_C00009,7,351,7.0,False,False,0
M3|C00009,mCherry-low,M3,M3_C00009,3,351,3.0,False,False,0
M3|C00009,mCherry-low,M3,M3_C00009,2,351,2.0,False,False,0
M3|C00009,mCherry-low,M3,M3_C00009,4,351,4.0,True,False,1
M3|C00009,mCherry-high,M3,M3_C00009,4,351,4.0,True,False,1
M3|C00009,mCherry-low,M3,M3_C00009,3,351,3.0,False,False,0
M3|C00009,mCherry-low,M3,M3_C00009,4,351,4.0,False,False,0
M3|C00009,mCherry-low,M3,M3_C00009,7,351,7.0,False,False,0
M3|C00010,mCherry-low,M3,M3_C00010,3,351,3.0,True,False,37
M3|C00010,mCherry-low,M3,M3_C00010,3,351,3.0,True,False,37
M3|C00010,mCherry-low,M3,M3_C00010,3,351,3.0,True,False,37
M3|C00010,mCherry-high,M3,M3_C00010,3,351,3.0,True,False,37
M3|C00010,mCherry-high,M3,M3_C00010,3,351,3.0,True,False,37
M3|C00010,mCherry-low,M3,M3_C00010,4,351,4.0,False,False,0
M3|C00010,mCherry-high,M3,M3_C00010,5,351,5.0,False,False,0
M3|C00010,mCherry-high,M3,M3_C00010,5,351,5.0,False,False,0
M3|C00010,mCherry-high,M3,M3_C00010,4,351,4.0,False,False,0
M3|C00010,mCherry-high,M3,M3_C00010,4,351,4.0,False,False,0
M3|C00010,mCherry-high,M3,M3_C00010,4,351,4.0,False,False,0
M3|C00010,mCherry-low,M3,M3_C00010,8,351,8.0,False,False,0
M3|C00010,mCherry-high,M3,M3_C00010,4,351,4.0,False,False,0
M3|C00010,mCherry-high,M3,M3_C00010,6,351,6.0,False,False,0
M3|C00010,mCherry-high,M3,M3_C00010,4,351,4.0,False,False,0
M3|C00010,mCherry-high,M3,M3_C00010,5,351,5.0,False,False,0
M3|C00010,mCherry-low,M3,M3_C00010,8,351,8.0,False,False,0
M3|C00010,mCherry-high,M3,M3_C00010,4,351,4.0,True,False,1
M3|C00010,mCherry-high,M3,M3_C00010,4,351,4.0,True,False,1
M3|C00010,mCherry-high,M3,M3_C00010,7,351,7.0,False,False,0
M3|C00010,mCherry-low,M3,M3_C00010,8,351,8.0,False,False,0
M3|C00010,mCherry-high,M3,M3_C00010,7,351,7.0,False,False,0
M3|C00010,mCherry-high,M3,M3_C00010,7,351,8.0,False,False,0
M3|C00010,mCherry-high,M3,M3_C00010,11,351,11.0,False,False,0
M3|C00010,mCherry-high,M3,M3_C00010,5,351,5.0,False,False,0
M3|C00010,mCherry-low,M3,M3_C00010,5,351,5.0,False,False,0
M3|C00010,mCherry-high,M3,M3_C00010,8,351,8.0,False,False,0
M3|C00010,mCherry-high,M3,M3_C00010,6,351,6.0,False,False,0
M3|C00010,mCherry-high,M3,M3_C00010,7,351,7.0,False,False,0
M3|C00010,mCherry-high,M3,M3_C00010,10,351,10.0,False,False,0
M3|C00010,mCherry-high,M3,M3_C00010,9,351,9.0,False,False,0
M3|C00010,mCherry-high,M3,M3_C00010,5,351,5.0,False,False,0
M3|C00010,mCherry-low,M3,M3_C00010,8,351,8.0,False,False,0
M3|C00010,mCherry-low,M3,M3_C00010,6,351,6.0,False,False,0
M3|C00010,mCherry-low,M3,M3_C00010,6,351,6.0,False,False,0
M3|C00010,mCherry-high,M3,M3_C00010,5,351,5.0,False,False,0
M3|C00011,mCherry-high,M3,M3_C00011,1,351,1.0,False,False,0
M3|C00011,mCherry-low,M3,M3_C00011,1,351,1.0,False,False,0
M3|C00011,mCherry-low,M3,M3_C00011,1,351,1.0,True,False,6
M3|C00011,mCherry-high,M3,M3_C00011,1,351,1.0,True,False,8
M3|C00011,mCherry-high,M3,M3_C00011,3,351,4.0,False,False,0
M3|C00011,mCherry-low,M3,M3_C00011,6,351,6.0,False,False,0
M3|C00011,mCherry-low,M3,M3_C00011,3,351,3.0,False,False,0
M3|C00011,mCherry-low,M3,M3_C00011,2,351,2.0,True,False,7
M3|C00011,mCherry-high,M3,M3_C00011,5,351,5.0,False,False,0
M3|C00011,mCherry-low,M3,M3_C00011,4,351,6.0,False,False,0
M3|C00011,mCherry-high,M3,M3_C00011,3,351,3.0,True,False,6
M3|C00011,mCherry-high,M3,M3_C00011,5,351,5.0,True,False,5
M3|C00011,mCherry-high,M3,M3_C00011,5,351,5.0,True,False,5
M3|C00011,mCherry-low,M3,M3_C00011,6,351,6.0,False,False,0
M3|C00011,mCherry-low,M3,M3_C00011,3,351,7.0,True,False,3
M3|C00011,mCherry-low,M3,M3_C00011,5,351,9.0,False,False,0
M3|C00011,mCherry-high,M3,M3_C00011,11,351,15.0,False,False,0
M3|C00012,mCherry-low,M3,M3_C00012,0,351,0.0,False,True,31
M3|C00012,mCherry-low,M3,M3_C00012,1,351,1.0,False,False,0
M3|C00012,mCherry-low,M3,M3_C00012,1,351,1.0,False,False,0
M3|C00012,mCherry-low,M3,M3_C00012,1,351,1.0,True,False,28
M3|C00012,mCherry-low,M3,M3_C00012,3,351,3.0,False,False,0
M3|C00012,mCherry-high,M3,M3_C00012,5,351,5.0,False,False,0
M3|C00012,mCherry-high,M3,M3_C00012,3,351,3.0,False,False,0
M3|C00012,mCherry-high,M3,M3_C00012,2,351,2.0,False,False,0
M3|C00012,mCherry-high,M3,M3_C00012,3,351,3.0,False,False,0
M3|C00012,mCherry-low,M3,M3_C00012,3,351,3.0,False,False,0
M3|C00012,mCherry-low,M3,M3_C00012,2,351,2.0,False,False,0
M3|C00012,mCherry-high,M3,M3_C00012,3,351,3.0,False,False,0
M3|C00012,mCherry-high,M3,M3_C00012,3,351,3.0,False,False,0
M3|C00012,mCherry-high,M3,M3_C00012,7,351,7.0,False,False,0
M3|C00012,mCherry-low,M3,M3_C00012,6,351,6.0,False,False,0
M3|C00012,mCherry-low,M3,M3_C00012,6,351,6.0,False,False,0
M3|C00012,mCherry-high,M3,M3_C00012,2,351,2.0,True,False,13
M3|C00012,mCherry-high,M3,M3_C00012,6,351,6.0,False,False,0
M3|C00012,mCherry-low,M3,M3_C00012,4,351,4.0,False,False,0
M3|C00012,mCherry-low,M3,M3_C00012,8,351,8.0,False,False,0
M3|C00012,mCherry-high,M3,M3_C00012,10,351,10.0,False,False,0
M3|C00012,mCherry-high,M3,M3_C00012,7,351,7.0,False,False,0
M3|C00012,mCherry-low,M3,M3_C00012,3,351,3.0,False,False,0
M3|C00012,mCherry-high,M3,M3_C00012,3,351,4.0,False,False,0
M3|C00012,mCherry-low,M3,M3_C00012,4,351,5.0,False,False,0
M3|C00012,mCherry-high,M3,M3_C00012,2,351,4.0,True,False,1
M3|C00012,mCherry-high,M3,M3_C00012,8,351,8.0,False,False,0
M3|C00012,mCherry-low,M3,M3_C00012,6,351,6.0,False,False,0
M3|C00012,mCherry-high,M3,M3_C00012,3,351,5.0,False,False,0
M3|C00013,mCherry-low,M3,M3_C00013,4,351,4.0,False,False,0
M3|C00013,mCherry-low,M3,M3_C00013,2,351,2.0,False,False,0
M3|C00013,mCherry-low,M3,M3_C00013,1,351,1.0,False,False,0
M3|C00013,mCherry-low,M3,M3_C00013,7,351,7.0,False,False,0
M3|C00013,mCherry-low,M3,M3_C00013,4,351,4.0,False,False,0
M3|C00013,mCherry-low,M3,M3_C00013,2,351,2.0,False,False,0
M3|C00013,mCherry-low,M3,M3_C00013,2,351,2.0,False,False,0
M3|C00013,mCherry-low,M3,M3_C00013,2,351,2.0,True,False,1
M3|C00013,mCherry-low,M3,M3_C00013,2,351,2.0,True,False,1
M3|C00013,mCherry-low,M3,M3_C00013,2,351,2.0,True,False,1
M3|C00013,mCherry-low,M3,M3_C00013,3,351,3.0,False,False,0
M3|C00013,mCherry-low,M3,M3_C00013,3,351,3.0,False,False,0
M3|C00013,mCherry-low,M3,M3_C00013,5,351,5.0,False,False,0
M3|C00013,mCherry-high,M3,M3_C00013,5,351,5.0,False,False,0
M3|C00013,mCherry-low,M3,M3_C00013,2,351,2.0,False,False,0
M3|C00013,mCherry-low,M3,M3_C00013,4,351,4.0,False,False,0
M3|C00013,mCherry-low,M3,M3_C00013,5,351,5.0,False,False,0
M3|C00013,mCherry-low,M3,M3_C00013,2,351,2.0,False,False,0
M3|C00013,mCherry-low,M3,M3_C00013,2,351,2.0,False,False,0
M3|C00013,mCherry-low,M3,M3_C00013,2,351,2.0,False,False,0
M3|C00013,mCherry-low,M3,M3_C00013,4,351,4.0,False,False,0
M3|C00013,mCherry-high,M3,M3_C00013,6,351,6.0,False,False,0
M3|C00013,mCherry-low,M3,M3_C00013,2,351,2.0,False,False,0
M3|C00013,mCherry-high,M3,M3_C00013,4,351,4.0,False,False,0
M3|C00013,mCherry-low,M3,M3_C00013,2,351,2.0,False,False,0
M3|C00013,mCherry-low,M3,M3_C00013,4,351,4.0,False,False,0
M3|C00013,mCherry-low,M3,M3_C00013,4,351,4.0,False,False,0
M3|C00014,mCherry-high,M3,M3_C00014,0,351,0.0,False,True,27
M3|C00014,mCherry-low,M3,M3_C00014,3,351,3.0,False,False,0
M3|C00014,mCherry-low,M3,M3_C00014,2,351,2.0,False,False,0
M3|C00014,mCherry-low,M3,M3_C00014,2,351,2.0,False,False,0
M3|C00014,mCherry-low,M3,M3_C00014,1,351,1.0,False,False,0
M3|C00014,mCherry-low,M3,M3_C00014,1,351,1.0,False,False,0
M3|C00014,mCherry-low,M3,M3_C00014,2,351,2.0,False,False,0
M3|C00014,mCherry-low,M3,M3_C00014,2,351,2.0,False,False,0
M3|C00014,mCherry-low,M3,M3_C00014,1,351,1.0,False,False,0
M3|C00014,mCherry-low,M3,M3_C00014,5,351,5.0,False,False,0
M3|C00014,mCherry-low,M3,M3_C00014,1,351,1.0,True,False,2
M3|C00014,mCherry-low,M3,M3_C00014,4,351,4.0,False,False,0
M3|C00014,mCherry-low,M3,M3_C00014,4,351,4.0,False,False,0
M3|C00014,mCherry-low,M3,M3_C00014,3,351,3.0,False,False,0
M3|C00014,mCherry-low,M3,M3_C00014,7,351,7.0,False,False,0
M3|C00014,mCherry-low,M3,M3_C00014,4,351,4.0,False,False,0
M3|C00014,mCherry-low,M3,M3_C00014,7,351,7.0,False,False,0
M3|C00014,mCherry-high,M3,M3_C00014,4,351,4.0,False,False,0
M3|C00014,mCherry-high,M3,M3_C00014,11,351,11.0,False,False,0
M3|C00014,mCherry-low,M3,M3_C00014,7,351,7.0,False,False,0
M3|C00014,mCherry-low,M3,M3_C00014,4,351,4.0,False,False,0
M3|C00014,mCherry-low,M3,M3_C00014,4,351,4.0,False,False,0
M3|C00014,mCherry-high,M3,M3_C00014,3,351,3.0,False,False,0
M3|C00014,mCherry-low,M3,M3_C00014,3,351,3.0,False,False,0
M3|C00015,mCherry-low,M3,M3_C00015,0,351,0.0,False,True,18
M3|C00015,mCherry-low,M3,M3_C00015,0,351,0.0,False,True,18
M3|C00015,mCherry-low,M3,M3_C00015,0,351,0.0,False,True,18
M3|C00015,mCherry-high,M3,M3_C00015,0,351,0.0,False,True,18
M3|C00015,mCherry-low,M3,M3_C00015,2,351,2.0,False,False,0
M3|C00015,mCherry-high,M3,M3_C00015,1,351,1.0,False,False,0
M3|C00015,mCherry-low,M3,M3_C00015,1,351,1.0,False,False,0
M3|C00015,mCherry-low,M3,M3_C00015,1,351,1.0,False,False,0
M3|C00015,mCherry-low,M3,M3_C00015,1,351,1.0,False,False,0
M3|C00015,mCherry-low,M3,M3_C00015,5,351,5.0,False,False,0
M3|C00015,mCherry-low,M3,M3_C00015,1,351,1.0,True,False,1
M3|C00015,mCherry-low,M3,M3_C00015,1,351,1.0,True,False,3
M3|C00015,mCherry-low,M3,M3_C00015,6,351,6.0,True,False,5
M3|C00015,mCherry-low,M3,M3_C00015,4,351,4.0,False,False,0
M3|C00015,mCherry-high,M3,M3_C00015,3,351,3.0,False,False,0
M3|C00015,mCherry-high,M3,M3_C00015,2,351,2.0,False,False,0
M3|C00015,mCherry-low,M3,M3_C00015,2,351,2.0,False,False,0
M3|C00015,mCherry-low,M3,M3_C00015,7,351,7.0,False,False,0
M3|C00015,mCherry-high,M3,M3_C00015,9,351,9.0,False,False,0
M3|C00015,mCherry-low,M3,M3_C00015,8,351,9.0,False,False,0
M3|C00015,mCherry-low,M3,M3_C00015,8,351,8.0,False,False,0
M3|C00015,mCherry-low,M3,M3_C00015,9,351,9.0,False,False,0
M3|C00016,mCherry-low,M3,M3_C00016,0,351,0.0,False,True,19
M3|C00016,mCherry-high,M3,M3_C00016,2,351,2.0,False,False,0
M3|C00016,mCherry-low,M3,M3_C00016,2,351,2.0,False,False,0
M3|C00016,mCherry-low,M3,M3_C00016,2,351,2.0,False,False,0
M3|C00016,mCherry-low,M3,M3_C00016,1,351,1.0,False,False,0
M3|C00016,mCherry-low,M3,M3_C00016,1,351,1.0,True,False,4
M3|C00016,mCherry-high,M3,M3_C00016,2,351,2.0,False,False,0
M3|C00016,mCherry-low,M3,M3_C00016,5,351,5.0,False,False,0
M3|C00016,mCherry-low,M3,M3_C00016,3,351,3.0,True,False,1
M3|C00016,mCherry-low,M3,M3_C00016,3,351,3.0,True,False,1
M3|C00016,mCherry-low,M3,M3_C00016,3,351,3.0,True,False,1
M3|C00016,mCherry-high,M3,M3_C00016,2,351,2.0,False,False,0
M3|C00016,mCherry-low,M3,M3_C00016,4,351,4.0,False,False,0
M3|C00016,mCherry-low,M3,M3_C00016,4,351,4.0,False,False,0
M3|C00016,mCherry-high,M3,M3_C00016,5,351,5.0,False,False,0
M3|C00016,mCherry-low,M3,M3_C00016,8,351,8.0,False,False,0
M3|C00016,mCherry-low,M3,M3_C00016,4,351,4.0,False,False,0
M3|C00016,mCherry-low,M3,M3_C00016,3,351,3.0,False,False,0
M3|C00016,mCherry-low,M3,M3_C00016,5,351,5.0,False,False,0
M3|C00016,mCherry-low,M3,M3_C00016,3,351,3.0,False,False,0
M3|C00016,mCherry-low,M3,M3_C00016,3,351,3.0,False,False,0
M3|C00017,mCherry-high,M3,M3_C00017,2,351,2.0,False,False,0
M3|C00017,mCherry-low,M3,M3_C00017,5,351,5.0,False,False,0
M3|C00017,mCherry-high,M3,M3_C00017,3,351,3.0,False,False,0
M3|C00017,mCherry-high,M3,M3_C00017,4,351,4.0,False,False,0
M3|C00017,mCherry-high,M3,M3_C00017,4,351,4.0,False,False,0
M3|C00017,mCherry-high,M3,M3_C00017,2,351,2.0,False,False,0
M3|C00017,mCherry-low,M3,M3_C00017,3,351,3.0,False,False,0
M3|C00017,mCherry-high,M3,M3_C00017,2,351,2.0,False,False,0
M3|C00017,mCherry-high,M3,M3_C00017,3,351,3.0,False,False,0
M3|C00017,mCherry-high,M3,M3_C00017,5,351,5.0,True,False,2
M3|C00017,mCherry-low,M3,M3_C00017,2,351,2.0,True,False,3
M3|C00017,mCherry-low,M3,M3_C00017,2,351,2.0,True,False,3
M3|C00017,mCherry-low,M3,M3_C00017,2,351,2.0,True,False,3
M3|C00017,mCherry-low,M3,M3_C00017,3,351,3.0,False,False,0
M3|C00017,mCherry-low,M3,M3_C00017,3,351,3.0,False,False,0
M3|C00017,mCherry-high,M3,M3_C00017,7,351,7.0,False,False,0
M3|C00017,mCherry-low,M3,M3_C00017,6,351,6.0,False,False,0
M3|C00017,mCherry-low,M3,M3_C00017,6,351,6.0,False,False,0
M3|C00017,mCherry-low,M3,M3_C00017,3,351,3.0,False,False,0
M3|C00017,mCherry-low,M3,M3_C00017,6,351,6.0,False,False,0
M3|C00017,mCherry-low,M3,M3_C00017,5,351,5.0,False,False,0
M3|C00018,mCherry-low,M3,M3_C00018,0,351,0.0,False,True,13
M3|C00018,mCherry-low,M3,M3_C00018,0,351,0.0,False,True,13
M3|C00018,mCherry-high,M3,M3_C00018,0,351,0.0,False,True,13
M3|C00018,mCherry-high,M3,M3_C00018,0,351,0.0,False,True,13
M3|C00018,mCherry-high,M3,M3_C00018,0,351,0.0,False,True,13
M3|C00018,mCherry-low,M3,M3_C00018,3,351,3.0,False,False,0
M3|C00018,mCherry-low,M3,M3_C00018,3,351,3.0,False,False,0
M3|C00018,mCherry-high,M3,M3_C00018,4,351,4.0,False,False,0
M3|C00018,mCherry-low,M3,M3_C00018,1,351,1.0,False,False,0
M3|C00018,mCherry-low,M3,M3_C00018,4,351,4.0,False,False,0
M3|C00018,mCherry-low,M3,M3_C00018,3,351,3.0,False,False,0
M3|C00018,mCherry-low,M3,M3_C00018,1,351,1.0,False,False,0
M3|C00018,mCherry-low,M3,M3_C00018,3,351,3.0,False,False,0
M3|C00018,mCherry-low,M3,M3_C00018,3,351,3.0,False,False,0
M3|C00018,mCherry-high,M3,M3_C00018,1,351,1.0,True,False,1
M3|C00018,mCherry-high,M3,M3_C00018,3,351,3.0,False,False,0
M3|C00018,mCherry-high,M3,M3_C00018,2,351,2.0,False,False,0
M3|C00018,mCherry-low,M3,M3_C00018,5,351,5.0,False,False,0
M3|C00018,mCherry-low,M3,M3_C00018,5,351,5.0,False,False,0
M3|C00019,mCherry-high,M3,M3_C00019,0,351,0.0,False,True,13
M3|C00019,mCherry-low,M3,M3_C00019,0,351,0.0,False,True,13
M3|C00019,mCherry-low,M3,M3_C00019,0,351,0.0,False,True,13
M3|C00019,mCherry-low,M3,M3_C00019,0,351,0.0,False,True,13
M3|C00019,mCherry-low,M3,M3_C00019,0,351,0.0,False,True,13
M3|C00019,mCherry-high,M3,M3_C00019,0,351,0.0,False,True,13
M3|C00019,mCherry-high,M3,M3_C00019,0,351,0.0,False,True,13
M3|C00019,mCherry-low,M3,M3_C00019,1,351,1.0,False,False,0
M3|C00019,mCherry-low,M3,M3_C00019,1,351,1.0,False,False,0
M3|C00019,mCherry-high,M3,M3_C00019,1,351,1.0,False,False,0
M3|C00019,mCherry-low,M3,M3_C00019,1,351,1.0,False,False,0
M3|C00019,mCherry-low,M3,M3_C00019,4,351,4.0,False,False,0
M3|C00019,mCherry-high,M3,M3_C00019,2,351,2.0,False,False,0
M3|C00019,mCherry-low,M3,M3_C00019,3,351,3.0,False,False,0
M3|C00019,mCherry-high,M3,M3_C00019,1,351,1.0,True,False,2
M3|C00019,mCherry-low,M3,M3_C00019,6,351,6.0,False,False,0
M3|C00019,mCherry-high,M3,M3_C00019,4,351,4.0,False,False,0
M3|C00019,mCherry-low,M3,M3_C00019,2,351,2.0,False,False,0
M3|C00019,mCherry-high,M3,M3_C00019,2,351,2.0,False,False,0
M3|C00021,mCherry-low,M3,M3_C00021,1,351,1.0,True,False,14
M3|C00021,mCherry-low,M3,M3_C00021,1,351,1.0,True,False,14
M3|C00021,mCherry-high,M3,M3_C00021,1,351,1.0,True,False,14
M3|C00021,mCherry-high,M3,M3_C00021,1,351,1.0,True,False,14
M3|C00021,mCherry-low,M3,M3_C00021,4,351,4.0,False,False,0
M3|C00021,mCherry-low,M3,M3_C00021,2,351,2.0,False,False,0
M3|C00021,mCherry-low,M3,M3_C00021,4,351,4.0,False,False,0
M3|C00021,mCherry-high,M3,M3_C00021,2,351,2.0,False,False,0
M3|C00021,mCherry-low,M3,M3_C00021,3,351,3.0,False,False,0
M3|C00021,mCherry-low,M3,M3_C00021,2,351,2.0,False,False,0
M3|C00021,mCherry-high,M3,M3_C00021,3,351,3.0,False,False,0
M3|C00021,mCherry-high,M3,M3_C00021,2,351,2.0,False,False,0
M3|C00021,mCherry-low,M3,M3_C00021,2,351,2.0,False,False,0
M3|C00021,mCherry-low,M3,M3_C00021,3,351,3.0,False,False,0
M3|C00021,mCherry-high,M3,M3_C00021,2,351,2.0,False,False,0
M3|C00021,mCherry-low,M3,M3_C00021,4,351,4.0,False,False,0
M3|C00021,mCherry-low,M3,M3_C00021,8,351,8.0,False,False,0
M3|C00022,mCherry-low,M3,M3_C00022,1,361,1.0,True,False,9
M3|C00022,mCherry-low,M3,M3_C00022,1,361,1.0,True,False,9
M3|C00022,mCherry-low,M3,M3_C00022,1,361,1.0,True,False,9
M3|C00022,mCherry-low,M3,M3_C00022,1,361,1.0,True,False,9
M3|C00022,mCherry-high,M3,M3_C00022,1,361,1.0,True,False,9
M3|C00022,mCherry-high,M3,M3_C00022,1,361,1.0,True,False,9
M3|C00022,mCherry-high,M3,M3_C00022,1,361,1.0,True,False,9
M3|C00022,mCherry-low,M3,M3_C00022,4,361,4.0,False,False,0
M3|C00022,mCherry-high,M3,M3_C00022,2,361,2.0,False,False,0
M3|C00022,mCherry-low,M3,M3_C00022,2,361,2.0,False,False,0
M3|C00022,mCherry-low,M3,M3_C00022,2,361,2.0,False,False,0
M3|C00022,mCherry-low,M3,M3_C00022,2,361,2.0,False,False,0
M3|C00022,mCherry-low,M3,M3_C00022,2,361,2.0,False,False,0
M3|C00022,mCherry-low,M3,M3_C00022,2,361,2.0,False,False,0
M3|C00022,mCherry-low,M3,M3_C00022,4,361,4.0,False,False,0
M3|C00022,mCherry-high,M3,M3_C00022,7,361,7.0,False,False,0
M3|C00023,mCherry-low,M3,M3_C00023,0,351,0.0,False,True,10
M3|C00023,mCherry-low,M3,M3_C00023,0,351,0.0,False,True,10
M3|C00023,mCherry-low,M3,M3_C00023,0,351,0.0,False,True,10
M3|C00023,mCherry-low,M3,M3_C00023,2,351,2.0,False,False,0
M3|C00023,mCherry-low,M3,M3_C00023,1,351,1.0,False,False,0
M3|C00023,mCherry-high,M3,M3_C00023,2,351,2.0,False,False,0
M3|C00023,mCherry-low,M3,M3_C00023,3,351,3.0,False,False,0
M3|C00023,mCherry-low,M3,M3_C00023,3,351,3.0,False,False,0
M3|C00023,mCherry-low,M3,M3_C00023,1,351,1.0,True,False,1
M3|C00023,mCherry-low,M3,M3_C00023,4,351,4.0,False,False,0
M3|C00023,mCherry-low,M3,M3_C00023,2,351,2.0,False,False,0
M3|C00023,mCherry-low,M3,M3_C00023,4,351,4.0,False,False,0
M3|C00024,mCherry-low,M3,M3_C00024,0,351,0.0,False,True,4
M3|C00024,mCherry-low,M3,M3_C00024,0,351,0.0,False,True,4
M3|C00024,mCherry-low,M3,M3_C00024,0,351,0.0,False,True,4
M3|C00024,mCherry-low,M3,M3_C00024,0,351,0.0,False,True,4
M3|C00024,mCherry-low,M3,M3_C00024,0,351,0.0,False,True,4
M3|C00024,mCherry-low,M3,M3_C00024,0,351,0.0,False,True,4
M3|C00024,mCherry-high,M3,M3_C00024,0,351,0.0,False,True,4
M3|C00024,mCherry-low,M3,M3_C00024,1,351,1.0,False,False,0
M3|C00024,mCherry-low,M3,M3_C00024,1,351,1.0,False,False,0
M3|C00024,mCherry-high,M3,M3_C00024,1,351,1.0,True,False,1
M3|C00024,mCherry-low,M3,M3_C00024,5,351,5.0,False,False,0
M3|C00025,mCherry-low,M3,M3_C00025,2,353,2.0,False,False,0
M3|C00025,mCherry-high,M3,M3_C00025,4,353,4.0,False,False,0
M3|C00025,mCherry-low,M3,M3_C00025,6,353,6.0,True,False,2
M3|C00025,mCherry-low,M3,M3_C00025,6,353,6.0,True,False,2
M3|C00025,mCherry-low,M3,M3_C00025,6,353,6.0,True,False,2
M3|C00025,mCherry-high,M3,M3_C00025,2,353,2.0,False,False,0
M3|C00025,mCherry-high,M3,M3_C00025,3,353,3.0,False,False,0
M3|C00025,mCherry-high,M3,M3_C00025,3,353,3.0,False,False,0
M3|C00025,mCherry-low,M3,M3_C00025,8,353,8.0,False,False,0
M3|C00025,mCherry-low,M3,M3_C00025,8,353,8.0,False,False,0
M3|C00026,mCherry-low,M3,M3_C00026,1,351,1.0,True,False,10
M3|C00026,mCherry-low,M3,M3_C00026,2,351,2.0,False,False,0
M3|C00026,mCherry-high,M3,M3_C00026,5,351,5.0,False,False,0
M3|C00026,mCherry-low,M3,M3_C00026,2,351,2.0,False,False,0
M3|C00026,mCherry-low,M3,M3_C00026,2,351,2.0,False,False,0
M3|C00026,mCherry-low,M3,M3_C00026,5,351,5.0,False,False,0
M3|C00026,mCherry-low,M3,M3_C00026,2,351,2.0,True,False,1
M3|C00026,mCherry-high,M3,M3_C00026,5,351,5.0,False,False,0
M3|C00026,mCherry-high,M3,M3_C00026,7,351,8.0,False,False,0
M3|C00026,mCherry-high,M3,M3_C00026,6,351,6.0,False,False,0
M3|C00027,mCherry-low,M3,M3_C00027,2,351,2.0,True,False,5
M3|C00027,mCherry-low,M3,M3_C00027,2,351,2.0,True,False,5
M3|C00027,mCherry-low,M3,M3_C00027,2,351,2.0,True,False,5
M3|C00027,mCherry-high,M3,M3_C00027,2,351,2.0,True,False,5
M3|C00027,mCherry-high,M3,M3_C00027,2,351,2.0,True,False,5
M3|C00027,mCherry-high,M3,M3_C00027,3,351,3.0,False,False,0
M3|C00027,mCherry-low,M3,M3_C00027,4,351,4.0,False,False,0
M3|C00027,mCherry-high,M3,M3_C00027,6,351,6.0,False,False,0
M3|C00027,mCherry-low,M3,M3_C00027,8,351,8.0,False,False,0
M3|C00027,mCherry-high,M3,M3_C00027,4,351,4.0,False,False,0
M3|C00028,mCherry-low,M3,M3_C00028,0,351,0.0,False,True,5
M3|C00028,mCherry-low,M3,M3_C00028,0,351,0.0,False,True,5
M3|C00028,mCherry-low,M3,M3_C00028,0,351,0.0,False,True,5
M3|C00028,mCherry-low,M3,M3_C00028,0,351,0.0,False,True,5
M3|C00028,mCherry-low,M3,M3_C00028,1,351,1.0,False,False,0
M3|C00028,mCherry-low,M3,M3_C00028,1,351,1.0,False,False,0
M3|C00028,mCherry-low,M3,M3_C00028,1,351,1.0,False,False,0
M3|C00028,mCherry-low,M3,M3_C00028,1,351,1.0,False,False,0
M3|C00028,mCherry-low,M3,M3_C00028,1,351,1.0,False,False,0
M3|C00029,mCherry-low,M3,M3_C00029,2,351,2.0,False,False,0
M3|C00029,mCherry-low,M3,M3_C00029,4,351,4.0,False,False,0
M3|C00029,mCherry-low,M3,M3_C00029,5,351,5.0,False,False,0
M3|C00029,mCherry-high,M3,M3_C00029,2,351,2.0,False,False,0
M3|C00029,mCherry-low,M3,M3_C00029,1,351,1.0,False,False,0
M3|C00029,mCherry-high,M3,M3_C00029,1,351,1.0,False,False,0
M3|C00029,mCherry-low,M3,M3_C00029,1,351,1.0,False,False,0
M3|C00029,mCherry-low,M3,M3_C00029,7,351,7.0,False,False,0
M3|C00029,mCherry-low,M3,M3_C00029,3,351,3.0,False,False,0
M3|C00030,mCherry-low,M3,M3_C00030,7,350,7.0,False,False,0
M3|C00030,mCherry-low,M3,M3_C00030,2,350,2.0,False,False,0
M3|C00030,mCherry-high,M3,M3_C00030,5,350,5.0,False,False,0
M3|C00030,mCherry-low,M3,M3_C00030,4,350,4.0,False,False,0
M3|C00030,mCherry-low,M3,M3_C00030,7,350,7.0,False,False,0
M3|C00030,mCherry-high,M3,M3_C00030,3,350,3.0,False,False,0
M3|C00030,mCherry-low,M3,M3_C00030,4,350,4.0,True,False,1
M3|C00030,mCherry-low,M3,M3_C00030,6,350,6.0,False,False,0
M3|C00031,mCherry-high,M3,M3_C00031,5,358,5.0,False,False,0
M3|C00031,mCherry-low,M3,M3_C00031,2,358,2.0,True,False,5
M3|C00031,mCherry-low,M3,M3_C00031,2,358,2.0,True,False,5
M3|C00031,mCherry-low,M3,M3_C00031,8,358,8.0,False,False,0
M3|C00031,mCherry-low,M3,M3_C00031,4,358,4.0,False,False,0
M3|C00031,mCherry-low,M3,M3_C00031,3,358,3.0,False,False,0
M3|C00031,mCherry-high,M3,M3_C00031,4,358,4.0,False,False,0
M3|C00031,mCherry-low,M3,M3_C00031,4,358,4.0,False,False,0
M3|C00032,mCherry-low,M3,M3_C00032,8,351,8.0,False,False,0
M3|C00032,mCherry-low,M3,M3_C00032,4,351,4.0,True,False,3
M3|C00032,mCherry-high,M3,M3_C00032,4,351,4.0,True,False,3
M3|C00032,mCherry-high,M3,M3_C00032,4,351,4.0,True,False,3
M3|C00032,mCherry-high,M3,M3_C00032,4,351,4.0,True,False,3
M3|C00032,mCherry-low,M3,M3_C00032,5,351,5.0,False,False,0
M3|C00032,mCherry-low,M3,M3_C00032,5,351,5.0,False,False,0
M3|C00032,mCherry-high,M3,M3_C00032,5,351,5.0,False,False,0
M3|C00033,mCherry-low,M3,M3_C00033,0,351,0.0,False,True,6
M3|C00033,mCherry-low,M3,M3_C00033,0,351,0.0,False,True,6
M3|C00033,mCherry-low,M3,M3_C00033,2,351,2.0,False,False,0
M3|C00033,mCherry-low,M3,M3_C00033,1,351,1.0,False,False,0
M3|C00033,mCherry-low,M3,M3_C00033,1,351,1.0,False,False,0
M3|C00033,mCherry-low,M3,M3_C00033,1,351,1.0,False,False,0
M3|C00033,mCherry-low,M3,M3_C00033,1,351,1.0,False,False,0
M3|C00033,mCherry-low,M3,M3_C00033,4,351,4.0,False,False,0
M3|C00034,mCherry-low,M3,M3_C00034,0,351,0.0,False,True,5
M3|C00034,mCherry-low,M3,M3_C00034,3,351,3.0,False,False,0
M3|C00034,mCherry-low,M3,M3_C00034,4,351,4.0,False,False,0
M3|C00034,mCherry-low,M3,M3_C00034,1,351,1.0,False,False,0
M3|C00034,mCherry-low,M3,M3_C00034,4,351,4.0,False,False,0
M3|C00034,mCherry-high,M3,M3_C00034,3,351,3.0,False,False,0
M3|C00035,mCherry-low,M3,M3_C00035,0,358,0.0,False,True,4
M3|C00035,mCherry-low,M3,M3_C00035,4,358,4.0,False,False,0
M3|C00035,mCherry-low,M3,M3_C00035,2,358,2.0,True,False,2
M3|C00035,mCherry-low,M3,M3_C00035,2,358,2.0,True,False,2
M3|C00035,mCherry-high,M3,M3_C00035,6,358,6.0,False,False,0
M3|C00035,mCherry-low,M3,M3_C00035,6,358,6.0,False,False,0
M3|C00035,mCherry-low,M3,M3_C00035,6,358,6.0,False,False,0
M3|C00035,mCherry-low,M3,M3_C00035,6,358,6.0,False,False,0
M3|C00036,mCherry-high,M3,M3_C00036,0,350,0.0,False,True,6
M3|C00036,mCherry-high,M3,M3_C00036,3,350,3.0,False,False,0
M3|C00036,mCherry-high,M3,M3_C00036,1,350,1.0,False,False,0
M3|C00036,mCherry-low,M3,M3_C00036,3,350,3.0,False,False,0
M3|C00036,mCherry-low,M3,M3_C00036,1,350,1.0,False,False,0
M3|C00036,mCherry-high,M3,M3_C00036,4,350,4.0,False,False,0
M3|C00036,mCherry-low,M3,M3_C00036,4,350,4.0,False,False,0
M3|C00037,mCherry-low,M3,M3_C00037,4,351,4.0,True,False,5
M3|C00037,mCherry-low,M3,M3_C00037,4,351,4.0,True,False,5
M3|C00037,mCherry-high,M3,M3_C00037,7,351,7.0,False,False,0
M3|C00037,mCherry-high,M3,M3_C00037,7,351,7.0,False,False,0
M3|C00037,mCherry-low,M3,M3_C00037,6,351,6.0,False,False,0
M3|C00037,mCherry-low,M3,M3_C00037,8,351,8.0,False,False,0
M3|C00037,mCherry-low,M3,M3_C00037,8,351,8.0,False,False,0
M3|C00038,mCherry-low,M3,M3_C00038,0,351,0.0,False,True,5
M3|C00038,mCherry-low,M3,M3_C00038,4,351,4.0,False,False,0
M3|C00038,mCherry-high,M3,M3_C00038,2,351,2.0,False,False,0
M3|C00038,mCherry-low,M3,M3_C00038,1,351,1.0,False,False,0
M3|C00038,mCherry-low,M3,M3_C00038,2,351,2.0,True,False,1
M3|C00038,mCherry-low,M3,M3_C00038,2,351,2.0,True,False,1
M3|C00038,mCherry-low,M3,M3_C00038,3,351,3.0,False,False,0
M3|C00039,mCherry-low,M3,M3_C00039,2,357,2.0,True,False,3
M3|C00039,mCherry-low,M3,M3_C00039,2,357,2.0,True,False,3
M3|C00039,mCherry-low,M3,M3_C00039,2,357,2.0,True,False,3
M3|C00039,mCherry-low,M3,M3_C00039,2,357,2.0,True,False,3
M3|C00039,mCherry-high,M3,M3_C00039,3,357,3.0,False,False,0
M3|C00039,mCherry-low,M3,M3_C00039,3,357,3.0,False,False,0
M3|C00039,mCherry-high,M3,M3_C00039,3,357,3.0,False,False,0
M3|C00040,mCherry-low,M3,M3_C00040,0,351,0.0,False,True,6
M3|C00040,mCherry-low,M3,M3_C00040,3,351,3.0,False,False,0
M3|C00040,mCherry-low,M3,M3_C00040,3,351,3.0,False,False,0
M3|C00040,mCherry-low,M3,M3_C00040,1,351,1.0,False,False,0
M3|C00040,mCherry-high,M3,M3_C00040,1,351,1.0,False,False,0
M3|C00040,mCherry-low,M3,M3_C00040,1,351,1.0,False,False,0
M3|C00040,mCherry-low,M3,M3_C00040,3,351,3.0,False,False,0
M3|C00042,mCherry-low,M3,M3_C00042,1,351,1.0,False,False,0
M3|C00042,mCherry-low,M3,M3_C00042,1,351,1.0,False,False,0
M3|C00042,mCherry-low,M3,M3_C00042,4,351,4.0,False,False,0
M3|C00042,mCherry-low,M3,M3_C00042,3,351,3.0,False,False,0
M3|C00042,mCherry-low,M3,M3_C00042,2,351,2.0,False,False,0
M3|C00042,mCherry-low,M3,M3_C00042,3,351,3.0,False,False,0
M3|C00042,mCherry-low,M3,M3_C00042,2,351,2.0,False,False,0
M3|C00043,mCherry-high,M3,M3_C00043,2,351,2.0,False,False,0
M3|C00043,mCherry-low,M3,M3_C00043,2,351,2.0,True,False,3
M3|C00043,mCherry-low,M3,M3_C00043,3,351,3.0,False,False,0
M3|C00043,mCherry-low,M3,M3_C00043,4,351,4.0,False,False,0
M3|C00043,mCherry-low,M3,M3_C00043,3,351,3.0,False,False,0
M3|C00044,mCherry-high,M3,M3_C00044,1,351,1.0,False,False,0
M3|C00044,mCherry-high,M3,M3_C00044,1,351,1.0,False,False,0
M3|C00044,mCherry-low,M3,M3_C00044,4,351,4.0,False,False,0
M3|C00044,mCherry-high,M3,M3_C00044,4,351,4.0,False,False,0
M3|C00044,mCherry-low,M3,M3_C00044,1,351,1.0,False,False,0
M3|C00044,mCherry-high,M3,M3_C00044,1,351,1.0,False,False,0
M3|C00045,mCherry-high,M3,M3_C00045,0,351,0.0,False,True,5
M3|C00045,mCherry-low,M3,M3_C00045,1,351,1.0,False,False,0
M3|C00045,mCherry-low,M3,M3_C00045,4,351,4.0,False,False,0
M3|C00045,mCherry-high,M3,M3_C00045,2,351,2.0,False,False,0
M3|C00045,mCherry-low,M3,M3_C00045,9,351,9.0,False,False,0
M3|C00045,mCherry-low,M3,M3_C00045,5,351,5.0,False,False,0
M3|C00046,mCherry-high,M3,M3_C00046,2,351,2.0,False,False,0
M3|C00046,mCherry-low,M3,M3_C00046,1,351,1.0,False,False,0
M3|C00046,mCherry-high,M3,M3_C00046,3,351,3.0,False,False,0
M3|C00046,mCherry-high,M3,M3_C00046,1,351,1.0,True,False,1
M3|C00046,mCherry-high,M3,M3_C00046,1,351,1.0,True,False,1
M3|C00046,mCherry-low,M3,M3_C00046,2,351,2.0,False,False,0
M3|C00047,mCherry-low,M3,M3_C00047,0,351,0.0,False,True,4
M3|C00047,mCherry-high,M3,M3_C00047,4,351,4.0,False,False,0
M3|C00047,mCherry-high,M3,M3_C00047,4,351,4.0,False,False,0
M3|C00047,mCherry-low,M3,M3_C00047,2,351,2.0,False,False,0
M3|C00047,mCherry-high,M3,M3_C00047,3,351,3.0,False,False,0
M3|C00049,mCherry-low,M3,M3_C00049,0,351,0.0,False,True,5
M3|C00049,mCherry-low,M3,M3_C00049,4,351,4.0,False,False,0
M3|C00049,mCherry-low,M3,M3_C00049,2,351,2.0,False,False,0
M3|C00049,mCherry-low,M3,M3_C00049,1,351,1.0,False,False,0
M3|C00049,mCherry-low,M3,M3_C00049,2,351,2.0,False,False,0
M3|C00049,mCherry-low,M3,M3_C00049,1,351,1.0,False,False,0
M3|C00050,mCherry-high,M3,M3_C00050,0,351,0.0,False,True,5
M3|C00050,mCherry-high,M3,M3_C00050,0,351,0.0,False,True,5
M3|C00050,mCherry-low,M3,M3_C00050,2,351,2.0,False,False,0
M3|C00050,mCherry-high,M3,M3_C00050,3,351,3.0,False,False,0
M3|C00050,mCherry-low,M3,M3_C00050,5,351,5.0,False,False,0
M3|C00050,mCherry-low,M3,M3_C00050,3,351,3.0,False,False,0
M3|C00051,mCherry-low,M3,M3_C00051,0,351,0.0,False,True,2
M3|C00051,mCherry-low,M3,M3_C00051,0,351,0.0,False,True,2
M3|C00051,mCherry-low,M3,M3_C00051,0,351,0.0,False,True,2
M3|C00051,mCherry-low,M3,M3_C00051,0,351,0.0,False,True,2
M3|C00051,mCherry-low,M3,M3_C00051,2,351,2.0,False,False,0
M3|C00051,mCherry-low,M3,M3_C00051,1,351,1.0,False,False,0
M3|C00053,mCherry-low,M3,M3_C00053,0,351,0.0,False,True,4
M3|C00053,mCherry-low,M3,M3_C00053,1,351,1.0,False,False,0
M3|C00053,mCherry-high,M3,M3_C00053,2,351,2.0,False,False,0
M3|C00053,mCherry-low,M3,M3_C00053,1,351,1.0,False,False,0
M3|C00053,mCherry-low,M3,M3_C00053,1,351,1.0,False,False,0
M3|C00054,mCherry-high,M3,M3_C00054,3,351,3.0,False,False,0
M3|C00054,mCherry-high,M3,M3_C00054,5,351,5.0,False,False,0
M3|C00054,mCherry-high,M3,M3_C00054,4,351,4.0,False,False,0
M3|C00054,mCherry-low,M3,M3_C00054,4,351,4.0,False,False,0
M3|C00054,mCherry-low,M3,M3_C00054,4,351,4.0,False,False,0
M3|C00055,mCherry-low,M3,M3_C00055,0,351,0.0,False,True,2
M3|C00055,mCherry-low,M3,M3_C00055,4,351,4.0,False,False,0
M3|C00055,mCherry-low,M3,M3_C00055,1,351,1.0,False,False,0
M3|C00055,mCherry-low,M3,M3_C00055,1,351,1.0,False,False,0
M3|C00055,mCherry-low,M3,M3_C00055,1,351,1.0,False,False,0
M3|C00056,mCherry-high,M3,M3_C00056,1,351,1.0,True,False,4
M3|C00056,mCherry-low,M3,M3_C00056,6,351,6.0,False,False,0
M3|C00056,mCherry-high,M3,M3_C00056,3,351,3.0,False,False,0
M3|C00056,mCherry-high,M3,M3_C00056,4,351,4.0,False,False,0
M3|C00056,mCherry-high,M3,M3_C00056,2,351,2.0,False,False,0
M3|C00057,mCherry-high,M3,M3_C00057,0,351,0.0,False,True,4
M3|C00057,mCherry-low,M3,M3_C00057,4,351,4.0,False,False,0
M3|C00057,mCherry-low,M3,M3_C00057,1,351,1.0,False,False,0
M3|C00057,mCherry-low,M3,M3_C00057,5,351,5.0,False,False,0
M3|C00057,mCherry-low,M3,M3_C00057,4,351,4.0,False,False,0
M3|C00058,mCherry-low,M3,M3_C00058,2,351,2.0,False,False,0
M3|C00058,mCherry-low,M3,M3_C00058,2,351,2.0,False,False,0
M3|C00058,mCherry-low,M3,M3_C00058,1,351,1.0,False,False,0
M3|C00059,mCherry-low,M3,M3_C00059,0,351,0.0,False,True,4
M3|C00059,mCherry-low,M3,M3_C00059,0,351,0.0,False,True,4
M3|C00059,mCherry-low,M3,M3_C00059,2,351,2.0,False,False,0
M3|C00059,mCherry-high,M3,M3_C00059,3,351,3.0,False,False,0
M3|C00059,mCherry-low,M3,M3_C00059,2,351,2.0,False,False,0
M3|C00060,mCherry-high,M3,M3_C00060,0,351,0.0,False,True,4
M3|C00060,mCherry-high,M3,M3_C00060,0,351,0.0,False,True,4
M3|C00060,mCherry-low,M3,M3_C00060,4,351,4.0,False,False,0
M3|C00060,mCherry-high,M3,M3_C00060,2,351,2.0,False,False,0
M3|C00060,mCherry-high,M3,M3_C00060,3,351,3.0,False,False,0
M3|C00061,mCherry-low,M3,M3_C00061,0,350,0.0,False,True,5
M3|C00061,mCherry-low,M3,M3_C00061,5,350,5.0,False,False,0
M3|C00061,mCherry-low,M3,M3_C00061,3,350,3.0,False,False,0
M3|C00061,mCherry-low,M3,M3_C00061,3,350,3.0,False,False,0
M3|C00061,mCherry-low,M3,M3_C00061,3,350,3.0,False,False,0
M3|C00062,mCherry-low,M3,M3_C00062,0,350,0.0,False,True,3
M3|C00062,mCherry-low,M3,M3_C00062,5,350,5.0,False,False,0
M3|C00062,mCherry-low,M3,M3_C00062,2,350,2.0,False,False,0
M3|C00062,mCherry-low,M3,M3_C00062,1,350,1.0,False,False,0
M3|C00062,mCherry-low,M3,M3_C00062,1,350,1.0,False,False,0
M3|C00063,mCherry-high,M3,M3_C00063,1,351,1.0,True,False,4
M3|C00063,mCherry-high,M3,M3_C00063,2,351,2.0,False,False,0
M3|C00063,mCherry-high,M3,M3_C00063,2,351,2.0,False,False,0
M3|C00063,mCherry-high,M3,M3_C00063,2,351,2.0,False,False,0
M3|C00063,mCherry-low,M3,M3_C00063,5,351,5.0,False,False,0
M3|C00064,mCherry-low,M3,M3_C00064,0,351,0.0,False,True,2
M3|C00064,mCherry-low,M3,M3_C00064,0,351,0.0,False,True,2
M3|C00064,mCherry-low,M3,M3_C00064,0,351,0.0,False,True,2
M3|C00064,mCherry-low,M3,M3_C00064,2,351,2.0,False,False,0
M3|C00064,mCherry-low,M3,M3_C00064,1,351,1.0,False,False,0
M3|C00066,mCherry-high,M3,M3_C00066,2,350,2.0,True,False,4
M3|C00066,mCherry-low,M3,M3_C00066,5,350,5.0,False,False,0
M3|C00066,mCherry-low,M3,M3_C00066,3,350,5.0,False,False,0
M3|C00066,mCherry-high,M3,M3_C00066,5,350,5.0,False,False,0
M3|C00067,mCherry-low,M3,M3_C00067,6,351,6.0,False,False,0
M3|C00067,mCherry-low,M3,M3_C00067,2,351,2.0,False,False,0
M3|C00067,mCherry-low,M3,M3_C00067,2,351,2.0,False,False,0
M3|C00067,mCherry-high,M3,M3_C00067,4,351,4.0,False,False,0
M3|C00070,mCherry-low,M3,M3_C00070,4,351,4.0,True,False,3
M3|C00070,mCherry-high,M3,M3_C00070,5,351,5.0,False,False,0
M3|C00070,mCherry-high,M3,M3_C00070,8,351,9.0,False,False,0
M3|C00070,mCherry-high,M3,M3_C00070,5,351,5.0,False,False,0
M3|C00071,mCherry-low,M3,M3_C00071,1,351,1.0,False,False,0
M3|C00071,mCherry-low,M3,M3_C00071,4,351,4.0,False,False,0
M3|C00071,mCherry-low,M3,M3_C00071,1,351,1.0,False,False,0
M3|C00071,mCherry-low,M3,M3_C00071,8,351,8.0,False,False,0
M3|C00072,mCherry-low,M3,M3_C00072,0,351,0.0,False,True,3
M3|C00072,mCherry-low,M3,M3_C00072,7,351,7.0,False,False,0
M3|C00072,mCherry-low,M3,M3_C00072,4,351,4.0,False,False,0
M3|C00072,mCherry-high,M3,M3_C00072,2,351,2.0,False,False,0
M3|C00074,mCherry-low,M3,M3_C00074,7,351,7.0,False,False,0
M3|C00074,mCherry-low,M3,M3_C00074,7,351,7.0,False,False,0
M3|C00074,mCherry-low,M3,M3_C00074,5,351,5.0,False,False,0
M3|C00074,mCherry-low,M3,M3_C00074,5,351,5.0,False,False,0
M3|C00075,mCherry-low,M3,M3_C00075,1,350,1.0,True,False,4
M3|C00075,mCherry-high,M3,M3_C00075,3,350,3.0,False,False,0
M3|C00075,mCherry-low,M3,M3_C00075,6,350,6.0,False,False,0
M3|C00075,mCherry-low,M3,M3_C00075,12,350,12.0,False,False,0
M3|C00076,mCherry-low,M3,M3_C00076,0,353,0.0,False,True,2
M3|C00076,mCherry-high,M3,M3_C00076,0,353,0.0,False,True,2
M3|C00076,mCherry-high,M3,M3_C00076,1,353,1.0,False,False,0
M3|C00076,mCherry-low,M3,M3_C00076,3,353,3.0,False,False,0
M3|C00077,mCherry-low,M3,M3_C00077,0,351,0.0,False,True,2
M3|C00077,mCherry-low,M3,M3_C00077,0,351,0.0,False,True,2
M3|C00077,mCherry-low,M3,M3_C00077,2,351,2.0,False,False,0
M3|C00077,mCherry-low,M3,M3_C00077,2,351,2.0,False,False,0
M3|C00078,mCherry-high,M3,M3_C00078,0,350,0.0,False,True,3
M3|C00078,mCherry-high,M3,M3_C00078,2,350,2.0,False,False,0
M3|C00078,mCherry-high,M3,M3_C00078,1,350,1.0,False,False,0
M3|C00078,mCherry-high,M3,M3_C00078,1,350,1.0,False,False,0
M3|C00080,mCherry-low,M3,M3_C00080,3,351,3.0,False,False,0
M3|C00080,mCherry-high,M3,M3_C00080,4,351,4.0,False,False,0
M3|C00080,mCherry-low,M3,M3_C00080,2,351,2.0,False,False,0
M3|C00080,mCherry-low,M3,M3_C00080,5,351,5.0,False,False,0
M3|C00081,mCherry-low,M3,M3_C00081,5,351,5.0,False,False,0
M3|C00081,mCherry-low,M3,M3_C00081,1,351,1.0,False,False,0
M3|C00081,mCherry-low,M3,M3_C00081,1,351,1.0,False,False,0
M3|C00082,mCherry-high,M3,M3_C00082,3,351,3.0,False,False,0
M3|C00082,mCherry-low,M3,M3_C00082,3,351,3.0,False,False,0
M3|C00082,mCherry-low,M3,M3_C00082,4,351,4.0,False,False,0
M3|C00084,mCherry-low,M3,M3_C00084,1,358,1.0,True,False,2
M3|C00084,mCherry-high,M3,M3_C00084,2,358,2.0,False,False,0
M3|C00084,mCherry-low,M3,M3_C00084,5,358,5.0,False,False,0
M3|C00085,mCherry-low,M3,M3_C00085,0,351,0.0,False,True,2
M3|C00085,mCherry-low,M3,M3_C00085,1,351,1.0,False,False,0
M3|C00085,mCherry-low,M3,M3_C00085,4,351,4.0,False,False,0
M3|C00086,mCherry-low,M3,M3_C00086,3,351,3.0,True,False,2
M3|C00086,mCherry-low,M3,M3_C00086,4,351,4.0,False,False,0
M3|C00086,mCherry-low,M3,M3_C00086,5,351,5.0,False,False,0
M3|C00088,mCherry-low,M3,M3_C00088,0,351,0.0,False,True,2
M3|C00088,mCherry-high,M3,M3_C00088,3,351,3.0,False,False,0
M3|C00088,mCherry-low,M3,M3_C00088,2,351,2.0,False,False,0
M3|C00089,mCherry-high,M3,M3_C00089,1,351,1.0,False,False,0
M3|C00089,mCherry-high,M3,M3_C00089,2,351,2.0,False,False,0
M3|C00089,mCherry-high,M3,M3_C00089,1,351,1.0,False,False,0
M3|C00091,mCherry-low,M3,M3_C00091,3,351,3.0,False,False,0
M3|C00091,mCherry-low,M3,M3_C00091,3,351,3.0,False,False,0
M3|C00091,mCherry-low,M3,M3_C00091,3,351,3.0,False,False,0
M3|C00092,mCherry-low,M3,M3_C00092,6,351,6.0,False,False,0
M3|C00092,mCherry-high,M3,M3_C00092,5,351,5.0,False,False,0
M3|C00092,mCherry-high,M3,M3_C00092,5,351,5.0,False,False,0
M3|C00093,mCherry-low,M3,M3_C00093,0,351,0.0,False,True,2
M3|C00093,mCherry-low,M3,M3_C00093,2,351,2.0,False,False,0
M3|C00093,mCherry-low,M3,M3_C00093,9,351,9.0,False,False,0
M3|C00094,mCherry-high,M3,M3_C00094,2,351,2.0,False,False,0
M3|C00094,mCherry-high,M3,M3_C00094,2,351,2.0,False,False,0
M3|C00094,mCherry-high,M3,M3_C00094,2,351,2.0,False,False,0
M3|C00095,mCherry-low,M3,M3_C00095,7,351,7.0,False,False,0
M3|C00095,mCherry-low,M3,M3_C00095,8,351,8.0,False,False,0
M3|C00095,mCherry-low,M3,M3_C00095,8,351,8.0,False,False,0
M3|C00096,mCherry-low,M3,M3_C00096,0,351,0.0,False,True,2
M3|C00096,mCherry-low,M3,M3_C00096,3,351,3.0,False,False,0
M3|C00096,mCherry-low,M3,M3_C00096,1,351,1.0,False,False,0
M3|C00098,mCherry-low,M3,M3_C00098,3,351,3.0,True,False,1
M3|C00098,mCherry-high,M3,M3_C00098,3,351,3.0,True,False,1
M3|C00098,mCherry-low,M3,M3_C00098,6,351,6.0,False,False,0
M3|C00099,mCherry-low,M3,M3_C00099,5,351,5.0,False,False,0
M3|C00099,mCherry-low,M3,M3_C00099,4,351,4.0,False,False,0
M3|C00099,mCherry-low,M3,M3_C00099,4,351,4.0,False,False,0
M3|C00100,mCherry-low,M3,M3_C00100,4,357,4.0,False,False,0
M3|C00100,mCherry-low,M3,M3_C00100,3,357,3.0,True,False,1
M3|C00100,mCherry-low,M3,M3_C00100,4,357,4.0,False,False,0
M3|C00102,mCherry-low,M3,M3_C00102,5,359,5.0,True,False,1
M3|C00102,mCherry-low,M3,M3_C00102,5,359,5.0,True,False,1
M3|C00102,mCherry-low,M3,M3_C00102,6,359,6.0,False,False,0
M3|C00103,mCherry-low,M3,M3_C00103,0,351,0.0,False,True,2
M3|C00103,mCherry-low,M3,M3_C00103,1,351,1.0,False,False,0
M3|C00103,mCherry-low,M3,M3_C00103,2,351,2.0,False,False,0
M3|C00104,mCherry-low,M3,M3_C00104,0,351,0.0,False,True,2
M3|C00104,mCherry-low,M3,M3_C00104,2,351,2.0,False,False,0
M3|C00104,mCherry-high,M3,M3_C00104,2,351,2.0,False,False,0
M3|C00107,mCherry-low,M3,M3_C00107,3,353,3.0,False,False,0
M3|C00107,mCherry-low,M3,M3_C00107,1,353,1.0,False,False,0
M3|C00107,mCherry-low,M3,M3_C00107,1,353,1.0,False,False,0
M3|C00109,mCherry-low,M3,M3_C00109,1,351,1.0,True,False,3
M3|C00109,mCherry-low,M3,M3_C00109,4,351,4.0,False,False,0
M3|C00109,mCherry-low,M3,M3_C00109,3,351,3.0,False,False,0
M3|C00110,mCherry-low,M3,M3_C00110,0,351,0.0,False,True,2
M3|C00110,mCherry-high,M3,M3_C00110,1,351,1.0,False,False,0
M3|C00110,mCherry-low,M3,M3_C00110,1,351,1.0,False,False,0
M3|C00111,mCherry-high,M3,M3_C00111,3,351,3.0,False,False,0
M3|C00111,mCherry-high,M3,M3_C00111,2,351,2.0,False,False,0
M3|C00111,mCherry-high,M3,M3_C00111,2,351,2.0,False,False,0
M3|C00114,mCherry-low,M3,M3_C00114,1,350,1.0,True,False,1
M3|C00114,mCherry-low,M3,M3_C00114,1,350,1.0,True,False,1
M3|C00114,mCherry-low,M3,M3_C00114,5,350,5.0,False,False,0
M3|C00117,mCherry-high,M3,M3_C00117,1,351,1.0,False,False,0
M3|C00117,mCherry-low,M3,M3_C00117,3,351,3.0,False,False,0
M3|C00117,mCherry-low,M3,M3_C00117,1,351,1.0,False,False,0
M3|C00118,mCherry-low,M3,M3_C00118,1,351,1.0,False,False,0
M3|C00118,mCherry-low,M3,M3_C00118,2,351,2.0,False,False,0
M3|C00118,mCherry-low,M3,M3_C00118,4,351,4.0,False,False,0
M3|C00119,mCherry-low,M3,M3_C00119,0,351,0.0,False,True,2
M3|C00119,mCherry-low,M3,M3_C00119,1,351,1.0,False,False,0
M3|C00119,mCherry-high,M3,M3_C00119,1,351,1.0,False,False,0
M4|C00001,mCherry-low,M4,M4_C00001,0,353,0.0,False,True,68
M4|C00001,mCherry-low,M4,M4_C00001,0,353,0.0,False,True,68
M4|C00001,mCherry-low,M4,M4_C00001,0,353,0.0,False,True,68
M4|C00001,mCherry-low,M4,M4_C00001,0,353,0.0,False,True,68
M4|C00001,mCherry-low,M4,M4_C00001,0,353,0.0,False,True,68
M4|C00001,mCherry-low,M4,M4_C00001,0,353,0.0,False,True,68
M4|C00001,mCherry-low,M4,M4_C00001,0,353,0.0,False,True,68
M4|C00001,mCherry-low,M4,M4_C00001,0,353,0.0,False,True,68
M4|C00001,mCherry-low,M4,M4_C00001,0,353,0.0,False,True,68
M4|C00001,mCherry-low,M4,M4_C00001,0,353,0.0,False,True,68
M4|C00001,mCherry-low,M4,M4_C00001,0,353,0.0,False,True,68
M4|C00001,mCherry-low,M4,M4_C00001,0,353,0.0,False,True,68
M4|C00001,mCherry-low,M4,M4_C00001,0,353,0.0,False,True,68
M4|C00001,mCherry-low,M4,M4_C00001,0,353,0.0,False,True,68
M4|C00001,mCherry-low,M4,M4_C00001,0,353,0.0,False,True,68
M4|C00001,mCherry-low,M4,M4_C00001,0,353,0.0,False,True,68
M4|C00001,mCherry-low,M4,M4_C00001,0,353,0.0,False,True,68
M4|C00001,mCherry-low,M4,M4_C00001,0,353,0.0,False,True,68
M4|C00001,mCherry-low,M4,M4_C00001,0,353,0.0,False,True,68
M4|C00001,mCherry-low,M4,M4_C00001,0,353,0.0,False,True,68
M4|C00001,mCherry-low,M4,M4_C00001,0,353,0.0,False,True,68
M4|C00001,mCherry-low,M4,M4_C00001,0,353,0.0,False,True,68
M4|C00001,mCherry-low,M4,M4_C00001,0,353,0.0,False,True,68
M4|C00001,mCherry-low,M4,M4_C00001,0,353,0.0,False,True,68
M4|C00001,mCherry-high,M4,M4_C00001,0,353,0.0,False,True,68
M4|C00001,mCherry-high,M4,M4_C00001,0,353,0.0,False,True,68
M4|C00001,mCherry-high,M4,M4_C00001,0,353,0.0,False,True,68
M4|C00001,mCherry-high,M4,M4_C00001,0,353,0.0,False,True,68
M4|C00001,mCherry-high,M4,M4_C00001,0,353,0.0,False,True,68
M4|C00001,mCherry-high,M4,M4_C00001,0,353,0.0,False,True,68
M4|C00001,mCherry-high,M4,M4_C00001,0,353,0.0,False,True,68
M4|C00001,mCherry-high,M4,M4_C00001,0,353,0.0,False,True,68
M4|C00001,mCherry-high,M4,M4_C00001,0,353,0.0,False,True,68
M4|C00001,mCherry-high,M4,M4_C00001,0,353,0.0,False,True,68
M4|C00001,mCherry-low,M4,M4_C00001,1,353,1.0,False,False,0
M4|C00001,mCherry-low,M4,M4_C00001,1,353,1.0,False,False,0
M4|C00001,mCherry-low,M4,M4_C00001,3,353,3.0,False,False,0
M4|C00001,mCherry-high,M4,M4_C00001,1,353,1.0,False,False,0
M4|C00001,mCherry-high,M4,M4_C00001,1,353,1.0,False,False,0
M4|C00001,mCherry-high,M4,M4_C00001,1,353,1.0,False,False,0
M4|C00001,mCherry-high,M4,M4_C00001,1,353,1.0,False,False,0
M4|C00001,mCherry-high,M4,M4_C00001,1,353,1.0,False,False,0
M4|C00001,mCherry-low,M4,M4_C00001,2,353,2.0,False,False,0
M4|C00001,mCherry-low,M4,M4_C00001,2,353,2.0,False,False,0
M4|C00001,mCherry-low,M4,M4_C00001,1,353,1.0,False,False,0
M4|C00001,mCherry-high,M4,M4_C00001,2,353,2.0,False,False,0
M4|C00001,mCherry-high,M4,M4_C00001,2,353,2.0,False,False,0
M4|C00001,mCherry-high,M4,M4_C00001,2,353,2.0,False,False,0
M4|C00001,mCherry-low,M4,M4_C00001,2,353,2.0,False,False,0
M4|C00001,mCherry-high,M4,M4_C00001,1,353,1.0,False,False,0
M4|C00001,mCherry-high,M4,M4_C00001,1,353,1.0,False,False,0
M4|C00001,mCherry-low,M4,M4_C00001,1,353,1.0,False,False,0
M4|C00001,mCherry-low,M4,M4_C00001,1,353,1.0,False,False,0
M4|C00001,mCherry-low,M4,M4_C00001,1,353,1.0,False,False,0
M4|C00001,mCherry-high,M4,M4_C00001,1,353,1.0,False,False,0
M4|C00001,mCherry-high,M4,M4_C00001,1,353,1.0,False,False,0
M4|C00001,mCherry-high,M4,M4_C00001,1,353,1.0,False,False,0
M4|C00001,mCherry-high,M4,M4_C00001,2,353,2.0,False,False,0
M4|C00001,mCherry-low,M4,M4_C00001,2,353,2.0,False,False,0
M4|C00001,mCherry-low,M4,M4_C00001,1,353,1.0,False,False,0
M4|C00001,mCherry-low,M4,M4_C00001,2,353,2.0,True,False,1
M4|C00001,mCherry-low,M4,M4_C00001,1,353,1.0,True,False,1
M4|C00001,mCherry-low,M4,M4_C00001,1,353,1.0,True,False,1
M4|C00001,mCherry-high,M4,M4_C00001,1,353,1.0,True,False,1
M4|C00001,mCherry-low,M4,M4_C00001,1,353,1.0,True,False,1
M4|C00001,mCherry-low,M4,M4_C00001,1,353,1.0,False,False,0
M4|C00001,mCherry-high,M4,M4_C00001,1,353,1.0,False,False,0
M4|C00001,mCherry-low,M4,M4_C00001,1,353,1.0,False,False,0
M4|C00001,mCherry-low,M4,M4_C00001,1,353,1.0,False,False,0
M4|C00001,mCherry-high,M4,M4_C00001,1,353,1.0,False,False,0
M4|C00001,mCherry-low,M4,M4_C00001,1,353,1.0,True,False,2
M4|C00001,mCherry-high,M4,M4_C00001,1,353,1.0,True,False,2
M4|C00001,mCherry-low,M4,M4_C00001,1,353,1.0,True,False,2
M4|C00001,mCherry-low,M4,M4_C00001,1,353,1.0,True,False,2
M4|C00001,mCherry-low,M4,M4_C00001,1,353,1.0,True,False,2
M4|C00001,mCherry-high,M4,M4_C00001,1,353,1.0,True,False,2
M4|C00001,mCherry-low,M4,M4_C00001,1,353,1.0,True,False,10
M4|C00001,mCherry-high,M4,M4_C00001,1,353,1.0,True,False,10
M4|C00001,mCherry-high,M4,M4_C00001,1,353,1.0,True,False,10
M4|C00001,mCherry-high,M4,M4_C00001,1,353,1.0,True,False,10
M4|C00001,mCherry-high,M4,M4_C00001,1,353,1.0,True,False,10
M4|C00001,mCherry-low,M4,M4_C00001,4,353,4.0,False,False,0
M4|C00001,mCherry-low,M4,M4_C00001,2,353,2.0,False,False,0
M4|C00001,mCherry-low,M4,M4_C00001,5,353,5.0,False,False,0
M4|C00001,mCherry-low,M4,M4_C00001,2,353,2.0,False,False,0
M4|C00001,mCherry-low,M4,M4_C00001,6,353,6.0,False,False,0
M4|C00001,mCherry-high,M4,M4_C00001,2,353,2.0,False,False,0
M4|C00001,mCherry-low,M4,M4_C00001,2,353,2.0,False,False,0
M4|C00001,mCherry-high,M4,M4_C00001,2,353,2.0,False,False,0
M4|C00001,mCherry-high,M4,M4_C00001,2,353,2.0,False,False,0
M4|C00001,mCherry-low,M4,M4_C00001,4,353,4.0,False,False,0
M4|C00001,mCherry-low,M4,M4_C00001,2,353,2.0,False,False,0
M4|C00001,mCherry-high,M4,M4_C00001,3,353,3.0,False,False,0
M4|C00001,mCherry-high,M4,M4_C00001,2,353,2.0,False,False,0
M4|C00001,mCherry-low,M4,M4_C00001,4,353,4.0,False,False,0
M4|C00001,mCherry-high,M4,M4_C00001,2,353,2.0,False,False,0
M4|C00001,mCherry-low,M4,M4_C00001,3,353,4.0,False,False,0
M4|C00001,mCherry-high,M4,M4_C00001,3,353,3.0,False,False,0
M4|C00001,mCherry-low,M4,M4_C00001,3,353,3.0,False,False,0
M4|C00001,mCherry-low,M4,M4_C00001,2,353,2.0,False,False,0
M4|C00001,mCherry-low,M4,M4_C00001,2,353,2.0,False,False,0
M4|C00001,mCherry-low,M4,M4_C00001,3,353,3.0,False,False,0
M4|C00001,mCherry-high,M4,M4_C00001,4,353,4.0,False,False,0
M4|C00001,mCherry-low,M4,M4_C00001,2,353,3.0,False,False,0
M4|C00001,mCherry-low,M4,M4_C00001,2,353,3.0,False,False,0
M4|C00001,mCherry-high,M4,M4_C00001,4,353,5.0,False,False,0
M4|C00001,mCherry-low,M4,M4_C00001,4,353,5.0,False,False,0
M4|C00002,mCherry-low,M4,M4_C00002,2,357,2.0,True,False,65
M4|C00002,mCherry-low,M4,M4_C00002,2,357,2.0,True,False,65
M4|C00002,mCherry-low,M4,M4_C00002,2,357,2.0,True,False,65
M4|C00002,mCherry-low,M4,M4_C00002,2,357,2.0,True,False,65
M4|C00002,mCherry-high,M4,M4_C00002,2,357,2.0,True,False,65
M4|C00002,mCherry-high,M4,M4_C00002,2,357,2.0,True,False,65
M4|C00002,mCherry-high,M4,M4_C00002,2,357,2.0,True,False,65
M4|C00002,mCherry-high,M4,M4_C00002,2,357,2.0,True,False,65
M4|C00002,mCherry-low,M4,M4_C00002,6,357,6.0,False,False,0
M4|C00002,mCherry-low,M4,M4_C00002,5,357,5.0,False,False,0
M4|C00002,mCherry-high,M4,M4_C00002,4,357,4.0,False,False,0
M4|C00002,mCherry-low,M4,M4_C00002,4,357,4.0,False,False,0
M4|C00002,mCherry-low,M4,M4_C00002,3,357,3.0,False,False,0
M4|C00002,mCherry-high,M4,M4_C00002,4,357,4.0,False,False,0
M4|C00002,mCherry-high,M4,M4_C00002,3,357,3.0,False,False,0
M4|C00002,mCherry-low,M4,M4_C00002,4,357,4.0,False,False,0
M4|C00002,mCherry-high,M4,M4_C00002,3,357,3.0,False,False,0
M4|C00002,mCherry-low,M4,M4_C00002,4,357,4.0,False,False,0
M4|C00002,mCherry-high,M4,M4_C00002,4,357,4.0,False,False,0
M4|C00002,mCherry-high,M4,M4_C00002,3,357,3.0,False,False,0
M4|C00002,mCherry-low,M4,M4_C00002,4,357,4.0,False,False,0
M4|C00002,mCherry-high,M4,M4_C00002,4,357,4.0,False,False,0
M4|C00002,mCherry-high,M4,M4_C00002,3,357,3.0,True,False,1
M4|C00002,mCherry-high,M4,M4_C00002,3,357,3.0,True,False,1
M4|C00002,mCherry-high,M4,M4_C00002,3,357,3.0,True,False,1
M4|C00002,mCherry-low,M4,M4_C00002,3,357,3.0,False,False,0
M4|C00002,mCherry-high,M4,M4_C00002,3,357,3.0,False,False,0
M4|C00002,mCherry-high,M4,M4_C00002,3,357,3.0,True,False,2
M4|C00002,mCherry-high,M4,M4_C00002,3,357,3.0,False,False,0
M4|C00002,mCherry-high,M4,M4_C00002,3,357,3.0,False,False,0
M4|C00002,mCherry-high,M4,M4_C00002,3,357,3.0,False,False,0
M4|C00002,mCherry-low,M4,M4_C00002,4,357,4.0,True,False,1
M4|C00002,mCherry-low,M4,M4_C00002,4,357,4.0,True,False,1
M4|C00002,mCherry-low,M4,M4_C00002,4,357,4.0,True,False,1
M4|C00002,mCherry-high,M4,M4_C00002,4,357,4.0,True,False,1
M4|C00002,mCherry-low,M4,M4_C00002,3,357,3.0,True,False,17
M4|C00002,mCherry-low,M4,M4_C00002,3,357,3.0,True,False,17
M4|C00002,mCherry-high,M4,M4_C00002,7,357,7.0,False,False,0
M4|C00002,mCherry-high,M4,M4_C00002,5,357,5.0,False,False,0
M4|C00002,mCherry-high,M4,M4_C00002,4,357,4.0,False,False,0
M4|C00002,mCherry-high,M4,M4_C00002,5,357,5.0,False,False,0
M4|C00002,mCherry-high,M4,M4_C00002,6,357,6.0,False,False,0
M4|C00002,mCherry-low,M4,M4_C00002,4,357,4.0,False,False,0
M4|C00002,mCherry-low,M4,M4_C00002,5,357,5.0,False,False,0
M4|C00002,mCherry-high,M4,M4_C00002,5,357,5.0,True,False,1
M4|C00002,mCherry-low,M4,M4_C00002,4,357,4.0,False,False,0
M4|C00002,mCherry-high,M4,M4_C00002,4,357,4.0,False,False,0
M4|C00002,mCherry-high,M4,M4_C00002,4,357,4.0,False,False,0
M4|C00002,mCherry-high,M4,M4_C00002,4,357,4.0,False,False,0
M4|C00002,mCherry-high,M4,M4_C00002,6,357,6.0,False,False,0
M4|C00002,mCherry-low,M4,M4_C00002,4,357,4.0,False,False,0
M4|C00002,mCherry-low,M4,M4_C00002,8,357,8.0,False,False,0
M4|C00002,mCherry-low,M4,M4_C00002,5,357,5.0,True,False,15
M4|C00002,mCherry-low,M4,M4_C00002,5,357,5.0,True,False,15
M4|C00002,mCherry-low,M4,M4_C00002,5,357,5.0,True,False,15
M4|C00002,mCherry-low,M4,M4_C00002,5,357,5.0,True,False,15
M4|C00002,mCherry-low,M4,M4_C00002,5,357,5.0,True,False,15
M4|C00002,mCherry-low,M4,M4_C00002,5,357,5.0,True,False,15
M4|C00002,mCherry-low,M4,M4_C00002,5,357,5.0,True,False,15
M4|C00002,mCherry-low,M4,M4_C00002,5,357,5.0,True,False,15
M4|C00002,mCherry-low,M4,M4_C00002,5,357,5.0,True,False,15
M4|C00002,mCherry-low,M4,M4_C00002,5,357,5.0,True,False,15
M4|C00002,mCherry-high,M4,M4_C00002,5,357,5.0,True,False,15
M4|C00002,mCherry-high,M4,M4_C00002,5,357,5.0,True,False,15
M4|C00002,mCherry-high,M4,M4_C00002,5,357,5.0,True,False,15
M4|C00002,mCherry-high,M4,M4_C00002,5,357,5.0,True,False,15
M4|C00002,mCherry-low,M4,M4_C00002,6,357,6.0,False,False,0
M4|C00002,mCherry-high,M4,M4_C00002,6,357,6.0,False,False,0
M4|C00002,mCherry-low,M4,M4_C00002,7,357,7.0,False,False,0
M4|C00002,mCherry-low,M4,M4_C00002,6,357,6.0,False,False,0
M4|C00002,mCherry-low,M4,M4_C00002,6,357,6.0,False,False,0
M4|C00002,mCherry-high,M4,M4_C00002,6,357,6.0,False,False,0
M4|C00002,mCherry-low,M4,M4_C00002,6,357,6.0,False,False,0
M4|C00002,mCherry-low,M4,M4_C00002,6,357,6.0,False,False,0
M4|C00002,mCherry-low,M4,M4_C00002,6,357,6.0,False,False,0
M4|C00002,mCherry-high,M4,M4_C00002,6,357,6.0,False,False,0
M4|C00002,mCherry-low,M4,M4_C00002,6,357,6.0,False,False,0
M4|C00002,mCherry-low,M4,M4_C00002,6,357,6.0,False,False,0
M4|C00002,mCherry-low,M4,M4_C00002,8,357,8.0,False,False,0
M4|C00002,mCherry-low,M4,M4_C00002,6,357,6.0,False,False,0
M4|C00002,mCherry-high,M4,M4_C00002,7,357,7.0,False,False,0
M4|C00002,mCherry-high,M4,M4_C00002,7,357,7.0,False,False,0
M4|C00002,mCherry-low,M4,M4_C00002,6,357,6.0,False,False,0
M4|C00002,mCherry-low,M4,M4_C00002,6,357,6.0,False,False,0
M4|C00002,mCherry-low,M4,M4_C00002,8,357,8.0,False,False,0
M4|C00002,mCherry-low,M4,M4_C00002,5,357,7.0,True,False,2
M4|C00002,mCherry-low,M4,M4_C00002,5,357,7.0,True,False,2
M4|C00002,mCherry-low,M4,M4_C00002,5,357,7.0,True,False,2
M4|C00002,mCherry-low,M4,M4_C00002,5,357,7.0,True,False,2
M4|C00002,mCherry-low,M4,M4_C00002,5,357,7.0,True,False,2
M4|C00002,mCherry-low,M4,M4_C00002,5,357,7.0,True,False,2
M4|C00002,mCherry-high,M4,M4_C00002,5,357,7.0,True,False,2
M4|C00002,mCherry-high,M4,M4_C00002,5,357,7.0,True,False,2
M4|C00002,mCherry-low,M4,M4_C00002,6,357,8.0,False,False,0
M4|C00002,mCherry-low,M4,M4_C00002,6,357,8.0,False,False,0
M4|C00003,mCherry-high,M4,M4_C00003,0,351,0.0,False,True,79
M4|C00003,mCherry-low,M4,M4_C00003,0,351,0.0,False,True,79
M4|C00003,mCherry-high,M4,M4_C00003,0,351,0.0,False,True,79
M4|C00003,mCherry-high,M4,M4_C00003,2,351,2.0,False,False,0
M4|C00003,mCherry-high,M4,M4_C00003,1,351,1.0,False,False,0
M4|C00003,mCherry-high,M4,M4_C00003,2,351,2.0,False,False,0
M4|C00003,mCherry-high,M4,M4_C00003,1,351,1.0,False,False,0
M4|C00003,mCherry-low,M4,M4_C00003,3,351,3.0,False,False,0
M4|C00003,mCherry-low,M4,M4_C00003,3,351,3.0,False,False,0
M4|C00003,mCherry-high,M4,M4_C00003,1,351,1.0,False,False,0
M4|C00003,mCherry-high,M4,M4_C00003,1,351,1.0,False,False,0
M4|C00003,mCherry-low,M4,M4_C00003,1,351,1.0,False,False,0
M4|C00003,mCherry-high,M4,M4_C00003,3,351,3.0,False,False,0
M4|C00003,mCherry-high,M4,M4_C00003,6,351,6.0,False,False,0
M4|C00003,mCherry-high,M4,M4_C00003,4,351,4.0,False,False,0
M4|C00003,mCherry-high,M4,M4_C00003,1,351,1.0,False,False,0
M4|C00003,mCherry-high,M4,M4_C00003,2,351,2.0,False,False,0
M4|C00003,mCherry-high,M4,M4_C00003,3,351,3.0,False,False,0
M4|C00003,mCherry-high,M4,M4_C00003,3,351,3.0,False,False,0
M4|C00003,mCherry-high,M4,M4_C00003,1,351,1.0,True,False,2
M4|C00003,mCherry-low,M4,M4_C00003,1,351,1.0,True,False,3
M4|C00003,mCherry-high,M4,M4_C00003,1,351,1.0,True,False,45
M4|C00003,mCherry-high,M4,M4_C00003,1,351,1.0,True,False,45
M4|C00003,mCherry-high,M4,M4_C00003,5,351,5.0,False,False,0
M4|C00003,mCherry-high,M4,M4_C00003,4,351,4.0,False,False,0
M4|C00003,mCherry-high,M4,M4_C00003,2,351,2.0,False,False,0
M4|C00003,mCherry-high,M4,M4_C00003,3,351,3.0,False,False,0
M4|C00003,mCherry-high,M4,M4_C00003,4,351,4.0,False,False,0
M4|C00003,mCherry-high,M4,M4_C00003,2,351,2.0,False,False,0
M4|C00003,mCherry-high,M4,M4_C00003,3,351,3.0,False,False,0
M4|C00003,mCherry-high,M4,M4_C00003,7,351,7.0,False,False,0
M4|C00003,mCherry-high,M4,M4_C00003,4,351,4.0,False,False,0
M4|C00003,mCherry-high,M4,M4_C00003,5,351,5.0,False,False,0
M4|C00003,mCherry-low,M4,M4_C00003,3,351,3.0,False,False,0
M4|C00003,mCherry-high,M4,M4_C00003,2,351,2.0,False,False,0
M4|C00003,mCherry-high,M4,M4_C00003,6,351,6.0,False,False,0
M4|C00003,mCherry-low,M4,M4_C00003,3,351,3.0,False,False,0
M4|C00003,mCherry-low,M4,M4_C00003,2,351,2.0,False,False,0
M4|C00003,mCherry-low,M4,M4_C00003,2,351,2.0,False,False,0
M4|C00003,mCherry-high,M4,M4_C00003,2,351,2.0,False,False,0
M4|C00003,mCherry-high,M4,M4_C00003,2,351,2.0,False,False,0
M4|C00003,mCherry-low,M4,M4_C00003,4,351,4.0,False,False,0
M4|C00003,mCherry-low,M4,M4_C00003,2,351,2.0,False,False,0
M4|C00003,mCherry-low,M4,M4_C00003,2,351,2.0,True,False,25
M4|C00003,mCherry-low,M4,M4_C00003,2,351,2.0,True,False,25
M4|C00003,mCherry-low,M4,M4_C00003,2,351,2.0,True,False,25
M4|C00003,mCherry-low,M4,M4_C00003,2,351,2.0,True,False,25
M4|C00003,mCherry-low,M4,M4_C00003,2,351,2.0,True,False,25
M4|C00003,mCherry-low,M4,M4_C00003,2,351,2.0,True,False,25
M4|C00003,mCherry-low,M4,M4_C00003,2,351,2.0,True,False,25
M4|C00003,mCherry-low,M4,M4_C00003,2,351,2.0,True,False,25
M4|C00003,mCherry-low,M4,M4_C00003,2,351,2.0,True,False,25
M4|C00003,mCherry-low,M4,M4_C00003,2,351,2.0,True,False,25
M4|C00003,mCherry-high,M4,M4_C00003,2,351,2.0,True,False,25
M4|C00003,mCherry-high,M4,M4_C00003,2,351,2.0,True,False,25
M4|C00003,mCherry-high,M4,M4_C00003,2,351,2.0,True,False,25
M4|C00003,mCherry-high,M4,M4_C00003,6,351,6.0,False,False,0
M4|C00003,mCherry-high,M4,M4_C00003,6,351,6.0,False,False,0
M4|C00003,mCherry-high,M4,M4_C00003,5,351,5.0,False,False,0
M4|C00003,mCherry-low,M4,M4_C00003,4,351,4.0,False,False,0
M4|C00003,mCherry-low,M4,M4_C00003,3,351,3.0,False,False,0
M4|C00003,mCherry-low,M4,M4_C00003,3,351,3.0,False,False,0
M4|C00003,mCherry-low,M4,M4_C00003,6,351,6.0,False,False,0
M4|C00003,mCherry-low,M4,M4_C00003,3,351,3.0,False,False,0
M4|C00003,mCherry-low,M4,M4_C00003,5,351,5.0,False,False,0
M4|C00003,mCherry-high,M4,M4_C00003,3,351,3.0,False,False,0
M4|C00003,mCherry-low,M4,M4_C00003,5,351,5.0,False,False,0
M4|C00003,mCherry-low,M4,M4_C00003,4,351,4.0,False,False,0
M4|C00003,mCherry-low,M4,M4_C00003,3,351,3.0,False,False,0
M4|C00003,mCherry-low,M4,M4_C00003,3,351,3.0,True,False,1
M4|C00003,mCherry-low,M4,M4_C00003,3,351,3.0,True,False,1
M4|C00003,mCherry-low,M4,M4_C00003,3,351,3.0,True,False,9
M4|C00003,mCherry-high,M4,M4_C00003,7,351,7.0,False,False,0
M4|C00003,mCherry-high,M4,M4_C00003,2,351,4.0,True,False,1
M4|C00003,mCherry-low,M4,M4_C00003,4,351,4.0,False,False,0
M4|C00003,mCherry-high,M4,M4_C00003,6,351,6.0,False,False,0
M4|C00003,mCherry-high,M4,M4_C00003,5,351,7.0,False,False,0
M4|C00003,mCherry-low,M4,M4_C00003,5,351,5.0,False,False,0
M4|C00003,mCherry-low,M4,M4_C00003,4,351,4.0,False,False,0
M4|C00003,mCherry-low,M4,M4_C00003,7,351,7.0,False,False,0
M4|C00003,mCherry-low,M4,M4_C00003,2,351,4.0,True,False,6
M4|C00003,mCherry-high,M4,M4_C00003,2,351,4.0,True,False,6
M4|C00003,mCherry-high,M4,M4_C00003,4,351,6.0,False,False,0
M4|C00003,mCherry-high,M4,M4_C00003,5,351,7.0,False,False,0
M4|C00003,mCherry-low,M4,M4_C00003,3,351,5.0,False,False,0
M4|C00003,mCherry-low,M4,M4_C00003,3,351,5.0,False,False,0
M4|C00003,mCherry-low,M4,M4_C00003,4,351,6.0,True,False,3
M4|C00003,mCherry-high,M4,M4_C00003,4,351,6.0,True,False,3
M4|C00003,mCherry-low,M4,M4_C00003,7,351,9.0,False,False,0
M4|C00003,mCherry-high,M4,M4_C00003,6,351,8.0,False,False,0
M4|C00003,mCherry-high,M4,M4_C00003,6,351,8.0,False,False,0
M4|C00004,mCherry-low,M4,M4_C00004,0,351,0.0,False,True,61
M4|C00004,mCherry-high,M4,M4_C00004,0,351,0.0,False,True,61
M4|C00004,mCherry-high,M4,M4_C00004,0,351,0.0,False,True,61
M4|C00004,mCherry-high,M4,M4_C00004,0,351,0.0,False,True,61
M4|C00004,mCherry-high,M4,M4_C00004,0,351,0.0,False,True,61
M4|C00004,mCherry-low,M4,M4_C00004,3,351,3.0,False,False,0
M4|C00004,mCherry-high,M4,M4_C00004,8,351,8.0,False,False,0
M4|C00004,mCherry-high,M4,M4_C00004,5,351,5.0,False,False,0
M4|C00004,mCherry-low,M4,M4_C00004,2,351,2.0,False,False,0
M4|C00004,mCherry-low,M4,M4_C00004,1,351,1.0,False,False,0
M4|C00004,mCherry-high,M4,M4_C00004,2,351,2.0,False,False,0
M4|C00004,mCherry-high,M4,M4_C00004,2,351,2.0,False,False,0
M4|C00004,mCherry-high,M4,M4_C00004,1,351,1.0,False,False,0
M4|C00004,mCherry-high,M4,M4_C00004,2,351,2.0,False,False,0
M4|C00004,mCherry-low,M4,M4_C00004,1,351,1.0,False,False,0
M4|C00004,mCherry-low,M4,M4_C00004,4,351,4.0,False,False,0
M4|C00004,mCherry-high,M4,M4_C00004,1,351,1.0,False,False,0
M4|C00004,mCherry-high,M4,M4_C00004,3,351,3.0,True,False,1
M4|C00004,mCherry-high,M4,M4_C00004,3,351,3.0,True,False,1
M4|C00004,mCherry-high,M4,M4_C00004,3,351,3.0,True,False,1
M4|C00004,mCherry-high,M4,M4_C00004,4,351,4.0,True,False,2
M4|C00004,mCherry-high,M4,M4_C00004,4,351,4.0,True,False,2
M4|C00004,mCherry-high,M4,M4_C00004,2,351,2.0,True,False,4
M4|C00004,mCherry-low,M4,M4_C00004,1,351,1.0,True,False,2
M4|C00004,mCherry-high,M4,M4_C00004,1,351,1.0,True,False,2
M4|C00004,mCherry-high,M4,M4_C00004,1,351,1.0,True,False,2
M4|C00004,mCherry-high,M4,M4_C00004,3,351,3.0,True,False,1
M4|C00004,mCherry-high,M4,M4_C00004,3,351,3.0,True,False,1
M4|C00004,mCherry-high,M4,M4_C00004,3,351,3.0,True,False,1
M4|C00004,mCherry-high,M4,M4_C00004,3,351,3.0,True,False,1
M4|C00004,mCherry-high,M4,M4_C00004,1,351,1.0,True,False,4
M4|C00004,mCherry-low,M4,M4_C00004,4,351,4.0,False,False,0
M4|C00004,mCherry-high,M4,M4_C00004,2,351,2.0,False,False,0
M4|C00004,mCherry-low,M4,M4_C00004,2,351,2.0,False,False,0
M4|C00004,mCherry-high,M4,M4_C00004,4,351,4.0,False,False,0
M4|C00004,mCherry-high,M4,M4_C00004,4,351,4.0,False,False,0
M4|C00004,mCherry-high,M4,M4_C00004,5,351,5.0,False,False,0
M4|C00004,mCherry-low,M4,M4_C00004,5,351,5.0,False,False,0
M4|C00004,mCherry-high,M4,M4_C00004,3,351,3.0,False,False,0
M4|C00004,mCherry-high,M4,M4_C00004,3,351,3.0,False,False,0
M4|C00004,mCherry-high,M4,M4_C00004,4,351,4.0,False,False,0
M4|C00004,mCherry-high,M4,M4_C00004,3,351,3.0,False,False,0
M4|C00004,mCherry-low,M4,M4_C00004,2,351,2.0,True,False,1
M4|C00004,mCherry-low,M4,M4_C00004,4,351,4.0,False,False,0
M4|C00004,mCherry-high,M4,M4_C00004,2,351,2.0,True,False,1
M4|C00004,mCherry-high,M4,M4_C00004,2,351,3.0,True,False,1
M4|C00004,mCherry-high,M4,M4_C00004,2,351,3.0,True,False,1
M4|C00004,mCherry-low,M4,M4_C00004,2,351,2.0,True,False,18
M4|C00004,mCherry-low,M4,M4_C00004,2,351,2.0,True,False,18
M4|C00004,mCherry-low,M4,M4_C00004,2,351,2.0,True,False,18
M4|C00004,mCherry-low,M4,M4_C00004,2,351,2.0,True,False,18
M4|C00004,mCherry-low,M4,M4_C00004,2,351,2.0,True,False,18
M4|C00004,mCherry-high,M4,M4_C00004,2,351,2.0,True,False,18
M4|C00004,mCherry-high,M4,M4_C00004,2,351,2.0,True,False,18
M4|C00004,mCherry-high,M4,M4_C00004,2,351,2.0,True,False,18
M4|C00004,mCherry-high,M4,M4_C00004,2,351,2.0,True,False,18
M4|C00004,mCherry-high,M4,M4_C00004,2,351,2.0,True,False,18
M4|C00004,mCherry-high,M4,M4_C00004,7,351,7.0,False,False,0
M4|C00004,mCherry-high,M4,M4_C00004,4,351,4.0,False,False,0
M4|C00004,mCherry-low,M4,M4_C00004,3,351,4.0,False,False,0
M4|C00004,mCherry-high,M4,M4_C00004,3,351,4.0,False,False,0
M4|C00004,mCherry-high,M4,M4_C00004,5,351,5.0,False,False,0
M4|C00004,mCherry-low,M4,M4_C00004,6,351,6.0,False,False,0
M4|C00004,mCherry-high,M4,M4_C00004,5,351,5.0,False,False,0
M4|C00004,mCherry-low,M4,M4_C00004,4,351,4.0,False,False,0
M4|C00004,mCherry-high,M4,M4_C00004,3,351,3.0,True,False,1
M4|C00004,mCherry-high,M4,M4_C00004,5,351,5.0,False,False,0
M4|C00004,mCherry-low,M4,M4_C00004,2,351,4.0,False,False,0
M4|C00004,mCherry-high,M4,M4_C00004,6,351,8.0,False,False,0
M4|C00004,mCherry-high,M4,M4_C00004,5,351,7.0,False,False,0
M4|C00004,mCherry-high,M4,M4_C00004,2,351,5.0,False,False,0
M4|C00004,mCherry-low,M4,M4_C00004,2,351,5.0,False,False,0
M4|C00004,mCherry-high,M4,M4_C00004,2,351,5.0,True,False,1
M4|C00004,mCherry-low,M4,M4_C00004,4,351,7.0,True,False,4
M4|C00004,mCherry-high,M4,M4_C00004,4,351,7.0,True,False,4
M4|C00004,mCherry-high,M4,M4_C00004,4,351,7.0,True,False,4
M4|C00004,mCherry-high,M4,M4_C00004,4,351,7.0,False,False,0
M4|C00004,mCherry-high,M4,M4_C00004,6,351,9.0,False,False,0
M4|C00004,mCherry-low,M4,M4_C00004,5,351,8.0,False,False,0
M4|C00004,mCherry-high,M4,M4_C00004,5,351,8.0,False,False,0
M4|C00004,mCherry-low,M4,M4_C00004,6,351,9.0,False,False,0
M4|C00004,mCherry-low,M4,M4_C00004,6,351,9.0,False,False,0
M4|C00005,mCherry-high,M4,M4_C00005,0,351,0.0,False,True,64
M4|C00005,mCherry-high,M4,M4_C00005,0,351,0.0,False,True,64
M4|C00005,mCherry-high,M4,M4_C00005,0,351,0.0,False,True,64
M4|C00005,mCherry-high,M4,M4_C00005,0,351,0.0,False,True,64
M4|C00005,mCherry-high,M4,M4_C00005,0,351,0.0,False,True,64
M4|C00005,mCherry-high,M4,M4_C00005,0,351,0.0,False,True,64
M4|C00005,mCherry-high,M4,M4_C00005,0,351,0.0,False,True,64
M4|C00005,mCherry-high,M4,M4_C00005,2,351,2.0,False,False,0
M4|C00005,mCherry-high,M4,M4_C00005,1,351,1.0,False,False,0
M4|C00005,mCherry-low,M4,M4_C00005,3,351,3.0,False,False,0
M4|C00005,mCherry-high,M4,M4_C00005,2,351,2.0,False,False,0
M4|C00005,mCherry-high,M4,M4_C00005,1,351,1.0,False,False,0
M4|C00005,mCherry-high,M4,M4_C00005,3,351,3.0,False,False,0
M4|C00005,mCherry-high,M4,M4_C00005,1,351,1.0,False,False,0
M4|C00005,mCherry-high,M4,M4_C00005,3,351,3.0,False,False,0
M4|C00005,mCherry-high,M4,M4_C00005,2,351,2.0,False,False,0
M4|C00005,mCherry-high,M4,M4_C00005,3,351,3.0,False,False,0
M4|C00005,mCherry-low,M4,M4_C00005,1,351,1.0,False,False,0
M4|C00005,mCherry-low,M4,M4_C00005,3,351,3.0,False,False,0
M4|C00005,mCherry-high,M4,M4_C00005,1,351,1.0,False,False,0
M4|C00005,mCherry-high,M4,M4_C00005,2,351,2.0,False,False,0
M4|C00005,mCherry-high,M4,M4_C00005,1,351,1.0,True,False,1
M4|C00005,mCherry-high,M4,M4_C00005,1,351,1.0,True,False,1
M4|C00005,mCherry-low,M4,M4_C00005,1,351,1.0,True,False,4
M4|C00005,mCherry-high,M4,M4_C00005,1,351,1.0,True,False,4
M4|C00005,mCherry-low,M4,M4_C00005,1,351,1.0,True,False,5
M4|C00005,mCherry-high,M4,M4_C00005,1,351,1.0,True,False,7
M4|C00005,mCherry-high,M4,M4_C00005,7,351,7.0,False,False,0
M4|C00005,mCherry-high,M4,M4_C00005,8,351,8.0,False,False,0
M4|C00005,mCherry-high,M4,M4_C00005,5,351,5.0,False,False,0
M4|C00005,mCherry-high,M4,M4_C00005,2,351,2.0,False,False,0
M4|C00005,mCherry-high,M4,M4_C00005,2,351,2.0,False,False,0
M4|C00005,mCherry-high,M4,M4_C00005,2,351,2.0,False,False,0
M4|C00005,mCherry-high,M4,M4_C00005,3,351,3.0,False,False,0
M4|C00005,mCherry-high,M4,M4_C00005,5,351,5.0,False,False,0
M4|C00005,mCherry-high,M4,M4_C00005,2,351,2.0,False,False,0
M4|C00005,mCherry-high,M4,M4_C00005,4,351,4.0,False,False,0
M4|C00005,mCherry-high,M4,M4_C00005,3,351,3.0,False,False,0
M4|C00005,mCherry-high,M4,M4_C00005,3,351,3.0,False,False,0
M4|C00005,mCherry-high,M4,M4_C00005,2,351,2.0,False,False,0
M4|C00005,mCherry-high,M4,M4_C00005,2,351,2.0,False,False,0
M4|C00005,mCherry-high,M4,M4_C00005,3,351,3.0,False,False,0
M4|C00005,mCherry-high,M4,M4_C00005,4,351,4.0,False,False,0
M4|C00005,mCherry-high,M4,M4_C00005,7,351,7.0,False,False,0
M4|C00005,mCherry-high,M4,M4_C00005,7,351,7.0,False,False,0
M4|C00005,mCherry-high,M4,M4_C00005,4,351,4.0,False,False,0
M4|C00005,mCherry-low,M4,M4_C00005,4,351,4.0,False,False,0
M4|C00005,mCherry-low,M4,M4_C00005,5,351,5.0,False,False,0
M4|C00005,mCherry-low,M4,M4_C00005,3,351,3.0,False,False,0
M4|C00005,mCherry-high,M4,M4_C00005,5,351,5.0,False,False,0
M4|C00005,mCherry-high,M4,M4_C00005,6,351,6.0,False,False,0
M4|C00005,mCherry-low,M4,M4_C00005,3,351,3.0,False,False,0
M4|C00005,mCherry-high,M4,M4_C00005,4,351,4.0,False,False,0
M4|C00005,mCherry-high,M4,M4_C00005,3,351,3.0,False,False,0
M4|C00005,mCherry-high,M4,M4_C00005,6,351,6.0,False,False,0
M4|C00005,mCherry-high,M4,M4_C00005,4,351,4.0,False,False,0
M4|C00005,mCherry-high,M4,M4_C00005,6,351,6.0,False,False,0
M4|C00005,mCherry-high,M4,M4_C00005,2,351,3.0,False,False,0
M4|C00005,mCherry-high,M4,M4_C00005,2,351,3.0,False,False,0
M4|C00005,mCherry-high,M4,M4_C00005,8,351,9.0,False,False,0
M4|C00005,mCherry-high,M4,M4_C00005,4,351,5.0,False,False,0
M4|C00006,mCherry-low,M4,M4_C00006,0,351,0.0,False,True,48
M4|C00006,mCherry-low,M4,M4_C00006,0,351,0.0,False,True,48
M4|C00006,mCherry-low,M4,M4_C00006,0,351,0.0,False,True,48
M4|C00006,mCherry-low,M4,M4_C00006,0,351,0.0,False,True,48
M4|C00006,mCherry-high,M4,M4_C00006,0,351,0.0,False,True,48
M4|C00006,mCherry-high,M4,M4_C00006,0,351,0.0,False,True,48
M4|C00006,mCherry-high,M4,M4_C00006,0,351,0.0,False,True,48
M4|C00006,mCherry-high,M4,M4_C00006,0,351,0.0,False,True,48
M4|C00006,mCherry-high,M4,M4_C00006,0,351,0.0,False,True,48
M4|C00006,mCherry-high,M4,M4_C00006,0,351,0.0,False,True,48
M4|C00006,mCherry-high,M4,M4_C00006,0,351,0.0,False,True,48
M4|C00006,mCherry-high,M4,M4_C00006,0,351,0.0,False,True,48
M4|C00006,mCherry-high,M4,M4_C00006,0,351,0.0,False,True,48
M4|C00006,mCherry-high,M4,M4_C00006,1,351,1.0,False,False,0
M4|C00006,mCherry-high,M4,M4_C00006,3,351,3.0,False,False,0
M4|C00006,mCherry-high,M4,M4_C00006,2,351,2.0,False,False,0
M4|C00006,mCherry-low,M4,M4_C00006,1,351,1.0,False,False,0
M4|C00006,mCherry-high,M4,M4_C00006,2,351,2.0,False,False,0
M4|C00006,mCherry-low,M4,M4_C00006,9,351,9.0,False,False,0
M4|C00006,mCherry-low,M4,M4_C00006,1,351,1.0,False,False,0
M4|C00006,mCherry-high,M4,M4_C00006,1,351,1.0,False,False,0
M4|C00006,mCherry-high,M4,M4_C00006,2,351,2.0,False,False,0
M4|C00006,mCherry-high,M4,M4_C00006,2,351,2.0,False,False,0
M4|C00006,mCherry-high,M4,M4_C00006,1,351,1.0,False,False,0
M4|C00006,mCherry-high,M4,M4_C00006,1,351,1.0,False,False,0
M4|C00006,mCherry-low,M4,M4_C00006,1,351,1.0,False,False,0
M4|C00006,mCherry-high,M4,M4_C00006,1,351,1.0,False,False,0
M4|C00006,mCherry-high,M4,M4_C00006,5,351,5.0,False,False,0
M4|C00006,mCherry-low,M4,M4_C00006,1,351,1.0,False,False,0
M4|C00006,mCherry-low,M4,M4_C00006,1,351,1.0,True,False,1
M4|C00006,mCherry-high,M4,M4_C00006,1,351,1.0,True,False,2
M4|C00006,mCherry-low,M4,M4_C00006,1,351,1.0,True,False,3
M4|C00006,mCherry-high,M4,M4_C00006,2,351,2.0,False,False,0
M4|C00006,mCherry-high,M4,M4_C00006,4,351,4.0,False,False,0
M4|C00006,mCherry-low,M4,M4_C00006,3,351,3.0,False,False,0
M4|C00006,mCherry-high,M4,M4_C00006,3,351,3.0,False,False,0
M4|C00006,mCherry-high,M4,M4_C00006,6,351,6.0,False,False,0
M4|C00006,mCherry-high,M4,M4_C00006,3,351,3.0,False,False,0
M4|C00006,mCherry-low,M4,M4_C00006,4,351,4.0,False,False,0
M4|C00006,mCherry-low,M4,M4_C00006,4,351,4.0,False,False,0
M4|C00006,mCherry-high,M4,M4_C00006,4,351,4.0,False,False,0
M4|C00006,mCherry-high,M4,M4_C00006,3,351,3.0,False,False,0
M4|C00006,mCherry-high,M4,M4_C00006,5,351,5.0,False,False,0
M4|C00006,mCherry-high,M4,M4_C00006,4,351,4.0,False,False,0
M4|C00006,mCherry-high,M4,M4_C00006,2,351,2.0,False,False,0
M4|C00006,mCherry-high,M4,M4_C00006,2,351,2.0,False,False,0
M4|C00006,mCherry-low,M4,M4_C00006,5,351,5.0,False,False,0
M4|C00006,mCherry-high,M4,M4_C00006,3,351,3.0,False,False,0
M4|C00006,mCherry-high,M4,M4_C00006,1,351,2.0,False,False,0
M4|C00006,mCherry-high,M4,M4_C00006,2,351,2.0,False,False,0
M4|C00006,mCherry-high,M4,M4_C00006,4,351,4.0,False,False,0
M4|C00006,mCherry-high,M4,M4_C00006,5,351,5.0,True,False,1
M4|C00006,mCherry-high,M4,M4_C00006,3,351,3.0,False,False,0
M4|C00006,mCherry-high,M4,M4_C00006,3,351,3.0,False,False,0
M4|C00006,mCherry-low,M4,M4_C00006,4,351,4.0,True,False,2
M4|C00006,mCherry-low,M4,M4_C00006,11,351,11.0,False,False,0
M4|C00006,mCherry-low,M4,M4_C00006,6,351,6.0,False,False,0
M4|C00006,mCherry-low,M4,M4_C00006,8,351,8.0,False,False,0
M4|C00007,mCherry-low,M4,M4_C00007,0,351,0.0,False,True,34
M4|C00007,mCherry-low,M4,M4_C00007,0,351,0.0,False,True,34
M4|C00007,mCherry-low,M4,M4_C00007,0,351,0.0,False,True,34
M4|C00007,mCherry-low,M4,M4_C00007,0,351,0.0,False,True,34
M4|C00007,mCherry-low,M4,M4_C00007,0,351,0.0,False,True,34
M4|C00007,mCherry-low,M4,M4_C00007,0,351,0.0,False,True,34
M4|C00007,mCherry-low,M4,M4_C00007,0,351,0.0,False,True,34
M4|C00007,mCherry-low,M4,M4_C00007,0,351,0.0,False,True,34
M4|C00007,mCherry-low,M4,M4_C00007,0,351,0.0,False,True,34
M4|C00007,mCherry-high,M4,M4_C00007,4,351,4.0,False,False,0
M4|C00007,mCherry-low,M4,M4_C00007,1,351,1.0,False,False,0
M4|C00007,mCherry-low,M4,M4_C00007,1,351,1.0,False,False,0
M4|C00007,mCherry-low,M4,M4_C00007,1,351,1.0,False,False,0
M4|C00007,mCherry-low,M4,M4_C00007,1,351,1.0,False,False,0
M4|C00007,mCherry-low,M4,M4_C00007,1,351,1.0,False,False,0
M4|C00007,mCherry-low,M4,M4_C00007,8,351,8.0,False,False,0
M4|C00007,mCherry-low,M4,M4_C00007,1,351,1.0,True,False,26
M4|C00007,mCherry-low,M4,M4_C00007,1,351,1.0,True,False,26
M4|C00007,mCherry-low,M4,M4_C00007,1,351,1.0,True,False,26
M4|C00007,mCherry-high,M4,M4_C00007,1,351,1.0,True,False,26
M4|C00007,mCherry-high,M4,M4_C00007,1,351,1.0,True,False,26
M4|C00007,mCherry-high,M4,M4_C00007,1,351,1.0,True,False,26
M4|C00007,mCherry-high,M4,M4_C00007,3,351,3.0,False,False,0
M4|C00007,mCherry-low,M4,M4_C00007,6,351,6.0,False,False,0
M4|C00007,mCherry-high,M4,M4_C00007,4,351,4.0,False,False,0
M4|C00007,mCherry-low,M4,M4_C00007,2,351,2.0,False,False,0
M4|C00007,mCherry-low,M4,M4_C00007,3,351,3.0,False,False,0
M4|C00007,mCherry-high,M4,M4_C00007,2,351,2.0,False,False,0
M4|C00007,mCherry-high,M4,M4_C00007,2,351,2.0,False,False,0
M4|C00007,mCherry-high,M4,M4_C00007,5,351,5.0,False,False,0
M4|C00007,mCherry-low,M4,M4_C00007,3,351,3.0,False,False,0
M4|C00007,mCherry-low,M4,M4_C00007,2,351,2.0,True,False,1
M4|C00007,mCherry-low,M4,M4_C00007,2,351,2.0,True,False,1
M4|C00007,mCherry-low,M4,M4_C00007,2,351,2.0,True,False,1
M4|C00007,mCherry-low,M4,M4_C00007,4,351,4.0,False,False,0
M4|C00007,mCherry-low,M4,M4_C00007,4,351,4.0,False,False,0
M4|C00007,mCherry-low,M4,M4_C00007,4,351,4.0,False,False,0
M4|C00007,mCherry-low,M4,M4_C00007,4,351,4.0,False,False,0
M4|C00007,mCherry-low,M4,M4_C00007,2,351,2.0,True,False,4
M4|C00007,mCherry-high,M4,M4_C00007,2,351,2.0,True,False,2
M4|C00007,mCherry-low,M4,M4_C00007,3,351,3.0,False,False,0
M4|C00007,mCherry-high,M4,M4_C00007,4,351,4.0,False,False,0
M4|C00007,mCherry-low,M4,M4_C00007,5,351,5.0,False,False,0
M4|C00007,mCherry-high,M4,M4_C00007,4,351,4.0,False,False,0
M4|C00007,mCherry-low,M4,M4_C00007,3,351,3.0,False,False,0
M4|C00007,mCherry-low,M4,M4_C00007,3,351,3.0,False,False,0
M4|C00007,mCherry-low,M4,M4_C00007,3,351,3.0,False,False,0
M4|C00007,mCherry-low,M4,M4_C00007,3,351,3.0,False,False,0
M4|C00007,mCherry-low,M4,M4_C00007,6,351,6.0,False,False,0
M4|C00007,mCherry-low,M4,M4_C00007,1,351,3.0,True,False,2
M4|C00007,mCherry-high,M4,M4_C00007,6,351,6.0,False,False,0
M4|C00007,mCherry-high,M4,M4_C00007,5,351,5.0,False,False,0
M4|C00007,mCherry-high,M4,M4_C00007,5,351,5.0,False,False,0
M4|C00007,mCherry-high,M4,M4_C00007,5,351,5.0,False,False,0
M4|C00007,mCherry-low,M4,M4_C00007,3,351,5.0,False,False,0
M4|C00007,mCherry-low,M4,M4_C00007,4,351,6.0,False,False,0
M4|C00008,mCherry-low,M4,M4_C00008,0,339,0.0,False,True,51
M4|C00008,mCherry-high,M4,M4_C00008,0,339,0.0,False,True,51
M4|C00008,mCherry-high,M4,M4_C00008,0,339,0.0,False,True,51
M4|C00008,mCherry-high,M4,M4_C00008,0,339,0.0,False,True,51
M4|C00008,mCherry-low,M4,M4_C00008,0,339,0.0,False,True,51
M4|C00008,mCherry-high,M4,M4_C00008,0,339,0.0,False,True,51
M4|C00008,mCherry-high,M4,M4_C00008,3,339,3.0,False,False,0
M4|C00008,mCherry-low,M4,M4_C00008,2,339,2.0,False,False,0
M4|C00008,mCherry-high,M4,M4_C00008,2,339,2.0,False,False,0
M4|C00008,mCherry-low,M4,M4_C00008,1,339,1.0,False,False,0
M4|C00008,mCherry-low,M4,M4_C00008,2,339,2.0,False,False,0
M4|C00008,mCherry-low,M4,M4_C00008,2,339,2.0,False,False,0
M4|C00008,mCherry-low,M4,M4_C00008,1,339,1.0,False,False,0
M4|C00008,mCherry-low,M4,M4_C00008,1,339,1.0,False,False,0
M4|C00008,mCherry-low,M4,M4_C00008,1,339,1.0,False,False,0
M4|C00008,mCherry-high,M4,M4_C00008,2,339,2.0,False,False,0
M4|C00008,mCherry-high,M4,M4_C00008,3,339,3.0,False,False,0
M4|C00008,mCherry-low,M4,M4_C00008,1,339,1.0,False,False,0
M4|C00008,mCherry-high,M4,M4_C00008,2,339,2.0,False,False,0
M4|C00008,mCherry-low,M4,M4_C00008,3,339,3.0,False,False,0
M4|C00008,mCherry-low,M4,M4_C00008,2,339,2.0,False,False,0
M4|C00008,mCherry-high,M4,M4_C00008,1,339,1.0,True,False,1
M4|C00008,mCherry-low,M4,M4_C00008,1,339,1.0,True,False,2
M4|C00008,mCherry-high,M4,M4_C00008,1,339,1.0,True,False,2
M4|C00008,mCherry-high,M4,M4_C00008,1,339,1.0,True,False,2
M4|C00008,mCherry-low,M4,M4_C00008,1,339,1.0,True,False,7
M4|C00008,mCherry-low,M4,M4_C00008,1,339,1.0,True,False,7
M4|C00008,mCherry-low,M4,M4_C00008,3,339,3.0,False,False,0
M4|C00008,mCherry-low,M4,M4_C00008,5,339,5.0,False,False,0
M4|C00008,mCherry-low,M4,M4_C00008,3,339,3.0,False,False,0
M4|C00008,mCherry-low,M4,M4_C00008,3,339,3.0,False,False,0
M4|C00008,mCherry-high,M4,M4_C00008,4,339,4.0,False,False,0
M4|C00008,mCherry-low,M4,M4_C00008,2,339,2.0,False,False,0
M4|C00008,mCherry-low,M4,M4_C00008,43,339,43.0,False,False,0
M4|C00008,mCherry-high,M4,M4_C00008,5,339,5.0,False,False,0
M4|C00008,mCherry-low,M4,M4_C00008,2,339,2.0,False,False,0
M4|C00008,mCherry-high,M4,M4_C00008,3,339,3.0,False,False,0
M4|C00008,mCherry-high,M4,M4_C00008,4,339,4.0,False,False,0
M4|C00008,mCherry-high,M4,M4_C00008,5,339,5.0,False,False,0
M4|C00008,mCherry-low,M4,M4_C00008,2,339,2.0,False,False,0
M4|C00008,mCherry-low,M4,M4_C00008,2,339,2.0,False,False,0
M4|C00008,mCherry-high,M4,M4_C00008,2,339,2.0,False,False,0
M4|C00008,mCherry-high,M4,M4_C00008,2,339,2.0,False,False,0
M4|C00008,mCherry-low,M4,M4_C00008,2,339,2.0,False,False,0
M4|C00008,mCherry-low,M4,M4_C00008,2,339,2.0,True,False,1
M4|C00008,mCherry-high,M4,M4_C00008,5,339,6.0,False,False,0
M4|C00008,mCherry-high,M4,M4_C00008,6,339,6.0,False,False,0
M4|C00008,mCherry-high,M4,M4_C00008,5,339,5.0,False,False,0
M4|C00008,mCherry-low,M4,M4_C00008,4,339,4.0,False,False,0
M4|C00008,mCherry-low,M4,M4_C00008,7,339,7.0,False,False,0
M4|C00008,mCherry-low,M4,M4_C00008,4,339,4.0,False,False,0
M4|C00008,mCherry-low,M4,M4_C00008,3,339,3.0,False,False,0
M4|C00008,mCherry-low,M4,M4_C00008,4,339,4.0,False,False,0
M4|C00009,mCherry-low,M4,M4_C00009,0,333,0.0,False,True,37
M4|C00009,mCherry-low,M4,M4_C00009,0,333,0.0,False,True,37
M4|C00009,mCherry-low,M4,M4_C00009,0,333,0.0,False,True,37
M4|C00009,mCherry-high,M4,M4_C00009,5,333,5.0,False,False,0
M4|C00009,mCherry-high,M4,M4_C00009,1,333,1.0,False,False,0
M4|C00009,mCherry-low,M4,M4_C00009,3,333,3.0,False,False,0
M4|C00009,mCherry-low,M4,M4_C00009,3,333,3.0,False,False,0
M4|C00009,mCherry-low,M4,M4_C00009,2,333,2.0,False,False,0
M4|C00009,mCherry-low,M4,M4_C00009,1,333,1.0,False,False,0
M4|C00009,mCherry-high,M4,M4_C00009,1,333,1.0,False,False,0
M4|C00009,mCherry-low,M4,M4_C00009,1,333,1.0,False,False,0
M4|C00009,mCherry-high,M4,M4_C00009,3,333,3.0,False,False,0
M4|C00009,mCherry-low,M4,M4_C00009,2,333,2.0,False,False,0
M4|C00009,mCherry-low,M4,M4_C00009,2,333,2.0,False,False,0
M4|C00009,mCherry-high,M4,M4_C00009,2,333,2.0,True,False,1
M4|C00009,mCherry-low,M4,M4_C00009,1,333,1.0,True,False,1
M4|C00009,mCherry-low,M4,M4_C00009,1,333,1.0,True,False,1
M4|C00009,mCherry-low,M4,M4_C00009,1,333,1.0,False,False,0
M4|C00009,mCherry-low,M4,M4_C00009,1,333,1.0,False,False,0
M4|C00009,mCherry-low,M4,M4_C00009,1,333,1.0,True,False,1
M4|C00009,mCherry-high,M4,M4_C00009,1,333,1.0,True,False,2
M4|C00009,mCherry-low,M4,M4_C00009,1,333,1.0,True,False,3
M4|C00009,mCherry-low,M4,M4_C00009,49,333,49.0,False,False,0
M4|C00009,mCherry-high,M4,M4_C00009,3,333,3.0,False,False,0
M4|C00009,mCherry-high,M4,M4_C00009,3,333,3.0,False,False,0
M4|C00009,mCherry-low,M4,M4_C00009,4,333,4.0,False,False,0
M4|C00009,mCherry-low,M4,M4_C00009,5,333,5.0,False,False,0
M4|C00009,mCherry-low,M4,M4_C00009,2,333,2.0,False,False,0
M4|C00009,mCherry-low,M4,M4_C00009,3,333,3.0,False,False,0
M4|C00009,mCherry-low,M4,M4_C00009,4,333,4.0,False,False,0
M4|C00009,mCherry-low,M4,M4_C00009,3,333,3.0,False,False,0
M4|C00009,mCherry-low,M4,M4_C00009,5,333,5.0,False,False,0
M4|C00009,mCherry-low,M4,M4_C00009,5,333,5.0,False,False,0
M4|C00009,mCherry-high,M4,M4_C00009,5,333,5.0,False,False,0
M4|C00009,mCherry-low,M4,M4_C00009,9,333,9.0,False,False,0
M4|C00009,mCherry-low,M4,M4_C00009,4,333,4.0,False,False,0
M4|C00009,mCherry-high,M4,M4_C00009,4,333,4.0,False,False,0
M4|C00009,mCherry-low,M4,M4_C00009,3,333,3.0,False,False,0
M4|C00010,mCherry-low,M4,M4_C00010,1,350,1.0,True,False,26
M4|C00010,mCherry-low,M4,M4_C00010,1,350,1.0,True,False,26
M4|C00010,mCherry-high,M4,M4_C00010,1,350,1.0,True,False,26
M4|C00010,mCherry-low,M4,M4_C00010,1,350,1.0,True,False,26
M4|C00010,mCherry-high,M4,M4_C00010,1,350,1.0,True,False,26
M4|C00010,mCherry-high,M4,M4_C00010,1,350,1.0,True,False,26
M4|C00010,mCherry-high,M4,M4_C00010,1,350,1.0,True,False,26
M4|C00010,mCherry-low,M4,M4_C00010,7,350,7.0,False,False,0
M4|C00010,mCherry-high,M4,M4_C00010,2,350,2.0,False,False,0
M4|C00010,mCherry-high,M4,M4_C00010,3,350,3.0,False,False,0
M4|C00010,mCherry-low,M4,M4_C00010,4,350,4.0,False,False,0
M4|C00010,mCherry-high,M4,M4_C00010,2,350,2.0,False,False,0
M4|C00010,mCherry-low,M4,M4_C00010,2,350,2.0,False,False,0
M4|C00010,mCherry-low,M4,M4_C00010,2,350,2.0,False,False,0
M4|C00010,mCherry-high,M4,M4_C00010,2,350,2.0,True,False,1
M4|C00010,mCherry-low,M4,M4_C00010,3,350,3.0,True,False,1
M4|C00010,mCherry-low,M4,M4_C00010,3,350,3.0,True,False,1
M4|C00010,mCherry-low,M4,M4_C00010,5,350,5.0,True,False,1
M4|C00010,mCherry-high,M4,M4_C00010,2,350,2.0,True,False,4
M4|C00010,mCherry-low,M4,M4_C00010,5,350,5.0,False,False,0
M4|C00010,mCherry-low,M4,M4_C00010,5,350,5.0,False,False,0
M4|C00010,mCherry-low,M4,M4_C00010,6,350,6.0,False,False,0
M4|C00010,mCherry-low,M4,M4_C00010,7,350,7.0,False,False,0
M4|C00010,mCherry-low,M4,M4_C00010,4,350,4.0,False,False,0
M4|C00010,mCherry-low,M4,M4_C00010,5,350,5.0,False,False,0
M4|C00010,mCherry-low,M4,M4_C00010,5,350,5.0,False,False,0
M4|C00010,mCherry-low,M4,M4_C00010,4,350,4.0,False,False,0
M4|C00010,mCherry-low,M4,M4_C00010,4,350,4.0,False,False,0
M4|C00010,mCherry-high,M4,M4_C00010,8,350,8.0,False,False,0
M4|C00010,mCherry-high,M4,M4_C00010,8,350,8.0,False,False,0
M4|C00010,mCherry-high,M4,M4_C00010,3,350,3.0,False,False,0
M4|C00010,mCherry-low,M4,M4_C00010,6,350,6.0,True,False,2
M4|C00010,mCherry-low,M4,M4_C00010,7,350,7.0,True,False,1
M4|C00010,mCherry-low,M4,M4_C00010,9,350,9.0,False,False,0
M4|C00011,mCherry-high,M4,M4_C00011,2,351,2.0,True,False,20
M4|C00011,mCherry-low,M4,M4_C00011,2,351,2.0,True,False,20
M4|C00011,mCherry-low,M4,M4_C00011,2,351,2.0,True,False,20
M4|C00011,mCherry-low,M4,M4_C00011,2,351,2.0,True,False,20
M4|C00011,mCherry-high,M4,M4_C00011,2,351,2.0,True,False,20
M4|C00011,mCherry-high,M4,M4_C00011,2,351,2.0,True,False,20
M4|C00011,mCherry-high,M4,M4_C00011,2,351,2.0,True,False,20
M4|C00011,mCherry-high,M4,M4_C00011,2,351,2.0,True,False,20
M4|C00011,mCherry-low,M4,M4_C00011,4,351,4.0,False,False,0
M4|C00011,mCherry-high,M4,M4_C00011,6,351,6.0,False,False,0
M4|C00011,mCherry-low,M4,M4_C00011,4,351,4.0,False,False,0
M4|C00011,mCherry-low,M4,M4_C00011,3,351,3.0,False,False,0
M4|C00011,mCherry-high,M4,M4_C00011,3,351,3.0,False,False,0
M4|C00011,mCherry-high,M4,M4_C00011,4,351,4.0,False,False,0
M4|C00011,mCherry-high,M4,M4_C00011,4,351,4.0,False,False,0
M4|C00011,mCherry-low,M4,M4_C00011,4,351,4.0,False,False,0
M4|C00011,mCherry-low,M4,M4_C00011,3,351,3.0,False,False,0
M4|C00011,mCherry-high,M4,M4_C00011,4,351,4.0,False,False,0
M4|C00011,mCherry-low,M4,M4_C00011,4,351,4.0,False,False,0
M4|C00011,mCherry-low,M4,M4_C00011,4,351,4.0,False,False,0
M4|C00011,mCherry-low,M4,M4_C00011,3,351,3.0,False,False,0
M4|C00011,mCherry-low,M4,M4_C00011,3,351,3.0,False,False,0
M4|C00011,mCherry-low,M4,M4_C00011,6,351,6.0,True,False,1
M4|C00011,mCherry-high,M4,M4_C00011,3,351,3.0,True,False,2
M4|C00011,mCherry-low,M4,M4_C00011,9,351,9.0,False,False,0
M4|C00011,mCherry-low,M4,M4_C00011,6,351,6.0,False,False,0
M4|C00011,mCherry-high,M4,M4_C00011,6,351,6.0,False,False,0
M4|C00011,mCherry-low,M4,M4_C00011,5,351,5.0,False,False,0
M4|C00011,mCherry-high,M4,M4_C00011,6,351,6.0,False,False,0
M4|C00012,mCherry-low,M4,M4_C00012,2,357,2.0,True,False,9
M4|C00012,mCherry-low,M4,M4_C00012,2,357,2.0,True,False,9
M4|C00012,mCherry-low,M4,M4_C00012,2,357,2.0,True,False,9
M4|C00012,mCherry-low,M4,M4_C00012,2,357,2.0,True,False,9
M4|C00012,mCherry-low,M4,M4_C00012,2,357,2.0,True,False,9
M4|C00012,mCherry-low,M4,M4_C00012,2,357,2.0,True,False,9
M4|C00012,mCherry-low,M4,M4_C00012,2,357,2.0,True,False,9
M4|C00012,mCherry-low,M4,M4_C00012,2,357,2.0,True,False,9
M4|C00012,mCherry-low,M4,M4_C00012,2,357,2.0,True,False,9
M4|C00012,mCherry-low,M4,M4_C00012,2,357,2.0,True,False,9
M4|C00012,mCherry-low,M4,M4_C00012,2,357,2.0,True,False,9
M4|C00012,mCherry-low,M4,M4_C00012,2,357,2.0,True,False,9
M4|C00012,mCherry-low,M4,M4_C00012,2,357,2.0,True,False,9
M4|C00012,mCherry-high,M4,M4_C00012,2,357,2.0,True,False,9
M4|C00012,mCherry-high,M4,M4_C00012,2,357,2.0,True,False,9
M4|C00012,mCherry-high,M4,M4_C00012,2,357,2.0,True,False,9
M4|C00012,mCherry-high,M4,M4_C00012,2,357,2.0,True,False,9
M4|C00012,mCherry-low,M4,M4_C00012,4,357,4.0,False,False,0
M4|C00012,mCherry-low,M4,M4_C00012,5,357,5.0,False,False,0
M4|C00012,mCherry-low,M4,M4_C00012,5,357,5.0,False,False,0
M4|C00012,mCherry-high,M4,M4_C00012,4,357,4.0,False,False,0
M4|C00012,mCherry-low,M4,M4_C00012,3,357,3.0,False,False,0
M4|C00012,mCherry-low,M4,M4_C00012,5,357,5.0,False,False,0
M4|C00012,mCherry-low,M4,M4_C00012,3,357,3.0,False,False,0
M4|C00012,mCherry-low,M4,M4_C00012,5,357,5.0,False,False,0
M4|C00012,mCherry-high,M4,M4_C00012,4,357,4.0,False,False,0
M4|C00013,mCherry-high,M4,M4_C00013,0,350,0.0,False,True,21
M4|C00013,mCherry-high,M4,M4_C00013,3,350,3.0,False,False,0
M4|C00013,mCherry-high,M4,M4_C00013,3,350,3.0,False,False,0
M4|C00013,mCherry-high,M4,M4_C00013,1,350,1.0,False,False,0
M4|C00013,mCherry-high,M4,M4_C00013,2,350,2.0,False,False,0
M4|C00013,mCherry-high,M4,M4_C00013,1,350,1.0,False,False,0
M4|C00013,mCherry-low,M4,M4_C00013,2,350,2.0,False,False,0
M4|C00013,mCherry-high,M4,M4_C00013,4,350,4.0,False,False,0
M4|C00013,mCherry-high,M4,M4_C00013,4,350,4.0,False,False,0
M4|C00013,mCherry-high,M4,M4_C00013,2,350,2.0,True,False,9
M4|C00013,mCherry-high,M4,M4_C00013,2,350,2.0,True,False,9
M4|C00013,mCherry-high,M4,M4_C00013,2,350,2.0,True,False,9
M4|C00013,mCherry-high,M4,M4_C00013,2,350,2.0,True,False,9
M4|C00013,mCherry-high,M4,M4_C00013,5,350,5.0,False,False,0
M4|C00013,mCherry-high,M4,M4_C00013,4,350,4.0,False,False,0
M4|C00013,mCherry-high,M4,M4_C00013,3,350,3.0,False,False,0
M4|C00013,mCherry-high,M4,M4_C00013,4,350,4.0,False,False,0
M4|C00013,mCherry-low,M4,M4_C00013,6,350,6.0,False,False,0
M4|C00013,mCherry-high,M4,M4_C00013,3,350,3.0,True,False,2
M4|C00013,mCherry-low,M4,M4_C00013,3,350,3.0,True,False,2
M4|C00013,mCherry-low,M4,M4_C00013,3,350,3.0,True,False,2
M4|C00013,mCherry-low,M4,M4_C00013,8,350,8.0,False,False,0
M4|C00013,mCherry-low,M4,M4_C00013,6,350,6.0,False,False,0
M4|C00013,mCherry-low,M4,M4_C00013,7,350,7.0,False,False,0
M4|C00013,mCherry-high,M4,M4_C00013,5,350,5.0,False,False,0
M4|C00014,mCherry-low,M4,M4_C00014,0,351,0.0,False,True,18
M4|C00014,mCherry-low,M4,M4_C00014,0,351,0.0,False,True,18
M4|C00014,mCherry-low,M4,M4_C00014,0,351,0.0,False,True,18
M4|C00014,mCherry-low,M4,M4_C00014,0,351,0.0,False,True,18
M4|C00014,mCherry-low,M4,M4_C00014,1,351,1.0,False,False,0
M4|C00014,mCherry-low,M4,M4_C00014,1,351,1.0,False,False,0
M4|C00014,mCherry-high,M4,M4_C00014,2,351,2.0,False,False,0
M4|C00014,mCherry-high,M4,M4_C00014,1,351,1.0,False,False,0
M4|C00014,mCherry-low,M4,M4_C00014,2,351,2.0,False,False,0
M4|C00014,mCherry-low,M4,M4_C00014,1,351,1.0,False,False,0
M4|C00014,mCherry-low,M4,M4_C00014,2,351,2.0,False,False,0
M4|C00014,mCherry-low,M4,M4_C00014,3,351,3.0,False,False,0
M4|C00014,mCherry-low,M4,M4_C00014,2,351,2.0,False,False,0
M4|C00014,mCherry-low,M4,M4_C00014,2,351,2.0,False,False,0
M4|C00014,mCherry-low,M4,M4_C00014,2,351,2.0,False,False,0
M4|C00014,mCherry-low,M4,M4_C00014,2,351,2.0,False,False,0
M4|C00014,mCherry-low,M4,M4_C00014,3,351,3.0,False,False,0
M4|C00014,mCherry-low,M4,M4_C00014,3,351,3.0,False,False,0
M4|C00014,mCherry-high,M4,M4_C00014,1,351,1.0,True,False,3
M4|C00014,mCherry-high,M4,M4_C00014,1,351,1.0,True,False,3
M4|C00014,mCherry-high,M4,M4_C00014,2,351,2.0,False,False,0
M4|C00014,mCherry-low,M4,M4_C00014,6,351,6.0,False,False,0
M4|C00014,mCherry-high,M4,M4_C00014,4,351,4.0,False,False,0
M4|C00014,mCherry-low,M4,M4_C00014,3,351,3.0,False,False,0
M4|C00014,mCherry-low,M4,M4_C00014,5,351,5.0,False,False,0
M4|C00015,mCherry-high,M4,M4_C00015,0,351,0.0,False,True,25
M4|C00015,mCherry-high,M4,M4_C00015,0,351,0.0,False,True,25
M4|C00015,mCherry-low,M4,M4_C00015,5,351,5.0,False,False,0
M4|C00015,mCherry-high,M4,M4_C00015,4,351,4.0,False,False,0
M4|C00015,mCherry-high,M4,M4_C00015,2,351,2.0,False,False,0
M4|C00015,mCherry-low,M4,M4_C00015,2,351,2.0,False,False,0
M4|C00015,mCherry-low,M4,M4_C00015,2,351,2.0,False,False,0
M4|C00015,mCherry-high,M4,M4_C00015,1,351,1.0,True,False,1
M4|C00015,mCherry-high,M4,M4_C00015,1,351,1.0,True,False,1
M4|C00015,mCherry-high,M4,M4_C00015,1,351,1.0,True,False,1
M4|C00015,mCherry-high,M4,M4_C00015,4,351,4.0,False,False,0
M4|C00015,mCherry-high,M4,M4_C00015,2,351,2.0,False,False,0
M4|C00015,mCherry-low,M4,M4_C00015,5,351,5.0,False,False,0
M4|C00015,mCherry-low,M4,M4_C00015,5,351,5.0,False,False,0
M4|C00015,mCherry-low,M4,M4_C00015,3,351,3.0,False,False,0
M4|C00015,mCherry-low,M4,M4_C00015,2,351,2.0,False,False,0
M4|C00015,mCherry-low,M4,M4_C00015,3,351,3.0,False,False,0
M4|C00015,mCherry-high,M4,M4_C00015,2,351,2.0,False,False,0
M4|C00015,mCherry-high,M4,M4_C00015,4,351,4.0,False,False,0
M4|C00015,mCherry-high,M4,M4_C00015,3,351,3.0,False,False,0
M4|C00015,mCherry-low,M4,M4_C00015,3,351,3.0,True,False,2
M4|C00015,mCherry-low,M4,M4_C00015,3,351,3.0,True,False,2
M4|C00015,mCherry-low,M4,M4_C00015,5,351,5.0,False,False,0
M4|C00015,mCherry-high,M4,M4_C00015,6,351,6.0,False,False,0
M4|C00016,mCherry-low,M4,M4_C00016,4,350,4.0,False,False,0
M4|C00016,mCherry-high,M4,M4_C00016,4,350,4.0,False,False,0
M4|C00016,mCherry-low,M4,M4_C00016,4,350,4.0,False,False,0
M4|C00016,mCherry-low,M4,M4_C00016,5,350,5.0,False,False,0
M4|C00016,mCherry-low,M4,M4_C00016,5,350,5.0,True,False,1
M4|C00016,mCherry-low,M4,M4_C00016,5,350,5.0,True,False,1
M4|C00016,mCherry-low,M4,M4_C00016,3,350,3.0,True,False,13
M4|C00016,mCherry-low,M4,M4_C00016,3,350,3.0,True,False,13
M4|C00016,mCherry-low,M4,M4_C00016,3,350,3.0,True,False,13
M4|C00016,mCherry-low,M4,M4_C00016,8,350,8.0,False,False,0
M4|C00016,mCherry-high,M4,M4_C00016,4,350,4.0,False,False,0
M4|C00016,mCherry-low,M4,M4_C00016,5,350,5.0,False,False,0
M4|C00016,mCherry-high,M4,M4_C00016,5,350,5.0,False,False,0
M4|C00016,mCherry-high,M4,M4_C00016,4,350,4.0,False,False,0
M4|C00016,mCherry-low,M4,M4_C00016,4,350,4.0,False,False,0
M4|C00016,mCherry-low,M4,M4_C00016,4,350,4.0,False,False,0
M4|C00016,mCherry-low,M4,M4_C00016,5,350,5.0,False,False,0
M4|C00016,mCherry-low,M4,M4_C00016,7,350,7.0,False,False,0
M4|C00016,mCherry-low,M4,M4_C00016,7,350,8.0,False,False,0
M4|C00016,mCherry-low,M4,M4_C00016,7,350,8.0,False,False,0
M4|C00016,mCherry-low,M4,M4_C00016,7,350,8.0,False,False,0
M4|C00017,mCherry-high,M4,M4_C00017,2,351,2.0,True,False,6
M4|C00017,mCherry-high,M4,M4_C00017,3,351,3.0,False,False,0
M4|C00017,mCherry-high,M4,M4_C00017,7,351,7.0,False,False,0
M4|C00017,mCherry-low,M4,M4_C00017,3,351,3.0,False,False,0
M4|C00017,mCherry-high,M4,M4_C00017,5,351,5.0,False,False,0
M4|C00017,mCherry-high,M4,M4_C00017,4,351,4.0,False,False,0
M4|C00017,mCherry-low,M4,M4_C00017,6,351,6.0,False,False,0
M4|C00018,mCherry-low,M4,M4_C00018,0,351,0.0,False,True,9
M4|C00018,mCherry-low,M4,M4_C00018,0,351,0.0,False,True,9
M4|C00018,mCherry-low,M4,M4_C00018,0,351,0.0,False,True,9
M4|C00018,mCherry-low,M4,M4_C00018,0,351,0.0,False,True,9
M4|C00018,mCherry-low,M4,M4_C00018,0,351,0.0,False,True,9
M4|C00018,mCherry-low,M4,M4_C00018,0,351,0.0,False,True,9
M4|C00018,mCherry-low,M4,M4_C00018,0,351,0.0,False,True,9
M4|C00018,mCherry-low,M4,M4_C00018,0,351,0.0,False,True,9
M4|C00018,mCherry-low,M4,M4_C00018,0,351,0.0,False,True,9
M4|C00018,mCherry-low,M4,M4_C00018,0,351,0.0,False,True,9
M4|C00018,mCherry-low,M4,M4_C00018,1,351,1.0,False,False,0
M4|C00018,mCherry-low,M4,M4_C00018,2,351,2.0,False,False,0
M4|C00018,mCherry-low,M4,M4_C00018,2,351,2.0,False,False,0
M4|C00018,mCherry-low,M4,M4_C00018,1,351,1.0,False,False,0
M4|C00018,mCherry-low,M4,M4_C00018,1,351,1.0,False,False,0
M4|C00018,mCherry-low,M4,M4_C00018,1,351,1.0,False,False,0
M4|C00018,mCherry-high,M4,M4_C00018,2,351,2.0,False,False,0
M4|C00018,mCherry-low,M4,M4_C00018,2,351,2.0,False,False,0
M4|C00018,mCherry-low,M4,M4_C00018,1,351,1.0,False,False,0
M4|C00019,mCherry-high,M4,M4_C00019,0,351,0.0,False,True,19
M4|C00019,mCherry-high,M4,M4_C00019,2,351,2.0,False,False,0
M4|C00019,mCherry-low,M4,M4_C00019,5,351,5.0,False,False,0
M4|C00019,mCherry-high,M4,M4_C00019,1,351,1.0,False,False,0
M4|C00019,mCherry-high,M4,M4_C00019,1,351,1.0,False,False,0
M4|C00019,mCherry-high,M4,M4_C00019,3,351,3.0,False,False,0
M4|C00019,mCherry-high,M4,M4_C00019,4,351,4.0,False,False,0
M4|C00019,mCherry-high,M4,M4_C00019,2,351,2.0,False,False,0
M4|C00019,mCherry-high,M4,M4_C00019,3,351,3.0,False,False,0
M4|C00019,mCherry-high,M4,M4_C00019,1,351,1.0,False,False,0
M4|C00019,mCherry-high,M4,M4_C00019,3,351,3.0,False,False,0
M4|C00019,mCherry-high,M4,M4_C00019,1,351,1.0,True,False,1
M4|C00019,mCherry-high,M4,M4_C00019,3,351,3.0,False,False,0
M4|C00019,mCherry-high,M4,M4_C00019,2,351,2.0,False,False,0
M4|C00019,mCherry-high,M4,M4_C00019,7,351,7.0,False,False,0
M4|C00019,mCherry-high,M4,M4_C00019,3,351,3.0,False,False,0
M4|C00019,mCherry-high,M4,M4_C00019,3,351,3.0,False,False,0
M4|C00019,mCherry-high,M4,M4_C00019,3,351,3.0,False,False,0
M4|C00020,mCherry-low,M4,M4_C00020,5,350,5.0,False,False,0
M4|C00020,mCherry-high,M4,M4_C00020,3,350,3.0,False,False,0
M4|C00020,mCherry-low,M4,M4_C00020,5,350,5.0,False,False,0
M4|C00020,mCherry-low,M4,M4_C00020,3,350,3.0,False,False,0
M4|C00020,mCherry-high,M4,M4_C00020,3,350,3.0,False,False,0
M4|C00020,mCherry-high,M4,M4_C00020,3,350,3.0,False,False,0
M4|C00020,mCherry-low,M4,M4_C00020,7,350,7.0,False,False,0
M4|C00020,mCherry-low,M4,M4_C00020,5,350,5.0,False,False,0
M4|C00020,mCherry-high,M4,M4_C00020,4,350,4.0,False,False,0
M4|C00020,mCherry-high,M4,M4_C00020,6,350,6.0,False,False,0
M4|C00020,mCherry-low,M4,M4_C00020,6,350,6.0,False,False,0
M4|C00020,mCherry-low,M4,M4_C00020,5,350,5.0,True,False,3
M4|C00020,mCherry-low,M4,M4_C00020,5,350,5.0,False,False,0
M4|C00020,mCherry-high,M4,M4_C00020,5,350,5.0,False,False,0
M4|C00020,mCherry-high,M4,M4_C00020,6,350,6.0,False,False,0
M4|C00020,mCherry-low,M4,M4_C00020,6,350,6.0,False,False,0
M4|C00020,mCherry-low,M4,M4_C00020,7,350,7.0,False,False,0
M4|C00021,mCherry-high,M4,M4_C00021,7,356,7.0,False,False,0
M4|C00021,mCherry-high,M4,M4_C00021,4,356,4.0,False,False,0
M4|C00021,mCherry-high,M4,M4_C00021,1,356,1.0,False,False,0
M4|C00021,mCherry-high,M4,M4_C00021,2,356,2.0,False,False,0
M4|C00021,mCherry-high,M4,M4_C00021,2,356,2.0,False,False,0
M4|C00021,mCherry-high,M4,M4_C00021,2,356,2.0,False,False,0
M4|C00021,mCherry-high,M4,M4_C00021,2,356,2.0,False,False,0
M4|C00021,mCherry-high,M4,M4_C00021,7,356,7.0,False,False,0
M4|C00021,mCherry-high,M4,M4_C00021,2,356,2.0,False,False,0
M4|C00021,mCherry-high,M4,M4_C00021,1,356,1.0,True,False,2
M4|C00021,mCherry-low,M4,M4_C00021,6,356,6.0,False,False,0
M4|C00021,mCherry-high,M4,M4_C00021,6,356,6.0,False,False,0
M4|C00021,mCherry-high,M4,M4_C00021,3,356,3.0,False,False,0
M4|C00021,mCherry-low,M4,M4_C00021,4,356,4.0,False,False,0
M4|C00021,mCherry-high,M4,M4_C00021,5,356,5.0,False,False,0
M4|C00021,mCherry-high,M4,M4_C00021,2,356,2.0,False,False,0
M4|C00021,mCherry-high,M4,M4_C00021,3,356,3.0,False,False,0
M4|C00022,mCherry-low,M4,M4_C00022,6,351,6.0,False,False,0
M4|C00022,mCherry-low,M4,M4_C00022,2,351,2.0,False,False,0
M4|C00022,mCherry-low,M4,M4_C00022,2,351,2.0,False,False,0
M4|C00023,mCherry-low,M4,M4_C00023,3,351,3.0,True,False,14
M4|C00023,mCherry-low,M4,M4_C00023,3,351,3.0,True,False,14
M4|C00023,mCherry-low,M4,M4_C00023,3,351,3.0,True,False,14
M4|C00023,mCherry-low,M4,M4_C00023,3,351,3.0,True,False,14
M4|C00023,mCherry-low,M4,M4_C00023,7,351,7.0,False,False,0
M4|C00023,mCherry-low,M4,M4_C00023,4,351,4.0,False,False,0
M4|C00023,mCherry-low,M4,M4_C00023,5,351,5.0,False,False,0
M4|C00023,mCherry-low,M4,M4_C00023,4,351,4.0,False,False,0
M4|C00023,mCherry-high,M4,M4_C00023,4,351,4.0,False,False,0
M4|C00023,mCherry-low,M4,M4_C00023,4,351,4.0,False,False,0
M4|C00023,mCherry-low,M4,M4_C00023,9,351,9.0,False,False,0
M4|C00023,mCherry-low,M4,M4_C00023,5,351,5.0,False,False,0
M4|C00023,mCherry-low,M4,M4_C00023,5,351,5.0,False,False,0
M4|C00023,mCherry-low,M4,M4_C00023,4,351,4.0,True,False,1
M4|C00023,mCherry-low,M4,M4_C00023,5,351,5.0,False,False,0
M4|C00023,mCherry-low,M4,M4_C00023,5,351,5.0,False,False,0
M4|C00023,mCherry-low,M4,M4_C00023,5,351,5.0,False,False,0
M4|C00024,mCherry-high,M4,M4_C00024,2,350,2.0,True,False,16
M4|C00024,mCherry-high,M4,M4_C00024,2,350,2.0,True,False,16
M4|C00024,mCherry-high,M4,M4_C00024,7,350,7.0,False,False,0
M4|C00024,mCherry-high,M4,M4_C00024,4,350,4.0,False,False,0
M4|C00024,mCherry-high,M4,M4_C00024,3,350,3.0,True,False,13
M4|C00024,mCherry-high,M4,M4_C00024,3,350,3.0,True,False,13
M4|C00024,mCherry-high,M4,M4_C00024,4,350,4.0,False,False,0
M4|C00024,mCherry-low,M4,M4_C00024,5,350,5.0,False,False,0
M4|C00024,mCherry-low,M4,M4_C00024,6,350,6.0,False,False,0
M4|C00024,mCherry-high,M4,M4_C00024,6,350,6.0,False,False,0
M4|C00024,mCherry-high,M4,M4_C00024,5,350,5.0,False,False,0
M4|C00024,mCherry-low,M4,M4_C00024,7,350,7.0,False,False,0
M4|C00024,mCherry-low,M4,M4_C00024,5,350,5.0,False,False,0
M4|C00024,mCherry-high,M4,M4_C00024,5,350,5.0,False,False,0
M4|C00024,mCherry-high,M4,M4_C00024,7,350,7.0,False,False,0
M4|C00024,mCherry-high,M4,M4_C00024,11,350,11.0,False,False,0
M4|C00025,mCherry-low,M4,M4_C00025,0,351,0.0,False,True,9
M4|C00025,mCherry-high,M4,M4_C00025,0,351,0.0,False,True,9
M4|C00025,mCherry-high,M4,M4_C00025,0,351,0.0,False,True,9
M4|C00025,mCherry-high,M4,M4_C00025,0,351,0.0,False,True,9
M4|C00025,mCherry-high,M4,M4_C00025,0,351,0.0,False,True,9
M4|C00025,mCherry-high,M4,M4_C00025,0,351,0.0,False,True,9
M4|C00025,mCherry-high,M4,M4_C00025,4,351,4.0,False,False,0
M4|C00025,mCherry-low,M4,M4_C00025,3,351,3.0,False,False,0
M4|C00025,mCherry-high,M4,M4_C00025,1,351,1.0,False,False,0
M4|C00025,mCherry-high,M4,M4_C00025,1,351,1.0,False,False,0
M4|C00025,mCherry-high,M4,M4_C00025,2,351,2.0,False,False,0
M4|C00025,mCherry-low,M4,M4_C00025,2,351,2.0,False,False,0
M4|C00025,mCherry-high,M4,M4_C00025,1,351,1.0,False,False,0
M4|C00025,mCherry-high,M4,M4_C00025,1,351,1.0,False,False,0
M4|C00025,mCherry-high,M4,M4_C00025,2,351,2.0,False,False,0
M4|C00025,mCherry-high,M4,M4_C00025,2,351,2.0,False,False,0
M4|C00026,mCherry-low,M4,M4_C00026,0,353,0.0,False,True,17
M4|C00026,mCherry-high,M4,M4_C00026,3,353,3.0,False,False,0
M4|C00026,mCherry-high,M4,M4_C00026,5,353,5.0,False,False,0
M4|C00026,mCherry-low,M4,M4_C00026,3,353,3.0,False,False,0
M4|C00026,mCherry-high,M4,M4_C00026,5,353,5.0,False,False,0
M4|C00026,mCherry-low,M4,M4_C00026,3,353,3.0,False,False,0
M4|C00026,mCherry-low,M4,M4_C00026,3,353,3.0,False,False,0
M4|C00026,mCherry-high,M4,M4_C00026,4,353,4.0,False,False,0
M4|C00026,mCherry-low,M4,M4_C00026,3,353,3.0,False,False,0
M4|C00026,mCherry-low,M4,M4_C00026,3,353,3.0,False,False,0
M4|C00026,mCherry-low,M4,M4_C00026,2,353,2.0,False,False,0
M4|C00026,mCherry-low,M4,M4_C00026,4,353,4.0,False,False,0
M4|C00026,mCherry-low,M4,M4_C00026,4,353,4.0,False,False,0
M4|C00026,mCherry-high,M4,M4_C00026,3,353,3.0,False,False,0
M4|C00026,mCherry-high,M4,M4_C00026,3,353,3.0,False,False,0
M4|C00027,mCherry-low,M4,M4_C00027,0,347,0.0,False,True,13
M4|C00027,mCherry-low,M4,M4_C00027,5,347,5.0,False,False,0
M4|C00027,mCherry-low,M4,M4_C00027,1,347,1.0,False,False,0
M4|C00027,mCherry-high,M4,M4_C00027,46,347,46.0,False,False,0
M4|C00027,mCherry-low,M4,M4_C00027,2,347,2.0,False,False,0
M4|C00027,mCherry-low,M4,M4_C00027,4,347,4.0,False,False,0
M4|C00027,mCherry-high,M4,M4_C00027,2,347,2.0,False,False,0
M4|C00027,mCherry-low,M4,M4_C00027,1,347,1.0,False,False,0
M4|C00027,mCherry-low,M4,M4_C00027,2,347,2.0,False,False,0
M4|C00027,mCherry-low,M4,M4_C00027,2,347,2.0,False,False,0
M4|C00027,mCherry-low,M4,M4_C00027,2,347,2.0,False,False,0
M4|C00027,mCherry-low,M4,M4_C00027,2,347,2.0,False,False,0
M4|C00027,mCherry-low,M4,M4_C00027,4,347,4.0,False,False,0
M4|C00027,mCherry-low,M4,M4_C00027,5,347,5.0,False,False,0
M4|C00028,mCherry-high,M4,M4_C00028,1,351,1.0,False,False,0
M4|C00028,mCherry-high,M4,M4_C00028,3,351,3.0,False,False,0
M4|C00028,mCherry-high,M4,M4_C00028,3,351,3.0,False,False,0
M4|C00028,mCherry-low,M4,M4_C00028,3,351,3.0,False,False,0
M4|C00028,mCherry-high,M4,M4_C00028,3,351,3.0,False,False,0
M4|C00028,mCherry-high,M4,M4_C00028,3,351,3.0,False,False,0
M4|C00028,mCherry-high,M4,M4_C00028,3,351,3.0,False,False,0
M4|C00028,mCherry-high,M4,M4_C00028,2,351,2.0,False,False,0
M4|C00028,mCherry-high,M4,M4_C00028,2,351,2.0,False,False,0
M4|C00028,mCherry-high,M4,M4_C00028,5,351,5.0,False,False,0
M4|C00028,mCherry-high,M4,M4_C00028,7,351,7.0,False,False,0
M4|C00028,mCherry-low,M4,M4_C00028,6,351,6.0,False,False,0
M4|C00028,mCherry-low,M4,M4_C00028,3,351,3.0,False,False,0
M4|C00028,mCherry-low,M4,M4_C00028,3,351,3.0,True,False,1
M4|C00028,mCherry-low,M4,M4_C00028,4,351,4.0,False,False,0
M4|C00029,mCherry-low,M4,M4_C00029,1,351,1.0,True,False,1
M4|C00029,mCherry-low,M4,M4_C00029,2,351,2.0,False,False,0
M4|C00029,mCherry-high,M4,M4_C00029,2,351,2.0,False,False,0
M4|C00030,mCherry-high,M4,M4_C00030,0,351,0.0,False,True,13
M4|C00030,mCherry-high,M4,M4_C00030,1,351,1.0,False,False,0
M4|C00030,mCherry-high,M4,M4_C00030,8,351,8.0,False,False,0
M4|C00030,mCherry-high,M4,M4_C00030,4,351,4.0,False,False,0
M4|C00030,mCherry-high,M4,M4_C00030,4,351,4.0,False,False,0
M4|C00030,mCherry-high,M4,M4_C00030,3,351,3.0,False,False,0
M4|C00030,mCherry-high,M4,M4_C00030,3,351,3.0,False,False,0
M4|C00030,mCherry-high,M4,M4_C00030,1,351,1.0,False,False,0
M4|C00030,mCherry-high,M4,M4_C00030,2,351,2.0,False,False,0
M4|C00030,mCherry-high,M4,M4_C00030,2,351,2.0,False,False,0
M4|C00030,mCherry-high,M4,M4_C00030,1,351,1.0,False,False,0
M4|C00030,mCherry-high,M4,M4_C00030,4,351,4.0,False,False,0
M4|C00030,mCherry-high,M4,M4_C00030,3,351,3.0,False,False,0
M4|C00030,mCherry-high,M4,M4_C00030,3,351,3.0,False,False,0
M4|C00031,mCherry-low,M4,M4_C00031,0,351,0.0,False,True,10
M4|C00031,mCherry-low,M4,M4_C00031,0,351,0.0,False,True,10
M4|C00031,mCherry-low,M4,M4_C00031,0,351,0.0,False,True,10
M4|C00031,mCherry-high,M4,M4_C00031,5,351,5.0,False,False,0
M4|C00031,mCherry-high,M4,M4_C00031,2,351,2.0,False,False,0
M4|C00031,mCherry-high,M4,M4_C00031,2,351,2.0,False,False,0
M4|C00031,mCherry-low,M4,M4_C00031,2,351,2.0,False,False,0
M4|C00031,mCherry-high,M4,M4_C00031,2,351,2.0,False,False,0
M4|C00031,mCherry-low,M4,M4_C00031,1,351,1.0,False,False,0
M4|C00031,mCherry-low,M4,M4_C00031,1,351,1.0,False,False,0
M4|C00031,mCherry-low,M4,M4_C00031,2,351,2.0,False,False,0
M4|C00031,mCherry-high,M4,M4_C00031,1,351,1.0,True,False,1
M4|C00031,mCherry-low,M4,M4_C00031,2,351,2.0,False,False,0
M4|C00032,mCherry-high,M4,M4_C00032,3,351,3.0,False,False,0
M4|C00032,mCherry-high,M4,M4_C00032,1,351,1.0,False,False,0
M4|C00032,mCherry-high,M4,M4_C00032,2,351,2.0,False,False,0
M4|C00032,mCherry-high,M4,M4_C00032,2,351,2.0,False,False,0
M4|C00032,mCherry-high,M4,M4_C00032,1,351,1.0,False,False,0
M4|C00032,mCherry-high,M4,M4_C00032,7,351,7.0,False,False,0
M4|C00032,mCherry-high,M4,M4_C00032,1,351,1.0,False,False,0
M4|C00032,mCherry-high,M4,M4_C00032,1,351,1.0,False,False,0
M4|C00032,mCherry-high,M4,M4_C00032,5,351,5.0,False,False,0
M4|C00032,mCherry-high,M4,M4_C00032,5,351,5.0,False,False,0
M4|C00032,mCherry-high,M4,M4_C00032,5,351,5.0,False,False,0
M4|C00032,mCherry-high,M4,M4_C00032,5,351,5.0,False,False,0
M4|C00032,mCherry-high,M4,M4_C00032,5,351,5.0,False,False,0
M4|C00033,mCherry-low,M4,M4_C00033,0,351,0.0,False,True,13
M4|C00033,mCherry-low,M4,M4_C00033,1,351,1.0,False,False,0
M4|C00033,mCherry-low,M4,M4_C00033,3,351,3.0,False,False,0
M4|C00033,mCherry-high,M4,M4_C00033,1,351,1.0,False,False,0
M4|C00033,mCherry-high,M4,M4_C00033,1,351,1.0,False,False,0
M4|C00033,mCherry-high,M4,M4_C00033,1,351,1.0,False,False,0
M4|C00033,mCherry-low,M4,M4_C00033,3,351,3.0,False,False,0
M4|C00033,mCherry-low,M4,M4_C00033,3,351,3.0,False,False,0
M4|C00033,mCherry-low,M4,M4_C00033,2,351,2.0,False,False,0
M4|C00033,mCherry-low,M4,M4_C00033,4,351,4.0,False,False,0
M4|C00033,mCherry-low,M4,M4_C00033,4,351,4.0,False,False,0
M4|C00033,mCherry-low,M4,M4_C00033,7,351,7.0,False,False,0
M4|C00033,mCherry-low,M4,M4_C00033,7,351,7.0,False,False,0
M4|C00034,mCherry-low,M4,M4_C00034,0,351,0.0,False,True,11
M4|C00034,mCherry-high,M4,M4_C00034,0,351,0.0,False,True,11
M4|C00034,mCherry-low,M4,M4_C00034,3,351,3.0,False,False,0
M4|C00034,mCherry-low,M4,M4_C00034,2,351,2.0,False,False,0
M4|C00034,mCherry-low,M4,M4_C00034,2,351,2.0,False,False,0
M4|C00034,mCherry-low,M4,M4_C00034,1,351,1.0,False,False,0
M4|C00034,mCherry-low,M4,M4_C00034,2,351,2.0,False,False,0
M4|C00034,mCherry-low,M4,M4_C00034,2,351,2.0,False,False,0
M4|C00034,mCherry-low,M4,M4_C00034,2,351,2.0,False,False,0
M4|C00034,mCherry-high,M4,M4_C00034,4,351,4.0,False,False,0
M4|C00034,mCherry-low,M4,M4_C00034,3,351,3.0,False,False,0
M4|C00034,mCherry-low,M4,M4_C00034,4,351,4.0,False,False,0
M4|C00035,mCherry-high,M4,M4_C00035,3,351,3.0,False,False,0
M4|C00035,mCherry-high,M4,M4_C00035,2,351,2.0,False,False,0
M4|C00035,mCherry-high,M4,M4_C00035,2,351,2.0,False,False,0
M4|C00035,mCherry-high,M4,M4_C00035,3,351,3.0,False,False,0
M4|C00035,mCherry-high,M4,M4_C00035,4,351,4.0,False,False,0
M4|C00035,mCherry-low,M4,M4_C00035,6,351,6.0,False,False,0
M4|C00035,mCherry-low,M4,M4_C00035,7,351,7.0,False,False,0
M4|C00035,mCherry-high,M4,M4_C00035,9,351,9.0,False,False,0
M4|C00035,mCherry-low,M4,M4_C00035,9,351,9.0,False,False,0
M4|C00035,mCherry-low,M4,M4_C00035,5,351,5.0,False,False,0
M4|C00035,mCherry-high,M4,M4_C00035,4,351,4.0,True,False,1
M4|C00035,mCherry-low,M4,M4_C00035,8,351,10.0,False,False,0
M4|C00036,mCherry-high,M4,M4_C00036,0,356,0.0,False,True,12
M4|C00036,mCherry-high,M4,M4_C00036,2,356,2.0,False,False,0
M4|C00036,mCherry-high,M4,M4_C00036,2,356,2.0,False,False,0
M4|C00036,mCherry-high,M4,M4_C00036,1,356,1.0,False,False,0
M4|C00036,mCherry-high,M4,M4_C00036,1,356,1.0,False,False,0
M4|C00036,mCherry-high,M4,M4_C00036,1,356,1.0,False,False,0
M4|C00036,mCherry-high,M4,M4_C00036,2,356,2.0,False,False,0
M4|C00036,mCherry-high,M4,M4_C00036,2,356,2.0,False,False,0
M4|C00036,mCherry-high,M4,M4_C00036,5,356,5.0,False,False,0
M4|C00036,mCherry-high,M4,M4_C00036,2,356,2.0,False,False,0
M4|C00036,mCherry-low,M4,M4_C00036,2,356,2.0,False,False,0
M4|C00036,mCherry-high,M4,M4_C00036,2,356,2.0,False,False,0
M4|C00037,mCherry-low,M4,M4_C00037,0,351,0.0,False,True,9
M4|C00037,mCherry-high,M4,M4_C00037,0,351,0.0,False,True,9
M4|C00037,mCherry-high,M4,M4_C00037,3,351,3.0,False,False,0
M4|C00037,mCherry-high,M4,M4_C00037,2,351,2.0,False,False,0
M4|C00037,mCherry-low,M4,M4_C00037,1,351,1.0,False,False,0
M4|C00037,mCherry-low,M4,M4_C00037,1,351,1.0,False,False,0
M4|C00037,mCherry-high,M4,M4_C00037,5,351,5.0,False,False,0
M4|C00037,mCherry-low,M4,M4_C00037,3,351,3.0,False,False,0
M4|C00037,mCherry-low,M4,M4_C00037,2,351,2.0,False,False,0
M4|C00037,mCherry-low,M4,M4_C00037,9,351,9.0,False,False,0
M4|C00038,mCherry-low,M4,M4_C00038,0,351,0.0,False,True,5
M4|C00038,mCherry-low,M4,M4_C00038,0,351,0.0,False,True,5
M4|C00038,mCherry-low,M4,M4_C00038,0,351,0.0,False,True,5
M4|C00038,mCherry-low,M4,M4_C00038,2,351,2.0,False,False,0
M4|C00038,mCherry-low,M4,M4_C00038,1,351,1.0,False,False,0
M4|C00038,mCherry-low,M4,M4_C00038,1,351,1.0,False,False,0
M4|C00038,mCherry-low,M4,M4_C00038,4,351,4.0,False,False,0
M4|C00038,mCherry-low,M4,M4_C00038,2,351,2.0,False,False,0
M4|C00039,mCherry-high,M4,M4_C00039,1,350,1.0,True,False,8
M4|C00039,mCherry-high,M4,M4_C00039,4,350,4.0,False,False,0
M4|C00039,mCherry-high,M4,M4_C00039,4,350,4.0,False,False,0
M4|C00039,mCherry-low,M4,M4_C00039,4,350,4.0,False,False,0
M4|C00039,mCherry-low,M4,M4_C00039,2,350,2.0,False,False,0
M4|C00039,mCherry-high,M4,M4_C00039,3,350,3.0,False,False,0
M4|C00039,mCherry-high,M4,M4_C00039,2,350,2.0,False,False,0
M4|C00039,mCherry-high,M4,M4_C00039,4,350,5.0,False,False,0
M4|C00039,mCherry-low,M4,M4_C00039,9,350,10.0,False,False,0
M4|C00039,mCherry-low,M4,M4_C00039,8,350,8.0,False,False,0
M4|C00039,mCherry-low,M4,M4_C00039,3,350,6.0,False,False,0
M4|C00040,mCherry-low,M4,M4_C00040,0,351,0.0,False,True,8
M4|C00040,mCherry-high,M4,M4_C00040,1,351,1.0,False,False,0
M4|C00040,mCherry-high,M4,M4_C00040,2,351,2.0,False,False,0
M4|C00040,mCherry-low,M4,M4_C00040,3,351,3.0,True,False,5
M4|C00040,mCherry-high,M4,M4_C00040,7,351,7.0,False,False,0
M4|C00040,mCherry-low,M4,M4_C00040,4,351,4.0,False,False,0
M4|C00040,mCherry-low,M4,M4_C00040,5,351,5.0,False,False,0
M4|C00040,mCherry-low,M4,M4_C00040,6,351,6.0,False,False,0
M4|C00041,mCherry-low,M4,M4_C00041,0,351,0.0,False,True,6
M4|C00041,mCherry-low,M4,M4_C00041,0,351,0.0,False,True,6
M4|C00041,mCherry-low,M4,M4_C00041,0,351,0.0,False,True,6
M4|C00041,mCherry-low,M4,M4_C00041,0,351,0.0,False,True,6
M4|C00041,mCherry-low,M4,M4_C00041,0,351,0.0,False,True,6
M4|C00041,mCherry-low,M4,M4_C00041,1,351,1.0,False,False,0
M4|C00041,mCherry-high,M4,M4_C00041,5,351,5.0,False,False,0
M4|C00041,mCherry-low,M4,M4_C00041,1,351,1.0,False,False,0
M4|C00041,mCherry-low,M4,M4_C00041,1,351,1.0,False,False,0
M4|C00041,mCherry-low,M4,M4_C00041,3,351,3.0,False,False,0
M4|C00041,mCherry-low,M4,M4_C00041,7,351,7.0,False,False,0
M4|C00042,mCherry-high,M4,M4_C00042,5,351,5.0,True,False,9
M4|C00042,mCherry-high,M4,M4_C00042,7,351,7.0,False,False,0
M4|C00042,mCherry-high,M4,M4_C00042,6,351,6.0,False,False,0
M4|C00042,mCherry-high,M4,M4_C00042,6,351,6.0,False,False,0
M4|C00042,mCherry-high,M4,M4_C00042,6,351,6.0,False,False,0
M4|C00042,mCherry-high,M4,M4_C00042,6,351,6.0,False,False,0
M4|C00042,mCherry-low,M4,M4_C00042,7,351,7.0,False,False,0
M4|C00042,mCherry-high,M4,M4_C00042,7,351,8.0,False,False,0
M4|C00042,mCherry-high,M4,M4_C00042,9,351,9.0,False,False,0
M4|C00042,mCherry-high,M4,M4_C00042,7,351,7.0,False,False,0
M4|C00042,mCherry-high,M4,M4_C00042,7,351,7.0,False,False,0
M4|C00043,mCherry-low,M4,M4_C00043,1,351,1.0,True,False,11
M4|C00043,mCherry-low,M4,M4_C00043,1,351,1.0,True,False,11
M4|C00043,mCherry-high,M4,M4_C00043,4,351,4.0,False,False,0
M4|C00043,mCherry-high,M4,M4_C00043,2,351,2.0,False,False,0
M4|C00043,mCherry-low,M4,M4_C00043,5,351,5.0,False,False,0
M4|C00043,mCherry-low,M4,M4_C00043,3,351,3.0,False,False,0
M4|C00043,mCherry-low,M4,M4_C00043,2,351,2.0,False,False,0
M4|C00043,mCherry-high,M4,M4_C00043,6,351,6.0,False,False,0
M4|C00043,mCherry-low,M4,M4_C00043,3,351,3.0,False,False,0
M4|C00043,mCherry-high,M4,M4_C00043,4,351,4.0,False,False,0
M4|C00043,mCherry-high,M4,M4_C00043,3,351,3.0,False,False,0
M4|C00044,mCherry-low,M4,M4_C00044,1,351,1.0,True,False,9
M4|C00044,mCherry-low,M4,M4_C00044,1,351,1.0,True,False,9
M4|C00044,mCherry-high,M4,M4_C00044,3,351,3.0,False,False,0
M4|C00044,mCherry-low,M4,M4_C00044,6,351,6.0,False,False,0
M4|C00044,mCherry-low,M4,M4_C00044,2,351,2.0,False,False,0
M4|C00044,mCherry-high,M4,M4_C00044,3,351,3.0,False,False,0
M4|C00044,mCherry-low,M4,M4_C00044,4,351,4.0,False,False,0
M4|C00044,mCherry-low,M4,M4_C00044,5,351,5.0,False,False,0
M4|C00044,mCherry-low,M4,M4_C00044,3,351,3.0,False,False,0
M4|C00044,mCherry-low,M4,M4_C00044,5,351,5.0,False,False,0
M4|C00045,mCherry-low,M4,M4_C00045,0,351,0.0,False,True,7
M4|C00045,mCherry-low,M4,M4_C00045,0,351,0.0,False,True,7
M4|C00045,mCherry-low,M4,M4_C00045,0,351,0.0,False,True,7
M4|C00045,mCherry-high,M4,M4_C00045,0,351,0.0,False,True,7
M4|C00045,mCherry-low,M4,M4_C00045,0,351,0.0,False,True,7
M4|C00045,mCherry-high,M4,M4_C00045,1,351,1.0,False,False,0
M4|C00045,mCherry-low,M4,M4_C00045,1,351,1.0,False,False,0
M4|C00045,mCherry-low,M4,M4_C00045,3,351,3.0,False,False,0
M4|C00045,mCherry-high,M4,M4_C00045,4,351,5.0,False,False,0
M4|C00045,mCherry-low,M4,M4_C00045,4,351,4.0,False,False,0
M4|C00046,mCherry-high,M4,M4_C00046,1,357,1.0,True,False,8
M4|C00046,mCherry-high,M4,M4_C00046,1,357,1.0,True,False,8
M4|C00046,mCherry-high,M4,M4_C00046,1,357,1.0,True,False,8
M4|C00046,mCherry-high,M4,M4_C00046,5,357,5.0,False,False,0
M4|C00046,mCherry-low,M4,M4_C00046,2,357,2.0,False,False,0
M4|C00046,mCherry-low,M4,M4_C00046,3,357,3.0,False,False,0
M4|C00046,mCherry-low,M4,M4_C00046,2,357,2.0,False,False,0
M4|C00046,mCherry-high,M4,M4_C00046,2,357,2.0,False,False,0
M4|C00046,mCherry-low,M4,M4_C00046,6,357,6.0,False,False,0
M4|C00046,mCherry-high,M4,M4_C00046,3,357,3.0,False,False,0
M4|C00047,mCherry-high,M4,M4_C00047,0,351,0.0,False,True,9
M4|C00047,mCherry-high,M4,M4_C00047,37,351,37.0,False,False,0
M4|C00047,mCherry-low,M4,M4_C00047,4,351,4.0,False,False,0
M4|C00047,mCherry-high,M4,M4_C00047,2,351,2.0,False,False,0
M4|C00047,mCherry-low,M4,M4_C00047,1,351,1.0,False,False,0
M4|C00047,mCherry-high,M4,M4_C00047,1,351,1.0,False,False,0
M4|C00047,mCherry-high,M4,M4_C00047,2,351,2.0,False,False,0
M4|C00047,mCherry-high,M4,M4_C00047,2,351,2.0,False,False,0
M4|C00047,mCherry-high,M4,M4_C00047,6,351,7.0,False,False,0
M4|C00047,mCherry-high,M4,M4_C00047,5,351,5.0,False,False,0
M4|C00048,mCherry-high,M4,M4_C00048,0,351,0.0,False,True,6
M4|C00048,mCherry-low,M4,M4_C00048,0,351,0.0,False,True,6
M4|C00048,mCherry-low,M4,M4_C00048,0,351,0.0,False,True,6
M4|C00048,mCherry-high,M4,M4_C00048,0,351,0.0,False,True,6
M4|C00048,mCherry-high,M4,M4_C00048,0,351,0.0,False,True,6
M4|C00048,mCherry-low,M4,M4_C00048,4,351,4.0,False,False,0
M4|C00048,mCherry-low,M4,M4_C00048,3,351,3.0,False,False,0
M4|C00048,mCherry-high,M4,M4_C00048,2,351,2.0,False,False,0
M4|C00048,mCherry-high,M4,M4_C00048,4,351,4.0,False,False,0
M4|C00048,mCherry-low,M4,M4_C00048,5,351,5.0,False,False,0
M4|C00049,mCherry-low,M4,M4_C00049,3,351,3.0,True,False,5
M4|C00049,mCherry-low,M4,M4_C00049,3,351,3.0,True,False,5
M4|C00049,mCherry-low,M4,M4_C00049,3,351,3.0,True,False,5
M4|C00049,mCherry-low,M4,M4_C00049,3,351,3.0,True,False,5
M4|C00049,mCherry-low,M4,M4_C00049,3,351,3.0,True,False,5
M4|C00049,mCherry-low,M4,M4_C00049,5,351,5.0,False,False,0
M4|C00049,mCherry-low,M4,M4_C00049,4,351,4.0,False,False,0
M4|C00049,mCherry-low,M4,M4_C00049,5,351,5.0,False,False,0
M4|C00049,mCherry-high,M4,M4_C00049,4,351,4.0,True,False,1
M4|C00049,mCherry-low,M4,M4_C00049,6,351,6.0,False,False,0
M4|C00050,mCherry-high,M4,M4_C00050,3,351,3.0,False,False,0
M4|C00050,mCherry-high,M4,M4_C00050,5,351,5.0,False,False,0
M4|C00050,mCherry-low,M4,M4_C00050,3,351,3.0,False,False,0
M4|C00050,mCherry-low,M4,M4_C00050,5,351,5.0,False,False,0
M4|C00051,mCherry-low,M4,M4_C00051,0,350,0.0,False,True,4
M4|C00051,mCherry-high,M4,M4_C00051,0,350,0.0,False,True,4
M4|C00051,mCherry-high,M4,M4_C00051,0,350,0.0,False,True,4
M4|C00051,mCherry-high,M4,M4_C00051,0,350,0.0,False,True,4
M4|C00051,mCherry-high,M4,M4_C00051,0,350,0.0,False,True,4
M4|C00051,mCherry-high,M4,M4_C00051,2,350,2.0,False,False,0
M4|C00051,mCherry-high,M4,M4_C00051,2,350,2.0,False,False,0
M4|C00051,mCherry-low,M4,M4_C00051,1,350,1.0,False,False,0
M4|C00051,mCherry-high,M4,M4_C00051,1,350,1.0,False,False,0
M4|C00052,mCherry-low,M4,M4_C00052,0,351,0.0,False,True,5
M4|C00052,mCherry-low,M4,M4_C00052,0,351,0.0,False,True,5
M4|C00052,mCherry-low,M4,M4_C00052,0,351,0.0,False,True,5
M4|C00052,mCherry-low,M4,M4_C00052,0,351,0.0,False,True,5
M4|C00052,mCherry-low,M4,M4_C00052,3,351,3.0,False,False,0
M4|C00052,mCherry-low,M4,M4_C00052,1,351,1.0,False,False,0
M4|C00052,mCherry-high,M4,M4_C00052,2,351,2.0,False,False,0
M4|C00052,mCherry-high,M4,M4_C00052,1,351,1.0,False,False,0
M4|C00052,mCherry-low,M4,M4_C00052,1,351,1.0,False,False,0
M4|C00053,mCherry-high,M4,M4_C00053,2,351,2.0,False,False,0
M4|C00053,mCherry-high,M4,M4_C00053,3,351,3.0,False,False,0
M4|C00053,mCherry-high,M4,M4_C00053,3,351,3.0,False,False,0
M4|C00053,mCherry-low,M4,M4_C00053,1,351,1.0,True,False,1
M4|C00053,mCherry-high,M4,M4_C00053,3,351,3.0,False,False,0
M4|C00053,mCherry-high,M4,M4_C00053,5,351,5.0,False,False,0
M4|C00053,mCherry-high,M4,M4_C00053,5,351,5.0,False,False,0
M4|C00053,mCherry-high,M4,M4_C00053,6,351,6.0,False,False,0
M4|C00053,mCherry-high,M4,M4_C00053,5,351,5.0,False,False,0
M4|C00054,mCherry-high,M4,M4_C00054,4,351,4.0,False,False,0
M4|C00054,mCherry-low,M4,M4_C00054,6,351,6.0,False,False,0
M4|C00054,mCherry-low,M4,M4_C00054,6,351,6.0,False,False,0
M4|C00054,mCherry-high,M4,M4_C00054,5,351,5.0,False,False,0
M4|C00054,mCherry-high,M4,M4_C00054,9,351,9.0,False,False,0
M4|C00054,mCherry-high,M4,M4_C00054,7,351,7.0,False,False,0
M4|C00054,mCherry-high,M4,M4_C00054,6,351,6.0,False,False,0
M4|C00054,mCherry-high,M4,M4_C00054,9,351,9.0,False,False,0
M4|C00054,mCherry-high,M4,M4_C00054,7,351,7.0,False,False,0
M4|C00055,mCherry-low,M4,M4_C00055,0,351,0.0,False,True,8
M4|C00055,mCherry-low,M4,M4_C00055,1,351,1.0,False,False,0
M4|C00055,mCherry-low,M4,M4_C00055,1,351,1.0,False,False,0
M4|C00055,mCherry-low,M4,M4_C00055,2,351,2.0,True,False,1
M4|C00055,mCherry-low,M4,M4_C00055,1,351,1.0,False,False,0
M4|C00055,mCherry-low,M4,M4_C00055,1,351,1.0,False,False,0
M4|C00055,mCherry-low,M4,M4_C00055,3,351,3.0,False,False,0
M4|C00055,mCherry-low,M4,M4_C00055,2,351,2.0,False,False,0
M4|C00055,mCherry-low,M4,M4_C00055,3,351,3.0,False,False,0
M4|C00056,mCherry-low,M4,M4_C00056,1,351,1.0,True,False,6
M4|C00056,mCherry-high,M4,M4_C00056,1,351,1.0,True,False,6
M4|C00056,mCherry-low,M4,M4_C00056,3,351,3.0,False,False,0
M4|C00056,mCherry-low,M4,M4_C00056,3,351,3.0,False,False,0
M4|C00056,mCherry-low,M4,M4_C00056,2,351,2.0,False,False,0
M4|C00056,mCherry-low,M4,M4_C00056,2,351,2.0,False,False,0
M4|C00056,mCherry-high,M4,M4_C00056,2,351,2.0,False,False,0
M4|C00056,mCherry-low,M4,M4_C00056,2,351,2.0,False,False,0
M4|C00057,mCherry-low,M4,M4_C00057,6,351,6.0,False,False,0
M4|C00057,mCherry-low,M4,M4_C00057,2,351,2.0,False,False,0
M4|C00057,mCherry-high,M4,M4_C00057,3,351,3.0,False,False,0
M4|C00057,mCherry-low,M4,M4_C00057,5,351,5.0,False,False,0
M4|C00057,mCherry-low,M4,M4_C00057,8,351,8.0,False,False,0
M4|C00057,mCherry-low,M4,M4_C00057,6,351,7.0,False,False,0
M4|C00057,mCherry-low,M4,M4_C00057,6,351,8.0,False,False,0
M4|C00057,mCherry-low,M4,M4_C00057,6,351,8.0,False,False,0
M4|C00058,mCherry-low,M4,M4_C00058,0,351,0.0,False,True,2
M4|C00058,mCherry-low,M4,M4_C00058,0,351,0.0,False,True,2
M4|C00058,mCherry-low,M4,M4_C00058,0,351,0.0,False,True,2
M4|C00058,mCherry-low,M4,M4_C00058,0,351,0.0,False,True,2
M4|C00058,mCherry-low,M4,M4_C00058,0,351,0.0,False,True,2
M4|C00058,mCherry-low,M4,M4_C00058,0,351,0.0,False,True,2
M4|C00058,mCherry-low,M4,M4_C00058,5,351,5.0,False,False,0
M4|C00058,mCherry-low,M4,M4_C00058,5,351,5.0,False,False,0
M4|C00059,mCherry-high,M4,M4_C00059,4,351,4.0,False,False,0
M4|C00059,mCherry-low,M4,M4_C00059,5,351,5.0,False,False,0
M4|C00059,mCherry-high,M4,M4_C00059,1,351,1.0,False,False,0
M4|C00059,mCherry-low,M4,M4_C00059,1,351,1.0,True,False,4
M4|C00059,mCherry-high,M4,M4_C00059,6,351,6.0,False,False,0
M4|C00059,mCherry-low,M4,M4_C00059,3,351,3.0,False,False,0
M4|C00059,mCherry-high,M4,M4_C00059,4,351,4.0,False,False,0
M4|C00059,mCherry-high,M4,M4_C00059,3,351,4.0,False,False,0
M4|C00061,mCherry-low,M4,M4_C00061,0,351,0.0,False,True,4
M4|C00061,mCherry-low,M4,M4_C00061,0,351,0.0,False,True,4
M4|C00061,mCherry-high,M4,M4_C00061,2,351,2.0,False,False,0
M4|C00061,mCherry-low,M4,M4_C00061,2,351,2.0,False,False,0
M4|C00061,mCherry-high,M4,M4_C00061,1,351,1.0,False,False,0
M4|C00061,mCherry-low,M4,M4_C00061,2,351,2.0,False,False,0
M4|C00061,mCherry-low,M4,M4_C00061,2,351,2.0,False,False,0
M4|C00061,mCherry-low,M4,M4_C00061,2,351,2.0,False,False,0
M4|C00062,mCherry-high,M4,M4_C00062,0,351,0.0,False,True,6
M4|C00062,mCherry-high,M4,M4_C00062,0,351,0.0,False,True,6
M4|C00062,mCherry-high,M4,M4_C00062,4,351,4.0,False,False,0
M4|C00062,mCherry-low,M4,M4_C00062,3,351,3.0,False,False,0
M4|C00062,mCherry-high,M4,M4_C00062,4,351,4.0,False,False,0
M4|C00062,mCherry-high,M4,M4_C00062,1,351,1.0,False,False,0
M4|C00062,mCherry-high,M4,M4_C00062,1,351,1.0,False,False,0
M4|C00062,mCherry-low,M4,M4_C00062,1,351,1.0,False,False,0
M4|C00063,mCherry-low,M4,M4_C00063,0,351,0.0,False,True,6
M4|C00063,mCherry-high,M4,M4_C00063,4,351,4.0,False,False,0
M4|C00063,mCherry-low,M4,M4_C00063,1,351,1.0,False,False,0
M4|C00063,mCherry-low,M4,M4_C00063,1,351,1.0,False,False,0
M4|C00063,mCherry-low,M4,M4_C00063,1,351,1.0,False,False,0
M4|C00063,mCherry-low,M4,M4_C00063,2,351,2.0,False,False,0
M4|C00063,mCherry-low,M4,M4_C00063,1,351,1.0,False,False,0
M4|C00064,mCherry-low,M4,M4_C00064,5,351,5.0,False,False,0
M4|C00064,mCherry-low,M4,M4_C00064,1,351,1.0,True,False,2
M4|C00064,mCherry-low,M4,M4_C00064,1,351,1.0,True,False,1
M4|C00064,mCherry-high,M4,M4_C00064,4,351,4.0,False,False,0
M4|C00064,mCherry-low,M4,M4_C00064,2,351,2.0,False,False,0
M4|C00064,mCherry-low,M4,M4_C00064,3,351,3.0,False,False,0
M4|C00064,mCherry-low,M4,M4_C00064,3,351,3.0,False,False,0
M4|C00066,mCherry-low,M4,M4_C00066,3,350,4.0,False,False,0
M4|C00066,mCherry-high,M4,M4_C00066,4,350,4.0,False,False,0
M4|C00066,mCherry-high,M4,M4_C00066,5,350,5.0,False,False,0
M4|C00066,mCherry-high,M4,M4_C00066,10,350,10.0,False,False,0
M4|C00066,mCherry-high,M4,M4_C00066,5,350,5.0,False,False,0
M4|C00066,mCherry-high,M4,M4_C00066,6,350,6.0,False,False,0
M4|C00066,mCherry-high,M4,M4_C00066,6,350,6.0,False,False,0
M4|C00067,mCherry-high,M4,M4_C00067,4,356,4.0,False,False,0
M4|C00067,mCherry-high,M4,M4_C00067,1,356,1.0,False,False,0
M4|C00067,mCherry-high,M4,M4_C00067,4,356,4.0,False,False,0
M4|C00067,mCherry-high,M4,M4_C00067,2,356,2.0,False,False,0
M4|C00067,mCherry-high,M4,M4_C00067,4,356,4.0,False,False,0
M4|C00067,mCherry-high,M4,M4_C00067,6,356,6.0,False,False,0
M4|C00067,mCherry-high,M4,M4_C00067,2,356,2.0,False,False,0
M4|C00068,mCherry-high,M4,M4_C00068,3,351,3.0,False,False,0
M4|C00068,mCherry-high,M4,M4_C00068,2,351,2.0,False,False,0
M4|C00068,mCherry-high,M4,M4_C00068,4,351,4.0,False,False,0
M4|C00068,mCherry-high,M4,M4_C00068,4,351,4.0,False,False,0
M4|C00068,mCherry-high,M4,M4_C00068,1,351,1.0,True,False,1
M4|C00068,mCherry-high,M4,M4_C00068,1,351,1.0,True,False,1
M4|C00068,mCherry-high,M4,M4_C00068,3,351,3.0,False,False,0
M4|C00069,mCherry-low,M4,M4_C00069,2,351,2.0,True,False,3
M4|C00069,mCherry-low,M4,M4_C00069,2,351,2.0,True,False,3
M4|C00069,mCherry-low,M4,M4_C00069,2,351,2.0,True,False,3
M4|C00069,mCherry-high,M4,M4_C00069,2,351,2.0,True,False,3
M4|C00069,mCherry-low,M4,M4_C00069,5,351,5.0,False,False,0
M4|C00069,mCherry-low,M4,M4_C00069,3,351,3.0,True,False,1
M4|C00069,mCherry-low,M4,M4_C00069,5,351,5.0,False,False,0
M4|C00071,mCherry-low,M4,M4_C00071,0,351,0.0,False,True,3
M4|C00071,mCherry-low,M4,M4_C00071,0,351,0.0,False,True,3
M4|C00071,mCherry-high,M4,M4_C00071,0,351,0.0,False,True,3
M4|C00071,mCherry-high,M4,M4_C00071,1,351,1.0,False,False,0
M4|C00071,mCherry-low,M4,M4_C00071,1,351,1.0,False,False,0
M4|C00071,mCherry-low,M4,M4_C00071,4,351,4.0,False,False,0
M4|C00073,mCherry-low,M4,M4_C00073,0,333,0.0,False,True,5
M4|C00073,mCherry-low,M4,M4_C00073,0,333,0.0,False,True,5
M4|C00073,mCherry-low,M4,M4_C00073,1,333,1.0,False,False,0
M4|C00073,mCherry-low,M4,M4_C00073,2,333,2.0,False,False,0
M4|C00073,mCherry-high,M4,M4_C00073,141,333,141.0,False,False,0
M4|C00073,mCherry-high,M4,M4_C00073,3,333,3.0,False,False,0
M4|C00074,mCherry-low,M4,M4_C00074,3,351,3.0,True,False,2
M4|C00074,mCherry-low,M4,M4_C00074,7,351,7.0,False,False,0
M4|C00074,mCherry-low,M4,M4_C00074,5,351,5.0,False,False,0
M4|C00075,mCherry-high,M4,M4_C00075,3,351,3.0,False,False,0
M4|C00075,mCherry-high,M4,M4_C00075,4,351,4.0,False,False,0
M4|C00075,mCherry-high,M4,M4_C00075,5,351,5.0,False,False,0
M4|C00075,mCherry-low,M4,M4_C00075,3,351,3.0,False,False,0
M4|C00075,mCherry-high,M4,M4_C00075,4,351,6.0,False,False,0
M4|C00075,mCherry-high,M4,M4_C00075,4,351,4.0,False,False,0
M4|C00077,mCherry-low,M4,M4_C00077,7,351,7.0,False,False,0
M4|C00077,mCherry-low,M4,M4_C00077,3,351,4.0,False,False,0
M4|C00077,mCherry-low,M4,M4_C00077,3,351,3.0,False,False,0
M4|C00077,mCherry-low,M4,M4_C00077,4,351,4.0,False,False,0
M4|C00077,mCherry-low,M4,M4_C00077,7,351,7.0,False,False,0
M4|C00079,mCherry-high,M4,M4_C00079,0,351,0.0,False,True,3
M4|C00079,mCherry-high,M4,M4_C00079,0,351,0.0,False,True,3
M4|C00079,mCherry-high,M4,M4_C00079,1,351,1.0,False,False,0
M4|C00079,mCherry-high,M4,M4_C00079,1,351,1.0,False,False,0
M4|C00079,mCherry-high,M4,M4_C00079,1,351,1.0,False,False,0
M4|C00080,mCherry-low,M4,M4_C00080,1,353,1.0,True,False,3
M4|C00080,mCherry-low,M4,M4_C00080,1,353,1.0,True,False,3
M4|C00080,mCherry-high,M4,M4_C00080,4,353,4.0,False,False,0
M4|C00080,mCherry-high,M4,M4_C00080,2,353,2.0,False,False,0
M4|C00080,mCherry-low,M4,M4_C00080,3,353,3.0,False,False,0
M4|C00081,mCherry-high,M4,M4_C00081,0,353,0.0,False,True,3
M4|C00081,mCherry-high,M4,M4_C00081,4,353,4.0,False,False,0
M4|C00081,mCherry-low,M4,M4_C00081,1,353,1.0,True,False,1
M4|C00081,mCherry-high,M4,M4_C00081,4,353,4.0,False,False,0
M4|C00081,mCherry-high,M4,M4_C00081,4,353,4.0,False,False,0
M4|C00082,mCherry-low,M4,M4_C00082,0,351,0.0,False,True,4
M4|C00082,mCherry-high,M4,M4_C00082,1,351,1.0,False,False,0
M4|C00082,mCherry-high,M4,M4_C00082,2,351,2.0,False,False,0
M4|C00082,mCherry-low,M4,M4_C00082,1,351,1.0,False,False,0
M4|C00082,mCherry-high,M4,M4_C00082,1,351,1.0,False,False,0
M4|C00083,mCherry-low,M4,M4_C00083,3,351,3.0,True,False,4
M4|C00083,mCherry-low,M4,M4_C00083,5,351,5.0,False,False,0
M4|C00083,mCherry-high,M4,M4_C00083,6,351,6.0,False,False,0
M4|C00083,mCherry-low,M4,M4_C00083,7,351,7.0,False,False,0
M4|C00083,mCherry-high,M4,M4_C00083,4,351,4.0,False,False,0
M4|C00084,mCherry-low,M4,M4_C00084,4,358,4.0,True,False,2
M4|C00084,mCherry-low,M4,M4_C00084,6,358,6.0,False,False,0
M4|C00084,mCherry-low,M4,M4_C00084,5,358,5.0,False,False,0
M4|C00084,mCherry-low,M4,M4_C00084,5,358,5.0,False,False,0
M4|C00084,mCherry-low,M4,M4_C00084,5,358,5.0,False,False,0
M4|C00085,mCherry-high,M4,M4_C00085,2,351,2.0,True,False,3
M4|C00085,mCherry-low,M4,M4_C00085,3,351,3.0,False,False,0
M4|C00085,mCherry-low,M4,M4_C00085,3,351,3.0,False,False,0
M4|C00085,mCherry-low,M4,M4_C00085,3,351,3.0,False,False,0
M4|C00086,mCherry-high,M4,M4_C00086,0,351,0.0,False,True,4
M4|C00086,mCherry-high,M4,M4_C00086,2,351,2.0,False,False,0
M4|C00086,mCherry-high,M4,M4_C00086,2,351,2.0,False,False,0
M4|C00086,mCherry-high,M4,M4_C00086,1,351,1.0,False,False,0
M4|C00086,mCherry-high,M4,M4_C00086,3,351,3.0,False,False,0
M4|C00087,mCherry-high,M4,M4_C00087,0,351,0.0,False,True,3
M4|C00087,mCherry-high,M4,M4_C00087,4,351,4.0,False,False,0
M4|C00087,mCherry-high,M4,M4_C00087,2,351,2.0,False,False,0
M4|C00087,mCherry-high,M4,M4_C00087,3,351,3.0,False,False,0
M4|C00088,mCherry-high,M4,M4_C00088,0,351,0.0,False,True,2
M4|C00088,mCherry-high,M4,M4_C00088,0,351,0.0,False,True,2
M4|C00088,mCherry-high,M4,M4_C00088,0,351,0.0,False,True,2
M4|C00088,mCherry-high,M4,M4_C00088,2,351,2.0,False,False,0
M4|C00088,mCherry-low,M4,M4_C00088,3,351,3.0,False,False,0
M4|C00089,mCherry-low,M4,M4_C00089,2,351,2.0,True,False,3
M4|C00089,mCherry-high,M4,M4_C00089,2,351,2.0,True,False,3
M4|C00089,mCherry-low,M4,M4_C00089,3,351,3.0,False,False,0
M4|C00089,mCherry-low,M4,M4_C00089,3,351,3.0,False,False,0
M4|C00089,mCherry-low,M4,M4_C00089,3,351,3.0,False,False,0
M4|C00090,mCherry-high,M4,M4_C00090,0,351,0.0,False,True,4
M4|C00090,mCherry-high,M4,M4_C00090,2,351,2.0,False,False,0
M4|C00090,mCherry-low,M4,M4_C00090,3,351,3.0,False,False,0
M4|C00090,mCherry-high,M4,M4_C00090,1,351,1.0,False,False,0
M4|C00090,mCherry-low,M4,M4_C00090,4,351,4.0,False,False,0
M4|C00091,mCherry-low,M4,M4_C00091,0,351,0.0,False,True,4
M4|C00091,mCherry-high,M4,M4_C00091,4,351,4.0,False,False,0
M4|C00091,mCherry-low,M4,M4_C00091,2,351,2.0,False,False,0
M4|C00091,mCherry-low,M4,M4_C00091,3,351,3.0,False,False,0
M4|C00091,mCherry-high,M4,M4_C00091,1,351,1.0,False,False,0
M4|C00092,mCherry-high,M4,M4_C00092,0,351,0.0,False,True,4
M4|C00092,mCherry-high,M4,M4_C00092,6,351,6.0,False,False,0
M4|C00092,mCherry-high,M4,M4_C00092,1,351,1.0,False,False,0
M4|C00092,mCherry-high,M4,M4_C00092,1,351,1.0,False,False,0
M4|C00092,mCherry-high,M4,M4_C00092,8,351,8.0,False,False,0
M4|C00093,mCherry-low,M4,M4_C00093,5,351,5.0,False,False,0
M4|C00093,mCherry-high,M4,M4_C00093,10,351,10.0,False,False,0
M4|C00093,mCherry-high,M4,M4_C00093,6,351,6.0,False,False,0
M4|C00093,mCherry-high,M4,M4_C00093,7,351,8.0,False,False,0
M4|C00093,mCherry-high,M4,M4_C00093,7,351,7.0,False,False,0
M4|C00094,mCherry-low,M4,M4_C00094,0,357,0.0,False,True,2
M4|C00094,mCherry-high,M4,M4_C00094,0,357,0.0,False,True,2
M4|C00094,mCherry-high,M4,M4_C00094,0,357,0.0,False,True,2
M4|C00094,mCherry-high,M4,M4_C00094,2,357,2.0,False,False,0
M4|C00094,mCherry-high,M4,M4_C00094,1,357,1.0,False,False,0
M4|C00095,mCherry-low,M4,M4_C00095,0,351,0.0,False,True,3
M4|C00095,mCherry-low,M4,M4_C00095,0,351,0.0,False,True,3
M4|C00095,mCherry-high,M4,M4_C00095,1,351,1.0,False,False,0
M4|C00095,mCherry-high,M4,M4_C00095,2,351,2.0,False,False,0
M4|C00095,mCherry-low,M4,M4_C00095,3,351,3.0,False,False,0
M4|C00096,mCherry-low,M4,M4_C00096,0,351,0.0,False,True,3
M4|C00096,mCherry-low,M4,M4_C00096,0,351,0.0,False,True,3
M4|C00096,mCherry-low,M4,M4_C00096,0,351,0.0,False,True,3
M4|C00096,mCherry-low,M4,M4_C00096,2,351,2.0,False,False,0
M4|C00096,mCherry-low,M4,M4_C00096,2,351,2.0,False,False,0
M4|C00098,mCherry-low,M4,M4_C00098,7,351,7.0,False,False,0
M4|C00098,mCherry-low,M4,M4_C00098,5,351,5.0,False,False,0
M4|C00098,mCherry-low,M4,M4_C00098,5,351,5.0,False,False,0
M4|C00098,mCherry-low,M4,M4_C00098,10,351,10.0,False,False,0
M4|C00099,mCherry-high,M4,M4_C00099,3,350,3.0,False,False,0
M4|C00099,mCherry-high,M4,M4_C00099,6,350,6.0,False,False,0
M4|C00099,mCherry-low,M4,M4_C00099,3,350,3.0,False,False,0
M4|C00099,mCherry-low,M4,M4_C00099,3,350,3.0,True,False,1
M4|C00099,mCherry-low,M4,M4_C00099,5,350,5.0,False,False,0
M4|C00100,mCherry-high,M4,M4_C00100,0,351,0.0,False,True,4
M4|C00100,mCherry-high,M4,M4_C00100,1,351,1.0,False,False,0
M4|C00100,mCherry-low,M4,M4_C00100,3,351,3.0,False,False,0
M4|C00100,mCherry-low,M4,M4_C00100,2,351,2.0,False,False,0
M4|C00100,mCherry-high,M4,M4_C00100,1,351,1.0,False,False,0
M4|C00101,mCherry-high,M4,M4_C00101,3,351,3.0,False,False,0
M4|C00101,mCherry-high,M4,M4_C00101,2,351,2.0,False,False,0
M4|C00101,mCherry-low,M4,M4_C00101,1,351,1.0,False,False,0
M4|C00101,mCherry-low,M4,M4_C00101,2,351,2.0,False,False,0
M4|C00101,mCherry-low,M4,M4_C00101,9,351,9.0,False,False,0
M4|C00102,mCherry-high,M4,M4_C00102,0,351,0.0,False,True,3
M4|C00102,mCherry-high,M4,M4_C00102,1,351,1.0,False,False,0
M4|C00102,mCherry-low,M4,M4_C00102,3,351,3.0,False,False,0
M4|C00102,mCherry-high,M4,M4_C00102,2,351,2.0,False,False,0
M4|C00103,mCherry-high,M4,M4_C00103,0,351,0.0,False,True,4
M4|C00103,mCherry-high,M4,M4_C00103,7,351,7.0,False,False,0
M4|C00103,mCherry-high,M4,M4_C00103,2,351,2.0,False,False,0
M4|C00103,mCherry-high,M4,M4_C00103,4,351,4.0,False,False,0
M4|C00103,mCherry-high,M4,M4_C00103,2,351,2.0,False,False,0
M4|C00104,mCherry-low,M4,M4_C00104,0,351,0.0,False,True,4
M4|C00104,mCherry-low,M4,M4_C00104,2,351,2.0,False,False,0
M4|C00104,mCherry-low,M4,M4_C00104,1,351,1.0,False,False,0
M4|C00104,mCherry-low,M4,M4_C00104,1,351,1.0,False,False,0
M4|C00104,mCherry-low,M4,M4_C00104,3,351,3.0,False,False,0
M4|C00105,mCherry-high,M4,M4_C00105,0,351,0.0,False,True,2
M4|C00105,mCherry-high,M4,M4_C00105,0,351,0.0,False,True,2
M4|C00105,mCherry-high,M4,M4_C00105,2,351,2.0,False,False,0
M4|C00105,mCherry-high,M4,M4_C00105,2,351,2.0,False,False,0
M4|C00106,mCherry-high,M4,M4_C00106,2,350,2.0,False,False,0
M4|C00106,mCherry-low,M4,M4_C00106,2,350,2.0,False,False,0
M4|C00106,mCherry-low,M4,M4_C00106,2,350,2.0,True,False,1
M4|C00106,mCherry-low,M4,M4_C00106,8,350,8.0,False,False,0
M4|C00108,mCherry-low,M4,M4_C00108,0,351,0.0,False,True,2
M4|C00108,mCherry-low,M4,M4_C00108,0,351,0.0,False,True,2
M4|C00108,mCherry-low,M4,M4_C00108,1,351,1.0,False,False,0
M4|C00108,mCherry-low,M4,M4_C00108,3,351,3.0,False,False,0
M4|C00109,mCherry-low,M4,M4_C00109,0,351,0.0,False,True,3
M4|C00109,mCherry-low,M4,M4_C00109,2,351,2.0,False,False,0
M4|C00109,mCherry-low,M4,M4_C00109,2,351,2.0,False,False,0
M4|C00109,mCherry-low,M4,M4_C00109,1,351,1.0,False,False,0
M4|C00110,mCherry-high,M4,M4_C00110,4,351,4.0,False,False,0
M4|C00110,mCherry-high,M4,M4_C00110,3,351,3.0,False,False,0
M4|C00110,mCherry-high,M4,M4_C00110,3,351,3.0,False,False,0
M4|C00110,mCherry-high,M4,M4_C00110,3,351,3.0,False,False,0
M4|C00111,mCherry-low,M4,M4_C00111,0,351,0.0,False,True,3
M4|C00111,mCherry-low,M4,M4_C00111,3,351,3.0,False,False,0
M4|C00111,mCherry-high,M4,M4_C00111,2,351,2.0,False,False,0
M4|C00111,mCherry-low,M4,M4_C00111,1,351,1.0,False,False,0
M4|C00112,mCherry-low,M4,M4_C00112,0,351,0.0,False,True,3
M4|C00112,mCherry-high,M4,M4_C00112,5,351,5.0,False,False,0
M4|C00112,mCherry-high,M4,M4_C00112,1,351,1.0,False,False,0
M4|C00112,mCherry-low,M4,M4_C00112,2,351,2.0,False,False,0
M4|C00113,mCherry-low,M4,M4_C00113,0,351,0.0,False,True,2
M4|C00113,mCherry-high,M4,M4_C00113,0,351,0.0,False,True,2
M4|C00113,mCherry-low,M4,M4_C00113,3,351,3.0,False,False,0
M4|C00113,mCherry-high,M4,M4_C00113,2,351,2.0,False,False,0
M4|C00114,mCherry-high,M4,M4_C00114,3,351,3.0,False,False,0
M4|C00114,mCherry-high,M4,M4_C00114,4,351,4.0,False,False,0
M4|C00114,mCherry-high,M4,M4_C00114,3,351,3.0,False,False,0
M4|C00114,mCherry-high,M4,M4_C00114,4,351,4.0,False,False,0
M4|C00115,mCherry-high,M4,M4_C00115,0,351,0.0,False,True,2
M4|C00115,mCherry-high,M4,M4_C00115,4,351,4.0,False,False,0
M4|C00115,mCherry-high,M4,M4_C00115,1,351,1.0,False,False,0
M4|C00115,mCherry-high,M4,M4_C00115,1,351,1.0,False,False,0
M4|C00116,mCherry-low,M4,M4_C00116,0,351,0.0,False,True,3
M4|C00116,mCherry-low,M4,M4_C00116,2,351,2.0,False,False,0
M4|C00116,mCherry-low,M4,M4_C00116,2,351,2.0,False,False,0
M4|C00116,mCherry-low,M4,M4_C00116,1,351,1.0,False,False,0
M4|C00117,mCherry-low,M4,M4_C00117,1,351,1.0,True,False,3
M4|C00117,mCherry-high,M4,M4_C00117,5,351,5.0,False,False,0
M4|C00117,mCherry-low,M4,M4_C00117,2,351,2.0,False,False,0
M4|C00117,mCherry-low,M4,M4_C00117,2,351,2.0,False,False,0
M4|C00118,mCherry-low,M4,M4_C00118,0,353,0.0,False,True,3
M4|C00118,mCherry-low,M4,M4_C00118,1,353,1.0,False,False,0
M4|C00118,mCherry-low,M4,M4_C00118,2,353,2.0,False,False,0
M4|C00118,mCherry-low,M4,M4_C00118,1,353,1.0,False,False,0
M4|C00120,mCherry-low,M4,M4_C00120,3,356,3.0,False,False,0
M4|C00120,mCherry-low,M4,M4_C00120,5,356,5.0,False,False,0
M4|C00120,mCherry-low,M4,M4_C00120,4,356,4.0,False,False,0
M4|C00120,mCherry-low,M4,M4_C00120,3,356,3.0,False,False,0
M4|C00121,mCherry-low,M4,M4_C00121,0,351,0.0,False,True,2
M4|C00121,mCherry-low,M4,M4_C00121,0,351,0.0,False,True,2
M4|C00121,mCherry-low,M4,M4_C00121,2,351,2.0,False,False,0
M4|C00121,mCherry-low,M4,M4_C00121,3,351,3.0,False,False,0
M4|C00122,mCherry-high,M4,M4_C00122,0,351,0.0,False,True,3
M4|C00122,mCherry-low,M4,M4_C00122,3,351,3.0,False,False,0
M4|C00122,mCherry-low,M4,M4_C00122,3,351,3.0,False,False,0
M4|C00122,mCherry-high,M4,M4_C00122,2,351,2.0,False,False,0
M4|C00123,mCherry-high,M4,M4_C00123,0,351,0.0,False,True,3
M4|C00123,mCherry-low,M4,M4_C00123,2,351,2.0,False,False,0
M4|C00123,mCherry-high,M4,M4_C00123,1,351,1.0,True,False,1
M4|C00123,mCherry-high,M4,M4_C00123,2,351,2.0,False,False,0
M4|C00124,mCherry-low,M4,M4_C00124,0,351,0.0,False,True,4
M4|C00124,mCherry-low,M4,M4_C00124,3,351,3.0,False,False,0
M4|C00124,mCherry-high,M4,M4_C00124,5,351,5.0,False,False,0
M4|C00124,mCherry-high,M4,M4_C00124,3,351,3.0,False,False,0
M4|C00125,mCherry-low,M4,M4_C00125,0,351,0.0,False,True,3
M4|C00125,mCherry-low,M4,M4_C00125,3,351,3.0,False,False,0
M4|C00125,mCherry-high,M4,M4_C00125,4,351,4.0,False,False,0
M4|C00125,mCherry-low,M4,M4_C00125,3,351,3.0,False,False,0
M4|C00126,mCherry-high,M4,M4_C00126,0,351,0.0,False,True,2
M4|C00126,mCherry-high,M4,M4_C00126,0,351,0.0,False,True,2
M4|C00126,mCherry-high,M4,M4_C00126,2,351,2.0,False,False,0
M4|C00126,mCherry-high,M4,M4_C00126,3,351,3.0,False,False,0
M4|C00127,mCherry-low,M4,M4_C00127,0,351,0.0,False,True,2
M4|C00127,mCherry-high,M4,M4_C00127,0,351,0.0,False,True,2
M4|C00127,mCherry-high,M4,M4_C00127,2,351,2.0,False,False,0
M4|C00127,mCherry-low,M4,M4_C00127,1,351,1.0,False,False,0
M4|C00129,mCherry-low,M4,M4_C00129,1,351,1.0,True,False,2
M4|C00129,mCherry-high,M4,M4_C00129,1,351,1.0,True,False,2
M4|C00129,mCherry-low,M4,M4_C00129,2,351,2.0,False,False,0
M4|C00129,mCherry-low,M4,M4_C00129,2,351,2.0,False,False,0
M4|C00130,mCherry-high,M4,M4_C00130,2,351,2.0,False,False,0
M4|C00130,mCherry-high,M4,M4_C00130,4,351,4.0,False,False,0
M4|C00130,mCherry-high,M4,M4_C00130,3,351,3.0,False,False,0
M4|C00130,mCherry-high,M4,M4_C00130,3,351,3.0,False,False,0
M4|C00131,mCherry-high,M4,M4_C00131,0,351,0.0,False,True,3
M4|C00131,mCherry-low,M4,M4_C00131,3,351,3.0,False,False,0
M4|C00131,mCherry-low,M4,M4_C00131,1,351,1.0,False,False,0
M4|C00131,mCherry-low,M4,M4_C00131,3,351,3.0,False,False,0
M4|C00132,mCherry-low,M4,M4_C00132,0,354,0.0,False,True,4
M4|C00132,mCherry-low,M4,M4_C00132,3,354,3.0,False,False,0
M4|C00132,mCherry-low,M4,M4_C00132,2,354,2.0,False,False,0
M4|C00132,mCherry-high,M4,M4_C00132,3,354,3.0,False,False,0
M4|C00134,mCherry-high,M4,M4_C00134,2,351,2.0,False,False,0
M4|C00134,mCherry-high,M4,M4_C00134,5,351,5.0,False,False,0
M4|C00134,mCherry-high,M4,M4_C00134,2,351,2.0,False,False,0
M4|C00135,mCherry-low,M4,M4_C00135,3,351,3.0,False,False,0
M4|C00135,mCherry-low,M4,M4_C00135,5,351,5.0,True,False,1
M4|C00135,mCherry-low,M4,M4_C00135,6,351,6.0,False,False,0
M4|C00137,mCherry-high,M4,M4_C00137,4,350,4.0,False,False,0
M4|C00137,mCherry-high,M4,M4_C00137,10,350,10.0,False,False,0
M4|C00137,mCherry-low,M4,M4_C00137,5,350,5.0,False,False,0
M4|C00138,mCherry-high,M4,M4_C00138,0,351,0.0,False,True,2
M4|C00138,mCherry-low,M4,M4_C00138,7,351,7.0,False,False,0
M4|C00138,mCherry-low,M4,M4_C00138,10,351,10.0,False,False,0
M4|C00139,mCherry-high,M4,M4_C00139,3,358,4.0,False,False,0
M4|C00139,mCherry-high,M4,M4_C00139,4,358,4.0,False,False,0
M4|C00139,mCherry-low,M4,M4_C00139,6,358,6.0,False,False,0
M4|C00140,mCherry-high,M4,M4_C00140,6,351,6.0,False,False,0
M4|C00140,mCherry-high,M4,M4_C00140,2,351,2.0,False,False,0
M4|C00140,mCherry-high,M4,M4_C00140,2,351,2.0,False,False,0
M4|C00141,mCherry-low,M4,M4_C00141,1,361,1.0,True,False,2
M4|C00141,mCherry-low,M4,M4_C00141,4,361,4.0,False,False,0
M4|C00141,mCherry-low,M4,M4_C00141,2,361,2.0,False,False,0
M4|C00142,mCherry-high,M4,M4_C00142,2,351,2.0,True,False,2
M4|C00142,mCherry-high,M4,M4_C00142,3,351,3.0,False,False,0
M4|C00142,mCherry-low,M4,M4_C00142,4,351,4.0,False,False,0
M4|C00143,mCherry-high,M4,M4_C00143,1,351,1.0,False,False,0
M4|C00143,mCherry-low,M4,M4_C00143,1,351,1.0,False,False,0
M4|C00143,mCherry-low,M4,M4_C00143,5,351,5.0,False,False,0
M4|C00144,mCherry-high,M4,M4_C00144,6,357,6.0,False,False,0
M4|C00144,mCherry-high,M4,M4_C00144,6,357,6.0,False,False,0
M4|C00144,mCherry-high,M4,M4_C00144,5,357,5.0,False,False,0
M4|C00145,mCherry-low,M4,M4_C00145,0,351,0.0,False,True,2
M4|C00145,mCherry-low,M4,M4_C00145,1,351,1.0,False,False,0
M4|C00145,mCherry-low,M4,M4_C00145,1,351,1.0,False,False,0
M4|C00146,mCherry-low,M4,M4_C00146,1,351,1.0,True,False,1
M4|C00146,mCherry-high,M4,M4_C00146,1,351,1.0,True,False,1
M4|C00146,mCherry-high,M4,M4_C00146,2,351,2.0,False,False,0
M4|C00147,mCherry-low,M4,M4_C00147,0,351,0.0,False,True,2
M4|C00147,mCherry-low,M4,M4_C00147,2,351,2.0,False,False,0
M4|C00147,mCherry-low,M4,M4_C00147,4,351,4.0,False,False,0
M4|C00148,mCherry-high,M4,M4_C00148,6,351,6.0,False,False,0
M4|C00148,mCherry-high,M4,M4_C00148,7,351,7.0,False,False,0
M4|C00148,mCherry-high,M4,M4_C00148,6,351,6.0,False,False,0
M4|C00149,mCherry-high,M4,M4_C00149,0,351,0.0,False,True,2
M4|C00149,mCherry-low,M4,M4_C00149,4,351,4.0,True,False,1
M4|C00149,mCherry-low,M4,M4_C00149,7,351,8.0,False,False,0
M4|C00151,mCherry-low,M4,M4_C00151,1,351,1.0,True,False,1
M4|C00151,mCherry-low,M4,M4_C00151,1,351,1.0,True,False,1
M4|C00151,mCherry-low,M4,M4_C00151,2,351,2.0,False,False,0
M4|C00153,mCherry-low,M4,M4_C00153,2,358,2.0,True,False,2
M4|C00153,mCherry-low,M4,M4_C00153,5,358,5.0,False,False,0
M4|C00153,mCherry-high,M4,M4_C00153,4,358,5.0,False,False,0
M4|C00154,mCherry-low,M4,M4_C00154,5,351,5.0,False,False,0
M4|C00154,mCherry-high,M4,M4_C00154,6,351,6.0,False,False,0
M4|C00154,mCherry-high,M4,M4_C00154,3,351,3.0,False,False,0
M4|C00155,mCherry-low,M4,M4_C00155,0,351,0.0,False,True,2
M4|C00155,mCherry-low,M4,M4_C00155,1,351,1.0,False,False,0
M4|C00155,mCherry-high,M4,M4_C00155,4,351,4.0,False,False,0
M4|C00156,mCherry-high,M4,M4_C00156,1,351,1.0,True,False,1
M4|C00156,mCherry-high,M4,M4_C00156,2,351,2.0,False,False,0
M4|C00156,mCherry-high,M4,M4_C00156,2,351,2.0,False,False,0
M4|C00157,mCherry-low,M4,M4_C00157,3,351,3.0,False,False,0
M4|C00157,mCherry-high,M4,M4_C00157,3,351,3.0,True,False,1
M4|C00157,mCherry-high,M4,M4_C00157,5,351,5.0,False,False,0
M4|C00158,mCherry-low,M4,M4_C00158,2,351,2.0,False,False,0
M4|C00158,mCherry-high,M4,M4_C00158,5,351,5.0,False,False,0
M4|C00158,mCherry-low,M4,M4_C00158,4,351,4.0,False,False,0
M4|C00162,mCherry-low,M4,M4_C00162,3,359,3.0,False,False,0
M4|C00162,mCherry-low,M4,M4_C00162,6,359,6.0,False,False,0
M4|C00162,mCherry-low,M4,M4_C00162,6,359,6.0,False,False,0
M4|C00163,mCherry-low,M4,M4_C00163,0,359,0.0,False,True,2
M4|C00163,mCherry-low,M4,M4_C00163,3,359,3.0,False,False,0
M4|C00163,mCherry-low,M4,M4_C00163,1,359,1.0,False,False,0
M4|C00164,mCherry-low,M4,M4_C00164,1,351,1.0,False,False,0
M4|C00164,mCherry-high,M4,M4_C00164,1,351,1.0,False,False,0
M4|C00164,mCherry-low,M4,M4_C00164,1,351,1.0,False,False,0
M4|C00165,mCherry-low,M4,M4_C00165,1,351,1.0,True,False,2
M4|C00165,mCherry-low,M4,M4_C00165,3,351,3.0,False,False,0
M4|C00165,mCherry-low,M4,M4_C00165,2,351,2.0,False,False,0
M4|C00166,mCherry-low,M4,M4_C00166,1,351,1.0,True,False,2
M4|C00166,mCherry-high,M4,M4_C00166,3,351,3.0,False,False,0
M4|C00166,mCherry-low,M4,M4_C00166,2,351,2.0,False,False,0
M4|C00167,mCherry-low,M4,M4_C00167,0,353,0.0,False,True,2
M4|C00167,mCherry-low,M4,M4_C00167,4,353,4.0,False,False,0
M4|C00167,mCherry-low,M4,M4_C00167,4,353,4.0,False,False,0
M4|C00168,mCherry-low,M4,M4_C00168,0,350,0.0,False,True,2
M4|C00168,mCherry-low,M4,M4_C00168,1,350,1.0,False,False,0
M4|C00168,mCherry-low,M4,M4_C00168,1,350,1.0,False,False,0
M4|C00169,mCherry-low,M4,M4_C00169,2,359,2.0,True,False,1
M4|C00169,mCherry-high,M4,M4_C00169,2,359,2.0,True,False,1
M4|C00169,mCherry-low,M4,M4_C00169,3,359,3.0,False,False,0
M4|C00171,mCherry-low,M4,M4_C00171,0,351,0.0,False,True,2
M4|C00171,mCherry-high,M4,M4_C00171,6,351,6.0,False,False,0
M4|C00171,mCherry-high,M4,M4_C00171,4,351,4.0,False,False,0
M5|C00002,mCherry-high,M5,M5_C00002,2,351,2.0,False,False,0
M5|C00002,mCherry-low,M5,M5_C00002,2,351,2.0,True,False,75
M5|C00002,mCherry-low,M5,M5_C00002,2,351,2.0,True,False,75
M5|C00002,mCherry-low,M5,M5_C00002,2,351,2.0,True,False,75
M5|C00002,mCherry-low,M5,M5_C00002,2,351,2.0,True,False,75
M5|C00002,mCherry-low,M5,M5_C00002,2,351,2.0,True,False,75
M5|C00002,mCherry-low,M5,M5_C00002,2,351,2.0,True,False,75
M5|C00002,mCherry-low,M5,M5_C00002,2,351,2.0,True,False,75
M5|C00002,mCherry-low,M5,M5_C00002,2,351,2.0,True,False,75
M5|C00002,mCherry-low,M5,M5_C00002,2,351,2.0,True,False,75
M5|C00002,mCherry-low,M5,M5_C00002,2,351,2.0,True,False,75
M5|C00002,mCherry-high,M5,M5_C00002,2,351,2.0,True,False,75
M5|C00002,mCherry-high,M5,M5_C00002,2,351,2.0,True,False,75
M5|C00002,mCherry-high,M5,M5_C00002,2,351,2.0,True,False,75
M5|C00002,mCherry-high,M5,M5_C00002,2,351,2.0,True,False,75
M5|C00002,mCherry-high,M5,M5_C00002,2,351,2.0,True,False,75
M5|C00002,mCherry-high,M5,M5_C00002,2,351,2.0,True,False,75
M5|C00002,mCherry-high,M5,M5_C00002,2,351,2.0,True,False,75
M5|C00002,mCherry-high,M5,M5_C00002,2,351,2.0,True,False,75
M5|C00002,mCherry-high,M5,M5_C00002,5,351,5.0,False,False,0
M5|C00002,mCherry-high,M5,M5_C00002,7,351,7.0,False,False,0
M5|C00002,mCherry-high,M5,M5_C00002,6,351,6.0,False,False,0
M5|C00002,mCherry-low,M5,M5_C00002,6,351,6.0,False,False,0
M5|C00002,mCherry-high,M5,M5_C00002,4,351,4.0,False,False,0
M5|C00002,mCherry-high,M5,M5_C00002,3,351,3.0,False,False,0
M5|C00002,mCherry-high,M5,M5_C00002,4,351,4.0,False,False,0
M5|C00002,mCherry-low,M5,M5_C00002,4,351,4.0,False,False,0
M5|C00002,mCherry-high,M5,M5_C00002,3,351,3.0,False,False,0
M5|C00002,mCherry-high,M5,M5_C00002,5,351,5.0,False,False,0
M5|C00002,mCherry-low,M5,M5_C00002,4,351,4.0,False,False,0
M5|C00002,mCherry-low,M5,M5_C00002,3,351,3.0,False,False,0
M5|C00002,mCherry-low,M5,M5_C00002,3,351,3.0,False,False,0
M5|C00002,mCherry-high,M5,M5_C00002,3,351,3.0,False,False,0
M5|C00002,mCherry-high,M5,M5_C00002,3,351,3.0,False,False,0
M5|C00002,mCherry-high,M5,M5_C00002,3,351,3.0,False,False,0
M5|C00002,mCherry-high,M5,M5_C00002,3,351,3.0,False,False,0
M5|C00002,mCherry-high,M5,M5_C00002,4,351,4.0,False,False,0
M5|C00002,mCherry-high,M5,M5_C00002,4,351,4.0,False,False,0
M5|C00002,mCherry-low,M5,M5_C00002,3,351,3.0,False,False,0
M5|C00002,mCherry-low,M5,M5_C00002,3,351,3.0,False,False,0
M5|C00002,mCherry-high,M5,M5_C00002,3,351,3.0,False,False,0
M5|C00002,mCherry-high,M5,M5_C00002,3,351,3.0,False,False,0
M5|C00002,mCherry-high,M5,M5_C00002,3,351,3.0,True,False,1
M5|C00002,mCherry-high,M5,M5_C00002,4,351,4.0,True,False,1
M5|C00002,mCherry-high,M5,M5_C00002,3,351,3.0,True,False,1
M5|C00002,mCherry-low,M5,M5_C00002,3,351,3.0,False,False,0
M5|C00002,mCherry-low,M5,M5_C00002,3,351,3.0,False,False,0
M5|C00002,mCherry-low,M5,M5_C00002,3,351,3.0,True,False,2
M5|C00002,mCherry-high,M5,M5_C00002,3,351,3.0,True,False,3
M5|C00002,mCherry-high,M5,M5_C00002,3,351,3.0,True,False,11
M5|C00002,mCherry-low,M5,M5_C00002,5,351,5.0,True,False,9
M5|C00002,mCherry-low,M5,M5_C00002,5,351,5.0,True,False,9
M5|C00002,mCherry-low,M5,M5_C00002,5,351,5.0,True,False,9
M5|C00002,mCherry-low,M5,M5_C00002,5,351,5.0,True,False,9
M5|C00002,mCherry-low,M5,M5_C00002,3,351,3.0,True,False,8
M5|C00002,mCherry-low,M5,M5_C00002,3,351,3.0,True,False,8
M5|C00002,mCherry-low,M5,M5_C00002,3,351,3.0,True,False,8
M5|C00002,mCherry-low,M5,M5_C00002,3,351,3.0,True,False,8
M5|C00002,mCherry-high,M5,M5_C00002,3,351,3.0,True,False,8
M5|C00002,mCherry-high,M5,M5_C00002,3,351,3.0,True,False,8
M5|C00002,mCherry-high,M5,M5_C00002,3,351,3.0,True,False,8
M5|C00002,mCherry-high,M5,M5_C00002,6,351,6.0,False,False,0
M5|C00002,mCherry-low,M5,M5_C00002,5,351,5.0,False,False,0
M5|C00002,mCherry-low,M5,M5_C00002,4,351,4.0,False,False,0
M5|C00002,mCherry-high,M5,M5_C00002,5,351,5.0,False,False,0
M5|C00002,mCherry-low,M5,M5_C00002,6,351,6.0,False,False,0
M5|C00002,mCherry-high,M5,M5_C00002,4,351,4.0,False,False,0
M5|C00002,mCherry-low,M5,M5_C00002,5,351,5.0,False,False,0
M5|C00002,mCherry-high,M5,M5_C00002,6,351,7.0,False,False,0
M5|C00002,mCherry-low,M5,M5_C00002,6,351,6.0,False,False,0
M5|C00002,mCherry-low,M5,M5_C00002,5,351,5.0,False,False,0
M5|C00002,mCherry-high,M5,M5_C00002,7,351,7.0,False,False,0
M5|C00002,mCherry-low,M5,M5_C00002,9,351,9.0,False,False,0
M5|C00002,mCherry-high,M5,M5_C00002,6,351,6.0,False,False,0
M5|C00002,mCherry-high,M5,M5_C00002,6,351,6.0,False,False,0
M5|C00002,mCherry-high,M5,M5_C00002,7,351,7.0,False,False,0
M5|C00002,mCherry-low,M5,M5_C00002,7,351,7.0,False,False,0
M5|C00002,mCherry-high,M5,M5_C00002,4,351,4.0,False,False,0
M5|C00002,mCherry-low,M5,M5_C00002,7,351,7.0,False,False,0
M5|C00002,mCherry-low,M5,M5_C00002,5,351,5.0,False,False,0
M5|C00002,mCherry-high,M5,M5_C00002,5,351,5.0,False,False,0
M5|C00002,mCherry-low,M5,M5_C00002,4,351,4.0,False,False,0
M5|C00002,mCherry-low,M5,M5_C00002,4,351,4.0,False,False,0
M5|C00002,mCherry-low,M5,M5_C00002,7,351,7.0,False,False,0
M5|C00002,mCherry-low,M5,M5_C00002,6,351,6.0,False,False,0
M5|C00002,mCherry-high,M5,M5_C00002,8,351,8.0,False,False,0
M5|C00002,mCherry-high,M5,M5_C00002,6,351,6.0,False,False,0
M5|C00002,mCherry-low,M5,M5_C00002,6,351,6.0,False,False,0
M5|C00002,mCherry-low,M5,M5_C00002,6,351,6.0,False,False,0
M5|C00002,mCherry-high,M5,M5_C00002,7,351,7.0,False,False,0
M5|C00002,mCherry-high,M5,M5_C00002,5,351,5.0,True,False,3
M5|C00002,mCherry-high,M5,M5_C00002,7,351,7.0,False,False,0
M5|C00002,mCherry-low,M5,M5_C00002,11,351,11.0,False,False,0
M5|C00002,mCherry-low,M5,M5_C00002,6,351,6.0,False,False,0
M5|C00002,mCherry-low,M5,M5_C00002,9,351,9.0,False,False,0
M5|C00002,mCherry-low,M5,M5_C00002,7,351,7.0,False,False,0
M5|C00002,mCherry-high,M5,M5_C00002,6,351,6.0,False,False,0
M5|C00002,mCherry-high,M5,M5_C00002,8,351,8.0,False,False,0
M5|C00004,mCherry-low,M5,M5_C00004,0,351,0.0,False,True,50
M5|C00004,mCherry-high,M5,M5_C00004,0,351,0.0,False,True,50
M5|C00004,mCherry-low,M5,M5_C00004,1,351,1.0,False,False,0
M5|C00004,mCherry-low,M5,M5_C00004,3,351,3.0,False,False,0
M5|C00004,mCherry-high,M5,M5_C00004,2,351,2.0,False,False,0
M5|C00004,mCherry-low,M5,M5_C00004,1,351,1.0,False,False,0
M5|C00004,mCherry-high,M5,M5_C00004,2,351,2.0,False,False,0
M5|C00004,mCherry-high,M5,M5_C00004,2,351,2.0,False,False,0
M5|C00004,mCherry-high,M5,M5_C00004,4,351,4.0,False,False,0
M5|C00004,mCherry-low,M5,M5_C00004,5,351,5.0,False,False,0
M5|C00004,mCherry-high,M5,M5_C00004,2,351,2.0,False,False,0
M5|C00004,mCherry-high,M5,M5_C00004,1,351,1.0,True,False,1
M5|C00004,mCherry-low,M5,M5_C00004,1,351,1.0,True,False,1
M5|C00004,mCherry-low,M5,M5_C00004,1,351,1.0,True,False,6
M5|C00004,mCherry-high,M5,M5_C00004,5,351,5.0,False,False,0
M5|C00004,mCherry-high,M5,M5_C00004,3,351,3.0,False,False,0
M5|C00004,mCherry-high,M5,M5_C00004,3,351,3.0,False,False,0
M5|C00004,mCherry-high,M5,M5_C00004,6,351,6.0,False,False,0
M5|C00004,mCherry-high,M5,M5_C00004,3,351,3.0,False,False,0
M5|C00004,mCherry-low,M5,M5_C00004,8,351,8.0,False,False,0
M5|C00004,mCherry-high,M5,M5_C00004,2,351,2.0,False,False,0
M5|C00004,mCherry-low,M5,M5_C00004,4,351,4.0,False,False,0
M5|C00004,mCherry-high,M5,M5_C00004,4,351,4.0,False,False,0
M5|C00004,mCherry-low,M5,M5_C00004,7,351,7.0,False,False,0
M5|C00004,mCherry-high,M5,M5_C00004,5,351,5.0,False,False,0
M5|C00004,mCherry-low,M5,M5_C00004,2,351,2.0,True,False,1
M5|C00004,mCherry-low,M5,M5_C00004,4,351,4.0,False,False,0
M5|C00004,mCherry-low,M5,M5_C00004,2,351,2.0,True,False,1
M5|C00004,mCherry-high,M5,M5_C00004,2,351,2.0,True,False,1
M5|C00004,mCherry-low,M5,M5_C00004,3,351,3.0,False,False,0
M5|C00004,mCherry-high,M5,M5_C00004,3,351,3.0,False,False,0
M5|C00004,mCherry-low,M5,M5_C00004,2,351,2.0,False,False,0
M5|C00004,mCherry-low,M5,M5_C00004,6,351,6.0,False,False,0
M5|C00004,mCherry-high,M5,M5_C00004,5,351,5.0,False,False,0
M5|C00004,mCherry-low,M5,M5_C00004,3,351,3.0,False,False,0
M5|C00004,mCherry-low,M5,M5_C00004,7,351,8.0,False,False,0
M5|C00004,mCherry-low,M5,M5_C00004,7,351,7.0,False,False,0
M5|C00004,mCherry-low,M5,M5_C00004,4,351,4.0,False,False,0
M5|C00004,mCherry-low,M5,M5_C00004,4,351,4.0,False,False,0
M5|C00004,mCherry-low,M5,M5_C00004,4,351,4.0,False,False,0
M5|C00004,mCherry-low,M5,M5_C00004,5,351,7.0,False,False,0
M5|C00004,mCherry-low,M5,M5_C00004,4,351,4.0,True,False,1
M5|C00004,mCherry-low,M5,M5_C00004,5,351,5.0,False,False,0
M5|C00005,mCherry-low,M5,M5_C00005,3,357,3.0,True,False,31
M5|C00005,mCherry-low,M5,M5_C00005,3,357,3.0,True,False,31
M5|C00005,mCherry-low,M5,M5_C00005,3,357,3.0,True,False,31
M5|C00005,mCherry-low,M5,M5_C00005,3,357,3.0,True,False,31
M5|C00005,mCherry-high,M5,M5_C00005,3,357,3.0,True,False,31
M5|C00005,mCherry-high,M5,M5_C00005,3,357,3.0,True,False,31
M5|C00005,mCherry-high,M5,M5_C00005,3,357,3.0,True,False,31
M5|C00005,mCherry-low,M5,M5_C00005,4,357,4.0,False,False,0
M5|C00005,mCherry-low,M5,M5_C00005,7,357,7.0,False,False,0
M5|C00005,mCherry-high,M5,M5_C00005,4,357,4.0,False,False,0
M5|C00005,mCherry-high,M5,M5_C00005,4,357,4.0,False,False,0
M5|C00005,mCherry-high,M5,M5_C00005,5,357,5.0,False,False,0
M5|C00005,mCherry-low,M5,M5_C00005,5,357,5.0,False,False,0
M5|C00005,mCherry-low,M5,M5_C00005,8,357,8.0,False,False,0
M5|C00005,mCherry-low,M5,M5_C00005,4,357,4.0,False,False,0
M5|C00005,mCherry-low,M5,M5_C00005,5,357,5.0,False,False,0
M5|C00005,mCherry-low,M5,M5_C00005,4,357,4.0,True,False,1
M5|C00005,mCherry-high,M5,M5_C00005,4,357,4.0,True,False,1
M5|C00005,mCherry-high,M5,M5_C00005,4,357,4.0,True,False,1
M5|C00005,mCherry-high,M5,M5_C00005,4,357,4.0,True,False,1
M5|C00005,mCherry-low,M5,M5_C00005,4,357,4.0,True,False,1
M5|C00005,mCherry-low,M5,M5_C00005,4,357,4.0,True,False,5
M5|C00005,mCherry-low,M5,M5_C00005,4,357,4.0,True,False,5
M5|C00005,mCherry-low,M5,M5_C00005,6,357,6.0,False,False,0
M5|C00005,mCherry-high,M5,M5_C00005,7,357,7.0,False,False,0
M5|C00005,mCherry-high,M5,M5_C00005,5,357,5.0,False,False,0
M5|C00005,mCherry-low,M5,M5_C00005,5,357,5.0,False,False,0
M5|C00005,mCherry-low,M5,M5_C00005,5,357,5.0,False,False,0
M5|C00005,mCherry-low,M5,M5_C00005,5,357,5.0,False,False,0
M5|C00005,mCherry-low,M5,M5_C00005,6,357,6.0,False,False,0
M5|C00005,mCherry-low,M5,M5_C00005,6,357,6.0,False,False,0
M5|C00005,mCherry-low,M5,M5_C00005,5,357,5.0,False,False,0
M5|C00005,mCherry-low,M5,M5_C00005,11,357,11.0,False,False,0
M5|C00005,mCherry-low,M5,M5_C00005,9,357,9.0,False,False,0
M5|C00005,mCherry-low,M5,M5_C00005,8,357,8.0,False,False,0
M5|C00005,mCherry-low,M5,M5_C00005,7,357,7.0,False,False,0
M5|C00005,mCherry-high,M5,M5_C00005,11,357,11.0,False,False,0
M5|C00006,mCherry-low,M5,M5_C00006,1,350,1.0,True,False,19
M5|C00006,mCherry-low,M5,M5_C00006,1,350,1.0,True,False,19
M5|C00006,mCherry-high,M5,M5_C00006,1,350,1.0,True,False,19
M5|C00006,mCherry-high,M5,M5_C00006,4,350,4.0,False,False,0
M5|C00006,mCherry-high,M5,M5_C00006,2,350,2.0,False,False,0
M5|C00006,mCherry-low,M5,M5_C00006,3,350,3.0,False,False,0
M5|C00006,mCherry-low,M5,M5_C00006,3,350,3.0,False,False,0
M5|C00006,mCherry-high,M5,M5_C00006,4,350,4.0,False,False,0
M5|C00006,mCherry-high,M5,M5_C00006,2,350,2.0,False,False,0
M5|C00006,mCherry-high,M5,M5_C00006,2,350,2.0,False,False,0
M5|C00006,mCherry-high,M5,M5_C00006,6,350,6.0,True,False,1
M5|C00006,mCherry-high,M5,M5_C00006,7,350,7.0,False,False,0
M5|C00006,mCherry-high,M5,M5_C00006,7,350,7.0,False,False,0
M5|C00006,mCherry-low,M5,M5_C00006,5,350,5.0,False,False,0
M5|C00006,mCherry-high,M5,M5_C00006,5,350,5.0,False,False,0
M5|C00006,mCherry-low,M5,M5_C00006,5,350,5.0,False,False,0
M5|C00006,mCherry-high,M5,M5_C00006,5,350,5.0,False,False,0
M5|C00006,mCherry-high,M5,M5_C00006,5,350,5.0,False,False,0
M5|C00006,mCherry-high,M5,M5_C00006,3,350,3.0,True,False,1
M5|C00006,mCherry-high,M5,M5_C00006,8,350,8.0,False,False,0
M5|C00006,mCherry-high,M5,M5_C00006,4,350,6.0,True,False,1
M5|C00006,mCherry-low,M5,M5_C00006,4,350,4.0,False,False,0
M5|C00006,mCherry-low,M5,M5_C00006,4,350,4.0,False,False,0
M5|C00006,mCherry-low,M5,M5_C00006,4,350,4.0,False,False,0
M5|C00006,mCherry-low,M5,M5_C00006,4,350,4.0,False,False,0
M5|C00006,mCherry-low,M5,M5_C00006,4,350,4.0,False,False,0
M5|C00006,mCherry-low,M5,M5_C00006,4,350,4.0,False,False,0
M5|C00006,mCherry-low,M5,M5_C00006,4,350,4.0,False,False,0
M5|C00006,mCherry-low,M5,M5_C00006,4,350,4.0,False,False,0
M5|C00006,mCherry-low,M5,M5_C00006,5,350,7.0,False,False,0
M5|C00009,mCherry-high,M5,M5_C00009,1,358,1.0,True,False,14
M5|C00009,mCherry-high,M5,M5_C00009,2,358,2.0,False,False,0
M5|C00009,mCherry-high,M5,M5_C00009,2,358,2.0,False,False,0
M5|C00009,mCherry-high,M5,M5_C00009,7,358,7.0,False,False,0
M5|C00009,mCherry-high,M5,M5_C00009,3,358,3.0,False,False,0
M5|C00009,mCherry-high,M5,M5_C00009,3,358,3.0,False,False,0
M5|C00009,mCherry-high,M5,M5_C00009,5,358,5.0,False,False,0
M5|C00009,mCherry-high,M5,M5_C00009,2,358,2.0,False,False,0
M5|C00009,mCherry-high,M5,M5_C00009,4,358,4.0,False,False,0
M5|C00009,mCherry-high,M5,M5_C00009,3,358,3.0,False,False,0
M5|C00009,mCherry-high,M5,M5_C00009,6,358,6.0,False,False,0
M5|C00009,mCherry-high,M5,M5_C00009,2,358,2.0,True,False,1
M5|C00009,mCherry-high,M5,M5_C00009,2,358,2.0,True,False,1
M5|C00009,mCherry-high,M5,M5_C00009,3,358,3.0,False,False,0
M5|C00009,mCherry-high,M5,M5_C00009,5,358,5.0,False,False,0
M5|C00010,mCherry-low,M5,M5_C00010,1,351,1.0,True,False,13
M5|C00010,mCherry-low,M5,M5_C00010,1,351,1.0,True,False,13
M5|C00010,mCherry-high,M5,M5_C00010,1,351,1.0,True,False,13
M5|C00010,mCherry-high,M5,M5_C00010,9,351,9.0,False,False,0
M5|C00010,mCherry-high,M5,M5_C00010,3,351,3.0,False,False,0
M5|C00010,mCherry-high,M5,M5_C00010,4,351,4.0,False,False,0
M5|C00010,mCherry-low,M5,M5_C00010,5,351,5.0,False,False,0
M5|C00010,mCherry-high,M5,M5_C00010,3,351,3.0,False,False,0
M5|C00010,mCherry-low,M5,M5_C00010,2,351,2.0,False,False,0
M5|C00010,mCherry-low,M5,M5_C00010,5,351,5.0,False,False,0
M5|C00010,mCherry-low,M5,M5_C00010,7,351,7.0,False,False,0
M5|C00010,mCherry-low,M5,M5_C00010,4,351,4.0,False,False,0
M5|C00010,mCherry-low,M5,M5_C00010,5,351,5.0,False,False,0
M5|C00010,mCherry-low,M5,M5_C00010,4,351,4.0,False,False,0
M5|C00011,mCherry-low,M5,M5_C00011,0,350,0.0,False,True,11
M5|C00011,mCherry-high,M5,M5_C00011,0,350,0.0,False,True,11
M5|C00011,mCherry-high,M5,M5_C00011,0,350,0.0,False,True,11
M5|C00011,mCherry-low,M5,M5_C00011,1,350,1.0,False,False,0
M5|C00011,mCherry-high,M5,M5_C00011,1,350,1.0,False,False,0
M5|C00011,mCherry-high,M5,M5_C00011,1,350,1.0,False,False,0
M5|C00011,mCherry-low,M5,M5_C00011,1,350,1.0,False,False,0
M5|C00011,mCherry-low,M5,M5_C00011,3,350,3.0,False,False,0
M5|C00011,mCherry-low,M5,M5_C00011,1,350,1.0,True,False,2
M5|C00011,mCherry-low,M5,M5_C00011,2,350,2.0,False,False,0
M5|C00011,mCherry-high,M5,M5_C00011,2,350,2.0,False,False,0
M5|C00011,mCherry-low,M5,M5_C00011,3,350,3.0,False,False,0
M5|C00011,mCherry-low,M5,M5_C00011,4,350,4.0,False,False,0
M5|C00012,mCherry-low,M5,M5_C00012,0,358,0.0,False,True,9
M5|C00012,mCherry-high,M5,M5_C00012,0,358,0.0,False,True,9
M5|C00012,mCherry-low,M5,M5_C00012,3,358,3.0,False,False,0
M5|C00012,mCherry-high,M5,M5_C00012,1,358,1.0,False,False,0
M5|C00012,mCherry-low,M5,M5_C00012,4,358,4.0,False,False,0
M5|C00012,mCherry-low,M5,M5_C00012,1,358,1.0,False,False,0
M5|C00012,mCherry-low,M5,M5_C00012,2,358,2.0,False,False,0
M5|C00012,mCherry-low,M5,M5_C00012,1,358,1.0,False,False,0
M5|C00012,mCherry-high,M5,M5_C00012,1,358,1.0,False,False,0
M5|C00012,mCherry-high,M5,M5_C00012,1,358,1.0,False,False,0
M5|C00012,mCherry-low,M5,M5_C00012,1,358,1.0,False,False,0
M5|C00012,mCherry-low,M5,M5_C00012,1,358,1.0,False,False,0
M5|C00013,mCherry-low,M5,M5_C00013,0,351,0.0,False,True,9
M5|C00013,mCherry-high,M5,M5_C00013,0,351,0.0,False,True,9
M5|C00013,mCherry-high,M5,M5_C00013,0,351,0.0,False,True,9
M5|C00013,mCherry-high,M5,M5_C00013,2,351,2.0,False,False,0
M5|C00013,mCherry-high,M5,M5_C00013,7,351,7.0,False,False,0
M5|C00013,mCherry-high,M5,M5_C00013,2,351,2.0,False,False,0
M5|C00013,mCherry-high,M5,M5_C00013,1,351,1.0,False,False,0
M5|C00013,mCherry-high,M5,M5_C00013,2,351,2.0,False,False,0
M5|C00013,mCherry-high,M5,M5_C00013,3,351,3.0,False,False,0
M5|C00013,mCherry-high,M5,M5_C00013,4,351,4.0,False,False,0
M5|C00013,mCherry-high,M5,M5_C00013,4,351,4.0,False,False,0
M5|C00014,mCherry-low,M5,M5_C00014,0,351,0.0,False,True,11
M5|C00014,mCherry-high,M5,M5_C00014,5,351,5.0,False,False,0
M5|C00014,mCherry-low,M5,M5_C00014,6,351,6.0,False,False,0
M5|C00014,mCherry-low,M5,M5_C00014,1,351,1.0,False,False,0
M5|C00014,mCherry-high,M5,M5_C00014,3,351,3.0,False,False,0
M5|C00014,mCherry-low,M5,M5_C00014,1,351,1.0,False,False,0
M5|C00014,mCherry-low,M5,M5_C00014,1,351,1.0,False,False,0
M5|C00014,mCherry-low,M5,M5_C00014,3,351,3.0,False,False,0
M5|C00014,mCherry-high,M5,M5_C00014,3,351,3.0,False,False,0
M5|C00014,mCherry-low,M5,M5_C00014,3,351,3.0,False,False,0
M5|C00014,mCherry-high,M5,M5_C00014,4,351,4.0,False,False,0
M5|C00016,mCherry-high,M5,M5_C00016,0,351,0.0,False,True,5
M5|C00016,mCherry-high,M5,M5_C00016,0,351,0.0,False,True,5
M5|C00016,mCherry-high,M5,M5_C00016,0,351,0.0,False,True,5
M5|C00016,mCherry-high,M5,M5_C00016,0,351,0.0,False,True,5
M5|C00016,mCherry-high,M5,M5_C00016,4,351,4.0,False,False,0
M5|C00016,mCherry-high,M5,M5_C00016,1,351,1.0,False,False,0
M5|C00016,mCherry-high,M5,M5_C00016,1,351,1.0,False,False,0
M5|C00016,mCherry-high,M5,M5_C00016,1,351,1.0,False,False,0
M5|C00016,mCherry-high,M5,M5_C00016,3,351,3.0,False,False,0
M5|C00017,mCherry-high,M5,M5_C00017,0,351,0.0,False,True,11
M5|C00017,mCherry-low,M5,M5_C00017,7,351,7.0,False,False,0
M5|C00017,mCherry-high,M5,M5_C00017,5,351,5.0,False,False,0
M5|C00017,mCherry-low,M5,M5_C00017,3,351,3.0,False,False,0
M5|C00017,mCherry-high,M5,M5_C00017,2,351,2.0,False,False,0
M5|C00017,mCherry-low,M5,M5_C00017,2,351,2.0,False,False,0
M5|C00017,mCherry-low,M5,M5_C00017,2,351,2.0,False,False,0
M5|C00017,mCherry-high,M5,M5_C00017,3,351,3.0,False,False,0
M5|C00017,mCherry-high,M5,M5_C00017,2,351,2.0,False,False,0
M5|C00017,mCherry-high,M5,M5_C00017,6,351,6.0,False,False,0
M5|C00018,mCherry-low,M5,M5_C00018,0,351,0.0,False,True,2
M5|C00018,mCherry-low,M5,M5_C00018,0,351,0.0,False,True,2
M5|C00018,mCherry-low,M5,M5_C00018,0,351,0.0,False,True,2
M5|C00018,mCherry-low,M5,M5_C00018,0,351,0.0,False,True,2
M5|C00018,mCherry-low,M5,M5_C00018,0,351,0.0,False,True,2
M5|C00018,mCherry-low,M5,M5_C00018,0,351,0.0,False,True,2
M5|C00018,mCherry-high,M5,M5_C00018,0,351,0.0,False,True,2
M5|C00018,mCherry-low,M5,M5_C00018,1,351,1.0,False,False,0
M5|C00018,mCherry-low,M5,M5_C00018,1,351,1.0,False,False,0
M5|C00018,mCherry-high,M5,M5_C00018,1,351,1.0,False,False,0
M5|C00019,mCherry-low,M5,M5_C00019,0,351,0.0,False,True,5
M5|C00019,mCherry-low,M5,M5_C00019,0,351,0.0,False,True,5
M5|C00019,mCherry-high,M5,M5_C00019,0,351,0.0,False,True,5
M5|C00019,mCherry-high,M5,M5_C00019,0,351,0.0,False,True,5
M5|C00019,mCherry-high,M5,M5_C00019,3,351,3.0,False,False,0
M5|C00019,mCherry-high,M5,M5_C00019,3,351,3.0,False,False,0
M5|C00019,mCherry-high,M5,M5_C00019,3,351,3.0,False,False,0
M5|C00019,mCherry-high,M5,M5_C00019,3,351,3.0,False,False,0
M5|C00019,mCherry-high,M5,M5_C00019,2,351,2.0,False,False,0
M5|C00020,mCherry-low,M5,M5_C00020,1,351,1.0,False,False,0
M5|C00020,mCherry-low,M5,M5_C00020,2,351,2.0,False,False,0
M5|C00020,mCherry-low,M5,M5_C00020,3,351,3.0,False,False,0
M5|C00020,mCherry-low,M5,M5_C00020,4,351,4.0,False,False,0
M5|C00020,mCherry-low,M5,M5_C00020,1,351,1.0,False,False,0
M5|C00020,mCherry-low,M5,M5_C00020,2,351,2.0,False,False,0
M5|C00020,mCherry-low,M5,M5_C00020,2,351,2.0,False,False,0
M5|C00021,mCherry-high,M5,M5_C00021,0,341,0.0,False,True,7
M5|C00021,mCherry-high,M5,M5_C00021,3,341,3.0,False,False,0
M5|C00021,mCherry-high,M5,M5_C00021,5,341,5.0,False,False,0
M5|C00021,mCherry-low,M5,M5_C00021,6,341,6.0,True,False,1
M5|C00021,mCherry-low,M5,M5_C00021,6,341,6.0,True,False,1
M5|C00021,mCherry-low,M5,M5_C00021,4,341,4.0,False,False,0
M5|C00021,mCherry-low,M5,M5_C00021,5,341,5.0,False,False,0
M5|C00021,mCherry-low,M5,M5_C00021,147,341,151.0,False,False,0
M5|C00022,mCherry-high,M5,M5_C00022,0,351,0.0,False,True,5
M5|C00022,mCherry-high,M5,M5_C00022,0,351,0.0,False,True,5
M5|C00022,mCherry-low,M5,M5_C00022,1,351,1.0,False,False,0
M5|C00022,mCherry-high,M5,M5_C00022,1,351,1.0,False,False,0
M5|C00022,mCherry-high,M5,M5_C00022,1,351,1.0,False,False,0
M5|C00022,mCherry-low,M5,M5_C00022,1,351,1.0,False,False,0
M5|C00022,mCherry-high,M5,M5_C00022,2,351,2.0,False,False,0
M5|C00023,mCherry-high,M5,M5_C00023,3,351,3.0,False,False,0
M5|C00023,mCherry-high,M5,M5_C00023,2,351,2.0,False,False,0
M5|C00023,mCherry-low,M5,M5_C00023,1,351,1.0,False,False,0
M5|C00023,mCherry-low,M5,M5_C00023,1,351,1.0,False,False,0
M5|C00023,mCherry-high,M5,M5_C00023,1,351,1.0,False,False,0
M5|C00023,mCherry-high,M5,M5_C00023,1,351,1.0,False,False,0
M5|C00023,mCherry-high,M5,M5_C00023,3,351,3.0,False,False,0
M5|C00024,mCherry-high,M5,M5_C00024,5,351,5.0,False,False,0
M5|C00024,mCherry-high,M5,M5_C00024,1,351,1.0,False,False,0
M5|C00024,mCherry-high,M5,M5_C00024,1,351,1.0,False,False,0
M5|C00024,mCherry-low,M5,M5_C00024,1,351,1.0,False,False,0
M5|C00024,mCherry-high,M5,M5_C00024,1,351,1.0,False,False,0
M5|C00024,mCherry-low,M5,M5_C00024,1,351,1.0,True,False,1
M5|C00024,mCherry-high,M5,M5_C00024,4,351,4.0,False,False,0
M5|C00025,mCherry-low,M5,M5_C00025,0,351,0.0,False,True,3
M5|C00025,mCherry-low,M5,M5_C00025,0,351,0.0,False,True,3
M5|C00025,mCherry-low,M5,M5_C00025,0,351,0.0,False,True,3
M5|C00025,mCherry-low,M5,M5_C00025,0,351,0.0,False,True,3
M5|C00025,mCherry-low,M5,M5_C00025,1,351,1.0,False,False,0
M5|C00025,mCherry-low,M5,M5_C00025,2,351,2.0,False,False,0
M5|C00025,mCherry-low,M5,M5_C00025,4,351,4.0,False,False,0
M5|C00026,mCherry-low,M5,M5_C00026,2,353,2.0,True,False,2
M5|C00026,mCherry-low,M5,M5_C00026,2,353,2.0,True,False,2
M5|C00026,mCherry-low,M5,M5_C00026,2,353,2.0,True,False,2
M5|C00026,mCherry-high,M5,M5_C00026,2,353,2.0,True,False,2
M5|C00026,mCherry-low,M5,M5_C00026,4,353,4.0,False,False,0
M5|C00026,mCherry-low,M5,M5_C00026,4,353,4.0,False,False,0
M5|C00027,mCherry-low,M5,M5_C00027,0,350,0.0,False,True,5
M5|C00027,mCherry-low,M5,M5_C00027,7,350,7.0,False,False,0
M5|C00027,mCherry-low,M5,M5_C00027,2,350,2.0,False,False,0
M5|C00027,mCherry-high,M5,M5_C00027,2,350,2.0,False,False,0
M5|C00027,mCherry-high,M5,M5_C00027,1,350,1.0,False,False,0
M5|C00027,mCherry-high,M5,M5_C00027,36,350,36.0,False,False,0
M5|C00029,mCherry-high,M5,M5_C00029,0,351,0.0,False,True,2
M5|C00029,mCherry-low,M5,M5_C00029,3,351,3.0,True,False,1
M5|C00029,mCherry-low,M5,M5_C00029,9,351,9.0,False,False,0
M5|C00029,mCherry-low,M5,M5_C00029,9,351,9.0,False,False,0
M5|C00029,mCherry-low,M5,M5_C00029,9,351,9.0,False,False,0
M5|C00031,mCherry-low,M5,M5_C00031,0,353,0.0,False,True,3
M5|C00031,mCherry-high,M5,M5_C00031,0,353,0.0,False,True,3
M5|C00031,mCherry-low,M5,M5_C00031,1,353,1.0,False,False,0
M5|C00031,mCherry-low,M5,M5_C00031,2,353,2.0,False,False,0
M5|C00031,mCherry-low,M5,M5_C00031,2,353,2.0,False,False,0
M5|C00032,mCherry-high,M5,M5_C00032,0,350,0.0,False,True,4
M5|C00032,mCherry-high,M5,M5_C00032,1,350,1.0,False,False,0
M5|C00032,mCherry-low,M5,M5_C00032,2,350,2.0,False,False,0
M5|C00032,mCherry-low,M5,M5_C00032,2,350,2.0,False,False,0
M5|C00034,mCherry-low,M5,M5_C00034,0,351,0.0,False,True,3
M5|C00034,mCherry-low,M5,M5_C00034,5,351,5.0,False,False,0
M5|C00034,mCherry-low,M5,M5_C00034,2,351,2.0,False,False,0
M5|C00034,mCherry-low,M5,M5_C00034,1,351,1.0,False,False,0
M5|C00035,mCherry-low,M5,M5_C00035,0,351,0.0,False,True,3
M5|C00035,mCherry-low,M5,M5_C00035,4,351,4.0,False,False,0
M5|C00035,mCherry-low,M5,M5_C00035,1,351,1.0,False,False,0
M5|C00035,mCherry-low,M5,M5_C00035,1,351,1.0,False,False,0
M5|C00036,mCherry-high,M5,M5_C00036,3,351,3.0,False,False,0
M5|C00036,mCherry-high,M5,M5_C00036,5,351,5.0,False,False,0
M5|C00036,mCherry-high,M5,M5_C00036,2,351,2.0,False,False,0
M5|C00036,mCherry-high,M5,M5_C00036,2,351,2.0,False,False,0
M5|C00037,mCherry-low,M5,M5_C00037,1,351,1.0,False,False,0
M5|C00037,mCherry-low,M5,M5_C00037,1,351,1.0,False,False,0
M5|C00037,mCherry-low,M5,M5_C00037,5,351,5.0,False,False,0
M5|C00037,mCherry-low,M5,M5_C00037,3,351,3.0,False,False,0
M5|C00038,mCherry-low,M5,M5_C00038,0,353,0.0,False,True,2
M5|C00038,mCherry-high,M5,M5_C00038,0,353,0.0,False,True,2
M5|C00038,mCherry-high,M5,M5_C00038,1,353,1.0,False,False,0
M5|C00038,mCherry-low,M5,M5_C00038,6,353,6.0,False,False,0
M5|C00039,mCherry-low,M5,M5_C00039,0,351,0.0,False,True,2
M5|C00039,mCherry-low,M5,M5_C00039,0,351,0.0,False,True,2
M5|C00039,mCherry-high,M5,M5_C00039,4,351,4.0,False,False,0
M5|C00039,mCherry-high,M5,M5_C00039,3,351,3.0,False,False,0
M5|C00042,mCherry-low,M5,M5_C00042,1,351,1.0,True,False,2
M5|C00042,mCherry-low,M5,M5_C00042,1,351,1.0,True,False,2
M5|C00042,mCherry-high,M5,M5_C00042,2,351,2.0,False,False,0
M5|C00042,mCherry-low,M5,M5_C00042,3,351,3.0,False,False,0
M5|C00043,mCherry-low,M5,M5_C00043,2,351,2.0,True,False,2
M5|C00043,mCherry-low,M5,M5_C00043,2,351,2.0,True,False,2
M5|C00043,mCherry-high,M5,M5_C00043,2,351,3.0,False,False,0
M5|C00043,mCherry-high,M5,M5_C00043,4,351,4.0,False,False,0
M5|C00044,mCherry-low,M5,M5_C00044,1,353,1.0,True,False,2
M5|C00044,mCherry-low,M5,M5_C00044,4,353,4.0,False,False,0
M5|C00044,mCherry-low,M5,M5_C00044,4,353,4.0,False,False,0
M5|C00045,mCherry-high,M5,M5_C00045,0,351,0.0,False,True,2
M5|C00045,mCherry-high,M5,M5_C00045,5,351,5.0,False,False,0
M5|C00045,mCherry-high,M5,M5_C00045,1,351,1.0,False,False,0
M5|C00046,mCherry-low,M5,M5_C00046,6,351,6.0,False,False,0
M5|C00046,mCherry-low,M5,M5_C00046,2,351,2.0,False,False,0
M5|C00046,mCherry-low,M5,M5_C00046,2,351,2.0,False,False,0
M5|C00047,mCherry-low,M5,M5_C00047,9,351,9.0,False,False,0
M5|C00047,mCherry-low,M5,M5_C00047,4,351,4.0,False,False,0
M5|C00047,mCherry-low,M5,M5_C00047,5,351,5.0,False,False,0
M5|C00048,mCherry-high,M5,M5_C00048,3,357,3.0,True,False,1
M5|C00048,mCherry-high,M5,M5_C00048,3,357,3.0,True,False,1
M5|C00048,mCherry-low,M5,M5_C00048,4,357,4.0,False,False,0
M5|C00049,mCherry-low,M5,M5_C00049,3,353,3.0,False,False,0
M5|C00049,mCherry-low,M5,M5_C00049,3,353,3.0,False,False,0
M5|C00049,mCherry-high,M5,M5_C00049,3,353,3.0,False,False,0
M5|C00050,mCherry-low,M5,M5_C00050,1,351,1.0,True,False,1
M5|C00050,mCherry-low,M5,M5_C00050,1,351,1.0,True,False,1
M5|C00050,mCherry-low,M5,M5_C00050,2,351,2.0,False,False,0
M5|C00055,mCherry-high,M5,M5_C00055,1,351,1.0,True,False,1
M5|C00055,mCherry-high,M5,M5_C00055,1,351,1.0,True,False,1
M5|C00055,mCherry-high,M5,M5_C00055,2,351,2.0,False,False,0
M5|C00056,mCherry-high,M5,M5_C00056,1,351,1.0,False,False,0
M5|C00056,mCherry-high,M5,M5_C00056,2,351,2.0,False,False,0
M5|C00056,mCherry-high,M5,M5_C00056,2,351,2.0,False,False,0
M5|C00057,mCherry-low,M5,M5_C00057,0,351,0.0,False,True,2
M5|C00057,mCherry-low,M5,M5_C00057,1,351,1.0,False,False,0
M5|C00057,mCherry-low,M5,M5_C00057,1,351,1.0,False,False,0
M6|C00001,mCherry-high,M6,M6_C00001,3,351,3.0,True,False,15
M6|C00001,mCherry-low,M6,M6_C00001,3,351,3.0,True,False,15
M6|C00001,mCherry-low,M6,M6_C00001,4,351,4.0,False,False,0
M6|C00001,mCherry-low,M6,M6_C00001,6,351,6.0,False,False,0
M6|C00001,mCherry-high,M6,M6_C00001,4,351,4.0,True,False,1
M6|C00001,mCherry-high,M6,M6_C00001,6,351,6.0,False,False,0
M6|C00001,mCherry-low,M6,M6_C00001,5,351,5.0,False,False,0
M6|C00001,mCherry-high,M6,M6_C00001,5,351,5.0,False,False,0
M6|C00001,mCherry-low,M6,M6_C00001,3,351,5.0,False,False,0
M6|C00001,mCherry-low,M6,M6_C00001,6,351,6.0,True,False,1
M6|C00001,mCherry-low,M6,M6_C00001,7,351,7.0,False,False,0
M6|C00001,mCherry-low,M6,M6_C00001,8,351,8.0,False,False,0
M6|C00001,mCherry-low,M6,M6_C00001,9,351,9.0,False,False,0
M6|C00001,mCherry-low,M6,M6_C00001,8,351,10.0,False,False,0
M6|C00002,mCherry-low,M6,M6_C00002,8,351,8.0,False,False,0
M6|C00002,mCherry-high,M6,M6_C00002,8,351,8.0,True,False,1
M6|C00002,mCherry-high,M6,M6_C00002,8,351,8.0,True,False,1
M6|C00002,mCherry-low,M6,M6_C00002,8,351,8.0,True,False,1
M6|C00002,mCherry-low,M6,M6_C00002,11,351,11.0,False,False,0
M6|C00002,mCherry-high,M6,M6_C00002,9,351,11.0,False,False,0
M6|C00002,mCherry-low,M6,M6_C00002,9,351,9.0,True,False,2
M6|C00002,mCherry-low,M6,M6_C00002,9,351,9.0,True,False,2
M6|C00002,mCherry-high,M6,M6_C00002,13,351,14.0,False,False,0
M6|C00002,mCherry-low,M6,M6_C00002,10,351,11.0,True,False,1
M6|C00002,mCherry-low,M6,M6_C00002,11,351,11.0,False,False,0
M6|C00002,mCherry-low,M6,M6_C00002,10,351,10.0,False,False,0
M6|C00002,mCherry-low,M6,M6_C00002,12,351,13.0,False,False,0
M6|C00003,mCherry-high,M6,M6_C00003,7,350,7.0,False,False,0
M6|C00003,mCherry-high,M6,M6_C00003,3,350,3.0,False,False,0
M6|C00003,mCherry-low,M6,M6_C00003,3,350,3.0,False,False,0
M6|C00003,mCherry-low,M6,M6_C00003,3,350,3.0,False,False,0
M6|C00003,mCherry-low,M6,M6_C00003,2,350,2.0,True,False,2
M6|C00003,mCherry-low,M6,M6_C00003,4,350,4.0,False,False,0
M6|C00003,mCherry-low,M6,M6_C00003,6,350,6.0,False,False,0
M6|C00003,mCherry-low,M6,M6_C00003,8,350,8.0,False,False,0
M6|C00003,mCherry-low,M6,M6_C00003,4,350,4.0,False,False,0
M6|C00003,mCherry-low,M6,M6_C00003,5,350,5.0,False,False,0
M6|C00003,mCherry-low,M6,M6_C00003,4,350,4.0,False,False,0
M6|C00004,mCherry-low,M6,M6_C00004,0,351,0.0,False,True,8
M6|C00004,mCherry-low,M6,M6_C00004,0,351,0.0,False,True,8
M6|C00004,mCherry-low,M6,M6_C00004,3,351,3.0,False,False,0
M6|C00004,mCherry-low,M6,M6_C00004,1,351,1.0,False,False,0
M6|C00004,mCherry-low,M6,M6_C00004,1,351,1.0,False,False,0
M6|C00004,mCherry-low,M6,M6_C00004,1,351,1.0,False,False,0
M6|C00004,mCherry-low,M6,M6_C00004,1,351,1.0,True,False,1
M6|C00004,mCherry-low,M6,M6_C00004,3,351,3.0,True,False,1
M6|C00004,mCherry-low,M6,M6_C00004,3,351,3.0,True,False,1
M6|C00004,mCherry-low,M6,M6_C00004,2,351,2.0,False,False,0
M6|C00004,mCherry-low,M6,M6_C00004,4,351,4.0,False,False,0
M6|C00005,mCherry-high,M6,M6_C00005,2,351,2.0,True,False,1
M6|C00005,mCherry-low,M6,M6_C00005,7,351,7.0,False,False,0
M6|C00005,mCherry-low,M6,M6_C00005,7,351,7.0,False,False,0
M6|C00005,mCherry-high,M6,M6_C00005,4,351,4.0,False,False,0
M6|C00005,mCherry-low,M6,M6_C00005,6,351,6.0,False,False,0
M6|C00005,mCherry-low,M6,M6_C00005,6,351,6.0,False,False,0
M6|C00005,mCherry-low,M6,M6_C00005,6,351,6.0,False,False,0
M6|C00005,mCherry-low,M6,M6_C00005,6,351,6.0,False,False,0
M6|C00005,mCherry-low,M6,M6_C00005,5,351,5.0,False,False,0
M6|C00005,mCherry-low,M6,M6_C00005,7,351,7.0,False,False,0
M6|C00006,mCherry-low,M6,M6_C00006,6,350,6.0,False,False,0
M6|C00006,mCherry-high,M6,M6_C00006,8,350,8.0,False,False,0
M6|C00006,mCherry-low,M6,M6_C00006,11,350,11.0,False,False,0
M6|C00006,mCherry-high,M6,M6_C00006,8,350,8.0,False,False,0
M6|C00006,mCherry-low,M6,M6_C00006,7,350,7.0,True,False,1
M6|C00006,mCherry-low,M6,M6_C00006,7,350,7.0,True,False,1
M6|C00006,mCherry-low,M6,M6_C00006,9,350,9.0,False,False,0
M6|C00007,mCherry-low,M6,M6_C00007,2,351,2.0,False,False,0
M6|C00007,mCherry-high,M6,M6_C00007,1,351,1.0,False,False,0
M6|C00007,mCherry-low,M6,M6_C00007,3,351,3.0,False,False,0
M6|C00007,mCherry-low,M6,M6_C00007,6,351,6.0,False,False,0
M6|C00007,mCherry-high,M6,M6_C00007,2,351,2.0,False,False,0
M6|C00008,mCherry-low,M6,M6_C00008,5,351,6.0,False,False,0
M6|C00008,mCherry-low,M6,M6_C00008,3,351,3.0,False,False,0
M6|C00008,mCherry-low,M6,M6_C00008,5,351,5.0,True,False,1
M6|C00008,mCherry-low,M6,M6_C00008,7,351,7.0,False,False,0
M6|C00008,mCherry-low,M6,M6_C00008,7,351,7.0,False,False,0
M6|C00009,mCherry-low,M6,M6_C00009,2,358,2.0,False,False,0
M6|C00009,mCherry-low,M6,M6_C00009,2,358,2.0,True,False,1
M6|C00009,mCherry-low,M6,M6_C00009,1,358,1.0,True,False,1
M6|C00009,mCherry-low,M6,M6_C00009,4,358,4.0,False,False,0
M6|C00009,mCherry-low,M6,M6_C00009,2,358,2.0,False,False,0
M6|C00011,mCherry-high,M6,M6_C00011,1,347,1.0,True,False,1
M6|C00011,mCherry-low,M6,M6_C00011,3,347,3.0,False,False,0
M6|C00011,mCherry-low,M6,M6_C00011,2,347,2.0,False,False,0
M6|C00011,mCherry-high,M6,M6_C00011,3,347,3.0,False,False,0
M6|C00012,mCherry-low,M6,M6_C00012,0,351,0.0,False,True,2
M6|C00012,mCherry-low,M6,M6_C00012,2,351,2.0,False,False,0
M6|C00012,mCherry-low,M6,M6_C00012,1,351,1.0,False,False,0
M6|C00013,mCherry-low,M6,M6_C00013,4,351,4.0,False,False,0
M6|C00013,mCherry-low,M6,M6_C00013,2,351,2.0,False,False,0
M6|C00013,mCherry-high,M6,M6_C00013,11,351,11.0,False,False,0
M6|C00014,mCherry-low,M6,M6_C00014,8,351,8.0,False,False,0
M6|C00014,mCherry-low,M6,M6_C00014,5,351,5.0,False,False,0
M6|C00014,mCherry-high,M6,M6_C00014,6,351,6.0,False,False,0
M6|C00015,mCherry-low,M6,M6_C00015,7,361,7.0,False,False,0
M6|C00015,mCherry-low,M6,M6_C00015,8,361,8.0,False,False,0
M6|C00015,mCherry-high,M6,M6_C00015,6,361,6.0,False,False,0
M6|C00016,mCherry-low,M6,M6_C00016,7,351,7.0,False,False,0
M6|C00016,mCherry-low,M6,M6_C00016,9,351,9.0,False,False,0
M6|C00016,mCherry-low,M6,M6_C00016,10,351,10.0,False,False,0
M6|C00017,mCherry-low,M6,M6_C00017,8,351,8.0,False,False,0
M6|C00017,mCherry-low,M6,M6_C00017,7,351,7.0,False,False,0
M6|C00017,mCherry-low,M6,M6_C00017,6,351,7.0,False,False,0
M6|C00018,mCherry-low,M6,M6_C00018,1,353,1.0,False,False,0
M6|C00018,mCherry-low,M6,M6_C00018,2,353,2.0,True,False,1
M6|C00018,mCherry-low,M6,M6_C00018,4,353,4.0,False,False,0
M6|C00019,mCherry-low,M6,M6_C00019,4,351,4.0,False,False,0
M6|C00019,mCherry-low,M6,M6_C00019,2,351,2.0,True,False,1
M6|C00019,mCherry-low,M6,M6_C00019,3,351,3.0,False,False,0
M7|C00001,mCherry-low,M7,M7_C00001,5,351,5.0,False,False,0
M7|C00001,mCherry-low,M7,M7_C00001,6,351,6.0,False,False,0
M7|C00001,mCherry-low,M7,M7_C00001,6,351,6.0,True,False,1
M7|C00001,mCherry-low,M7,M7_C00001,4,351,4.0,True,False,12
M7|C00001,mCherry-low,M7,M7_C00001,4,351,4.0,True,False,12
M7|C00001,mCherry-low,M7,M7_C00001,4,351,4.0,True,False,12
M7|C00001,mCherry-low,M7,M7_C00001,4,351,4.0,True,False,12
M7|C00001,mCherry-low,M7,M7_C00001,7,351,7.0,False,False,0
M7|C00001,mCherry-high,M7,M7_C00001,9,351,9.0,False,False,0
M7|C00001,mCherry-high,M7,M7_C00001,10,351,10.0,False,False,0
M7|C00001,mCherry-low,M7,M7_C00001,5,351,5.0,False,False,0
M7|C00001,mCherry-low,M7,M7_C00001,6,351,6.0,False,False,0
M7|C00001,mCherry-high,M7,M7_C00001,6,351,6.0,False,False,0
M7|C00001,mCherry-low,M7,M7_C00001,6,351,6.0,False,False,0
M7|C00001,mCherry-low,M7,M7_C00001,6,351,6.0,False,False,0
M7|C00001,mCherry-low,M7,M7_C00001,6,351,6.0,False,False,0
M7|C00001,mCherry-low,M7,M7_C00001,6,351,6.0,False,False,0
M7|C00001,mCherry-low,M7,M7_C00001,4,351,5.0,True,False,1
M7|C00001,mCherry-low,M7,M7_C00001,6,351,6.0,True,False,1
M7|C00001,mCherry-low,M7,M7_C00001,4,351,5.0,True,False,1
M7|C00001,mCherry-low,M7,M7_C00001,4,351,5.0,True,False,1
M7|C00001,mCherry-high,M7,M7_C00001,6,351,6.0,False,False,0
M7|C00001,mCherry-low,M7,M7_C00001,7,351,7.0,False,False,0
M7|C00001,mCherry-low,M7,M7_C00001,6,351,7.0,False,False,0
M7|C00001,mCherry-low,M7,M7_C00001,9,351,10.0,False,False,0
M7|C00001,mCherry-low,M7,M7_C00001,7,351,8.0,False,False,0
M7|C00003,mCherry-low,M7,M7_C00003,3,351,3.0,False,False,0
M7|C00003,mCherry-low,M7,M7_C00003,1,351,1.0,False,False,0
M7|C00003,mCherry-low,M7,M7_C00003,2,351,2.0,False,False,0
M7|C00003,mCherry-low,M7,M7_C00003,2,351,2.0,False,False,0
M7|C00003,mCherry-low,M7,M7_C00003,2,351,2.0,False,False,0
M7|C00003,mCherry-high,M7,M7_C00003,5,351,5.0,False,False,0
M7|C00003,mCherry-high,M7,M7_C00003,2,351,2.0,True,False,2
M7|C00003,mCherry-low,M7,M7_C00003,5,351,5.0,False,False,0
M7|C00003,mCherry-low,M7,M7_C00003,4,351,4.0,False,False,0
M7|C00003,mCherry-low,M7,M7_C00003,6,351,6.0,True,False,1
M7|C00003,mCherry-low,M7,M7_C00003,6,351,6.0,False,False,0
M7|C00003,mCherry-high,M7,M7_C00003,6,351,6.0,False,False,0
M7|C00003,mCherry-low,M7,M7_C00003,6,351,6.0,False,False,0
M7|C00003,mCherry-low,M7,M7_C00003,6,351,6.0,False,False,0
M7|C00003,mCherry-low,M7,M7_C00003,4,351,4.0,False,False,0
M7|C00003,mCherry-high,M7,M7_C00003,5,351,5.0,False,False,0
M7|C00003,mCherry-low,M7,M7_C00003,8,351,8.0,False,False,0
M7|C00004,mCherry-high,M7,M7_C00004,3,351,3.0,False,False,0
M7|C00004,mCherry-low,M7,M7_C00004,5,351,5.0,False,False,0
M7|C00004,mCherry-low,M7,M7_C00004,2,351,2.0,False,False,0
M7|C00004,mCherry-low,M7,M7_C00004,3,351,3.0,False,False,0
M7|C00004,mCherry-low,M7,M7_C00004,2,351,2.0,False,False,0
M7|C00004,mCherry-low,M7,M7_C00004,2,351,2.0,False,False,0
M7|C00004,mCherry-high,M7,M7_C00004,3,351,3.0,False,False,0
M7|C00004,mCherry-high,M7,M7_C00004,3,351,3.0,False,False,0
M7|C00004,mCherry-high,M7,M7_C00004,3,351,3.0,False,False,0
M7|C00004,mCherry-high,M7,M7_C00004,8,351,8.0,False,False,0
M7|C00004,mCherry-low,M7,M7_C00004,1,351,1.0,True,False,1
M7|C00004,mCherry-low,M7,M7_C00004,1,351,1.0,True,False,1
M7|C00004,mCherry-low,M7,M7_C00004,2,351,2.0,False,False,0
M7|C00004,mCherry-low,M7,M7_C00004,2,351,2.0,False,False,0
M7|C00004,mCherry-low,M7,M7_C00004,2,351,2.0,False,False,0
M7|C00004,mCherry-low,M7,M7_C00004,4,351,4.0,False,False,0
M7|C00005,mCherry-low,M7,M7_C00005,0,351,0.0,False,True,8
M7|C00005,mCherry-low,M7,M7_C00005,0,351,0.0,False,True,8
M7|C00005,mCherry-low,M7,M7_C00005,0,351,0.0,False,True,8
M7|C00005,mCherry-low,M7,M7_C00005,0,351,0.0,False,True,8
M7|C00005,mCherry-low,M7,M7_C00005,0,351,0.0,False,True,8
M7|C00005,mCherry-low,M7,M7_C00005,0,351,0.0,False,True,8
M7|C00005,mCherry-low,M7,M7_C00005,1,351,1.0,False,False,0
M7|C00005,mCherry-low,M7,M7_C00005,2,351,2.0,False,False,0
M7|C00005,mCherry-low,M7,M7_C00005,1,351,1.0,False,False,0
M7|C00005,mCherry-low,M7,M7_C00005,1,351,1.0,False,False,0
M7|C00005,mCherry-low,M7,M7_C00005,1,351,1.0,False,False,0
M7|C00005,mCherry-low,M7,M7_C00005,1,351,1.0,False,False,0
M7|C00005,mCherry-low,M7,M7_C00005,1,351,1.0,True,False,2
M7|C00005,mCherry-low,M7,M7_C00005,3,351,3.0,True,False,1
M7|C00005,mCherry-low,M7,M7_C00005,4,351,4.0,False,False,0
M7|C00006,mCherry-low,M7,M7_C00006,0,351,0.0,False,True,11
M7|C00006,mCherry-low,M7,M7_C00006,0,351,0.0,False,True,11
M7|C00006,mCherry-high,M7,M7_C00006,0,351,0.0,False,True,11
M7|C00006,mCherry-low,M7,M7_C00006,0,351,0.0,False,True,11
M7|C00006,mCherry-low,M7,M7_C00006,0,351,0.0,False,True,11
M7|C00006,mCherry-low,M7,M7_C00006,2,351,2.0,False,False,0
M7|C00006,mCherry-low,M7,M7_C00006,1,351,1.0,False,False,0
M7|C00006,mCherry-low,M7,M7_C00006,1,351,1.0,False,False,0
M7|C00006,mCherry-low,M7,M7_C00006,5,351,5.0,False,False,0
M7|C00006,mCherry-low,M7,M7_C00006,1,351,1.0,True,False,1
M7|C00006,mCherry-low,M7,M7_C00006,2,351,2.0,False,False,0
M7|C00006,mCherry-low,M7,M7_C00006,3,351,3.0,False,False,0
M7|C00006,mCherry-low,M7,M7_C00006,2,351,2.0,True,False,2
M7|C00006,mCherry-low,M7,M7_C00006,3,351,3.0,False,False,0
M7|C00006,mCherry-low,M7,M7_C00006,3,351,3.0,False,False,0
M7|C00007,mCherry-low,M7,M7_C00007,3,351,3.0,False,False,0
M7|C00007,mCherry-low,M7,M7_C00007,2,351,2.0,False,False,0
M7|C00007,mCherry-low,M7,M7_C00007,7,351,7.0,False,False,0
M7|C00007,mCherry-low,M7,M7_C00007,4,351,4.0,False,False,0
M7|C00007,mCherry-low,M7,M7_C00007,7,351,7.0,False,False,0
M7|C00008,mCherry-high,M7,M7_C00008,2,357,2.0,True,False,7
M7|C00008,mCherry-high,M7,M7_C00008,2,357,2.0,True,False,7
M7|C00008,mCherry-low,M7,M7_C00008,2,357,2.0,True,False,7
M7|C00008,mCherry-low,M7,M7_C00008,2,357,2.0,True,False,7
M7|C00008,mCherry-high,M7,M7_C00008,4,357,4.0,False,False,0
M7|C00008,mCherry-low,M7,M7_C00008,5,357,5.0,False,False,0
M7|C00008,mCherry-low,M7,M7_C00008,4,357,4.0,False,False,0
M7|C00008,mCherry-low,M7,M7_C00008,4,357,4.0,False,False,0
M7|C00008,mCherry-low,M7,M7_C00008,4,357,4.0,True,False,2
M7|C00008,mCherry-low,M7,M7_C00008,5,357,5.0,False,False,0
M7|C00008,mCherry-high,M7,M7_C00008,7,357,7.0,False,False,0
M7|C00010,mCherry-low,M7,M7_C00010,0,351,0.0,False,True,7
M7|C00010,mCherry-low,M7,M7_C00010,5,351,5.0,False,False,0
M7|C00010,mCherry-low,M7,M7_C00010,4,351,4.0,False,False,0
M7|C00010,mCherry-high,M7,M7_C00010,1,351,1.0,False,False,0
M7|C00010,mCherry-low,M7,M7_C00010,1,351,1.0,True,False,1
M7|C00010,mCherry-low,M7,M7_C00010,1,351,1.0,True,False,1
M7|C00010,mCherry-low,M7,M7_C00010,3,351,3.0,False,False,0
M7|C00010,mCherry-low,M7,M7_C00010,4,351,4.0,False,False,0
M7|C00011,mCherry-low,M7,M7_C00011,2,351,2.0,False,False,0
M7|C00011,mCherry-low,M7,M7_C00011,7,351,7.0,False,False,0
M7|C00011,mCherry-low,M7,M7_C00011,5,351,5.0,False,False,0
M7|C00011,mCherry-low,M7,M7_C00011,5,351,5.0,False,False,0
M7|C00011,mCherry-low,M7,M7_C00011,5,351,5.0,False,False,0
M7|C00011,mCherry-low,M7,M7_C00011,4,351,5.0,False,False,0
M7|C00011,mCherry-high,M7,M7_C00011,11,351,12.0,False,False,0
M7|C00013,mCherry-low,M7,M7_C00013,6,351,6.0,False,False,0
M7|C00013,mCherry-low,M7,M7_C00013,6,351,6.0,False,False,0
M7|C00013,mCherry-high,M7,M7_C00013,6,351,6.0,False,False,0
M7|C00013,mCherry-high,M7,M7_C00013,7,351,7.0,False,False,0
M7|C00013,mCherry-low,M7,M7_C00013,7,351,7.0,False,False,0
M7|C00013,mCherry-low,M7,M7_C00013,8,351,8.0,True,False,1
M7|C00013,mCherry-low,M7,M7_C00013,10,351,10.0,False,False,0
M7|C00014,mCherry-high,M7,M7_C00014,9,351,9.0,False,False,0
M7|C00014,mCherry-low,M7,M7_C00014,4,351,4.0,True,False,1
M7|C00014,mCherry-low,M7,M7_C00014,4,351,4.0,True,False,1
M7|C00014,mCherry-low,M7,M7_C00014,5,351,5.0,True,False,2
M7|C00014,mCherry-low,M7,M7_C00014,6,351,6.0,False,False,0
M7|C00014,mCherry-low,M7,M7_C00014,6,351,6.0,False,False,0
M7|C00014,mCherry-low,M7,M7_C00014,8,351,8.0,False,False,0
M7|C00015,mCherry-low,M7,M7_C00015,1,350,1.0,True,False,4
M7|C00015,mCherry-low,M7,M7_C00015,3,350,3.0,True,False,1
M7|C00015,mCherry-low,M7,M7_C00015,2,350,2.0,True,False,1
M7|C00015,mCherry-low,M7,M7_C00015,2,350,2.0,True,False,1
M7|C00015,mCherry-low,M7,M7_C00015,5,350,5.0,False,False,0
M7|C00015,mCherry-low,M7,M7_C00015,4,350,4.0,False,False,0
M7|C00016,mCherry-low,M7,M7_C00016,2,351,2.0,False,False,0
M7|C00016,mCherry-low,M7,M7_C00016,5,351,5.0,False,False,0
M7|C00016,mCherry-low,M7,M7_C00016,4,351,4.0,False,False,0
M7|C00016,mCherry-low,M7,M7_C00016,9,351,9.0,False,False,0
M7|C00017,mCherry-low,M7,M7_C00017,4,351,4.0,False,False,0
M7|C00017,mCherry-high,M7,M7_C00017,2,351,2.0,True,False,1
M7|C00017,mCherry-low,M7,M7_C00017,5,351,5.0,True,False,2
M7|C00017,mCherry-high,M7,M7_C00017,4,351,4.0,False,False,0
M7|C00017,mCherry-low,M7,M7_C00017,6,351,6.0,False,False,0
M7|C00017,mCherry-low,M7,M7_C00017,9,351,9.0,False,False,0
M7|C00018,mCherry-low,M7,M7_C00018,7,351,7.0,True,False,1
M7|C00018,mCherry-low,M7,M7_C00018,11,351,11.0,False,False,0
M7|C00018,mCherry-high,M7,M7_C00018,3,351,3.0,False,False,0
M7|C00018,mCherry-low,M7,M7_C00018,6,351,6.0,False,False,0
M7|C00018,mCherry-low,M7,M7_C00018,7,351,8.0,False,False,0
M7|C00020,mCherry-high,M7,M7_C00020,12,351,12.0,False,False,0
M7|C00020,mCherry-low,M7,M7_C00020,7,351,7.0,False,False,0
M7|C00020,mCherry-low,M7,M7_C00020,8,351,8.0,False,False,0
M7|C00020,mCherry-low,M7,M7_C00020,6,351,6.0,False,False,0
M7|C00021,mCherry-low,M7,M7_C00021,6,351,6.0,False,False,0
M7|C00021,mCherry-low,M7,M7_C00021,6,351,6.0,False,False,0
M7|C00021,mCherry-high,M7,M7_C00021,5,351,6.0,True,False,2
M7|C00021,mCherry-low,M7,M7_C00021,6,351,7.0,False,False,0
M7|C00021,mCherry-low,M7,M7_C00021,8,351,9.0,False,False,0
M7|C00023,mCherry-low,M7,M7_C00023,3,358,3.0,False,False,0
M7|C00023,mCherry-low,M7,M7_C00023,2,358,2.0,False,False,0
M7|C00023,mCherry-low,M7,M7_C00023,4,358,5.0,False,False,0
M7|C00023,mCherry-low,M7,M7_C00023,4,358,5.0,False,False,0
M7|C00024,mCherry-low,M7,M7_C00024,8,351,8.0,False,False,0
M7|C00024,mCherry-low,M7,M7_C00024,12,351,12.0,False,False,0
M7|C00024,mCherry-low,M7,M7_C00024,12,351,12.0,False,False,0
M7|C00024,mCherry-low,M7,M7_C00024,12,351,12.0,False,False,0
M7|C00025,mCherry-low,M7,M7_C00025,5,359,5.0,False,False,0
M7|C00025,mCherry-low,M7,M7_C00025,7,359,7.0,False,False,0
M7|C00025,mCherry-high,M7,M7_C00025,7,359,7.0,False,False,0
M7|C00025,mCherry-low,M7,M7_C00025,7,359,7.0,False,False,0
M7|C00026,mCherry-low,M7,M7_C00026,2,351,2.0,False,False,0
M7|C00026,mCherry-low,M7,M7_C00026,2,351,2.0,False,False,0
M7|C00026,mCherry-low,M7,M7_C00026,2,351,2.0,False,False,0
M7|C00027,mCherry-low,M7,M7_C00027,1,351,1.0,True,False,3
M7|C00027,mCherry-high,M7,M7_C00027,5,351,5.0,False,False,0
M7|C00027,mCherry-high,M7,M7_C00027,5,351,5.0,False,False,0
M7|C00028,mCherry-high,M7,M7_C00028,5,351,5.0,False,False,0
M7|C00028,mCherry-low,M7,M7_C00028,5,351,5.0,False,False,0
M7|C00028,mCherry-low,M7,M7_C00028,5,351,5.0,False,False,0
M7|C00029,mCherry-high,M7,M7_C00029,2,351,2.0,False,False,0
M7|C00029,mCherry-low,M7,M7_C00029,2,351,2.0,True,False,1
M7|C00029,mCherry-low,M7,M7_C00029,3,351,3.0,False,False,0
M7|C00030,mCherry-high,M7,M7_C00030,2,351,2.0,False,False,0
M7|C00030,mCherry-high,M7,M7_C00030,2,351,2.0,False,False,0
M7|C00030,mCherry-low,M7,M7_C00030,6,351,6.0,False,False,0
M7|C00031,mCherry-low,M7,M7_C00031,1,351,1.0,True,False,2
M7|C00031,mCherry-low,M7,M7_C00031,3,351,3.0,False,False,0
M7|C00031,mCherry-low,M7,M7_C00031,3,351,3.0,False,False,0
M7|C00033,mCherry-high,M7,M7_C00033,2,351,2.0,True,False,2
M7|C00033,mCherry-high,M7,M7_C00033,5,351,5.0,False,False,0
M7|C00033,mCherry-high,M7,M7_C00033,4,351,4.0,False,False,0
M7|C00034,mCherry-low,M7,M7_C00034,2,351,2.0,False,False,0
M7|C00034,mCherry-high,M7,M7_C00034,2,351,2.0,False,False,0
M7|C00034,mCherry-low,M7,M7_C00034,2,351,2.0,False,False,0
M7|C00036,mCherry-high,M7,M7_C00036,3,351,3.0,False,False,0
M7|C00036,mCherry-high,M7,M7_C00036,2,351,2.0,False,False,0
M7|C00036,mCherry-high,M7,M7_C00036,8,351,8.0,False,False,0
M7|C00037,mCherry-low,M7,M7_C00037,1,358,1.0,False,False,0
M7|C00037,mCherry-high,M7,M7_C00037,3,358,3.0,False,False,0
M7|C00037,mCherry-high,M7,M7_C00037,2,358,2.0,False,False,0
M8|C00002,mCherry-low,M8,M8_C00002,2,359,2.0,True,False,12
M8|C00002,mCherry-high,M8,M8_C00002,4,359,4.0,True,False,2
M8|C00002,mCherry-high,M8,M8_C00002,4,359,4.0,True,False,2
M8|C00002,mCherry-low,M8,M8_C00002,4,359,4.0,True,False,2
M8|C00002,mCherry-low,M8,M8_C00002,4,359,4.0,True,False,2
M8|C00002,mCherry-low,M8,M8_C00002,8,359,8.0,False,False,0
M8|C00002,mCherry-low,M8,M8_C00002,5,359,5.0,False,False,0
M8|C00002,mCherry-low,M8,M8_C00002,8,359,8.0,False,False,0
M8|C00002,mCherry-low,M8,M8_C00002,6,359,6.0,False,False,0
M8|C00002,mCherry-low,M8,M8_C00002,4,359,5.0,False,False,0
M8|C00002,mCherry-low,M8,M8_C00002,4,359,5.0,False,False,0
M8|C00002,mCherry-low,M8,M8_C00002,6,359,6.0,False,False,0
M8|C00002,mCherry-low,M8,M8_C00002,5,359,5.0,False,False,0
M8|C00003,mCherry-low,M8,M8_C00003,0,351,0.0,False,True,6
M8|C00003,mCherry-low,M8,M8_C00003,2,351,2.0,False,False,0
M8|C00003,mCherry-low,M8,M8_C00003,2,351,2.0,False,False,0
M8|C00003,mCherry-low,M8,M8_C00003,5,351,5.0,False,False,0
M8|C00003,mCherry-low,M8,M8_C00003,8,351,8.0,False,False,0
M8|C00003,mCherry-low,M8,M8_C00003,8,351,8.0,False,False,0
M8|C00004,mCherry-low,M8,M8_C00004,3,351,3.0,False,False,0
M8|C00004,mCherry-low,M8,M8_C00004,5,351,5.0,False,False,0
M8|C00004,mCherry-high,M8,M8_C00004,5,351,5.0,False,False,0
M8|C00004,mCherry-low,M8,M8_C00004,4,351,4.0,False,False,0
M8|C00004,mCherry-low,M8,M8_C00004,7,351,7.0,False,False,0
M8|C00004,mCherry-low,M8,M8_C00004,14,351,14.0,False,False,0
M8|C00004,mCherry-low,M8,M8_C00004,2,351,2.0,False,False,0
M8|C00004,mCherry-low,M8,M8_C00004,2,351,3.0,False,False,0
M8|C00004,mCherry-low,M8,M8_C00004,4,351,5.0,False,False,0
M8|C00004,mCherry-low,M8,M8_C00004,8,351,8.0,False,False,0
M8|C00004,mCherry-low,M8,M8_C00004,8,351,8.0,False,False,0
M8|C00005,mCherry-low,M8,M8_C00005,1,350,1.0,False,False,0
M8|C00005,mCherry-low,M8,M8_C00005,2,350,2.0,False,False,0
M8|C00005,mCherry-low,M8,M8_C00005,1,350,1.0,True,False,1
M8|C00005,mCherry-low,M8,M8_C00005,6,350,6.0,False,False,0
M8|C00005,mCherry-low,M8,M8_C00005,2,350,2.0,False,False,0
M8|C00005,mCherry-low,M8,M8_C00005,2,350,2.0,True,False,3
M8|C00005,mCherry-low,M8,M8_C00005,3,350,3.0,False,False,0
M8|C00005,mCherry-low,M8,M8_C00005,5,350,5.0,False,False,0
M8|C00005,mCherry-low,M8,M8_C00005,7,350,7.0,False,False,0
M8|C00005,mCherry-low,M8,M8_C00005,7,350,7.0,False,False,0
M8|C00006,mCherry-low,M8,M8_C00006,3,351,3.0,False,False,0
M8|C00006,mCherry-high,M8,M8_C00006,1,351,1.0,False,False,0
M8|C00006,mCherry-low,M8,M8_C00006,2,351,2.0,False,False,0
M8|C00006,mCherry-high,M8,M8_C00006,2,351,2.0,False,False,0
M8|C00006,mCherry-high,M8,M8_C00006,6,351,6.0,False,False,0
M8|C00006,mCherry-low,M8,M8_C00006,2,351,2.0,False,False,0
M8|C00006,mCherry-low,M8,M8_C00006,2,351,2.0,False,False,0
M8|C00006,mCherry-high,M8,M8_C00006,6,351,8.0,False,False,0
M8|C00006,mCherry-high,M8,M8_C00006,51,351,52.0,False,False,0
M8|C00007,mCherry-low,M8,M8_C00007,6,351,6.0,False,False,0
M8|C00007,mCherry-low,M8,M8_C00007,1,351,1.0,True,False,9
M8|C00007,mCherry-low,M8,M8_C00007,3,351,3.0,False,False,0
M8|C00007,mCherry-low,M8,M8_C00007,7,351,7.0,False,False,0
M8|C00007,mCherry-low,M8,M8_C00007,7,351,7.0,False,False,0
M8|C00007,mCherry-low,M8,M8_C00007,4,351,5.0,False,False,0
M8|C00007,mCherry-low,M8,M8_C00007,4,351,5.0,False,False,0
M8|C00007,mCherry-low,M8,M8_C00007,5,351,5.0,False,False,0
M8|C00007,mCherry-low,M8,M8_C00007,4,351,6.0,False,False,0
M8|C00008,mCherry-low,M8,M8_C00008,3,351,3.0,False,False,0
M8|C00008,mCherry-low,M8,M8_C00008,1,351,1.0,False,False,0
M8|C00008,mCherry-high,M8,M8_C00008,5,351,5.0,False,False,0
M8|C00008,mCherry-low,M8,M8_C00008,2,351,2.0,False,False,0
M8|C00009,mCherry-low,M8,M8_C00009,1,353,1.0,True,False,7
M8|C00009,mCherry-low,M8,M8_C00009,1,353,1.0,True,False,7
M8|C00009,mCherry-high,M8,M8_C00009,2,353,2.0,False,False,0
M8|C00009,mCherry-low,M8,M8_C00009,3,353,3.0,False,False,0
M8|C00009,mCherry-high,M8,M8_C00009,4,353,4.0,False,False,0
M8|C00009,mCherry-low,M8,M8_C00009,5,353,5.0,False,False,0
M8|C00009,mCherry-high,M8,M8_C00009,6,353,6.0,False,False,0
M8|C00009,mCherry-low,M8,M8_C00009,6,353,6.0,False,False,0
M8|C00010,mCherry-high,M8,M8_C00010,2,350,2.0,False,False,0
M8|C00010,mCherry-high,M8,M8_C00010,5,350,5.0,False,False,0
M8|C00010,mCherry-high,M8,M8_C00010,3,350,3.0,False,False,0
M8|C00010,mCherry-high,M8,M8_C00010,1,350,1.0,False,False,0
M8|C00010,mCherry-low,M8,M8_C00010,1,350,1.0,False,False,0
M8|C00010,mCherry-low,M8,M8_C00010,2,350,2.0,True,False,1
M8|C00010,mCherry-low,M8,M8_C00010,3,350,3.0,False,False,0
M8|C00012,mCherry-low,M8,M8_C00012,8,358,8.0,False,False,0
M8|C00012,mCherry-high,M8,M8_C00012,13,358,14.0,False,False,0
M8|C00012,mCherry-low,M8,M8_C00012,8,358,8.0,False,False,0
M8|C00012,mCherry-low,M8,M8_C00012,8,358,9.0,False,False,0
M8|C00012,mCherry-low,M8,M8_C00012,7,358,8.0,False,False,0
M8|C00012,mCherry-low,M8,M8_C00012,12,358,13.0,False,False,0
M8|C00013,mCherry-low,M8,M8_C00013,2,351,2.0,False,False,0
M8|C00013,mCherry-low,M8,M8_C00013,2,351,2.0,False,False,0
M8|C00013,mCherry-low,M8,M8_C00013,5,351,5.0,False,False,0
M8|C00013,mCherry-high,M8,M8_C00013,3,351,3.0,False,False,0
M8|C00013,mCherry-low,M8,M8_C00013,5,351,5.0,False,False,0
M8|C00013,mCherry-low,M8,M8_C00013,3,351,3.0,False,False,0
M8|C00014,mCherry-high,M8,M8_C00014,2,359,2.0,False,False,0
M8|C00014,mCherry-high,M8,M8_C00014,2,359,2.0,False,False,0
M8|C00014,mCherry-high,M8,M8_C00014,3,359,3.0,False,False,0
M8|C00014,mCherry-low,M8,M8_C00014,2,359,2.0,True,False,2
M8|C00014,mCherry-low,M8,M8_C00014,4,359,4.0,False,False,0
M8|C00014,mCherry-low,M8,M8_C00014,4,359,4.0,False,False,0
M8|C00015,mCherry-low,M8,M8_C00015,10,351,10.0,False,False,0
M8|C00015,mCherry-low,M8,M8_C00015,10,351,10.0,False,False,0
M8|C00015,mCherry-low,M8,M8_C00015,9,351,9.0,False,False,0
M8|C00015,mCherry-low,M8,M8_C00015,6,351,8.0,False,False,0
M8|C00015,mCherry-low,M8,M8_C00015,7,351,9.0,False,False,0
M8|C00016,mCherry-low,M8,M8_C00016,9,351,9.0,False,False,0
M8|C00016,mCherry-high,M8,M8_C00016,1,351,1.0,False,False,0
M8|C00016,mCherry-high,M8,M8_C00016,3,351,3.0,False,False,0
M8|C00016,mCherry-low,M8,M8_C00016,1,351,1.0,False,False,0
M8|C00016,mCherry-high,M8,M8_C00016,4,351,4.0,False,False,0
M8|C00017,mCherry-high,M8,M8_C00017,2,353,2.0,False,False,0
M8|C00017,mCherry-high,M8,M8_C00017,5,353,5.0,False,False,0
M8|C00017,mCherry-high,M8,M8_C00017,1,353,1.0,False,False,0
M8|C00017,mCherry-high,M8,M8_C00017,3,353,3.0,False,False,0
M8|C00017,mCherry-high,M8,M8_C00017,4,353,4.0,False,False,0
M8|C00018,mCherry-low,M8,M8_C00018,1,351,1.0,False,False,0
M8|C00018,mCherry-low,M8,M8_C00018,1,351,1.0,False,False,0
M8|C00018,mCherry-low,M8,M8_C00018,5,351,5.0,False,False,0
M8|C00018,mCherry-low,M8,M8_C00018,6,351,6.0,False,False,0
M8|C00018,mCherry-low,M8,M8_C00018,1,351,3.0,False,False,0
M8|C00019,mCherry-low,M8,M8_C00019,0,353,0.0,False,True,3
M8|C00019,mCherry-low,M8,M8_C00019,0,353,0.0,False,True,3
M8|C00019,mCherry-high,M8,M8_C00019,2,353,2.0,False,False,0
M8|C00019,mCherry-low,M8,M8_C00019,2,353,2.0,False,False,0
M8|C00019,mCherry-low,M8,M8_C00019,2,353,2.0,False,False,0
M8|C00020,mCherry-low,M8,M8_C00020,2,350,2.0,True,False,3
M8|C00020,mCherry-low,M8,M8_C00020,5,350,5.0,False,False,0
M8|C00020,mCherry-low,M8,M8_C00020,6,350,6.0,False,False,0
M8|C00020,mCherry-low,M8,M8_C00020,6,350,6.0,False,False,0
M8|C00021,mCherry-low,M8,M8_C00021,2,351,2.0,True,False,2
M8|C00021,mCherry-low,M8,M8_C00021,4,351,4.0,False,False,0
M8|C00021,mCherry-low,M8,M8_C00021,4,351,5.0,False,False,0
M8|C00021,mCherry-low,M8,M8_C00021,4,351,5.0,False,False,0
M8|C00023,mCherry-low,M8,M8_C00023,2,351,2.0,False,False,0
M8|C00023,mCherry-low,M8,M8_C00023,2,351,2.0,True,False,1
M8|C00023,mCherry-low,M8,M8_C00023,5,351,5.0,False,False,0
M8|C00024,mCherry-low,M8,M8_C00024,5,350,5.0,False,False,0
M8|C00024,mCherry-low,M8,M8_C00024,2,350,2.0,False,False,0
M8|C00024,mCherry-low,M8,M8_C00024,6,350,6.0,False,False,0
M8|C00025,mCherry-low,M8,M8_C00025,5,351,5.0,False,False,0
M8|C00025,mCherry-low,M8,M8_C00025,2,351,2.0,False,False,0
M8|C00025,mCherry-high,M8,M8_C00025,2,351,2.0,False,False,0
M8|C00026,mCherry-low,M8,M8_C00026,4,351,4.0,False,False,0
M8|C00026,mCherry-high,M8,M8_C00026,4,351,4.0,False,False,0
M8|C00026,mCherry-low,M8,M8_C00026,4,351,4.0,False,False,0
M8|C00027,mCherry-high,M8,M8_C00027,7,351,7.0,False,False,0
M8|C00027,mCherry-high,M8,M8_C00027,3,351,4.0,False,False,0
M8|C00027,mCherry-high,M8,M8_C00027,9,351,9.0,False,False,0
M8|C00028,mCherry-low,M8,M8_C00028,6,351,6.0,False,False,0
M8|C00028,mCherry-low,M8,M8_C00028,5,351,5.0,True,False,1
M8|C00028,mCherry-low,M8,M8_C00028,6,351,6.0,False,False,0
M8|C00029,mCherry-high,M8,M8_C00029,4,347,4.0,False,False,0
M8|C00029,mCherry-high,M8,M8_C00029,3,347,3.0,False,False,0
M8|C00029,mCherry-low,M8,M8_C00029,4,347,4.0,False,False,0
M8|C00030,mCherry-low,M8,M8_C00030,1,351,1.0,False,False,0
M8|C00030,mCherry-low,M8,M8_C00030,3,351,3.0,False,False,0
M8|C00030,mCherry-low,M8,M8_C00030,2,351,2.0,False,False,0
M9|C00001,mCherry-low,M9,M9_C00001,3,351,3.0,False,False,0
M9|C00001,mCherry-low,M9,M9_C00001,2,351,2.0,True,False,1
M9|C00001,mCherry-low,M9,M9_C00001,4,351,4.0,True,False,2
M9|C00001,mCherry-low,M9,M9_C00001,1,351,1.0,True,False,5
M9|C00001,mCherry-low,M9,M9_C00001,3,351,3.0,True,False,10
M9|C00001,mCherry-low,M9,M9_C00001,3,351,3.0,True,False,10
M9|C00001,mCherry-low,M9,M9_C00001,3,351,3.0,False,False,0
M9|C00001,mCherry-low,M9,M9_C00001,5,351,5.0,False,False,0
M9|C00001,mCherry-low,M9,M9_C00001,5,351,5.0,False,False,0
M9|C00001,mCherry-low,M9,M9_C00001,4,351,4.0,False,False,0
M9|C00001,mCherry-low,M9,M9_C00001,6,351,6.0,False,False,0
M9|C00001,mCherry-low,M9,M9_C00001,2,351,2.0,True,False,2
M9|C00001,mCherry-low,M9,M9_C00001,2,351,2.0,True,False,2
M9|C00001,mCherry-high,M9,M9_C00001,4,351,4.0,False,False,0
M9|C00001,mCherry-low,M9,M9_C00001,4,351,4.0,True,False,6
M9|C00001,mCherry-low,M9,M9_C00001,4,351,4.0,True,False,6
M9|C00001,mCherry-low,M9,M9_C00001,4,351,4.0,True,False,6
M9|C00001,mCherry-low,M9,M9_C00001,4,351,4.0,False,False,0
M9|C00001,mCherry-low,M9,M9_C00001,7,351,7.0,False,False,0
M9|C00001,mCherry-low,M9,M9_C00001,5,351,5.0,False,False,0
M9|C00001,mCherry-low,M9,M9_C00001,4,351,4.0,True,False,1
M9|C00001,mCherry-low,M9,M9_C00001,4,351,4.0,True,False,1
M9|C00001,mCherry-low,M9,M9_C00001,4,351,4.0,False,False,0
M9|C00001,mCherry-low,M9,M9_C00001,5,351,5.0,True,False,9
M9|C00001,mCherry-high,M9,M9_C00001,5,351,5.0,True,False,9
M9|C00001,mCherry-low,M9,M9_C00001,5,351,5.0,True,False,9
M9|C00001,mCherry-low,M9,M9_C00001,5,351,5.0,True,False,9
M9|C00001,mCherry-low,M9,M9_C00001,5,351,5.0,True,False,1
M9|C00001,mCherry-low,M9,M9_C00001,3,351,3.0,True,False,2
M9|C00001,mCherry-low,M9,M9_C00001,3,351,3.0,True,False,2
M9|C00001,mCherry-low,M9,M9_C00001,2,351,2.0,True,False,7
M9|C00001,mCherry-low,M9,M9_C00001,7,351,7.0,False,False,0
M9|C00001,mCherry-low,M9,M9_C00001,4,351,4.0,False,False,0
M9|C00001,mCherry-low,M9,M9_C00001,4,351,4.0,False,False,0
M9|C00001,mCherry-low,M9,M9_C00001,5,351,5.0,False,False,0
M9|C00001,mCherry-low,M9,M9_C00001,3,351,3.0,False,False,0
M9|C00001,mCherry-low,M9,M9_C00001,7,351,7.0,False,False,0
M9|C00001,mCherry-low,M9,M9_C00001,6,351,6.0,False,False,0
M9|C00001,mCherry-low,M9,M9_C00001,6,351,6.0,False,False,0
M9|C00001,mCherry-low,M9,M9_C00001,5,351,5.0,False,False,0
M9|C00001,mCherry-low,M9,M9_C00001,7,351,7.0,False,False,0
M9|C00001,mCherry-low,M9,M9_C00001,5,351,5.0,False,False,0
M9|C00001,mCherry-low,M9,M9_C00001,6,351,6.0,False,False,0
M9|C00001,mCherry-low,M9,M9_C00001,6,351,6.0,False,False,0
M9|C00001,mCherry-low,M9,M9_C00001,7,351,7.0,False,False,0
M9|C00001,mCherry-low,M9,M9_C00001,5,351,5.0,False,False,0
M9|C00001,mCherry-low,M9,M9_C00001,9,351,9.0,False,False,0
M9|C00001,mCherry-low,M9,M9_C00001,6,351,6.0,True,False,3
M9|C00001,mCherry-low,M9,M9_C00001,7,351,7.0,False,False,0
M9|C00001,mCherry-low,M9,M9_C00001,8,351,8.0,False,False,0
M9|C00001,mCherry-low,M9,M9_C00001,12,351,12.0,False,False,0
M9|C00001,mCherry-low,M9,M9_C00001,7,351,7.0,False,False,0
M9|C00001,mCherry-low,M9,M9_C00001,6,351,6.0,False,False,0
M9|C00001,mCherry-low,M9,M9_C00001,9,351,9.0,True,False,3
M9|C00001,mCherry-low,M9,M9_C00001,9,351,9.0,True,False,3
M9|C00001,mCherry-low,M9,M9_C00001,9,351,9.0,True,False,3
M9|C00001,mCherry-low,M9,M9_C00001,6,351,6.0,False,False,0
M9|C00001,mCherry-low,M9,M9_C00001,7,351,7.0,False,False,0
M9|C00001,mCherry-low,M9,M9_C00001,7,351,7.0,False,False,0
M9|C00001,mCherry-low,M9,M9_C00001,3,351,3.0,False,False,0
M9|C00001,mCherry-low,M9,M9_C00001,4,351,4.0,False,False,0
M9|C00001,mCherry-low,M9,M9_C00001,5,351,5.0,False,False,0
M9|C00001,mCherry-low,M9,M9_C00001,5,351,5.0,False,False,0
M9|C00001,mCherry-low,M9,M9_C00001,6,351,6.0,False,False,0
M9|C00001,mCherry-low,M9,M9_C00001,3,351,3.0,True,False,2
M9|C00001,mCherry-low,M9,M9_C00001,9,351,9.0,False,False,0
M9|C00001,mCherry-high,M9,M9_C00001,7,351,7.0,False,False,0
M9|C00001,mCherry-high,M9,M9_C00001,10,351,10.0,False,False,0
M9|C00001,mCherry-low,M9,M9_C00001,10,351,10.0,False,False,0
M9|C00001,mCherry-low,M9,M9_C00001,10,351,10.0,False,False,0
M9|C00001,mCherry-low,M9,M9_C00001,10,351,10.0,False,False,0
M9|C00001,mCherry-low,M9,M9_C00001,6,351,6.0,False,False,0
M9|C00001,mCherry-low,M9,M9_C00001,4,351,4.0,False,False,0
M9|C00001,mCherry-low,M9,M9_C00001,2,351,4.0,False,False,0
M9|C00001,mCherry-low,M9,M9_C00001,2,351,4.0,False,False,0
M9|C00001,mCherry-low,M9,M9_C00001,2,351,4.0,False,False,0
M9|C00001,mCherry-low,M9,M9_C00001,3,351,5.0,True,False,4
M9|C00001,mCherry-low,M9,M9_C00001,3,351,5.0,True,False,4
M9|C00001,mCherry-low,M9,M9_C00001,6,351,8.0,False,False,0
M9|C00001,mCherry-low,M9,M9_C00001,4,351,6.0,False,False,0
M9|C00001,mCherry-low,M9,M9_C00001,5,351,7.0,False,False,0
M9|C00001,mCherry-low,M9,M9_C00001,6,351,8.0,False,False,0
M9|C00002,mCherry-low,M9,M9_C00002,0,350,0.0,False,True,29
M9|C00002,mCherry-high,M9,M9_C00002,0,350,0.0,False,True,29
M9|C00002,mCherry-low,M9,M9_C00002,0,350,0.0,False,True,29
M9|C00002,mCherry-low,M9,M9_C00002,3,350,3.0,False,False,0
M9|C00002,mCherry-high,M9,M9_C00002,5,350,5.0,False,False,0
M9|C00002,mCherry-low,M9,M9_C00002,1,350,1.0,False,False,0
M9|C00002,mCherry-high,M9,M9_C00002,1,350,1.0,False,False,0
M9|C00002,mCherry-low,M9,M9_C00002,1,350,1.0,False,False,0
M9|C00002,mCherry-high,M9,M9_C00002,4,350,4.0,False,False,0
M9|C00002,mCherry-low,M9,M9_C00002,1,350,1.0,True,False,22
M9|C00002,mCherry-low,M9,M9_C00002,1,350,1.0,True,False,22
M9|C00002,mCherry-low,M9,M9_C00002,1,350,1.0,True,False,22
M9|C00002,mCherry-low,M9,M9_C00002,3,350,3.0,False,False,0
M9|C00002,mCherry-low,M9,M9_C00002,2,350,2.0,False,False,0
M9|C00002,mCherry-low,M9,M9_C00002,2,350,2.0,False,False,0
M9|C00002,mCherry-low,M9,M9_C00002,5,350,5.0,False,False,0
M9|C00002,mCherry-low,M9,M9_C00002,4,350,4.0,False,False,0
M9|C00002,mCherry-low,M9,M9_C00002,4,350,4.0,False,False,0
M9|C00002,mCherry-low,M9,M9_C00002,4,350,4.0,False,False,0
M9|C00002,mCherry-low,M9,M9_C00002,2,350,2.0,True,False,15
M9|C00002,mCherry-low,M9,M9_C00002,2,350,2.0,True,False,15
M9|C00002,mCherry-low,M9,M9_C00002,2,350,2.0,True,False,15
M9|C00002,mCherry-low,M9,M9_C00002,2,350,2.0,True,False,15
M9|C00002,mCherry-low,M9,M9_C00002,2,350,2.0,True,False,15
M9|C00002,mCherry-low,M9,M9_C00002,2,350,2.0,True,False,15
M9|C00002,mCherry-low,M9,M9_C00002,2,350,2.0,True,False,15
M9|C00002,mCherry-low,M9,M9_C00002,2,350,2.0,True,False,15
M9|C00002,mCherry-low,M9,M9_C00002,3,350,3.0,False,False,0
M9|C00002,mCherry-low,M9,M9_C00002,3,350,3.0,False,False,0
M9|C00002,mCherry-low,M9,M9_C00002,3,350,3.0,False,False,0
M9|C00002,mCherry-low,M9,M9_C00002,3,350,3.0,False,False,0
M9|C00002,mCherry-low,M9,M9_C00002,3,350,3.0,False,False,0
M9|C00002,mCherry-low,M9,M9_C00002,3,350,3.0,False,False,0
M9|C00002,mCherry-low,M9,M9_C00002,3,350,3.0,False,False,0
M9|C00002,mCherry-low,M9,M9_C00002,3,350,3.0,False,False,0
M9|C00002,mCherry-low,M9,M9_C00002,5,350,5.0,False,False,0
M9|C00002,mCherry-high,M9,M9_C00002,3,350,3.0,False,False,0
M9|C00002,mCherry-low,M9,M9_C00002,3,350,3.0,False,False,0
M9|C00002,mCherry-low,M9,M9_C00002,3,350,3.0,False,False,0
M9|C00002,mCherry-low,M9,M9_C00002,3,350,3.0,False,False,0
M9|C00002,mCherry-low,M9,M9_C00002,4,350,4.0,True,False,1
M9|C00002,mCherry-high,M9,M9_C00002,4,350,4.0,True,False,1
M9|C00002,mCherry-low,M9,M9_C00002,4,350,4.0,True,False,1
M9|C00002,mCherry-low,M9,M9_C00002,4,350,4.0,True,False,1
M9|C00002,mCherry-low,M9,M9_C00002,4,350,4.0,False,False,0
M9|C00002,mCherry-low,M9,M9_C00002,4,350,4.0,False,False,0
M9|C00002,mCherry-high,M9,M9_C00002,5,350,5.0,False,False,0
M9|C00003,mCherry-low,M9,M9_C00003,0,351,0.0,False,True,49
M9|C00003,mCherry-low,M9,M9_C00003,0,351,0.0,False,True,49
M9|C00003,mCherry-low,M9,M9_C00003,4,351,4.0,False,False,0
M9|C00003,mCherry-low,M9,M9_C00003,1,351,1.0,False,False,0
M9|C00003,mCherry-high,M9,M9_C00003,4,351,4.0,False,False,0
M9|C00003,mCherry-high,M9,M9_C00003,5,351,5.0,False,False,0
M9|C00003,mCherry-low,M9,M9_C00003,1,351,1.0,False,False,0
M9|C00003,mCherry-low,M9,M9_C00003,2,351,2.0,False,False,0
M9|C00003,mCherry-low,M9,M9_C00003,1,351,1.0,False,False,0
M9|C00003,mCherry-low,M9,M9_C00003,4,351,4.0,False,False,0
M9|C00003,mCherry-low,M9,M9_C00003,2,351,2.0,False,False,0
M9|C00003,mCherry-low,M9,M9_C00003,2,351,2.0,False,False,0
M9|C00003,mCherry-low,M9,M9_C00003,3,351,3.0,True,False,1
M9|C00003,mCherry-high,M9,M9_C00003,1,351,1.0,True,False,1
M9|C00003,mCherry-high,M9,M9_C00003,1,351,1.0,True,False,4
M9|C00003,mCherry-low,M9,M9_C00003,7,351,7.0,False,False,0
M9|C00003,mCherry-high,M9,M9_C00003,3,351,3.0,False,False,0
M9|C00003,mCherry-high,M9,M9_C00003,6,351,6.0,False,False,0
M9|C00003,mCherry-low,M9,M9_C00003,5,351,5.0,False,False,0
M9|C00003,mCherry-low,M9,M9_C00003,2,351,2.0,False,False,0
M9|C00003,mCherry-low,M9,M9_C00003,2,351,2.0,False,False,0
M9|C00003,mCherry-high,M9,M9_C00003,4,351,4.0,False,False,0
M9|C00003,mCherry-low,M9,M9_C00003,2,351,2.0,False,False,0
M9|C00003,mCherry-high,M9,M9_C00003,4,351,4.0,False,False,0
M9|C00003,mCherry-low,M9,M9_C00003,3,351,3.0,False,False,0
M9|C00003,mCherry-low,M9,M9_C00003,2,351,2.0,False,False,0
M9|C00003,mCherry-high,M9,M9_C00003,6,351,6.0,False,False,0
M9|C00003,mCherry-high,M9,M9_C00003,3,351,3.0,True,False,3
M9|C00003,mCherry-high,M9,M9_C00003,5,351,5.0,False,False,0
M9|C00003,mCherry-high,M9,M9_C00003,2,351,2.0,True,False,1
M9|C00003,mCherry-low,M9,M9_C00003,2,351,2.0,True,False,4
M9|C00003,mCherry-low,M9,M9_C00003,6,351,6.0,False,False,0
M9|C00003,mCherry-high,M9,M9_C00003,6,351,6.0,False,False,0
M9|C00003,mCherry-low,M9,M9_C00003,4,351,4.0,False,False,0
M9|C00003,mCherry-high,M9,M9_C00003,9,351,9.0,False,False,0
M9|C00003,mCherry-low,M9,M9_C00003,5,351,5.0,False,False,0
M9|C00003,mCherry-high,M9,M9_C00003,3,351,3.0,False,False,0
M9|C00003,mCherry-low,M9,M9_C00003,5,351,8.0,False,False,0
M9|C00003,mCherry-low,M9,M9_C00003,4,351,7.0,False,False,0
M9|C00003,mCherry-high,M9,M9_C00003,7,351,7.0,False,False,0
M9|C00003,mCherry-high,M9,M9_C00003,4,351,4.0,False,False,0
M9|C00004,mCherry-high,M9,M9_C00004,0,356,0.0,False,True,34
M9|C00004,mCherry-low,M9,M9_C00004,0,356,0.0,False,True,34
M9|C00004,mCherry-low,M9,M9_C00004,5,356,5.0,False,False,0
M9|C00004,mCherry-low,M9,M9_C00004,1,356,1.0,False,False,0
M9|C00004,mCherry-low,M9,M9_C00004,4,356,4.0,False,False,0
M9|C00004,mCherry-low,M9,M9_C00004,2,356,2.0,False,False,0
M9|C00004,mCherry-low,M9,M9_C00004,1,356,1.0,False,False,0
M9|C00004,mCherry-low,M9,M9_C00004,3,356,3.0,False,False,0
M9|C00004,mCherry-low,M9,M9_C00004,5,356,5.0,False,False,0
M9|C00004,mCherry-high,M9,M9_C00004,1,356,1.0,True,False,3
M9|C00004,mCherry-high,M9,M9_C00004,4,356,4.0,False,False,0
M9|C00004,mCherry-low,M9,M9_C00004,3,356,3.0,False,False,0
M9|C00004,mCherry-low,M9,M9_C00004,4,356,4.0,False,False,0
M9|C00004,mCherry-high,M9,M9_C00004,2,356,2.0,False,False,0
M9|C00004,mCherry-high,M9,M9_C00004,4,356,4.0,False,False,0
M9|C00004,mCherry-low,M9,M9_C00004,6,356,6.0,False,False,0
M9|C00004,mCherry-high,M9,M9_C00004,5,356,5.0,False,False,0
M9|C00004,mCherry-low,M9,M9_C00004,2,356,2.0,False,False,0
M9|C00004,mCherry-low,M9,M9_C00004,6,356,6.0,False,False,0
M9|C00004,mCherry-low,M9,M9_C00004,3,356,3.0,False,False,0
M9|C00004,mCherry-low,M9,M9_C00004,8,356,8.0,False,False,0
M9|C00004,mCherry-low,M9,M9_C00004,4,356,4.0,False,False,0
M9|C00004,mCherry-low,M9,M9_C00004,4,356,4.0,False,False,0
M9|C00004,mCherry-low,M9,M9_C00004,2,356,2.0,True,False,1
M9|C00004,mCherry-low,M9,M9_C00004,2,356,2.0,True,False,1
M9|C00004,mCherry-low,M9,M9_C00004,7,356,7.0,False,False,0
M9|C00004,mCherry-low,M9,M9_C00004,7,356,7.0,False,False,0
M9|C00004,mCherry-low,M9,M9_C00004,5,356,5.0,False,False,0
M9|C00004,mCherry-low,M9,M9_C00004,6,356,6.0,False,False,0
M9|C00004,mCherry-low,M9,M9_C00004,3,356,3.0,False,False,0
M9|C00005,mCherry-high,M9,M9_C00005,6,351,6.0,False,False,0
M9|C00005,mCherry-low,M9,M9_C00005,5,351,5.0,False,False,0
M9|C00005,mCherry-low,M9,M9_C00005,7,351,7.0,False,False,0
M9|C00005,mCherry-low,M9,M9_C00005,8,351,8.0,False,False,0
M9|C00005,mCherry-low,M9,M9_C00005,9,351,9.0,False,False,0
M9|C00005,mCherry-low,M9,M9_C00005,6,351,6.0,True,False,2
M9|C00005,mCherry-low,M9,M9_C00005,5,351,5.0,True,False,2
M9|C00005,mCherry-low,M9,M9_C00005,5,351,5.0,True,False,2
M9|C00005,mCherry-low,M9,M9_C00005,5,351,5.0,True,False,6
M9|C00005,mCherry-low,M9,M9_C00005,5,351,5.0,True,False,6
M9|C00005,mCherry-low,M9,M9_C00005,9,351,9.0,False,False,0
M9|C00005,mCherry-low,M9,M9_C00005,9,351,9.0,False,False,0
M9|C00005,mCherry-low,M9,M9_C00005,8,351,8.0,False,False,0
M9|C00005,mCherry-low,M9,M9_C00005,11,351,11.0,False,False,0
M9|C00005,mCherry-low,M9,M9_C00005,9,351,10.0,True,False,5
M9|C00005,mCherry-low,M9,M9_C00005,10,351,11.0,False,False,0
M9|C00005,mCherry-low,M9,M9_C00005,10,351,11.0,False,False,0
M9|C00005,mCherry-low,M9,M9_C00005,10,351,11.0,True,False,2
M9|C00005,mCherry-low,M9,M9_C00005,11,351,12.0,False,False,0
M9|C00005,mCherry-low,M9,M9_C00005,16,351,17.0,False,False,0
M9|C00006,mCherry-low,M9,M9_C00006,0,351,0.0,False,True,16
M9|C00006,mCherry-low,M9,M9_C00006,0,351,0.0,False,True,16
M9|C00006,mCherry-low,M9,M9_C00006,0,351,0.0,False,True,16
M9|C00006,mCherry-low,M9,M9_C00006,3,351,3.0,False,False,0
M9|C00006,mCherry-low,M9,M9_C00006,1,351,1.0,False,False,0
M9|C00006,mCherry-high,M9,M9_C00006,1,351,1.0,False,False,0
M9|C00006,mCherry-high,M9,M9_C00006,1,351,1.0,False,False,0
M9|C00006,mCherry-low,M9,M9_C00006,2,351,2.0,False,False,0
M9|C00006,mCherry-low,M9,M9_C00006,2,351,2.0,False,False,0
M9|C00006,mCherry-low,M9,M9_C00006,3,351,3.0,False,False,0
M9|C00006,mCherry-low,M9,M9_C00006,3,351,3.0,False,False,0
M9|C00006,mCherry-low,M9,M9_C00006,2,351,2.0,True,False,1
M9|C00006,mCherry-low,M9,M9_C00006,2,351,2.0,True,False,2
M9|C00006,mCherry-low,M9,M9_C00006,2,351,2.0,True,False,2
M9|C00006,mCherry-low,M9,M9_C00006,2,351,2.0,True,False,2
M9|C00006,mCherry-low,M9,M9_C00006,2,351,2.0,True,False,2
M9|C00006,mCherry-low,M9,M9_C00006,3,351,3.0,False,False,0
M9|C00006,mCherry-high,M9,M9_C00006,6,351,6.0,False,False,0
M9|C00006,mCherry-low,M9,M9_C00006,3,351,3.0,False,False,0
M9|C00006,mCherry-low,M9,M9_C00006,3,351,3.0,False,False,0
M9|C00006,mCherry-high,M9,M9_C00006,3,351,3.0,False,False,0
M9|C00007,mCherry-low,M9,M9_C00007,0,351,0.0,False,True,14
M9|C00007,mCherry-low,M9,M9_C00007,0,351,0.0,False,True,14
M9|C00007,mCherry-low,M9,M9_C00007,0,351,0.0,False,True,14
M9|C00007,mCherry-low,M9,M9_C00007,6,351,6.0,False,False,0
M9|C00007,mCherry-low,M9,M9_C00007,7,351,7.0,False,False,0
M9|C00007,mCherry-low,M9,M9_C00007,3,351,3.0,False,False,0
M9|C00007,mCherry-low,M9,M9_C00007,1,351,1.0,False,False,0
M9|C00007,mCherry-low,M9,M9_C00007,2,351,2.0,False,False,0
M9|C00007,mCherry-low,M9,M9_C00007,1,351,1.0,False,False,0
M9|C00007,mCherry-low,M9,M9_C00007,4,351,4.0,False,False,0
M9|C00007,mCherry-low,M9,M9_C00007,2,351,2.0,False,False,0
M9|C00007,mCherry-low,M9,M9_C00007,5,351,5.0,False,False,0
M9|C00007,mCherry-low,M9,M9_C00007,1,351,1.0,False,False,0
M9|C00007,mCherry-low,M9,M9_C00007,3,351,3.0,False,False,0
M9|C00007,mCherry-low,M9,M9_C00007,1,351,1.0,False,False,0
M9|C00007,mCherry-low,M9,M9_C00007,1,351,1.0,True,False,1
M9|C00007,mCherry-low,M9,M9_C00007,2,351,2.0,False,False,0
M9|C00008,mCherry-low,M9,M9_C00008,0,351,0.0,False,True,10
M9|C00008,mCherry-low,M9,M9_C00008,1,351,1.0,False,False,0
M9|C00008,mCherry-low,M9,M9_C00008,1,351,1.0,True,False,8
M9|C00008,mCherry-low,M9,M9_C00008,1,351,1.0,True,False,8
M9|C00008,mCherry-low,M9,M9_C00008,1,351,1.0,True,False,8
M9|C00008,mCherry-low,M9,M9_C00008,1,351,1.0,True,False,8
M9|C00008,mCherry-low,M9,M9_C00008,1,351,1.0,True,False,8
M9|C00008,mCherry-low,M9,M9_C00008,1,351,1.0,True,False,8
M9|C00008,mCherry-low,M9,M9_C00008,3,351,3.0,False,False,0
M9|C00008,mCherry-low,M9,M9_C00008,7,351,7.0,False,False,0
M9|C00008,mCherry-low,M9,M9_C00008,2,351,2.0,False,False,0
M9|C00008,mCherry-low,M9,M9_C00008,2,351,2.0,False,False,0
M9|C00008,mCherry-low,M9,M9_C00008,2,351,2.0,False,False,0
M9|C00008,mCherry-low,M9,M9_C00008,3,351,3.0,False,False,0
M9|C00008,mCherry-low,M9,M9_C00008,2,351,2.0,True,False,1
M9|C00008,mCherry-low,M9,M9_C00008,5,351,5.0,False,False,0
M9|C00009,mCherry-high,M9,M9_C00009,8,351,8.0,False,False,0
M9|C00009,mCherry-low,M9,M9_C00009,1,351,1.0,True,False,3
M9|C00009,mCherry-low,M9,M9_C00009,6,351,6.0,False,False,0
M9|C00009,mCherry-low,M9,M9_C00009,3,351,3.0,False,False,0
M9|C00009,mCherry-low,M9,M9_C00009,5,351,5.0,False,False,0
M9|C00009,mCherry-low,M9,M9_C00009,4,351,4.0,False,False,0
M9|C00009,mCherry-high,M9,M9_C00009,5,351,6.0,False,False,0
M9|C00009,mCherry-low,M9,M9_C00009,3,351,3.0,False,False,0
M9|C00009,mCherry-low,M9,M9_C00009,2,351,2.0,False,False,0
M9|C00009,mCherry-low,M9,M9_C00009,2,351,2.0,False,False,0
M9|C00009,mCherry-low,M9,M9_C00009,2,351,2.0,False,False,0
M9|C00009,mCherry-low,M9,M9_C00009,7,351,7.0,False,False,0
M9|C00009,mCherry-low,M9,M9_C00009,7,351,7.0,False,False,0
M9|C00010,mCherry-low,M9,M9_C00010,4,351,4.0,True,False,11
M9|C00010,mCherry-low,M9,M9_C00010,4,351,4.0,True,False,11
M9|C00010,mCherry-low,M9,M9_C00010,7,351,7.0,False,False,0
M9|C00010,mCherry-low,M9,M9_C00010,5,351,5.0,False,False,0
M9|C00010,mCherry-low,M9,M9_C00010,5,351,5.0,False,False,0
M9|C00010,mCherry-high,M9,M9_C00010,9,351,9.0,False,False,0
M9|C00010,mCherry-low,M9,M9_C00010,6,351,6.0,True,False,6
M9|C00010,mCherry-low,M9,M9_C00010,6,351,6.0,True,False,6
M9|C00010,mCherry-low,M9,M9_C00010,9,351,9.0,False,False,0
M9|C00010,mCherry-low,M9,M9_C00010,8,351,8.0,False,False,0
M9|C00010,mCherry-low,M9,M9_C00010,8,351,8.0,False,False,0
M9|C00010,mCherry-low,M9,M9_C00010,8,351,8.0,False,False,0
M9|C00010,mCherry-low,M9,M9_C00010,7,351,7.0,False,False,0
M9|C00010,mCherry-low,M9,M9_C00010,7,351,7.0,False,False,0
M9|C00011,mCherry-high,M9,M9_C00011,3,351,3.0,False,False,0
M9|C00011,mCherry-low,M9,M9_C00011,4,351,4.0,False,False,0
M9|C00011,mCherry-low,M9,M9_C00011,4,351,4.0,False,False,0
M9|C00011,mCherry-low,M9,M9_C00011,4,351,4.0,False,False,0
M9|C00011,mCherry-low,M9,M9_C00011,10,351,10.0,False,False,0
M9|C00011,mCherry-low,M9,M9_C00011,7,351,7.0,False,False,0
M9|C00011,mCherry-low,M9,M9_C00011,8,351,8.0,False,False,0
M9|C00011,mCherry-low,M9,M9_C00011,12,351,12.0,False,False,0
M9|C00011,mCherry-low,M9,M9_C00011,7,351,7.0,True,False,2
M9|C00011,mCherry-low,M9,M9_C00011,11,351,11.0,False,False,0
M9|C00011,mCherry-low,M9,M9_C00011,11,351,13.0,False,False,0
M9|C00011,mCherry-low,M9,M9_C00011,8,351,8.0,False,False,0
M9|C00011,mCherry-low,M9,M9_C00011,10,351,10.0,False,False,0
M9|C00012,mCherry-low,M9,M9_C00012,2,351,2.0,False,False,0
M9|C00012,mCherry-low,M9,M9_C00012,1,351,1.0,False,False,0
M9|C00012,mCherry-low,M9,M9_C00012,1,351,1.0,False,False,0
M9|C00012,mCherry-low,M9,M9_C00012,3,351,3.0,False,False,0
M9|C00012,mCherry-low,M9,M9_C00012,3,351,3.0,False,False,0
M9|C00012,mCherry-low,M9,M9_C00012,3,351,3.0,False,False,0
M9|C00012,mCherry-low,M9,M9_C00012,6,351,6.0,False,False,0
M9|C00012,mCherry-low,M9,M9_C00012,3,351,3.0,False,False,0
M9|C00012,mCherry-low,M9,M9_C00012,3,351,3.0,False,False,0
M9|C00012,mCherry-low,M9,M9_C00012,2,351,2.0,False,False,0
M9|C00012,mCherry-low,M9,M9_C00012,2,351,2.0,False,False,0
M9|C00013,mCherry-low,M9,M9_C00013,6,353,6.0,False,False,0
M9|C00013,mCherry-low,M9,M9_C00013,3,353,3.0,False,False,0
M9|C00013,mCherry-low,M9,M9_C00013,7,353,8.0,False,False,0
M9|C00013,mCherry-high,M9,M9_C00013,5,353,6.0,True,False,6
M9|C00013,mCherry-low,M9,M9_C00013,7,353,8.0,False,False,0
M9|C00013,mCherry-low,M9,M9_C00013,8,353,9.0,False,False,0
M9|C00013,mCherry-low,M9,M9_C00013,10,353,11.0,False,False,0
M9|C00013,mCherry-low,M9,M9_C00013,6,353,7.0,True,False,2
M9|C00013,mCherry-low,M9,M9_C00013,6,353,7.0,True,False,2
M9|C00013,mCherry-low,M9,M9_C00013,7,353,8.0,False,False,0
M9|C00013,mCherry-low,M9,M9_C00013,9,353,10.0,False,False,0
M9|C00014,mCherry-low,M9,M9_C00014,3,380,3.0,True,False,1
M9|C00014,mCherry-high,M9,M9_C00014,3,380,3.0,True,False,1
M9|C00014,mCherry-low,M9,M9_C00014,3,380,3.0,True,False,1
M9|C00014,mCherry-low,M9,M9_C00014,3,380,3.0,True,False,1
M9|C00014,mCherry-low,M9,M9_C00014,3,380,3.0,True,False,1
M9|C00014,mCherry-low,M9,M9_C00014,3,380,3.0,True,False,1
M9|C00014,mCherry-low,M9,M9_C00014,3,380,3.0,True,False,1
M9|C00014,mCherry-low,M9,M9_C00014,3,380,3.0,True,False,1
M9|C00014,mCherry-low,M9,M9_C00014,3,380,3.0,True,False,1
M9|C00014,mCherry-low,M9,M9_C00014,4,380,4.0,False,False,0
M9|C00014,mCherry-low,M9,M9_C00014,5,380,5.0,False,False,0
M9|C00015,mCherry-low,M9,M9_C00015,2,351,2.0,False,False,0
M9|C00015,mCherry-low,M9,M9_C00015,2,351,2.0,False,False,0
M9|C00015,mCherry-low,M9,M9_C00015,1,351,1.0,True,False,1
M9|C00015,mCherry-low,M9,M9_C00015,3,351,3.0,True,False,1
M9|C00015,mCherry-low,M9,M9_C00015,3,351,3.0,False,False,0
M9|C00015,mCherry-low,M9,M9_C00015,4,351,4.0,False,False,0
M9|C00015,mCherry-low,M9,M9_C00015,6,351,6.0,False,False,0
M9|C00015,mCherry-low,M9,M9_C00015,3,351,3.0,False,False,0
M9|C00015,mCherry-low,M9,M9_C00015,5,351,5.0,False,False,0
M9|C00016,mCherry-low,M9,M9_C00016,0,358,0.0,False,True,7
M9|C00016,mCherry-high,M9,M9_C00016,0,358,0.0,False,True,7
M9|C00016,mCherry-low,M9,M9_C00016,6,358,6.0,False,False,0
M9|C00016,mCherry-low,M9,M9_C00016,2,358,2.0,False,False,0
M9|C00016,mCherry-low,M9,M9_C00016,3,358,3.0,False,False,0
M9|C00016,mCherry-low,M9,M9_C00016,1,358,1.0,False,False,0
M9|C00016,mCherry-low,M9,M9_C00016,1,358,1.0,False,False,0
M9|C00016,mCherry-low,M9,M9_C00016,3,358,3.0,False,False,0
M9|C00016,mCherry-low,M9,M9_C00016,3,358,3.0,False,False,0
M9|C00017,mCherry-low,M9,M9_C00017,3,342,3.0,True,False,9
M9|C00017,mCherry-low,M9,M9_C00017,4,342,4.0,False,False,0
M9|C00017,mCherry-low,M9,M9_C00017,4,342,4.0,False,False,0
M9|C00017,mCherry-low,M9,M9_C00017,8,342,8.0,True,False,2
M9|C00017,mCherry-low,M9,M9_C00017,10,342,10.0,False,False,0
M9|C00017,mCherry-low,M9,M9_C00017,13,342,13.0,False,False,0
M9|C00017,mCherry-low,M9,M9_C00017,149,342,154.0,False,False,0
M9|C00017,mCherry-low,M9,M9_C00017,9,342,9.0,False,False,0
M9|C00018,mCherry-low,M9,M9_C00018,4,351,4.0,False,False,0
M9|C00018,mCherry-high,M9,M9_C00018,5,351,5.0,False,False,0
M9|C00018,mCherry-high,M9,M9_C00018,5,351,5.0,False,False,0
M9|C00018,mCherry-low,M9,M9_C00018,4,351,4.0,False,False,0
M9|C00018,mCherry-low,M9,M9_C00018,4,351,4.0,False,False,0
M9|C00018,mCherry-low,M9,M9_C00018,4,351,4.0,False,False,0
M9|C00018,mCherry-high,M9,M9_C00018,5,351,6.0,False,False,0
M9|C00018,mCherry-high,M9,M9_C00018,7,351,8.0,False,False,0
M9|C00019,mCherry-high,M9,M9_C00019,5,351,5.0,False,False,0
M9|C00019,mCherry-low,M9,M9_C00019,6,351,6.0,False,False,0
M9|C00019,mCherry-high,M9,M9_C00019,6,351,6.0,False,False,0
M9|C00019,mCherry-low,M9,M9_C00019,8,351,8.0,False,False,0
M9|C00019,mCherry-low,M9,M9_C00019,8,351,8.0,False,False,0
M9|C00019,mCherry-low,M9,M9_C00019,9,351,9.0,False,False,0
M9|C00019,mCherry-low,M9,M9_C00019,11,351,11.0,False,False,0
M9|C00020,mCherry-high,M9,M9_C00020,5,358,5.0,False,False,0
M9|C00020,mCherry-low,M9,M9_C00020,2,358,2.0,False,False,0
M9|C00020,mCherry-low,M9,M9_C00020,2,358,2.0,False,False,0
M9|C00020,mCherry-high,M9,M9_C00020,3,358,3.0,False,False,0
M9|C00020,mCherry-low,M9,M9_C00020,4,358,4.0,False,False,0
M9|C00020,mCherry-high,M9,M9_C00020,2,358,2.0,True,False,1
M9|C00020,mCherry-low,M9,M9_C00020,6,358,6.0,False,False,0
M9|C00021,mCherry-low,M9,M9_C00021,2,351,2.0,False,False,0
M9|C00021,mCherry-low,M9,M9_C00021,6,351,6.0,False,False,0
M9|C00021,mCherry-low,M9,M9_C00021,2,351,2.0,True,False,3
M9|C00021,mCherry-low,M9,M9_C00021,4,351,4.0,False,False,0
M9|C00021,mCherry-low,M9,M9_C00021,4,351,4.0,False,False,0
M9|C00021,mCherry-low,M9,M9_C00021,7,351,7.0,False,False,0
M9|C00022,mCherry-high,M9,M9_C00022,3,351,3.0,False,False,0
M9|C00022,mCherry-high,M9,M9_C00022,1,351,1.0,False,False,0
M9|C00022,mCherry-low,M9,M9_C00022,6,351,6.0,False,False,0
M9|C00022,mCherry-low,M9,M9_C00022,7,351,7.0,False,False,0
M9|C00022,mCherry-low,M9,M9_C00022,5,351,5.0,False,False,0
M9|C00022,mCherry-low,M9,M9_C00022,5,351,5.0,False,False,0
M9|C00023,mCherry-high,M9,M9_C00023,4,351,4.0,False,False,0
M9|C00023,mCherry-low,M9,M9_C00023,4,351,4.0,False,False,0
M9|C00023,mCherry-low,M9,M9_C00023,4,351,4.0,False,False,0
M9|C00023,mCherry-low,M9,M9_C00023,3,351,4.0,False,False,0
M9|C00023,mCherry-high,M9,M9_C00023,4,351,4.0,False,False,0
M9|C00023,mCherry-low,M9,M9_C00023,4,351,5.0,False,False,0
M9|C00024,mCherry-high,M9,M9_C00024,6,351,6.0,False,False,0
M9|C00024,mCherry-low,M9,M9_C00024,5,351,5.0,False,False,0
M9|C00024,mCherry-low,M9,M9_C00024,5,351,5.0,False,False,0
M9|C00024,mCherry-low,M9,M9_C00024,7,351,7.0,False,False,0
M9|C00024,mCherry-high,M9,M9_C00024,6,351,8.0,False,False,0
M9|C00024,mCherry-low,M9,M9_C00024,5,351,7.0,False,False,0
M9|C00025,mCherry-low,M9,M9_C00025,2,351,2.0,True,False,5
M9|C00025,mCherry-low,M9,M9_C00025,3,351,3.0,False,False,0
M9|C00025,mCherry-low,M9,M9_C00025,3,351,3.0,False,False,0
M9|C00025,mCherry-low,M9,M9_C00025,8,351,8.0,False,False,0
M9|C00025,mCherry-low,M9,M9_C00025,4,351,4.0,False,False,0
M9|C00025,mCherry-high,M9,M9_C00025,8,351,8.0,False,False,0
M9|C00026,mCherry-low,M9,M9_C00026,4,351,4.0,False,False,0
M9|C00026,mCherry-low,M9,M9_C00026,3,351,3.0,True,False,1
M9|C00026,mCherry-low,M9,M9_C00026,2,351,2.0,True,False,2
M9|C00026,mCherry-low,M9,M9_C00026,7,351,7.0,False,False,0
M9|C00026,mCherry-low,M9,M9_C00026,7,351,7.0,False,False,0
M9|C00026,mCherry-low,M9,M9_C00026,3,351,3.0,False,False,0
M9|C00027,mCherry-low,M9,M9_C00027,1,351,1.0,True,False,8
M9|C00027,mCherry-low,M9,M9_C00027,3,351,3.0,False,False,0
M9|C00027,mCherry-low,M9,M9_C00027,5,351,5.0,False,False,0
M9|C00027,mCherry-low,M9,M9_C00027,5,351,5.0,False,False,0
M9|C00027,mCherry-high,M9,M9_C00027,7,351,7.0,False,False,0
M9|C00027,mCherry-low,M9,M9_C00027,10,351,12.0,False,False,0
M9|C00028,mCherry-low,M9,M9_C00028,3,351,3.0,False,False,0
M9|C00028,mCherry-high,M9,M9_C00028,10,351,10.0,False,False,0
M9|C00028,mCherry-low,M9,M9_C00028,5,351,5.0,True,False,2
M9|C00028,mCherry-low,M9,M9_C00028,9,351,9.0,False,False,0
M9|C00028,mCherry-low,M9,M9_C00028,6,351,6.0,False,False,0
M9|C00029,mCherry-low,M9,M9_C00029,0,351,0.0,False,True,2
M9|C00029,mCherry-low,M9,M9_C00029,0,351,0.0,False,True,2
M9|C00029,mCherry-low,M9,M9_C00029,0,351,0.0,False,True,2
M9|C00029,mCherry-low,M9,M9_C00029,3,351,3.0,False,False,0
M9|C00029,mCherry-low,M9,M9_C00029,1,351,1.0,False,False,0
M9|C00030,mCherry-low,M9,M9_C00030,1,351,1.0,True,False,1
M9|C00030,mCherry-low,M9,M9_C00030,1,351,1.0,True,False,1
M9|C00030,mCherry-low,M9,M9_C00030,1,351,1.0,True,False,1
M9|C00030,mCherry-low,M9,M9_C00030,1,351,1.0,True,False,1
M9|C00030,mCherry-low,M9,M9_C00030,2,351,2.0,False,False,0
M9|C00031,mCherry-low,M9,M9_C00031,7,351,7.0,False,False,0
M9|C00031,mCherry-low,M9,M9_C00031,6,351,6.0,False,False,0
M9|C00031,mCherry-low,M9,M9_C00031,7,351,7.0,True,False,2
M9|C00031,mCherry-low,M9,M9_C00031,8,351,8.0,False,False,0
M9|C00031,mCherry-low,M9,M9_C00031,10,351,10.0,False,False,0
M9|C00034,mCherry-high,M9,M9_C00034,1,351,1.0,True,False,2
M9|C00034,mCherry-low,M9,M9_C00034,1,351,1.0,True,False,2
M9|C00034,mCherry-high,M9,M9_C00034,3,351,3.0,False,False,0
M9|C00034,mCherry-high,M9,M9_C00034,3,351,3.0,False,False,0
M9|C00034,mCherry-high,M9,M9_C00034,3,351,3.0,False,False,0
M9|C00035,mCherry-low,M9,M9_C00035,0,353,0.0,False,True,5
M9|C00035,mCherry-high,M9,M9_C00035,2,353,2.0,False,False,0
M9|C00035,mCherry-high,M9,M9_C00035,1,353,1.0,False,False,0
M9|C00035,mCherry-low,M9,M9_C00035,3,353,3.0,False,False,0
M9|C00035,mCherry-low,M9,M9_C00035,4,353,4.0,False,False,0
M9|C00036,mCherry-low,M9,M9_C00036,1,351,1.0,False,False,0
M9|C00036,mCherry-high,M9,M9_C00036,4,351,4.0,False,False,0
M9|C00036,mCherry-low,M9,M9_C00036,5,351,5.0,False,False,0
M9|C00037,mCherry-low,M9,M9_C00037,5,351,5.0,True,False,3
M9|C00037,mCherry-low,M9,M9_C00037,6,351,6.0,False,False,0
M9|C00037,mCherry-low,M9,M9_C00037,8,351,8.0,True,False,1
M9|C00037,mCherry-low,M9,M9_C00037,10,351,10.0,False,False,0
M9|C00039,mCherry-low,M9,M9_C00039,2,351,2.0,True,False,4
M9|C00039,mCherry-high,M9,M9_C00039,4,351,4.0,False,False,0
M9|C00039,mCherry-low,M9,M9_C00039,5,351,5.0,False,False,0
M9|C00039,mCherry-low,M9,M9_C00039,5,351,5.0,False,False,0
M9|C00040,mCherry-low,M9,M9_C00040,4,351,4.0,False,False,0
M9|C00040,mCherry-high,M9,M9_C00040,3,351,3.0,False,False,0
M9|C00040,mCherry-low,M9,M9_C00040,7,351,7.0,True,False,1
M9|C00040,mCherry-low,M9,M9_C00040,9,351,9.0,False,False,0
M9|C00041,mCherry-low,M9,M9_C00041,4,351,4.0,False,False,0
M9|C00041,mCherry-low,M9,M9_C00041,7,351,7.0,True,False,1
M9|C00041,mCherry-low,M9,M9_C00041,9,351,9.0,False,False,0
M9|C00042,mCherry-high,M9,M9_C00042,2,351,2.0,True,False,2
M9|C00042,mCherry-low,M9,M9_C00042,2,351,2.0,True,False,2
M9|C00042,mCherry-low,M9,M9_C00042,5,351,5.0,False,False,0
M9|C00042,mCherry-low,M9,M9_C00042,6,351,6.0,False,False,0
M9|C00043,mCherry-low,M9,M9_C00043,6,351,6.0,False,False,0
M9|C00043,mCherry-high,M9,M9_C00043,3,351,3.0,False,False,0
M9|C00043,mCherry-low,M9,M9_C00043,2,351,2.0,False,False,0
M9|C00044,mCherry-low,M9,M9_C00044,6,351,6.0,False,False,0
M9|C00044,mCherry-low,M9,M9_C00044,2,351,2.0,False,False,0
M9|C00044,mCherry-high,M9,M9_C00044,2,351,2.0,False,False,0
M9|C00045,mCherry-low,M9,M9_C00045,7,350,7.0,False,False,0
M9|C00045,mCherry-low,M9,M9_C00045,2,350,2.0,True,False,1
M9|C00045,mCherry-low,M9,M9_C00045,3,350,3.0,False,False,0
M9|C00046,mCherry-high,M9,M9_C00046,7,358,8.0,False,False,0
M9|C00046,mCherry-low,M9,M9_C00046,10,358,10.0,True,False,1
M9|C00046,mCherry-low,M9,M9_C00046,11,358,11.0,False,False,0
M9|C00047,mCherry-low,M9,M9_C00047,6,350,6.0,False,False,0
M9|C00047,mCherry-low,M9,M9_C00047,6,350,6.0,True,False,1
M9|C00047,mCherry-low,M9,M9_C00047,8,350,8.0,False,False,0
M9|C00049,mCherry-low,M9,M9_C00049,2,351,2.0,False,False,0
M9|C00049,mCherry-low,M9,M9_C00049,1,351,1.0,False,False,0
M9|C00049,mCherry-low,M9,M9_C00049,2,351,2.0,False,False,0
M9|C00050,mCherry-low,M9,M9_C00050,5,351,5.0,False,False,0
M9|C00050,mCherry-high,M9,M9_C00050,6,351,6.0,False,False,0
M9|C00050,mCherry-low,M9,M9_C00050,9,351,9.0,False,False,0
M9|C00051,mCherry-low,M9,M9_C00051,4,351,4.0,False,False,0
M9|C00051,mCherry-low,M9,M9_C00051,2,351,2.0,False,False,0
M9|C00051,mCherry-low,M9,M9_C00051,3,351,3.0,False,False,0
M9|C00052,mCherry-low,M9,M9_C00052,5,351,5.0,False,False,0
M9|C00052,mCherry-low,M9,M9_C00052,3,351,3.0,False,False,0
M9|C00052,mCherry-low,M9,M9_C00052,6,351,6.0,False,False,0
M9|C00053,mCherry-low,M9,M9_C00053,3,351,3.0,False,False,0
M9|C00053,mCherry-low,M9,M9_C00053,4,351,4.0,False,False,0
M9|C00053,mCherry-low,M9,M9_C00053,4,351,4.0,False,False,0
M9|C00054,mCherry-low,M9,M9_C00054,2,363,2.0,True,False,1
M9|C00054,mCherry-low,M9,M9_C00054,2,363,2.0,True,False,1
M9|C00054,mCherry-low,M9,M9_C00054,3,363,3.0,False,False,0
