_family,0,1,2,3,4,5,6,7,8,9,10,11,12,13,14,15,16,17,18,19,20,21,22,23,24,25,26,27,28,29,30,31,32,33,34,35,36,37,38,39
M1|C00001,0.32157657,-0.5827724,0.44994527,-0.5645759,1.000292,-0.93705916,-1.035614,-0.6210565,-0.9732754,-0.44650307,-0.6319837,-0.47855836,0.11586614,-0.8584097,-0.820413,0.5499719,-0.4699024,-0.42941797,-0.56651944,-0.2773775,-1.7017266,-0.55053955,0.7231103,-2.1849651,-0.41793936,-0.37481087,0.48811245,-0.2056067,-0.2255519,0.013065081,1.0350121,-1.1565423,-1.2649875,0.1873865,0.23677978,-0.068119936,1.1300551,1.0311277,0.1477904,0.7209914
M1|C00002,-0.49590513,-0.98072267,-0.29459003,0.8594393,0.90463275,-0.74228424,0.09341242,-1.182448,-0.28904226,1.1509017,-0.825883,-0.85750985,0.8335606,-0.9316273,-0.0048239543,0.66727936,1.1277518,0.3127744,-1.1672679,-0.21743006,-1.1719899,-0.86752665,0.7917971,-0.66946524,-0.44956607,0.8621786,0.674155,0.89487547,-0.54153734,0.73640007,0.8104581,-0.16001472,-0.8685146,0.6352119,-0.015198862,-0.15527567,0.3667893,-0.19291979,-0.6169909,0.049596366
M1|C00003,-0.88481665,-0.17668104,-0.13721474,-0.27714333,0.47566795,-0.8839965,-0.61246675,-0.96744627,-0.99813324,0.06335713,-0.3598944,-0.7814307,0.8653129,-0.8000981,-1.0002177,0.47370523,0.56030136,0.29119334,-1.2955986,0.08317205,-1.241498,-0.6371771,0.5171256,-0.64574224,-0.74241316,0.9508045,0.2985227,1.026541,-0.51527995,0.2782776,1.1097594,-0.78098994,-1.1719941,0.75484794,0.74062437,0.15234695,-0.37228933,0.12451221,0.95894796,-0.030010814
M1|C00004,-0.25899917,0.5970998,-0.4354626,-0.018527307,0.6587825,-0.57307327,-1.6359565,-0.6922005,-1.2300203,0.12593943,-0.071282536,-0.69283843,0.29374143,-0.5018801,-0.9843017,1.4301482,0.89387184,0.25688422,-1.0327601,-0.036635946,-2.0280147,-0.49983156,0.19975194,-0.6173047,-0.3823303,1.6340271,-0.15856692,1.3246963,-0.26953766,-0.07929022,1.0841861,-0.5192463,0.29045334,0.74159974,1.5202909,0.5740657,0.90309715,0.0801221,0.7590559,0.28862146
M1|C00005,-0.9103884,-0.20518905,-0.19170776,-0.06087425,0.4412136,-0.57691175,-0.8431614,-0.93027574,-0.8829633,0.24818783,-0.4225688,-0.68712026,0.6461185,-0.84555507,-0.90597534,0.6426578,0.57857054,0.24453972,-1.0668193,-0.061219975,-1.2697195,-0.6347027,0.6348747,-0.8634899,-0.54851115,0.9689137,0.32122633,0.96502215,-0.6213179,0.39127442,0.9498704,-0.9522579,-0.7415352,0.63917315,0.55278516,0.14753397,-0.34223393,0.21895549,0.47491214,0.04678821
M1|C00006,-0.7002023,-0.6753625,-0.22408915,0.25557894,0.4456177,-1.0568496,-0.085167885,-0.64615244,1.4061973,0.4252092,-0.6207713,-0.805022,-0.26935953,-0.7358316,-0.2141133,1.4310768,0.5080317,-0.5252466,-0.86994493,-0.62892854,-0.556773,-1.3289146,0.8008713,-0.77182996,-1.0627683,1.2047998,1.0871176,-0.63324505,-1.4756979,0.8619819,1.0873781,-1.2873998,1.0060077,1.8630214,1.9357026,-0.5912725,-0.24081182,0.29844266,-1.5683237,0.62989515
M1|C00007,-0.41166678,0.44637498,-0.2007643,0.011855087,0.68075085,-0.67640567,-1.120122,-0.7864017,-0.93396306,0.2010598,-0.45348036,-0.8296941,0.37149623,-0.38099277,-0.9151271,1.2263815,0.34721008,-0.009065179,-1.0211583,-0.20859207,-1.3827597,-0.1763987,0.300283,-0.5427566,-0.34185612,1.4945683,0.024450913,1.0354952,-0.30370235,0.04943934,0.81703305,-0.3272207,-0.13268787,0.840404,1.271439,0.8372426,0.6694353,0.22462974,0.49555647,0.5472919
M1|C00008,-0.33571112,-0.74687725,-0.36803892,0.5255869,1.5808892,-0.6058578,-0.9516925,-0.8233058,-1.1425488,0.94615626,-0.9225723,-0.26704416,1.3786335,-0.24604438,-0.38709545,0.9676261,0.18816198,-0.50911325,-1.1392508,-0.57221293,-0.90856236,-0.15253855,0.043117464,-0.8967715,0.44546077,0.5533557,0.4290081,0.66466767,-0.41345844,0.89869493,0.9946806,-0.6495939,-0.7821038,0.68615866,0.92347974,-0.72632504,0.4749883,0.43252525,-0.03330161,0.6766774
M1|C00009,-0.17747618,-0.012838284,-0.7563034,0.6446563,1.5108408,-0.70850724,-1.5022466,-0.73024005,-0.8078613,0.90823126,-0.09280219,-0.095587365,0.67277277,-0.59221375,-0.5319607,1.2289357,0.14318243,-1.0422564,-0.5045136,-0.8049113,-1.2745221,-0.44091874,-0.43382615,-0.6129096,-0.5465512,0.710477,0.83615714,0.5768161,-0.7462606,0.44096455,0.39813167,-0.53694713,-0.055104673,0.47221956,0.7807759,-1.2212391,0.36815542,0.7527722,-0.22302356,0.8798094
M1|C00010,-1.2884885,-0.08678421,-0.10604659,-0.3253905,0.41861054,-0.6736874,-1.0914664,-0.845745,-0.9605965,-0.083693,-0.5243769,-0.8155997,0.21278383,-0.46205008,-0.8946261,0.92737526,0.29982004,0.34948263,-1.1973644,0.205237,-1.0256649,-0.502633,1.0361736,-0.7740369,-0.47208104,1.4076807,0.37543678,0.7714885,-0.7633861,0.42879674,1.0257517,-0.92524296,-0.6517261,1.0679615,0.5021445,0.2298505,-0.024123328,0.26928738,0.54979545,0.01924105
M1|C00011,-0.13607973,0.09026926,-0.2874126,-0.32044247,1.19363,-1.1857417,-1.1504437,-0.5682641,-0.084175915,0.8863623,-0.21176228,-0.22306061,0.21669467,-0.40945485,-0.6303482,1.2038996,0.054606497,-0.99988437,-0.88870806,-1.0679656,-1.1040916,-0.46473873,-0.11230861,-0.28751692,-1.2179773,0.325054,0.96153325,-0.0044416934,-0.8706795,0.72512203,0.33677322,-0.5544678,0.07302751,0.9814243,2.0385573,-0.86004615,-0.28763857,0.41044343,0.15412632,0.865021
M1|C00012,-0.4434301,-0.8884006,0.50280017,0.5622896,1.0204017,-1.2398177,-0.54457575,-0.67846423,0.49398392,0.21680498,-1.6913425,-1.2929698,-0.05591728,-0.108734354,-0.63515717,0.50992745,0.7499547,-0.13901812,-2.0984902,-1.7024617,0.15702638,0.29390833,0.8328816,-0.65951014,-0.014831465,0.043789983,0.5024637,1.1194941,-0.929654,1.0810411,1.2439426,-0.08849567,-0.8358525,1.0921352,0.6119136,0.9043295,-0.021421146,-0.11313739,-0.24642457,0.97191536
M1|C00013,-0.7065724,-0.3949149,-0.7788688,0.3072579,0.50779283,-0.9223491,-0.21179686,-0.84901166,-0.64865774,-0.04656598,0.04842858,-0.8029045,0.17825481,-0.9755289,-0.52798593,0.8859733,1.108531,-0.982067,-0.4856386,-1.2702569,-0.7449571,-0.6216342,1.0144538,-1.0349627,-0.43125936,0.71439064,0.8295484,0.1772427,0.048726737,0.026703805,0.61750066,-0.6861391,-0.28432158,0.66513884,0.49237442,0.5435051,0.040699326,0.46556675,-0.2682101,0.7464551
M1|C00014,-0.53111106,0.59471405,-0.42591563,0.2407111,0.7664052,-0.48991913,-0.94840014,-0.9325547,-0.84709716,0.30631927,0.12555605,-0.543666,0.6259784,-0.64385426,-0.8060236,1.420546,0.81914645,0.06783616,-0.9890315,0.1863757,-2.057353,-0.5739234,0.22075294,-0.7693587,-0.3981085,1.4935675,0.038652606,1.107062,-0.60049736,-0.0946392,1.0348103,-0.5436693,0.3202749,0.55176103,1.1528553,0.45090044,0.7034133,0.34114113,0.45364082,0.028672587
M1|C00015,-0.36979964,0.041983154,-0.049308676,-0.73018175,1.218236,-0.8354201,-1.1948279,-0.52803653,0.4025231,1.1947538,-0.5476869,-0.17891559,-0.21807958,-0.41795525,-0.24662516,1.2668573,0.06794779,-0.7501203,-0.7912645,-1.1554716,-1.2005275,-0.47504187,0.26831737,-0.050364,-1.2918284,0.65643936,0.8396603,-0.10753044,-0.7824174,1.0264336,0.27364916,-0.8574244,0.19178228,0.97184765,2.359272,-0.6461846,0.16231792,0.39575198,0.085273586,0.7494175
M1|C00016,-0.32820344,-0.78730005,-0.3509652,0.5330019,1.6461103,-0.5919903,-0.9034357,-0.78766054,-1.1232525,0.892202,-0.99966174,-0.25073954,1.2867014,-0.16800572,-0.33472857,1.009154,0.106824934,-0.60059565,-1.1706842,-0.6351991,-0.79279935,-0.036869556,0.13577555,-0.93503964,0.43303084,0.5614766,0.4728796,0.6762462,-0.4917336,1.0423952,1.0560253,-0.67169285,-0.78765124,0.7926789,0.9245618,-0.7774791,0.5212977,0.4496333,-0.10629388,0.7217244
M1|C00017,-1.1307154,0.56954414,0.43808284,-0.42128253,1.2387741,-0.91979724,-1.755681,-0.5661602,-0.58659035,-0.40787223,-0.9059644,-1.261856,-0.61051875,0.71169615,-0.56237775,1.4570643,0.111216165,0.246028,-1.8374745,-0.8116649,-0.50638086,0.2749758,1.2591537,-0.45062888,0.13463318,1.1342556,0.15749453,1.2929502,-0.9522009,0.41254082,1.2690209,-0.15580837,0.11108682,1.3663241,1.4711825,1.0130752,1.2579399,0.49797997,0.6610666,0.7175048
M1|C00018,-0.20051381,-1.2289388,-0.29419246,0.034995068,0.8114518,-0.69722366,-0.70193833,-1.0008093,-0.66747916,1.5600477,-1.31061,-0.77028394,0.78457713,-0.82742834,-0.00084781647,0.3516801,1.3257204,0.760775,-1.2122909,-0.7382623,-1.4633038,-0.6385402,0.5473763,-0.18617293,-0.50834095,0.5419687,0.22467005,1.1146445,0.39757106,1.1279916,0.56919235,-0.4451867,-1.3006512,0.24241939,0.9182202,0.2953896,0.24913779,-0.36381778,0.28921455,0.36808205
M1|C00019,-0.84503067,-0.5121819,0.2041899,-0.0012622327,0.9162528,-1.9614372,-0.7641946,-0.23035601,1.4966803,0.40651232,-0.20386848,-1.0707064,-0.04444003,-0.2568043,-0.78121763,1.1751529,0.8534061,-1.3489652,-1.4603478,-2.0860045,0.04432465,-1.3146743,0.6009452,0.2514528,-1.1182269,-0.19671369,0.69486773,-0.20080373,-1.290945,1.2221859,0.8086336,-0.7346768,0.42463952,1.2155508,1.8808796,-0.09620184,-0.53735137,0.9966855,-0.7152866,1.1269593
M1|C00020,-0.19837436,-0.9062802,-0.24076319,0.16193442,0.6052597,-0.5569387,-0.7767889,-0.77823853,-0.4554595,1.3911713,-1.2636516,-0.83891755,0.58912337,-1.0352552,-0.19092254,0.42768162,1.2633975,0.46951705,-1.0038974,-0.7903352,-0.9176589,-0.65287006,0.63039297,-0.4551249,-0.23129229,0.82727957,0.15904678,1.0722735,-0.061612725,1.0701711,0.4298385,-0.19670877,-1.1232446,0.52427554,0.32819572,0.31111223,0.33865026,-0.45359778,-0.28725895,0.544554
M1|C00021,-0.5528285,0.6727757,-0.37628523,0.17208762,0.7430048,-0.47204003,-0.9229185,-0.9723784,-0.77806354,0.36258736,0.12170688,-0.5270794,0.6173761,-0.5918123,-0.7681338,1.4575707,0.74830866,0.0713879,-0.98205316,0.23745959,-2.0670352,-0.58293176,0.39830023,-0.78739834,-0.37869707,1.5192467,0.074383035,1.0865902,-0.63538396,-0.08277091,0.9481796,-0.4839689,0.372203,0.62472504,1.161936,0.58505476,0.7728063,0.28309903,0.40491086,0.005825716
M1|C00022,-0.70511866,-0.71447384,0.23674564,-0.06358428,1.93104,-1.0106776,-1.5132266,-0.2949497,-0.04204986,0.561973,-1.1812514,-0.5077017,0.57184404,0.11052656,-0.73555577,0.8560898,0.1259817,-1.3565619,-1.5703446,-1.693828,-0.022245878,0.13807121,0.991286,-0.5385556,0.8018549,0.04227989,0.80394506,0.9164578,-0.70094943,1.4671406,1.0489061,-0.30518594,-0.56004107,1.3013926,0.94734824,0.14687438,0.39674443,0.357601,-0.3698291,1.3097732
M1|C00023,-1.1651336,0.068408914,0.01004146,-0.055083733,0.37535882,-0.78995585,-0.80551326,-1.0533298,-0.8311251,-0.24022105,-0.5223263,-0.93129015,0.4950941,-0.640227,-1.246858,0.8102625,0.17865041,0.20137163,-1.170661,0.056109406,-0.8864662,-0.33376002,0.52680266,-0.7358519,-0.67063516,1.358535,0.25838274,0.8401089,-0.9661862,0.26529482,1.0895555,-0.8604835,-0.81141704,1.0964196,0.34454304,0.27816677,-0.35606197,0.37312147,0.5539699,0.12175515
M1|C00024,-0.16234228,0.5547902,-0.41855216,-0.30694658,0.53368616,-0.35727775,-2.038228,-0.31676307,-1.470633,0.3812706,-0.27627987,-0.5802165,0.43811172,-0.73007154,-0.98347026,1.0271177,1.1807159,0.21595219,-0.85569024,-0.57536626,-2.24395,-0.2325049,-0.47512817,-0.13539436,-0.50665873,1.281354,-0.62779164,1.6185732,0.49443382,0.14719442,1.0127238,-1.0370958,0.03823839,0.06481756,2.1359937,0.89673674,0.5011992,0.2776044,1.3972248,0.5628892
M1|C00025,-0.98055255,0.012751585,-0.03014934,0.5184001,0.54798377,-0.8250615,-0.475214,-1.0672969,-0.57771546,0.06531759,-0.36752024,-0.79769254,0.593839,-0.8043555,-1.0135825,0.76179314,0.3792051,-0.12957728,-1.0760655,-0.066099286,-0.826754,-0.69723916,0.70598793,-1.0836173,-0.23221734,1.1384809,0.5140456,0.65236044,-1.1610403,0.26901296,0.95402324,-0.54504985,-0.56882846,0.9342787,0.061895035,0.128515,-0.09210908,0.2686864,-0.2535065,0.2579121
M1|C00026,-0.08898632,-0.033644166,-0.46815932,1.4767842,1.0559807,-0.6641434,-1.1079199,-0.3931182,0.17084004,1.2938396,-0.1730031,-0.7264255,0.53602386,-0.30868176,0.1730155,0.31168875,0.94068456,-0.859757,-1.0593218,0.05583975,-0.68833935,-0.8547159,0.19248772,-2.2689357,-0.29321137,0.18997473,-0.05812958,-0.1283174,-0.26347166,-1.1339644,1.3507918,-0.86132205,-0.08977047,0.26630473,-0.22088705,0.86651635,0.53902817,0.55767864,0.9354572,0.055259667
M1|C00027,-0.38801116,-0.90281147,0.081866376,-0.4719535,1.6493684,-0.38861722,-1.0787573,-0.8917161,-1.2611549,1.8733814,-1.0748394,-0.19613016,1.2548077,0.0036046505,-0.09343852,1.051856,-0.12114033,-0.3603239,-1.1224297,-0.4642459,-1.2936177,-0.35003954,0.97032475,-0.5399016,0.7681963,0.72690797,0.5226161,0.7899122,0.059100874,1.3250743,0.33739483,-0.23526764,-0.795063,0.6355259,1.4778199,0.09430286,1.053203,-0.2959005,0.17455773,0.6179663
M1|C00028,0.7676218,-1.498442,-1.101849,0.38974142,0.4981717,-1.2884789,0.9210661,-0.31664392,-0.2949153,-0.7009604,-0.29299086,-1.3999494,0.838445,-1.0646616,0.073998384,2.4669988,1.6821707,0.5553593,-1.4766797,-0.6158094,-1.2994956,-0.6962964,0.2071669,-1.9487225,-0.342851,0.46827403,0.7310708,-0.07100877,-0.5549668,-0.41639376,0.6251343,0.056064785,0.30981255,0.16353112,0.7729915,0.62921226,1.5084509,0.46587098,-1.0612229,1.1002444
M1|C00029,-0.011647567,0.07528845,-0.73978657,0.33014557,1.6158576,-0.844245,-1.5990456,-0.7877305,-0.9985928,0.7984557,-0.4114624,0.102161944,0.62172514,-0.17135026,-0.514495,1.3730973,-0.17928427,-1.1478124,-0.6360431,-0.8770888,-1.113237,0.28004026,-0.2877,-0.7665027,-0.56080246,0.5871777,0.8535173,0.47999978,-0.59615505,0.54515886,0.33601466,-0.44380546,-0.28517735,0.93099815,0.9789493,-1.0590959,0.2619588,0.6608326,0.064726494,0.93901896
M1|C00030,-0.107142955,0.02465771,-0.27847347,1.1035367,1.0452055,-0.5949534,-1.2251377,-0.44488707,0.051600527,1.5633308,-0.2038421,-0.70471144,0.5828336,-0.28552973,0.1425706,0.39973858,0.920888,-0.803551,-0.97532207,0.0248548,-0.7594816,-0.9096403,0.4168373,-2.1728327,-0.22052212,0.22807014,-0.2345777,-0.13746853,-0.11409875,-1.0131413,1.0426098,-0.7286561,-0.13251527,0.21449763,-0.09772378,1.2056875,0.64171207,0.32795158,1.0113903,0.0404511
M1|C00031,-0.7260833,-0.3370066,0.096944995,-0.8783858,0.40644822,-0.605335,-1.2271848,-0.9052865,-1.227057,0.69617295,-0.8166778,-0.79504126,0.38921627,-0.6934697,-0.9104774,0.31960094,0.4707044,0.5076627,-1.2042642,-0.2324562,-1.4263495,-0.62488294,0.93330044,-0.4088789,-0.424083,1.0426708,0.13644862,1.1017689,-0.032795295,0.58466256,0.642299,-0.6170458,-1.126607,0.62229985,1.1684182,0.6028129,-0.081773326,-0.42065835,1.072786,0.14081252
M1|C00032,-0.56128585,-0.7430093,-0.6119811,1.3856875,0.748432,-0.66753894,0.14590317,-1.1100913,-0.13381141,0.85075927,-0.47164544,-0.74395627,1.0317395,-1.1215589,0.054402784,0.6676702,1.2483778,0.20483613,-1.0442253,-0.0043006986,-1.137372,-0.8024722,0.7445788,-0.9743681,-0.3574835,0.9087766,0.80023885,0.8590398,-0.9263856,0.560367,1.0078269,-0.37086853,-0.64319783,0.8087718,-0.56418747,-0.5372704,0.2756504,0.05329138,-0.9800727,-0.00469929
M1|C00033,-0.27402806,-0.78618413,-0.21801646,0.70196515,0.72381395,-0.84398293,-0.51703656,-0.7966024,-0.4776084,0.7628975,-0.9205379,-0.83897096,0.6018688,-0.77209395,-0.30224887,0.5178453,0.77665925,0.059666414,-1.082113,-0.64312553,-1.1173325,-0.4841189,0.2951486,-0.63068235,-0.5467429,0.5751833,0.42163157,0.9219091,-0.27436647,0.6410214,0.88442963,-0.60408205,-0.7194533,0.39294744,0.57881194,0.12994647,-0.010062404,0.20515978,-0.16280413,0.5519384
M1|C00034,-0.49763408,0.2252874,-0.061511636,-0.45949236,1.2457229,-0.796654,-0.77825063,-0.5822432,0.45494998,1.0690483,-0.21401305,-0.16827227,0.0011107177,-0.5315166,-0.13176978,1.5638018,0.10202276,-0.8970426,-0.7165182,-0.8984316,-1.2970706,-0.61856705,0.4232875,-0.25818112,-1.4466757,0.66201794,1.0008042,-0.11580077,-1.1620754,0.9089289,0.38275978,-0.86675006,0.4932693,1.0638026,2.1317084,-0.72955257,0.09862109,0.5040253,-0.21835776,0.57467633
M1|C00035,0.04945463,-1.6150312,0.5644653,-1.8176346,-0.007697746,-1.390205,-1.1924028,-0.9149327,1.2606928,1.9087063,-1.2087743,-1.5570618,-0.77204823,-0.7712583,-0.31442145,1.0781189,0.13064308,0.04052613,-0.69958967,-1.4869505,-1.0202816,-1.290965,0.9610489,0.101418816,-1.790455,0.7813999,0.41858825,-0.5616002,0.08313586,1.187733,-0.53452605,-0.91755074,-0.29644296,1.3584515,2.6932185,1.1717765,0.08478394,-0.5045889,0.15037805,0.7075665
M1|C00036,-0.2495783,-0.97505563,-0.12566298,-0.34342107,0.39021954,-0.88481694,-0.88915735,-0.22330092,0.93565387,0.6774998,-1.1128893,-0.92910886,-0.5899999,-0.8449189,-0.31802994,1.0648549,0.7097078,-0.45803514,-0.7453305,-1.3791198,-0.55098546,-1.0960778,0.24202232,-0.39655638,-1.1064105,0.9346557,0.5079394,-0.26030722,-0.58403057,1.2356032,0.9351905,-1.6189095,0.6755402,1.3549019,2.8120167,-0.25733885,-0.49067202,0.1435143,-0.8582957,1.0825982
M1|C00037,-0.3386288,-0.32438323,-0.39810145,0.452732,1.6052451,-0.6144153,-1.1622597,-0.6757739,-0.8802187,0.8877565,-0.6537092,-0.052713055,0.7205978,-0.32221302,-0.22933835,1.1346751,-0.02527386,-0.7452274,-0.83918524,-0.84834814,-1.1351757,0.12663215,-0.059420634,-0.7107504,-0.06849027,0.6293352,0.7278885,0.6036601,-0.60086656,0.8474192,0.691309,-0.67603785,-0.3537587,0.45205572,1.0853257,-0.8577382,0.4461205,0.57534695,-0.020540005,0.7832716
M1|C00038,-0.51847064,-1.3106927,0.3302743,-0.05795599,0.45099607,-1.4537821,-0.23275924,-0.7008993,1.3739858,0.15668355,-0.37045622,-1.4310182,-0.6223496,-1.4214916,-0.18435512,1.3522521,0.18525405,-0.6391934,-0.58725715,-0.8603162,-0.9183542,-1.3762845,0.9148521,-1.18152,-1.5428071,0.72994214,1.3462564,-1.1592109,-1.3921696,0.4322771,0.8399224,-1.4622507,0.2627136,1.4912671,1.3736014,-0.69473696,0.11041383,0.24625677,-1.1834389,0.553534
M1|C00039,-0.1015459,0.21521133,-0.92253727,0.6686112,1.6608557,-0.9555087,-1.4478947,-1.0967126,-0.7119511,0.781729,0.043838546,0.31524023,0.7518323,-0.106595166,-0.5880845,1.6238505,-0.066765666,-1.2457187,-0.6615747,-0.5057249,-1.2303094,-0.17712565,0.0060534105,-1.0927373,-0.470934,0.59915733,1.1710973,0.16012509,-1.0298123,0.3465022,0.33598748,-0.26895845,0.028992966,1.1154153,0.47065723,-1.4731201,0.44603324,0.5899579,-0.4181069,0.7077572
M1|C00040,-0.35121337,-0.8134477,-0.025756791,-0.53775233,0.784129,-0.6987725,-0.6612181,-0.88361573,-0.56266755,1.5908928,-1.3281803,-0.8116407,0.8916025,-0.512395,-0.36291784,0.64957786,0.49253702,0.0974976,-1.0240085,-0.5857577,-1.1472608,-0.7072445,0.9202894,-0.14349213,-0.31640005,0.8900863,0.2264052,0.95536727,0.28022063,0.8480177,0.055457145,-0.03771238,-1.1007447,0.6502725,0.982362,0.9981597,0.5755846,-0.27415416,0.23779976,0.53589183
M1|C00041,-0.66961706,-0.5158113,-0.41869417,0.7593172,1.8627583,-0.5809847,-0.41297802,-0.81544715,-0.82082087,0.85176134,-0.6583913,-0.3450234,1.5236846,-0.35771096,-0.25262633,1.142225,-0.026320957,-0.73702717,-1.2596031,-0.08017789,-0.76089585,-0.17672879,0.44981724,-1.2305586,0.8620745,0.7749439,1.0472306,0.343736,-0.95003694,0.6366627,0.9196605,-0.28277168,-0.38566893,1.0222714,0.40931183,-0.8001064,0.7443869,0.5158308,-0.7097898,0.6477766
M1|C00042,-0.20781198,-0.82028127,-0.26413032,0.45447147,1.6283371,-0.54600066,-0.7913479,-0.7644551,-1.1764634,1.0935838,-0.87002516,-0.3980536,1.1421409,-0.37748456,-0.45436397,0.76254755,-0.02499877,-0.7105269,-1.144712,-0.57853514,-0.94048464,-0.42760667,-0.060061753,-0.7500066,0.57001305,0.7523614,0.6770225,0.86224616,-0.35969213,0.9514401,0.99848074,-0.4397638,-0.75705194,0.6307424,1.068799,-0.66675085,0.6069213,0.36811846,-0.082102865,0.8249427
M1|C00043,-0.75790596,-1.2179974,-0.7183727,1.313563,0.96073866,-0.90492845,0.6754536,-1.3707148,0.14922318,1.139959,-0.74105936,-0.7854068,1.4380757,-0.7836249,0.44635725,1.0232372,1.3713304,0.45350537,-1.2328575,0.48447353,-1.1128703,-0.9954684,1.1071346,-0.81129277,-0.59553194,0.96661925,1.0236844,0.68489444,-0.79736733,0.44684306,0.9552414,0.058668718,-0.8278988,1.2661347,-0.98143554,-0.5754435,0.666142,0.039758325,-1.2497538,-0.30476102
M1|C00044,0.045003414,0.083352454,-0.7785559,0.30329794,1.5418218,-0.880324,-1.5295578,-0.83017963,-0.97405905,0.82895255,-0.39699692,0.112983555,0.65724427,-0.147992,-0.55876625,1.3782536,-0.17008448,-1.1941646,-0.66562533,-0.8757194,-1.0195779,0.2541971,-0.21548639,-0.7524352,-0.5597056,0.5881243,0.82608896,0.43300146,-0.6032974,0.6110734,0.26043326,-0.38246942,-0.37197345,1.0444657,0.99358743,-0.99849784,0.3160351,0.62021554,0.0056107864,0.941272
M1|C00045,0.03962463,-0.86451876,0.3381034,-0.3007366,0.48927522,-1.1910639,-0.6445161,-0.7129274,-0.22114561,0.18988064,-0.6029972,-1.0853982,0.11472139,-1.00068,-0.6224696,0.5890046,-0.049650226,-0.36541182,-0.73893815,-0.7585683,-1.1494405,-0.79297745,0.5743929,-1.1788048,-0.74129605,0.23163736,0.5379754,-0.09131868,-0.32417557,0.13656475,0.5629385,-0.77954715,-0.9154675,0.47342286,0.91371846,0.24779877,0.46996614,0.41632995,0.032728642,0.70592505
M1|C00046,-1.124423,-0.20586315,-0.2270147,-0.129037,0.39883867,-0.4358009,-0.9243705,-0.90984404,-1.060136,0.005817689,-0.28636044,-0.66575783,0.4958465,-0.8994893,-0.8565744,0.68459815,0.8825909,0.55680275,-1.1104112,0.07851358,-1.4418693,-0.65123034,0.75266516,-1.0198803,-0.6749879,0.9570521,0.2496646,0.98639184,-0.6601639,0.43546736,1.2939484,-1.2887132,-0.7634944,0.592771,0.38378558,-0.009477869,-0.363409,0.3252635,0.7258321,-0.23593254
M1|C00047,-0.3241178,-0.97687674,-0.3265133,0.1314864,1.882689,-0.41827297,-1.2458698,-0.71276593,-1.4447616,1.2880961,-1.1747698,-0.14309928,1.4663786,-0.05540262,-0.20265248,1.0860789,0.22333683,-0.4939855,-1.1447581,-0.71820265,-1.0386808,-0.07970122,0.13513528,-0.77511907,0.64380234,0.4614961,0.3111619,0.86462116,-0.11982591,1.2781864,0.9218251,-0.71485096,-0.83937407,0.54991245,1.224424,-0.79275274,0.65210706,0.3089366,0.18898278,0.7561952
M1|C00048,-0.4050429,-0.61183625,0.20169117,-0.080574244,1.4015129,-0.58527815,-1.3544877,-0.7922932,-1.0946815,1.047737,-1.3069584,-0.49001926,0.5484158,-0.36038518,-0.763239,0.78919804,0.09619606,-0.69386005,-0.90494657,-1.1602709,-0.54383385,-0.11377026,0.48677644,-0.91165864,0.745433,0.87283075,0.21646553,0.6529392,-0.24216789,1.1756864,0.5840956,-0.4356049,-1.0087587,0.84411263,0.91332775,0.1430232,0.7176064,-0.011549003,-0.14840347,1.0142252
M1|C00049,-0.12822416,-0.07765493,-0.17238659,-0.791905,1.1561826,-1.0877144,-1.1446612,-0.7372339,0.25222015,1.3628505,-0.4968567,-0.24885535,-0.07238424,-0.32264873,-0.49351597,1.267545,0.15812968,-0.6869774,-0.82167596,-1.0035108,-1.2171535,-0.9017001,0.252892,0.075467184,-1.4393588,0.6365747,0.83873373,-0.038897872,-0.5757525,0.96127504,0.12323267,-0.49182373,0.07677856,1.175738,2.3328662,-0.57854104,0.15459475,0.3771525,0.071036674,0.5189413
M1|C00050,-0.7798816,-0.7516663,-0.4765046,0.72391576,1.9254262,-0.55703473,-0.8083801,-0.84668547,-0.89004576,0.7110262,-1.0940562,-0.20745473,1.2843238,-0.014260665,-0.06278453,1.3356432,0.024460362,-0.5850818,-1.0274504,-0.35291052,-0.76722133,0.06162765,0.3433746,-1.3040402,0.5507047,0.692118,0.80997765,0.52359736,-0.71100116,0.7312817,1.1658376,-0.7644005,-0.5189694,1.0645056,0.54620165,-1.0410471,0.6224357,0.5392658,-0.41628876,0.5944699
M1|C00051,-0.5897546,-0.52098596,-0.2511521,0.3207226,1.316442,-0.6510854,-0.93764716,-0.8397307,-0.77525544,0.79082876,-1.0080396,-0.41481575,0.9663495,-0.2883044,-0.42803386,1.0478073,0.18843535,-0.45627207,-0.97666776,-0.52718616,-0.89108735,-0.23010448,0.43496364,-1.0092943,0.27321556,0.74226916,0.49071592,0.6629729,-0.49989367,0.7114667,0.7595982,-0.5991707,-0.6364354,0.8224301,0.7521136,-0.20219804,0.48006052,0.3131135,-0.23593558,0.6983651
M1|C00052,-0.29871407,-1.2705116,-0.35180545,0.39818746,0.8122213,-0.63587064,-0.36347476,-0.96820664,-0.6590888,1.4414939,-1.0374572,-0.76418626,0.85813975,-0.9321489,0.2295274,0.52727216,1.4290094,0.573485,-1.1960537,-0.6160077,-1.5323632,-0.7158669,0.65959287,-0.41289645,-0.6158099,0.5854496,0.3518924,1.150426,0.06691648,1.146846,0.7783059,-0.5779854,-1.0703113,0.23741189,0.61911535,0.025488302,0.19611883,-0.17053327,-0.031506747,0.2609484
M1|C00053,-1.2306335,0.051921137,0.22332029,-0.20493351,0.49285352,-0.7425462,-0.82536083,-1.0545838,-0.8517134,-0.13532068,-0.5714275,-0.8994138,0.17275822,-0.65022844,-1.068148,0.7518058,0.24711424,0.22893886,-1.1939617,-0.056661338,-0.8113523,-0.48769903,1.1183068,-0.9389355,-0.26842573,1.2956693,0.38854802,0.8715533,-1.0021901,0.4263987,0.9980997,-0.62462366,-0.76183426,1.1380959,0.44574443,0.44106102,-0.1050665,0.0021048859,0.27390283,0.11847782
M1|C00054,-0.21067327,-1.2303407,-0.4218167,0.84081906,0.80355686,-0.64113104,-0.6149569,-0.87484306,-0.6269199,1.177902,-0.97351736,-0.83070457,0.72545516,-1.1967926,-0.014447667,0.39475182,1.6872951,0.63288593,-1.0599483,-0.7672734,-1.2830297,-0.72541505,0.098796725,-0.59814674,-0.44827682,0.43387958,0.22621496,1.2100481,0.017463569,0.97609746,1.0087069,-0.6494955,-1.0644565,0.075048044,0.40272224,-0.24274129,-0.09211306,-0.17594121,-0.12961154,0.18092749
M1|C00055,-0.97925305,-0.23193687,-0.21126808,-0.19209823,0.38159144,-0.7172352,-0.64403605,-0.96131116,-1.1922457,-0.031251937,-0.22189933,-0.75924015,0.7175034,-0.8604992,-0.7770739,0.5166477,0.5323689,0.45421386,-1.3407358,0.18768698,-1.4096982,-0.5770104,0.90339005,-0.88550544,-0.57384765,0.9665756,0.5493289,0.9823468,-0.709309,0.201743,1.2738951,-0.87929845,-0.8393426,0.8552995,0.71810794,-0.1085203,-0.43427658,-0.17274503,0.90552366,-0.14117368
M1|C00056,-1.307129,0.05912495,0.225503,0.00814398,0.6311027,-0.8382772,-0.18883178,-1.1935158,-0.602341,0.059622794,-0.24547106,-0.91957456,0.6628361,-0.6331004,-0.87224126,1.0116754,0.18906179,-0.026523288,-1.2387786,0.44775584,-1.020793,-0.7379146,1.4105963,-1.0122244,-0.3455603,1.3102946,0.6615083,0.69559574,-1.2665534,0.179427,0.86775553,-0.3103972,-0.5819419,1.2621368,0.09766038,0.3427324,0.11077712,-0.052783713,-0.10151462,-0.14454849
M1|C00057,-0.28021342,0.2600961,-0.37947676,-0.23224449,1.2209774,-1.2776318,-0.7684573,-0.88307965,0.3348222,0.9863715,0.13980858,-0.0012357086,0.32169724,-0.34461975,-0.6179684,1.5076194,0.06897668,-1.1112463,-0.8948454,-0.6919926,-1.1280024,-0.8472262,0.24359246,-0.42800856,-1.1953661,0.48766932,1.317146,-0.39644244,-1.3709347,0.6398864,0.1812842,-0.26024538,0.29758447,1.3764613,1.6917917,-1.2098624,-0.012864032,0.3120427,-0.37020805,0.56313884
M1|C00058,-1.634789,0.08181145,0.5848758,0.64915085,1.3893604,-1.4832926,-1.3627954,-0.63531184,0.26460165,-0.9677805,-0.68280864,-1.6775029,-0.92506886,0.82935613,-0.58231497,0.8917148,0.19106637,-0.54867065,-2.3560631,-0.8505774,0.5952557,-0.21921128,1.9502203,-0.9974049,0.67317396,0.6736167,0.82812417,0.9315729,-1.609245,0.09121859,2.023482,0.23831032,-0.22742832,2.07469,-0.06288628,0.8871895,1.2129173,0.55357456,0.16864452,0.68935704
M1|C00059,-0.20820396,-0.8769778,-0.2726817,0.3849594,1.5705218,-0.3677798,-1.483581,-0.5688088,-1.4278725,1.1278617,-0.9419548,-0.23640226,0.9354087,-0.48033336,-0.46255168,0.65570486,0.38864383,-0.49314597,-1.1845107,-0.97407144,-1.0683393,-0.30931553,-0.24844836,-0.8592128,0.8183446,0.50035673,0.37839884,0.9636545,-0.15084389,1.2171408,1.1046597,-0.8588668,-0.7091205,0.20575303,1.277789,-0.8218638,0.3675624,0.25358444,0.16719317,1.0160517
M1|C00060,-1.4864159,-0.015786164,-0.10764441,0.16402248,0.39270955,-0.70899737,-0.8887577,-0.78213286,-0.986896,-0.54339266,-0.32886258,-0.9002894,0.15816239,-0.58233553,-0.82919174,0.9556564,0.2823546,0.36598673,-1.241594,0.32237506,-0.951384,-0.33058536,0.9970488,-0.96268564,-0.5844155,1.4007925,0.5126707,0.7907032,-1.1573905,0.32954144,1.4655242,-1.1383704,-0.53916425,1.1615793,0.27173167,-0.10352188,-0.26057464,0.43702614,0.4245968,-0.08231667
M1|C00061,-0.31951568,-0.79197323,-0.19325419,0.28201994,1.6198547,-0.38455218,-1.1737313,-0.57114625,-1.3017681,1.1924388,-0.94580054,-0.24470657,1.1304501,-0.37446827,-0.23320526,0.898828,0.24066512,-0.4598927,-1.1495681,-0.6850114,-1.1687932,-0.10081911,0.22345535,-0.90042704,0.647734,0.65938425,0.4645466,0.8306941,-0.29009134,1.1540194,0.89124185,-0.7540299,-0.63654506,0.43846375,1.1883547,-0.58418167,0.60981655,0.19067748,0.012110431,0.78510636
M1|C00062,-0.07759498,0.15511806,-0.8573221,0.29683053,1.6899438,-0.9139601,-1.5271167,-1.1182803,-0.71993613,1.0185006,-0.12967831,0.34260926,0.6993866,0.05146831,-0.47949064,1.6351289,-0.23740041,-1.1838292,-0.6446095,-0.48750526,-1.3202817,-0.11973001,0.2561865,-0.9247254,-0.45389533,0.6047603,1.178684,0.17507747,-0.7800971,0.43578127,0.10764789,-0.14561152,-0.04928816,1.1488858,0.705219,-1.2086256,0.63499683,0.4628004,-0.28510112,0.69501
M1|C00063,-0.3038962,-1.2509016,-0.50332886,0.8055412,0.81764865,-0.6958201,-0.3166833,-0.8814813,-0.6220375,1.1252613,-1.0435193,-0.7797288,0.8280057,-0.9111628,0.235266,0.43901914,1.3614546,0.59329665,-1.2550839,-0.66008186,-1.4516401,-0.5229758,0.31577718,-0.46023986,-0.62722796,0.5775887,0.43637478,1.133611,-0.021012591,0.9412538,1.0930212,-0.70407414,-0.99103475,0.1578094,0.53237265,-0.18656144,0.10093549,0.13412012,0.004425071,0.34967387
M1|C00064,-1.2330434,-0.18267053,0.103067525,-0.046502806,0.4993515,-0.8016772,-0.32625008,-1.0204742,-0.8149106,-0.02446346,-0.45284927,-0.99909806,0.6598463,-0.7506005,-0.84552187,0.671439,0.10598049,0.27477995,-1.2629191,0.36619782,-1.1432145,-0.5140759,1.0379301,-0.7207598,-0.5336652,1.1811907,0.6566038,0.8297634,-0.9188526,0.21565786,1.1294469,-0.55137485,-0.9253564,1.1218408,0.32366925,0.14911853,-0.16693379,0.030545734,0.45393014,-0.11980608
M1|C00065,-0.29963332,0.1141822,-0.24022186,-0.55261165,1.2933261,-1.2226026,-0.9786967,-0.6886781,0.17065997,1.0460486,-0.20896962,-0.12632874,0.19523554,-0.17766301,-0.4650795,1.4147607,-0.16920274,-1.0188996,-0.93588203,-0.7558084,-1.1420243,-0.5609011,0.42519826,-0.31626087,-1.0973531,0.4832529,1.2074021,-0.24277109,-0.98545593,0.64642906,0.18747227,-0.30215985,0.16898979,1.314459,2.0192,-0.7709477,0.1289043,0.24343221,-0.029305115,0.69730544
M1|C00066,-0.5305255,-0.44551966,-0.5361506,1.2378913,1.8537832,-0.672598,-0.42728046,-1.0862073,-1.0144085,0.5096889,-0.42714435,-0.15570183,1.8526481,-0.43724388,-0.6680154,1.1079175,0.30873507,-0.81382257,-1.3142662,-0.085148394,-0.682906,-0.3789478,-0.1564355,-1.405874,0.7765951,0.6991918,0.68741035,0.32358235,-1.2265952,0.5655465,1.327978,-0.510931,-0.56760865,0.89201766,0.11471471,-1.4408011,0.42514372,0.6570153,-0.6176474,0.4673158
M1|C00067,-0.710236,-1.0104043,-0.6291876,1.1368961,1.0090914,-1.0527253,0.95164096,-1.7670511,0.18911606,1.2272658,-0.47246167,-0.6674069,1.7121501,-0.6813216,0.06755782,1.1234905,1.3861625,0.21507478,-1.3391732,0.6811519,-0.9864142,-1.4061012,1.2074549,-0.9504143,-0.36342937,1.0098627,1.0182768,0.42003107,-1.02093,0.36764956,0.6665501,0.43661803,-0.912516,1.3773992,-1.093021,-0.500695,0.78406066,-0.27471793,-1.3252807,-0.4204221
M1|C00068,0.0947196,-1.3209909,-0.3526634,0.08912806,0.6606206,-0.6018635,-1.5467136,-0.5169128,-1.1802279,1.1953903,-1.4826201,-0.8909428,0.678826,-1.2264655,-0.36091933,0.15934648,2.1794896,0.5767609,-0.96600056,-1.489808,-1.0556158,-0.5575523,-0.6314567,-0.2996207,-0.48904568,0.26006377,-0.6634158,1.4508975,0.8050174,1.226333,0.7627263,-1.028968,-1.4968408,-0.1952305,0.901617,-0.0065428317,-0.3759051,-0.261226,0.5328045,0.8497523
M1|C00069,-0.43091026,-0.6720326,-0.2691116,0.84660304,0.68385667,-0.70949876,-0.46935493,-0.65905595,-0.31936744,0.56353605,-0.89566934,-0.95636654,0.70534575,-0.97824854,-0.33156347,0.625371,0.67480737,-0.06461032,-0.9155665,-0.5302629,-0.88727516,-0.4181547,0.32280192,-0.92699003,-0.36142313,0.743403,0.41667193,0.8192824,-0.5807228,0.39808574,0.90749943,-0.6132394,-0.62408155,0.6038781,0.08923271,0.12725009,0.10344732,0.4056319,-0.45641866,0.5484581
M1|C00070,-1.5710518,-0.04179374,0.34392315,-0.1370123,0.38506716,-0.93030685,-0.9166357,-0.898953,-1.0581038,-0.8069582,-0.62331676,-1.0367018,0.046641946,-0.62326705,-1.1506463,0.63945603,0.22871229,0.45921627,-1.4727699,-0.044099137,-0.51864165,-0.15898259,0.9495736,-0.87070006,-0.46798456,1.2537078,0.43555093,0.85282624,-1.306981,0.55247617,1.512403,-1.0485696,-1.1115302,1.3187411,0.2782854,0.010384008,-0.49269897,0.32650274,0.5485888,0.0015018582
M1|C00071,-1.4909523,0.026466042,-0.31037632,-0.00947351,0.4337557,-0.6893335,-0.45484012,-1.0402981,-0.71591294,-0.23828152,-0.18640427,-0.8565544,0.65827334,-0.41512376,-0.87715256,1.0888991,0.21148406,0.29818687,-1.253899,0.7834354,-1.0534993,-0.65078044,1.1025187,-0.841705,-0.641844,1.5251997,0.560895,0.7532165,-1.0861474,0.06036722,1.181441,-0.7365084,-0.5559479,1.318183,-0.04830055,0.14591542,-0.009123463,0.48051745,0.449265,-0.3665819
M1|C00072,-1.2090704,0.053264253,-0.26365638,0.14329153,0.3448549,-0.7115394,-0.85567933,-0.88886386,-0.9273028,-0.33128336,-0.28897414,-0.7868693,0.5961998,-0.58756626,-1.0481315,0.89548564,0.40669405,0.28894213,-1.2200884,0.24297221,-1.0437095,-0.4266042,0.6030539,-0.8829588,-0.61493844,1.2950237,0.3242188,0.84478307,-1.0072502,0.25725952,1.2746282,-1.0423537,-0.64404255,1.0300852,0.22593014,0.017257541,-0.2651716,0.5078458,0.5616967,0.0017215014
M1|C00073,-1.754056,-0.3038424,0.6403112,-0.829526,0.5698902,-1.0616635,-0.38047937,-1.276991,-0.73994213,-0.2421692,-0.93386024,-1.1492957,0.0667126,-0.16043714,-0.89508027,0.77848864,-0.38445655,0.4973714,-1.6638802,0.35091168,-0.46277156,-0.34457275,2.001951,-0.5722608,-0.3838216,1.4664463,0.95958877,0.69197834,-1.2302903,0.6779127,0.99118054,-0.29471388,-1.4013875,1.935101,0.35372144,0.47870263,0.1718815,-0.11269148,0.3685363,-0.26739982
M1|C00074,-0.5998673,-0.9338505,0.6119247,0.45861053,1.1142211,-1.3103702,-0.51787996,-0.77813923,0.49757445,0.31577927,-1.7540365,-1.261685,0.04501207,-0.0258926,-0.63894117,0.57422024,0.72869676,-0.16536641,-2.1485202,-1.7025396,0.2564994,0.25722224,1.0742525,-0.62652135,0.19781981,0.10277256,0.55608976,1.1282189,-1.0136659,1.1973191,1.1638182,0.10954936,-0.94558144,1.2390805,0.52184945,0.9929904,0.06586869,-0.29308236,-0.34073558,0.9630858
M1|C00075,-0.123965375,-0.037593238,-0.15025643,-0.22454381,0.9853664,-1.2709951,-1.1139085,-0.58013093,-0.053330958,0.86153877,-0.25703216,-0.45614922,0.3074586,-0.4169028,-0.7818732,1.1784552,-0.13195264,-1.1341596,-0.880356,-1.1475526,-0.97147775,-0.62269324,-0.08153549,-0.20893338,-1.0854605,0.5143712,0.77927846,0.026680365,-0.84578,0.6856763,0.2124193,-0.45123512,-0.0003747791,0.94159645,1.9819635,-0.44281796,-0.1755512,0.6051936,-0.018438555,1.0317494
M1|C00076,-0.19664708,-1.38797,0.20262805,-0.3764502,0.230663,-1.4569128,-0.539327,-1.11851,0.42237362,-0.068838775,-0.38198817,-1.4690243,-0.48006767,-1.4605691,-0.4493935,0.69701815,0.06706794,-0.68708944,-0.22949421,-1.2208028,-1.0015392,-0.8465998,0.91132134,-1.1634365,-1.5017568,0.29758447,0.8728856,-0.8580141,-0.07239547,-0.111352146,0.42382097,-1.2003027,-0.9022326,0.84935373,0.59128135,0.063893564,0.16257821,0.3073773,-0.07728198,0.5750573
M1|C00077,-0.45345265,-0.31113362,-0.13214466,0.44175866,0.730882,-0.8172512,-0.61370826,-0.7651198,-0.5087298,0.6035183,-0.739828,-0.8025074,0.68991005,-0.6475283,-0.67532593,0.71367705,0.3398678,-0.316649,-0.96125036,-0.5724063,-0.8909484,-0.46575007,0.29450905,-0.7176974,-0.31386417,0.8384344,0.3585366,0.7267635,-0.5063164,0.395702,0.70706624,-0.48177338,-0.5461299,0.5980423,0.6806295,0.41603678,0.08723201,0.3773979,-0.1022103,0.67468226
M1|C00078,-0.107895516,-0.20153728,-0.51613563,-1.2274785,2.0198655,-0.62702453,-2.127462,-0.778503,-1.0877064,2.3277962,-0.6407445,0.32866594,0.71480644,0.22069427,0.121356,1.683274,-0.60127825,-0.9314604,-0.31767353,-0.81292486,-1.883882,-0.13173975,0.6569947,0.37102646,-0.8204457,0.6445087,0.9835019,0.64639616,0.37186423,0.9619918,-0.76236653,0.12254225,-0.45556927,0.77660865,1.9250435,-0.51530707,1.2554446,0.05504413,0.60327005,0.72442216
M1|C00079,1.4392953,-1.444057,-0.82485527,-0.3122199,0.5991884,-1.393616,1.3177102,0.033666342,-0.5585464,-0.6060612,-0.8277447,-1.3681993,0.69353867,-0.7210063,0.15778378,2.2417235,1.5518655,0.64361316,-1.7003983,-0.6413206,-1.0982206,-0.7647626,0.29781163,-1.8857172,-0.9197066,0.35495207,0.44051766,-0.2677192,-0.20931321,-0.2935771,0.7946246,0.31658268,0.011040926,0.16932341,1.6496432,1.4540297,1.6425173,0.5076143,-0.7849474,1.4952868
M1|C00080,-0.31487337,-1.0203751,-0.63511974,1.0930398,0.68876964,-0.69047934,-0.2566694,-0.8392174,-0.28924394,0.8754854,-0.90302247,-0.8268926,0.91532826,-1.2471442,0.036731713,0.4847662,1.3506765,0.39323732,-0.9355565,-0.47578487,-1.0759594,-0.5585367,0.39790606,-0.67029756,-0.52878535,0.7260483,0.53830516,1.0976278,-0.4053769,0.82129693,1.0149168,-0.52731514,-0.9183011,0.6590511,-0.11791091,-0.33810452,0.020281456,0.07053553,-0.6652539,0.2625623
M1|C00081,-0.21588957,-0.8575928,-0.33641192,-0.05022449,1.6369799,-0.43272883,-1.5724871,-0.7956872,-1.4253049,1.3707514,-1.1531742,-0.091038615,1.3064435,-0.1644643,-0.49254674,0.90717083,0.31757236,-0.3850121,-1.1745739,-0.8179472,-0.9867587,-0.2197084,0.07202917,-0.8231864,0.7806105,0.48266822,0.15452066,0.71556807,-0.030156344,1.2668742,0.7483769,-0.71442,-0.97713566,0.53383106,1.2725511,-0.6749928,0.60547477,0.14746809,0.25088206,0.81295085
M1|C00082,-0.49699983,-0.63312304,-0.45448655,1.1079515,0.74136823,-0.70054775,-0.25802642,-0.8698565,-0.31812853,0.5686403,-0.67215616,-0.88601136,0.9396084,-1.0599976,-0.5086077,0.7474637,0.9446045,-0.020043172,-1.0009565,-0.3187788,-0.7978762,-0.6702139,0.22381353,-0.9518075,-0.3909946,0.8680684,0.5254655,0.743925,-0.8683361,0.45491576,0.9766806,-0.49551857,-0.5841627,0.70385224,-0.25622898,-0.25866473,0.024117965,0.38071972,-0.73635876,0.37896916
M1|C00083,-0.44519633,-0.86944306,-0.5760185,1.1641415,0.84069043,-0.8123248,-0.2661848,-0.9458116,-0.44451356,0.6602515,-0.6188934,-0.78916204,1.0379996,-1.1133758,-0.1578741,0.7996454,1.6529659,0.050682418,-1.0176036,-0.46248144,-0.91005754,-0.8306395,0.1306367,-0.9984193,-0.46377486,0.5906143,0.3116279,0.84955764,-0.6505411,0.5938866,1.088042,-0.59285885,-0.7539338,0.6260755,-0.34172893,-0.5982889,-0.08256248,0.1914446,-0.73092574,0.35503638
M1|C00084,-0.8249909,-0.15932761,-0.1555662,-0.07564414,0.32609013,-0.5408346,-1.6992469,-0.5390348,-1.0695664,0.17392786,-0.6876753,-0.7895069,0.26285833,-0.9384808,-1.1924156,0.41702947,0.9597374,0.17381352,-1.0021915,-0.5577615,-1.0646601,-0.59264714,0.09586414,-0.8303489,-0.3097923,0.98652637,-0.24460469,1.0567669,-0.37823135,0.59177965,0.95839274,-1.3088392,-0.7697368,0.28594658,0.71717966,0.21910465,-0.44872352,0.27696386,0.6410525,0.5295881
M1|C00085,-0.72050107,-0.6139229,-0.52908784,1.2167585,1.0519888,-0.8529118,0.7580226,-1.620456,0.071006894,1.0727147,-0.18582377,-0.69349027,1.4398104,-0.8623073,-0.13988923,0.9834754,1.0810533,0.021473892,-1.331751,0.607695,-1.3261374,-1.4009229,1.0478946,-0.92087996,-0.35933357,1.0107394,1.0489033,0.5477903,-1.1664953,0.28346193,0.7753574,0.24837776,-0.5674455,0.9473263,-0.71866804,-0.4798673,0.6137974,0.017044812,-1.14183,-0.30854937
M1|C00086,-0.06527801,-0.7660699,-0.15338197,0.15838201,1.4949158,-0.37760937,-1.9001534,-0.51381314,-1.7233765,1.1866956,-1.058131,-0.16119593,1.0030591,-0.5404491,-0.64293873,0.44692665,0.49259117,-0.3420877,-1.168794,-1.2203014,-1.0553364,-0.045970276,-0.47343516,-0.7950468,0.901509,0.41177434,0.021432027,0.9679332,0.07103671,1.3573177,1.0161735,-1.0461357,-0.99158376,0.04907043,1.5892903,-0.58208156,0.22526759,0.15430696,0.49960822,1.158715
M1|C00087,0.02222845,-0.31575623,-0.5543618,1.2034954,1.3051916,-0.17710805,-2.353755,-0.5026266,-1.7978187,0.5889689,-0.5807387,0.062032223,0.9953515,-1.1470946,-1.147964,0.3090797,1.209857,-0.56275666,-1.0210506,-1.5226218,-0.9202833,-0.13736811,-1.4059267,-1.5588964,1.2494817,0.3367776,-0.34550315,0.8408375,-0.52162445,1.2301468,1.3730451,-1.6371664,-0.6801733,-0.41832018,0.75892717,-1.4587243,-0.3781805,0.5971844,-0.14264886,1.4954387
M1|C00088,-1.049384,-1.0944549,0.24496299,-0.060368247,0.6806045,-1.3914833,0.27765784,-0.90333855,1.3230416,0.35570392,-0.30224776,-1.48203,0.11641539,-0.8578807,-0.25546783,1.8552345,-0.10544673,-0.5064609,-1.0231001,-0.1725915,-0.85105515,-1.6669698,1.3490198,-1.0620213,-1.0810828,1.1548918,1.4992292,-0.75607085,-1.9520665,0.36781618,0.6253967,-0.7971878,0.5912483,1.7042701,1.161068,-0.37859568,0.4045387,0.2826171,-1.5529023,0.36319882
M1|C00089,-1.0010531,-0.5965421,0.22908682,1.5772107,1.471456,-1.400564,0.4385904,-1.0970349,1.1329768,-0.38246778,-0.9348017,-1.197686,0.30395466,-0.06859858,-0.70577776,0.89302075,0.630544,-0.7513694,-2.37366,-0.7580486,0.52671355,-0.204537,1.2127658,-1.3141203,0.46831733,0.44890618,1.3841897,0.7041255,-2.2702582,0.5300626,1.7458048,0.45011044,-0.31749737,1.8661664,-0.78259385,-0.079680115,0.33767635,0.20487146,-1.4280885,0.5072261
M1|C00090,-0.89739794,0.24442798,-0.054084446,0.5063412,1.5871241,-1.3468564,-1.8987198,-0.26660356,0.0073941797,0.42813045,-0.011912361,-0.24393,0.59432054,0.15839198,-0.8199695,1.0015703,0.408929,-1.739009,-1.2772633,-1.8580177,-0.22004312,0.0023240075,0.44414645,0.09482093,-0.09711004,-0.22429994,0.6474268,0.7656405,-1.0638071,1.1039792,0.8713903,-0.33159834,-0.09883697,0.90229297,0.82055426,-0.4899569,-0.09722145,1.0557626,-0.10703906,1.2576196
M1|C00091,-1.1881402,0.54567283,0.43788084,1.2274284,1.3409113,-1.4051676,-1.9599433,-0.4123373,-0.1613659,-1.052974,-0.25699082,-1.4547982,-0.6966265,0.67639625,-0.81018126,0.9636105,0.6105653,-0.8466555,-2.104699,-1.2799704,0.33271158,0.18264005,0.9816012,-1.1764379,0.593583,0.41250718,0.13864592,0.9581797,-1.3637203,-0.17425337,2.1744313,-0.2335,0.15671848,1.3812445,0.11525294,0.92641115,0.8556345,0.8864906,0.43014812,0.9870639
M1|C00092,-0.46129385,0.8915235,-0.7420866,0.6867758,0.6430959,-0.50166804,-1.2583814,-0.89289767,-0.9117069,-0.09157491,0.51525176,-0.5047345,0.5429491,-0.5836326,-0.9523225,1.6313882,1.1037202,0.17556897,-1.0733886,0.4753065,-2.2920923,-0.6981386,0.22410426,-0.98558396,-0.4272701,1.7055688,0.088432945,1.2295426,-0.9293098,-0.46157938,1.3288838,-0.6472345,0.82496834,0.79330933,0.88849205,0.052397102,0.89115226,0.35718244,0.25263396,-0.17229837
M1|C00093,-0.09823773,-0.70762604,-0.5508628,1.0547597,0.43101865,-0.32876664,-1.4567215,-0.5445216,-0.8879397,0.72711957,-0.8115367,-0.7155907,0.36787048,-1.8530538,-0.6551679,0.06338535,2.301019,0.4378735,-0.81503356,-1.3394505,-1.0197803,-0.74526805,-0.53337145,-0.9674518,-0.13393612,0.6656081,-0.34350204,1.2944999,-0.30059883,1.1621517,1.0484614,-1.2134217,-0.88059646,-0.215737,0.0876306,-0.6706821,-0.5342058,-0.10814275,-0.40460232,0.7834313
M1|C00094,-0.6968912,0.2682637,-0.6848385,0.5009017,1.8181993,-0.5407636,-0.9914352,-1.0725677,-0.4091389,1.1522481,0.101776734,0.2732176,0.78894746,-0.2707095,0.0932788,1.918555,-0.07877923,-0.961127,-0.51425767,-0.2115105,-1.5944848,-0.298062,0.47690272,-0.844684,-0.5423385,0.95991117,1.1888729,0.26836666,-1.3505334,0.5407078,0.13406013,-0.3300821,0.27272743,0.6915526,0.5274361,-1.3351905,0.95920306,0.71213233,-0.58236617,0.28325394
M1|C00095,-0.34289518,-1.0218058,-0.5194625,0.873225,0.82152987,-0.99191386,0.034500003,-1.057851,-0.48550197,0.850423,-0.8528415,-0.77719796,1.2426338,-0.7661596,-0.24155861,0.6657327,1.2369925,0.04554584,-1.174267,-0.35828543,-0.81870925,-0.8435682,0.22231695,-0.68801224,-0.54550785,0.631952,0.42972118,0.82655156,-0.35351285,0.59504294,0.89539236,-0.29233593,-1.1258225,0.7165051,-0.07777886,-0.25250727,0.08124642,0.08177343,-0.44866008,0.4182179
M1|C00096,-1.1279423,0.94181925,0.4173168,0.23364457,0.9707802,-1.1348188,-1.1464063,-0.84263355,-0.7987126,-0.9693779,-0.36682093,-1.1016417,-0.1294946,0.45755517,-1.0557469,1.5623858,0.02732574,-0.14241478,-1.7925617,-0.47051752,-0.3283049,0.36921975,0.9672101,-0.75800556,0.063539654,1.3801053,0.26725736,0.88155985,-1.4202508,0.039031,1.420728,-0.14582859,0.14686252,1.5663798,1.1634631,0.92078185,0.6801199,0.60051805,0.17689279,0.740772
M1|C00097,-0.21047257,-1.225085,-0.62034565,1.3345543,0.718922,-0.72507596,0.045487925,-1.0843024,-0.33153367,1.0297087,-0.7454741,-0.7825527,1.3741609,-1.2507875,-0.40389043,0.5481299,1.8191283,0.20007622,-1.2588722,-0.31590432,-1.1263801,-1.137904,-0.0014646724,-0.91907924,-0.4925233,0.8323572,0.40329182,0.8318119,-0.709695,0.6639977,0.96362865,-0.46874815,-1.001685,0.4156283,-0.6318125,-0.647226,-0.018272717,-0.0740647,-0.778905,0.16875541
M1|C00098,-0.9254242,-0.20440921,-0.25979394,-0.34218276,0.2565544,-0.3165805,-1.6000032,-0.74140745,-1.3026491,0.031212807,-0.40947273,-0.5987368,0.25036335,-1.0835859,-1.1547726,0.4401685,1.1869843,0.6523558,-1.0830226,-0.3540767,-1.4077386,-0.6598817,0.33180586,-1.0356508,-0.52061284,0.8468885,-0.12192212,1.0854523,-0.3923197,0.6457157,1.279955,-1.5918417,-0.9175924,0.290002,0.61755824,-0.083572626,-0.5965096,0.25318846,1.0113308,0.025075957
M1|C00099,-0.20237327,-0.81590825,-0.104802,-0.59253925,1.5421902,-0.3296723,-1.6581885,-0.7489106,-1.4318523,1.7257192,-1.335488,-0.22300711,1.0635455,-0.09990499,-0.49122626,0.9511706,0.25222546,-0.272162,-0.9921965,-0.91439015,-1.1599529,-0.30466244,0.39497787,-0.5104397,0.5253479,0.60909027,-0.032847933,0.97202206,0.28719506,1.401942,0.30101228,-0.5519009,-0.9036727,0.39107,1.549026,-0.071284115,0.73681915,-0.105244905,0.41188055,0.81643546
M1|C00100,-0.7713411,-0.19241393,-0.08133,0.33336154,0.92127514,-0.87242866,-0.10792144,-1.1487074,-0.23981166,0.8188546,-0.64700204,-0.6435492,0.8661632,-0.30454928,-0.47825453,1.0710313,-0.1614801,-0.40699637,-1.031461,0.031106725,-0.9829496,-0.5555391,1.1544636,-0.83572024,-0.12638521,1.1170765,0.8265113,0.48742208,-0.82932174,0.30084935,0.45148796,-0.008865327,-0.40879804,1.1089462,0.42444646,0.5477002,0.6317973,0.24104151,-0.56033385,0.33505583
M1|C00101,0.12603335,-1.4066461,-0.6365237,-0.07441086,0.56157124,-0.96931565,0.7238339,-0.21039525,0.2585909,0.23782457,-0.21501645,-1.646546,0.93069583,-0.86698705,0.4692853,2.6706035,0.9551188,0.46596375,-1.3031546,-0.1577639,-1.604778,-0.83837825,1.2875551,-1.4302346,-0.0050275065,0.667438,1.0153309,-0.10689372,-0.6285218,-0.34432545,0.1332521,0.41009474,0.5534811,0.45426816,0.7837992,1.0222466,2.2464256,0.065777175,-0.92714906,0.48190385
M1|C00102,-0.8873998,0.63297975,-0.65717393,0.5679323,0.84251654,-0.59198844,-0.87169707,-0.8226089,-0.69582033,-0.03789121,0.29651743,-0.5398951,0.65857273,-0.539171,-0.7681206,1.69047,1.091269,0.026690565,-0.96379966,0.4185773,-1.9091051,-0.71018773,0.24209741,-0.93179506,-0.5871672,1.4170405,0.22068661,0.98169076,-0.66759133,-0.27583033,1.3879483,-0.8656652,0.4651069,0.7936104,0.81863797,0.0709306,0.6755614,0.5947131,0.30784756,-0.06782147
M1|C00103,-0.18746799,-1.0946488,-0.40006113,0.74134296,0.7100857,-0.53441113,-0.8758509,-0.85895395,-0.76840955,1.0349491,-0.99254096,-0.8061099,0.34751716,-1.1635132,-0.1849001,0.34559965,1.6579343,0.49986783,-1.0968881,-0.87113476,-1.2549568,-0.7832316,0.179052,-0.7079867,-0.36540538,0.5932999,0.18636227,1.3063642,-0.0452068,1.111743,1.0285732,-0.7611467,-0.93791515,0.11038845,0.41029322,-0.31608722,-0.08440952,-0.20291953,-0.18218377,0.40056902
M1|C00104,-1.4632995,0.08726775,-0.12872417,0.4734417,0.5670309,-0.84392864,0.15083393,-1.31289,-0.54473233,-0.20198151,0.3308974,-0.67184937,1.1024384,-0.7972797,-0.8712801,1.0741193,0.527592,0.04984563,-1.4069481,1.063124,-1.4547127,-1.0964434,1.2920853,-1.2949826,-0.45251966,1.3349293,0.9280074,0.6636752,-1.7187421,-0.13376462,1.2112952,-0.49501866,-0.4086194,1.1646605,-0.4259649,-0.5375674,-0.01180699,0.06628734,-0.23004705,-0.57755125
M1|C00105,-0.40318733,-0.57172525,-0.20881668,0.7881684,1.7550725,-0.32457376,-1.3077021,-0.5865892,-1.354178,0.7269465,-0.68606645,-0.2031492,1.0912733,-0.6509699,-0.8039049,0.8682669,0.4562968,-0.97659963,-1.1199155,-0.8253773,-0.763732,-0.31988692,-0.34546143,-1.4154024,1.0624319,0.7690995,0.363123,0.6816621,-0.7959596,0.9365329,1.2650604,-0.91380364,-0.6546408,0.54881305,0.5490641,-1.1497289,0.4758729,0.3831486,-0.27877143,0.8384689
M1|C00106,-0.28340438,-0.898133,-0.3207193,0.7140025,1.562064,-0.4803305,-1.1253439,-0.60173047,-1.2943522,0.97124493,-0.8789269,-0.21241926,1.1206284,-0.39914253,-0.29254323,0.7536624,0.27128038,-0.46787372,-1.181344,-0.819336,-1.0867245,-0.0967657,-0.18020271,-0.8946506,0.64382845,0.5071609,0.55167085,0.82204306,-0.34842595,1.0823138,1.2121224,-0.9081262,-0.620965,0.27535558,1.136971,-0.90531135,0.36007044,0.41164833,0.005618237,0.8973162
M1|C00107,-0.4899625,-0.6545403,-0.2660771,0.8051822,1.7320656,-0.42429706,-0.8922156,-0.7554157,-1.1754509,0.9404193,-0.64231867,-0.15110126,1.3287979,-0.47682092,-0.34461358,1.0455306,0.32377493,-0.63907,-1.1603789,-0.43068764,-1.0829929,-0.26961422,0.15747415,-1.2416381,0.84770715,0.7730654,0.6417818,0.65952146,-0.8525737,0.9633663,1.1110705,-0.6891114,-0.5144431,0.57535833,0.58912766,-1.0321766,0.6447975,0.3015633,-0.42661166,0.6252699
M1|C00108,-0.47127604,-0.5915203,-0.37738416,1.0152425,1.5447079,-0.4998246,-0.92847973,-0.65305495,-1.1408193,0.7003803,-0.59933496,-0.27824333,1.1355591,-0.6151751,-0.32485187,0.9131075,0.38064954,-0.58098644,-1.0423458,-0.5695072,-1.1214008,-0.1850527,-0.020498008,-1.1710218,0.57255656,0.656405,0.6116745,0.7768955,-0.8372526,0.8880142,1.2422541,-0.85712385,-0.37262475,0.36922544,0.6045361,-1.0198277,0.278167,0.46886504,-0.45814458,0.83431005
M1|C00109,0.48799443,-0.7391969,-0.6699074,0.9072559,0.78313,-0.8853179,1.0665805,-0.8630523,0.33564666,-0.42932746,0.18218152,-1.3675537,1.158088,-1.0618932,-0.45277336,2.347693,1.1610693,0.023422264,-1.5732765,0.18851288,-1.339287,-1.0107399,0.25786293,-2.3050413,-0.40559584,0.3136383,1.0571414,-0.05442536,-1.7002164,-0.86580384,0.8015394,0.037438378,0.82682633,0.690457,-0.17289098,0.033646286,1.3166364,0.83767134,-1.4834917,0.08366914
M1|C00110,-0.27202177,1.1303016,-0.939357,1.2412871,0.37585366,-0.20954227,-1.9679072,-0.6442031,-1.2953582,-0.62882733,0.63020945,-0.31840283,0.2963846,-1.3018119,-1.3961338,1.1160542,1.9097173,0.32813504,-0.98999137,-0.40484524,-2.190292,-0.38916802,-1.2852672,-1.4043376,-0.14531517,1.4135427,-0.6297153,1.2905793,-0.9065367,-0.16943425,1.8676269,-1.6325312,0.7266821,-0.2266712,0.9415958,-0.44023463,-0.066843584,0.8416047,0.59016126,0.47166422
M1|C00111,-0.42508072,0.6352445,-0.43626565,0.070418224,0.62795377,-0.36366796,-1.3455107,-0.8092141,-1.0969778,0.31035376,0.010030389,-0.48518288,0.39829493,-0.6870234,-0.7488298,1.3889241,1.0134857,0.390565,-0.91628927,-0.0645093,-2.3032918,-0.41519368,0.098985255,-0.7058151,-0.4287004,1.4719785,-0.19477455,1.3652153,-0.34115764,0.09227532,1.1028099,-0.81507707,0.40227985,0.31574708,1.5815911,0.6141355,0.62395126,0.24332261,0.80306154,0.11461359
M1|C00112,-0.7217972,-1.0679314,0.18691194,-0.12696111,0.43250227,-1.1189954,-0.109300606,-0.71873975,1.7399164,0.61995876,-0.80271363,-1.2904571,-0.60880864,-0.7663673,0.05465462,1.6441325,0.118105404,-0.31447574,-0.67113084,-0.93106604,-0.68800706,-1.4936739,0.956989,-0.7411038,-1.4450691,1.0835387,1.0347147,-0.5757555,-1.5679582,1.054242,0.8188925,-1.5144763,1.042012,1.6826344,2.4517121,-0.59903467,-0.1874572,0.11029644,-1.539834,0.64552057
M1|C00113,-0.71019334,-0.8968701,0.61414874,0.7658375,1.2556481,-1.2354269,-0.7668941,-0.40645218,0.29230076,-0.20245498,-1.6208678,-1.1968416,0.1081219,-0.17222948,-0.6014331,0.68978596,0.7318898,-0.2682539,-2.1120572,-1.8333282,0.15339205,0.6688597,0.810317,-0.9076174,0.2196004,-0.0711373,0.54449534,1.1689278,-1.3214655,1.2703644,1.6764194,-0.5386754,-0.67167926,1.0863051,0.5597055,0.53692645,-0.21308382,0.104278356,-0.41167364,1.0748976
M1|C00114,-1.8352644,0.3943372,0.36329624,1.2461551,1.3582585,-1.4991388,-0.800592,-0.76455724,0.42284176,-1.3222368,-0.32646877,-1.588999,-0.62605774,0.81571513,-0.36546388,1.2592108,0.17798539,-0.4962877,-2.4380817,-0.41632622,0.37556857,0.024830677,1.9065893,-1.2778453,0.3854208,0.79042715,1.0261141,0.838956,-2.2274024,-0.15025353,2.3092403,0.04812801,0.16272546,2.1388261,-0.35736203,0.47274417,1.0728617,0.83848184,-0.23752517,0.47841835
M1|C00115,-0.5035687,-1.015454,-0.019885574,0.81554806,1.923028,-0.846758,-0.674186,-0.3772254,-0.02491051,0.0314655,-1.2882673,-0.934559,0.52546275,-0.32742053,-0.8506786,0.6375384,0.04535017,-1.2749377,-1.6446145,-1.0284643,0.07699163,-0.27637145,0.22886054,-1.1264161,0.75150937,0.5159854,1.0758241,1.0818156,-1.1340942,0.91446376,1.7489742,-0.40386516,-0.5203897,1.3609775,0.364883,-0.49475148,0.349955,0.603508,-0.6631836,1.0994918
M1|C00116,-0.2872048,-0.85881853,-0.5794586,1.1363347,0.7059466,-0.6464011,-0.5159148,-0.8377448,-0.45494825,0.7770486,-0.7564374,-0.68742704,0.84983116,-1.218971,-0.15833452,0.48859876,1.493745,0.25046757,-1.0343609,-0.5810356,-1.1734445,-0.633214,0.18894076,-0.9116776,-0.3161896,0.6863017,0.41038793,0.9954145,-0.518507,0.7500367,1.0538461,-0.70015013,-0.7128822,0.38250273,-0.011207104,-0.4828203,-0.09468588,0.05717557,-0.6101847,0.40014398
M1|C00117,-0.5885167,0.1759542,-0.3402455,0.75498366,0.15951769,-0.6415746,-1.3164461,-0.8549437,-0.90308946,-0.059024498,-0.14085466,-0.7077215,0.52746737,-1.491682,-1.6602689,0.3370039,1.3259618,-0.05208858,-0.8653391,-0.5790413,-0.9494453,-1.0727375,-0.4092428,-1.3733087,-0.093431056,0.9417612,-0.21037947,0.6667142,-0.9404907,0.2604337,0.97985244,-1.144569,-0.65739566,0.105519876,-0.10286878,-0.23098454,-0.6524991,0.4024737,-0.09988805,0.66279674
M1|C00118,-0.22022778,-1.1468807,-0.48112166,0.63749254,0.8180413,-0.80334777,-0.13877079,-1.0395068,-0.51470244,1.2128294,-1.052831,-0.7774737,1.1088276,-0.8635382,0.04434722,0.50077087,1.2129132,0.53067213,-1.2601241,-0.46460307,-1.3410071,-0.6055013,0.36074835,-0.3052724,-0.6483986,0.5559753,0.4570979,1.0344012,-0.004512619,0.88845974,0.85348976,-0.39629638,-1.1672095,0.42691344,0.5623563,-0.07929471,0.1606011,-0.07353686,-0.056604832,0.3002317
M1|C00119,-0.35576946,-0.45484507,-0.4211959,0.64325553,0.89053535,-0.71997035,-0.4579646,-0.7633258,-0.37239483,0.44129062,-0.6569894,-1.0607438,0.41747195,-0.69672394,-0.85761344,0.4839844,0.35681212,-0.5465906,-1.1367812,-0.40040913,-0.6438942,-1.0088845,-0.032694638,-0.720619,-0.30896637,0.9922351,0.6434764,0.91876066,-0.56574565,0.18758337,1.0163871,-0.32685924,-0.47394073,0.7925167,0.41617706,-0.072644725,0.21704027,0.55813086,-0.05906582,0.63432735
M1|C00120,-0.4872918,-1.2055206,0.11866615,-0.5158243,0.29704672,-1.1526761,-0.94556075,-0.27866253,1.2862324,0.5534009,-0.9066107,-1.285768,-0.83946395,-1.1858499,-0.37989613,1.1882551,0.7135565,-0.4150903,-0.8074769,-1.3971697,-0.67093384,-1.3334464,0.40202093,-0.49069422,-1.4081773,0.9202509,0.77622294,-0.65767694,-0.9235702,1.1255305,0.8328366,-1.766656,0.61020803,1.4733932,2.547928,-0.47960117,-0.50856906,0.10912121,-0.892369,0.9551736
M1|C00121,-0.422152,0.14273965,-0.24029222,-0.43021944,1.2450086,-0.7793532,-0.9823122,-0.5649074,0.55414295,1.0175508,-0.30399618,-0.14499068,-0.25994435,-0.54764086,-0.2805369,1.3473049,0.18397889,-0.8904397,-0.8285746,-0.98792636,-1.1954442,-0.83548194,0.15035811,-0.2579016,-1.31112,0.6905792,1.0443698,-0.078440905,-1.0450568,0.8599296,0.54604083,-0.86426413,0.44587988,1.0580227,2.0879192,-0.9828665,0.11229673,0.57991815,-0.13205098,0.64257324
M1|C00122,-0.14352809,-1.145392,0.59493726,-0.73002315,0.8988599,-0.81540877,-1.9806321,-0.25843975,-0.09738606,0.68061465,-2.2611623,-1.3352386,-0.8124907,-0.36993393,-0.86735725,0.009473383,1.1958541,0.1464104,-1.957528,-2.4998484,0.080789864,0.14862451,0.5309216,-0.19193639,0.39286828,0.08218601,-0.20766245,1.5575411,0.175731,1.6082934,0.74339277,-0.3243234,-1.1745437,0.5557409,1.5541651,1.2582645,-0.09203285,-0.57678384,0.4634208,1.4716318
M1|C00123,-0.25919974,0.26562482,-0.5986857,1.9113169,0.9657053,-0.58033895,-1.2319793,-0.704907,0.1438371,0.94808996,0.22716428,-0.50012314,0.4981192,-0.56152356,-0.37307698,0.4156371,1.3435738,-0.93691474,-0.9531843,0.13085102,-0.69736874,-1.1745259,0.011351027,-2.6970456,0.06900054,0.3728798,-0.12685712,-0.32591876,-0.8093208,-1.1504834,1.3324734,-0.97351444,0.2545923,0.08974463,-0.9433428,0.3076616,0.35953298,0.5373239,0.21614903,0.09630944
M1|C00124,-1.2270284,0.84096515,0.30351472,0.55742997,1.0474808,-0.94951093,-1.562119,-0.5119133,-0.60241026,-1.0558271,-0.5373198,-1.1462153,-0.40726423,0.34736323,-0.58047116,1.5291773,0.4169587,0.17281473,-1.7370149,-0.8591562,-0.48423776,0.60468864,0.73163855,-0.9342782,0.035738334,1.0350715,0.033113737,1.2284361,-1.5920618,0.22913922,1.8149873,-0.6751824,0.3702951,1.1430798,1.004648,0.5091051,0.7068268,0.84508955,0.34046826,0.69250494
M1|C00125,-1.7106526,1.006134,-0.4379573,1.2801582,1.5833557,-1.039902,-0.23596214,-1.2381837,0.4184361,-1.2615042,0.13685043,-1.1911248,-0.32234192,0.6682397,-0.46264905,1.7751994,-0.020586712,-0.36493683,-2.119657,0.80698794,-0.22969404,-0.5909171,1.4818178,-1.3494148,0.43868232,1.859788,1.4695619,0.7444544,-2.467169,-0.79844487,1.9786427,0.56576735,0.9530156,2.2554169,-0.43270957,-0.4137495,1.7327275,1.2121966,-0.8480304,0.020114914
M1|C00126,-0.26680094,-1.1320859,-0.12777112,-0.7068215,0.8463521,-0.5823532,-0.8689062,-0.9247914,-0.6134614,2.000282,-1.4137897,-0.68562067,0.83792776,-0.49279884,0.039061338,0.5966402,0.90676177,0.4199935,-1.0830173,-0.580383,-1.341056,-0.6964057,1.2746668,-0.07838911,-0.2845363,0.65932596,0.253634,1.0690138,0.5838793,1.1273453,-0.051298708,-0.026760623,-1.2395617,0.5971588,0.9377462,0.8582176,0.6798856,-0.6856356,0.28747785,0.27162144
M1|C00127,-0.24714331,-0.97175944,-0.6024481,1.1593504,0.6892989,-0.60927415,-0.29643893,-0.77824724,-0.25174093,0.85945773,-0.90769255,-0.85605454,0.68796504,-1.3101141,-0.005555764,0.37818307,1.5891577,0.4104397,-1.059153,-0.60507065,-0.9397888,-0.6725588,0.24943128,-0.72110295,-0.4601913,0.81429756,0.45101595,1.0575157,-0.51569706,0.7962346,1.0922549,-0.47641075,-0.9203284,0.5509001,-0.22485663,-0.480929,0.11931966,-0.01794976,-0.67766875,0.33179992
M1|C00128,-0.37642193,-0.79477185,-0.46450502,0.6899482,1.7687051,-0.47269014,-1.0164453,-0.76465064,-1.2300234,0.9126482,-0.8544032,-0.18465401,1.3860747,-0.27443343,-0.30044776,1.0557894,0.29130775,-0.5790764,-1.1754622,-0.55484754,-0.9892579,-0.14994234,-0.07553661,-1.0266323,0.55898106,0.528231,0.48373032,0.714705,-0.53246254,0.99008495,1.1719695,-0.7797513,-0.6074907,0.572302,0.8418787,-1.1196858,0.47301334,0.55778575,-0.14530402,0.6852168
M1|C00129,-0.31827855,0.216584,-0.58033067,1.8712155,1.122407,-0.7133579,-0.5825362,-0.7093371,0.39150926,1.2111225,0.26234037,-0.65675545,0.8229952,-0.38117284,0.07952339,0.52143675,0.87910527,-1.0328077,-1.098042,0.55459833,-0.6075982,-1.1406053,0.45950174,-2.5936756,-0.13287827,0.40215275,0.1931703,-0.4270908,-0.84954077,-1.4264541,1.3094621,-0.53059167,0.097066686,0.5345709,-0.92361856,0.7047725,0.6771255,0.6093308,0.35063064,-0.22125396
M1|C00130,-0.025789693,-0.10893845,-0.33071974,1.1615366,0.99520606,-0.6248133,-1.337766,-0.29785112,0.033786662,1.4695129,-0.35961437,-0.7353866,0.45228496,-0.27603,0.23580289,0.2921303,0.93690664,-0.7468123,-0.9795946,-0.18050744,-0.75119394,-0.7341283,0.23243624,-2.1098533,-0.31414622,0.10346992,-0.25070077,-0.019340664,0.015301082,-0.9374261,1.2036997,-0.91695714,-0.18933877,0.14351359,0.10184816,1.1496222,0.5087553,0.41609085,1.167552,0.181853
M1|C00131,-0.47710744,-1.113129,-0.37518024,0.3529788,0.77686477,-0.59949946,-0.57776606,-0.88167506,-0.3189247,1.3114529,-1.0815995,-0.80713344,0.77263653,-0.9069668,0.22367916,0.79254174,1.3002021,0.42871067,-0.9675466,-0.40549016,-1.0928762,-0.7010654,0.9105017,-0.6088214,-0.45687968,0.7405397,0.36796957,0.9483402,-0.16004658,0.95981455,0.6205156,-0.43201047,-0.9352154,0.8259862,0.109666176,0.014723748,0.4180031,-0.18634875,-0.49700984,0.21507305
M1|C00132,-0.18730232,0.23770839,-0.8839185,0.656448,1.5346128,-0.9621442,-1.2874857,-1.176613,-0.65876544,0.7334089,-0.029132247,0.19137156,0.79064417,-0.14399917,-0.64978427,1.532258,-0.07235855,-1.1279567,-0.74568725,-0.40514058,-1.1267502,-0.15501975,0.1637027,-1.1118503,-0.42182547,0.7317625,1.1800969,0.23681566,-1.0854319,0.2954105,0.2906193,-0.17507818,-0.073038675,1.2365333,0.29981196,-1.2580678,0.4347097,0.46745628,-0.41889203,0.63766885
M1|C00133,-0.596586,-0.874846,-0.3143641,0.35052684,0.5670257,-1.1622037,0.3389509,-0.6692573,1.5725594,0.41523948,-0.5851927,-1.0042831,-0.109038234,-0.66474664,-0.17979091,1.564194,0.31534797,-0.7073097,-0.9514455,-0.54150057,-0.43430445,-1.400982,0.64255816,-0.65030324,-1.2194023,1.2813483,1.2975688,-0.7824893,-1.6072211,0.7945191,1.0618905,-1.1093514,1.1136671,1.9563673,1.988032,-0.7318449,-0.21796349,0.4708016,-1.7681096,0.7098545
M1|C00134,-0.66977495,-0.93763125,-0.5461425,0.9716429,1.0617965,-0.78983825,0.61532307,-1.4903177,0.0004204996,1.3167455,-0.46828514,-0.7224351,1.2755096,-0.759241,0.26024356,0.9870305,1.1893411,0.34141272,-1.3267998,0.43070096,-1.4046302,-1.0996505,1.2196819,-0.76134276,-0.5025208,0.90798074,1.0311557,0.74165344,-0.80682456,0.5316954,0.7635895,0.17975064,-0.7578791,0.89472395,-0.45872355,-0.27773926,0.7016005,-0.10554764,-0.8149145,-0.44803146
M1|C00135,-1.1043949,-0.20533669,-0.18313497,-0.11062824,0.46425146,-0.7214509,-0.6936048,-1.0334845,-0.9408827,0.112698,-0.16839175,-0.6434382,0.768718,-0.7647938,-0.793776,0.76654285,0.6913674,0.36573523,-1.3258266,0.3165868,-1.4904352,-0.7702977,0.9561409,-0.9668432,-0.43488157,1.0848778,0.51598984,0.89786685,-0.7631091,0.22725752,1.0844276,-0.83419496,-0.7045903,0.78517693,0.45875722,-0.06180136,-0.13028315,-0.060113207,0.5581768,-0.18904775
M1|C00136,-0.48719996,-0.89546275,-0.2693186,0.5634433,1.981195,-0.4508294,-0.5992218,-0.668098,-1.0389307,1.0330173,-0.8841277,-0.37823114,1.2367159,-0.28203523,-0.14638343,0.9679598,-0.12928672,-0.794656,-1.2963526,-0.34241673,-0.90872735,-0.25195748,0.19829768,-0.95242953,0.7205338,0.7449354,0.93700045,0.74875283,-0.6230637,0.8645822,1.2320181,-0.46301162,-0.6401744,0.9097679,0.86943054,-0.95457864,0.7700168,0.38253778,-0.17342761,0.5892281
M1|C00137,-0.32087737,-0.98403275,-0.36723536,0.43705112,1.762031,-0.38477063,-0.92122424,-0.5623166,-1.1385921,1.0823354,-0.97726125,-0.46699286,0.90408355,-0.36079702,-0.16436474,0.6692125,-0.03667353,-0.5736991,-1.2766201,-0.5236523,-1.0310102,-0.33974054,-0.011506654,-0.7468461,0.64709187,0.69858646,0.8003623,0.9981605,-0.24324393,0.93261814,1.2589334,-0.5935312,-0.62692475,0.608689,1.2060913,-0.8497497,0.6173704,0.3318306,0.16129121,0.78500485
M1|C00138,-0.11106603,0.008762814,-0.27428818,1.0858775,1.0239935,-0.6874718,-0.94070756,-0.45961982,0.16729106,1.4783586,-0.22348192,-0.6741435,0.68037724,-0.27184916,0.32856262,0.3976237,0.68010473,-0.8029287,-1.0392935,0.099774495,-0.824224,-0.7007364,0.6150867,-2.0495179,-0.26611036,0.21973598,0.031522024,-0.00366655,-0.2056016,-0.9676949,1.0250971,-0.59051746,-0.18386771,0.39066434,0.097437665,1.2011939,0.6537637,0.22980285,0.8947051,0.11485998
M1|C00139,-0.21181896,0.19886589,-0.55456203,1.7481803,1.1132889,-0.79872406,-0.5611044,-0.5626465,0.3577331,1.1746883,0.11355735,-0.6024678,0.90745723,-0.35541177,0.30425653,0.4023192,0.69394004,-0.94798917,-1.1599053,0.49597615,-0.74127954,-0.7906294,0.4410525,-2.4125664,-0.20814548,0.2639292,0.34027427,-0.26070336,-0.6331937,-1.4244597,1.367524,-0.5072139,-0.057700038,0.5243828,-0.47994143,0.7607081,0.689699,0.5479858,0.617538,-0.05541399
M1|C00140,-0.43369624,0.53564954,-0.37650713,0.13217187,1.2557374,-0.9713325,-0.45210582,-0.7017088,0.75470024,0.74582016,0.19883455,-0.106637955,0.35161307,-0.94721806,-0.5097176,1.4134634,0.38915345,-0.9087846,-1.0113163,-0.6726194,-1.1712056,-0.92516327,0.033283822,-0.5679422,-1.1417118,0.79437745,1.2504748,-0.28570798,-1.7601049,0.4526726,0.51808083,-0.636011,0.5860041,1.1272105,1.5770383,-1.2585819,0.18376085,0.6332099,-0.58592546,0.4259308
M1|C00141,-0.3012728,-0.25321084,-0.28379533,0.3753677,0.45473117,-0.88177353,-0.6927906,-0.6488346,1.2981125,0.65606785,-0.53113574,-0.7258709,-0.456608,-0.97647125,-0.32687035,1.0393673,0.68935853,-0.6452085,-0.5321106,-0.942087,-0.70005035,-1.2090241,0.3763314,-0.91905826,-1.1697134,0.94580394,0.5848136,-0.34813473,-1.1143568,0.8321968,0.8364042,-1.4599051,0.78692746,1.3914646,1.771769,-0.70177746,-0.33615127,0.35191587,-1.2454472,0.78056276
M1|C00142,-1.4849763,0.117612325,0.8855694,0.1492255,1.2442218,-1.4073594,-1.7001581,-0.54827774,-0.35434636,-0.67399216,-1.0188503,-1.435223,-0.46225888,0.45066315,-0.6587714,0.90131557,0.33851668,-0.10866827,-2.102416,-1.1569173,0.020849034,0.41042686,1.5501145,-0.7210782,0.28835195,0.51595414,0.33107358,1.1263499,-1.3508363,0.5392003,1.7003344,-0.31020647,-0.5018048,1.4242781,0.745426,1.0341605,0.5324343,0.3698902,0.43039227,0.710562
M1|C00143,-1.5141451,0.88583094,0.3176638,0.43860394,1.4244404,-1.1754651,-0.7019079,-1.0729941,-0.051974818,-1.0763452,-0.2203976,-1.3879632,-0.37041473,0.757995,-0.76139945,1.9228575,-0.05642473,-0.19771656,-2.026155,0.09768768,-0.22329079,-0.25112703,1.5352471,-0.85661787,0.29203582,1.5984075,0.87870467,0.97857964,-2.0538027,-0.24028635,1.6264106,0.49125677,0.48447305,2.1486537,0.40521628,0.40315634,1.6596707,0.6463216,-0.23681343,0.2381793
M1|C00144,-1.2534702,0.61049795,0.19332063,0.9074739,1.378476,-1.157601,-1.4675727,-0.4992526,-0.05968012,-1.3194809,-0.25792614,-1.6707983,-0.9561573,0.57377994,-0.94056493,1.1878654,0.47736076,-0.69840527,-2.1964207,-0.77612484,0.27939242,-0.32845926,0.928152,-1.1113536,0.42786205,0.97056544,0.51740676,1.2271546,-1.694884,-0.23751256,2.23191,-0.060497567,0.40098083,1.7163682,0.20119442,0.3829749,1.1328664,0.94278353,0.2501232,0.7744365
M1|C00145,-0.37030676,-0.7551111,-0.32956928,0.6845025,0.75284064,-0.80661076,-0.2884037,-0.8817224,-0.5478006,0.88141775,-0.92204386,-0.8020184,0.9806232,-0.799888,-0.38539255,0.62612015,0.85782015,-0.0031836554,-1.0143592,-0.54466575,-1.022633,-0.60632616,0.17655692,-0.53774786,-0.40938073,0.8003955,0.33499414,0.9866115,-0.2731606,0.5994794,0.77253324,-0.4227264,-0.77069485,0.47891796,0.4658304,0.15633243,0.015519626,0.16840361,-0.281409,0.5551455
M1|C00146,-1.4672418,-0.049991477,-0.10790077,0.1483434,0.38373917,-0.707311,-0.9682079,-0.7646161,-0.98451406,-0.5241909,-0.35128182,-0.89550924,0.15895405,-0.6317327,-0.8844431,0.91478884,0.3795095,0.3828936,-1.2234608,0.26050532,-0.9602482,-0.40313643,0.896132,-0.96765345,-0.5422894,1.4038813,0.4568786,0.76984334,-1.1136858,0.32397616,1.4540156,-1.1697258,-0.55239165,1.0758091,0.2447096,-0.14039326,-0.26489422,0.4321878,0.43712378,-0.040742368
M1|C00147,-0.5644032,-0.011872716,-0.15251869,1.0560659,1.1559616,-0.69179964,-0.9366716,-0.7068088,0.1885099,1.523747,-0.23866507,-0.65297437,0.44501293,-0.17591493,0.22363573,0.71163875,0.76168513,-0.9097172,-0.8544261,0.29942107,-0.6090069,-0.9579691,1.0003217,-2.2418835,-0.04349979,0.74517274,0.13886291,-0.46134683,-0.37973896,-0.9871018,0.9232725,-0.4301085,-0.26950413,0.68416345,-0.674281,1.0123476,1.1396209,0.12880763,0.52907383,-0.19254783
M1|C00148,-0.4436234,0.40804854,-0.11222114,-0.57294774,1.2793956,-1.0238497,-0.2852538,-0.7569776,0.8910498,1.1938612,0.09516479,-0.0862242,0.36561963,-0.644167,-0.16694722,1.7247934,0.080221675,-0.9808051,-0.86287147,-0.63861495,-1.2868153,-1.0046017,0.6439844,-0.1637331,-1.3516346,0.7749027,1.346848,-0.34886476,-1.5251138,0.71966755,0.07870058,-0.30456322,0.5641444,1.4238297,2.0899494,-0.8345659,0.42805633,0.33758762,-0.5205551,0.32374382
M1|C00149,-1.4392822,-0.23046327,0.18313405,-1.1030769,0.43179232,-0.6221678,-1.3975039,-0.7861773,-1.1058826,0.21236563,-0.94029456,-0.94293237,-0.15496811,-0.25069287,-0.7985148,0.85028267,0.0431358,0.62034965,-1.23192,0.16987027,-1.0936947,-0.41018245,1.5445386,-0.4006657,-0.43650156,1.5380597,0.33929968,0.9130683,-0.32561412,0.62558115,0.80471975,-0.7633825,-0.90912503,1.2145773,0.99611354,0.7055677,0.21085213,-0.09587613,0.9671887,-0.026354134
M1|C00150,-1.7201056,0.07482458,-0.07378153,-0.22330266,0.35890496,-0.7440539,-0.7435259,-1.2756209,-0.6714318,-0.054411724,-0.2685448,-0.6620456,0.38432312,-0.34920612,-0.8678158,1.1845554,0.20737027,0.47207436,-1.3069854,0.8134311,-1.1036582,-0.7633633,1.7466402,-1.0478395,-0.16854388,1.7219684,0.7406151,0.4370128,-1.278539,0.25847572,0.9210215,-0.5977403,-0.5592457,1.4930485,-0.10294695,0.17039725,0.36029762,0.05072581,0.056635864,-0.3668594
M1|C00151,-0.13365464,-0.2582841,-0.41627103,1.0013915,-0.28284252,-0.69880897,-2.41897,-0.29003042,1.0403893,-0.45197287,-0.28630003,-0.8612547,-1.2686163,-2.2158458,-1.4802724,0.67899555,2.0895722,-0.31800064,-0.4678568,-2.518295,-0.37430683,-1.5820918,-1.6253526,-1.880629,-0.60336983,0.71268356,-0.44625556,-0.51462066,-1.9041938,1.3224779,1.4506749,-3.1964133,1.1787316,0.23673874,1.9535674,-1.9365898,-1.8782805,0.6003426,-1.6731405,1.8988192
M1|C00152,-1.1677215,0.6262314,0.5371617,-0.051513337,1.1156694,-0.9765854,-1.7748108,-0.478567,-0.6531224,-0.763625,-0.8076553,-1.2250473,-0.4889025,0.45941806,-0.62877375,1.4197227,0.3130059,0.24147183,-1.8084673,-1.0374992,-0.45237693,0.55530035,0.98823977,-0.6421065,0.07040194,0.9138786,-0.016040832,1.2534337,-1.2214797,0.4627701,1.5115017,-0.5262132,0.11221154,1.1446459,1.3154925,0.87096345,0.79936594,0.62779963,0.52633643,0.7899804
M1|C00153,0.14467415,-0.33231497,-0.15907148,-0.46557745,0.9885575,-0.59825635,-1.9413834,-0.3402449,-1.1386063,1.1707703,-0.92670715,-0.4161129,0.45719963,-0.53454816,-0.8747593,0.7268569,0.43061975,-0.578474,-0.65766454,-1.3808423,-1.1896152,-0.31234565,-0.43920994,-0.2084848,-0.37507784,0.49990335,-0.16996409,0.87333417,0.32293862,1.0134153,0.20304944,-0.8054157,-0.6316584,0.0759801,1.8888928,0.17527111,0.152832,0.439888,0.5613296,1.178137
M1|C00154,-0.46044344,-0.24073187,-0.109987795,0.45474273,0.723679,-0.7944181,-0.6395625,-0.7340149,-0.5019672,0.5231378,-0.76792395,-0.77108216,0.58169246,-0.6506398,-0.69380003,0.6996538,0.22442326,-0.4029394,-0.89478487,-0.6051179,-0.8653033,-0.41330603,0.32015795,-0.7946194,-0.25210392,0.851458,0.38144195,0.71627855,-0.5365993,0.39354852,0.6862924,-0.5245267,-0.46575433,0.60531133,0.71140057,0.41623437,0.077189416,0.42174435,-0.21414089,0.7529098
M1|C00155,-1.3104212,-0.20259327,-0.24148443,0.16702753,0.40193832,-0.61170286,-1.1049558,-0.55775577,-1.0525819,-0.39150128,-0.45118302,-0.8917985,0.21354774,-0.65531504,-0.7234568,0.8377451,0.53035825,0.4407591,-1.2052321,0.03528963,-1.113713,-0.28375027,0.6043542,-0.78684723,-0.6933772,1.2427549,0.3270576,0.9871292,-0.8235754,0.42856294,1.5108699,-1.3934679,-0.4864754,0.79892004,0.5457732,-0.14136562,-0.42740372,0.5668029,0.63913393,0.0723508
M1|C00156,0.60393214,-1.1479902,-0.57941765,0.4160183,0.67170006,-0.88520277,0.89020526,-0.54083973,-0.009232877,-0.24640486,-0.14367627,-1.497852,1.154386,-0.9771068,-0.071069576,2.4326773,1.0747757,0.13982436,-1.3875898,-0.31008732,-1.4488603,-0.60422057,0.29613787,-1.8261273,-0.563749,0.09498026,0.85475934,0.23121993,-1.0379508,-0.5380244,0.62485373,-0.10178959,0.640063,0.496732,0.5786915,0.57794094,1.1949211,0.7322748,-1.0176806,0.33603734
M1|C00157,-0.4495516,0.66652334,-0.3276277,-0.006638624,0.783617,-0.3950936,-1.0348436,-0.9755157,-0.88543236,0.47110426,0.19808356,-0.49966675,0.6581273,-0.7105837,-0.7375595,1.5327945,0.8692597,0.16933802,-0.9580137,0.15788142,-2.3216224,-0.6185872,0.350469,-0.74116427,-0.43320113,1.530733,-0.055752456,1.2076191,-0.56574535,0.012931898,0.95642525,-0.57772535,0.43932045,0.5046359,1.4629729,0.63764304,0.82976115,0.14513828,0.6136426,-0.052994013
M1|C00158,-0.73343045,-1.496699,-1.9337976,-0.3955116,0.35887772,-0.71517366,0.3814578,-1.0666525,-1.4671942,-0.7144853,0.19574161,-0.8969995,-0.48744905,-0.78965586,0.08773821,2.1039624,1.9920415,-0.61206985,-0.4246389,-2.3471673,-0.8523539,-0.22015592,2.1096835,-1.2969607,0.29294187,0.7529503,1.6407238,0.39342687,1.2275552,0.16580988,-0.094564795,-0.21054485,0.294241,0.42522568,0.7177363,1.137026,0.751683,-0.038012177,-0.55604386,1.0136304
M1|C00159,-0.89500403,-0.12386447,0.3512792,0.70906985,1.1255913,-1.3006599,-1.9003736,-0.29470342,0.14583328,0.3865183,-0.62252975,-1.1385943,-0.26559362,0.5397112,-0.22930533,0.45970726,0.44371817,-1.1000571,-1.7064486,-1.3245277,0.023756221,0.016028486,1.7207007,-1.1007111,0.5197252,-0.12818262,0.19724977,0.5594199,-0.31452823,0.20799492,1.2184656,-0.2509637,-0.338974,1.0455232,0.21743214,1.7643228,0.72223496,0.40716386,0.42684317,1.1711178
M1|C00160,0.27089992,-1.0774477,-1.2187676,0.8778302,0.7097507,-1.2791245,1.5299252,-0.76271546,0.19906726,-0.8154448,0.35721356,-1.3372484,1.0933156,-1.0864859,-0.08905863,2.842752,1.581932,0.17990538,-1.5329952,0.26377177,-1.1942024,-1.1378089,0.71450865,-2.4543145,-0.04452359,0.8231364,1.2399412,-0.4628205,-1.4887549,-0.9025868,0.5324671,0.52020633,0.7869937,0.63758475,-0.31177914,0.16588643,1.8224953,0.51745063,-1.8780335,0.5007493
M1|C00161,-0.13781433,-0.19613928,-0.3660987,1.2092202,1.0529126,-0.64796793,-1.156075,-0.3652,0.044893246,1.4098432,-0.4119584,-0.75608575,0.42581782,-0.16522697,0.29864058,0.3850663,0.8453927,-0.67465574,-0.98285484,-0.10985809,-0.7632306,-0.6881706,0.35614973,-1.9875973,-0.39933085,0.20469213,-0.08263023,-0.022007287,0.0011540577,-0.8906208,1.225563,-0.8881334,-0.13041069,0.21525991,0.029925108,1.0845863,0.58310694,0.43702954,1.0463693,0.11690882
M1|C00162,-0.2546607,-0.0050667673,-0.44487718,1.6408873,1.1044537,-0.69945276,-0.7373993,-0.49604437,0.21370398,1.140922,-0.10385366,-0.73666275,0.62009037,-0.3066515,0.13547868,0.49565876,0.87053883,-0.8438622,-1.056223,0.18002816,-0.69655144,-0.79441625,0.2737971,-2.2252474,-0.39264274,0.30562037,0.07728249,-0.19946,-0.52864397,-1.1281915,1.375795,-0.7951241,0.047827125,0.33330256,-0.41151512,0.7493557,0.49593464,0.62247515,0.61174077,-0.047542363
M1|C00163,-0.40165773,0.24661422,-0.39264193,0.08599269,1.0673549,-1.2645495,-0.278784,-0.9994476,0.63345355,0.8212404,0.3013286,-0.25230145,0.40481418,-0.48636603,-0.7487789,1.5419718,0.10568463,-1.1331129,-0.83869755,-0.3834052,-0.91029507,-1.2254287,0.3720942,-0.36274236,-1.2909926,0.8443405,1.2856532,-0.47851834,-1.5522267,0.5018278,0.27114177,-0.22828323,0.44643736,1.5555354,1.3038958,-1.0796715,0.13998382,0.6537597,-0.8315198,0.25829855
M1|C00164,0.18535787,-0.7949615,0.4955611,-0.5975326,1.1904002,-0.9360587,-0.87887186,-0.6002604,-0.96024495,-0.41240272,-0.92878234,-0.5703188,0.053481117,-0.6083455,-0.64872766,0.47674197,-0.7676516,-0.46323,-0.66918963,-0.1781424,-1.6889887,-0.3158401,0.88430005,-1.9104931,-0.48467487,-0.3015857,0.70962685,-0.0023989528,-0.044544972,0.053141147,1.192395,-1.1150485,-1.3684144,0.37799758,0.36492622,-0.0314631,1.2078823,1.1237289,0.27026632,0.5914402
M1|C00165,-0.7462814,-1.0573995,-0.61498046,1.092783,1.0119841,-1.1059897,0.79350924,-1.5986339,0.08171615,1.1051557,-0.56246495,-0.660028,1.6063368,-0.5831034,0.18196633,1.1801524,1.0965554,0.16846877,-1.2858541,0.3881126,-1.0717303,-1.078466,1.0218569,-0.73032725,-0.44086707,0.8873679,1.043178,0.5976064,-0.86118144,0.4147985,0.7307504,0.28076375,-0.83759826,1.1751217,-0.6343988,-0.4103755,0.6171005,-0.0892642,-1.07726,-0.19898331
M1|C00166,-0.648471,-1.0793172,-0.665775,1.065413,0.95012635,-0.97185975,0.31208482,-1.4058391,-0.08948964,0.988587,-0.73802096,-0.7293526,1.2348592,-0.7197295,0.108742036,0.90925175,1.2936301,0.3309035,-1.2805537,0.10545774,-1.0668006,-0.9427019,0.7377772,-0.7960295,-0.43773228,0.8667277,0.85127735,0.7099589,-0.6598099,0.46607438,0.8854744,-0.05815755,-0.8738685,0.9914967,-0.49733412,-0.47081813,0.46500263,-0.0021001995,-0.8281901,-0.023153514
M1|C00167,-0.63339454,0.2964254,-0.47980574,2.2205799,1.1697567,-0.74264354,-0.35821754,-0.70918655,0.34261316,0.87009275,0.3264355,-0.6926243,0.6431914,-0.39239013,0.124395736,0.76813847,0.9520283,-1.2192447,-0.92697287,0.5094128,-0.36143106,-0.95012206,0.6106348,-2.7435582,-0.09592636,0.763624,0.35963565,-0.56058455,-1.0948523,-1.4303663,1.464118,-0.53674215,0.19375764,0.6764538,-1.3861861,0.4793364,0.8344788,0.58724374,-0.0035804734,-0.25733277
M1|C00168,-0.22455397,-0.93011546,-0.0806161,-0.72707146,0.33426505,-0.82392395,-1.1254631,-0.29605153,0.893549,0.96684134,-1.1952515,-0.8532684,-0.6307862,-0.7974899,-0.4466104,1.0847225,0.7585815,-0.39457905,-0.6952433,-1.4050946,-0.59723204,-1.2629076,0.40101308,-0.34509715,-0.91898894,1.035059,0.38261807,-0.34211764,-0.42204878,1.3249514,0.63928545,-1.4808648,0.6226199,1.351912,2.9039059,-0.04836029,-0.32292372,-0.07399304,-0.83220357,1.1121634
M1|C00169,-0.5939177,-1.2608778,0.096201874,-0.11427354,0.35453767,-1.3262632,-0.2726419,-0.47116828,1.4359384,0.399635,-0.6611738,-1.4317958,-0.34900254,-1.1361516,-0.3495618,1.4707086,0.50997114,-0.48854518,-0.9476162,-1.1151986,-0.61181355,-1.3236158,0.41911823,-0.5468382,-1.4951799,0.9834377,1.0369482,-0.7401408,-1.4456534,0.9843973,0.87114114,-1.515464,0.69794047,1.620227,2.1477246,-0.5376624,-0.5203253,0.30739194,-1.2035035,0.8500266
M1|C00170,-0.6475016,-0.40885866,-0.4702539,1.4484328,1.6118919,-0.5541059,-0.4460398,-1.0796145,-0.8926283,0.6711455,-0.114987336,-0.047820672,1.5216281,-0.57868373,-0.5766361,1.0951297,0.40473995,-0.7852986,-1.229988,-0.049618885,-1.0118215,-0.6415506,0.021621019,-1.5009995,0.9491188,0.8173233,0.89902294,0.3772235,-1.4088936,0.60967946,1.301098,-0.5484203,-0.21448073,0.6017433,-0.036658674,-1.4601057,0.47899196,0.5215875,-0.96406853,0.4737447
M1|C00171,-1.1622663,0.09790591,-0.4409203,0.8263297,0.37652886,-0.7288937,-0.37669075,-1.0703421,-0.88977325,-0.53641546,0.36845934,-0.6193496,0.87523633,-1.1424098,-1.0191946,0.67838687,0.87461686,0.15618375,-1.3698628,0.50500506,-1.2783722,-0.8747064,0.61802626,-1.5405749,-0.35465676,1.0522804,0.7220117,0.6846274,-1.6528506,-0.09606442,1.6389908,-1.0162947,-0.37108797,0.8574342,-0.28379297,-0.95536184,-0.5818866,0.18147163,0.052626066,-0.25797924
M1|C00172,-0.27195275,0.42573327,-0.27913898,-0.2863843,0.7707633,-0.43329996,-1.6950758,-0.57724607,-1.1007015,0.54489684,-0.33901763,-0.5729012,0.36867508,-0.8010685,-0.8796101,1.0348371,1.0810802,0.21934739,-0.9621051,-0.523383,-2.1285553,-0.354397,-0.18836366,-0.42601123,-0.44256073,1.2454857,-0.37443167,1.4240191,0.05109001,0.2751237,0.99457043,-0.873844,-0.0006518662,0.17194366,1.9459928,0.78281283,0.48002186,0.14282192,1.1185532,0.34894997
M1|C00173,0.08815132,0.6992302,-0.5752319,0.17601712,0.64172614,-0.5905639,-2.2931514,-0.21962745,-0.0035373364,0.4037045,0.010739207,0.12627229,-0.28397208,-1.6438107,-1.1490272,0.7341624,1.3901762,-0.62045544,-0.74895746,-2.1122088,-1.2132834,-0.59890205,-1.4682653,-0.8681563,-0.7624766,0.30471474,0.07899306,0.06195812,-1.225394,1.0208021,0.65504396,-1.8922936,0.42705905,-0.064083636,2.1068804,-1.5478146,-0.9761489,0.75598025,-0.121017404,1.4474692
M1|C00174,-0.73250014,-1.6622889,-2.2954912,0.15648799,0.47863513,-0.6656858,0.5745661,-0.7839641,-1.37946,-1.3863417,0.4888599,-1.3048391,-0.92567205,-1.1533773,-0.1718967,1.6873827,2.2485611,-1.1782167,-0.49603045,-2.4641116,-0.44510713,-0.806612,1.4114922,-1.4049554,0.19668214,0.85645777,1.8981512,0.56529105,1.0881042,-0.28238055,0.6694421,-0.37882757,0.4218623,0.49165756,0.3031047,0.26256642,0.4865224,0.50280726,-0.50160486,1.1088667
M1|C00175,-1.2011774,-1.016443,-1.8583062,0.22212881,0.32608217,-1.0302107,0.7706372,-1.1751472,-1.1144603,-1.2131363,0.98231614,-0.8258581,-0.3358026,-1.3760934,-0.20746455,1.3792766,1.9343163,-1.5236058,-0.081951275,-1.8299435,-0.7507837,-0.86590123,2.1500232,-1.7094325,-0.28483844,0.67500633,1.949402,-0.39129332,0.6820081,-0.48912358,0.5700687,-0.73285663,-0.076506376,0.8289093,-0.24964328,0.22600105,0.23293152,0.6076741,-0.7012836,0.59798163
M1|C00176,-0.48534375,-0.7035186,-0.28422004,0.4466593,0.36818284,-0.93053645,-0.7515414,-0.45694435,1.3104082,0.33577228,-0.8156402,-0.96498024,-0.62977344,-0.925872,-0.2985484,1.1322293,0.6816602,-0.31640115,-0.72273636,-1.3633386,-0.5470097,-1.1051246,0.10152527,-0.87600625,-1.111211,0.89379,0.61019886,-0.24806315,-1.3089086,1.0993966,1.1696336,-1.8971514,0.91013616,1.2350422,2.224906,-0.83858013,-0.63569045,0.48117507,-1.247661,1.0114247
M1|C00177,-0.082963064,0.34401938,-0.9076176,0.8214022,1.4577556,-0.8620028,-1.7996641,-1.0440361,-0.84195143,0.55711,0.018402085,0.2529845,0.5627961,-0.4029146,-0.845911,1.3880297,0.24643406,-1.1636859,-0.6244603,-0.76296866,-1.1493183,-0.16307524,-0.2653532,-1.3323458,-0.2930388,0.58153546,0.88838905,0.2664105,-1.0482491,0.36463064,0.4303037,-0.55641836,-0.0070452094,0.8826087,0.34923214,-1.4507153,0.13226855,0.5385666,-0.41299665,0.90042865
M1|C00178,-0.9751018,-0.29859582,-0.37201622,1.1376688,0.48492265,-1.055388,0.24613997,-1.0193683,1.9561067,0.061957948,-0.07640126,-0.88854754,-0.25024492,-1.0532423,-0.4844422,1.6886684,0.6560964,-0.6998077,-0.7519508,-0.44598305,-0.4175583,-1.7592511,0.5225121,-1.421218,-0.97326696,1.4205396,1.206417,-0.81200325,-2.616648,0.6885951,1.2501107,-1.4511538,1.5395553,1.8817538,1.1624163,-1.5326228,-0.48205006,0.52655935,-2.4813547,0.4840955
M1|C00179,0.2166368,-0.9301014,-0.77602416,0.9510375,0.36427027,-0.8877086,0.64610827,-0.37464356,0.070556626,-0.5310731,0.021648347,-1.4639223,0.5861125,-1.281307,-0.10296252,2.3375976,1.1712937,0.20674628,-1.0820477,-0.50493014,-0.89559096,-0.76664215,0.5993563,-2.092072,0.17465064,0.80262953,0.88972765,-0.15673491,-1.4169426,-0.33957538,0.5629457,0.098067865,0.60897547,0.4060946,-0.011045128,0.23306659,1.5760409,0.23130396,-1.5302461,0.6850729
M1|C00180,-0.59027535,-0.8008949,-0.14715548,0.15103455,0.4818921,-0.98059386,-0.24055195,-0.36859113,1.2038063,0.40144095,-0.79685235,-0.9509709,-0.39649814,-0.77657723,-0.08803789,1.2852321,0.48298803,-0.47471967,-0.8349109,-0.90289295,-0.6098096,-1.0750214,0.56323683,-0.5636148,-1.3125286,1.0390344,0.9333507,-0.38443294,-1.175453,0.96847475,1.2071229,-1.5364071,0.95053154,1.6266975,2.312683,-0.49970207,-0.46833047,0.39868736,-1.189544,0.7510674
M1|C00181,-0.6278943,-1.0616666,0.15464765,0.28690967,0.39622498,-1.4060545,-0.2513489,-0.80833066,1.5235128,-0.014401004,-0.16138907,-1.2472739,-0.5804276,-1.4898186,-0.4017519,1.3668094,0.4346688,-0.66999155,-0.6697801,-0.7142225,-0.83648056,-1.6046929,0.7880338,-1.4334306,-1.3122101,0.890051,1.4079187,-1.2795416,-1.7630359,0.3845894,0.9796562,-1.5229543,0.5240651,1.5496631,1.0226599,-1.09441,0.052736025,0.33437377,-1.5310487,0.5001659
M1|C00182,-0.5522741,-0.993126,-0.7311456,1.641749,0.6753356,-0.5379439,-0.42684865,-0.6714877,-0.1509741,0.5219409,-0.7881412,-0.9177954,0.7588658,-1.4345663,-0.06650437,0.7194515,1.728397,0.3469631,-0.9221991,-0.4264863,-0.7809515,-0.6948459,0.21953824,-1.1639391,-0.41144353,0.8584928,0.51154315,0.92204094,-1.0004193,0.7375842,1.3768306,-0.8437918,-0.5859866,0.7944289,-0.8381561,-0.8541689,-0.022479173,0.38849777,-1.2396309,0.2846486
M1|C00183,-0.08652844,-0.7872004,-0.58780855,1.0836102,0.35980356,-0.32511735,-1.5476912,-0.55136937,-0.8497346,0.7541919,-0.87456006,-0.67337257,0.37512493,-1.7916863,-0.5660533,0.03971812,2.3462496,0.48687097,-0.8519295,-1.4087175,-1.0464351,-0.67130023,-0.4926113,-1.0433148,0.017128147,0.6000935,-0.3569377,1.2571139,-0.2867542,1.183583,1.062662,-1.2816014,-0.94330794,-0.24401711,0.047095954,-0.6696588,-0.50204897,-0.12534694,-0.42258412,0.8753407
M1|C00184,0.70066017,-0.933462,0.036478214,-0.53681624,1.2025383,-1.29934,0.30693626,-0.3111042,-0.8342324,-0.7391032,-0.9531198,-0.48269415,0.38014156,-0.6415781,-0.17173393,1.006522,0.042290017,0.026873343,-1.1555848,-0.0048537552,-1.5944762,-0.6611198,0.96687,-2.4163573,-0.8032759,-0.14132148,0.8314012,-0.44490287,-0.48151574,0.01978077,1.4409323,-0.619937,-1.107186,0.4422971,0.75166005,0.3035297,1.4622095,0.9356839,-0.33085048,1.0366712
M1|C00185,-0.72093177,0.716193,-0.107460156,-0.093130104,0.9757232,-0.50833124,-0.43134624,-1.1236503,-0.68965673,0.4955819,0.29064745,-0.66239965,0.87785727,-0.39912963,-0.5588664,1.9333863,0.5402897,-0.09653364,-0.997451,0.60077924,-2.2352457,-0.6719435,0.9794051,-0.6252042,-0.40265805,1.7048929,0.21868339,1.0952893,-0.7935783,-0.11778599,0.7997602,-0.0106190145,0.5487755,0.9551981,1.193105,0.9243562,1.1959769,0.082789,0.27145633,-0.25601026
M1|C00186,-0.42707527,-0.16791682,0.38314673,-1.7457578,1.4760389,-0.91047025,-3.6012554,0.22486624,-0.5140279,1.5483351,-1.0867105,-0.31606293,-0.22718468,0.40420425,-0.91348714,0.48091447,0.4665317,-1.3209113,-1.1913376,-2.9315307,-0.4349763,0.04905597,0.7663239,1.0311198,0.075391546,-0.4842532,-0.19352652,1.3730682,0.7351446,2.0580685,-0.12028922,-0.5022968,-0.6782861,0.46854472,2.613542,0.8390033,0.11126801,0.24322303,1.206144,1.8426003
M1|C00187,-0.5466454,-0.6908403,-0.46435264,0.9701963,1.6383682,-0.69509614,-0.569343,-1.0541029,-0.94169796,0.7501435,-0.6636596,-0.24902779,1.493131,-0.1896362,-0.40621442,1.1729501,0.20919003,-0.5629102,-1.212478,-0.20506719,-0.8419828,-0.4040042,0.17875952,-1.1476579,0.4888618,0.70833343,0.6777542,0.5229096,-0.9032367,0.68143994,1.1755178,-0.51653546,-0.58103174,0.8886089,0.39809155,-1.102187,0.58184206,0.4903543,-0.40837735,0.44068056
M1|C00188,-1.0965586,-0.25266454,-0.3113453,0.04152029,0.40882385,-0.82726085,-0.6506497,-0.8881174,-1.3315911,-0.4558986,-0.04799521,-0.78112197,0.87516034,-1.0595176,-0.9613465,0.39589268,0.81164503,0.57955736,-1.5109254,0.28621793,-1.4591622,-0.5647379,0.4630409,-0.9749239,-0.671073,0.9224975,0.5243633,1.0220376,-0.8114296,0.036784552,1.677478,-1.1546364,-0.97784156,0.709773,0.53550756,-0.5496775,-0.71742386,-0.0004682839,1.1349692,-0.23225415
M1|C00189,-0.7838623,-0.25549546,0.017426826,-0.38399646,0.523543,-0.7884028,-1.0426525,-0.8361971,-1.0778615,0.33817887,-0.47089106,-0.77401674,0.6927892,-0.7885558,-0.9878638,0.56554013,0.6573068,0.25756344,-1.2410915,-0.08871558,-1.415421,-0.6779928,0.5848957,-0.7702809,-0.5125149,0.9665993,0.14619365,0.88854814,-0.31849962,0.35048538,0.8595649,-0.87324744,-1.0098732,0.52998286,0.82163614,0.31426823,-0.08008386,-0.03461343,0.83914304,0.18265936
M1|C00190,-1.2282963,-1.2417872,-2.3576574,0.47928327,0.4808805,-0.88455164,1.2752978,-1.2103031,-1.1788484,-1.4697263,0.97004986,-0.9518086,-0.16279659,-1.1120672,-0.013917342,2.0686378,2.292285,-1.3883309,-0.34178,-1.9272329,-0.5134488,-0.71695256,2.1815825,-1.5777627,0.31251824,1.0469075,2.1216302,0.036090508,0.6148737,-0.4569906,0.53035116,-0.09287712,0.4838606,0.9030123,-0.27731246,0.25932938,0.6500483,0.49737883,-1.2196949,0.74644303
M1|C00191,0.04479468,0.17846417,-0.490457,1.6813024,0.80515355,-0.44472277,-2.1185393,-0.22025292,-0.38760903,0.86857855,-0.06075509,-0.59185207,0.16510266,-0.9094706,-0.5748251,0.08094859,1.7497069,-0.86856884,-0.7941205,-0.7162296,-0.6863912,-0.9344055,-0.7439852,-2.548188,-0.017640974,0.06613472,-0.76452047,0.043406054,-0.25641698,-0.8128843,1.4625845,-1.5964661,0.053287446,-0.47312856,-0.27176785,0.3842368,-0.22164215,0.565612,0.79526854,0.59186107
M1|C00192,0.60955155,-0.97024965,0.041302025,-0.47526935,1.2814193,-1.3329031,0.60725176,-0.29998145,-0.7695783,-0.72756124,-0.955547,-0.5583628,0.47526768,-0.60679454,0.008055881,1.1416391,0.010811472,0.027010255,-1.2048584,0.11421819,-1.6480929,-0.63446677,1.0638056,-2.3515306,-0.9172753,-0.073084556,0.9375454,-0.39327577,-0.55368316,-0.043515027,1.4889264,-0.49068314,-1.0018973,0.4974438,0.77806133,0.39182818,1.4572058,0.96704614,-0.41708753,0.97594965
M1|C00193,-1.0224973,-1.0368787,-1.7045645,-0.1119565,0.17745224,-0.9960657,0.30300662,-0.9843031,-1.4057131,-1.1193227,0.8205302,-0.75482464,-0.4093858,-1.4161229,-0.27916843,1.3396043,1.9910635,-1.3983077,0.030098975,-2.2321496,-0.8771624,-0.6074943,1.9767275,-1.599186,-0.3749979,0.43179867,1.5685523,-0.28198302,0.9865179,-0.2210662,0.42242068,-1.0434026,-0.2123538,0.5207319,0.21190493,0.4718908,0.020935014,0.5044399,-0.33532825,0.79340637
M1|C00194,-0.31249532,-0.9654682,-0.3176444,0.69411063,0.5963511,-0.71340907,-0.516416,-0.8198976,-0.41708302,1.0917083,-0.94193697,-0.89553046,0.7246282,-1.0454886,-0.16356573,0.559065,1.0508244,0.1730926,-0.94738156,-0.6531323,-1.0388925,-0.6277641,0.40053862,-0.70319,-0.39054483,0.7577463,0.36644655,0.89177537,-0.2773567,0.80733365,0.6278768,-0.46496886,-0.8965652,0.4388699,0.24275129,0.06155149,0.07949199,-0.110702604,-0.38836062,0.542997
M1|C00195,-0.2540972,-0.14036112,-0.6109973,0.15041852,1.630555,-0.69735193,-1.6230822,-0.7517959,-0.9132192,1.2854118,-0.23902126,0.04450357,0.6292639,-0.32673085,-0.1503709,1.3679632,-0.025573106,-0.76389337,-0.5123122,-0.8079448,-1.7458383,-0.16001827,0.060124435,-0.3216973,-0.6776156,0.54893756,0.9207827,0.67560923,-0.40019625,0.5991472,0.113142125,-0.464696,-0.053498022,0.3171361,1.2278057,-0.89110196,0.52889925,0.4701749,0.06478404,0.77537775
M1|C00196,-0.85311586,-0.8983322,0.21098298,-0.79854864,0.590083,-0.9768264,-0.00059863925,-0.9671158,1.7150078,1.3382837,-1.0592631,-1.0552589,-0.3894673,-0.30554685,0.17906666,1.7564046,-0.13778192,-0.24546218,-0.7343504,-0.596647,-0.7780375,-1.4640943,1.7372234,-0.33705235,-1.207914,1.392065,1.0810161,-0.42726478,-1.1726618,1.2849563,0.263508,-0.8990067,0.928417,2.0673192,2.6798701,0.12846911,0.23586944,-0.30337596,-1.3974558,0.4382287
M1|C00197,-0.46953455,0.5561002,-0.6039282,0.5818676,0.8105421,-0.5616598,-0.93625623,-0.82120997,-0.82876533,0.05613187,0.17511351,-0.53616834,0.6543163,-0.8132888,-0.70183593,1.3418628,0.95119005,0.20955843,-1.0447478,0.060472593,-2.2261553,-0.39368924,-0.21667854,-0.7698653,-0.60785913,1.4155005,0.09979828,1.2268084,-0.633414,-0.20703083,1.4683022,-0.8294806,0.41876668,0.3878848,1.3134098,0.18620688,0.509914,0.5386463,0.6817173,0.02539885
M1|C00198,-0.7918949,-0.5761414,-0.47704476,0.9891317,1.7648537,-0.64456666,-0.96220666,-0.81327003,-0.90182024,0.47185168,-0.90074044,-0.2837882,1.1882143,-0.20765156,-0.36741987,1.180344,0.17552502,-0.6926376,-1.0162067,-0.58637464,-0.53068805,0.014267519,0.09837055,-1.3385073,0.71684164,0.7027302,0.64444983,0.5238697,-0.9008451,0.7658488,1.2938128,-0.8386832,-0.58418465,1.0759791,0.36056495,-1.088815,0.4651006,0.68800795,-0.51981145,0.70096654
M1|C00199,-0.51618576,-1.0376934,0.51592827,0.3153846,1.1970706,-1.2148907,-0.62052697,-0.5942763,0.43785226,0.35942784,-1.8297306,-1.3919711,-0.18767455,-0.0008267611,-0.57530636,0.4922709,0.65456486,-0.2000682,-2.1611948,-1.7124239,0.20158264,0.21888578,0.96756166,-0.49891132,0.047616713,0.16116877,0.6078285,1.2818631,-0.77794003,1.1229131,1.2516996,0.045847848,-0.8862477,1.2265903,0.75722516,0.9331188,0.11502147,-0.2100131,-0.090906285,0.98050046
M1|C00200,-1.136805,0.7534083,0.462894,0.39397287,1.094816,-1.1853781,-1.3884523,-0.68038356,-0.61165524,-1.054963,-0.49147457,-1.209786,-0.15817916,0.4552154,-0.86782813,1.5878437,0.35165903,0.046401836,-1.9118671,-0.8140389,-0.32785094,0.46224666,0.8402138,-0.7453264,0.029867604,0.93457097,0.14687374,1.0852568,-1.5679983,0.2632908,1.6297069,-0.36674246,0.12533523,1.3554981,1.0321419,0.63046134,0.76603866,0.76680726,0.17629123,0.7190896
M1|C00201,-0.38308695,-0.20839438,-0.15746811,0.4009627,0.6801052,-0.82736194,-0.64382,-0.7592995,-0.48404798,0.5293106,-0.73602986,-0.71777594,0.58278334,-0.61114407,-0.75267965,0.7089578,0.16590197,-0.49178472,-0.90588516,-0.6059688,-0.7822781,-0.40765935,0.39822733,-0.8379609,-0.26063383,0.80423474,0.3906104,0.6396593,-0.56144136,0.45936877,0.6061251,-0.50764805,-0.5381137,0.7211398,0.74002206,0.41672802,0.11805935,0.3942684,-0.25036722,0.77325606
M1|C00202,-0.46044344,-0.24073187,-0.109987795,0.45474273,0.723679,-0.7944181,-0.6395625,-0.7340149,-0.5019672,0.5231378,-0.76792395,-0.77108216,0.58169246,-0.6506398,-0.69380003,0.6996538,0.22442326,-0.4029394,-0.89478487,-0.6051179,-0.8653033,-0.41330603,0.32015795,-0.7946194,-0.25210392,0.851458,0.38144195,0.71627855,-0.5365993,0.39354852,0.6862924,-0.5245267,-0.46575433,0.60531133,0.71140057,0.41623437,0.077189416,0.42174435,-0.21414089,0.7529098
M1|C00203,-0.3993522,-0.21519378,-0.1474847,0.41227064,0.6892671,-0.82043505,-0.6429247,-0.75398314,-0.4878157,0.52801263,-0.742736,-0.7289845,0.582554,-0.61944866,-0.74029934,0.70700157,0.17820688,-0.47310376,-0.9035512,-0.6057899,-0.7997351,-0.40884668,0.3818121,-0.82884777,-0.25884032,0.81416404,0.38868254,0.6557696,-0.55621797,0.44552922,0.62298137,-0.5111971,-0.5228991,0.6967851,0.73400396,0.4166242,0.10946588,0.40004557,-0.24275014,0.7689779
M1|C00204,-0.33985776,-1.0566825,-0.43995848,0.7347781,0.8592554,-0.8000906,-0.14958274,-1.0585667,-0.44731867,1.1399055,-0.9636521,-0.7730249,1.0342996,-0.8682606,0.028420553,0.5222684,1.1684982,0.47767147,-1.2506257,-0.43999416,-1.384371,-0.6465151,0.40685004,-0.41754666,-0.5817146,0.6127666,0.5157422,0.99557066,-0.14633933,0.7654361,0.8949532,-0.40726137,-1.0066953,0.36683184,0.42249063,-0.08033508,0.18050492,0.035015695,-0.12464062,0.27642953
M1|C00205,-0.68450093,-0.52542794,-0.14776601,0.8608755,2.0993955,-0.52337337,-0.37290785,-0.80366313,-0.9583793,0.9279419,-0.49195284,-0.26752084,1.7686895,-0.4126876,-0.29845074,1.2955621,-0.03629525,-1.057677,-1.2418467,-0.12345898,-0.83903706,-0.25649863,0.24476527,-1.257529,0.8953955,0.7869339,0.91626394,0.39449206,-1.2054015,0.7033762,1.1661427,-0.36603826,-0.51841664,1.0605308,0.40095645,-1.1095128,0.8197167,0.4395404,-0.5978757,0.46784097
M1|C00206,-0.12664488,-0.8555453,-0.2706167,-0.47127166,0.33448553,-0.8518978,-1.4298004,-0.2633184,1.0935216,0.9111258,-1.1316034,-0.9317523,-0.8149251,-0.9403445,-0.2823478,0.90402335,0.83703554,-0.41247126,-0.49601662,-1.7563363,-0.64710975,-1.100332,0.1668556,-0.3910476,-1.24039,0.8739541,0.25206366,-0.13972956,-0.3802608,1.3800777,0.7118271,-1.8626795,0.6346553,1.2509885,2.9275892,-0.29542023,-0.5376019,0.16815686,-0.70312464,1.2438462
M1|C00207,-0.07238897,-1.3113148,-0.022651326,-0.7688228,0.49850965,-0.43259448,-1.4670756,-0.5637121,-0.8878421,1.9596478,-1.8938644,-0.85220516,0.43519962,-0.8581995,-0.17012721,0.17311281,1.1788056,0.6938544,-0.71880996,-1.2858413,-1.2162036,-0.48205894,0.6831566,0.18757452,-0.37362337,0.6751092,-0.3285514,1.5260317,1.0840955,1.5775541,0.115332305,-0.5606584,-1.4380103,0.25044453,1.3901051,1.1978543,0.17898901,-0.5820164,0.42712003,0.71820164
M1|C00208,-0.34008098,-1.0914941,-0.0885814,-0.3376529,0.746503,-0.5659348,-0.37095666,-0.8618361,-0.39738593,1.794796,-1.4810364,-0.8741219,0.6544529,-0.6302826,0.32883644,0.5743052,0.63828284,0.54465425,-0.9843637,-0.5432956,-1.2340631,-0.4172967,1.3607843,-0.06333132,-0.48533577,0.801477,0.43560112,1.1404552,0.37174734,1.115763,0.16026272,-0.014214128,-1.1515032,0.6850156,0.86023086,0.91808724,0.6767914,-0.514526,-0.037786677,0.2946486
M1|C00209,-0.4402945,-1.2303135,0.16816324,-0.04627318,0.33178872,-1.3575547,-0.5727268,-0.51462173,1.2719871,0.22497949,-0.4681458,-1.435974,-0.5852356,-1.4908984,-0.47002453,1.2931453,0.54169226,-0.61643124,-0.71080256,-1.2030212,-0.7199171,-1.3777013,0.38827986,-0.9497055,-1.4625802,0.8526496,1.0287348,-0.960863,-1.3836591,0.75648046,0.8340239,-1.6606064,0.43065506,1.4087417,1.7654909,-0.77316225,-0.32543698,0.2633897,-1.158921,0.85338485
M1|C00210,-0.5483422,0.19195557,-0.28714952,1.0239732,0.7715465,-0.7388291,-0.48088416,-0.91943574,-0.36130935,0.20586784,-0.21106161,-0.6759122,0.70434326,-0.9435767,-1.1303481,0.78179294,0.44550535,-0.69613194,-0.9242166,-0.26464012,-0.74289304,-0.7703952,0.119766474,-1.2984068,-0.11870521,0.96492296,0.4603992,0.4419353,-1.2384343,0.13979985,0.7897883,-0.5262578,-0.10279629,0.63611835,-0.013653517,-0.18807548,-0.036331702,0.6287399,-0.8037036,0.61502326
M1|C00211,-0.54757935,-0.4113952,-0.5363234,1.1064436,1.4495069,-0.57689583,-0.47072813,-0.8697452,-0.85133123,0.61766714,-0.48787677,-0.48007828,1.3935292,-0.6601813,-0.71916,1.0539575,0.343874,-0.7697806,-1.0428087,-0.2203522,-0.68439925,-0.42667788,-0.07747303,-1.3162384,0.5188945,0.8581777,0.6735268,0.4309675,-1.013381,0.53259504,0.9508677,-0.54466987,-0.3788449,0.777247,0.12477755,-0.86690664,0.28629673,0.56495076,-0.76147944,0.6525049
M1|C00212,-0.46044344,-0.24073187,-0.109987795,0.45474273,0.723679,-0.7944181,-0.6395625,-0.7340149,-0.5019672,0.5231378,-0.76792395,-0.77108216,0.58169246,-0.6506398,-0.69380003,0.6996538,0.22442326,-0.4029394,-0.89478487,-0.6051179,-0.8653033,-0.41330603,0.32015795,-0.7946194,-0.25210392,0.851458,0.38144195,0.71627855,-0.5365993,0.39354852,0.6862924,-0.5245267,-0.46575433,0.60531133,0.71140057,0.41623437,0.077189416,0.42174435,-0.21414089,0.7529098
M1|C00213,-0.12713501,-0.38575402,-0.56690145,0.44883174,0.15283164,-0.76910526,-1.5446882,-0.34825766,1.1654004,0.34969854,-0.7067334,-0.74505126,-0.80264723,-1.3815663,-0.57976735,0.7817137,1.2696707,-0.4557229,-0.46469057,-1.8319561,-0.6120249,-1.0746217,-0.5154853,-0.99498105,-1.0334288,0.79145896,0.11638802,-0.23300183,-0.957306,1.1836557,1.0875392,-2.2450705,0.8532993,0.92531276,2.2378056,-0.9993465,-1.0493994,0.55234677,-1.1425515,1.4089524
M1|C00214,-0.91336834,0.42270952,-0.4874223,0.5123542,1.6327134,-0.50238967,-0.53568685,-1.3303151,-0.22832295,1.1865869,0.36158824,0.08703616,1.0456592,-0.41062415,-0.018624842,2.1292515,-0.009906818,-0.996358,-0.48881143,0.30910456,-1.669818,-0.8177112,1.0883054,-1.1722959,-0.33202988,1.1602198,1.2077204,0.179213,-1.7120304,0.3556059,-0.038189143,-0.02733592,0.41390765,0.91749465,-0.004034549,-0.9068835,1.1430649,0.53132933,-1.1010214,0.04050964
M1|C00215,-0.9247684,-0.23874128,-0.1340374,1.7995534,1.2907002,-1.3210087,-1.4774228,-0.20335776,0.43899146,-0.4392245,-0.2952982,-1.4226365,-0.48506826,0.15336445,-0.50353456,0.22773008,0.6795377,-1.5368272,-1.8301787,-1.1464801,0.3944317,-0.57467896,0.8870387,-1.4395771,0.5202144,0.033405222,0.6648007,0.7317232,-0.9625088,-0.27300256,2.1354692,-0.3452982,-0.0074026287,1.21347,-0.5600569,0.5743474,0.47871926,1.0126547,0.04300239,1.1356369
M1|C00216,-0.6452467,-0.5030577,-0.5882758,0.30880085,0.58389723,-0.81743866,-0.45470005,-0.7721124,-0.86218387,0.051034078,-0.3414805,-0.75738347,0.28985286,-0.8266527,-0.5498599,0.94887054,0.7317777,-0.6350837,-0.6438111,-1.1006852,-0.9434997,-0.4474888,0.7294221,-1.0513657,-0.2042738,0.7649022,0.67224056,0.51654005,-0.046119086,0.20946752,0.6278716,-0.72170323,-0.29677713,0.46860296,0.64123344,0.44468275,0.051425006,0.4604422,-0.1587292,0.7653786
M1|C00217,-0.48573092,-0.7931219,-0.41463295,1.1289674,0.6881963,-0.7116959,0.11483985,-1.0268272,-0.09622024,0.90683365,-0.765808,-0.7767304,0.881722,-1.093087,-0.06149199,0.6085552,1.1046575,0.18575537,-1.0155149,-0.289746,-0.8931928,-0.7126232,0.70073354,-0.8372658,-0.36004722,0.8756811,0.6814008,0.7766323,-0.78733957,0.663238,0.82877517,-0.25750208,-0.80658257,0.76696086,-0.36121237,-0.24895293,0.30602026,-0.027474567,-0.94445753,0.20902753
M1|C00218,-0.68418807,-0.47147945,-0.100693405,0.24742442,0.5802036,-1.2205546,-0.2552488,-0.75321513,1.4657328,0.5677896,-0.5575543,-1.0027814,-0.22861311,-0.771559,-0.5229069,1.4015194,0.37872487,-0.77385545,-0.67903435,-1.074795,-0.48949036,-1.3904527,0.37289196,-0.46814278,-1.0673696,1.3237698,0.8188161,-0.38226053,-1.5209877,0.9213769,0.8403429,-1.0388141,0.8639963,1.5992575,1.8807487,-0.3401563,-0.18457353,0.52805185,-1.4437951,0.8495177
M1|C00219,-0.15725932,-0.6969203,0.50111985,0.09147118,0.7684521,-1.0129899,-0.85102123,-0.7390257,-0.27110118,0.07146373,-0.38729304,-1.072959,-0.35375816,-1.3968308,-0.40049008,0.53873926,-0.14891316,-0.6207099,-0.22434288,-0.6241272,-1.3627145,-0.7402127,0.90104216,-1.76751,-0.7842116,0.227738,0.78901166,-0.33225146,-0.36677244,-0.21118885,0.7577406,-1.0758097,-0.8986724,0.3537786,0.1826869,-0.04089485,0.8014813,0.32465982,-0.08851861,0.47859436
M1|C00220,-0.389937,-1.009965,-0.29571047,0.67219734,1.8762734,-0.43658617,-0.99608684,-0.6108994,-1.3193928,1.1114372,-0.9067689,-0.18415469,1.190944,-0.24962145,-0.04286369,0.93108875,0.10596315,-0.51829815,-1.2376856,-0.5972574,-1.1642709,-0.029177234,0.11096657,-0.9038794,0.77383304,0.56009114,0.7250018,0.8411825,-0.41753238,1.1528618,1.2152485,-0.74086064,-0.55755824,0.4231797,1.1275094,-1.0253136,0.6351377,0.32044935,-0.094051026,0.79366386
M1|C00221,-0.2531427,-0.91457593,-0.11255327,0.1713427,1.5965824,-0.438889,-1.2043275,-0.5905638,-1.3789049,1.3142308,-1.0453056,-0.295014,1.0871685,-0.25013638,-0.23351198,0.8265273,0.14212582,-0.4546322,-1.1158614,-0.84125715,-1.174852,-0.09921429,0.13629858,-0.6546862,0.5501382,0.5427524,0.40530115,0.92253864,-0.040616035,1.1813023,0.8697455,-0.7230062,-0.72967565,0.32769036,1.460487,-0.3835902,0.5499808,0.19831727,0.23250124,0.86190546
M1|C00222,-0.46044344,-0.24073187,-0.109987795,0.45474273,0.723679,-0.7944181,-0.6395625,-0.7340149,-0.5019672,0.5231378,-0.76792395,-0.77108216,0.58169246,-0.6506398,-0.69380003,0.6996538,0.22442326,-0.4029394,-0.89478487,-0.6051179,-0.8653033,-0.41330603,0.32015795,-0.7946194,-0.25210392,0.851458,0.38144195,0.71627855,-0.5365993,0.39354852,0.6862924,-0.5245267,-0.46575433,0.60531133,0.71140057,0.41623437,0.077189416,0.42174435,-0.21414089,0.7529098
M1|C00223,-0.46044344,-0.24073187,-0.109987795,0.45474273,0.723679,-0.7944181,-0.6395625,-0.7340149,-0.5019672,0.5231378,-0.76792395,-0.77108216,0.58169246,-0.6506398,-0.69380003,0.6996538,0.22442326,-0.4029394,-0.89478487,-0.6051179,-0.8653033,-0.41330603,0.32015795,-0.7946194,-0.25210392,0.851458,0.38144195,0.71627855,-0.5365993,0.39354852,0.6862924,-0.5245267,-0.46575433,0.60531133,0.71140057,0.41623437,0.077189416,0.42174435,-0.21414089,0.7529098
M1|C00224,-0.27894515,-0.8141881,-0.31089863,0.2543065,0.6757409,-0.61902666,-0.7384907,-0.8656574,-0.5365447,1.2039106,-1.010612,-0.80876327,0.63413745,-0.8731733,-0.38510993,0.5451313,1.0060327,0.14509895,-1.0221219,-0.6094202,-1.1172532,-0.68958575,0.5522702,-0.66914433,-0.26141065,0.8789136,0.27464822,0.94489634,-0.14023018,0.85005075,0.47423,-0.41454238,-0.90275043,0.473598,0.45456576,0.27590045,0.24616188,-0.1906387,-0.17048258,0.5207145
M1|C00225,-0.35733545,-0.7885402,-0.47345886,0.786761,1.680303,-0.46061876,-1.2165699,-0.68822455,-1.3141123,0.7946869,-0.9094788,-0.12400686,1.3899527,-0.31460685,-0.39141816,0.9844086,0.5202605,-0.51097304,-1.1589854,-0.77281153,-0.919491,-0.075675815,-0.27008337,-1.1342134,0.66367155,0.48554865,0.2743776,0.72308457,-0.54749763,1.0500145,1.2904886,-0.9926634,-0.6789516,0.4613905,0.79150647,-1.1568067,0.34357747,0.5624893,-0.08402205,0.8173046
M1|C00226,-1.497988,0.05868558,-0.39690724,0.68152285,0.3898673,-0.763056,-0.43972674,-1.1676638,-0.46633708,-0.25526318,0.041050926,-0.6396743,0.7028976,-0.64357126,-0.85787725,1.1464005,0.5523611,0.18064776,-1.2427126,0.6839799,-1.1163111,-0.87292814,1.0654292,-1.273827,-0.35681808,1.4628226,0.7780785,0.5038521,-1.5585408,0.124653034,1.2584479,-0.86065507,-0.260892,1.196178,-0.43187606,-0.40490863,0.004773859,0.48202902,-0.3315767,-0.25150606
M1|C00227,-0.36452484,0.15195069,-0.34479758,-0.08097767,1.1254684,-0.9154202,-0.990419,-0.5040287,0.47497362,0.83371043,-0.262387,-0.061888844,-0.11100224,-0.5590794,-0.25199112,1.2542759,0.16930239,-0.72877914,-0.8830886,-1.1498667,-1.1720486,-0.44534934,-0.08591378,-0.26487467,-1.4150236,0.584307,1.1111923,-0.1651018,-1.1594237,0.8926132,0.64474624,-1.1101184,0.40412092,0.9543117,2.154347,-1.1853149,-0.08365071,0.7101336,-0.035719678,0.743129
M1|C00228,0.17590135,-1.4700806,-0.8541776,-0.104063876,0.3784694,-0.86655927,-0.20928723,-0.44387376,-0.38718736,0.0012258291,-0.29642147,-1.6787653,0.57842207,-0.97002006,-0.13205023,2.4628623,1.2457224,0.30321178,-1.0575659,-0.89601076,-1.3342628,-0.37757134,0.45150286,-1.3237562,0.11921188,0.5768192,0.5404015,0.43528008,-0.048098233,-0.22249037,-0.14537476,-0.15674247,0.3647765,0.18528146,0.8574628,0.8064892,1.4593321,0.15673228,-0.42412838,0.71006596
M1|C00229,-1.1940019,0.011354364,0.39468414,-0.19818392,0.5436034,-0.76305836,-0.7620501,-0.8763897,-0.90915436,-0.19997782,-0.7130517,-1.0204945,0.35143524,-0.66108215,-1.110077,0.7784166,0.05328133,0.15927917,-1.1557088,-0.06315707,-0.8824796,-0.258752,0.7969959,-0.7456098,-0.3536166,1.2547492,0.26867855,0.77167857,-0.85962623,0.40575856,1.0682739,-0.6569454,-0.9451099,0.99412256,0.47285932,0.40523553,-0.019542076,0.12695974,0.42938107,0.2783062
M1|C00230,-0.66263527,-0.31194177,-0.24978188,0.40223736,0.5270288,-1.0369272,-0.015260614,-0.99478775,1.7286001,0.6821476,-0.38597578,-0.8174852,-0.2843718,-0.756343,-0.17945176,1.4149879,0.3781121,-0.64884406,-0.6591656,-0.44875163,-0.6667038,-1.4427886,0.9741604,-0.9419088,-1.1855258,1.2196912,1.0592264,-0.6035285,-1.6046187,0.7150165,0.7329105,-1.0692602,1.0089943,1.8717418,1.4945837,-0.71208227,-0.06288391,0.29694396,-1.7230996,0.45316136
M1|C00231,-1.2668602,-0.18052316,-0.27640665,0.14130741,0.26922932,-0.6165422,-1.1904569,-0.65194345,-0.989275,-0.32492414,-0.39427245,-0.8083621,0.30086854,-0.7578275,-0.88766813,0.7694717,0.64871603,0.40875742,-1.1243477,0.017758384,-1.0744271,-0.4493827,0.49798584,-0.9001528,-0.6360205,1.1488932,0.1976413,0.88121414,-0.8101024,0.43258488,1.389634,-1.4300759,-0.5816659,0.71795464,0.35553437,-0.1332734,-0.540745,0.55007267,0.585492,0.08207375
M1|C00232,-0.06587252,-0.19693421,-0.5111798,1.3693621,1.3049889,-0.12178059,-2.5315113,-0.31301397,-1.7267481,0.28713244,-0.49502516,0.013035178,0.9386202,-1.4835832,-1.3883083,0.41613293,1.452116,-0.7904554,-0.92530537,-1.7861559,-0.73964924,-0.14192022,-1.806028,-1.9127222,1.4290496,0.35819426,-0.52966946,0.7006582,-0.8619693,1.1461573,1.4519135,-1.9118084,-0.57864386,-0.4432251,0.5525813,-1.7006764,-0.60371417,0.652191,-0.33726895,1.6400905
M1|C00233,0.57064736,-1.1898156,-0.8217834,0.7453295,0.37984586,-0.9650035,0.9135493,-0.6059377,-0.043709673,-0.47025505,0.22240381,-1.5804935,1.2452725,-1.2019341,-0.4182088,2.4829197,1.3504227,0.08481871,-1.3886735,-0.32402012,-1.3084351,-0.8713664,0.071124405,-1.8969584,-0.378538,0.20749053,0.7948661,0.012410611,-1.1436298,-0.63853616,0.5374798,-0.10729906,0.6965072,0.34899533,0.14654998,0.34380215,1.145308,0.8508535,-1.276267,0.40940875
M1|C00234,-0.69541895,0.39322466,-0.4404312,1.007627,-0.07233918,-0.51008165,-2.1419415,-0.66740066,-1.3410013,-0.74227345,0.18648405,-0.5801045,0.3317892,-1.9103279,-1.9613752,0.093125515,1.9761657,0.2478334,-1.0635806,-0.87204546,-1.210806,-0.7910115,-1.1019684,-1.7751327,0.011513807,0.68539673,-0.60844684,0.98409534,-1.1468507,0.3538186,1.4871045,-2.056628,-0.6434338,-0.42401838,-0.13928159,-0.94310164,-1.4377903,0.47222775,0.2319875,0.8306707
M1|C00235,-0.21043752,-0.7325744,-0.087127574,0.48558822,0.49809283,-0.5659114,-1.0578537,-0.6695211,-0.5620253,0.9152546,-1.1479777,-0.79319596,0.3658144,-1.2293832,-0.59841824,0.23180285,1.4229124,0.21967453,-0.8954867,-1.2724146,-0.7768831,-0.54757005,0.065654784,-0.746783,-0.1128273,0.7206927,-0.12224099,0.9390427,-0.24796364,0.9839523,0.7017094,-0.7473235,-1.0070852,0.1773133,0.42629144,0.16810565,-0.0594701,-0.18858702,-0.26240417,0.83700776
M1|C00236,-0.7041801,-0.57202446,-0.3531181,0.8070858,1.8111691,-0.5893396,-0.2486704,-0.98646927,-0.7588218,1.0275851,-0.46880126,-0.3052547,1.4642276,-0.31853092,-0.19183648,1.1014675,-0.16412523,-0.66231024,-1.3023453,0.22300737,-1.0810949,-0.4281133,0.58268636,-1.06021,0.6479926,0.91542083,1.1504302,0.4106161,-0.969525,0.5598862,1.0224823,-0.23000789,-0.35234252,0.9716479,0.4785521,-0.91894567,0.8842518,0.36109188,-0.55416363,0.3568858
M1|C00237,-0.64203084,0.51120037,-0.20901981,-0.07845146,1.3417524,-1.172666,-0.26915732,-1.0264986,0.82326,0.9391271,0.21176781,-0.1779274,0.46584216,-0.6402053,-0.6442603,1.483677,0.054075442,-1.1093712,-0.8927608,-0.45370847,-0.9119545,-1.1689626,0.45584792,-0.34407562,-1.129287,1.0218848,1.3485415,-0.4842715,-1.6979811,0.4164851,0.24915163,-0.2971707,0.43434167,1.4753513,1.3649732,-1.1041876,0.4207837,0.42586952,-0.69476724,0.25313804
M1|C00238,-0.63503325,-0.40440106,-0.7607724,1.4197637,1.6111057,-0.476526,-1.2526188,-0.97919905,-0.9008303,0.3336358,-0.6946347,-0.031129554,1.2062072,-0.39607078,-0.6305531,1.1251514,0.60295916,-0.56216043,-1.0296787,-0.63653874,-0.5758889,-0.15978748,-0.23981123,-1.940199,0.93581134,0.6822281,0.5645359,0.34358943,-1.2164217,0.7863873,1.3761237,-1.2354517,-0.43799365,0.8766364,-0.031673014,-1.5767924,0.290691,0.65132284,-0.78328556,0.84006643
M1|C00239,-0.4099948,0.025728397,-0.7132712,0.2315537,1.6650308,-0.37710258,-1.716209,-0.7215829,-0.6942145,1.1910571,-0.31272358,0.16212338,0.36383146,-0.47117257,-0.010537729,1.5226834,0.16086842,-0.784926,-0.49745375,-0.8760872,-1.6002436,-0.22693571,-0.10616557,-0.6916668,-0.49340552,0.75015634,0.8083703,0.63745886,-0.7574816,0.7985224,0.29809356,-0.7449296,0.05386144,0.26400685,1.0704437,-1.2542151,0.6323272,0.73571587,-0.050998542,0.7091495
M1|C00240,-0.6562078,0.46391445,-0.9718116,1.4684179,1.6984715,-0.83647895,-0.7060525,-1.3187387,-0.33564636,0.6374864,0.7798351,0.25627318,1.0885923,-0.5845858,-0.53607786,1.7403244,0.15441878,-1.2069565,-0.6270238,0.1264958,-1.491361,-0.8236294,0.12528516,-1.2395033,-0.34677404,0.9143802,1.5308446,0.060252383,-1.9114952,-0.050950035,0.4686708,-0.13643706,0.5587711,0.7846596,-0.41725242,-1.9398257,0.6307921,0.8196079,-1.2584071,0.3049291
M1|C00241,-0.40924832,-0.4495222,-0.6522482,1.5352111,0.6928071,-0.6063113,-0.40477496,-0.9733523,-0.2235371,0.53820264,-0.34442037,-0.70970833,0.92843455,-1.6050539,-0.65317464,0.4996584,1.7015911,-0.048115194,-0.8562594,-0.35373133,-0.8633595,-0.99714386,0.04000353,-1.2400426,-0.21009804,0.85870296,0.34187847,0.80496395,-1.0673227,0.59582305,1.0669184,-0.6373451,-0.559102,0.562362,-0.8001174,-0.7860981,-0.19572702,0.2525621,-1.2095875,0.2845488
M1|C00242,-0.17758165,-1.540229,0.80548394,-0.15940785,0.2957232,-1.7605336,-0.39786506,-0.96676785,0.5738253,0.021222651,-0.18603352,-1.8451722,-0.061585337,-1.2644594,-0.5822529,1.1426069,-0.26954418,-0.20581847,-0.8101609,-0.56509393,-1.0331645,-1.6966567,0.6481534,-1.4085474,-1.32553,0.39107537,0.85073406,-0.8798574,-1.3476238,-0.10693416,0.56831205,-0.9309793,-0.61072695,0.6938605,0.8094756,-0.22436866,0.6085619,0.28414935,-0.61158144,0.5665089
M1|C00243,-0.282978,-0.75030494,0.022732064,-0.39955142,0.68433195,-0.6635524,-0.9215011,-0.86920464,-0.6992086,1.5272499,-1.31225,-0.727762,0.6002565,-0.5433774,-0.5154073,0.5546753,0.42316827,0.014738329,-0.88464123,-0.7082899,-1.1262442,-0.7291325,0.8007592,-0.3575316,-0.15432526,0.90070003,0.19586302,0.999022,0.22036731,0.93483037,0.10082494,-0.22614938,-0.9726144,0.5409714,1.0923721,0.92952394,0.41885853,-0.28970218,0.07683564,0.7037271
M1|C00244,-0.83073425,-0.7410055,-0.3936275,0.42294863,1.8928113,-0.5830121,-1.1205573,-0.88680863,-0.90554243,0.84369326,-1.1930336,-0.1765183,1.1573522,-0.03231685,-0.22154614,1.2927896,0.071963616,-0.5608678,-0.98886365,-0.52265567,-0.7079808,-0.021264039,0.44285595,-1.220581,0.8200427,0.71846586,0.6850972,0.49364457,-0.5779601,0.8239878,0.99060047,-0.6450603,-0.69178444,1.1042114,0.57323647,-0.85864913,0.7420649,0.3938166,-0.4002714,0.65587413
M1|C00245,-0.6624504,-0.76048857,0.13701183,-0.5277737,0.4280699,-0.8522519,-0.54467595,-0.7642005,1.4882371,1.0405214,-0.9467812,-1.0414153,-0.525686,-0.6649544,-0.1470946,1.5682663,0.30713078,-0.2863272,-0.66564894,-1.0363058,-0.70691645,-1.4344661,1.0696259,-0.56901556,-1.1293966,1.2533867,0.71282434,-0.35745552,-1.2329224,1.3698505,0.47576112,-1.3931472,0.99492985,1.6916494,2.681954,-0.19260493,-0.17054625,-0.13723405,-1.3502964,0.7557904
M1|C00246,-0.34937522,0.22844416,-0.53064984,0.86116713,1.3712598,-0.54203403,-1.5438423,-0.63941145,-0.77045196,0.45746368,-0.18161945,0.022819817,0.4362642,-0.74330705,-0.76845986,1.0596409,0.41389352,-1.0146927,-0.6149402,-1.0268539,-0.99392366,-0.13709745,-0.51718336,-1.0035982,-0.21997155,0.5851623,0.5112468,0.41509396,-0.95315164,0.609056,0.6991077,-0.95679384,-0.031992763,0.27028498,0.5622248,-1.2543126,0.0052299015,0.78583944,-0.40658063,0.91752017
M1|C00247,-0.28972974,0.6849039,-0.73762757,1.0458957,0.65342057,-0.5636684,-1.29409,-0.7089095,-0.9268059,-0.27066258,0.32706362,-0.5478824,0.4883304,-0.72083837,-0.9591079,1.4009036,1.1665336,0.08081456,-1.0756724,0.050739273,-2.0049267,-0.49221444,-0.20732571,-1.0718286,-0.44040525,1.4609182,0.057121098,1.2305495,-0.9367045,-0.2713886,1.5943958,-0.92937344,0.65878516,0.65619516,0.9123864,-0.18170783,0.5573106,0.52799535,0.21811214,0.13857618
M1|C00248,0.026027948,-1.0521512,-1.163764,1.2001668,0.37541157,-0.98600477,0.5401494,-0.7295031,0.030588016,-0.82609844,0.6023971,-1.7185245,0.9136464,-1.3723695,-0.49305093,2.6674433,1.4341302,-0.09845357,-1.1633335,-0.31315646,-1.1054859,-0.6932983,0.037431702,-1.934557,0.14244716,0.67218435,0.88909125,0.014245659,-1.1402923,-0.8783262,0.27920717,-0.066919446,0.922218,0.28883418,-0.40916842,-0.17343006,1.2788743,0.7356848,-1.4090433,0.43504083
M1|C00249,-0.30226266,-0.08286914,-0.303267,1.5258901,1.1807694,-0.6258643,-1.4505141,-0.12482221,-0.15360758,1.0616398,-0.30907884,-0.82040334,0.10761367,-0.430193,0.24630204,0.3910267,1.034852,-1.0051484,-0.75609076,-0.32611206,-0.5054249,-0.5331845,0.079094596,-2.2367203,-0.45129573,0.349022,-0.20654504,-0.11357716,-0.12863147,-0.91814494,1.4854115,-1.1912894,-0.23020095,0.16941497,-0.32709837,0.6709006,0.5273903,0.5914047,1.002878,0.18606937
M1|C00250,-1.3972294,-0.10778004,-0.008456588,-0.118850075,0.49248213,-0.7059421,-0.034413464,-1.2454756,-0.69794846,0.07675084,-0.1861034,-0.85212255,1.1737087,-0.7518632,-0.8150744,0.89473647,0.24224377,0.31729472,-1.2093272,0.763014,-1.3522216,-0.73348033,1.1605499,-0.799076,-0.76694506,1.2410879,0.5869317,0.9481778,-1.0625917,0.053274862,1.0909866,-0.5820936,-0.8820038,1.1583457,0.14036717,0.2919796,-0.24518609,0.20146725,0.5096096,-0.5750675
M1|C00251,-0.37060708,-1.0531503,-0.4988962,0.25545672,2.12269,-0.664862,-0.46265274,-1.0253284,-0.9199244,1.3179681,-1.0256778,-0.40003532,1.6552663,-0.007672265,-0.22162685,0.9270049,-0.3607848,-0.6322826,-1.3499212,-0.119585074,-0.8375781,-0.46159586,0.16974539,-0.43090862,0.60253084,0.6946618,0.9607638,0.8253305,-0.22402048,0.68211734,1.0317507,0.039821282,-1.0695955,1.2636154,1.2353076,-0.7641834,0.9344988,0.4559633,0.15551329,0.34654924
M2|C00001,-0.32889777,-0.95718616,0.023411024,-0.5894163,1.719722,-0.34027606,-1.4275147,-0.66419774,-1.360763,1.7689985,-1.2844131,-0.23195691,1.0764643,-0.1376935,-0.23668155,0.90346974,0.0028279938,-0.39771575,-1.1070746,-0.65487945,-1.2729322,-0.22411041,0.6604032,-0.5605247,0.83109725,0.7184069,0.36065832,0.87607634,0.18860409,1.3363729,0.392629,-0.42628297,-0.92747027,0.5520031,1.6120144,-0.03980329,0.97037524,-0.23830223,0.2878798,0.72275484
M2|C00002,-1.6715114,-0.24104679,0.51821357,-0.7004951,0.5321795,-1.0052916,-0.48959225,-1.2125014,-0.7847936,-0.2726474,-0.85080785,-1.0989492,0.10907948,-0.2386981,-0.93424666,0.7740694,-0.25658065,0.47080946,-1.5937465,0.3092375,-0.5311038,-0.34405735,1.7864466,-0.62743604,-0.4051891,1.4389588,0.84274304,0.71457374,-1.1900395,0.62650836,1.034863,-0.42390975,-1.3043209,1.7899523,0.34203643,0.41467232,0.08716793,-0.025413994,0.40428433,-0.21297324
M2|C00003,-0.53847015,-0.2263467,-0.24691157,0.4329892,1.2265646,-1.0379794,-1.0389287,-0.5948406,-0.23840308,0.5820376,-0.40139776,-0.70632905,0.44300166,-0.2593513,-0.87591094,0.8326868,0.19299948,-1.2080573,-1.1211765,-1.1204268,-0.41773215,-0.67678803,0.11006087,-0.23559494,-0.2807311,0.6075451,0.69449776,0.7538693,-0.779333,0.6753396,0.710683,-0.20606343,-0.32063097,0.8427103,0.81582916,-0.28315896,0.16504674,0.7950369,-0.15006284,1.001525
M2|C00004,-0.3489666,-0.7861887,-0.27855417,0.6647617,0.7841528,-0.8524841,-0.21684302,-0.97135305,-0.4042216,0.90266967,-0.92958957,-0.8445288,0.9829484,-0.7978955,-0.31332797,0.6230269,0.8532483,0.15350604,-1.1607276,-0.45442358,-1.0327985,-0.5733334,0.36437076,-0.53491086,-0.49137926,0.69089365,0.45518053,0.891414,-0.38359043,0.6516397,0.80313706,-0.3250738,-0.905763,0.6014674,0.44234464,0.12381552,0.09709631,0.04525549,-0.24375975,0.4011277
M2|C00005,-0.34916785,-1.014902,-0.44282943,0.7400823,0.7921764,-0.66802937,-0.32960412,-0.9823135,-0.5906205,1.1407288,-0.85549855,-0.7342852,0.9081064,-0.9795218,-0.05437608,0.53576547,1.371092,0.3777714,-1.1740788,-0.53347003,-1.362957,-0.7525171,0.38747224,-0.6259554,-0.47519428,0.6897417,0.36727378,1.0221431,-0.2381331,0.843718,0.89123625,-0.5630241,-0.9270256,0.26670575,0.31486115,-0.1412354,0.15374666,0.029914265,-0.19347963,0.2995192
M2|C00006,-0.1624861,0.38922825,-0.42464316,0.05263339,1.0353675,-1.0734516,-1.0482743,-0.72581714,0.2861624,0.73358494,0.18677361,-0.2272455,0.055550102,-0.7800998,-1.0212288,1.2357929,0.46903425,-1.0338424,-0.7799956,-0.94090295,-0.99378616,-1.0349631,-0.35872057,-0.38653415,-1.3746996,0.65485317,0.85452527,-0.26284355,-1.2921818,0.64062047,0.40812933,-0.7237398,0.46402824,1.0308104,1.641122,-1.293569,-0.32250562,0.7637349,-0.4203935,0.56515074
M2|C00007,-0.4317785,0.096869014,-0.16687767,0.14420518,0.6639247,-0.7078272,-0.959014,-0.724131,-0.71441835,0.46410474,-0.46827525,-0.7796629,0.6184038,-0.66306007,-0.8766661,0.9616002,0.5827618,-0.24652207,-0.9427374,-0.44624,-1.2592545,-0.49467406,0.23986205,-0.62342674,-0.35329172,1.0495542,0.078049175,0.92140186,-0.43378899,0.30530676,0.7022341,-0.5106852,-0.30389944,0.59985465,0.9990569,0.6198678,0.25855178,0.32000294,0.17743252,0.5946611
M2|C00008,-0.15271586,0.74456316,-0.5573616,0.4137517,0.55484724,-0.6008908,-1.5331002,-0.64061683,-1.252319,-0.19666938,0.10585266,-0.7341253,0.4131812,-0.60339886,-1.1248485,1.3867215,1.0085669,0.19874066,-1.0652561,-0.06864119,-1.9885622,-0.32336864,-0.26878694,-0.6579994,-0.4984376,1.5929165,-0.23657285,1.3383083,-0.3916414,-0.20690525,1.3478712,-0.7329273,0.33256832,0.65670925,1.4273809,0.4027668,0.6842601,0.3355627,0.75288343,0.35759684
M2|C00009,0.23384719,-1.3964963,0.53826946,-0.47331405,0.32008958,-1.4445461,-0.817812,-0.780624,0.3711357,-0.09832299,-0.5553285,-1.3600154,-0.29099724,-1.288601,-0.6282101,0.58369744,-0.2362525,-0.32996452,-0.6032988,-0.7614971,-1.3168017,-0.877614,0.41252887,-1.5185585,-1.3804154,-0.2491349,0.64940155,-0.787204,-0.34356996,-0.04275012,0.743972,-1.4325833,-1.012808,0.60835344,0.6844159,-0.015703196,0.3240796,0.72979975,0.17256719,0.5841813
M2|C00010,-0.53455377,-0.670075,0.45986253,0.22946778,0.8685443,-0.6811637,-0.5295348,-0.96399754,-0.41526183,0.822542,-1.4800105,-1.0567642,0.010929281,-0.707866,-0.5854391,0.65500367,0.53810674,-0.08200692,-1.0735573,-1.1442802,-0.2859468,-0.09912725,0.9287354,-0.8359002,0.08401928,1.0382771,0.31215787,0.7487973,-0.62675923,1.0009252,0.4280096,-0.04767423,-1.0312843,0.82981175,0.15771744,0.67307436,0.4531284,-0.53088164,-0.51886046,0.6595011
M2|C00011,0.8787131,-1.3484123,-1.326302,0.5613942,0.5395172,-1.3576179,1.2066841,-0.30776092,-0.25743482,-0.94614464,-0.082379885,-1.399436,0.83014005,-1.1049567,-0.15180439,2.479161,1.8458289,0.4486329,-1.5842321,-0.36308563,-1.1509566,-1.057886,0.12813082,-2.1367173,-0.41479006,0.61333895,0.7896988,-0.20788169,-0.8171985,-0.58462524,0.7803891,0.2146731,0.3575957,0.28139642,0.58582747,0.47459662,1.59571,0.5794114,-1.267011,1.1292247
M2|C00012,-0.16981001,-0.0076698903,-0.13392788,-1.1715146,1.2474148,-1.1141393,-1.2959062,-0.6352725,-0.06495878,1.4741613,-0.48503837,-0.1935449,0.14910534,-0.15553805,-0.5092201,1.265202,-0.14652309,-0.8963307,-0.88160014,-0.9672847,-1.2721469,-0.6074712,0.47623682,0.04479721,-1.1237974,0.4508057,0.9690543,0.0052423067,-0.43868452,0.888414,-0.18957311,-0.21926767,-0.06927328,1.1194814,2.4271593,-0.33168015,0.13555364,0.028869113,0.3645083,0.77897847
M2|C00013,-0.23581542,-0.58041996,0.119290434,-0.82510674,0.5438529,-0.906142,-1.3291805,-0.4674342,1.1234195,1.2422733,-1.0555073,-0.8637142,-0.7310237,-0.6715042,-0.43298367,0.96746904,0.6984609,-0.494659,-0.6447712,-1.5453779,-0.74211144,-1.2792989,0.58770746,-0.27525693,-1.0961965,0.6982173,0.17361674,-0.10765225,-0.3650303,1.3626992,0.31465256,-1.3568147,0.3955372,1.1634333,2.7277744,0.046055034,-0.10212581,0.024416141,-0.5854531,0.95051956
M2|C00014,-1.4580137,-0.0630474,-0.026175782,0.13929348,0.45461506,-0.7714185,-0.6598731,-0.8843225,-0.7754394,-0.3732582,-0.41309008,-0.9469428,0.25273028,-0.5545364,-0.76869416,0.96204865,0.20305833,0.29964694,-1.2405537,0.34866536,-0.9306461,-0.40142968,1.1006119,-0.92106634,-0.5561675,1.4245425,0.59894466,0.7089585,-1.1460973,0.25918496,1.321639,-0.90533537,-0.5435808,1.2164553,0.22076993,0.061505064,-0.122541286,0.36646786,0.27666575,-0.0852441
M2|C00015,-0.23834239,-1.1471561,-0.55600107,1.065381,0.7912397,-0.6607264,-0.34042275,-0.7165366,-0.41926965,0.9294902,-1.0116352,-0.8528526,0.82193977,-1.0916543,0.27221867,0.42121834,1.3024608,0.41763762,-1.0697665,-0.5462128,-1.2431835,-0.36848468,0.34707296,-0.63000596,-0.60696626,0.55091673,0.54683757,1.1686863,-0.21124056,0.8026641,1.1013455,-0.6623335,-0.8775554,0.42481738,0.17483494,-0.3352488,-0.0037469063,0.0751266,-0.36909387,0.30979052
M2|C00016,-1.04815,-0.04540646,-0.17094822,0.3769818,0.45297003,-0.7850832,-0.3978581,-1.0859402,-0.61997336,-0.028423974,-0.25531206,-0.78641224,0.8845217,-0.87627834,-1.036871,0.7138277,0.46297488,0.07920902,-1.1298279,0.22560647,-1.0802646,-0.755179,0.6039422,-1.0179555,-0.45039487,1.1329079,0.46325123,0.77936995,-1.0635456,0.080049306,1.0766718,-0.68482536,-0.72032666,0.8800951,0.0836754,0.049147733,-0.21347225,0.35776165,0.13333331,-0.011417277
M2|C00017,-0.1900532,-0.14965677,-0.5957734,0.04407923,1.5294609,-0.68540573,-1.9101797,-0.6881137,-1.0139905,1.3035755,-0.37289247,-0.002402842,0.5052999,-0.37259978,-0.2902119,1.2368488,0.097463116,-0.6889055,-0.49321297,-1.0269003,-1.6200616,-0.22117344,-0.08671616,-0.2654427,-0.608192,0.55773395,0.7726225,0.7389829,-0.23800713,0.6798136,0.11699911,-0.5177815,-0.1783525,0.26258808,1.2885458,-0.8378633,0.46576536,0.40824866,0.23701027,0.92755675
M2|C00018,-0.40746376,-1.0005033,-0.19632165,0.50765926,0.70296764,-0.761419,-0.8577036,-0.70383525,-0.5231991,0.8078725,-1.2496223,-0.93095,0.45401812,-1.0079241,-0.2952476,0.46781984,1.256687,0.20338686,-1.0230697,-0.9977787,-0.7355733,-0.3991097,0.24347775,-0.69485945,-0.38298693,0.6355141,0.14418624,0.9708263,-0.21038081,0.89633137,0.85332894,-0.69453114,-1.0726697,0.5384515,0.33740547,0.043176275,-0.11422914,-0.06765219,-0.22704054,0.6363713
M2|C00019,-0.8301461,-0.3714768,0.38834596,-2.2248068,0.22000277,-0.2889199,-2.9121647,-0.3312074,-1.8060268,0.8745505,-1.4697698,-0.89217234,-0.5029851,-0.49630317,-1.1185272,0.39731374,0.59096056,0.7653102,-0.9799314,-0.9685822,-1.2938569,-0.31884816,0.88452977,0.015902072,-0.34287348,1.134731,-0.7416727,1.3738455,0.9295025,1.2951207,0.2248383,-1.2933112,-1.3128018,0.33284372,2.1826444,1.368986,-0.14836885,-0.47585878,1.9151205,0.62213534
M2|C00020,-0.64914215,-0.6502849,-0.22258168,0.16422713,0.46708408,-0.9616402,-0.41613564,-0.660596,1.6250998,0.5263046,-0.7516551,-1.0088358,-0.63602424,-0.83448535,-0.2648493,1.3705686,0.4770774,-0.4490341,-0.7277212,-0.97631854,-0.5010158,-1.3541616,0.55478394,-0.77238417,-1.253305,1.262437,0.87479573,-0.47301194,-1.5068957,1.0712112,0.97088885,-1.589839,1.1278647,1.7481333,2.299778,-0.83311206,-0.44757542,0.2893964,-1.518201,0.7748602
M2|C00021,0.13752407,-1.3196523,-0.7562485,0.19665296,0.35333475,-0.8870066,-0.1900788,-0.5162786,-0.37328002,-0.086897224,-0.3872913,-1.6722393,0.4896473,-0.8924,-0.20544332,2.2487714,1.0732018,0.2600005,-1.0431849,-0.98503035,-1.2036188,-0.14203769,0.2599675,-1.1287187,-0.0684703,0.5794403,0.44499373,0.5825624,-0.08078815,-0.23248273,0.016174048,-0.22105604,0.30303323,0.14387912,0.7946479,0.8662912,1.1766832,0.3856114,-0.43810275,0.71971774
M2|C00022,-0.42777848,0.35730436,0.034406677,-1.7777692,0.7895457,-0.27566165,-2.5610595,-0.6433135,-1.4276956,1.1374964,-1.0152552,-0.76068497,-0.29570183,-0.08176662,-0.89514756,1.3807349,0.382416,0.36270872,-0.7868846,-0.5331996,-1.9036256,-0.027271643,0.94367933,0.18126823,-0.05358399,1.6900373,-0.4401641,1.4768254,1.1155456,0.43058923,0.021210365,-0.18940048,-0.18956614,0.8350275,2.6009963,1.9854312,1.1771896,-0.6467008,1.4753743,0.5186515
M2|C00023,-0.4604434,-0.24073188,-0.109987795,0.45474276,0.723679,-0.7944181,-0.6395625,-0.7340149,-0.5019672,0.5231378,-0.767924,-0.77108216,0.58169246,-0.6506398,-0.69380003,0.6996538,0.22442324,-0.4029394,-0.89478487,-0.6051179,-0.8653033,-0.41330603,0.32015795,-0.7946194,-0.25210392,0.851458,0.38144195,0.71627855,-0.5365993,0.39354852,0.6862924,-0.5245267,-0.46575436,0.60531133,0.71140057,0.41623437,0.077189416,0.42174435,-0.21414089,0.75290984
M2|C00024,-0.6139531,-0.43026656,-0.3377774,0.88585013,0.92861336,-0.8533988,0.12943041,-1.1915061,-0.2812684,0.8411652,-0.50711596,-0.733948,1.1158681,-0.67597806,-0.40220585,0.86465895,0.5210775,-0.19039094,-1.1302447,0.11255185,-1.055873,-0.7799805,0.6485997,-0.8652547,-0.31794292,0.97941345,0.7526574,0.59148943,-0.8247024,0.21396449,0.7670079,-0.09291105,-0.59293973,0.87480766,-0.0068315268,0.022763684,0.37964883,0.21978405,-0.5236193,0.12978238
M2|C00025,1.1241559,-0.9413172,0.05223637,-1.644341,1.0288898,-1.2658836,-0.09812428,-0.08081167,-1.0171784,0.04896894,-1.2856245,-0.44990686,0.32050663,-0.68618107,-0.15519157,0.90739036,0.47869343,0.33936295,-1.1017089,-0.3156659,-1.7305976,-1.06938,1.1571368,-2.0814152,-0.8617079,-0.08969955,0.29322293,-0.41288105,0.32336316,0.23711577,0.7026859,-0.22404969,-1.3162966,0.12037242,1.6403637,1.3221521,1.6218665,0.26325026,0.14884312,1.4234022
M2|C00026,-0.98683566,-0.19391534,0.20801955,-0.92784953,0.4634476,-0.6971771,-1.3874227,-0.79688805,-0.96455383,0.5018396,-0.97186506,-0.8928257,-0.011544809,-0.44343644,-0.85774606,0.7429779,0.17184393,0.30284426,-1.0929924,-0.27320307,-1.0147479,-0.45544893,1.2088746,-0.5139028,-0.31006828,1.3256302,0.20207909,0.79389673,-0.20641088,0.6446255,0.5132508,-0.6289673,-0.8810061,0.9644346,1.1009161,0.8875166,0.2232892,-0.17240745,0.70171154,0.3372712
M2|C00027,-0.3898208,-0.96048445,-0.44512787,0.95335555,0.88447607,-0.7039981,-0.055599503,-1.1354704,-0.34461078,1.107959,-0.7366706,-0.81904733,0.8789992,-0.975056,-0.11158021,0.57278585,1.2358178,0.26362056,-1.2125384,-0.24482748,-1.2566717,-1.020901,0.5262834,-0.6849165,-0.42314178,0.783812,0.61203706,0.95271873,-0.46035346,0.6878428,0.90538436,-0.28342268,-0.80122066,0.47471362,0.015818767,-0.32036287,0.2820599,-0.051497612,-0.5293392,0.16302396
M2|C00028,-0.32896823,-1.0391293,-0.37448478,0.40552944,0.8333603,-0.730108,-0.3273505,-1.1079309,-0.47439593,1.4016007,-0.9948093,-0.7477683,0.92641413,-0.81631505,0.031640437,0.5620599,1.1965952,0.50387335,-1.2211198,-0.43380025,-1.4533243,-0.7992785,0.66388273,-0.399691,-0.47200197,0.66768,0.43237233,0.9972783,-0.026511814,0.88642955,0.66566825,-0.3081992,-1.0334053,0.39062256,0.5309886,0.12723002,0.35624024,-0.16409318,-0.0926796,0.26858434
M2|C00029,-0.25171936,0.78547627,-0.36416245,-0.4775583,0.7183483,-0.40743667,-1.861501,-0.51526904,-1.3034221,0.3742696,-0.040594213,-0.575588,0.5579998,-0.7731277,-1.0407853,1.2524016,1.2385374,0.3297311,-1.0285183,-0.32224014,-2.3671947,-0.32723886,-0.27327454,-0.25845632,-0.5602057,1.4727118,-0.5943181,1.5180708,0.12097971,0.10764328,1.0682819,-0.8120806,0.0709765,0.23110594,2.0565186,0.9656437,0.664709,0.16561568,1.4653497,0.34272638
M2|C00030,-0.3951897,-0.8935885,-0.3438603,0.67127705,0.7417054,-0.8901947,-0.14512983,-0.89798766,-0.6079731,0.90052855,-0.9383588,-0.8492893,1.1169479,-0.78514445,-0.3582906,0.634732,0.9914832,0.0064183846,-1.0810002,-0.52934074,-0.89926505,-0.6925531,0.20713404,-0.58656615,-0.48034656,0.7224263,0.3445602,0.9399067,-0.25464562,0.57195085,0.78330284,-0.3680887,-0.9684084,0.53481615,0.27833536,0.15841092,-0.019925928,0.10777376,-0.24757418,0.52323663
M2|C00031,0.16312951,-0.22135863,-0.441605,-1.3531691,1.4895003,-0.60178745,-2.7043176,-0.7724282,-1.2681277,1.8421167,-1.0812322,0.12719205,0.06772809,0.095339924,-0.543365,1.1949396,-0.108369984,-0.7176458,-0.51620615,-1.2606423,-1.5184594,-0.058992527,0.48621023,-0.2529693,-0.32522774,0.52584267,0.42172867,0.7444581,0.66690284,1.0670362,-0.55716056,-0.2710389,-0.5980194,0.6798331,1.9921864,0.00702624,0.619351,-0.2687345,0.7638236,1.0778811
M2|C00032,-0.94560903,0.32103866,-0.07846043,0.5673723,1.5294795,-1.3545609,-1.9387316,-0.24179892,0.1030952,0.3613034,0.035217956,-0.23301959,0.50476635,0.16440564,-0.79730636,0.9701551,0.45333907,-1.7583214,-1.2557092,-1.8995116,-0.21256822,0.012541272,0.5048034,0.10467817,-0.13775799,-0.29827887,0.66666645,0.78020716,-1.0796906,1.073391,0.88176817,-0.36550206,-0.019057319,0.8986063,0.76071924,-0.4947162,-0.14452328,1.0915291,-0.15435,1.2740449
M2|C00033,-0.37402794,-1.3627446,-0.6167925,0.8096694,0.97861856,-0.63998497,0.03939271,-1.0247576,-0.35685542,1.1874518,-0.94552016,-0.91276395,0.67031276,-0.88428223,0.27458912,0.44994217,1.3154682,0.42373905,-1.3582966,-0.31092224,-1.3431001,-0.98958975,0.53351927,-0.46881473,-0.6155477,0.76068586,0.80324125,1.1812103,-0.16714224,0.84107506,1.1511497,-0.3854212,-0.9258294,0.5117246,0.22440286,-0.44658753,0.35164472,0.08889678,-0.20805313,0.084863216
M2|C00034,-0.26542526,-1.0063083,-0.5127901,0.7944733,0.7953076,-0.5976742,-0.4904658,-0.74524605,-0.49697632,1.0026891,-0.96018416,-0.793952,0.78216416,-0.9954087,0.122463174,0.52340823,1.2229046,0.37111026,-1.0673406,-0.5593914,-1.3198359,-0.41811025,0.42035073,-0.622345,-0.50162333,0.6748298,0.47142375,1.1228776,-0.217601,0.8214061,0.9198444,-0.6467842,-0.76589334,0.3908683,0.37271446,-0.21664935,0.100901976,0.016387098,-0.29788712,0.3497871
M2|C00035,-1.0043013,-0.6418916,-0.1364969,0.33264625,0.455891,-1.2302942,0.49126858,-1.0840315,1.7695148,0.50839204,-0.2712956,-0.80455244,0.10958254,-0.7362363,-0.23702693,1.8001211,0.43268138,-0.5927936,-0.9764943,-0.046408758,-0.6232271,-1.7538816,1.4361391,-1.0696183,-0.80254495,1.3843703,1.5204393,-1.0301015,-2.0714037,0.63338774,0.80006117,-0.7617595,0.9901132,2.216723,1.1339781,-0.6315677,0.2508747,0.08756223,-2.1337764,0.27219576
M2|C00036,-0.48384494,-0.7081175,-0.24136162,0.80363804,0.7549743,-0.724586,0.10875271,-0.99956006,-0.11750652,0.9168055,-0.8127372,-0.788272,0.8296711,-0.9715353,-0.1489943,0.6643999,0.8520053,-0.001979448,-0.983653,-0.38595945,-0.8475263,-0.65790254,0.78505296,-0.75356376,-0.3598441,0.87788314,0.61893934,0.725279,-0.6988194,0.65539765,0.697123,-0.19704461,-0.7423927,0.75705975,-0.05379714,0.050583906,0.30488485,-0.026340634,-0.8142719,0.3030225
M2|C00037,-0.6489926,-1.621582,-2.078623,-0.6113339,0.32950836,-0.5919475,-0.15242948,-0.7591363,-1.6833329,-0.9405086,0.19222985,-1.0801898,-0.97039604,-1.1091213,-0.2074256,1.6785529,2.3541975,-0.8463791,-0.3543052,-2.7902129,-0.7375169,-0.5383043,1.608797,-1.2179052,0.34109342,0.72284096,1.4302111,0.5670798,1.61924,0.08083171,0.09724788,-0.51151377,0.19252117,0.15504342,0.89064264,0.8604827,0.46398684,0.10996472,-0.18229468,1.2817286
M2|C00038,-1.2090704,0.053264253,-0.26365638,0.14329153,0.3448549,-0.7115394,-0.85567933,-0.88886386,-0.9273028,-0.33128336,-0.28897414,-0.7868693,0.5961998,-0.58756626,-1.0481315,0.89548564,0.40669405,0.28894213,-1.2200884,0.24297221,-1.0437095,-0.4266042,0.6030539,-0.8829588,-0.61493844,1.2950237,0.3242188,0.84478307,-1.0072502,0.25725952,1.2746282,-1.0423537,-0.64404255,1.0300852,0.22593014,0.017257541,-0.2651716,0.5078458,0.5616967,0.0017215014
M2|C00039,0.511211,-1.3223981,-0.5291823,0.18749431,0.42110854,-0.7190749,-0.110492535,0.23317343,-0.46247005,-0.2731436,-0.7045929,-1.6806148,0.16897856,-1.2846832,0.15297705,1.9463094,1.1264507,0.43920586,-0.9547572,-1.3354988,-1.0558763,-0.17472662,0.1526753,-1.4126093,-0.15205204,0.4569246,0.36497915,0.431591,-0.31909153,0.04978565,0.557668,-0.32660073,0.2710048,-0.15612532,1.1973367,0.7763051,1.1990174,0.21255636,-0.520667,1.1280378
M2|C00040,-0.566432,-1.1029539,0.013664238,0.41803643,0.19755287,-1.5724258,-0.072829366,-0.95951176,1.8371445,0.08382279,-0.07152206,-1.5308074,-0.43191642,-1.3649571,-0.830011,1.446349,0.46449685,-0.7756929,-0.9425496,-0.79508597,-0.2784237,-1.8578613,0.3415323,-1.0906347,-1.4308237,1.2730693,1.2753756,-1.4729794,-2.1234963,0.5028198,0.8454483,-1.3573538,0.84873587,1.8692714,1.3120134,-1.0230559,-0.45653751,0.32528657,-1.7479241,0.7436642
M2|C00041,-0.32103458,-1.0366435,-0.51309526,0.87961686,0.88154775,-0.77238077,-0.15967308,-1.0637773,-0.46687725,1.0527117,-0.8780558,-0.78545034,1.0069938,-0.97190696,0.00531888,0.50650054,1.3240067,0.5043026,-1.2541621,-0.41417778,-1.3470399,-0.6694037,0.2908868,-0.5136881,-0.60292,0.5832338,0.51657474,0.9870049,-0.21470356,0.76023966,0.9975367,-0.46814024,-0.97451633,0.3441391,0.30333632,-0.27256504,0.09394176,0.067824215,-0.18240273,0.23269793
M2|C00042,-0.5296523,-0.33730328,-0.14185554,0.32203874,0.6839091,-0.8490105,-0.5151868,-0.8681952,-0.6921441,0.48828655,-0.55432683,-0.8155732,0.73329246,-0.7376103,-0.72736174,0.6539986,0.3634971,-0.20351997,-1.0379543,-0.37706655,-0.9810818,-0.563938,0.45174593,-0.74145263,-0.40640134,0.81776893,0.50029653,0.714648,-0.59301496,0.37501663,0.84196895,-0.49644476,-0.6332296,0.7289463,0.6686506,0.19106095,-0.09750746,0.16887109,0.0738773,0.4679882
M2|C00043,-0.86573553,0.3046948,-0.5860409,0.69397306,1.5689421,-0.80547374,-0.35279018,-1.3018947,-0.13762482,1.0744798,0.3390115,-0.047308207,1.2591537,-0.35818166,-0.13066238,1.9619942,-0.1733627,-1.1162473,-0.5249846,0.33737212,-1.5765032,-0.8044989,0.90275955,-0.8671129,-0.59516203,1.104079,1.3842607,0.20988011,-1.5870175,0.10307972,0.07214772,0.11140795,0.21316351,1.1201278,-0.050780132,-0.87087274,1.0295895,0.65148234,-1.0708302,0.09618117
M2|C00044,-0.31054115,0.99750465,-0.73692524,0.7092368,0.4744689,-0.4360233,-1.8057266,-0.594581,-1.1715878,-0.2570044,0.5368596,-0.43907735,0.64503545,-1.3431509,-1.4592948,1.1360769,1.6692686,-0.04923145,-0.881288,-0.44038963,-2.0533547,-0.6168043,-0.9699327,-1.0175039,-0.2838351,1.2889417,-0.58778435,1.1997131,-0.6608255,-0.13746208,1.4079185,-1.2826712,0.37615055,-0.020890035,1.1031817,-0.04447864,-0.008394424,0.582727,0.58975613,0.5481597
M2|C00045,-0.513982,0.24587506,-0.3226097,0.32507744,0.54581344,-0.65712744,-0.80370665,-0.6923687,-0.76047057,0.28761178,-0.3300143,-0.7952304,0.54323435,-0.5244597,-0.77961624,1.0764368,0.6809075,-0.09259003,-0.96038806,-0.25915682,-1.3993329,-0.4504457,0.14566429,-0.6033473,-0.49037945,1.1938713,0.028057951,1.0149225,-0.2946725,0.094711736,0.9387684,-0.6419716,-0.0612059,0.5647986,1.1427718,0.63304555,0.26506835,0.45047385,0.40454197,0.43840283
M2|C00046,-0.29792866,-0.5201901,-0.690265,1.431108,0.66508186,-0.55170774,-0.556748,-0.88156074,-0.35338196,0.52856374,-0.51855814,-0.6872839,0.8462384,-1.5843217,-0.68522567,0.41282028,1.7588962,0.024864025,-0.80551136,-0.50747615,-0.89325583,-0.8890987,-0.14439507,-1.1419021,-0.3152982,0.8046865,0.18756007,0.9441401,-0.80374366,0.6792169,1.1553036,-0.8307641,-0.64428395,0.48754597,-0.5835828,-0.6313206,-0.27699056,0.36153907,-1.0161406,0.35085016
M2|C00047,-0.027215518,0.19639221,-0.9868423,0.50511277,1.5473851,-0.73156506,-1.8835677,-0.77230173,-1.0983064,0.73109496,-0.07216568,0.2575051,0.6698491,-0.40526187,-0.6577142,1.4650635,0.2780496,-1.0180485,-0.6119149,-0.948425,-1.3897393,0.008337013,-0.55655193,-0.8317081,-0.6083329,0.5739655,0.7628829,0.51965165,-0.7591573,0.6237016,0.43441457,-0.69568723,-0.03605926,0.6192014,0.9242051,-1.4945265,0.05440565,0.7861958,-0.018882275,0.9490881
M2|C00048,0.20481005,0.3175089,-0.9883045,0.6264221,1.4112171,-0.7916395,-2.2939534,-0.7956394,-1.0922964,0.66371024,-0.020249173,0.3268014,0.56413,-0.5187392,-1.0503477,1.2908483,0.47053882,-1.2160733,-0.596965,-1.2164435,-1.1316044,-0.110277876,-0.8465422,-1.1303768,-0.32893556,0.44406193,0.5493317,0.38398194,-0.82365924,0.62941915,0.37189376,-0.77944577,-0.14963481,0.6257764,0.74526167,-1.6062589,-0.047158346,0.672745,-0.117851816,1.1996757
M2|C00049,-0.48563227,0.2746778,-0.3367701,-0.076767735,1.3371271,-1.2803464,-0.29889506,-0.97811407,0.3896897,0.91027915,0.1904517,-0.14326891,0.56167287,-0.19500822,-0.53605354,1.6083366,-0.17080891,-1.1913254,-1.0081489,-0.23285326,-1.0998341,-0.8730132,0.59700453,-0.53852177,-1.1021383,0.6981793,1.5285759,-0.40629855,-1.5420817,0.37549388,0.20580122,-0.0024408847,0.36742514,1.5401968,1.3181072,-1.0574006,0.23730138,0.3613841,-0.5221185,0.39490533
M2|C00050,-0.6330966,-0.3704611,0.21939,0.4545871,0.61328185,-0.75511914,-0.3513677,-1.0788052,-0.38537648,0.5365857,-1.0723578,-0.9423311,0.35130858,-0.7677248,-0.8385979,0.72412044,0.39400533,-0.16332157,-1.0735881,-0.68028677,-0.343723,-0.27258474,0.6177284,-0.9167421,-0.19601871,1.1379458,0.36022097,0.58202136,-0.94885623,0.7429188,0.62762696,-0.30670452,-0.8792921,1.0263189,0.13070768,0.38044256,0.080012456,-0.100729585,-0.5945611,0.60855865
M2|C00051,-0.83328843,1.0769442,-0.7051457,1.1446311,0.92617023,-0.69913286,-0.07416792,-1.1313161,-0.3026192,-0.23164776,0.8414346,-0.4505887,1.1611394,-0.7532629,-0.88559455,1.714969,0.8120074,-0.32480896,-1.175715,0.9862773,-1.9824296,-0.8881674,0.36953592,-1.1239637,-0.3698709,1.7389321,0.64758176,0.7880504,-1.5408667,-0.70250744,1.4501495,-0.18337104,0.7936106,1.1212618,0.20945519,-0.06788497,0.8897237,0.64255714,-0.3536215,-0.28680953
M2|C00052,-0.7338339,0.21382505,0.3111956,1.5619123,0.91514397,-1.3812301,-2.3163233,-0.15442127,-0.13245983,-0.1924246,-0.20966491,-1.083229,-0.39540172,0.06108126,-0.7366683,0.2351535,0.9204943,-1.5521569,-1.4452039,-1.8899422,0.40951836,0.084728844,0.84623116,-1.6621556,0.74504757,-0.3939249,-0.288863,0.47963223,-0.7007547,0.031006984,1.6256377,-0.6726669,-0.3096522,0.67647386,-0.2448559,1.3721161,0.059654895,0.6356302,0.34156764,1.448469
M2|C00053,-0.83186084,-0.17114876,-0.5131666,1.6061258,0.67991316,-0.8027245,0.16204953,-1.4525343,-0.017482359,0.44325608,0.06046562,-0.61169326,1.2283331,-1.1246507,-1.0607282,0.9125686,1.2267078,-0.3836396,-1.1422546,0.304883,-0.8039361,-1.3917797,0.38771766,-1.6234046,0.13820466,1.3086658,0.651458,0.23888683,-1.7911831,0.06758331,0.87646574,-0.1620414,-0.32667404,0.80859077,-1.3085327,-0.6560966,0.16890572,0.20483759,-1.4416928,0.07330568
M2|C00054,0.004891917,0.406627,-1.0321463,0.8857348,1.4953984,-0.83505964,-1.9142554,-1.0565329,-0.8622851,0.5787176,0.16754843,0.43234292,0.6151935,-0.4082775,-0.9116365,1.492508,0.32268658,-1.2523336,-0.58715206,-0.802942,-1.207225,-0.23401663,-0.42977577,-1.3888314,-0.24752355,0.53439885,0.87556326,0.15199655,-1.1342827,0.43088016,0.40964806,-0.6105045,0.08729212,0.8131438,0.35240334,-1.7174215,0.1663906,0.65837055,-0.5377424,0.9449706
M2|C00055,-0.8365836,-0.8415965,0.15063226,1.0353663,1.2898461,-1.2967329,0.27716365,-1.0020288,0.93478805,-0.0856241,-1.2873147,-1.3161284,0.008302674,-0.028149575,-0.47484457,0.73297393,0.54912186,-0.3167514,-2.2832665,-0.78866893,0.29259083,-0.20538726,1.3552969,-0.9996457,0.16647561,0.56631505,1.3670957,0.82598984,-1.6292317,0.57497394,1.4654982,0.4521414,-0.48556286,1.7314572,-0.29371327,0.22427264,0.47606108,0.08236711,-1.0077747,0.5346423
M2|C00056,-0.6932475,-0.7507296,0.21714428,1.1050168,1.9407427,-1.2377286,-1.9731467,0.18054265,0.19953123,-0.25231227,-0.993582,-1.130237,-0.19133201,0.17390978,-0.760911,0.3055926,0.5336448,-1.8329169,-1.9430109,-2.1236835,0.6317615,0.07385462,0.45933264,-0.98882586,0.86357254,-0.4266385,0.57970953,1.1227915,-0.89556646,0.8940062,2.1767828,-0.63597256,-0.37088436,1.1902641,0.32152826,0.101362415,0.14235677,0.87410617,0.036602177,1.6203338
M2|C00057,-0.84684455,-0.18997711,0.38675123,0.7513607,1.1019831,-1.3482575,-2.126575,-0.11670756,0.013993654,0.2354377,-0.7117492,-1.1582001,-0.24970847,0.29296845,-0.40075728,0.38507473,0.661781,-1.2217435,-1.5975724,-1.5933354,-0.005142778,0.08599318,1.4550519,-1.1218385,0.45022458,-0.28128666,0.02939006,0.69470847,-0.33822465,0.28863215,1.379518,-0.51433146,-0.3848951,0.88148415,0.32169208,1.6626755,0.39982215,0.4609807,0.48516554,1.25067
M2|C00058,-0.25851786,-0.15770546,-0.39411205,1.054565,1.1569884,-0.48405924,-1.917718,-0.6505095,-1.3138554,0.45122293,-0.71043813,-0.1785802,0.8054022,-0.9310166,-1.3526452,0.49407518,0.86203355,-0.775452,-0.87612325,-1.324907,-0.5712857,-0.37610054,-0.8293973,-1.5095891,0.8489818,0.71612453,-0.12613535,0.6999719,-0.8797988,1.0269976,1.0776982,-1.242602,-0.66200197,0.23073854,0.44497186,-0.9052274,-0.2356885,0.5993643,-0.5366619,1.3859779
M2|C00059,-0.49835902,-0.7338439,-0.31143516,0.7243719,1.6858562,-0.69431573,-0.9335166,-0.6819382,-1.0439695,0.66549516,-0.9314016,-0.2726201,1.2419631,-0.25764984,-0.40171856,0.9872654,-0.027913103,-0.8596774,-0.9691024,-0.6701135,-0.66971976,-0.07402046,0.0855789,-1.238685,0.59687585,0.61532915,0.6514358,0.4941513,-0.7021994,0.8489535,1.1432308,-0.8032328,-0.79255456,0.9489973,0.60632676,-0.89541173,0.5744017,0.661027,-0.35806924,0.8217087
M2|C00060,-0.65345603,0.46111125,-0.3409402,-0.59709376,0.82463276,-0.46161664,-1.3437576,-0.7230409,-1.1369201,0.6698026,-0.33845633,-0.7329852,0.43701676,-0.13927361,-0.64642274,1.5730075,0.7227487,0.3273105,-0.9084828,0.180806,-2.1516678,-0.54657555,0.49908847,-0.10592781,-0.6930199,1.5943907,-0.1698678,1.4358448,0.3985808,0.044209257,0.8697975,-0.5602363,0.0956883,0.6831198,1.9112166,1.0818743,0.9700974,0.122852676,1.2405996,0.07938215
M2|C00061,-0.1734288,-0.51037836,-0.507903,1.0008326,0.5248177,-0.68789095,-0.7183813,-0.9530863,-0.5416108,0.69106126,-0.6714798,-0.69010746,1.0213553,-1.3002403,-0.8471912,0.40216357,1.4660428,0.090577506,-1.1037824,-0.79333603,-1.0099632,-0.7950172,-0.29591137,-0.9214384,-0.29748097,0.6396533,0.046246,0.83440995,-0.6054275,0.6790781,0.78365165,-0.7369516,-0.8612637,0.14868471,0.031901345,-0.3073411,-0.32186127,0.1880247,-0.46323848,0.7098789
M2|C00062,-0.6971876,-0.70644563,-0.27168325,0.11485807,0.5445695,-0.88348514,-0.57765955,-0.48130476,0.44036454,0.34431008,-0.87635905,-0.9182066,0.08507596,-0.6868522,-0.6662617,1.3321259,0.34279278,-0.56169313,-0.94337153,-1.1511979,-0.35057986,-0.96680856,0.19844338,-0.7700784,-0.49326968,1.3398358,0.61379534,-0.012387961,-1.2751926,1.0934658,1.0385404,-1.385942,0.68754596,1.3853345,2.2787223,-0.2351779,-0.5709342,0.37796354,-1.0126398,1.1393908
M2|C00063,-1.1782498,-0.5086993,-0.61497706,1.306064,2.0579948,-0.77191997,0.302392,-1.4593971,-0.31948325,0.6206308,-0.5629223,-0.065355584,1.7928467,0.20196864,0.10374754,1.8240103,-0.33351693,-0.8121988,-1.193315,0.6357088,-0.7457648,-0.2626372,1.0975252,-1.6989928,0.65628415,0.997359,1.5378217,0.07033633,-1.599439,0.3067677,1.1424623,-0.12993956,-0.24228084,1.7378582,-0.40533477,-1.2960758,1.1045316,0.57475096,-1.3128489,0.034255415
M2|C00064,-0.72443795,-1.4216081,-2.1917725,0.28270933,0.43063587,-0.7143131,0.5209872,-1.0482807,-1.3057326,-1.1398925,0.4098485,-0.9228654,-0.5222823,-0.9837031,-0.08342105,2.008109,2.181577,-0.7645954,-0.5053489,-2.1973448,-0.67689276,-0.38716292,1.6452917,-1.5975451,0.33810598,0.8268712,1.7976737,0.37654328,0.77231556,-0.066109136,0.31744623,-0.28917062,0.55015826,0.42714697,0.23321435,0.4880919,0.57920873,0.29085225,-0.891133,1.0034989
M2|C00065,-0.87627536,0.46977794,-0.6710537,1.215008,1.419265,-0.5822035,-0.62353635,-1.1859679,-0.14638159,0.67861295,0.43598908,0.00048850477,1.0135593,-0.7692149,-0.34693363,1.7734723,0.39579734,-0.94474775,-0.5592363,0.115482405,-1.4605749,-0.85419565,0.4019906,-1.4079598,-0.26045418,1.1304504,1.035097,0.17516442,-1.9370097,0.12957808,0.46744382,-0.379962,0.4610206,0.6798648,-0.3670184,-1.272854,0.6630105,0.83063686,-1.3049406,0.23879898
M2|C00066,-0.35679784,-0.4216362,-0.07717506,0.49716282,1.3735099,-0.5599365,-0.9346435,-0.8203245,-0.9109279,0.99172974,-0.83873546,-0.31887642,1.226966,-0.5519147,-0.91747487,0.9347583,0.27793795,-0.84026676,-0.86581224,-0.72711074,-0.8221417,-0.5239556,0.07661761,-1.1677169,0.5093345,0.80126315,0.2734739,0.7617401,-0.83220637,0.95553017,0.59476674,-0.5431779,-0.6981931,0.57020044,0.48350602,-0.23035735,0.3991328,0.34666616,-0.5740692,0.8587285
M2|C00067,-0.43961406,-1.1576527,-0.6167358,1.1781236,0.8292327,-0.86231506,-0.05158596,-1.2277877,-0.4250439,0.9861765,-0.7911266,-0.72296864,1.3475507,-0.9923593,-0.11489633,0.6928209,1.5368565,0.40436134,-1.2053801,-0.298841,-1.13972,-0.86941934,0.13543044,-0.82166195,-0.31353343,0.62453985,0.45155364,1.006866,-0.481432,0.6298413,0.9704747,-0.38499326,-1.0267421,0.4422444,-0.32348508,-0.47075465,0.040558282,0.01887139,-0.5650551,0.19320226
M2|C00068,-1.4379547,-0.007848494,-0.07242316,0.102342576,0.39646828,-0.68099916,-1.1368122,-0.74062943,-1.0712204,-0.54038167,-0.43824393,-0.8676243,0.010151967,-0.6120087,-0.90626174,0.8824469,0.33173433,0.4222853,-1.2538038,0.1298715,-0.9341381,-0.2648787,0.86775726,-0.9579611,-0.4484815,1.4042106,0.4221698,0.818316,-1.0707154,0.40135953,1.4482453,-1.1825234,-0.54849803,1.0682348,0.38947505,-0.12570575,-0.26289862,0.4015476,0.45136875,0.052476943
M2|C00069,-0.30470186,-0.3786655,-0.48086637,1.3972152,1.4486983,-0.32718748,-1.806076,-0.50589955,-1.4257584,0.4381684,-0.37057889,-0.015715241,0.9801741,-1.0291932,-0.81829137,0.6428019,1.0727799,-0.66616976,-1.0718422,-1.0994105,-1.0254815,-0.25236073,-0.8798214,-1.6942692,1.0172309,0.39769793,0.107762516,0.67688143,-1.025868,1.0359865,1.495072,-1.4690521,-0.36672437,-0.20045547,0.4246773,-1.6975892,-0.17943527,0.60212994,-0.4375778,1.1688113
M2|C00070,-1.013311,-0.7438579,0.18708748,1.126976,1.4225062,-1.3033783,-0.009703264,-0.90071106,0.79382616,-0.2911976,-1.1767255,-1.1096656,0.22756058,-0.08115423,-0.51578987,0.84996986,0.6104675,-0.42971423,-2.2714698,-0.88979644,0.22916445,0.05962453,1.3282263,-1.1635885,0.38748908,0.40429434,1.2969102,0.82441473,-1.849253,0.7449384,1.6243938,0.14488034,-0.3945166,1.6559534,-0.28650975,0.064812645,0.26780534,0.21479817,-1.1350809,0.62235856
M2|C00071,-1.127253,-0.21911746,-0.17406479,-0.05641315,0.39153337,-0.56874204,-0.7347344,-0.9043196,-1.0153248,-0.114542276,-0.3854844,-0.76144207,0.7773629,-0.93893075,-0.912568,0.565842,0.58769244,0.46465918,-1.1349478,0.118446425,-1.3268194,-0.4534273,0.5064613,-0.8348409,-0.7447397,0.9880716,0.28853664,1.1274837,-0.68499976,0.24483089,1.316394,-1.158046,-0.8994531,0.65303403,0.51599574,0.05748401,-0.6539028,0.34435666,0.84564584,-0.17775512
M2|C00072,-0.6753383,0.6453101,0.063561715,-0.1716088,1.0888759,-0.85887426,-0.7479037,-1.1104078,-0.7674684,0.013280928,-0.5074893,-0.8991674,0.10867062,0.006102532,-0.67158663,1.7227336,-0.14347328,0.0409716,-1.2400403,0.12853225,-1.2050078,0.028096057,1.0853477,-0.60190994,-0.22089376,1.9636766,0.43002987,0.87619185,-0.8841949,-0.00042019784,0.78251886,0.34125853,0.07642111,1.5517043,1.2586802,1.0346044,1.2798059,-0.0004774481,0.06606763,0.34520876
M2|C00073,-0.4140345,-0.89031005,-0.030317347,-0.48794052,0.4454819,-0.9850597,-0.48816884,-0.5319638,1.2608148,0.88836825,-0.9454174,-0.94343734,-0.40491694,-0.693503,-0.296322,1.3851528,0.4381171,-0.5151967,-0.78287274,-1.01635,-0.5805559,-1.387055,0.6734275,-0.38281292,-1.0761993,1.1793628,0.7730554,-0.5424123,-0.9423108,1.1668296,0.65057856,-1.2249894,0.8477439,1.6786075,2.640234,-0.19976524,-0.19326952,0.046600677,-1.2305886,0.8903296
M2|C00074,-0.25163656,-1.3419825,-0.46600512,0.51568425,0.8609388,-0.6843858,-0.41478837,-0.9423429,-0.5838135,1.3895465,-1.1722735,-0.7924708,0.891185,-0.915742,0.29658636,0.50109047,1.4583107,0.75296897,-1.247838,-0.66451806,-1.5086118,-0.53552294,0.4400493,-0.32969022,-0.610816,0.51093674,0.3815233,1.2323334,0.17128,1.0636573,0.89070696,-0.51487327,-1.1787852,0.21726947,0.6419905,-0.007869989,0.18740186,-0.1221389,0.09825457,0.22515573
M2|C00075,-0.32434744,-0.9420261,-0.42411533,0.65510064,0.82860625,-0.74163437,-0.264363,-1.1561728,-0.41311005,1.1939949,-0.79468423,-0.7052739,0.91130716,-0.91404027,-0.029307086,0.59508497,1.3335913,0.4729021,-1.2334838,-0.37015364,-1.3647518,-0.8056277,0.6192818,-0.63441014,-0.48748684,0.6402742,0.49012792,0.8582356,-0.27985513,0.87109035,0.80316687,-0.42612505,-0.953676,0.46427017,0.3044033,-0.13434854,0.29094166,-0.09364848,-0.2790779,0.17560571
M2|C00076,-0.7121988,-0.942714,0.48438904,1.0804913,1.1407689,-1.2743316,-0.3132283,-0.6802485,0.6128341,-0.225431,-1.6020086,-1.4362706,-0.20691487,-0.30158818,-0.6618592,0.4906457,0.86597776,-0.291611,-2.161252,-1.6305597,0.42168057,0.22837916,0.7634029,-0.943142,0.1264682,0.25860402,0.7736841,1.0981398,-1.4350642,0.9206953,1.6557807,-0.10001086,-0.77545124,1.2716765,0.030085906,0.37392122,-0.09428659,-0.03232442,-0.58396316,0.886183
M2|C00077,-1.9546921,0.48145056,1.0220082,0.39488405,1.1049087,-1.4073129,-0.97839975,-0.8822005,-0.40144777,-1.5139902,-0.81403553,-1.4560575,-0.61697525,0.25195622,-0.851909,1.1511477,0.040242657,0.22748998,-2.1888475,-0.61411864,0.23738128,0.47363317,1.7128811,-1.0777727,0.21214037,1.0866717,0.7000844,0.9534099,-2.3328888,0.44959626,2.0544486,-0.3140117,-0.48256958,1.953105,0.24998875,0.37604135,0.45057097,0.41397417,-0.09099552,0.3617132
M2|C00078,-1.1719294,0.47921258,0.34739962,1.0255663,1.4265239,-1.273577,-1.895761,-0.3206764,-0.092254445,-1.1428157,-0.26808795,-1.708481,-1.0225539,0.6354043,-0.8714613,0.9263832,0.5431543,-0.9507567,-2.1944983,-1.2091241,0.43001252,-0.14758062,0.92096144,-1.0806991,0.51585495,0.5694441,0.29366833,1.1998557,-1.4021934,-0.17412087,2.2566202,-0.15852784,0.2881658,1.5156847,0.21297486,0.71751094,0.9330335,0.9352229,0.501861,0.9935292
M2|C00079,-1.4550707,-1.0125587,-2.1666298,0.5010443,0.53914267,-1.019501,1.1932877,-1.3633602,-0.9301045,-1.417133,1.27606,-0.874436,-0.37603015,-1.4074583,-0.18753245,1.4263031,2.028997,-1.8341426,-0.097318985,-1.4904556,-0.65885186,-1.3085465,2.3403966,-1.87395,-0.080486424,0.985382,2.381402,-0.5306511,0.50760376,-0.87565875,0.7434814,-0.42561156,0.11507879,1.0894712,-0.80564237,-0.17240292,0.5063775,0.78802097,-1.0699426,0.42630032
M2|C00080,-0.717797,-0.727877,-0.45873493,0.7201396,1.8975313,-0.6289591,-0.9721636,-0.7262768,-0.9351736,0.551939,-1.0906482,-0.27681288,1.1386707,-0.082929984,-0.16477622,1.2474854,-0.0073552914,-0.70655996,-0.99229133,-0.6179319,-0.5557116,0.20350191,0.23145485,-1.24339,0.55002147,0.5581768,0.7160565,0.5290922,-0.6654362,0.8359635,1.2132605,-0.84887314,-0.6392901,1.1153524,0.63898474,-1.010284,0.52520883,0.6454324,-0.36071634,0.72110075
M2|C00081,-0.13769831,0.81117463,-1.1521198,1.7101783,1.071286,-0.18905918,-2.9748368,-0.53651166,-1.1090193,0.064768516,0.5109999,0.4392635,0.18963088,-1.6514206,-1.2596747,0.9779035,1.7050484,-0.920526,-0.27910998,-1.762471,-1.2761116,-0.36017674,-1.9078417,-1.795182,0.058057837,0.4399811,-0.14300942,0.47223184,-1.5532596,0.76318914,0.832545,-1.9815029,0.37530082,-0.7130442,0.0565304,-2.416074,-0.71495205,1.164331,-0.7481112,1.4734153
M2|C00082,-0.3607362,0.0940718,-0.7474246,0.7358017,1.5712547,-0.73821497,-1.419565,-0.931957,-0.7581539,0.96955264,0.15863253,0.13713312,0.7512185,-0.5065679,-0.39160484,1.465443,0.18459964,-0.8901773,-0.5174478,-0.6070528,-1.5843027,-0.46564466,-0.064438775,-0.7545601,-0.47578192,0.6679233,1.0525573,0.43845078,-0.9974978,0.4128445,0.30538797,-0.46270627,0.17609935,0.41594166,0.5727626,-1.3653527,0.48391458,0.57722527,-0.42749068,0.69443345
M2|C00083,-0.5944544,-0.8686007,0.5488695,0.78784555,1.0814502,-1.2614148,-0.5791071,-0.5413768,0.33687857,-0.053499147,-1.5978326,-1.2353892,0.052278414,-0.2194184,-0.54974335,0.64317733,0.8471729,-0.14265102,-2.0713086,-1.8046623,0.13994786,0.5829024,0.78731287,-0.81882167,0.05042219,0.008478999,0.50255746,1.1274247,-1.200095,1.143936,1.4719604,-0.3338914,-0.72963685,1.0311788,0.5185631,0.67990303,-0.18670034,-0.01690051,-0.38292292,0.99137414
M2|C00084,-1.165492,-0.054264337,-0.055752337,-0.017139487,0.29809394,-0.69209766,-0.585394,-0.9832445,-0.80910146,-0.082600534,-0.4607289,-0.93415105,0.87839884,-1.0040123,-0.998287,0.5543296,0.49218175,0.43468168,-1.1043687,0.21664877,-1.3275068,-0.5779251,0.56071967,-0.6415352,-0.68564916,1.1661488,0.22470084,1.0792912,-0.69400126,0.15223654,1.245715,-0.92470115,-0.9909143,0.93320847,0.4045959,0.28872135,-0.3556271,0.40981263,0.64943427,-0.1428304
M2|C00085,-0.47311532,-0.7657447,-0.5155198,1.2436689,0.8079293,-0.93050027,0.11112253,-1.1224253,-0.51281106,0.67438257,-0.59096533,-0.7472579,1.3386047,-0.99010086,-0.45971245,0.69332737,1.3246582,-0.07203412,-1.0883286,-0.21640679,-0.8353217,-0.96169204,0.08850913,-0.9542368,-0.43272763,0.753782,0.43310308,0.78651094,-0.73440194,0.42999706,0.99514663,-0.34599835,-0.90820533,0.63272536,-0.4594403,-0.44281045,-0.074371025,0.17827785,-0.73453325,0.35655144
M2|C00086,-0.32313985,-0.12727797,-0.4450274,0.50200796,1.1663332,-0.7918739,-1.090313,-0.71548337,-0.59095055,0.81764245,-0.40613067,-0.38080913,0.78591865,-0.52750766,-0.4845328,1.2061366,0.16257337,-0.78532785,-0.6127925,-0.8082551,-1.2088187,-0.36416125,-0.06272882,-0.5367998,-0.5023675,0.7736107,0.5956043,0.59895027,-0.61584324,0.4622228,0.4281634,-0.5149526,-0.1823019,0.5209065,0.85282457,-0.32103086,0.40660554,0.7726908,-0.30529648,0.8565496
M2|C00087,-1.3104212,-0.20259327,-0.24148443,0.16702753,0.40193832,-0.61170286,-1.1049558,-0.55775577,-1.0525819,-0.39150128,-0.45118302,-0.8917985,0.21354774,-0.65531504,-0.7234568,0.8377451,0.53035825,0.4407591,-1.2052321,0.03528963,-1.113713,-0.28375027,0.6043542,-0.78684723,-0.6933772,1.2427549,0.3270576,0.9871292,-0.8235754,0.42856294,1.5108699,-1.3934679,-0.4864754,0.79892004,0.5457732,-0.14136562,-0.42740372,0.5668029,0.63913393,0.0723508
M2|C00088,-0.99863034,0.58803993,-0.2805614,0.8513072,1.4194274,-0.74857193,-1.2966757,-0.48163918,-0.21777387,-1.3398104,-0.39278847,-1.5943191,-1.0803742,0.3956954,-0.89040434,1.1473724,0.29490545,-0.39920226,-2.0584521,-0.48705697,0.010513589,-0.5449255,0.18177055,-0.90868187,0.22833546,1.4655442,0.6868073,1.5471048,-1.6390518,-0.2396509,2.313517,-0.19558331,0.58824027,1.6199087,0.54996353,-0.4633713,1.2291105,1.2689071,0.29198477,0.711138
M2|C00089,-0.20011213,-0.9323179,-0.108969614,-0.052619137,0.6013445,-0.52246195,-0.85741985,-0.697098,-0.55340636,1.4155177,-1.3585006,-0.85979426,0.4731321,-0.9090084,-0.11248943,0.379242,1.0710914,0.4504051,-0.92204756,-0.9031625,-1.0312716,-0.4891648,0.71519524,-0.32265708,-0.34790576,0.7099665,0.07930889,1.1293898,0.21231341,1.125831,0.3901518,-0.40644133,-1.1412036,0.43927574,0.721798,0.584904,0.3622704,-0.367451,-0.028853133,0.5620855
M2|C00090,-0.07720767,-0.36484265,-0.65954155,1.6676183,1.301664,-0.17662366,-2.2267308,-0.48038515,-1.6627887,0.29779905,-0.35742694,0.094819605,0.87130886,-1.2118504,-1.0873771,0.4338653,1.3422889,-0.55266905,-1.0782514,-1.4651388,-0.9067551,-0.18890773,-1.4277271,-1.8986135,1.3910778,0.34562933,-0.13047086,0.7501861,-1.0054903,1.2575755,1.6260471,-1.8140312,-0.36141303,-0.4451238,0.4573912,-1.9439045,-0.42245528,0.61127234,-0.49870044,1.5031056
M2|C00091,0.61617494,-0.9292417,-1.0719979,1.5803729,0.34676266,-1.0386865,1.633796,-0.90014696,0.33927324,-1.1715918,0.901665,-1.6366452,1.4114069,-1.4245596,-0.60250443,3.104853,1.8233148,-0.04969721,-1.5125768,0.02149786,-1.1149809,-1.1408384,-0.067254946,-2.7490823,-0.06813059,0.3252923,1.0232164,-0.43568853,-2.1177568,-1.2621381,0.7630767,0.15906997,1.3426898,0.48376536,-0.8540107,-0.15222836,1.4285028,1.0380359,-2.2586222,0.17635384
M2|C00092,-0.83038306,1.3369368,-0.70630753,1.2752371,0.8461161,-0.56570196,-0.44767177,-1.1483302,-0.56301373,-0.43516615,1.0999782,-0.4124937,1.014694,-0.9525514,-1.0962043,1.82433,1.2656376,-0.24483082,-1.0826507,0.80041116,-2.1142828,-0.89625806,-0.020743117,-1.3952475,-0.25661716,1.810072,0.23546103,0.8529929,-1.767067,-0.6735463,1.616459,-0.47214085,0.96384066,0.7761439,0.17425734,-0.2514881,0.685594,0.6744454,-0.23110986,-0.29998103
M2|C00093,-0.73272485,-1.5717382,-1.8885123,-0.7114629,0.27717656,-0.69644696,0.074466676,-0.8731117,-1.6107802,-0.6874895,0.09858428,-1.0603627,-0.70830715,-0.9320295,-0.055363223,1.8386347,2.1727607,-0.74731433,-0.34967864,-2.6935923,-0.7331762,-0.36644202,2.0332417,-1.1298926,0.27906686,0.74127877,1.4518989,0.49762058,1.5625081,0.21534367,-0.06788275,-0.31725287,0.12427132,0.35343218,0.9616371,1.259062,0.6102706,-0.07313758,-0.22803518,1.2039106
M2|C00094,-0.63334423,-0.34787884,-0.11018528,1.4665325,1.3021296,-1.1734619,-1.9466774,0.01762417,0.23793142,-0.3027234,-0.46644574,-1.5851074,-0.9290464,0.19009298,-0.71360314,-0.088539675,0.67923665,-1.6865246,-1.8466134,-1.5263429,0.6026694,-0.72516596,0.5856582,-1.2839495,0.6158462,-0.018051028,0.40257657,0.95829225,-0.5041222,-0.19935843,2.1030183,-0.34743345,-0.18078467,1.0909828,-0.2719453,0.71348596,0.53976357,0.9554653,0.52594894,1.387195
M2|C00095,-1.3825724,0.025871918,0.40461847,0.7432327,1.2901717,-1.1014855,-1.7042583,-0.24277155,-0.29422125,-1.576396,-0.85628086,-1.9076211,-1.4015425,0.24414,-0.92362326,0.48293984,0.453728,-0.32547957,-2.3793285,-1.2928668,0.55239046,-0.100991316,0.65170723,-0.9332299,0.2725067,0.7557824,0.5652675,1.600302,-1.6819389,0.32376778,2.6453788,-0.63410014,-0.1980902,1.5940431,0.37299207,-0.05255395,0.44819272,0.9220071,0.5809546,0.91697776
M2|C00096,0.2166368,-0.9301014,-0.77602416,0.9510375,0.36427027,-0.8877086,0.64610827,-0.37464356,0.070556626,-0.5310731,0.021648347,-1.4639223,0.5861125,-1.281307,-0.10296252,2.3375976,1.1712937,0.20674628,-1.0820477,-0.50493014,-0.89559096,-0.76664215,0.5993563,-2.092072,0.17465064,0.80262953,0.88972765,-0.15673491,-1.4169426,-0.33957538,0.5629457,0.098067865,0.60897547,0.4060946,-0.011045128,0.23306659,1.5760409,0.23130396,-1.5302461,0.6850729
M2|C00097,-0.1623893,1.4217018,-0.8679295,1.0659004,0.3364758,-0.21371554,-2.5666747,-0.45801497,-1.4205725,-0.66811347,0.703802,-0.31976172,0.28189403,-1.6838443,-1.7525443,0.97173584,2.3282366,0.13736644,-0.8999677,-0.8599717,-2.1492872,-0.44067448,-1.7000216,-1.4154464,-0.023996577,1.2654829,-1.1195962,1.381078,-0.829393,-0.088105515,1.7559739,-1.7690942,0.6114019,-0.52963454,1.0981381,-0.28997603,-0.40910482,0.74637157,0.70955783,0.8264364
M2|C00098,-0.36752352,0.21580604,-0.7923251,0.5928703,1.7047032,-0.6592339,-1.3174039,-1.0224788,-0.66549844,1.0977864,0.27728134,0.11396426,0.7256427,-0.44921166,-0.5189447,1.5185333,0.049237788,-1.0790038,-0.5644048,-0.34463203,-1.6132891,-0.6636633,0.11041757,-0.7754382,-0.48470932,0.78183794,1.1768814,0.3784536,-1.1105808,0.31305432,0.13223328,-0.27080166,0.277843,0.56815875,0.4873283,-1.4197928,0.67490584,0.56158835,-0.56215495,0.56805116
M2|C00099,0.35808393,-1.2414458,0.5323145,-0.6238645,0.49856484,-1.1533387,-1.3207049,-0.6368308,-0.12126061,-0.12131551,-0.7724711,-1.0280454,-0.60508066,-1.1841683,-0.77733386,0.57916874,0.0058104526,-0.16664502,-0.68890655,-0.95065784,-1.487491,-0.7481306,0.27313626,-1.770072,-1.1027393,-0.23649839,0.47602308,-0.51958096,-0.36323616,0.33191743,0.8986348,-1.6492615,-0.9515187,0.373401,0.7661253,-0.25506556,0.462819,0.8013521,0.080809645,0.76090956
M2|C00100,-0.046034902,-0.6942184,-0.61608493,1.0160071,0.3688913,-0.2796253,-1.6998127,-0.5329125,-0.9275191,0.793669,-0.76322526,-0.6497345,0.3654313,-1.8289347,-0.6948786,0.006421551,2.3298995,0.37498593,-0.7926288,-1.3717725,-1.1302001,-0.7561404,-0.592,-1.0750731,-0.0051926896,0.6070686,-0.40312225,1.2510812,-0.25053898,1.1404623,0.9792574,-1.3831468,-0.88113546,-0.30237526,0.12309578,-0.71940863,-0.55024624,-0.0754395,-0.36357355,0.86664915
M2|C00101,-0.7484162,-1.0106144,-0.6761443,1.1063558,0.8497249,-0.81329304,-0.08294826,-1.2990086,0.037257563,1.0869172,-0.70452094,-0.5887039,1.1206765,-0.8148232,0.22519726,1.0126117,1.4821543,0.4164786,-1.1201851,0.15571694,-1.0994492,-0.99645203,1.0040311,-1.0158578,-0.2309383,0.9002828,0.79154223,0.63208866,-0.8406788,0.5877899,0.86873806,-0.1720656,-0.7645716,1.1253973,-0.8254782,-0.5762495,0.6200343,-0.03928919,-1.124426,-0.09422788
M2|C00102,-1.4235594,0.02881489,-0.019348647,0.074369445,0.35437402,-0.70713687,-1.2169989,-0.81229526,-1.0609782,-0.5595294,-0.4663293,-0.8477937,-0.042136177,-0.65399224,-1.0440224,0.8391526,0.34842175,0.3919839,-1.2412889,0.058118567,-0.8440293,-0.30489972,0.86339223,-1.025775,-0.32268488,1.4430468,0.39014333,0.7384343,-1.1312357,0.42017832,1.393723,-1.1466317,-0.61849165,1.1127725,0.35812658,-0.11145374,-0.2613339,0.3212161,0.37982976,0.11674319
M2|C00103,-0.2991194,-0.9424847,-0.08790477,-0.42102697,0.37628478,-0.9056664,-0.95668364,-0.21626836,0.92429113,0.70169103,-1.1464876,-0.9128245,-0.6200237,-0.8198999,-0.3115601,1.040384,0.6960048,-0.40290534,-0.7650277,-1.4058367,-0.5914958,-1.0260866,0.30656695,-0.36910504,-1.134451,0.9140621,0.47484934,-0.26097402,-0.577173,1.2691374,0.91298693,-1.6705354,0.64761055,1.3471841,2.886057,-0.18145058,-0.52512735,0.12511551,-0.80185467,1.0766304
M2|C00104,-0.037005827,0.071198456,-0.25611418,1.3390383,1.0177329,-0.6267216,-0.9541831,-0.29098338,0.055208538,1.3555806,-0.111108825,-0.76321423,0.7599179,-0.47991067,0.34277713,0.34459102,0.838969,-0.93748677,-1.0071778,-0.0025916994,-0.80483747,-0.6545911,0.3551508,-2.214116,-0.34157264,0.109960854,-0.07457504,0.10595813,-0.38122937,-1.0189042,1.1993854,-0.78049296,-0.18135242,0.26589423,-0.006271869,1.0536466,0.4363991,0.34287614,0.88287485,0.1825431
M2|C00105,-0.51000464,-1.0403253,-0.073919505,0.23363756,0.11484408,-1.2958422,-0.88153255,-0.41195065,1.4561892,0.10470363,-0.40833813,-1.3306458,-0.5875696,-1.5979505,-0.81388545,1.3300537,1.0934654,-0.57790697,-0.84911317,-1.5271881,-0.5060565,-1.5450352,-0.22891329,-0.9351303,-1.2275238,0.95360714,0.7314425,-0.90892184,-1.7111994,0.9936468,0.9970974,-1.9502308,0.8569885,1.3408867,1.9373931,-0.9995154,-0.9089261,0.402048,-1.4608449,1.1724848
M2|C00106,-0.025723651,-0.3808074,-0.43424615,0.8781864,1.2264966,-0.257312,-2.1438189,-0.5563978,-1.6966635,0.7128968,-0.6900399,-0.040212914,0.9972786,-1.0318377,-1.1694423,0.3368352,1.1027809,-0.4767301,-1.0429006,-1.4219502,-0.9856765,-0.32058308,-1.1921896,-1.3469791,1.0982246,0.4614556,-0.2672401,0.8910756,-0.41195023,1.1626874,1.1942081,-1.4356742,-0.7019279,-0.3497432,0.91841424,-1.1033537,-0.28831843,0.51581097,-0.022135794,1.3708045
M2|C00107,-1.0647644,-0.5587572,-0.50531536,0.95614576,1.8650043,-0.71103185,-0.40316406,-1.334948,-0.5050912,0.7100477,-0.7521359,-0.03254673,1.5389484,0.022717804,-0.19986174,1.6147363,0.04430487,-0.6573475,-1.0858206,0.13420157,-0.70010686,-0.3640978,0.82199603,-1.6160872,0.9051794,0.9411486,1.1124871,0.14979532,-1.3111236,0.5404124,1.0139074,-0.3211198,-0.4604721,1.4891307,-0.1841221,-1.1577613,0.98524845,0.36583817,-1.0566931,0.2922526
M2|C00108,-1.2744789,-0.66883224,1.0754596,-1.179899,0.76494956,-1.0235794,-1.4324822,-0.59904736,-0.80844706,0.10237633,-1.8282655,-1.4729807,-0.7342601,-0.18508387,-0.79752344,0.22343692,-0.093405664,0.3617141,-1.6605619,-1.2802162,-0.06688719,-0.00033792853,1.7067777,-0.31728265,0.05843883,0.8724806,0.36756462,1.2083449,-0.46303755,1.2480115,0.87337554,-0.41926646,-1.5059576,1.301283,1.3200991,1.2661945,0.14412464,-0.36146528,0.68556935,0.776533
M2|C00109,0.03250827,-0.18590203,-0.23598176,0.73021305,0.95173377,-0.6158289,-1.4075434,-0.29478467,-0.21160999,1.5997887,-0.5727725,-0.8057426,0.39855212,-0.31971076,0.038358256,0.2909728,0.8489895,-0.6444339,-0.90248704,-0.3419401,-0.6833211,-0.79476863,0.33188504,-1.8555098,-0.3171811,0.27681136,-0.32020694,0.0054936856,0.22794887,-0.7030398,0.93081284,-0.73424214,-0.38263804,0.20920345,0.30133638,1.3696178,0.5811906,0.26824355,1.1951038,0.31070098
M2|C00110,-0.10280949,0.43653995,-0.30401203,-0.22061795,1.0167449,-0.9212209,-1.487832,-0.33881885,0.36802322,0.7637454,-0.17165007,-0.10159236,-0.027453855,-1.1280599,-0.59386444,0.964063,0.68111575,-0.7426131,-0.8449059,-1.592848,-1.0643378,-0.5577555,-0.58539295,-0.39240125,-1.0680374,0.44403553,0.6072736,-0.06989327,-1.0806404,0.80204225,0.5028555,-1.1736887,0.14909263,0.62938887,2.2101874,-1.0481648,-0.23090062,0.54295456,0.088896446,0.9915186
M2|C00111,-0.44310686,-0.60407376,-0.40859243,0.4278468,0.5191834,-0.9757019,-0.31935,-0.5755882,1.4025972,0.55299664,-0.57567847,-0.9265294,-0.28947198,-0.9240745,-0.022784952,1.2583961,0.6279646,-0.6828286,-0.5123037,-0.9584447,-0.65796137,-1.185844,0.50983024,-0.7544814,-1.3226211,0.94497985,0.82197386,-0.28505215,-1.1887971,0.85395664,0.9948508,-1.4406493,0.88071305,1.5874307,1.8207177,-0.6747601,-0.3605176,0.47709537,-1.3871348,0.7691157
M2|C00112,-0.5175352,-0.81686825,0.52307075,0.7541125,0.9598734,-1.292691,-0.5004053,-0.6650889,0.43795356,0.109574966,-1.5835897,-1.2189922,0.07492818,-0.18761028,-0.5982208,0.5811304,0.8440557,-0.12575556,-2.0574093,-1.7420244,0.16114506,0.4883532,0.8003666,-0.7481513,-0.08743339,0.0033210404,0.45375085,1.0535258,-1.1171167,1.1031954,1.3186018,-0.22906446,-0.8187947,1.0662552,0.5221558,0.8183036,-0.21639894,-0.09519972,-0.32954782,0.93297994
M2|C00113,-0.45055673,-0.3402976,-0.14132316,0.43638006,0.73386574,-0.82670987,-0.6029981,-0.7780051,-0.51153123,0.636816,-0.72818923,-0.8155253,0.73473924,-0.6462393,-0.667673,0.7194862,0.38769072,-0.28090307,-0.9887837,-0.5588555,-0.901572,-0.48747504,0.28388393,-0.68583244,-0.3394484,0.8330394,0.34904802,0.731107,-0.4937717,0.39659408,0.71567184,-0.46406275,-0.57942545,0.59503114,0.6678825,0.41595492,0.09139216,0.35902733,-0.055842947,0.6422763
M2|C00114,-0.3965097,-0.699724,-0.33895472,0.55481154,1.7682315,-0.60853636,-0.8175761,-0.6706883,-1.1421535,1.0852097,-1.1073261,-0.2604435,1.5128366,-0.29873806,-0.19513926,0.84800005,0.11271744,-0.5836883,-1.18867,-0.66609967,-0.84883416,0.079224296,0.0427986,-0.6777328,0.53300816,0.7833206,0.58557755,0.82249665,-0.51167035,1.1120064,1.0907038,-0.40983874,-0.9223693,0.84420115,1.0060107,-0.45708296,0.48886606,0.5387373,-0.18255512,0.9336245
M2|C00115,-1.2652783,0.19180843,-0.23752987,0.33553612,0.2611351,-0.6855253,-0.49695727,-1.0986754,-0.8501115,-0.447544,0.022948503,-0.80261445,1.0040445,-1.1871587,-1.3376626,0.6144193,0.70258486,0.31352028,-1.1977608,0.5093783,-1.2493944,-0.8122398,0.41136795,-1.1112919,-0.69816977,1.2153407,0.2829091,0.93245316,-1.2686077,-0.031954482,1.3383037,-1.0372756,-0.8191133,0.7977775,-0.13142963,-0.2453461,-0.6414464,0.5083892,0.41579694,-0.2820196
M2|C00116,-0.12360575,0.72360796,-0.84953225,0.7901588,0.66288805,-0.665838,-1.1766515,-0.6632265,-1.0702679,-0.43910304,0.4317603,-0.8188298,0.49099925,-0.6390484,-1.1587077,1.4793409,1.1161397,0.083910145,-1.2356641,0.31291813,-2.0076373,-0.6767379,-0.3601814,-0.7600578,-0.60701764,1.7325987,0.053728156,1.3442563,-0.6792845,-0.5399417,1.6487515,-0.5874207,0.5090052,0.8786258,1.1334373,-0.025472,0.85192466,0.47771615,0.60179996,0.13712043
M2|C00117,-0.3316432,0.028037481,-0.7433981,0.57191384,1.6057885,-0.7986262,-1.3277776,-0.8810704,-0.7584579,1.0246091,0.016385585,0.045030802,0.786245,-0.4099176,-0.30515897,1.4677163,-0.024294216,-1.0125957,-0.51013994,-0.6093414,-1.4636922,-0.32657892,-0.0016125813,-0.5452831,-0.6069231,0.68706375,1.0744225,0.49067023,-0.80681187,0.41374683,0.2261124,-0.34765702,0.02197887,0.5729142,0.7593533,-1.1570343,0.53407145,0.6490277,-0.34677067,0.715271
M2|C00118,-0.025111437,-0.1828523,-0.29861724,1.0251628,0.9849683,-0.6819825,-1.0546765,-0.4120363,-0.12503844,1.4797667,-0.41646975,-0.8112143,0.56188816,-0.39455646,0.08995686,0.34900334,0.75109196,-0.7558598,-0.8733394,-0.112544306,-0.76422715,-0.82340604,0.33885834,-1.90133,-0.4213183,0.39204636,-0.08810331,-0.038083643,0.029382363,-0.906219,1.0106367,-0.6440854,-0.3315714,0.31467128,0.033577994,1.1626993,0.6224925,0.3818521,0.9535986,0.16660255
M2|C00119,-0.4749473,-0.63524806,0.15072009,-0.6735158,0.7713266,-0.71740043,-0.55622303,-0.98977596,-0.4996157,1.5840371,-1.235314,-0.7593173,0.74728256,-0.29459262,-0.41959482,0.8021122,-0.017210942,-0.040408045,-0.94229746,-0.40878695,-1.0838974,-0.62334716,1.2589698,-0.36351264,-0.22263809,0.9132365,0.3907203,0.71896875,0.10444679,0.71866196,-0.091716275,0.070808664,-0.96640927,0.7736344,0.9848153,1.2868999,0.6954555,-0.32383204,0.1570468,0.43249556
M2|C00120,-0.1963375,0.6326346,-0.66783035,0.58459234,0.32594806,-0.44570762,-2.062231,-0.554716,-1.4368972,-0.1479159,0.16410948,-0.52889776,0.28237298,-0.88695484,-1.1548026,1.1428173,1.4828876,0.3486419,-0.90068305,-0.36117953,-2.195372,-0.59136313,-0.5059649,-0.8820534,-0.40116018,1.3919082,-0.4754681,1.4475297,-0.3701752,-0.07317376,1.4752718,-1.2840097,0.4338194,0.23895155,1.3931906,0.051830262,0.29619485,0.3718754,0.7701097,0.39218545
M2|C00121,-1.31672,0.20978898,-0.23421404,0.56859475,0.22233444,-0.5772435,-1.437414,-0.6739025,-1.1482955,-0.89980793,-0.21663384,-0.85493124,-0.10260713,-0.92794627,-1.2284652,0.6759903,0.72263414,0.39594248,-1.1805385,-0.1064512,-0.8099814,-0.3185807,0.33287287,-1.2996885,-0.31038713,1.3483258,0.17639092,0.7970723,-1.3227686,0.3860433,1.682381,-1.5688949,-0.468116,0.80411077,0.0918087,-0.49978927,-0.6499963,0.5845539,0.32485965,0.2642308
M2|C00122,-0.6348625,-0.63317084,-0.37836877,0.5183583,1.7901387,-0.46239245,-1.4624647,-0.68196046,-1.1529416,0.6964407,-1.0921336,-0.23089615,1.0682517,-0.3332672,-0.4390065,1.1675913,0.38968402,-0.637402,-0.9015076,-0.84958845,-0.697955,-0.018271536,-0.030171737,-1.3279035,0.6773133,0.56167537,0.32629645,0.6318816,-0.55218846,0.9553182,1.071021,-1.0358467,-0.6294369,0.75574946,0.74177843,-0.9982896,0.32363296,0.4496081,-0.2713957,0.8909371
M2|C00123,-0.6674164,0.64617664,-0.48452073,0.5559893,0.8572746,-0.53411245,-1.3741568,-0.6612476,-0.99273705,-0.32640108,-0.093012094,-0.78713,0.10624784,-0.48386416,-0.81681424,1.5385091,0.568368,0.018944643,-0.92205477,-0.13090393,-1.5449704,0.16794243,0.06470218,-0.6919604,-0.3436783,1.5864303,0.15735821,1.1827863,-0.45385084,-0.2743362,1.3658658,-0.65756774,0.4996695,0.93563443,1.2259561,0.48339513,0.51163405,0.45019352,0.48444498,0.33888152
M2|C00124,-0.29011345,0.3559262,-0.4896972,1.9769697,0.99367404,-0.73791337,-0.55177927,-0.6586911,0.41277888,1.0636379,0.32247508,-0.5088334,0.9825312,-0.5552664,0.13270661,0.48778045,0.90915316,-1.012093,-1.1192744,0.48581094,-0.7115215,-0.9465278,0.4497773,-2.6940632,-0.036440425,0.35131052,0.2655427,-0.30606368,-1.0743431,-1.3453405,1.3379338,-0.5799033,0.040777355,0.48735237,-0.895864,0.5333274,0.5812023,0.49180013,0.19269356,-0.055858195
M2|C00125,-0.92370844,0.054663144,0.062620796,1.6754073,1.106463,-1.4357638,-1.6453761,-0.29831725,0.29448876,-0.24822438,-0.20199206,-1.1265048,-0.20323798,0.24249086,-0.47402224,0.42848328,0.6583548,-1.4502255,-1.6899096,-1.2567743,0.28547272,-0.08681789,1.2222447,-1.5825802,0.56961656,-0.18046546,0.34164083,0.40290242,-0.9730261,-0.12901089,1.7591566,-0.41623402,-0.12125212,1.0933229,-0.46527565,1.0486917,0.39880764,0.82006454,-0.044358436,1.1688921
M2|C00126,-0.5809417,0.28228068,-0.29204783,1.1185777,0.7912004,-0.73263717,-0.41322556,-0.96129566,-0.3397776,0.1655037,-0.08574039,-0.68342614,0.74466306,-0.9943443,-1.2068279,0.84110343,0.4756185,-0.7850451,-0.9175215,-0.17584397,-0.73826605,-0.8592455,0.118038416,-1.378352,-0.10772895,1.0040419,0.47897327,0.40597874,-1.3971554,0.08321537,0.79382145,-0.5045657,-0.0308242,0.66394216,-0.15567581,-0.273262,-0.037834704,0.6544118,-0.936598,0.56287885
M2|C00127,-0.5472834,0.2361621,-0.30411628,1.0975978,0.7700706,-0.72608757,-0.48743314,-0.92380273,-0.35973766,0.15606092,-0.15308481,-0.66454494,0.71289474,-0.98741186,-1.1829423,0.773897,0.4930968,-0.71985257,-0.92532575,-0.2526524,-0.7274547,-0.7978611,0.06264727,-1.3541836,-0.101402394,0.96905535,0.44476765,0.41325152,-1.3104862,0.11451889,0.81364155,-0.5522256,-0.064455405,0.6092662,-0.090372935,-0.2669593,-0.06395754,0.6562103,-0.85492796,0.61449504
M2|C00128,-0.46044344,-0.24073187,-0.109987795,0.45474273,0.723679,-0.7944181,-0.6395625,-0.7340149,-0.5019672,0.5231378,-0.76792395,-0.77108216,0.58169246,-0.6506398,-0.69380003,0.6996538,0.22442326,-0.4029394,-0.89478487,-0.6051179,-0.8653033,-0.41330603,0.32015795,-0.7946194,-0.25210392,0.851458,0.38144195,0.71627855,-0.5365993,0.39354852,0.6862924,-0.5245267,-0.46575433,0.60531133,0.71140057,0.41623437,0.077189416,0.42174435,-0.21414089,0.7529098
M2|C00129,-0.36408114,-0.03205531,-0.26829088,1.5190903,1.1517509,-0.690227,-0.98275506,-0.31052822,-0.050311543,1.043099,-0.23501553,-0.8067684,0.30583924,-0.33042714,0.22803015,0.51844317,0.79931605,-1.0376644,-0.8224547,-0.10532029,-0.45107508,-0.5383675,0.35727873,-2.2415576,-0.32770926,0.48188758,0.0041112565,-0.2309947,-0.32812613,-1.023223,1.3913277,-0.8624735,-0.19228226,0.39402592,-0.44501394,0.79842865,0.66580683,0.52854556,0.7668903,0.07080449
M2|C00130,-0.5995773,0.38563296,-0.38386822,-0.59781796,0.74118,-0.4100654,-2.0357842,-0.49595672,-1.2056254,0.49736878,-0.3557338,-0.5718821,0.22104123,-0.5603802,-0.94341534,1.3500644,1.3045822,0.23217434,-0.85453755,-0.3610131,-2.0774906,-0.56204516,0.044644453,-0.41854966,-0.47708732,1.2403502,-0.47918636,1.4128325,0.3796693,0.24796312,0.9409584,-1.1097085,-0.03117846,0.34943396,1.9257673,0.7434361,0.5751006,0.14619331,1.1614405,0.35186648
M2|C00131,-0.46044344,-0.24073187,-0.109987795,0.45474273,0.723679,-0.7944181,-0.6395625,-0.7340149,-0.5019672,0.5231378,-0.76792395,-0.77108216,0.58169246,-0.6506398,-0.69380003,0.6996538,0.22442326,-0.4029394,-0.89478487,-0.6051179,-0.8653033,-0.41330603,0.32015795,-0.7946194,-0.25210392,0.851458,0.38144195,0.71627855,-0.5365993,0.39354852,0.6862924,-0.5245267,-0.46575433,0.60531133,0.71140057,0.41623437,0.077189416,0.42174435,-0.21414089,0.7529098
M2|C00132,0.634642,-1.4328054,-0.5125056,0.13005634,0.37365872,-0.89450717,0.40843123,-0.21438694,-0.5235391,-0.4797161,-0.6805405,-1.7697954,0.3428265,-0.9745269,-0.069091655,2.1864252,1.0628469,0.31575403,-1.1428547,-1.4077866,-0.62731785,0.013974123,0.35802054,-1.2812966,-0.11048433,0.44244945,0.4620847,0.3841558,-0.3003656,-0.009107515,0.33948058,0.109884724,0.1085486,0.22413504,0.9402249,0.9531479,1.373624,0.25170794,-0.73337656,0.9659302
M2|C00133,-0.71361566,-1.1116376,-0.7033485,1.4659036,0.80682456,-0.7063979,0.2384919,-0.94863117,0.091263235,0.7617184,-0.8838895,-0.89646244,1.03158,-1.0147041,0.3152882,0.9928548,1.19651,0.45367274,-1.0354016,0.11507203,-0.88508135,-0.6394493,0.8549426,-0.9405204,-0.54845893,1.0270133,0.943383,0.7977854,-0.97775257,0.58359677,1.2017297,-0.30836648,-0.61258,1.192902,-0.8145851,-0.5111536,0.41434267,0.27178437,-1.3317671,-0.03488013
M2|C00134,0.01482448,0.012302101,-0.7921515,0.4367463,1.5932862,-0.82803017,-1.7654406,-0.7550721,-0.9672133,0.7093425,-0.36999688,0.07535285,0.42215195,-0.18060236,-0.47459704,1.2961915,-0.06409879,-1.0405442,-0.6291882,-0.93967223,-1.229969,0.20641822,-0.18969525,-0.86260235,-0.6519752,0.41387367,0.88903296,0.52840674,-0.50841755,0.5211612,0.46957827,-0.6334282,-0.10554911,0.7896789,1.0044146,-1.1026173,0.11022638,0.59813017,0.08552911,0.9355296
M2|C00135,-1.5564611,-0.037387043,-0.29378575,0.24088275,0.3345291,-0.7211604,-0.6605032,-1.0944604,-0.59832346,-0.16017237,-0.08657624,-0.69750196,0.5888341,-0.5559375,-0.88047326,1.143332,0.5200082,0.3100995,-1.2292719,0.6387875,-1.141576,-0.860251,1.1809226,-1.1114857,-0.4204474,1.5028993,0.6325557,0.5343985,-1.3590306,0.22753656,1.1515479,-0.9318019,-0.40877134,1.2233123,-0.18037827,-0.18401721,0.018495623,0.3695163,-0.00486698,-0.26092222
M2|C00136,-1.5662653,0.14755034,0.04582309,0.08575863,0.37625062,-0.8216294,-0.7232415,-1.1132822,-0.80696255,-0.5714086,-0.36955887,-0.8779874,0.095323324,-0.50087,-1.0876586,0.9729516,0.103919275,0.34513605,-1.3436176,0.45015162,-0.7019573,-0.44166237,1.2567945,-1.1009611,-0.32178313,1.6589632,0.65265954,0.5085715,-1.4237673,0.24303591,1.2770493,-0.77567124,-0.62515044,1.5053648,0.0099161565,0.006981209,-0.026291888,0.24176815,0.13763177,-0.10855946
M2|C00137,-1.1022694,-0.6051145,-0.5629845,1.2450521,2.0977426,-0.77564204,-0.08652434,-1.1390448,-0.4675383,0.38912064,-0.76677644,-0.3210455,1.3602256,0.10178056,0.017796256,1.5384578,-0.32124516,-0.8814284,-1.1745589,0.17165177,-0.52403486,-0.076087914,0.6577998,-1.4485542,0.62343544,0.89108175,1.3499697,0.2790502,-1.2681273,0.35785425,1.3583935,-0.32978666,-0.360139,1.5788108,-0.074093,-1.3021034,0.89660954,0.7908196,-0.98852515,0.34437692
M2|C00138,-1.2984588,0.17491257,-0.3475181,0.8728561,0.60442317,-0.9195193,0.0013470575,-1.168693,-0.58280754,-0.4282649,0.43411708,-0.6537225,1.1374842,-1.0174932,-1.1023676,0.90896547,0.7430777,-0.17119512,-1.3404816,0.7447523,-1.1478082,-0.99610436,0.64409167,-1.4656969,-0.3949843,1.1656927,0.7987085,0.5569985,-1.743245,-0.19845033,1.3831186,-0.73517853,-0.40900788,1.0117286,-0.5071,-0.7669393,-0.34173453,0.33395287,-0.2707576,-0.30274794
M2|C00139,-1.0068095,0.07368822,-0.31694925,0.44672093,1.8179247,-1.3106754,-1.3159834,-0.6678109,0.3521298,0.58780813,0.0045055896,-0.39061075,0.45067278,0.35910422,-0.8840168,1.0563467,0.026328059,-1.9091201,-1.3927598,-1.0991385,-0.03079851,-0.8114763,0.8423304,0.072224066,0.20941167,0.4124771,1.2928467,0.63630825,-1.1719639,0.76063216,0.73947155,0.47463804,-0.10364945,1.5509921,0.3335188,-0.69650865,0.6975214,0.9792914,-0.45648605,0.95984507
M2|C00140,-1.1710513,0.68150586,0.46516135,0.46149975,1.0963494,-1.1664732,-1.3878773,-0.6271919,-0.58856535,-1.0190455,-0.51030743,-1.2389178,-0.14733803,0.38389224,-0.8238516,1.5163492,0.41649398,0.034519516,-1.8786176,-0.8366865,-0.3743323,0.42973995,0.8101457,-0.74476194,0.03981792,0.9136718,0.15167485,1.1071543,-1.4901792,0.21768954,1.6705337,-0.4008441,0.15207852,1.2561564,0.9562219,0.6734234,0.6825301,0.77265537,0.1828466,0.75170445
M2|C00141,-0.20809726,0.22168162,-0.26514077,-0.012805514,0.9054347,-1.2697945,-0.44973502,-0.957118,0.6269347,0.6529351,-0.07933502,-0.5513259,0.26902455,-0.6263505,-0.79912245,1.3963492,0.21234079,-0.99822253,-0.7264547,-0.9939244,-0.8282836,-0.855118,-0.037023768,-0.29781625,-1.1547998,0.9797832,0.7698496,-0.15401986,-1.2194703,0.4530968,0.33726,-0.5347582,0.37525284,1.2612277,1.6856747,-0.5120233,0.19645657,0.39401388,-0.4844824,0.6536852
M2|C00142,0.12695535,-0.3284513,0.37210575,-0.27146247,0.7742196,-0.78551453,-1.6982764,-0.507548,-1.1288804,-0.24904346,-0.6350832,-0.63045967,0.19034004,-1.1104,-1.3002156,0.22543299,-0.011246652,-0.5572353,-0.4737668,-0.89929754,-1.3185288,-0.50728273,0.018895112,-1.664142,-0.17867464,-0.18440226,-0.092661455,0.21909672,-0.0067219436,0.19766891,0.9641432,-1.3973056,-1.2296866,-0.07500291,0.5217908,0.052579038,0.37131733,0.8642956,0.4357283,1.0031078
M2|C00143,-0.0061820447,0.26055625,-0.35080093,-0.09938177,0.8643401,-1.2612855,-1.5405675,-0.60221815,-0.1468601,0.68846524,0.08284883,-0.21343488,0.1708822,-0.6598791,-1.1922363,1.1228889,0.28911686,-1.2170019,-0.8981844,-1.3705105,-0.90061176,-0.7745675,-0.60069627,-0.41817188,-1.068909,0.39385116,0.67120636,-0.1192565,-1.1500765,0.7664485,0.17195399,-0.6604819,0.06361239,0.7959984,1.8588156,-1.0728595,-0.5643779,0.61034465,-0.08586037,1.173226
M2|C00144,-0.2804355,0.18474036,-0.46812874,1.3526791,0.94515765,-0.8043028,-0.25811258,-0.7015378,0.0180665,0.84677243,-0.0485885,-0.6434759,0.91369164,-0.51384515,-0.2691306,0.56873584,0.6021811,-0.83408463,-1.0815611,0.30956638,-0.6231643,-0.8573698,0.45023596,-1.8750273,-0.17497484,0.6970939,0.32809407,-0.009505495,-0.72258246,-0.86632466,1.1371877,-0.21550207,-0.23877688,0.7229874,-0.28887355,0.73915744,0.58258736,0.4378423,0.1557034,0.13806891
M2|C00145,-0.25771117,-1.0807402,-0.28397328,-0.052123033,0.7408853,-0.5047389,-0.7415355,-0.79232997,-0.40370417,1.567082,-1.3726214,-0.84482026,0.5404811,-0.9485003,0.15890238,0.40051892,1.1818061,0.5825042,-0.9871698,-0.68684715,-1.237321,-0.5544185,0.9279375,-0.2455871,-0.3443101,0.74983835,0.28656903,1.2070014,0.3169455,1.0852437,0.44283593,-0.24541518,-1.1537676,0.53643125,0.5767249,0.4230644,0.5044774,-0.44019008,-0.102203935,0.34692803
M2|C00146,-1.2779915,0.036498696,0.97694963,-0.63815475,0.6565915,-1.0343573,-0.5740639,-1.1163073,-0.77118164,-0.27994972,-1.4857146,-1.2427422,-0.4598903,-0.34531206,-1.0475533,0.48364264,-0.57310176,0.21844485,-1.4214101,-0.48544383,-0.042205825,0.24539801,1.6494497,-0.7326051,-0.0061499774,1.540739,0.5196791,0.6815574,-1.0413641,0.69883406,0.89550924,-0.025832437,-1.3711718,1.7083486,0.67016804,1.1461185,0.27980876,-0.41217428,0.2294608,0.5485778
M2|C00147,-0.46578,-0.60749286,-0.5282221,1.0913769,1.8337404,-0.67801136,-0.54247737,-1.094317,-1.0626155,0.7035918,-0.476902,-0.13659015,1.8545344,-0.30026463,-0.51482975,1.2084005,0.16116673,-0.76711476,-1.249928,-0.15779316,-0.75842315,-0.3541897,-0.010399625,-1.2446547,0.71785337,0.5665048,0.6723871,0.43073046,-1.0589175,0.744549,1.2262573,-0.46768183,-0.6432364,0.9632625,0.39402166,-1.3681577,0.5198204,0.6155428,-0.5426823,0.45856547
M2|C00148,-0.59939003,0.44175416,-0.23674843,0.054579005,1.2719349,-0.8294176,-0.49783352,-0.7639622,0.6561031,0.8048521,0.16418831,-0.090880066,0.11931989,-0.6471728,-0.33807847,1.6283954,0.20351976,-1.0494871,-0.78810513,-0.577504,-1.1919367,-0.8565849,0.32294834,-0.5865479,-1.3470552,0.7848638,1.2000678,-0.34401527,-1.7090265,0.6603105,0.5436163,-0.8108739,0.71630615,1.1903137,1.5342625,-1.2073423,0.10150099,0.6701343,-0.6652023,0.40346602
M3|C00001,-0.6110203,0.5708956,-0.4118365,0.027391281,0.6730977,-0.56786793,-1.1841127,-0.82375294,-1.0512463,0.376181,-0.10538152,-0.6690618,0.61746156,-0.32158396,-0.85520226,1.363201,0.7418361,0.13377906,-0.9331845,0.08653807,-1.8727198,-0.5740835,0.15383607,-0.41755483,-0.6229169,1.4340804,-0.1470649,1.1971605,-0.08278949,-0.031541813,1.0105256,-0.7123159,0.06027098,0.5982771,1.481673,0.6827869,0.5994046,0.4133441,0.8980987,0.1865415
M3|C00002,-0.64515483,-0.06879757,0.5819517,0.6649766,0.9980653,-1.4681482,-2.427782,-0.36671743,-0.3055248,0.59483755,-0.6493907,-1.1448334,-0.535897,0.5032573,-0.5483512,0.09916369,0.38828522,-1.4505483,-1.4279833,-1.8826303,0.4173825,0.10951313,1.4163957,-1.1304015,0.77029854,-0.22419703,-0.29035753,0.43796897,0.1464711,0.054683533,0.99074227,-0.08256694,-0.7417419,0.8097534,0.33627197,2.261175,0.53802156,0.18117893,0.9437705,1.322037
M3|C00003,-0.034728393,-0.94723344,-0.026097998,-0.6044705,1.4392867,-0.44170672,-1.6919144,-0.585533,-1.5482396,1.660809,-1.4573777,-0.33902958,0.9125751,-0.32727826,-0.54424244,0.55576324,0.061288208,-0.36572817,-0.91698444,-1.1515511,-1.169056,-0.1749888,0.04746111,-0.2750657,0.5554852,0.6447219,0.10587607,1.0585531,0.5822229,1.3907137,0.34760752,-0.5865364,-1.1881958,0.2767557,1.9110109,0.16114426,0.61777294,-0.04641388,0.55086386,1.0931756
M3|C00004,-0.43328336,-1.1337174,-0.04718979,0.19230531,0.9156316,-0.683009,-0.15772322,-1.189641,-0.39190024,1.6211333,-1.1382895,-0.86961514,0.65443194,-0.68734527,0.04327426,0.61233777,0.9048887,0.37111565,-1.1080521,-0.31307948,-1.2293869,-0.8766587,1.225614,-0.38831702,-0.36961696,0.858127,0.54101735,0.9724826,-0.053268123,0.9619337,0.37337694,0.014192356,-1.0293717,0.63087577,0.42765424,0.4297602,0.6040454,-0.5786209,-0.39285153,0.06496499
M3|C00005,-0.36482757,-1.076592,-0.48713142,0.4855933,0.59204733,-0.49539918,-1.07643,-0.58320224,-0.4328196,1.0854516,-1.253075,-0.8336083,0.51981413,-1.1003091,-0.026933389,0.66508776,1.4494737,0.53532535,-0.86735827,-0.69140714,-0.9399993,-0.605223,0.55314726,-0.7451125,-0.3464462,0.7892332,0.18313208,1.0137482,-0.16475037,1.0261829,0.82098615,-0.695636,-0.89305353,0.71116054,0.10299543,-0.024675816,0.20672862,-0.06474741,-0.56210816,0.49713045
M3|C00006,0.98589724,-1.5323861,-0.43604514,-1.6222942,0.70090336,-1.0090636,-0.05293069,0.36171234,-0.8016427,0.5967699,-1.3831282,-1.2413179,0.44255683,-0.73899037,0.26689714,1.7103724,1.3438141,0.77221173,-1.3564242,-0.97716177,-1.6300529,-0.8448107,0.8218498,-1.0530788,-0.59299666,0.39138296,0.118021965,0.25230458,0.7393523,0.4793713,0.11423139,0.10037337,-0.42176875,-0.11184684,2.5376365,1.9042338,1.6351494,-0.21130581,0.15469866,1.5151854
M3|C00007,-0.2290738,-0.8439275,-0.33718443,-0.0063452832,1.643585,-0.4445792,-1.5151411,-0.7987692,-1.403614,1.3343723,-1.1296024,-0.10038333,1.319594,-0.17318778,-0.4864833,0.9167663,0.3075161,-0.4021913,-1.1774759,-0.79487467,-0.97992885,-0.21440268,0.06946095,-0.8322951,0.75933963,0.49257952,0.18236619,0.7077998,-0.07204221,1.2399462,0.77139074,-0.70700794,-0.95773137,0.55070674,1.2431316,-0.68802017,0.5958608,0.17061478,0.22264935,0.80058795
M3|C00008,-1.4487578,-0.043932356,0.05317526,-0.23430336,0.40652886,-0.70850885,-1.0217335,-0.84183407,-1.0087945,-0.28239214,-0.52035314,-0.8818348,0.0791431,-0.49379477,-0.83703643,0.97138846,0.16253337,0.38866568,-1.2218832,0.23430057,-0.9675151,-0.33698916,1.2352856,-0.8383444,-0.45432886,1.4233025,0.46164578,0.7892114,-0.9627428,0.45898134,1.1831604,-0.94197595,-0.6609126,1.2224613,0.5000783,0.19559519,-0.07331765,0.19256198,0.46663293,-0.027207632
M3|C00009,-0.33090883,-1.1174619,-0.3189288,0.74826795,0.8363735,-0.66973805,-0.4206506,-0.9559485,-0.5179535,1.0993795,-1.0075582,-0.86288786,0.6509183,-1.0426855,-0.052739877,0.5090585,1.3898319,0.47861972,-1.0869707,-0.6483942,-1.1230805,-0.64851505,0.37268826,-0.6253927,-0.41573802,0.60723305,0.38138792,1.096136,-0.17389238,0.9255629,0.91916263,-0.47441608,-1.010265,0.35661963,0.3122178,-0.12643641,0.068049386,-0.18708757,-0.2768548,0.17008379
M3|C00010,-0.68304414,-0.8624879,0.59892815,0.62158996,1.305057,-1.4419956,-0.27124617,-0.8709478,0.645959,0.14751372,-1.5930076,-1.240364,0.2605182,0.09178925,-0.6888289,0.6949642,0.5513466,-0.3424291,-2.2764342,-1.5742009,0.42429975,0.2657138,1.1057334,-0.6523306,0.335227,0.06958759,0.7194701,0.95511997,-1.2554561,1.1120489,1.287385,0.29363063,-0.9465406,1.4812363,0.35035875,0.8328474,0.20466988,-0.099172816,-0.49693382,0.91020954
M3|C00011,-0.3903142,-0.94989383,-0.06563263,0.0011954883,1.8891563,-0.403008,-1.0927994,-0.74135894,-1.3041884,1.4428669,-1.1053596,-0.1989278,1.2107021,-0.08661015,-0.19695124,0.9778122,-0.076972105,-0.56321585,-1.2199764,-0.58198935,-1.069268,-0.14462851,0.49666658,-0.7845523,0.92565304,0.72500604,0.63228935,0.75860363,-0.1984878,1.2448112,0.7836758,-0.43093374,-0.7862409,0.6549444,1.2421407,-0.49474198,0.94357675,0.01880896,0.011060281,0.76873314
M3|C00012,-0.24345246,-0.16815884,-0.17303917,0.9611811,1.0290751,-0.62504184,-1.279793,-0.39973834,-0.04514983,1.5193661,-0.44043633,-0.769268,0.27251503,-0.32903528,0.17596616,0.3350156,0.91808915,-0.8546611,-0.85124743,-0.2343907,-0.55068356,-0.74092394,0.51343757,-2.058492,-0.22621243,0.47927794,-0.13669547,-0.20148848,0.048502807,-0.8209475,0.99927235,-0.7948332,-0.3710724,0.32662803,-0.11945482,1.1143038,0.67635924,0.16022414,0.9596402,0.13581525
M3|C00013,-0.83637625,0.66026074,-0.46713963,-0.16957827,0.90235686,-0.5130601,-0.9270169,-0.9429505,-0.9893988,0.40503213,0.11990714,-0.66893166,0.7171877,-0.18204528,-0.70871496,1.855225,0.8489936,0.26310933,-1.0108832,0.6170368,-2.2638292,-0.65465885,0.5331885,-0.3602021,-0.64941144,1.8323766,0.04119548,1.18124,-0.0895057,-0.26919365,1.0076896,-0.49150047,0.44051155,0.80303556,1.4743152,0.7659149,1.1662469,0.2691569,0.88800365,-0.21750139
M3|C00014,-0.2895589,-0.8732972,-0.21865702,0.3455719,0.6411359,-0.5616757,-0.67644423,-0.7343225,-0.49003926,1.1547176,-1.1825116,-0.8347923,0.5291762,-1.0025096,-0.09952405,0.4533614,1.0680962,0.33513102,-0.94788736,-0.8500514,-1.0188732,-0.4534427,0.56823933,-0.49992645,-0.29705313,0.72794026,0.23033953,1.0900414,-0.06073134,0.9965699,0.59948826,-0.45353612,-0.95296067,0.42238352,0.5153521,0.2887601,0.1923459,-0.21394289,-0.2589502,0.56612843
M3|C00015,-0.4278968,0.5973979,-0.65337473,0.55568206,0.45952836,-0.44604534,-1.4365224,-0.7787677,-0.9940826,0.053444423,0.16741017,-0.6332341,0.31768456,-0.6961069,-0.9892639,1.2540468,1.0207555,0.19474062,-0.94102496,0.015229319,-1.9435228,-0.78761977,0.08619287,-0.9395634,-0.345717,1.490405,-0.01975341,1.1960438,-0.63362986,-0.22679889,1.133,-0.80736417,0.5085687,0.5028142,0.92765415,0.19214791,0.57511526,0.41245413,0.33126888,0.20703991
M3|C00016,-0.5991602,-0.8660656,0.13014705,0.18028906,0.7184515,-0.78291225,-0.60232335,-0.80472934,-0.3477208,0.89206934,-1.3499448,-1.0245681,0.2947445,-0.7510746,-0.46631852,0.53093415,0.5251049,-0.021349091,-1.0412242,-0.8297914,-0.55575705,-0.40658322,0.781974,-0.61206293,-0.19811393,0.9530996,0.4525462,0.8420337,-0.3997677,0.8765125,0.55282617,-0.3237905,-0.9931649,0.83025485,0.4922511,0.52840155,0.16600183,-0.21935292,-0.34733588,0.60846514
M3|C00017,-0.32049203,-0.9229193,-0.3957437,0.44355863,1.7639796,-0.58618456,-0.98688346,-0.8318936,-1.2498058,1.0763885,-1.0191283,-0.22100347,1.5224705,-0.1253922,-0.2284654,1.0258297,0.10077293,-0.4554577,-1.2047131,-0.54921526,-0.94116825,-0.10213433,0.060674164,-0.82962334,0.5407959,0.48676968,0.47706664,0.6849856,-0.3028857,1.0083884,1.055815,-0.6176721,-0.85491765,0.73749393,1.0875945,-0.8741932,0.56880707,0.41497362,0.09255651,0.6567724
M3|C00018,-0.6144161,-0.72075295,0.33360127,-0.31150043,1.8759415,-1.0655656,-2.0567904,-0.060450137,-0.16860002,0.6169085,-1.2180439,-0.8012321,0.06325416,0.3496986,-0.7826541,0.5946716,0.2474941,-1.5375965,-1.6912374,-2.1568265,0.21395731,0.061585583,1.024941,-0.2862061,0.8003204,-0.14071018,0.50289357,1.153506,-0.20505655,1.4255463,1.0705819,-0.2519129,-0.6554088,1.2065282,1.2336606,0.6609197,0.48113725,0.34010276,0.27456102,1.5538168
M3|C00019,-0.5405177,-0.78195393,0.012256879,-0.958807,1.6326952,-0.3912229,-2.1139853,-0.6019654,-1.3497288,1.5039976,-1.7174999,-0.34040347,0.6211548,-0.0074712373,-0.46862388,0.91699857,0.11178059,-0.3822284,-0.84237874,-1.1421188,-0.827187,-0.06890215,0.5776804,-0.5711889,0.81015795,0.6945601,0.009875312,0.890039,0.525407,1.3375846,0.2645943,-0.6547582,-1.0646877,0.7544719,1.6765323,0.19705898,0.7754458,-0.11870964,0.45001134,0.9877964
M3|C00020,-0.662348,0.812926,-0.24124615,0.028010607,0.7443022,-0.6179772,-0.98858756,-1.1510577,-0.78859776,0.14071862,-0.17292307,-0.64490336,0.5301536,-0.19153325,-0.9997566,1.627675,0.23000264,-0.024935827,-0.9922447,0.3287818,-1.6008614,-0.20611966,0.66938835,-0.65224737,-0.19505419,1.8782295,0.18562631,0.8784463,-0.5678901,-0.20424305,0.80827284,-0.069114596,0.121085405,1.3055061,0.9566941,0.9266868,1.0676378,0.107361294,0.27473426,0.2281773
M3|C00021,-1.2859656,-0.0017201066,-0.20911965,0.008850681,0.44820184,-0.71055925,-0.9295247,-0.8480485,-0.943867,-0.33808,-0.38132972,-0.8164396,0.2945106,-0.5513179,-0.95687664,0.95482177,0.30962133,0.2756174,-1.217303,0.26721635,-0.97891366,-0.41539663,0.84767324,-0.9197871,-0.52032316,1.400439,0.4345235,0.72600144,-0.99658585,0.30336565,1.1930202,-0.98797446,-0.55248266,1.0666322,0.31074283,0.017931396,-0.14263473,0.46194667,0.39440727,0.036239516
M3|C00022,-0.4885633,0.5400891,-0.54096353,0.30192187,0.66793805,-0.5872177,-1.002589,-0.6821873,-1.0410914,0.13674223,0.13567846,-0.683192,0.8941595,-0.6953515,-0.8313112,1.3848084,0.91431016,0.14301708,-0.9875477,0.07652272,-2.1608467,-0.4638771,-0.21400234,-0.3515697,-0.650498,1.5180548,-0.09652692,1.3006014,-0.25706816,-0.26935956,1.2368684,-0.66693884,0.22276488,0.40796202,1.3692986,0.5015566,0.6325066,0.49884123,0.87579834,0.14328225
M3|C00023,-1.1046431,-0.12259148,-0.0046962677,-0.11223064,0.5115678,-0.592214,-0.85904896,-0.91343915,-0.93680173,-0.04331895,-0.5005533,-0.7669331,0.3880221,-0.79087806,-0.93186456,0.6351148,0.5476417,0.3359924,-1.1716895,-0.052949756,-1.0628964,-0.47761434,0.8026659,-0.9703008,-0.46377707,1.0869153,0.31326246,0.9060828,-0.81557524,0.4430276,1.1817572,-0.9502999,-0.83935386,0.82117236,0.3905441,0.13150752,-0.24655905,0.22304983,0.5229608,-0.0017505646
M3|C00024,-0.011771816,-0.21675153,-0.35721007,1.1503143,1.0031787,-0.5862814,-1.4232832,-0.2571367,-0.11910371,1.3284006,-0.47722635,-0.75803035,0.31448007,-0.29586938,0.16319981,0.2300173,0.9449857,-0.70270103,-0.9558981,-0.34234136,-0.78421706,-0.6159491,0.08040766,-1.9694531,-0.42675942,0.09035166,-0.2821681,0.09105065,0.16276829,-0.8112068,1.2747158,-1.0989295,-0.19025123,0.007731595,0.21822628,1.0384673,0.32724613,0.47086063,1.1845276,0.27297205
M3|C00025,-0.19446933,-1.6488202,0.78847295,-2.9663067,0.22164944,-0.98014605,-2.161807,-0.21962242,0.6563737,2.0309477,-1.86293,-1.4459685,-1.0662794,-0.8541765,-0.44776487,1.0659416,0.44662866,-0.014115371,-0.70351344,-2.0389726,-1.0863504,-1.3377807,1.1425304,0.5083035,-1.2017176,0.86271846,0.06997319,-0.22227517,0.6872552,1.9348007,-0.636811,-1.3072232,-0.26610866,1.147015,4.0119543,1.2551403,0.03529135,-0.93195695,0.30900377,1.2761841
M3|C00026,-0.28921688,-0.82877755,-0.5156636,0.9181478,0.6909723,-0.63085926,-0.5345034,-0.8649898,-0.4203265,0.9880829,-0.7732201,-0.7531526,0.8435699,-1.2757624,-0.13804568,0.5157263,1.4388515,0.3044422,-0.9578488,-0.52661157,-1.1135879,-0.71636957,0.37499636,-0.7618623,-0.41924226,0.77084625,0.38706425,1.0217329,-0.4899055,0.8528287,0.8170116,-0.5012428,-0.82828414,0.50851214,-0.05100485,-0.3533203,0.016032614,-0.10132013,-0.60514414,0.3466801
M3|C00027,-0.29124317,-1.010321,-0.22815171,0.09047671,1.8305432,-0.3566646,-1.26168,-0.65185106,-1.481823,1.4494654,-1.0748566,-0.15944749,1.2187215,-0.1622366,-0.18873808,0.8351423,0.0854911,-0.4110891,-1.2448273,-0.688843,-1.1853266,-0.12164591,0.14227864,-0.6678375,0.8966082,0.609378,0.5393661,0.8990394,-0.057501838,1.2924378,0.93977135,-0.62895095,-0.8050149,0.42589253,1.4582226,-0.7087971,0.72371686,0.11338431,0.23412421,0.83353925
M3|C00028,-0.5706477,-0.56046295,-0.29324234,0.22388597,0.5314671,-0.9863604,-0.16857837,-0.7453742,1.7156663,0.6998986,-0.65784645,-0.9264215,-0.49378318,-0.7407628,-0.029981676,1.3239884,0.3694097,-0.57839954,-0.6559818,-0.66474193,-0.6415638,-1.3633798,0.8083748,-0.73572916,-1.316035,1.1912297,1.0132681,-0.44458237,-1.3068751,0.79971004,0.9009118,-1.2492225,1.0104078,1.8435286,1.9640002,-0.64796805,-0.18042193,0.29343855,-1.4712485,0.5797149
M3|C00029,-0.68716353,-0.21183875,0.24094133,0.98456466,1.1187468,-1.2773048,-2.2024796,-0.03254223,0.02572105,0.091123015,-0.62053686,-1.2859575,-0.5777565,0.31900072,-0.5055802,0.15750714,0.6279048,-1.3744949,-1.6554117,-1.7205215,0.3082366,-0.10478278,1.0983505,-1.1751914,0.56820095,-0.24094126,0.030105904,0.729836,-0.2582569,0.1400208,1.5712525,-0.45644927,-0.37567234,0.90123945,0.1720324,1.4612668,0.46890515,0.6099738,0.6326262,1.395411
M3|C00030,-0.3713214,-0.5887033,-0.2645014,1.1965575,0.6586076,-0.6954627,-0.66041887,-0.8377545,-0.40213233,0.44869483,-0.78761667,-0.7892622,0.48244178,-1.182698,-0.62754434,0.5739349,1.2968198,-0.034436785,-1.0466022,-0.93607306,-0.63763726,-0.52923524,0.10018991,-1.1530724,0.005105242,0.78062344,0.28860638,0.7707402,-0.9013132,0.7896111,1.0075574,-0.62823653,-0.6265905,0.49180487,-0.12537505,-0.31072426,-0.09125471,0.0010312721,-0.8064666,0.6988121
M3|C00031,-0.045232754,-0.6865497,0.16092856,0.056837823,0.7606716,-0.9713598,-0.704874,-0.6146907,-0.48926023,0.20040093,-0.66467094,-0.9703045,0.06848625,-1.0436329,-0.39746246,0.6212724,0.00937521,-0.38583755,-0.5571319,-0.67859954,-1.2327447,-0.48115006,0.63537425,-1.3166076,-0.6776538,0.370121,0.5829343,0.12183561,-0.1794535,0.040358525,0.71652204,-0.78976536,-0.88039476,0.33885166,0.6172135,0.27135026,0.6606424,0.36815885,0.041559655,0.6966546
M3|C00032,-0.31026435,-0.29715335,-0.029389292,0.043605763,0.61513776,-0.7154067,-1.1902788,-0.63957834,-0.7383171,0.723377,-0.97047967,-0.7500024,0.38832536,-0.6854148,-0.8709914,0.5272261,0.40580454,-0.27546257,-0.8515065,-0.9599614,-0.8724129,-0.431707,0.1842988,-0.6768647,-0.13475184,0.80005217,0.06361589,0.83531266,-0.17708212,0.6444132,0.4915143,-0.6727449,-0.6491363,0.41610417,1.0643656,0.6136448,0.044980276,0.20320344,0.10137277,0.95142055
M3|C00033,-0.28100342,-0.93168736,-0.39454708,0.29472142,0.5886678,-0.6424691,-0.5933332,-0.871815,-0.74164826,1.181111,-1.0683959,-0.7392857,1.1748432,-1.0287153,-0.46129557,0.58055013,1.444039,0.30235568,-1.036703,-0.73536545,-1.2853961,-0.76600623,0.16481937,-0.3392973,-0.48499322,0.775486,-0.012556796,1.141426,0.057281446,0.87193376,0.5610147,-0.50558406,-1.042761,0.24162853,0.42426518,0.30773586,-0.02061057,-0.15917425,-0.029220633,0.49856547
M3|C00034,-0.9900543,-0.5637852,-0.5939674,1.2010081,1.9394122,-0.67459774,-0.30182922,-1.1800611,-0.5681286,0.54442114,-0.70742756,-0.11510092,1.5256075,0.011103481,-0.15440613,1.5422549,0.0121467905,-0.6947282,-1.1282935,0.11370102,-0.66117436,-0.22805399,0.60303575,-1.647016,0.69964385,0.9075194,1.1582681,0.21901913,-1.33783,0.48724195,1.2187085,-0.5103849,-0.32055098,1.4018146,-0.15446664,-1.3544879,0.8238032,0.581607,-0.9831302,0.3314157
M3|C00035,-0.3299814,-1.1430398,-0.6227511,0.8927112,0.8614785,-0.83790994,-0.37415257,-0.8939977,-0.46544495,0.8349493,-0.90125054,-0.7938612,0.93984765,-0.8417103,0.07680731,0.6745928,1.3141496,0.3411955,-1.1903868,-0.5105916,-1.0454247,-0.49566498,0.27083212,-0.7037913,-0.64035773,0.43862304,0.42914334,0.98675203,-0.29897663,0.75475675,1.0519174,-0.659812,-0.9619213,0.60008115,0.16436103,-0.4044098,0.022292918,0.19682461,-0.24273306,0.3011915
M3|C00036,-1.2187395,0.39922467,0.52228254,-0.059721608,1.2175786,-1.0483712,-2.552147,-0.14926471,-0.3895692,-0.5836067,-0.86361617,-1.4424709,-1.0556097,0.71202904,-0.5650022,0.96098727,0.5993284,-0.2543038,-2.0415897,-1.4886489,-0.062468667,0.33975124,1.3684531,-0.72894233,0.4721116,0.55610716,-0.17617653,1.3487633,-0.7776943,0.41127178,1.6912922,-0.4769292,0.026547119,1.2109503,1.1213146,1.392075,0.94280744,0.5331176,0.94435334,1.0975326
M3|C00037,-1.1717199,-0.029583836,-0.294086,0.29677978,0.37292084,-0.5584393,-0.6871193,-1.0908079,-0.85470647,-0.15477782,-0.006689658,-0.64244896,0.75490266,-1.022284,-1.0842948,0.7106907,0.79899746,0.3379028,-1.1676946,0.33579144,-1.3279115,-0.79975766,0.6185849,-1.2250772,-0.5406193,1.0564281,0.4253757,0.85292727,-1.1320049,0.16587387,1.2734224,-1.1032213,-0.6176997,0.694619,-0.022894641,-0.31615672,-0.5090075,0.32769993,0.33942783,-0.28442386
M3|C00038,-0.25863278,-0.8992086,-0.40595245,0.23347414,1.7366635,-0.39805093,-1.4502171,-0.7228034,-1.4006644,1.218134,-1.1110905,-0.122365564,1.3184534,-0.18398158,-0.38446197,0.947663,0.3538486,-0.47265443,-1.1472219,-0.80731326,-0.9420174,-0.14257845,-0.026169866,-0.8694349,0.7317079,0.5084931,0.24881898,0.7430919,-0.14334136,1.2228806,0.9405945,-0.77789235,-0.8785036,0.55732375,1.099421,-0.91219044,0.5902992,0.32231003,0.116814815,0.805902
M3|C00039,-0.6770218,0.98027974,-0.42810798,0.20405233,0.7755141,-0.59074306,-0.7608182,-1.0590421,-0.68516475,0.2616231,0.45794383,-0.562223,0.9306173,-0.57821274,-0.98596317,1.6723024,0.82996887,-0.099910416,-1.0492443,0.56845105,-2.0289083,-0.8020856,0.5121675,-0.72658676,-0.41006532,1.7348901,0.12355896,0.9538676,-0.8314981,-0.3168547,0.8943653,-0.16498794,0.39989576,0.89910334,0.84234124,0.6494205,0.9721403,0.27282646,0.3023128,-0.08329263
M3|C00040,-0.13064037,0.42560115,-0.4910001,-0.16141228,0.5707959,-0.4592189,-1.9495296,-0.5317699,-1.273702,0.3297772,-0.25708172,-0.61996186,0.21321402,-0.51584595,-0.78607136,1.3205504,1.0387977,0.41414586,-0.96939677,-0.29198512,-2.2838829,-0.3837894,0.081916,-0.439212,-0.4726616,1.4075772,-0.30524877,1.6036592,0.116112374,0.08324167,1.0994955,-0.8020258,0.31134003,0.49285316,1.9225725,0.6692376,0.7755614,0.055065304,1.0381374,0.30091143
M3|C00041,-1.629355,-0.18059756,0.45548758,1.122183,1.0913548,-1.4963938,-0.7651363,-0.72704715,0.34016168,-0.64215887,-0.5066748,-1.4956433,-0.31131953,0.14616445,-0.5347509,0.70137376,0.3489683,-0.767808,-1.9814974,-0.6769946,0.3540628,-0.38628736,1.8261051,-1.2873708,0.38719615,0.52676266,0.91708344,0.6328293,-1.7118539,0.10928484,1.8068261,-0.041828126,-0.36371815,1.7300686,-0.57151055,0.7246235,0.4571191,0.49043012,-0.4037098,0.64399517
M3|C00042,-0.15215917,-1.1266046,-0.2002424,-0.38500366,0.6112829,-0.38877666,-1.1030177,-0.7513283,-0.59302664,1.8576847,-1.4706615,-0.79018337,0.44495797,-1.0070357,0.06579501,0.31495076,1.3466593,0.73404,-0.8932698,-0.96248126,-1.2908145,-0.6311806,0.9461363,-0.19925912,-0.24371822,0.75276995,0.046435606,1.2529948,0.5355157,1.3709254,0.16007367,-0.34669027,-1.2274736,0.3069581,0.79139906,0.5701491,0.47890583,-0.71869415,0.056352545,0.5039301
M3|C00043,-0.4405224,0.058513064,-0.66110057,0.22587101,1.6584896,-0.4775239,-1.7540278,-0.724696,-0.75694877,1.1994674,-0.3501513,0.2477271,0.45318356,-0.41177213,0.048904527,1.5718555,0.13142675,-0.71005887,-0.4690784,-0.9615523,-1.6362357,0.026466705,-0.089868546,-0.58453083,-0.57532763,0.70471907,0.77111584,0.5884421,-0.7159645,0.8445642,0.24465604,-0.76506394,-0.015486196,0.22693546,1.170862,-1.1804472,0.569181,0.6943264,0.012605503,0.72485083
M3|C00044,-0.16745083,-1.287969,0.28980386,-1.8145338,0.30107513,-0.9553221,-1.3107879,-0.26242176,0.9024536,1.4100332,-1.5083071,-1.2626795,-0.7482551,-0.65195626,-0.62772566,1.0773023,0.45836088,-0.32629997,-0.83211756,-1.6526219,-0.5624803,-1.5243305,0.68844515,0.18366557,-1.0909213,1.0874357,0.30526385,-0.33090514,-0.06633741,1.6557627,0.0501842,-1.2528659,0.3676075,1.3881711,3.6417844,0.65003145,-0.26657388,-0.31868142,-0.45861217,1.3139864
M3|C00045,-0.40726852,-0.8003413,-0.1863,0.53383124,1.788806,-0.573589,-0.7272949,-0.7889448,-1.2209674,1.0617841,-0.9248503,-0.28384852,1.4297613,-0.34378064,-0.37041855,0.9507862,-0.044643622,-0.633173,-1.1678045,-0.5497984,-0.9096982,-0.07989279,0.049398746,-0.84848756,0.7431858,0.769582,0.7034084,0.66076124,-0.5483856,0.9959633,1.0067605,-0.46584323,-0.8184989,0.7244068,0.93645686,-0.7339773,0.63811105,0.3248439,-0.21375577,0.762986
M3|C00046,-0.86627775,-0.7290299,0.43071172,0.75429744,0.930908,-0.77570295,0.33959153,-1.0611506,0.04522949,0.5752638,-1.4925598,-1.1430229,-0.06426868,-0.5663447,-0.09447342,0.8339458,0.08698025,-0.0049657524,-1.1414996,-0.6613824,-0.17486756,0.23087521,1.1620032,-0.8484364,-0.4067153,1.2066267,0.8410025,0.5514279,-1.1105886,0.72896045,0.795356,-0.007867843,-0.810626,1.2288307,-0.2420579,0.4863461,0.43703607,-0.16247095,-0.94493943,0.32638592
M3|C00047,-0.43378016,-1.1451678,-0.3727132,0.42744127,0.888074,-0.70099324,-0.110558875,-1.1540569,-0.42940608,1.423468,-0.9282947,-0.7345109,0.8686569,-0.7831965,0.23658265,0.6674841,1.228259,0.5321342,-1.2413841,-0.29995975,-1.4517657,-0.82218575,0.96077985,-0.47244993,-0.5261037,0.72650176,0.60309345,0.95638657,-0.13449387,0.9662779,0.7197089,-0.287398,-0.98782223,0.53728294,0.40311465,0.037799716,0.4697852,-0.18967688,-0.22784789,0.053235207
M3|C00048,-0.55427355,-0.56730634,0.37806773,-0.36280212,1.2250156,-0.96759635,-2.8001492,0.1187754,-0.12615393,0.8789223,-1.248548,-1.4628092,-1.0340809,0.59322184,-0.40616658,-0.08683405,0.4872066,-1.0192202,-1.6950754,-1.8538646,0.07774794,-0.3910625,1.4795204,-0.47890034,0.64505464,-0.00822407,-0.120339416,1.0865102,0.773058,0.46639487,0.9883267,-0.18589646,-0.6540117,0.846219,1.0145142,2.1254325,0.9526622,0.17197143,1.3267878,1.5286069
M3|C00049,-0.5978345,-0.13096419,-0.19118662,0.4721137,0.6730601,-0.8216942,-0.4725337,-0.93081135,-0.53012156,0.41379163,-0.47957802,-0.7731266,0.7789171,-0.76577634,-0.8784501,0.71901774,0.41102996,-0.2621079,-1.0491561,-0.2743015,-0.9137996,-0.6729302,0.41461524,-0.897062,-0.29674566,0.96255875,0.45985326,0.6244633,-0.790894,0.2558359,0.7959531,-0.45202577,-0.5247542,0.7496312,0.4144412,0.21256329,0.049168825,0.329333,-0.15644383,0.46801493
M3|C00050,-0.27452737,-0.9529438,-0.5994956,1.1959975,0.63510257,-0.5717585,-0.26100639,-0.7799782,-0.32525373,0.8416593,-0.8770394,-0.8100898,0.7428782,-1.3083212,0.085241325,0.37202638,1.5006841,0.42524335,-1.0137062,-0.6367443,-1.0729117,-0.4751786,0.31020626,-0.7416421,-0.5266068,0.7257075,0.46020573,1.086837,-0.505907,0.9134426,1.0728512,-0.6891927,-0.8985266,0.43412608,-0.06540318,-0.47592,-0.011239043,0.033907577,-0.63072824,0.34861308
M3|C00051,-0.8720503,0.30892485,-0.46752498,0.29601207,1.0850279,-0.6507611,-0.545934,-0.95907915,-0.49980366,0.32452187,-0.09846239,-0.6281917,0.66842914,-0.34628576,-0.5973624,1.5703752,0.6312168,-0.08941269,-0.98722273,0.5550165,-1.6581943,-0.77085,0.6469278,-0.7795502,-0.522154,1.555906,0.53295,0.83100915,-0.6163223,-0.19203642,1.0384839,-0.4110034,0.22813788,1.0415461,0.6903337,0.2277494,0.9178551,0.3750266,0.07274363,-0.055059277
M3|C00052,-1.077712,-0.19453974,-0.18798356,0.11211468,0.67982805,-0.9699961,-0.30887765,-0.998229,-0.76702607,-0.042988725,-0.24537295,-0.78568363,0.87544155,-0.7478541,-0.84083295,0.6310309,0.51618254,0.0901649,-1.369874,0.35513836,-1.2004261,-0.7280504,0.6426274,-0.83103144,-0.5916488,1.1217825,0.6366802,0.7987716,-0.7759683,0.013318196,1.1859527,-0.6170585,-0.89639604,0.8975636,0.36002374,-0.1522178,-0.14381133,0.2108676,0.50417995,-0.09070154
M3|C00053,-0.41815925,-1.0426673,0.14454263,-0.43611315,0.3686083,-1.2631106,-0.08965213,-0.5481392,0.55218387,0.44327828,-0.66729945,-1.4309087,0.25658596,-0.7472403,-0.806136,1.3239219,0.42227176,-0.31197527,-1.2939924,-1.0381377,-0.34269586,-1.2731248,0.35461774,-0.37602156,-1.0740222,1.0441747,0.69367343,-0.42437705,-1.2752568,0.9649991,0.7210497,-0.8801611,0.22722395,1.2856152,2.2600944,0.35819322,-0.47181007,0.26292086,-0.6445678,0.98986745
M3|C00054,-1.2544608,0.06839781,-0.34080008,0.4868553,0.46077585,-0.53919584,-0.57523006,-1.1067821,-0.8081387,-0.27484325,0.06949188,-0.6612245,0.55993634,-1.0206901,-1.1953199,0.6682243,0.8432342,0.24721506,-1.1667078,0.38314945,-1.2234865,-1.014604,0.55103517,-1.3462579,-0.5042632,1.2027074,0.5126568,0.7095463,-1.2846698,0.05620429,1.4154024,-1.131021,-0.5447622,0.74463934,-0.23768558,-0.49001905,-0.3636671,0.5142539,0.1826784,-0.2978293
M3|C00055,-1.1279423,0.94181925,0.4173168,0.23364457,0.9707802,-1.1348188,-1.1464063,-0.84263355,-0.7987126,-0.9693779,-0.36682093,-1.1016417,-0.1294946,0.45755517,-1.0557469,1.5623858,0.02732574,-0.14241478,-1.7925617,-0.47051752,-0.3283049,0.36921975,0.9672101,-0.75800556,0.063539654,1.3801053,0.26725736,0.88155985,-1.4202508,0.039031,1.420728,-0.14582859,0.14686252,1.5663798,1.1634631,0.92078185,0.6801199,0.60051805,0.17689279,0.740772
M3|C00056,-0.39098558,-1.0342687,-0.37591442,0.47803196,0.8444198,-0.6770501,-0.13250625,-1.0974433,-0.4992501,1.3959748,-0.9029334,-0.75075614,1.0109022,-0.8122014,0.012716621,0.62018484,1.168106,0.35014868,-1.1959493,-0.31428164,-1.4050895,-0.86887985,0.720543,-0.48850423,-0.47948164,0.7971697,0.45383543,0.97740424,-0.16607636,0.81308347,0.6742382,-0.28732616,-0.9852397,0.45393592,0.36247575,0.1121799,0.39540267,-0.11998172,-0.18183628,0.17578304
M3|C00057,-0.61105573,0.5204506,-0.53558326,-0.29384536,0.8167803,-0.3461592,-2.2880046,-0.4493871,-1.3162097,0.14529392,-0.20164946,-0.5485053,0.038432956,-0.6836002,-0.99691063,1.4488704,1.3086848,0.22706743,-0.82510287,-0.3373111,-2.0321507,-0.26118857,-0.12626436,-0.59501517,-0.29286477,1.373086,-0.37471047,1.4064648,0.24147753,0.015813075,1.151152,-1.1278945,0.23363936,0.46715897,1.7608602,0.53603697,0.522061,0.14599651,1.0729982,0.35314423
M3|C00058,-0.9175958,-0.78587717,0.5610006,0.67650616,1.32888,-1.3226726,-0.06090108,-0.807317,0.554192,0.026612386,-1.3237512,-1.1581252,0.34932196,0.03959319,-0.4105537,1.0508733,0.4509712,-0.37213764,-2.1569862,-1.1640427,0.13890687,0.3267488,1.5917193,-0.93148476,0.17205785,0.21083376,0.9771052,0.96525764,-1.6473813,1.0903828,1.334371,0.093549326,-0.59055614,1.6212391,0.19342637,0.6350489,0.25427577,-0.09920202,-0.8380109,0.6518522
M3|C00059,-0.8859943,-0.068875276,0.39750448,1.0462303,1.1571288,-1.4447534,-1.8463717,-0.3183578,0.11248857,0.24791883,-0.50411874,-1.1681952,-0.29779625,0.5229064,-0.30932733,0.39679712,0.37989682,-1.3986496,-1.6256914,-1.4445378,0.2688064,0.060333855,1.5851777,-1.2541726,0.6106852,-0.20539019,0.15132071,0.4897163,-0.40033147,-0.019351728,1.3682978,-0.14861614,-0.40630838,1.0811038,0.00052267313,1.7907685,0.6509879,0.4474461,0.48417675,1.1475618
M3|C00060,-0.7570158,-0.15179947,0.5431729,0.31810576,1.1172392,-1.2422433,-2.4158394,-0.14446273,-0.109788515,0.6355938,-0.78572685,-1.1836925,-0.5077221,0.5244237,-0.3626114,0.2607575,0.465963,-1.2042158,-1.5600808,-1.7217486,0.120207936,0.026757158,1.6650693,-0.9624167,0.66388595,-0.21593887,-0.17215437,0.6798878,0.14618483,0.27879268,1.034045,-0.2182917,-0.5187822,0.86224055,0.51112306,2.2133427,0.7041228,0.21504065,0.87701577,1.299361
M3|C00061,-1.2977946,0.754696,0.6198418,-0.4374572,1.1457543,-0.9655696,-1.8892587,-0.66883755,-0.56105053,-0.6229243,-0.6973378,-1.2342429,-0.5307013,0.49184483,-0.80057096,1.60263,0.3447706,0.12958318,-1.8299228,-0.8184942,-0.49215442,0.19420964,1.3927369,-0.6128689,0.32905906,1.1584426,0.008786485,1.2164989,-1.2341241,0.40207732,1.229223,-0.15144747,0.15782681,1.4051596,1.2630817,1.1022396,1.1184686,0.32106927,0.40847567,0.6895116
M3|C00062,-0.5069033,-0.03262725,-0.2136645,1.3580065,1.1834102,-0.7037443,-0.89562905,-0.5566796,0.1415509,1.2858467,-0.19312252,-0.7269855,0.41436452,-0.27214402,0.24097,0.64119375,0.81215,-0.95693004,-0.8528993,0.18526107,-0.5399263,-0.83084536,0.69063145,-2.2800508,-0.19594516,0.6464431,0.12839833,-0.39179644,-0.44543147,-1.0298126,1.1854503,-0.63529974,-0.19971785,0.5746545,-0.6848949,0.7952366,0.9202812,0.33199,0.572243,-0.12830798
M3|C00063,-0.40412134,-1.1685123,-0.43747616,0.7262696,0.8997162,-0.69384605,-0.10501012,-1.0912861,-0.44041112,1.2747815,-0.87890714,-0.7944595,0.9487121,-0.90369755,0.22831833,0.6651541,1.4017565,0.53217494,-1.253159,-0.35678017,-1.4278896,-0.78181463,0.68951297,-0.53350437,-0.5563826,0.6669879,0.56095,1.0193936,-0.2475296,0.91312253,0.89026463,-0.3800941,-0.93216926,0.41568926,0.2583459,-0.17234996,0.3354513,-0.0847263,-0.2845941,0.08478083
M3|C00064,-1.2350686,0.20843479,0.67786777,-0.5934421,1.2836291,-1.0430014,-2.57487,-0.17107975,-0.333265,-0.16599563,-1.1240063,-1.5516937,-1.2003587,0.97729856,-0.42418244,0.9152177,0.35806683,-0.15081424,-2.088665,-1.4639972,-0.034147248,0.19604677,1.8352091,-0.46639276,0.5235785,0.5894241,-0.0716677,1.3665509,-0.39572975,0.5202477,1.4009597,-0.14456211,-0.12570363,1.3432878,1.2928902,1.8200765,1.2567067,0.28000295,1.1529913,1.1035987
M3|C00065,-0.18886022,-0.978839,-0.46860647,0.64251494,0.7767581,-0.67716414,-0.59096533,-0.9868542,-0.67900217,1.1769762,-0.960618,-0.7670015,0.9487462,-1.093675,-0.31964284,0.3339988,1.5187526,0.48659712,-1.2167175,-0.67320716,-1.3295048,-0.7853981,0.037138283,-0.43801877,-0.48193878,0.5739878,0.1831018,1.1004059,-0.014382929,0.89706653,0.82107615,-0.573506,-1.095759,0.13474998,0.4879428,-0.18180788,-0.013297072,-0.07612564,-0.00039160252,0.42080656
M3|C00066,-0.28709102,0.25960973,-0.39108768,-0.10007053,1.1200103,-1.1661482,-0.9797564,-0.82650113,0.064620584,0.87026286,0.060961083,-0.06712811,0.3427171,-0.4472229,-0.7620616,1.3329177,0.17920272,-1.0324985,-0.9108389,-0.74429977,-1.0780038,-0.77811944,0.12921718,-0.6258242,-0.9291149,0.51658195,1.0952321,-0.21692872,-1.2427088,0.5978912,0.28278124,-0.40587103,0.1807784,1.1722852,1.5173782,-1.0388592,-0.09497315,0.29546362,-0.26316875,0.7049379
M3|C00067,0.055625975,-1.1092231,-0.15599993,-0.71859443,1.7009919,-0.2706388,-1.9800265,-0.5056927,-1.7093478,1.6893101,-1.5468291,-0.30325946,1.0600513,-0.04314089,-0.37261373,0.66798544,0.17343485,-0.20929094,-1.1344359,-1.1786691,-1.0429795,-0.07813845,-0.030630946,-0.31702712,0.62287205,0.4037666,-0.11626254,1.0546968,0.74466956,1.4820333,0.5514818,-0.7574362,-1.2165998,0.36161065,2.066843,-0.18672648,0.66658205,0.031222023,0.9671891,1.0015575
M3|C00068,0.014557496,-1.3917078,-0.34060937,0.12543453,0.80266225,-0.604231,-1.001116,-0.7669516,-0.96126384,1.4233757,-1.4689516,-0.8597127,0.76984143,-1.0913278,-0.046041086,0.16931874,1.7513646,0.8791981,-1.1676462,-1.0759954,-1.4727863,-0.46246007,-0.0886814,-0.03883928,-0.63941246,0.3572248,-0.0819996,1.4818046,0.693816,1.2746495,0.7856381,-0.72689384,-1.4772038,-0.07451832,1.1402035,0.12357116,-0.09328373,-0.33020008,0.560364,0.45067593
M3|C00069,-0.31261036,-0.8257263,-0.8504668,1.5614595,0.6256412,-0.7253475,-0.6953396,-1.0603702,-0.4584082,0.5522156,-0.5669607,-0.6682595,0.9317357,-1.2074635,-0.40167516,0.52126664,1.9348503,0.42956522,-1.1614562,-0.73321676,-0.94760644,-0.7767491,-0.29938185,-1.1997864,-0.21677501,0.57060975,0.21406497,0.89249206,-0.7546344,0.7309178,1.2184962,-0.9612122,-0.78282684,0.31052718,-0.49176538,-0.891477,-0.26565433,0.2727359,-0.673317,0.5292217
M3|C00070,-0.14009632,-1.1272247,-1.0068399,0.814139,0.4510588,-1.0191712,0.6542068,-0.81171775,0.03576633,-0.46578237,0.41683793,-1.5683591,0.98535913,-1.1094607,-0.24118146,2.8159654,1.246165,-0.0673458,-1.1065552,-0.21837233,-1.1720914,-0.7293652,0.61381185,-1.8912116,0.21437772,0.7755251,0.98014456,0.024157524,-1.0987483,-0.6680646,0.10182574,0.10221113,0.7700978,0.57570595,-0.21122591,0.1767254,1.4999957,0.37573695,-1.3453981,0.3205756
M3|C00071,-0.37783262,-0.9326494,-0.24855077,0.5524019,0.7628554,-0.62052774,-0.40019464,-1.0556602,-0.6258055,1.2488843,-0.81099993,-0.7439332,0.7994763,-0.95163786,-0.07089226,0.6509024,1.3226409,0.33613324,-1.0806952,-0.48333925,-1.387716,-0.8676938,0.69361746,-0.6548888,-0.40506256,0.7139379,0.3212646,1.0497332,-0.23526993,0.9569646,0.7054424,-0.4414147,-0.85712516,0.3199815,0.33744144,0.039234772,0.22182775,-0.21691486,-0.31192383,0.25166813
M3|C00072,-0.09852729,0.12084665,-0.12985796,-0.66280055,1.2528507,-1.1223648,-1.5351293,-0.6331152,0.37844303,1.3307278,-0.34340537,-0.26065254,-0.3527977,-0.25169823,-0.6492574,1.1636395,0.07642364,-0.99222815,-0.8189486,-1.2773385,-1.0191939,-0.7239925,-0.102948114,0.20277806,-1.5334914,0.612041,0.7862385,-0.1899041,-0.7025016,1.039438,0.15366961,-0.67009795,0.16017492,1.1409562,2.449341,-0.9432492,-0.012294407,0.5238284,0.23084566,0.67465866
M3|C00073,-0.060028207,-0.16612695,-0.48441046,0.4794706,1.1208944,-0.79289466,-0.9921062,-0.71705157,-0.6492609,0.87881434,-0.31168568,-0.2555262,0.9016557,-0.41003668,-0.73243415,1.1447458,0.22191699,-0.77728677,-0.81002545,-0.70831627,-1.098858,-0.5595956,-0.22982092,-0.6327296,-0.39309746,0.69562376,0.527124,0.4355402,-0.6441906,0.6161442,0.5293494,-0.49655527,-0.2385742,0.5806958,0.9604111,-0.51399255,0.4004387,0.7790821,-0.22025415,0.8351983
M3|C00074,-0.40263763,-1.0621209,0.036347374,-0.23574299,0.3468023,-1.3060999,-0.08486423,-0.5088324,1.1015495,0.45653135,-0.7215853,-1.2821903,-0.049622446,-0.7133946,-0.6517001,1.4020126,0.23984829,-0.62931144,-1.1091192,-1.066748,-0.20841795,-1.3217164,0.4396919,-0.47630787,-1.182393,1.0786506,0.87295055,-0.6738924,-1.4511822,1.1264462,0.80384874,-1.1711471,0.633771,1.6957306,2.4978201,-0.06111978,-0.57185066,0.30603278,-1.1947273,1.0850104
M3|C00075,-0.7110289,-0.6172663,-0.47098023,1.1172253,1.7701674,-0.66446286,-0.2665648,-1.1184709,-0.8090321,0.7258624,-0.5164916,-0.15933856,1.6443127,-0.112079404,-0.32439876,1.3498394,0.17115492,-0.6943987,-1.2403665,0.050446674,-0.8656048,-0.42970797,0.41113245,-1.295434,0.5588677,0.7650573,0.82646936,0.4176917,-1.2066997,0.61994696,1.2001055,-0.41960526,-0.4033666,0.98382586,0.06760998,-1.1908103,0.70824033,0.5511635,-0.7094126,0.27993238
M3|C00076,-0.7125533,-0.55478483,-1.0079159,2.3193052,0.8254941,-0.72693866,0.61955994,-1.370234,0.32581308,0.3739816,-0.061878547,-0.60589933,1.3603592,-1.4650536,-0.2425245,0.8648633,1.6282253,0.027221777,-0.99528766,0.5528103,-0.8559045,-1.2034154,0.49198788,-1.6157992,-0.22101553,1.1182805,1.085523,0.44252735,-1.736339,0.11445894,1.3616836,-0.23050623,-0.34049928,1.126183,-1.8422163,-1.2304107,0.23430005,0.46447897,-1.9699258,-0.29979995
M3|C00077,-0.33010137,0.55783314,-0.5953453,0.5770129,0.8857727,-0.69797736,-0.7952143,-0.75968343,-0.7442245,-0.12045598,0.082346484,-0.8364856,0.5671562,-0.5403514,-0.97760755,1.4180537,0.67169404,-0.10678165,-1.202025,0.39862126,-1.7667755,-0.616273,-0.005803138,-0.6443861,-0.54954886,1.762644,0.32810986,1.2367177,-0.68908006,-0.46730334,1.3340238,-0.2457425,0.3610878,1.0409721,1.0255915,0.12733273,0.86498076,0.34855503,0.34358937,0.09138125
M3|C00078,-0.6403709,-0.5516757,-0.47470576,0.9267788,1.0340633,-0.9512335,0.289506,-1.1194036,-0.045991898,0.6154511,-0.5033115,-0.8659214,0.9608079,-0.49429148,-0.28162515,0.9697427,0.5490363,-0.26460773,-1.1658163,0.12147598,-0.794013,-0.9286334,0.62877595,-0.7877768,-0.3704788,0.98747104,0.8639117,0.60874045,-0.86045206,0.12021449,0.91146046,0.03278008,-0.4531988,1.120804,-0.056063518,-0.1363357,0.4973586,0.34042835,-0.6363577,0.15838018
M3|C00079,-0.5816708,-0.19886826,-0.44482565,1.0509126,1.3608902,-0.7201145,-0.0042234883,-1.2530065,-0.5597433,0.802382,-0.16290279,-0.29197183,1.5589303,-0.5364089,-0.7854653,1.1432368,0.20325749,-0.7133959,-1.1554289,0.2747019,-0.9502706,-0.9332226,0.39206928,-1.2499315,0.38624012,1.1333672,0.9650012,0.2519836,-1.3401501,0.30005574,0.73569846,-0.05238898,-0.26527297,0.9297958,-0.13901322,-0.79569924,0.7270125,0.52421355,-1.0085022,0.2600951
M3|C00080,-0.5172769,-0.7739272,-0.3689566,0.37527028,0.49996597,-1.0808954,-0.37436417,-0.50735795,1.4710599,0.46734425,-0.6540061,-1.0307026,-0.37446338,-0.9038776,-0.10178173,1.3613489,0.57911545,-0.6863504,-0.5938939,-1.164283,-0.53631413,-1.2162719,0.37199664,-0.6514601,-1.2871705,1.0528722,0.8671947,-0.3749,-1.3052853,0.95184046,1.0529841,-1.5158123,1.0574436,1.6324568,2.1320934,-0.727015,-0.512408,0.49644607,-1.4691361,0.94484925
M3|C00081,-0.37960568,-0.1096154,-0.47264725,0.48373586,1.2677861,-0.7004283,-1.1875778,-0.68226755,-0.66390413,0.89029753,-0.40783954,-0.284147,0.74355996,-0.5938227,-0.3991984,1.17299,0.11334329,-0.73195046,-0.5264002,-0.7822608,-1.2706281,-0.3049834,-0.08492717,-0.53735447,-0.52070016,0.7644014,0.6687518,0.66999817,-0.63400835,0.49420425,0.40798563,-0.567839,-0.17815992,0.42585224,0.8721754,-0.53395665,0.33209512,0.69239867,-0.24718285,0.81407976
M3|C00082,-0.013590068,0.08960485,-0.7067781,0.32970446,1.3398426,-0.87723917,-1.3850216,-0.85589236,-0.8659308,0.8518077,-0.42984736,-0.051979333,0.75665206,-0.26857948,-0.6355821,1.2455188,-0.07942223,-1.0647837,-0.70177853,-0.7657765,-0.96994096,0.070315845,-0.11964288,-0.76376516,-0.55508363,0.68931705,0.7024449,0.48823708,-0.63223153,0.54193676,0.28303683,-0.34930038,-0.45985168,1.0811298,0.9145195,-0.72944725,0.25031835,0.54232085,-0.040699795,0.9026184
M3|C00083,-0.35642695,-0.38847482,0.037816517,0.31492752,1.2334244,-0.80735034,-0.86767167,-0.72678757,-0.91483897,0.45163223,-0.8987033,-0.540348,0.8554311,-0.42671603,-0.67682755,0.7768955,-0.15090013,-0.59862727,-0.8563093,-0.577247,-0.9066723,-0.27961764,0.32353282,-0.9920263,0.029202528,0.61864805,0.41133314,0.608762,-0.5293207,0.5307789,0.91358733,-0.56725687,-0.8144146,0.6322809,0.68583405,0.04337731,0.50563437,0.63061374,-0.14189114,0.8575548
M3|C00084,-0.633567,-1.0136458,-0.13699019,-0.22839272,0.45846146,-1.079862,-0.04371876,-0.50216043,0.6992207,0.21055584,-0.6519694,-1.349767,0.09171938,-0.78020537,-0.8513157,1.5003033,0.40888518,-0.5287701,-1.2060711,-1.0674009,-0.14107348,-1.4826918,0.26558352,-0.6021018,-0.783054,1.3548757,0.8630675,-0.41497645,-1.5980358,1.06937,0.95700383,-1.1151427,0.72537625,1.531326,2.3494892,-0.113205105,-0.5603877,0.3935377,-1.1255301,1.1096066
M3|C00085,-0.3395548,-0.11787534,-0.1477627,0.11451592,0.8366459,-0.97930527,-0.8661324,-0.66847205,-0.3949699,0.58474946,-0.52088165,-0.5850103,0.412741,-0.5055387,-0.70628065,0.92159486,0.019000938,-0.66337997,-0.8978672,-0.7442872,-0.9141936,-0.4058108,0.1551494,-0.52826846,-0.6450913,0.6758477,0.59467477,0.41239882,-0.65741223,0.5133667,0.4555351,-0.48301637,-0.28371412,0.72286916,1.2146744,-0.05730699,-0.07015637,0.5321395,-0.084409416,0.8435432
M3|C00086,-0.8582272,-0.40292588,-0.5788144,1.7505796,0.726411,-0.87184834,0.54253834,-1.2942739,0.16443424,0.4533123,-0.34674853,-0.7023108,1.1300693,-0.8175649,-0.3429869,0.9033448,0.62644315,-0.15170422,-1.07109,0.47458917,-0.7498655,-0.9628574,0.77223235,-1.2692806,-0.15615134,1.1984088,1.1217577,0.47969666,-1.4990704,0.081220314,1.0354842,-0.018801495,-0.37965268,1.1820095,-1.0799651,-0.46370652,0.428716,0.4868672,-1.4827322,0.03484966
M3|C00087,0.60283494,-0.3975114,-0.37746865,0.18181977,1.1421762,-1.5140178,1.1325302,-0.4741091,-0.36406624,-1.0272756,-0.29675806,-0.3893757,0.81202936,-0.963793,-0.42277518,1.2817519,0.6339366,-0.13667668,-1.2891395,0.5077376,-1.2709681,-1.4568956,0.88195574,-2.8888078,-0.73105884,0.31017265,0.9500649,-0.94002485,-1.4131365,-0.46982956,1.5249903,-0.0912101,-0.5839785,0.63336444,0.14680351,0.12332316,1.3740879,0.8850938,-1.2105563,1.0521874
M3|C00088,-0.44681552,-0.2879225,-0.074173436,-1.0154148,0.21343008,-0.5011798,-1.942323,-0.5912658,-1.7753822,0.291799,-0.7397762,-0.72592556,0.37059993,-1.1169368,-1.4458067,0.07047089,1.1176881,0.4289916,-1.1260754,-0.8986761,-1.2736167,-0.58022296,0.04444638,-0.6137075,-0.21038052,0.77841306,-0.46888083,1.2864748,0.2074351,0.76206183,0.8609567,-1.2869351,-1.3035553,0.23097853,1.634732,0.38990015,-0.63302267,-0.42661053,1.5152551,0.5486505
M3|C00089,-0.33209187,-0.8945014,-0.25860935,0.463188,1.6719133,-0.53783715,-0.976827,-0.55222315,-1.2252791,1.1145298,-1.0199345,-0.31015766,1.2629231,-0.39919516,-0.06216783,0.70764685,-0.010892074,-0.4036413,-1.1935682,-0.6791878,-1.0890596,0.09467114,-0.0050150603,-0.7365533,0.6270219,0.5077867,0.64025503,0.79996586,-0.22724196,1.0171962,1.1537888,-0.7317472,-0.82182974,0.49733514,1.3295538,-0.62750304,0.5104879,0.3099862,0.21148705,0.8741658
M3|C00090,-0.22004394,-0.8191684,-0.6404229,1.1250947,0.82429683,-0.7501981,-0.31353128,-0.8344915,-0.29024982,0.5963341,-0.74118656,-0.7494961,0.90988356,-1.1045914,-0.1340484,0.50758034,1.3518227,0.16075382,-1.0583062,-0.46765977,-1.0147676,-0.4710449,0.22564793,-0.7989631,-0.49887198,0.58222586,0.51240015,0.9544507,-0.4511263,0.62730104,1.1681826,-0.6047592,-0.7372777,0.63133126,0.01919046,-0.36202565,-0.10417518,0.20909804,-0.49913454,0.27645177
M3|C00091,-0.35806468,-0.8855507,-0.3705933,0.64994544,1.6439105,-0.6058436,-0.89302516,-0.7548948,-1.1642532,0.86956835,-0.9750958,-0.31978956,1.3656149,-0.18143229,-0.23078972,1.0012647,0.16865651,-0.4578973,-1.179019,-0.5894351,-0.95123744,-0.0699918,-0.045630097,-0.84144205,0.3108188,0.46711016,0.44856966,0.75883543,-0.3834721,0.8745119,1.1709995,-0.7562891,-0.7117304,0.5891609,0.98722595,-0.8650727,0.397602,0.5268785,0.06395266,0.64274704
M3|C00092,-1.4787295,-0.021176632,-0.25382432,0.197184,0.31205276,-0.7069749,-0.7089895,-0.93330705,-0.84545535,-0.4378076,-0.2062782,-0.84905577,0.4667494,-0.5632572,-0.97690535,0.96685445,0.41618317,0.35470757,-1.2781115,0.51733816,-0.9561602,-0.5697886,0.9590472,-1.0425509,-0.5852461,1.4815068,0.5008898,0.67054665,-1.2493906,0.22725198,1.3343664,-1.0776451,-0.5586876,1.1655431,-0.059679553,-0.12449095,-0.22563776,0.47631842,0.35555094,-0.19095838
M3|C00093,0.8793503,-1.2674758,-1.0812236,0.7692814,0.0051925704,-0.6042446,-0.832747,0.47484684,-0.5503618,-0.6565267,-0.08164844,-1.685282,0.29130054,-1.8793108,-0.40644768,1.8400261,2.2190382,0.47604826,-1.0418286,-1.8114682,-1.2787099,-0.54198444,-0.850986,-1.9990461,0.19485389,0.12959038,-0.0720882,0.28233868,-0.4368937,0.06705115,0.75321996,-1.1582417,0.5352097,-0.81178623,0.9495214,0.12364905,0.7902621,0.5352032,-0.60199714,1.5985616
M3|C00094,-0.3929987,-1.0741665,-0.16323057,0.045846373,0.39202,-1.0747582,-0.24002789,-0.37140977,1.1493899,0.4098732,-0.86492276,-1.1227717,-0.2536013,-0.87247115,-0.33085993,1.3527267,0.5134989,-0.47569582,-0.84638226,-1.1877025,-0.45903215,-1.1866102,0.21169284,-0.4616604,-1.2637173,1.0791864,0.8239027,-0.43800983,-1.2025237,1.1349702,1.051089,-1.5119739,0.8824615,1.501788,2.5108533,-0.46923044,-0.5963109,0.40289354,-1.2852945,1.0355122
M3|C00095,0.008155189,-0.31789055,-0.837589,1.6807916,0.35943842,-0.34024018,-1.8533387,-0.7158911,-0.893255,0.289257,-0.27252573,-0.44202268,0.5707619,-2.0320375,-1.2004887,0.09416693,2.6036425,0.16806489,-0.8764924,-1.4492949,-0.94541204,-0.8417302,-1.3467472,-1.7360415,0.29343706,0.29145315,-0.5321733,0.973932,-0.82550824,0.91641676,1.2074784,-1.6168027,-0.6634898,-0.5794871,-0.33474767,-1.1462728,-1.053473,0.3283363,-0.6418023,0.9701582
M3|C00096,-0.96623486,-0.3908616,-0.311884,0.014451645,0.7202623,-0.8162888,-0.447508,-0.978582,-0.8528576,-0.027996168,-0.26123822,-0.9281955,0.62065184,-0.7972007,-0.9289178,0.5349375,0.5467885,0.06562977,-1.4288558,0.26884824,-1.1385633,-1.0002483,0.5190576,-0.82830805,-0.4660179,1.102568,0.71509594,1.0320548,-0.6576642,0.015119463,1.3130765,-0.5741594,-0.87652826,0.93529445,0.38817012,-0.3069273,-0.11924538,0.09124847,0.67845434,-0.071161985
M3|C00097,-0.32307106,-0.92401356,0.2049452,-0.5127554,1.6621484,-0.5044857,-1.2988433,-0.6063719,-1.2496144,1.6234497,-1.4162053,-0.28376406,1.0851083,-0.14544676,-0.31833255,0.92154104,-0.13310316,-0.44553593,-1.059394,-1.0263729,-0.99428046,-0.06604015,0.49099255,-0.49683952,0.6372391,0.66661924,0.33167857,0.791031,0.12146435,1.3298471,0.479923,-0.45473653,-1.0826876,0.6840534,1.6109163,0.13575345,0.8705403,-0.16025133,0.41187572,0.85371625
M3|C00098,-0.7760071,-1.1082299,0.11064536,0.33098266,0.49534672,-1.4241092,-0.11710771,-0.7778975,1.3234992,-0.016400903,-0.19512987,-1.4838512,-0.08073437,-1.0860909,-0.49511716,1.7066935,0.1250733,-0.64473915,-0.8464558,-0.61677045,-0.5657935,-1.7961997,0.6294189,-1.3336092,-1.1161678,1.017392,1.1459593,-0.88937044,-2.0499065,0.38496464,0.98040015,-1.3235861,0.79076606,1.5023633,1.3969562,-0.76664925,-0.07954891,0.44148642,-1.6307136,0.7332009
M3|C00099,-1.0899622,-1.2585279,-2.1116421,0.14093655,0.38554293,-0.8363056,0.64274746,-0.95289093,-1.5807886,-1.3457637,0.73205256,-0.90065706,-0.24111933,-1.2829702,-0.18439,1.8538791,2.5056772,-1.3889829,-0.11785927,-2.579481,-0.63196665,-0.49584153,1.8796767,-1.3829273,0.23262106,0.8465496,1.6109359,0.19832367,1.0287428,-0.10360107,0.5243681,-0.556387,0.17635952,0.55313975,0.20971294,0.47453642,0.37529093,0.44807947,-0.75700027,1.0533112
M3|C00100,-1.3018527,-0.7518105,-1.9654713,0.6377463,0.58887464,-0.96660566,1.08361,-1.3446339,-0.87907094,-1.3106158,1.1932571,-0.81336343,-0.22410893,-1.4347191,-0.45139828,1.1956978,1.9408284,-1.9179807,-0.098046154,-1.4450669,-0.5258167,-1.3288667,1.9876586,-1.770407,-0.127381,0.98616827,2.117583,-0.41483596,0.27761045,-0.6678429,0.85478055,-0.4855026,-0.050625987,1.1614933,-0.84319925,-0.3474885,0.43413424,0.8295814,-1.1195407,0.4971063
M3|C00101,0.7953962,-1.6961557,-0.8521872,-0.65614206,0.4446147,-0.96012723,-0.2122446,0.107740104,-0.71753603,-0.19556803,-0.81574035,-1.5413404,0.36412084,-1.0659308,0.14100641,2.2496324,1.5918763,0.5976282,-1.2181348,-1.2928369,-1.413798,-0.31422487,0.16712296,-1.4586533,-0.24999313,0.26134816,0.2182015,0.42067352,0.39355808,0.06619335,0.17331366,-0.31404552,0.061184764,-0.1768028,1.7244794,1.1469493,1.3104807,0.15659711,-0.13257983,1.3238842
M3|C00102,-0.5863812,-1.0345366,-0.8971856,1.614338,0.81550646,-0.7020807,-0.31798857,-0.82925785,-0.08101593,0.54918265,-0.662155,-0.7673775,0.8499781,-1.0937922,0.27019706,0.8614059,1.6491388,0.46432993,-1.0824254,-0.14050475,-0.9103079,-0.67594594,0.4421636,-1.1956034,-0.5484708,0.6660013,0.6997797,0.7547492,-0.9579973,0.5921062,1.4208372,-0.7532723,-0.5742061,0.9310467,-0.8044169,-1.0028301,0.1542802,0.40725976,-1.0363487,0.093878716
M3|C00103,-0.5080017,-0.87933064,0.09142461,0.41292632,1.9144346,-0.92847395,-1.4775089,-0.11469056,-0.19687906,0.10491771,-1.2452261,-0.74324214,0.3367254,-0.2027509,-0.9471294,0.61511135,0.29653436,-1.4593241,-1.6005642,-1.8864731,0.15419418,0.07326477,0.22785243,-0.7647143,0.73459864,0.0234875,0.7422805,1.1579005,-0.8257168,1.3642706,1.5842315,-0.65717053,-0.55635405,1.1270952,0.83465064,-0.31504914,0.0880461,0.61472356,-0.31506127,1.4640452
M3|C00104,-0.4326903,-0.7658949,-0.6162967,1.3898494,0.76641434,-0.7025178,-0.047904156,-1.0828884,-0.32362026,0.6760251,-0.46754307,-0.7625842,1.0514331,-1.0621853,-0.41480744,0.63569206,1.2801286,0.039912052,-1.2035496,-0.0756598,-1.0389564,-0.9091165,0.21879777,-1.1148076,-0.35570258,0.888354,0.6425664,0.7235279,-0.94066787,0.43748897,1.0279907,-0.46946454,-0.5675731,0.54185987,-0.4965775,-0.6200061,-0.0058661755,0.1722734,-0.81449085,0.17744175
M3|C00105,0.5830333,-1.418251,-0.9654839,0.06102274,0.53731304,-1.0157408,0.24923545,-0.12128295,-0.4940691,-0.5421612,-0.31062108,-1.5058442,0.572096,-1.2131189,-0.09158557,2.409908,1.7394559,0.3925077,-1.2845991,-0.85671943,-1.3154523,-0.65548617,0.10796494,-1.9074496,-0.15500751,0.50580376,0.46817923,0.13964573,-0.36986655,-0.30703717,0.42661273,-0.22336444,0.38880885,-0.014192998,0.9155416,0.5938846,1.3514175,0.35335532,-0.7343607,1.0875285
M3|C00106,0.113034025,0.07084746,-0.45633313,1.4476755,0.7874207,-0.44487825,-2.2162728,-0.18878202,-0.43650356,0.99843884,-0.21835996,-0.59181964,0.097385675,-0.80161107,-0.488935,0.056070253,1.6606514,-0.7985705,-0.7988909,-0.8149092,-0.70674866,-0.84487444,-0.6519889,-2.4047225,-0.041143425,0.024166267,-0.8036616,0.116919,-0.02142384,-0.6979952,1.3659585,-1.5668225,-0.06893021,-0.4635852,-0.03250189,0.57210755,-0.14278425,0.47125328,0.9736669,0.64120764
M3|C00107,0.020795703,0.24820498,-0.6250987,1.8410542,0.8394059,-0.47187924,-1.7314668,-0.3675905,-0.1570307,0.8730184,0.037605837,-0.5597943,0.29303992,-0.7340154,-0.4068415,0.15489595,1.487638,-0.88470215,-0.8663682,-0.4085291,-0.7038077,-0.8325382,-0.45619005,-2.612308,-0.094981626,0.0798827,-0.49960798,-0.0738537,-0.43405434,-0.91899323,1.4389405,-1.4544381,0.10982488,-0.2535122,-0.45575666,0.39580798,-0.073796414,0.6648403,0.6109226,0.42810893
M3|C00108,-0.69634604,0.6859886,-0.5616321,0.54716426,0.8237835,-0.49943963,-1.4330605,-0.7469611,-0.93010885,-0.07447016,0.16949292,-0.6316489,0.3856135,-0.7552293,-1.0161675,1.532578,0.8887398,-0.14880976,-0.83819973,0.010025427,-1.667106,-0.32749772,0.13210842,-0.96204793,-0.1832252,1.4979943,0.12478967,0.9950892,-0.6283085,-0.2876989,1.1241821,-0.6507803,0.45306158,0.81589603,0.8486021,0.26576865,0.50978917,0.35833257,0.19909647,0.25989056
M3|C00109,-1.0801802,-1.4591829,-2.26675,0.79577196,0.5752707,-0.97362316,1.6193358,-1.2964561,-0.96799445,-1.5521634,0.80608416,-1.0848291,-0.2828521,-0.8750047,0.15319663,2.267196,1.8716232,-1.1656526,-0.53434527,-1.7164881,-0.5318284,-0.61387336,1.9788631,-1.7357252,0.1446549,0.853767,2.4230223,0.14792913,0.28942537,-0.53655213,0.6382689,-0.01537782,0.60522735,0.9313525,-0.3301794,0.12641276,0.71921545,0.43507212,-1.2406442,0.6358875
M3|C00110,-0.84503067,-0.5121819,0.2041899,-0.0012622327,0.9162528,-1.9614372,-0.7641946,-0.230356,1.4966803,0.40651232,-0.20386848,-1.0707064,-0.04444003,-0.2568043,-0.78121763,1.1751529,0.8534061,-1.3489652,-1.4603478,-2.0860045,0.04432465,-1.3146743,0.6009452,0.2514528,-1.1182269,-0.19671369,0.69486773,-0.20080373,-1.290945,1.2221859,0.80863357,-0.7346768,0.42463952,1.2155508,1.8808795,-0.09620184,-0.53735137,0.9966855,-0.7152866,1.1269593
M3|C00111,-0.63383836,-0.3764653,-0.71883285,2.0570354,0.5542358,-0.64177895,-0.026913762,-1.0907618,-0.07078442,0.35373253,-0.32817116,-0.69707525,0.9946116,-1.3169911,-0.64590263,0.6019465,1.2799387,-0.03588316,-1.0101191,0.08993943,-0.71575105,-1.0015507,0.1018142,-1.4573746,-0.14507005,1.0189819,0.6871328,0.6888413,-1.474184,0.31567922,1.2016091,-0.52257615,-0.43222994,0.7393075,-1.2851938,-0.8852016,-0.05134575,0.58147275,-1.5220467,0.23957637
M3|C00112,-0.9919784,-0.21786949,0.16894722,-0.43709084,0.4830228,-0.8990314,-0.3350303,-1.1915123,-0.6122595,0.4789443,-0.6326895,-0.9575732,0.93224925,-0.6477607,-0.8494984,0.77416885,0.110630654,0.2780403,-1.1918237,0.2443146,-1.2396883,-0.62276924,1.1401546,-0.5111173,-0.62840205,1.1405243,0.35898465,0.8726671,-0.6010235,0.30365628,0.6330545,-0.29267007,-1.0948728,1.0851108,0.5765347,0.8487239,0.1300057,0.028558992,0.44553864,-0.0716984
M3|C00113,-0.2335887,0.24035308,-0.34408394,0.9574338,0.3864962,-0.5526332,-1.7026579,-0.6551119,-0.82816446,0.10645315,-0.39641663,-0.5576521,0.2925979,-1.3478465,-1.551308,0.3348549,1.1484163,-0.45174718,-0.7768222,-1.2245955,-0.71468496,-0.6646342,-0.73622197,-1.452441,0.24190722,0.7495976,-0.31138682,0.67706543,-0.8300367,0.5009283,0.8304444,-1.2190988,-0.34185353,-0.028162718,0.335012,-0.20079589,-0.5896733,0.526106,-0.43026483,1.2550057
M3|C00114,-0.4194124,-1.0161698,0.07811474,-0.19073036,0.41438407,-1.3302796,0.086485565,-0.5917131,0.97739977,0.47353563,-0.6694282,-1.3264225,0.10121472,-0.6592092,-0.68361956,1.4228034,0.21922193,-0.6099841,-1.2000983,-0.93077797,-0.23174615,-1.3384557,0.45174032,-0.50055826,-1.1024582,1.1309004,0.9239038,-0.63498366,-1.4867737,0.96507156,0.7553124,-0.90559405,0.53589386,1.6109692,2.3008652,0.072791405,-0.4354845,0.27952647,-1.1101257,1.0106555
M3|C00115,-0.08270505,0.018930808,-0.1699657,-0.36869597,1.029443,-1.3380437,-1.2076237,-0.5547585,-0.032641284,0.86503017,-0.15419778,-0.37133586,0.22920851,-0.34954172,-0.7805364,1.2687575,-0.2246786,-1.2223912,-0.8837786,-1.1787612,-0.9913136,-0.5959701,-0.1438816,-0.10175134,-1.2468681,0.43853846,0.87257075,-0.093394905,-0.8898384,0.7308902,0.11600721,-0.43267012,0.06612702,0.98074377,2.167353,-0.6525625,-0.2423304,0.65588945,0.043124355,1.0599104
M3|C00116,-0.2680848,0.82142365,-0.6660748,0.5248739,0.32405412,-0.4359524,-1.8903383,-0.61692834,-1.0903242,-0.0056143403,0.22186677,-0.47526887,0.5526598,-1.1582217,-1.4278855,0.93587524,1.3639811,-0.0006481707,-0.79312795,-0.5228881,-1.7914371,-0.6218788,-0.86006886,-0.91502595,-0.4040724,1.1926147,-0.5869544,1.093405,-0.45783132,0.0047466457,1.0951904,-1.27621,0.05660604,-0.026979156,1.0367135,0.04592298,-0.054617062,0.57505566,0.6409682,0.6551166
M3|C00117,-0.4537283,-0.30835772,-0.13127103,0.44227064,0.730598,-0.81635094,-0.6147277,-0.76389337,-0.5084632,0.60034895,-0.7409358,-0.80126834,0.6856432,-0.64765096,-0.67605436,0.7131241,0.3353159,-0.32005134,-0.95862967,-0.5736961,-0.8899373,-0.4636822,0.29552037,-0.72073036,-0.31142902,0.83894795,0.35943973,0.72635007,-0.5075104,0.3956171,0.7062471,-0.48345912,-0.5429607,0.59832895,0.68184274,0.4160446,0.08683604,0.37914646,-0.10662364,0.6777667
M3|C00118,-0.49204996,-0.4340314,0.17957687,-1.1902163,0.24809816,-0.5120767,-1.6791055,-0.68422186,-1.2308997,1.0065707,-1.2229692,-0.86070764,0.23884743,-0.88032675,-1.0020697,0.32335225,0.7375831,0.49267367,-0.8662208,-0.8834961,-1.2590585,-0.6593318,0.59469223,-0.29209602,-0.27649188,0.82015043,-0.43200618,1.1488087,0.6415002,0.93451077,0.2888223,-0.79734826,-1.3094288,0.26350933,1.4352794,1.2994554,-0.055521637,-0.29833412,1.0733361,0.6336678
M3|C00119,0.13004403,0.87701553,-0.7874383,0.8283812,0.14986125,-0.17244607,-3.3212433,-0.23149137,-1.7889507,-0.41416326,0.24468024,-0.33530867,-0.20870441,-1.6055865,-1.9066674,0.67508656,2.4249163,0.16961575,-0.70649666,-1.3343812,-1.8984799,-0.7585193,-1.6124592,-1.3796613,0.07109162,1.0899324,-1.2304007,1.5747142,-0.39445376,0.28590676,1.579872,-2.0191102,0.48511386,-0.4865893,1.3053288,-0.53346145,-0.45472822,0.41431838,0.6790796,0.9930372
M3|C00120,-0.120678715,0.4064633,-0.34139708,-0.8197181,0.41654247,-0.28159636,-2.452444,-0.5575465,-1.5077558,0.8391905,-0.45033067,-0.54137653,0.020163953,-0.47650334,-0.89171207,1.1275712,1.0352962,0.6148323,-0.8433644,-0.5121356,-2.3671174,-0.59093904,0.3585462,-0.30628997,-0.37658077,1.3599777,-0.5709195,1.6271074,0.5017204,0.3876354,0.62203693,-0.8720791,0.1735283,0.26923782,2.1784873,1.0275254,0.7651859,-0.22036903,1.3018557,0.40003723
M3|C00121,-1.5590448,0.32970953,-0.16763225,0.56288445,0.2949904,-0.6690253,-1.1452388,-0.9634391,-0.9623157,-0.7810173,-0.032596678,-0.72813326,0.14025831,-0.8849911,-1.2535833,0.98719895,0.676304,0.28743958,-1.2162561,0.2889834,-0.89004916,-0.60858417,0.736255,-1.4397168,-0.13059911,1.5477322,0.3996991,0.5887637,-1.6440551,0.23215675,1.5085591,-1.195762,-0.341702,1.0612175,-0.26127762,-0.5185548,-0.3216414,0.4382952,-0.080246225,0.020515606
M3|C00122,-1.7330244,0.55586815,0.088229485,1.4160732,1.5047823,-1.3801692,-0.8388188,-0.71606606,0.49118108,-1.2926735,-0.14350268,-1.574756,-0.674238,0.91804,-0.29823118,1.3620762,0.17644632,-0.6950971,-2.3873286,-0.23376514,0.27544656,-0.105180845,1.7388881,-1.325341,0.42076355,0.91714096,1.0585146,0.86673665,-2.1243691,-0.44688433,2.3642209,0.15043582,0.53469324,2.0914068,-0.4144739,0.38197416,1.3148704,1.0623143,-0.24030253,0.5003253
M3|C00123,-0.8266441,-0.50161636,-0.8477436,2.0540009,0.87969196,-0.7303527,0.7958095,-1.4584541,0.26582614,0.6194669,0.0719126,-0.5949744,1.3470541,-1.2031858,-0.007320944,0.91301763,1.3254414,-0.009257741,-1.1378131,0.6737629,-1.0993857,-1.1913705,0.9279117,-1.4349246,-0.18598603,1.1460543,1.219194,0.47414446,-1.7264389,0.14409645,1.1290904,-0.057240687,-0.28516886,1.0759816,-1.5055401,-1.1061611,0.4731813,0.21891755,-1.7793701,-0.38078007
M3|C00124,-0.52817714,0.5050835,-0.63042015,2.3298326,1.092135,-0.71780914,-0.34031236,-0.9867842,0.5244761,0.8439565,0.66768086,-0.5123437,0.90151876,-0.5453321,-0.31245133,0.7276453,1.0962359,-1.1547037,-1.0520484,0.7932963,-0.57226884,-1.4133817,0.4055013,-2.904433,-0.008182399,0.5712076,0.30218744,-0.6367228,-1.526626,-1.461962,1.3795204,-0.5491614,0.47139347,0.56244165,-1.5531223,0.13483307,0.54534775,0.6619157,-0.33137903,-0.3467252
M3|C00125,-0.7968941,0.5034728,-0.6601644,1.1110177,-0.22077002,-0.38269627,-2.310412,-0.63293517,-1.6731806,-1.232735,0.5625537,-0.43374348,0.34601635,-2.172074,-2.081821,-0.012349173,2.3420572,0.44751897,-1.2164857,-0.730027,-1.3311383,-0.8580946,-1.1900728,-2.1422806,0.09785627,0.663917,-0.6258663,0.9869194,-1.4304825,0.21081953,1.9613373,-2.4335465,-0.53481746,-0.47835577,-0.2591526,-1.5353714,-1.7908118,0.3900085,0.464956,0.6397557
M3|C00126,-0.33229697,0.19224197,-0.851413,0.60446405,1.6143838,-0.96110123,-1.1193776,-1.3561258,-0.5299268,0.8568549,-0.038362533,0.27002946,0.76852864,0.009851202,-0.45467725,1.6974595,-0.22043267,-1.1117898,-0.70988345,-0.18382293,-1.2643942,-0.23270462,0.55511814,-1.1769571,-0.3383261,0.7694816,1.35971,0.10980484,-1.1178652,0.25947154,0.21081093,-0.026010364,0.024530917,1.3359765,0.26672032,-1.1543924,0.6464284,0.36779404,-0.6306631,0.505841
M3|C00127,-0.7194852,-0.43688214,-0.44163984,1.401821,1.8594743,-0.5114467,-0.27439028,-1.1250176,-0.95597917,0.79855716,-0.08190666,0.0010089427,1.7104396,-0.41244516,-0.3574732,1.3392631,0.2348052,-0.9006946,-1.2427295,0.1326697,-1.0660965,-0.54711825,0.34766048,-1.5439848,1.0106791,0.80859214,1.0622332,0.37246907,-1.5493217,0.7370695,1.2450593,-0.4230172,-0.14849363,0.7777515,-0.06764771,-1.5517198,0.69628316,0.46987343,-1.1044494,0.38040522
M3|C00128,-0.7248481,0.5507747,-0.5062774,0.6061877,1.0463148,-0.8376023,-0.24405183,-0.9061918,0.64957625,0.5338836,0.34810513,0.06416604,0.47903338,-0.8380986,-0.4578871,1.4926178,0.4614607,-0.8517055,-0.88684607,-0.2629159,-1.2705276,-0.9966554,0.24722593,-0.97303796,-0.93111074,0.86240953,1.2541822,-0.3004984,-1.9524523,0.31703752,0.7338704,-0.7774495,0.68168724,1.0474874,0.85830986,-1.3183179,0.07813673,0.7637384,-0.948337,0.24715853
M3|C00129,-0.74268323,-0.7578048,-0.06872298,0.27479863,0.48166686,-0.93764323,-0.17309158,-0.59040606,1.5275115,0.4721249,-0.7166518,-1.1506463,-0.5110345,-0.8427418,-0.06642833,1.5564886,0.4160244,-0.47983876,-0.6484481,-1.0022664,-0.618958,-1.3235722,0.5637259,-0.7438683,-1.3632104,1.1342518,0.9083478,-0.3046976,-1.6590695,1.111818,1.0832471,-1.6843573,1.2154226,1.6456535,2.3535168,-0.81006515,-0.5658447,0.32795018,-1.5754975,0.72578204
M3|C00130,-0.5426059,-1.1961896,-0.013613183,1.1851788,1.3485768,-1.135485,0.07425851,-0.64471084,0.82978565,-0.4564583,-1.4839145,-1.8142549,-0.66047883,-0.21625067,-0.7734333,0.27765733,0.6734676,-0.5754691,-2.4383185,-1.2248167,0.6775978,-0.6121248,0.4570284,-0.8240424,0.0920129,0.59572965,1.3429177,1.4045224,-1.4377148,0.5980621,2.036877,0.22654547,-0.57039905,1.6717595,-0.13558154,-0.30480874,0.30985102,0.3275786,-0.5661047,0.84302926
M3|C00131,-1.2334721,0.08482484,-0.07232947,0.42893216,1.6026706,-1.8885443,-1.5808401,-0.1026484,1.3664883,0.13466026,0.29047877,-0.5312733,0.12716356,0.24973026,-0.81762254,1.2211369,0.7923328,-2.105247,-1.597497,-2.1349037,0.15300685,-0.8488451,0.80721414,0.3416431,-0.5705204,-0.57690036,1.0261067,0.21253857,-1.5471307,1.1378894,1.1128575,-0.43682438,0.55673504,1.3907195,1.0870378,-0.7848128,-0.26425818,1.4251891,-0.6495731,1.2271608
M3|C00132,0.2359435,-1.2514893,-1.1738548,0.5793692,0.69126564,-1.2060263,1.24183,-0.58129287,0.05831595,-0.6723081,0.12619986,-1.4099827,0.9914245,-0.976919,0.10329569,2.7901983,1.4049337,0.19220665,-1.4350721,0.023808643,-1.2412858,-0.883833,0.74945074,-2.199331,-0.09469268,0.7696023,1.1774781,-0.26065406,-1.1392615,-0.7211475,0.45610648,0.32246256,0.65878695,0.6136552,0.10167942,0.294935,1.7803612,0.45815736,-1.4720578,0.58867824
M3|C00133,-1.3153114,-0.11696623,-0.186948,0.074139476,0.37859863,-0.57450736,-1.2855031,-0.60318154,-1.1336281,-0.33381787,-0.44132137,-0.8430058,0.15822762,-0.69107664,-0.82966155,0.8618068,0.5876559,0.4300113,-1.1743753,-0.03358443,-1.1129191,-0.3468029,0.6316596,-0.84895086,-0.5413695,1.2824029,0.23376763,0.9960202,-0.818742,0.5068691,1.4031135,-1.367645,-0.4831848,0.7742643,0.5652124,-0.0972549,-0.3975579,0.45452702,0.59783053,0.13068382
M3|C00134,-0.05502175,0.05177968,-0.7547,0.48119366,1.5783985,-0.8154467,-1.5315671,-0.8601451,-0.9211598,0.7232835,-0.24146946,0.015487105,0.51434785,-0.22007124,-0.47356692,1.4442285,-0.0372861,-1.123749,-0.5882059,-0.78074217,-1.2295524,0.055077024,-0.02813606,-0.9567153,-0.65699935,0.47945204,0.9337749,0.5065169,-0.6956213,0.49922028,0.4002157,-0.5278368,-0.022581026,0.8858402,0.84844744,-1.0646474,0.13714994,0.53315496,-0.1267202,0.83442485
M3|C00135,0.020880923,-0.013724402,-0.80111164,0.34284976,1.506559,-0.80254114,-1.874019,-0.8351166,-0.9678504,0.77234864,-0.39421815,0.13506523,0.39399022,-0.22826676,-0.61081195,1.3046031,0.08886061,-1.006626,-0.61609626,-0.97149104,-1.2066942,0.050456174,-0.17013623,-0.94789183,-0.48392278,0.47233054,0.81270987,0.48227522,-0.49721858,0.6022514,0.3481908,-0.62341297,-0.1745367,0.7888601,0.9705424,-1.1021643,0.19050086,0.45285165,0.012360603,0.9382082
M3|C00136,0.2835587,-1.1040782,-0.86809474,0.83515334,0.36479867,-0.8723988,0.19064581,0.017870873,-0.0006888658,-0.46422425,0.19602148,-1.5928527,0.8207016,-1.5809333,-0.0836054,2.4598122,1.742117,0.2547278,-1.1759918,-0.69848454,-1.4299567,-0.9095167,0.12249106,-2.0160167,0.18520783,0.4744375,0.56573397,-0.034203812,-1.1034293,-0.3784501,0.66183704,-0.2868892,0.7651962,-0.096248314,0.35586306,0.20383973,1.4658498,0.42198783,-1.2092261,0.88395524
M3|C00137,-0.7675458,0.29473016,-0.42942753,1.8330446,0.974833,-0.7694348,-0.7972766,-0.84426934,0.22869341,0.734684,0.08752717,-0.5801444,0.38933903,-0.4264133,-0.21842912,0.78084326,0.9943433,-0.97376853,-0.8929886,0.17960183,-0.36936152,-0.9592599,0.63991785,-2.4418077,0.08561474,0.8616784,0.30206782,-0.31203064,-1.1184633,-0.8823993,1.2432759,-0.60726684,0.035911962,0.72526866,-1.1710492,0.3504276,0.7219629,0.40375757,-0.21721032,0.030707583
M3|C00138,-0.4591232,0.37986422,-0.44963616,0.27507517,1.2583098,-1.2370441,-0.6341905,-0.8810279,0.3582747,0.60404396,0.3101107,-0.053733468,0.42631847,-0.44472766,-0.6644493,1.5301428,0.12342068,-1.1756729,-0.9771682,-0.4113248,-1.0395564,-0.86475813,0.23328033,-0.856097,-0.91099346,0.61008894,1.4030492,-0.4672338,-1.7102182,0.35650432,0.47475266,-0.34892994,0.52142006,1.3426013,1.1503748,-1.4041569,0.046294745,0.49610758,-0.6766075,0.54405737
M3|C00139,0.122104645,-0.24507788,-0.97895473,2.0670388,0.04740478,-0.25303108,-2.2906346,-0.7625373,-1.1510502,0.14250378,-0.15921071,-0.27550536,0.43262038,-2.4972727,-1.5253342,-0.2920453,3.3903105,0.40227696,-0.9900919,-1.8643783,-1.1754849,-1.1065972,-1.9463849,-1.9598359,0.4391318,0.3024396,-0.9598825,1.0102692,-0.8604668,1.0719275,1.4444194,-2.1238723,-0.7151824,-1.2062508,-0.57842326,-1.5938966,-1.4469713,0.3923117,-0.7143831,1.3554505
M3|C00140,-0.7743155,0.5108138,-1.0559108,1.5157914,1.6817166,-0.5565457,-0.99618,-1.0830939,-0.25559807,0.4985027,0.51521987,0.4029226,0.8344629,-0.7062988,-0.23165187,1.7931477,0.44260505,-1.0285088,-0.5862795,-0.19792548,-1.4712179,-0.45315227,-0.19445871,-1.4856994,-0.28190225,0.9615407,1.2345221,0.054175526,-2.0491211,0.23400086,0.71195215,-0.72656614,0.5701974,0.48025215,-0.2698477,-2.2034235,0.54847467,1.1590503,-1.1281495,0.3613333
M3|C00141,-0.5350125,-0.58402747,-0.2294555,0.92961484,1.6723137,-0.49330497,-0.77298826,-0.6584359,-1.101884,0.7621919,-0.5619775,-0.23101379,1.3506211,-0.56681305,-0.46549615,1.0797983,0.2877175,-0.90007365,-1.081663,-0.5211017,-0.9532301,-0.27902615,0.06284644,-1.3155704,0.6705182,0.70772934,0.6044916,0.66528374,-0.9930313,0.84609926,1.2045594,-0.7815415,-0.51883537,0.6472926,0.44312692,-0.98378086,0.44171068,0.49120867,-0.4830281,0.6347032
M3|C00142,-1.2363715,-0.46201676,0.26354837,0.9523817,1.0706636,-1.2684476,-1.3711228,-0.29583937,0.115526006,-0.79056704,-0.8277917,-1.7238393,-0.91124845,-0.027675882,-0.7897838,0.16972667,0.54995334,-0.77519137,-2.090622,-1.2605371,0.52805954,-0.5272161,1.0332837,-1.0906255,0.32453156,0.45963675,0.69631386,1.1220943,-1.229454,0.2949468,2.1610985,-0.44604582,-0.5075865,1.4466543,-0.12220462,0.42023852,0.20709158,0.6855194,0.1991143,1.0399197
M3|C00143,-0.2262731,-0.9435361,-0.37456468,0.57036,0.643186,-0.5296107,-0.73915416,-0.7788626,-0.5054338,1.1846107,-1.0032133,-0.79085255,0.74397355,-1.3014166,-0.011655524,0.4722919,1.620588,0.5225506,-0.94839036,-0.7924509,-1.0496988,-0.61170566,0.5347344,-0.6163618,-0.29718328,0.692014,0.15620676,1.1384668,-0.18408334,1.0995066,0.6861403,-0.44675416,-1.012113,0.45265305,0.10863414,-0.046157718,0.122476116,-0.38070542,-0.43539292,0.4265976
M3|C00144,-1.022193,-0.4365148,0.028303206,-1.14481,0.44120866,-0.43034902,-1.2854143,-0.94289994,-1.0932454,0.7684034,-0.7578169,-0.72285044,0.41301754,-0.5797838,-0.78275996,0.6142638,0.46489978,0.65500844,-1.1637673,0.056359515,-1.6170567,-0.6940798,1.2532808,-0.47534388,-0.5509018,1.048407,0.19251205,1.1768922,0.037224047,0.5975989,0.5988351,-0.81826264,-1.0439289,0.6471519,1.061869,0.7133199,-0.017510623,-0.23597018,1.1518627,-0.18277568
M3|C00145,-0.44651666,1.0144976,-0.7387703,0.55983615,0.7190786,-0.63813,-0.9041564,-0.95295084,-0.9559644,-0.15008503,0.658091,-0.59699595,0.8065143,-0.4241528,-0.8541333,1.9550364,0.9608213,0.15620026,-1.1049852,0.8373938,-2.4185424,-0.6842658,0.3452856,-0.7447074,-0.58405584,1.9190608,0.15493876,1.2394248,-0.7789834,-0.6316588,1.35506,-0.276105,0.806462,1.0951475,1.0757568,0.3435847,1.2308136,0.30252558,0.43786275,-0.27543113
M3|C00146,-0.3170805,-0.9843089,-0.15344992,-0.46176478,0.68121356,-0.57223284,-0.789711,-0.9023486,-0.34133404,1.6694137,-1.4195911,-0.7353705,0.7710609,-0.8321792,-0.108123526,0.6873969,1.1431543,0.40851697,-1.0451655,-0.591589,-0.89988637,-0.71305233,1.1042385,-0.36549395,-0.045492567,0.8744923,0.19645119,0.86219895,0.06538519,1.0106428,0.018281564,0.11828439,-1.169872,0.7684086,0.43126577,0.7273903,0.6291576,-0.721857,-0.36208612,0.39708844
M3|C00147,-0.9162343,-0.19644128,0.041889444,-0.8543473,0.20059013,-0.5020511,-1.6897331,-0.66959107,-1.0957565,0.6641396,-0.84974307,-0.80434763,0.26498395,-0.7581648,-1.0577815,0.5492878,0.74810857,0.38228804,-0.99379444,-0.43998677,-1.2614534,-0.6790802,0.7641136,-0.53276503,-0.3818376,1.1103721,-0.26015383,1.0735794,-0.041031707,0.7594805,0.5042726,-1.0160018,-0.9638829,0.45763713,0.9991868,0.80630183,-0.2063436,-0.12131332,0.856785,0.3767695
M3|C00148,-0.8043874,0.9856815,-0.29451036,0.72807646,0.806173,-0.70471436,-0.7853491,-1.232253,-0.63908446,-0.4619631,0.037649438,-0.6472566,0.44002068,-0.23760091,-1.0819454,1.7023364,0.28491202,-0.07374868,-1.0961075,0.38571447,-1.3252066,-0.0745565,0.45487142,-0.97735095,-0.12784451,1.9298825,0.34394735,0.81264997,-1.1791166,-0.34564608,1.2992054,-0.19026637,0.36679453,1.4789084,0.5025622,0.41380256,0.92304736,0.32398534,-0.07750411,0.14807262
M3|C00149,-0.57406926,0.67404914,0.16670063,-1.289538,0.8672761,-0.52338123,-1.8170285,-1.0505979,-1.1203846,0.77281535,-0.89455205,-0.6951447,0.075517744,0.23032105,-0.9476415,1.4780841,-0.050845884,0.17173102,-1.0529728,-0.14842357,-1.5688455,-0.05223047,1.1573038,-0.13774353,0.1597496,1.8543751,-0.17269605,1.1869231,0.24494907,0.28411895,0.18045908,0.22148703,-0.2790621,1.2120059,1.851398,1.7702512,1.4955875,-0.3773452,0.8968307,0.5206094
M3|C00150,-0.38338566,-0.7880993,-0.18128258,0.06075827,0.36471933,-0.97173065,-0.55301046,-0.42826656,1.1449054,0.48170105,-0.8413782,-0.9454578,-0.46576494,-0.871008,-0.36408883,1.23733,0.5787189,-0.46866983,-0.7763415,-1.2045826,-0.49771404,-1.1433142,0.23300205,-0.61334133,-1.0942594,1.0464327,0.68271697,-0.43208107,-1.1347564,1.1291176,0.99912995,-1.5806477,0.88332134,1.4515038,2.4712608,-0.51609826,-0.5610029,0.32609504,-1.2593437,1.0285705
M3|C00151,-0.65402883,-0.80054873,-0.35012376,1.1123452,0.94612837,-0.76690686,0.5251426,-1.4422245,-0.043348737,1.2701056,-0.38641796,-0.7636893,1.1492116,-1.0578603,0.00878799,0.88315076,1.1846399,0.16681886,-1.1003969,0.34202576,-1.2931781,-1.3555208,1.1542566,-0.8680739,-0.40198702,1.0753765,0.91242903,0.70390797,-1.0117246,0.5432196,0.65011185,0.15973435,-0.6664405,0.8244468,-0.59700316,-0.43705502,0.5814091,-0.3064372,-1.178463,-0.2730671
M3|C00152,-0.58409804,-0.14195675,0.13973686,-0.33093983,0.70934165,-0.75244707,-0.5654317,-1.0963602,-0.44742432,1.19886,-0.77130735,-0.67602885,0.710294,-0.38600338,-0.71158963,0.96393776,-0.018493164,-0.3581011,-0.847269,-0.2815461,-0.9731022,-0.7850027,1.2715716,-0.69044954,-0.041467667,1.0591334,0.4207183,0.59694576,-0.43538174,0.5873562,-0.033585876,0.035177052,-0.5721565,0.9620376,0.7624951,1.0894418,0.6082763,-0.17275728,-0.29414192,0.5102882
M3|C00153,-0.48249218,-0.4605474,-0.2632189,0.7276149,1.7511208,-0.43083683,-0.91733384,-0.75245434,-1.1010389,0.94055116,-0.5574451,-0.14215231,1.4305971,-0.5212743,-0.49247023,1.0958937,0.24070245,-0.77437425,-1.1815599,-0.4343276,-0.9582324,-0.27539212,0.113720454,-1.3174484,0.90125364,0.7458703,0.61265105,0.5006169,-0.9579514,0.9121022,1.0317174,-0.67729694,-0.4566645,0.71844095,0.6692082,-0.9964899,0.6153013,0.35943738,-0.47485605,0.6904392
M3|C00154,-0.38743702,-0.9498513,-0.2865651,0.3689599,1.7773184,-0.41347647,-0.9704372,-0.6151286,-1.1368858,1.0967382,-1.0102713,-0.3638767,1.0184963,-0.3450883,-0.2556412,0.82398653,0.022171946,-0.59162354,-1.2823507,-0.55090487,-0.98307586,-0.32275853,0.08633192,-0.85873765,0.76222706,0.7217272,0.7521172,0.86717033,-0.36296296,1.0124414,1.1656643,-0.5779251,-0.6862221,0.69780296,1.1055766,-0.87653637,0.6712101,0.25472564,0.011199124,0.75066185
M3|C00155,-0.3697363,-0.8785289,-0.1670909,0.45136213,1.6973854,-0.53882957,-0.73926145,-0.758051,-1.2762583,1.2197578,-0.93055576,-0.25731653,1.3808331,-0.19646099,-0.1494776,0.84354144,-0.06767654,-0.47213343,-1.2171233,-0.47355545,-1.1389039,-0.10727833,0.17884767,-0.6979771,0.5969357,0.64558667,0.6824732,0.820766,-0.29526713,0.98847556,1.0720569,-0.5367102,-0.7722676,0.5520477,1.195892,-0.5658107,0.6205461,0.2952176,0.10557937,0.66232336
M3|C00156,-0.25763762,-0.87319475,-0.07598183,0.35783735,1.6344538,-0.50165343,-1.186621,-0.4346942,-1.1956545,0.9896295,-1.1407549,-0.33062908,1.0528986,-0.44074166,-0.32771632,0.78703237,0.18038537,-0.5818487,-1.1085877,-0.9427103,-0.9318785,0.0065985173,-0.11379802,-0.9266223,0.53154856,0.5859155,0.3702374,0.75521326,-0.26607347,1.0164886,1.0980604,-0.86360455,-0.825311,0.47416008,1.1920353,-0.5331503,0.48217937,0.3363942,0.13652042,0.89016366
M3|C00157,0.05161172,-0.10818295,-0.14413983,0.34121892,0.96137875,-0.56292886,-1.5306237,-0.34298396,-0.08348395,1.8856064,-0.5756657,-0.6983784,0.4092797,-0.21854371,0.19395718,0.20733972,0.7468681,-0.6503889,-0.9833548,-0.23088114,-0.8846898,-0.79288936,0.65715164,-1.7636274,-0.14455956,0.19735473,-0.27028185,0.1986834,0.3879898,-0.67725164,0.6952546,-0.5813487,-0.44551247,0.24031892,0.6218817,1.6218147,0.75421876,-0.092374995,1.3628076,0.28761554
M3|C00158,-0.4801528,-0.3469229,-0.3390671,0.50740963,0.5821609,-1.0225861,-0.09355055,-0.79050094,1.5500358,0.65919113,-0.50274545,-0.7908056,-0.30746573,-0.7412061,-0.030647356,1.2187767,0.3501737,-0.6797044,-0.603415,-0.5179758,-0.72774565,-1.1795493,0.73676336,-0.82113045,-1.345063,1.0401856,1.0025208,-0.41349694,-1.2830471,0.63193953,0.90122455,-1.1619881,0.84818333,1.728177,1.6095523,-0.68199575,-0.12438704,0.43924582,-1.4036078,0.5038254
M3|C00159,-1.4984231,0.20129186,0.92046076,0.58095163,1.1761948,-1.486234,-2.0027897,-0.32307532,-0.23253053,-0.92655253,-0.76258934,-1.6153995,-0.80531895,0.5533676,-0.66362333,0.8037233,0.5581335,-0.4312604,-2.1921167,-1.5351365,0.36480975,0.41678947,1.4990665,-0.94925094,0.43584466,0.27068976,0.08787905,1.0762304,-1.3515654,0.3613636,2.0082235,-0.4148205,-0.37392557,1.4091393,0.45005947,1.2496545,0.5027458,0.5257436,0.56698036,0.96749187
M3|C00160,-1.4698339,0.8853892,0.6035061,-0.073869534,1.1655165,-1.1302681,-1.4513681,-0.89256763,-0.37089467,-0.7405436,-0.46329373,-1.1371359,-0.3164847,0.56257933,-0.754343,1.754979,0.21030591,0.034780093,-1.9100844,-0.52871346,-0.36814338,0.2010161,1.723298,-0.87059695,0.35804385,1.1910179,0.27514458,0.9979631,-1.6601781,0.30329925,1.2930248,0.023409754,0.23864107,1.6663629,0.8335484,1.0263734,1.1615012,0.31962192,0.034560226,0.51357293
M3|C00161,-0.08036567,-0.017110221,-0.7192764,0.381307,1.4600168,-0.6231196,-2.1912913,-0.62654936,-1.1523492,1.0601941,-0.16605228,0.085424334,0.42892665,-0.6189265,-0.58368653,1.1468621,0.40790278,-0.7638137,-0.44470927,-1.2272464,-1.5886695,-0.26106906,-0.5562902,-0.5434829,-0.5137901,0.4882841,0.60612166,0.71047235,-0.43536767,0.69204086,0.28074634,-0.8577624,-0.06814831,0.05566064,1.1788574,-1.2150449,0.21729386,0.5353123,0.1281429,1.0638658
M3|C00162,0.07522707,-1.4215586,-1.0637592,0.6807485,0.46376866,-1.0301332,0.5691417,-0.6487633,0.00723128,-0.471876,0.2058519,-1.8807479,0.7887415,-1.0773135,-0.24661806,2.6418374,1.1444073,0.033611335,-1.2160968,-0.38758382,-1.1989596,-0.63806784,0.2926597,-1.448282,0.02514983,0.7233542,0.9589807,0.25509834,-0.6310012,-0.7846241,0.14249943,0.13460912,0.63898593,0.4323066,0.10562658,0.26532984,1.5653601,0.5429547,-0.9951769,0.41171712
M3|C00163,-0.50888324,-0.83094186,-0.62568843,1.3827646,0.88196754,-0.6866599,0.019374058,-1.1626751,-0.34038207,0.83211994,-0.39457703,-0.7116734,1.0233781,-1.1680933,-0.07949991,0.7744041,1.6160427,0.22717714,-1.2081605,-0.20684882,-1.2769834,-1.0164053,0.34636897,-1.0222893,-0.3537385,0.7552769,0.63140756,0.8187783,-0.8927062,0.6432972,1.1557578,-0.46193004,-0.62012535,0.41587836,-0.40841794,-0.76289713,0.17099985,0.18679948,-0.80882376,0.09808241
M3|C00164,-0.9313815,-0.30065736,-0.19001424,-0.12686473,0.40261698,-0.65427274,-1.0559837,-0.7677825,-1.1494743,-0.055024862,-0.3657334,-0.8053577,0.47546336,-0.9900051,-1.0666014,0.42295626,0.84998864,0.29971778,-1.3443462,-0.058977723,-1.3554338,-0.8383386,0.33086598,-0.8983028,-0.39431685,1.0251818,0.263788,1.1982716,-0.5321497,0.29071784,1.3149215,-1.0544555,-0.87346816,0.5419924,0.6496039,-0.24709848,-0.44898558,-0.022279888,0.8554425,0.12288718
M3|C00165,-0.5394765,-0.89548737,-0.78081286,1.702571,0.5654435,-0.5632266,-0.60394776,-0.80819285,-0.15921262,0.4669964,-0.7324387,-0.7799524,0.77364945,-1.5155232,-0.3793311,0.69413346,1.9180723,0.35301045,-0.93817455,-0.49693012,-0.7221239,-0.8565641,0.012509108,-1.289407,-0.17052165,0.91088086,0.40382278,0.8241273,-1.1162695,0.7635469,1.2989308,-0.8431446,-0.6078424,0.7008528,-0.9553621,-0.9692786,-0.08168606,0.30594605,-1.39492,0.3830757
M3|C00166,-0.83011293,-0.78008544,-0.43150678,1.2937477,0.7478764,-0.8075378,0.45844465,-1.2107719,0.04651728,0.7668265,-0.73392737,-0.7881831,1.166955,-0.8371663,-0.22869521,0.9103413,0.8804358,0.061024852,-1.1400888,0.1897272,-0.5510347,-0.8147789,0.99201053,-1.1165255,-0.08899252,1.2152706,0.96927816,0.5592396,-1.2572019,0.41197005,0.89651865,0.061654106,-0.67408305,1.2441493,-0.8770654,-0.14745799,0.40158525,-0.018991277,-1.2997687,-0.02061674
M3|C00167,-0.74136376,-0.91042167,-0.48144215,1.2169154,0.7596166,-0.80839956,0.47004443,-1.1586397,0.13265641,0.65645504,-0.79951656,-0.89584625,1.0768268,-0.89817715,-0.1401978,1.0323228,0.92707926,0.2177512,-1.1243737,0.09159733,-0.6882515,-0.79119956,0.9609277,-0.99888027,-0.30944633,1.1633036,1.0016221,0.5908098,-1.1898817,0.5090809,0.9187454,-0.048609972,-0.59652543,1.2391456,-0.7528737,-0.2896821,0.4771339,0.10030873,-1.3662622,0.027633637
M3|C00168,-0.89442676,-0.35326442,0.43254253,0.9498675,1.8231688,-1.5192554,-2.1018376,0.014811143,0.015457276,-0.06139067,-0.6413466,-0.7637377,0.19300957,0.38334256,-0.6624551,0.6917948,0.50997686,-1.9061104,-1.7513005,-2.3868551,0.5290762,0.5777759,0.91438824,-0.8346202,0.8606172,-0.6165144,0.38866717,0.7506641,-0.89419246,1.0022082,1.6877506,-0.49210393,-0.38942146,1.1107589,0.46544176,0.5558821,0.098226175,0.75844306,0.041432984,1.6074437
M3|C00169,-0.25949302,0.14727825,-0.5481884,1.9048332,1.0497217,-0.6795034,-0.87169254,-0.6074022,0.1791057,0.9794706,0.12623073,-0.65122634,0.6155466,-0.51539725,-0.15161009,0.4388383,1.0744965,-0.9227343,-0.987913,0.19095354,-0.6026436,-1.0290686,0.10267682,-2.48779,-0.22994477,0.30617774,0.0311796,-0.296533,-0.75949657,-1.1297394,1.4010072,-0.8739033,0.19779952,0.24362965,-0.73676056,0.42664132,0.33871275,0.62752664,0.3742895,0.002589196
M3|C00170,-0.41047785,-0.9212866,-0.6011325,1.312865,0.84810704,-0.63922685,-0.16030484,-1.1650804,-0.41271934,0.9454404,-0.4759193,-0.65695995,0.9307398,-1.2434793,-0.0073780343,0.6156131,1.86954,0.4224216,-1.2316095,-0.30591908,-1.3689545,-0.9828759,0.40232384,-1.0186291,-0.41860092,0.64155155,0.50378793,0.8907914,-0.70500535,0.81827664,1.1435336,-0.60777265,-0.7431965,0.2882504,-0.3168155,-0.73785496,0.086168945,0.03657183,-0.69486386,0.027317852
M3|C00171,0.0016089827,0.19827878,-0.3877682,1.4410969,0.87112254,-0.5945907,-1.3025045,-0.35929883,-0.0015327409,1.2488359,-0.033416376,-0.61230373,0.6330919,-0.6282949,-0.044804372,0.1730643,1.1098324,-0.8695353,-1.0178647,-0.12877932,-0.7216539,-0.7999921,0.07252083,-2.3951898,-0.07571533,0.17656356,-0.21662004,0.003256455,-0.4370619,-0.9858146,1.1876163,-0.9171963,-0.20923677,0.13595311,-0.18835331,0.829828,0.33878958,0.32816106,0.78679377,0.28867924
M3|C00172,-0.54512554,0.15837443,-0.22375149,0.89264095,0.76194453,-0.77355427,-0.39943916,-0.9289921,-0.3789681,0.29141045,-0.22876759,-0.7155882,0.733871,-0.8668943,-1.056773,0.8727986,0.35865077,-0.7648214,-0.88858056,-0.25313663,-0.75141424,-0.76537126,0.28731194,-1.2235839,-0.17056952,0.95525336,0.47443223,0.48029125,-1.2108742,0.19363838,0.70782393,-0.45718294,-0.17401572,0.7513997,0.08416429,-0.029457912,0.03184442,0.5494704,-0.789526,0.5877382
M3|C00173,-0.4554982,-0.29053348,-0.12566139,0.44555792,0.72877437,-0.81057006,-0.6212734,-0.7560182,-0.506751,0.57999825,-0.74804914,-0.7933122,0.6582447,-0.6484387,-0.68073165,0.70957375,0.3060878,-0.34189823,-0.94180197,-0.58197796,-0.8834444,-0.4504045,0.3020141,-0.74020535,-0.2957926,0.8422453,0.3652389,0.7236955,-0.5151774,0.39507186,0.70098764,-0.49428332,-0.5226113,0.6001693,0.68963337,0.4160946,0.08429347,0.390374,-0.13496213,0.69757223
M3|C00174,-0.6240011,-0.4146607,-0.037890896,-0.03856302,1.139142,-0.78399646,-0.23372248,-1.0827599,-0.43257934,1.2069643,-0.80934054,-0.60456336,1.0879465,-0.16758011,-0.34841123,0.9790615,-0.21177137,-0.38243952,-1.0670621,0.03813292,-1.0874822,-0.5629315,1.1696367,-0.5982878,-0.0011645928,1.0636804,0.8055303,0.4978161,-0.4321007,0.43608516,0.27034304,0.108679846,-0.5862598,0.98043245,0.65420043,0.60035026,0.90037405,0.12557293,-0.25964338,0.38731876
M3|C00175,-0.30486277,0.22907075,-0.9038206,0.9856569,1.6391618,-0.6691642,-1.4789647,-0.94618964,-0.7194194,0.8472855,0.38716286,0.17034331,0.71078694,-0.6410496,-0.6813961,1.4546411,0.40694252,-1.0727545,-0.5785644,-0.5546077,-1.530744,-0.6979012,-0.36505157,-0.96598303,-0.3800041,0.7597305,1.0401899,0.36839482,-1.2654215,0.29950678,0.41222793,-0.51287436,0.3390782,0.37844884,0.31958222,-1.7813255,0.45285234,0.7035033,-0.63409895,0.6974696
M3|C00176,-0.5292594,-0.97608525,-0.6711674,1.6023444,0.84021276,-0.7099999,0.16939765,-1.1922941,-0.3135347,0.8081826,-0.3926556,-0.6623095,1.0185779,-1.1979234,0.13830924,0.68009204,1.84886,0.41735235,-1.2596182,-0.16684636,-1.3578829,-0.95666575,0.42972815,-1.0630698,-0.47901052,0.6919084,0.69015604,0.865675,-0.93679726,0.7286861,1.3334385,-0.5921622,-0.6696304,0.38108885,-0.55169344,-0.9094161,0.054858927,0.14027537,-0.860057,-0.069775105
M3|C00177,-1.2503462,0.22526035,-0.22560263,0.2166026,0.1146699,-0.63022673,-1.2433866,-0.89033467,-1.0482323,-0.74422085,-0.25048128,-0.8260677,0.41474372,-0.96924335,-1.6186745,0.7728258,0.844001,0.30491045,-1.2095051,-0.08579023,-0.74473083,-0.4935048,0.094265625,-1.1753026,-0.36562985,1.3579241,-0.11009237,0.8303189,-1.2445,0.31654918,1.4346706,-1.3780724,-0.67321,0.881469,0.045655206,-0.13980189,-0.7993694,0.50406367,0.4688121,0.22015218
M3|C00178,-0.15752837,0.7536957,-0.506284,0.74539393,0.5617201,-0.5984999,-1.6727318,-0.61319137,-1.0674595,-0.20723465,0.13269554,-0.6297356,0.41960132,-1.0299271,-1.4848902,1.1037072,1.3377576,-0.103881046,-0.9867494,-0.36141032,-1.5704497,-0.5446456,-0.64721173,-1.0646255,-0.2411888,1.4357864,-0.3353091,1.0955616,-0.75046605,-0.1038751,1.2571625,-0.8863125,0.23452167,0.4377218,0.9217697,-0.048474953,0.23197299,0.3001817,0.29701895,0.5523689
M3|C00179,0.29593304,-1.4705359,0.5107097,-0.31360108,0.5087968,-1.3487408,-0.7962241,-0.64000493,0.12498237,-0.35891685,-0.65376675,-1.1809478,-0.5163332,-1.1923165,-0.3408173,0.61147636,-0.2666969,-0.18924621,-0.6070714,-0.7613995,-1.5412558,-0.6077135,0.39455563,-1.7624716,-1.4766072,-0.41105285,0.79797596,-0.63543284,-0.38316768,-0.004207745,1.1013418,-1.6639602,-0.9767562,0.4307369,0.6072699,-0.34323487,0.5044329,1.0024341,0.10613478,0.56786245
M3|C00180,-0.5135224,-0.69353044,-0.62202406,1.4072385,0.6357278,-0.7113633,-0.29791328,-0.89653695,-0.1348401,0.39193723,-0.6306233,-0.7663989,0.8213453,-1.2603831,-0.4607251,0.80339146,1.4083655,0.09869065,-1.0101534,-0.3978291,-0.6581783,-0.7892226,0.25084502,-1.3335495,-0.16829012,0.9130947,0.553633,0.5813591,-1.1886022,0.5553329,1.0938276,-0.56370544,-0.5623062,0.7707957,-0.69270563,-0.59794056,0.03902858,0.25706452,-1.238578,0.4300084
M3|C00181,-1.4263654,0.09058916,-0.29157153,0.4568904,0.34790915,-0.6470313,-1.0526843,-0.7811687,-0.9755241,-0.6276567,-0.18618213,-0.8028579,0.16444369,-0.7676584,-1.01135,0.86531234,0.5460385,0.3326427,-1.2139565,0.25201285,-0.96336055,-0.4617373,0.6647383,-1.1647893,-0.43744522,1.4044178,0.43996114,0.723122,-1.2716037,0.2674584,1.5411047,-1.2907472,-0.42579645,0.96870726,0.028874919,-0.40059832,-0.3768549,0.5765906,0.24725229,0.012896746
M3|C00182,-0.5410769,0.16239956,-0.3952281,1.4938419,0.89625275,-0.69253695,-0.89986575,-0.5918473,-0.0877576,0.72440183,-0.15648557,-0.68514514,0.41257727,-0.5268396,-0.25595397,0.6307812,0.88775694,-0.8834372,-0.8337526,-0.1769739,-0.5380747,-0.6859597,0.37610042,-1.9381632,-0.07761457,0.6902096,0.15044847,0.1293758,-0.6823907,-0.5934721,1.1002225,-0.6876116,-0.0799341,0.46414238,-0.5012168,0.5228737,0.44156542,0.48710418,0.020849928,0.30797815
M3|C00183,-0.3619572,-0.82514054,-0.26819143,0.16744033,0.41522515,-0.94206905,-0.47348702,-0.392362,1.1019837,0.4670535,-0.82443875,-0.87211037,-0.39502406,-0.8515829,-0.3076653,1.2018024,0.65192723,-0.50378436,-0.76794904,-1.080836,-0.49032825,-1.1451544,0.27781036,-0.6643313,-1.0766004,1.0196272,0.7380401,-0.44900838,-1.0664742,1.0313355,1.0774994,-1.5330983,0.86519736,1.4855686,2.2985508,-0.56233764,-0.45613727,0.31584424,-1.2435658,0.94494355
M3|C00184,-0.48797613,-0.7998511,-0.5614908,1.4378253,0.8283762,-0.7841991,-0.09918735,-1.0657537,-0.2962116,0.62836075,-0.50735354,-0.6902894,0.7317667,-0.9190483,-0.09889514,0.6718031,1.1926631,0.18461436,-1.1923103,-0.20786461,-1.1639795,-0.8005482,0.43107724,-1.0310684,-0.35867208,0.7377249,0.76575726,0.7680509,-0.84013927,0.5390567,1.2034912,-0.5346686,-0.495337,0.5035035,-0.22647797,-0.6490927,0.17033768,0.25406653,-0.77246755,0.15792069
M3|C00185,-0.47877675,0.4748248,-0.9703105,1.2567465,1.5563885,-0.46232805,-1.7279469,-0.843451,-0.65455735,0.5794184,0.289428,0.39346835,0.5910998,-0.8454764,-0.42008913,1.527256,0.6566862,-0.9154757,-0.47093222,-0.8681745,-1.4596636,-0.21407142,-0.6874295,-1.2572788,-0.35541648,0.75521034,0.76191103,0.30828297,-1.5665188,0.566334,0.603143,-1.080388,0.35545886,0.074864164,0.24592985,-2.0472667,0.22472373,1.0440321,-0.6502154,0.76406765
M3|C00186,-0.98882663,0.70761704,-1.014045,1.5253359,1.8310572,-0.67135274,-0.47061494,-1.4409226,0.0038253628,0.637524,0.8132824,0.47375205,1.0920967,-0.5293437,-0.20768204,2.104135,0.15594171,-1.2626362,-0.5848099,0.34445196,-1.453568,-0.7073305,0.32803363,-1.4559076,-0.26868707,1.1924076,1.59142,-0.15746471,-2.3891265,0.034027986,0.45431602,-0.16322233,0.6699643,0.90553206,-0.68809175,-2.1608102,0.9135901,1.019729,-1.534941,0.016680047
M3|C00187,0.2052004,0.061969258,-0.337765,1.0729609,0.8221918,-0.52113783,-1.8575501,-0.11021388,-0.24321516,1.3694367,-0.32764485,-0.64168715,0.37319735,-0.67421174,-0.10600083,-0.055323318,1.2384943,-0.7736466,-0.9497091,-0.5522959,-0.7255679,-0.67243415,-0.20672835,-2.177034,-0.079653785,0.048493147,-0.5559112,0.1836125,0.08580207,-0.8073406,1.1261626,-1.1104245,-0.40933162,-0.13288607,0.30774617,1.0419195,0.25092652,0.24437283,1.2461013,0.53652775
M3|C00188,-0.53661716,0.26263657,-0.24034485,0.09653363,0.755027,-0.7334564,-0.8464971,-0.7734225,-0.85252804,0.37478083,-0.2403265,-0.8006164,0.75801945,-0.5015615,-0.7905101,1.173984,0.5016824,-0.16874911,-1.0077617,-0.13692725,-1.4214733,-0.42173192,0.28530657,-0.5231183,-0.473041,1.2959255,0.055219494,0.9191178,-0.36682996,0.030134745,0.8486705,-0.3879329,-0.21678475,0.67657155,1.0793734,0.6850736,0.4858286,0.36124718,0.5562601,0.3713917
M3|C00189,-0.2966252,0.6375121,-0.46851572,0.29458076,0.9220766,-0.79462785,-1.0791608,-0.5792806,0.42696658,0.50981295,0.26847678,0.03889954,0.16016346,-1.2657037,-0.8255359,1.2315608,0.8469622,-0.84461313,-0.8334994,-1.1462976,-1.21569,-0.90616053,-0.53893524,-0.81259805,-0.9584191,0.6271493,0.80020475,-0.18254548,-1.7388532,0.6686197,0.59343153,-1.1639981,0.60383725,0.6571119,1.5671989,-1.5151794,-0.36457536,0.7083142,-0.6026287,0.77959704
M3|C00190,-0.46839714,-0.25336853,0.2762699,-0.6765224,0.637114,-0.72677743,-0.90982074,-0.8873644,-0.27351174,1.2339568,-0.95874125,-0.803185,0.36202174,-0.3806514,-0.6305619,0.95243174,-0.024726385,-0.3193752,-0.82698,-0.6474415,-0.9801432,-0.70348346,1.0622674,-0.46283215,-0.323305,1.0231088,0.24956776,0.54996604,-0.25562757,0.81494683,-0.022625819,-0.35288486,-0.38503182,0.9093298,1.5373647,1.0882103,0.3900511,-0.14948513,-0.085405916,0.7196919
M3|C00191,-1.1236861,-0.035994336,-0.12075199,0.96756464,2.053761,-1.4652932,-1.0443367,-0.48136348,0.5400394,0.047921583,-0.117880136,-0.52443814,0.6451447,0.3997801,-0.7936799,1.0981784,0.058730893,-2.0655594,-1.7018023,-1.374635,0.2514389,-0.289731,0.7576698,-0.1814765,0.31220818,-0.028913803,1.3690171,0.7995117,-1.6455009,0.8830771,1.3990232,0.14582564,-0.024988756,1.6841837,0.23099813,-0.87476254,0.35182413,1.0813999,-0.65945435,1.0721586
M3|C00192,0.34138015,-1.5246053,-0.6910353,-0.861626,0.2792471,-0.71859205,-0.76303035,-0.31977013,-0.6385954,0.42721373,-0.6319634,-1.6099125,0.38361818,-0.92383045,-0.18754826,2.3306942,1.2627175,0.4331927,-0.97982323,-1.2831722,-1.4137254,-0.32448384,0.5804266,-1.0966469,0.20075683,0.46204922,0.19312243,0.59708357,0.49841374,0.16788371,-0.52647823,-0.20663312,0.14724769,-0.001359798,1.395644,1.2767606,1.4435682,-0.17013119,-0.030983433,0.91880834
M3|C00193,-0.48177642,-1.1951255,-0.5327141,0.8214479,0.89349395,-0.71019924,-0.58706546,-0.8257718,-0.40024868,0.98945284,-0.9888599,-0.8699604,0.7771138,-0.8940329,0.24609536,0.74904025,1.4388353,0.44982615,-1.0462936,-0.4609056,-1.1441863,-0.6107944,0.44862312,-0.6833094,-0.5833402,0.5562789,0.40694964,1.0910395,-0.2787087,0.79685295,1.0265495,-0.66235435,-0.8383855,0.64701444,0.043134496,-0.35775402,0.1539568,0.12224634,-0.37116587,0.25686738
M3|C00194,-0.090585835,-0.8769249,-0.59615195,1.0940776,0.50198215,-0.52613175,-1.2041324,-0.85748285,-0.875965,0.8767109,-0.7377436,-0.59595275,0.66939914,-1.5934832,-0.52546066,0.13408466,2.2237637,0.4731451,-1.1158864,-1.1706728,-1.3829174,-0.82944334,-0.49022442,-1.0181676,-0.22609998,0.4431518,-0.20722122,1.0949442,-0.24593964,1.0917497,1.0776652,-1.2440641,-0.9934766,-0.37332976,0.1952035,-0.61373067,-0.5064661,0.10196109,-0.24790522,0.7385254
M3|C00195,-1.0322349,-0.62198937,-0.20037499,1.0436571,2.0751648,-1.1535883,-0.44687477,-0.71853054,0.5598875,-0.046809554,-0.7151137,-0.56449157,0.7994309,0.06586641,-0.65050566,1.013252,0.047909662,-1.6386452,-1.7718073,-0.7862697,0.17266703,-0.27889118,1.1147295,-1.1410549,0.92360914,0.4103738,1.6137925,0.53976136,-1.647054,0.796796,1.5865701,0.023964316,-0.21274409,1.8476019,-0.23671891,-0.6756661,0.60426426,0.7321884,-1.322237,0.94613326
M3|C00196,-0.98107165,-1.4470793,-2.3360338,0.570584,0.6065535,-0.83925515,1.0555515,-1.2692848,-0.9626247,-1.3166531,0.6259143,-0.97269547,-0.42911887,-0.93821895,0.07896767,2.1084578,2.0118532,-0.9616126,-0.6191931,-1.6654031,-0.6585219,-0.6728101,1.9109234,-1.726914,0.33685297,0.99579763,2.3247337,0.21196237,0.4331493,-0.41795272,0.52574164,-0.014080673,0.6680603,0.7918098,-0.19935708,0.1892126,0.7389414,0.45753306,-1.2377158,0.7553232
M3|C00197,-0.4052651,0.69983035,-0.838782,1.231838,0.63649654,-0.53615254,-1.1541852,-0.7886344,-0.85859984,-0.31026572,0.50932485,-0.5522584,0.54254735,-0.7947008,-1.034184,1.3405824,1.2444268,0.018475197,-1.0931709,0.28166276,-2.0253434,-0.8099265,-0.22149424,-1.1477517,-0.45001215,1.5484657,0.16149913,1.1738569,-1.11465,-0.45043844,1.6828594,-0.9193777,0.7208321,0.6979697,0.5970901,-0.45368406,0.5508519,0.61704266,0.090988286,-0.025856674
M3|C00198,-0.4022721,0.28570634,-0.7038642,0.8344174,1.4473273,-0.5467192,-1.3903941,-0.7763249,-0.6874531,0.546836,-0.07904063,0.15067163,0.44490474,-0.62953585,-0.4846713,1.3049799,0.3268733,-0.90642756,-0.6442215,-0.86075747,-1.1691082,-0.072996005,-0.36366898,-1.0981274,-0.33281535,0.6923512,0.7121997,0.35096782,-1.2251328,0.6316099,0.60489434,-0.9168789,0.09245376,0.2936815,0.6097506,-1.4381744,0.18982267,0.86532354,-0.3685543,0.76171136
M3|C00199,1.0563438,-1.6221756,-0.42602453,-1.0092907,0.08360474,-0.45237917,-1.8277663,0.9097345,-1.2209424,0.17141336,-0.9605348,-1.769361,-0.079635054,-1.7470698,-0.3429654,1.6746632,2.1180382,0.5991725,-0.8187654,-2.4928343,-1.5077235,-0.34809807,-0.68010616,-1.0352628,0.08561145,-0.10571586,-0.8037944,0.8699131,0.996562,0.69432175,0.063759685,-1.063612,-0.0003398955,-1.2021743,2.5045059,1.2273983,0.8077305,-0.12511633,0.49650794,1.8489984
M3|C00200,0.2244659,-1.4021112,0.77699286,-1.1836007,0.37445343,-1.1814308,-2.2121172,-0.48959365,-0.07471444,0.5243869,-0.95622253,-1.3719884,-1.2277176,-1.6919341,-0.49434364,0.19820811,0.10907795,-0.37663463,-0.08895198,-1.6437155,-1.426336,-0.7784035,0.5627349,-1.2459563,-1.1372261,-0.022660635,0.25961393,-0.62071,0.57640475,0.19482994,0.20458329,-1.6521988,-1.2868408,0.09652006,1.3884726,0.29730365,0.51163363,-0.17803945,0.6935539,0.9365691
M3|C00201,-0.067696586,-0.770773,0.44448808,0.10848937,0.77445644,-1.0427895,-0.799411,-0.74707395,-0.29640818,0.08629652,-0.50179267,-1.0339942,-0.40540546,-1.3107944,-0.2709324,0.40745476,-0.33344367,-0.57906413,-0.1998153,-0.63532525,-1.3516406,-0.5510654,0.9178669,-1.6945946,-0.88296264,0.17327538,0.86451554,-0.32095125,-0.17662296,-0.26677987,0.7452315,-1.0505993,-1.0384858,0.32452193,0.21673656,-0.033711135,0.8623732,0.37012488,0.041044004,0.4479431
M3|C00202,-0.24256442,1.0545305,-0.6934282,0.7938901,0.502639,-0.37334424,-2.0086029,-0.52068996,-1.2757893,-0.33076414,0.5076523,-0.41910392,0.57404506,-1.4534717,-1.5059654,1.0058084,1.8262074,0.0041767806,-0.897836,-0.59791213,-2.0694084,-0.5509083,-1.2199813,-1.0760221,-0.18055898,1.2804615,-0.7251464,1.2964483,-0.6665782,-0.114064395,1.5624992,-1.4007132,0.40020204,-0.17693721,1.1389525,-0.08242184,-0.120076835,0.58244413,0.6690303,0.65740585
M3|C00203,-1.0545185,-1.1344103,-1.9073048,0.09998274,0.3139401,-0.8690728,0.5565536,-0.9585665,-1.555041,-1.1643503,0.6959975,-0.8396679,-0.11382964,-1.2953033,-0.18115976,1.7641926,2.387448,-1.342677,-0.06018126,-2.560683,-0.710628,-0.35372204,1.875546,-1.3374459,0.06379986,0.703494,1.4610715,0.11437917,0.9889504,-0.002087161,0.42896587,-0.68616,0.0646555,0.49081606,0.27126926,0.5868588,0.2523254,0.42147988,-0.72165537,1.0465782
M3|C00204,-0.05417592,-0.6793601,-0.51110584,0.80286646,0.3484045,-0.3173573,-1.6972531,-0.51036286,-0.84471774,0.8477199,-0.88621926,-0.6535872,0.27082416,-1.8742528,-0.7392312,0.0110952705,2.384752,0.3962576,-0.76267034,-1.5045902,-0.99023694,-0.782657,-0.49914777,-0.9817837,0.032534905,0.63419753,-0.4941311,1.2107129,-0.21725747,1.2333393,0.86416286,-1.207355,-0.9674273,-0.26760578,0.16650797,-0.5503924,-0.5231566,-0.22490488,-0.4219577,0.93210006
M3|C00205,1.0672534,-0.5700829,0.05752092,-0.7549028,0.76095,-0.91033673,-1.6269572,0.0961979,-1.6008834,-0.9044925,-0.90809864,-0.31148973,-0.21469453,-1.4974062,-1.2949084,0.43205267,1.3382345,0.054229327,-0.87116206,-1.2560892,-1.5188184,-0.9411474,-0.3877498,-2.7865388,-0.166729,-0.3287531,-0.4737857,-0.20335135,-0.2028487,0.4747012,1.3713149,-1.5632366,-1.2058966,-0.6120699,0.98729825,-0.021732286,0.60206664,0.76742136,-0.025997683,1.8508663
M3|C00206,-0.057214253,0.004003495,-0.4481893,1.6982932,0.8845276,-0.59584177,-1.3769059,-0.33593202,-0.110860184,0.9909402,-0.15919413,-0.70441604,0.41376746,-0.5811496,-0.092865795,0.26356733,1.2471927,-0.78369385,-0.8942508,-0.370692,-0.6752396,-0.7473207,-0.23582803,-2.3298562,-0.26993412,0.12138572,-0.3608452,-0.028829724,-0.31045666,-0.88923454,1.4697052,-1.2450588,-0.029900864,-0.07945977,-0.22129016,0.6656668,0.074148074,0.60238516,0.80932283,0.3373286
M3|C00207,-1.0671532,-0.23897177,-0.07725579,-0.45727953,0.45951968,-0.5821373,-0.9733149,-1.0941292,-0.9272021,0.4097578,-0.49394262,-0.62280667,0.5335511,-0.68879926,-0.92634207,0.7134966,0.5587675,0.42767105,-1.0746046,0.023017362,-1.340672,-0.77959794,1.0321745,-0.8411474,-0.42458427,1.057233,0.32941085,0.94196486,-0.5316019,0.5375969,0.8301531,-0.83460546,-0.8805481,0.78058255,0.57606936,0.33006316,-0.11432484,0.025398083,0.6189898,-0.08580327
M3|C00208,-0.45672885,-1.0131544,-0.7464435,1.4642045,0.75071096,-0.85813266,-0.24637127,-1.1456647,-0.341344,0.7443141,-0.6095502,-0.68097043,1.2624602,-1.2772167,-0.2735877,0.7146794,1.9893094,0.30765712,-1.1282804,-0.47623742,-1.026567,-0.99230343,-0.13562046,-1.0179847,-0.28949523,0.61964977,0.31601667,0.8525512,-0.7417178,0.6105286,1.0906572,-0.5788677,-0.861196,0.3997336,-0.6397158,-0.86633873,-0.13860051,0.10982499,-0.9053363,0.3426349
M3|C00209,-0.3191428,-1.1096356,-0.493441,0.79844856,0.88930196,-0.6200272,-0.35363266,-1.0033743,-0.4318771,1.0725434,-0.8418583,-0.85339224,0.47862712,-0.9345843,-0.015578646,0.52279705,1.320187,0.30028772,-1.2211739,-0.40876395,-1.2611766,-1.0211244,0.51406413,-0.6976245,-0.42337763,0.70679563,0.62844294,1.1747947,-0.28307706,0.85033506,1.0409738,-0.4040156,-0.7966172,0.47849172,0.19462532,-0.37895194,0.2565993,-0.04881662,-0.3592364,0.16283321
M3|C00210,-0.16813472,0.07255753,-0.45404243,1.8655713,0.9967215,-0.69964707,-0.8929205,-0.3763011,0.033930287,0.89013433,0.0023991466,-0.7277746,0.66043353,-0.5768733,-0.08066262,0.4180773,1.1293293,-0.9160999,-0.9877653,-0.044423565,-0.55012333,-0.8607143,-0.1332875,-2.3817258,-0.25894862,0.32668743,-0.117017895,-0.22325337,-0.6788757,-1.1539819,1.545387,-0.91157407,-0.019196093,0.22554621,-0.56290543,0.5631136,0.32176122,0.74313843,0.5521666,0.13092344
M3|C00211,-1.4435093,-0.11622966,-0.055755883,-0.82142043,0.4193645,-0.669995,-0.7007718,-1.1705425,-0.77496463,0.38387263,-0.5065119,-0.77814186,0.6029754,-0.16177592,-0.76208866,1.199942,0.04784575,0.4826062,-1.2562186,0.75729525,-1.2603824,-0.66635555,1.7768105,-0.61926866,-0.5376397,1.6188635,0.5345992,0.6623895,-0.69296277,0.38473076,0.5583799,-0.49427855,-0.74486196,1.3875908,0.38621408,0.7095901,0.43703297,0.019420065,0.55415344,-0.35375443
M3|C00212,-0.9536641,0.49821162,0.80135256,-0.8685087,1.0899206,-0.9306926,-2.287355,-0.46912646,-0.98404795,-0.29827157,-1.1441907,-1.2644258,-0.52880913,0.6131763,-0.8106144,1.3258198,0.33160043,0.4268234,-1.8511673,-1.321508,-0.5792805,0.55051386,1.0417979,-0.1992286,0.1353685,0.8793022,-0.337238,1.4672837,-0.54765266,0.7634687,1.0560137,-0.40508002,-0.26068422,1.0062518,1.99495,1.4490145,0.949936,0.26898873,1.0050794,0.9356297
M3|C00213,-0.28437796,-0.22176638,-0.21124798,1.4017187,1.1713431,-0.63506657,-1.1850352,-0.16079175,-0.17572688,1.0943073,-0.42305678,-0.90631795,0.20515417,-0.449498,0.28210884,0.35300118,0.8897675,-0.87723714,-0.79530704,-0.322434,-0.5530993,-0.46314314,0.07184622,-2.047391,-0.51982296,0.38076717,-0.13871206,-0.05146557,-0.06575306,-0.8836354,1.4834028,-1.1085857,-0.28768042,0.16486058,-0.16396706,0.7531054,0.4107713,0.5687907,1.0441895,0.15109676
M3|C00214,-1.3725121,0.15111426,-0.43752366,0.66693497,0.6035199,-0.5617915,-0.24005836,-1.2126145,-0.55959207,-0.27435097,0.30349135,-0.5133951,0.86789167,-0.8379447,-0.95675087,1.0357797,0.7307526,0.055721395,-1.1781731,0.7211262,-1.1220248,-0.8583419,0.94224226,-1.5375352,-0.36261213,1.218354,0.71642184,0.5448721,-1.6954248,-0.005694777,1.326323,-0.82027113,-0.27704424,1.0081536,-0.593611,-0.5746906,-0.17636983,0.47563595,-0.22180276,-0.49849644
M3|C00215,0.87688774,-1.1291641,-1.1571486,0.39512807,0.31434026,-0.9629057,-0.36977017,0.08948979,-0.7880121,-0.96575785,-0.06537117,-1.3626244,0.4029212,-1.7466421,-0.65125334,2.186792,2.486062,0.35194388,-1.2023098,-1.3142027,-1.1957695,-0.8344521,-0.7292345,-2.392317,0.04739722,0.34197745,-0.06285708,0.0842419,-0.5644805,-0.24547115,0.65378946,-0.7064984,0.4275003,-0.48984808,0.7960479,0.19338804,0.86572766,0.479501,-0.86053663,1.5124102
M3|C00216,-1.4457157,-0.009389587,-0.04574246,0.14503357,0.45007706,-0.6393682,-0.9907413,-0.6782078,-1.0821102,-0.5296142,-0.3353478,-0.9576317,0.08817321,-0.63586986,-0.831237,0.955645,0.3400288,0.31086856,-1.1883445,0.18650319,-0.9809471,-0.32377642,0.86346644,-0.9234006,-0.5698065,1.3759904,0.43227744,0.8794763,-1.1222496,0.36364204,1.4689395,-1.1890202,-0.4321537,1.027615,0.37208456,-0.12746358,-0.3171237,0.45683986,0.43406236,0.0065683722
M3|C00217,-0.14529932,-0.5306681,-0.873523,1.8044562,0.37619042,-0.3710991,-1.5466119,-0.8147873,-0.9199802,0.35162014,-0.33105734,-0.4190181,0.46813527,-1.944864,-0.822336,0.043720037,2.7664568,0.4658241,-1.0793887,-1.3667713,-1.227259,-0.89643073,-1.0863445,-1.5519414,0.087764084,0.43712953,-0.3624801,0.9992858,-0.7604532,1.0103893,1.4816488,-1.6829393,-0.66499484,-0.64347166,-0.35544217,-1.3177781,-0.88188374,0.37643093,-0.6064133,0.89057267
M3|C00218,-0.21415462,0.034715943,-0.21066442,0.5365722,0.45412612,-0.5939175,-1.6300818,-0.57154524,-0.8565717,0.32820678,-0.6803105,-0.63468766,0.29725948,-1.1267562,-1.2631485,0.36993104,0.8797762,-0.40326816,-0.77477366,-1.241209,-0.81005305,-0.45192343,-0.4533797,-1.1175593,0.060762025,0.6847414,-0.26420158,0.79771173,-0.4698168,0.61147726,0.69269216,-1.1007384,-0.50963986,0.053659745,0.7720996,0.18234318,-0.4452367,0.43601304,-0.13932449,1.2197505
M3|C00219,-1.4315999,0.23738584,0.5502228,1.4307697,1.2731802,-1.6204038,-1.4623197,-0.5253056,0.0878001,-1.1822866,-0.32908264,-1.6518708,-0.7259482,0.57015043,-0.7486236,0.6983545,0.50388604,-0.89053255,-2.2950814,-1.1748748,0.70614576,0.0009681955,1.2664138,-1.2562128,0.5568376,0.30951267,0.5494744,0.8673668,-1.691228,-0.08283253,2.3057485,-0.118529975,-0.18033703,1.6642392,-0.24513008,0.72006273,0.5943218,0.83134115,0.1593869,0.88193166
M3|C00220,-1.194227,0.7103144,0.5063517,0.4566606,1.1334301,-1.1576216,-1.4151576,-0.6348747,-0.59105015,-1.0500971,-0.53447825,-1.2437084,-0.18780038,0.41899008,-0.79527235,1.5480559,0.381907,0.08743722,-1.8885949,-0.83589166,-0.376077,0.47440785,0.80077887,-0.7537258,0.04270255,0.92212296,0.144804,1.1306062,-1.5537828,0.22877532,1.7065837,-0.41553622,0.16405429,1.2633877,0.9824518,0.6185163,0.7301268,0.7852134,0.20026606,0.7158139
M3|C00221,-0.14786288,0.2066356,-0.578249,1.9446,1.0199885,-0.56359005,-1.163216,-0.52493745,0.05801395,0.9360955,0.13209103,-0.6344245,0.48595825,-0.5463574,-0.2621958,0.35638595,1.1933895,-0.9216139,-0.9912158,0.044218853,-0.6842909,-0.9401412,-0.12400302,-2.554657,-0.25801557,0.2533565,-0.12650229,-0.22517538,-0.67229486,-1.1203789,1.4592878,-1.1310878,0.22850485,0.058283746,-0.6745745,0.35342658,0.23059928,0.69640595,0.4729923,0.108366475
M3|C00222,-0.10140017,-1.2359053,-0.296666,-0.4864029,0.52624834,-0.22271693,-2.286632,-0.19484967,-0.8867309,1.5429665,-1.7310301,-0.8612083,0.008987099,-1.2047005,-0.07485404,0.32318282,1.7391564,0.7650571,-0.7337662,-1.4046061,-1.1321166,-0.49532837,0.31158715,-0.39279056,-0.3025738,0.51817787,-0.43868148,1.3684096,0.77652574,1.4535736,0.48875523,-1.0626773,-1.1775411,0.18984926,0.97143394,0.38222864,0.035942305,-0.3514949,0.28406373,0.81396997
M3|C00223,-0.8159175,1.3506685,-0.8633115,1.5597517,0.7486159,-0.5614872,-0.49307656,-1.1848918,-0.54294306,-0.6249752,1.188748,-0.3443226,0.97025245,-1.0038258,-1.1676241,1.8090794,1.3565353,-0.16314769,-1.0965662,0.83840126,-2.170424,-0.89982986,-0.24685512,-1.50863,-0.2033815,1.8269747,0.25894457,0.8007797,-1.8451984,-0.773469,1.77945,-0.6039185,1.0664048,0.68381983,0.004798025,-0.5352509,0.64384174,0.8394202,-0.32248583,-0.3054339
M3|C00224,-0.5015316,-0.17331317,-0.117522284,0.50817746,0.74761385,-0.79750663,-0.542977,-0.7969526,-0.45282093,0.51594496,-0.6714351,-0.7650894,0.6282284,-0.6568769,-0.7294417,0.75719047,0.21005842,-0.4601063,-0.90157235,-0.4887427,-0.86185545,-0.48821196,0.3829111,-0.85290027,-0.23862652,0.89529854,0.4327724,0.6687634,-0.6608435,0.34183997,0.66585577,-0.46110559,-0.4084301,0.6646614,0.58726585,0.3717664,0.114149585,0.4267195,-0.3303391,0.6850871
M3|C00225,-0.46044344,-0.24073187,-0.109987795,0.45474273,0.723679,-0.7944181,-0.6395625,-0.7340149,-0.5019672,0.5231378,-0.76792395,-0.77108216,0.58169246,-0.6506398,-0.69380003,0.6996538,0.22442326,-0.4029394,-0.89478487,-0.6051179,-0.8653033,-0.41330603,0.32015795,-0.7946194,-0.25210392,0.851458,0.38144195,0.71627855,-0.5365993,0.39354852,0.6862924,-0.5245267,-0.46575433,0.60531133,0.71140057,0.41623437,0.077189416,0.42174435,-0.21414089,0.7529098
M3|C00226,-0.4546829,-0.29874444,-0.12824553,0.44404358,0.7296144,-0.81323314,-0.61825806,-0.759646,-0.50753975,0.58937305,-0.7447723,-0.7969773,0.67086613,-0.6480758,-0.678577,0.71120924,0.31955194,-0.33183426,-0.94955385,-0.5781628,-0.88643545,-0.456521,0.2990227,-0.731234,-0.30299568,0.8407263,0.36256742,0.72491837,-0.5116455,0.39532304,0.7034105,-0.48929703,-0.53198546,0.59932154,0.6860446,0.41607153,0.08546473,0.38520193,-0.121907726,0.68844867
M3|C00227,-0.46044344,-0.24073187,-0.109987795,0.45474273,0.723679,-0.7944181,-0.6395625,-0.7340149,-0.5019672,0.5231378,-0.76792395,-0.77108216,0.58169246,-0.6506398,-0.69380003,0.6996538,0.22442326,-0.4029394,-0.89478487,-0.6051179,-0.8653033,-0.41330603,0.32015795,-0.7946194,-0.25210392,0.851458,0.38144195,0.71627855,-0.5365993,0.39354852,0.6862924,-0.5245267,-0.46575433,0.60531133,0.71140057,0.41623437,0.077189416,0.42174435,-0.21414089,0.7529098
M3|C00228,-0.46044344,-0.24073187,-0.109987795,0.45474273,0.723679,-0.7944181,-0.6395625,-0.7340149,-0.5019672,0.5231378,-0.76792395,-0.77108216,0.58169246,-0.6506398,-0.69380003,0.6996538,0.22442326,-0.4029394,-0.89478487,-0.6051179,-0.8653033,-0.41330603,0.32015795,-0.7946194,-0.25210392,0.851458,0.38144195,0.71627855,-0.5365993,0.39354852,0.6862924,-0.5245267,-0.46575433,0.60531133,0.71140057,0.41623437,0.077189416,0.42174435,-0.21414089,0.7529098
M3|C00229,-0.6151724,-0.22068319,-0.03543341,0.13859184,0.80891377,-0.8174523,-0.31183654,-0.958327,-0.31170997,0.82165897,-0.7492247,-0.7477927,0.7290545,-0.36694548,-0.5657108,0.8964351,-0.04823103,-0.40083483,-0.97013587,-0.1627808,-0.9437393,-0.568635,0.947929,-0.7060567,-0.2232248,1.066748,0.64155406,0.5323595,-0.5639401,0.30922878,0.35177994,-0.1136789,-0.42214358,0.9184503,0.6103373,0.6644465,0.5275383,0.25354433,-0.34280238,0.48582977
M3|C00230,-0.46044344,-0.24073187,-0.109987795,0.45474273,0.723679,-0.7944181,-0.6395625,-0.7340149,-0.5019672,0.5231378,-0.76792395,-0.77108216,0.58169246,-0.6506398,-0.69380003,0.6996538,0.22442326,-0.4029394,-0.89478487,-0.6051179,-0.8653033,-0.41330603,0.32015795,-0.7946194,-0.25210392,0.851458,0.38144195,0.71627855,-0.5365993,0.39354852,0.6862924,-0.5245267,-0.46575433,0.60531133,0.71140057,0.41623437,0.077189416,0.42174435,-0.21414089,0.7529098
M3|C00231,-0.4857987,0.47082686,-0.18350661,-0.33453292,1.2726508,-1.0674043,-0.73329175,-0.72126925,0.66705877,1.003279,0.028296605,-0.18304417,0.25920218,-0.7349434,-0.4788877,1.335607,0.18872906,-0.9294737,-0.89317924,-0.801172,-1.0868039,-0.88224065,0.22645491,-0.23912413,-1.1639217,0.7653919,1.116253,-0.25520417,-1.3555509,0.524387,0.26935107,-0.5079215,0.28503978,1.1797451,1.7769626,-0.9231875,0.27524817,0.42664623,-0.2316432,0.43998128
M3|C00232,-0.55719566,0.01063785,-0.4670739,0.7759774,1.7454656,-1.0724767,-1.6992892,-0.2583924,0.030015018,0.13702258,-0.03619328,-0.6521816,-0.007173747,-0.05307941,-1.3176956,0.5290163,0.33293232,-2.1464932,-1.4477782,-1.7344677,0.2870209,-0.861995,-0.25155205,-0.0965289,0.108804554,0.19755507,0.9269575,1.0288945,-1.1337057,0.8695997,1.2213521,-0.14125718,-0.08233216,1.0853584,0.46723837,-1.1774136,0.115743995,1.3063776,-0.19605285,1.4112841
M3|C00233,-0.3558982,-0.8626343,-0.62450033,1.123886,0.80176383,-0.7739586,0.041356817,-1.024313,-0.21398777,0.8233141,-0.68026096,-0.6657753,1.0216231,-0.8694467,0.009213924,0.7086844,0.99122155,0.09725817,-1.1213048,-0.13313347,-1.1232222,-0.6061769,0.67784953,-0.9064217,-0.47371143,0.7369885,0.81025255,0.81060195,-0.70133144,0.6329062,0.9714314,-0.44111902,-0.68491256,0.8456737,-0.0928943,-0.34750065,0.2294825,0.13959666,-0.76977736,0.14112687
M3|C00234,0.31319082,-1.3800769,0.4639006,-0.27114862,0.53721994,-1.3270257,-0.7754764,-0.64928454,0.1220741,-0.3234903,-0.7038528,-1.1226081,-0.4457994,-1.085444,-0.40957552,0.6698187,-0.26356226,-0.23163976,-0.70677704,-0.73726255,-1.4489442,-0.52558845,0.35670856,-1.7157362,-1.4152619,-0.31677288,0.78840476,-0.59382176,-0.50704885,0.14077023,1.1119492,-1.6049411,-0.92016023,0.58313864,0.67825484,-0.33431396,0.4602488,1.0167255,0.010933772,0.60486805
M3|C00235,-0.010533333,-0.40656787,0.3270659,0.079328775,1.1466938,-1.0975633,-0.20684437,-0.9255206,-0.6489917,-0.79126835,-0.3206808,-0.36200997,0.38246757,-0.7330368,-0.7813069,0.851175,-0.58905125,-0.5937555,-0.7385505,0.31446922,-1.4868877,-0.6981339,1.1034427,-2.5505567,-0.3423354,-0.101391725,1.0027248,-0.46340367,-1.0793146,-0.1648019,1.3082329,-0.8619998,-1.0081674,0.71795624,-0.4570961,-0.4654493,1.2704495,1.1515225,-0.6005737,0.40846077
M3|C00236,-0.38663563,0.22400758,-0.48003754,2.018737,0.97889346,-0.6107939,-1.2336591,-0.3724283,0.0047413036,0.83354604,0.057230666,-0.67604077,0.2792286,-0.6150468,-0.009393521,0.46986705,1.3146062,-1.0812298,-0.7727264,-0.20462799,-0.4209587,-0.7790653,0.013611786,-2.6401849,-0.079033606,0.5236681,-0.14954486,-0.2996557,-0.6324588,-1.1383942,1.5117071,-1.0581745,0.03020233,0.1725348,-0.9231297,0.48601896,0.45211074,0.60451275,0.4224205,0.20942846
M3|C00237,-0.81472516,0.8033557,-0.7684144,1.0444585,0.7965546,-0.57120776,-1.3359156,-0.8986696,-0.72745407,-0.38172153,0.46426833,-0.4305305,0.48331434,-0.9112863,-1.1235504,1.5731314,1.2390616,-0.14700407,-0.9012511,0.17461838,-1.6747988,-0.580174,-0.08428179,-1.3613881,-0.08147397,1.496347,0.2520651,0.7841313,-1.0625781,-0.4356199,1.4230435,-0.854575,0.5704621,0.8208076,0.2954261,-0.29511854,0.46292728,0.5469423,-0.16219029,0.1743755
M3|C00238,-0.24462506,-1.0806736,0.760555,-0.67211694,0.8677684,-0.9590881,-1.8320227,-0.3830877,-0.035554633,0.72351074,-2.288977,-1.2276936,-0.5366078,-0.33606178,-0.73055065,0.1952027,1.1162025,0.16638589,-1.9441913,-2.5250325,0.032905564,0.48387778,0.79395485,-0.24288747,0.32797015,-0.052859873,-0.22351499,1.4106942,0.006857015,1.7033778,0.6631083,-0.32647884,-1.2592468,0.6232637,1.5436163,1.4888443,-0.14431609,-0.6645236,0.3108225,1.4254036
M3|C00239,-0.34805402,-0.07231259,-0.79204977,0.43492925,1.6811386,-0.5269069,-1.5851171,-0.60173887,-0.71757716,1.0239328,-0.3983701,0.19640002,0.4688345,-0.33545348,0.21946594,1.4877096,0.025562594,-0.6951835,-0.5386326,-0.9674182,-1.563379,0.26615492,-0.17979957,-0.57955736,-0.76744246,0.5904927,0.89366657,0.5712707,-0.7203127,0.82178926,0.4395718,-0.9398085,-0.019566834,0.2686368,1.2499263,-1.3097295,0.534616,0.9170712,0.084006436,0.7390084
M3|C00240,0.32377437,-0.6286724,-0.746057,1.3169647,0.60409397,-0.9652592,1.0832855,-0.8760437,0.31736565,-0.7370881,0.48140812,-1.2719289,1.3298402,-1.3095407,-0.5542538,2.445817,1.4579135,-0.09179465,-1.4308099,0.077030376,-1.2923827,-1.0630419,0.010856874,-2.4636886,-0.24770872,0.3202219,0.96020955,-0.14771196,-2.0304646,-0.9050816,0.9800058,-0.11005142,0.90105313,0.5776669,-0.5242812,-0.23048288,0.9963726,0.93961614,-1.7710909,0.15463659
M3|C00241,-0.6900517,0.5733227,-0.6632778,0.7198311,0.6765897,-0.6214239,-0.51006544,-1.0200574,-0.69935095,0.06840142,0.36669654,-0.6178439,0.79248095,-0.39995682,-0.5219759,1.6525658,0.5493839,0.14160356,-1.0658739,0.7323873,-2.1864386,-0.65419203,0.72182786,-0.83727247,-0.6044643,1.5801259,0.5100438,1.0886965,-0.9037103,-0.4974848,1.2233852,-0.41656035,0.68398553,0.98252285,0.7468713,0.3062576,0.9181554,0.5023275,0.06050951,-0.33437887
M3|C00242,-1.3203595,-1.1248567,-2.0524864,-0.020763077,0.45562977,-0.96274257,0.7639487,-1.2064099,-1.0674222,-1.2108202,1.040049,-0.89830244,-0.5887146,-1.3575623,-0.16329157,1.2987875,1.9249861,-1.6345135,-0.07865648,-1.6509987,-0.808881,-1.2399124,2.355414,-1.668738,-0.18538597,0.84665555,2.1985552,-0.387724,0.94145405,-0.732266,0.5221945,-0.53991556,0.013740212,0.8896317,-0.31609327,0.15990588,0.43113407,0.6587123,-0.6219406,0.5141336
M3|C00243,-0.51309705,-0.067670226,-0.2875266,0.9977836,0.7075436,-0.8235218,-0.49859568,-0.8878945,-0.41402298,0.2874247,-0.36863327,-0.7238396,0.77841216,-0.8652892,-0.9651005,0.74734044,0.554617,-0.46931764,-0.98660743,-0.41709265,-0.7701056,-0.6770399,0.06758131,-1.1128325,-0.18673623,0.90694666,0.42387974,0.5497297,-1.0388181,0.22635502,0.8994076,-0.55868787,-0.3359965,0.61562884,0.14149272,-0.06463133,-0.039173312,0.54207164,-0.5145367,0.61952055
M3|C00244,-0.45055833,-0.3402816,-0.14131811,0.436383,0.73386407,-0.8267047,-0.603004,-0.77799803,-0.5115297,0.6367977,-0.7281956,-0.81551814,0.7347146,-0.64624,-0.6676772,0.71948296,0.38766438,-0.28092277,-0.9887686,-0.5588629,-0.90156615,-0.4874631,0.28388977,-0.68584996,-0.33943433,0.8330424,0.3490532,0.7311045,-0.4937786,0.3965936,0.71566707,-0.46407247,-0.57940716,0.5950328,0.66788954,0.41595495,0.09138988,0.35903746,-0.055868436,0.64229417
M3|C00245,-0.46044344,-0.24073187,-0.109987795,0.45474273,0.723679,-0.7944181,-0.6395625,-0.7340149,-0.5019672,0.5231378,-0.76792395,-0.77108216,0.58169246,-0.6506398,-0.69380003,0.6996538,0.22442326,-0.4029394,-0.89478487,-0.6051179,-0.8653033,-0.41330603,0.32015795,-0.7946194,-0.25210392,0.851458,0.38144195,0.71627855,-0.5365993,0.39354852,0.6862924,-0.5245267,-0.46575433,0.60531133,0.71140057,0.41623437,0.077189416,0.42174435,-0.21414089,0.7529098
M3|C00246,-0.51311433,0.22713539,-0.31945089,1.023551,0.7504684,-0.7553559,-0.46970204,-0.9424111,-0.34244728,0.19445916,-0.16886058,-0.64295316,0.7131851,-0.9330915,-1.1774248,0.7925918,0.42201146,-0.7550593,-0.9316437,-0.24712902,-0.6934755,-0.7821927,0.15613464,-1.3437625,-0.11735145,0.94546384,0.47165716,0.3875925,-1.2863613,0.16190468,0.7531909,-0.51479226,-0.12537491,0.7015496,-0.033391163,-0.21393958,-0.01729638,0.6228464,-0.8511281,0.61800206
M3|C00247,-0.10483329,0.21925062,-0.87195396,0.54922676,1.5488352,-0.87064654,-1.6694518,-1.0459188,-0.8284894,0.68873906,-0.123949565,0.25912306,0.5265507,-0.19827959,-0.65881467,1.4148762,-0.009994791,-1.111446,-0.643373,-0.6351997,-1.1799628,-0.07407649,0.022888452,-1.1598741,-0.37776345,0.57297623,1.0073286,0.2903653,-0.8477623,0.403101,0.3540396,-0.41756976,-0.06475879,0.9914554,0.55616796,-1.2621057,0.32001242,0.48372632,-0.26549003,0.7878399
M3|C00248,0.07084839,0.16051814,-0.4859634,1.4700352,0.8010144,-0.4195397,-2.0482612,-0.25171235,-0.31545085,1.0412425,-0.14812817,-0.60561097,0.17584352,-0.7771842,-0.45691857,0.053591028,1.5946534,-0.79917085,-0.8170938,-0.6449493,-0.7052957,-0.8854712,-0.5274017,-2.439696,-0.03118375,0.08637749,-0.7251728,0.039236665,-0.12482943,-0.7764339,1.3172659,-1.4703007,-0.028437898,-0.37867308,-0.14533739,0.6113601,-0.1012148,0.50289005,0.88823444,0.54866135
M3|C00249,-0.13132717,-1.3355737,0.13543123,-0.21862167,0.13816932,-1.4264383,-0.69159716,-0.7305182,1.599433,0.68577945,-0.71505487,-1.5119216,-0.8516828,-1.0877969,-0.4028356,1.1152272,0.49774656,-0.26993525,-0.75888884,-1.4287993,-0.7051636,-1.3475136,0.10849983,-0.52013767,-1.7538966,0.80872595,0.7388507,-0.6911292,-1.0350862,0.8257704,0.61618537,-1.4484177,0.33604652,1.3378097,1.967066,-0.1997599,-0.2841122,0.38751584,-0.7508177,0.80588937
M3|C00250,-0.3009974,-0.6988972,0.13674468,-1.0281292,0.50175554,-0.5996512,-1.6415422,-0.8618966,-0.8206586,1.7506626,-1.4960195,-0.65156424,0.44463307,-0.6765081,-0.71679914,0.31249368,0.73130333,0.104589514,-0.8417375,-0.99044156,-1.2146044,-0.7572236,0.7308755,-0.24800108,0.15377124,0.8911589,-0.22597016,1.0123196,0.6736306,0.95779157,-0.21967106,-0.3165077,-1.2380962,0.2942145,1.3580029,1.3427417,0.36087725,-0.5851853,0.4337269,0.81521404
M3|C00251,-1.1161363,-0.57089555,-0.42959076,0.74764377,1.9569658,-0.6903114,-0.2603164,-1.3902532,-0.44451225,0.8661945,-0.8066018,-0.042887464,1.5778602,0.15871039,-0.08455796,1.7125926,-0.16335894,-0.6925059,-1.0807177,0.29761893,-0.7314588,-0.3711034,1.1400014,-1.5563146,0.9173695,0.9981558,1.21831,0.110957734,-1.2661166,0.54489386,0.8546951,-0.1335679,-0.44531727,1.6274866,-0.1417891,-0.9800253,1.1824154,0.29209247,-1.1002098,0.20894362
M3|C00252,-1.4042547,0.6714021,0.3223186,0.7048659,1.1960348,-1.1432784,-1.0339708,-0.6956436,-0.32660705,-1.2745832,-0.49450153,-1.3168163,-0.34466553,0.43145454,-0.6570762,1.6000913,0.21297622,0.0072236285,-1.9356467,-0.6008732,-0.22293252,0.32778308,0.9817367,-0.97354126,0.037618972,1.0860528,0.47832787,1.1351949,-1.9785638,0.15034692,1.9461392,-0.40311247,0.27457792,1.5953174,0.6568497,0.2569142,0.8589447,0.84352356,0.031467937,0.5337541
M3|C00253,-0.46044344,-0.24073187,-0.109987795,0.45474273,0.723679,-0.7944181,-0.6395625,-0.7340149,-0.5019672,0.5231378,-0.76792395,-0.77108216,0.58169246,-0.6506398,-0.69380003,0.6996538,0.22442326,-0.4029394,-0.89478487,-0.6051179,-0.8653033,-0.41330603,0.32015795,-0.7946194,-0.25210392,0.851458,0.38144195,0.71627855,-0.5365993,0.39354852,0.6862924,-0.5245267,-0.46575433,0.60531133,0.71140057,0.41623437,0.077189416,0.42174435,-0.21414089,0.7529098
M3|C00254,-0.46044344,-0.24073187,-0.109987795,0.45474273,0.723679,-0.7944181,-0.6395625,-0.7340149,-0.5019672,0.5231378,-0.76792395,-0.77108216,0.58169246,-0.6506398,-0.69380003,0.6996538,0.22442326,-0.4029394,-0.89478487,-0.6051179,-0.8653033,-0.41330603,0.32015795,-0.7946194,-0.25210392,0.851458,0.38144195,0.71627855,-0.5365993,0.39354852,0.6862924,-0.5245267,-0.46575433,0.60531133,0.71140057,0.41623437,0.077189416,0.42174435,-0.21414089,0.7529098
M3|C00255,-0.46044344,-0.24073187,-0.109987795,0.45474273,0.723679,-0.7944181,-0.6395625,-0.7340149,-0.5019672,0.5231378,-0.76792395,-0.77108216,0.58169246,-0.6506398,-0.69380003,0.6996538,0.22442326,-0.4029394,-0.89478487,-0.6051179,-0.8653033,-0.41330603,0.32015795,-0.7946194,-0.25210392,0.851458,0.38144195,0.71627855,-0.5365993,0.39354852,0.6862924,-0.5245267,-0.46575433,0.60531133,0.71140057,0.41623437,0.077189416,0.42174435,-0.21414089,0.7529098
M3|C00256,0.6397185,-1.6111355,-0.6422736,-0.24992296,0.32822382,-0.7528757,-0.47000578,0.44478697,-0.5281028,-0.012735561,-0.5960659,-1.7557043,0.4216882,-1.3677924,0.0945145,2.0971153,1.5604178,0.5034167,-1.0585189,-1.4374971,-1.5129681,-0.4393812,0.033738315,-1.2309978,-0.078136705,0.19887951,0.16003865,0.44343686,0.17179349,0.12452401,0.33695307,-0.48744112,0.27872157,-0.45551342,1.6313497,0.9246279,1.3514386,0.16277409,-0.19114682,1.2227789
M3|C00257,-0.39920762,0.33774945,-0.10370952,1.1460137,1.131438,-0.6639075,-0.3525919,-0.8262734,0.45442906,1.6434547,0.2284209,-0.65626913,1.102739,-0.28294525,0.33543462,0.8261077,0.5883819,-1.0718615,-1.0685991,0.77087003,-0.8967201,-1.1755761,1.3141855,-2.3571382,-0.07413265,0.5286672,0.28918815,-0.20052296,-0.8975838,-1.1795696,0.7220279,-0.025837183,-0.004982114,0.78317976,-0.57158583,1.219607,1.0752046,0.026535146,0.25317344,-0.26592883
M3|C00258,-1.3222136,-0.27273554,0.08704049,1.2250707,1.4413611,-1.2570944,-1.3193184,-0.2657912,0.2364475,-1.4831039,-0.6538178,-2.1185777,-1.4344432,0.34689867,-0.92378116,0.3188172,0.4441537,-0.9534618,-2.5176997,-1.0517275,0.86533666,-0.79870087,0.77464414,-1.0755126,0.41827452,0.75835514,1.0100868,1.4750712,-1.6333251,-0.0798357,2.8107004,-0.20376569,-0.12189749,1.8955227,-0.20847423,-0.13705799,0.7164762,1.07122,0.34215885,0.9722043
M3|C00259,-1.3077133,-0.26235214,-0.25352675,0.13509364,0.35499507,-0.6280476,-1.035816,-0.57454157,-0.9592397,-0.34055445,-0.41876602,-0.9023615,0.32378197,-0.6928036,-0.7457983,0.8337952,0.5598074,0.410336,-1.1674333,0.07711132,-1.1330854,-0.38564688,0.5711194,-0.78436756,-0.78258264,1.168449,0.30543765,0.934222,-0.80720294,0.40056932,1.4642669,-1.4218446,-0.5261719,0.7706101,0.47222346,-0.13419423,-0.4865655,0.6048817,0.63627124,0.033147514
M3|C00260,-0.68417364,-0.5498029,-0.33813164,0.5401124,0.42289674,-1.0242083,-0.27656794,-0.67302096,1.7252895,0.31471765,-0.5701372,-0.93889296,-0.52273566,-0.93941295,-0.23077664,1.3923392,0.59200674,-0.5396222,-0.68849397,-0.9427143,-0.4834659,-1.3400174,0.43632394,-0.9583825,-1.2138255,1.2091916,0.94142985,-0.5519514,-1.7347912,0.922267,1.1574169,-1.631892,1.2202438,1.7278517,1.9723226,-1.037607,-0.56457686,0.4508282,-1.7262732,0.7714975
M3|C00261,-1.0506368,0.9070603,-0.6274902,1.0416311,0.87340283,-0.6925486,-0.54785657,-1.2278652,-0.49967825,-0.35160878,0.48996085,-0.5748191,0.60985786,-0.42659652,-0.8434741,1.9622613,0.49741033,-0.20264009,-0.9986712,0.7462041,-1.5306934,-0.34002617,0.7441578,-1.1752886,-0.06039831,1.8860489,0.7259274,0.68285966,-1.3072016,-0.6427825,1.2441124,-0.115442574,0.7618999,1.4897413,0.21823923,0.19155309,0.9194811,0.37518084,-0.40908748,-0.1813606
M3|C00262,-0.57050216,0.6382102,-1.0519068,1.8172063,1.5847588,-0.7785089,-1.0149589,-1.2415621,-0.49168846,0.3398647,0.92743385,0.23402086,0.99727607,-0.87584394,-0.9117885,1.5533265,0.5196062,-1.2571621,-0.6175796,-0.092384025,-1.29001,-0.9017828,-0.38430935,-1.4716902,-0.28547484,0.88709265,1.2701951,0.059445962,-2.0788908,-0.056136474,0.6671818,-0.42992008,0.58981323,0.58655596,-0.61734575,-2.248291,0.30100182,0.9495412,-1.2847415,0.47406304
M3|C00263,-0.41366807,-0.9320596,-0.16934673,0.022129185,1.8250065,-0.5923798,-0.9876553,-0.7329825,-1.1530381,1.2742866,-1.1960431,-0.23536415,1.5267547,-0.1496928,-0.3673355,1.0087742,0.052831866,-0.65879965,-1.1483114,-0.65439826,-0.9216891,-0.19095692,0.3175261,-0.80785096,0.6649209,0.5215307,0.4986543,0.70341766,-0.24591312,1.1422603,0.74346596,-0.52045876,-0.9496862,0.7403406,1.0241683,-0.4060782,0.6641786,0.3076645,-0.03453777,0.7731539
M3|C00264,-0.5328959,-1.0235698,-0.8522342,1.5462024,0.7485247,-0.62973833,-0.50869083,-0.6812137,-0.18186136,0.5084008,-0.76453793,-0.8165871,0.72056824,-1.1788926,0.18513456,0.7651267,1.6033927,0.44451812,-1.0064311,-0.34669694,-0.8816382,-0.56348723,0.2833466,-1.1495134,-0.514961,0.6673051,0.59794027,0.8508655,-0.85171103,0.64199024,1.4094479,-0.8631733,-0.58608025,0.7881876,-0.6443849,-0.88235533,0.01786533,0.44389105,-0.94033945,0.24166952
M3|C00265,-1.5161059,0.39961866,0.7068445,0.2477805,0.93738055,-1.2354941,-1.2861215,-0.6342207,-0.5411844,-1.3080251,-0.8513179,-1.3515283,-0.5291726,0.19568324,-0.77304876,1.2566746,0.27519304,0.3144279,-2.0214965,-1.0136192,-0.044551983,0.5839237,1.2051741,-0.90772414,0.012951605,0.8890878,0.33876234,1.1323885,-1.9386371,0.6816179,1.8521686,-0.67620283,-0.29672092,1.5209213,0.8422832,0.4025762,0.36497927,0.5664585,0.12775293,0.6385615
M3|C00266,-1.0506136,-0.15340742,0.03293953,1.589999,1.2855519,-1.4151418,-1.4786973,-0.26482242,0.4170613,-0.23457077,-0.33013618,-1.285995,-0.30632138,0.27749163,-0.33877012,0.40750128,0.57786846,-1.4493235,-1.7569048,-1.0793033,0.24188122,-0.298734,1.2641994,-1.38133,0.52987415,-0.015400849,0.5610819,0.55045176,-0.87330294,-0.26547334,1.8579793,-0.22786811,-0.06544301,1.1817539,-0.452034,0.9452603,0.5243657,0.86360335,-0.0037973374,1.0787482
M3|C00267,-0.3938348,0.38073087,-0.63929766,2.3143969,1.0629848,-0.78468597,-0.3425246,-0.777114,0.33424947,0.6959605,0.5188962,-0.6294062,0.90074307,-0.67169213,-0.26429412,0.61137503,1.0032556,-1.1364686,-1.0332038,0.63740414,-0.49424446,-1.2696362,0.15934625,-2.7477326,-0.1949915,0.61496973,0.33526278,-0.57755876,-1.3711166,-1.4940068,1.5105067,-0.56485206,0.27482903,0.60589826,-1.3401376,0.11425647,0.49256447,0.8463116,-0.12868124,-0.20728049
M3|C00268,-0.34519982,-1.5787036,0.3143521,-0.17957282,0.09731516,-1.4599183,-0.7404894,-0.6131605,1.2063848,0.1277669,-0.6024141,-1.7208844,-0.57776064,-1.3283422,-0.54876363,1.282901,0.38399363,-0.3045737,-0.76181877,-1.4105556,-0.58511806,-1.5683413,0.049636345,-0.9889833,-1.443546,0.80582464,0.63743913,-0.852195,-1.3881056,0.72436064,0.92654586,-1.8168079,0.3993988,1.1717125,2.1178513,-0.5281292,-0.567399,0.31123942,-0.9410945,1.0420669
M3|C00269,0.01735939,-0.5854119,0.31225887,0.121284164,0.6905868,-1.2108223,-0.6346867,-0.89763755,-0.083140954,-0.5440761,-0.070562154,-0.9078356,0.21426798,-1.304889,-1.142944,0.6273942,-0.28815135,-0.77711016,-0.598956,-0.22337246,-1.2320898,-1.0165409,0.4049583,-2.0872626,-0.76930875,-0.11614733,0.708656,-0.74927557,-0.9309834,-0.26762205,0.9866876,-1.246789,-0.79315627,0.5683108,-0.13967405,-0.5752324,0.47118163,1.0626923,-0.35197046,0.5427251
M3|C00270,-0.32171875,-1.1074566,-0.5032382,1.0018847,0.7340694,-0.57667994,-0.20184022,-0.6917663,-0.31565723,0.9645486,-1.0805341,-0.89156044,0.71242654,-1.1946478,0.34092072,0.39870435,1.318986,0.4920952,-1.004017,-0.65503305,-1.1831412,-0.3197144,0.41883427,-0.5273605,-0.628488,0.69195765,0.5253542,1.1949296,-0.25827333,0.90134937,1.0488634,-0.6238064,-0.8893166,0.391047,0.19499528,-0.25777173,0.03709821,0.037738726,-0.45004854,0.3403971
M3|C00271,-0.5346003,0.32272053,-0.64621085,2.164576,1.1191838,-0.7459333,-0.37674972,-1.0426683,0.5356622,0.946849,0.50169927,-0.46686107,0.814678,-0.3187949,-0.17216209,0.7384208,0.9849447,-1.0730172,-1.0601985,0.8327659,-0.66024727,-1.3632387,0.62332654,-2.798474,0.024141438,0.5893307,0.4104457,-0.6021799,-1.3027178,-1.4460201,1.3095086,-0.47667223,0.4050907,0.6164236,-1.4638058,0.2397323,0.7496776,0.5448762,-0.25843748,-0.3567746
M3|C00272,0.8517568,-1.1765898,-0.73241556,0.8632414,0.43003356,-0.9647845,1.0243304,-0.6135589,0.050211195,-0.7520535,0.14760117,-1.6701642,1.1322036,-1.2210453,-0.35078445,2.6852617,1.628838,0.28129116,-1.5220897,-0.46928304,-1.3046508,-0.6897502,-0.123669446,-2.2653558,-0.36960888,0.033367205,0.691836,0.017595902,-1.3264209,-0.8387065,0.7613555,-0.1234926,0.86493593,0.2746862,0.14063492,0.38194284,1.2742922,0.8366891,-1.366684,0.39205563
M3|C00273,-0.31719568,-0.7991057,-0.72267514,1.5234762,0.826955,-0.66988385,-0.18954149,-0.9595229,-0.2660672,0.63853014,-0.5078736,-0.7765894,0.89820033,-1.2552645,-0.25935015,0.47672963,1.4993641,0.13777223,-1.1683071,-0.26085776,-1.0837009,-0.87498933,0.16429454,-1.0538658,-0.334154,0.82063425,0.6814802,0.91753733,-0.8862672,0.5046075,1.2102349,-0.55072105,-0.637601,0.58565116,-0.4538939,-0.8580091,0.047437143,0.14594261,-0.8356173,0.1932103
M3|C00274,-0.15802228,-1.0268159,-0.3145364,0.8786924,0.6739765,-0.8169481,-0.5174408,-0.8967052,-0.5156921,0.97945786,-1.0086939,-0.85361564,0.6875526,-1.0010334,-0.32710835,0.28887743,1.2160873,0.34316072,-1.1702384,-0.71259737,-1.1592278,-0.7336868,0.13579476,-0.5704455,-0.5363558,0.5231445,0.29033333,1.1026601,-0.13365126,0.80093676,0.9585864,-0.59619457,-1.0089395,0.252091,0.4698568,-0.022736952,-0.08922091,-0.033050135,-0.16058329,0.45423096
M3|C00275,-0.93388677,0.4766416,-0.28973013,1.3441296,0.5904736,-0.8756241,0.09788576,-1.33747,-0.28331587,-0.23294526,0.3883255,-0.5615013,1.0402882,-1.0741634,-1.2757089,0.95189744,0.6488524,-0.5636965,-1.0348481,0.54419297,-1.0237429,-1.2388335,0.52485347,-1.7278094,-0.13558537,1.2280445,0.67364675,0.25479087,-1.9844123,-0.2340829,1.1301705,-0.40338618,-0.1317075,0.91939145,-0.9047729,-0.52444553,-0.002582945,0.5415952,-1.1054144,0.06056936
M3|C00276,-0.857107,-0.6278149,-0.506864,0.8640319,1.841048,-0.618206,-0.76854956,-0.99044484,-0.7810987,0.6498151,-0.92876923,-0.15801156,1.3476503,-0.11674484,-0.17349195,1.3799877,0.114074476,-0.60665184,-1.037071,-0.28870106,-0.7313843,-0.05106615,0.405425,-1.4388345,0.6469854,0.72677904,0.8299551,0.3997867,-0.93258274,0.690461,1.1318885,-0.70019406,-0.5058786,1.131274,0.2975561,-1.0710446,0.60929507,0.5330273,-0.64604807,0.55776834
M3|C00277,-0.8421435,-0.88531154,-0.29258364,-0.15514973,1.9446657,-0.5812378,-0.8791914,-1.034647,-0.7706237,1.3210459,-1.3663319,-0.20064291,1.2594877,0.30479705,0.034349427,1.4294882,-0.21296078,-0.46983904,-1.0623372,-0.17388025,-0.88174593,-0.15575132,1.053477,-0.93707633,0.69511193,0.84796625,0.87194586,0.4769159,-0.31589612,0.8588756,0.5886283,-0.25178733,-0.76191664,1.3202865,0.81268096,-0.4459273,1.168629,0.093177885,-0.25530043,0.44597417
M3|C00278,-1.1420302,-0.028732702,-0.11972228,0.4251246,0.36862117,-0.7664642,-0.44591293,-1.002852,-0.8425038,-0.21686366,-0.062859654,-0.74139726,0.789955,-0.93883234,-0.9030987,0.6983255,0.667934,0.25057614,-1.2753568,0.32585412,-1.4117897,-0.7307091,0.71376085,-1.1060187,-0.59409356,1.0540128,0.51471305,0.94219136,-1.2312293,0.15064055,1.3380669,-0.9537011,-0.61436903,0.725346,0.07765808,-0.3294691,-0.41311562,0.21669129,0.22442675,-0.13634592
M3|C00279,-1.2042642,-1.3783964,-2.4363098,0.4053171,0.52453184,-0.9215089,1.2424878,-1.2887597,-1.031567,-1.4500148,0.96205246,-1.0519156,-0.49507397,-1.0807077,-0.013847627,2.0337133,2.125441,-1.3729643,-0.4252313,-1.770316,-0.5477929,-0.9478891,2.2727296,-1.7414563,0.2682703,1.0483533,2.4298663,-0.06615952,0.627499,-0.6594829,0.4851132,-0.0035275966,0.53558254,0.9688023,-0.36517715,0.21730667,0.7899025,0.51792157,-1.1801085,0.6778997
M3|C00280,-1.236537,0.08029883,-0.15959087,-0.01611682,0.4402421,-0.7811237,-0.63666755,-0.9548336,-0.8335384,-0.5072807,-0.4131953,-0.888906,0.4323514,-0.49486738,-1.0974784,0.9793529,0.20567718,0.24133274,-1.2964069,0.32566077,-0.81768686,-0.36220023,0.71977395,-0.8238988,-0.6215776,1.4573507,0.41418612,0.7824589,-1.0696111,0.18704157,1.2991265,-0.8197845,-0.6583563,1.3000144,0.2767472,0.13870251,-0.18369566,0.48016828,0.50705975,-0.026823401
M3|C00281,-0.23024733,-1.0784472,-0.30607453,0.21511449,0.7770383,-0.85506064,-0.6973165,-0.8542493,-0.7825331,1.1174353,-1.2240224,-0.7995548,0.95081,-0.79592586,-0.33286065,0.4896205,1.3968033,0.23756295,-1.0606282,-0.81685334,-0.9658569,-0.6944469,0.059867166,-0.3989852,-0.4830603,0.5206183,-0.046333544,1.0629199,0.26533985,0.86879283,0.6791281,-0.5019577,-1.2891694,0.38705343,0.61357105,0.17028578,-0.024109216,-0.12857549,0.08046023,0.62268114
M3|C00282,0.08890082,0.23684475,-0.059009828,-0.876701,0.9821515,-1.1244756,-2.0956843,-0.3593078,-0.38655004,0.8997364,-0.29488942,-0.24228147,-0.18698758,-0.56872094,-1.1920111,0.9882392,0.3489969,-1.1297315,-0.7740358,-1.7146424,-0.9554869,-0.59390616,-0.6214447,-0.114096105,-1.1562551,0.24017078,0.3532079,0.07824387,-0.5700286,1.0704188,0.041064337,-0.8462681,-0.055696957,0.6694505,2.6123695,-0.7617152,-0.6029172,0.31637526,0.52509725,1.232209
M3|C00283,-0.07480182,0.274279,-1.0822539,0.7361419,1.599351,-0.83243376,-1.5913489,-1.0935421,-0.89505315,0.6963669,0.15180515,0.42790744,0.75406396,-0.22945738,-0.67693055,1.640689,0.10891042,-1.188609,-0.5967742,-0.57044923,-1.3469765,-0.18674305,-0.19634865,-1.1658851,-0.4385872,0.58267456,1.0874547,0.20799111,-1.0297538,0.4339238,0.37889987,-0.46388376,0.08910164,0.939569,0.47127968,-1.6400737,0.30227196,0.6894208,-0.4401647,0.74803543
M3|C00284,-0.3921588,-0.8931917,-0.43226746,0.8920899,0.85507005,-0.7161872,-0.111534484,-1.1038167,-0.5526061,1.0294846,-0.6921863,-0.8247205,0.87566054,-1.0508513,-0.3742348,0.56263715,1.217068,0.10036025,-0.9459,-0.53317523,-0.9238694,-0.90490115,0.3546334,-0.6963255,-0.24432795,0.90030104,0.42671984,0.79873323,-0.2629066,0.6243229,0.77429277,-0.3145873,-0.91313714,0.45099193,0.13897645,-0.041328907,0.24791318,-0.052387297,-0.50547826,0.28316092
M4|C00001,-0.50369316,-0.8812335,0.7182031,-0.15933435,1.1260663,-1.3249525,-0.83787566,-0.76706034,0.39772862,0.59135026,-1.8143722,-1.2283947,0.060087763,0.116521396,-0.7179757,0.5669416,0.63139117,-0.1472206,-2.146248,-1.8534073,0.16718088,0.23841463,1.128446,-0.32084307,0.22918336,-0.013515317,0.30902225,1.1175545,-0.60408354,1.2944297,0.8198394,0.22699246,-1.1333693,1.1529275,0.9891936,1.3553487,0.2073159,-0.33070678,0.040863365,1.0437975
M4|C00002,-0.59673345,-0.3107033,-0.08068516,-0.76507014,0.3219203,-0.6397848,-1.4128468,-0.73287296,-1.456213,0.27072778,-0.66594523,-0.78786725,0.53341085,-0.9914647,-1.1901066,0.24031559,0.8161413,0.41089192,-1.1652875,-0.57626086,-1.284191,-0.5725679,0.32935244,-0.621381,-0.34093314,0.825075,-0.10366285,1.1313607,-0.018934887,0.55106384,0.9226268,-1.0273911,-1.1973667,0.4523217,1.3336788,0.39552888,-0.45540464,-0.2758897,1.2693292,0.37649742
M4|C00003,-0.37861735,-1.1023169,-0.25094363,0.36339325,0.8639582,-0.6957801,-0.16915719,-1.093501,-0.43966952,1.4710152,-1.0555826,-0.8325451,0.8539214,-0.83941466,0.07051314,0.568364,1.1388761,0.48165798,-1.1589899,-0.35605615,-1.316028,-0.8188644,0.86839026,-0.4012878,-0.4930717,0.7719679,0.4757208,1.0240237,-0.083440974,0.9109263,0.60426044,-0.18012965,-1.0676018,0.5295081,0.4258694,0.22189975,0.4144806,-0.3328732,-0.23108815,0.11981674
M4|C00004,-0.25346962,-0.93579423,-0.23494262,-0.1759488,1.7390523,-0.4015726,-1.3640987,-0.7395108,-1.3419744,1.4389111,-1.2180475,-0.19383071,1.2269684,-0.104641065,-0.3190387,0.97824144,0.1946353,-0.46288097,-1.1317253,-0.74501264,-1.0514072,-0.220671,0.3067895,-0.69480044,0.6715958,0.57572836,0.28086156,0.8001063,0.047871705,1.2676047,0.6528215,-0.5738241,-0.8691666,0.5432476,1.2964358,-0.5009389,0.7470091,0.114448585,0.17817636,0.77953124
M4|C00005,-0.5832937,-1.04037,0.71916646,-0.07553306,1.3072778,-1.2712265,-0.7001468,-0.7720215,0.49554804,0.60588795,-1.9602779,-1.2956138,0.0010460117,0.19870557,-0.6622994,0.5451404,0.5224389,-0.2263359,-2.2498052,-1.7463084,0.31780508,0.21981202,1.3185314,-0.35794008,0.38031995,0.15579937,0.55799425,1.1754926,-0.72415394,1.3677361,0.9709106,0.3606557,-1.1334268,1.4157435,0.78725433,1.2499506,0.35679787,-0.41439468,-0.14133842,1.0190355
M4|C00006,-0.9873278,-0.24479638,-0.024054509,-0.5119062,0.5571487,-0.89372444,-0.6241788,-1.0347337,-0.88116443,0.33384353,-0.5254608,-0.7725866,0.7511779,-0.6824638,-0.92347634,0.5207515,0.47902238,0.32390863,-1.2725061,0.17201386,-1.2916138,-0.83468914,0.8132198,-0.5551115,-0.5705759,1.1394302,0.39416203,0.9137942,-0.36413595,0.25753388,0.8642865,-0.53852814,-1.1485652,0.82814467,0.7533672,0.32514703,-0.04163558,-0.04690538,0.8344627,-0.056557998
M4|C00007,-0.4360319,0.17009208,-0.47841322,0.32464823,1.6879774,-0.65878046,-1.1769142,-0.91719764,-0.61479455,1.0409147,-0.23570164,0.13887532,0.6035719,-0.18621562,-0.21671858,1.5782866,-0.17696452,-1.0682335,-0.53137547,-0.6039474,-1.2716619,-0.10234184,0.28596088,-0.64892745,-0.4349949,0.8101071,0.9191746,0.36748728,-0.8527628,0.634165,0.22079474,-0.33030653,0.0049226824,0.7013907,0.8799238,-0.8492218,0.744216,0.5702753,-0.31775343,0.6189856
M4|C00008,-1.2049786,-0.24925125,0.4399929,-1.8550855,0.41261005,-0.5166416,-1.9213133,-0.73038346,-1.3053478,0.61997885,-1.2684319,-0.9693836,-0.25696474,-0.23965546,-0.95255595,0.70423913,0.09978039,0.6703717,-1.1865948,-0.20345388,-1.1423752,-0.37902176,1.5537081,-0.15203528,-0.30175948,1.4409864,-0.077213116,1.0427207,0.23061922,0.89822847,0.38101426,-0.69306755,-1.1951896,1.0321007,1.511888,1.2651469,0.31396657,-0.43503603,1.3526869,0.20833907
M4|C00009,-0.68707424,-0.7954753,-0.30434698,0.27779153,1.7830584,-0.5577046,-1.2876371,-0.74068886,-1.0321739,0.8416253,-1.2795669,-0.29588678,1.0295836,-0.1346171,-0.26267296,1.144075,0.16651759,-0.5219606,-0.95607775,-0.73985887,-0.7552536,0.04028638,0.2727557,-1.0713652,0.5673321,0.6210547,0.49110657,0.68085074,-0.34731895,0.9543028,0.9442857,-0.8373214,-0.75266916,0.8999191,0.9189895,-0.67185336,0.5181455,0.35817617,-0.13059193,0.77418953
M4|C00010,0.559732,-0.20789732,-0.28669554,-0.3002154,1.1487272,-1.2612221,0.60364056,-0.3593476,-0.549611,-0.059194744,-1.2331259,-0.36018866,0.47902462,-0.5801759,-0.19331795,0.877328,0.5826783,0.36460736,-1.4168135,0.07846814,-1.1119915,-1.0296022,0.7925861,-1.8708515,-1.1052461,0.8354361,0.5935387,-0.06922798,-0.8949115,0.17230031,1.2617776,0.08600713,-0.7523114,0.6899068,1.3066344,1.0195671,0.8470365,0.37360293,-0.55109096,1.2560035
M4|C00011,-0.17559598,-0.9902677,-0.3078688,0.26836243,0.6577292,-0.53038895,-0.71774936,-0.7336757,-0.44174424,1.3227276,-1.2616464,-0.8549381,0.57477576,-1.0729499,-0.115831755,0.3902732,1.356104,0.4785135,-1.017268,-0.7824332,-0.9518306,-0.6292649,0.5528049,-0.43080127,-0.3397816,0.8317849,0.17684843,1.1203122,-0.026036331,1.0401691,0.58360976,-0.2966176,-1.123573,0.528938,0.31768444,0.20364887,0.32017684,-0.35535753,-0.2793295,0.4814317
M4|C00012,-0.7790064,-1.5370651,-1.937832,-0.6875678,0.28033218,-0.6819454,0.013553113,-0.83669037,-1.7607718,-0.7845976,0.23060913,-0.994648,-0.6634664,-1.0643352,-0.11080641,1.8214322,2.354586,-0.91061634,-0.20935589,-2.8539956,-0.7451883,-0.39369884,1.9721442,-1.1760119,0.34238735,0.7069227,1.3529955,0.42452708,1.6349314,0.19955139,-0.023310274,-0.45837292,0.06802374,0.28230947,0.9085755,1.1418415,0.5293815,-0.024233406,-0.23786704,1.2326638
M4|C00013,-0.35720444,-1.7640232,-1.6314397,-1.9870212,0.27388367,-0.37209985,-0.8458343,-0.68015575,-1.9918274,0.1293377,-0.53929263,-0.9916544,-1.0503715,-0.6476478,0.028036838,1.6724772,2.0259187,-0.2754651,-0.34085333,-3.0810044,-1.0606083,-0.12872194,2.1972325,-0.5918537,0.3419839,0.6639436,0.96502966,0.8276083,2.6007943,0.7546478,-0.7715469,-0.32620022,-0.16377218,-0.026033761,1.9940765,2.110737,0.8585285,-0.525327,0.5397995,1.43639
M4|C00014,-0.45485455,-0.29701528,-0.12770133,0.4443625,0.7294375,-0.81267226,-0.618893,-0.7588821,-0.50737363,0.5873989,-0.7454623,-0.79620546,0.6682082,-0.64815223,-0.6790307,0.71086484,0.3167166,-0.33395365,-0.9479214,-0.57896626,-0.8858056,-0.45523295,0.29965267,-0.73312324,-0.30147883,0.84104615,0.36313003,0.7246609,-0.5123893,0.39527014,0.7029003,-0.4903471,-0.53001136,0.59950006,0.6868003,0.41607636,0.085218064,0.3862911,-0.12465678,0.6903699
M4|C00015,-1.7638154,0.1476266,0.9869089,0.38618666,1.1876322,-1.4722322,-1.0525827,-0.8209123,-0.19655032,-1.0019023,-0.793789,-1.506212,-0.5260922,0.39662048,-0.67669165,0.9568279,0.047297403,-0.12772298,-2.163799,-0.7650702,0.3066242,0.19322425,1.8766264,-0.9482961,0.32495248,0.76329225,0.72072816,0.89877933,-1.8936552,0.43828475,1.8234965,-0.09111598,-0.6118356,1.9026227,0.17339915,0.6858391,0.63400257,0.30996907,0.022061892,0.45188537
M4|C00016,-0.16847354,-0.8522309,-0.23309556,0.18987508,1.5860894,-0.32703784,-1.749295,-0.5510606,-1.5796661,1.2577115,-1.0348412,-0.11995874,0.99612874,-0.43769953,-0.49822497,0.6352973,0.47628212,-0.34001112,-1.1835798,-1.0559548,-1.1735481,-0.15608269,-0.25581002,-0.8231542,0.90286577,0.5075765,0.21000208,0.92909735,-0.024570346,1.3447139,0.9795509,-0.9650353,-0.76666814,0.07555658,1.4489173,-0.7680795,0.40898967,0.14876935,0.29060125,1.060166
M4|C00017,-0.3201054,-1.0822322,0.6130356,-0.23240457,1.0111659,-0.9717173,-1.4690069,-0.337471,0.05543378,0.44227245,-2.0624804,-1.3119031,-0.49328876,-0.2744483,-0.7284424,0.26183525,1.0065486,0.031193733,-2.0055969,-2.2475655,0.10280474,0.33004683,0.6783228,-0.39352864,0.27503362,0.051802903,0.075659394,1.4181982,-0.3097481,1.4828418,1.0108231,-0.3249143,-1.02079,0.76200116,1.2244422,1.070673,-0.087306246,-0.38497266,0.17167349,1.3028227
M4|C00018,-0.33560842,-0.87076944,-0.24343356,0.4602194,0.71281594,-0.6712948,-0.5330038,-0.8322139,-0.43914667,1.0474412,-1.0883687,-0.8835769,0.59686387,-0.8818961,-0.24084938,0.559973,0.9318625,0.15404662,-1.0552132,-0.6732894,-0.9815329,-0.4726282,0.56810886,-0.6516784,-0.32964897,0.83421963,0.37922314,0.94465256,-0.27548456,0.86758846,0.6278472,-0.39762768,-0.9257224,0.5625534,0.3734146,0.22736344,0.21072333,-0.14280465,-0.2921992,0.5284893
M4|C00019,-0.20694399,-0.7241518,-0.09789451,-0.18059702,1.456694,-0.36932483,-1.8221507,-0.49777114,-1.5216924,1.2398248,-1.1122941,-0.28147924,0.8595929,-0.5900555,-0.7311893,0.58003813,0.40023276,-0.5098645,-0.99391955,-1.1322954,-0.9915679,-0.2027431,-0.17077386,-0.76437306,0.8123255,0.5859763,0.06225869,0.8238718,0.09575195,1.2466828,0.67916054,-0.9045882,-0.97876096,0.2925841,1.5215212,-0.3432463,0.4145179,0.036308754,0.35514736,1.0389186
M4|C00020,-0.12894565,-0.17577572,-0.30737793,-0.99492645,1.5745529,-0.532223,-2.2709801,-0.7767357,-1.1688606,1.9877537,-0.6122195,0.054856807,0.41563272,-0.17409275,-0.28881034,1.3260375,-0.046158914,-0.6262493,-0.39919153,-1.0514951,-1.8108722,-0.3911561,0.5024027,0.015729532,-0.44898567,0.62061006,0.55235505,0.8223811,0.27163556,1.014631,-0.5898952,-0.21838365,-0.34444693,0.2917975,1.8262167,-0.15181094,0.87538856,-0.1299449,0.49970317,0.8967106
M4|C00021,-0.5421408,-0.8647521,-0.29980388,0.43255147,0.8857398,-0.7458845,0.14429386,-1.3911697,-0.27787623,1.4690627,-0.68800354,-0.70294505,1.1163007,-0.77098346,0.05266856,0.85599357,1.0753943,0.35041714,-1.2160116,0.033563405,-1.435691,-1.0636331,1.19308,-0.60503256,-0.41580343,0.87040335,0.6670487,0.7921036,-0.4484519,0.7865095,0.4831032,0.02395427,-0.8678058,0.7164483,0.10845417,0.16640563,0.59695214,-0.27693197,-0.5254045,-0.056269336
M4|C00022,-0.5915239,0.9252205,-0.53857225,0.47049186,0.87450594,-0.5812893,-0.9857592,-0.8155667,-0.8367035,-0.039535984,0.41628054,-0.56455976,0.77176195,-0.7617304,-0.8997411,1.5335964,1.0754181,0.005829414,-1.0862007,0.26789173,-2.1420472,-0.51522076,-0.05143628,-0.7602884,-0.498535,1.6095905,-0.02036048,1.1755363,-0.7758551,-0.32542977,1.4094461,-0.55692333,0.46132874,0.61614597,1.1261988,0.36223915,0.69105935,0.4760854,0.6455998,-0.0018020868
M4|C00023,-1.1855474,-0.05571724,-0.015014644,-0.14178167,0.38356552,-0.7806708,-0.7149851,-0.9762607,-0.80063754,-0.20332956,-0.591907,-0.9387851,0.4868578,-0.5920117,-1.0882044,0.84099704,0.2064689,0.24297552,-1.2024688,0.07820933,-0.8561937,-0.3190424,0.6900664,-0.7199068,-0.6211439,1.3317803,0.28626856,0.82622284,-0.8759382,0.2911986,1.0856075,-0.8357423,-0.7915606,1.1326135,0.417491,0.3679482,-0.31138134,0.32972294,0.53447145,0.082381345
M4|C00024,0.6010044,-1.5066866,-0.9903984,-0.018270507,0.5459256,-1.1646448,0.66384727,-0.22813077,-0.344798,-0.4484023,-0.3509215,-1.524333,0.71024317,-1.0594732,0.109038465,2.5604882,1.6066993,0.49353752,-1.3612033,-0.6250552,-1.3400259,-0.70594376,0.4724618,-1.8630934,-0.23822682,0.5399465,0.6676387,0.023766806,-0.40345442,-0.33909574,0.34012508,0.09791412,0.33211496,0.18502563,0.9223576,0.83684176,1.6118091,0.2634684,-0.8590286,1.023016
M4|C00025,-0.042469542,-1.5798513,0.4241117,-0.5306684,0.33633804,-1.4342906,-0.64697725,-0.6660239,0.64754343,0.21031113,-0.59773207,-1.4605887,-0.36036476,-1.2640259,-0.30088013,0.8910943,0.009784132,-0.15959255,-0.7928125,-0.81388617,-1.3865719,-0.9143836,0.6821765,-1.2281826,-1.5006592,-0.04436027,0.96623915,-0.6951593,-0.54605997,0.23589441,0.61826295,-1.3815124,-0.68761593,0.8050122,0.9445335,-0.021565294,0.32097813,0.56522393,-0.09345548,0.510243
M4|C00026,-0.42413393,-1.0234063,-0.38693592,0.86642635,0.9206856,-0.6668497,-0.35350463,-1.0070989,-0.47972924,1.0712644,-0.7656049,-0.7814717,0.67762333,-0.9142321,0.054385066,0.6801507,1.3893287,0.40251908,-1.1661129,-0.3970487,-1.3189697,-0.7525087,0.63427716,-0.72482646,-0.50236326,0.66577804,0.5287182,1.0181196,-0.4518854,0.8849921,0.9539405,-0.49637523,-0.7435355,0.42171878,0.14445761,-0.33792442,0.24028282,-0.07159719,-0.45145607,0.08492254
M4|C00027,-0.5096954,-1.176802,-0.39772865,0.5502487,1.0013922,-0.66641283,0.02912688,-1.2477595,-0.34037244,1.5051614,-0.8051839,-0.73667943,0.97135645,-0.79046327,0.30183798,0.79006094,1.3710537,0.5197935,-1.2725328,-0.10609705,-1.491824,-0.9610568,1.0750581,-0.5321488,-0.48217908,0.7661319,0.6661006,0.95648587,-0.3022496,0.9037113,0.71374935,-0.12548877,-0.94352156,0.5802613,0.08399616,-0.11656496,0.6053551,-0.2631253,-0.4248864,-0.15926567
M4|C00028,-0.16222009,-1.0366089,-0.47151592,0.5580689,0.6325379,-0.48704958,-0.8781872,-0.82337064,-0.7030933,1.2519846,-1.0489047,-0.75253856,0.732691,-1.1209497,-0.24475667,0.38927376,1.5892689,0.4702464,-1.0646274,-0.7544934,-1.2838079,-0.68543446,0.29538956,-0.65413874,-0.3053472,0.76068836,0.117440954,1.2094525,-0.03348223,1.0551434,0.74001056,-0.66917396,-0.97263867,0.21940348,0.28332576,-0.07678743,0.017834786,-0.27655953,-0.18549672,0.4433567
M4|C00029,-0.103749774,0.2947048,-0.9507398,0.58498555,1.6965925,-0.9007781,-1.5207977,-1.1350739,-0.67868024,0.83982134,0.0958344,0.31449273,0.7808278,-0.12757091,-0.6925368,1.5898204,-0.00896039,-1.255727,-0.69683045,-0.38458815,-1.2584645,-0.28323576,0.023246586,-1.091961,-0.42215657,0.6842696,1.1705474,0.1095197,-1.0456219,0.3093077,0.20145734,-0.20118566,0.097034715,1.0771983,0.37882784,-1.5219465,0.53177714,0.59279096,-0.4440581,0.6643956
M4|C00030,-0.46238974,-0.4011174,0.13758427,-0.4161043,0.6111453,-0.8604792,-0.4271494,-0.8478622,1.2421247,1.2256094,-0.7426221,-0.842385,-0.2564229,-0.6032576,-0.09009973,1.3662218,0.24040496,-0.58860624,-0.5347892,-0.720264,-0.8737332,-1.2821546,1.2069744,-0.5774634,-1.1101134,1.0325451,0.65047705,-0.23822927,-0.9016743,1.0382893,0.25914872,-0.90821844,0.604566,1.588509,2.0533211,0.0481429,0.16186784,-0.061368138,-1.1250544,0.58702683
M4|C00031,-0.114483275,0.06741897,-0.13268016,-1.059733,1.155543,-1.1660743,-1.5106224,-0.6006769,-0.15375184,1.2587534,-0.42087206,-0.20542097,0.07529818,-0.25801834,-0.7304771,1.1750655,-0.024554044,-0.9610575,-0.8888898,-1.1627777,-1.157694,-0.5930107,0.15769738,0.0013128022,-1.139137,0.38245878,0.80601794,0.027554126,-0.4937588,0.9065526,-0.0888772,-0.37413952,-0.11872139,1.0301156,2.426081,-0.45964506,-0.11041441,0.12903483,0.41897413,0.9007826
M4|C00032,-0.44335026,0.6020316,-0.39832583,-0.29837996,0.67790693,-0.32723817,-2.1102428,-0.41543365,-1.4334574,0.25337446,-0.24102084,-0.64263266,0.19057643,-0.65758705,-1.064678,1.3307171,1.3292196,0.2379166,-0.7469771,-0.479372,-2.0633736,-0.42254788,-0.39078024,-0.43065384,-0.62445456,1.2981544,-0.678976,1.5144649,0.36649588,0.21787848,1.1017675,-1.2845237,0.1360319,0.14045504,1.9614519,0.65410775,0.35945767,0.3195917,1.2525576,0.49488473
M4|C00033,-0.89512706,-0.28361496,-0.22685623,-0.15976092,0.43158627,-0.790956,-0.48061988,-0.9722833,-1.1454729,-0.017090797,-0.30697185,-0.8314636,0.83733815,-0.8843844,-0.85886973,0.46920246,0.4835678,0.4430075,-1.3524225,0.15579294,-1.3734778,-0.6460908,0.73125863,-0.7651575,-0.5780405,0.98169726,0.5770232,0.95054865,-0.6456797,0.14945908,1.3299829,-0.7587892,-0.92763853,0.87752503,0.7706496,-0.047469825,-0.37126,-0.07975659,0.90332913,-0.07755667
M4|C00034,-0.29789037,-0.9974509,-0.4655708,0.9063585,0.7041938,-0.6236175,-0.24009669,-0.69505894,-0.3122908,0.92053604,-1.0636039,-0.868503,0.66241354,-1.1116085,0.23104703,0.4235593,1.1542393,0.36561581,-1.0232573,-0.6543872,-1.0733356,-0.2835239,0.48362857,-0.5985006,-0.5936174,0.66329074,0.5324964,1.0933777,-0.31480607,0.8939466,0.9462157,-0.58728236,-0.9256906,0.48429376,0.2553496,-0.18491367,0.07841177,0.029974766,-0.4360371,0.40809917
M4|C00035,-0.38032243,-1.0376945,-0.2329511,-0.11922756,0.78956246,-0.77505684,-0.5354625,-1.1186242,-0.4984257,1.502732,-1.123968,-0.77265227,0.83923054,-0.641467,-0.115626305,0.7259761,1.2082016,0.34807312,-1.0924809,-0.37244412,-1.202182,-0.97766554,0.9219085,-0.39818126,-0.33582315,0.75393593,0.2882033,0.93163204,0.1585029,0.8726864,0.27012566,-0.04763958,-1.0984564,0.65242547,0.4430035,0.38032907,0.5254347,-0.45107844,-0.191226,0.28157115
M4|C00036,-0.24190511,-0.9607228,-0.07114515,-0.30505466,1.8834888,-0.28486854,-1.4338682,-0.73836607,-1.622545,1.8163626,-1.1027354,-0.10339427,1.3522038,-0.085537344,-0.23274276,0.89160293,-0.015076421,-0.435347,-1.2172229,-0.67716086,-1.2885616,-0.17994209,0.36727393,-0.56052643,0.99678,0.63047,0.40500325,0.92694783,0.11896888,1.4567304,0.6415045,-0.5079532,-0.9334723,0.4651121,1.6862724,-0.42014644,0.9295002,-0.13350846,0.3768753,0.8260586
M4|C00037,-0.10013944,0.21333814,-0.26965487,1.1256104,1.0461245,-0.6644993,-0.8735347,-0.5015426,0.15277755,1.5410895,0.0006888062,-0.6260258,0.84745324,-0.31776312,0.2562964,0.43871465,0.68831336,-0.9255929,-1.0332444,0.27577403,-0.81377864,-0.8208734,0.6568706,-2.216981,-0.1881061,0.22161053,-0.014318908,-0.14101811,-0.31922853,-1.1390727,0.96370924,-0.47457093,-0.18540047,0.41966012,-0.091975,1.2535863,0.7432909,0.20865552,0.87993723,0.02347231
M4|C00038,-0.32704258,0.29320005,-0.6518618,0.42975032,1.7797232,-0.75002134,-1.5015092,-0.7875703,-0.6489974,0.88418984,-0.10546775,0.1886168,0.87024885,-0.3728689,-0.41773552,1.5135591,-0.17041543,-1.2237935,-0.49623877,-0.6818296,-1.2459518,0.0008048788,-0.15616618,-0.6111165,-0.6463641,0.6717608,0.9840982,0.40126604,-0.9516104,0.39627987,0.27804798,-0.35842773,-0.129762,0.8771766,0.71996796,-1.3279594,0.5170516,0.7876764,-0.23881882,0.7042957
M4|C00039,-0.37535477,-1.1546427,0.41420746,0.30596542,1.3958275,-1.0930252,-0.70773244,-0.5063035,0.53091615,0.26447743,-1.8834438,-1.5020204,-0.37721837,0.08435424,-0.74233,0.29717433,0.5652244,-0.42087746,-2.3356442,-1.7753631,0.47904456,-0.008520562,0.810488,-0.50870776,0.3083621,0.18673499,0.744575,1.3789508,-0.75763315,1.1762073,1.4441779,0.12764657,-0.8755984,1.3981583,0.6859354,0.7033268,0.31240666,-0.08902699,-0.06713958,1.1345606
M4|C00040,-0.07029836,-0.25049108,-0.27192423,0.8577788,0.99935895,-0.60805804,-1.4335492,-0.3607332,-0.10182652,1.5689455,-0.56432384,-0.7404556,0.3241378,-0.19513828,0.19404292,0.30384696,0.8711143,-0.6231139,-0.9238,-0.27282262,-0.81728417,-0.74038225,0.3766629,-1.8790764,-0.32609922,0.16267626,-0.255943,0.077352814,0.27151877,-0.7314899,1.0457579,-0.8777823,-0.26248482,0.109211564,0.28304815,1.2773215,0.52331877,0.25422406,1.2102365,0.2316904
M4|C00041,-0.43759304,-1.138729,0.6046551,-0.48226246,1.3030748,-1.0051491,-1.1315314,-0.47701627,0.3195647,0.7324146,-2.106058,-1.4095539,-0.45976722,0.25140178,-0.5817716,0.352804,0.4767678,-0.08391032,-2.2016425,-1.804746,0.1534301,0.1103731,1.3097966,-0.26615205,0.31339365,0.2613651,0.5527712,1.3609123,-0.25501132,1.3605312,0.9259856,0.16595896,-0.9930533,1.255759,1.1558161,1.3192685,0.5376209,-0.38671798,0.26874468,1.1391611
M4|C00042,-0.44170856,-0.7052975,0.053488597,-0.0021706223,1.6357913,-0.55261135,-1.074515,-0.73229945,-1.1357993,1.3225057,-1.1107218,-0.332358,1.3136231,-0.30209494,-0.45030597,0.9538012,-0.008949071,-0.6217789,-1.0576059,-0.7721622,-0.8987274,-0.13352254,0.3083411,-0.7279408,0.6847148,0.74960595,0.39906478,0.7158869,-0.26937386,1.0577376,0.6938641,-0.42232156,-1.0023222,0.79973024,1.1213576,-0.11776647,0.7451003,-0.009298265,0.12844568,0.7887577
M4|C00043,-0.7186002,-0.43605003,-0.7431962,1.7518997,0.8210008,-0.6419153,0.49144548,-1.3696841,0.23955978,0.70895696,-0.15975416,-0.63649166,1.0931667,-1.3701804,-0.21446991,0.7535962,1.4725748,0.094383426,-1.1133847,0.34413236,-1.0227847,-1.1230038,0.7842232,-1.3297908,-0.19072711,1.1625955,0.95864314,0.5292361,-1.5634154,0.3442435,0.96122634,-0.102380015,-0.40239584,0.885004,-1.2898073,-0.93951046,0.36203387,0.09784246,-1.7021648,-0.18167889
M4|C00044,0.8878775,-1.8844327,-0.51453644,-2.0507138,0.47617537,-0.8835744,-0.6178768,0.030171424,-0.9126599,0.78901815,-1.305977,-1.5615684,0.24027091,-0.6823839,0.16443533,2.269142,1.3910294,0.86572295,-1.1976937,-1.374292,-1.6398001,-0.46011564,0.9588142,-0.9218131,-0.16533738,0.3826679,-0.015421927,0.5145408,1.2154381,0.46546066,-0.7025735,0.12355618,-0.27779195,-0.11407456,2.4867835,2.1654232,1.8832421,-0.56113875,0.39232093,1.3113239
M4|C00045,-0.4475243,0.32843855,-0.24618194,-0.6635448,0.74719274,-0.35841095,-2.1182127,-0.5322716,-1.2698619,0.6255355,-0.5390821,-0.678496,0.087320164,-0.5109591,-0.7788001,1.3364738,0.70206845,0.22232574,-0.78500426,-0.52499753,-1.8692557,-0.051115293,0.36971587,-0.30293196,-0.22942463,1.33012,-0.276268,1.37879,0.48535776,0.21681169,0.63079625,-0.64553976,-0.0012593865,0.5812788,1.9397314,1.1920581,0.62659276,-0.10822122,1.0601513,0.49934828
M4|C00046,-0.225136,-0.15327129,-0.6162051,-0.22100493,1.5916846,-0.67501557,-1.7906027,-0.8448769,-0.89123493,1.5410101,-0.38806403,0.010729581,0.51672125,-0.2237102,-0.28847957,1.2885896,-0.06561858,-0.7193474,-0.5414838,-0.77087027,-1.6049384,-0.42354974,0.2569029,-0.20403631,-0.5271062,0.7152979,0.9177518,0.63815165,-0.15901068,0.61658704,-0.116937146,-0.20182252,-0.22514684,0.5019874,1.2433039,-0.6684524,0.78588796,0.2780698,0.16824818,0.7915888
M4|C00047,-0.31708193,-0.62289226,-0.52180946,1.1391745,1.5373614,-0.634624,-0.7936437,-1.0015504,-1.0907404,0.813282,-0.6536579,-0.14690802,1.5153702,-0.40231332,-0.52099305,0.9536479,0.25509983,-0.61287963,-1.0716162,-0.4511146,-0.8740046,-0.31705654,-0.15689965,-1.2027719,0.61486036,0.57970446,0.5428151,0.6590354,-0.78444475,0.7925009,1.1296397,-0.6373487,-0.69403857,0.69253975,0.48072803,-1.0799373,0.46093178,0.5532306,-0.41587016,0.6236537
M4|C00048,-1.55019,-0.027158711,0.0016085505,0.18651628,0.56829345,-0.9489675,-0.28885612,-1.1942465,-0.70141023,-0.47378114,-0.27586266,-0.8027072,0.52945703,-0.40257478,-0.8258545,1.1346833,0.0027800277,0.17918476,-1.3451635,0.59291124,-0.8100185,-0.43863744,1.3689228,-1.0796102,-0.42860633,1.4251287,0.8760548,0.50333554,-1.471897,0.21527465,1.2459322,-0.6392961,-0.7126965,1.5537622,-0.17364503,-0.07322347,0.11744732,0.40816092,-0.02197107,-0.27049246
M4|C00049,0.016080111,0.10909545,-0.8149065,0.51499563,1.467869,-0.861233,-1.7101054,-0.81147945,-0.9263345,0.69325495,-0.29662767,0.04907903,0.60465163,-0.29521692,-0.6629587,1.2605112,0.035618097,-1.062673,-0.6939351,-0.90673286,-1.0905154,0.14065021,-0.33729786,-0.92312235,-0.5779089,0.51697737,0.8210292,0.4972395,-0.71468,0.4851974,0.4132074,-0.5646045,-0.24221385,0.8855976,0.7930983,-1.1398611,0.05980539,0.59252745,0.027475365,0.9568199
M4|C00050,-0.6705901,-0.75601155,-0.3406317,0.82777184,1.850521,-0.6650468,-0.9125546,-0.7214371,-0.93232983,0.6092936,-1.114897,-0.29516914,1.2267432,-0.11982576,-0.3038474,1.126828,-0.0056346226,-0.79039735,-1.0641769,-0.6777111,-0.47579324,0.13239524,0.17527653,-1.2629007,0.7487035,0.6675655,0.67427814,0.5934257,-0.77713555,0.9173681,1.2679863,-0.7795286,-0.70858026,1.1519414,0.5870462,-0.92170954,0.5696843,0.5918732,-0.45961872,0.7810916
M4|C00051,-0.054582607,-1.2847915,0.68513435,-0.29376906,0.5883093,-1.3570597,-0.8513255,-0.8040653,0.35546455,0.25423265,-0.5509476,-1.4786998,-0.82436645,-1.4789987,-0.1411171,0.57104546,-0.4301555,-0.61073875,-0.17193766,-0.86455256,-1.2893933,-0.732716,1.0264499,-1.4683524,-1.4715521,0.20996782,0.99628305,-0.8284764,-0.2060174,-0.22507247,0.50518465,-1.2098398,-0.9734372,0.6385707,0.61828965,-0.015464082,0.7152046,0.11703081,0.08326072,0.43739048
M4|C00052,-1.055587,-0.053145092,-0.26930213,0.45038494,0.4607532,-0.89835256,-0.17294931,-1.192936,-0.76721245,-0.13428983,-0.046849176,-0.7960458,0.9473544,-0.9936737,-1.0392649,0.5492448,0.4961917,0.2019096,-1.316386,0.39283925,-1.0807784,-0.82619643,0.78507596,-1.1083483,-0.38572377,1.0914385,0.7816885,0.617406,-1.2438632,-0.020689338,1.3133241,-0.56789327,-0.78815055,1.0959054,-0.041273177,-0.27265865,-0.31732005,0.07499015,0.19332418,-0.17241088
M4|C00053,-0.3512115,-0.8406622,-0.13260615,0.41458744,1.5816859,-0.67676973,-0.54785764,-0.8589656,-1.0796881,1.1388171,-0.96104395,-0.35571477,1.3599976,-0.24017313,-0.35090652,0.94361645,-0.13081592,-0.5469231,-1.1442904,-0.50017196,-1.0242014,-0.23334129,0.19402218,-0.6759984,0.4270352,0.78091484,0.71495634,0.7120838,-0.41008785,0.9212512,0.8729875,-0.38260442,-0.7871437,0.696088,1.0541847,-0.38438734,0.64073235,0.401473,-0.19129947,0.6716975
M4|C00054,-0.51662314,-0.81435657,0.71387565,0.29773924,1.0177753,-1.4881771,-0.4195906,-0.90435016,0.49259412,0.4136703,-1.6366503,-1.2227927,0.28341514,0.060959786,-0.7206427,0.6308313,0.6568652,-0.06931055,-2.1614122,-1.8306712,0.22840685,0.326505,0.9240301,-0.36882383,0.057429902,-0.101730354,0.31824088,1.029351,-0.8606884,1.2000902,0.9257665,0.22985844,-1.1399384,1.0499676,0.7345083,1.2372185,0.014503427,-0.14573784,-0.11130389,0.9393209
M4|C00055,-0.60213125,-0.5867815,0.35874042,0.38272414,1.4319245,-1.0063114,-0.91249275,-0.50394225,-0.39064583,0.26693612,-1.2787848,-0.81394017,0.7165154,-0.2929701,-0.81359965,0.7784886,0.085132815,-0.7996335,-1.4468879,-1.3331318,-0.14582805,0.24280816,0.4990571,-0.7848268,0.5431487,0.4792706,0.4474991,0.9126061,-0.8912016,1.0896711,1.2174913,-0.4275059,-0.7402254,1.0919573,0.8625691,0.4105012,0.13914707,0.29953754,-0.31453034,1.1514578
M4|C00056,-0.5821708,0.084418066,-0.21441376,0.8473056,0.78908086,-0.780831,-0.37866858,-0.92990035,-0.35209066,0.34723777,-0.32374972,-0.7190032,0.7289422,-0.8084737,-0.96452,0.8502973,0.3063091,-0.6552716,-0.92153245,-0.23707747,-0.8043389,-0.7088754,0.33204168,-1.1434147,-0.17426732,0.9834559,0.51642597,0.50459814,-1.1118457,0.17494237,0.7164218,-0.42392248,-0.19294128,0.73349327,0.13942713,0.043440595,0.07756664,0.54321647,-0.715009,0.5630492
M4|C00057,-0.08708522,-0.29853478,-0.43311638,0.55111426,0.14718242,-0.9563218,-1.455968,-0.4058128,1.0510955,0.25272858,-0.4735709,-0.7730887,-0.68849957,-1.3514707,-0.8232725,0.7669166,1.1384671,-0.70417607,-0.52993596,-1.7561098,-0.5020122,-1.1298225,-0.5598105,-0.9687794,-0.9962316,0.74961907,0.18384528,-0.3138257,-1.1323164,0.9956736,0.9676638,-1.9482042,0.81357193,0.92726207,1.9622233,-0.917827,-1.0539573,0.5563919,-1.1908481,1.427276
M4|C00058,-0.6329069,0.083068885,0.021918297,0.4983352,1.3810014,-1.1569419,-1.8849504,-0.36302412,-0.32153884,0.4281152,-0.39336163,-0.34165695,0.46488938,-0.17342515,-1.1239783,0.75963336,0.48573115,-1.4878877,-1.1631833,-1.9931117,-0.08571875,-0.08568633,0.08639633,-0.27550584,0.21566962,0.091715746,0.32361555,0.7569401,-0.9686683,1.2331803,0.82648855,-0.48216546,-0.37173635,0.6984091,0.8515944,-0.26137424,-0.17422041,0.8295151,-0.23440215,1.4619344
M4|C00059,-0.3820628,-0.7185985,-0.6434002,1.4132428,0.635145,-0.640343,-0.4376897,-0.881092,-0.29771832,0.65196157,-0.57061917,-0.7841538,0.8931411,-1.3541567,-0.22760311,0.43630278,1.5057108,0.15326354,-0.94668865,-0.5248365,-0.9211411,-0.60504663,0.24785739,-1.0104957,-0.22248077,0.65199333,0.42841178,0.95442975,-0.73378336,0.6966404,1.0959979,-0.6720093,-0.7611335,0.5704222,-0.4374255,-0.5368644,-0.14087027,0.15085277,-0.805115,0.3618782
M4|C00060,-0.4968536,0.9304444,-0.955606,1.4720633,0.6685265,-0.6902403,-0.77794546,-1.0655574,-0.6846312,-0.46181867,0.86641455,-0.5096264,0.84373355,-0.9677644,-1.1969652,1.5136776,1.3367956,-0.13756777,-1.1335857,0.7144192,-2.0043771,-1.1286036,-0.12956476,-1.3825043,-0.32270598,1.6743664,0.34182185,0.90032613,-1.4535577,-0.6721249,1.6440476,-0.5545965,0.8119785,0.8627627,0.106634706,-0.60385025,0.64577264,0.6529809,-0.3801757,-0.1020571
M4|C00061,-0.9291891,-0.26705173,0.094416745,-1.1309794,0.30091548,-0.514105,-2.1887136,-0.4277295,-1.5220985,0.11864047,-1.0760754,-0.89691615,-0.26471356,-0.5847939,-1.1204196,0.52734303,0.5334164,0.4976293,-1.1066325,-0.67030066,-1.0663481,-0.190099,0.53677016,-0.393753,-0.48058122,1.1520876,-0.32336092,1.2141888,0.11620558,0.9103026,0.8308298,-1.3650191,-1.0717422,0.582558,1.5375077,0.6698133,-0.34189382,0.04015293,1.379668,0.523093
M4|C00062,-1.2135706,-0.11622146,-0.17115429,-0.0067104027,0.38584054,-0.6740359,-1.002922,-0.6993605,-1.0987822,-0.39494917,-0.5079615,-0.9139919,0.28445065,-0.602748,-0.8535007,0.8464162,0.371506,0.4218277,-1.1942486,0.09290181,-1.0352924,-0.22965875,0.6317683,-0.78474295,-0.6716012,1.2958794,0.27408582,0.9406266,-0.7605647,0.33846924,1.3371927,-1.158554,-0.66581166,0.86756366,0.4820546,0.13326395,-0.3239363,0.4889406,0.7207225,0.09197344
M4|C00063,0.11473769,0.037015736,-0.8345572,0.32917976,1.633585,-0.87584347,-1.7283036,-0.74614555,-0.9469938,0.89918935,-0.27600083,0.13564327,0.69476265,-0.15966499,-0.52331996,1.4180949,-0.07091079,-1.1484934,-0.6599501,-0.92032063,-1.2398539,0.14138395,-0.3642286,-0.6818127,-0.7120189,0.43802437,0.86745757,0.473848,-0.5632231,0.56279707,0.31385708,-0.46847856,-0.19303754,0.8530812,1.0670314,-1.213333,0.22410095,0.6888433,0.1210034,0.9464885
M4|C00064,0.8793503,-1.2674758,-1.0812236,0.7692814,0.0051925704,-0.6042446,-0.832747,0.47484684,-0.5503618,-0.6565267,-0.08164844,-1.685282,0.29130054,-1.8793108,-0.40644768,1.8400261,2.2190382,0.47604826,-1.0418286,-1.8114682,-1.2787099,-0.54198444,-0.850986,-1.9990461,0.19485389,0.12959038,-0.0720882,0.28233868,-0.4368937,0.06705115,0.75321996,-1.1582417,0.5352097,-0.81178623,0.9495214,0.12364905,0.7902621,0.5352032,-0.60199714,1.5985616
M4|C00065,-0.5703678,0.9022512,-0.22934109,0.04129477,0.7183272,-0.6651225,-1.1068135,-1.0230271,-0.9475149,-0.031836838,-0.22112592,-0.6474483,0.50605154,-0.13112572,-1.0848485,1.5569018,0.16403285,-0.0756678,-1.0855259,0.1594521,-1.5231336,-0.049671866,0.45334995,-0.6386844,-0.1268033,1.8098428,0.05751424,0.96414673,-0.5387552,-0.21935773,0.8946619,-0.07589508,0.0024702996,1.1756687,1.0866745,0.93279624,1.0636133,0.25604242,0.45665348,0.42961138
M4|C00066,-0.40232053,0.55688816,-0.17566729,-0.49128464,0.5889093,-0.48447457,-1.764071,-0.72889507,-1.18539,0.2840024,-0.54117525,-0.7437867,0.24721728,-0.42553926,-1.0124017,1.3010103,0.5705851,0.19772652,-0.9128462,-0.3466938,-1.7800244,0.07522505,0.2294845,-0.26325548,-0.37960804,1.5680175,-0.3577487,1.3057235,0.2136712,0.13640033,0.78512114,-0.5806672,-0.11555514,0.8305378,1.8386662,1.2694116,0.6302702,-0.031737298,0.9978665,0.51623166
M4|C00067,-0.008031793,-1.2949022,-0.1569234,-0.53726506,0.6687876,-0.55173254,-1.3588349,-0.8169825,-0.98842543,1.9369754,-1.4650519,-0.756585,0.65166205,-0.8891929,-0.13327278,0.27446628,1.5371531,0.7977102,-1.092792,-1.2042433,-1.5047215,-0.68933785,0.48341691,-0.04885535,-0.38544428,0.4062686,-0.23649038,1.3115358,0.87151873,1.4813739,0.20472266,-0.5822525,-1.4881535,-0.07783221,1.3475764,0.6939274,0.20824964,-0.6239655,0.67764974,0.60876346
M4|C00068,-1.2506423,0.13161528,-0.27217898,0.6411546,0.621916,-0.9301991,0.08215281,-1.2175498,-0.63413435,-0.3272694,0.37828767,-0.6985225,1.1483674,-0.9003345,-1.0074867,0.9342446,0.59331864,-0.038871393,-1.3520215,0.83618194,-1.3135045,-1.0018072,0.7780608,-1.3062298,-0.5320928,1.1606336,0.7938243,0.56059,-1.5696006,-0.26014525,1.3613814,-0.6213111,-0.50178844,1.0153935,-0.3221175,-0.5376947,-0.17087992,0.30126595,-0.024211504,-0.4151083
M4|C00069,-0.6906937,0.21028018,-0.7087172,0.84858423,1.5359887,-0.662283,-0.80258614,-0.9486986,-0.4165392,0.9221009,0.23064657,-0.061229378,0.968325,-0.58959186,-0.08990044,1.7129269,0.13043958,-0.98755044,-0.45030805,-0.16130754,-1.570299,-0.5356611,0.2496815,-0.85337776,-0.7351588,0.85054654,1.1201384,0.4081245,-1.3579761,0.2993668,0.3417048,-0.4483618,0.25809163,0.6485287,0.24752869,-1.1544873,0.56528145,0.8628706,-0.71067,0.33601052
M4|C00070,0.6448872,-1.422101,-0.79096264,0.5888576,0.30569804,-0.9237384,0.2774895,-0.24286318,-0.37348536,-0.4986088,-0.15967642,-1.6185539,0.9017893,-1.2990036,-0.34612164,2.0903516,1.4363769,0.2183573,-1.2683403,-0.93257505,-1.2713243,-0.5242732,-0.32285422,-1.6684818,-0.31905824,0.11483205,0.49682212,0.21985257,-0.60233855,-0.32610694,0.6631504,-0.5576158,0.3694219,-0.016496547,0.6457641,0.32044643,0.8737769,0.8061015,-0.7314749,0.8371234
M4|C00071,-0.51971585,-0.51326936,-0.54607075,1.2282567,0.58441013,-0.79792124,-0.31937742,-1.2819842,-0.3715588,0.768322,-0.3987503,-0.6081962,1.2922047,-1.2046096,-0.8132345,0.7456099,1.3816208,0.017121144,-1.0596828,-0.24611637,-1.0412908,-1.102405,0.06043827,-1.1965795,0.056945004,0.97804886,0.34486455,0.70897496,-1.0057187,0.4227415,0.74960196,-0.3943945,-0.73310584,0.48660624,-0.5117438,-0.3797439,0.034508184,0.082615644,-0.86855906,0.32721734
M4|C00072,-0.7245205,-0.79596615,-0.7846151,1.8369572,0.96818644,-0.7121737,0.4755419,-1.382312,-0.107399285,0.72737086,-0.1208872,-0.56604797,1.1988485,-1.1536893,0.09504729,0.8775813,1.7239373,0.25389007,-1.2872913,0.21360235,-1.265239,-1.1201651,0.6163686,-1.2848213,-0.32961178,0.8332807,0.9452565,0.6443664,-1.3466858,0.510448,1.3377568,-0.36579716,-0.49549234,0.61754465,-1.0468912,-1.1399426,0.24760461,0.26798975,-1.2564628,-0.28209892
M4|C00073,-0.25739938,0.41842556,-0.62793136,2.3005056,0.96136373,-0.7352304,-0.7054125,-0.573122,0.39117816,0.80429995,0.40683573,-0.53211665,0.91043544,-0.7411721,-0.024149295,0.39014423,1.1453084,-0.9868984,-1.1575294,0.32936406,-0.65205276,-0.9271801,0.06727795,-2.8061893,-0.026334982,0.32462958,0.2066354,-0.2610022,-1.2708076,-1.3414022,1.5459994,-0.8010337,0.1484965,0.3381288,-1.0081505,0.17229624,0.35078147,0.67181367,0.10689167,0.060702622
M4|C00074,0.7110622,-0.5083844,-0.43266806,-0.15556392,1.1488502,-1.328449,0.8117408,-0.11246378,-0.5529506,-0.5723914,-0.8172156,-0.5985668,0.6613626,-0.8257055,-0.22294223,1.2601106,0.8986297,0.14649275,-1.458583,0.034156665,-1.2137485,-1.1151152,0.53340936,-2.2075925,-0.9557904,0.5104051,0.5935946,-0.38903663,-0.8751559,-0.102937326,1.3978238,-0.106730804,-0.44950658,0.42320752,1.1154996,0.67651784,1.0459923,0.6987576,-0.75828505,1.368548
M4|C00075,-0.4001129,0.148864,-0.72991014,0.70431256,1.5416481,-0.6510469,-1.6089365,-0.69322467,-0.6774312,0.8354385,-0.012140319,0.15997684,0.7921268,-0.59250546,-0.3491894,1.4313614,0.22222792,-0.96203506,-0.44478413,-0.83829784,-1.4388517,-0.21954706,-0.3340947,-0.6450299,-0.64301306,0.6355056,0.8608892,0.4534962,-0.95600563,0.5228779,0.44455147,-0.77473307,-0.008701324,0.41929728,0.67971754,-1.428404,0.4141768,0.8762769,-0.33406028,0.7668356
M4|C00076,-0.17062242,-1.1096247,-0.036718085,-0.5339046,1.7292137,-0.5566361,-1.2281414,-0.7099956,-1.4528956,1.7764591,-1.3811975,-0.27313194,1.2257488,-0.06699878,-0.14993918,0.7628962,-0.29880425,-0.29892403,-1.1418717,-0.82136893,-1.2248875,-0.081873655,0.42752904,-0.16915263,0.6087683,0.6105905,0.5252586,0.9645697,0.38631114,1.3951836,0.5200387,-0.31274998,-1.1676581,0.5549647,1.9516721,-0.04354191,0.855576,-0.04341954,0.5168356,0.9059739
M4|C00077,-0.5071369,0.4969455,-0.37152654,-0.09903724,0.4918099,-0.539616,-1.1567837,-0.6450628,-0.7936296,0.5779546,-0.26336306,-0.6435133,0.6313222,-0.45315486,-0.7069844,1.1774697,0.51600945,0.10967941,-0.79961854,0.0026150644,-1.8586296,-0.48544687,0.27895668,-0.29522902,-0.75729793,1.2495439,-0.036078125,1.1622046,-0.03921613,-0.01014477,0.68843025,-0.5974062,-0.022687033,0.5212314,1.3423731,0.8457041,0.541378,0.3675772,0.7656706,0.2915245
M4|C00078,-0.5087329,-0.6998705,-0.17421564,0.24511388,0.34732607,-1.0890994,-0.43873072,-0.567242,1.0989717,0.4453568,-0.5725056,-1.0643114,-0.19025302,-0.9664601,-0.6211644,1.2770598,0.53917927,-0.6628217,-0.81040525,-1.15101,-0.4532242,-1.3028377,0.061616942,-0.6258754,-1.1080505,1.1234628,0.75597435,-0.3694025,-1.4215639,0.9338967,0.9717165,-1.4638453,0.87498134,1.5206333,2.1826315,-0.6122885,-0.7348926,0.3726145,-1.2294968,0.98064435
M4|C00079,-0.9740068,-0.7825043,-1.842799,0.19722363,0.1533331,-0.8087825,-0.103979126,-0.95046115,-1.627775,-1.219732,0.8641143,-0.67806554,-0.3584848,-1.7138486,-0.60505414,1.1868688,2.5889344,-1.537991,0.14392295,-2.760058,-0.7396011,-0.5880905,1.4719439,-1.6754855,0.0193789,0.52931935,1.1341844,-0.11506295,0.96734846,-0.0015423,0.5543382,-1.2623141,-0.20003697,0.2596001,0.07667453,0.25891048,-0.19502449,0.59111977,-0.5901792,1.215867
M4|C00080,-0.74592227,-0.8164193,-0.26698387,-0.40386757,1.8707935,-0.43952334,-1.4493973,-0.92872125,-1.030247,1.4197215,-1.4477209,-0.109851494,1.1370173,0.1061829,-0.13886693,1.3066014,0.032852672,-0.47382492,-0.981278,-0.48082286,-1.0001986,-0.1739082,0.8070194,-0.9698182,0.8481239,0.76863605,0.52455634,0.6217619,-0.07589328,1.0174483,0.48300928,-0.491736,-0.8179275,1.0234193,1.0788314,-0.3862616,0.96711713,-0.006840959,-0.10606104,0.66698265
M4|C00081,-0.2692454,-0.260288,-0.61749166,1.6086358,1.3853961,-0.24674544,-1.9416416,-0.47739,-1.5232553,0.23307717,-0.2899929,0.010652214,0.94153655,-1.2517939,-1.0047418,0.6069982,1.2723272,-0.67311966,-1.0458341,-1.1525701,-0.99618095,-0.28093225,-1.1239961,-1.8691695,1.1614636,0.5138199,0.0077840686,0.72201157,-1.1321888,1.0169258,1.5925118,-1.6016675,-0.27881816,-0.2547853,0.29094782,-1.8874749,-0.30313322,0.66128063,-0.61339676,1.2797484
M4|C00082,-0.65711987,-0.29625833,-0.2592135,0.870818,1.4704885,-0.5950655,-0.36381856,-1.0638151,-0.652549,0.8454431,-0.33478457,-0.33829486,1.1651545,-0.41255927,-0.39862397,1.0665507,-0.0002486445,-0.65566695,-1.1202724,0.07757528,-1.1432043,-0.5472047,0.6037433,-1.1247432,0.39433968,0.9440053,0.8912068,0.5493971,-1.0919961,0.5132787,0.91184103,-0.29545194,-0.20831543,0.76856655,0.2973483,-0.62788093,0.6629125,0.3285672,-0.66189075,0.4021384
M4|C00083,-0.30466402,-1.1206044,-0.31875893,0.1101114,0.72300243,-0.5944021,-0.45485866,-0.9275602,-0.31751594,1.586323,-1.3117335,-0.8415282,0.6580111,-0.94263893,0.22099718,0.48604816,1.1706961,0.6585883,-0.94509745,-0.54733884,-1.2268509,-0.6788652,1.0949633,-0.30166262,-0.39914465,0.84198254,0.4395069,1.1327214,0.13488743,1.1081743,0.4163925,-0.1164612,-1.1550888,0.66916186,0.40594256,0.3737377,0.58353233,-0.5038061,-0.29533702,0.28934467
M4|C00084,-0.75503117,-0.5443999,0.053361274,-0.013740666,0.70985204,-1.5269086,-0.14857902,-0.8423001,1.5964999,0.80163014,-0.38616022,-1.0611944,-0.053824097,-0.48333266,-0.70501244,1.4215165,0.28186467,-1.1020848,-1.0159363,-1.1528972,-0.268542,-1.4121706,0.6243618,0.011099607,-1.190215,1.1949159,1.0389442,-0.4840848,-1.5403808,1.0742207,0.5883262,-0.6658128,0.78869563,1.8749688,2.050269,-0.18930256,-0.39239895,0.43692738,-1.3497583,0.79645526
M4|C00085,-0.874171,-0.6622574,-0.43422994,0.9021359,1.9532946,-0.63348234,-0.6637162,-0.9098084,-0.8296723,0.5474729,-0.9346509,-0.24551782,1.3150665,-0.07897,-0.12538734,1.4322692,-0.022454062,-0.7655645,-0.96505266,-0.3322694,-0.61662924,0.011250094,0.4175017,-1.392156,0.63776654,0.69432276,0.8803158,0.46337312,-0.95710313,0.7122095,1.1996801,-0.6708444,-0.4859503,1.2213312,0.30597383,-1.1145931,0.640141,0.60169524,-0.6813693,0.5644169
M4|C00086,-0.82178414,-0.06372423,0.337622,1.1246014,0.99237496,-1.3502505,-2.2783294,-0.09783842,-0.05045655,0.05781801,-0.5621598,-1.1149653,-0.31222004,0.18349758,-0.4736504,0.32551903,0.79441506,-1.1970812,-1.5652422,-1.7835809,0.09900966,0.15743107,1.1087245,-1.3121179,0.5786668,-0.33097523,-0.11784722,0.6162967,-0.4265748,0.20762965,1.5434141,-0.65575427,-0.32066083,0.7177069,0.14294103,1.5499995,0.25351572,0.59265655,0.46368736,1.3976042
M4|C00087,-0.3892665,-0.87381196,-0.43540442,0.30691665,2.0764859,-0.69076693,-0.31741714,-1.1141679,-1.0032074,1.385656,-0.9480512,-0.14510936,2.0115404,-0.06791724,-0.21593153,1.0707192,-0.2339891,-0.6849758,-1.2424333,-0.07621403,-0.8588655,-0.30516434,0.34560663,-0.68698084,0.7405504,0.6907247,0.89083004,0.46930337,-0.39305088,0.8457582,0.7716608,-0.003519103,-0.9705216,1.1112531,0.9406073,-0.7418752,0.914179,0.33276576,-0.14648324,0.42672175
M4|C00088,-0.22204429,-0.38032186,-0.31785837,0.26008546,0.7856861,-0.6196639,-0.82574767,-0.64560765,-0.4972318,0.53218055,-0.8375419,-0.9749497,0.1384163,-0.68654704,-0.9619407,0.3882747,0.19630279,-0.6492259,-1.0136675,-0.6876344,-0.61348754,-0.8973648,0.041903436,-0.71832824,-0.18739185,0.9225979,0.44838595,0.98188007,-0.32083783,0.40640455,0.7783471,-0.43737698,-0.53491485,0.7311272,0.78061473,0.18319169,0.17608784,0.4532792,-0.0007816702,0.88106716
M4|C00089,-0.87627536,0.46977794,-0.6710537,1.215008,1.419265,-0.5822035,-0.62353635,-1.1859679,-0.14638159,0.67861295,0.43598908,0.00048850477,1.0135593,-0.7692149,-0.34693363,1.7734723,0.39579734,-0.94474775,-0.5592363,0.115482405,-1.4605749,-0.85419565,0.4019906,-1.4079598,-0.26045418,1.1304504,1.035097,0.17516442,-1.9370097,0.12957808,0.46744382,-0.379962,0.4610206,0.6798648,-0.3670184,-1.272854,0.6630105,0.83063686,-1.3049406,0.23879898
M4|C00090,-0.5785141,-1.1935989,0.031572588,-0.008801885,0.36694932,-1.0960324,-0.5036665,-0.47527114,1.6048044,0.45374984,-1.0243703,-1.2541829,-0.7977898,-0.8697711,0.021261528,1.3596773,0.31619057,-0.14317146,-0.7181496,-1.3038402,-0.6839191,-1.2531457,0.4277535,-0.6565028,-1.4795195,0.9780062,0.8838983,-0.45549205,-1.2943077,1.129916,1.1073298,-1.8878183,0.94841605,1.4230653,2.7173712,-0.79801583,-0.46019876,0.30927253,-1.2319664,0.88218105
M4|C00091,-0.9707817,0.17681181,-0.13205618,0.3244655,1.5734364,-1.307719,-2.128159,-0.16258985,0.29681107,0.34092742,-0.080381274,-0.26105362,0.39755157,0.005188465,-0.85112643,0.9413784,0.67704064,-1.7412045,-1.277769,-1.9033613,-0.2964281,-0.2789908,0.55128205,0.040915385,-0.056636762,-0.33658627,0.6768212,0.7542428,-1.0506222,1.0864837,0.93821156,-0.5288561,0.09073587,0.9292034,0.8900273,-0.5801152,-0.19653194,1.0395595,-0.26486847,1.2780306
M4|C00092,-0.43790564,-0.91660285,-0.6829973,1.586658,0.81716394,-0.7286802,-0.11727944,-1.0909431,-0.3778073,0.68353003,-0.463651,-0.65451115,0.8216118,-1.1613259,-0.0019117221,0.5934438,1.6826438,0.39857522,-1.2451705,-0.28343382,-1.30681,-0.8391023,0.30298212,-1.0777546,-0.4841528,0.6198501,0.65552104,0.8819922,-0.8573469,0.7326289,1.3521116,-0.71415067,-0.615595,0.32033873,-0.35823476,-0.9266572,-0.026791934,0.22692266,-0.7856741,0.0740328
M4|C00093,-0.15346928,0.5787777,-0.76118124,1.0532368,1.0146858,-0.3735472,-2.398017,-0.65753496,-1.0246264,0.2238768,-0.0021757483,0.29115036,0.18115744,-1.1657894,-1.2209508,0.838054,1.1084255,-0.80137056,-0.60404336,-1.6096575,-0.9864237,-0.11348697,-1.3031449,-1.5246773,0.19366772,0.51977354,-0.053442873,0.43551254,-1.1983088,0.81432056,0.71211237,-1.5100528,-0.035335697,-0.33357364,0.4912793,-1.6093628,-0.47618148,0.8162766,-0.2866102,1.3152239
M4|C00094,-0.421368,-0.2243971,-0.13397175,0.4275765,0.70166844,-0.8110591,-0.6417131,-0.74678713,-0.4929156,0.52625585,-0.7518132,-0.7441554,0.58224356,-0.63068926,-0.72354215,0.7043536,0.1948621,-0.44781834,-0.90039206,-0.6055477,-0.8233643,-0.41045374,0.3595935,-0.8165127,-0.25641268,0.8276041,0.38607323,0.67757547,-0.54914784,0.4267966,0.64579713,-0.5160007,-0.5023055,0.6638204,0.7258583,0.4164838,0.09783423,0.4078653,-0.23244017,0.7631874
M4|C00095,-0.67576915,-0.7971197,-0.20324841,0.22921953,0.4510991,-1.232732,0.43342465,-0.9482698,1.6852101,0.5723792,-0.43871903,-0.8622489,0.11895262,-0.615486,-0.2954402,1.767722,0.31540218,-0.66216063,-0.94353116,-0.40837008,-0.4321086,-1.6322644,1.0297849,-0.77580255,-0.98080105,1.3865918,1.3381776,-0.96805096,-1.8668978,0.88718396,0.7935811,-0.887224,1.0811712,2.1546373,1.7615463,-0.55145335,0.017331436,0.20928359,-2.008772,0.5742581
M4|C00096,-1.242713,-0.25908527,0.14624122,-1.1185993,0.30378163,-0.7869155,-0.63557553,-1.1603003,-1.0945295,0.39483148,-0.5130707,-1.0782835,0.66064364,-0.72051716,-1.0057962,0.63375777,0.17773452,0.66242146,-1.3423526,0.404864,-1.4017947,-0.7731197,1.4646915,-0.36566904,-0.6216189,1.2957624,0.5124625,0.9393884,-0.41701183,0.32865757,0.6804732,-0.3723982,-1.2600528,1.2076197,0.85767627,0.6824057,-0.054041915,-0.50049543,1.1393322,-0.30794534
M4|C00097,-1.050792,-0.35694164,-0.119747944,-0.6965572,0.38786417,-0.63636374,-1.0797583,-0.8459787,-1.3866472,0.052203923,-0.2927099,-0.8175247,0.5816597,-0.86730695,-0.8925446,0.4526729,0.76894253,0.69773555,-1.4654527,0.18884064,-1.6150407,-0.65385526,0.89513487,-0.7196509,-0.6659575,0.98847073,0.33320147,1.1619444,-0.3538693,0.31771162,1.2171655,-1.0827385,-1.0417012,0.68601614,0.945795,-0.023919404,-0.42046654,-0.27735257,1.3901399,-0.24581918
M4|C00098,-1.0452058,0.16899043,-0.32010713,0.42289323,0.5060769,-0.82369065,-0.092190266,-1.2798144,-0.86537325,-0.20369777,0.28883797,-0.7204199,1.0128605,-0.9937354,-1.0560418,0.73034215,0.43471855,3.4809113e-05,-1.3265538,0.5535032,-1.126756,-0.8665942,0.9904636,-1.2865976,-0.41553795,1.0561777,0.8351621,0.5832397,-1.4928774,-0.08215156,1.2364767,-0.5101875,-0.5783706,1.2061728,-0.05869539,-0.439365,-0.31576142,-0.010782972,0.08936948,-0.2897471
M4|C00099,-0.6830961,-0.010960244,-0.6248231,0.5624584,1.7433908,-0.6532558,-0.98972124,-0.83889323,-0.4426107,1.0307043,-0.16607103,0.06445849,0.7778944,-0.3006674,0.22025746,1.7318021,-0.075855434,-0.8471958,-0.52226233,-0.42882448,-1.588158,-0.08649162,0.30225438,-0.5344261,-0.7777038,0.81385493,1.1963675,0.45264295,-1.0163167,0.5093388,0.3657149,-0.4634443,0.11597584,0.63141954,0.700114,-1.1592896,0.73044497,0.7945694,-0.3883602,0.39904493
M4|C00100,-0.23130855,-0.9012934,-0.06234717,-0.396974,1.5792186,-0.39570224,-1.3838471,-0.7316759,-1.4040279,1.7110504,-1.19948,-0.19087833,1.0832546,-0.10062196,-0.34044656,0.7835105,0.030337745,-0.338889,-1.151848,-0.76061434,-1.208674,-0.26164836,0.40679646,-0.4899816,0.7647267,0.67165464,0.33866537,0.8833146,0.219302,1.2987146,0.5331641,-0.46667182,-0.9381945,0.44957,1.6477957,-0.07257047,0.81387925,-0.08910692,0.389697,0.8177419
M4|C00101,0.08797881,0.109897576,-0.32506287,1.3765141,1.0331763,-0.67759776,-0.7671857,-0.18185416,-0.04002512,1.3373771,-0.14406973,-0.74980676,0.7494362,-0.4948923,0.31594023,0.24393637,0.92566824,-1.0125124,-0.96911174,-0.04287447,-0.5569912,-0.6692884,0.21084198,-2.208209,-0.27633414,0.16497119,-0.17465916,-0.046254545,-0.14968482,-1.214619,1.3062595,-0.5325105,-0.295144,0.27876914,0.0077237785,1.3500477,0.5160256,0.30761328,1.0159259,0.24240181
M4|C00102,-0.23826891,-0.34320495,-0.5707488,0.6916017,0.05116368,-0.72903603,-1.6563298,-0.30284426,1.2687664,0.05602245,-0.5773029,-0.7575474,-0.9771563,-1.5463276,-0.7289381,0.80584717,1.5058062,-0.47291514,-0.4797176,-1.9103311,-0.42096382,-1.2438424,-0.7269211,-1.244179,-0.8798091,0.864128,0.06480535,-0.38247594,-1.3660104,1.2073181,1.3204815,-2.552967,1.1532509,0.92359793,2.228811,-1.344423,-1.3288956,0.5189375,-1.4545152,1.4722755
M4|C00103,-1.5657356,0.8108427,0.29322913,0.4307692,1.3302681,-1.1433697,-0.7935372,-1.0552197,-0.005750783,-1.0689366,-0.2596527,-1.3101977,-0.38641006,0.6328104,-0.78612053,1.8296987,0.077390864,-0.10399074,-1.9971508,0.02484624,-0.19842473,-0.29848865,1.588514,-0.94103146,0.39551347,1.5730567,0.8507173,0.9120692,-2.0848858,-0.144855,1.6090481,0.40549165,0.44108552,2.0786164,0.2604735,0.3790119,1.5380387,0.5971682,-0.32274386,0.2569022
M4|C00104,-1.3412728,0.77214,0.5594999,0.30291998,1.2354532,-1.1774242,-1.1014596,-0.88594735,-0.39147708,-0.83871114,-0.40676928,-1.2537712,-0.07324657,0.5677812,-0.7247492,1.7868516,0.18338461,-0.04202056,-1.8912197,-0.44716996,-0.40402532,0.17816961,1.316358,-0.80444026,0.103166714,1.0919156,0.38879484,1.0234536,-1.7724367,0.17360386,1.4632332,-0.034399353,0.21888112,1.6076039,0.75966996,0.694051,1.1157856,0.6208307,-0.05117735,0.4783846
M4|C00105,-0.16144143,-0.5301454,-0.63561904,1.0369084,1.5810745,-0.35316932,-1.746494,-0.61661255,-1.5236757,0.52301943,-0.64453673,-0.09499496,1.1533852,-0.7549749,-0.9839856,0.7058705,0.95910347,-0.67726934,-1.0962373,-1.0380886,-0.71619177,-0.34838045,-0.94978225,-1.422717,0.83528626,0.43111733,-0.041689955,0.7288017,-0.66051286,1.0559367,1.3735414,-1.2868935,-0.62250775,0.18773112,0.62574136,-1.6337044,-0.042694952,0.64871055,-0.16877717,1.0277457
M4|C00106,-0.31049877,-0.10774967,-0.04537458,-0.5964018,0.91212285,-1.0319781,-1.094341,-0.8038819,-0.09703666,1.226264,-0.5230443,-0.54631615,0.29774684,-0.3147571,-0.7766583,1.158511,-0.0523392,-0.77973497,-0.77171826,-0.8196335,-0.92208385,-0.8634034,0.5663667,-0.23059824,-0.62631005,0.8628699,0.6159764,0.14839251,-0.4854189,0.7459013,-0.045094714,-0.2302993,-0.14923105,1.078134,1.7010543,0.22623214,0.34906113,0.17997798,-0.053039487,0.7913438
M4|C00107,0.58590037,-1.048886,-0.8192501,0.76341087,0.5076064,-0.8717462,0.858516,-0.6278863,0.039130468,-0.5215664,0.21096276,-1.5152124,1.1042068,-1.2435408,-0.42949256,2.5415587,1.3969941,-0.00865759,-1.4051477,-0.28200158,-1.2831172,-0.9740363,0.08159402,-2.208649,-0.2105118,0.23185885,0.85475236,0.072191745,-1.3673643,-0.7288739,0.6349303,-0.032075964,0.8063812,0.45440018,0.018422723,0.2356418,1.2385534,0.79140055,-1.4155924,0.38825348
M4|C00108,-0.575686,-1.0826741,0.38758937,-1.2031046,0.41188788,-1.0692679,-0.5331285,-0.8200224,1.689183,1.3078196,-1.0417719,-1.2496661,-0.7253488,-0.558404,0.056828253,1.578664,0.024051016,-0.22489442,-0.6107029,-0.9381992,-0.8096517,-1.6555192,1.5292751,-0.35345644,-1.3987181,1.2202895,0.82414085,-0.5988054,-0.90135103,1.2706883,0.16792661,-1.1407084,0.7482846,1.8768611,2.9287176,0.1712802,0.2210247,-0.38045174,-1.0862375,0.6256472
M4|C00109,0.2026681,-0.16407703,-0.41374046,-1.191962,1.4406004,-0.7225691,-2.475124,-0.79352665,-1.2800893,1.7759557,-0.9878784,0.110026985,0.2880015,0.10342544,-0.46446043,1.2261721,-0.25885734,-0.73766744,-0.55215955,-1.2663757,-1.4112982,0.17157781,0.5169736,-0.22857118,-0.49456567,0.4172844,0.45893723,0.7612729,0.5333033,1.1133432,-0.54450953,-0.25643766,-0.6857014,0.80908144,1.9507393,0.07887549,0.51850075,-0.2363341,0.80155843,1.0749327
M4|C00110,0.5170627,-1.5165428,-0.805819,-0.4462603,0.3968302,-1.0007231,-0.039351102,-0.34199393,-0.47530827,-0.049638733,-0.5928154,-1.5763364,0.47447875,-0.97497326,-0.08762814,2.3458743,1.415811,0.5964835,-1.1872044,-0.94121546,-1.3530431,-0.5549454,0.5337474,-1.4480494,-0.07551563,0.5659799,0.42985886,0.31087127,0.048692048,-0.0926622,-0.0556425,0.019281313,0.12477116,0.11374515,1.1391158,1.1186502,1.5430857,0.0137179345,-0.4332072,1.0139225
M4|C00111,-0.66073656,0.38265267,-0.48815933,1.0569732,-0.06419118,-0.5029312,-2.1811142,-0.65893495,-1.3644825,-0.7447728,0.19808649,-0.5584401,0.34932578,-1.9066465,-2.0178747,0.07939851,2.0368063,0.24812227,-1.0854981,-0.9158584,-1.160779,-0.8023464,-1.1946392,-1.8061149,0.087357104,0.70581394,-0.61822224,0.9676763,-1.1428415,0.34362614,1.5081888,-2.057505,-0.6414087,-0.44077623,-0.16723405,-0.989957,-1.4113953,0.4645437,0.25002122,0.8489382
M4|C00112,-0.35380024,-0.26374844,-0.37189764,0.7542196,0.49245763,-0.9357078,-0.60182524,-0.6648073,1.266447,0.3719102,-0.46541968,-0.73832595,-0.3882817,-1.0398674,-0.44594085,1.033174,0.7237773,-0.6596858,-0.6268985,-0.9788956,-0.6102383,-1.1418269,0.09787567,-1.0779377,-1.0712215,0.8865419,0.651575,-0.35795125,-1.4072529,0.788556,1.0504758,-1.5409778,0.7912619,1.2947088,1.5191914,-1.0127959,-0.45732033,0.5784962,-1.4031059,0.82941854
M4|C00113,-0.28228086,0.6455573,-0.72179097,0.5577943,0.59844416,-0.5288249,-1.4348917,-0.6245182,-1.0948979,-0.11332679,0.18564357,-0.6110511,0.42036813,-0.5422325,-0.75342274,1.4995499,1.0146765,0.28949487,-1.0547687,0.11175652,-2.308227,-0.3305353,0.004563734,-0.72559094,-0.6610018,1.5052154,-0.016294122,1.4363598,-0.49164855,-0.2919157,1.4629052,-0.88183385,0.62900656,0.66621107,1.422149,0.2248409,0.72640824,0.43628418,0.67755246,0.051683843
M4|C00114,-0.30058056,-0.63239783,-0.17529613,0.56079584,1.1065665,-0.7464144,-0.6922766,-0.78340125,-0.8053503,0.88722837,-0.89084107,-0.60682666,0.94480383,-0.55052686,-0.56989026,0.7607576,0.22612333,-0.5300528,-0.899886,-0.7214629,-0.95908463,-0.36089045,0.100528754,-0.72823894,0.032389782,0.7850089,0.4546938,0.77731276,-0.31931806,0.68309474,0.7441941,-0.5155147,-0.68571717,0.5390667,0.76353526,0.05666677,0.3180128,0.44547856,-0.26777202,0.8143065
M4|C00115,-0.30486277,0.22907075,-0.9038206,0.9856569,1.6391618,-0.6691642,-1.4789647,-0.94618964,-0.7194194,0.8472855,0.38716286,0.17034331,0.71078694,-0.6410496,-0.6813961,1.4546411,0.40694252,-1.0727545,-0.5785644,-0.5546077,-1.530744,-0.6979012,-0.36505157,-0.96598303,-0.3800041,0.7597305,1.0401899,0.36839482,-1.2654215,0.29950678,0.41222793,-0.51287436,0.3390782,0.37844884,0.31958222,-1.7813255,0.45285234,0.7035033,-0.63409895,0.6974696
M4|C00116,0.2398032,-1.398202,-0.7317566,0.43242136,0.52019316,-0.93504506,0.54713565,0.084602416,0.040192883,-0.25924715,-0.10940625,-1.7665838,0.80366886,-1.2054021,0.313453,2.4752772,1.2900928,0.35484293,-1.2349991,-0.5469992,-1.4888006,-0.69321597,0.5390965,-1.5738854,-0.16063905,0.50037783,0.8073207,0.07241508,-0.74872684,-0.36347592,0.5818331,-0.082407504,0.6555075,0.10208303,0.74958104,0.549783,1.6716187,0.38326705,-0.8737809,0.73787975
M4|C00117,-0.14076763,-0.22646403,-0.600498,1.5103713,1.1928716,-0.24106187,-2.1884766,-0.5243812,-1.5944045,0.323969,-0.30900255,0.055915773,0.89392823,-1.2496762,-1.2060541,0.47493857,1.3970717,-0.5809574,-1.0328574,-1.4208865,-0.96614504,-0.3313058,-1.3922057,-1.7602977,1.1916728,0.38553175,-0.2355647,0.7329607,-0.9322724,1.0774465,1.4746813,-1.6838723,-0.34199014,-0.4940803,0.46707636,-1.6893789,-0.4841249,0.6581248,-0.4452336,1.4322073
M4|C00118,-1.5375271,0.88747495,-0.16750221,1.2365713,1.4311082,-1.0905669,-0.54007167,-0.97681487,0.12022515,-1.350769,-0.041248858,-1.2316694,-0.28920996,0.5241181,-0.53435826,1.6961374,0.13347086,-0.25844398,-2.044108,0.2073618,-0.24453828,-0.17425144,1.0899307,-1.2401646,0.22921355,1.4860723,1.0548232,0.9003165,-2.315695,-0.47206795,2.0803754,0.08932637,0.7426703,1.8949434,-0.0388806,-0.26540655,1.278189,1.183918,-0.50857216,0.25430927
M4|C00119,-1.4413073,0.3568858,-0.12479313,0.2794481,0.40232313,-0.86572415,-0.3488254,-1.3147557,-0.6543113,-0.62271595,-0.17470364,-0.8483031,0.57252383,-0.5571692,-1.3703539,1.0398817,0.21846956,0.2270144,-1.391844,0.6274611,-0.69704306,-0.535712,0.8806349,-1.1225468,-0.49005616,1.7078817,0.59626794,0.5257362,-1.6185837,0.011912212,1.2614402,-0.6329411,-0.55027795,1.532602,-0.26782495,-0.046311483,-0.16240759,0.4046318,0.09895473,-0.19979253
M4|C00120,0.00577946,-0.36350155,-0.22253692,-1.2339525,1.347826,-0.51451504,-2.5809093,-0.57646656,-1.3751998,2.0693922,-0.981933,-0.057898358,0.22587627,-0.23869449,-0.350317,0.99495226,0.07840593,-0.34965694,-0.4188226,-1.4129713,-1.7931049,-0.21152592,0.35220736,0.13269787,-0.44294202,0.48601398,0.24703352,1.0084245,0.71869284,1.2020009,-0.5597052,-0.46564484,-0.589424,0.051929455,2.196268,0.21379834,0.61265486,-0.25673205,0.90074944,1.1051668
M4|C00121,0.9999791,-1.5400459,-0.910479,-0.267615,0.34384894,-0.95326716,-0.508569,0.17184821,-0.8946283,-0.4873478,-0.6691064,-1.5228035,0.27292678,-1.363661,-0.29515296,2.0703096,2.1632934,0.6448321,-1.2712893,-1.5810486,-1.3319595,-0.41740695,-0.45023954,-1.7664176,-0.19125926,0.22077453,-0.109098524,0.38194555,0.17798746,0.024754077,0.40682244,-0.6215652,0.1027811,-0.49935943,1.5653055,0.86932373,1.0363172,0.25903228,-0.24373019,1.5455394
M4|C00122,0.16510999,-1.2946492,-1.0700159,0.75059813,0.3277089,-0.9406062,0.12313585,-0.58193237,-0.17953478,-0.56685495,0.20472707,-1.7652525,0.6470932,-1.2315838,-0.50769657,2.5129988,1.4836688,0.07612955,-1.1609173,-0.74332035,-1.1063807,-0.60895896,-0.0026925504,-1.6739558,0.19864462,0.6731968,0.66977876,0.24925032,-0.6815094,-0.62206256,0.18204038,-0.16010608,0.6153034,0.20459658,0.09099114,0.16463868,1.341886,0.48341626,-0.9626907,0.63229454
M4|C00123,-0.022137985,0.063722305,-0.40996796,1.4508255,0.9122171,-0.51157355,-1.6650257,-0.23321797,-0.17016564,1.1257045,-0.1820229,-0.6968765,0.31300437,-0.63647866,-0.2023013,0.20904407,1.395518,-0.8287621,-0.9004887,-0.44357863,-0.6764585,-0.84253097,-0.28407985,-2.3268983,-0.20579897,0.1362237,-0.53238887,-0.008013219,-0.19304734,-0.8791188,1.3493809,-1.2501918,-0.048090123,-0.17082296,-0.14947332,0.72784054,0.12480499,0.52571845,0.9339634,0.36716336
M4|C00124,-0.09481028,-0.1024888,-0.4192682,1.6088963,0.9833042,-0.6368301,-1.1931137,-0.27127042,-0.013221874,1.0328959,-0.2703614,-0.7503394,0.4517067,-0.48015448,0.089425914,0.28822905,1.1080418,-0.7630816,-0.9800763,-0.28892383,-0.69133586,-0.65334964,-0.15508504,-2.1876779,-0.35934198,0.12403503,-0.2178923,-0.0013451725,-0.25420365,-0.95307374,1.5077549,-1.1320068,-0.057726078,0.0042538047,-0.13560347,0.71523285,0.18175827,0.6465043,0.8833867,0.25213042
M4|C00125,-1.3562064,-0.012089424,-0.18819049,0.14041406,0.37867725,-0.63139117,-1.1969322,-0.71304065,-1.095103,-0.4679418,-0.342075,-0.85450506,0.0932406,-0.7056433,-1.0117251,0.8463651,0.49930975,0.33682543,-1.191595,0.13573624,-0.9798938,-0.43900433,0.72448975,-0.9878229,-0.49995512,1.370406,0.345331,0.8443105,-1.0096203,0.40682313,1.3989449,-1.2689154,-0.5436573,0.9611802,0.34272778,-0.19926283,-0.31245857,0.44561726,0.47389692,0.049783275
M4|C00126,-0.7756587,-0.18350413,-0.20733765,0.25198844,0.34705713,-0.6453752,-0.9530434,-0.75999373,-1.0337692,0.0112717,-0.31086838,-0.747023,0.513675,-0.9063338,-0.89427763,0.47869867,0.687025,0.24848107,-1.2087269,-0.20455433,-1.261661,-0.5482877,0.43840516,-0.9594706,-0.49168974,0.88597316,0.3327039,1.002139,-0.8013586,0.36105266,1.2394357,-1.0931859,-0.61912805,0.5735165,0.6130069,-0.22508737,-0.4652416,0.106526025,0.52671885,0.21254748
M4|C00127,-0.2722631,-0.8968459,-0.08678629,0.042825826,1.5668588,-0.35193002,-1.394085,-0.61506325,-1.3791165,1.4160355,-1.069753,-0.2240653,1.0507543,-0.30745596,-0.11890072,0.8672579,0.1843872,-0.29358187,-1.122215,-0.8096033,-1.282607,-0.042262457,0.39234877,-0.7915976,0.7402523,0.58953404,0.38354522,0.8948997,-0.050234962,1.3352718,0.7622346,-0.74783504,-0.6976434,0.31719223,1.4475809,-0.3257402,0.6735549,-0.03698641,0.1668053,0.9020736
M4|C00128,-0.6657091,-0.5767806,-0.16012275,0.64831007,0.93964654,-0.889909,0.7945154,-1.5014037,0.15851623,1.4250432,-0.4062764,-0.7628139,1.4030803,-0.795438,-0.2182962,1.010548,0.6309783,-0.27068645,-1.0820489,0.48688573,-1.0389444,-1.3442535,1.4484112,-0.7631232,-0.36805415,1.2033427,0.9921664,0.51979935,-1.0605991,0.36187327,0.18538354,0.60476184,-0.71625733,1.1613946,-0.5104856,0.20334724,0.7321781,-0.37503493,-1.1389387,-0.20895493
M4|C00129,-0.7335836,0.07149022,-0.17307803,0.73271793,0.8192894,-0.82573396,-0.05850435,-1.1068513,-0.18884487,0.484106,-0.27540636,-0.6876217,0.8564862,-0.61569035,-0.74783045,1.0045905,0.14462413,-0.6347566,-0.92569345,0.06022711,-0.84247345,-0.80615777,0.7772726,-1.1058886,-0.10397835,1.1036112,0.7325167,0.41981876,-1.1802521,0.091242276,0.5773785,-0.11147992,-0.1789778,0.9774811,0.004442215,0.2394098,0.33490345,0.41315347,-0.85925573,0.37374574
M4|C00130,-0.40715268,-1.5126926,0.8723318,-0.6020435,0.44781423,-1.7279284,-0.59382355,-1.006662,0.7912144,0.5155609,-0.21581976,-1.7198764,0.09158678,-0.9903159,-0.322967,1.5219142,-0.49106354,-0.32949334,-0.69557786,-0.35913375,-1.2381761,-1.9114721,1.2795293,-1.3504213,-1.2034788,0.39458865,0.9547391,-0.9987794,-1.1488943,-0.1935328,0.10112871,-0.705028,-0.39408255,0.810698,0.9162806,0.2675727,1.0613954,0.004743755,-0.6627392,0.52524436
M4|C00131,-1.2607381,0.56925917,0.4530246,-0.1694529,1.15158,-0.9403877,-1.6607138,-0.6775968,-0.48428562,-0.6486248,-0.81042635,-1.2996992,-0.56037724,0.55134016,-0.73448336,1.4026737,0.2813976,0.26717916,-1.9299678,-0.787148,-0.39205655,0.16137761,1.2712151,-0.6822674,0.24555509,1.2140232,0.25314474,1.2014364,-1.2973982,0.43693873,1.4116263,-0.23654309,0.07540278,1.4281125,1.0609448,0.84220564,1.1290681,0.5317759,0.3762946,0.7246278
M4|C00132,-0.7784945,-0.67875993,-0.4773318,0.7399929,1.9145983,-0.5893087,-0.79964983,-0.915337,-0.87551373,0.7109451,-0.9893293,-0.18618894,1.3166443,-0.05113983,-0.1451594,1.3887662,0.012125885,-0.6362854,-1.0269144,-0.33741793,-0.7306809,0.024129964,0.42151767,-1.3823206,0.5709523,0.6692561,0.7952829,0.4672312,-0.804494,0.76639974,1.10963,-0.7470161,-0.5239289,1.1491549,0.5065582,-1.003236,0.63782346,0.51381606,-0.5139347,0.5816164
M4|C00133,-0.9849207,-0.38600174,0.10689106,0.14685608,1.0024043,-1.9819636,-0.7082866,-0.24402484,1.6406446,0.29081407,-0.10183226,-1.0348212,0.035869464,-0.20797123,-0.78245795,1.2014039,1.0285087,-1.3457413,-1.5165733,-1.891277,0.051567554,-1.4666215,0.7553506,0.0246384,-0.9857953,-0.22808123,0.6394378,-0.28051558,-1.3459935,1.0366204,0.9733087,-0.75069845,0.53851056,1.2394816,1.6046457,-0.0029496253,-0.3502399,1.1346742,-0.74987644,0.98155713
M4|C00134,-0.76363593,0.14130664,-0.25635672,0.23145582,0.10695547,-0.45078522,-1.8239493,-0.76196265,-1.2329032,-0.23398411,-0.32738292,-0.6159373,0.5104526,-1.4922266,-1.5412486,0.19342329,1.1990085,0.30959684,-1.0085804,-0.69242173,-1.2302108,-0.50173765,-0.44147104,-1.2669225,-0.25961125,0.7728047,-0.44797766,1.0734444,-0.67919564,0.4553215,1.2516744,-1.7057168,-0.9291715,0.03434158,0.5166038,-0.17211545,-1.1459143,0.4363588,0.67362005,0.5642788
M4|C00135,-0.30980206,0.20423368,-0.36667463,-0.014569648,1.2486976,-1.239172,-0.8647443,-0.6942111,0.19914849,0.6986189,0.050492868,-0.12085685,0.26598752,-0.37415972,-0.599117,1.4106609,0.0671506,-1.1145076,-0.94579864,-0.7276967,-1.0129275,-0.6922135,0.12702277,-0.6163242,-1.0306904,0.49369618,1.2517442,-0.3043826,-1.3385077,0.5294126,0.4582095,-0.4573571,0.3335718,1.2669692,1.6043471,-1.2118368,-0.017327547,0.41454762,-0.30090478,0.707384
M4|C00136,-0.16771284,-1.1202091,0.26154098,-2.1616402,1.6045629,-0.1062175,-3.3249693,-0.2702882,-1.9491098,2.1642597,-2.418847,-0.2818709,0.33626568,-0.0077406764,-0.4415216,0.6802833,0.31936654,-0.06261565,-0.6991567,-1.9938473,-1.0491393,0.19575751,0.40282452,-0.15005189,0.8871327,0.3400435,-0.70703894,1.2894144,1.6451868,2.025903,-0.20013396,-1.033601,-1.5229356,0.20961775,2.828064,0.77130663,0.6205328,-0.61115175,1.3516487,1.4564413
M4|C00137,-0.38119453,0.07129163,-0.42656124,1.6324016,1.1937389,-0.73465985,-0.32551622,-0.6792904,0.36199775,1.2089056,0.034243956,-0.7235382,0.8041396,-0.21648411,0.2462638,0.66826224,0.64011014,-0.92347205,-1.0964115,0.5140758,-0.73180425,-0.8518067,0.62953144,-2.2360132,-0.4462884,0.37452272,0.30346838,-0.28419307,-0.7105268,-1.2182369,1.2784332,-0.53499275,0.14749555,0.5715621,-0.55599076,0.8499212,0.6235199,0.6132449,0.38818467,-0.28110883
M4|C00138,-0.6297826,-0.732051,-0.8596949,1.9308726,0.62136805,-0.5990911,-0.41650045,-0.9080723,-0.008765666,0.34485233,-0.48494285,-0.72588766,0.8295278,-1.5273037,-0.26410437,0.8273844,1.8098034,0.2640832,-0.9254901,-0.21467339,-0.7872819,-0.88319534,0.17590529,-1.5314835,-0.21355967,0.91798085,0.6095038,0.6301725,-1.4032348,0.52465725,1.3669553,-0.7955575,-0.44317108,0.8485216,-1.2656257,-1.1510782,0.0072124377,0.44122,-1.5707624,0.2139607
M4|C00139,-0.5439451,0.8108824,-0.65850383,0.661981,0.79744065,-0.55542684,-1.0613779,-0.71269596,-0.847322,-0.13915119,0.40832716,-0.5489806,0.69063926,-0.79546666,-0.8322562,1.4743145,1.1633229,0.09897093,-1.104398,0.1174552,-2.1331782,-0.39752045,-0.22335915,-0.8079289,-0.5110764,1.4938992,0.0010906607,1.1768116,-0.7595814,-0.29939666,1.5488033,-0.77471286,0.5278643,0.49744195,1.1459622,0.18127812,0.55819684,0.60152286,0.6549416,0.050511226
M4|C00140,-0.527706,-1.1416402,-0.5412826,1.0414195,0.91308314,-0.74503773,0.25455707,-1.3206453,-0.24747565,1.27468,-0.65094167,-0.693642,1.0582424,-0.9264214,0.2890381,0.7220409,1.4611967,0.5092283,-1.3153734,-0.022480264,-1.4890803,-0.9897095,0.906507,-0.7375737,-0.5383473,0.7717339,0.83229953,0.85534275,-0.5664715,0.7987758,0.94128144,-0.27837563,-0.82036096,0.55604345,-0.20936994,-0.4207261,0.4294418,-0.068454474,-0.66011155,-0.16611958
M4|C00141,-0.9852514,-0.29065588,-0.17174134,-0.19593978,0.38315737,-0.8197084,-0.6612191,-0.8818259,-1.2877125,-0.21611452,-0.30201828,-0.8114579,0.782545,-0.9346077,-0.8902869,0.37107238,0.6285594,0.59506774,-1.3918791,0.124256626,-1.4524894,-0.5225285,0.53936523,-0.7432283,-0.7246261,0.94880134,0.4163748,1.0603548,-0.5536989,0.15880969,1.4894558,-1.0250087,-1.0777882,0.6858832,0.8096823,-0.13752413,-0.56944317,-0.010405138,1.20222,-0.13002738
M4|C00142,0.042233273,0.27595982,-0.46440363,1.6251613,0.8710975,-0.5122274,-1.7551961,-0.23929667,-0.29599184,0.92534864,0.049797997,-0.6640605,0.3628109,-0.9060214,-0.61024874,0.18420883,1.6017189,-0.99818814,-0.8602663,-0.48966753,-0.49243662,-1.0640497,-0.5508521,-2.5543745,-0.022047818,0.20617181,-0.6442314,-0.13349414,-0.4899635,-0.90998805,1.3761064,-1.2574133,-0.04894851,-0.16401704,-0.40342098,0.49596,0.032105196,0.6112165,0.6869007,0.4379599
M4|C00143,-1.0428703,-1.277872,-2.1394954,-0.026814528,0.21525452,-0.8793326,0.6276352,-0.9742244,-1.7332723,-1.3543369,0.8556328,-0.8147577,-0.23798305,-1.3271558,-0.14088333,1.9210716,2.5291696,-1.3907772,-0.010074645,-2.7220232,-0.6867623,-0.3325241,2.0669107,-1.4923611,0.10174699,0.6341851,1.5843124,-0.006183028,1.1632165,-0.016126826,0.3427461,-0.73939526,0.09394802,0.49949735,0.3140859,0.6030371,0.27242777,0.3765122,-0.6806506,1.0227221
M4|C00144,-0.69547147,-0.6520755,-0.83443147,1.8346211,0.6219734,-0.5893165,-0.5953891,-0.8908312,-0.028987864,0.37727153,-0.5254513,-0.67721844,0.7094874,-1.3827443,-0.24497461,0.8531707,1.7904807,0.2759885,-0.9349944,-0.17011535,-0.7419089,-0.89840364,0.3265159,-1.5854102,-0.07900255,1.0001742,0.5611873,0.56974196,-1.3667496,0.5094714,1.3414738,-0.7418657,-0.40221155,0.91546357,-1.2238803,-1.0209163,0.1251665,0.33351165,-1.5345492,0.24854891
M4|C00145,-0.8706588,-0.48012647,0.34251866,0.5062428,1.9199777,-1.4293659,-2.0254388,-0.015756115,0.11272526,0.16963725,-0.8438926,-0.6517458,0.28753042,0.3643691,-0.6728926,0.73501575,0.45352745,-1.8704796,-1.7210555,-2.1649609,0.32246426,0.44800478,1.1507378,-0.7084246,0.75685996,-0.56942874,0.5918218,0.8207301,-0.7995324,1.1798971,1.4720819,-0.47299522,-0.42697465,1.2292387,0.68489754,0.4604678,0.1757935,0.63549167,-0.06902871,1.4539672
M4|C00146,-1.1971238,0.4224906,0.116455756,0.79452276,1.3443643,-1.0585756,-1.6380167,-0.35602748,-0.1675731,-1.3664169,-0.51103264,-1.7176449,-1.1857133,0.5309015,-0.84765846,0.9566036,0.43221542,-0.5144255,-2.20336,-0.9824336,0.30947363,-0.21477507,0.7208869,-0.9864664,0.35602784,0.97463787,0.4730255,1.4014565,-1.505589,-0.10499005,2.338353,-0.27527726,0.2714228,1.5947211,0.4324883,0.2579964,1.0080197,1.0610259,0.48710108,0.8851063
M4|C00147,-0.87267274,-0.7135307,-0.38930237,0.77087563,1.9173713,-0.6466535,-0.86594415,-0.79906505,-0.91490924,0.61902857,-1.0652357,-0.31418857,1.2327881,-0.05035229,-0.17516866,1.2521083,0.027672747,-0.6325152,-1.0359621,-0.49097598,-0.61685216,0.08730305,0.2849013,-1.1547716,0.66961974,0.73626316,0.7360689,0.5797906,-0.73231584,0.74652606,1.2473894,-0.70465404,-0.611317,1.1269715,0.49930155,-0.95460284,0.6375488,0.6215545,-0.38922292,0.60216933
M4|C00148,-1.4879537,0.11877399,-0.3568899,0.4051548,0.59120977,-0.58770484,-0.15677646,-1.352968,-0.5887198,-0.1856474,0.21690892,-0.53431,0.8862849,-0.7982003,-0.94490206,1.006984,0.66709256,0.27990916,-1.2672908,0.8532279,-1.3500335,-0.92450935,1.1331031,-1.3654039,-0.4922213,1.263526,0.75926065,0.6198541,-1.5380845,-0.014531255,1.3343484,-0.8055862,-0.43667024,1.0789155,-0.45828414,-0.37477055,-0.1066615,0.45151502,-0.04375087,-0.67976665
M4|C00149,0.14369518,-0.040909104,-0.31312695,0.9761954,0.90113467,-0.59038484,-1.5224812,-0.17204621,-0.0991209,1.4713696,-0.4236347,-0.679533,0.4987473,-0.4584394,0.22613975,0.105306946,0.8918758,-0.71005696,-1.0575546,-0.38567027,-0.80072945,-0.48219496,0.1929054,-2.031637,-0.28539085,0.029618476,-0.28791577,0.19426413,0.076139145,-0.73405176,1.0624579,-0.97318286,-0.4076286,0.079499386,0.420084,1.164526,0.40141287,0.2809604,1.2230258,0.42676538
M4|C00150,-1.2681179,-0.055639233,-0.31560868,0.3467268,0.3984425,-0.5600678,-0.73133093,-1.1132994,-0.84224653,-0.20754516,-0.007913962,-0.56208074,0.5854777,-0.9845545,-1.0507792,0.76500636,1.0276912,0.42052165,-1.112566,0.25568783,-1.2828467,-0.9209459,0.69462216,-1.3496162,-0.3837862,1.1155642,0.38552457,0.72500014,-1.1776626,0.2204374,1.3784167,-1.1286256,-0.6034255,0.6954421,-0.20728369,-0.3596336,-0.30244315,0.36694655,0.22689927,-0.28018978
M4|C00151,0.01354453,0.07773527,-0.34070566,1.2533892,0.9759938,-0.5682635,-1.373932,-0.24435726,-0.22755758,1.1537323,-0.19986093,-0.77080595,0.46346492,-0.62030303,-0.231009,0.25839937,1.0759606,-0.8969252,-0.9185122,-0.26190516,-0.6356156,-0.8160083,-0.14354084,-2.148745,-0.3803832,0.2789563,-0.37290508,-0.08788726,-0.20684665,-0.9417962,1.2213476,-0.9965523,-0.15981698,0.088706605,-0.053520605,0.8301438,0.27529654,0.5933753,0.92076695,0.26913655
M4|C00152,-0.7046299,0.7550862,-0.6576035,0.7081732,0.7816203,-0.4873236,-1.312357,-0.70831597,-0.9508409,-0.16764075,0.29249668,-0.5551276,0.5263188,-0.7865557,-1.0239363,1.5615183,1.3369653,-0.0023954064,-0.8550754,0.047004715,-1.9001292,-0.65120625,-0.2759952,-1.0048555,-0.53872204,1.3870338,-0.12787826,1.1249098,-0.61043876,-0.18792197,1.4524941,-1.143532,0.48354703,0.45430434,0.90234643,-0.021335334,0.38193288,0.651213,0.3593984,0.23813131
M4|C00153,-0.50452816,0.12141005,-0.7597657,0.782693,1.742958,-0.62072515,-1.3642707,-0.7156192,-0.6430598,0.8600359,0.033513293,0.15095955,0.7435831,-0.5414107,-0.10685028,1.5913675,0.13482386,-1.0490377,-0.42510444,-0.65066165,-1.5147734,-0.14408326,-0.23228227,-0.70130676,-0.7519186,0.6381255,1.0356693,0.4346068,-1.0446072,0.49026185,0.45851362,-0.73001915,0.1483605,0.42284042,0.6066544,-1.5389411,0.47440234,0.97405255,-0.37186933,0.5868201
M4|C00154,-0.33643156,0.61845934,-0.2315217,-0.0071706697,1.0704249,-1.0327992,-1.3410932,-0.51561403,0.47841507,0.636617,0.08861773,-0.14690128,0.0016814619,-1.0868628,-0.7518123,1.0873905,0.66428673,-0.9862756,-0.74837935,-1.4617957,-0.9124955,-0.8154162,-0.50012845,-0.41846216,-1.1034422,0.59616524,0.68255985,-0.18817309,-1.404514,0.68132895,0.55201554,-1.0837129,0.31138414,0.7945791,1.86126,-1.2100824,-0.27141446,0.6069502,-0.18524943,0.88571906
M4|C00155,-0.1367988,-0.212964,-0.5489856,-0.2830055,1.4643525,-0.6786593,-1.9977046,-0.7140565,-1.0270169,1.546617,-0.49972105,-0.0011216402,0.50634074,-0.3105413,-0.32674617,1.2131824,0.08609173,-0.65838933,-0.48076025,-1.0649425,-1.5527893,-0.28945097,0.07242336,-0.17283691,-0.54493797,0.6003268,0.66816956,0.6909967,-0.053068724,0.80594754,-0.12498377,-0.42027706,-0.3447739,0.3297007,1.4227251,-0.5915339,0.5988585,0.23620507,0.31416225,0.9405234
M4|C00156,-0.5499698,-0.6337846,-0.33464596,0.805248,1.6306605,-0.56806266,-1.4085178,-0.6268578,-1.2082994,0.66467553,-1.0022938,-0.2675212,1.1487222,-0.40722084,-0.6172437,0.9067598,0.35844854,-0.77147746,-0.9556969,-0.97100604,-0.6090646,-0.054008197,-0.29764533,-1.2389711,0.8203629,0.6581969,0.2960783,0.7236458,-0.67233807,0.98600906,1.1855689,-1.0092001,-0.7634013,0.7182933,0.6595106,-0.970345,0.27719483,0.5757576,-0.31287673,0.9891517
M4|C00157,-1.5549021,0.31726944,-0.48478663,0.83619887,0.4584244,-0.62048066,-0.1535464,-1.4974996,-0.5859767,-0.5359824,0.5713033,-0.5178095,0.95226896,-1.1376228,-1.3362048,0.8895621,0.9042465,0.22061041,-1.268972,1.0061444,-1.2490151,-1.2242128,0.81332594,-1.7031143,-0.41147834,1.3197279,0.751671,0.48558354,-1.9481199,-0.16439167,1.5081047,-0.93507314,-0.41371292,1.0259529,-0.9951228,-0.8557037,-0.40039325,0.559664,-0.25844574,-0.7185793
M4|C00158,-1.4852359,0.26035684,-0.30202731,0.4795709,0.66074985,-0.6752281,0.20143607,-1.4514843,-0.36582118,-0.03499122,0.32818174,-0.68690836,1.0799557,-0.7877344,-0.96365494,1.1529382,0.35997263,-0.104663685,-1.2606108,1.0934875,-1.1215625,-1.0343432,1.31767,-1.4121002,-0.4093778,1.4699904,0.8975684,0.47903794,-1.8053116,-0.16781116,1.0439806,-0.35524446,-0.38111886,1.3993313,-0.65686965,-0.17939168,0.041809145,0.353746,-0.42185685,-0.64237106
M4|C00159,0.31319082,-1.3800769,0.4639006,-0.27114862,0.53721994,-1.3270257,-0.7754764,-0.64928454,0.1220741,-0.3234903,-0.7038528,-1.1226081,-0.4457994,-1.085444,-0.40957552,0.6698187,-0.26356226,-0.23163976,-0.70677704,-0.73726255,-1.4489442,-0.52558845,0.35670856,-1.7157362,-1.4152619,-0.31677288,0.78840476,-0.59382176,-0.50704885,0.14077023,1.1119492,-1.6049411,-0.92016023,0.58313864,0.67825484,-0.33431396,0.4602488,1.0167255,0.010933772,0.60486805
M4|C00160,-0.87388724,-1.4989856,-2.0832834,0.051826887,0.34025082,-0.8057608,0.45321083,-0.90041614,-1.4557459,-1.2603618,0.45908856,-1.028308,-0.5698033,-1.1642253,-0.032788746,1.9313462,2.28268,-0.95524657,-0.35503948,-2.4896271,-0.7361819,-0.32231423,1.7344835,-1.4817537,0.17452864,0.68241394,1.6997073,0.32462832,1.0378615,-0.12536871,0.3732716,-0.52236354,0.37056094,0.31524706,0.44690657,0.63920397,0.31420213,0.3400737,-0.6376287,1.0617282
M4|C00161,-0.585347,-0.18512204,0.36251724,0.31944147,0.91622823,-1.1330292,-3.3019204,0.17850903,-0.3649024,0.30518153,-0.9165272,-1.1019112,-0.7278323,-0.02675055,-0.6975382,-0.06393628,1.1049021,-1.1642722,-1.4622092,-2.3436036,0.046935007,0.06391772,0.782696,-1.001486,0.78655964,-0.47183344,-0.6722045,0.890687,0.31142735,0.49906784,1.2442901,-0.9026756,-0.6010207,0.3325891,0.8093974,1.7631353,0.06720613,0.36498535,0.95383847,1.7700051
M4|C00162,-0.990659,-0.48455235,-0.016256668,-0.8885078,0.5434535,-0.5414996,-1.1194955,-0.8850817,-0.97077173,0.6944716,-0.8323982,-0.7296767,0.3863666,-0.47656196,-0.62948036,0.75872684,0.3931236,0.4758431,-1.0737882,-0.13501507,-1.2891724,-0.5600912,1.2159488,-0.5696968,-0.44014293,1.061806,0.3122489,0.9981328,-0.15239444,0.692036,0.66341245,-0.7360196,-0.94602686,0.8366851,1.0361168,0.67916024,0.12197518,-0.10658832,0.8759283,0.031769827
M4|C00163,-0.19230586,-0.043858707,-0.4550583,1.6087726,1.1023555,-0.63605607,-0.96651435,-0.5038291,0.129177,1.1232454,-0.10219631,-0.73811746,0.49278334,-0.33946398,-0.0054235496,0.41579935,0.97588587,-0.8878531,-1.0251799,0.090915784,-0.70008796,-0.9506442,0.17139983,-2.2639139,-0.29213977,0.32999846,-0.0095011145,-0.12614802,-0.4335217,-1.1077896,1.3747528,-0.8582794,0.05485435,0.2502364,-0.4112289,0.64968854,0.4869227,0.5411731,0.6538648,0.042746916
M4|C00164,-0.46044344,-0.24073187,-0.109987795,0.45474273,0.723679,-0.7944181,-0.6395625,-0.7340149,-0.5019672,0.5231378,-0.76792395,-0.77108216,0.58169246,-0.6506398,-0.69380003,0.6996538,0.22442326,-0.4029394,-0.89478487,-0.6051179,-0.8653033,-0.41330603,0.32015795,-0.7946194,-0.25210392,0.851458,0.38144195,0.71627855,-0.5365993,0.39354852,0.6862924,-0.5245267,-0.46575433,0.60531133,0.71140057,0.41623437,0.077189416,0.42174435,-0.21414089,0.7529098
M4|C00165,-0.32816485,-0.4880614,-0.363491,0.35408267,1.2267004,-0.6603831,-0.65969205,-0.68019754,-0.8171605,0.82988846,-0.82377404,-0.45468348,1.1633878,-0.53601414,-0.35849255,0.7563973,0.16924024,-0.49792513,-1.1031204,-0.5404457,-0.91234225,-0.08818531,0.23557761,-0.7692629,0.14491293,0.72243434,0.55070335,0.63411367,-0.4232484,0.7836763,0.87730944,-0.4995048,-0.80918854,0.83036053,0.9524154,-0.080801785,0.34081107,0.50067705,-0.058093358,0.7719611
M4|C00166,-0.65822244,0.38243744,-0.47525224,1.4756483,0.75639653,-0.80583936,-0.15042117,-1.170814,-0.12740092,-0.0030304492,0.14558564,-0.5649019,0.85667396,-0.9672938,-1.2644311,0.89104545,0.47893587,-0.8186643,-1.0068463,0.09439851,-0.6087533,-1.0126173,0.2256888,-1.6489673,0.01680953,1.113115,0.73344064,0.17501678,-1.7567905,-0.053892747,0.87817305,-0.388969,0.07063289,0.8954406,-0.5833921,-0.54521644,0.07075763,0.72669494,-1.2695802,0.44669312
M4|C00167,-0.84095275,0.19550255,-0.30903527,0.7208382,0.49494737,-0.83656114,-0.42627537,-1.1529365,-0.52978784,-0.0920836,0.008736312,-0.7953794,1.037886,-1.1015812,-1.3464626,0.7311992,0.730433,-0.1378252,-1.2028406,0.23801811,-0.9566357,-0.88521194,0.26035222,-1.139594,-0.5024603,1.1394551,0.3253315,0.5893509,-1.353549,0.065137506,1.1153084,-0.64862865,-0.6482542,0.95385665,-0.25990283,-0.2456815,-0.22504908,0.5386009,-0.16961092,0.061566666
M4|C00168,-0.46044344,-0.24073187,-0.109987795,0.45474273,0.723679,-0.7944181,-0.6395625,-0.7340149,-0.5019672,0.5231378,-0.76792395,-0.77108216,0.58169246,-0.6506398,-0.69380003,0.6996538,0.22442326,-0.4029394,-0.89478487,-0.6051179,-0.8653033,-0.41330603,0.32015795,-0.7946194,-0.25210392,0.851458,0.38144195,0.71627855,-0.5365993,0.39354852,0.6862924,-0.5245267,-0.46575433,0.60531133,0.71140057,0.41623437,0.077189416,0.42174435,-0.21414089,0.7529098
M4|C00169,-0.12739906,0.8161271,-1.0968958,1.5339612,1.0519736,-0.17529352,-3.1486354,-0.468899,-1.1822256,0.12435658,0.43889672,0.42654374,0.15540573,-1.6808035,-1.2819493,0.9138367,1.7117428,-0.91475,-0.25077555,-1.8775254,-1.3092066,-0.3001632,-1.9731715,-1.6764954,0.02018357,0.39688522,-0.24703188,0.5415438,-1.396464,0.8078293,0.77117914,-2.027009,0.30209327,-0.7848599,0.21445797,-2.3267703,-0.8122819,1.1311578,-0.59130776,1.5303354
M4|C00170,-0.513242,0.010417543,-0.3309123,1.7155387,1.1953045,-0.67754173,-1.1206197,-0.34658933,0.06600995,1.0855716,-0.118650444,-0.7458089,0.29018548,-0.3736846,0.3893836,0.5731576,0.97159976,-0.9978834,-0.77014,0.019289449,-0.5533966,-0.6825932,0.41337967,-2.3771048,-0.3636008,0.4754834,0.0153494105,-0.27617693,-0.44726202,-1.0921645,1.4703543,-0.95975685,-0.08300452,0.3448525,-0.7257047,0.65541303,0.6723623,0.5676705,0.67651826,-0.0011926591
M4|C00171,-0.9864597,-0.938333,0.29132217,0.5339795,1.3287609,-1.2824118,0.38174197,-1.1068858,0.95223856,0.14894783,-1.4162362,-1.4538691,-0.11834574,0.20388326,-0.40249994,0.8644453,0.27765745,-0.22375032,-2.270247,-0.58468527,0.2935489,-0.43453658,1.8318201,-0.72233593,0.22175883,0.7884281,1.4767486,0.8785255,-1.4674591,0.6173782,1.2047474,0.8198799,-0.5780413,2.0248828,-0.14683323,0.5917978,0.89530736,-0.15424205,-0.8735679,0.38843882
M4|C00172,-0.9558796,-0.28787178,-0.18290018,-0.29121554,0.42733687,-0.46303925,-1.1825857,-0.71837264,-1.1036102,0.07752194,-0.51046103,-0.7016673,0.46166116,-0.8843911,-0.8618798,0.62095135,0.74343663,0.36349553,-1.0614214,-0.24343795,-1.2431122,-0.43203178,0.5420716,-0.86475074,-0.5445101,0.90829194,0.1334743,1.1115701,-0.479769,0.56775546,1.1249216,-1.1982099,-0.84640735,0.5427688,0.6980872,0.110075384,-0.48034194,0.2694354,0.7890547,0.0859222
M4|C00173,-1.1993976,0.008954488,-0.11080569,0.27619776,0.5723169,-0.7685161,0.08481774,-1.2837772,-0.51730496,0.19473372,-0.0011900365,-0.6662589,0.9541154,-0.5925945,-0.6232976,0.97613204,0.15418567,0.054090224,-1.3292044,0.78967696,-1.3731673,-0.81543046,1.4932992,-1.0738064,-0.51581085,1.1877948,0.9545025,0.6831458,-1.373831,0.070085935,0.9333377,-0.37671006,-0.39297587,1.2108103,0.007103905,-0.06383301,0.10179368,0.010454237,-0.18492796,-0.3907027
M4|C00174,-0.7881101,0.00824073,0.18216842,1.1596595,0.9592958,-1.2896934,-2.468134,-0.0851672,0.0016812161,-0.0804193,-0.48491538,-1.0380621,-0.35264057,0.016916856,-0.56632024,0.1974452,0.97796607,-1.2996536,-1.5390631,-1.8134193,0.14274424,0.048589326,0.97061044,-1.4150826,0.73185545,-0.38222203,-0.17365748,0.5835222,-0.4826138,0.1905572,1.5536793,-0.7668571,-0.3209816,0.66782343,0.054536477,1.3156214,0.11557619,0.63657254,0.3099532,1.4935197
M4|C00175,-0.5676463,-0.70562637,-0.4892798,0.9462139,1.7934718,-0.6021098,-0.60463244,-0.9941683,-1.0223674,0.8047265,-0.6658893,-0.125415,1.6124719,-0.18700397,-0.34515637,1.2353632,0.2614941,-0.6458432,-1.2312324,-0.22297537,-0.881334,-0.31996885,0.19028744,-1.2138499,0.63400805,0.6936129,0.6790956,0.5057006,-0.9507988,0.8198977,1.2054703,-0.56101614,-0.5694104,0.8803418,0.39021528,-1.2340417,0.64677435,0.5193986,-0.4659195,0.46976334
M4|C00176,-0.40758687,-0.73375434,-0.24334374,0.22645435,0.35034794,-0.94923836,-0.68874085,-0.31713858,1.0527463,0.29117733,-0.7597565,-0.88586426,-0.5557384,-0.98110044,-0.45634308,1.1198646,0.8166214,-0.5226416,-0.7806954,-1.2193481,-0.45493004,-1.176856,0.12211453,-0.7187618,-1.0992075,0.9779526,0.64811736,-0.39460704,-1.1245822,1.0714291,1.2009714,-1.733748,0.88788337,1.4333662,2.3081481,-0.66155124,-0.6489854,0.37526774,-1.2083361,0.9984753
M4|C00177,-0.54413986,-0.6905589,-0.26338112,0.42942914,0.3727811,-1.1039066,-0.31990963,-0.6047705,1.1560723,0.20884775,-0.5242516,-0.9072448,-0.1887835,-0.9903719,-0.6495616,1.3638884,0.73194176,-0.6026077,-0.8953156,-0.9802526,-0.41851512,-1.36106,0.22742784,-0.8740069,-0.92924476,1.1489269,0.8795432,-0.54942536,-1.6374007,0.99655706,1.0775591,-1.426226,0.8912875,1.5915539,1.8305105,-0.7759948,-0.5139948,0.4264012,-1.6065394,0.9165094
M4|C00178,0.02855073,0.31477946,-0.7560489,0.60702354,1.2214888,-0.4661466,-2.900536,-0.56534535,-1.4039615,0.7968662,0.16047527,0.24444503,0.2597502,-1.1837785,-1.2515285,0.9908984,1.1620479,-0.90425557,-0.30291626,-1.6360831,-1.4663306,-0.64895606,-1.1860117,-1.0442759,-0.08687491,0.44856393,0.058633175,0.6640469,-0.6963825,0.81401026,0.3182978,-1.2391241,0.05389744,-0.38467234,0.8588745,-1.6332043,-0.22336107,0.46547127,-0.11559227,1.3715054
M4|C00179,-0.10087249,0.04121747,-0.39614737,1.6575994,0.95925605,-0.6808058,-0.8866093,-0.43629336,-0.06924541,1.0450752,-0.0151562095,-0.8166212,0.67861634,-0.70532125,-0.11302674,0.35858735,0.9918108,-0.9894073,-0.86472654,-0.019154847,-0.7297404,-0.8936639,-0.051634178,-2.223039,-0.4430055,0.40620863,-0.084746286,-0.11694166,-0.4801394,-1.1480805,1.3055642,-0.8578944,-0.1001336,0.20836471,-0.45489138,0.658375,0.29789943,0.65448064,0.5762622,0.10605559
M4|C00180,-0.11386935,0.25422776,-0.48375726,-0.1727722,0.85387474,-0.956068,-1.1832367,-0.6766797,0.18892878,0.793563,-0.08312787,-0.16432229,0.21239299,-1.0673095,-0.9523334,1.1585578,0.670702,-0.90580827,-0.51253283,-1.4826155,-1.09917,-0.94439286,-0.68571246,-0.1960563,-1.1601992,0.79180694,0.5064624,0.029213235,-0.9541978,0.8939915,0.29160565,-1.1535046,0.29815847,0.6574084,2.059542,-1.1026714,-0.35822362,0.5340725,-0.32827795,0.97389793
M4|C00181,-0.67945564,-0.6908601,-0.45583206,0.7012309,0.45246947,-1.1624048,-0.15973312,-0.6784394,1.6025459,0.22221032,-0.43023708,-1.0015527,-0.25042713,-0.9803245,-0.37526143,1.4142007,0.6213582,-0.67511594,-0.7389365,-0.9618631,-0.3760473,-1.4298731,0.3006311,-0.87447107,-1.1042765,1.2333704,1.0403606,-0.6035402,-1.7770267,0.8118853,1.1611477,-1.4271712,1.2050197,1.7151297,1.7291492,-1.0109775,-0.59409714,0.54489905,-1.7954609,0.88356495
M4|C00182,-0.26177275,0.6957718,-0.5672757,0.5143458,0.69525105,-0.743875,-1.038142,-0.7047794,-0.9954324,-0.20631608,0.2259837,-0.7304451,0.6811667,-0.5794023,-0.9222434,1.5588797,0.95596015,0.119617335,-1.1243908,0.29796982,-2.0531688,-0.4531344,-0.00734061,-0.67504144,-0.6137927,1.6236885,0.057365716,1.2035115,-0.61085904,-0.39897686,1.3692504,-0.4526623,0.42860675,0.83476895,1.181872,0.2653269,0.81040454,0.33027738,0.49713176,0.13370168
M4|C00183,-1.1423974,0.13375297,-0.36587718,0.24071449,0.17144413,-0.5687176,-1.4319515,-0.7735123,-1.1333913,-0.52866614,-0.19346094,-0.7474476,0.3184652,-0.960604,-1.3575271,0.77164584,0.8950402,0.33090162,-1.1186329,-0.06033483,-0.9906055,-0.552227,0.21181142,-1.186407,-0.43135506,1.2643701,-0.040799595,0.8446903,-1.0426705,0.39962935,1.3312933,-1.4774678,-0.61295915,0.6764093,0.11977136,-0.24627835,-0.6161495,0.5294302,0.46691132,0.22771882
M4|C00184,-0.48371816,-0.97848505,0.65937537,-0.12947759,1.2701068,-1.191484,-0.85648185,-0.6243298,0.38563505,0.6501372,-1.9289273,-1.2117666,-0.033987805,0.20558706,-0.56372136,0.5693646,0.50909436,-0.13268681,-2.1561296,-1.773436,0.120957166,0.37827232,1.2780089,-0.3452086,0.22711076,0.077297635,0.4796391,1.1848196,-0.543776,1.3319983,0.92302257,0.16954996,-0.9836266,1.2262625,1.005531,1.3174051,0.3367214,-0.33753502,0.003981963,1.0251559
M4|C00185,-0.32646307,0.3620747,-0.14526333,1.2949865,1.0600914,-0.6449621,-0.5881773,-0.7006779,0.31899846,1.4498773,0.2303348,-0.639379,1.0208058,-0.437447,0.2182132,0.7314614,0.7748631,-1.0583787,-1.0053576,0.51466185,-0.8658788,-1.0716472,0.97490513,-2.3958445,-0.07464628,0.42994824,0.11359686,-0.12070963,-0.9045278,-1.0971192,0.8630147,-0.279973,0.0020112842,0.5833515,-0.5319319,1.0469848,0.83111656,0.12975678,0.29530907,-0.1068992
M4|C00186,-0.9881637,0.24094367,-0.10220736,0.5922337,1.4676799,-1.391882,-1.8810822,-0.16270396,0.37354344,0.20651865,0.024784818,-0.28137484,0.39453936,0.09366241,-0.7496974,1.0143846,0.57578796,-1.704365,-1.2835501,-1.9252312,-0.26998472,-0.09271516,0.5365488,0.025773868,-0.3186307,-0.414745,0.7327594,0.7068647,-1.191558,1.0778153,1.0274103,-0.62002414,0.18735744,0.94904304,0.84784955,-0.5959084,-0.29028985,1.1582893,-0.2940089,1.2518454
M4|C00187,-0.056720335,-0.2695463,-0.4117909,1.4702256,1.0317062,-0.6132739,-1.2546275,-0.2797944,-0.103786185,1.1331028,-0.44217986,-0.76021504,0.36629105,-0.29708612,0.27237126,0.29103637,0.9258999,-0.6863945,-0.9428823,-0.31121174,-0.8411872,-0.47677886,-0.0010722503,-2.0312245,-0.48339748,0.05052858,-0.16327615,0.12076461,0.060069717,-0.8800379,1.4526864,-1.1856565,-0.06329481,-0.044314727,0.0961127,0.8863293,0.23918349,0.6047362,1.0409286,0.2760894
M4|C00188,-0.45771873,-1.150192,-0.50909173,0.68058926,0.913807,-0.7963541,-0.44199178,-0.9728696,-0.45932853,1.0374106,-0.95870095,-0.80134666,0.96056664,-0.8205278,0.10143497,0.74320734,1.3611588,0.4341987,-1.1631839,-0.43437278,-1.1830364,-0.6271818,0.4452958,-0.634149,-0.5199935,0.57270277,0.40569532,1.0212317,-0.22402775,0.7397554,0.8977465,-0.510988,-0.93168426,0.57260007,0.15683502,-0.23585293,0.16184501,0.0426718,-0.24026203,0.2346729
M4|C00189,-0.20548746,0.47367108,-0.53730154,0.31489286,0.7153781,-0.5516584,-1.7409469,-0.3354526,-0.03973347,0.4795833,-0.055470914,0.045349777,-0.090031594,-1.3541923,-0.8314395,0.85450363,1.1572179,-0.5692524,-0.72439605,-1.5536182,-1.2938141,-0.6422706,-0.95302284,-0.84738004,-0.83597124,0.42417634,0.30408853,0.18115884,-1.1478332,0.83652586,0.7712116,-1.6960406,0.41469103,0.069101304,1.7107546,-1.2943134,-0.7411041,0.759491,-0.17823419,1.0900726
M4|C00190,-0.82858837,-1.4183112,-2.140738,-0.30054206,0.29685283,-0.787894,0.44238693,-1.0429521,-1.473285,-1.0569202,0.5385222,-0.88926053,-0.60060304,-1.0250635,-0.057032794,1.945347,2.1625044,-0.97279,-0.31938696,-2.3835115,-0.7685853,-0.4147016,2.1457667,-1.5054433,0.19578515,0.69903654,1.7907319,0.16339625,1.2007749,-0.059751734,0.072376594,-0.3972754,0.2636888,0.48427445,0.48569083,0.83497703,0.55521417,0.19525668,-0.61081225,1.0012428
M4|C00191,-0.14829122,0.4423105,-0.64778084,0.26256076,0.4746037,-0.43584803,-1.896802,-0.51927316,-1.260858,0.112412624,-0.07506597,-0.6172917,0.19556192,-0.7200482,-0.94308966,1.1291924,1.2080688,0.3015378,-0.9712522,-0.28068826,-2.1839314,-0.5615637,-0.23887269,-0.6110645,-0.5209606,1.362431,-0.2955181,1.5628506,-0.09459929,-0.020768017,1.3547047,-1.0438651,0.35297364,0.40798062,1.6185887,0.27920687,0.46021256,0.30038664,0.872764,0.28580624
M4|C00192,-0.9248298,-0.4887794,0.3977575,-2.413582,0.21179572,-0.24949315,-2.9320364,-0.3109336,-1.8054903,1.0585427,-1.5452565,-0.8536252,-0.4162733,-0.41293845,-0.8991917,0.500358,0.5573845,0.9171275,-1.00142,-0.91333324,-1.4844416,-0.28607264,1.1217283,0.15716581,-0.32838672,1.1380254,-0.71298146,1.5088832,1.0559167,1.3925807,0.17772315,-1.2799327,-1.2901958,0.32969546,2.3469026,1.5019948,-0.067052096,-0.5841348,1.9944496,0.5617429
M4|C00193,-0.76971626,-0.7712812,-0.42998505,0.77328765,1.9389479,-0.59345573,-0.96504766,-0.709725,-0.9663326,0.5581268,-1.1257381,-0.31073734,1.1584336,-0.112180986,-0.10593158,1.2440851,0.047706656,-0.6250388,-0.9853535,-0.6157943,-0.6390841,0.20203361,0.15783292,-1.2150872,0.55711216,0.59008354,0.7070975,0.60297644,-0.637962,0.7904677,1.2773206,-0.8692593,-0.58507586,1.0014596,0.6141831,-1.0269005,0.49079463,0.6631376,-0.33296156,0.7091646
M4|C00194,-0.57065725,-0.856511,-0.12074527,-0.3386128,0.44474226,-0.96216315,-0.64454186,-0.56509376,1.5359119,0.82210124,-1.0994351,-1.0296848,-0.7399753,-0.6864914,-0.08457121,1.2988471,0.3660111,-0.29507303,-0.70355445,-1.1976267,-0.6051013,-1.2017058,0.68221706,-0.45387056,-1.2666276,1.1874275,0.762597,-0.30324027,-1.0088253,1.2359531,0.79929435,-1.534825,0.8910441,1.6870806,2.7535596,-0.41395733,-0.3648831,0.11525121,-1.150004,0.8694091
M4|C00195,-0.5785769,0.47253942,-0.3930602,0.1621798,1.3282269,-1.3267384,-0.34088486,-1.1004488,0.56390584,0.70146084,0.38888425,-0.015162036,0.53763574,-0.25491303,-0.5915604,1.712516,-0.12527674,-1.2842498,-1.0267744,-0.10493985,-1.0339253,-0.9536179,0.63705516,-0.8402425,-0.91462034,0.73936975,1.6371351,-0.63931704,-1.8660271,0.2666218,0.30534655,-0.015657872,0.5592964,1.6416314,1.0431143,-1.304694,0.28885365,0.4072057,-0.8461152,0.3771156
M4|C00196,-0.3316208,-0.8917133,-0.30158496,0.52281463,1.6657491,-0.69822246,-0.8717567,-0.88201165,-1.1626984,0.9171901,-1.0059363,-0.35256204,1.4976552,-0.13063091,-0.34272963,1.0232868,0.025258722,-0.45344573,-1.1852478,-0.56651884,-0.88358,-0.112994425,0.0028950647,-0.75067776,0.4135049,0.43882415,0.44005573,0.7639755,-0.3380009,0.8608339,1.0510364,-0.56053007,-0.8528094,0.71178794,1.0831448,-0.707471,0.4601284,0.45084286,0.07531098,0.61384034
M4|C00197,-0.46737668,-1.2559358,0.2460249,-0.18435252,0.40017128,-1.3752947,-0.5818472,-0.59820086,1.3059602,0.19271037,-0.48038298,-1.3490989,-0.7696825,-1.43085,-0.32948267,1.2030884,0.33476242,-0.54998225,-0.63129395,-1.032677,-0.892163,-1.3505938,0.7318689,-1.1161004,-1.478604,0.7225693,1.196471,-1.0689813,-1.2228382,0.60218704,0.85193515,-1.6703968,0.27194875,1.4257879,1.6340665,-0.72863674,-0.015229234,0.23445928,-1.0424134,0.65103054
M4|C00198,-0.21346977,0.19896838,-0.8197323,0.59746015,1.7599846,-0.97320056,-1.050711,-1.1735137,-0.6503554,0.8837013,0.027506396,0.1454373,0.8806437,-0.03000307,-0.37504798,1.7496635,-0.3162425,-1.2969625,-0.6696833,-0.306902,-1.2640756,-0.065956905,0.38919854,-0.9831746,-0.6476047,0.6530772,1.3212967,0.25528243,-1.0407321,0.2884525,0.22020519,-0.06704535,0.071136504,1.2879277,0.4968909,-1.124962,0.5167633,0.52620524,-0.47767693,0.5633545
M4|C00199,-0.1885607,0.45651674,-1.0005103,0.93547493,1.4613999,-0.33409372,-2.6186175,-0.55695033,-1.010721,0.6715077,0.07109083,0.46632466,0.3038842,-1.0277679,-0.5417569,1.2828686,0.93867904,-0.8575204,-0.3347645,-1.556907,-1.5399848,0.0110871345,-1.2207582,-1.1205565,-0.30759358,0.48686713,0.26434907,0.5078987,-1.025722,0.8533006,0.48620653,-1.4814409,0.23587762,-0.42229074,0.81233245,-1.939788,-0.12993282,1.0380836,-0.25436124,1.2499527
M4|C00200,-0.66209036,-0.013761483,-0.30019706,0.93750584,0.7653179,-0.89163524,-0.18111199,-1.1221272,-0.23925118,0.4383953,-0.24282229,-0.6869061,0.9140886,-0.75286186,-0.9122311,0.90855813,0.37449336,-0.5105658,-0.99761474,-0.06694037,-0.75273526,-0.87479234,0.5150605,-1.1474152,-0.13120504,1.028763,0.6554326,0.40139332,-1.2164096,0.17525119,0.70351094,-0.22401878,-0.26471263,0.8906497,-0.09101094,0.020947576,0.18491454,0.41050494,-0.76332766,0.41186836
M4|C00201,-0.22432777,-0.8674972,-0.57152987,1.3700173,0.6412477,-0.6109601,-0.8337722,-0.8502816,-0.67198324,0.68337107,-0.6887242,-0.7114237,0.5045556,-1.315681,-0.28845915,0.339464,1.779531,0.39143142,-1.075827,-0.8954914,-1.2160546,-0.6571216,-0.17524715,-1.033901,-0.33275175,0.5319272,0.1866433,1.0190326,-0.44433534,0.8490691,1.2121228,-1.0422379,-0.6950142,-0.06172937,0.08135204,-0.6257801,-0.33312055,0.15268217,-0.4797667,0.52964187
M4|C00202,-0.4591373,-0.33834314,-0.6765217,1.8497549,0.45712823,-0.6415131,-0.4191396,-1.0297661,-0.17729862,0.37673977,-0.28120762,-0.7281848,0.8805711,-1.3301885,-0.89256084,0.5816007,1.4711349,0.009748742,-1.0316124,-0.3093477,-0.6774112,-0.9980832,-0.21019228,-1.3111688,-0.21868454,0.9687764,0.38661402,0.6682856,-1.3745441,0.5255724,1.2076854,-0.80651766,-0.42577547,0.6587038,-0.86108375,-0.87900865,-0.15908752,0.52336437,-1.1922046,0.39830577
M5|C00001,-0.47051725,-1.0606844,0.5841342,-0.01899164,1.2363214,-1.1293887,-0.8599318,-0.6181684,0.4450708,0.5629537,-1.9604967,-1.3353016,-0.21111071,0.13014719,-0.6265652,0.43129522,0.5934457,-0.16033259,-2.1887145,-1.7705418,0.22403826,0.17515463,1.144361,-0.42643702,0.30032372,0.19676407,0.55131394,1.2417822,-0.573054,1.2881137,1.0627832,0.14430588,-0.98260415,1.2800249,0.86856616,1.1493281,0.33576035,-0.3304163,-0.016710233,1.083132
M5|C00002,-0.97585183,-0.22509415,-0.0048291576,-0.51856405,0.46457934,-0.6099345,-1.0575569,-0.98684275,-0.9601042,0.44087672,-0.60652614,-0.6987698,0.46999684,-0.69449836,-0.96407926,0.65612495,0.49210548,0.35090074,-1.0613443,-0.12700476,-1.2581922,-0.6848518,0.9354306,-0.7557101,-0.4041078,1.0384154,0.24547593,0.9409228,-0.43103176,0.56548846,0.7482901,-0.79677117,-0.9129444,0.7374305,0.724203,0.46867713,-0.10614773,0.008315146,0.6469583,0.07592387
M5|C00003,-1.1534771,-0.10898303,0.5508241,0.2774725,0.77628493,-1.1722728,-0.70966643,-0.8313148,-0.3476733,-0.27871057,-0.874728,-1.229153,-0.08834228,-0.33403125,-0.8408188,0.5771557,0.015646439,-0.17720766,-1.5251881,-0.61812854,-0.16597791,-0.21201909,1.0932859,-0.88415366,-0.07234246,0.9000271,0.6360783,0.6740263,-1.2298437,0.40814486,1.2332641,-0.35561064,-0.7987483,1.3583984,0.4979366,0.5620423,0.11994082,0.2407191,-0.032728598,0.56310934
M5|C00004,-0.5782517,0.66093063,-0.22994879,-0.7141308,0.6867031,-0.40427262,-2.0337808,-0.8670638,-1.1742828,0.489762,-0.39447528,-0.60195,0.111338004,-0.3787969,-1.08392,1.550907,0.6924425,0.19184971,-0.8351297,-0.20243475,-1.8583745,-0.22557017,0.5785298,-0.3881447,-0.01921451,1.7473869,-0.23354293,1.2263811,0.20835534,0.08804389,0.5257171,-0.35224167,0.12594466,0.93902576,1.7187165,1.2522974,0.9334977,-0.27553138,0.795766,0.37482142
M5|C00005,-0.47296792,0.34997076,-0.24518283,-0.35820916,1.1922969,-1.2393582,-0.71174943,-1.0650331,0.4179056,1.0421267,0.08864518,-0.061199147,0.38731045,-0.20995852,-0.7026786,1.5414135,-0.1028718,-1.1222794,-0.96020687,-0.3562009,-1.037609,-1.0168738,0.7283572,-0.6114922,-0.7922763,0.7780553,1.3313048,-0.4728299,-1.4235505,0.5080021,0.0314981,-0.027121594,0.305381,1.5626496,1.4042329,-0.8222004,0.36913368,0.16584376,-0.5481959,0.4639516
M5|C00006,-0.21238732,-1.2001282,-0.093149304,-0.46345165,0.85706997,-0.5973971,-0.6836418,-0.9768313,-0.84351593,1.7155602,-1.3521788,-0.823177,0.62266344,-0.8177847,0.036871843,0.64361304,1.1298057,0.60358214,-0.8273589,-0.84483224,-1.1945012,-0.60432947,1.0333016,-0.23106691,-0.36222166,0.6247243,0.19711743,1.2064879,0.57182443,1.3287563,0.21821597,-0.15652266,-1.3267418,0.52051365,1.0775148,0.8329004,0.41790166,-0.69503456,0.16088644,0.2533073
M5|C00007,-0.35968253,-1.1023817,0.013104871,-1.1812432,1.7365643,-0.4618275,-1.4543203,-0.8482624,-1.340693,2.270538,-1.5720459,-0.23522055,1.2188526,0.11631182,-0.08730896,0.8176112,-0.42812592,-0.18910746,-1.0830514,-0.62667674,-1.3208753,-0.33271337,1.0121651,-0.061935335,0.9225773,0.78056693,0.60101783,0.8834425,0.6599285,1.4587275,0.031804956,-0.011287436,-1.2399068,0.7595705,1.979127,0.40602303,1.3234235,-0.4450872,0.59314173,0.87376773
M5|C00008,-0.65611833,-0.9244836,-0.6185705,1.1741337,0.93727195,-0.9146018,0.13414472,-1.3162025,-0.12524399,0.8890065,-0.5579237,-0.6770161,1.274762,-0.8168291,0.004822433,0.98167574,1.3497376,0.17991185,-1.1878548,0.037414283,-1.0472941,-0.9516323,0.6652298,-0.95626414,-0.3460744,0.7786422,0.75001615,0.6925238,-0.8548521,0.47371447,0.90859336,-0.16719937,-0.73444295,0.89202785,-0.5987185,-0.5494716,0.35766575,0.07416175,-0.9022708,0.0065985247
M5|C00009,0.36337343,-1.6645292,-0.7362024,-0.8700072,0.24337167,-0.76898307,-0.6220764,-0.47996667,-0.6488023,0.36328754,-0.53424,-1.7449721,0.21861269,-0.89123136,-0.2705905,2.347131,1.2891812,0.37629536,-0.9845105,-1.3774358,-1.3566338,-0.41792926,0.6588297,-0.8982248,0.18519382,0.52097243,0.33506203,0.6121392,0.7307002,0.026863843,-0.6773245,0.03465976,0.18304886,-0.03830132,1.3306086,1.4124485,1.5163273,-0.2012191,-0.08877176,0.92760354
M5|C00010,-0.46936062,-0.8368539,-0.008709706,0.45287433,1.9249686,-0.46499476,-1.1392237,-0.5350703,-1.3707396,0.91138536,-1.0602198,-0.23668773,1.2628201,-0.3570939,-0.47922197,0.94867057,0.06202376,-0.8522143,-1.1467136,-0.8643926,-0.7830661,0.096011885,-0.07564163,-1.0283982,0.93249375,0.7353657,0.48642159,0.670882,-0.44460356,1.014843,1.2006217,-0.7689498,-0.89454,0.7328786,0.9787514,-0.77405185,0.70569515,0.3168984,0.05545773,0.7652127
M5|C00011,-1.249821,0.17769359,0.069223985,0.3817514,0.5296319,-0.77593195,-0.36721343,-1.1540397,-0.5836267,-0.19327495,-0.1630059,-0.8593937,0.49065995,-0.78668344,-1.0393271,0.8918456,0.3483813,-0.053699896,-1.2187076,0.28175613,-0.89614487,-0.73704004,1.1240034,-1.2250953,-0.21921751,1.2665639,0.6328385,0.66241467,-1.4830403,0.162608,1.0824912,-0.50761783,-0.434849,1.1758806,-0.09082478,0.024156988,-0.07069926,0.12342656,-0.2876796,-0.021790788
M5|C00012,-0.7652008,-0.12391445,0.5659744,0.46304053,1.1102469,-1.2709112,-2.3590755,-0.13272803,-0.12824401,0.5327165,-0.72071135,-1.2090173,-0.45622572,0.46612713,-0.4038033,0.30586505,0.5183552,-1.2613316,-1.5417035,-1.7442579,0.12886041,0.038731232,1.5557188,-1.0224917,0.6233475,-0.23503253,-0.19508848,0.6820142,0.013127044,0.25199854,1.1138327,-0.27825844,-0.4853919,0.83531964,0.45529068,2.1073804,0.6173294,0.26063487,0.81812906,1.3145378
M5|C00013,-0.8942403,-1.4548506,-2.0568006,-0.072400756,0.3555975,-0.8101619,0.70185316,-1.1100885,-1.2555728,-1.0194354,0.45947272,-1.020088,-0.49497497,-0.92661124,0.018762141,2.0332575,2.0460021,-0.9122755,-0.4372266,-2.1904287,-0.6623193,-0.49285552,2.0988972,-1.4242066,0.26355773,0.8376164,1.8663391,0.24826555,0.969059,-0.1359528,0.16299614,-0.1545716,0.3509975,0.6342267,0.33449507,0.81443036,0.7002354,0.15064994,-0.76243436,0.92930245
M5|C00014,-0.073004484,-1.5119631,0.17865574,-0.9980003,0.40324247,-1.1549978,-0.8237974,-0.5224378,1.0127757,1.0061227,-1.1934189,-1.6402777,-0.9059855,-0.71291447,-0.71490824,0.7157429,0.16170248,-0.46246958,-1.1579387,-1.4383453,-0.23664343,-1.4814292,0.45484275,0.05226578,-1.1079777,1.0197847,0.82309884,-0.2131154,-0.30590904,1.2116736,0.5228813,-0.89529717,0.078911886,1.6482261,2.7434156,0.054304957,-0.23831235,-0.10139269,-0.3430021,1.1402361
M5|C00015,-0.33259946,0.2139424,-0.27154768,-0.1623043,1.1291696,-1.1980541,-0.65736085,-0.91781116,0.45445737,0.9640482,-0.005245894,-0.30233505,0.17504537,-0.41757667,-0.7055118,1.423733,0.094660826,-0.96162,-0.8828008,-0.64780223,-0.9964138,-0.99380386,0.25137433,-0.23873758,-1.3431823,0.7973559,1.0845209,-0.22898626,-1.2489498,0.6272511,0.2693499,-0.34667167,0.3211626,1.4009581,1.6970849,-0.8653405,0.07021408,0.5430035,-0.40954593,0.3506207
M5|C00016,-0.25175422,-0.15488528,-0.24933968,0.12611178,1.1054225,-0.7737391,-1.1667802,-0.7265774,-0.6216735,0.8701373,-0.51752615,-0.42407948,0.48279655,-0.46321177,-0.6685017,1.0565773,0.072532386,-0.75052094,-0.70436025,-0.749889,-1.0661478,-0.5235634,0.24688523,-0.6874465,-0.24519344,0.75378835,0.53679395,0.51540637,-0.44813526,0.5131713,0.28054658,-0.38339037,-0.2098173,0.5567265,1.0196092,-0.06990986,0.43213588,0.41184977,-0.20715302,0.88553494
M5|C00017,-0.16497177,-0.13666654,-0.5890337,-0.15083537,1.5045745,-0.71722794,-1.9261413,-0.7722275,-0.97549653,1.4483361,-0.39112952,0.024225324,0.51220524,-0.2919366,-0.3431127,1.2709553,0.06181272,-0.7097987,-0.49944383,-0.9799489,-1.5776292,-0.29454258,0.10211565,-0.24096,-0.5628248,0.5982522,0.7685992,0.64595985,-0.18509778,0.70596135,-0.07585253,-0.3743925,-0.25225085,0.38595736,1.2892228,-0.70556164,0.604708,0.27546722,0.21660629,0.8990294
M5|C00018,-0.6534373,-0.8228499,-0.25983307,0.7327618,1.824123,-0.6442587,-0.94119173,-0.6164424,-0.956078,0.67642665,-1.14344,-0.3870627,1.1886611,-0.18847172,-0.2306332,1.0623342,0.05856344,-0.7067204,-1.061306,-0.7225915,-0.5958352,0.125907,0.086180754,-1.1026577,0.6334794,0.6435738,0.60532933,0.6763305,-0.62797064,0.8701922,1.277827,-0.79484487,-0.69587713,0.9732349,0.7226838,-0.80190897,0.48315188,0.5889726,-0.27956212,0.76562786
M5|C00019,-0.8195859,0.3165481,0.33147576,0.103206016,0.8769547,-1.1026175,-0.93281335,-0.7898138,-0.7392219,-0.3266985,-0.599917,-1.0889816,0.211622,0.07193953,-1.0023073,1.1865395,0.1863827,-0.12898768,-1.6319702,-0.6833435,-0.40819177,-0.05139026,0.66930306,-0.6615181,-0.04992723,1.1080797,0.26593924,0.7672901,-1.0378017,0.29194862,1.1343987,-0.25507537,-0.2411061,1.1506307,1.2558647,0.8517988,0.3823628,0.4753728,0.20242685,0.78338027
M5|C00020,-0.8403188,0.18225336,-0.33812737,0.5367237,0.42555696,-0.7941825,-0.46342227,-1.0897784,-0.8005606,-0.21231297,0.12897818,-0.78769326,0.93694055,-1.2530644,-1.3555131,0.613366,0.78166664,-0.122829236,-1.1536806,0.051712498,-0.959262,-0.96876067,0.3527708,-1.3350213,-0.25671434,1.0044563,0.44993854,0.577493,-1.3047159,-0.015147224,1.1669767,-0.7133091,-0.60049814,0.84223574,-0.031700402,-0.30832285,-0.40882662,0.21275094,0.008404933,0.13536
M5|C00021,-0.5224705,0.3856498,-0.12921587,-0.5011496,0.68589485,-0.68720174,-0.9084358,-0.95400345,-0.7046152,0.53915054,-0.43753475,-0.7935188,0.52477634,-0.24828313,-0.73529094,1.5891906,0.19067426,0.1749604,-0.9767819,0.1489463,-1.7366886,-0.24336958,0.958787,-0.32586876,-0.41445452,1.6446805,0.21198179,1.0462195,-0.16241276,0.04086083,0.4805838,-0.01173377,0.0017392337,1.1639303,1.4648836,1.3142726,1.0459708,-0.1926576,0.4860345,0.14108059
M5|C00022,-1.1279423,0.94181925,0.4173168,0.23364457,0.9707802,-1.1348188,-1.1464063,-0.84263355,-0.7987126,-0.9693779,-0.36682093,-1.1016417,-0.1294946,0.45755517,-1.0557469,1.5623858,0.02732574,-0.14241478,-1.7925617,-0.47051752,-0.3283049,0.36921975,0.9672101,-0.75800556,0.063539654,1.3801053,0.26725736,0.88155985,-1.4202508,0.039031,1.420728,-0.14582859,0.14686252,1.5663798,1.1634631,0.92078185,0.6801199,0.60051805,0.17689279,0.740772
M5|C00023,-0.19565019,0.12599099,-0.3113963,-0.067128725,1.07339,-1.1186731,-0.9791819,-0.7588622,0.30086952,0.89843094,-0.10630824,-0.1957204,0.058008283,-0.5907309,-0.69985265,1.2775502,0.40816462,-0.8330826,-0.81558555,-0.97799355,-1.0730058,-0.97123873,-0.12616855,-0.30363128,-1.3761278,0.62452847,0.8654406,-0.15730166,-1.1181186,0.7954663,0.47509223,-0.7168343,0.29285043,1.1051478,1.8003837,-1.0965027,-0.15336587,0.63094914,-0.30197945,0.51702917
M5|C00024,-0.113520905,-0.51354927,-0.4870079,1.0579816,1.2612969,-0.34220177,-1.8821661,-0.4996392,-1.515409,0.64752066,-0.6356464,-0.053277403,0.93797517,-0.91320765,-0.8496275,0.52293134,0.96060395,-0.52061534,-1.0590742,-1.3357097,-0.99898666,-0.18244141,-0.93865347,-1.3485531,0.9421255,0.38321862,-0.01743973,0.8022125,-0.5301305,1.1504029,1.2836683,-1.414232,-0.5439093,-0.2219715,0.892278,-1.2133812,-0.18020926,0.5518864,-0.1645802,1.3084279
M5|C00025,-1.7895119,0.28425822,0.5085526,1.1436809,1.1744146,-1.5059619,-1.0747335,-0.7064996,0.20289269,-1.1413021,-0.40476823,-1.373111,-0.39821225,0.4796583,-0.44906306,1.0325172,0.3982163,-0.34410796,-2.2460268,-0.7106633,0.2597852,0.20738667,1.8913038,-1.3483788,0.41336894,0.5654584,0.78798795,0.7053809,-2.0022433,0.1045344,2.0783074,-0.23727584,-0.018052176,1.7434599,-0.28856444,0.7412921,0.5935989,0.7080671,-0.2402629,0.59406555
M5|C00026,0.15080112,-0.5524984,-0.694697,1.7819608,0.13761696,-0.4907068,-1.7386134,-0.68900186,-0.90186334,0.33876547,-0.49097574,-0.5841094,0.423577,-2.125801,-1.1930178,-0.15100782,2.624999,0.3732254,-1.0380852,-1.5748488,-1.0085123,-0.8843117,-1.3200059,-1.575579,0.05254411,0.37786666,-0.57014036,1.064755,-0.7999035,1.0084779,1.2238328,-1.586433,-0.82565296,-0.7604037,-0.3374781,-1.090336,-1.1696258,0.083483584,-0.6738319,1.1884711
M5|C00027,-0.42190185,0.15126815,-0.2490066,-0.22350988,1.1960863,-0.8128694,-1.00126,-0.47688302,0.39920712,0.9336668,-0.28268647,-0.11724061,-0.10858923,-0.5976776,-0.20896637,1.3203365,0.27092603,-0.7836505,-0.7831143,-1.0460713,-1.2446132,-0.5561466,0.04755071,-0.2885514,-1.359199,0.6226846,0.9557675,-0.07481164,-1.0272595,0.8450887,0.5838876,-1.0367339,0.4349504,0.88138556,2.1036124,-0.94115925,-0.025276085,0.6277301,-0.07421304,0.6763139
M5|C00028,-0.77812135,-1.4493151,-1.8943648,-0.3124637,0.4245882,-0.79706603,0.48226935,-1.1673096,-1.3418115,-0.5795963,0.20800142,-0.8226354,-0.28980505,-0.7685684,0.20107973,2.2276156,1.8975625,-0.57405734,-0.49500918,-2.144057,-0.9666769,-0.10072784,2.2588456,-1.3689588,0.20615588,0.7446824,1.7030663,0.31136784,1.0466093,0.16361465,-0.120929524,-0.16713485,0.3736875,0.46218526,0.67724407,1.1798714,0.7244066,-0.024181291,-0.73745406,0.92212
M5|C00029,1.0561409,-1.6911961,-0.83528996,-0.960154,0.5245993,-1.1824396,0.39862633,0.008437291,-0.5905731,-0.054291382,-0.86105114,-1.5224785,0.526554,-0.87438697,0.18153313,2.298227,1.5004659,0.72921,-1.3917085,-0.8793568,-1.4799031,-0.6903083,0.5397977,-1.4199997,-0.4841053,0.37138948,0.33593196,0.14343755,0.38479495,-0.050260678,0.05064802,0.21839516,-0.10167616,0.0024553388,1.7876993,1.4994378,1.76421,0.046548262,-0.3042097,1.3434705
M5|C00030,-0.02785571,-0.012487128,-0.46367377,1.73753,1.0148708,-0.6367587,-1.1647921,-0.24720052,-0.0011724532,1.09705,-0.13108316,-0.74880123,0.5727649,-0.47084615,0.13098007,0.2407271,1.0824524,-0.8235565,-1.0138776,-0.1605446,-0.63567543,-0.67648965,-0.17920466,-2.333078,-0.34854037,0.09486999,-0.22603904,-0.122455984,-0.30357546,-1.1415166,1.5280918,-1.0888994,-0.076673955,0.023099259,-0.27293313,0.75313866,0.28825638,0.7205639,0.98942924,0.17663464
M5|C00031,-0.59715986,-0.7951837,-0.5807481,1.2293231,1.0085201,-0.83957297,0.4870534,-1.354521,-0.07177223,0.91632664,-0.38859576,-0.69710225,1.1721836,-0.89829934,0.06023454,0.85168123,1.1765099,0.19522095,-1.2908617,0.21544687,-1.2855003,-0.9981683,0.7817804,-0.8565386,-0.51521736,0.78978384,0.9619364,0.6492506,-0.92808026,0.4929449,1.0218222,-0.14921673,-0.6466913,0.80084234,-0.35155213,-0.56727266,0.38694957,0.16071947,-0.86281097,-0.17258996
M5|C00032,-0.3278038,-1.3773558,-0.24747306,0.012745291,0.9901702,-0.58715177,-0.3331609,-1.1120684,-0.55020565,1.8185033,-1.2710356,-0.8136914,0.67651916,-0.6900965,0.28549445,0.54813033,1.160984,0.7134539,-1.149559,-0.34769937,-1.4585544,-0.81021273,1.0843223,-0.20212747,-0.4743461,0.7397304,0.5123536,1.1905833,0.355496,1.0920527,0.48476785,-0.09266706,-1.2174034,0.51269627,0.6826245,0.32251346,0.62133294,-0.56107205,-0.020398788,-0.08969623
M5|C00033,-0.9702032,-0.18582454,-0.11748791,-0.014818601,0.38031054,-0.6801258,-0.6784409,-0.85642827,-1.0827368,-0.08879784,-0.2035461,-0.82971334,0.6604456,-0.93142974,-0.7808268,0.5910867,0.60424685,0.30089128,-1.2372007,0.10521494,-1.4055871,-0.5758841,0.81278896,-0.9843592,-0.622773,0.8859266,0.45915562,1.0002847,-0.8354339,0.23517385,1.2867389,-1.0055996,-0.69263726,0.7521302,0.60478055,-0.07538149,-0.4912737,0.010066494,0.6752629,-0.048777014
M5|C00034,-0.5852899,-0.8041911,0.5857322,-0.08599388,0.68541414,-0.7483444,-1.0639408,-0.69850457,-0.50963956,0.6524086,-1.8335649,-1.154539,-0.18445277,-0.84356385,-0.60876364,0.3183034,0.8102153,0.06697831,-1.1352729,-1.7253914,-0.042361215,0.2304706,0.65660846,-0.48357636,0.043986514,0.7956505,-0.08139378,1.0058781,-0.300753,1.2186674,0.5572009,-0.30662608,-1.3939872,0.6900429,0.6200474,0.9041356,-0.08980952,-0.63169086,-0.07385877,0.92943394
M5|C00035,-1.2539136,0.5273728,0.7347874,0.3011589,1.2675242,-1.355434,-2.2381744,-0.32659984,-0.30554798,-0.5849134,-0.5842262,-1.4332144,-0.7311126,0.8473241,-0.5793623,1.1760048,0.45368665,-0.5355982,-2.0132208,-1.4378983,0.06618269,0.4548201,1.595146,-0.8522834,0.48967385,0.3825697,-0.08369622,1.0319432,-0.9843742,0.23074985,1.6356055,-0.20641044,0.0424857,1.3398929,0.8219338,1.6320199,0.9782393,0.49694145,0.7311314,1.0314713
M5|C00036,-0.3414662,-0.39218292,-0.22286564,0.40138313,0.6531624,-0.8291665,-0.56894326,-0.6589459,-0.46148524,0.5378302,-0.671559,-0.8831848,0.6728046,-0.688291,-0.60816044,0.8664759,0.40455902,-0.27862376,-0.96443295,-0.5833334,-0.9330897,-0.49101636,0.3170479,-0.7990039,-0.34223026,0.77271277,0.35851395,0.64471066,-0.48053455,0.3424979,0.65735096,-0.4861008,-0.45163745,0.56200194,0.75637263,0.48085636,0.22352013,0.37701797,-0.13078883,0.7147915
M5|C00037,-0.4843353,-0.6878165,-0.29830113,0.55899495,1.4706111,-0.6680193,-0.7019133,-0.61011994,-0.8932104,0.8026848,-0.9291096,-0.54951596,1.1916509,-0.45490798,-0.23716572,0.88395506,0.17022982,-0.45138884,-1.1463429,-0.58947986,-0.82755756,-0.04416784,0.1610596,-0.8617353,0.41792858,0.6277231,0.6617966,0.6789851,-0.4753299,0.7223701,0.9871837,-0.53199434,-0.6498053,0.7135339,0.85405964,-0.29645702,0.37746346,0.45127428,-0.15250352,0.8209659
M5|C00038,-0.97999364,0.17476383,-0.3331687,0.39210838,0.23704067,-0.4759835,-1.3445466,-0.78919816,-1.0822519,-0.36506572,-0.06182447,-0.68593335,0.52017033,-1.3697064,-1.4629176,0.4139014,1.2187136,0.20754775,-1.0658567,-0.22764112,-1.0351503,-0.6942208,-0.07738103,-1.3892833,-0.29217628,1.0426276,-0.08460824,0.8989545,-1.100515,0.29378992,1.3502473,-1.4486722,-0.7178712,0.4190926,0.027052462,-0.3852804,-0.8804724,0.42633945,0.3964665,0.19160962
M5|C00039,-0.96718657,-0.049428288,-0.36190012,1.7788409,1.7848984,-0.65545654,0.1942133,-1.2810637,-0.4358605,0.38728324,0.30923498,-0.057049543,1.7826008,-0.67596066,-0.7734412,1.5001287,0.25529915,-1.3251035,-1.1900243,0.48634696,-0.7417818,-0.9314343,0.47092348,-2.0208023,1.0388511,1.1550347,1.1907707,-0.044340447,-2.266625,0.20837052,1.2661202,-0.20269322,-0.027280912,1.2326404,-0.9711746,-1.6110959,0.8175594,0.58741933,-1.6848046,0.07434332
M5|C00040,-0.76773226,1.414814,-1.0356401,1.728595,0.67482656,-0.6289623,-0.5090882,-1.3516979,-0.4837341,-0.64226806,1.3810759,-0.34816784,0.96330565,-0.8438308,-1.3095834,1.9570947,1.2730414,-0.1771506,-1.151051,1.279975,-2.1217294,-1.2380563,0.2592493,-1.71511,-0.17970002,2.010383,0.510542,0.72814643,-2.114862,-0.9947357,1.5873295,-0.3507535,1.311455,1.158571,-0.40295994,-0.7458186,0.95983976,0.60079944,-0.7912088,-0.549852
M5|C00041,0.8980544,-1.5749354,-0.9728567,-0.007154964,0.49764627,-1.2852707,0.7589917,-0.07450096,-0.39657137,-0.47051713,-0.55852723,-1.5408543,0.73847556,-0.9659208,0.15746912,2.3042676,1.6122533,0.6203895,-1.442932,-0.7143787,-1.3599944,-0.6492696,0.15931728,-1.5345031,-0.6323038,0.40741435,0.47409916,0.09021882,-0.07573633,-0.31821486,0.56314343,0.051222116,0.15280367,0.025324032,1.2944915,1.0488274,1.455847,0.44391304,-0.6261182,1.2308204
M5|C00042,-1.107984,-0.26335973,0.70539224,0.9911584,0.9302322,-1.5152984,-1.6844807,-0.35175607,-0.13079508,-0.2055707,-0.7679394,-1.3557304,-0.37403154,0.10984394,-0.54315203,0.21597996,0.53201604,-0.8430101,-1.7472783,-1.6388129,0.38198155,0.19537267,1.2534224,-1.1056237,0.38836592,-0.096952714,0.13621807,0.6755205,-0.8249631,0.34934193,1.6336063,-0.47115648,-0.78243077,0.9996017,0.08943978,1.3202055,0.03597288,0.38936806,0.40987408,1.0804088
M5|C00043,-1.1576359,-0.089068316,0.95315343,-2.086969,0.45823562,-0.67594314,-1.777564,-0.86237615,-1.3719499,0.6240692,-1.7370517,-1.1479888,-0.65172994,-0.13009346,-1.0146254,0.4478113,-0.43020248,0.67599064,-1.2399226,-0.42919183,-0.7083181,-0.033377506,1.9628044,-0.10508427,-0.0037383623,1.5871935,0.01951734,1.0473293,0.27943915,0.93137187,0.18478519,-0.15470156,-1.4671783,1.3035829,1.7340641,1.9026165,0.47203603,-0.85425043,1.3055006,0.4011681
M5|C00044,-0.2049407,-1.001417,-0.546029,1.2549896,0.7146387,-0.60488987,-0.8049346,-0.8028888,-0.70937955,0.7641554,-0.76841784,-0.76095533,0.5498221,-1.3218217,-0.19362366,0.37744707,1.8772135,0.42808512,-1.0666544,-0.8740645,-1.2353652,-0.6596151,-0.10567799,-0.93706304,-0.41666955,0.4924362,0.19043273,1.1171286,-0.3568291,0.9324553,1.2097763,-0.9930351,-0.77657706,-0.009832598,0.14958113,-0.62107,-0.30069512,0.051382095,-0.41653806,0.41160232
M5|C00045,-0.34039953,-1.2629265,-0.3010195,0.27282572,0.8947974,-0.70593464,-0.31249577,-1.0522637,-0.4704331,1.5367988,-1.0746472,-0.8043864,0.65494615,-0.6890065,0.27830827,0.57301277,1.1639549,0.60941726,-1.235984,-0.3833189,-1.5165175,-0.7721734,0.98242116,-0.32450867,-0.62345386,0.64642453,0.557007,1.0827382,0.09049075,1.0024562,0.65050733,-0.29530752,-1.0006498,0.43059087,0.60693955,0.15370135,0.46644375,-0.2849974,-0.07270704,0.06708011
M5|C00046,-0.1848305,0.08063594,-0.56393033,1.9346936,1.0350474,-0.5966097,-1.0754048,-0.5428101,0.119447485,0.92281306,0.08232455,-0.6703985,0.45807424,-0.46885335,-0.21195161,0.37367463,1.1957461,-0.919542,-1.0210915,0.06428145,-0.6689126,-1.0460669,-0.067808524,-2.5080678,-0.1702545,0.35305333,-0.05562199,-0.19350195,-0.669018,-1.1778458,1.5057875,-1.024686,0.1669283,0.14453769,-0.7120637,0.35486037,0.37080973,0.6268735,0.4659667,0.0880571
M5|C00047,-0.3410614,-1.0767995,-0.33400714,0.38664833,0.76429677,-0.659145,-0.34844285,-1.0635607,-0.5899698,1.3982153,-1.0114616,-0.7152152,0.90317243,-0.89198625,0.025876507,0.56862545,1.245317,0.47993454,-1.1935284,-0.5258893,-1.4832292,-0.7677707,0.62906295,-0.46943802,-0.4391893,0.6837745,0.3395329,1.0726873,-0.007812962,0.9719187,0.6923507,-0.40536356,-1.0568852,0.28654137,0.5313105,0.16082564,0.2579193,-0.15178113,-0.09161982,0.2920728
M5|C00048,-0.59557927,-0.9236857,-0.12846673,-0.15021762,0.4707008,-0.8789225,-0.5619409,-0.5952562,1.5329932,0.7095221,-1.0586895,-1.1453772,-0.8129455,-0.7815144,-0.22218728,1.3025162,0.3868416,-0.36008254,-0.75335425,-1.188273,-0.5528102,-1.4900193,0.49577034,-0.5826892,-1.1442535,1.224733,0.83471376,-0.18441877,-1.1849025,1.2207419,0.9529365,-1.5278993,0.97102827,1.623592,2.5967004,-0.6580051,-0.3868908,0.16847904,-1.2717117,0.89385974
M5|C00049,-0.8014645,-0.47187418,-0.50429344,0.9881705,1.8454044,-0.64039975,-0.8950234,-0.8569229,-0.8911816,0.44435903,-0.77969563,-0.24022247,1.2428755,-0.22049086,-0.46844736,1.2478558,0.12486156,-0.8477533,-1.0454519,-0.44159007,-0.47885543,-0.047145918,0.15831326,-1.4186888,0.69386715,0.70191777,0.6970502,0.4323928,-1.0273137,0.7304532,1.2447668,-0.7754532,-0.5241384,1.1713676,0.27084774,-1.2101816,0.51534116,0.71477205,-0.6374109,0.62951195
M5|C00050,-1.0902262,-0.3212539,-0.29919693,-0.037557654,0.38674963,-0.861771,-0.61284,-0.9699649,-1.3406895,-0.3926057,-0.107032366,-0.7507653,0.889177,-0.9787508,-0.9689171,0.40365928,0.747801,0.66113055,-1.5290719,0.29252946,-1.4520508,-0.6088148,0.5595929,-0.9506091,-0.65470827,0.9723672,0.5806253,0.974187,-0.7609762,0.09379614,1.6725411,-1.1339556,-1.0750968,0.830416,0.60608906,-0.47413006,-0.61229014,-0.04579419,1.1835934,-0.26020965
M5|C00051,-0.42465734,-1.0114611,0.7653442,0.26946288,0.9838666,-1.4287848,-0.55154574,-0.77942324,0.3861727,0.3346515,-1.7223147,-1.3271198,0.31117123,-0.20566267,-0.8842502,0.5197021,0.49121502,-0.27606887,-1.9692292,-1.9716592,0.5304239,0.29294872,0.6751481,-0.5042778,0.31065184,0.0040586405,0.20184147,0.7471461,-0.87026656,1.3773934,0.9633197,-0.031777993,-1.3173747,1.1234441,0.74406403,1.095144,-0.07047112,-0.13114373,-0.29534727,1.2292248
M5|C00052,-0.27430287,-0.009290509,-0.3439046,1.6946787,1.0540007,-0.5514769,-1.5860199,-0.064324036,-0.20490801,0.98556864,-0.23136742,-0.80731,0.09716295,-0.6162686,0.17863494,0.30957866,1.2958494,-0.9562445,-0.7133517,-0.52309245,-0.51456976,-0.5740458,-0.14863648,-2.3359022,-0.39435625,0.32130417,-0.36204928,-0.06833926,-0.20631161,-0.9037565,1.5638185,-1.3595433,-0.11860353,-0.06205295,-0.42901367,0.59785247,0.24981532,0.6154705,0.9227524,0.34609672
M5|C00053,-0.33192313,0.49465185,-0.49952528,2.1460743,0.984825,-0.71568096,-0.5210112,-0.7101569,0.42165533,0.9347662,0.53311366,-0.5225841,1.0057521,-0.66897887,-0.02619664,0.56945956,1.0567989,-1.144262,-1.0685124,0.53540045,-0.6820403,-1.0950793,0.3883571,-2.8462403,0.007658966,0.38113052,0.2250633,-0.33734342,-1.3523649,-1.3741896,1.3590271,-0.6059514,0.19330804,0.48261434,-1.1209887,0.3611337,0.48062953,0.515078,-0.04334909,-0.075580806
M5|C00054,-0.3079861,-1.1529619,-0.28571296,0.079622634,0.743071,-0.4936747,-0.52780366,-0.75853765,-0.42822516,1.5488846,-1.3628669,-0.87960553,0.5958342,-0.98469585,0.32015854,0.41433394,1.2084036,0.6631785,-0.97556615,-0.673557,-1.3220934,-0.43993762,0.9213249,-0.19465017,-0.5520686,0.7736436,0.33506572,1.2929401,0.22521585,1.1386844,0.50794643,-0.33643144,-1.1054827,0.45480388,0.61148757,0.36388335,0.35383108,-0.41938514,-0.13445745,0.2920746
M5|C00055,-0.50744,-0.62901974,-0.52590185,1.1392543,0.73729473,-0.84825486,-0.035803467,-1.2112374,-0.28523898,0.8134718,-0.51590747,-0.65002894,1.2591856,-0.8457652,-0.46930212,0.83310235,0.9167729,-0.05309888,-1.0898569,-0.1312762,-0.9914508,-0.8414526,0.34241432,-0.9849014,-0.13048762,0.8875132,0.5940475,0.76226044,-0.8656304,0.4147628,0.742196,-0.2320078,-0.7068559,0.6857327,-0.29691905,-0.218312,0.23846647,0.17365575,-0.72583324,0.24446267
M5|C00056,-0.94031525,-0.5630016,-0.47154802,1.0429343,1.9079005,-0.68850857,-0.6837507,-0.9359514,-0.73857594,0.4266577,-0.8582288,-0.21074185,1.267127,-0.11090154,-0.23557854,1.3770038,0.008526633,-0.75430626,-1.0040412,-0.31880724,-0.54237086,-0.0053919405,0.35893178,-1.4522823,0.7426645,0.7575726,0.90182877,0.35605758,-1.0894108,0.62327933,1.277902,-0.6679742,-0.4594221,1.2596701,0.14960405,-1.1975024,0.6513126,0.6841379,-0.76836526,0.5511817
M5|C00057,0.5843791,-1.1031073,0.5375062,-0.46245614,0.27633703,-1.0675111,-2.1231313,-0.44923723,-0.44171378,-0.34595874,-0.61001986,-1.0423415,-0.8416376,-1.6953366,-1.2683498,0.26363227,0.60023826,-0.23226435,-0.4751243,-1.4926689,-1.3375793,-0.86545795,-0.55239135,-1.9755341,-1.0011555,-0.41760844,-0.13181014,-0.43454912,-0.24731362,0.41320506,0.96204525,-2.1489704,-0.99343616,-0.110349104,0.7902533,-0.4788489,-0.08480283,0.78329164,0.2939489,1.0692141
M6|C00001,-0.16105959,-1.4162377,0.67703694,-0.7965291,0.55371547,-1.2848775,-1.0733862,-0.6631006,0.29756245,0.4221102,-0.6949051,-1.4798723,-0.8221524,-1.4275631,-0.19574684,0.6453569,-0.1875561,-0.38642523,-0.36236486,-0.9312784,-1.4286768,-0.86879957,1.1752948,-1.3104943,-1.3231503,0.18571828,0.9670018,-0.74099284,-0.048210353,0.060040597,0.38567212,-1.2804815,-0.9494322,0.6400577,0.92332625,0.1767932,0.73672736,0.036629964,0.17941692,0.49628052
M6|C00002,-0.30313605,-0.8705088,-0.0019747345,-0.12709405,1.6673152,-0.48588842,-1.1358826,-0.75048596,-1.4025303,1.4699535,-1.1771485,-0.2749644,1.2248156,-0.170851,-0.32942525,0.7663102,-0.0837061,-0.4293495,-1.1474437,-0.6731404,-1.1576741,-0.10224714,0.29630792,-0.57247335,0.68977517,0.70943886,0.44491693,0.83868426,-0.05338857,1.1614618,0.7274349,-0.4885033,-0.99734384,0.5582771,1.4761546,-0.19985005,0.7322043,0.031474367,0.2889688,0.780666
M6|C00003,-0.586406,-0.9699072,0.5421142,-0.86060166,1.9578154,-0.81104225,-1.140094,-0.56219685,-0.32860148,1.0483147,-1.7183015,-0.7667463,0.52900434,0.23686653,-0.70899177,0.84948075,-0.22174877,-1.04097,-1.5858856,-1.3553467,-0.011349071,-0.015370107,1.5199708,-0.4612335,1.098863,0.59735405,0.6894062,0.9975217,-0.2067191,1.4777228,0.6778669,0.25443155,-1.0141457,1.5859003,1.1718659,1.0056987,1.0267773,-0.28936803,-0.10183379,1.118447
M6|C00004,-0.46144933,-0.9279433,-0.075426504,0.031537883,1.9333612,-0.45527413,-0.90655583,-0.65597606,-1.1981385,1.3988541,-1.1050916,-0.24161913,1.357094,-0.16656412,-0.0737217,1.0202937,-0.15565881,-0.6065492,-1.2231934,-0.51864046,-1.0867678,-0.014540736,0.45244193,-0.7594201,0.78536665,0.6793633,0.70371336,0.6915561,-0.31045374,1.1026717,0.8605263,-0.4662436,-0.85357904,0.8165711,1.2874653,-0.51524395,0.877033,0.0994394,0.065227054,0.64650184
M6|C00005,-0.9620524,-0.14175433,-0.12971252,-0.08857822,0.46820703,-0.58555794,-0.85777766,-0.96472406,-0.8552491,0.23500805,-0.38565376,-0.71635437,0.6230014,-0.86292624,-0.9812911,0.6714175,0.574897,0.19621058,-1.0756863,-0.0073375353,-1.2324985,-0.7078057,0.70016026,-0.9376189,-0.44303048,1.0166212,0.30575842,0.92188334,-0.6831053,0.33948985,0.90690494,-0.8593607,-0.69222593,0.67134523,0.47309804,0.19363594,-0.2898518,0.16462444,0.4077374,0.03799292
M6|C00006,-0.5833246,-0.86281234,0.3418089,-0.31384984,1.9185109,-0.9404907,-1.5181265,-0.251373,-0.2451139,0.69674414,-1.4286934,-0.60890144,0.52393395,0.11179239,-0.7433596,0.7891709,0.069510855,-1.2300102,-1.5427023,-1.7823645,-0.020310732,0.19620979,0.95167375,-0.44298303,0.8118596,0.120730765,0.6649675,1.0365998,-0.44096756,1.5585741,0.9688429,-0.2864652,-0.7400612,1.2334204,1.1988287,0.39353216,0.45276952,0.19358099,-0.15221465,1.352477
M6|C00007,-0.38054955,0.18947123,-0.13998099,-0.69301695,1.185905,-0.91833615,-0.9782229,-0.5663403,0.5276185,1.2967639,-0.27831954,-0.086815275,-0.03905635,-0.47814915,-0.19326249,1.3869985,0.026730778,-0.83790475,-0.8383362,-1.079714,-1.3011061,-0.5922815,0.33880582,0.032148186,-1.4150081,0.6376779,1.0711552,-0.15863575,-1.0058675,0.99301475,0.13311678,-0.73632926,0.32660455,1.0626234,2.4597628,-0.78236544,0.12588386,0.3662472,0.038864184,0.64261657
M6|C00008,-0.41083962,-0.17509936,-0.17330031,0.4782018,0.6981987,-0.81887704,-0.61473405,-0.78650326,-0.46975908,0.508132,-0.6680752,-0.7230738,0.6212,-0.6535295,-0.79038465,0.72277284,0.2253443,-0.49173674,-0.9215971,-0.55248195,-0.7907857,-0.46558762,0.35777467,-0.8761231,-0.25487417,0.82781917,0.39732447,0.6227158,-0.6377942,0.41355294,0.63736045,-0.49844712,-0.4931488,0.70315033,0.6373594,0.34360772,0.101158716,0.4150753,-0.29524964,0.73351985
M6|C00009,-0.4878403,-0.7124004,-0.29057994,0.7176536,1.7647125,-0.46919835,-0.9428746,-0.75775135,-1.1791719,1.0297476,-0.7673308,-0.19101775,1.3899531,-0.40052822,-0.28236556,0.9962811,0.15875882,-0.64778495,-1.1386114,-0.4887972,-0.9831359,-0.12725678,0.12763739,-1.0602521,0.82590264,0.6949694,0.6800156,0.6319715,-0.6438759,0.9785153,1.1059295,-0.66344887,-0.64395356,0.71705717,0.7574865,-0.9438908,0.64077365,0.32264757,-0.31493384,0.70412976
M6|C00010,-0.4347101,-0.83438456,-0.055014774,-0.11204486,1.7771782,-0.4001268,-1.0678908,-0.82674164,-1.2662426,1.5834595,-0.9606064,-0.17428312,1.3082175,-0.15792708,-0.20836325,1.0424185,-0.010612689,-0.50934404,-1.1661532,-0.4200133,-1.2328289,-0.3077241,0.65331197,-0.7493332,0.87462425,0.72932136,0.57180256,0.75726366,-0.2247928,1.2091036,0.606014,-0.3626619,-0.73839957,0.64466393,1.2629383,-0.36308545,0.9328875,-0.10241746,-0.014234301,0.62941444
M6|C00011,-0.4442404,0.22562176,-0.12944455,-0.31626165,1.2032743,-0.90615743,-0.9256991,-0.5582831,0.47021985,0.97877955,-0.20196268,-0.17214099,-0.018966619,-0.5289514,-0.26227447,1.368757,0.07728659,-0.9205598,-0.8162226,-1.0221331,-1.1708986,-0.56061757,0.20038657,-0.18383533,-1.3196104,0.62587243,1.025709,-0.1347979,-1.1614002,0.8765366,0.3963196,-0.8209836,0.39231217,1.0084922,2.0755334,-0.9290937,0.029671336,0.54883933,-0.13425621,0.68507326
M6|C00012,-0.5403677,-1.1655617,0.1303593,-0.23001586,0.37663722,-1.1135819,-0.5809322,-0.55535585,1.355879,0.5235252,-0.9989743,-1.3037987,-0.65513325,-0.87147397,-0.13948247,1.3410861,0.22088155,-0.17022416,-0.7394775,-1.2463849,-0.6737178,-1.2565143,0.5727878,-0.6913312,-1.3690202,0.97009414,0.7814555,-0.40965894,-1.2123197,1.1055082,0.88606215,-1.7017833,0.69498545,1.3841964,2.584737,-0.5165847,-0.32606506,0.19274941,-1.1097983,0.89966935
M6|C00013,-0.422476,-0.65363747,-0.35129192,0.90190715,1.770204,-0.41909906,-0.852505,-0.6459843,-1.1781483,0.8463621,-0.60168636,-0.22677208,1.2346624,-0.49582693,-0.27785248,0.97063243,0.20918782,-0.67051697,-1.1994994,-0.40956625,-1.0910082,-0.14177206,0.082349695,-1.1769823,0.63847655,0.64803827,0.70234144,0.70356333,-0.8044731,0.9477115,1.2213033,-0.7925773,-0.37175083,0.49566826,0.7379894,-1.1406295,0.47620282,0.43959174,-0.37962323,0.6918267
M6|C00014,-0.7875983,-0.309376,0.56416184,0.8678296,1.5763196,-1.496423,-1.8573498,-0.27198553,-0.116911255,0.15385233,-0.8172051,-0.9093459,0.15024583,0.32259732,-0.74568176,0.54371035,0.28348628,-1.6163706,-1.6719255,-2.1246831,0.51588196,0.42463058,0.8782956,-0.8104239,0.80616325,-0.23739074,0.2195509,0.69046444,-0.78660285,0.85926837,1.4480082,-0.25171176,-0.62175673,1.102729,0.5040166,0.9632939,0.19072449,0.56904066,0.1053896,1.5059539
M6|C00015,-0.12701535,-0.20726925,0.059107646,-0.13728835,0.9005196,-0.5831267,-2.0852807,-0.19126783,-0.474398,1.9555041,-0.8871719,-0.76447845,-0.02899787,-0.095796496,0.124853574,0.166408,0.8342779,-0.8047809,-0.7279115,-0.8238804,-0.62051845,-0.55775726,0.97330016,-1.5058473,-0.025132885,0.3139776,-0.54441065,0.17515035,0.949043,-0.3710167,0.37457,-0.60643566,-0.68118024,0.1762759,0.71661264,2.0967176,0.8191959,-0.27750903,1.5521809,0.5190622
M6|C00016,-0.93162584,-0.24001603,-0.14342692,-0.43342218,0.503091,-0.76299685,-0.54147196,-1.0736985,-1.0542367,0.34339443,-0.3360151,-0.752311,0.7807241,-0.66658866,-0.72656184,0.6232063,0.2806728,0.29474568,-1.2985122,0.20284541,-1.3223623,-0.6353763,1.200641,-0.7389855,-0.40586314,1.0115467,0.640641,0.8409786,-0.63574296,0.21928148,0.9133665,-0.4800315,-0.8712303,1.0626396,0.8147425,0.19946581,-0.09384195,-0.34849253,0.7425867,-0.12559795
M6|C00017,-0.2881133,-0.8737863,-0.07940906,-0.18004057,1.6404588,-0.41955885,-1.0723959,-0.7972205,-1.3134463,1.6069994,-1.0645393,-0.21652365,1.2531011,-0.12675886,-0.3057558,0.8861483,-0.003936909,-0.47765478,-1.1315017,-0.59860915,-1.1979887,-0.34895658,0.42175645,-0.56096506,0.70000786,0.70425165,0.47379756,0.8586318,0.0069061667,1.1867731,0.58836156,-0.3964018,-0.8392447,0.5263627,1.4270769,-0.19385806,0.83379954,0.03157795,0.18715031,0.70481974
M6|C00018,-0.8997666,-0.16517751,-0.10941267,-0.23365474,0.4127527,-0.72124124,-0.5966456,-0.961264,-1.1237799,0.09423109,-0.29157165,-0.77208614,0.7610892,-0.8270979,-0.84893465,0.5280854,0.43674946,0.28806433,-1.2652954,0.15550146,-1.3556198,-0.6251966,0.90328866,-0.8257494,-0.54093426,0.97280085,0.48880595,0.95427686,-0.68307316,0.24699263,1.1309364,-0.76025546,-0.86020935,0.88283885,0.74492186,0.07277266,-0.31664556,-0.1542393,0.7756536,-0.0647399
M6|C00019,-0.16896467,-0.061668128,-0.17042135,0.64814,0.86673295,-0.7200695,-1.5991522,-0.28615117,-0.41219568,1.2244794,-0.48013145,-0.72939396,0.34573382,-0.40273649,-0.13649866,0.2720288,0.842188,-0.9289496,-0.81213474,-0.6677908,-0.6882223,-0.5160278,0.48597717,-1.6534493,-0.08301235,0.28859213,-0.28903434,0.19110915,0.2369917,-0.5071067,0.8068865,-0.71378064,-0.48511678,0.21938485,0.32245487,1.3134737,0.4419443,0.23204954,0.9480804,0.5667942
M6|C00020,-1.2097504,-0.09883796,-0.08079973,-0.3593047,0.35417444,-0.62901616,-1.2247465,-0.7646468,-1.0686526,-0.05175259,-0.5935509,-0.83510864,0.26696962,-0.5275921,-0.88470215,0.82259285,0.36851242,0.43669882,-1.1493623,0.05939064,-1.1089835,-0.35422826,0.8746439,-0.70644593,-0.5788605,1.2994075,0.17400779,0.9215157,-0.6056124,0.4755169,1.0515854,-1.0726013,-0.7642178,0.8905003,0.6349117,0.3682141,-0.18328753,0.27051592,0.7834812,0.0878632
M6|C00021,-0.3581825,0.09674847,-0.70610815,0.51720285,1.5538064,-0.74902624,-1.5003538,-0.97760123,-0.7830818,1.1018748,0.053668212,0.106301144,0.70801985,-0.43516815,-0.41184556,1.4659178,0.13613553,-0.8639631,-0.50685656,-0.6278518,-1.5349594,-0.5035809,0.09042607,-0.6637701,-0.45671648,0.69977045,1.0278275,0.4763028,-0.863154,0.498084,0.16053754,-0.34455335,0.070646554,0.5125728,0.6628012,-1.1821072,0.5725303,0.44905728,-0.34608343,0.72179866
M6|C00022,-0.33538997,-1.2282459,-0.48307586,0.6821248,0.85592645,-0.7063508,-0.24224398,-1.0396475,-0.49977785,1.3267696,-0.9953319,-0.7722711,0.98402655,-0.93306035,0.22115964,0.5746969,1.4489288,0.640595,-1.2473105,-0.49629045,-1.4806143,-0.6712146,0.5000332,-0.45131773,-0.5629852,0.58953804,0.46161848,1.1271877,-0.075183734,0.95164394,0.8883739,-0.44098946,-1.0747081,0.29800308,0.39211297,-0.10210325,0.21896398,-0.08645435,-0.113177896,0.15611206
M6|C00023,-1.0576993,-0.06598365,-0.1871345,0.11618468,0.36683697,-0.7132236,-0.59285176,-0.9873836,-1.0361179,-0.18834704,-0.010721955,-0.7649032,0.74069476,-1.007486,-0.9330437,0.60926807,0.68854016,0.31073824,-1.3042717,0.29705217,-1.3877375,-0.7266565,0.804701,-1.1169368,-0.586492,0.98120666,0.50973123,0.8710614,-1.033571,0.13494545,1.3225245,-0.96705437,-0.67861634,0.81118983,0.33940467,-0.27380776,-0.49268425,0.013950631,0.562687,-0.18219504
M6|C00024,0.16167459,0.07488596,-0.8906863,0.38539603,1.6219997,-0.8367025,-1.9659768,-0.73917466,-1.0456417,0.79162323,-0.24460319,0.24273941,0.47498482,-0.19058931,-0.5925723,1.3691199,0.0016884841,-1.1767857,-0.56816024,-1.0320017,-1.2420254,0.13113075,-0.38140458,-0.8557869,-0.6372614,0.34896386,0.81868064,0.42453027,-0.5199433,0.6088018,0.37103167,-0.6469519,-0.12865618,0.76957333,1.0875483,-1.3242651,0.16050966,0.6457556,0.07502974,1.0148356
M6|C00025,-0.48723993,-1.2140332,0.10552498,-0.6303799,0.3481566,-1.2511268,-0.58896255,-0.379475,0.93364304,0.51300824,-0.928734,-1.3590175,-0.21448117,-0.80866784,-0.88022393,1.4578372,0.56052524,-0.49948105,-1.1684867,-1.5514404,-0.17940076,-1.4313484,0.17540984,-0.32436097,-1.0401591,1.2419055,0.607292,-0.53911436,-1.3374491,1.4838508,0.8272534,-1.4460324,0.72512156,1.5743307,3.1221025,-0.019049928,-0.8068896,0.13013276,-0.99650484,1.3414952
M6|C00026,-0.51757246,-1.0867164,0.7770168,-0.50419897,0.9743611,-1.0638736,-0.3856555,-0.8564725,-0.033074275,0.79936814,-2.0449538,-1.3454366,0.39325866,-0.1331086,-0.621298,0.57282925,-0.045017686,-0.025902629,-1.6471201,-1.3147502,0.026533961,0.11617,1.3749405,-0.2653174,0.40443683,0.6777547,0.2631413,0.86789465,-0.21760732,1.2732449,0.6806717,0.17345996,-1.2971911,1.3871938,1.0704908,1.7163457,0.5313243,-0.44946972,-0.13418493,1.0555873
M6|C00027,-0.19695707,0.0091459155,-0.2948593,0.014539644,1.1316454,-1.0821767,-0.9136879,-0.6269423,0.22388314,0.7981569,-0.3172331,-0.31604207,0.052810416,-0.49332967,-0.5273287,1.1966183,0.24842787,-0.77175426,-0.8600099,-0.98177403,-1.0961449,-0.670463,-0.18252046,-0.25842813,-1.4499518,0.5789897,0.8594416,0.004097149,-0.9797837,0.73007923,0.6619828,-0.8353738,0.23136266,1.0369599,1.8986613,-0.9450725,-0.16292614,0.77534133,-0.12024656,0.56138515
M6|C00028,-1.1547381,0.031022867,-0.20612657,0.48997983,0.42755747,-0.6639697,-0.627209,-1.0812515,-0.74832195,-0.20954321,-0.030361727,-0.71811694,0.69556636,-1.0131882,-1.1701785,0.82614034,0.7377489,0.12375299,-1.1135885,0.2070478,-1.1217002,-0.8535697,0.5481845,-1.2329048,-0.35886058,1.1357551,0.4102302,0.71244365,-1.2485353,0.17978726,1.2014961,-0.91373444,-0.5227471,0.77008265,-0.10589498,-0.29207006,-0.33831343,0.3285989,-0.00026698908,-0.037380576
M6|C00029,-0.5276914,-0.7995305,-0.17433017,0.3710588,0.8522951,-0.71631336,-0.20248091,-1.102667,-0.36049113,1.3522825,-0.78834295,-0.8177741,1.0706637,-0.77572256,-0.251021,0.8355289,0.831981,0.09012032,-1.0231062,-0.26037106,-1.1389823,-0.90621334,0.8695326,-0.5732941,-0.2693418,0.8350396,0.4753035,0.92690295,-0.40365657,0.6926338,0.40563414,-0.027640432,-0.8530135,0.6481332,0.22703226,0.38193595,0.42596865,-0.20138632,-0.40033045,0.11187166
M6|C00030,-0.42407724,0.27270404,-0.15113671,-0.54538876,1.1824031,-0.8490049,-1.0020581,-0.59228,0.4748595,1.1254998,-0.19795339,-0.058384553,-0.048622757,-0.5362465,-0.28146634,1.415191,0.11086034,-0.847064,-0.80055636,-1.0018235,-1.257515,-0.6633649,0.31236398,-0.18432774,-1.3007964,0.6691442,1.0272156,-0.1988682,-1.1092688,0.9366552,0.24516754,-0.79925567,0.41768488,1.016085,2.1960402,-0.876736,0.1255028,0.44826064,-0.11876895,0.66030973
M6|C00031,-0.1519208,0.09394904,-0.606042,0.33958986,1.3585358,-0.86004364,-1.1261137,-0.90392005,-0.6641699,0.9306022,-0.31258404,-0.13678972,0.8843578,-0.26428658,-0.6190115,1.3350523,-0.060093317,-1.0201569,-0.7350669,-0.55309886,-1.0258889,-0.18453842,0.0044417977,-0.6930207,-0.494472,0.79984236,0.7332592,0.38038474,-0.7356552,0.439883,0.25927806,-0.20699066,-0.30207494,1.0169873,0.7939459,-0.628727,0.45519942,0.62900925,-0.18194118,0.75052434
M6|C00032,-0.29621786,-1.2734889,0.31801364,-0.31435293,0.56289816,-1.1572758,-0.49030262,-0.45598,0.49926734,0.31418914,-0.78644747,-1.3726051,-0.40803754,-1.151578,-0.35858068,1.0799146,0.07662713,-0.5440886,-0.62793565,-1.2389379,-0.67371964,-1.0495927,0.50022686,-0.90322983,-1.1183023,0.8752181,0.8656697,-0.6043272,-0.8635819,0.70054984,0.8329789,-1.3634949,0.058468238,1.0284855,2.0295074,-0.1834512,-0.067844786,0.17327894,-0.6346343,0.95974445
M6|C00033,-1.2798636,0.110536374,-0.20748264,0.3312171,0.43622273,-0.7858148,-0.7004813,-0.9953574,-0.8340952,-0.5612148,-0.23944218,-0.796847,0.37455082,-0.6382189,-1.1480132,0.9841418,0.3246708,0.17325622,-1.2536758,0.298513,-0.7913639,-0.47468874,0.71476716,-1.1399356,-0.39519352,1.4682117,0.5275944,0.5664771,-1.3527827,0.19153383,1.2912631,-0.90514064,-0.49232763,1.1701705,-0.026563391,-0.20735738,-0.18405055,0.47985375,0.099375226,0.029514343
M6|C00034,-0.5616808,-0.6580601,0.01937031,0.20180994,0.5279264,-1.1038953,-0.63920945,-0.55282664,0.5499538,0.31834137,-0.8260429,-1.0616767,-0.0742884,-0.7831381,-0.65243816,0.9987385,0.20714806,-0.55238694,-0.91443473,-1.0214043,-0.5954381,-0.8414302,0.3392408,-0.5739556,-0.8252569,1.0051017,0.6675984,0.07536774,-1.040825,0.87555724,0.9928395,-1.1858866,0.30702615,1.2929871,1.761339,-0.075256124,-0.42538425,0.5015053,-0.8658346,1.0406741
M6|C00035,-0.14559384,0.0071776807,-0.18076745,-0.78672886,1.2147751,-1.126736,-1.4643346,-0.4780345,-0.105784394,1.0899975,-0.40522617,-0.17135242,0.022209316,-0.32333833,-0.5606988,1.2246382,0.04307379,-0.9540001,-0.88063973,-1.1606467,-1.1649828,-0.47533306,0.123168826,-0.20690334,-1.0699855,0.33413392,0.86688006,-0.0023564845,-0.61513674,0.86778283,0.16092326,-0.57668775,0.009141222,1.0163578,2.3915057,-0.6480011,-0.07654969,0.17375663,0.2798471,0.9256815
M6|C00036,-0.9476956,-0.34095207,-0.09208003,-0.48372778,0.4834378,-0.6001632,-0.82504815,-1.0309377,-0.873299,0.4740126,-0.56771356,-0.7028,0.6462202,-0.6444236,-0.7679378,0.7050957,0.40044838,0.39105314,-1.1260978,0.06397827,-1.3677061,-0.5939603,1.0420896,-0.73563766,-0.5435827,0.9622612,0.37798494,0.98002374,-0.39442995,0.44481653,0.7827898,-0.7690291,-0.89403677,0.7710093,0.7345247,0.47628397,-0.10447871,0.016365498,0.671434,-0.08939779
M6|C00037,-0.4518618,-0.47759736,-0.18072014,0.395576,1.1993396,-0.6304583,-1.027178,-0.83387816,-0.90191704,0.8038951,-0.82607985,-0.41657597,0.9592234,-0.5165473,-0.7023222,0.93701315,0.36776868,-0.52356166,-0.9497174,-0.6897361,-0.8377725,-0.45916402,0.24924117,-1.0208606,0.35803428,0.70930696,0.29502535,0.6823752,-0.5593067,0.82827276,0.739118,-0.59410423,-0.58837676,0.6140992,0.6968569,-0.26981962,0.28520137,0.24310483,-0.28593248,0.77943027
M6|C00038,-0.032245554,-1.0454879,-0.15304613,-0.14138108,0.49709517,-0.40686047,-1.7002293,-0.3756882,-0.9309477,1.2250961,-1.5235147,-0.9334965,0.4167093,-1.3259616,-0.5647873,0.31585234,1.7873596,0.5534707,-0.9042694,-1.5169388,-0.8304033,-0.48720974,-0.09668407,-0.39118856,-0.22398575,0.6258265,-0.5075067,1.3119335,0.2949594,1.3538483,0.5083833,-0.78572524,-1.2672741,0.066408254,0.82118714,0.37763453,-0.1561579,-0.4302284,0.12824854,0.9372927
M6|C00039,-0.9790331,-0.2858337,-0.0678159,-0.6239887,0.4168278,-0.6868355,-0.72823817,-1.052889,-1.1114694,0.31678396,-0.34184155,-0.74453413,0.6703955,-0.691023,-0.7404765,0.6092403,0.38901675,0.50395423,-1.3283925,0.27830794,-1.4628097,-0.7134563,1.2994138,-0.7710172,-0.4684958,1.0177408,0.54762244,0.9085403,-0.52027136,0.32472128,0.9293151,-0.628176,-0.9104297,0.9596133,0.7936677,0.23235138,-0.07815933,-0.36903405,0.916873,-0.21139868
M6|C00040,-1.3950255,0.07033174,1.1139121,-0.26753306,1.0183724,-1.3606526,-2.3614414,-0.38591617,-0.42726877,-0.25969648,-1.0750234,-1.494277,-0.80195254,0.6094961,-0.61607945,0.6993359,0.46424082,-0.1807302,-2.1024556,-1.7165711,0.21347816,0.408588,1.9657879,-0.7006214,0.5548962,0.2509187,-0.14782332,1.110366,-0.723213,0.7521812,1.3834279,-0.3134293,-0.6698147,1.2924757,0.9262848,1.9799495,0.59285015,0.022510104,0.87165546,1.0610911
M6|C00041,-1.0146418,0.1262192,0.285249,1.5937104,1.1759892,-1.4383664,-1.552844,-0.4092384,0.2729284,-0.11594638,-0.0853655,-1.2028735,-0.20330042,0.2836463,-0.5280545,0.53137785,0.5840805,-1.6575803,-1.6006033,-1.178604,0.3656779,-0.31030303,1.3934767,-1.585952,0.68984866,-0.079395406,0.29893,0.4033555,-1.0172404,-0.23503307,1.619853,-0.12679356,-0.09824704,1.1703751,-0.6211552,1.262451,0.5608202,0.6502432,-0.02044569,1.040642
M6|C00042,-0.44821858,-0.83237755,-0.32930404,0.82387364,1.7510368,-0.47921097,-0.7641412,-0.65896577,-1.1278085,0.89170635,-0.7793519,-0.2521421,1.2510641,-0.41392967,-0.20386201,0.9522787,0.10445788,-0.55396813,-1.2373028,-0.42824668,-1.0511127,-0.12753588,0.105114505,-1.085987,0.6747107,0.7071796,0.80092424,0.6978639,-0.70687556,0.9556537,1.2287705,-0.72945344,-0.50437087,0.62820095,0.8338246,-1.0666152,0.58577746,0.40104938,-0.28650194,0.677796
M6|C00043,-0.46966803,-0.98376334,-0.082540035,-0.02451507,0.44330075,-1.29325,0.067750216,-0.81464565,1.2849805,0.394377,-0.82934654,-1.3815572,-0.3862734,-0.8211191,-0.66730523,1.1686516,-0.055229895,-0.6622249,-1.0075929,-0.75854313,-0.33970279,-1.4012175,0.5206387,-0.49279162,-1.1475866,1.3516582,1.1942595,-0.41993046,-1.292264,0.73311067,0.846226,-0.8488425,0.5061033,2.0121264,1.9902341,-0.36269295,-0.22208324,0.31905818,-1.2774556,0.8991188
M6|C00044,-0.4939125,0.42407274,-0.01104825,-0.80402035,1.2567555,-0.88118505,-0.34714264,-0.8150399,0.7082517,1.3290577,0.007565126,-0.118957564,0.4156211,-0.5501297,-0.19211468,1.7259852,-0.03462378,-0.88390714,-0.8630069,-0.51893634,-1.4032243,-0.97700346,0.8680998,-0.17339484,-1.2104272,0.86099917,1.2529911,-0.22138986,-1.3721546,0.7243682,-0.10415396,-0.23011445,0.52148277,1.344983,2.0768118,-0.5271888,0.551108,0.1936412,-0.39091295,0.29213232
M6|C00045,-0.17102423,0.28752863,-0.29900473,-0.4087562,1.2166063,-1.0922179,-1.4193189,-0.551944,-0.0905601,0.8487094,-0.10324833,-0.12451773,0.04862687,-0.4835925,-0.82575464,1.2061735,0.18403438,-1.1296433,-0.8677116,-1.0310798,-1.0639124,-0.6221825,-0.12156813,-0.45226216,-1.040168,0.4155661,0.875929,-0.09699294,-0.94887495,0.71182454,0.28641546,-0.62536204,0.20711818,0.9957559,2.0325851,-1.0005057,-0.23459786,0.34113175,0.046523824,0.88824344
M6|C00046,-0.32011193,-0.7924521,-0.12060799,-0.17765287,0.67875385,-0.5612618,-0.5841294,-0.9573467,-0.37888926,1.5062288,-1.2231698,-0.74010974,0.5647482,-0.79911894,-0.28007078,0.51951575,0.86308455,0.2866329,-0.95467293,-0.6492391,-1.0081172,-0.78753614,0.9894644,-0.4002313,-0.17289326,0.93318653,0.29212567,0.8820453,0.036920894,0.96828485,0.2108326,-0.08959222,-1.0044223,0.62045205,0.55952895,0.62979007,0.5871819,-0.4279489,-0.2679582,0.46133256
M6|C00047,-0.10015038,0.038266417,0.06737791,-1.1310797,1.0502961,-0.9857723,-1.9955723,-0.35614586,-0.2705273,1.1240683,-0.72665393,-0.34368238,-0.2651351,-0.38819408,-0.8471583,0.9790249,0.052317455,-0.94675654,-0.76821566,-1.4652579,-0.9766585,-0.5219964,0.12252397,-0.19990422,-0.751145,0.51129454,0.397226,0.1310704,-0.2529058,1.0053511,0.039932333,-0.7473342,-0.1232115,0.8813222,2.630742,-0.08119795,-0.02291517,0.114912465,0.4129802,1.2067703
M6|C00048,-0.19247591,0.06742706,-0.5249727,1.707401,1.0516301,-0.5717363,-1.1751468,-0.5711255,0.08481419,1.0703784,0.006009102,-0.65446854,0.43589556,-0.4260763,-0.18759434,0.36883694,1.1628252,-0.8788837,-1.0011747,0.07279302,-0.73234254,-1.0432804,0.06691484,-2.4346688,-0.14678434,0.3508722,-0.08809623,-0.16647875,-0.5229028,-1.114484,1.3553723,-0.9639513,0.141005,0.1284222,-0.591723,0.51491785,0.42404607,0.5334825,0.53227746,0.087846026
M6|C00049,-0.48497802,-1.1130633,-0.6866542,1.4943125,0.65718883,-0.6914313,0.011990368,-0.9146593,-0.02716477,0.7414216,-0.83838165,-0.9123639,1.0342846,-1.1891882,0.04825121,0.7327171,1.377275,0.37439576,-1.0342011,-0.15087068,-0.8231052,-0.65864265,0.43678355,-0.95840776,-0.5404337,0.81173015,0.67190117,0.8420876,-0.86828965,0.64254594,1.1730969,-0.5183374,-0.83725035,0.9623551,-0.7954706,-0.6334498,0.18905322,0.2750406,-1.0754858,0.08584218
M6|C00050,-0.37315133,-0.8909966,-0.2599741,0.5168964,1.6468656,-0.5226522,-0.9847532,-0.5310665,-1.2085221,1.0745403,-0.99517,-0.34291866,1.2146759,-0.43509755,-0.0550169,0.72129846,0.028080078,-0.38170603,-1.1577766,-0.6672181,-1.13463,0.067936935,-0.04695064,-0.7345986,0.5720071,0.5450087,0.6362592,0.8163378,-0.23512629,0.95924276,1.1799285,-0.7808876,-0.7381246,0.44935971,1.2938218,-0.65912354,0.45814922,0.35284242,0.1925585,0.8526472
M6|C00051,-0.5086571,-0.63937306,-0.4021453,0.9837349,1.7272874,-0.5761328,-0.6507039,-0.7429491,-1.0097487,0.8387915,-0.561624,-0.25121784,1.3760821,-0.5273132,-0.26119065,0.9001022,0.09568712,-0.6441573,-1.2140499,-0.29299146,-0.98765653,-0.20672253,0.035911158,-1.1451495,0.68018264,0.6194055,0.86360115,0.5300655,-0.8555125,0.771291,1.2839913,-0.67181206,-0.4869311,0.6784417,0.67910653,-1.1002913,0.4856635,0.48280036,-0.36590052,0.6759844
M6|C00052,-0.40104723,-0.8680541,-0.47459254,0.97755367,0.66283,-0.6539922,-0.4056787,-0.7353633,-0.20524448,0.73775756,-0.98883826,-1.0738144,0.45521453,-0.8535885,-0.3737381,0.3956838,0.7755998,-0.034433275,-1.051225,-0.46487743,-0.7290397,-0.7935565,0.040049188,-0.52053523,-0.4574356,0.9118064,0.56682473,1.1431865,-0.41102588,0.58226657,1.120865,-0.5175095,-0.7071047,0.8068376,0.13608886,-0.20784739,0.11878435,0.44367462,-0.37002456,0.5128813
M6|C00053,-0.5781282,0.14150092,-0.34251815,1.2020806,0.7413032,-0.7981523,-0.37046078,-0.9947421,-0.32221287,0.177866,-0.11622962,-0.67045844,0.8389699,-0.9524614,-1.11705,0.81539637,0.58852,-0.61029035,-0.99170107,-0.21026802,-0.7264961,-0.8358675,0.0813816,-1.3270271,-0.12062608,0.9761334,0.4883138,0.40338,-1.364987,0.104761496,0.89038134,-0.50359774,-0.15451734,0.66299367,-0.19245835,-0.27980772,-0.03936716,0.613077,-0.81609786,0.5287161
M6|C00054,-0.46044344,-0.24073187,-0.109987795,0.45474273,0.723679,-0.7944181,-0.6395625,-0.7340149,-0.5019672,0.5231378,-0.76792395,-0.77108216,0.58169246,-0.6506398,-0.69380003,0.6996538,0.22442326,-0.4029394,-0.89478487,-0.6051179,-0.8653033,-0.41330603,0.32015795,-0.7946194,-0.25210392,0.851458,0.38144195,0.71627855,-0.5365993,0.39354852,0.6862924,-0.5245267,-0.46575433,0.60531133,0.71140057,0.41623437,0.077189416,0.42174435,-0.21414089,0.7529098
M6|C00055,-0.41121188,-0.8425113,0.12628308,-0.12393016,0.07105914,-1.3578207,-1.3655133,-0.94917697,0.7072176,0.59607524,-0.54458904,-1.3627883,-0.1765584,-1.305121,-1.0104222,0.83418334,0.56256235,-0.505644,-0.81521934,-1.234393,-0.65717304,-1.043235,-0.04049304,-0.66669106,-1.085905,0.9146962,0.24606955,-0.50294113,-0.86927533,0.5016216,0.25515994,-1.2457755,-0.20870067,1.0060501,1.244226,0.05137168,-0.65539074,0.12702957,-0.3575697,0.9599
M6|C00056,-0.23990573,1.0034283,-0.7368565,0.9243615,0.5267056,-0.6603277,-1.3357894,-0.8411623,-1.1635365,-0.4036921,0.692261,-0.5948298,0.6401142,-1.0200031,-1.5433556,1.339064,1.4540149,-0.044638544,-1.0775383,0.2541132,-1.888325,-0.9536471,-0.4839809,-1.1218896,-0.44686365,1.5797523,-0.21935399,1.0328333,-1.0056456,-0.41006845,1.4744565,-0.7503943,0.5296244,0.5929926,0.69866204,-0.26371974,0.37270483,0.41055298,0.23814878,0.1973914
M6|C00057,-0.21588957,-0.8575928,-0.33641192,-0.05022449,1.6369799,-0.43272883,-1.5724871,-0.7956872,-1.4253049,1.3707514,-1.1531742,-0.091038615,1.3064435,-0.1644643,-0.49254674,0.90717083,0.31757236,-0.3850121,-1.1745739,-0.8179472,-0.9867587,-0.2197084,0.07202917,-0.8231864,0.7806105,0.48266822,0.15452066,0.71556807,-0.030156344,1.2668742,0.7483769,-0.71442,-0.97713566,0.53383106,1.2725511,-0.6749928,0.60547477,0.14746809,0.25088206,0.81295085
M6|C00058,-0.8572886,-0.12296605,-0.3622538,0.9867643,0.86048895,-0.80278844,0.26024055,-1.311422,0.036579948,0.62572515,-0.17826019,-0.7184621,1.1467862,-0.7507299,-0.71663386,1.1906843,0.5201343,-0.4031127,-1.062583,0.45353287,-0.84471935,-1.1517917,0.9566669,-1.1841387,-0.0909103,1.275335,0.8878492,0.35836238,-1.4542465,0.061769925,0.62736475,0.11496268,-0.19814935,1.176128,-0.6157199,-0.09384662,0.5368737,0.26458627,-1.2438638,-0.0023401678
M6|C00059,-0.79670405,0.41725242,-0.93544954,1.2443255,1.5803404,-0.67720854,-0.7152314,-1.1637456,-0.27397895,0.66722566,0.49130756,0.13490316,0.9610679,-0.61250937,-0.3013524,1.7579048,0.27524003,-1.0520952,-0.5667598,0.04848905,-1.4524052,-0.66408354,0.18345764,-1.153388,-0.5029196,1.0568199,1.2826432,0.20119695,-1.7583584,0.14809133,0.46573675,-0.37765887,0.4461848,0.76534194,-0.22521155,-1.6108086,0.6045922,0.93862987,-1.0839537,0.23119467
M6|C00060,-0.42153376,0.3915334,-0.8866735,1.2198288,1.6348879,-0.7084267,-1.349958,-0.9240322,-0.7268445,0.6701919,0.4971608,0.083643824,0.8435611,-0.78746164,-0.63583034,1.5178188,0.38422355,-1.205743,-0.46349704,-0.48696887,-1.4109846,-0.5807535,-0.45949072,-0.9800257,-0.5817159,0.7459342,0.9853763,0.33541977,-1.4198295,0.21793331,0.46668184,-0.57644206,0.3692044,0.36816406,0.12963402,-1.7999758,0.26590133,0.9211645,-0.7422423,0.65700316
M6|C00061,-0.21900032,-0.19582495,-0.60825074,-0.061815806,1.574018,-0.67669284,-1.8338909,-0.6953733,-0.9614137,1.3589414,-0.41669017,-0.07607484,0.5434663,-0.39839917,-0.29204923,1.2844844,0.07852043,-0.7781859,-0.48017272,-0.9598891,-1.593961,-0.33260918,-0.09264235,-0.16391331,-0.6117808,0.6905057,0.7432101,0.78207195,-0.16979057,0.61897415,0.06639059,-0.39006037,-0.24230415,0.33767253,1.3082474,-0.7293848,0.54657686,0.4575174,0.17495194,0.89210343
M6|C00062,-0.022578582,-0.15680575,-0.5801942,-0.12273347,1.4570343,-0.5546067,-2.5313554,-0.45199686,-1.3017019,1.2516606,-0.48561764,-0.038175136,0.29262832,-0.64504296,-0.5467312,1.0524299,0.4629729,-0.7569295,-0.35076445,-1.5011911,-1.5513976,-0.25223485,-0.67119277,-0.20239075,-0.551524,0.50656104,0.31116784,0.9367646,0.073345445,0.8559914,0.10823365,-0.8379455,-0.29459265,-0.08202347,1.5812317,-0.8747724,0.20230405,0.44892842,0.4742605,1.1992353
M6|C00063,-0.060750663,0.33725053,-0.8997643,0.8608123,1.5344396,-0.83763033,-1.6707354,-0.8880855,-0.9683051,0.4602597,-0.01590927,0.21349141,0.6545651,-0.45971948,-0.9016526,1.3482466,0.15884516,-1.2583855,-0.63501936,-0.8162542,-0.98950857,0.020902686,-0.5906654,-1.2128047,-0.37408304,0.62724286,0.8289643,0.29905298,-1.1032706,0.40820533,0.51321405,-0.6117699,-0.08790208,0.86226153,0.4319451,-1.5729356,0.054410536,0.7663074,-0.29987553,0.93280566
M6|C00064,-0.5986364,0.27435,-0.27836686,0.36256468,0.7449516,-0.74354696,-0.6436702,-0.89741373,-0.71834755,0.29700404,-0.3178954,-0.7000778,0.7146702,-0.45381474,-0.77385825,1.1148602,0.39090723,-0.123212405,-1.0237179,0.015182763,-1.3619514,-0.44939357,0.3817727,-0.71563476,-0.48440218,1.2424902,0.26212105,0.916425,-0.5680796,0.032166786,0.9469093,-0.4672287,-0.21122518,0.8146378,0.85057163,0.52247536,0.39086664,0.42871577,0.23629087,0.31682882
M6|C00065,-0.24277897,-0.13887924,-0.5411105,0.07785804,1.2496375,-0.6385615,-1.688529,-0.5570769,-0.8389855,1.0767103,-0.46468788,-0.16377604,0.71759444,-0.6355929,-0.35249552,1.1901573,0.25448084,-0.65386516,-0.4530681,-0.97724885,-1.516215,-0.2347435,-0.21077321,-0.3483166,-0.6713486,0.6226333,0.48514134,0.76199293,-0.33289972,0.67428946,0.19690043,-0.7313015,-0.3478458,0.2793647,1.194996,-0.5619769,0.394188,0.6746804,0.07510764,0.8876554
M6|C00066,-0.35637993,-1.1027278,-0.09808125,-0.36571237,0.217929,-1.0681499,-0.82670975,-0.2748289,1.2707825,0.6046233,-1.0652728,-1.208491,-0.6505394,-0.969593,-0.5310925,1.1783514,0.6175564,-0.48797956,-0.7588757,-1.7170879,-0.35841063,-1.2565461,-0.050400153,-0.24353948,-1.3328295,1.0993651,0.546569,-0.37663022,-0.95518917,1.3680612,0.90764225,-1.8280126,0.9738247,1.5045192,3.260288,-0.4284998,-0.98665047,0.18679002,-0.9993126,1.2583228
M6|C00067,-0.057745215,-0.3901309,-0.18338427,0.1486103,0.16786271,-0.9560626,-1.4827359,-0.39146975,0.6983999,0.53365,-0.6447374,-0.93470216,-0.55585545,-1.1933845,-1.001859,0.6639864,0.9208942,-0.6189846,-0.67388785,-1.7723141,-0.5603634,-1.0236949,-0.4500981,-0.62420106,-0.9981663,0.6976588,0.12657131,-0.060043484,-0.7815451,0.9865714,0.67291707,-1.6273861,0.4856937,0.7494803,2.1622944,-0.36770484,-0.96230656,0.34863192,-0.68286365,1.353167
M6|C00068,-1.3087301,-0.81075704,-1.9067987,0.4977445,0.51637846,-1.0163387,1.053877,-1.3444891,-0.9998433,-1.2532983,1.1490272,-0.78941655,-0.17567745,-1.4171453,-0.38073376,1.2794276,1.9508716,-1.8935618,-0.04217258,-1.632558,-0.60625476,-1.1461062,2.1403387,-1.7259196,-0.20303577,0.89318746,2.0486383,-0.42441592,0.41030475,-0.54304445,0.7696927,-0.5949949,-0.15471095,1.1292211,-0.6455859,-0.11829692,0.3975827,0.7528051,-1.0101132,0.5349501
M6|C00069,-0.6262355,-0.96701705,0.33536947,0.48455283,0.5423154,-1.4823177,-0.24021599,-1.09722,0.972129,-0.1139783,0.0603932,-1.359647,-0.35152298,-1.6323752,-0.48503524,1.0760026,0.08181432,-0.6355462,-0.60491085,-0.2871473,-1.1460692,-1.3828197,1.089615,-1.9269964,-1.0221496,0.60679495,1.5122601,-1.1758149,-1.5283943,-0.28772753,0.7983921,-1.0758215,-0.33577037,1.1646646,-0.23579265,-0.73565114,0.65863067,0.3174059,-1.0602186,0.21101381
M6|C00070,-0.81959814,-0.38786697,-0.5576546,1.1559103,1.7514299,-0.5373634,-1.2561897,-0.9082113,-0.9475074,0.33500698,-0.74582314,-0.077721566,1.1853726,-0.4760132,-0.59816235,1.2725041,0.5092131,-0.7628962,-0.9147503,-0.63335156,-0.58491117,-0.16649078,-0.10024203,-1.7775128,0.9831113,0.69322246,0.52974415,0.38347232,-1.151961,0.73280823,1.2621217,-1.004965,-0.4225803,0.8886748,0.046781212,-1.4513581,0.3262825,0.64030063,-0.87427247,0.83070433
M6|C00071,-0.10506794,-0.5961797,-0.45868388,0.91981333,0.40771055,-0.3582384,-1.4013809,-0.5427184,-0.76010126,0.7576927,-0.84735394,-0.7049885,0.3165137,-1.6600604,-0.73120856,0.069691226,1.9760813,0.2742906,-0.8543819,-1.3245436,-0.89448977,-0.64953357,-0.4324121,-0.9928663,-0.059378054,0.65455025,-0.2970597,1.1079553,-0.3694203,1.0553619,0.8873582,-1.1316993,-0.863182,-0.15116912,0.17323607,-0.47372767,-0.43689352,-0.06150046,-0.41602153,0.87053025
M6|C00072,-0.4725322,0.70591736,-0.76652557,0.9595121,0.49453896,-0.45600146,-1.2643627,-0.8509287,-0.8866898,-0.15506178,0.39740396,-0.6038467,0.37815553,-0.75757277,-1.0688411,1.2886823,1.1170882,0.10119254,-0.99088085,0.17391787,-1.903109,-0.8959065,-0.037361234,-1.1493559,-0.314842,1.5618021,0.087782644,1.1011112,-0.9788069,-0.39888734,1.3347574,-0.8366865,0.6675918,0.55852354,0.58846223,-0.13723618,0.55855834,0.56084585,0.085283585,0.115497515
M6|C00073,-1.0550604,0.62015945,-0.73603064,0.5725378,0.924626,-0.5993675,-0.64924586,-0.9127653,-0.57574946,0.09110704,0.4719286,-0.5191122,0.86523795,-0.48648033,-0.5881153,1.8850355,1.0577042,0.06541308,-1.011929,0.73341787,-2.1336598,-0.77914387,0.56942016,-0.9156336,-0.6147947,1.4973971,0.42680758,0.9602362,-0.734111,-0.4558884,1.3553195,-0.7140763,0.63173425,0.943896,0.72897017,0.1690051,0.8330329,0.55769825,0.23310837,-0.32829866
M6|C00074,-0.29812342,0.40167004,-0.9174421,1.2640189,1.0337236,-0.3226326,-2.3305688,-0.5397028,-0.8876634,0.37607878,0.0450847,0.10775414,0.3438222,-1.3513567,-0.7472915,1.0366993,1.2365729,-0.62683207,-0.4112083,-1.352674,-1.4432807,-0.339454,-1.1238027,-1.4767692,-0.14791474,0.5993325,0.066701435,0.5946486,-1.1969882,0.66138357,0.78159416,-1.6219923,0.20447816,-0.40348566,0.4366325,-1.5686824,-0.33275184,1.0553558,-0.5456509,1.222109
M6|C00075,-0.3899248,0.06835037,-0.36727425,0.035490677,1.1427017,-0.86328405,-0.93536216,-0.492867,0.44599655,0.75202143,-0.32451576,-0.104086,-0.11918762,-0.57199335,-0.1956847,1.2762781,0.26286817,-0.6684573,-0.861922,-1.096316,-1.170182,-0.4347886,-0.06278722,-0.3956852,-1.38763,0.5943766,1.0675182,-0.12627271,-1.1343102,0.86491174,0.7866675,-1.1852369,0.42740077,0.92735744,2.0149596,-1.1263119,-0.060867388,0.7625632,-0.12852411,0.7301378
M6|C00076,-0.34826073,-0.9733054,-0.46336308,0.7157305,1.8662403,-0.5355785,-0.91815156,-0.7283815,-1.2774136,0.9160752,-1.027303,-0.19959967,1.5388082,-0.12331892,-0.10228248,1.0484209,0.14626971,-0.56246173,-1.2018725,-0.5849465,-0.90260327,0.10284551,-0.04996586,-0.8949068,0.48989177,0.44503176,0.52533937,0.7299546,-0.3828073,1.0236156,1.2782681,-0.77706516,-0.8179331,0.71747667,0.92956245,-1.1055664,0.5252998,0.60260737,-0.005797133,0.65335685
M6|C00077,0.5324001,-1.6614455,-0.77896494,-0.53861654,0.13054782,-0.73001236,-0.8219187,-0.2853916,-0.8406792,0.113736555,-0.52682745,-1.7153496,0.21163426,-1.0376849,-0.2690416,2.177262,1.4563199,0.4649125,-0.95620257,-1.7585464,-1.325744,-0.040887937,0.16503519,-0.931194,0.0608944,0.2568443,0.09463216,0.7086644,0.7884536,0.13774005,-0.4410901,-0.42666006,0.17035101,-0.36856645,1.4793277,1.300073,1.1173897,0.013588794,0.071465366,1.1429311
M6|C00078,-0.4904439,-0.07880647,0.048115917,-0.37093014,0.6355226,-0.7090789,-0.93430406,-0.9808538,-0.42285913,1.1210551,-0.57148355,-0.52647626,0.5748122,-0.66346455,-0.84290093,0.9917215,0.37534833,-0.36681187,-0.8271229,-0.5773019,-1.0163985,-0.97043705,0.84456533,-0.70130515,-0.10763167,0.9740032,0.2878992,0.47964042,-0.52135015,0.73743033,0.009966999,-0.2356627,-0.36806738,0.7658633,1.0131736,0.64177465,0.28527033,-0.1452647,-0.27333054,0.6619683
M6|C00079,-0.14446999,0.32608098,-0.42170686,0.06503904,1.0491465,-1.0967414,-1.3321795,-0.5732353,-0.07617782,0.619878,0.074809566,-0.09819245,0.16535704,-0.73271096,-0.9443265,1.1663556,0.46133786,-1.0744089,-0.8491177,-1.1478004,-1.0451381,-0.6777755,-0.463076,-0.6757862,-0.99995077,0.35519397,0.8247792,-0.12517044,-1.2602706,0.6839844,0.48344523,-0.8132982,0.26039535,0.828989,1.6852105,-1.3076663,-0.52643675,0.47803736,-0.17744541,0.9611733
M6|C00080,-0.40327153,-1.1622076,-0.2883602,0.28912973,0.85172296,-0.7122013,-0.17434615,-1.1486135,-0.5007416,1.5396994,-1.0588502,-0.80086255,0.9629125,-0.7738868,0.15730503,0.58729863,1.2002077,0.5728239,-1.2279344,-0.3521604,-1.5219791,-0.7941931,0.8660964,-0.33134434,-0.5285821,0.73803437,0.44544512,1.039136,-0.008808158,0.9393004,0.58856124,-0.24745306,-1.0879774,0.4202897,0.5463112,0.27539125,0.4197738,-0.28593284,-0.07045458,0.13557592
M6|C00081,-0.6009552,-1.0222522,-0.33476385,1.021202,0.95989364,-0.8197308,0.47124398,-1.3803813,-0.04737917,1.2493804,-0.6751295,-0.7784319,0.9315642,-0.7157085,0.123581775,0.8171996,0.96316636,0.21687004,-1.205637,0.21213274,-1.2054659,-1.1104479,1.2563807,-0.7706203,-0.37610352,0.9562734,0.99064565,0.70618737,-0.7005525,0.6023664,0.7345718,0.111630306,-0.70161337,0.8610731,-0.3218413,-0.18982661,0.6664654,-0.25888288,-0.9864957,-0.18571278
M6|C00082,-1.1139183,-1.2474397,-2.1861303,0.11184433,0.34589794,-0.8998226,0.8852874,-1.1400707,-1.4758837,-1.2826368,0.82700133,-0.8643514,-0.15634239,-1.1653156,-0.08751556,2.09396,2.3630762,-1.3089736,-0.1972457,-2.2795076,-0.6957498,-0.4505955,2.2222471,-1.5781958,0.26283228,0.8080985,1.8258005,0.028802916,0.88400006,-0.19445851,0.3032725,-0.3700921,0.28774893,0.65704864,0.10233737,0.60634255,0.5061235,0.32741758,-0.96118635,0.8617662
M6|C00083,-1.5871935,0.8231288,0.52469,1.1399336,1.3555955,-1.4723642,-1.3618355,-0.7668938,0.13349244,-1.0929171,0.047633216,-1.3852822,-0.47554225,0.75412965,-0.7219516,1.5247477,0.40129328,-0.85026133,-2.047474,-0.64149857,0.26992932,-0.0613122,1.7900832,-1.3701904,0.6668559,0.7511033,0.48256063,0.67023456,-1.9985819,-0.25639737,1.8673613,0.21525668,0.4404776,1.8625251,-0.2524348,0.9574125,1.2088056,0.69537747,-0.212811,0.63258684
M6|C00084,-1.3784723,0.7865383,0.35335737,0.72916245,1.1912748,-1.1517186,-1.1687298,-0.73377043,-0.34742978,-1.2619034,-0.33370152,-1.2533531,-0.26640946,0.33041,-0.8099715,1.6155356,0.3908708,0.015632488,-1.9197482,-0.56780565,-0.30943877,0.26403418,0.8870788,-0.96518046,0.12426078,1.1197273,0.40163267,1.0335902,-1.9584385,0.05903794,1.8490026,-0.318442,0.38752514,1.4478736,0.54929006,0.2677685,0.78745365,0.85773104,-0.1399746,0.5612682
M6|C00085,-1.1914971,0.6876228,0.6713084,-0.05749456,1.1442719,-1.0851399,-1.514796,-0.7139828,-0.64233905,-0.6954831,-0.63494253,-1.2378349,-0.17370817,0.49191594,-0.7430354,1.639918,0.2614712,0.12963706,-1.8204664,-0.82277113,-0.46902585,0.3792212,1.1897118,-0.64735395,0.05104866,0.9296986,0.07286578,1.1980674,-1.4267856,0.4673196,1.3375578,-0.27930588,0.0515451,1.3428593,1.1832623,0.92527664,0.92521304,0.5058267,0.29583743,0.6495327
M6|C00086,0.58590037,-1.048886,-0.8192501,0.76341087,0.5076064,-0.8717462,0.858516,-0.6278863,0.039130468,-0.5215664,0.21096276,-1.5152124,1.1042068,-1.2435408,-0.42949256,2.5415587,1.3969941,-0.00865759,-1.4051477,-0.28200158,-1.2831172,-0.9740363,0.08159402,-2.208649,-0.2105118,0.23185885,0.85475236,0.072191745,-1.3673643,-0.7288739,0.6349303,-0.032075964,0.8063812,0.45440018,0.018422723,0.2356418,1.2385534,0.79140055,-1.4155924,0.38825348
M6|C00087,0.7950056,-1.3508121,-0.69533294,0.3114424,0.32443446,-0.80720925,0.03065966,-0.22964616,-0.40022674,-0.33623704,-0.3192184,-1.5796368,0.8132411,-1.2628224,-0.30463195,2.1318963,1.5179393,0.38071525,-1.3020079,-1.0321463,-1.403875,-0.46074495,-0.33627385,-1.6670697,-0.3652162,-0.026235715,0.32713217,0.39655358,-0.45815685,-0.34039897,0.57790804,-0.50708413,0.43336785,-0.1162986,0.86902845,0.63766867,0.8681344,0.73385185,-0.57731295,0.81028986
M6|C00088,-0.5909934,-0.09504336,-0.44677702,1.0602993,0.4335047,-1.0338537,-0.22243747,-0.8793233,1.67476,0.1745166,-0.076808736,-0.73895943,-0.32398707,-1.1438466,-0.5487356,1.3074275,0.84158576,-0.8555653,-0.6083995,-0.6805991,-0.47788236,-1.5270379,0.2618553,-1.3450164,-1.0235735,1.1274253,0.880935,-0.67886436,-2.0527818,0.63591754,1.1341387,-1.4456886,1.1539364,1.6487633,1.0936514,-1.3686664,-0.4974998,0.58311796,-2.024212,0.65480405
M6|C00089,-1.6680312,0.45594603,0.8879767,0.36593,1.0302165,-1.2517848,-1.0461328,-0.7273445,-0.4734324,-1.2336771,-0.67707753,-1.4773189,-0.3519954,0.15628427,-0.77274746,1.376507,0.3395409,0.16133994,-1.9881164,-0.84436184,-0.037273988,0.3506231,1.3610185,-0.94797665,0.037304945,0.91390187,0.37711143,1.1444702,-2.1474912,0.5615524,1.8190968,-0.45237666,-0.19012238,1.5640357,0.53791785,0.5166149,0.3517862,0.4604131,-0.05939117,0.5241947
M6|C00090,-0.9890692,-0.016871125,0.18262431,1.4659612,1.2035403,-1.519017,-1.4999428,-0.38827735,0.35630825,-0.046587586,-0.30066663,-1.1293777,-0.14311594,0.43743134,-0.32108146,0.5205256,0.42815462,-1.4879464,-1.6770121,-1.1329033,0.30278373,-0.07217313,1.5931286,-1.46574,0.5853407,-0.13035494,0.46075284,0.33039945,-0.8418867,-0.17163253,1.5783377,-0.1121352,-0.19871779,1.2705933,-0.40168238,1.3375609,0.6703087,0.6730835,0.03035561,1.0455374
M6|C00091,-0.80555063,-1.6163357,-2.3634434,0.16428958,0.52459544,-0.72835827,0.6578037,-0.8790074,-1.3373113,-1.5025942,0.6808445,-1.3439851,-1.036551,-1.2742255,-0.36527967,1.4425385,2.2178853,-1.6302658,-0.3843584,-2.3823082,-0.32123852,-1.2296339,1.487118,-1.5219283,0.11840543,0.86712044,2.08478,0.4144073,1.0755708,-0.43591547,0.8194224,-0.43442905,0.22371025,0.75728464,0.0687231,-0.012867957,0.53870976,0.5939061,-0.46412125,1.0353042
M6|C00092,-0.4065933,0.56672144,-0.7264495,0.9787673,0.68877125,-0.66227,-0.9582529,-0.7822542,-0.8791299,-0.14541247,0.3536321,-0.5759882,0.7332799,-0.6667421,-0.79245657,1.4176222,0.99739563,0.056618147,-1.0711827,0.36580127,-2.1196723,-0.6490613,-0.015479557,-0.89040524,-0.6179779,1.4579971,0.22904876,1.1702574,-0.8388362,-0.3944735,1.5807687,-0.7663935,0.5749156,0.7691156,0.85817546,-0.15199363,0.6190857,0.5691134,0.24395925,-0.046164006
M6|C00093,-0.035048872,-1.3476985,-0.40768605,0.030039504,0.58159137,-0.84162277,-0.31480902,-0.48002586,0.8605531,0.1538407,-0.9542678,-1.779477,-1.0343449,-1.0325549,-0.90132034,0.57693,0.14957806,-0.71409696,-1.1624659,-0.8963592,-0.08102907,-1.8219887,-0.39063764,-0.49104095,-0.96597457,1.4624796,1.1061023,0.16430731,-0.7988929,0.54821193,1.394292,-0.9833523,0.3967933,1.7678931,1.9493632,-0.9454956,-0.18133764,0.49030286,-0.6329414,1.0436827
M6|C00094,-0.52851295,-0.7659428,-0.5406937,1.0849934,0.70642114,-0.66980064,0.006479256,-1.1602328,-0.031068586,1.0168923,-0.65605164,-0.7114934,0.90978396,-1.179108,-0.0256943,0.6659831,1.4226668,0.39592883,-0.9926246,-0.1213744,-1.0671105,-0.9749081,0.90938556,-0.92595005,-0.21783763,1.0055786,0.6791916,0.7832856,-0.8387428,0.7106449,0.78109246,-0.13691112,-0.7686176,0.8207469,-0.58144414,-0.37188664,0.47618815,-0.21138044,-1.0613028,0.076772645
M6|C00095,-0.39516872,-0.69150627,-0.28814194,0.34186238,0.3342905,-0.90230846,-0.68609434,-0.41846582,1.0743018,0.35907567,-0.71359503,-0.8317338,-0.44331795,-1.0325572,-0.47243503,1.1544255,0.8743184,-0.48655254,-0.7575649,-1.1728339,-0.5154999,-1.233144,0.10318553,-0.8632336,-0.95069396,1.0228914,0.61979675,-0.4677576,-1.2017158,1.0098044,1.1323651,-1.6862127,0.9331786,1.3359798,2.129766,-0.6976001,-0.60283,0.35216218,-1.3590802,1.0277026
M6|C00096,-1.229913,-0.04365194,0.34453362,1.0071237,1.3693587,-1.2026365,-1.918737,-0.07934691,-0.07798595,-1.4411017,-0.7236183,-2.0085871,-1.4129988,0.3876701,-0.8981052,0.3510785,0.62517107,-0.7187069,-2.440862,-1.5170454,0.7202825,-0.23471047,0.6179759,-0.9812472,0.3976131,0.41658923,0.46046895,1.5407506,-1.4179136,0.12723501,2.716233,-0.5458636,-0.06576264,1.4765377,0.21809305,0.26911026,0.5151781,1.0382347,0.69507176,1.1192112
M6|C00097,0.008756623,0.9521751,-0.74008214,0.7470257,0.3141963,-0.28992683,-2.6410398,-0.40661752,-1.5052844,-0.37180606,0.33910078,-0.44563478,0.07130791,-1.2829273,-1.6869625,1.0306698,2.0068145,0.150392,-0.85442644,-0.7473012,-2.0114775,-0.69111055,-1.0922804,-1.2370876,-0.09281933,1.3528826,-0.85195833,1.4565488,-0.5771432,0.0074763596,1.5184726,-1.5243654,0.5780082,-0.030122623,1.21646,-0.29619044,0.027454749,0.36672056,0.5827833,0.66047037
M6|C00098,-0.46044344,-0.24073187,-0.109987795,0.45474273,0.723679,-0.7944181,-0.6395625,-0.7340149,-0.5019672,0.5231378,-0.76792395,-0.77108216,0.58169246,-0.6506398,-0.69380003,0.6996538,0.22442326,-0.4029394,-0.89478487,-0.6051179,-0.8653033,-0.41330603,0.32015795,-0.7946194,-0.25210392,0.851458,0.38144195,0.71627855,-0.5365993,0.39354852,0.6862924,-0.5245267,-0.46575433,0.60531133,0.71140057,0.41623437,0.077189416,0.42174435,-0.21414089,0.7529098
M6|C00099,-0.48930112,0.08726927,-0.29617327,0.8621112,0.70463634,-0.828491,-0.4291615,-0.95386124,-0.31046322,0.2898009,-0.3155213,-0.62810004,0.71952415,-0.7727435,-1.0304868,0.80752903,0.30759692,-0.68184966,-0.9523341,-0.28836352,-0.6823894,-0.69532454,0.3407156,-1.2317597,-0.12920289,0.93220824,0.53005224,0.3927189,-1.1379431,0.24403605,0.6852687,-0.4468631,-0.27102605,0.8215245,0.12570718,-0.03816308,0.10853386,0.52244735,-0.7423033,0.63007915
M6|C00100,-0.2904539,-0.17043956,-0.17784634,0.5860594,0.8325809,-0.76543254,-0.73879945,-0.6163629,-0.43012246,0.80666304,-0.68698156,-0.69383144,0.6988,-0.5513909,-0.45495638,0.55264765,0.3860428,-0.45058075,-0.95514536,-0.4864205,-0.8469446,-0.447957,0.23756237,-0.9645158,-0.29993767,0.67606753,0.20158072,0.57908905,-0.34039462,0.09753631,0.8514358,-0.50057167,-0.53822315,0.51398486,0.65588516,0.6293773,0.22045104,0.4069906,0.22988603,0.61500716
M6|C00101,-0.31721067,-0.20058216,-0.24285766,0.54973966,0.58884954,-0.7671617,-0.8741812,-0.7709431,-0.5494462,0.52319044,-0.6666422,-0.7399432,0.59089565,-0.7617667,-0.89388674,0.602727,0.5044409,-0.34351522,-0.944149,-0.7455333,-0.80633324,-0.5058892,0.09426275,-0.8991501,-0.21190049,0.7865352,0.21460944,0.68751,-0.56489027,0.4882681,0.70177776,-0.6662591,-0.58246785,0.53191304,0.6141152,0.2841861,-0.048552584,0.3920989,-0.15183169,0.8265765
M6|C00102,-1.5805988,0.4897915,-0.5317531,0.9797839,0.51340884,-0.5222831,-0.3258614,-1.4461792,-0.5068439,-0.55288243,0.754298,-0.37783563,0.8582558,-1.1356224,-1.417441,1.0181093,1.1067237,0.006429866,-1.2308854,0.960823,-1.1033331,-1.341066,0.8187193,-1.9943023,-0.097039536,1.4124383,0.7051421,0.3253656,-2.2647448,-0.16747412,1.4780792,-0.9294775,-0.14076181,1.0465051,-1.2094628,-1.0739462,-0.26872894,0.5306266,-0.59616816,-0.65211403
M6|C00103,-0.32857925,0.50202984,-0.5020619,0.40388972,1.1077406,-1.2076905,-1.0686493,-0.7974536,0.20448911,0.43715456,0.34208,0.025952607,0.27446446,-0.66659284,-0.9072747,1.4056655,0.38421255,-1.212441,-0.90540177,-0.7931754,-0.97297865,-0.81854075,-0.18025257,-1.01812,-0.7939234,0.4996386,1.1229936,-0.4397463,-1.7232871,0.46499047,0.5573158,-0.6383217,0.453184,1.1414407,1.2138684,-1.5376091,-0.24688931,0.52894443,-0.6539389,0.8266846
M6|C00104,-0.9132338,-0.14042014,-0.062414076,-0.10325413,0.5486805,-0.6294131,-0.6929672,-0.9347689,-1.0505813,0.24615453,-0.044204667,-0.6994369,0.85274494,-0.85851645,-0.7195215,0.8583869,0.5535434,0.04178711,-1.1687291,0.1743475,-1.3496048,-0.765016,1.0929486,-1.1267881,-0.25335395,0.89937836,0.47738135,0.7942927,-0.8928486,0.25306365,0.9135567,-0.69921964,-0.5070155,0.8286957,0.5360922,-0.03501466,-0.1654302,-0.26402283,0.36279553,-0.015988916
M6|C00105,-0.17080703,0.07122991,-0.5616966,1.8445243,1.0129466,-0.6862961,-0.792496,-0.50906324,0.07263471,0.9390105,0.019270599,-0.73359656,0.6235217,-0.6420531,-0.14893985,0.35445064,0.98717654,-0.9147551,-0.9072927,0.18243252,-0.57131994,-1.0608222,0.011115864,-2.3797083,-0.29657468,0.5114778,0.10380535,-0.31277147,-0.6364298,-1.2439592,1.3967619,-0.71996903,0.008210748,0.38960713,-0.69926316,0.46816227,0.47103617,0.7317676,0.42997372,0.03300087
M6|C00106,-0.23343885,-0.47435877,-0.35783732,0.7774866,1.4682872,-0.36146683,-1.7341899,-0.5591965,-1.4905858,0.8304695,-0.7247461,-0.1841027,1.1177578,-0.8654255,-0.6656092,0.52376413,0.5786803,-0.48208672,-1.0475541,-1.1140041,-1.0355887,-0.060969904,-0.7355851,-1.1330991,0.9801075,0.4430118,0.1204665,0.85232115,-0.47029823,1.1120529,1.2111596,-1.1662227,-0.6859641,0.011407018,1.0740931,-0.9820429,-0.0311216,0.38854927,0.021142997,1.2723124
M6|C00107,-1.4452546,-0.027110908,-0.29290974,0.35841638,0.5212079,-0.75023067,-0.074008346,-1.3534099,-0.6152883,-0.20010617,0.06763838,-0.62343657,0.8764953,-0.7586483,-0.9078274,0.9442483,0.46761551,0.2873761,-1.2213291,0.7907427,-1.3039613,-0.91906667,1.1454294,-1.1932648,-0.59629554,1.2595352,0.8498228,0.69233507,-1.3634096,0.013878673,1.2846911,-0.72097105,-0.63345295,1.1521008,-0.28292805,-0.27595055,-0.1276029,0.37905014,0.08106477,-0.5735947
M6|C00108,0.8501638,-1.5369399,-1.0245497,0.027297497,0.55567396,-1.2292943,0.64861196,-0.06648646,-0.39828333,-0.64485574,-0.5064895,-1.4655563,0.64197254,-1.0330458,0.15819135,2.414765,1.6243005,0.57304114,-1.4516569,-0.76167315,-1.3181033,-0.49340087,0.20178907,-1.9103616,-0.43721956,0.33297798,0.59583986,0.021306142,-0.333267,-0.35848504,0.5790543,-0.052882038,0.19854407,0.08724797,1.1233667,0.8169153,1.5059826,0.44027323,-0.7212473,1.166521
M6|C00109,-0.21160777,0.14149976,-0.6051231,2.0296845,1.0536278,-0.6567069,-0.84164387,-0.5374656,0.24439462,0.8873805,0.17176662,-0.70742893,0.56443226,-0.5102049,-0.20654246,0.41969615,1.1671958,-0.99606794,-1.0967534,0.17420952,-0.5269681,-1.1000015,-0.033651546,-2.5535161,-0.20133154,0.3890508,0.041769583,-0.2780949,-0.8818704,-1.2267936,1.5504888,-0.9047475,0.1444454,0.3225509,-0.8107351,0.30649233,0.41427693,0.7014405,0.37541333,0.0020883083
M6|C00110,-0.23572198,-1.1897873,-0.6155048,1.5223035,0.79405254,-0.69130224,-0.27070814,-1.0352776,-0.46920645,0.9480083,-0.7106348,-0.8038037,0.9277138,-1.2710717,-0.13452505,0.4666962,1.746241,0.47877553,-1.1709045,-0.5711026,-1.186622,-0.87891036,0.059422143,-0.89418954,-0.39968598,0.5717972,0.42816913,1.035224,-0.53717315,0.84497213,1.1179028,-0.62371004,-0.84917474,0.12887925,-0.2759182,-0.70551896,-0.042255584,-0.018404841,-0.7109671,0.22301552
M6|C00111,0.010916039,-0.60871464,-0.72599995,1.5889477,0.40237927,-0.361754,-1.8109407,-0.6683377,-1.0064981,0.39597008,-0.55576664,-0.54045093,0.1952624,-1.8586292,-0.76557916,0.018270046,2.5663936,0.5134538,-0.9403682,-1.5198542,-1.1624073,-0.6959908,-1.0330806,-1.4130267,0.049494907,0.27587366,-0.47123158,1.155039,-0.42447358,1.0556424,1.3597467,-1.6200174,-0.686237,-0.70300853,-0.0030368567,-1.0089221,-0.9105719,0.17461757,-0.46090907,0.9374409
M6|C00112,-0.8510658,0.13656953,-0.46009928,0.80901194,0.10554735,-0.56983674,-1.2389185,-0.8224893,-1.2176622,-0.5736352,0.19086923,-0.6219486,0.5409781,-1.4310436,-1.3404948,0.28728914,1.2813677,0.2986302,-1.250929,-0.2251297,-1.2036132,-0.75169873,-0.08717872,-1.5503242,-0.25400022,0.8488135,0.14790389,0.8841511,-1.3218151,0.20759478,1.6608746,-1.5349909,-0.5430595,0.35571742,0.043086275,-0.90013456,-1.0221009,0.22257149,0.39441907,0.23404852
M6|C00113,-0.63311225,-0.23775783,-0.182291,0.5157229,0.6177622,-1.0191557,0.17594248,-0.9789372,1.5578942,0.67562354,-0.30341968,-0.79761016,-0.10832584,-0.7242312,-0.07707042,1.4369044,0.28442043,-0.79893976,-0.5968908,-0.32380798,-0.7011543,-1.3367101,1.0158279,-0.9538399,-1.1925706,1.0898083,1.0482522,-0.47330448,-1.6160216,0.6336887,0.7643623,-0.9420766,0.8890111,1.8461614,1.3295646,-0.6053395,-0.02927373,0.31941602,-1.6771075,0.3708984
M6|C00114,-1.0370398,-0.25288942,-0.24133977,-0.03601501,0.29106647,-0.42787665,-1.3906307,-0.77483416,-1.2307801,-0.1415323,-0.359945,-0.6157778,0.3621729,-1.0294201,-1.0180502,0.51327586,1.1799515,0.62549174,-1.0954541,-0.31096232,-1.3747916,-0.53539765,0.3043105,-1.0982292,-0.5264272,0.8830884,-0.018371828,1.0419886,-0.6018414,0.53499883,1.4404529,-1.5982794,-0.8701036,0.357844,0.5035335,-0.15650761,-0.60563564,0.34467453,0.9028554,0.0013653636
M6|C00115,-1.3272324,0.91180116,0.16348565,0.7269653,1.1875103,-1.0077994,-1.2758209,-0.69125247,-0.36642158,-1.0515008,-0.36449653,-1.0783346,-0.26804405,0.45520943,-0.4966423,1.6776191,0.30691868,0.0341286,-1.764673,-0.48468906,-0.49771377,0.4200384,0.9366382,-1.0137774,0.14658377,1.1529179,0.34545118,1.0459218,-1.7866423,0.00793618,1.7781389,-0.383703,0.5366236,1.3663614,0.7299638,0.34402326,0.9820663,0.9381117,0.016045429,0.53732777
M6|C00116,-0.07454299,0.12137928,-0.16784713,-0.95841056,1.1186355,-1.043302,-1.8375835,-0.4665256,-0.19965991,1.175482,-0.4171118,-0.09092441,-0.082586944,-0.42521226,-0.7828341,1.1535425,0.22931615,-0.93700427,-0.82552403,-1.3356892,-1.1663327,-0.60220116,0.018476665,-0.2804185,-0.9027211,0.34701112,0.6692302,-0.041031495,-0.5362129,0.9518938,0.040751785,-0.6485715,-0.013458714,0.8910439,2.4177306,-0.644853,-0.12002143,0.06791524,0.3153571,1.0492841
M6|C00117,-0.54295254,-0.77305853,-0.32891503,0.17673689,1.7384083,-0.433274,-1.8665333,-0.54686296,-1.2974802,0.7903856,-1.413803,-0.2154673,0.8371634,-0.29569298,-0.45025873,0.99265695,0.367327,-0.55566955,-0.87145543,-1.1814855,-0.6834499,0.12538159,-0.116990104,-1.1515294,0.77032,0.47430637,0.18494858,0.7661089,-0.13456737,1.1551178,0.99846685,-1.1574644,-0.83056355,0.649323,1.1288139,-0.8171084,0.2933351,0.37744904,0.0061205626,1.0663452
M6|C00118,-0.7890139,1.0050744,-0.8214607,0.7527744,0.81024915,-0.42821306,-1.4099059,-0.72508645,-1.0473803,-0.44872436,0.56666434,-0.5578115,0.41318446,-0.6738536,-0.97726375,1.8880799,1.2732599,0.06526136,-0.8490262,0.3203236,-2.0949411,-0.4034744,-0.16391481,-0.9755874,-0.5434782,1.6374079,-0.013634242,1.2123846,-0.6231933,-0.47942585,1.6256971,-1.0613344,0.82272893,0.7703958,1.0173025,0.04250568,0.59592515,0.60863584,0.5126091,0.020636871
M6|C00119,-1.2885005,0.6845416,0.26307145,0.45860842,1.3680836,-1.1024468,-1.0225664,-0.7577023,-0.25172478,-0.94360864,-0.43765715,-1.2736527,-0.32227236,0.6546281,-0.57962954,1.6830449,0.069593415,-0.053341787,-1.9445468,-0.3379708,-0.34851682,0.10281264,1.1280497,-0.7574446,0.10408725,1.1984084,0.5893161,1.0841768,-1.7239928,0.0068382174,1.6791329,0.007644847,0.37494326,1.6549485,0.7290234,0.34548408,1.2760501,0.8693628,0.00402952,0.46735573
M6|C00120,-0.21969435,-1.5353667,-0.27819014,-0.12310945,0.8406443,-0.6616794,-0.21388876,-0.96818084,-0.41292635,1.9133377,-1.4677488,-0.8601599,1.11766,-0.6799159,0.39938876,0.62221384,1.0235937,0.5742633,-1.1144806,-0.40323278,-1.417573,-0.54201925,1.1654853,-0.17774901,-0.66942793,0.64708114,0.45330572,1.059352,0.4123305,1.1135242,0.28340632,-0.14032504,-1.3141665,0.63654375,0.53795195,0.63063645,0.5254945,-0.54958856,0.0047145113,0.1072683
M6|C00121,0.1222813,0.018003196,-0.39261624,1.306299,0.7701563,-0.43535563,-2.1748686,-0.18001169,-0.41853908,1.1364524,-0.32137704,-0.63660616,0.120897144,-0.71959186,-0.42939666,0.02793394,1.591202,-0.6907364,-0.82768863,-0.81721145,-0.7178466,-0.8141625,-0.5703683,-2.2969944,-0.07671102,0.0671899,-0.81272984,0.10494939,0.06438446,-0.6776509,1.3180243,-1.5127671,-0.14974047,-0.42451507,0.08836249,0.74139297,-0.060316674,0.41867268,1.1213708,0.6114824
M6|C00122,-0.14041644,0.7063315,-0.6450123,0.8637383,0.4326697,-0.52749723,-2.0238624,-0.54177403,-1.2817608,-0.34818712,0.2446266,-0.47944415,0.31751257,-1.1260514,-1.322353,1.1891769,1.6463025,0.100225486,-0.90253997,-0.5429366,-1.8962247,-0.6297953,-0.70256877,-1.1541848,-0.18947165,1.2986054,-0.4628486,1.3641881,-0.64578885,0.022020184,1.5664322,-1.2156588,0.48091537,0.2849121,1.1216538,-0.20024255,0.13286136,0.3189499,0.4099986,0.5313535
M6|C00123,-0.4405224,0.058513068,-0.66110057,0.225871,1.6584895,-0.4775239,-1.7540278,-0.724696,-0.75694877,1.1994674,-0.3501513,0.2477271,0.4531836,-0.41177213,0.04890453,1.5718555,0.13142675,-0.71005887,-0.46907836,-0.96155226,-1.6362357,0.026466705,-0.089868546,-0.58453083,-0.57532763,0.70471907,0.77111584,0.5884421,-0.7159645,0.8445642,0.24465606,-0.7650639,-0.015486196,0.22693548,1.170862,-1.1804472,0.569181,0.6943264,0.012605503,0.7248508
M6|C00124,-1.1991384,-0.6826906,-1.3778986,0.13192898,0.44827884,-0.941623,0.75429255,-1.2172041,-1.2041321,-0.8732029,0.9177449,-0.81640077,0.020330578,-1.4598274,-0.3608374,1.3658493,1.9417881,-1.7350805,0.12942481,-1.8382539,-0.746526,-0.86486185,2.1337993,-1.4964379,-0.35040915,0.7153187,1.5325081,-0.24210978,0.45579705,-0.16048548,0.48071223,-0.6712488,-0.27252275,0.9162048,-0.23390861,0.38814288,0.19618198,0.4440478,-0.87721807,0.65771556
M6|C00125,-0.43594265,-0.9275493,-0.5073216,0.20264131,0.4857719,-0.90410286,-0.51175475,-0.44724143,1.6670779,0.4884483,-0.8792506,-1.1913278,-0.85953796,-0.94042605,-0.12059774,1.0882092,0.57847476,-0.5422219,-0.6800659,-1.1737144,-0.468909,-1.4974339,0.1985931,-0.56228733,-1.3619946,1.1980231,0.96188974,-0.17332393,-1.0787606,0.9563632,1.2111161,-1.6041304,1.0718359,1.6907246,2.3320217,-0.9250063,-0.45121607,0.48400182,-1.237862,0.9279473
M6|C00126,-0.39855734,0.29759178,-0.5971875,2.3299248,1.0626444,-0.6915755,-0.6551057,-0.7716176,0.32367954,0.7392055,0.4383343,-0.5640074,0.71419996,-0.5407987,-0.23290354,0.5937972,1.2053468,-1.0673438,-0.99151886,0.44902653,-0.63531446,-1.1934887,0.10746723,-2.7861145,-0.087481774,0.4298842,0.14138606,-0.42337796,-1.1972853,-1.3718011,1.5534251,-0.8426679,0.38520068,0.3034662,-1.2697626,0.124020875,0.39200515,0.7000169,-0.03312707,-0.13073066
M6|C00127,-0.48069122,-0.89361715,-0.4731989,1.017068,0.9587684,-0.8317924,0.29608107,-1.2643111,-0.25069278,1.0424156,-0.56263083,-0.77766216,1.1461474,-0.9429782,0.049113646,0.7630435,1.2308959,0.25327075,-1.2363222,-0.032619283,-1.3176043,-0.906032,0.6930283,-0.7179709,-0.6177284,0.6539809,0.7670184,0.8081858,-0.66162235,0.6566496,0.9528487,-0.24946162,-0.8127838,0.6795835,-0.056225374,-0.3511645,0.22811452,0.039049216,-0.61908805,-0.03764856
M6|C00128,-0.2661632,-1.2703626,-0.5798627,0.93816817,0.9267738,-0.74098206,-0.14315435,-1.0241218,-0.45461226,1.1936388,-0.95728594,-0.8066993,1.1211991,-1.0169618,0.20124191,0.50561404,1.5329946,0.64391446,-1.2788082,-0.45302105,-1.407889,-0.63115144,0.26178116,-0.4871704,-0.63395506,0.46620524,0.50557446,1.1328859,-0.11884062,0.85949326,1.0317789,-0.4648316,-1.0910559,0.25998145,0.24357921,-0.31653672,0.08868325,-0.0037651956,-0.13177212,0.1125748
M6|C00129,-0.39205495,-0.2121433,-0.15196368,0.40719745,0.6851567,-0.8235428,-0.6433264,-0.7563683,-0.48612538,0.528595,-0.7397273,-0.72395587,0.58265686,-0.6157229,-0.74585366,0.7078792,0.17268637,-0.48148486,-0.9045983,-0.6058702,-0.79190314,-0.408314,0.3891768,-0.83293617,-0.259645,0.8097093,0.38954747,0.6485418,-0.5585614,0.45173815,0.615419,-0.5096047,-0.52972496,0.70771176,0.736704,0.41667074,0.11332126,0.3974536,-0.24616751,0.77089727
M6|C00130,-0.24325728,-0.21650797,-0.09996617,0.28362122,1.0879104,-1.057242,0.10705893,-0.7319299,-0.40177867,-0.45042208,-0.22290874,-0.7243122,0.742246,-0.75075763,-0.7141197,1.1329391,-0.20732874,-0.62731767,-0.9565011,0.27274293,-1.2173343,-0.8142326,0.778355,-1.8542901,-0.34013355,0.4582922,0.9100733,-0.19709936,-1.0408086,-0.32750297,1.0583216,-0.40527165,-0.41701972,0.7318676,0.07735593,-0.05334039,0.94768757,1.0070665,-0.66458213,0.6118046
M6|C00131,-0.4521992,-1.0484334,-0.57286406,0.8264597,0.9290174,-1.010047,0.24749446,-1.2298735,-0.31924847,0.9987687,-0.86322945,-0.7739736,1.3581252,-0.6834129,-0.034212317,0.7960711,1.3379043,0.27154705,-1.2368741,-0.06868604,-0.98190427,-0.8878,0.48834097,-0.65409386,-0.5966184,0.7530739,0.5621485,0.7993294,-0.35168916,0.55237174,0.87555313,-0.13284115,-1.0660975,0.89692515,-0.19531386,-0.22113931,0.29126257,-0.0012473613,-0.5214425,0.179549
M6|C00132,-0.049863555,-1.0325977,-0.0710177,-0.99465793,0.204761,-0.8200808,-1.9014096,-0.088908195,0.70087534,0.9940978,-1.3616976,-1.0384235,-0.8736336,-1.037288,-0.6589219,0.77695554,1.0129213,-0.34874418,-0.51417816,-2.222846,-0.5813656,-1.1538641,-0.2186452,-0.04585381,-1.092486,0.8575551,-0.10134083,0.049926326,-0.022008575,1.6492059,0.5100161,-1.9104023,0.46609437,0.91959244,3.452859,-0.045631498,-0.83823764,-0.04997225,-0.300081,1.514366
M6|C00133,-0.27476823,-0.7369335,-0.5688779,1.0334965,0.5814815,-0.47899035,-0.80467063,-0.7580069,-0.4379256,0.84348214,-0.77826846,-0.73230195,0.6069255,-1.4683876,-0.24219936,0.34037873,1.8051295,0.36579713,-0.90197164,-0.80356324,-1.0625954,-0.701799,0.15530582,-0.91642946,-0.18972176,0.7419806,0.16082849,1.0271268,-0.4715559,0.8900986,0.9445475,-0.7501005,-0.81018335,0.26925895,-0.13788767,-0.48118863,-0.03140731,-0.04438819,-0.65006435,0.5149808
M6|C00134,-0.06070956,0.41674075,-0.9515237,0.81927586,1.4117014,-0.8482208,-1.8938164,-1.0660716,-0.8424664,0.5513005,0.068215474,0.30068526,0.5597348,-0.45850486,-0.9405616,1.3762481,0.31119722,-1.1983695,-0.6180399,-0.7940025,-1.1178248,-0.20522615,-0.29355383,-1.4066992,-0.22110023,0.5852714,0.83999074,0.22219782,-1.0974106,0.38301128,0.38258165,-0.56612873,-0.007999122,0.88100344,0.29968196,-1.4822596,0.10248186,0.53614485,-0.47936696,0.95109856
M6|C00135,-0.65366465,-0.23913875,0.05019536,-0.9272843,0.26398534,-0.49953943,-1.7991576,-0.755585,-1.453406,0.5228901,-0.6838509,-0.72577345,0.25581804,-0.96592146,-1.186794,0.16828617,0.84672767,0.532891,-1.1671054,-0.47794023,-1.4512745,-0.69733673,0.5982848,-0.64006156,-0.29779407,0.90220046,-0.16464716,1.1355114,-0.01789957,0.6343658,0.74946785,-1.0181439,-1.1492591,0.37529194,1.2147875,0.35172665,-0.3561478,-0.45721358,1.263311,0.25514498
M6|C00136,-0.4833396,-0.6124757,-0.38969314,1.1186559,1.6520202,-0.4606255,-0.8103315,-0.6658591,-1.1444325,0.72068834,-0.5065052,-0.24298765,1.1996577,-0.58072233,-0.26945883,0.9595789,0.35378855,-0.6335882,-1.1512418,-0.4158637,-1.0972308,-0.20443504,0.013318665,-1.269198,0.65171117,0.6593075,0.7064002,0.7146201,-0.9292347,0.8780465,1.3406572,-0.8458655,-0.2954468,0.45144546,0.58221656,-1.1943097,0.3561837,0.46873903,-0.47355515,0.6999375
M6|C00137,-0.6862554,0.29171413,-0.6854454,1.0018625,1.3394879,-0.7205589,-0.6492545,-1.0878649,-0.3201411,0.58328307,0.14467804,-0.15663676,1.0009077,-0.74507296,-0.705225,1.3139161,0.18869202,-0.9115363,-0.65182155,-0.0544848,-1.197218,-0.7317599,0.18458222,-1.0420498,-0.37392366,1.0014021,1.0517038,0.31311965,-1.4489367,0.1345674,0.48069596,-0.30257067,0.08353263,0.7521078,-0.14190046,-1.0321052,0.46043903,0.8485063,-0.9943184,0.41986573
M6|C00138,-0.5372119,0.1488396,-0.31938848,1.0618095,0.7756283,-0.7513461,-0.46697357,-0.9481778,-0.37154576,0.24946752,-0.14679646,-0.6997513,0.81646526,-0.97235423,-1.1471161,0.7852876,0.59901834,-0.62231505,-0.9907123,-0.23244132,-0.7579914,-0.8366675,0.046131093,-1.257408,-0.16851225,0.9518596,0.41961455,0.434486,-1.25275,0.12657018,0.82989955,-0.5084869,-0.1590709,0.6018567,-0.09270562,-0.2429227,-0.048907556,0.603544,-0.7202601,0.54117227
M6|C00139,-0.45280275,-0.27207217,-0.5461761,1.0695623,1.5551354,-0.61334777,-0.3728006,-0.96755785,-0.771632,0.6628179,-0.375403,-0.24505681,1.600812,-0.683147,-0.6015745,0.9361765,0.28856927,-0.76592386,-1.1240668,-0.13761008,-0.8419328,-0.37515026,-0.073275715,-1.1902211,0.50377446,0.78369385,0.72142524,0.42114985,-1.061945,0.5424419,1.0851849,-0.41413826,-0.52613616,0.8556789,0.24679185,-0.93503904,0.3672281,0.71279246,-0.6640276,0.5417584
M6|C00140,-0.63070136,-0.89368546,-0.73228806,1.3682595,0.8263014,-0.77908194,-0.18504804,-1.2496508,-0.078368604,0.83022404,-0.5275665,-0.62334657,1.0898833,-0.97835964,-0.040196374,0.88413566,1.6482581,0.30608982,-1.1422046,-0.0017925501,-0.97770405,-0.99750865,0.61638045,-1.1505505,-0.27247912,0.8225179,0.67148745,0.6634477,-0.97796136,0.6049757,1.0073873,-0.40898234,-0.7000586,0.94408303,-0.88028884,-0.83840525,0.37655327,0.116061345,-1.0866524,-0.015599549
M6|C00141,-0.46044344,-0.24073187,-0.109987795,0.45474273,0.723679,-0.7944181,-0.6395625,-0.7340149,-0.5019672,0.5231378,-0.76792395,-0.77108216,0.58169246,-0.6506398,-0.69380003,0.6996538,0.22442326,-0.4029394,-0.89478487,-0.6051179,-0.8653033,-0.41330603,0.32015795,-0.7946194,-0.25210392,0.851458,0.38144195,0.71627855,-0.5365993,0.39354852,0.6862924,-0.5245267,-0.46575433,0.60531133,0.71140057,0.41623437,0.077189416,0.42174435,-0.21414089,0.7529098
M6|C00142,-0.61243975,-0.93124056,-0.7386268,1.5128876,0.63914675,-0.6569654,-0.29444033,-0.8729595,-0.036430605,0.5773059,-0.8236679,-0.8159113,0.7353781,-1.1695535,-0.030071165,0.8325144,1.4977471,0.39595798,-0.9737592,-0.18041103,-0.710019,-0.72966623,0.5102884,-1.1862965,-0.32717568,0.961499,0.64756125,0.73691106,-1.025215,0.66701496,1.223149,-0.54904425,-0.6368226,1.028156,-0.86306536,-0.6873423,0.21941549,0.21334177,-1.2813253,0.19687167
M6|C00143,-1.4335089,-0.082663745,0.70175874,0.36411873,1.2509454,-1.256804,-1.0899677,-0.64715254,-0.41627726,-1.4341719,-1.0078524,-1.873883,-1.0100642,0.17552796,-1.0600433,0.6008826,0.12794323,-0.087874115,-2.3684177,-0.90574557,0.49867767,-0.20943828,0.8598837,-0.7114845,0.1357763,1.0048517,0.8514121,1.4448708,-1.8005033,0.4403037,2.2916384,-0.28879863,-0.71032816,1.8801565,0.516199,-0.15482861,0.53629977,0.63688445,0.3384589,0.6138221
M6|C00144,-1.4576414,-0.05175804,-0.101528026,0.21733233,0.4200306,-0.6716683,-1.0524347,-0.6627314,-1.0434355,-0.5816345,-0.4165274,-0.9053744,0.04902476,-0.6285983,-0.8066584,0.8660683,0.3515071,0.4169694,-1.2525237,0.15073709,-0.9658197,-0.22813267,0.80308896,-0.9498606,-0.5189884,1.3652813,0.45496786,0.82641435,-1.0862728,0.3358244,1.5601598,-1.2551924,-0.49168956,0.9981746,0.351947,-0.17184559,-0.32276088,0.5013522,0.4741189,0.03351845
M6|C00145,-0.9881637,0.24094367,-0.10220736,0.5922337,1.4676799,-1.391882,-1.8810822,-0.16270396,0.37354344,0.20651865,0.024784818,-0.28137484,0.39453936,0.09366241,-0.7496974,1.0143846,0.57578796,-1.704365,-1.2835501,-1.9252312,-0.26998472,-0.09271516,0.5365488,0.025773868,-0.3186307,-0.414745,0.7327594,0.7068647,-1.191558,1.0778153,1.0274103,-0.62002414,0.18735744,0.94904304,0.84784955,-0.5959084,-0.29028985,1.1582893,-0.2940089,1.2518454
M6|C00146,-1.444902,0.50717294,0.3875571,0.45070666,1.2478667,-1.1988015,-1.849226,-0.49424484,0.028539129,-0.7109083,-0.55537087,-1.3458829,-0.7794699,0.85892576,-0.4131876,1.1747526,0.3805725,-0.3159256,-2.114564,-0.9242744,0.0768459,0.17267552,1.8309187,-1.0193725,0.5522023,0.67790437,0.3534668,0.9708698,-1.3146118,0.16525958,1.749511,-0.122526444,0.20282243,1.6517557,0.41481787,1.1956737,1.2190127,0.6173949,0.3813187,0.7930181
M6|C00147,-0.3218203,-1.0730461,-0.4224213,0.63591653,0.81890935,-0.9420681,-0.29324895,-0.95493025,-0.63158345,0.9584,-1.027299,-0.8132771,1.1382143,-0.8329693,-0.21232978,0.6153954,1.4276546,0.21565253,-1.1216605,-0.60269004,-0.93166286,-0.757652,0.0867578,-0.55947775,-0.55296785,0.557882,0.15609759,0.96242356,-0.06155351,0.70722467,0.877202,-0.43052524,-1.1635494,0.5076833,0.23169787,-0.08939767,-0.04312691,-0.0026424676,-0.21281612,0.52858365
M6|C00148,0.3244116,-0.9525249,-1.2786927,0.90712214,0.63922584,-1.3121278,1.4644779,-0.7097736,0.14323524,-0.9583967,0.5005132,-1.2908555,1.1065269,-1.263622,-0.2639081,2.8463383,1.7694464,0.15399712,-1.5047945,0.26846123,-1.176138,-1.3227968,0.5961223,-2.6682484,0.0151448995,0.85176605,1.0982658,-0.59821427,-1.6631359,-0.92239904,0.54700434,0.46909177,0.79342556,0.5479878,-0.4065945,0.06566658,1.779603,0.51628643,-1.9828933,0.6277164
M6|C00149,0.031122893,-0.22811776,-0.8858577,1.9980881,0.22283944,-0.25988835,-2.2132392,-0.7247172,-1.0623107,0.10282047,-0.1689824,-0.38139552,0.14619677,-2.2530906,-1.2580363,-0.09366651,3.0779586,0.37223095,-0.94306445,-1.6538075,-1.1404238,-0.9719835,-1.5309566,-1.8883275,0.32670075,0.2901952,-0.7214894,1.0650191,-0.88667285,1.0410366,1.4690335,-1.9366289,-0.49949825,-0.9598107,-0.4701965,-1.5197423,-1.2661636,0.3297161,-0.7987156,1.1481799
M6|C00150,-0.31336176,0.43785286,-0.542748,0.7848443,0.65688986,-0.7497276,-0.83957255,-0.8095462,-0.93108004,-0.12148732,0.10491164,-0.73990786,0.66479325,-0.73945266,-1.0615922,1.1811643,0.8227729,-0.12392598,-1.0684595,0.031303063,-1.5260179,-0.6563484,-0.040017784,-0.9540765,-0.43710393,1.2604313,0.16649568,0.8943975,-0.7741276,-0.168221,1.224462,-0.5501679,0.16319437,0.6459416,0.686422,0.05234704,0.42771718,0.5655833,0.04928445,0.40127397
M6|C00151,-0.71095914,-0.7941474,-0.30005935,0.7858846,1.8728207,-0.61335737,-0.98408145,-0.6505254,-1.0947677,0.71296537,-1.1323656,-0.31495202,1.2819887,-0.13297528,-0.23039034,1.0920242,-0.0062954854,-0.7745574,-0.9964261,-0.70358247,-0.6372609,0.1225378,0.054563105,-1.1008945,0.7355612,0.69643027,0.6075491,0.7229439,-0.63538235,0.902624,1.2427669,-0.8026517,-0.6952694,0.94883597,0.6922743,-0.92071104,0.52510035,0.6386231,-0.33850035,0.80135083
M6|C00152,0.055048376,-1.4897394,-0.39296135,0.62859285,0.5842773,-0.6373459,-0.7034401,-0.7502626,-0.7555002,1.2836862,-1.2843947,-0.8579302,1.1350722,-1.3279777,-0.31617647,0.34011954,1.9117197,0.43199453,-1.0582573,-0.9827791,-1.2513025,-0.73473316,-0.30169338,-0.56310487,-0.6366821,0.5401865,-0.16403896,1.0990924,0.1351488,1.0413475,0.76714474,-0.79429615,-1.3965648,-0.013189338,0.19641086,-0.08964965,-0.25728413,-0.24502237,-0.031425938,0.5457118
M6|C00153,-0.91863286,-1.1035601,0.31336814,0.045709394,0.45976657,-1.1798363,-0.096391276,-0.768974,1.1305162,0.29338306,-0.63925064,-1.4439698,-0.21481198,-0.8583318,-0.23910803,1.6453432,-0.046689533,-0.29371184,-0.778185,-0.6867355,-0.71689165,-1.4933586,0.9427818,-1.0083901,-1.0911981,1.0939337,1.027019,-0.37295595,-1.7169491,0.6235392,0.83703905,-1.2560121,0.6591943,1.353666,1.7441578,-0.37080315,-0.00032351166,0.14337257,-1.3638161,0.6181451
M6|C00154,-0.4060819,-0.046004146,-0.6995024,0.09529048,1.8455887,-0.56670004,-1.5077596,-0.7658621,-0.65821,1.3762738,-0.3576411,0.23094866,0.5567142,-0.15609539,0.25212458,1.6992842,-0.1641454,-0.8156581,-0.47985926,-0.77558875,-1.6729155,0.09071941,0.17446205,-0.36709216,-0.7779244,0.7106786,1.018614,0.523172,-0.6201307,0.80077106,0.08552313,-0.5398616,0.007897437,0.44123167,1.2858889,-1.0969578,0.8357979,0.71053696,0.026996858,0.615224
M6|C00155,-0.18814695,-1.1809494,-0.4558273,0.7402687,0.50286573,-0.38890705,-1.349492,-0.42532325,-0.70453936,0.9946089,-1.3476194,-0.96682584,0.5156081,-1.430805,-0.2675462,0.26219714,1.817193,0.55762696,-0.78838867,-1.0543307,-0.94802696,-0.47475848,-0.18380971,-0.6488898,-0.4284858,0.6055231,-0.18103187,1.3153838,0.08173573,1.0651348,0.9866819,-1.0839412,-1.1268275,0.26407832,0.13249815,-0.17312264,-0.18520835,0.06362725,-0.21378613,0.58294654
M7|C00001,-0.25057548,-1.0840567,-0.45454922,0.6507656,0.81795675,-0.8082739,-0.13705753,-1.0368068,-0.49358568,1.170828,-1.0175451,-0.78562975,1.1090103,-0.85994065,-0.01780615,0.52546346,1.1640474,0.4663561,-1.243732,-0.4414983,-1.306055,-0.62721586,0.36200655,-0.34252253,-0.61742043,0.5875408,0.46271464,1.0101764,-0.074881345,0.83639127,0.8416272,-0.37342906,-1.1145748,0.44839704,0.521602,-0.059534434,0.15609993,-0.05275269,-0.098771915,0.30646715
M7|C00002,0.92695636,-1.6171762,-0.41468698,-0.5314107,0.19767563,-0.6722242,-0.65593076,0.27416667,-0.91700155,-0.26285416,-1.0112163,-1.8639007,-0.038972843,-1.3300284,-0.14046575,2.0217164,1.5084839,0.5503731,-0.95107055,-2.054848,-0.9319477,0.056218356,-0.09086245,-1.1906896,0.059136815,0.25717267,-0.18196855,0.5796683,0.39844364,0.27808762,0.0780464,-0.3721623,0.064584166,-0.46590015,1.7854222,1.3102285,1.245713,0.007822864,-0.23445448,1.4323329
M7|C00003,0.41144475,-1.5498954,-0.56467736,-0.40276304,0.45402932,-0.8210358,-0.06956445,0.127267,-0.24291958,0.27125838,-0.57201344,-1.6990575,0.5728176,-1.087573,0.28091452,2.2552483,1.2293533,0.53948313,-1.1584358,-0.932034,-1.5657842,-0.60727745,0.66936445,-1.1827145,-0.07972621,0.40416157,0.471311,0.3146406,-0.013718473,0.034852657,0.1627102,-0.06936654,0.26510918,-0.03272717,1.4123286,1.1032124,1.7088513,-0.0043513915,-0.35876885,0.9148498
M7|C00004,-0.0113251265,-1.5548658,0.73112875,-1.5052423,0.37428838,-1.2521849,-1.3453573,-0.9356415,-0.09311459,0.7395713,-0.97005415,-1.4596822,-0.9679658,-1.3905696,-0.2405188,0.45211917,-0.28319535,-0.38273337,0.020644557,-1.4476416,-1.3712779,-0.7152428,1.5012168,-0.92439765,-1.319477,0.3074058,0.65329117,-0.640157,0.7780756,0.25736058,-0.2150208,-1.0675744,-1.4435651,0.5713024,1.2854074,0.730115,0.8264962,-0.43985248,0.5846993,0.6479628
M7|C00005,-1.0315167,-0.22854063,-0.12718184,-0.28395873,0.4150102,-0.53249305,-1.0660174,-0.8174239,-1.0566131,0.10203845,-0.49058944,-0.7232286,0.48207793,-0.86018556,-0.92046714,0.6189133,0.67089087,0.3704586,-1.0868886,-0.12993184,-1.206899,-0.5340334,0.6741959,-0.8711283,-0.51920295,1.0080209,0.20081635,1.0209526,-0.57027745,0.5190646,1.0728376,-1.0812769,-0.87809813,0.65636015,0.5968736,0.16750023,-0.39159966,0.20965408,0.7116123,0.035600163
M7|C00006,-0.14772122,-0.9099368,-0.12758787,-0.32712787,1.5711825,-0.60194737,-1.504624,-0.89464253,-1.3585471,1.5177447,-1.3433372,-0.30090395,1.284342,-0.067095,-0.5630075,0.80961543,-0.06760526,-0.34152266,-1.0450003,-0.94509006,-0.906191,-0.18544461,0.13560456,-0.39218032,0.6567139,0.42969325,0.1265969,0.973665,0.28645656,1.2256653,0.5078584,-0.3993662,-1.2134029,0.65147215,1.7201915,-0.082067184,0.62268883,0.026180832,0.50725657,0.80823463
M7|C00007,-0.6858133,-1.0546653,-0.526378,0.94002104,0.76174206,-0.71623147,0.3618378,-1.1759117,0.16646622,1.1496537,-0.96892035,-0.97053134,0.9877407,-0.71956736,0.10812304,0.8682906,0.7679861,0.3102893,-1.1083035,0.25459513,-0.8816118,-0.9148536,1.1026618,-0.6097552,-0.46467966,1.154506,1.0162075,0.82506865,-0.6980573,0.56544924,0.78116834,0.09633567,-0.8065305,1.3250248,-0.58368105,-0.08435393,0.6846059,0.094897866,-1.0815089,-0.035302185
M7|C00008,-0.88146126,-0.69484675,0.08345253,-0.20693648,0.5356388,-0.9483608,0.019842245,-0.9478957,1.7545799,0.906788,-0.71451294,-1.0278542,-0.34976953,-0.5877594,-0.035077862,1.7651527,0.16178712,-0.43265027,-0.70525783,-0.567397,-0.7126096,-1.603771,1.316096,-0.6919312,-1.1441132,1.3872297,1.0674136,-0.51636505,-1.633683,1.0892049,0.5986925,-1.1380666,1.1558574,1.9679625,2.2465153,-0.3987823,0.0036008009,-0.037831467,-1.7169225,0.45100537
M7|C00009,-0.28919232,-1.0204272,-0.19556585,-0.2780051,0.8164015,-0.5855728,-0.77537614,-0.96363103,-0.5695498,1.7233288,-1.1713893,-0.70679766,0.7742207,-0.69005173,-0.0050337473,0.60398257,1.0467749,0.40461364,-1.0509585,-0.50277317,-1.3433264,-0.74910647,1.1252252,-0.29483518,-0.31879798,0.694441,0.3181371,1.0525931,0.26468796,1.0559405,0.1658539,-0.15113623,-1.0650975,0.5756086,0.6945514,0.53325474,0.5348997,-0.5735599,0.01123108,0.22671294
M7|C00010,-0.20811662,-1.0734357,-0.03631647,0.025936265,0.7536772,-0.7591506,-0.31024167,-1.0176249,-0.3555986,1.6568124,-1.1149616,-0.88090897,0.8446864,-0.9916946,-0.29823107,0.44848293,1.0950798,0.1374509,-1.1044562,-0.5131172,-1.0858214,-0.98205364,0.7806885,-0.47393256,-0.4562466,0.80570525,0.3116437,0.9301615,-0.11447175,0.88837814,0.20326786,-0.017078439,-1.2377968,0.510671,0.36397323,0.50276923,0.28250706,-0.5905534,-0.26070476,0.28529972
M7|C00011,-0.45981994,-0.24701083,-0.11196391,0.45358473,0.7243214,-0.79645455,-0.6372566,-0.7367891,-0.50257033,0.53030676,-0.7654182,-0.7738849,0.5913441,-0.65036225,-0.6921524,0.7009045,0.23471949,-0.39524335,-0.9007128,-0.60220045,-0.86759055,-0.41798338,0.31787038,-0.7877589,-0.25761217,0.8502965,0.37939906,0.7172137,-0.5338985,0.3937406,0.68814516,-0.5207137,-0.47292286,0.604663,0.7086562,0.41621676,0.07808509,0.41778916,-0.20415807,0.7459329
M7|C00012,-0.7441974,-0.57363176,0.29783145,0.36210594,1.9329599,-1.1668317,-1.0746797,-0.50493175,-0.019464573,0.33634683,-1.0889196,-0.7197091,0.63369954,0.071710244,-0.93847483,0.8843657,-0.033700366,-1.5146955,-1.6473463,-1.456528,0.2646743,-0.043657385,0.72877574,-0.60270894,0.85337347,0.3635946,0.84174466,0.87345845,-1.1397681,1.2163767,1.2332232,0.031246804,-0.63819045,1.5365984,0.65672547,0.018508922,0.47724277,0.43137455,-0.540119,1.2470224
M7|C00013,-1.074537,-0.016834453,0.28946474,-0.12126121,0.6224934,-0.798555,-0.17830987,-1.2351869,-0.45347792,0.5518761,-0.5539508,-0.92894924,0.6529422,-0.5309998,-0.82965803,0.8679761,-0.15113766,-0.16601048,-1.0593138,0.30528373,-0.89689684,-0.6993406,1.4415022,-0.81516707,-0.26611227,1.2551377,0.6062839,0.5351242,-0.9421156,0.25714263,0.47132167,-0.06388233,-0.7674547,1.2515277,0.19190711,0.77943116,0.34711313,-0.06758627,-0.18523231,0.029603697
M7|C00014,0.23290406,0.40563428,-0.4033474,-0.22222951,0.7707733,-1.0653328,-2.1084392,-0.43525895,-0.3237169,0.63650835,-0.06512302,-0.1751219,-0.14647268,-0.80819863,-1.3080716,0.8209731,0.5421824,-1.048654,-0.7689983,-1.7764977,-0.8820971,-0.5539053,-0.9137259,-0.5505198,-0.9990462,0.189736,0.2943572,-0.020936573,-0.8881752,0.97565603,0.25096622,-1.0946873,-0.01907157,0.5202155,2.0885878,-1.0391346,-0.84343594,0.562967,0.2024813,1.4024807
M7|C00015,-1.4551256,-0.17261915,0.21467808,-1.3279306,0.29960948,-0.53475773,-1.5627166,-0.78506964,-1.2188226,0.21934278,-0.82191384,-0.96819955,0.014580134,-0.4212169,-0.988348,0.83315676,0.2967502,0.7243486,-1.2446141,0.18699138,-1.2529473,-0.5066896,1.3960521,-0.3620867,-0.5404552,1.494852,0.048588403,0.97670615,-0.26079687,0.672592,0.75666445,-0.94100785,-1.033549,1.0350194,0.9844717,0.75533795,0.029477103,-0.15448777,1.2016333,-0.08037493
M7|C00016,-0.8612592,-0.24718785,-0.21377923,-0.037207074,0.4402687,-0.70960486,-0.70724106,-0.8791414,-1.0971572,-0.00907201,-0.2936587,-0.7659377,0.6791948,-0.8593658,-0.77616185,0.4987062,0.52278084,0.3597248,-1.2901424,0.03412382,-1.3456668,-0.5325867,0.7202199,-0.8928941,-0.53036195,0.8828143,0.5164406,0.94859886,-0.6933707,0.22266708,1.2856777,-0.8963329,-0.7655662,0.76564974,0.7026714,-0.11678897,-0.38727263,-0.021149786,0.7816904,0.0015287498
M7|C00017,-1.2416489,0.8296324,0.2623959,0.40219483,1.2123617,-0.97520757,-1.4346898,-0.6383342,-0.43391576,-0.89711463,-0.48277548,-1.1405599,-0.377794,0.5276169,-0.5518662,1.627218,0.2504618,0.082336076,-1.8046151,-0.60495794,-0.4838927,0.35737038,0.9674906,-0.84330624,0.13883229,1.140409,0.26412004,1.126116,-1.5733764,0.12458178,1.650834,-0.32995605,0.4294597,1.3646476,0.9478921,0.49485222,1.0713917,0.8415697,0.21352717,0.5931553
M7|C00018,-0.67749953,-0.7335341,-0.17314282,-0.05281777,0.43866393,-0.9451315,-0.50135076,-0.65057653,1.6178192,0.65303665,-0.9158184,-0.98003775,-0.6490306,-0.72104967,-0.17120148,1.3436462,0.45618498,-0.30191392,-0.7609104,-1.0061696,-0.57297766,-1.3057516,0.6842307,-0.67267704,-1.1864021,1.3098385,0.8942675,-0.4842548,-1.3150524,1.1309365,0.8721616,-1.5647079,1.0791675,1.7125465,2.428618,-0.67454094,-0.32458463,0.21552889,-1.4021757,0.7874308
M7|C00019,-0.29641327,-0.084693864,-0.06474224,-0.54329234,0.90614134,-1.0347289,-1.1214737,-0.78674835,-0.08880925,1.1809008,-0.4869986,-0.52791834,0.27985507,-0.35789353,-0.80265486,1.1539903,-0.0036609035,-0.7998446,-0.7627669,-0.8619555,-0.9098514,-0.8700698,0.48259768,-0.25158748,-0.64616144,0.8433006,0.604395,0.1295097,-0.52719796,0.7533171,-0.009494396,-0.28161153,-0.11650557,1.0557919,1.7010282,0.13728121,0.28839034,0.21591721,-0.080279045,0.80939496
M7|C00020,-0.2531715,-1.4465115,-0.24098563,-0.37242323,0.8883693,-0.747349,-0.812147,-0.82284456,-0.7325913,1.7283467,-1.5447241,-0.85341966,0.8057712,-0.6218529,0.27241445,0.59097505,1.2571411,0.6397792,-1.0339068,-0.8003341,-1.2392995,-0.5239298,0.7998074,-0.042737886,-0.6614646,0.46762064,0.10189693,1.2410963,0.72971094,1.2052367,0.3606819,-0.37331465,-1.3466623,0.5258811,0.95855457,0.57638633,0.31680304,-0.4643258,0.34745803,0.3926584
M7|C00021,0.057790123,-0.20302178,-0.40198594,-0.7350216,1.3736422,-0.53228056,-2.7779965,-0.51399654,-1.4612268,1.7180483,-0.7119594,0.011305014,0.22552338,-0.4177984,-0.55288553,0.9960555,0.3188758,-0.4991194,-0.3662535,-1.5989552,-1.6602428,-0.18306476,-0.198119,-0.03171565,-0.4947853,0.44347256,0.19899775,0.9435674,0.41545326,1.1299738,-0.30976695,-0.73350364,-0.48607114,-0.062488317,1.9623294,-0.33363393,0.3852332,0.026441166,0.7817048,1.2429047
M7|C00022,-1.2239236,0.06042193,-0.24759938,0.07854312,0.3494024,-0.7003204,-0.8874896,-0.87035376,-0.94297105,-0.32194045,-0.30513403,-0.8033795,0.5763468,-0.59995866,-1.0606862,0.89310855,0.41449937,0.28707373,-1.2079407,0.2402939,-1.0468637,-0.41932252,0.6065883,-0.858306,-0.63538164,1.2976371,0.28354707,0.856777,-0.9783276,0.25882736,1.254562,-1.0501825,-0.6516122,1.0131752,0.25924796,0.05538577,-0.29355773,0.5005783,0.5981576,-0.0043716915
M7|C00023,-0.54282016,-0.5526727,0.39871138,-0.53981423,1.4953389,-1.0405277,-1.936225,-0.36949804,-0.41210416,0.9745133,-1.3667331,-0.6705787,0.2994207,0.079345055,-0.93431973,0.60422844,0.16468748,-1.0501031,-1.3927125,-2.0604768,-0.07037851,0.028866047,0.67572796,0.057802152,0.5357695,0.25162137,0.22255594,1.0504116,-0.20941862,1.5984327,0.5774654,-0.15351239,-0.9407063,0.9687784,1.4906651,0.6933113,0.28710845,0.16540013,0.22767621,1.5284519
M7|C00024,-0.48222035,-0.9776247,-0.38714617,0.61197865,0.863891,-0.6975528,-0.031785943,-1.2348473,-0.40308523,1.329195,-0.7490735,-0.70607024,1.0088065,-0.8608383,0.060203932,0.7274619,1.25315,0.3863972,-1.2344728,-0.18978181,-1.448368,-0.95756817,0.87024194,-0.6205889,-0.42469454,0.8088871,0.57466125,0.8947423,-0.38202637,0.83596164,0.7049829,-0.23602991,-0.87689495,0.50312084,0.15870142,-0.056138266,0.44206208,-0.12606674,-0.4338008,0.07365416
M7|C00025,-0.4328638,0.06835617,-0.51465726,-0.2819402,1.7057606,-0.3985022,-1.7888279,-0.79405236,-0.7813322,1.4830482,-0.40094513,0.21079008,0.434345,-0.26925832,-0.056286983,1.5711479,0.05674454,-0.75868046,-0.4774038,-0.7935554,-1.6414013,-0.15192269,0.25770617,-0.47911936,-0.48263583,0.8057043,0.68822837,0.5676874,-0.55972755,0.89115876,-0.10190898,-0.5630021,-0.108198665,0.35862917,1.3108671,-0.8578054,0.85517013,0.45051146,0.11874868,0.5742603
M7|C00026,-0.45305955,-0.24467175,-0.1326841,0.46569097,0.735036,-0.7832557,-0.6290028,-0.7382738,-0.4904899,0.51084095,-0.756437,-0.7897934,0.5545687,-0.65641433,-0.7160134,0.68130654,0.22249638,-0.42945203,-0.9058124,-0.58710307,-0.84297997,-0.46541616,0.29905662,-0.8003476,-0.24445674,0.86608535,0.40363517,0.7316374,-0.54455274,0.3778436,0.7034569,-0.5083382,-0.4561044,0.624575,0.68668145,0.37880263,0.08873311,0.43300834,-0.21933082,0.74919695
M7|C00027,-0.28077248,0.20088442,-0.20086803,-0.66365,1.2115741,-1.265002,-0.9090893,-0.87670887,0.1290318,1.150617,-0.10336837,-0.16938618,0.3235123,-0.13290136,-0.70270973,1.4085765,-0.18365183,-1.0518798,-0.97955257,-0.6790274,-1.0944351,-0.7489428,0.4808772,-0.23421568,-1.1461338,0.56222045,1.1678776,-0.23170036,-1.0370436,0.6899001,-0.048589718,-0.11086312,0.071476646,1.3688753,1.8907083,-0.65332854,0.116701074,0.19532329,-0.011462728,0.6204191
M7|C00028,-1.2460676,-0.14635687,-0.049335018,-0.5235982,0.34740645,-0.60775095,-1.3904377,-0.70238096,-1.1341075,-0.054491457,-0.6226433,-0.8701768,0.044339947,-0.5516388,-0.9233697,0.79399705,0.37575653,0.46763712,-1.1871794,-0.015498146,-1.0451586,-0.42285228,0.93744934,-0.6743824,-0.53619885,1.3091185,0.17735595,0.8975663,-0.53593415,0.5756313,1.0521685,-1.1136233,-0.7802706,0.93389523,0.75393224,0.31245312,-0.19605732,0.20015606,0.8205646,0.12120484
M7|C00029,-0.43524063,-0.8255114,-0.40358868,0.8924213,0.62136257,-0.73567003,-0.4169851,-0.78009814,-0.27853116,0.83587074,-0.98136795,-0.8828313,0.7824638,-0.92926097,-0.19037814,0.60921985,0.98908186,0.20625804,-0.96419644,-0.4998986,-0.9493166,-0.5073407,0.28869763,-0.5888007,-0.53213125,0.7738625,0.41358125,1.0013677,-0.4205237,0.7025686,0.9333071,-0.56372374,-0.82106304,0.685923,0.0963618,-0.013160504,0.07965118,0.31542256,-0.48342562,0.4386463
M7|C00030,0.27119872,-0.62753475,0.21339418,-0.63807106,0.9013076,-1.0229315,-0.90728146,-0.49874333,-1.02092,-0.49326405,-0.44534197,-0.5393368,0.2410618,-0.94089144,-0.7729395,0.5657815,-0.34647894,-0.5784375,-0.47311473,-0.491793,-1.6124051,-0.6490603,0.7590432,-2.0035856,-0.5020326,-0.3846167,0.5502017,-0.33204645,0.019929817,-0.08323606,0.92923194,-1.1680845,-1.2291157,0.14806476,0.5030313,0.09769714,0.9799389,1.049951,0.31859833,0.84037167
M7|C00031,0.21666369,-0.12452858,-0.42807612,1.3030378,0.905292,-0.63458407,-0.978059,-0.09276255,-0.31899205,1.3921314,-0.17835261,-0.78352726,0.7060689,-0.59503555,0.2600762,0.12432664,1.0083013,-1.0149659,-0.74128634,-0.12367936,-0.847974,-0.7586561,-0.034706414,-2.2269585,-0.45959362,0.22867355,-0.3228299,-0.09033843,0.33442062,-1.3565913,1.244805,-0.80961245,-0.3684941,-0.0748048,0.03891787,1.3073505,0.4662842,0.4455428,1.3386275,0.18760476
M7|C00032,-1.7352242,0.069173284,-0.09520353,-0.11778915,0.39437294,-0.76327443,-0.6378985,-1.2661511,-0.6503456,-0.11824351,-0.24162197,-0.6900274,0.4080793,-0.35090986,-0.82191163,1.1982819,0.1657413,0.44431734,-1.3235191,0.8535587,-1.0934045,-0.7239985,1.7193648,-1.0547432,-0.2296412,1.7104,0.79616284,0.4456799,-1.3262285,0.21192034,1.0000805,-0.6023967,-0.5287778,1.5107528,-0.1300386,0.11771101,0.32970092,0.11919767,0.031462673,-0.38795772
M7|C00033,-0.16115345,0.24154978,-0.3578157,0.046018645,1.0428905,-1.1275463,-0.9930889,-0.81718856,0.34598878,0.84021014,0.069337204,-0.176832,0.039457396,-0.6775314,-0.87964183,1.2905406,0.5137942,-0.90885764,-0.8112907,-0.99326617,-0.9991068,-1.0919514,-0.24105196,-0.36307707,-1.3351825,0.6558317,0.8783441,-0.22147971,-1.2980899,0.7748626,0.43770337,-0.6713858,0.361058,1.1169108,1.6642162,-1.2598984,-0.2034126,0.626902,-0.43469337,0.50690556
M7|C00034,-0.7391892,-0.7621932,0.49440983,0.8385393,1.1969814,-1.2951174,0.35087872,-0.9884135,0.7283961,0.20590381,-1.2442284,-1.2903187,0.29722035,-0.03881626,-0.39913765,0.99713916,0.54701006,-0.36380163,-2.0796213,-1.0111235,0.18031077,0.0029065013,1.5021658,-0.89096993,-0.005147904,0.33081883,1.0064453,0.9103017,-1.6035641,0.8508999,1.1528518,0.4166418,-0.5491378,1.6255628,0.00195314,0.7227233,0.32703498,-0.2279547,-0.9328072,0.51620483
M7|C00035,-0.761395,-0.5934369,-0.5410452,1.0937262,1.8680253,-0.52197975,-0.83305126,-0.858967,-0.9342782,0.48008284,-0.8659963,-0.17219561,1.3281693,-0.22734183,-0.24443989,1.34261,0.23680991,-0.6854388,-0.9895347,-0.39638424,-0.71631104,-0.024221199,0.06790355,-1.559544,0.60917133,0.65928245,0.719811,0.51519567,-1.008591,0.6865422,1.3301256,-0.92397594,-0.39555335,0.9540787,0.29647294,-1.3162404,0.40901336,0.6355091,-0.60935163,0.64360696
M7|C00036,-0.93271846,-0.29153955,-0.031462237,-0.8643686,0.24625273,-0.44772622,-1.5576814,-0.8731286,-1.353681,0.51921326,-0.70020646,-0.6478274,0.29115424,-0.82824785,-1.1020671,0.4228506,0.7783559,0.64002544,-1.0085791,-0.38928905,-1.4184278,-0.6775015,0.7232639,-0.57690746,-0.51609164,0.9831657,-0.0709513,1.2339982,-0.00983761,0.7631094,0.6746821,-1.1325549,-1.1053066,0.38047037,1.0948457,0.55488163,-0.42883363,-0.14758448,1.1506995,0.09083637
M7|C00037,-0.6385422,0.41566184,-0.39191356,-0.7471283,0.75031686,-0.37743998,-1.965456,-0.6013762,-1.1683844,0.64820814,-0.34036112,-0.5771273,0.24980609,-0.42948055,-0.8052535,1.4989433,1.1143845,0.32366416,-0.81824666,-0.18985797,-2.170039,-0.50612813,0.3626648,-0.28747472,-0.41019133,1.406581,-0.3352307,1.3715744,0.47918287,0.15720032,0.75171083,-0.83604074,0.12465164,0.5068163,1.9317955,0.9978523,0.8056197,0.0010531098,1.1346844,0.24308388
M7|C00038,0.9710143,-1.4693997,-0.91089326,-0.27221388,0.62123466,-1.3593891,0.9747507,-0.18928649,-0.3883709,-0.319898,-0.71141624,-1.3564363,0.7645178,-0.7668973,0.19361752,2.2717047,1.4568949,0.6978317,-1.5154105,-0.49325347,-1.3580528,-0.79851955,0.46652102,-1.5592985,-0.74061346,0.50193393,0.5481453,-0.01874308,-0.11207664,-0.2563884,0.50788677,0.32208478,-0.007853237,0.1881685,1.3768303,1.2836764,1.6535835,0.35627213,-0.69517803,1.2277408
M7|C00039,-0.39452457,-0.56725013,-0.011398569,-0.14178558,0.65878886,-0.7419697,-0.800331,-0.76258725,-0.57527035,1.1491607,-1.1252687,-0.8257109,0.59019554,-0.5105578,-0.475504,0.6547591,0.29317933,-0.041580033,-0.90381134,-0.66584086,-0.9671696,-0.47640783,0.7176383,-0.3962614,-0.32160047,0.8280433,0.264213,0.8964551,-0.008863121,0.75775254,0.33400828,-0.32797173,-0.8242134,0.6614339,0.9836874,0.8664055,0.30337435,0.004480255,0.10125484,0.6738646
M7|C00040,-0.19740316,-1.1589979,-0.25935337,0.055202924,0.7139665,-0.48383227,-0.94314146,-0.66537356,-0.5645232,1.4181842,-1.3776902,-0.8838606,0.48969397,-1.0267873,0.09415709,0.3822828,1.290292,0.6156514,-0.9855684,-0.8716381,-1.1587751,-0.44217354,0.7251039,-0.31095174,-0.34835082,0.6345454,0.18573579,1.2472801,0.24541922,1.2016484,0.5483662,-0.44457015,-1.1508765,0.45515734,0.58586437,0.25019467,0.31526062,-0.40590626,-0.0852101,0.4620359
M7|C00041,-0.21469636,-1.1900316,-0.4973322,0.68168855,0.75738865,-0.61061656,-0.6862515,-0.9330101,-0.6358375,1.2773513,-1.0139717,-0.7180038,0.78264487,-1.1432356,0.037774216,0.36279276,1.808046,0.7251197,-1.212012,-0.7940973,-1.4321983,-0.7007431,0.1905255,-0.56634814,-0.4646234,0.49371162,0.20366248,1.1562514,0.041673146,1.0833892,0.9551778,-0.7275209,-1.1189734,0.059547346,0.4292553,-0.2408747,-0.007994291,-0.14227593,-0.0057241917,0.28933555
M7|C00042,0.073479414,-0.056943007,-0.38813344,1.2972848,0.9653098,-0.6705103,-1.2402682,-0.1567148,-0.023989953,1.2464378,-0.3477941,-0.7101275,0.55896807,-0.4181002,0.30416948,0.1272529,0.8346877,-0.72131705,-1.0546072,-0.2731961,-0.7889238,-0.4261683,0.016132183,-2.0345576,-0.3613236,0.026198685,-0.15132372,0.13002226,-0.0053412504,-0.9725649,1.3495188,-0.9751952,-0.28770953,0.08645741,0.3065822,1.0192399,0.34157157,0.4806428,1.2255836,0.3601253
M7|C00043,-1.0504482,0.8138329,0.42016777,0.6225262,1.0904355,-1.2911164,-1.6621281,-0.5261656,-0.5334407,-1.0548168,-0.31618372,-1.2779753,-0.3747631,0.61634034,-0.87716544,1.3890502,0.44146806,-0.41715822,-1.9378284,-1.0187818,-0.082646154,0.44224492,0.9132679,-0.8931311,0.22713347,0.7193392,0.039789166,0.94000673,-1.24033,-0.02461432,1.7113321,-0.2889449,0.21761183,1.3201762,0.87860775,1.0764146,0.79731196,0.8838912,0.37322074,0.95205563
M7|C00044,-0.5810936,0.7143301,-0.26142296,0.022820413,0.8498122,-0.48295832,-0.8695198,-0.9637214,-0.8522932,0.4708349,0.29279825,-0.5842205,0.8547578,-0.6587119,-0.73756284,1.6389828,0.8218404,0.017728519,-0.9237464,0.29906026,-2.291959,-0.6990299,0.39204565,-0.63086593,-0.50911486,1.5405747,-0.03149718,1.1914759,-0.60090125,-0.13231596,0.9311882,-0.41608557,0.430643,0.58283794,1.3053811,0.70625573,0.8410819,0.16415484,0.59849155,-0.11826732
M7|C00045,-1.2916423,-0.05831482,-0.16516343,-0.015136614,0.4207151,-0.71866846,-0.9251543,-0.85866123,-0.9616607,-0.29663458,-0.46413946,-0.8386028,0.26790148,-0.4973259,-0.88054335,0.94063646,0.26678246,0.38941258,-1.2547854,0.19630045,-0.98134243,-0.3478869,0.905835,-0.8784352,-0.5331431,1.4151493,0.4438904,0.768733,-0.94017583,0.35609233,1.2302315,-1.0033324,-0.61158216,1.0926054,0.39322346,0.12604019,-0.13187331,0.40560174,0.4844219,0.04966068
M7|C00046,0.04429424,0.070586234,-0.468392,1.4986101,0.9104256,-0.71893615,-1.0388105,-0.3864411,-0.022045344,1.0692925,-0.12254496,-0.58997893,0.64762515,-0.7298487,-0.17121346,0.1660713,1.1047108,-0.8251585,-0.99944746,-0.17660467,-0.543485,-0.8221486,-0.122178495,-2.249105,-0.19483323,0.2605522,-0.12511899,-0.15349986,-0.42473423,-0.8881527,1.3050804,-0.8338037,-0.36537546,0.25054938,-0.2038263,0.6169312,0.28258348,0.40935314,0.6508332,0.31111914
M7|C00047,-0.4512967,0.53290325,-0.17324698,-0.27742958,1.2865174,-0.97474575,-0.47207105,-0.76573694,0.689618,1.0409083,0.14308661,-0.13461697,0.4180126,-0.7726125,-0.39015362,1.4888244,0.21042308,-0.95760226,-0.91676325,-0.617813,-1.177244,-0.9437388,0.43393832,-0.45249516,-1.0741323,0.7873414,1.1823306,-0.26815635,-1.5444874,0.5152739,0.2317653,-0.40416148,0.4178559,1.2518226,1.6757174,-0.8271753,0.40219927,0.35702136,-0.44609514,0.37005752
M7|C00048,-0.35171163,-0.835959,0.48433992,0.059131384,0.92447644,-1.0126463,-1.1719986,-0.6358032,0.3478667,0.5235056,-1.7763426,-1.2260044,-0.42538774,-0.16986212,-0.8693287,0.33025047,0.9821869,-0.032885052,-2.043623,-1.898766,0.1668297,-0.014957763,0.85584974,-0.6578925,0.2826832,0.23784739,0.30436277,1.1453087,-0.61760217,1.2800769,0.95689756,-0.08900742,-0.885266,1.0002985,0.72683287,0.9802964,0.12225941,-0.38484514,-0.09684956,1.1410747
M7|C00049,-0.34948522,-0.9695803,-0.16008976,0.31232196,0.7923658,-0.81951326,-0.12255621,-1.0572603,-0.44312,1.3883413,-1.0379801,-0.87797415,0.95538926,-0.84117025,-0.116656065,0.62816846,0.8922528,0.268879,-1.0647454,-0.45082012,-1.1540383,-0.7657269,0.8199135,-0.35600019,-0.54720116,0.8096627,0.47815222,1.0063646,-0.17500547,0.879533,0.44870114,-0.09359263,-1.0519909,0.6441059,0.4966351,0.44675747,0.25802982,-0.30852076,-0.2979721,0.3108936
M7|C00050,-0.4876617,-0.8764933,-0.072902344,-1.0718899,1.638297,-0.36632335,-2.7248454,-0.5504242,-1.5447996,1.4564965,-1.829892,-0.1327596,0.65399575,-0.19133762,-0.5450345,0.84495014,0.4668227,-0.35321966,-0.7973505,-1.4964954,-0.8561677,0.06554834,0.23174544,-0.6900654,1.0634414,0.45818293,-0.26853305,0.9014673,0.6647231,1.5181113,0.27800164,-1.0068076,-1.227918,0.53578085,1.8386836,-0.026670828,0.55592346,-0.20571269,0.5294323,1.2026389
M7|C00051,-0.2514915,-0.83244663,-0.39378342,0.58261037,1.584454,-0.6928793,-0.83395725,-0.9422482,-1.0535924,1.0664188,-0.92862964,-0.27816427,1.4959831,-0.15525743,-0.36745724,1.0319924,-0.0018146243,-0.55454177,-1.0909879,-0.56996346,-0.87991756,-0.20565912,0.073257044,-0.77502257,0.4524207,0.477485,0.49845624,0.7380778,-0.3755791,0.92190003,0.88566506,-0.46471384,-0.83363175,0.7695359,1.017667,-0.67906106,0.5726893,0.42828363,-0.12087542,0.6638103
M7|C00052,-0.40343118,-0.1722355,-0.15972006,0.41267848,0.6211378,-0.72030133,-0.8237974,-0.8809171,-0.5822992,0.7041871,-0.6610437,-0.67391497,0.6650135,-0.82496136,-0.9435695,0.6757434,0.5709161,-0.38241783,-0.8764979,-0.6277389,-0.860118,-0.7250395,0.31608716,-0.9438007,-0.04825447,0.9132007,0.20845686,0.7016418,-0.5826581,0.5352946,0.5083215,-0.49932432,-0.5509127,0.5687604,0.50620955,0.3576232,0.07901444,0.18985178,-0.3839903,0.7647767
M7|C00053,0.00074546534,-0.08328835,-0.27378052,0.97969836,0.8927738,-0.6657577,-1.1160296,-0.41974103,-0.24890728,1.5268866,-0.2577244,-0.78525066,0.6483087,-0.5835661,-0.022385975,0.32355043,0.87167865,-0.8754967,-0.7447483,-0.20113939,-0.89068055,-0.9084975,0.33103952,-1.9170065,-0.46043268,0.34846473,-0.20489705,0.00056137145,0.07091686,-0.86054856,0.8611255,-0.7050716,-0.34089574,0.1898706,0.037154038,1.2035757,0.4722836,0.3120894,0.9086607,0.19336577
M7|C00054,-0.48061016,-0.72077435,-0.28239363,0.7834038,1.6484971,-0.57743746,-0.60937583,-0.88217163,-0.95501965,1.1438811,-0.571132,-0.20793404,1.3551788,-0.27374145,-0.23629767,0.9999711,0.1602896,-0.70651895,-1.1616644,-0.32099697,-1.0940878,-0.45678666,0.3004141,-1.0294491,0.585582,0.6264112,0.81541806,0.60027474,-0.718054,0.80274415,1.0131102,-0.47745574,-0.5154499,0.59779555,0.63706654,-0.80867076,0.65121907,0.38536716,-0.3170826,0.5144131
M7|C00055,-0.7226229,-0.14034367,0.010012403,-0.4707309,0.41375422,-0.5932018,-1.2642754,-0.7808164,-0.8717925,0.56208175,-0.70054746,-0.7785444,0.39465222,-0.754725,-1.030202,0.58682436,0.5561515,0.10807795,-1.0188087,-0.40068948,-1.1350788,-0.62718517,0.6951489,-0.7013183,-0.29139116,0.9862223,0.04282489,0.95066196,-0.303597,0.5627161,0.52905613,-0.7248273,-0.79329425,0.60741305,0.8627491,0.6370211,-0.08391842,-0.024790362,0.49558893,0.40369096
M7|C00056,-0.5703821,-0.008202354,-0.07454279,0.24483241,0.57602674,-0.7240031,-1.1188931,-0.83196354,-0.7317129,0.35150453,-0.6491643,-0.7345794,0.51175207,-0.90160733,-1.085118,0.6094478,0.49009857,-0.2619333,-0.89895517,-0.6066195,-0.95437837,-0.47282672,0.11494508,-0.86029965,-0.24957407,0.9141082,0.064248405,0.73683006,-0.58333254,0.40068784,0.682086,-0.76707524,-0.6088496,0.4897493,0.6284104,0.32993022,-0.19810195,0.3630433,-0.008397818,0.71975833
M7|C00057,0.45925558,-1.3644948,-0.48645183,0.15156072,0.4951509,-0.76221305,0.094954945,0.17725842,-0.40691087,-0.218822,-0.7529638,-1.6934371,0.22013123,-1.1636965,0.25964186,1.9886786,0.94885755,0.41713545,-0.97556,-1.2126054,-1.0389013,-0.13429758,0.3408121,-1.3310406,-0.21498172,0.49979743,0.5044723,0.42445767,-0.3306884,0.038176425,0.54141235,-0.19214512,0.2423506,-0.010385744,1.1993138,0.83108836,1.3013545,0.19913296,-0.5353711,1.0281786
M7|C00058,-0.27574036,0.081069894,-0.5465484,0.38654208,1.3100297,-0.780931,-1.3123093,-0.744519,-0.712375,0.8047564,-0.39832297,-0.1861218,0.73969537,-0.43154427,-0.5182802,1.2627469,-0.04016156,-0.93664765,-0.56860465,-0.7869852,-1.130037,-0.07308928,-0.12480233,-0.61609626,-0.5016487,0.7670126,0.6623549,0.5940763,-0.6723099,0.4621861,0.3356347,-0.44278583,-0.25422394,0.750447,0.8951691,-0.5707395,0.32749832,0.7310166,-0.15822221,0.8731025
M7|C00059,-0.2777922,-0.1442913,-0.12925498,0.8362991,1.1343333,-0.56831896,-1.6324898,-0.17004305,-0.24376094,1.4811515,-0.5945718,-0.8294241,0.044722017,-0.26184288,0.20290105,0.38096264,0.9286607,-0.8958471,-0.78439325,-0.4180449,-0.5672209,-0.5365649,0.43871114,-1.9897898,-0.22410591,0.44123688,-0.3432896,-0.031636257,0.26042303,-0.7846263,1.0580338,-0.89642423,-0.40133572,0.19397803,0.07372303,1.2858429,0.7653014,0.21643113,1.2149587,0.2367506
M7|C00060,-0.32948357,-1.3926411,-0.37384558,0.6144008,0.9237516,-0.6802781,-0.11721385,-1.003606,-0.501813,1.3747841,-1.0759708,-0.84460896,0.775603,-0.820841,0.54879683,0.5818828,1.393917,0.7159975,-1.2423568,-0.46640036,-1.505567,-0.5953755,0.81259614,-0.3746134,-0.741602,0.5212439,0.58037794,1.1717234,0.044896554,1.0695498,0.9327195,-0.45582652,-1.0191798,0.3734425,0.51593417,-0.050729737,0.30287832,-0.18466242,-0.0905583,0.041626558
M7|C00061,-0.76659894,-0.7530834,0.26330736,0.67919403,0.9636386,-0.7050043,0.2749549,-1.1975101,-0.091160245,0.9093687,-1.169474,-1.0432477,0.3054169,-0.68331677,-0.11124769,0.89877367,0.5000395,-0.0005844335,-1.1042609,-0.37912253,-0.53480417,-0.30587223,1.2538074,-0.83253646,-0.3686448,1.1339034,0.74830896,0.67396253,-0.96124333,0.77925664,0.6377819,0.08039043,-0.796271,1.1010755,-0.28838667,0.32897553,0.50316125,-0.34846547,-0.93643445,0.118248455
M7|C00062,-0.24226177,-1.0640509,-0.279927,-0.108883865,0.7241015,-0.5792644,-0.73808455,-0.8643705,-0.40620875,1.6444864,-1.3657742,-0.8205498,0.72038573,-0.89074963,-0.0035200417,0.42734957,1.0555016,0.5220353,-0.89434844,-0.62998724,-1.2269593,-0.567973,0.94554263,-0.23645382,-0.38609043,0.8021095,0.274521,1.1528,0.31690353,1.0982141,0.32264376,-0.24026017,-1.1782072,0.646736,0.57613915,0.59626406,0.4354348,-0.3997264,-0.13219127,0.34218335
M7|C00063,-0.31249532,-0.9654682,-0.3176444,0.69411063,0.5963511,-0.7134091,-0.516416,-0.8198976,-0.41708302,1.0917083,-0.94193697,-0.89553046,0.7246282,-1.0454886,-0.16356573,0.559065,1.0508244,0.1730926,-0.94738156,-0.6531323,-1.0388925,-0.6277641,0.4005386,-0.70319,-0.3905448,0.7577463,0.36644658,0.89177537,-0.2773567,0.80733365,0.6278768,-0.46496883,-0.8965652,0.43886986,0.24275129,0.061551493,0.07949199,-0.110702604,-0.38836062,0.542997
M7|C00064,-0.11199003,-0.96465784,-0.15201809,-0.47336802,1.7136855,-0.5266526,-1.5394787,-0.81408423,-1.5245973,1.5550694,-1.3871473,-0.22733147,1.4321852,-0.07850008,-0.5690756,0.7826565,0.13167645,-0.31281805,-1.216678,-0.96834534,-0.83029836,-0.17317784,0.14867395,-0.51297444,0.8637464,0.48067805,0.08904775,0.79527074,0.26384526,1.389479,0.5515974,-0.4763209,-1.2738385,0.60727334,1.6426152,-0.23279639,0.67491907,-0.0983538,0.58590513,0.9177783
M7|C00065,-0.19230586,-0.043858707,-0.4550583,1.6087726,1.1023555,-0.63605607,-0.96651435,-0.5038291,0.129177,1.1232454,-0.10219631,-0.73811746,0.49278334,-0.33946398,-0.0054235496,0.41579935,0.97588587,-0.8878531,-1.0251799,0.09091578,-0.70008796,-0.9506442,0.17139983,-2.2639139,-0.29213977,0.32999846,-0.0095011145,-0.12614802,-0.43352166,-1.1077896,1.3747526,-0.8582794,0.05485435,0.2502364,-0.4112289,0.64968854,0.4869227,0.5411731,0.6538648,0.042746916
M7|C00066,-0.4604434,-0.24073188,-0.109987795,0.45474276,0.723679,-0.7944181,-0.6395625,-0.7340149,-0.5019672,0.5231378,-0.767924,-0.77108216,0.58169246,-0.6506398,-0.69380003,0.6996538,0.22442324,-0.4029394,-0.89478487,-0.6051179,-0.8653033,-0.41330603,0.32015795,-0.7946194,-0.25210392,0.851458,0.38144195,0.71627855,-0.5365993,0.39354852,0.6862924,-0.5245267,-0.46575436,0.60531133,0.71140057,0.41623437,0.077189416,0.42174435,-0.21414089,0.75290984
M7|C00067,0.0523598,-0.28701204,-0.14955887,0.41509733,0.95447415,-0.5030077,-1.8214788,-0.32181042,-0.30043527,1.8146123,-0.7308113,-0.7208457,0.19398864,-0.174078,0.07243659,0.2231607,0.92291623,-0.53104156,-0.87729245,-0.49570808,-0.88950634,-0.7334361,0.39887407,-1.7354723,-0.2609277,0.13830285,-0.51235455,0.17783208,0.62435126,-0.5292729,0.7808573,-0.92151624,-0.3587393,-0.050650477,0.6028545,1.5421333,0.5446269,0.023570115,1.4369415,0.3447136
M7|C00068,-0.6770331,1.0309577,-0.28173894,0.5045965,0.76571983,-0.6424682,-1.0329165,-1.1235908,-0.88408285,-0.51143456,-0.12108997,-0.7151742,0.18274932,-0.17494257,-1.1450256,1.7171812,0.22472179,-0.0033967867,-1.0647957,0.19631629,-1.3317238,0.197824,0.3151071,-0.7473712,-0.17498553,2.0968008,0.17685373,0.9764259,-0.82864976,-0.29235283,1.3016307,-0.21730758,0.40163445,1.5047989,1.0168725,0.6791444,0.8981192,0.21889825,0.23079467,0.30715227
M7|C00069,-0.46541262,0.4534887,-0.2403353,0.13806985,1.0989614,-1.0172404,-0.7680237,-0.74977803,0.46951738,0.7054825,0.18300568,-0.13911894,0.18623161,-0.7410713,-0.6897008,1.4293895,0.22614078,-1.1608726,-0.8424565,-0.8691624,-0.96443796,-0.8401225,0.09892126,-0.5678768,-1.0324323,0.7919388,1.0831171,-0.35872856,-1.6780218,0.6607657,0.3996396,-0.6259336,0.5081794,1.1129602,1.4716357,-1.1199864,-0.06551859,0.5829924,-0.6605878,0.7091574
M7|C00070,-0.45768476,-0.8996288,-0.37566543,0.5354541,1.9628897,-0.62188613,-0.5509488,-0.98352206,-1.1459869,1.1334637,-0.8926594,-0.1755634,1.8115555,0.0207818,-0.054475453,1.1753091,-0.1463246,-0.5529693,-1.2940186,-0.17771512,-1.0170606,-0.07875191,0.3245759,-0.827925,0.55998427,0.5351867,0.72440904,0.6213689,-0.48094213,0.861272,1.0982922,-0.3998778,-0.8244926,0.9589042,0.9379894,-0.87805855,0.7651621,0.47888827,-0.06179244,0.37862638
M7|C00071,-1.0847055,-0.022526965,-0.07789968,-0.6040713,0.31442118,-0.5946361,-1.4657092,-0.6648196,-1.2465315,-0.19571753,-0.65081847,-0.8625688,0.2842423,-0.5916487,-1.2033453,0.75959194,0.47490135,0.39757347,-1.1478314,-0.13610002,-1.0253848,-0.26730335,0.48976418,-0.5956561,-0.6142935,1.2272645,-0.09996348,1.0156167,-0.4388351,0.51991713,1.0559747,-1.2034056,-0.8561821,0.8471179,0.88480914,0.41595414,-0.38244373,0.31939945,1.0869174,0.18251774
M7|C00072,-0.35506064,-0.8881049,-0.36962828,0.64576477,1.6449981,-0.6098753,-0.893013,-0.7586003,-1.1651123,0.8729974,-0.9735431,-0.32018203,1.3733469,-0.17875154,-0.23282313,1.0013041,0.16280928,-0.45910078,-1.1806395,-0.5848426,-0.95163155,-0.07461929,-0.04594192,-0.84057987,0.31351823,0.4625445,0.44976193,0.7535125,-0.3791466,0.8695404,1.1678649,-0.75209117,-0.7155638,0.5930568,0.993255,-0.86284006,0.39927167,0.5249066,0.06778582,0.64115226
M7|C00073,-1.006427,0.10290549,-0.093977734,0.24978498,0.46458173,-0.77613103,-0.90293974,-0.91534793,-0.88343227,-0.27576774,-0.4613771,-0.7870406,0.2705452,-0.65349084,-1.1420383,0.8616568,0.36098087,0.06838492,-1.2267574,-0.14935152,-0.6383821,-0.44803816,0.69585294,-1.1805301,-0.0783262,1.3818778,0.3555048,0.60806495,-1.1117246,0.36260772,1.0975494,-0.7786622,-0.5474146,1.0875477,0.34903282,0.17990103,-0.057941146,0.24249394,0.04981675,0.38709748
M7|C00074,-0.12590681,-1.3258274,0.6755227,-0.7895748,0.48654956,-1.3006328,-1.3175678,-0.7572666,0.30590606,0.42583448,-0.6451484,-1.4019141,-0.87425625,-1.5168234,-0.36772147,0.56908226,-0.06909653,-0.47263527,-0.30045372,-0.9976914,-1.3519857,-1.010011,1.0798483,-1.4133229,-1.1547078,0.24610767,0.8488091,-0.8311011,-0.07931909,0.024127454,0.31002367,-1.2839394,-0.99805033,0.630553,0.82265466,0.09008975,0.7544707,-0.08047137,0.11720021,0.55698025
M7|C00075,-0.5168212,0.18889318,-0.5379408,0.13210583,1.7447697,-0.44536513,-1.414911,-0.8782483,-0.6852133,1.3136662,-0.11115493,0.20490284,0.6735068,-0.33283055,0.10047651,1.8248165,0.0018923022,-0.8948581,-0.41735452,-0.6215621,-1.6595242,-0.15187484,0.35628712,-0.6607209,-0.6187799,0.7987219,0.87038547,0.48929575,-0.9636084,0.8041148,0.01865375,-0.5432054,0.12825371,0.46654102,1.0097271,-1.0404772,0.8053157,0.5839574,-0.21856794,0.51562804
M7|C00076,-0.50151604,-0.79311585,-0.3967952,0.39674562,1.100353,-1.3813407,-0.6317914,-0.43430978,1.1115282,0.18413962,-0.2893977,-1.4112848,-0.612566,-0.43680957,-1.070862,0.56517583,0.36258167,-1.5915943,-1.5049217,-1.2800523,0.23642087,-1.9052576,0.004114561,0.0027916282,-0.7328896,0.6467111,1.3801838,0.38692266,-1.118635,0.65024483,1.1526179,-0.28938234,0.2824267,1.5697477,1.1234753,-1.0037214,-0.13377155,1.0247281,-0.6576472,1.0910124
M7|C00077,-0.50050366,0.40972784,-0.30452105,-0.049637504,1.206344,-0.7519887,-1.003108,-0.6542225,0.48405445,0.7946496,-0.0026772916,-0.020837441,-0.0653055,-0.7238317,-0.5452231,1.4085375,0.43100363,-0.89233834,-0.8108091,-0.8132408,-1.1839073,-0.8462581,0.06309377,-0.6310428,-1.1490582,0.78229886,0.97780865,-0.30401096,-1.4153575,0.730899,0.5256005,-0.979928,0.6330168,0.93121445,1.636629,-1.2327522,0.078398794,0.66509676,-0.47331783,0.59856236
M7|C00078,-1.2137883,-0.20229243,-0.06643002,-0.037123263,0.6819781,-0.92137015,-0.12650232,-1.172869,-0.6069921,0.24538684,-0.17266588,-0.8395754,0.936851,-0.64268804,-0.7896503,0.8930439,0.34710288,0.14525712,-1.3175886,0.71097755,-1.425497,-0.94383097,1.1689668,-0.8244935,-0.6198214,1.2114751,0.7538199,0.7348203,-0.8953006,-0.005755335,0.9317788,-0.37699306,-0.82838,1.0418763,0.1051423,0.13059337,0.19580033,0.084076196,0.2960036,-0.36189115
M7|C00079,-0.49718264,-0.05229641,-0.48771992,0.30982533,1.368382,-0.5950959,-1.3536093,-0.7111058,-0.66320825,1.1095533,-0.32947546,-0.20935898,0.6938098,-0.5553381,-0.07777166,1.4292495,0.21020931,-0.65083855,-0.46158004,-0.719266,-1.5767453,-0.28431183,0.16293138,-0.5270916,-0.7214032,0.7846733,0.68090713,0.7215289,-0.6771257,0.61508214,0.25582603,-0.639111,-0.059794113,0.38282073,0.95974106,-0.56169736,0.4672341,0.6137118,-0.14785248,0.6762272
M7|C00080,-0.32610333,-1.036165,-0.0574813,-0.22470537,1.7581556,-0.38379133,-1.2905488,-0.6221273,-1.4668498,1.6226093,-1.2207928,-0.20441452,1.1546111,-0.11978052,-0.073992014,0.8615763,-0.045667995,-0.293845,-1.1805987,-0.7409245,-1.2160838,-0.04904679,0.46473658,-0.55705106,0.83316886,0.5914042,0.49926078,0.9064082,0.10888118,1.4028313,0.73444855,-0.557546,-0.87084615,0.48172164,1.649724,-0.31389827,0.78351176,-0.10896149,0.36140484,0.8353345
M7|C00081,-0.34082174,0.74106234,-0.6356282,0.22769387,0.4676445,-0.40238926,-1.5912814,-0.6051339,-0.97508764,0.11343857,0.12875818,-0.6618781,0.41785127,-0.98068863,-1.2703887,1.041732,1.2213726,0.012431771,-0.9615569,-0.27918214,-1.9093488,-0.83925635,-0.56048095,-0.61673105,-0.36431926,1.3765692,-0.329139,1.3718177,-0.26816,-0.14025775,1.1575266,-0.82480204,0.22193207,0.25646973,1.2623198,0.3626486,0.27961507,0.4315228,0.78517056,0.48577088
M7|C00082,-0.22768083,0.12277693,-0.23758554,-0.37797537,1.191036,-0.96771723,-0.86034334,-0.36338884,0.49876314,0.9588281,-0.39274418,-0.20307058,0.13629791,-0.7764939,-0.13971233,1.1662943,0.282529,-0.60930234,-0.95345205,-1.245826,-1.2508637,-0.4449314,-0.093235314,-0.071725875,-1.3000597,0.5393516,1.0097662,0.052004695,-0.94566995,0.75934577,0.51414347,-0.8527322,0.2127708,0.87687635,2.392041,-0.76619387,0.08958647,0.5331156,0.15093088,0.715737
M7|C00083,-0.7435364,-0.3937448,-0.44932604,1.4804974,1.7826105,-0.57626826,-0.15808177,-1.1848547,-0.80315596,0.7147615,-0.017723888,-0.038668677,1.6440009,-0.4423858,-0.40926293,1.27551,0.21852334,-0.84675,-1.2923372,0.2292835,-1.0354857,-0.6604783,0.3512661,-1.5381012,0.94687027,0.87505215,1.1405426,0.32330704,-1.6035223,0.589784,1.2899965,-0.3358917,-0.11120721,0.82448304,-0.14886777,-1.5199959,0.6922521,0.48815054,-1.1107159,0.31339574
M7|C00084,-0.50199103,-0.8992144,0.09575205,-0.1120879,0.34272727,-1.1090887,-0.3847939,-0.6167346,1.6253803,0.5480702,-0.63514805,-1.2811735,-0.68309647,-0.9668044,-0.11107412,1.487874,0.37448487,-0.5195938,-0.5848481,-1.070266,-0.58013546,-1.4951657,0.7349107,-0.8446256,-1.5418382,0.98370117,0.81877804,-0.6165683,-1.500179,1.0459967,0.8560729,-1.6456887,0.9674528,1.7027651,2.4222467,-0.6630006,-0.41156954,0.13534716,-1.4198833,0.76882017
M7|C00085,-0.43068153,0.03387688,-0.36162663,-0.2509267,1.4754641,-0.5577111,-1.4913657,-0.84880435,-0.6504518,1.3398514,-0.51653695,-0.011284426,0.47288084,-0.2787175,-0.28497154,1.3344315,-0.03044559,-0.7292979,-0.5990257,-0.70872426,-1.3848314,-0.24601385,0.39924514,-0.46372935,-0.41281557,0.8487877,0.64054084,0.55360615,-0.5051794,0.7561036,-0.027912427,-0.38331953,-0.27995634,0.5393338,1.1956208,-0.417571,0.73659956,0.33117312,0.051246688,0.6058052
M7|C00086,-0.3297029,0.36321256,-0.5765731,0.2748115,0.842055,-0.41909868,-1.1007953,-0.68761396,-0.8006045,0.19370076,-0.09536643,-0.7201133,0.261742,-0.7526307,-0.7101484,1.1441243,0.8822061,0.13814583,-1.1025685,-0.10750958,-2.1209743,-0.616877,-0.24852194,-0.5797587,-0.5317139,1.432052,0.10595512,1.4906738,-0.3212352,-0.10742742,1.451157,-0.7201574,0.36671996,0.43094826,1.5514932,0.2953679,0.6110496,0.4627034,0.8555088,0.1671541
M7|C00087,-0.37794033,-0.05848021,-0.53250045,0.4574153,1.2941215,-0.74463475,-1.2037091,-0.7117323,-0.60070467,0.8780521,-0.31758255,-0.24866132,0.8996322,-0.5726456,-0.38874352,1.3349901,0.1628716,-0.76384956,-0.5266553,-0.7460396,-1.3945014,-0.3001089,-0.14671944,-0.43615502,-0.6758189,0.761293,0.68293446,0.656994,-0.69288117,0.47083572,0.3833515,-0.5348309,-0.18630388,0.49557906,0.8323499,-0.596964,0.42840382,0.81968004,-0.2557507,0.7784189
M7|C00088,-0.3231258,-0.013358384,-0.16454059,0.076422244,0.5805022,-0.6656679,-1.2246318,-0.6232158,-0.84433484,0.6097936,-0.6579903,-0.7517314,0.52870345,-0.6057739,-0.8798095,0.7461388,0.5619012,-0.21664938,-0.8643913,-0.7506347,-1.2043588,-0.43191352,0.06794489,-0.5148213,-0.34221452,0.86666024,-0.08658862,1.0101498,-0.0753441,0.4587708,0.65512323,-0.7172465,-0.47593012,0.3890809,1.2947607,0.6650302,0.17022167,0.3512949,0.4506157,0.73060703
M7|C00089,-0.6622826,-0.7226511,-0.37206227,0.22511156,0.53034055,-0.9891826,-0.085005164,-0.68878937,1.8552768,0.56893474,-0.61710757,-1.1099935,-0.5490961,-0.8357705,-0.046816207,1.4380267,0.4339469,-0.66042817,-0.65626925,-0.7591054,-0.5428779,-1.5767181,0.7222272,-0.68604076,-1.3471279,1.3268574,1.1250684,-0.42549512,-1.4827039,0.8523189,0.9976791,-1.3205793,1.2083292,1.9483598,2.0364292,-0.81086135,-0.25464222,0.37510324,-1.6345353,0.6577492
M7|C00090,-1.30093,0.77511585,0.17181095,0.7786085,1.2859131,-1.0666199,-1.1557498,-0.74194604,-0.22267501,-1.122128,-0.3671671,-1.226504,-0.3565231,0.5075729,-0.64063317,1.6256129,0.23868215,-0.09463359,-1.8988054,-0.4662405,-0.32362777,0.106717356,0.89006096,-0.99349964,0.20897888,1.1508483,0.531721,1.0981048,-1.8667544,-0.007048905,1.8762081,-0.23508444,0.47297508,1.572869,0.5862312,0.17007825,1.1187004,0.93456525,-0.032411404,0.5425604
M7|C00091,-0.20889167,-1.0641574,-0.36817384,0.13506716,0.61262476,-0.424754,-0.9949975,-0.74410826,-0.5189106,1.4883229,-1.2913293,-0.77290773,0.43302554,-1.1625443,-0.012619618,0.2794216,1.4721377,0.59418625,-0.9486192,-0.9233578,-1.2030288,-0.62660736,0.6226484,-0.42205527,-0.21454406,0.74426574,0.13829923,1.2351848,0.22520977,1.2014083,0.49782455,-0.5010669,-1.118574,0.29301727,0.5281328,0.17004506,0.24277556,-0.46937245,-0.16198218,0.50243783
M7|C00092,-0.32132885,-0.7475322,-0.37913236,0.9159893,1.5737855,-0.39691377,-1.2811348,-0.4700414,-1.3525562,0.7481003,-0.79951185,-0.20672259,1.0998464,-0.66650736,-0.34648663,0.76862824,0.5227929,-0.4851827,-1.1430274,-0.87251854,-1.0976768,-0.013541762,-0.36242288,-1.1657813,0.7087556,0.5592021,0.40728474,0.84160435,-0.5861751,1.0638086,1.3432612,-1.1206672,-0.5610728,0.21705875,0.9134244,-1.1316972,0.21089007,0.48322234,-0.14349826,0.9491161
M7|C00093,-0.5352039,-0.37328738,0.051141486,0.5651818,0.9163612,-0.98568094,-1.1772399,-0.49537584,-0.3157215,0.4796451,-0.819535,-0.9848447,0.20043394,-0.30963072,-0.60533273,0.47108656,0.3442914,-0.70869887,-1.2092273,-1.0446496,-0.4197685,-0.30667472,0.56708145,-0.8065785,0.008872233,0.4645929,0.28111842,0.7574719,-0.41229996,0.39078885,0.9936104,-0.43941814,-0.5763669,0.74896497,0.57073545,0.72871965,0.1955274,0.38762236,0.16001485,0.95640683
M7|C00094,-0.052144542,-0.9709144,-0.01702597,-1.1410451,1.4856589,-0.4396649,-1.7293208,-0.5639626,-1.5464349,1.97997,-1.7525262,-0.25726235,1.1220717,-0.17255859,-0.26331902,0.58867896,-0.010870776,-0.16019545,-0.94374424,-1.1978005,-1.1486585,0.12546632,0.44728565,-0.110708944,0.62995005,0.5232674,0.030812897,1.0275086,0.89518803,1.619151,0.1374761,-0.43305022,-1.4640839,0.56891274,2.3066123,0.64767164,0.7115562,-0.21768244,0.85920423,1.0965805
M7|C00095,-0.7789958,-0.56885433,-0.31895453,0.5411607,1.9451327,-0.613382,-0.12078955,-1.1850514,-0.81367874,1.063701,-0.61070496,-0.16948703,1.7865934,0.07084337,-0.25160548,1.4359238,-0.079912946,-0.7439729,-1.307975,0.25304824,-0.96588725,-0.3954056,0.8509209,-1.0789683,0.56040907,0.8548313,0.87941223,0.38582784,-1.027144,0.66841394,0.8781437,-0.15063986,-0.48673666,1.1583877,0.3120073,-0.763469,0.9445164,0.36747736,-0.5822528,0.14894591
M7|C00096,0.019433066,0.2968651,-0.39267227,-0.10262316,0.89722115,-0.9769361,-1.6072785,-0.5951996,0.08432178,0.82242155,-0.06339143,-0.15759611,-0.14894122,-0.8372834,-1.0680672,1.0249828,0.81754315,-0.8421752,-0.7250148,-1.4057016,-1.0573729,-0.93677324,-0.6314032,-0.41351652,-1.2185024,0.50213546,0.44722092,-0.07495183,-1.0490348,0.9345563,0.41780096,-1.0770873,0.24166839,0.7481969,1.9097159,-1.2061653,-0.4760431,0.64472044,-0.19460654,0.8118545
M7|C00097,-0.122358076,0.7497141,-1.1641405,1.4318718,1.1392187,-0.17794718,-3.0781002,-0.5405603,-1.1371585,0.25367635,0.3126192,0.55328965,0.119527146,-1.4636767,-1.0618564,1.0007769,1.5231944,-0.7862662,-0.34570068,-1.8383113,-1.3708562,-0.13710484,-1.850113,-1.6677637,0.05143389,0.46883503,-0.11440939,0.4889347,-1.393671,0.87937295,0.7608022,-1.9807259,0.27913153,-0.7425873,0.39971608,-2.3755572,-0.5758995,1.1471901,-0.43616113,1.4741099
M7|C00098,-0.6045695,0.67393667,-0.5405639,0.59383947,0.8500929,-0.5381466,-0.49996442,-0.99184215,-0.63568854,0.1260701,0.2842303,-0.5172283,0.7393123,-0.5469884,-0.5041929,1.5783782,0.69322574,0.1793052,-1.0838227,0.48616308,-2.2774334,-0.40674672,0.2893067,-0.78033084,-0.6059784,1.5730617,0.3212313,1.1450144,-0.8620801,-0.30614242,1.3517187,-0.53091764,0.59552664,0.69687253,1.1268247,0.35400933,0.81471825,0.49757522,0.4099927,-0.23238096
M7|C00099,-1.6110897,0.12058134,0.31410617,1.3583008,1.3992141,-1.4251215,-1.3535894,-0.39322197,0.21095291,-1.615913,-0.502682,-1.8505912,-1.0539631,0.46261895,-0.7067872,0.7789613,0.5068153,-0.6817697,-2.455469,-0.9998788,0.6080636,-0.18778324,1.1333692,-1.2384094,0.4265746,0.6383494,0.837002,1.2236531,-1.9947836,-0.057737097,2.7367678,-0.32723916,0.07598266,1.8351557,-0.20651431,0.13011456,0.6833131,1.0590818,0.12200067,0.83149993
M7|C00100,-1.7160721,0.779146,-0.18276948,1.125463,1.4808209,-1.1352623,-0.49199837,-1.0323277,0.25593162,-1.441507,-0.09917862,-1.3282402,-0.42439443,0.4886278,-0.63350505,1.5968276,0.12847345,-0.26971772,-2.1714876,0.31307048,-0.1057109,-0.406917,1.352072,-1.2831044,0.3387409,1.5835584,1.2633431,0.87899745,-2.4225783,-0.47810894,2.1072361,0.22586389,0.66891676,2.0966434,-0.25042284,-0.31013325,1.3110516,1.1380254,-0.64404476,0.216373
M7|C00101,-0.746682,-0.53865963,-0.7945608,1.7843184,0.8272637,-0.74910665,0.46246892,-1.2636416,0.24832834,0.5643754,-0.25557694,-0.69943154,1.2202883,-1.231945,-0.19973713,0.8944187,1.1510062,-0.0044227615,-0.9949292,0.47997445,-0.81722903,-1.0473049,0.79228514,-1.4081781,-0.24085777,1.0336555,1.0822588,0.49980217,-1.4861181,0.23704262,1.0344801,-0.10688873,-0.3858972,1.1638951,-1.3639681,-0.76844966,0.30588713,0.3304407,-1.683658,-0.16063613
M7|C00102,0.26909024,-1.100452,-0.66185373,0.51978606,0.27273345,-0.86988705,-0.49084923,-0.6761724,-0.56940967,0.060551643,-0.3674296,-1.3777902,0.709054,-0.9569029,-0.65966207,1.7314804,1.1251677,0.11188195,-0.94414717,-1.085049,-1.0535312,-0.41644555,-0.20777626,-0.9380831,-0.046896208,0.5059725,0.13459206,0.65427136,-0.09433316,0.07954643,0.19146413,-0.3739143,-0.051584788,-0.0039649457,0.5984212,0.5222344,0.7731033,0.47511184,-0.47427496,0.8853111
M7|C00103,-0.5419546,0.16223481,-0.27417913,0.9835339,0.7684329,-0.74207884,-0.49266127,-0.9060833,-0.3714215,0.2280944,-0.24965927,-0.68255436,0.69577956,-0.9235709,-1.1003938,0.7758718,0.4304908,-0.675856,-0.9222206,-0.28847444,-0.75174236,-0.74565494,0.13317274,-1.2630253,-0.12789851,0.95707774,0.45387858,0.460873,-1.1893448,0.15729032,0.78208,-0.52629155,-0.12779662,0.6328549,0.03697379,-0.14602685,-0.028260333,0.6142199,-0.7623227,0.624604
M7|C00104,-0.6805267,0.6399383,-0.60791594,0.41131905,0.821216,-0.54088104,-1.1779578,-0.74893326,-0.95327634,0.032801196,0.100835875,-0.5939373,0.5788641,-0.53257036,-0.9131358,1.5465263,1.0221069,0.055857755,-0.9167332,0.17507966,-1.9160842,-0.54359895,-0.031181231,-0.76348794,-0.6564955,1.4393829,-0.038718827,1.123058,-0.42016602,-0.15207168,1.306271,-0.9630691,0.3041579,0.6256264,1.1641463,0.21724926,0.57784086,0.5531354,0.5841947,0.15155041
M7|C00105,-0.032389246,-1.037887,0.46559218,0.34034252,0.46089762,-1.3428502,-0.8886859,-0.93066835,0.4163715,-0.15006658,-0.15088516,-1.3629466,-0.82496464,-1.7588086,-0.4742731,0.4845428,-0.12564832,-0.73822683,-0.1416739,-0.8172334,-1.1347747,-0.9721785,0.6656783,-1.9608113,-1.2634987,0.24669507,1.0017024,-1.0326011,-0.6834992,-0.40810883,0.7347984,-1.3975346,-0.8241188,0.5594101,-0.035370693,-0.5935049,0.54898083,0.30405805,-0.3061896,0.4596499
M7|C00106,-0.27715477,-1.0679044,-0.10621758,-0.20874211,0.9654021,-0.7022669,-0.7040057,-0.9817183,-0.5341481,1.5391608,-1.3121103,-0.8065636,0.6692568,-0.5967521,0.051795915,0.55019766,0.8783463,0.60334307,-1.1249967,-0.5157614,-1.4006572,-0.48783967,0.8844264,-0.25724673,-0.48007947,0.5688389,0.33008283,1.0943898,0.2792706,0.9872983,0.4876846,-0.25619525,-1.1536282,0.52901196,1.090844,0.6075505,0.4194998,-0.39591616,0.2634047,0.13719794
M7|C00107,-0.6305179,0.3728745,-0.47507325,1.0515219,0.15781529,-0.5343251,-1.5547096,-0.80482733,-1.0746396,-0.3402799,0.055991575,-0.57596225,0.45454112,-1.5149968,-1.617991,0.25137308,1.3602036,-0.05958277,-0.97309434,-0.59609085,-0.9368418,-0.78632516,-0.4764548,-1.6249202,0.02708628,0.84876215,-0.17984062,0.7511226,-1.2247756,0.33222786,1.2797546,-1.4520122,-0.4893403,0.11880704,-0.1584483,-0.6383643,-0.97154206,0.438955,-0.10344894,0.7068791
M7|C00108,-0.1391701,-0.032167733,-0.6268351,1.1647431,0.24072528,-0.9084232,-1.126935,-0.5603628,1.1884335,0.083351664,-0.07044616,-0.64913595,-0.50799346,-1.481319,-0.8521211,0.8449114,1.2813712,-0.8986982,-0.46459478,-1.371904,-0.503644,-1.3307106,-0.55411905,-1.3652323,-0.94410664,0.7920156,0.33785826,-0.44053957,-1.5751276,0.73473096,1.1431739,-1.8947645,1.0000105,1.0064659,1.2397128,-1.3659215,-0.91880614,0.74403346,-1.6205472,1.1870999
M7|C00109,-0.6176027,-0.9413234,0.73068076,0.14572018,1.444001,-1.2584662,-0.64606106,-0.6653938,0.44358805,0.42510232,-1.7836432,-1.1871268,0.20650284,0.14662316,-0.61485714,0.71841997,0.50427616,-0.39131337,-2.1901026,-1.7230453,0.22537118,0.42978483,1.2169701,-0.4997552,0.38711244,0.024844237,0.54312354,1.1526271,-0.9400793,1.305178,1.1354321,0.1703472,-0.9038458,1.3392769,0.7703869,1.0856276,0.2345165,-0.2670771,-0.2883766,0.9911295
M7|C00110,-0.5410266,0.9958101,-0.8503934,1.3293558,0.7821065,-0.7419451,-0.3848548,-1.1051902,-0.58086735,-0.6924808,0.6702271,-0.74870455,0.7195429,-0.70049435,-1.2680107,1.480386,0.7989215,-0.26441574,-1.3205198,0.89177793,-1.5000447,-0.91559684,-0.095191106,-1.2145352,-0.3233735,1.9758512,0.57265747,0.9043641,-1.4631479,-0.8242365,1.5917859,-0.12901202,0.6203425,1.2111522,0.09722694,-0.44738558,0.7797983,0.6211671,-0.23747277,-0.037430286
M7|C00111,-0.31026435,-0.29715335,-0.029389292,0.043605767,0.61513776,-0.7154067,-1.1902788,-0.63957834,-0.7383171,0.723377,-0.9704796,-0.7500024,0.3883254,-0.6854148,-0.87099135,0.5272261,0.40580454,-0.27546257,-0.8515065,-0.9599614,-0.8724129,-0.43170696,0.18429878,-0.6768647,-0.13475184,0.80005217,0.06361589,0.8353127,-0.17708212,0.6444132,0.49151427,-0.6727449,-0.6491363,0.41610414,1.0643656,0.6136448,0.044980276,0.20320344,0.10137277,0.95142055
M7|C00112,-0.41150707,0.51035845,-0.39807126,0.5272049,0.60426074,-0.74157596,-0.90974176,-0.79138047,-0.8343758,-0.09458387,-0.05147955,-0.79609466,0.6464113,-0.6740159,-1.0689633,1.2944857,0.6680068,-0.05927702,-1.0690446,-0.020473897,-1.464275,-0.40285572,0.040147677,-0.82976454,-0.36309022,1.4609313,0.11288786,1.0067157,-0.7375278,-0.15332246,1.050436,-0.45738316,0.07056931,0.77513564,0.88920105,0.3697731,0.46336237,0.32016063,0.21944594,0.38273466
M7|C00113,-0.066621825,-1.3707374,0.56568974,-0.35022175,0.5768224,-1.3166084,-0.91251236,-0.7746766,0.011345912,-0.17493787,-0.4631117,-1.4761858,-0.81677985,-1.6213644,-0.258771,0.5935036,-0.28926644,-0.66135746,-0.036379933,-1.1248162,-1.3337833,-0.62576807,0.9225554,-1.5436528,-1.337822,0.114882246,0.95811707,-0.7930198,0.017769728,-0.24509409,0.6304057,-1.3863101,-1.0547007,0.4643231,0.5341759,-0.15276322,0.68720895,0.2921734,0.11654226,0.59285617
M7|C00114,-0.46044344,-0.24073187,-0.109987795,0.45474273,0.723679,-0.7944181,-0.6395625,-0.7340149,-0.5019672,0.5231378,-0.76792395,-0.77108216,0.58169246,-0.6506398,-0.69380003,0.6996538,0.22442326,-0.4029394,-0.89478487,-0.6051179,-0.8653033,-0.41330603,0.32015795,-0.7946194,-0.25210392,0.851458,0.38144195,0.71627855,-0.5365993,0.39354852,0.6862924,-0.5245267,-0.46575433,0.60531133,0.71140057,0.41623437,0.077189416,0.42174435,-0.21414089,0.7529098
M7|C00115,-0.46044344,-0.24073187,-0.109987795,0.45474273,0.723679,-0.7944181,-0.6395625,-0.7340149,-0.5019672,0.5231378,-0.76792395,-0.77108216,0.58169246,-0.6506398,-0.69380003,0.6996538,0.22442326,-0.4029394,-0.89478487,-0.6051179,-0.8653033,-0.41330603,0.32015795,-0.7946194,-0.25210392,0.851458,0.38144195,0.71627855,-0.5365993,0.39354852,0.6862924,-0.5245267,-0.46575433,0.60531133,0.71140057,0.41623437,0.077189416,0.42174435,-0.21414089,0.7529098
M7|C00116,-1.1508298,-0.7620928,-1.8817452,0.63459647,0.5091521,-0.98035324,0.9248079,-1.288734,-0.9524779,-1.2810555,1.0540186,-0.82402503,-0.21931514,-1.492976,-0.5193024,1.1064132,1.994058,-1.8607157,-0.09937371,-1.696104,-0.46937016,-1.1282806,1.8347048,-1.7161239,-0.22490533,0.85068166,1.9481412,-0.3456979,0.303831,-0.4384128,0.86761963,-0.65776974,-0.2230331,1.1084378,-0.6498264,-0.27297115,0.29088557,0.7813436,-1.0479712,0.66234624
M7|C00117,-0.78944737,0.12639889,0.12293152,1.9317447,1.1385968,-1.4779458,-1.7721646,-0.3782006,0.11255981,-0.29297644,-0.096895516,-1.2156365,-0.5093565,0.2723505,-0.65740544,0.117988944,0.5526449,-1.7935723,-1.6102693,-1.4449651,0.7166317,-0.17954075,0.9382158,-1.7410343,0.76062375,-0.13071424,0.24235709,0.34552538,-0.828344,-0.41310018,1.8226242,-0.22793357,-0.27489996,1.0683345,-0.65168214,1.1134508,0.3839049,0.7766689,0.27903125,1.1807355
M7|C00118,-1.0149179,-0.70246583,-1.7059782,0.35987464,0.40659356,-0.98377126,0.5568878,-1.1077018,-0.9803179,-0.95922065,0.9305794,-0.8029492,-0.24762043,-1.4049604,-0.4477325,1.0713471,1.9843854,-1.7450689,-0.03457004,-1.898504,-0.5580957,-0.9612711,1.7576984,-1.5014653,-0.40851563,0.68486035,1.62317,-0.30797204,0.5599546,-0.33370206,0.69628406,-0.797718,-0.22569177,0.8967352,-0.16340832,0.14982994,0.16580191,0.66776836,-0.6616864,0.7393756
M7|C00119,-0.032953568,-0.07472407,-0.62279075,0.19545594,1.475959,-0.6165094,-2.2513542,-0.5351578,-1.2391912,1.1229972,-0.3134158,-0.039994538,0.39554,-0.61069417,-0.55977607,1.0646777,0.4132732,-0.75212705,-0.4434983,-1.3119489,-1.5151508,-0.17539814,-0.6013335,-0.35697997,-0.63379294,0.4667027,0.46105242,0.81675017,-0.17292592,0.6957211,0.23380852,-0.819325,-0.18787922,0.019667126,1.3342673,-1.0000124,0.16214217,0.4984889,0.34782916,1.0747836
M7|C00120,-0.01471515,0.05463513,-0.7553388,0.36393028,1.5167328,-0.8710024,-1.6332439,-0.78601617,-0.91398394,0.7766539,-0.38733268,0.027190238,0.6412408,-0.23581217,-0.56070817,1.2993917,-0.093801074,-1.0743469,-0.6831287,-0.8598417,-1.126564,0.1889815,-0.22891523,-0.821488,-0.62994605,0.5232247,0.85527194,0.51817614,-0.62666065,0.4892542,0.3613512,-0.48983753,-0.28013206,0.93392795,0.91977096,-1.0204043,0.1187295,0.57967293,0.082532935,0.93050647
M7|C00121,-0.3746836,-0.07473522,-0.705519,0.50920355,1.7478,-0.6327226,-1.5828738,-0.58879626,-0.77630794,0.9556955,-0.24675186,0.15046284,0.6407624,-0.40125304,0.012905173,1.4937403,0.04657773,-0.90145105,-0.4401942,-0.9036587,-1.5865625,0.08819447,-0.28654456,-0.4343005,-0.7741518,0.53987616,0.9570797,0.56352115,-0.63304245,0.6044003,0.4311183,-0.7673828,-0.01658389,0.32100776,0.9926588,-1.3490095,0.51096606,0.9114079,-0.037073724,0.72345203
M7|C00122,-0.3094375,-0.41321376,-0.87341297,1.8758019,0.5301788,-0.50628924,-0.86518705,-0.8760615,-0.43809706,0.30997008,-0.19200101,-0.644897,0.82472336,-1.8455367,-0.8463289,0.37700617,2.1985078,0.064624615,-0.872259,-0.6484115,-0.79698586,-1.0205656,-0.42954546,-1.4891602,0.061154366,0.74552876,0.1278584,0.87424564,-1.1456362,0.64542735,1.2535003,-0.9499606,-0.5269385,0.2839597,-0.9701865,-1.2034453,-0.4139999,0.25752765,-1.203597,0.47661144
M7|C00123,-0.21799651,-0.8881938,-0.8174852,1.3966985,0.80475587,-0.6907617,-0.31173182,-0.9642471,-0.31270304,0.6906638,-0.6550205,-0.6436704,1.2359998,-1.474561,-0.24739465,0.39190358,1.9103903,0.2763395,-1.1253068,-0.42030603,-1.1177995,-0.7726822,-0.024923682,-0.9442317,-0.40580148,0.5609883,0.38512552,0.9625279,-0.57782936,0.6481169,1.1933732,-0.62060946,-0.93541986,0.45854044,-0.54343307,-0.78300214,-0.19997455,0.1548938,-0.7109671,0.20459174
M7|C00124,-1.1513646,0.3971242,-0.39709598,0.550042,0.17623651,-0.476059,-1.1418178,-1.0932132,-1.0023766,-0.48874244,0.3046537,-0.5466399,0.7860645,-1.4802864,-1.773736,0.49319804,1.2787278,0.18491665,-1.0645065,0.16138385,-1.1095098,-1.0825914,0.015362442,-1.5928451,-0.23980068,1.1365204,0.0070782267,0.78969526,-1.4574008,0.099176496,1.3401324,-1.3596894,-0.6206855,0.5027828,-0.4023931,-0.6563127,-0.9249159,0.39495802,0.1832982,-0.07291144
M7|C00125,-1.150686,-0.016189799,-0.16093935,-0.08748976,0.21141484,-0.5164225,-1.0871103,-0.92254716,-1.1351941,-0.17376265,-0.2314543,-0.739155,0.75204974,-1.1423088,-1.2515166,0.49625033,0.8728217,0.48067185,-1.127863,-0.006003171,-1.2814271,-0.630383,0.3416214,-0.9798613,-0.55116403,1.0466576,0.043582223,1.1047271,-0.82435423,0.2894503,1.2676837,-1.2778748,-0.923043,0.56441087,0.4096101,-0.011640042,-0.82076716,0.22408792,0.8629975,-0.08638254
M7|C00126,-1.2941344,0.18749347,-0.32851124,0.66040224,0.6551602,-0.81713194,0.11475535,-1.4583615,-0.37241894,0.038635284,0.19003312,-0.65003496,1.1461089,-0.8572809,-1.0201403,1.0027535,0.3057324,-0.12012338,-1.1874063,0.8339079,-1.0740383,-1.010723,1.0672743,-1.2472982,-0.40060467,1.3424528,0.89195323,0.49321932,-1.6329954,-0.09643659,1.0063894,-0.32761282,-0.37547436,1.3052915,-0.47685647,-0.2438401,-0.05301404,0.33611932,-0.44725493,-0.41462478
M7|C00127,-0.3747758,0.4525755,-0.85990304,1.1440436,1.6333797,-0.6646806,-1.4180828,-0.9412773,-0.75373185,0.6553203,0.50961757,0.10534972,0.7992694,-0.7934642,-0.75561684,1.4277776,0.3675143,-1.1635863,-0.5421686,-0.4626512,-1.4546477,-0.5953419,-0.41886425,-1.029518,-0.52885324,0.68155265,0.996192,0.353152,-1.4042567,0.2192514,0.455122,-0.5733801,0.41104835,0.3415547,0.16186711,-1.8090743,0.22472668,0.851529,-0.7060863,0.6722318
M7|C00128,-0.6173053,-0.4154405,-0.56149006,1.3077297,1.7311175,-0.65498745,-0.35624385,-1.1810725,-0.84318924,0.5854002,-0.25237623,-0.2071318,1.65663,-0.38752574,-0.607971,1.2753531,0.25406367,-0.8357764,-1.1992527,0.10270403,-0.7851024,-0.65605605,0.13981351,-1.4443561,0.5291144,0.70872766,0.78681207,0.34923136,-1.35381,0.50377935,1.1957296,-0.43641603,-0.28594452,0.93922114,-0.044174254,-1.455698,0.47966483,0.6347088,-0.82734597,0.304608
M7|C00129,-0.036800206,0.33037126,-0.5171889,1.9490952,0.96218145,-0.5498617,-1.157604,-0.3069494,0.0039662644,0.92574537,0.21683963,-0.70514387,0.5991485,-0.7156038,-0.21707726,0.30264926,1.324866,-1.1094925,-0.9281106,-0.09478027,-0.4807963,-0.93680024,-0.26749933,-2.6652067,-0.15984173,0.20987555,-0.3142035,-0.30076513,-0.7505385,-1.2084337,1.4887524,-1.0792108,0.110591754,0.082261816,-0.6817317,0.5165125,0.18219736,0.7519331,0.5288185,0.2063578
M7|C00130,-0.69507074,1.2462021,-1.1215304,1.8027325,0.73124504,-0.6501934,-0.4487663,-1.2272971,-0.44871616,-0.7237489,1.334188,-0.44226378,1.0593958,-1.0316715,-1.2257941,1.9277979,1.4358714,-0.15780166,-1.1540233,1.198058,-2.1924958,-1.0914422,-0.058265448,-1.5717769,-0.3471697,1.9175729,0.52576303,0.8017329,-1.8604019,-1.0313483,1.767312,-0.47252786,1.2232673,1.1012715,-0.263411,-0.73227084,0.76014775,0.672826,-0.676581,-0.49466184
M7|C00131,-0.8698919,-0.4815761,0.20259789,-1.6385409,0.18757948,-0.4547266,-2.2366672,-0.5169956,-1.4740024,0.76192796,-1.2437894,-0.80191505,-0.025828496,-0.48350057,-0.9191356,0.51585925,0.5137641,0.70056754,-0.96272224,-0.68242824,-1.2945461,-0.3506344,0.8931514,-0.1424987,-0.47922897,0.9981905,-0.45115268,1.2926173,0.54693884,1.1531036,0.37834004,-1.2260232,-1.2265046,0.43920344,1.6840485,1.129201,-0.19626062,-0.29446203,1.5354867,0.45187914
M7|C00132,-1.134671,-0.46697026,-0.45056733,0.9814727,1.8687607,-0.7769541,-0.33282357,-1.2946372,-0.5825058,0.5899325,-0.6254677,-0.11849715,1.5680791,0.095364094,-0.24412164,1.5905818,-0.090473786,-0.7706625,-1.1270819,0.18066089,-0.5451266,-0.29590544,0.96450675,-1.5453243,0.9549424,0.9838972,1.13209,0.14916533,-1.3462137,0.5278653,1.067779,-0.25704318,-0.49810767,1.6454372,-0.23229109,-1.0593472,1.072002,0.44346374,-0.9939879,0.23321052
M7|C00133,-0.43314168,0.06441086,-0.37360364,1.8718072,1.0932132,-0.74158835,-0.65002114,-0.47366846,0.18244088,0.92253864,0.08028109,-0.7886994,0.46282622,-0.45016629,0.14937544,0.54494035,0.9333007,-1.1553451,-0.8728173,0.12651382,-0.39811966,-0.80641013,0.3658833,-2.4731977,-0.26516536,0.54231954,0.1738374,-0.37068006,-0.70063424,-1.2727109,1.4206103,-0.7401999,-0.0047082007,0.4601854,-0.8725749,0.5811729,0.5847876,0.54166645,0.407669,-0.055737913
M7|C00134,-0.41047958,0.81908774,-0.43746933,0.33402497,0.58542687,-0.4103095,-1.8556685,-0.66314167,-1.2463095,-0.25050294,-0.12262025,-0.6573644,0.25510007,-0.78360957,-1.3031514,1.3308734,1.0001081,0.041397117,-0.8330456,-0.39696896,-1.6998223,-0.024674952,-0.40543008,-0.7391811,-0.22181378,1.5803205,-0.42179227,1.2720109,-0.25834805,-0.09206824,1.2561547,-0.8945955,0.23716064,0.63063395,1.2974229,0.58941007,0.29535145,0.27491355,0.63852686,0.6048496
M7|C00135,-0.60768294,0.36626348,-0.5363614,0.86364144,0.018814564,-0.422036,-1.7150285,-0.74993867,-1.3657868,-0.57365286,0.10725416,-0.46710896,0.43586153,-1.6535194,-1.6968886,0.08925165,1.5298961,0.19982737,-1.0654352,-0.6908795,-1.1086301,-0.71521807,-0.68624955,-1.6242769,-0.0052546673,0.76435304,-0.3096329,0.9250001,-1.1040777,0.33900654,1.5502204,-1.7697854,-0.5481762,-0.0082753,0.20431693,-0.8559308,-1.2545601,0.34919757,0.3170583,0.6418127
M7|C00136,-0.74088836,-0.18384555,0.24414966,-1.072119,0.37049603,-0.72112757,-0.9266264,-1.0647296,-1.1290411,0.91908395,-0.7599339,-0.79353905,0.76500005,-0.6778936,-0.9262338,0.5838555,0.29547492,0.3899635,-1.0800056,-0.2314672,-1.2665988,-0.74941427,1.3670378,-0.48194796,-0.29904497,1.001732,0.17541555,0.9265032,-0.14304912,0.74726063,0.28902987,-0.34589347,-1.1669916,0.9353851,1.175054,1.1494142,0.10639578,-0.5747474,0.80345076,0.25462672
M7|C00137,-0.5491079,0.069850095,-0.7638791,0.84039956,1.3684475,-0.63889205,-1.2641146,-0.75793505,-0.53368616,0.8182882,-0.10307129,-0.095848575,0.7226997,-0.6664647,-0.20019689,1.3701781,0.33164683,-0.6839787,-0.54659176,-0.6039742,-1.4940939,-0.31356233,-0.1551186,-0.75338274,-0.73684055,0.8161231,0.86422145,0.5639113,-1.0309952,0.44844893,0.53411514,-0.79822296,0.08502698,0.3986141,0.59113663,-1.1222647,0.33135623,0.89273936,-0.35536838,0.6121753
M7|C00138,-0.71972233,0.3578809,-0.9456313,1.1647247,1.824826,-0.68522596,-0.89473104,-1.0506613,-0.3066282,0.6984683,0.44001192,0.262135,0.8845495,-0.49306676,-0.21932939,1.788691,0.0937333,-1.2394263,-0.53101957,-0.0882545,-1.4198043,-0.49931815,0.07497936,-1.0315894,-0.5589899,0.9059669,1.414815,0.14036989,-1.6357784,0.18749908,0.48464066,-0.37898874,0.41233748,0.78490406,-0.08469163,-1.8881377,0.699118,1.0107285,-0.95269483,0.28859338
M7|C00139,-0.45104593,0.010854349,-0.8488476,0.6251855,1.7347457,-0.5475149,-1.4989569,-0.74666035,-0.6125197,0.898242,-0.09416486,0.08623153,0.46242952,-0.4880582,-0.20691243,1.4491899,0.16872512,-1.029569,-0.5205728,-0.7040874,-1.4281708,-0.4001144,-0.27614975,-0.6432914,-0.58847654,0.7688183,1.0800481,0.5828893,-0.8873186,0.5129198,0.49523103,-0.6256661,0.103047684,0.4996063,0.645826,-1.5870253,0.57719857,0.85396147,-0.25238723,0.6284623
M7|C00140,0.16721454,0.14636222,-0.43942162,1.3187282,0.8148904,-0.6377841,-1.1408095,-0.18405226,-0.2575791,1.049962,-0.21429625,-0.65810394,0.61256504,-0.7451821,-0.13231406,0.13699219,1.1648068,-0.8171278,-0.9409388,-0.42294443,-0.57201064,-0.65465844,-0.19756775,-2.1201336,-0.17162997,0.20944238,-0.3770079,0.08107799,-0.16090265,-0.8716699,1.2543324,-0.7870088,-0.38197675,0.05034808,0.099305764,1.0667965,0.21733303,0.38168508,0.8608952,0.54603577
M7|C00141,-0.77496624,0.9332853,-0.56157076,0.7184961,0.96426684,-0.65447116,-0.2779883,-1.0566721,-0.52105105,-0.044225305,0.72576827,-0.56596535,1.1578977,-0.79376537,-0.9029047,1.7337701,0.9148195,-0.1707657,-1.1371344,0.81939226,-2.199059,-0.84661853,0.25891897,-0.8424248,-0.5201645,1.7284783,0.40147185,0.9916748,-1.2317065,-0.5903891,1.3561062,-0.24918374,0.6401882,0.90802085,0.59037876,0.16467045,0.9097216,0.48594648,0.09345574,-0.34238842
M7|C00142,-1.3079562,-1.0306902,-2.2328894,0.6025078,0.4945467,-0.92210513,1.206088,-1.2828667,-1.1223761,-1.5421033,1.1871293,-0.8524684,-0.15052646,-1.3269947,-0.23828617,1.8338689,2.3404322,-1.6443369,-0.20058328,-1.888468,-0.5225928,-0.9378319,2.0972035,-1.7639455,0.21559943,1.0114249,2.1083302,-0.21174094,0.41051477,-0.47989494,0.6885439,-0.36342213,0.3467638,0.97010595,-0.5509489,-0.04025045,0.5209008,0.64611554,-1.2970986,0.69884145
M7|C00143,-0.4526605,-0.67823607,-0.5980801,1.332896,0.63160795,-0.8022687,-0.091144554,-1.2940685,-0.31508487,0.8263509,-0.4294103,-0.65202534,1.3690876,-1.0954773,-0.6169636,0.72859067,1.3182285,0.06831705,-1.1036935,-0.17051655,-1.0135837,-1.0823343,0.13688704,-1.1565175,-0.030327044,0.89005804,0.470137,0.77119255,-0.9787066,0.45442802,0.8212241,-0.3402362,-0.80384785,0.55407286,-0.57360333,-0.41735396,0.09570959,0.10299829,-0.82450974,0.2213107
M7|C00144,-0.83111393,0.07419919,-0.28723326,0.091448106,0.083051965,-0.2262077,-2.316401,-0.58691067,-1.6189188,-0.409205,-0.16614828,-0.5228241,0.06047128,-1.5993807,-1.7570549,0.2151975,1.8941118,0.51213026,-0.92887855,-0.8880373,-1.2270383,-0.8165809,-0.53773224,-1.4374465,-0.18536948,0.7964175,-0.67005724,1.1516678,-0.63837445,0.6772058,1.5177054,-2.0699363,-0.81226814,-0.18151088,0.40639076,-0.52991354,-1.1424276,0.34205207,0.8964121,0.40873283
M7|C00145,-0.7333117,-0.9224723,-0.82290345,1.5778108,0.8987769,-0.8536292,-0.03628204,-1.1740372,0.039314326,0.6560846,-0.5480568,-0.65551496,1.0437138,-0.9128032,0.20731407,0.97843575,1.3932121,0.31518766,-1.146198,0.15648307,-0.99032664,-0.7943622,0.70293325,-1.2097588,-0.41381037,0.78478694,0.8896467,0.6289453,-1.0856799,0.46456808,1.2554511,-0.45334476,-0.64182335,1.1454874,-0.9274366,-0.9110513,0.40580457,0.33853173,-1.1649759,-0.07006246
M7|C00146,-0.48586234,0.035007715,-0.6888063,0.20858693,1.7468094,-0.5002541,-1.5110943,-0.78563535,-0.6514344,1.2458589,-0.31258908,0.23103741,0.537704,-0.27811235,0.14676768,1.6381863,-0.011784579,-0.729848,-0.5191804,-0.71922493,-1.6541492,0.026438214,0.13414067,-0.57866967,-0.6341977,0.7642866,0.92709416,0.5073837,-0.7921823,0.7589975,0.19243173,-0.6614903,0.031676754,0.38991624,1.1159848,-1.1543348,0.75476825,0.72161984,-0.061384592,0.5649389
M7|C00147,-0.42999625,-0.42418826,-0.1686619,0.2029677,0.6140336,-1.0001249,-0.5993967,-0.6244012,1.4412148,0.6748785,-0.54596496,-0.9211395,-0.53841895,-0.8293319,-0.43294245,1.1057771,0.7302499,-0.74073815,-0.72109723,-1.1122001,-0.56768423,-1.5156561,0.39118218,-0.72181076,-1.1031308,0.79153234,0.6411928,-0.26872066,-1.2135208,0.9496155,0.83575714,-1.306028,0.78353393,1.3769559,1.8356766,-0.69080114,-0.22758818,0.43581486,-1.2424548,0.7667327
M7|C00148,-1.4513903,0.90381986,0.06860679,0.65611404,1.4005973,-1.0756586,-0.75655603,-0.9673846,-0.058326464,-0.9392288,-0.22127688,-1.1254917,-0.23436448,0.7179529,-0.48660153,1.8357396,-0.039166,-0.05476796,-1.9131656,0.09506045,-0.38812125,-0.0027447045,1.4121157,-0.9770928,0.2016357,1.4334773,0.8220021,0.83812165,-1.9677204,-0.24112675,1.6223068,0.20811276,0.6079472,1.8807366,0.3935747,0.25032187,1.5254583,0.9014167,-0.27918163,0.2327403
M7|C00149,-1.2129138,0.23167935,-0.2851986,0.95837307,0.43493086,-0.84724563,-0.06517537,-1.3480723,-0.43163815,-0.47822645,0.22476591,-0.7813654,1.1341026,-1.1819277,-1.3602937,0.74983424,0.69300336,0.0327326,-1.2668222,0.6514954,-1.0176563,-1.0492389,0.39293474,-1.4097456,-0.4043398,1.2999315,0.57813483,0.5653238,-1.7812738,-0.21908194,1.3631277,-0.6615499,-0.5940872,0.98835176,-0.714665,-0.5155574,-0.32154536,0.5949967,-0.32503054,-0.25223497
M7|C00150,-0.16071704,-1.0110298,-0.16059324,-0.6917081,1.7396066,-0.565802,-1.3294375,-0.9493898,-1.3903906,2.0361648,-1.5109438,-0.11091377,1.5918882,0.0043791085,-0.17479889,0.83472186,-0.26666018,-0.19863448,-1.0166311,-0.7806907,-1.110054,-0.009207338,0.51042056,-0.24256839,0.7478034,0.41528544,0.35973197,0.8956692,0.5266852,1.4406909,0.29397896,-0.16858725,-1.4741788,0.89774853,1.9591222,0.18272972,0.89224875,-0.104513496,0.62135935,0.7215351
M7|C00151,-0.1706088,0.6053755,-0.4305127,0.023981415,0.67585266,-0.71690685,-1.1643713,-0.737896,-1.1695948,0.09266079,-0.023960337,-0.8008485,0.5866519,-0.3914507,-0.86546046,1.523945,0.7067628,0.25703666,-1.1009874,0.22481869,-2.070006,-0.32758898,0.17758748,-0.38171548,-0.6568002,1.6363631,-0.05572106,1.3055567,-0.13825071,-0.25768963,1.0759097,-0.29167873,0.2010213,0.81623167,1.5558156,0.72911406,0.95506537,0.12029894,0.8665794,0.19064648
M7|C00152,-0.5720885,-0.65466815,-0.38337597,0.9958912,1.809058,-0.6971752,-0.54939026,-0.8161433,-0.99399966,0.59255224,-0.7903575,-0.19376865,1.3745618,-0.24059452,-0.5004228,0.9827,-0.19886577,-1.0885631,-1.0081041,-0.339216,-0.5770571,-0.2936239,0.25168076,-1.4336874,0.8100646,0.761997,0.92881644,0.4396618,-1.015304,0.72654516,1.151264,-0.50176525,-0.72225165,1.070085,0.13391201,-1.0506601,0.7074563,0.7428574,-0.80611193,0.7620182
M7|C00153,-0.60975534,-0.42422485,-0.51460695,1.3623351,1.6254114,-0.638878,-0.952187,-0.82665837,-0.8535382,0.47885567,-0.5885713,-0.21131875,1.242658,-0.47310218,-0.7533797,0.9294989,0.34802127,-0.987861,-1.0104173,-0.57884705,-0.47692946,-0.43020487,-0.2567886,-1.5345714,0.8853565,0.8770326,0.6563229,0.422242,-1.2509425,0.6926486,1.2970566,-0.7717635,-0.49630886,0.921105,-0.009203196,-1.3168205,0.36922264,0.75732124,-0.8471557,0.8324144
M7|C00154,0.11975916,-0.24056703,-0.0576953,0.5809716,0.89295924,-0.42836988,-2.2233062,0.15627187,-0.72034925,1.433339,-0.82130593,-0.9078493,-0.20269832,-0.5648101,-0.112081915,-0.08679329,1.3215239,-0.86842394,-0.6329845,-1.1599557,-0.4721322,-0.37448943,-0.26320428,-1.7590456,-0.3482709,0.18469507,-0.8785726,0.3087046,0.83638835,-0.45830125,0.9787235,-1.3410118,-0.5968523,-0.3445508,0.7282245,1.4102926,0.16253197,0.12753327,1.7039429,0.61310995
M7|C00155,-0.42544368,-0.61476016,-0.24157208,0.55726165,0.7687539,-0.8109282,-0.3627065,-0.8381811,-0.4730403,0.832778,-0.8433377,-0.83593285,1.0499907,-0.77601254,-0.47071743,0.67324144,0.72904176,-0.07276295,-1.0881407,-0.5133571,-1.0057437,-0.5539972,0.2450576,-0.5586001,-0.44280338,0.8019899,0.32380897,0.83704114,-0.4111227,0.4762253,0.7541299,-0.40198237,-0.8186432,0.54312426,0.42769969,0.287273,0.11073497,0.25998694,-0.07215546,0.49587882
M7|C00156,-0.46044344,-0.24073187,-0.109987795,0.45474273,0.723679,-0.7944181,-0.6395625,-0.7340149,-0.5019672,0.5231378,-0.76792395,-0.77108216,0.58169246,-0.6506398,-0.69380003,0.6996538,0.22442326,-0.4029394,-0.89478487,-0.6051179,-0.8653033,-0.41330603,0.32015795,-0.7946194,-0.25210392,0.851458,0.38144195,0.71627855,-0.5365993,0.39354852,0.6862924,-0.5245267,-0.46575433,0.60531133,0.71140057,0.41623437,0.077189416,0.42174435,-0.21414089,0.7529098
M7|C00157,-0.5902494,-0.009594098,-0.27073145,0.5223022,1.530844,-0.74894536,-0.82956403,-0.75640583,-0.4300075,0.7487402,-0.38016573,-0.13162483,0.70615894,-0.3009672,-0.34165272,1.2510828,-0.17357308,-0.9836698,-0.72828627,-0.54910827,-0.99990356,-0.1548438,0.32063586,-0.6182954,-0.44624674,0.73221445,0.9404332,0.38717544,-0.8712541,0.4286537,0.59218115,-0.3844398,-0.15476474,0.8227496,0.6916069,-0.72987044,0.46474433,0.56111586,-0.3792272,0.55843556
M7|C00158,-0.12048052,-0.33506274,-0.21777812,-1.1169847,1.4607382,-0.51233244,-2.5393648,-0.42580554,-1.2360071,1.97312,-0.96911436,0.10053894,0.39030495,-0.18521419,-0.08229509,1.2475245,-0.045367494,-0.47576523,-0.26097384,-1.5614027,-1.6540536,-0.0017542243,0.32488748,0.20790987,-0.6848782,0.43725723,0.33252418,0.8882971,0.52857006,1.3654985,-0.47266233,-0.6440847,-0.6302147,0.20124649,2.1786916,-0.04979524,0.7097794,0.0020376295,0.85481834,1.101821
M7|C00159,-0.83268106,-0.68449974,-0.3840375,0.7203676,1.8914323,-0.5933263,-0.6235559,-0.9077119,-0.81583375,0.723083,-0.96507907,-0.2716997,1.3450376,-0.037146047,-0.059099298,1.4477206,-0.03262026,-0.6591031,-0.9988984,-0.2607035,-0.78844696,-0.027210198,0.5229805,-1.3127577,0.48221177,0.7036731,0.8364741,0.51289713,-0.85856223,0.71375746,1.112546,-0.6623035,-0.47635794,1.1613411,0.48690903,-0.8935001,0.6372283,0.50081444,-0.52351695,0.5243763
M7|C00160,-0.7509879,-0.21918336,-0.26705304,-0.049600072,0.24871522,-0.5697876,-1.3680711,-0.7074169,-1.4053509,-0.13056427,-0.2357965,-0.69577646,0.47425887,-1.1417935,-1.0418688,0.32980654,0.97925067,0.45137212,-1.2677444,-0.3027336,-1.3886507,-0.60297126,0.32288915,-1.1080834,-0.35189468,0.7885875,0.14099297,1.0512284,-0.5654166,0.36385173,1.3651056,-1.327866,-0.76597685,0.39768362,0.7838566,-0.34619907,-0.7058673,-0.113319635,0.96491647,0.20992821
M7|C00161,-0.07027828,0.15372673,-0.8047562,1.9684007,0.95626,-0.08106253,-2.6485267,-0.37663215,-1.6537274,-0.09745139,-0.041523278,0.13195297,0.7160157,-1.8269618,-1.6106926,0.31519073,2.0081058,-0.6698583,-0.88303375,-1.6916453,-0.90536666,-0.45839164,-1.9622328,-2.3177252,1.4386458,0.39917177,-0.6004785,0.7416637,-1.304801,1.0218585,1.6034349,-2.1169581,-0.14492473,-0.81429803,0.003798902,-2.0888135,-0.92426777,0.83197355,-0.8227426,1.6770557
M7|C00162,-0.13805242,0.06668729,-0.79930305,2.0150743,0.96955764,-0.114471756,-2.497899,-0.47699136,-1.6261314,-0.085965246,-0.020881072,0.1351712,0.7220424,-1.6749249,-1.5065842,0.3492564,1.8723235,-0.5771615,-0.9510922,-1.543483,-0.9045641,-0.433416,-1.7893648,-2.2879777,1.3889707,0.43705,-0.43642592,0.70682645,-1.3744038,1.0549642,1.6742442,-2.080577,-0.1734429,-0.68191683,-0.046529412,-2.1568108,-0.83427566,0.76405275,-0.792568,1.5709488
M7|C00163,-0.23706321,-0.7020992,-0.22569317,0.59114206,1.6583527,-0.2735912,-1.715564,-0.4295704,-1.6123936,0.93319404,-0.8662708,-0.15269582,1.0392079,-0.71368575,-0.6016048,0.71554863,0.6498859,-0.6110709,-1.0688386,-1.0990686,-1.0330732,-0.08306972,-0.45118088,-1.2062275,0.9339833,0.53082377,0.15153296,0.8945643,-0.4360536,1.2700154,1.159596,-1.1891834,-0.69289243,0.14256337,1.0454763,-1.0667219,0.25852838,0.2744177,0.009909913,1.0374275
M7|C00164,-1.0061622,-1.3982234,-2.44209,0.6359955,0.6763571,-0.82030165,1.1872075,-1.3397303,-0.8300274,-1.2691913,0.6819232,-0.9883729,-0.45510703,-0.87639004,0.08079865,2.1324706,1.9286216,-1.0049216,-0.6836395,-1.4475765,-0.6302929,-0.80017495,1.9777124,-1.759976,0.3703565,1.1123751,2.4609945,0.15926969,0.34042937,-0.5350873,0.5062987,0.16265498,0.7657311,0.9022435,-0.36158454,0.09506919,0.8668731,0.5063836,-1.3950118,0.6895882
M7|C00165,-1.4063613,0.8776544,-0.045284264,0.7330866,1.3150442,-0.9809186,-1.053279,-0.84603786,-0.14036661,-1.0250353,-0.27050442,-1.11889,-0.33741117,0.51514566,-0.49471867,1.6369358,0.21929295,-0.08965206,-1.8833134,-0.10651173,-0.4165064,0.04151293,1.1428213,-1.0540117,0.25919485,1.3852924,0.6687139,0.9986448,-1.8569361,-0.19104442,1.7646177,-0.062340967,0.5977077,1.6393492,0.46539432,0.16984928,1.2327081,0.96855104,-0.16406494,0.40239412
M7|C00166,-0.26652545,-0.32758716,-0.5830413,1.0483701,1.4836723,-0.32257134,-1.875377,-0.71741736,-1.521589,0.52742904,-0.46219254,0.017923951,1.2293092,-0.88897115,-1.1899378,0.81959575,1.1872236,-0.72038484,-1.0288548,-1.0228916,-0.75020474,-0.55406386,-0.8828836,-1.6282958,1.0364186,0.5206888,-0.17585218,0.60793173,-0.91117084,1.0641532,1.264168,-1.2847772,-0.52887094,0.14602867,0.3667189,-1.6608764,-0.0634474,0.54380375,-0.40330884,1.0316594
M7|C00167,-0.063719876,0.22695267,-0.84650016,0.61975807,1.4996699,-0.8935244,-1.6587622,-0.9973765,-0.83911073,0.6852031,-0.08774383,0.1697509,0.6062872,-0.2816004,-0.711317,1.4080273,0.08607914,-1.1698409,-0.64193666,-0.73776686,-1.1292965,-0.08451839,-0.11414805,-1.1296283,-0.4358694,0.55963373,0.9441112,0.33777854,-0.9136574,0.41458267,0.35107017,-0.45203096,-0.08928114,0.9927806,0.5228185,-1.2728872,0.19471623,0.4835459,-0.27152887,0.84738684
M7|C00168,-0.051029794,-0.37153524,-0.5601155,1.2579441,1.2334256,-0.15500318,-2.4508848,-0.32846576,-1.7250595,0.41499388,-0.54478925,0.02396357,0.71851844,-1.2526498,-1.0114273,0.38768816,1.3320457,-0.49823454,-1.011997,-1.6148354,-1.0232201,-0.08196641,-1.3559911,-1.6745383,1.2363918,0.2875786,-0.32237744,0.8977772,-0.65859616,1.2993443,1.4688187,-1.8236325,-0.43465155,-0.5668377,0.827823,-1.585441,-0.5152279,0.5262176,-0.22823149,1.5746381
M7|C00169,-0.64031565,-0.15951866,-0.27206543,0.97377264,0.5237077,-1.2215617,-0.04069629,-0.88349044,2.0276682,0.24675101,-0.053475857,-0.82882,-0.39449477,-1.0544537,-0.48428598,1.3948151,0.7893865,-0.9946061,-0.6549456,-0.7798436,-0.38318896,-1.6787086,0.43973815,-1.1832836,-1.184227,1.0051081,1.0076741,-0.8466021,-2.1759543,0.73084694,1.1020671,-1.3400524,1.2468401,1.7767498,1.2080133,-1.2923099,-0.43446591,0.6275727,-2.18961,0.6365492
M7|C00170,-1.1247063,0.064148955,0.09818175,1.7206042,1.2042899,-1.4690359,-1.3243396,-0.48290795,0.456048,-0.19757262,-0.12144892,-1.0597019,-0.03159283,0.3730507,-0.24318397,0.54907715,0.5218672,-1.3639545,-1.741733,-0.92507744,0.23111632,-0.10735704,1.5830705,-1.6014307,0.63089275,-0.06545957,0.5906442,0.28426555,-1.0685028,-0.27436367,1.6921054,-0.15863587,-0.0017827004,1.2367954,-0.6651599,1.1570193,0.5833982,0.7844746,-0.19461608,0.93973815
M7|C00171,-0.7405752,-0.017128788,-0.4138368,0.6427277,1.0062287,-1.046123,-0.6038854,-0.8045626,0.19286814,0.3620299,-0.1978878,-0.6230844,0.4798858,-0.4057681,-0.7537095,0.90539044,0.20331696,-0.9906295,-1.0787425,-0.48454952,-0.6147599,-0.91777307,0.5381711,-0.7039361,-0.31367296,0.75248605,0.9722863,0.41567552,-1.1076647,0.27919292,0.73281485,-0.27064088,0.008499384,1.0973885,0.43816096,-0.3408601,0.19841126,0.8047954,-0.64429355,0.6770313
M7|C00172,-1.2422364,-0.016068056,0.025490068,-0.15750122,0.35181898,-0.7737095,-0.77366257,-0.9714317,-0.87081844,-0.31152245,-0.59664387,-0.9852481,0.48179176,-0.61638767,-1.1630003,0.8028193,0.20559925,0.31180456,-1.2219819,0.08037968,-0.8627285,-0.25556654,0.58520114,-0.67940784,-0.7137413,1.3476282,0.22446015,0.89681613,-0.8918485,0.27874678,1.1832027,-0.927155,-0.84423417,1.110219,0.4154755,0.34987357,-0.44486353,0.37360847,0.6942745,0.057394028
M7|C00173,-0.27157956,-0.9048972,-0.30557445,0.5761701,0.75167584,-0.8849161,-0.16469958,-0.9661499,-0.38966614,1.0281448,-0.98073274,-0.8547455,1.1359072,-0.82795,-0.27043113,0.5811166,0.95612556,0.22268233,-1.2012252,-0.49172872,-1.11851,-0.64428926,0.3247115,-0.39417425,-0.6330496,0.63032,0.40690714,0.89624226,-0.26209235,0.6689571,0.7221613,-0.3044048,-1.0341945,0.5055763,0.46156013,0.147562,0.09326446,0.01786837,-0.13821329,0.40690595
M7|C00174,-0.21588862,0.32437113,-0.36074868,0.20352389,1.1132656,-1.0977278,-0.8872686,-0.7867865,0.34810996,0.71737397,0.16654019,-0.20443985,0.10293198,-0.75114447,-0.89293605,1.3333864,0.54586667,-1.0305703,-0.80575794,-0.87619793,-1.0409164,-1.0878923,-0.3169014,-0.47002518,-1.4036508,0.64087665,0.8636524,-0.24377885,-1.4846888,0.6681267,0.5523597,-0.73826534,0.47178882,1.0822423,1.5374476,-1.4041735,-0.27577648,0.77097744,-0.5571485,0.4614876
M7|C00175,-1.1197712,-0.26318616,0.3475286,1.3994098,1.0009929,-0.9990421,0.52870333,-1.4245676,0.5020732,0.072517335,-0.77901,-1.0605139,0.3633753,-0.73182446,-0.88072956,1.1194257,0.5767469,-0.39475745,-1.4036484,-0.33861476,0.23262322,-0.52619165,1.2079022,-1.425326,0.5157403,1.359517,0.9826292,0.10524235,-2.2471864,0.4893356,0.9069966,0.5224914,-0.42635643,1.5718756,-1.2712095,-0.035539582,0.67450917,-0.26466006,-1.9698596,0.37171844
M7|C00176,-0.15565816,-0.8798331,0.027178816,0.024956077,-0.11404535,-1.1546563,-1.616419,-0.54717636,1.2732645,0.32950813,-0.44799867,-1.2724965,-1.0043517,-1.7698209,-1.2005103,0.94228816,1.3714194,-0.38573134,-0.5756484,-1.9858527,-0.57659733,-1.6956565,-0.78387517,-0.97060907,-1.3146169,0.91282654,0.055419035,-0.6535342,-1.4358801,1.1268438,0.7790416,-2.15063,0.59909606,0.8349403,1.9251266,-0.9026643,-1.0395994,0.38937992,-1.0866989,1.2167974
M7|C00177,-0.6360307,-0.78671825,-0.6699406,1.3198364,0.9304662,-0.86458325,-0.11438635,-1.1542835,-0.20171599,0.63242257,-0.5238298,-0.6745752,1.0572813,-0.88318706,-0.03689247,0.8818414,1.286207,0.1950166,-1.1827251,-0.11163474,-1.0496874,-0.7037593,0.44534397,-1.0796734,-0.3856433,0.6831235,0.6931435,0.72374094,-0.9001676,0.4331812,1.1386918,-0.49228442,-0.61379266,0.7981569,-0.4645387,-0.65647554,0.16082358,0.32197604,-0.7801958,0.10376869
M7|C00178,-0.12619595,0.43415964,-0.9724459,0.93782115,1.4201157,-0.82210743,-1.7816362,-1.1482124,-0.7705937,0.5102563,0.12576358,0.3382577,0.5707904,-0.4655196,-0.948479,1.4392064,0.3449297,-1.1703571,-0.6102389,-0.684014,-1.1585618,-0.2714246,-0.23862363,-1.513015,-0.16469611,0.63451666,0.8979639,0.14483875,-1.2248428,0.35211688,0.39827532,-0.5716811,0.111841634,0.8579437,0.15299204,-1.569983,0.14272751,0.5518985,-0.6683472,0.8648151
M7|C00179,-0.5839329,-0.74352604,-0.22586831,0.19790445,0.44629878,-1.005671,-0.3141419,-0.45255995,1.2347503,0.40356648,-0.7498837,-0.8705541,-0.40351117,-0.78915966,-0.20153153,1.2891216,0.5430639,-0.4813318,-0.84601074,-0.88736117,-0.5655224,-1.1500708,0.55340546,-0.65401953,-1.1942401,1.0903739,0.92423165,-0.46525624,-1.2358053,0.9597893,1.1756724,-1.5092165,0.95280117,1.6805184,2.2406735,-0.5405488,-0.43984553,0.37825817,-1.3026881,0.77955234
M7|C00180,-0.68457484,-0.6740587,-0.18942896,0.27692005,0.5308119,-1.0122154,-0.053705648,-0.5677527,1.2930042,0.4332546,-0.65151596,-0.8770126,-0.24247384,-0.7351369,-0.12696952,1.4065467,0.4143617,-0.52488786,-0.870522,-0.6542645,-0.6198536,-1.1762376,0.75119483,-0.70751804,-1.2186737,1.155207,1.0534399,-0.49834523,-1.3772513,0.8609569,1.1458555,-1.3703077,1.0219371,1.7729554,2.0823429,-0.52064,-0.31850484,0.37332082,-1.4217485,0.62197816
M7|C00181,-0.7682306,0.45929343,-0.2641094,0.14894533,1.2952849,-0.94928604,-0.15791205,-0.9626445,0.93069607,0.8034024,0.24762504,0.025191247,0.2793582,-0.5372697,-0.21567395,1.7895612,0.07890562,-1.0734388,-0.83244133,-0.27300143,-1.2084454,-0.965772,0.626446,-0.66166925,-1.224893,0.9184763,1.4518528,-0.5571705,-1.9240767,0.51065433,0.51815826,-0.5259886,0.74919826,1.4312985,1.2610434,-1.2602389,0.3273484,0.643951,-0.947069,0.22595778
M7|C00182,-0.35442236,-0.23726141,-0.49875852,0.99166954,-0.062138617,-0.6511978,-1.9134239,-0.34134185,1.0871345,-0.20452872,-0.47431797,-0.7441025,-1.0251374,-1.8141458,-1.1443472,0.8330591,1.7499768,-0.31468678,-0.5532095,-2.1219404,-0.4554894,-1.359301,-1.1607356,-1.5804833,-0.6132418,0.8742209,-0.13203147,-0.34557018,-1.7715122,1.2874138,1.4203422,-2.8234751,1.2447876,0.5114114,2.0089366,-1.6816545,-1.6085829,0.6057059,-1.6680546,1.6291767
M7|C00183,-0.5426059,-1.1961896,-0.013613183,1.1851788,1.3485768,-1.135485,0.07425851,-0.64471084,0.82978565,-0.4564583,-1.4839145,-1.8142549,-0.66047883,-0.21625067,-0.7734333,0.27765733,0.6734676,-0.5754691,-2.4383185,-1.2248167,0.6775978,-0.6121248,0.4570284,-0.8240424,0.0920129,0.59572965,1.3429177,1.4045224,-1.4377148,0.5980621,2.036877,0.22654547,-0.57039905,1.6717595,-0.13558154,-0.30480874,0.30985102,0.3275786,-0.5661047,0.84302926
M7|C00184,-1.5900545,0.76582617,0.009415396,0.94816685,1.3635569,-1.1060753,-0.6903799,-0.88933814,0.183605,-1.0989792,-0.21503314,-1.2340398,-0.32210517,0.65543795,-0.39455312,1.6519897,0.11745732,-0.17212375,-2.0689137,0.05574195,-0.21854557,-0.05380047,1.5593195,-1.1863244,0.25222337,1.3136303,0.96736455,0.84790075,-2.1208823,-0.24733832,1.9031744,0.085254386,0.5985525,1.9257613,0.0032336265,0.18210985,1.3480082,0.9441861,-0.39791667,0.30991903
M7|C00185,-0.7956255,-0.29930723,-0.87483734,2.0340366,0.7431572,-0.5706289,0.33849317,-1.453521,0.10529968,0.56108505,0.067668006,-0.52087903,1.1467277,-1.4825475,-0.44087124,0.7680192,1.8622684,0.11039566,-1.1423347,0.3814388,-1.0324497,-1.3439436,0.6126653,-1.5706624,0.08499698,1.2893456,0.8343891,0.5821897,-1.8163301,0.33041114,1.0942289,-0.17179883,-0.27403095,0.7639464,-1.6387035,-1.2351437,0.27923912,0.06395573,-1.8637589,-0.1941224
M7|C00186,-0.9587782,-0.1887474,-0.1952232,0.0692586,0.3136442,-0.5971215,-1.0041475,-0.85672307,-0.98835975,0.09141711,-0.42809546,-0.7070631,0.52541196,-1.0048381,-1.0228499,0.5835181,0.9167739,0.3491689,-1.0189717,-0.22218964,-1.2688595,-0.7376523,0.41269273,-0.96967614,-0.46422917,1.034511,0.13922673,0.83108747,-0.6104576,0.41567433,1.1390955,-1.1844478,-0.82286566,0.5580369,0.4443044,0.08211234,-0.3058335,0.3268087,0.4840151,0.16429633
M7|C00187,0.021076843,0.0067806095,-0.65492344,0.26241398,1.2918564,-0.51300716,-2.5936012,-0.5316192,-1.3075811,1.0743369,-0.22266042,0.11704758,0.30957323,-0.7943273,-0.70575655,1.01874,0.72021496,-0.6896098,-0.37973523,-1.5301868,-1.6450994,-0.2734123,-0.73932165,-0.6401245,-0.36069638,0.3930297,0.26857483,0.7866117,-0.30621555,0.8644232,0.2382245,-1.0932925,-0.11229353,-0.24024661,1.3056926,-1.1281146,0.021989543,0.4267462,0.22958627,1.2667409
M7|C00188,-0.42261347,0.4851495,-0.6100408,0.6950711,0.64115596,-0.53380436,-1.2669572,-0.7023163,-0.9495824,0.01649034,0.11967264,-0.5677029,0.4677921,-0.60919404,-0.6090238,1.3789798,0.9571575,0.17714086,-0.9885036,0.0511377,-2.1475873,-0.48838887,0.14046387,-0.8228941,-0.60490733,1.3439425,0.1173459,1.3342358,-0.62828636,-0.17331314,1.4260315,-0.8936541,0.57897896,0.6245279,1.1613705,0.100179486,0.5383916,0.46826744,0.41266513,0.06364791
M7|C00189,-0.28666326,0.5487606,-0.7297642,0.7544303,0.6366935,-0.50308436,-1.4779552,-0.49500516,-1.1102805,-0.2496962,0.12142523,-0.63542914,0.36584666,-0.6295424,-0.6179666,1.4067919,1.0618993,0.29689804,-1.0291903,-0.062274113,-2.2687955,-0.21352923,-0.21067284,-0.7443164,-0.71186846,1.3574575,-0.011064917,1.508676,-0.47298858,-0.2697651,1.654631,-1.0769484,0.68004835,0.48495317,1.4233131,0.06631518,0.51256675,0.60898376,0.7095697,0.14879729
M7|C00190,-0.5319443,-1.3509767,-0.40718168,0.11606445,0.9552757,-0.89453405,-0.07844493,-1.3731008,-0.36565295,1.667508,-1.1151141,-0.737899,1.35118,-0.55126274,0.13328502,0.87961733,1.2289271,0.51451147,-1.2591004,-0.08048679,-1.3253101,-0.9953325,0.9941816,-0.32658982,-0.3067761,0.76913464,0.55377036,1.0174698,0.010039136,0.8032163,0.3589493,0.1392044,-1.2214365,0.7630641,0.1596264,0.18651949,0.64691514,-0.44161707,-0.30545393,-0.002087295
M7|C00191,-1.411747,-0.009447746,-0.2557357,0.17261031,0.36102018,-0.60934377,-1.2364923,-0.78034276,-0.98298335,-0.3559219,-0.2909323,-0.7404741,0.23477776,-0.71575797,-1.0295553,0.8971197,0.7046775,0.39888296,-1.2206199,0.17179333,-1.0898743,-0.5806183,0.70100355,-1.025057,-0.36220092,1.4112335,0.31530094,0.8068105,-1.0970297,0.39442605,1.3445479,-1.2587948,-0.4407645,0.87956333,0.22076888,-0.28135556,-0.26489323,0.40226048,0.3490015,0.0118300915
M7|C00192,-1.5840359,0.38806555,-0.25501946,0.6861815,0.27830794,-0.68568355,-1.0807493,-1.0447671,-0.88332206,-0.7613697,0.10727011,-0.6411802,0.24208133,-0.89852786,-1.2721591,1.0742457,0.73163533,0.21676189,-1.20512,0.3773682,-0.91406476,-0.72312015,0.7784261,-1.5532904,-0.054904524,1.5630354,0.46503264,0.5000004,-1.7852863,0.20010218,1.4685264,-1.1576238,-0.26050597,1.1019865,-0.4189381,-0.6135216,-0.26719046,0.454104,-0.26937634,-0.011906147
M7|C00193,-1.3929932,0.3465769,0.3799034,-0.10171469,0.3650093,-0.8189002,-1.1588973,-1.0048304,-1.0440593,-0.65463305,-0.6394266,-1.0368946,-0.32884663,-0.7102312,-1.4349506,0.6445573,0.09957454,0.28749788,-1.2871586,-0.025677964,-0.39695752,-0.27392447,1.0495255,-1.1877782,0.03106346,1.6129721,0.33533055,0.6233146,-1.2855922,0.33809167,1.2047178,-0.68783385,-0.84266514,1.3893831,0.26657438,0.32961485,-0.14600796,-0.044455096,0.26369247,0.22627857
M7|C00194,-0.84335923,-0.50781286,-0.5952725,1.1690937,1.7962213,-0.55709285,-0.89764094,-1.0041759,-0.8382095,0.4740824,-0.81150126,-0.04025294,1.3627058,-0.2642107,-0.3186318,1.3732446,0.33144164,-0.63572323,-1.0101516,-0.3415256,-0.73836577,-0.11077452,0.106315725,-1.7028255,0.8284706,0.73460203,0.74159014,0.37630588,-1.1317105,0.6325458,1.2826927,-0.8679198,-0.40425134,0.98436505,0.082847625,-1.3743227,0.48528728,0.59268713,-0.80509716,0.64091
M7|C00195,-0.51504004,-0.80282396,-0.30210254,0.16947606,1.7854815,-0.3586745,-1.6387318,-0.5618956,-1.3113321,0.9394926,-1.3929862,-0.21709222,1.011962,-0.2127324,-0.22381866,1.1051877,0.2845362,-0.46869057,-0.8842641,-1.016864,-0.86049396,0.17861503,-0.004214309,-1.1149414,0.6073535,0.46736717,0.19454531,0.84020853,-0.13413739,1.1120968,0.98017454,-1.0981578,-0.7419298,0.58977896,1.194557,-0.7077664,0.30731398,0.32052946,0.08593612,0.99010587
M7|C00196,-0.9076348,0.913492,-0.8184859,1.1145538,0.80382544,-0.48674747,-1.4062368,-0.8347823,-0.85915315,-0.48746726,0.59349245,-0.43358594,0.4933344,-0.9435389,-1.0983608,1.7178764,1.4241155,-0.042546503,-0.8810171,0.25103992,-1.8261263,-0.57576054,-0.17439221,-1.4111558,-0.13634127,1.5673286,0.1386509,0.8988091,-1.0664091,-0.48376387,1.6057076,-1.0330466,0.7464735,0.72757846,0.3631584,-0.3447626,0.41157985,0.5979266,-0.033730358,0.103371575
M7|C00197,-0.8035487,0.031536244,-0.44086802,1.3306206,0.79100865,-0.6994731,-0.19490561,-1.0953655,-0.22248934,0.34137848,-0.07392864,-0.56583893,0.733977,-0.8488358,-0.62526876,0.8980951,0.77521807,-0.47919798,-0.9653658,-0.01187326,-0.8526221,-0.8730354,0.5951609,-1.4237053,-0.022421207,1.0604465,0.71909523,0.4497728,-1.3624222,0.14890754,0.96266705,-0.42219913,-0.10089415,0.7716289,-0.503238,-0.3605412,0.19885914,0.48711807,-0.99874645,0.23495704
M7|C00198,-0.42336568,-0.29793274,-0.1504597,0.42091057,0.71383965,-0.8298955,-0.6155873,-0.774709,-0.501689,0.6052404,-0.7276375,-0.7814665,0.689415,-0.632163,-0.6984289,0.7171836,0.31607977,-0.3520065,-0.965011,-0.57301617,-0.8583747,-0.46310353,0.32515138,-0.7352421,-0.31666315,0.820142,0.3623044,0.6968152,-0.51625514,0.42133436,0.6756477,-0.47555918,-0.5736454,0.6432434,0.69204503,0.41623083,0.10307397,0.3670674,-0.117279805,0.6832765
M7|C00199,0.03252317,0.19390985,-1.0490092,0.503762,1.6055033,-0.82611275,-1.6999146,-0.9248456,-1.027615,0.8007996,0.06285022,0.3519006,0.78312856,-0.22885263,-0.7010779,1.5783734,0.09075837,-1.1788611,-0.6290544,-0.7339241,-1.3481673,-0.1224118,-0.33253026,-0.8923484,-0.5717252,0.5681771,0.9757233,0.35891366,-0.8392445,0.5567476,0.32374918,-0.48253775,-0.065510586,0.89092624,0.7802841,-1.558933,0.3163969,0.71793014,-0.13847381,0.84073377
M7|C00200,-0.71402603,-0.6647275,-0.34688893,0.4895198,1.8056675,-0.56757617,-1.3424202,-0.6663782,-1.0685842,0.62806714,-1.1783086,-0.25159878,0.9876561,-0.18427983,-0.331872,1.1420867,0.12769784,-0.65827966,-0.9191642,-0.8463141,-0.5857209,0.14767009,0.12570493,-1.1836478,0.72807366,0.5754582,0.46456736,0.6334387,-0.49860796,0.9491596,1.1107624,-0.91422796,-0.6949831,0.94916093,0.7995369,-0.863886,0.43639275,0.53249437,-0.259544,0.8493246
M7|C00201,-1.0565895,-0.54084456,-0.358781,0.48407096,1.9635059,-0.655854,-0.6550788,-1.1769369,-0.65232056,0.88909554,-0.91347426,-0.13338378,1.3823969,0.13462865,-0.18416871,1.5618266,-0.12566982,-0.70518386,-1.0329387,-0.009951159,-0.675966,-0.21437727,0.97460407,-1.3323298,0.8999644,0.93957907,0.98484,0.21668404,-0.96363336,0.6627434,0.80392444,-0.27186212,-0.52083004,1.4927208,0.1607153,-0.8334155,1.107071,0.35908931,-0.7998828,0.35122538
M7|C00202,-0.72791713,-1.0461545,0.63361996,0.7560609,0.9384978,-0.7823437,0.07674271,-0.87504244,-0.15900251,0.41709742,-1.9677871,-1.3478432,-0.2973607,-0.65762603,-0.13333762,0.65309656,0.3576021,0.11050742,-1.2145345,-1.3346331,0.094516516,0.5939562,0.88925654,-0.6875914,-0.23526032,1.0685735,0.61324,0.8252268,-0.87168074,1.1106467,0.96501464,-0.08540068,-1.159111,1.0870093,-0.05158329,0.49174124,0.29389375,-0.40286893,-0.76095676,0.66982603
M7|C00203,-0.5155891,-1.1110891,-0.1273798,0.36658478,0.9605148,-0.7388932,0.15149567,-1.3040185,-0.28532222,1.6254035,-0.9566517,-0.8411088,0.8694353,-0.6301322,0.16406327,0.7341113,0.8225794,0.33417544,-1.1277126,-0.023169205,-1.324101,-0.97505915,1.3909869,-0.43899602,-0.42532063,0.88977563,0.72640663,0.89719105,-0.22056338,0.8226139,0.3942818,0.12411429,-0.9165285,0.73075426,0.26093525,0.35894555,0.68792564,-0.51408035,-0.54828525,-0.09638721
M7|C00204,-1.3663969,0.17486927,-0.45016018,0.7780542,0.44106996,-0.88434106,-0.0042847693,-1.2536024,-0.85728544,-0.70871663,0.6208128,-0.6391386,1.1433158,-1.1288888,-1.1301514,0.82045203,0.8749381,0.12506264,-1.4630369,0.8848167,-1.3032234,-1.0506629,0.7237425,-1.5505284,-0.4480145,1.1976895,0.85033584,0.6281377,-1.8108095,-0.31464207,1.6829323,-0.8490881,-0.5112135,1.0720965,-0.49007064,-0.99811983,-0.49577028,0.16295269,0.10196862,-0.522094
M7|C00205,-1.1946404,0.052637316,-0.4534367,0.6111605,0.4341334,-0.8296767,-0.14896095,-1.2065603,-0.87422794,-0.3716235,0.2569701,-0.64168936,0.9443306,-0.99570984,-0.9749482,0.6536699,0.5927674,0.14891401,-1.3921688,0.5757116,-1.1555445,-0.83497596,0.8393424,-1.3226113,-0.3283391,1.1899949,0.8883194,0.60977393,-1.4974828,-0.14360031,1.4464812,-0.6894897,-0.53960824,1.096603,-0.14759953,-0.73687744,-0.41483206,0.04062044,0.14211506,-0.30421594
M7|C00206,-0.40412053,0.0011226386,-0.5623859,0.6357968,1.454255,-0.5963212,-1.2856163,-0.6839661,-0.66475874,0.66492534,-0.36463588,-0.086518675,0.33663088,-0.48756495,-0.3596248,1.1873497,0.18864699,-0.85280925,-0.64049524,-0.8523764,-1.159975,-0.0955195,-0.117924884,-0.8262364,-0.38396174,0.6700346,0.7715489,0.52769536,-0.7847158,0.61717564,0.6177224,-0.7701388,-0.04740846,0.44319284,0.77494496,-0.9886259,0.2794698,0.71261203,-0.27256152,0.7556216
M7|C00207,-0.48719996,-0.89546275,-0.2693186,0.5634433,1.981195,-0.4508294,-0.5992218,-0.668098,-1.0389307,1.0330173,-0.8841277,-0.37823114,1.2367159,-0.28203523,-0.14638343,0.9679598,-0.12928672,-0.794656,-1.2963526,-0.34241673,-0.90872735,-0.25195748,0.19829768,-0.95242953,0.7205338,0.7449354,0.93700045,0.74875283,-0.6230637,0.8645822,1.2320181,-0.46301162,-0.6401744,0.9097679,0.86943054,-0.95457864,0.7700168,0.38253778,-0.17342761,0.5892281
M7|C00208,-0.25920385,-0.9298845,-0.21711323,0.47015893,1.6263891,-0.52331686,-0.97602403,-0.62317693,-1.3575256,1.1482974,-1.0400852,-0.26022676,1.2746999,-0.2714339,-0.20319214,0.7053016,0.07376655,-0.39470506,-1.2149718,-0.7352162,-1.1055585,-0.01118046,-0.094537035,-0.6715328,0.58037436,0.5621105,0.53937113,0.8884467,-0.13786454,1.0469291,1.148252,-0.72177845,-0.82386494,0.3789577,1.3319362,-0.59421146,0.47496012,0.36849782,0.25710618,0.81985426
M7|C00209,-0.25940245,-1.0122576,0.010866374,-0.62070704,1.6672385,-0.32304072,-1.6730379,-0.55940825,-1.4727653,1.7417705,-1.3878098,-0.21787415,0.9839821,-0.19043364,-0.2650182,0.7825634,0.087737285,-0.32615957,-1.0926657,-0.86567163,-1.2767916,-0.11568027,0.465918,-0.52332395,0.84397143,0.62564886,0.23702471,0.93663955,0.33471322,1.4292717,0.45045787,-0.605495,-0.9990531,0.4078738,1.7914356,-0.06698732,0.83326465,-0.23248227,0.44803983,0.8556026
M7|C00210,-0.39791292,0.5739556,-0.64501196,2.352189,1.1211532,-0.8412103,0.015043773,-0.85267836,0.64448136,0.89548826,0.7577931,-0.50178283,1.1692042,-0.5995597,-0.03102021,0.6222647,0.8489739,-1.3323406,-1.1523988,1.004791,-0.49801192,-1.3017503,0.553163,-2.9517853,0.06464736,0.54179513,0.55812144,-0.6809988,-1.5192136,-1.7821937,1.3943837,-0.17704338,0.22775503,0.79480577,-1.4804963,0.31496155,0.77611715,0.58729994,-0.25001228,-0.30782852
M7|C00211,-0.8145532,1.0635648,-0.6114021,0.85968316,0.8476086,-0.6302506,-0.3524995,-1.1227255,-0.5590329,0.085901074,0.69038737,-0.49717826,1.2003617,-0.70426774,-1.0161006,1.6540148,0.8223768,-0.27064073,-1.069425,0.8582962,-1.9702734,-0.9363608,0.25767964,-0.9399772,-0.4483353,1.7369149,0.35901922,0.8596771,-1.268428,-0.60812575,1.1507092,-0.21460469,0.5429865,0.8984588,0.3324885,0.120338425,0.82903075,0.55099314,-0.04875462,-0.25779983
M7|C00212,-0.33291578,-0.46303976,-0.51023644,0.73833716,0.19586875,-0.84804165,-1.0993952,-0.36110488,1.4271799,0.12059703,-0.5979626,-0.82689524,-0.84045875,-1.3077903,-0.4617309,1.0093994,1.1633351,-0.47945538,-0.53871924,-1.5992116,-0.43791127,-1.1909665,-0.3730489,-1.123052,-1.1090988,0.93970126,0.3848657,-0.4299414,-1.4441679,1.084588,1.3453667,-2.252807,1.1877341,1.1937034,2.1804395,-1.2521174,-1.062074,0.5468338,-1.4880075,1.2387261
M7|C00213,-1.02223,-0.032113537,-0.5958764,1.3962295,0.58769804,-1.0951128,0.6444453,-1.1701603,2.1391456,0.041082576,0.25101215,-0.7322904,-0.03987837,-0.9755588,-0.3697368,1.7271789,0.55343425,-0.968898,-0.7309437,0.118719205,-0.41337344,-1.8752139,0.8232471,-1.5625448,-0.9945178,1.5458856,1.4966522,-0.97905064,-2.7504797,0.26770845,1.259284,-1.0829413,1.6305736,2.2143602,0.6239176,-1.5705433,-0.21429032,0.61424625,-2.680537,0.19769707
M7|C00214,-0.7716757,-1.0450665,0.16577613,0.07545152,0.41254675,-1.2725544,-0.46473348,-0.7291875,1.0505502,0.1573752,-0.44901443,-1.3845994,-0.18184635,-1.0212606,-0.481294,1.6056467,0.23431459,-0.42594165,-0.7715147,-0.8179096,-0.63060814,-1.5992057,0.6606775,-1.188575,-0.9323433,1.0513804,0.8561587,-0.60406756,-1.6840227,0.5535133,0.83997995,-1.3179206,0.66075546,1.3030897,1.6266816,-0.43986508,-0.0887614,0.23377687,-1.3645798,0.8297745
M7|C00215,-0.4861404,-0.68401384,-0.6843786,1.3207384,1.8299785,-0.54666483,-0.6205906,-0.9541102,-0.98072964,0.56072104,-0.5120959,-0.21039096,1.4873246,-0.3388307,-0.55974156,1.0877552,0.40337077,-0.7751305,-1.3284585,-0.22343859,-0.7380582,-0.53775096,-0.21166383,-1.3654106,0.6889662,0.75731295,0.7561707,0.54048944,-1.1420016,0.6708953,1.4844267,-0.66849303,-0.48915988,0.8648913,0.14879297,-1.6756479,0.5640399,0.72483563,-0.56346714,0.51079583
M7|C00216,0.13677108,-1.2378596,-1.1319791,0.7996077,0.4950291,-1.2473879,1.1663688,-0.80971813,0.19527683,-0.6121739,0.357709,-1.5603243,1.0636063,-1.0682248,-0.09573998,2.8216588,1.2671956,0.1282717,-1.2943068,0.032892033,-1.1887505,-0.9326301,0.6748778,-1.974774,0.023076348,0.7562196,1.1579306,-0.24155787,-1.1148547,-0.8602593,0.22250068,0.43977243,0.71930814,0.5903537,-0.2004952,0.29661182,1.7656693,0.48675984,-1.54009,0.43031216
M7|C00217,0.07522707,-1.4215586,-1.0637592,0.6807485,0.46376866,-1.0301332,0.5691417,-0.6487633,0.00723128,-0.471876,0.2058519,-1.8807479,0.7887415,-1.0773135,-0.24661806,2.6418374,1.1444073,0.033611335,-1.2160968,-0.38758382,-1.1989596,-0.63806784,0.2926597,-1.448282,0.02514983,0.7233542,0.9589807,0.25509834,-0.6310012,-0.7846241,0.14249943,0.13460912,0.63898593,0.4323066,0.10562658,0.26532984,1.5653601,0.5429547,-0.9951769,0.41171712
M7|C00218,-0.119449675,0.52009577,-0.7870812,0.9080322,0.42169255,-0.5005381,-1.7649482,-0.50200415,-1.2002379,-0.19820449,0.17616232,-0.57522446,0.41182685,-0.9866155,-1.1592491,0.9943766,1.3301344,0.046517618,-0.8791286,-0.46259263,-1.8996756,-0.5503945,-0.65590614,-1.0498645,-0.3362525,1.0929382,-0.30387676,1.2428722,-0.5347208,-0.042290747,1.4628588,-1.3277256,0.32000655,0.19016515,1.060629,-0.15296465,0.10622084,0.67993075,0.40128118,0.5760838
M7|C00219,-0.7723798,-0.5139792,-0.5395394,0.99023384,1.7984185,-0.5555553,-1.2820221,-0.7994821,-0.9729439,0.36872154,-0.8773119,-0.19876014,1.0436001,-0.36611944,-0.5012122,1.1720293,0.4009266,-0.71773565,-0.9612879,-0.7010477,-0.5217438,-0.069092065,-0.11153261,-1.5492541,0.85711604,0.658849,0.54731184,0.48619747,-0.90332925,0.7505871,1.2954642,-0.98182344,-0.5134145,0.9339202,0.28872204,-1.3086414,0.36065325,0.6623539,-0.59314346,0.82833624
M7|C00220,-0.36453038,-0.07098852,-0.2611053,1.6024424,1.1730773,-0.64631367,-1.1863565,-0.23122862,-0.09992401,1.0312567,-0.24451728,-0.84746826,0.2261922,-0.4821821,0.20120448,0.45114464,0.9974325,-0.95743203,-0.7897359,-0.21377762,-0.5046505,-0.5852938,0.10447269,-2.2606418,-0.3801939,0.4476399,-0.121069774,-0.16825935,-0.32398394,-0.9815314,1.5061041,-1.0643725,-0.18057042,0.23051766,-0.4615361,0.6333217,0.49258366,0.58037096,0.82375747,0.117230356
M7|C00221,-1.3040521,0.35371095,0.56519854,0.7120477,1.2551134,-1.3171248,-2.1576014,-0.24176224,-0.18721437,-0.90103626,-0.59599453,-1.4518791,-0.8101957,0.6512844,-0.6141976,0.9277124,0.63256675,-0.46931386,-2.1119657,-1.474799,0.23333892,0.33608377,1.2854626,-1.0313841,0.53895515,0.3377361,0.052992497,1.047746,-1.2243901,0.20729451,1.9900893,-0.44765055,0.034926847,1.2703828,0.44208443,1.1236589,0.7696285,0.73227525,0.5604852,1.0528109
M7|C00222,-0.5020969,1.0248744,-0.80633837,1.3771218,0.7147956,-0.70038337,-0.71151876,-1.0240304,-0.7020162,-0.4887124,0.88766026,-0.49300206,0.91352844,-0.7978426,-1.1776783,1.7558279,1.2144985,-0.13025577,-1.1090591,0.7556706,-2.043309,-0.92793435,-0.056739554,-1.3150305,-0.32610536,1.7866453,0.2739762,0.9161707,-1.5354669,-0.7124516,1.611033,-0.48343152,0.8850612,0.96445423,0.21692985,-0.46033683,0.8320104,0.5269842,-0.29939905,-0.20454544
M7|C00223,-0.4221376,0.58990234,-0.7873287,1.0227617,0.5837919,-0.52161485,-1.2058492,-0.7334694,-0.93776774,-0.2604072,0.37673312,-0.6413543,0.48711252,-0.81911176,-1.0138059,1.2759485,1.1032114,0.02331198,-1.0136023,0.14205892,-1.9619603,-0.8170727,-0.19415079,-1.0737984,-0.44024593,1.4321728,0.14547122,1.1780463,-0.8847909,-0.37593484,1.5282185,-0.93378127,0.6416643,0.56265235,0.7124369,-0.26654375,0.48917082,0.6906954,0.17482081,0.1273045
M7|C00224,-0.40928695,0.43093073,-0.47490948,0.36038285,1.1341642,-1.1965313,-0.33402973,-1.0312071,0.63867587,0.70456934,0.49276477,-0.2277972,0.4290555,-0.63593,-0.9665614,1.5143238,0.19703001,-1.3000429,-0.8221591,-0.31817135,-0.84705275,-1.3131493,0.19823399,-0.60408014,-1.1440628,0.8779953,1.2443981,-0.5657239,-1.7948134,0.38486618,0.28996655,-0.24721706,0.6377515,1.439653,0.9778952,-1.2923287,0.08095007,0.78825593,-1.1039114,0.30540925
M7|C00225,-0.64038366,1.0796831,-0.59594387,0.837437,0.6079506,-0.50530183,-1.6023734,-0.9503775,-1.0277765,-0.5733954,0.22366734,-0.58116704,0.22172569,-0.746708,-1.4032284,1.5864761,1.021702,0.008261174,-0.9187788,-0.04237184,-1.6134477,-0.1504209,-0.2529763,-1.0813624,-0.011995506,1.8746821,-0.091837525,1.0565722,-0.8286726,-0.3832022,1.409707,-0.7108895,0.5549963,0.94784606,0.7702414,0.2677583,0.48518643,0.336867,0.1459491,0.4060626
M7|C00226,-0.3727878,-0.8791751,-0.27902868,0.26117426,0.43565255,-0.9866099,-0.2766657,-0.38310927,1.1856699,0.4373306,-0.78050315,-0.91970205,-0.28384796,-0.8477452,-0.2298654,1.3030397,0.61149263,-0.5315527,-0.79060525,-1.050043,-0.49633196,-1.1395088,0.23230904,-0.61341643,-1.1530887,1.0502763,0.8148016,-0.51347494,-1.1653974,0.99186265,1.1516651,-1.504516,0.9744018,1.5212215,2.3082764,-0.5805713,-0.4860082,0.41376036,-1.3376997,0.94743407
M7|C00227,-0.18952812,-0.6218935,-0.92124474,1.9409928,0.5333144,-0.45820808,-1.00672,-0.9796188,-0.7124042,0.4025318,-0.23189755,-0.5234747,0.79063773,-1.8316932,-0.6737683,0.31937057,2.5962815,0.44579867,-1.1400841,-1.0078293,-1.1391237,-0.94747734,-0.8110786,-1.5160419,-0.019586232,0.47425827,-0.07164797,0.93302584,-1.0275782,0.92172307,1.4244058,-1.300036,-0.67714864,-0.3095526,-0.6391412,-1.37926,-0.6167357,0.33527133,-0.84202516,0.6042135
M7|C00228,-1.4577591,0.1904288,-0.2570905,0.9895572,0.68462586,-0.9760757,0.38254216,-1.3582355,-0.4002646,-0.3547643,0.5124935,-0.7039907,1.2747554,-0.9300703,-0.9933054,1.1571121,0.61042017,-0.2779925,-1.3238237,1.0326395,-1.1743075,-1.1505797,0.9491862,-1.5056984,-0.29681915,1.3448957,0.9903628,0.47061935,-1.9500115,-0.33696562,1.2699819,-0.39261055,-0.31617445,1.1932231,-0.83136714,-0.6545354,-0.04943684,0.30000877,-0.6314992,-0.45848206
M7|C00229,-1.1315858,0.0667342,-0.29704002,0.6335023,0.42847854,-0.801275,-0.20394729,-1.1896747,-0.7060504,-0.2517484,0.16439734,-0.7050871,0.8452517,-0.9875518,-0.93621993,0.6393693,0.5733211,0.16848302,-1.3289349,0.61852753,-1.286324,-0.92343014,0.8466904,-1.2781998,-0.4480012,1.1439254,0.79586107,0.6099541,-1.4432604,-0.1225315,1.4076461,-0.6744911,-0.5250165,0.9889636,-0.24435405,-0.5483866,-0.27399608,0.17076278,0.058957286,-0.31195453
M7|C00230,-0.7983435,1.0223104,-0.63993776,1.3173164,0.75018084,-0.6520322,-0.5035015,-1.1185167,-0.51249033,-0.38166103,0.7372732,-0.48786476,0.786632,-0.8270152,-1.1160477,1.5697933,0.9658067,-0.40106493,-1.0366197,0.5176088,-1.6133076,-0.8355742,0.14750737,-1.4246247,-0.14894104,1.6592941,0.36801845,0.7087017,-1.677248,-0.48851836,1.4145118,-0.46969897,0.7132544,0.90358275,0.017503947,-0.28681684,0.5487745,0.68741196,-0.51420265,-0.03576097
M7|C00231,-0.5230111,0.62318856,-0.46359923,0.3181852,1.1230685,-1.0030646,-0.33530265,-0.7769392,0.8510674,0.58021355,0.42246038,-0.016438782,0.3984888,-1.0210116,-0.57960945,1.4917785,0.52896774,-0.93634737,-0.97266215,-0.57798845,-1.1715627,-1.0717613,-0.009387419,-0.69657516,-1.1106994,0.82223284,1.308791,-0.41688815,-2.044912,0.41341987,0.5957808,-0.6761365,0.70882386,1.174515,1.3317184,-1.5107468,0.02732236,0.6982563,-0.8395134,0.35985133
M7|C00232,-0.890221,-0.21115157,-0.78812903,1.8647187,2.0788426,-0.5893843,-0.015388183,-1.5337573,-0.689193,0.54898655,0.16388325,0.1875962,2.1759002,-0.3437321,-0.71253943,1.5768747,0.45309785,-1.0922422,-1.3212487,0.59249705,-0.75314796,-0.8656556,0.26606363,-1.9550501,1.1401776,0.9949716,1.061522,-0.0135708,-2.1191907,0.393518,1.3252157,-0.23379114,-0.13095711,1.2036748,-0.98339105,-2.1861088,0.87987804,0.71920115,-1.5954701,0.020499334
M7|C00233,-0.21889196,0.5198785,-0.08367404,-0.47238007,0.9918357,-0.69169796,-1.5556744,-0.5784515,-1.1731529,-0.030944824,-0.39753753,-0.9687259,0.20533912,-0.31562138,-1.1353022,1.6930089,0.6050339,0.0684289,-1.2686092,-0.275825,-1.5002306,-0.051276132,0.3484022,-0.5682278,-0.051802266,1.7888758,-0.14292316,1.2379004,-0.32269272,0.069721214,0.8694347,0.028217852,0.028058589,0.9524209,1.5619396,0.93925977,1.2306601,-0.1962562,0.76040435,0.5872692
M7|C00234,-0.1615554,0.48981035,-0.45437598,0.14876164,0.87123907,-1.0627487,-1.3710665,-0.6698309,0.18027347,0.53795016,0.32393646,-0.14740321,0.0012865216,-1.0014958,-1.3239384,1.1768731,0.8170769,-1.1027622,-0.67758864,-1.1544923,-0.85098934,-1.227676,-0.60843503,-0.6085552,-1.0877523,0.6769418,0.6146088,-0.33687428,-1.4202583,0.69609714,0.44458157,-0.8931711,0.48303396,0.90848374,1.4931713,-1.4537232,-0.49573582,0.7321189,-0.5713634,0.76563275
M7|C00235,-0.6841608,-1.1378444,-0.6862058,1.3972596,0.75452816,-0.70042354,0.15689617,-0.925999,0.04482888,0.7554517,-0.94883704,-0.91965187,0.95989513,-1.0415847,0.22030064,0.9313269,1.2781403,0.48572442,-1.0287595,0.010431588,-0.83245784,-0.6859516,0.74267685,-0.86529887,-0.49794525,1.0451629,0.8583744,0.86733866,-0.90285325,0.6470246,1.1860082,-0.30437046,-0.67492944,1.1446264,-0.74830186,-0.5042689,0.37142873,0.21681543,-1.2857345,0.039106518
M7|C00236,-1.0385684,-0.28375793,-0.72807765,1.6105409,1.8362874,-0.6976826,-0.40592644,-1.340754,-0.46164706,0.25765377,-0.36338988,0.019221902,1.5564921,-0.20679986,-0.4847142,1.546252,0.24986616,-0.8383188,-1.1140181,0.12844916,-0.47400713,-0.40186903,0.438285,-2.0325434,0.9988671,0.927313,1.1415647,-0.043253288,-1.81009,0.43717763,1.2795182,-0.58600867,-0.21682498,1.4332086,-0.6932712,-1.7438458,0.7458056,0.69873774,-1.425993,0.35137606
M7|C00237,-0.5635642,-0.7213418,-0.36543536,1.6057749,0.8051696,-0.9508234,0.59485656,-1.4687023,-0.019234672,0.92108035,-0.3820567,-0.7798619,1.2897784,-1.2450814,-0.5362839,0.5909161,1.2245535,-0.1186992,-1.100373,0.075442865,-0.98789304,-1.3592159,0.51939934,-1.1084948,-0.2677747,0.90934944,0.7481606,0.6291412,-1.1185122,0.31628752,0.8524535,-0.037626855,-0.7612236,0.6642022,-0.89098215,-0.34347752,0.08397783,0.037087135,-1.341513,0.0034649074
M7|C00238,-1.2822368,0.059688576,-0.18299441,0.5768078,0.4387623,-0.7873083,-0.2675637,-1.0583026,-0.84127134,-0.3078679,0.27228618,-0.74338305,1.0227153,-1.0483603,-1.0226283,0.8882649,0.86930674,0.060550295,-1.2816836,0.5425905,-1.3724016,-0.9178403,0.6805302,-1.2758231,-0.46209973,1.1279218,0.55522054,0.851899,-1.4783958,0.0005045533,1.3262733,-0.9014437,-0.48297966,0.8034546,-0.21491368,-0.5217545,-0.45235592,0.14873004,0.017815143,-0.24947199
M7|C00239,-0.35243627,-0.8722648,-0.38692045,0.9878669,1.6559955,-0.4856736,-1.0451947,-0.5248612,-1.2383065,0.75815856,-0.85398686,-0.25128514,1.0662837,-0.45053378,-0.1460139,0.78822327,0.2546168,-0.4212841,-1.2234142,-0.7194492,-1.1018674,0.09668452,-0.17808475,-1.0401329,0.59626395,0.5335096,0.65216535,0.83456326,-0.5613872,1.030933,1.4246445,-1.0019007,-0.4890355,0.3015331,0.9944605,-1.1138971,0.3193327,0.4911893,-0.104329005,0.87804055
M7|C00240,-0.39748183,-0.6007762,-0.33857867,0.38401985,0.21150066,-0.8377913,-1.2460477,-0.3640829,1.2895235,0.23661791,-0.8741716,-0.92151845,-0.8836514,-1.2163374,-0.5213466,1.0131698,0.98936856,-0.30299866,-0.637609,-1.7624788,-0.48037195,-1.0844508,-0.33342594,-0.94409513,-1.065064,0.9481285,0.32537937,-0.27519995,-1.3253325,1.3150325,1.206886,-2.2683024,1.02641,1.1017855,2.5206532,-1.0588163,-1.0816941,0.45671713,-1.3019128,1.317574
M7|C00241,-0.1239686,-0.020944044,-0.6924479,0.41284412,1.4621421,-0.6281265,-2.1418886,-0.6128664,-1.1047741,1.0161575,-0.13575748,0.10297856,0.4674248,-0.6801824,-0.52352595,1.1937064,0.45778337,-0.7937513,-0.42502373,-1.2196118,-1.6205696,-0.30193135,-0.5475031,-0.5899005,-0.4665237,0.47394076,0.61054146,0.69751984,-0.48581058,0.6759181,0.30433077,-0.83304155,-0.007615015,0.0013723299,1.1069084,-1.268092,0.1862796,0.53553677,0.03503392,1.0830123
M7|C00242,-0.5101173,-0.69201505,-0.33172956,0.44711682,1.7036146,-0.5840216,-0.84759927,-0.9076566,-1.0755587,0.9868363,-0.8930094,-0.192204,1.4487202,-0.19672996,-0.4723369,1.0486299,0.26880738,-0.579318,-1.170103,-0.4055673,-0.8520753,-0.34395233,0.30776525,-1.0824436,0.70362616,0.6990704,0.49474138,0.5303974,-0.60859644,0.8941379,0.9300934,-0.5259508,-0.73553425,0.7792636,0.5929539,-0.7244952,0.6494366,0.31464487,-0.23268983,0.6268996
M7|C00243,-0.14644574,0.8644621,-0.80372804,0.8818373,0.42301375,-0.40071374,-2.0688467,-0.5157218,-1.3534136,-0.42974743,0.39643842,-0.5304036,0.2469551,-0.98959404,-1.3000903,1.2794474,1.6338378,0.24909097,-0.9706115,-0.28999764,-2.1831045,-0.53172696,-0.7236199,-1.0782715,-0.39819556,1.467139,-0.44992632,1.4561874,-0.6523287,-0.23142198,1.6491952,-1.3168995,0.7115349,0.26523143,1.2234218,-0.21072757,0.3251566,0.5021457,0.6262251,0.3333636
M7|C00244,-1.7235434,0.2193051,0.40561825,0.92247295,1.2457523,-1.4512701,-1.3990145,-0.6928401,0.23770176,-0.95058656,-0.48643273,-1.4306424,-0.55850786,0.40696055,-0.61354387,0.81007063,0.52727866,-0.57286173,-2.2307608,-0.7475731,0.31977603,-0.150573,1.8713316,-1.3039107,0.68229073,0.61388826,0.7681511,0.7323965,-1.745405,0.0040625036,1.9737089,-0.06552401,-0.113486655,1.7271069,-0.32841116,0.76439786,0.6911042,0.6271965,-0.23005655,0.7312807
M7|C00245,-0.46044344,-0.24073187,-0.109987795,0.45474273,0.723679,-0.7944181,-0.6395625,-0.7340149,-0.5019672,0.5231378,-0.76792395,-0.77108216,0.58169246,-0.6506398,-0.69380003,0.6996538,0.22442326,-0.4029394,-0.89478487,-0.6051179,-0.8653033,-0.41330603,0.32015795,-0.7946194,-0.25210392,0.851458,0.38144195,0.71627855,-0.5365993,0.39354852,0.6862924,-0.5245267,-0.46575433,0.60531133,0.71140057,0.41623437,0.077189416,0.42174435,-0.21414089,0.7529098
M7|C00246,-0.46044344,-0.24073187,-0.109987795,0.45474273,0.723679,-0.7944181,-0.6395625,-0.7340149,-0.5019672,0.5231378,-0.76792395,-0.77108216,0.58169246,-0.6506398,-0.69380003,0.6996538,0.22442326,-0.4029394,-0.89478487,-0.6051179,-0.8653033,-0.41330603,0.32015795,-0.7946194,-0.25210392,0.851458,0.38144195,0.71627855,-0.5365993,0.39354852,0.6862924,-0.5245267,-0.46575433,0.60531133,0.71140057,0.41623437,0.077189416,0.42174435,-0.21414089,0.7529098
M7|C00247,-0.20639181,0.030838601,-0.60433555,0.68828505,0.9502607,-0.65835214,-1.4934338,-0.7026419,-0.65715575,0.71765816,-0.290977,-0.3252701,0.7343373,-0.79608107,-0.74495286,1.017805,0.5454392,-0.6368178,-0.61063635,-0.9605655,-1.2276509,-0.43670532,-0.4622392,-0.7595186,-0.43626624,0.7365355,0.3405215,0.65610826,-0.7137035,0.5242563,0.51313424,-0.83677894,-0.26753485,0.3259564,0.68048716,-0.568043,0.12214118,0.7809491,-0.2363998,0.9670259
M7|C00248,-0.6485703,-0.21668807,-0.018200625,0.06630118,0.82776725,-0.8217586,-0.24019311,-1.0071929,-0.26990542,0.8886447,-0.7457464,-0.7427989,0.76160294,-0.30383074,-0.53675103,0.93948096,-0.10879056,-0.39996278,-0.9865617,-0.06530726,-0.9617385,-0.6025715,1.0868105,-0.6846803,-0.21669997,1.1139853,0.698121,0.4923498,-0.56821525,0.2911276,0.2767015,-0.022802353,-0.4127981,0.98663217,0.58934313,0.7206192,0.62789404,0.21599688,-0.3698267,0.42638382
M7|C00249,-0.45345262,-0.31113386,-0.13214475,0.44175863,0.730882,-0.8172513,-0.61370814,-0.7651199,-0.5087298,0.6035186,-0.73982793,-0.8025075,0.6899105,-0.6475283,-0.6753258,0.71367705,0.3398682,-0.3166487,-0.96125054,-0.5724062,-0.8909486,-0.4657502,0.29450893,-0.71769714,-0.31386435,0.8384344,0.35853648,0.7267636,-0.5063163,0.395702,0.7070663,-0.4817732,-0.5461301,0.5980423,0.6806294,0.41603678,0.08723205,0.37739772,-0.10220991,0.67468196
M7|C00250,-0.46044344,-0.24073187,-0.109987795,0.45474273,0.723679,-0.7944181,-0.6395625,-0.7340149,-0.5019672,0.5231378,-0.76792395,-0.77108216,0.58169246,-0.6506398,-0.69380003,0.6996538,0.22442326,-0.4029394,-0.89478487,-0.6051179,-0.8653033,-0.41330603,0.32015795,-0.7946194,-0.25210392,0.851458,0.38144195,0.71627855,-0.5365993,0.39354852,0.6862924,-0.5245267,-0.46575433,0.60531133,0.71140057,0.41623437,0.077189416,0.42174435,-0.21414089,0.7529098
M7|C00251,-0.07729484,-0.02668199,-0.26183224,-0.04490187,0.88125813,-1.1293418,-0.99614924,-0.64045787,-0.12464133,0.847837,-0.31593674,-0.43889207,0.4156329,-0.43496048,-0.79607064,1.0736853,-0.0485415,-1.0273881,-0.84103096,-0.9581137,-0.9567318,-0.62682617,0.048964124,-0.39593005,-0.9301541,0.5494029,0.67154336,0.1416623,-0.73149157,0.6478646,0.2646232,-0.49999565,-0.11247979,0.9238518,1.6698335,-0.2544167,-0.025239138,0.5909576,-0.13595246,0.9573672
M7|C00252,-0.38140973,-0.28108203,-0.17637932,0.3916656,0.69031096,-0.84794974,-0.6176502,-0.7886931,-0.49204877,0.60933745,-0.7101024,-0.75289476,0.6910214,-0.6107459,-0.7301402,0.7223536,0.28547263,-0.3993084,-0.97164583,-0.5731699,-0.8136554,-0.46053788,0.36718696,-0.7579905,-0.32186192,0.7944471,0.36705428,0.65542245,-0.5294234,0.4569978,0.6324301,-0.4660176,-0.6135839,0.7058991,0.70725554,0.4164963,0.12530018,0.35177228,-0.1358467,0.6935603
M7|C00253,-0.39769134,-0.2144995,-0.14850411,0.41111603,0.68833166,-0.8211424,-0.6430162,-0.75452596,-0.48743096,0.52814513,-0.74205136,-0.72783995,0.58257735,-0.61860067,-0.74156344,0.7072013,0.17695044,-0.47501135,-0.9037896,-0.60580814,-0.79795265,-0.40872544,0.38348824,-0.8297783,-0.2590235,0.8131503,0.38887942,0.65412456,-0.5567514,0.4469424,0.6212602,-0.51083463,-0.5244527,0.6992721,0.7346186,0.4166348,0.11034334,0.39945567,-0.24352792,0.7694148
M7|C00254,-1.0007615,0.083396696,-0.36608678,0.57408786,0.49568373,-0.71804583,-0.27904475,-0.97783756,-0.6366411,-0.20437482,-0.035767943,-0.70438826,0.9860307,-0.91405,-1.0132886,0.8102709,0.58348304,-0.04901241,-1.1655138,0.124613956,-1.0555253,-0.62915486,0.40160197,-1.1080621,-0.2915107,1.0105096,0.5551609,0.86030746,-1.2595947,0.07624398,1.2438079,-0.7897011,-0.30762073,0.8283079,0.2604124,-0.1881296,-0.46039793,0.39252287,-0.03283085,0.11510247
M7|C00255,-0.5177705,0.02925089,-0.22028336,0.815194,0.75348055,-0.76154196,-0.5320196,-0.8520477,-0.4097933,0.3234074,-0.4178698,-0.7106825,0.66216063,-0.8310867,-0.9633162,0.7539785,0.3600975,-0.58552766,-0.9135641,-0.38799483,-0.7883906,-0.6359315,0.19950148,-1.1107084,-0.168511,0.92320096,0.4346146,0.5421069,-0.9813689,0.23262048,0.75267833,-0.5223204,-0.23867187,0.6282153,0.25328168,0.038087234,0.009096991,0.55086744,-0.586566,0.66435224
M7|C00256,-0.3908533,-0.2850074,-0.17057759,0.39823335,0.6956269,-0.8439219,-0.6171384,-0.78559756,-0.4942338,0.6085596,-0.7140037,-0.7593912,0.69085526,-0.61556745,-0.72295964,0.7212139,0.29258004,-0.38849115,-0.97027093,-0.573076,-0.8237808,-0.46121112,0.35766643,-0.75272405,-0.3208021,0.80021477,0.36594224,0.6647707,-0.5264007,0.44896385,0.6422084,-0.46809077,-0.60472804,0.69176424,0.7037717,0.41643608,0.120308995,0.3551392,-0.1314593,0.69110084
M7|C00257,-0.46044344,-0.24073187,-0.109987795,0.45474273,0.723679,-0.7944181,-0.6395625,-0.7340149,-0.5019672,0.5231378,-0.76792395,-0.77108216,0.58169246,-0.6506398,-0.69380003,0.6996538,0.22442326,-0.4029394,-0.89478487,-0.6051179,-0.8653033,-0.41330603,0.32015795,-0.7946194,-0.25210392,0.851458,0.38144195,0.71627855,-0.5365993,0.39354852,0.6862924,-0.5245267,-0.46575433,0.60531133,0.71140057,0.41623437,0.077189416,0.42174435,-0.21414089,0.7529098
M7|C00258,-0.5833057,0.16561034,0.15368941,1.1971815,0.74526405,-1.4015889,-1.408231,-0.68506914,-0.35925075,0.10094866,-0.19480272,-1.1241577,-0.12400535,0.12308529,-0.77850014,0.4630062,0.5827005,-1.2083848,-1.2929993,-1.25245,0.10972682,-0.1989888,0.9087911,-1.3378832,0.3456146,0.24157283,-0.03939362,0.29321325,-0.27044335,-0.33892688,1.1142776,-0.16836852,-0.38488287,0.715436,0.058724508,1.738244,0.40450317,0.6988336,0.32191652,1.0629612
M7|C00259,-0.36729613,-0.5429233,-0.35582775,0.616405,1.3760006,-0.44127026,-1.5313295,-0.59360194,-1.3267015,0.6478678,-0.8494713,-0.23852928,1.0407343,-0.557007,-0.7437684,0.8218013,0.80542433,-0.49641806,-1.0789728,-0.9641747,-0.8521367,-0.24130252,-0.33985353,-1.2129505,0.6338059,0.5932589,-0.0018734261,0.7386844,-0.5391144,1.0025742,1.1681992,-1.1142437,-0.63339543,0.31469476,0.7686702,-0.8290503,0.12314165,0.44212413,-0.03237754,0.9705231
M7|C00260,0.8519749,-1.1992207,-1.086108,0.02491697,0.2889862,-0.8982529,-0.55264205,0.118024856,-0.8353066,-0.75609267,-0.23412156,-1.3434174,0.35837573,-1.6417956,-0.56948566,2.1781516,2.4050496,0.4091935,-1.1761451,-1.4061128,-1.2790939,-0.7587074,-0.5471269,-2.229433,0.10278292,0.32670814,-0.11376673,0.15199146,-0.33474,-0.112737834,0.4743703,-0.6882636,0.33394057,-0.4938674,1.0154089,0.39871413,0.9314534,0.35740146,-0.69043183,1.543055
M7|C00261,-0.47283554,-0.2503591,-0.050722573,0.24806857,1.2460496,-0.61140144,-1.1328317,-0.40091383,0.03775673,2.0418735,-0.7202169,-0.84828067,0.19400847,0.22181007,0.6243463,0.63718206,0.44358847,-0.8346624,-0.79247046,0.12125985,-0.7527274,-0.74698347,1.4254937,-1.6290791,-0.31263328,0.6756502,0.07130577,-0.1279465,0.47156018,-0.84419084,0.5811264,-0.23931,-0.37170225,0.58714014,0.10096081,1.8089632,1.3788472,-0.045713305,1.1725354,-0.07874492
M7|C00262,-0.48263884,0.29719707,-0.60293484,0.9451088,-0.11789575,-0.4013397,-2.2603483,-0.6235595,-1.53567,-0.7731668,0.15933014,-0.47932428,0.18849057,-1.8632843,-1.8137529,-0.13429753,1.8796293,0.38615862,-1.1416016,-0.9947048,-1.1279359,-0.70465857,-0.97564685,-1.8381695,0.09858823,0.61550343,-0.462384,0.91294587,-1.1030031,0.38445872,1.7104453,-2.089277,-0.61776996,-0.294739,0.12849651,-1.1473421,-1.4601969,0.295232,0.5238865,0.8117906
M7|C00263,-0.3651555,0.5724566,-0.55258083,0.20619977,0.7939748,-0.35278425,-1.2442083,-0.75023705,-0.97496694,0.15706183,0.07338177,-0.61175776,0.3392663,-0.73646945,-0.82256055,1.340815,0.9704671,0.19123822,-1.0456517,-0.0009227395,-2.3015127,-0.57675767,-0.2273639,-0.6421244,-0.44955242,1.5267105,-0.07095517,1.4783407,-0.3564767,-0.09862122,1.4109175,-0.7472664,0.46287787,0.3820895,1.5581973,0.34550232,0.69130874,0.43811178,0.8710203,0.106998146
M7|C00264,-0.18034264,0.41299388,-0.50262684,0.49675685,0.7327944,-0.8216539,-0.8485429,-0.8730231,-1.0399233,0.12650229,-0.04140541,-0.6369184,0.68307006,-0.43207258,-0.84561896,1.233324,0.6079265,-0.03239861,-1.11376,0.21152653,-1.7184486,-0.47172377,0.17238343,-0.6278748,-0.5987566,1.4105145,0.16787547,1.0301371,-0.4534268,-0.12532762,1.2140404,-0.36470175,0.008200094,0.92678547,1.1380166,0.24948229,0.68132687,0.29857853,0.39586473,0.24374513
M7|C00265,-0.20011213,-0.9323179,-0.108969614,-0.052619137,0.6013445,-0.52246195,-0.85741985,-0.697098,-0.55340636,1.4155177,-1.3585006,-0.85979426,0.4731321,-0.9090084,-0.11248943,0.379242,1.0710914,0.4504051,-0.92204756,-0.9031625,-1.0312716,-0.4891648,0.71519524,-0.32265708,-0.34790576,0.7099665,0.07930889,1.1293898,0.21231341,1.125831,0.3901518,-0.40644133,-1.1412036,0.43927574,0.721798,0.584904,0.3622704,-0.367451,-0.028853133,0.5620855
M7|C00266,-0.27023706,-0.704481,-0.3624893,0.4533015,1.5630949,-0.52790684,-1.3513402,-0.6326491,-1.3612231,0.83851457,-0.987354,-0.20401944,1.2918898,-0.4713182,-0.61879706,0.7728547,0.5056634,-0.5835899,-1.0909305,-0.9093978,-0.84784853,-0.11172214,-0.30155694,-1.0196292,0.6076415,0.46238363,0.16612998,0.7196239,-0.32192957,1.0562303,1.0502467,-0.9796825,-0.87947184,0.43696016,0.9846714,-0.771497,0.2102377,0.45716292,0.059091456,0.9387125
M7|C00267,0.3876407,-0.6455396,-0.21645647,0.056536064,1.2815703,-1.4243724,1.1153272,-0.7038813,-0.32748944,-0.79457104,-0.46081,-0.36457565,0.7328616,-0.6974553,-0.1833159,1.3244735,0.22244717,-0.10400111,-1.2951835,0.72925067,-1.5075016,-1.193219,1.2660704,-2.7574553,-0.6364979,0.28032947,1.2702271,-0.80048513,-1.283628,-0.3863896,1.4432453,-0.04381554,-0.6835195,0.8203299,-0.10112135,0.004671946,1.6583669,0.9147362,-1.1893368,0.6705196
M7|C00268,-0.4877646,-1.2771612,-0.44966164,0.3533863,0.9569442,-0.89072204,-0.007316835,-1.1649115,-0.31094083,1.3691583,-1.1268145,-0.81389,1.0970206,-0.57891953,0.25773558,0.8138877,1.1480352,0.4606752,-1.189595,-0.19038351,-1.1859486,-0.7263866,0.8807669,-0.35614944,-0.5866261,0.71915245,0.60254025,0.9284011,-0.04620399,0.7523213,0.6020047,-0.07451496,-1.0828378,0.81665057,0.16378015,0.044932768,0.49344012,-0.20451353,-0.3071086,0.089212805
M7|C00269,-1.5219221,0.24770439,-0.24973837,0.67518955,0.31172958,-0.68822885,-0.98084056,-0.90136373,-0.9283343,-0.89406395,-0.048243374,-0.81213343,0.08583268,-0.83008564,-1.2049922,0.88437957,0.572657,0.29554507,-1.2535398,0.33361584,-0.7854492,-0.5419186,0.6612313,-1.3630372,-0.3040589,1.5235562,0.4947533,0.623662,-1.6144081,0.19737639,1.656528,-1.242055,-0.37725866,1.1160219,-0.2626407,-0.5808264,-0.40355927,0.56221426,0.03825981,-0.029761523
M7|C00270,-1.4026499,-0.10157637,-0.039705552,0.052569136,0.40590942,-0.6611385,-1.1348737,-0.61125505,-1.1324372,-0.5750587,-0.5490998,-0.97826433,-0.035647064,-0.6097512,-0.81457126,0.79277843,0.29876766,0.48549327,-1.2447157,0.047570065,-0.94505775,-0.13364168,0.7585438,-0.8072506,-0.6336002,1.3487505,0.373268,0.92784953,-0.907458,0.40717274,1.5405613,-1.2915999,-0.59819067,0.9758939,0.5489904,-0.048979387,-0.38787666,0.47600555,0.682201,0.073255956
M7|C00271,-1.4651165,-0.0517449,-0.44401085,0.40487233,0.37300158,-0.7207168,-0.56139183,-1.0029116,-0.6050941,-0.27560586,-0.0775003,-0.6913341,0.59657884,-0.56156266,-0.7459789,1.0821587,0.4176356,0.29375243,-1.268444,0.6258157,-1.0995585,-0.64726657,1.1056137,-1.1092194,-0.5619822,1.3680655,0.71200806,0.5706521,-1.3100051,0.2287621,1.2936703,-1.029697,-0.37976903,1.2161075,-0.09502299,-0.2776538,-0.11006473,0.53626275,0.01615496,-0.24229985
M7|C00272,-0.8905449,-0.7185422,-0.361218,0.8428897,2.0897849,-0.61667836,-0.9380103,-0.8995007,-0.9720089,0.5381782,-1.0505329,-0.21819052,1.1807185,-0.11429999,-0.31096902,1.3368423,0.056144416,-0.8775369,-0.9829846,-0.5608864,-0.4697001,0.08306194,0.3532223,-1.4834417,0.93857735,0.731389,0.8295717,0.3926748,-0.87057596,0.8384654,1.2365189,-0.7209257,-0.6845159,1.2516605,0.25592953,-1.1960554,0.78386813,0.5457805,-0.63619936,0.6631634
M7|C00273,-0.8519338,0.871416,-0.7623871,0.5161449,0.8863238,-0.45456824,-1.2376466,-0.6626673,-1.0014457,-0.33656952,0.44017255,-0.6366463,0.41972053,-0.49766517,-0.7336197,1.9570758,1.1029176,0.17151132,-0.9145682,0.43502408,-2.206057,-0.28997472,0.081185825,-0.7327616,-0.7181635,1.6366733,0.09146855,1.2954663,-0.4283746,-0.4773636,1.6172557,-0.9551721,0.79942364,0.85230774,1.2805516,0.2573695,0.74774003,0.6052984,0.738194,-0.11785093
M7|C00274,-0.65637034,0.6940437,-0.34122485,0.46787244,0.85593086,-0.56894296,-1.3494961,-0.71894723,-0.98378223,-0.37085202,-0.23858748,-0.8059095,0.00034216046,-0.3887875,-0.862991,1.5128614,0.37990478,-0.00491222,-0.932764,-0.18835229,-1.3866671,0.2727216,0.12889136,-0.6710873,-0.30789793,1.6588422,0.13763666,1.1373273,-0.5059607,-0.19306746,1.3211831,-0.5622255,0.40770328,1.0387915,1.2574569,0.5711868,0.5555372,0.40062898,0.4334184,0.4323817
M7|C00275,-0.6358137,-1.0593559,-0.6649597,1.3957809,1.022356,-0.7743306,0.55714273,-1.3155905,-0.121543154,1.0064439,-0.44130033,-0.710181,1.2229233,-0.9285649,0.34333697,0.9152753,1.4429809,0.33316243,-1.3316352,0.1335,-1.2792177,-0.9184073,0.86882114,-0.8980753,-0.54154915,0.75100046,0.98943335,0.7844516,-0.9484231,0.6623724,1.1492792,-0.19888355,-0.7339987,0.77690613,-0.53119636,-0.7019731,0.42006254,0.10014514,-0.8956185,-0.29639927
M7|C00276,-0.45289868,-0.9231818,-0.41086814,0.8157089,0.8508945,-0.73286414,-0.029280044,-1.0146029,-0.47055823,1.0742381,-0.811949,-0.77471375,1.028245,-0.8512983,0.037654772,0.6569319,1.085913,0.2616099,-1.1744387,-0.3438738,-1.3270456,-0.6738586,0.49581534,-0.58317935,-0.5204953,0.7655731,0.52080095,0.9625112,-0.3728833,0.6918601,0.9277482,-0.4311028,-0.82336473,0.45541108,0.30471766,-0.03451051,0.22032617,0.13810694,-0.2552426,0.23506649
M7|C00277,-0.45628658,-1.0859234,-0.5629567,1.457534,0.9634791,-0.7057414,-0.10688964,-0.9609792,-0.41065076,0.772987,-0.6213121,-0.81342494,0.8303822,-1.0359313,0.14144796,0.70859146,1.5258399,0.37745762,-1.1486824,-0.3934194,-1.1699328,-0.68596673,0.32624435,-0.86278945,-0.48334944,0.603907,0.6420755,0.98794174,-0.67473316,0.714909,1.2837198,-0.5734599,-0.6462976,0.36548358,-0.22395949,-0.7291186,0.108478025,0.14108309,-0.6648971,0.05129528
M7|C00278,-0.601315,0.76838326,-0.6697851,1.4495169,-0.31493992,-0.2886759,-2.7393465,-0.6160251,-1.5679201,-1.1522254,0.5761793,-0.31477773,0.17255695,-2.3433123,-2.455895,-0.10467802,2.637823,0.21895352,-1.0538094,-1.1687822,-1.1038048,-0.98024035,-1.7102926,-2.3211608,0.3933578,0.67889506,-0.98262703,0.9465811,-1.5858814,0.38211828,1.7651683,-2.5178638,-0.4171595,-0.7659924,-0.46421087,-1.5843438,-1.900604,0.5045741,0.052199714,1.0376527
M7|C00279,-0.77358425,-0.26269272,-0.24433258,-0.21254975,0.39975703,-0.83762246,-0.6463372,-0.96922666,-1.131486,-0.0124334395,-0.35401458,-0.8933033,0.7870973,-0.93307596,-0.90601665,0.44377202,0.48112437,0.36939776,-1.2369546,-0.17336771,-1.1539218,-0.50200737,0.6344893,-0.7942277,-0.4979614,0.8264564,0.45842528,0.9048356,-0.53222966,0.14919057,1.1654277,-0.71033436,-1.0488756,0.8496761,0.7706417,0.19416296,-0.3567559,-0.09245342,0.9699708,0.10016528
M7|C00280,-0.6716698,0.35353953,-0.63160723,1.1485276,-0.040406436,-0.42796475,-1.9634422,-0.720785,-1.48025,-0.855278,0.36534262,-0.4387823,0.36722898,-1.8716712,-1.7931862,0.062916964,1.8864444,0.23456278,-1.1689538,-0.7789114,-1.0563066,-0.7974182,-0.852615,-1.988485,0.23075034,0.7400804,-0.28202665,0.8595104,-1.4280896,0.27333388,1.7440184,-1.9610064,-0.4480219,-0.12934062,-0.1358176,-1.352733,-1.4509127,0.24714682,0.23082295,0.6723517
M7|C00281,-1.1050239,-0.009870961,-0.38124752,0.6599131,0.36274666,-0.7515739,-0.43946287,-1.0243545,-0.8698665,-0.36353907,0.12639587,-0.6916669,0.8078162,-1.036648,-0.9143366,0.5658988,0.7016134,0.28557768,-1.3689954,0.41158545,-1.3044351,-0.7382789,0.6427701,-1.2871226,-0.4877485,1.0309237,0.7097901,0.7495761,-1.3677335,-0.027119294,1.5690935,-0.9916247,-0.51201415,0.84892416,-0.019591942,-0.67960083,-0.5256977,0.206099,0.2939203,-0.21942854
M7|C00282,-0.45051047,-0.70867413,-0.17629707,0.46777582,1.6871743,-0.49095395,-0.9274466,-0.67878324,-1.0253432,1.0322428,-0.84258664,-0.20046392,1.2200242,-0.3345821,-0.44370505,0.9563955,0.11371916,-0.7260219,-1.1963834,-0.52991897,-0.92265564,-0.21572931,0.26222068,-1.1075042,0.75288075,0.8177048,0.6465403,0.4987281,-0.58684766,0.87823117,0.9395261,-0.62593096,-0.67125684,0.74318063,0.73058593,-0.69436026,0.8036489,0.32285503,-0.22103208,0.63877296
M7|C00283,0.6096216,-1.0030183,-1.0668644,1.4731114,0.38110328,-1.017744,1.5128589,-0.8753391,0.2740403,-1.1005234,0.71996033,-1.5845457,1.3065394,-1.3398173,-0.52017194,3.0308633,1.8083287,0.028685115,-1.5240657,-0.12741694,-1.1192693,-0.9915763,-0.035771683,-2.6610136,-0.057257563,0.30721122,1.0291492,-0.3298966,-1.9551327,-1.1332117,0.76095724,0.11982493,1.2591939,0.45182562,-0.68866825,-0.076446906,1.3928279,0.9703655,-2.1308138,0.23621278
M7|C00284,0.0080155805,0.162171,-0.40251753,1.4466484,0.8730421,-0.5869796,-1.3864647,-0.28937605,-0.016663179,1.2278242,-0.13112608,-0.6101518,0.58178973,-0.63160324,0.05271554,0.14209563,1.0947337,-0.82256323,-1.0109282,-0.20927528,-0.77821785,-0.65464526,-0.0071184114,-2.3430836,-0.11258729,0.13165118,-0.2636763,0.042343885,-0.30003607,-1.0045054,1.2444836,-0.9791619,-0.22799373,0.03723582,-0.078881875,0.89027464,0.2946637,0.39964443,0.8823802,0.35264835
M7|C00285,-0.17496382,1.0657506,-0.68699634,0.5463554,0.49624854,-0.27600002,-2.3445911,-0.4437262,-1.3957719,-0.29517475,0.29389423,-0.42847854,0.25922185,-1.2887628,-1.4098696,1.0150787,1.8583562,0.2472983,-0.9617696,-0.7480574,-2.1915073,-0.289897,-1.2037262,-1.0109113,-0.21745813,1.3075708,-0.8915636,1.4446814,-0.4193654,0.030852087,1.5669534,-1.5072451,0.41305423,-0.26926357,1.5609033,0.11917518,-0.035776038,0.582474,1.028075,0.676476
M7|C00286,-0.10302436,0.03419788,-0.08172264,-1.3554009,0.996642,-0.743121,-1.5499284,-0.4341315,0.15407799,1.5296788,-0.7243736,-0.10444301,-0.13073182,-0.662488,-0.4514366,1.0452883,0.31687143,-0.44202015,-0.85539323,-1.4230291,-1.4633338,-0.62453663,0.15498255,0.17458509,-1.1500809,0.5756004,0.62226444,0.2062792,-0.3284639,1.1844046,-0.12156786,-0.85194004,-0.068380974,0.72723633,2.938465,-0.2807649,0.17513916,0.06888696,0.49799067,0.7764745
M7|C00287,-0.9004718,0.08078463,0.22299272,1.6699481,1.0212184,-1.383646,-2.0870166,-0.1778415,0.10157466,-0.2629712,-0.28266796,-1.0765512,-0.27817664,0.072300375,-0.5992922,0.33193678,0.9413937,-1.353745,-1.5710738,-1.6447086,0.26216495,-0.0032183975,0.9367476,-1.6332248,0.7208166,-0.26453617,-0.008893222,0.4618065,-0.84996456,-0.03378032,1.7667568,-0.6372464,-0.15201041,0.76217324,-0.39969027,1.1305536,0.20156078,0.73232216,0.13356751,1.3373129
M7|C00288,-1.3593028,0.8723025,0.2786077,0.85651326,1.2522748,-1.151105,-1.1859903,-0.7264837,-0.30071187,-1.1511271,-0.2980833,-1.1320363,-0.15234235,0.4376126,-0.6427038,1.7006181,0.34624848,-0.072305225,-1.8970228,-0.5263719,-0.4136688,0.35897288,0.9232113,-1.0671717,0.14649901,1.0230619,0.40855503,0.9707773,-1.978521,0.011558086,1.8583677,-0.37044573,0.46429104,1.4134299,0.5502761,0.23770246,0.9115908,0.96915555,-0.15258272,0.56762385
M7|C00289,-0.845616,-0.5628798,-0.5745788,1.0766186,1.8571582,-0.6158241,-0.6584299,-1.0785797,-0.75918365,0.5694505,-0.7791268,-0.097325325,1.4183146,-0.10486133,-0.25893775,1.4284221,0.11463057,-0.65524006,-1.0749052,-0.18155335,-0.67052096,-0.1265004,0.38738328,-1.6254702,0.72034794,0.7523569,0.90345967,0.32582235,-1.1352894,0.6659411,1.2081761,-0.7302178,-0.43392283,1.2207217,0.11729312,-1.2401779,0.65630764,0.5483683,-0.7933144,0.4975568
M7|C00290,-0.47441235,-0.40228814,-0.4677129,1.1295134,0.7117188,-0.6721163,-0.407128,-0.90841395,-0.48463714,0.6130979,-0.42330587,-0.6442338,1.0078628,-1.1330277,-0.65422714,0.6266234,1.1550691,-0.27038935,-1.0126963,-0.4772444,-1.0121223,-0.8444674,0.09121564,-1.1641618,-0.15908946,0.8212213,0.32805723,0.6808338,-0.86852527,0.40688512,0.9111372,-0.66029936,-0.5331775,0.34240794,-0.17693691,-0.294865,-0.04185333,0.40158314,-0.6146266,0.5142062
M7|C00291,-0.1423734,1.091684,-0.82260025,0.9675468,0.36941612,-0.19980602,-2.3449993,-0.5115323,-1.4288578,-0.5466944,0.45109147,-0.3465953,0.1677519,-1.4635079,-1.5085534,1.0222417,1.9907829,0.2636815,-0.8621774,-0.75519073,-2.2551517,-0.34956437,-1.4689125,-1.3071662,-0.150505,1.2898519,-0.87456286,1.404278,-0.67320895,-0.009532422,1.7454357,-1.7647767,0.6088148,-0.4381681,1.295071,-0.31082165,-0.2183796,0.7687092,0.73225707,0.6876333
M7|C00292,-0.87674457,-0.12606789,0.28329176,1.3588259,1.0340006,-1.364392,-1.9551612,-0.06406042,0.057055134,-0.13128307,-0.5048508,-1.1703135,-0.21920621,0.14098427,-0.38732228,0.39403468,0.78659576,-1.174894,-1.6051853,-1.6449312,0.07102963,0.16375864,1.0248455,-1.2969257,0.38773924,-0.30629933,0.034903605,0.6546756,-0.6548947,0.16042456,1.742298,-0.735043,-0.21281205,0.765366,0.040399283,1.2613112,0.155831,0.7234819,0.3217277,1.2969778
M7|C00293,-0.055138312,0.18244895,-0.31157473,-0.30796626,1.1742314,-1.1847034,-1.3437011,-0.4072332,-0.05376538,0.6978183,-0.14820272,-0.17438906,0.0077994615,-0.44542092,-0.68964833,1.2100762,0.048332915,-1.1823714,-0.8708932,-1.2324352,-0.94054306,-0.41538817,-0.17775916,-0.4300808,-1.2109725,0.25286558,0.92259485,-0.14253664,-0.95943505,0.7937609,0.41718113,-0.76540154,0.17128195,1.051328,2.193779,-1.0341642,-0.33973864,0.46686733,0.084199555,1.0331647
M7|C00294,-0.7297287,-0.6532428,-0.30046663,0.7688777,1.8553022,-0.55172145,-0.23856084,-1.1008556,-0.8337699,1.1704085,-0.5204372,-0.109507576,1.5270123,-0.13393837,0.020885214,1.295274,-0.16202101,-0.5790265,-1.313731,0.2364571,-1.2125888,-0.31930813,0.95435965,-1.1574385,0.7778727,0.92582333,1.1659322,0.4779578,-1.0048755,0.78980947,0.95435625,-0.1860069,-0.36991698,0.9966293,0.4217673,-0.8307048,1.0584873,0.18556325,-0.69242287,0.2443045
M7|C00295,0.1212126,-1.4254915,0.43600842,-0.23976746,0.29523623,-1.5367594,-0.5400882,-0.84497637,0.7885577,-0.11090374,-0.29186797,-1.4239982,-0.2715328,-1.3321433,-0.5177943,0.80779034,-0.11465384,-0.3717513,-0.66849303,-0.5425199,-1.357612,-1.0787508,0.49804896,-1.5963522,-1.5332532,-0.1508421,0.9041283,-1.0360668,-0.7354834,-0.18656921,0.7658643,-1.3995982,-0.67565334,0.8020654,0.4622661,-0.23287833,0.34486184,0.82364243,-0.20221743,0.4130612
M7|C00296,0.31851837,-1.4045266,0.28064418,-0.3745353,0.4643252,-1.4128511,-0.39317632,-0.50158846,0.16323826,-0.30910227,-0.4974128,-1.3327843,0.01620239,-1.1978928,-0.39566037,0.88247347,0.052924693,-0.24995619,-0.798916,-0.6315572,-1.4315237,-0.79122794,0.39003074,-1.5801774,-1.2576625,-0.23544014,0.66978395,-0.6606128,-0.30613983,-0.1367934,0.9356623,-1.2383329,-0.8078522,0.47583348,0.8024511,0.07787327,0.58331674,0.8663579,0.054742448,0.70667434
M7|C00297,-0.6397441,0.5014765,-0.5254232,-0.0036367103,0.7990392,-0.45760262,-1.5381354,-0.50646305,-1.1195034,0.12345849,-0.11490202,-0.68040276,0.34457624,-0.5073232,-0.7792702,1.5077575,1.2030332,0.23318699,-0.87873083,-0.095537335,-2.0892448,-0.42831063,-0.10862376,-0.47286338,-0.73231566,1.3694911,-0.26629388,1.4030696,0.08492053,-0.041558206,1.3114268,-1.1094605,0.27229375,0.42965835,1.666735,0.51334274,0.5706931,0.46072358,1.0429308,0.24346173
M7|C00298,-1.1724885,0.08222825,-0.32779202,0.46784607,0.44399536,-0.71643835,-0.18387963,-1.1419675,-0.9614746,-0.28068373,0.19578223,-0.6901398,1.0366647,-1.0238899,-1.0104221,0.67950577,0.6216042,0.15873536,-1.3170972,0.56038606,-1.2742704,-0.8549194,0.7644272,-1.2178121,-0.4269216,1.1209456,0.7134592,0.7974353,-1.3710009,-0.040022105,1.4492099,-0.7967593,-0.5444833,1.0247207,0.034130216,-0.54511094,-0.4998931,0.09935574,0.24097624,-0.316704
M7|C00299,-0.80986816,-0.4834914,0.4520084,0.9372125,1.880989,-1.429477,-1.9090922,-0.050139293,0.08937575,-0.0071920007,-0.9067496,-0.98149884,-0.021930978,0.3981654,-0.6561008,0.44565266,0.30776623,-1.8300035,-1.8427247,-2.0857816,0.7321479,0.35399854,0.93047243,-0.9270644,1.0577742,-0.32552004,0.42716742,0.7913302,-0.7987979,0.7830996,1.7503817,-0.18271276,-0.5157446,1.2674711,0.34060472,0.7452204,0.3173809,0.6365977,0.056957044,1.5570511
M7|C00300,-0.08943594,0.26446378,-0.7460871,0.4727558,1.2726845,-0.48097694,-2.5001807,-0.65940106,-1.1871309,0.9491359,0.028067783,0.20693281,0.37085474,-0.9487091,-0.95671046,1.035436,0.845052,-0.8291178,-0.38264382,-1.3122171,-1.5884297,-0.49919108,-0.73150307,-0.9242514,-0.17804468,0.5043388,0.28664255,0.6403334,-0.6711538,0.7120249,0.2357269,-1.0319244,0.019749016,-0.18104316,0.86043626,-1.3439257,-0.012938403,0.4701361,-0.15514997,1.172884
M7|C00301,-1.555062,0.37850505,-0.15157834,0.63590163,0.31205857,-0.73667014,-1.0233461,-1.0827903,-0.87203896,-0.81407547,-0.037025392,-0.6967533,0.13135499,-0.8422627,-1.3168877,0.98730165,0.53962123,0.22123367,-1.2504038,0.32970202,-0.7669404,-0.5855213,0.80019605,-1.5193388,-0.04186766,1.5927129,0.50939417,0.46282205,-1.7746958,0.1929716,1.4688329,-1.0629894,-0.37095734,1.2029145,-0.36556947,-0.5340326,-0.25549906,0.41767383,-0.23348051,0.018730834
M7|C00302,-1.0985258,0.12275628,-0.3900945,0.27235892,0.19728842,-0.40643528,-1.4309665,-0.91450703,-1.2108432,-0.42186764,-0.053071544,-0.5864647,0.46906865,-1.3796065,-1.3658386,0.39612877,1.2287116,0.52563536,-1.1351656,-0.16320586,-1.4183892,-0.60487014,0.008001745,-1.3604724,-0.51410574,0.8741772,-0.070208594,1.0073357,-0.9188272,0.36040503,1.5027131,-1.7483727,-0.8167834,0.2535956,0.16205677,-0.43409947,-1.0318955,0.5683631,0.6737279,0.016248018
M7|C00303,0.10667135,-0.11233216,-0.33026928,1.172698,0.82075375,-0.49495006,-2.029727,-0.15135634,-0.41457215,1.2242709,-0.4505846,-0.7035781,0.16202548,-0.58419424,-0.26490825,0.048476145,1.4327314,-0.6313577,-0.866197,-0.78959835,-0.72385275,-0.68853265,-0.44169688,-2.1124618,-0.21336286,0.06586322,-0.7311481,0.14949556,0.18703932,-0.6454755,1.2909858,-1.4447985,-0.24578656,-0.32255256,0.29238862,0.91159475,0.035177503,0.39687198,1.2822444,0.5450574
M7|C00304,-0.5847354,-0.89343125,-0.6766057,1.3919474,0.9642455,-0.8713401,0.047418684,-1.1565574,-0.22046432,0.6980834,-0.5373012,-0.7384365,1.1597223,-0.9949407,-0.06220302,0.86222064,1.4534199,0.16738799,-1.1441383,-0.058604628,-1.0002906,-0.85957533,0.3771271,-1.0426557,-0.47266984,0.7280797,0.6708835,0.72309494,-0.8633243,0.42807302,1.1186138,-0.41277313,-0.66881573,0.7932953,-0.6214483,-0.7466183,0.15030281,0.2324844,-0.87738776,0.06813364
M7|C00305,-1.1750634,-0.4974431,-0.39698339,0.6965292,1.8934953,-0.7243861,-0.3381406,-1.4707242,-0.4077233,0.8863318,-0.7451206,0.0083453655,1.5910248,0.13125744,-0.1794954,1.7457542,-0.09574148,-0.68995726,-1.0679395,0.28828466,-0.7187429,-0.46023828,1.2068956,-1.589806,1.0320566,1.0317115,1.1855968,0.027536556,-1.3311176,0.55554354,0.7591126,-0.08697843,-0.45191497,1.6501135,-0.24277179,-0.96741235,1.2214589,0.2197727,-1.1884233,0.19308782
M7|C00306,-0.40623266,0.39124072,-0.9246284,1.3287561,1.1050353,-0.39524257,-1.9585295,-0.6685671,-0.7599061,0.40212017,0.12754382,0.07930386,0.4655295,-1.2002041,-0.6729619,1.1546323,1.0718147,-0.6590251,-0.46211913,-1.0962876,-1.3943571,-0.39313516,-0.9064119,-1.3876239,-0.2502826,0.719922,0.3128321,0.5566257,-1.3618374,0.5829812,0.76468897,-1.3957114,0.22211744,-0.14811192,0.2651592,-1.6029394,-0.17166777,1.0199223,-0.6444049,1.0132257
M7|C00307,-0.009479046,1.1234261,-1.2965419,1.8064175,0.93631,-0.032471508,-3.6845403,-0.5116333,-1.3252242,-0.05794148,0.6435574,0.71748376,-0.0077752173,-1.939121,-1.606443,0.82728493,2.1255043,-0.8960808,-0.24023575,-2.1935856,-1.2749604,-0.31310603,-2.5147064,-2.1194625,0.37153363,0.38219163,-0.5511936,0.44845808,-1.6932131,0.9195864,0.8394631,-2.3763685,0.40308356,-1.1546237,0.05551891,-2.8089535,-1.0389503,1.2175057,-0.67291343,1.7748641
M7|C00308,-0.50427896,-0.59371626,-0.23641333,0.9938147,1.657532,-0.5258799,-0.84704566,-0.60849845,-1.0121043,0.6677916,-0.6224592,-0.2348182,1.2194937,-0.6036253,-0.5060748,0.9656545,0.33250952,-0.8246539,-1.1308907,-0.6039339,-0.87932384,-0.21785891,-0.100670606,-1.3177217,0.6823219,0.72540855,0.5843761,0.5560566,-0.9355941,0.7581716,1.2999192,-0.8413335,-0.5092454,0.60058373,0.4907061,-1.0353386,0.41897824,0.5194316,-0.4138802,0.6816253
M7|C00309,0.0056253746,0.55017334,-0.5818674,0.3438334,0.5604841,-0.574859,-2.135263,-0.2792143,-0.036824755,0.3817892,0.0026891977,0.082087874,-0.1958921,-1.6704135,-1.176832,0.67353535,1.4849182,-0.53294504,-0.77612543,-1.9899355,-1.2036514,-0.7334015,-1.410416,-0.9306961,-0.6909038,0.38513783,0.10975398,0.1282391,-1.2614741,0.9895273,0.73907894,-1.8913784,0.34717906,-0.08399893,1.8226358,-1.554559,-0.9582548,0.7223096,-0.20514868,1.3585452
M7|C00310,-1.3987477,0.7343065,-0.044783503,0.97502005,1.4308008,-1.0789207,-0.80177593,-0.8400767,-0.029696455,-1.3345102,-0.2513005,-1.3397412,-0.4497977,0.4821397,-0.7021488,1.5243134,0.16700532,-0.23068526,-2.0651696,-0.10605696,-0.14104655,-0.20070715,0.92290264,-1.0764397,0.20113622,1.3804988,0.91339535,1.061406,-2.0933232,-0.27804554,2.0847778,0.0010726154,0.5439585,1.8240157,0.22262996,-0.1848185,1.2040908,1.1263088,-0.24456325,0.387413
M7|C00311,-1.4666963,0.6189664,-0.035194714,1.1465207,1.3539493,-1.0924242,-0.79503816,-0.77308387,0.005469922,-1.520893,-0.24133001,-1.4039547,-0.48452967,0.32823175,-0.75830024,1.3998551,0.31443733,-0.24175152,-2.1138906,-0.23578663,-0.032090634,-0.21620578,0.86757666,-1.2003199,0.21105595,1.2590657,0.9113191,1.0878595,-2.2330315,-0.19474211,2.2499583,-0.19480611,0.51296794,1.7694721,0.03343332,-0.28706777,0.93219745,1.1369294,-0.3278088,0.4689734
M7|C00312,-0.3808624,-0.6576664,-0.37919632,0.5961617,0.34657186,-0.9408961,-0.4651315,-0.44319594,1.153079,0.21866205,-0.53327334,-0.82557344,-0.32377136,-1.0820758,-0.5679756,1.2511011,0.94448185,-0.61317515,-0.7676543,-1.0867887,-0.4068202,-1.3380408,-0.01860702,-0.9606188,-0.9449388,1.0930796,0.6966242,-0.5950973,-1.4803168,0.9297217,1.2480631,-1.6533123,1.0725186,1.4357259,1.9425868,-0.9086225,-0.63472104,0.43516028,-1.5819448,0.99741757
M7|C00313,-0.25212002,-0.96868205,-0.7170963,1.3212223,0.7671961,-0.53082204,-0.6969331,-0.88862705,-0.64213634,0.80991566,-0.64506245,-0.67348075,0.8161916,-1.4003246,-0.14522076,0.44141155,2.0603182,0.53622663,-1.2084984,-0.8292871,-1.2897353,-0.69686675,-0.21480162,-0.9611865,-0.35612684,0.4892668,0.18020016,1.0498643,-0.5058367,0.9682774,1.2395356,-0.9718218,-0.82421726,-0.06860842,-0.06777777,-0.8487166,-0.21314244,0.20799246,-0.41887388,0.39197695
M7|C00314,-0.6871498,0.15259963,-0.51869714,0.55911726,-0.027086273,-0.5437406,-1.9863275,-0.63188374,-1.6037178,-0.77113855,0.083464935,-0.5245179,0.34839642,-1.6579363,-1.5787632,-0.02994974,1.6502963,0.5251033,-1.327147,-0.6586674,-1.3025221,-0.5248631,-0.5896186,-1.5730102,-0.18546192,0.64805645,-0.2808649,1.0735375,-0.9619674,0.36453652,1.7407907,-1.9711125,-0.82862157,-0.08516589,0.3796025,-1.0311943,-1.4247661,0.14573744,0.8810471,0.53340566
M7|C00315,-1.5551932,0.10677304,-0.23331764,0.24990025,0.6181745,-0.8541008,0.35176027,-1.4816508,-0.63394135,-0.1871556,0.5576144,-0.68401706,1.2498051,-0.73798406,-0.8441869,1.1234546,0.41932434,0.14371815,-1.5478072,1.4480895,-1.5014236,-1.223677,1.648943,-1.3061666,-0.46179068,1.4055543,1.1594065,0.5629101,-1.7632277,-0.31783694,1.2105663,-0.26083314,-0.4463365,1.432111,-0.47072595,-0.5956528,0.099933684,-0.15551539,-0.005653411,-0.9006846
M7|C00316,-0.54431474,-0.7895993,-0.19032529,0.7300644,1.8062365,-0.48434395,-0.51533765,-0.7556497,-1.1062801,1.0310299,-0.63419116,-0.30835629,1.3612146,-0.30857986,-0.011692252,1.1509002,-0.0026051328,-0.6516371,-1.1737571,-0.22110626,-1.1418099,-0.18462795,0.47079468,-1.0284644,0.640503,0.70523685,0.86538804,0.7276261,-0.8050184,0.93988454,1.1321069,-0.5264101,-0.43153626,0.74055,0.7894393,-0.85417795,0.6929478,0.23323193,-0.37504658,0.5359828
M7|C00317,0.012810007,0.120157965,-0.4857921,1.7736514,0.76666665,-0.5181544,-1.9627194,-0.31818497,-0.3555769,0.8558419,-0.052587897,-0.5702359,0.2226763,-0.88137496,-0.5106664,0.120366715,1.6776551,-0.7973942,-0.795358,-0.67335105,-0.60115516,-0.9639412,-0.625668,-2.5771093,-0.0007315278,0.071829565,-0.67805946,-0.0031451285,-0.2841159,-0.76998717,1.4710335,-1.4995164,0.033647746,-0.37078446,-0.33268493,0.41819298,-0.19596152,0.4864208,0.74984336,0.55099547
M7|C00318,-1.694844,0.3125333,0.52247816,0.90878034,1.2959205,-1.5069273,-1.3126888,-0.6190672,0.23701487,-1.0897089,-0.4660992,-1.4922544,-0.6337194,0.6797626,-0.5098647,1.0351325,0.35022476,-0.4676883,-2.316419,-0.78387314,0.38905025,0.09122477,1.9328405,-1.2099149,0.50343907,0.5706957,0.7361262,0.788996,-1.8437289,0.056204945,2.0565004,-0.034177653,-0.012895972,1.8693333,-0.15269424,0.8201313,0.89537716,0.7003526,-0.053639457,0.66619086
M7|C00319,-0.9773109,-0.7846762,0.7041344,-0.5353583,0.79361945,-0.8823283,-0.5511228,-1.2319791,-0.25428212,1.2903092,-1.8389335,-1.0335604,0.15032542,-0.4219117,-0.48978847,0.56924695,0.21946828,-0.062613726,-1.1486547,-0.8539739,-0.27510262,-0.23255229,1.7371229,-0.48876083,0.2830273,1.2940841,0.47448492,0.75190187,-0.40154636,1.0427186,-0.023619518,0.40400082,-1.4599835,1.2286347,0.33819687,1.313732,0.5891416,-1.0144092,-0.38666058,0.47663116
M7|C00320,-0.1617672,0.4603725,-0.6602902,0.6419952,0.6301716,-0.6418869,-1.2927874,-0.58999735,-1.2181318,-0.08549705,0.10114081,-0.67367566,0.5783932,-0.6187912,-0.7877143,1.294591,0.99164796,0.182345,-1.0250078,0.063228205,-2.149067,-0.45379862,-0.2286026,-0.62756747,-0.68526703,1.3739166,-0.052587688,1.3444822,-0.30909878,-0.27388617,1.5158435,-0.8196425,0.39006948,0.5600868,1.3667868,0.14673698,0.5786047,0.49309582,0.6909669,0.22329892
M7|C00321,-0.21340844,-0.6638214,-0.38700068,0.7876681,1.489538,-0.38512546,-1.7072791,-0.44999534,-1.4416072,0.7824917,-0.8449552,-0.17741568,1.0059084,-0.77278984,-0.52657413,0.53801805,0.53327227,-0.44660732,-1.1375346,-1.1303643,-0.9798735,0.07796947,-0.63486487,-1.1622084,0.9233878,0.41679314,0.22291626,0.7788359,-0.38517824,1.1271174,1.3005486,-1.250399,-0.718036,0.11976093,1.1465877,-1.0516413,0.06578757,0.38721746,0.078928165,1.2259196
M7|C00322,-0.10257143,-0.2363984,-0.2584848,0.9661546,1.0631595,-0.6988013,-1.0107715,-0.3587469,-0.017852232,1.4988979,-0.49165064,-0.813324,0.54172397,-0.22027165,0.21951455,0.41759896,0.76551914,-0.6976175,-0.97332215,-0.10300903,-0.67908907,-0.7963274,0.44361025,-1.887249,-0.33768535,0.2914552,-0.097396314,-0.06139508,0.033043772,-0.8790941,1.0883079,-0.602066,-0.28617907,0.32760948,0.09588042,1.2749047,0.6863086,0.3614358,1.0344485,0.13118419
M7|C00323,-1.0965586,-0.25266454,-0.3113453,0.04152029,0.40882385,-0.82726085,-0.6506497,-0.8881174,-1.3315911,-0.4558986,-0.04799521,-0.78112197,0.87516034,-1.0595176,-0.9613465,0.39589268,0.81164503,0.57955736,-1.5109254,0.28621793,-1.4591622,-0.5647379,0.4630409,-0.9749239,-0.671073,0.9224975,0.5243633,1.0220376,-0.8114296,0.036784552,1.677478,-1.1546364,-0.97784156,0.709773,0.53550756,-0.5496775,-0.71742386,-0.0004682839,1.1349692,-0.23225415
M7|C00324,-0.34892425,0.52503884,-0.33160603,0.11243414,1.2276831,-0.9826578,-0.6036167,-0.597201,0.67541873,0.6956091,0.15107493,-0.09833132,0.3420055,-0.9810063,-0.47467712,1.3592753,0.42660698,-0.9458855,-0.9395108,-0.8877227,-1.121049,-0.7956226,-0.08788988,-0.54936224,-1.1228815,0.67091644,1.1184044,-0.24116597,-1.654577,0.52431726,0.5522796,-0.73771155,0.4771433,1.0402399,1.6758591,-1.2162036,0.11824751,0.639606,-0.460053,0.55671626
M7|C00325,-1.3932729,0.24393675,0.88773584,0.9181174,1.1335099,-1.5926135,-1.949155,-0.3459266,-0.22884879,-0.9354392,-0.63371986,-1.4991616,-0.6240236,0.5554785,-0.61094475,0.7594354,0.5672237,-0.52520734,-2.143848,-1.612898,0.41874212,0.5774763,1.3451488,-1.0430334,0.4491737,0.07513919,0.064465396,0.9089416,-1.3467658,0.2878157,2.0329704,-0.45289618,-0.37005848,1.2796108,0.3397677,1.2296379,0.39582664,0.6235176,0.5114157,1.0168092
M7|C00326,0.62862885,-1.6003405,-0.994051,0.14202933,0.56775236,-1.1182969,0.50646114,-0.024060309,-0.42598185,-0.5949856,-0.48242414,-1.5790524,0.6367221,-1.087497,0.2517399,2.409517,1.5381442,0.47680828,-1.3279854,-0.85832554,-1.3633494,-0.33899373,0.12383829,-1.7378821,-0.40662545,0.3748898,0.609033,0.19195838,-0.24438587,-0.33716533,0.58166456,-0.24249837,0.32426894,0.013212584,1.1225575,0.7052728,1.3278339,0.49854475,-0.60425717,1.0926067
M7|C00327,-0.34104437,0.16068631,-0.45516902,1.5593202,1.0712099,-0.6311799,-0.89017725,-0.7890335,0.2218131,1.2789631,0.075480804,-0.58090854,0.6248269,-0.2843193,-0.06675534,0.5691573,0.9395227,-0.8883681,-1.0043075,0.3677463,-0.8277944,-1.046044,0.5429651,-2.4363632,-0.13911636,0.40888184,0.045792654,-0.29512423,-0.63895816,-1.1363063,1.1136345,-0.6993747,0.15671171,0.34166604,-0.6886856,0.7676467,0.60361797,0.39703006,0.34573454,-0.11023444
M7|C00328,-0.1935052,-1.0751836,-0.5752352,0.9049957,0.7922545,-0.73652834,-0.3481961,-0.79652,-0.25844607,0.9527986,-1.0433921,-0.8121135,0.86558753,-1.0959682,0.1687561,0.43709213,1.300827,0.3833351,-0.9910449,-0.5007741,-1.0457476,-0.3810581,0.5128207,-0.5904258,-0.5869177,0.52644813,0.53313315,1.0818046,-0.16183612,0.83848786,0.95925045,-0.43678546,-1.0065705,0.6785916,0.043338507,-0.18214506,0.04404686,-0.027234793,-0.45272478,0.26294228
M7|C00329,-0.88567644,0.30394983,-0.043714754,0.5431551,1.569564,-1.3249941,-1.9100854,-0.27249768,-0.002402572,0.4230508,-0.023079947,-0.22266278,0.5221691,0.17523015,-0.8024507,0.9576004,0.37020788,-1.7712322,-1.2226609,-1.870736,-0.19319099,0.042196028,0.4877085,0.07881476,-0.06975243,-0.21773252,0.6324091,0.7600813,-1.0213383,1.0812718,0.83634156,-0.2925439,-0.09972654,0.8679038,0.7610341,-0.41909656,-0.055073988,1.0703297,-0.14717554,1.294943
M7|C00330,-0.4125965,0.24570379,-0.35259232,1.8346239,1.0782266,-0.5620514,-1.5864362,-0.28738278,-0.10124494,0.9233128,0.035634056,-0.6837071,0.20155416,-0.72465086,-0.058195986,0.46805447,1.399144,-1.0645236,-0.698126,-0.2624214,-0.53479254,-0.8314004,-0.0679764,-2.6441932,-0.11903152,0.46890837,-0.33343005,-0.2910726,-0.58534265,-1.0466392,1.4869802,-1.2307181,-0.008867443,0.040761422,-0.8500776,0.39334738,0.40707654,0.5916673,0.5574368,0.22057834
M7|C00331,-0.6815131,0.70947826,-0.35053125,0.3346248,0.85748875,-0.51310974,-1.4724016,-0.7803744,-1.0430653,-0.19875064,-0.15854234,-0.7723088,0.0401821,-0.42971024,-0.9473189,1.548861,0.49924627,-0.006330624,-0.88955,-0.10398927,-1.481748,0.09744821,0.232902,-0.6977925,-0.19458094,1.7100494,0.10451319,1.1593175,-0.45092255,-0.19508553,1.1582098,-0.4862851,0.3968494,1.0346327,1.203882,0.6313162,0.6409467,0.2343263,0.44462448,0.3542253
M7|C00332,-0.3410614,-1.0767995,-0.33400714,0.38664833,0.76429677,-0.659145,-0.34844285,-1.0635607,-0.5899698,1.3982153,-1.0114616,-0.7152152,0.90317243,-0.89198625,0.025876507,0.56862545,1.245317,0.47993454,-1.1935284,-0.5258893,-1.4832292,-0.7677707,0.62906295,-0.46943802,-0.4391893,0.6837745,0.3395329,1.0726873,-0.007812962,0.9719187,0.6923507,-0.40536356,-1.0568852,0.28654137,0.5313105,0.16082564,0.2579193,-0.15178113,-0.09161982,0.2920728
M7|C00333,0.09489022,-1.023147,0.4683852,0.5288519,-0.15928198,-1.3356171,-2.4642687,-0.39309633,0.06651685,-0.5835624,0.0701559,-1.4751589,-0.65338147,-2.3689222,-1.3923343,0.50334585,1.1018766,-0.24125266,-0.37918502,-1.9153407,-1.0173783,-1.7884614,-1.0619068,-2.2783308,-0.7073085,-0.20362037,-0.33948737,-0.7026609,-1.254601,-0.033049732,0.87880063,-2.3988154,-0.4303804,-0.78380513,0.52853763,-1.0469942,-0.4594705,0.5161844,-0.60975236,1.6203206
M7|C00334,-0.8963301,0.09970049,-0.10647753,-0.05029934,1.6252637,-1.2852778,-2.1604185,-0.13651396,0.25313208,0.6238841,-0.19999442,-0.39787528,0.11763203,0.3376968,-0.806198,0.8347692,0.3679129,-1.775868,-1.3484895,-1.9743109,-0.17864245,-0.33488014,0.7157395,0.43314445,-0.20362736,-0.26042426,0.7732134,0.91448426,-0.68855464,1.1868658,0.6969122,-0.23700961,-0.037591875,1.0638814,1.15864,-0.36855033,0.07504965,0.96284056,0.10459327,1.3318586
M7|C00335,-1.1531811,0.38266873,0.432986,-0.23321345,1.2005657,-0.9164461,-1.8728391,-0.37153637,-0.58653295,-0.7406573,-0.98788726,-1.4534987,-0.8354784,0.50296813,-0.69167644,1.2437241,0.29615125,0.15862793,-1.924865,-1.0795554,-0.32763815,0.22091156,0.9622975,-0.5150451,0.1192286,1.0430255,0.11136581,1.5032712,-1.0424244,0.47097644,1.6310302,-0.43432063,0.03519152,1.292086,1.3922445,0.7967342,0.9531465,0.6019296,0.7400783,0.8677361
M7|C00336,-0.61333793,0.9748909,-0.9882064,1.402907,0.79411,-0.84735054,-0.2008502,-1.2162625,-0.5180473,-0.5089563,0.97643864,-0.58108306,1.0205958,-0.52230585,-0.8878761,1.9233516,0.8912377,-0.01568263,-1.2618668,1.2687188,-2.0915732,-0.99146855,0.36499864,-1.1625354,-0.4640373,1.9742281,0.7288959,0.8783159,-1.4947882,-0.9729936,1.6362416,-0.050797336,0.96605307,1.3550137,0.12822697,-0.32301325,1.2040449,0.5518687,-0.29276252,-0.464007
M7|C00337,-0.18899149,-0.97212356,-0.21033901,-0.028876401,0.24713635,-1.0015806,-0.83791184,-0.26855603,1.0417821,0.41492966,-0.83515716,-1.059061,-0.43280083,-1.115303,-0.6810824,1.1292349,0.91158915,-0.50663614,-0.80348176,-1.6021601,-0.4069255,-1.3090289,-0.20824398,-0.6170136,-1.1037074,0.9630345,0.46347815,-0.49298683,-1.1108351,1.2853678,0.99409604,-1.8320754,0.83276606,1.2427485,2.6254482,-0.55130494,-0.84664273,0.3856815,-1.2092202,1.348461
M7|C00338,-1.2030687,-1.0626909,-2.17911,0.46182567,0.5048808,-0.9257985,1.0099722,-1.1865263,-1.1250956,-1.373423,1.0027395,-0.91392136,-0.28071517,-1.2956829,-0.29536995,1.5684931,2.1772923,-1.7650158,-0.16954851,-1.9620745,-0.4605193,-1.0197461,1.9932259,-1.5847064,0.11758165,0.95934635,2.0265772,-0.10406837,0.6151144,-0.4372869,0.68133456,-0.37227347,0.12671556,0.9876206,-0.40723497,-0.0057465285,0.5073044,0.6734802,-1.0677421,0.8031695
M7|C00339,-0.77782726,0.07828777,0.3006054,1.5286125,1.0047431,-1.4746149,-2.0499794,-0.19883806,-0.026639009,-0.12051153,-0.3041585,-1.1117555,-0.3378104,0.25526577,-0.5377549,0.2878767,0.66391724,-1.5168585,-1.528511,-1.7130929,0.40801156,0.17676619,1.0744824,-1.5191001,0.6073803,-0.34770423,-0.05605661,0.42463475,-0.6384793,-0.045139387,1.6387461,-0.50991917,-0.35018227,0.8625708,-0.1820016,1.4527231,0.25520527,0.66736543,0.40223777,1.3102301
M7|C00340,-0.46044344,-0.24073187,-0.109987795,0.45474273,0.723679,-0.7944181,-0.6395625,-0.7340149,-0.5019672,0.5231378,-0.76792395,-0.77108216,0.58169246,-0.6506398,-0.69380003,0.6996538,0.22442326,-0.4029394,-0.89478487,-0.6051179,-0.8653033,-0.41330603,0.32015795,-0.7946194,-0.25210392,0.851458,0.38144195,0.71627855,-0.5365993,0.39354852,0.6862924,-0.5245267,-0.46575433,0.60531133,0.71140057,0.41623437,0.077189416,0.42174435,-0.21414089,0.7529098
M7|C00341,-0.46044344,-0.24073187,-0.109987795,0.45474273,0.723679,-0.7944181,-0.6395625,-0.7340149,-0.5019672,0.5231378,-0.76792395,-0.77108216,0.58169246,-0.6506398,-0.69380003,0.6996538,0.22442326,-0.4029394,-0.89478487,-0.6051179,-0.8653033,-0.41330603,0.32015795,-0.7946194,-0.25210392,0.851458,0.38144195,0.71627855,-0.5365993,0.39354852,0.6862924,-0.5245267,-0.46575433,0.60531133,0.71140057,0.41623437,0.077189416,0.42174435,-0.21414089,0.7529098
M7|C00342,-0.46044344,-0.24073187,-0.109987795,0.45474273,0.723679,-0.7944181,-0.6395625,-0.7340149,-0.5019672,0.5231378,-0.76792395,-0.77108216,0.58169246,-0.6506398,-0.69380003,0.6996538,0.22442326,-0.4029394,-0.89478487,-0.6051179,-0.8653033,-0.41330603,0.32015795,-0.7946194,-0.25210392,0.851458,0.38144195,0.71627855,-0.5365993,0.39354852,0.6862924,-0.5245267,-0.46575433,0.60531133,0.71140057,0.41623437,0.077189416,0.42174435,-0.21414089,0.7529098
M7|C00343,-0.8604741,-0.009170897,-0.07435678,0.105800405,0.5375223,-0.82426596,-0.6934425,-0.8000985,-0.7031461,-0.19411534,-0.65639454,-0.87152565,0.35760957,-0.6407764,-1.0123566,0.7851129,0.26886353,-0.019565962,-1.1905003,-0.23260017,-0.60352325,-0.2944596,0.57985157,-0.91751873,-0.35836297,1.1913022,0.3236397,0.6643158,-0.91267854,0.37044737,1.0770037,-0.7276838,-0.61588323,1.0781634,0.5806438,0.3106237,-0.19271152,0.35862204,0.16274536,0.40113488
M7|C00344,0.06181334,0.04883205,0.0048723444,-1.5237377,1.0872693,-1.1307813,-1.9751898,-0.44554108,-0.3039115,1.408603,-0.598244,-0.2619336,-0.19524911,-0.21398994,-0.90920895,1.0608575,-0.058950372,-0.9843702,-0.8535848,-1.509525,-1.1119788,-0.56840104,0.019950502,0.23150419,-1.2145908,0.33568937,0.5382534,0.109348245,-0.15756735,1.1144928,-0.2928897,-0.46921283,-0.24615212,0.925031,2.9344609,-0.23144776,-0.159533,0.07221549,0.7567867,1.0983031
M7|C00345,-0.064594336,-0.8543757,-0.15535247,0.24470279,1.4782293,-0.38275307,-1.8476883,-0.4743147,-1.7251203,1.1151696,-1.167317,-0.22862698,0.9353685,-0.51199543,-0.5943075,0.4103101,0.42768976,-0.29778367,-1.1395483,-1.2466134,-1.0746175,0.040185638,-0.560342,-0.73535997,0.7897132,0.46632144,0.054795306,1.0225114,0.15229818,1.312888,1.0954121,-1.1178179,-0.9730865,0.011793375,1.6494515,-0.591316,0.19779481,0.22413501,0.54909265,1.1730145
M7|C00346,0.7237978,-1.4694415,-0.8183516,0.5296369,0.26238692,-0.9734207,0.38126224,-0.41937116,-0.30352452,-0.22692895,-0.15083778,-1.6705514,0.97461146,-1.0236732,-0.35000333,2.2623003,1.2880478,0.19509825,-1.2967787,-0.8666173,-1.2426538,-0.5795138,-0.20516156,-1.4485248,-0.33849478,0.2110551,0.5229339,0.1679474,-0.3783207,-0.39629507,0.3933968,-0.2999246,0.47276556,0.08094276,0.742499,0.60142565,1.1341152,0.77526635,-0.72488976,0.8069651
M7|C00347,-0.26819348,0.19130364,-0.10188228,-0.6777846,1.1709037,-0.9862593,-1.1385599,-0.4270525,0.38735244,1.1286505,-0.40103298,-0.2274482,0.059058294,-0.7634899,-0.30560032,1.1298051,0.23340303,-0.6825598,-0.8517801,-1.3144232,-1.1737638,-0.55848116,0.0057398006,0.006355956,-1.240393,0.5541123,0.8395271,0.045561478,-0.7689868,0.8142113,0.30091017,-0.77008617,0.03241393,0.8950318,2.4121652,-0.6060444,0.083829686,0.3425253,0.29493648,0.73051834
M7|C00348,-0.3205977,-0.78912544,-0.69198304,1.2583783,0.9130323,-0.88394374,0.08120188,-1.1002252,-0.085810766,0.50683355,-0.64891815,-0.66120017,1.0463338,-1.1363828,-0.16833842,0.6983323,1.4240255,0.21025985,-1.0360956,-0.17181408,-1.0715233,-0.7134637,0.35669622,-0.8861141,-0.6183168,0.77308357,0.7032363,0.81261146,-0.7430109,0.5561846,1.1957617,-0.39525312,-0.6696555,0.8456188,-0.3159935,-0.49617985,-0.0064152665,0.23247424,-0.88947695,0.056280926
M7|C00349,-0.35935882,-0.93545896,-0.45424742,0.6359468,0.69920754,-0.63918585,-0.35413367,-0.8960606,-0.28740653,1.1148129,-1.1552229,-0.7703483,0.85153383,-0.9612962,-0.09228903,0.48428226,1.0613929,0.37035453,-0.86836725,-0.41191024,-1.0848049,-0.55596554,0.61651444,-0.56766284,-0.44226742,0.85886925,0.41810393,1.057803,-0.14592943,0.82673246,0.8014826,-0.43755794,-0.9368138,0.7340659,0.1114401,0.23414832,0.20719855,0.050094105,-0.51235586,0.31685638
M7|C00350,-0.9913213,0.11634747,-0.20315903,0.5280331,0.47479302,-0.6223046,-0.501131,-1.0063448,-0.72763884,-0.15227151,-0.06938128,-0.73854554,0.89360565,-1.0792499,-1.2254742,0.63263243,0.5779345,-0.057795882,-1.0649868,0.19977854,-1.0421714,-0.76626855,0.27992228,-1.300575,-0.419742,0.97829896,0.3231159,0.7867651,-1.2072793,0.019299291,1.0844961,-0.8984201,-0.5731518,0.52554965,-0.063627824,-0.2071431,-0.504806,0.48217827,0.067608096,0.022009924
M7|C00351,-0.24097997,-0.10636782,-0.65723413,0.4744409,1.5260229,-0.7489704,-1.5892347,-0.7041184,-0.928984,1.0275463,-0.18823746,-0.050669447,0.66356295,-0.47906536,-0.26635814,1.2789146,0.14275362,-0.81001675,-0.50428486,-0.8973491,-1.5042243,-0.18682444,-0.24762489,-0.39980707,-0.6838872,0.56078744,0.84593695,0.6660849,-0.5031911,0.5131946,0.33643138,-0.5596063,-0.09191959,0.31176,1.0136728,-1.0408971,0.33069685,0.6129145,0.009994075,0.85553
M7|C00352,-0.028552748,0.45958018,-0.99481,0.952605,1.3558694,-0.8841633,-1.5994362,-1.0630448,-0.74036574,0.45361435,0.14288838,0.24087432,0.73537576,-0.4473045,-1.0607138,1.3269851,0.17579286,-1.2972996,-0.72392106,-0.6706923,-0.88554,-0.1951085,-0.3814934,-1.4548057,-0.28386223,0.662032,0.90514225,0.14895296,-1.3760946,0.36654967,0.4364134,-0.54632026,-0.12496195,1.095991,0.16287763,-1.5745466,0.082601175,0.66584426,-0.530948,0.91031206
M7|C00353,-0.3501746,0.094151594,-0.7306256,0.6385996,1.6095861,-0.5428034,-1.9047979,-0.5280037,-0.86897784,0.83265126,-0.13691422,0.19626337,0.6102085,-0.66961795,-0.25379935,1.3629023,0.35162228,-0.93290305,-0.36188856,-1.1118101,-1.5226657,-0.012419984,-0.64322793,-0.571452,-0.62795043,0.53072715,0.6549128,0.5895678,-0.7182106,0.627699,0.46948922,-0.97913384,0.00218907,0.088875316,0.8861378,-1.4683496,0.24728927,0.94429314,-0.12034903,0.90361977
M7|C00354,0.06346169,-0.9690741,0.2509674,0.4408606,0.5760241,-1.3015075,-0.480664,-1.0336571,0.45090798,-0.5071902,-0.11484877,-1.050833,-0.3127529,-1.2309725,-0.9186146,0.80685997,0.044492647,-0.45467752,-0.8323672,-0.22796288,-1.2362611,-1.1620727,0.28422046,-2.201523,-1.0763958,0.13919275,0.9846191,-0.86774194,-1.4116825,-0.22267765,1.2222106,-1.3632396,-0.55863774,0.8539648,-0.31974262,-0.9186764,0.5692301,1.0428396,-0.71564144,0.3182748
M7|C00355,-0.91356295,-0.4941831,-0.54000306,1.0275859,1.8584338,-0.6554956,-0.62701845,-1.1397687,-0.6847467,0.5583982,-0.7465425,-0.110424146,1.3886173,-0.12599112,-0.33387005,1.4606026,0.080867186,-0.75743467,-1.0361223,-0.14026964,-0.61920106,-0.19446409,0.48963886,-1.6250391,0.74733853,0.7900219,0.93004346,0.27270615,-1.209338,0.64184165,1.1149735,-0.61890864,-0.4565552,1.3151443,0.023461372,-1.2276454,0.6889884,0.53198236,-0.9171737,0.4677395
M7|C00356,0.38277766,-1.3534282,-0.90148765,0.55923295,0.34912854,-0.89117646,0.2805348,0.040549725,-0.109826565,-0.3684424,-0.041424945,-1.6328678,0.7112838,-1.3759933,0.047837436,2.3914475,1.5255141,0.33267075,-1.1656151,-0.83036315,-1.3693765,-0.7161485,0.2644794,-1.7356589,0.07508619,0.43442744,0.65843433,0.06294127,-0.7286014,-0.2528182,0.5157458,-0.20570166,0.61470574,-0.059458718,0.6657631,0.40725762,1.5115716,0.34776953,-1.010973,0.9291307
M7|C00357,-0.5944117,-0.09863848,-0.42307374,1.1367897,0.51820993,-1.0082666,-0.1973645,-0.9233356,1.4999199,0.24345425,-0.13203414,-0.6589787,-0.1806992,-1.069105,-0.50961715,1.2262187,0.7812293,-0.73845875,-0.6579753,-0.5937652,-0.59284806,-1.4185319,0.27469537,-1.3537434,-0.87353903,1.0703528,0.88904816,-0.57044053,-1.9316983,0.54998803,1.1049323,-1.313559,0.98586315,1.4593909,0.8879803,-1.2597615,-0.32161596,0.60305864,-1.9045814,0.59643793
M7|C00358,-1.09412,-0.18398465,-0.17944613,0.9310501,1.9295912,-1.3594248,-0.88784695,-0.6162473,0.4130194,-0.016516551,-0.26641437,-0.4024713,0.83094335,0.16419789,-0.8054421,1.169745,0.2353859,-1.8031522,-1.6801218,-1.1573526,0.16782376,-0.17237,1.1233782,-0.7972802,0.69131917,0.11553329,1.3422983,0.53423274,-1.6528288,0.89646673,1.3442289,0.03450334,-0.13330068,1.7064815,-0.04216744,-0.6118096,0.43832693,0.8306875,-1.0358496,1.0098825
M7|C00359,-1.1638973,0.14791214,-0.38177904,0.7029124,0.46848792,-0.6835471,-0.3558685,-1.2900327,-0.46690744,-0.038855493,0.15219612,-0.590104,0.81769407,-0.9881209,-1.2040142,0.9198817,0.8840767,-0.027484462,-1.0913758,0.3970726,-1.066321,-1.176041,0.69426024,-1.4837757,-0.108465016,1.2845815,0.5527117,0.40786684,-1.5274113,0.008448005,1.0181168,-0.65455073,-0.35235417,0.878216,-0.5566547,-0.3258388,-0.025431987,0.3726181,-0.51122725,-0.114233285
M7|C00360,-1.3731117,0.3300442,-0.6822683,1.2814069,1.8981774,-1.4933288,-0.88215536,-0.64723396,1.1099328,-0.12838966,0.5855045,-0.39889935,0.38343024,0.28216356,-0.7468512,1.1062193,0.2623791,-2.2340171,-1.6093779,-0.7777305,0.07011898,-1.0273976,0.8935945,-0.23771219,-0.042311378,0.1915484,1.8554494,0.44576836,-1.9459856,0.29297745,1.3168737,0.2971297,0.5765545,1.7816,-0.3195963,-1.5157208,0.33848667,1.5341383,-1.1269757,0.803177
M7|C00361,-1.1729593,-0.5042061,0.1452727,1.1413523,2.0819306,-1.451297,-1.0848501,-0.4648677,0.6502669,-0.0436316,-0.653364,-0.8357177,0.353787,0.50992346,-0.4278185,0.8603456,0.17412384,-1.8643702,-1.9747936,-1.1451672,0.46771604,-0.036667213,1.6685344,-1.2385128,1.0714753,-0.07783037,1.2429817,0.4959754,-1.3591838,0.53100014,1.7321628,0.11452554,-0.19501767,1.7918056,-0.33722317,0.27719223,0.7787686,0.6848867,-0.7887703,1.0782859
M7|C00362,-1.1201601,-0.30190277,0.11453662,1.2911497,1.9742115,-1.5338039,-1.3033518,-0.38806123,0.67692137,-0.093800396,-0.4804116,-0.84849644,0.27773672,0.5960952,-0.51583594,0.7863212,0.25295398,-1.905911,-2.0511413,-1.2831824,0.6284283,-0.012627453,1.6153141,-1.2015202,1.0529735,-0.17812863,1.097913,0.48701864,-1.4198422,0.5134363,1.7715316,0.15016444,-0.17685255,1.806837,-0.38043135,0.3681241,0.75310355,0.7683504,-0.65416825,1.1870445
M7|C00363,-0.46044344,-0.24073187,-0.109987795,0.45474273,0.723679,-0.7944181,-0.6395625,-0.7340149,-0.5019672,0.5231378,-0.76792395,-0.77108216,0.58169246,-0.6506398,-0.69380003,0.6996538,0.22442326,-0.4029394,-0.89478487,-0.6051179,-0.8653033,-0.41330603,0.32015795,-0.7946194,-0.25210392,0.851458,0.38144195,0.71627855,-0.5365993,0.39354852,0.6862924,-0.5245267,-0.46575433,0.60531133,0.71140057,0.41623437,0.077189416,0.42174435,-0.21414089,0.7529098
M7|C00364,-0.59175205,-0.09124229,-0.30541646,1.04459,0.73468506,-0.8718689,-0.28100133,-0.9965309,-0.28749418,0.31078506,-0.3044941,-0.7225815,0.8416899,-0.766635,-0.8969502,0.829318,0.4871957,-0.4768718,-1.0391293,-0.23144913,-0.7546619,-0.7825342,0.24801849,-1.1166137,-0.15410042,1.0011864,0.5802409,0.48866177,-1.1581892,0.15344179,0.8889204,-0.39761376,-0.32618454,0.76945484,-0.022750467,-0.071536094,0.11241108,0.5111225,-0.62516725,0.4952851
M7|C00365,-0.59334075,0.107343905,-0.7512152,0.9456956,1.374925,-0.73404,-0.7568046,-0.8762403,-0.38788822,0.69328284,0.10970892,-0.13510671,1.075156,-0.62527406,-0.34135723,1.4800435,0.15641949,-0.8670781,-0.6100718,-0.17437983,-1.4221892,-0.5835152,-0.055996,-0.73430413,-0.56209743,0.96224785,1.0349109,0.445734,-1.1999623,0.12178689,0.5561937,-0.40123373,0.08805551,0.6896263,0.28427488,-1.1032711,0.5814356,0.9815592,-0.64149696,0.4327802
M7|C00366,-0.5885074,-0.055641934,0.42026833,1.103641,0.8629064,-1.599515,-1.7839615,-0.64056396,-0.41244572,0.18863465,-0.32500172,-1.2199858,-0.22660002,0.2938637,-0.7928569,0.34801275,0.41396126,-1.3955227,-1.3887411,-1.5958292,0.22261527,-0.07867199,0.9856689,-1.133161,0.4329782,0.019536674,-0.1207879,0.35347313,-0.13249964,-0.1767458,1.1333947,-0.09954784,-0.58298934,0.7238892,0.1825795,1.9494816,0.38401663,0.65025806,0.516664,1.2517693
M7|C00367,-0.5105878,-0.090341404,-0.29132065,0.9179802,0.6983005,-0.8693863,-0.39689362,-0.9306709,-0.3560628,0.34540224,-0.3728358,-0.7020075,0.81072766,-0.76249534,-0.89933735,0.7963737,0.44767088,-0.49237642,-1.001517,-0.3480338,-0.74977076,-0.65996647,0.24011756,-1.0742835,-0.20246066,0.9102898,0.48738974,0.49715835,-1.0388757,0.2478821,0.82341343,-0.46803635,-0.39646333,0.7383626,0.15806445,0.02020134,0.06501882,0.49765396,-0.5384422,0.57775176
M7|C00368,-0.58097124,0.21400952,-0.32349446,1.1207303,0.7793191,-0.76270413,-0.38892198,-1.012645,-0.3381172,0.23342055,-0.040318638,-0.6850307,0.85556847,-0.99143106,-1.1963793,0.84290606,0.60490227,-0.6790779,-0.9750889,-0.14284271,-0.72955143,-0.9332371,0.10823995,-1.3293941,-0.13186812,0.9910265,0.45566696,0.3858199,-1.3762282,0.09713173,0.8051132,-0.45047218,-0.110844605,0.66697526,-0.22128288,-0.28415605,-0.028795993,0.5845517,-0.8421598,0.49259233
M7|C00369,-0.47966418,-0.20280278,-0.021439143,-0.13768393,0.6404515,-0.7156256,-1.3355789,-0.71250355,-0.69335824,0.81543446,-0.9409548,-0.6744468,0.4989774,-0.7891595,-0.85888934,0.6058382,0.4839125,-0.36404908,-0.8228299,-0.87960494,-1.0223699,-0.49295503,0.3775922,-0.6991429,0.0005369857,0.84821934,0.022920962,0.75632775,-0.20094636,0.59857714,0.31910294,-0.6236736,-0.6059967,0.40179473,1.040228,0.71276724,0.03733952,0.17198619,-0.06682701,0.9592993
M7|C00370,-0.5664034,0.10062682,-0.26961187,0.9815686,0.7502024,-0.78227365,-0.4307397,-0.9308936,-0.32992938,0.24010724,-0.290905,-0.67612314,0.71974474,-0.8562246,-1.022824,0.792583,0.40365666,-0.6248186,-0.9370456,-0.27473086,-0.7511222,-0.72835314,0.2092037,-1.2383275,-0.111087576,0.9788952,0.5097645,0.45223483,-1.1771653,0.15758076,0.7879786,-0.48722512,-0.16123573,0.68574053,0.03260687,-0.10784212,0.03114884,0.58199865,-0.75431734,0.6093546
M7|C00371,-0.46044344,-0.24073187,-0.109987795,0.45474273,0.723679,-0.7944181,-0.6395625,-0.7340149,-0.5019672,0.5231378,-0.76792395,-0.77108216,0.58169246,-0.6506398,-0.69380003,0.6996538,0.22442326,-0.4029394,-0.89478487,-0.6051179,-0.8653033,-0.41330603,0.32015795,-0.7946194,-0.25210392,0.851458,0.38144195,0.71627855,-0.5365993,0.39354852,0.6862924,-0.5245267,-0.46575433,0.60531133,0.71140057,0.41623437,0.077189416,0.42174435,-0.21414089,0.7529098
M7|C00372,0.4831102,-1.2366145,-0.5093342,0.35375828,0.2727864,-0.9580565,0.2352736,-0.5526572,-0.53070384,-0.18848428,-0.4355207,-1.6954688,0.65982664,-0.7914189,-0.48317346,1.9915992,1.0616978,0.11104009,-1.2127554,-1.0450469,-0.8115228,-0.3214138,0.02163101,-1.0914327,-0.21526226,0.5121753,0.28973776,0.3838837,-0.1595718,-0.22692999,0.3381186,-0.08288111,0.1634986,0.2021217,0.80984944,0.9734591,1.0252002,0.5122705,-0.5396161,0.86860967
M7|C00373,-0.46044344,-0.24073187,-0.109987795,0.45474273,0.723679,-0.7944181,-0.6395625,-0.7340149,-0.5019672,0.5231378,-0.76792395,-0.77108216,0.58169246,-0.6506398,-0.69380003,0.6996538,0.22442326,-0.4029394,-0.89478487,-0.6051179,-0.8653033,-0.41330603,0.32015795,-0.7946194,-0.25210392,0.851458,0.38144195,0.71627855,-0.5365993,0.39354852,0.6862924,-0.5245267,-0.46575433,0.60531133,0.71140057,0.41623437,0.077189416,0.42174435,-0.21414089,0.7529098
M7|C00374,-0.46044344,-0.24073187,-0.109987795,0.45474273,0.723679,-0.7944181,-0.6395625,-0.7340149,-0.5019672,0.5231378,-0.76792395,-0.77108216,0.58169246,-0.6506398,-0.69380003,0.6996538,0.22442326,-0.4029394,-0.89478487,-0.6051179,-0.8653033,-0.41330603,0.32015795,-0.7946194,-0.25210392,0.851458,0.38144195,0.71627855,-0.5365993,0.39354852,0.6862924,-0.5245267,-0.46575433,0.60531133,0.71140057,0.41623437,0.077189416,0.42174435,-0.21414089,0.7529098
M7|C00375,-0.46724695,-0.13446978,-0.18880916,0.7233235,0.68492883,-0.792394,-0.6355192,-0.7859818,-0.48067036,0.37456745,-0.6005016,-0.7342787,0.6059003,-0.7583496,-0.849438,0.69431806,0.3597558,-0.45267767,-0.90922296,-0.5823603,-0.7990791,-0.51150525,0.18083239,-0.9876058,-0.17619854,0.88072354,0.38227606,0.64533037,-0.7780778,0.34564584,0.7851843,-0.59943324,-0.38730574,0.59311485,0.47142464,0.19442393,0.0008621998,0.4895029,-0.38431692,0.7562542
M7|C00376,-0.45549518,-0.29056403,-0.12567098,0.4455523,0.7287774,-0.81058,-0.6212622,-0.7560317,-0.506754,0.5800332,-0.7480369,-0.7933258,0.6582916,-0.6484374,-0.68072367,0.7095798,0.30613786,-0.34186083,-0.9418308,-0.5819638,-0.8834556,-0.45042726,0.30200303,-0.740172,-0.29581937,0.84223956,0.36522895,0.72370005,-0.51516426,0.3950728,0.70099664,-0.49426478,-0.5226461,0.60016614,0.68962,0.41609454,0.08429782,0.3903548,-0.13491358,0.6975384
M7|C00377,0.014989808,-1.141447,0.6035877,0.20137128,0.025338486,-1.3461394,-2.0856228,-0.35754734,0.16783696,-0.33632317,-0.10529303,-1.5396696,-0.63852364,-2.1224875,-1.111842,0.61453336,0.7406451,-0.28200844,-0.36238623,-1.7077111,-1.0406249,-1.747467,-0.5629306,-2.0053632,-0.9197571,-0.17198348,-0.10529859,-0.63562715,-1.0944892,-0.040775463,0.74717546,-2.128576,-0.4571792,-0.54481673,0.7524479,-0.800841,-0.13301472,0.40174234,-0.52405065,1.3890499
M7|C00378,-0.6802594,-0.5645931,-0.7887966,0.32042912,0.7827287,-0.80765724,-0.21598731,-0.9666371,-0.48859927,0.09638337,-0.30596954,-0.82422113,0.13389474,-0.675811,-0.4876459,0.92395407,0.46409887,-0.68687576,-0.87259704,-0.533387,-0.8337172,-0.84024346,0.9661941,-1.1588533,-0.04607489,0.9763384,1.1658292,0.40628463,-0.23532629,-0.05967015,0.57847494,-0.25062475,-0.1789071,0.8152917,0.30945265,0.23634961,0.41682383,0.49386835,-0.44926026,0.61877084
M7|C00379,-0.93883425,-0.21274373,0.06910802,-1.0973614,0.13781743,-0.5735482,-1.5780853,-0.6721964,-1.1197472,0.70265365,-0.8238268,-0.8432473,0.34529233,-0.8055051,-1.0840362,0.4614091,0.5578196,0.49404672,-1.0667722,-0.39456412,-1.2376043,-0.7888649,0.87044555,-0.28315827,-0.40062582,1.1276451,-0.040003166,1.1136073,-0.097137004,0.8374372,0.36688313,-0.75621676,-1.1600562,0.62023324,1.1203294,0.74554956,-0.21006511,-0.20474513,0.92162395,0.41681027
M7|C00380,-0.43874452,-0.76518774,-0.31125328,0.34730968,1.8112245,-0.61195993,-0.7355015,-0.8399752,-1.0655603,1.0472019,-0.96203977,-0.21700658,1.508946,-0.16535291,-0.3611438,1.0683872,0.08758451,-0.6874126,-1.1676998,-0.44289505,-0.88378745,-0.23081192,0.2371686,-0.87645906,0.5682106,0.6422486,0.5985331,0.6029273,-0.43763632,0.89773,0.89622515,-0.45414174,-0.7813276,0.8273984,0.8511461,-0.63381326,0.67721456,0.42488462,-0.1677377,0.6360569
M7|C00381,-0.9837849,-0.7358321,-0.47652748,1.003203,0.9850538,-1.0213004,0.62203985,-1.7575346,0.25306275,1.0421507,-0.39918023,-0.5114095,1.4555084,-0.5140902,0.10859392,1.340058,0.9592329,0.12216877,-1.2328119,0.6174124,-1.0987303,-1.1650807,1.5250806,-1.0963788,-0.07719308,1.0340862,1.149509,0.37289473,-1.2647065,0.3081662,0.6138082,0.38352764,-0.6473579,1.417998,-0.97675407,-0.34888437,0.9120388,-0.15659283,-1.3297697,-0.3598034
M7|C00382,-0.29669824,0.36084107,-0.40556562,0.18509012,1.1714773,-1.1973996,-0.98653805,-0.70235956,0.114666715,0.5764248,0.17540039,-0.10760343,0.24417086,-0.5301752,-0.7513436,1.3595406,0.18946566,-1.1837987,-0.8888538,-0.82249,-1.0020633,-0.7029796,-0.113979295,-0.7244266,-0.9864628,0.48497257,1.122847,-0.26203048,-1.4409295,0.50341153,0.5268109,-0.57259065,0.37999815,1.1448953,1.516837,-1.2810333,-0.25221053,0.50927716,-0.37253022,0.79805744
M7|C00383,-0.600181,0.8205893,-0.5838064,2.6005256,1.0466012,-0.76639265,-0.027661905,-1.063669,0.74862075,0.7602409,1.0436667,-0.4156729,1.2784907,-0.7526522,-0.19518137,0.8559193,1.1027989,-1.4003094,-1.1137396,1.110022,-0.63693213,-1.5180167,0.6503087,-3.2572734,0.22816513,0.6323517,0.5225104,-0.6500195,-2.0951738,-1.6959223,1.3694824,-0.28705302,0.485259,0.7773734,-1.9293559,0.0018711686,0.6749343,0.5682063,-0.74889046,-0.38940737
M7|C00384,-0.6587581,-0.2811598,-0.17124152,0.29495963,0.7361445,-0.9931141,0.11148183,-1.0608642,1.595741,0.87631977,-0.40977734,-0.7830788,-0.11620754,-0.6106589,-0.17924792,1.4428064,0.20993397,-0.698743,-0.73038465,-0.21332102,-0.7787326,-1.4615384,1.1410553,-0.8859774,-1.0504754,1.2159165,1.1243985,-0.5189029,-1.5082318,0.6220332,0.57659143,-0.7602987,0.8472275,1.8157595,1.326606,-0.5678946,0.27743813,0.27500778,-1.6609277,0.30738074
M7|C00385,-0.9452501,-0.39611927,0.27555126,1.3287245,1.8480822,-1.478723,-1.6783433,-0.15719905,0.3643739,-0.2020939,-0.6280996,-0.76040554,0.29973882,0.31244636,-0.6773236,0.7136022,0.49123642,-1.8115549,-1.8705448,-1.8273647,0.5822951,0.2767246,1.0515429,-1.2190105,0.97855955,-0.43121397,0.6907744,0.6300615,-1.333104,0.851608,1.8702565,-0.3817717,-0.28337142,1.4037713,-0.083701685,0.23508121,0.27049053,0.75501394,-0.48250407,1.407191
M7|C00386,-0.6913695,-0.80444455,0.32689628,0.08394171,1.9348502,-1.0595639,-1.2637765,-0.28504795,-0.16103889,0.45699346,-1.2648147,-0.5604705,0.7049825,0.06850326,-0.67789894,0.9106501,0.09175434,-1.3077532,-1.5446522,-1.7454147,0.01641056,0.344269,0.93104386,-0.5913175,0.7395453,0.021565348,0.76596916,0.9384694,-0.75971216,1.4851187,1.166864,-0.37320736,-0.6368632,1.2693018,0.97825617,0.21600704,0.30441374,0.33150172,-0.3756421,1.2891797
M7|C00387,-0.46044344,-0.24073187,-0.109987795,0.45474273,0.723679,-0.7944181,-0.6395625,-0.7340149,-0.5019672,0.5231378,-0.76792395,-0.77108216,0.58169246,-0.6506398,-0.69380003,0.6996538,0.22442326,-0.4029394,-0.89478487,-0.6051179,-0.8653033,-0.41330603,0.32015795,-0.7946194,-0.25210392,0.851458,0.38144195,0.71627855,-0.5365993,0.39354852,0.6862924,-0.5245267,-0.46575433,0.60531133,0.71140057,0.41623437,0.077189416,0.42174435,-0.21414089,0.7529098
M7|C00388,-0.3899884,-0.21127936,-0.15323213,0.40576068,0.6839923,-0.8244227,-0.6434401,-0.7570438,-0.48564658,0.5287599,-0.7388753,-0.72253174,0.58268595,-0.6146678,-0.74742675,0.7081277,0.17112291,-0.48385847,-0.9048949,-0.6058929,-0.7896851,-0.40816316,0.39126235,-0.83409405,-0.25987282,0.8084477,0.38979238,0.646495,-0.55922496,0.45349666,0.61327726,-0.50915384,-0.5316581,0.7108062,0.7374686,0.41668397,0.11441316,0.39671963,-0.24713534,0.77144074
M7|C00389,-1.1136173,-0.08755419,-0.30737904,0.7218826,0.38873738,-0.71982634,-0.3618998,-0.9561987,-0.6989202,-0.21952009,-0.07538897,-0.66833484,0.8128009,-0.8817583,-0.76331925,0.7323461,0.64846605,0.20141256,-1.2846981,0.2904833,-1.3159908,-0.642676,0.6375041,-1.1587479,-0.44543594,1.0586916,0.6483528,0.8721545,-1.3004695,0.10847536,1.4198008,-0.96093816,-0.4102059,0.7801436,0.024828658,-0.48933646,-0.3602495,0.31427383,0.016904704,-0.08424935
M7|C00390,-0.5289075,0.3527513,-0.80918384,1.062197,1.5435194,-0.7183709,-1.1502327,-1.1729236,-0.55952054,0.8381252,0.50262433,0.21245494,0.88311654,-0.6227943,-0.64757764,1.5481575,0.3567055,-1.024529,-0.553661,-0.2411467,-1.5415648,-0.7929307,0.032687575,-1.1149591,-0.24835578,0.8637456,1.1365957,0.24662429,-1.5357215,0.19777066,0.31994212,-0.31191266,0.36029774,0.5316027,-0.06782971,-1.6096487,0.55248857,0.57109845,-0.92176026,0.49147415
M7|C00391,-0.27294874,0.55790585,-0.694081,0.76597106,0.37176436,-0.4231601,-1.961863,-0.52765095,-1.2660817,-0.19964308,0.122391626,-0.5316856,0.21267788,-0.9343322,-1.0974537,1.0888041,1.3954828,0.22625288,-0.87919873,-0.5023656,-1.9976531,-0.5419302,-0.48014033,-1.0350335,-0.35855442,1.2412968,-0.3249206,1.3457625,-0.54851365,-0.027107537,1.4426601,-1.3571751,0.48353523,0.185309,1.1790242,-0.08753097,0.17827982,0.55171096,0.5163185,0.46252722
M7|C00392,-0.13650534,0.6720699,-0.67210233,0.52821255,0.31560206,-0.3485892,-2.418995,-0.42976534,-1.5191293,-0.16626039,0.11377393,-0.48823062,0.07245496,-1.0334046,-1.2847042,1.0035563,1.6207813,0.2944022,-0.82816005,-0.6774274,-2.0913243,-0.5765467,-0.70691216,-0.9626283,-0.3089267,1.2627145,-0.64305437,1.4677907,-0.32672626,0.050309412,1.400272,-1.4744601,0.46167684,0.007957675,1.4380829,-0.040873125,0.10713875,0.4210301,0.7579803,0.57606137
M7|C00393,-0.56913626,-0.83930093,-0.37356356,0.95851207,0.67497236,-0.7209507,-0.31099868,-0.86571336,-0.25091505,0.67079484,-1.0244871,-0.84944665,0.65780383,-0.9992969,-0.37838116,0.71348935,1.1957542,0.11577853,-1.0357527,-0.6616843,-0.4389503,-0.5580456,0.52802986,-0.963695,-0.13550502,0.9412333,0.48917758,0.7635968,-0.8442413,0.81888753,0.857194,-0.32274482,-0.78157157,0.82084244,-0.29954195,-0.08023137,0.012651049,-0.09113993,-0.9418721,0.49160567
M7|C00394,-0.1130923,0.4405982,-1.0357708,1.2351776,0.9625188,-0.17705874,-2.9254665,-0.44972774,-1.0861017,0.3101678,0.011661038,0.21596551,0.0988592,-1.4898176,-0.9796675,0.79213685,1.5371021,-0.53974044,-0.4146117,-1.776478,-1.4090276,-0.24984452,-1.6018186,-1.521476,-0.035044193,0.48341152,-0.16353033,0.68941,-1.0482811,0.8698738,0.80068415,-1.9524951,0.11642222,-0.68768615,0.51524603,-1.8423315,-0.59003145,1.0242592,-0.31097755,1.4654797
M7|C00395,-1.5939853,0.3547906,0.80654037,0.3156692,0.9692387,-1.295701,-1.4030993,-0.5552061,-0.49791896,-1.3662359,-0.87687284,-1.3829095,-0.6179043,0.21855578,-0.73370653,1.1027628,0.2994338,0.22657496,-2.0892663,-1.1071973,0.07316281,0.6453536,1.336426,-0.98600554,0.082400665,0.7321537,0.357167,1.1121495,-1.9321145,0.6825437,1.9843272,-0.72934574,-0.40683877,1.5508037,0.70445377,0.4611844,0.30719236,0.5540178,0.2022542,0.67413884
M7|C00396,-0.95450073,-0.20866683,0.18526766,0.0014967471,1.8964176,-1.2236776,-1.6293714,-0.3280778,0.2581529,0.64713675,-0.58998615,-0.36060923,0.6392666,0.38217258,-0.61433554,1.0799481,0.13077512,-1.5650978,-1.5778434,-1.627192,-0.13154487,0.044833414,1.2055019,-0.10576123,0.381141,-0.13584954,0.9034448,0.8316703,-0.95341194,1.3412408,0.8454313,-0.11164276,-0.18915285,1.3493118,0.93948567,-0.0021516979,0.34423387,0.6145538,-0.33797288,1.1840137
M7|C00397,-0.900502,0.03242036,-0.26885045,0.004816845,0.13459025,-0.31455427,-1.9839212,-0.6970856,-1.4724064,-0.30524996,-0.18870045,-0.5684626,0.18493073,-1.4803646,-1.5864781,0.32830328,1.6027913,0.47578457,-0.9679522,-0.6672513,-1.2667059,-0.78240246,-0.23857714,-1.3552872,-0.2978263,0.8198617,-0.44658,1.0693407,-0.6708664,0.61212146,1.4041764,-1.877728,-0.84023356,0.02576217,0.42294818,-0.36673036,-1.0155375,0.34493,0.8076792,0.29600626
M7|C00398,0.031031847,0.36503175,-0.53173995,1.7679334,0.81178486,-0.4742248,-1.8382097,-0.27758664,-0.23638633,0.82376814,0.14475177,-0.60893524,0.29893395,-0.9554163,-0.71803975,0.15772127,1.7304034,-0.9667465,-0.8594894,-0.54828554,-0.49450207,-1.1012707,-0.6895036,-2.6501234,0.02382148,0.19217244,-0.67767805,-0.15047753,-0.60132444,-0.887396,1.4266634,-1.3963782,0.093982235,-0.24926622,-0.4796756,0.31031865,-0.11304881,0.6353797,0.5978926,0.4771561
M7|C00399,-0.10648692,-0.12703723,-0.3590885,1.2745012,1.0230511,-0.67761886,-1.059528,-0.3712362,0.042542007,1.2678318,-0.35648143,-0.7417588,0.49930397,-0.2895524,0.15597779,0.39406985,0.8773462,-0.737926,-1.0015311,-0.1525177,-0.7006796,-0.67159814,0.2098414,-2.0356693,-0.38610774,0.18772641,-0.11566684,-0.07590175,-0.1468929,-0.8958045,1.2531487,-0.87590545,-0.1265542,0.21652986,0.010566562,0.99066365,0.4463144,0.5074463,0.91149163,0.15502265
M7|C00400,-1.5564611,-0.037387043,-0.29378575,0.24088275,0.3345291,-0.7211604,-0.6605032,-1.0944604,-0.59832346,-0.16017237,-0.08657624,-0.69750196,0.5888341,-0.5559375,-0.88047326,1.143332,0.5200082,0.3100995,-1.2292719,0.6387875,-1.141576,-0.860251,1.1809226,-1.1114857,-0.4204474,1.5028993,0.6325557,0.5343985,-1.3590306,0.22753656,1.1515479,-0.9318019,-0.40877134,1.2233123,-0.18037827,-0.18401721,0.018495623,0.3695163,-0.00486698,-0.26092222
M7|C00401,0.022979826,0.17703664,-0.8290358,0.3300044,1.4802253,-0.8205858,-2.1568694,-0.88058954,-1.0179751,0.7684145,-0.30451065,0.17674735,0.42055926,-0.3771484,-0.9433265,1.193932,0.2699069,-1.0726144,-0.6487498,-1.0200461,-1.1470108,-0.057474967,-0.38280833,-0.9936401,-0.33105546,0.5501947,0.6749548,0.4742526,-0.6307532,0.5533005,0.24911395,-0.58211255,-0.24489984,0.76402885,0.80764645,-1.2192996,0.11626127,0.40337682,0.004420921,1.0194979
M7|C00402,-0.94031525,-0.5630016,-0.47154802,1.0429343,1.9079005,-0.68850857,-0.6837507,-0.9359514,-0.73857594,0.4266577,-0.8582288,-0.21074185,1.267127,-0.11090154,-0.23557854,1.3770038,0.008526633,-0.75430626,-1.0040412,-0.31880724,-0.54237086,-0.0053919405,0.35893178,-1.4522823,0.7426645,0.7575726,0.90182877,0.35605758,-1.0894108,0.62327933,1.277902,-0.6679742,-0.4594221,1.2596701,0.14960405,-1.1975024,0.6513126,0.6841379,-0.76836526,0.5511817
M7|C00403,-0.34671313,-1.0721505,-0.10253121,0.04932393,0.90396,-0.60566974,-0.31536484,-1.0850334,-0.6528903,1.6023159,-0.9794882,-0.8327024,0.9319673,-0.777935,0.1862514,0.81954074,1.157535,0.45975104,-1.0993994,-0.46958697,-1.5103568,-0.7893068,1.0044993,-0.33441117,-0.54579055,0.68128383,0.31010878,1.0786189,0.030824281,1.1111052,0.45028305,-0.23695518,-0.98882884,0.42913342,0.716156,0.40177497,0.4956455,-0.36934435,-0.062266227,0.21873835
M7|C00404,-0.26068562,0.4000881,-0.84903276,1.1268953,0.96491593,-0.37134913,-2.3634987,-0.5392936,-0.9209193,0.45791456,0.03971581,-0.020111352,0.41884977,-1.321918,-0.8865457,0.90856165,1.2090688,-0.64629626,-0.38429737,-1.3798358,-1.3521689,-0.41750714,-1.1627741,-1.2254303,-0.24221475,0.6181351,0.005050458,0.7407596,-1.039634,0.6237817,0.6738804,-1.4878954,0.048467577,-0.3248276,0.44421417,-1.3363789,-0.38367647,0.92750555,-0.36999032,1.2201802
M7|C00405,-0.52428204,-0.67604077,-0.3743622,0.9211789,1.6667271,-0.5932001,-0.37060338,-0.9849102,-0.92838144,1.0258535,-0.5374788,-0.16231646,1.4910642,-0.25348312,-0.27749062,1.0515099,0.02001443,-0.6342802,-1.2315835,-0.14177579,-1.0612876,-0.4011189,0.30350208,-1.054286,0.6656893,0.76176304,0.95010287,0.52647185,-0.86651504,0.7548169,1.0633079,-0.40516466,-0.4340967,0.7107701,0.53186774,-0.90409565,0.6920561,0.46387434,-0.5291443,0.4738765
M7|C00406,-0.20349303,0.83951145,-0.6988314,0.7559105,0.5530345,-0.3820997,-2.0021453,-0.5389277,-1.140294,-0.20092916,0.24522413,-0.427621,0.40294385,-1.4043376,-1.2887869,0.9335561,1.7797059,0.20726097,-0.9870271,-0.76914036,-2.10574,-0.37214938,-1.131011,-1.0860816,-0.23395333,1.1846836,-0.63075346,1.3243256,-0.6072277,0.06762779,1.5722964,-1.4607793,0.3341825,-0.23192333,1.3307233,-0.03826505,-0.11692028,0.5766166,0.73448545,0.6414806
M7|C00407,-0.03169418,0.079373874,-0.4759065,1.6268966,0.84422433,-0.52081573,-1.7337179,-0.31466103,-0.20877407,0.9935504,-0.13485977,-0.6270591,0.28735006,-0.6795151,-0.29309008,0.20319912,1.4510293,-0.8073332,-0.8528179,-0.49239308,-0.73631626,-0.8426815,-0.3743354,-2.4239202,-0.1221776,0.12085487,-0.5194783,-0.001575768,-0.25944135,-0.8677435,1.4182429,-1.3708866,0.012769625,-0.23730893,-0.25755847,0.58025414,-0.011110655,0.5492509,0.77776533,0.43870705
M7|C00408,-0.33714247,0.71271265,-0.71563864,0.7645542,0.5805844,-0.5226798,-1.4598753,-0.6608087,-1.0886605,-0.24422699,0.31904346,-0.57769907,0.445178,-0.68095964,-0.8566289,1.5002875,1.198062,0.27193207,-1.0111365,0.10675402,-2.2551045,-0.48163685,-0.13197015,-0.87485963,-0.5239777,1.5444247,-0.05564621,1.3954064,-0.65932614,-0.34379572,1.5397673,-0.9086463,0.7319389,0.58175474,1.1734911,0.034781054,0.6569934,0.43616295,0.52413,0.059339896
M7|C00409,-0.41199246,-0.031016525,-0.2905564,0.8204321,0.55583197,-0.76074106,-0.97003126,-0.8785312,-0.5425995,0.36099666,-0.44445434,-0.65121865,0.62448865,-0.95455235,-1.1564445,0.6272146,0.78538644,-0.39727432,-0.94617975,-0.70077026,-0.77527255,-0.73489076,-0.0895146,-1.1684594,0.014343873,0.8872357,0.16240914,0.5929297,-0.8784072,0.38354072,0.77051437,-0.70499796,-0.4661849,0.46330148,0.25456902,0.009113848,-0.10423286,0.40034598,-0.418041,0.8287978
M7|C00410,0.2053118,0.29561567,-0.8385985,0.6218698,1.2439697,-0.42597914,-3.147101,-0.42646027,-1.5347668,0.75551856,0.110974684,0.2664338,0.1692395,-1.2298005,-1.3091818,0.8950546,1.2340617,-0.9372803,-0.28371406,-1.8776138,-1.4380416,-0.50560325,-1.5222766,-0.99236035,-0.15430647,0.3266436,-0.074667454,0.74666965,-0.55310804,0.92728937,0.37865716,-1.4465771,0.0328013,-0.5330569,1.0869069,-1.7537627,-0.37270987,0.5786497,0.03473524,1.5239301
M7|C00411,-0.66460204,-0.49684682,-0.017139222,-0.21691805,0.6245757,-1.2119677,-0.48344776,-0.78118014,1.411814,0.89508224,-0.7472511,-0.95940554,-0.22692496,-0.66009474,-0.64550036,1.3901899,0.35974464,-0.7025745,-0.6357604,-1.2038015,-0.50757074,-1.5257168,0.4464807,-0.29170197,-1.0217,1.4345398,0.643505,-0.37864825,-1.3382183,1.1380239,0.57617766,-0.98272526,0.77593946,1.5980593,2.22664,-0.10493904,-0.1231657,0.32645583,-1.2897131,0.93081594
M7|C00412,-0.91892797,-0.10127336,0.16457948,1.1830273,1.1556512,-1.4058013,-1.7789582,-0.25954488,0.28809467,0.035282567,-0.4522709,-1.1313517,-0.25179923,0.37655216,-0.3417107,0.42595047,0.54035133,-1.3392142,-1.6853076,-1.2828226,0.2006709,-0.08322181,1.5222024,-1.3365244,0.55199385,-0.15625808,0.33974892,0.4567016,-0.6453393,0.013517395,1.5148503,-0.28149945,-0.23807454,1.1530333,-0.14010383,1.3543926,0.6014019,0.6312588,0.17350706,1.1642483
M7|C00413,-1.1548715,-0.16556689,-0.18139797,-0.3210341,0.30876923,-0.58983505,-1.4380404,-0.6615944,-1.205929,-0.20003486,-0.60078454,-0.86600506,0.2692321,-0.69651353,-1.0965872,0.73455113,0.64005876,0.4897218,-1.1634175,-0.09231228,-1.1253265,-0.35740143,0.46161425,-0.7274219,-0.61300975,1.2588854,-0.02123382,1.0109178,-0.5587692,0.5040642,1.1723135,-1.3394362,-0.7985649,0.6910829,0.65422523,0.17869253,-0.421116,0.37332702,0.9165466,0.15754181
M7|C00414,-0.8027672,-0.5464053,-0.47043052,1.0475162,1.7441021,-0.6511572,-0.9340965,-0.84390104,-0.87649995,0.45597142,-0.83615696,-0.2759782,1.2258162,-0.2504352,-0.4263004,1.180028,0.22737703,-0.71295696,-1.0191493,-0.5464681,-0.53882915,-0.06835247,0.07714647,-1.3834852,0.75001997,0.73939943,0.64843464,0.4989449,-0.98865896,0.72834605,1.3026556,-0.81246775,-0.56050265,1.066192,0.2657963,-1.1297926,0.4732343,0.67889214,-0.5758693,0.67266434
M7|C00415,-0.52622813,-0.8313511,-0.21102688,0.12203867,1.6826357,-0.50233734,-1.8236696,-0.4541013,-1.3388293,0.8336544,-1.4137514,-0.39014852,0.83538955,-0.27627987,-0.4811559,0.8454103,0.35658258,-0.5488089,-0.9277531,-1.2307487,-0.6732138,0.13678214,-0.21227671,-0.855551,0.68165314,0.5406056,0.095083766,0.94443905,-0.014101185,1.1481329,1.0241373,-1.0720043,-0.9362863,0.6308473,1.2868493,-0.58114064,0.33021984,0.40350968,0.2641701,1.0251831
M7|C00416,-0.06802009,-0.22516614,-0.48225874,1.2513258,1.1392442,-0.35315722,-1.8237872,-0.7173275,-1.6044194,0.46494675,-0.42521194,-0.045244873,1.0903951,-1.0975542,-1.3403218,0.44660127,1.0772232,-0.593033,-1.0096314,-1.2619339,-0.84730643,-0.45100743,-1.2302445,-1.5420711,1.0490887,0.57166237,-0.15550803,0.7589325,-0.838853,1.0457844,1.2776966,-1.3775831,-0.6365778,-0.15127346,0.533559,-1.3050207,-0.3216044,0.62151426,-0.3660545,1.2800406
M7|C00417,-0.57489765,-0.5706138,-0.60966986,0.8336522,0.53847265,-1.101108,-0.111857355,-0.6992675,1.7534456,0.3060141,-0.36508688,-0.8627231,-0.2940847,-0.96211237,-0.17796668,1.3429509,0.634619,-0.77274334,-0.6609003,-0.77228004,-0.4819775,-1.4179705,0.41215408,-0.9846573,-1.2169323,1.1576495,1.1106886,-0.6322404,-1.6625853,0.6912688,1.1930145,-1.436738,1.1840981,1.8047553,1.5634129,-1.1517478,-0.379042,0.6517348,-1.8301266,0.7304729
M7|C00418,-1.5330112,0.31742394,0.23328447,-0.13701347,0.50812554,-0.80911416,-0.36852834,-1.1684468,-0.81554586,-0.3734267,-0.23366441,-1.05244,0.4263193,-0.75849104,-1.3234382,0.8489124,0.20919088,0.17741215,-1.3504871,0.6078285,-0.7855759,-0.75837684,1.3209257,-1.1154132,-0.22106032,1.7077788,0.5712817,0.581669,-1.5341531,0.015010029,1.0443135,-0.26233405,-0.8843692,1.4275197,-0.29567486,0.24066252,0.18754041,0.003018856,0.09230194,-0.15590492
M7|C00419,-0.10795747,1.0379479,-1.2908409,1.9201753,0.9808285,-0.06075354,-3.3765082,-0.53204083,-1.189071,-0.09211984,0.6361755,0.6777171,0.08435728,-1.8829393,-1.4262916,0.9230441,2.023515,-0.8645826,-0.2777884,-1.9897656,-1.316392,-0.32682037,-2.3376203,-2.1735823,0.34796852,0.42490807,-0.38668245,0.3972493,-1.8033539,0.8150893,0.9440954,-2.3104193,0.47258413,-1.0535315,-0.048098847,-2.8149865,-0.9264027,1.2965677,-0.7848859,1.6406403
M7|C00420,-1.4986956,0.8166605,0.13970411,0.75028354,1.2131629,-1.0594745,-0.95602953,-0.7957518,-0.2136358,-1.1557565,-0.3674916,-1.1769292,-0.33941048,0.48251677,-0.54494673,1.649681,0.17996456,0.065972395,-1.8719122,-0.24890919,-0.31520212,0.24325404,1.2518231,-1.0722214,0.13388078,1.3052635,0.6200394,0.95028627,-1.9791377,-0.03958285,1.827926,-0.19613695,0.48912585,1.6716995,0.4169399,0.29027766,1.0852785,0.8903353,-0.14660236,0.37097144
M7|C00421,-1.4130092,0.16698262,-0.23698923,0.58770406,1.694357,-1.9074786,-1.2434285,-0.27095878,1.6722013,0.022195935,0.43006474,-0.5240278,0.14795263,0.33989,-0.67117184,1.2593296,0.7794518,-2.1044316,-1.6955717,-1.707311,0.18183997,-1.0538346,1.1325107,0.19839628,-0.51065755,-0.46758702,1.3078136,0.089144796,-1.7115556,0.87418646,1.1915613,-0.22195831,0.7255996,1.62861,0.7433594,-0.82137144,-0.056497347,1.5074351,-0.8926619,0.9952686
M7|C00422,-0.6709852,-0.29560235,-0.046046622,-0.04096844,0.8604045,-0.8589463,-0.2521023,-1.0222812,-0.22267681,0.9706851,-0.8318563,-0.77092886,0.6896274,-0.2700257,-0.52086544,0.94257826,-0.15121102,-0.41628757,-0.9804945,-0.05274941,-0.9490427,-0.72240806,1.1721858,-0.6165337,-0.16687718,1.161539,0.77193296,0.53886473,-0.4899589,0.29269463,0.26188123,0.10543947,-0.48568654,1.078221,0.6268258,0.7553475,0.715142,0.15354,-0.3581568,0.4350567
M7|C00423,0.2842885,-1.0295159,-0.7614879,0.7973676,0.39623308,-0.94936436,0.45793176,-0.6686597,-0.27040994,-0.20005557,0.016234905,-1.5485772,1.0109717,-0.8776255,-0.55564886,2.0810583,1.1061339,-0.07012156,-1.3062553,-0.46698934,-1.0907342,-0.735364,-0.015057482,-1.311484,-0.15049183,0.59279925,0.59213644,0.27534968,-0.59867513,-0.45575333,0.46949166,-0.07532057,0.4690817,0.29749388,0.3695083,0.42415974,1.0726722,0.76027817,-0.87073344,0.63614
M7|C00424,-1.5722098,0.15182868,-0.31752357,0.44640806,0.618845,-0.7017721,0.2585728,-1.5197089,-0.4510022,-0.06685558,0.2823695,-0.569675,1.0175911,-0.7056303,-0.9015892,1.0362457,0.3188249,0.18880397,-1.2697877,1.1696159,-1.3624393,-1.0569258,1.4180584,-1.3034748,-0.5923835,1.3428828,1.02933,0.4933697,-1.6124998,-0.13576487,1.1588486,-0.5444804,-0.44065195,1.2371285,-0.5965991,-0.27861926,0.0073908344,0.43358737,-0.20935428,-0.82766294
M7|C00425,-0.6561486,0.3121632,-0.50888824,2.2547338,1.2072717,-0.74071646,-0.40927896,-0.7182674,0.38555238,0.85215425,0.33129764,-0.6825609,0.60889053,-0.3798846,0.12966973,0.7935397,0.9385916,-1.2060916,-0.92734593,0.5294182,-0.41151184,-0.9663319,0.5878354,-2.7312431,-0.11431056,0.7707465,0.3871255,-0.5432708,-1.1151857,-1.4429852,1.4891,-0.56372786,0.2482682,0.670658,-1.405627,0.39712703,0.86909884,0.6329407,-0.027142532,-0.2609193
M7|C00426,-1.1611247,0.3920283,-0.37594274,0.7796396,1.7243365,-1.4282072,-1.4943599,-0.5493622,0.54751503,0.21076886,0.32264757,-0.20466849,0.6079873,0.19438612,-0.8217198,1.1079419,0.36587572,-2.0195332,-1.4277897,-1.2921184,-0.093537346,-0.47428516,0.7860272,-0.13575307,0.085912704,-0.05160033,1.1859362,0.51338595,-1.547372,0.74615,0.9417406,0.012515649,0.18382557,1.3778301,0.2346188,-0.95473635,0.124286234,1.1876217,-0.76347864,1.0502598
M7|C00427,-1.388866,0.7178222,0.2879634,0.52901435,1.1786933,-1.1425827,-1.2766504,-0.7222632,-0.32035333,-1.1286956,-0.5095911,-1.2118953,-0.3178439,0.37062865,-0.7457611,1.5133364,0.3472745,-0.016664006,-1.9360995,-0.601195,-0.30443907,0.310432,1.1318845,-1.0287907,0.1660333,1.0286912,0.43042713,1.0453544,-1.8690822,0.20196137,1.7663405,-0.38587245,0.23186053,1.4916812,0.62443554,0.3871459,0.80466515,0.8062561,-0.087926745,0.60794026
M7|C00428,-0.50301075,0.98017365,-0.81385344,1.0713669,0.5933504,-0.5979376,-1.0552776,-0.8836858,-0.93183845,-0.43588707,0.76094216,-0.5496757,0.7029314,-0.7391415,-1.0369679,1.7084028,1.226145,0.14184222,-1.0638891,0.60972375,-2.2973137,-0.7654908,-0.034693718,-1.0800433,-0.51016563,1.7565907,0.112793,1.189754,-1.146053,-0.65776885,1.605824,-0.70174265,0.898379,0.8037824,0.67293173,-0.1836263,0.7782328,0.50922996,0.17315957,-0.21063238
M7|C00429,-0.37330142,0.53849524,-0.51140606,0.4648592,1.1216578,-1.1981728,-1.0474267,-0.8207059,0.22703917,0.41163182,0.38167238,0.042460352,0.28480583,-0.6777977,-0.9354833,1.4073728,0.40948552,-1.2030272,-0.9097937,-0.738864,-0.9834966,-0.85388494,-0.20039646,-1.0544105,-0.76132715,0.53432333,1.1362833,-0.4661788,-1.7898719,0.4099801,0.5842986,-0.63417107,0.4995035,1.1264795,1.1194167,-1.5940527,-0.24220017,0.54896283,-0.700012,0.79079163
M7|C00430,-0.1941415,0.46828187,-0.9755673,1.2327826,1.4170496,-0.5731276,-2.05087,-0.7860675,-0.9468324,0.535614,0.418764,0.22102612,0.5746602,-1.042521,-0.8943256,1.217997,0.7118526,-1.0162002,-0.4996542,-1.0106176,-1.5040972,-0.41948366,-0.93717384,-1.2111182,-0.3365211,0.49125135,0.65242916,0.44091433,-1.2653886,0.42031392,0.5422333,-1.0482612,0.3289808,-0.06633216,0.36462116,-1.9425532,-0.12599681,0.90394425,-0.56357443,1.054766
M7|C00431,-0.25817776,-0.43433434,-0.012635663,-0.22244024,1.1596441,-0.65044796,-0.99064195,-0.88263595,-0.756781,1.3395572,-1.1633962,-0.4007613,0.82485753,-0.27271092,-0.7390813,0.8908048,0.050510578,-0.50510895,-0.86479026,-0.76741105,-0.84376097,-0.5524726,0.6421862,-0.77192664,0.3456837,0.9490601,0.3074937,0.6922189,-0.2955294,0.9830048,0.20290215,-0.15297759,-0.80093175,0.75385076,0.9697454,0.5220853,0.7610358,-0.0017547458,-0.21849385,0.91703784
M7|C00432,-0.33070382,0.4121664,-0.26990953,-0.2165092,1.1163915,-0.89055693,-0.72704566,-0.58186567,0.5719634,0.856907,0.018545166,-0.08722255,0.27175507,-0.90329003,-0.43884924,1.4020087,0.38505006,-0.84899914,-0.9041258,-0.94735277,-1.248586,-0.81901026,0.056273427,-0.41322047,-1.1188271,0.70110554,1.0479645,-0.15472317,-1.4441454,0.7017712,0.3811127,-0.7592765,0.48107862,0.99866587,1.9590263,-1.0147328,0.11024593,0.52997434,-0.37674385,0.6092514
M7|C00433,-0.16893584,0.75566924,-0.7292065,0.6762796,0.43185824,-0.42678833,-1.9706076,-0.51554775,-1.3493453,-0.27906194,0.26554352,-0.58272475,0.28542522,-0.8316331,-1.1227207,1.3313329,1.4973104,0.35710242,-0.9816156,-0.234559,-2.2797937,-0.44679263,-0.5316757,-0.88508916,-0.47380173,1.507425,-0.41559678,1.512487,-0.47177348,-0.22749117,1.5781407,-1.2044786,0.6292635,0.33156067,1.4015863,0.043849573,0.47084123,0.41078192,0.79029983,0.27529475
M7|C00434,-0.38435984,-1.295124,0.5129294,-1.1811373,0.21599165,-0.88626677,-1.8923726,-0.27787665,0.382027,0.75745046,-1.3383355,-1.4041352,-0.8703561,-1.0824955,-0.75823164,0.9895918,0.4909573,0.04187932,-0.6357808,-1.8745803,-0.78553957,-1.3439031,0.22022143,-0.57374775,-0.85025615,0.8297175,-0.043302752,0.050074205,-0.4294359,1.2994967,0.40251243,-1.8426363,0.0863135,0.56763715,2.9650187,0.1506106,-0.31760746,-0.27267915,-0.25442654,1.3080528
M7|C00435,-0.870143,-0.73845154,0.30775654,1.0594964,1.3462591,-1.3892834,-0.056112934,-0.9093985,0.78990763,-0.15382439,-1.3047945,-1.1311821,0.25814146,-0.07311261,-0.5192005,0.83838725,0.6460197,-0.49140397,-2.2211483,-1.152248,0.31580243,0.1928024,1.275546,-1.0522597,0.3566389,0.24328265,1.0924248,0.8217584,-1.7048908,0.8191917,1.4764873,0.22372563,-0.57130504,1.6101149,-0.12521617,0.3195585,0.22856218,0.043221995,-1.0420326,0.73456025
M7|C00436,-0.41569498,-0.7006857,-0.49461073,0.45076677,0.46249336,-1.0163306,-0.45256123,-0.50615984,1.5982051,0.46225592,-0.6816366,-0.9181869,-0.47525656,-0.96389586,-0.11219786,1.1961511,0.66226137,-0.5978497,-0.61124814,-1.116019,-0.54243374,-1.209036,0.2946775,-0.7852868,-1.3605102,1.0064846,0.8538199,-0.45539466,-1.2512293,0.94636405,1.1311364,-1.6818055,1.0484736,1.6205164,2.1241333,-0.8923621,-0.54577976,0.54396963,-1.4360042,0.90104747
M7|C00437,-0.41231346,-0.8445513,-0.3990004,0.2567642,0.4604951,-1.0114539,-0.51097095,-0.42184675,1.5680655,0.5565742,-0.8833855,-0.97393334,-0.54354125,-0.8914475,0.053477004,1.1684879,0.61127484,-0.46021262,-0.5949429,-1.2346947,-0.62408483,-1.0929097,0.3091591,-0.58880687,-1.4256475,0.9915192,0.808237,-0.34741482,-1.0208031,1.0120237,1.1230532,-1.7120342,0.9763184,1.5494024,2.3910365,-0.71609414,-0.5382549,0.48959738,-1.2278057,0.9404646
M7|C00438,-0.4429044,-0.1705294,-0.2583826,0.2363802,0.7152602,-0.71845907,-1.0546843,-0.77043885,-0.48653913,0.54503345,-0.78904873,-0.67168427,0.4715529,-0.830782,-0.8788666,0.52071446,0.4521451,-0.5297786,-0.8475729,-0.64555174,-0.8630469,-0.6438089,0.28243244,-0.8628434,0.049693875,0.8440276,0.2907722,0.71198094,-0.4221326,0.39334866,0.5510556,-0.5327203,-0.531295,0.55039513,0.68608433,0.32768577,0.024647553,0.34952655,-0.32188413,0.8666574
M7|C00439,-1.2478547,0.96074086,0.04703241,0.7869472,1.3109881,-1.1366642,-0.69901776,-0.891984,-0.30732733,-1.459921,-0.089111716,-1.3734336,-0.39215302,0.60485977,-1.0389644,1.5468075,0.0057125892,-0.4153035,-2.105205,-0.0053287596,0.008041412,-0.17822346,0.805408,-0.8824816,0.17287637,1.5724425,0.8319765,0.96130824,-1.8528519,-0.4461556,1.9377774,0.2394555,0.557111,1.9779925,0.52977,0.18281862,1.0508199,1.0251133,-0.12661856,0.5449658
