clone_id,n_cells,reliability,donor,n_contexts,clone_programme,confidence,core,clone_programme_assigned,assignment_posterior,x,y,cell_state:GC,cell_state:PB,mutation_frequency,isotype,treatment,GC,PB,Memory,day
D10_Hashtag1|C00001,6,0.8096157047243099,D10_Hashtag1,1,P3,0.98,True,P3,0.9999999999912744,4.0787888,-0.2026142,0.0,0.0,0.0,IGHM,Artesunate,0.0,0.0,0.0,10
D10_Hashtag1|C00002,3,0.6879296487615283,D10_Hashtag1,1,P1,0.84,True,P1,0.9999895264466486,9.758833,3.1567292,0.0,1.0,0.0012345679012345,IGHG,Artesunate,0.0,1.0,0.0,10
D10_Hashtag1|C00003,3,0.6879296487615283,D10_Hashtag1,1,P1,1.0,True,P1,0.9999995233016676,10.868366,2.8960881,0.0,1.0,0.0,IGHG,Artesunate,0.0,1.0,0.0,10
D10_Hashtag1|C00004,3,0.6879296487615283,D10_Hashtag1,1,P1,1.0,True,P1,0.999999848744392,10.577541,2.3969533,0.0,1.0,0.0,IGHM,Artesunate,0.0,1.0,0.0,10
D10_Hashtag1|C00005,3,0.6879296487615283,D10_Hashtag1,1,P1,1.0,True,P1,0.999999013227612,10.122468,3.7876637,0.0,1.0,0.0,IGHG,Artesunate,0.0,1.0,0.0,10
D10_Hashtag1|C00006,3,0.6879296487615283,D10_Hashtag1,1,P1,1.0,True,P1,0.9999937306835124,10.861096,5.1207633,0.0,1.0,0.0,IGHM,Artesunate,0.0,1.0,0.0,10
D10_Hashtag1|C00007,2,0.6009291997818285,D10_Hashtag1,1,P1,1.0,True,P1,0.9999981451363888,10.51736,3.5404296,0.0,1.0,0.0,,Artesunate,0.0,1.0,0.0,10
D10_Hashtag1|C00008,2,0.6009291997818285,D10_Hashtag1,1,P1,1.0,True,P1,0.9999998884967658,10.336372,4.1090217,0.0,1.0,0.0,IGHG,Artesunate,0.0,1.0,0.0,10
D10_Hashtag1|C00009,2,0.6009291997818285,D10_Hashtag1,1,P1,1.0,True,P1,0.9999958244332908,9.917727,4.328598,0.0,1.0,0.003731343283582,IGHG,Artesunate,0.0,1.0,0.0,10
D10_Hashtag1|C00010,2,0.6009291997818285,D10_Hashtag1,1,P1,1.0,True,P1,0.9999744648877008,10.939647,3.172181,0.0,1.0,0.0037037037037037,IGHG,Artesunate,0.0,1.0,0.0,10
D10_Hashtag1|C00011,2,0.6009291997818285,D10_Hashtag1,1,P1,1.0,True,P1,0.9999999395352166,10.542476,4.852174,0.0,1.0,0.0,IGHG,Artesunate,0.0,1.0,0.0,10
D10_Hashtag1|C00012,2,0.6009291997818285,D10_Hashtag1,1,P3,0.98,True,P3,0.9999999702203444,3.930102,-0.2839546,0.0,0.0,0.0,IGHM,Artesunate,0.0,0.0,0.0,10
D10_Hashtag1|C00013,2,0.6009291997818285,D10_Hashtag1,1,P1,1.0,True,P1,0.9999979298289048,11.0354595,3.1100738,0.0,1.0,0.0,IGHM,Artesunate,0.0,1.0,0.0,10
D10_Hashtag1|C00014,2,0.6009291997818285,D10_Hashtag1,1,P1,1.0,True,P1,0.999997738327593,10.896198,3.8605704,0.0,1.0,0.0,IGHG,Artesunate,0.0,1.0,0.0,10
D10_Hashtag1|C00015,2,0.6009291997818285,D10_Hashtag1,1,P3,0.98,True,P3,0.9999983829773242,4.0713215,0.21771969,0.0,0.0,0.0035714285714285,IGHM,Artesunate,0.0,0.0,0.0,10
D10_Hashtag1|C00016,2,0.6009291997818285,D10_Hashtag1,1,P1,1.0,True,P1,0.9999999684510076,10.22309,4.4628043,0.0,1.0,0.0,IGHG,Artesunate,0.0,1.0,0.0,10
D10_Hashtag1|C00017,2,0.6009291997818285,D10_Hashtag1,1,P1,1.0,True,P1,0.9999999824612474,10.978812,3.7008574,0.0,1.0,0.0,IGHG,Artesunate,0.0,1.0,0.0,10
D10_Hashtag1|C00018,2,0.6009291997818285,D10_Hashtag1,1,P3,1.0,True,P3,0.999999432811042,3.9280019,1.9002151,0.0,0.0,0.0,,Artesunate,0.0,0.0,0.0,10
D10_Hashtag1|C00019,2,0.6009291997818285,D10_Hashtag1,1,P1,1.0,True,P1,0.9999999621840778,11.0857935,5.4849963,0.0,1.0,0.0,IGHG,Artesunate,0.0,1.0,0.0,10
D10_Hashtag1|C00020,2,0.6009291997818285,D10_Hashtag1,1,P1,1.0,True,P1,0.9998904021773056,10.814343,4.1385217,0.0,1.0,0.0,IGHG,Artesunate,0.0,1.0,0.0,10
D10_Hashtag1|C00021,2,0.6009291997818285,D10_Hashtag1,1,P1,1.0,True,P1,0.9999053854211226,10.102903,2.8709583,0.0,1.0,0.0,IGHG,Artesunate,0.0,1.0,0.0,10
D10_Hashtag1|C00022,2,0.6009291997818285,D10_Hashtag1,1,P1,1.0,True,P1,0.9999919039561178,10.045686,3.602256,0.0,1.0,0.0,IGHG,Artesunate,0.0,1.0,0.0,10
D10_Hashtag1|C00023,2,0.6009291997818285,D10_Hashtag1,1,P1,1.0,True,P1,0.9999987630988276,10.759296,3.218969,0.0,1.0,0.0,,Artesunate,0.0,1.0,0.0,10
D10_Hashtag1|C00024,2,0.6009291997818285,D10_Hashtag1,1,P1,1.0,True,P1,0.9999999973977792,10.967116,3.8115432,0.0,1.0,0.0,IGHG,Artesunate,0.0,1.0,0.0,10
D10_Hashtag1|C00025,2,0.6009291997818285,D10_Hashtag1,1,P1,1.0,True,P1,0.9999999420581548,10.934805,5.228258,0.0,1.0,0.0,IGHG,Artesunate,0.0,1.0,0.0,10
D10_Hashtag1|C00026,2,0.6009291997818285,D10_Hashtag1,1,P1,0.92,True,P1,0.9999875802277424,9.559781,2.8485918,0.0,1.0,0.0,IGHG,Artesunate,0.0,1.0,0.0,10
D10_Hashtag1|C00027,2,0.6009291997818285,D10_Hashtag1,1,P1,1.0,True,P1,0.999999760133804,10.804804,5.505551,0.0,1.0,0.0,IGHG,Artesunate,0.0,1.0,0.0,10
D10_Hashtag1|C00028,2,0.6009291997818285,D10_Hashtag1,1,P1,1.0,True,P1,0.9999509991149224,9.787761,2.6735125,0.0,1.0,0.0,IGHG,Artesunate,0.0,1.0,0.0,10
D10_Hashtag1|C00029,2,0.6009291997818285,D10_Hashtag1,1,P1,1.0,True,P1,0.9999998417007544,10.505558,3.9106505,0.0,1.0,0.0,IGHG,Artesunate,0.0,1.0,0.0,10
D10_Hashtag1|C00030,2,0.6009291997818285,D10_Hashtag1,1,P1,0.42,True,P1,0.8232680189683124,7.47027,6.079854,0.5,0.5,0.0017921146953405,IGHM,Artesunate,0.5,0.5,0.0,10
D10_Hashtag1|C00031,2,0.6009291997818285,D10_Hashtag1,1,P1,1.0,True,P1,0.999999985816956,11.083139,4.952095,0.0,1.0,0.0,IGHG,Artesunate,0.0,1.0,0.0,10
D10_Hashtag1|C00032,2,0.6009291997818285,D10_Hashtag1,1,P1,1.0,True,P1,0.9999915473111736,10.301748,4.1557426,0.0,1.0,0.0,IGHG,Artesunate,0.0,1.0,0.0,10
D10_Hashtag1|C00033,2,0.6009291997818285,D10_Hashtag1,1,P3,0.64,True,P3,0.9555554528578984,6.273447,2.612058,0.0,0.5,0.0,IGHG,Artesunate,0.0,0.5,0.5,10
D10_Hashtag1|C00034,2,0.6009291997818285,D10_Hashtag1,1,P1,1.0,True,P1,0.9999996338823068,10.888158,5.7048974,0.0,1.0,0.0,IGHG,Artesunate,0.0,1.0,0.0,10
D10_Hashtag1|C00035,2,0.6009291997818285,D10_Hashtag1,1,P1,1.0,True,P1,0.9999873841153716,10.203875,4.6917067,0.0,1.0,0.0,IGHG,Artesunate,0.0,1.0,0.0,10
D10_Hashtag1|C00036,2,0.6009291997818285,D10_Hashtag1,1,P1,1.0,True,P1,0.9999976453044054,10.534023,3.6005611,0.0,1.0,0.0,IGHG,Artesunate,0.0,1.0,0.0,10
D10_Hashtag1|C00037,2,0.6009291997818285,D10_Hashtag1,1,P1,0.96,True,P1,0.9999731507040696,9.781438,2.949992,0.0,1.0,0.0,,Artesunate,0.0,1.0,0.0,10
D10_Hashtag1|C00038,2,0.6009291997818285,D10_Hashtag1,1,P1,1.0,True,P1,0.9999657390825082,10.156413,2.9742475,0.0,1.0,0.0,IGHM,Artesunate,0.0,1.0,0.0,10
D10_Hashtag1|C00039,2,0.6009291997818285,D10_Hashtag1,1,P3,1.0,True,P3,0.999999789471084,4.108355,1.6714082,0.0,0.0,0.0,IGHM,Artesunate,0.0,0.0,0.5,10
D10_Hashtag1|C00040,2,0.6009291997818285,D10_Hashtag1,1,P1,1.0,True,P1,0.9999978227648936,10.413565,3.542068,0.0,1.0,0.0,IGHG,Artesunate,0.0,1.0,0.0,10
D10_Hashtag1|C00041,2,0.6009291997818285,D10_Hashtag1,1,P1,1.0,True,P1,0.9999997509333152,10.766458,3.0354748,0.0,1.0,0.0111111111111111,IGHG,Artesunate,0.0,1.0,0.0,10
D10_Hashtag1|C00042,2,0.6009291997818285,D10_Hashtag1,1,P1,1.0,True,P1,0.9999997204239826,10.944285,2.8204784,0.0,1.0,0.0,,Artesunate,0.0,1.0,0.0,10
D10_Hashtag1|C00043,2,0.6009291997818285,D10_Hashtag1,1,P2,0.64,True,P2,0.9965532140692396,3.6434507,9.972947,1.0,0.0,0.0,IGHM,Artesunate,1.0,0.0,0.0,10
D10_Hashtag1|C00044,2,0.6009291997818285,D10_Hashtag1,1,P1,1.0,True,P1,0.9999993480903692,10.6179085,3.360259,0.0,1.0,0.0,IGHM,Artesunate,0.0,1.0,0.0,10
D10_Hashtag1|C00045,2,0.6009291997818285,D10_Hashtag1,1,P1,1.0,True,P1,0.9999976070495432,10.643858,5.2112417,0.0,1.0,0.0,IGHG,Artesunate,0.0,1.0,0.0,10
D10_Hashtag1|C00046,2,0.6009291997818285,D10_Hashtag1,1,P1,1.0,True,P1,0.9999993867565456,10.743263,3.4086747,0.0,1.0,0.0,IGHG,Artesunate,0.0,1.0,0.0,10
D10_Hashtag1|C00047,2,0.6009291997818285,D10_Hashtag1,1,P1,1.0,True,P1,0.9999993477805584,11.113502,4.5099025,0.0,1.0,0.0,IGHG,Artesunate,0.0,1.0,0.0,10
D10_Hashtag1|C00048,2,0.6009291997818285,D10_Hashtag1,1,P1,1.0,True,P1,0.9999977874469896,10.913678,3.6611042,0.0,1.0,0.0,IGHG,Artesunate,0.0,1.0,0.0,10
D10_Hashtag1|C00049,2,0.6009291997818285,D10_Hashtag1,1,P1,1.0,True,P1,1.0,10.723168,4.4523787,0.0,1.0,0.0,IGHG,Artesunate,0.0,1.0,0.0,10
D10_Hashtag1|C00050,2,0.6009291997818285,D10_Hashtag1,1,P1,1.0,True,P1,0.9999983471793444,11.176369,5.745761,0.0,1.0,0.0,IGHG,Artesunate,0.0,1.0,0.0,10
D10_Hashtag1|C00051,2,0.6009291997818285,D10_Hashtag1,1,P1,1.0,True,P1,0.9999959755522362,10.236227,3.6744442,0.0,1.0,0.0,,Artesunate,0.0,1.0,0.0,10
D10_Hashtag1|C00052,2,0.6009291997818285,D10_Hashtag1,1,P1,0.86,True,P1,0.999966542235456,9.68226,2.9024477,0.0,1.0,0.0,IGHG,Artesunate,0.0,1.0,0.0,10
D10_Hashtag1|C00053,2,0.6009291997818285,D10_Hashtag1,1,P3,1.0,True,P3,0.9999999999999504,4.337571,4.0809917,0.0,0.0,0.0,,Artesunate,0.0,0.0,0.0,10
D10_Hashtag1|C00054,2,0.6009291997818285,D10_Hashtag1,1,P1,1.0,True,P1,0.9999996993203436,11.157032,3.410828,0.0,1.0,0.0,IGHG,Artesunate,0.0,1.0,0.0,10
D10_Hashtag1|C00055,2,0.6009291997818285,D10_Hashtag1,1,P1,1.0,True,P1,0.9999997767402782,10.005486,2.7728577,0.0,1.0,0.0,,Artesunate,0.0,1.0,0.0,10
D10_Hashtag1|C00056,2,0.6009291997818285,D10_Hashtag1,1,P1,1.0,True,P1,0.9999695891795966,9.876647,4.080816,0.0,1.0,0.0,IGHG,Artesunate,0.0,1.0,0.0,10
D10_Hashtag2|C00001,7,0.8313036265891967,D10_Hashtag2,1,P1,1.0,True,P1,0.9999999030136496,11.820195,3.5894346,0.0,1.0,0.0,IGHG,Artesunate,0.0,1.0,0.0,10
D10_Hashtag2|C00002,6,0.8096157047243099,D10_Hashtag2,1,P3,0.98,True,P3,0.999999999999858,4.174537,-0.2878962,0.0,0.0,0.0,IGHM,Artesunate,0.0,0.0,0.3333333333333333,10
D10_Hashtag2|C00003,2,0.6009291997818285,D10_Hashtag2,1,P1,1.0,True,P1,0.999998990111804,11.132158,5.555823,0.0,1.0,0.0,IGHG,Artesunate,0.0,1.0,0.0,10
D10_Hashtag2|C00004,2,0.6009291997818285,D10_Hashtag2,1,P1,1.0,True,P1,0.9999999074533904,11.076538,3.7179434,0.0,1.0,0.0,IGHG,Artesunate,0.0,1.0,0.0,10
D10_Hashtag2|C00005,2,0.6009291997818285,D10_Hashtag2,1,P1,1.0,True,P1,0.9999999914376616,11.045066,4.216508,0.0,1.0,0.0,IGHG,Artesunate,0.0,1.0,0.0,10
D10_Hashtag2|C00006,2,0.6009291997818285,D10_Hashtag2,1,P1,1.0,True,P1,0.9999994657779472,11.214151,5.613964,0.0,1.0,0.0,IGHG,Artesunate,0.0,1.0,0.0,10
D10_Hashtag2|C00007,2,0.6009291997818285,D10_Hashtag2,1,P3,0.98,True,P3,0.9999986956419612,3.9577875,-0.014396898,0.0,0.0,0.0,IGHM,Artesunate,0.0,0.0,0.0,10
D10_Hashtag2|C00008,2,0.6009291997818285,D10_Hashtag2,1,P3,0.98,True,P3,0.9999990168288948,4.1332464,-0.22154617,0.0,0.0,0.0,,Artesunate,0.0,0.0,0.0,10
D10_Hashtag2|C00009,2,0.6009291997818285,D10_Hashtag2,1,P1,1.0,True,P1,0.9999997968524276,10.796024,3.8046274,0.0,1.0,0.0,IGHG,Artesunate,0.0,1.0,0.0,10
D10_Hashtag2|C00010,2,0.6009291997818285,D10_Hashtag2,1,P1,0.36,True,P1,0.6974202007041108,7.148004,5.737896,0.5,0.5,0.0,,Artesunate,0.5,0.5,0.0,10
D10_Hashtag2|C00011,2,0.6009291997818285,D10_Hashtag2,1,P1,0.4,True,P1,0.9998944749906415,7.7918506,5.999728,0.5,0.5,0.0018518518518518,IGHM,Artesunate,0.5,0.5,0.0,10
D10_Hashtag2|C00012,2,0.6009291997818285,D10_Hashtag2,1,P1,1.0,True,P1,0.9999997725602132,10.7528,3.4758065,0.0,1.0,0.0,IGHG,Artesunate,0.0,1.0,0.0,10
D10_Hashtag2|C00013,2,0.6009291997818285,D10_Hashtag2,1,P3,0.98,True,P3,0.9999999994385504,4.1545973,-0.20441681,0.0,0.0,0.0,IGHM,Artesunate,0.0,0.0,0.0,10
D10_Hashtag2|C00014,2,0.6009291997818285,D10_Hashtag2,1,P1,1.0,True,P1,0.9999999918520928,11.608008,3.2952015,0.0,1.0,0.0,IGHG,Artesunate,0.0,1.0,0.0,10
D10_Hashtag2|C00015,2,0.6009291997818285,D10_Hashtag2,1,P1,1.0,True,P1,0.9999988829622438,10.825689,3.0671952,0.0,1.0,0.0,IGHG,Artesunate,0.0,1.0,0.0,10
D10_Hashtag3|C00001,7,0.8313036265891967,D10_Hashtag3,1,P3,0.98,True,P3,0.9999999998574084,4.1596813,-0.39077502,0.0,0.0,0.0,IGHM,Artesunate,0.0,0.0,0.0,10
D10_Hashtag3|C00002,3,0.6879296487615283,D10_Hashtag3,1,P1,0.96,True,P1,0.9999901149527806,10.025529,4.0104494,0.0,1.0,0.0,IGHG,Artesunate,0.0,1.0,0.0,10
D10_Hashtag3|C00003,2,0.6009291997818285,D10_Hashtag3,1,P1,1.0,True,P1,0.9999999669858404,12.049789,3.7035306,0.0,1.0,0.0,IGHG,Artesunate,0.0,1.0,0.0,10
D10_Hashtag3|C00004,2,0.6009291997818285,D10_Hashtag3,1,P1,1.0,True,P1,0.9999999616169368,11.855019,3.7656913,0.0,1.0,0.0,IGHG,Artesunate,0.0,1.0,0.0,10
D10_Hashtag3|C00005,2,0.6009291997818285,D10_Hashtag3,1,P1,0.98,True,P1,0.918365991518206,10.408263,4.57136,0.0,1.0,0.0,IGHM,Artesunate,0.0,1.0,0.0,10
D10_Hashtag3|C00006,2,0.6009291997818285,D10_Hashtag3,1,P3,0.46,True,P3,0.6442935385563806,3.8090017,5.340493,0.5,0.0,0.007380073800738,IGHG,Artesunate,0.5,0.0,0.0,10
D10_Hashtag3|C00007,2,0.6009291997818285,D10_Hashtag3,1,P1,1.0,True,P1,0.999999680902911,11.226957,5.588749,0.0,1.0,0.0,IGHG,Artesunate,0.0,1.0,0.0,10
D10_Hashtag3|C00008,2,0.6009291997818285,D10_Hashtag3,1,P1,1.0,True,P1,0.9999999458349308,11.616324,5.4920435,0.0,1.0,0.0,IGHG,Artesunate,0.0,1.0,0.0,10
D10_Hashtag3|C00009,2,0.6009291997818285,D10_Hashtag3,1,P1,1.0,True,P1,0.999999617816416,10.459362,3.4734657,0.0,1.0,0.0,IGHG,Artesunate,0.0,1.0,0.0,10
D10_Hashtag3|C00010,2,0.6009291997818285,D10_Hashtag3,1,P1,1.0,True,P1,0.9999997150958088,10.341312,2.3708103,0.0,1.0,0.0,IGHG,Artesunate,0.0,1.0,0.0,10
D10_Hashtag3|C00011,2,0.6009291997818285,D10_Hashtag3,1,P1,0.74,True,P1,0.9994319521699278,8.852779,3.7200243,0.0,1.0,0.0,IGHG,Artesunate,0.0,1.0,0.0,10
D10_Hashtag3|C00012,2,0.6009291997818285,D10_Hashtag3,1,P1,1.0,True,P1,0.9999967153115196,10.204422,2.8698947,0.0,1.0,0.0,IGHG,Artesunate,0.0,1.0,0.0,10
D10_Hashtag3|C00013,2,0.6009291997818285,D10_Hashtag3,1,P1,1.0,True,P1,0.999999726278654,10.291339,3.4377217,0.0,1.0,0.0,IGHG,Artesunate,0.0,1.0,0.0,10
D10_Hashtag3|C00014,2,0.6009291997818285,D10_Hashtag3,1,P1,1.0,True,P1,0.9999999999258335,11.076794,5.743383,0.0,1.0,0.0,IGHG,Artesunate,0.0,1.0,0.0,10
D10_Hashtag3|C00015,2,0.6009291997818285,D10_Hashtag3,1,P3,0.98,True,P3,0.9999998816737372,4.102683,-0.11388116,0.0,0.0,0.0,IGHM,Artesunate,0.0,0.0,0.5,10
D10_Hashtag3|C00016,2,0.6009291997818285,D10_Hashtag3,1,P3,0.98,True,P3,0.9999999992099902,4.241615,-0.09988371,0.0,0.0,0.0,,Artesunate,0.0,0.0,0.0,10
D10_Hashtag3|C00017,2,0.6009291997818285,D10_Hashtag3,1,P1,1.0,True,P1,0.999999821772329,11.021927,5.6251974,0.0,1.0,0.0,IGHG,Artesunate,0.0,1.0,0.0,10
D10_Hashtag3|C00018,2,0.6009291997818285,D10_Hashtag3,1,P1,0.62,True,P1,0.9998317731753692,8.342733,3.5454137,0.0,1.0,0.0,IGHG,Artesunate,0.0,1.0,0.0,10
D10_Hashtag3|C00019,2,0.6009291997818285,D10_Hashtag3,1,P1,1.0,True,P1,0.99999735705347,10.363393,3.806196,0.0,1.0,0.0,IGHG,Artesunate,0.0,1.0,0.0,10
D10_Hashtag3|C00020,2,0.6009291997818285,D10_Hashtag3,1,P1,0.54,True,P1,0.9698822304549682,7.089927,5.8074408,0.5,0.5,0.0524344569288389,IGHG,Artesunate,0.5,0.5,0.0,10
D10_Hashtag4|C00001,7,0.8313036265891967,D10_Hashtag4,1,P1,0.62,True,P1,0.9965298211477316,7.6526704,3.0724218,0.0,1.0,0.0,IGHG,Saline,0.0,1.0,0.0,10
D10_Hashtag4|C00002,3,0.6879296487615283,D10_Hashtag4,1,P1,0.48,True,P1,0.9967540615438096,6.3768826,4.435961,0.0,1.0,0.0,IGHG,Saline,0.0,1.0,0.0,10
D10_Hashtag4|C00003,3,0.6879296487615283,D10_Hashtag4,1,P1,0.62,True,P1,0.9970299847173274,7.0563107,3.2620866,0.0,1.0,0.0,IGHG,Saline,0.0,1.0,0.0,10
D10_Hashtag4|C00004,3,0.6879296487615283,D10_Hashtag4,1,P1,0.58,True,P1,0.951552119590239,6.7557755,3.1599786,0.0,1.0,0.0,IGHG,Saline,0.0,1.0,0.0,10
D10_Hashtag4|C00005,3,0.6879296487615283,D10_Hashtag4,1,P1,0.62,True,P1,0.9949166334277768,7.5117006,3.0065312,0.0,1.0,0.0,IGHG,Saline,0.0,1.0,0.0,10
D10_Hashtag4|C00006,3,0.6879296487615283,D10_Hashtag4,1,P1,0.5,True,P1,0.5608850774591075,7.028184,2.8852632,0.0,0.6666666666666666,0.0,IGHG,Saline,0.0,0.6666666666666666,0.0,10
D10_Hashtag4|C00007,2,0.6009291997818285,D10_Hashtag4,1,P1,0.62,True,P1,0.9987488695048272,7.29312,3.6236625,0.0,1.0,0.0,IGHG,Saline,0.0,1.0,0.0,10
D10_Hashtag4|C00008,2,0.6009291997818285,D10_Hashtag4,1,P1,0.62,True,P1,0.9999187168189704,7.8899665,2.4267805,0.0,1.0,0.0,IGHG,Saline,0.0,1.0,0.0,10
D10_Hashtag4|C00009,2,0.6009291997818285,D10_Hashtag4,1,P1,0.62,True,P1,0.989165201552927,6.950773,3.2818696,0.0,1.0,0.0,IGHG,Saline,0.0,1.0,0.0,10
D10_Hashtag4|C00010,2,0.6009291997818285,D10_Hashtag4,1,P1,0.62,True,P1,0.9999993464811008,6.219604,3.5682466,0.0,1.0,0.0,IGHG,Saline,0.0,1.0,0.0,10
D10_Hashtag4|C00011,2,0.6009291997818285,D10_Hashtag4,1,P1,0.62,True,P1,0.999867653233723,7.7536817,3.5591173,0.0,1.0,0.0,IGHG,Saline,0.0,1.0,0.0,10
D10_Hashtag4|C00012,2,0.6009291997818285,D10_Hashtag4,1,P3,0.98,True,P3,0.9999999724444,3.9722362,0.6676054,0.0,0.0,0.0,IGHM,Saline,0.0,0.0,0.0,10
D10_Hashtag4|C00013,2,0.6009291997818285,D10_Hashtag4,1,P2,0.32,True,P2,0.9024377963765188,5.906245,5.3505955,0.0,1.0,0.0,,Saline,0.0,1.0,0.0,10
D10_Hashtag4|C00014,2,0.6009291997818285,D10_Hashtag4,1,P1,0.62,True,P1,0.9994033619173076,7.5230656,3.1009777,0.0,1.0,0.0,IGHG,Saline,0.0,1.0,0.0,10
D10_Hashtag4|C00015,2,0.6009291997818285,D10_Hashtag4,1,P1,0.62,True,P1,0.9827515483516774,7.6403494,2.8059645,0.0,1.0,0.0,IGHG,Saline,0.0,1.0,0.0,10
D10_Hashtag4|C00016,2,0.6009291997818285,D10_Hashtag4,1,P1,0.62,True,P1,0.995406057934918,7.6570244,2.7812328,0.0,1.0,0.0,IGHG,Saline,0.0,1.0,0.0,10
D10_Hashtag4|C00017,2,0.6009291997818285,D10_Hashtag4,1,P1,0.62,True,P1,0.999870987648274,8.01061,3.1051683,0.0,1.0,0.0,IGHG,Saline,0.0,1.0,0.0,10
D10_Hashtag4|C00018,2,0.6009291997818285,D10_Hashtag4,1,P1,0.62,True,P1,0.9948185454429804,7.835161,3.1706426,0.0,1.0,0.0,IGHG,Saline,0.0,1.0,0.0,10
D10_Hashtag4|C00019,2,0.6009291997818285,D10_Hashtag4,1,P1,0.62,True,P1,0.9992060033691929,7.9110203,2.8267844,0.0,1.0,0.0,IGHG,Saline,0.0,1.0,0.0,10
D10_Hashtag4|C00020,2,0.6009291997818285,D10_Hashtag4,1,P1,0.62,True,P1,0.8615413547796643,7.964535,3.0603714,0.0,1.0,0.0,IGHG,Saline,0.0,1.0,0.0,10
D10_Hashtag4|C00021,2,0.6009291997818285,D10_Hashtag4,1,P1,0.62,True,P1,0.8747075063548425,6.7619905,2.957049,0.0,1.0,0.0,IGHG,Saline,0.0,1.0,0.0,10
D10_Hashtag4|C00022,2,0.6009291997818285,D10_Hashtag4,1,P1,0.62,True,P1,0.991540144072945,7.2678695,3.0582063,0.0,1.0,0.0,IGHG,Saline,0.0,1.0,0.0,10
D10_Hashtag4|C00023,2,0.6009291997818285,D10_Hashtag4,1,P1,0.62,True,P1,0.9993853218949236,7.6877766,3.639598,0.0,1.0,0.0,,Saline,0.0,1.0,0.0,10
D10_Hashtag4|C00024,2,0.6009291997818285,D10_Hashtag4,1,P1,0.62,True,P1,0.9971479307316218,7.1897974,3.7158206,0.0,1.0,0.0,IGHG,Saline,0.0,1.0,0.0,10
D10_Hashtag4|C00025,2,0.6009291997818285,D10_Hashtag4,1,P1,0.62,True,P1,0.9974822604859056,7.3701715,3.299278,0.0,1.0,0.0,IGHG,Saline,0.0,1.0,0.0,10
D10_Hashtag4|C00026,2,0.6009291997818285,D10_Hashtag4,1,P3,0.98,True,P3,0.9999999883043246,3.8411648,0.62547946,0.0,0.0,0.0,IGHM,Saline,0.0,0.0,0.0,10
D10_Hashtag4|C00027,2,0.6009291997818285,D10_Hashtag4,1,P1,0.62,True,P1,0.9980019229221188,6.817465,3.667945,0.0,1.0,0.0,IGHG,Saline,0.0,1.0,0.0,10
D10_Hashtag4|C00028,2,0.6009291997818285,D10_Hashtag4,1,P1,0.62,True,P1,0.9579120341454116,7.2208433,3.1996105,0.0,1.0,0.0,IGHG,Saline,0.0,1.0,0.0,10
D10_Hashtag4|C00029,2,0.6009291997818285,D10_Hashtag4,1,P1,0.5,True,P1,0.6629077246875058,6.2747426,3.4150665,0.0,1.0,0.0,IGHG,Saline,0.0,1.0,0.0,10
D10_Hashtag4|C00030,2,0.6009291997818285,D10_Hashtag4,1,P1,0.62,True,P1,0.983664695402785,7.5151677,3.276469,0.0,1.0,0.0037174721189591,IGHG,Saline,0.0,1.0,0.0,10
D10_Hashtag4|C00031,2,0.6009291997818285,D10_Hashtag4,1,P1,0.62,True,P1,0.9999014982108092,7.7456985,2.4319453,0.0,1.0,0.0,IGHG,Saline,0.0,1.0,0.0,10
D10_Hashtag4|C00032,2,0.6009291997818285,D10_Hashtag4,1,P1,0.62,True,P1,0.9824776743770314,7.3414836,2.7163289,0.0,1.0,0.0,IGHG,Saline,0.0,1.0,0.0,10
D10_Hashtag5|C00001,4,0.7430974236898071,D10_Hashtag5,1,P3,0.98,True,P3,0.9999999656183226,4.0109053,0.5551283,0.0,0.25,0.0,IGHM,Saline,0.0,0.25,0.0,10
D10_Hashtag5|C00002,4,0.7430974236898071,D10_Hashtag5,1,P3,0.98,True,P3,0.9999999911966172,3.9123886,0.65746194,0.0,0.0,0.0,IGHM,Saline,0.0,0.0,0.0,10
D10_Hashtag5|C00003,3,0.6879296487615283,D10_Hashtag5,1,P1,0.62,True,P1,0.9997920700296098,6.9228563,3.614659,0.0,1.0,0.0,IGHM,Saline,0.0,1.0,0.0,10
D10_Hashtag5|C00004,3,0.6879296487615283,D10_Hashtag5,1,P1,0.62,True,P1,0.9995461975533564,7.451846,2.9612606,0.0,1.0,0.0,IGHG,Saline,0.0,1.0,0.0,10
D10_Hashtag5|C00005,3,0.6879296487615283,D10_Hashtag5,1,P1,0.62,True,P1,0.995965751474466,7.539506,2.9143867,0.0,1.0,0.001230012300123,IGHG,Saline,0.0,1.0,0.0,10
D10_Hashtag5|C00006,3,0.6879296487615283,D10_Hashtag5,1,P1,0.62,True,P1,0.6463574752793633,6.2322936,3.2759748,0.0,1.0,0.0,IGHG,Saline,0.0,1.0,0.0,10
D10_Hashtag5|C00007,2,0.6009291997818285,D10_Hashtag5,1,P1,0.62,True,P1,0.9999914469054466,7.920065,2.473878,0.0,1.0,0.0,IGHG,Saline,0.0,1.0,0.0,10
D10_Hashtag5|C00008,2,0.6009291997818285,D10_Hashtag5,1,P1,0.62,True,P1,0.7938142502275558,6.5931168,3.4845288,0.0,1.0,0.0018796992481203,IGHG,Saline,0.0,1.0,0.0,10
D10_Hashtag5|C00009,2,0.6009291997818285,D10_Hashtag5,1,P1,0.62,True,P1,0.9908220905334916,6.639677,3.4080865,0.0,1.0,0.0071942446043165,IGHM,Saline,0.0,1.0,0.0,10
D10_Hashtag5|C00010,2,0.6009291997818285,D10_Hashtag5,1,P1,0.62,True,P1,0.9852204460245876,7.4352508,3.4106202,0.0,1.0,0.0,IGHG,Saline,0.0,1.0,0.0,10
D10_Hashtag5|C00011,2,0.6009291997818285,D10_Hashtag5,1,P1,0.62,True,P1,0.9535652791239788,7.1759295,2.690361,0.0,1.0,0.0,IGHG,Saline,0.0,1.0,0.0,10
D10_Hashtag5|C00012,2,0.6009291997818285,D10_Hashtag5,1,P1,0.62,True,P1,0.9964246111825756,7.062199,3.7830734,0.0,1.0,0.0,IGHG,Saline,0.0,1.0,0.0,10
D10_Hashtag5|C00013,2,0.6009291997818285,D10_Hashtag5,1,P1,0.46,True,P1,0.9963934942285568,6.5167117,2.739632,0.0,1.0,0.0,IGHG,Saline,0.0,1.0,0.0,10
D10_Hashtag5|C00014,2,0.6009291997818285,D10_Hashtag5,1,P1,0.62,True,P1,0.9932392191318687,7.893422,2.5691938,0.0,1.0,0.0,IGHG,Saline,0.0,1.0,0.0,10
D10_Hashtag5|C00015,2,0.6009291997818285,D10_Hashtag5,1,P1,0.62,True,P1,0.7852142993871167,7.0964856,3.0693932,0.0,1.0,0.0,IGHG,Saline,0.0,1.0,0.0,10
D10_Hashtag5|C00016,2,0.6009291997818285,D10_Hashtag5,1,P1,0.54,True,P1,0.6443232457966633,5.870355,3.1510692,0.0,1.0,0.0,IGHG,Saline,0.0,1.0,0.0,10
D10_Hashtag5|C00017,2,0.6009291997818285,D10_Hashtag5,1,P2,0.18,True,P2,0.999990559506312,6.1876287,4.7858224,0.0,1.0,0.0,IGHG,Saline,0.0,1.0,0.0,10
D10_Hashtag5|C00018,2,0.6009291997818285,D10_Hashtag5,1,P1,0.62,True,P1,0.9999997480763588,8.252913,2.4938998,0.0,1.0,0.0,IGHG,Saline,0.0,1.0,0.0,10
D10_Hashtag5|C00019,2,0.6009291997818285,D10_Hashtag5,1,P3,0.7,True,P3,0.999659743755568,4.4058175,3.9287746,0.0,0.5,0.0018382352941176,IGHM,Saline,0.0,0.5,0.5,10
D10_Hashtag5|C00020,2,0.6009291997818285,D10_Hashtag5,1,P1,0.62,True,P1,0.9904133356144026,7.2169924,3.5982432,0.0,1.0,0.0,IGHG,Saline,0.0,1.0,0.0,10
D10_Hashtag5|C00021,2,0.6009291997818285,D10_Hashtag5,1,P1,0.62,True,P1,0.9999977967754148,8.091181,2.276093,0.0,1.0,0.0,IGHG,Saline,0.0,1.0,0.0,10
D10_Hashtag5|C00022,2,0.6009291997818285,D10_Hashtag5,1,P1,0.62,True,P1,0.9565098456369542,7.6433387,2.7412708,0.0,1.0,0.0,IGHG,Saline,0.0,1.0,0.0,10
D10_Hashtag5|C00023,2,0.6009291997818285,D10_Hashtag5,1,P1,0.62,True,P1,0.8631152688239102,6.630827,2.9372919,0.0,1.0,0.0,IGHG,Saline,0.0,1.0,0.0,10
D10_Hashtag5|C00024,2,0.6009291997818285,D10_Hashtag5,1,P3,0.88,True,P3,0.9779845052321372,4.0877175,2.398918,0.0,1.0,0.0,IGHG,Saline,0.0,1.0,0.0,10
D10_Hashtag5|C00025,2,0.6009291997818285,D10_Hashtag5,1,P1,0.62,True,P1,0.9894800594978792,7.8776813,2.971632,0.0,1.0,0.0,IGHG,Saline,0.0,1.0,0.0,10
D10_Hashtag5|C00026,2,0.6009291997818285,D10_Hashtag5,1,P2,0.2,True,P2,0.9988354784042462,5.864019,5.7036943,0.0,1.0,0.0,IGHG,Saline,0.0,1.0,0.0,10
D10_Hashtag5|C00027,2,0.6009291997818285,D10_Hashtag5,1,P1,0.62,True,P1,0.965583869706925,6.664833,3.4874434,0.0,1.0,0.0,IGHG,Saline,0.0,1.0,0.0,10
D10_Hashtag5|C00028,2,0.6009291997818285,D10_Hashtag5,1,P2,0.22,True,P2,0.637524957742675,5.076375,6.1099644,0.5,0.5,0.0055555555555555,IGHG,Saline,0.5,0.5,0.0,10
D10_Hashtag5|C00029,2,0.6009291997818285,D10_Hashtag5,1,P1,0.62,True,P1,0.992387106592402,7.059014,3.3959725,0.0,1.0,0.0,IGHG,Saline,0.0,1.0,0.0,10
D10_Hashtag5|C00030,2,0.6009291997818285,D10_Hashtag5,1,P1,0.62,True,P1,0.9892037958827142,7.3235016,2.5926092,0.0,1.0,0.0,IGHG,Saline,0.0,1.0,0.0,10
D10_Hashtag5|C00031,2,0.6009291997818285,D10_Hashtag5,1,P1,0.62,True,P1,0.9975844312752564,7.240661,2.7897365,0.0,1.0,0.0,IGHG,Saline,0.0,1.0,0.0,10
D10_Hashtag5|C00032,2,0.6009291997818285,D10_Hashtag5,1,P1,0.62,True,P1,0.989747578767452,7.426217,2.5842679,0.0,1.0,0.0,IGHG,Saline,0.0,1.0,0.0,10
D10_Hashtag5|C00033,2,0.6009291997818285,D10_Hashtag5,1,P1,0.62,True,P1,0.9999999858606686,8.112704,2.582658,0.0,1.0,0.0,IGHG,Saline,0.0,1.0,0.0,10
D10_Hashtag5|C00034,2,0.6009291997818285,D10_Hashtag5,1,P2,0.1,True,P2,0.9999541222759536,6.1594095,5.3554406,0.0,1.0,0.0,IGHG,Saline,0.0,1.0,0.0,10
D10_Hashtag5|C00035,2,0.6009291997818285,D10_Hashtag5,1,P1,0.62,True,P1,0.999833079160766,8.02366,2.708707,0.0,1.0,0.0,IGHG,Saline,0.0,1.0,0.0,10
D10_Hashtag5|C00036,2,0.6009291997818285,D10_Hashtag5,1,P3,0.56,True,P3,0.9986235570348077,4.317043,4.7538443,0.5,0.5,0.0055555555555555,IGHG,Saline,0.5,0.5,0.0,10
D10_Hashtag5|C00037,2,0.6009291997818285,D10_Hashtag5,1,P1,0.62,True,P1,0.9940375367607732,7.5410914,3.1391819,0.0,1.0,0.0,IGHG,Saline,0.0,1.0,0.0,10
D10_Hashtag5|C00038,2,0.6009291997818285,D10_Hashtag5,1,P3,0.98,True,P3,0.9999999940095704,3.776608,0.88774174,0.0,0.0,0.0,IGHM,Saline,0.0,0.0,0.0,10
D10_Hashtag5|C00039,2,0.6009291997818285,D10_Hashtag5,1,P1,0.62,True,P1,0.998929896801621,7.528044,3.661607,0.0,1.0,0.0,IGHM,Saline,0.0,1.0,0.0,10
D10_Hashtag6|C00001,6,0.8096157047243099,D10_Hashtag6,1,P3,0.98,True,P3,0.999999999873978,3.897574,0.17075725,0.0,0.0,0.0,IGHM,Saline,0.0,0.0,0.16666666666666666,10
D10_Hashtag6|C00002,3,0.6879296487615283,D10_Hashtag6,1,P1,1.0,True,P1,0.999807545473064,9.935941,3.1649935,0.0,1.0,0.0,IGHG,Saline,0.0,1.0,0.0,10
D10_Hashtag6|C00003,3,0.6879296487615283,D10_Hashtag6,1,P1,1.0,True,P1,0.9999961921212754,10.86934,4.255938,0.0,1.0,0.0,IGHG,Saline,0.0,1.0,0.0,10
D10_Hashtag6|C00004,2,0.6009291997818285,D10_Hashtag6,1,P3,0.98,True,P3,0.9999999608460264,4.049912,1.5456967,0.0,0.0,0.0142857142857142,IGHM,Saline,0.0,0.0,0.0,10
D10_Hashtag6|C00005,2,0.6009291997818285,D10_Hashtag6,1,P3,0.68,True,P3,0.9511153765005184,5.4072127,3.49716,0.0,0.5,0.0,,Saline,0.0,0.5,0.0,10
D10_Hashtag6|C00006,2,0.6009291997818285,D10_Hashtag6,1,P1,1.0,True,P1,0.9999997531377024,9.866025,4.2897773,0.0,1.0,0.0,IGHG,Saline,0.0,1.0,0.0,10
D10_Hashtag6|C00007,2,0.6009291997818285,D10_Hashtag6,1,P1,1.0,True,P1,0.9999998756026194,10.935356,5.916789,0.0,1.0,0.0,IGHG,Saline,0.0,1.0,0.0,10
D10_Hashtag6|C00008,2,0.6009291997818285,D10_Hashtag6,1,P1,0.62,True,P1,0.996208902857287,7.612674,3.4516742,0.0,1.0,0.0,IGHG,Saline,0.0,1.0,0.0,10
D10_Hashtag6|C00009,2,0.6009291997818285,D10_Hashtag6,1,P2,0.64,True,P2,0.536240719580567,3.107364,9.86192,1.0,0.0,0.007380073800738,,Saline,1.0,0.0,0.0,10
D10_Hashtag6|C00010,2,0.6009291997818285,D10_Hashtag6,1,P3,0.98,True,P3,0.999999804856427,3.9097388,-0.09941573,0.0,0.0,0.0,IGHM,Saline,0.0,0.0,0.0,10
D10_Hashtag6|C00011,2,0.6009291997818285,D10_Hashtag6,1,P1,1.0,True,P1,0.9997715161200188,10.085602,3.155123,0.0,1.0,0.0,,Saline,0.0,1.0,0.0,10
D10_Hashtag6|C00012,2,0.6009291997818285,D10_Hashtag6,1,P1,0.92,True,P1,0.9999985789634998,9.362257,3.2609346,0.0,1.0,0.0,IGHG,Saline,0.0,1.0,0.0,10
D10_Hashtag6|C00013,2,0.6009291997818285,D10_Hashtag6,1,P1,1.0,True,P1,0.9999909524749756,10.053657,4.229965,0.0,1.0,0.0,IGHG,Saline,0.0,1.0,0.0,10
D10_Hashtag6|C00014,2,0.6009291997818285,D10_Hashtag6,1,P1,0.62,True,P1,0.6432941968508938,7.3382964,2.8870544,0.0,1.0,0.0,IGHM,Saline,0.0,1.0,0.0,10
D10_Hashtag6|C00015,2,0.6009291997818285,D10_Hashtag6,1,P1,0.54,True,P1,0.6007005880817892,7.0514717,4.197936,0.0,1.0,0.0,IGHG,Saline,0.0,1.0,0.0,10
D10_Hashtag6|C00016,2,0.6009291997818285,D10_Hashtag6,1,P1,1.0,True,P1,0.9999999998475744,9.724014,3.088736,0.0,1.0,0.0,IGHG,Saline,0.0,1.0,0.0,10
D10_Hashtag6|C00017,2,0.6009291997818285,D10_Hashtag6,1,P1,1.0,True,P1,0.9999595129723924,10.272245,2.9341652,0.0,1.0,0.0,,Saline,0.0,1.0,0.0,10
D10_Hashtag6|C00018,2,0.6009291997818285,D10_Hashtag6,1,P1,0.54,True,P1,0.9983850272834822,6.652965,5.979504,0.5,0.5,0.0,IGHG,Saline,0.5,0.5,0.0,10
D10_Hashtag6|C00019,2,0.6009291997818285,D10_Hashtag6,1,P1,0.72,True,P1,0.999999746141324,7.8898287,3.8674154,0.0,1.0,0.0,,Saline,0.0,1.0,0.0,10
D10_Hashtag6|C00020,2,0.6009291997818285,D10_Hashtag6,1,P1,0.66,True,P1,0.999999999995481,7.649511,3.6788988,0.0,1.0,0.0,IGHG,Saline,0.0,1.0,0.0,10
D10_Hashtag6|C00021,2,0.6009291997818285,D10_Hashtag6,1,P1,1.0,True,P1,0.999996653263936,10.97867,5.877771,0.0,1.0,0.0,IGHG,Saline,0.0,1.0,0.0,10
D10_Hashtag6|C00022,2,0.6009291997818285,D10_Hashtag6,1,P1,1.0,True,P1,0.9999570350458776,10.631348,4.691314,0.0,1.0,0.0,IGHG,Saline,0.0,1.0,0.0,10
D10_Hashtag6|C00023,2,0.6009291997818285,D10_Hashtag6,1,P1,1.0,True,P1,0.999998259561701,10.641053,5.328048,0.0,1.0,0.0,IGHG,Saline,0.0,1.0,0.0,10
D10_Hashtag6|C00024,2,0.6009291997818285,D10_Hashtag6,1,P1,1.0,True,P1,0.9999945948046184,10.817958,5.488103,0.0,1.0,0.0,IGHG,Saline,0.0,1.0,0.0,10
D10_Hashtag7|C00001,4,0.7430974236898071,D10_Hashtag7,1,P1,1.0,True,P1,0.9999999992531912,14.599817,5.3546667,0.0,1.0,0.0,IGHG,Naive,0.0,1.0,0.0,10
D14_Hashtag1|C00001,9,0.8625031106882172,D14_Hashtag1,1,P3,0.98,True,P3,0.9991249236830188,5.806284,-1.106914,0.1111111111111111,0.0,0.0,IGHM,Artesunate,0.1111111111111111,0.0,0.0,14
D14_Hashtag1|C00002,5,0.7813975773872784,D14_Hashtag1,1,P3,1.0,True,P3,0.999760358195741,5.6118045,1.4359046,0.0,0.0,0.0088888888888888,IGHM,Artesunate,0.0,0.0,0.6,14
D14_Hashtag1|C00003,4,0.7430974236898071,D14_Hashtag1,1,P3,0.98,True,P3,0.99999999662613,6.8270326,-0.52230173,0.0,0.0,0.0,IGHM,Artesunate,0.0,0.0,0.75,14
D14_Hashtag1|C00004,4,0.7430974236898071,D14_Hashtag1,1,P3,0.98,True,P3,0.991201492204108,6.0242205,-0.9039761,0.0,0.0,0.0,IGHM,Artesunate,0.0,0.0,0.0,14
D14_Hashtag1|C00005,4,0.7430974236898071,D14_Hashtag1,1,P3,0.98,True,P3,0.9991455454399818,5.6544056,-0.51039463,0.0,0.0,0.0,IGHM,Artesunate,0.0,0.0,0.0,14
D14_Hashtag1|C00006,2,0.6009291997818285,D14_Hashtag1,1,P2,0.78,True,P2,0.9999883697530004,4.874333,8.899567,1.0,0.0,0.0150375939849624,IGHG,Artesunate,1.0,0.0,0.0,14
D14_Hashtag1|C00007,2,0.6009291997818285,D14_Hashtag1,1,P3,0.98,True,P3,0.9987029160327182,6.0551233,-0.024569526,0.0,0.0,0.0,IGHM,Artesunate,0.0,0.0,0.5,14
D14_Hashtag1|C00008,2,0.6009291997818285,D14_Hashtag1,1,P2,0.8,True,P2,0.999669921655686,3.646775,8.906892,1.0,0.0,0.0017857142857142,,Artesunate,1.0,0.0,0.0,14
D14_Hashtag1|C00009,2,0.6009291997818285,D14_Hashtag1,1,P2,0.72,True,P2,0.9999908538284824,2.3530555,10.176929,1.0,0.0,0.0203703703703703,IGHM,Artesunate,1.0,0.0,0.0,14
D14_Hashtag1|C00010,2,0.6009291997818285,D14_Hashtag1,1,P3,0.98,True,P3,0.9998141376625542,5.6995735,-0.57961243,0.0,0.0,0.0,IGHM,Artesunate,0.0,0.0,0.0,14
D14_Hashtag1|C00011,2,0.6009291997818285,D14_Hashtag1,1,P1,0.74,True,P1,0.9999999998737792,7.8494706,6.8613267,0.5,0.5,0.0074074074074074,IGHG,Artesunate,0.5,0.5,0.0,14
D14_Hashtag1|C00012,2,0.6009291997818285,D14_Hashtag1,1,P1,1.0,True,P1,0.9999999999991332,14.553327,4.426103,0.0,1.0,0.0,IGHM,Artesunate,0.0,1.0,0.0,14
D14_Hashtag2|C00001,13,0.8995041531668229,D14_Hashtag2,1,P3,0.98,True,P3,0.9914159007796196,6.1690407,-0.902459,0.0,0.0,0.0,IGHM,Artesunate,0.0,0.0,0.38461538461538464,14
D14_Hashtag2|C00002,7,0.8313036265891967,D14_Hashtag2,1,P3,0.94,True,P3,0.9991386497613186,6.8991675,-0.3314306,0.0,0.1428571428571428,0.0,IGHM,Artesunate,0.0,0.14285714285714285,0.2857142857142857,14
D14_Hashtag2|C00003,3,0.6879296487615283,D14_Hashtag2,1,P2,0.56,True,P2,0.9784957292041347,4.865496,7.566311,0.6666666666666666,0.0,0.0086419753086419,IGHG,Artesunate,0.6666666666666666,0.0,0.0,14
D14_Hashtag2|C00004,3,0.6879296487615283,D14_Hashtag2,1,P2,0.68,True,P2,0.9996703266871138,3.427333,9.6989765,1.0,0.0,0.0050314465408805,IGHG,Artesunate,1.0,0.0,0.0,14
D14_Hashtag2|C00005,2,0.6009291997818285,D14_Hashtag2,1,P2,1.0,True,P2,0.9999978920578392,1.3208119,8.524039,1.0,0.0,0.0222772958832438,IGHG,Artesunate,1.0,0.0,0.0,14
D14_Hashtag2|C00006,2,0.6009291997818285,D14_Hashtag2,1,P2,1.0,True,P2,0.9999683892277802,2.3275976,6.670133,1.0,0.0,0.0075757575757575,IGHG,Artesunate,1.0,0.0,0.0,14
D14_Hashtag2|C00007,2,0.6009291997818285,D14_Hashtag2,1,P3,1.0,True,P3,0.9999181475362212,3.4609342,2.3685987,0.0,0.0,0.0,IGHM,Artesunate,0.0,0.0,0.0,14
D14_Hashtag2|C00008,2,0.6009291997818285,D14_Hashtag2,1,P2,1.0,True,P2,0.9999871000727724,1.694048,7.66817,1.0,0.0,0.084766143299425,IGHG,Artesunate,1.0,0.0,0.0,14
D14_Hashtag2|C00009,2,0.6009291997818285,D14_Hashtag2,1,P2,0.72,True,P2,0.9998157742983398,4.810216,8.600414,1.0,0.0,0.0075187969924812,IGHG,Artesunate,1.0,0.0,0.0,14
D14_Hashtag2|C00010,2,0.6009291997818285,D14_Hashtag2,1,P2,0.72,True,P2,0.9999948831801532,3.621495,9.492065,1.0,0.0,0.018796992481203,IGHG,Artesunate,1.0,0.0,0.0,14
D14_Hashtag2|C00011,2,0.6009291997818285,D14_Hashtag2,1,P2,1.0,True,P2,0.9999749568555892,1.1049459,8.216796,1.0,0.0,0.0169172932330827,IGHG,Artesunate,1.0,0.0,0.0,14
D14_Hashtag2|C00012,2,0.6009291997818285,D14_Hashtag2,1,P3,1.0,True,P3,0.99997984508168,3.8301673,2.9173458,0.0,0.0,0.0,IGHM,Artesunate,0.0,0.0,0.0,14
D14_Hashtag2|C00013,2,0.6009291997818285,D14_Hashtag2,1,P3,0.38,True,P3,0.9796818739410826,3.4018807,4.779216,0.5,0.0,0.010948905109489,IGHG,Artesunate,0.5,0.0,0.5,14
D14_Hashtag2|C00014,2,0.6009291997818285,D14_Hashtag2,1,P2,0.64,True,P2,0.9999950461087572,3.5137198,11.4290695,1.0,0.0,0.0092592592592592,IGHG,Artesunate,1.0,0.0,0.0,14
D14_Hashtag2|C00015,2,0.6009291997818285,D14_Hashtag2,1,P2,1.0,True,P2,0.9999056069584088,2.2939038,6.412518,1.0,0.0,0.0166666666666666,IGHG,Artesunate,1.0,0.0,0.0,14
D14_Hashtag2|C00016,2,0.6009291997818285,D14_Hashtag2,1,P2,1.0,True,P2,0.9800829329629264,2.326309,6.355142,1.0,0.0,0.0186014372581536,,Artesunate,1.0,0.0,0.0,14
D14_Hashtag2|C00017,2,0.6009291997818285,D14_Hashtag2,1,P3,1.0,True,P3,0.996352997719859,4.012894,2.9319215,0.0,0.0,0.0,IGHM,Artesunate,0.0,0.0,0.0,14
D14_Hashtag2|C00018,2,0.6009291997818285,D14_Hashtag2,1,P2,0.72,True,P2,0.9990287078131296,4.4073095,8.1926,1.0,0.0,0.0053763440860215,IGHM,Artesunate,1.0,0.0,0.0,14
D14_Hashtag2|C00019,2,0.6009291997818285,D14_Hashtag2,1,P2,1.0,True,P2,0.9214909983913172,2.675012,6.709555,1.0,0.0,0.0074074074074074,IGHG,Artesunate,1.0,0.0,0.0,14
D14_Hashtag2|C00020,2,0.6009291997818285,D14_Hashtag2,1,P2,0.8,True,P2,0.9999954404886388,3.1831198,8.72365,1.0,0.0,0.0037037037037037,IGHG,Artesunate,1.0,0.0,0.0,14
D14_Hashtag2|C00021,2,0.6009291997818285,D14_Hashtag2,1,P3,1.0,True,P3,0.9997843239857452,5.3799934,1.7530285,0.0,0.0,0.0,IGHM,Artesunate,0.0,0.0,0.5,14
D14_Hashtag2|C00022,2,0.6009291997818285,D14_Hashtag2,1,P1,0.68,True,P1,0.9999999500076284,7.08116,6.3596964,0.5,0.5,0.0204185598237642,IGHG,Artesunate,0.5,0.5,0.0,14
D14_Hashtag2|C00023,2,0.6009291997818285,D14_Hashtag2,1,P3,0.54,True,P3,0.999968536800074,4.589191,6.125554,0.5,0.0,0.0037037037037037,IGHG,Artesunate,0.5,0.0,0.0,14
D14_Hashtag2|C00024,2,0.6009291997818285,D14_Hashtag2,1,P1,0.64,True,P1,0.9985833819241762,6.417967,6.5860353,0.5,0.5,0.0074626865671641,IGHG,Artesunate,0.5,0.5,0.0,14
D14_Hashtag2|C00025,2,0.6009291997818285,D14_Hashtag2,1,P2,1.0,True,P2,0.9998277220458124,1.7574533,5.6735606,1.0,0.0,0.0055555555555555,IGHG,Artesunate,1.0,0.0,0.0,14
D14_Hashtag2|C00026,2,0.6009291997818285,D14_Hashtag2,1,P2,0.78,True,P2,0.9998254635094636,2.547963,9.994933,1.0,0.0,0.0074074074074074,IGHG,Artesunate,1.0,0.0,0.0,14
D14_Hashtag3|C00001,5,0.7813975773872784,D14_Hashtag3,1,P3,0.98,True,P3,0.999496102449536,6.353265,-0.77669644,0.0,0.0,0.0,IGHM,Artesunate,0.0,0.0,0.2,14
D14_Hashtag3|C00002,3,0.6879296487615283,D14_Hashtag3,1,P3,0.96,True,P3,0.8807895481357123,5.847353,0.5046224,0.3333333333333333,0.0,0.0,IGHM,Artesunate,0.3333333333333333,0.0,0.0,14
D14_Hashtag3|C00003,2,0.6009291997818285,D14_Hashtag3,1,P3,0.42,True,P3,0.7835006706354418,3.893807,5.05386,0.5,0.0,0.0055555555555555,,Artesunate,0.5,0.0,0.0,14
D14_Hashtag3|C00004,2,0.6009291997818285,D14_Hashtag3,1,P3,0.6,True,P3,0.9997823052497916,3.6845386,4.485949,0.5,0.0,0.0242537313432835,IGHG,Artesunate,0.5,0.0,0.5,14
D14_Hashtag3|C00005,2,0.6009291997818285,D14_Hashtag3,1,P3,0.98,True,P3,0.9967713867182846,5.46507,-0.035176504,0.0,0.0,0.0,IGHM,Artesunate,0.0,0.0,0.0,14
D14_Hashtag3|C00006,2,0.6009291997818285,D14_Hashtag3,1,P2,0.74,True,P2,0.9984731028414232,3.8472135,8.602626,1.0,0.0,0.0148698884758364,IGHG,Artesunate,1.0,0.0,0.0,14
D14_Hashtag3|C00007,2,0.6009291997818285,D14_Hashtag3,1,P2,0.64,True,P2,0.9985959185402102,3.470214,10.988974,1.0,0.0,0.0092592592592592,IGHG,Artesunate,1.0,0.0,0.0,14
D14_Hashtag3|C00008,2,0.6009291997818285,D14_Hashtag3,1,P3,1.0,True,P3,0.9999999937912208,3.6622307,2.6658812,0.0,0.0,0.0,IGHM,Artesunate,0.0,0.0,0.0,14
D14_Hashtag3|C00009,2,0.6009291997818285,D14_Hashtag3,1,P3,0.98,True,P3,0.9992497730938597,5.8748903,-0.7273312,0.0,0.0,0.0,IGHM,Artesunate,0.0,0.0,0.0,14
D14_Hashtag3|C00010,2,0.6009291997818285,D14_Hashtag3,1,P1,1.0,True,P1,0.9999999990988472,14.197713,5.0128427,0.0,1.0,0.0037037037037037,IGHG,Artesunate,0.0,1.0,0.0,14
D14_Hashtag3|C00011,2,0.6009291997818285,D14_Hashtag3,1,P3,0.98,True,P3,0.9999235480528146,4.817105,3.3780146,0.0,0.0,0.0,IGHM,Artesunate,0.0,0.0,0.0,14
D14_Hashtag3|C00012,2,0.6009291997818285,D14_Hashtag3,1,P3,1.0,True,P3,0.9999949594191684,4.7471194,1.9379984,0.0,0.0,0.0018587360594795,IGHM,Artesunate,0.0,0.0,0.5,14
D14_Hashtag3|C00013,2,0.6009291997818285,D14_Hashtag3,1,P2,0.64,True,P2,0.999950426878673,3.1174119,11.023121,1.0,0.0,0.0055555555555555,IGHG,Artesunate,1.0,0.0,0.0,14
D14_Hashtag3|C00014,2,0.6009291997818285,D14_Hashtag3,1,P1,0.9,True,P1,0.9997955700278724,8.971712,3.9312866,0.0,1.0,0.0,IGHG,Artesunate,0.0,1.0,0.0,14
D14_Hashtag4|C00001,9,0.8625031106882172,D14_Hashtag4,1,P3,0.98,True,P3,0.9999998195522884,4.9159036,-0.477907,0.0,0.1111111111111111,0.0,IGHM,Saline,0.0,0.1111111111111111,0.2222222222222222,14
D14_Hashtag4|C00002,6,0.8096157047243099,D14_Hashtag4,1,P1,0.88,True,P1,0.999999978845324,9.023464,6.238089,0.3333333333333333,0.6666666666666666,0.0017793594306049,IGHG,Saline,0.3333333333333333,0.6666666666666666,0.0,14
D14_Hashtag4|C00003,5,0.7813975773872784,D14_Hashtag4,1,P1,1.0,True,P1,0.9999999997472456,14.101206,4.2229753,0.0,1.0,0.0,IGHG,Saline,0.0,1.0,0.0,14
D14_Hashtag4|C00004,4,0.7430974236898071,D14_Hashtag4,1,P1,0.48,True,P1,0.9999058182878404,8.346936,6.47158,0.5,0.5,0.0008960573476702,IGHG,Saline,0.5,0.5,0.0,14
D14_Hashtag4|C00005,4,0.7430974236898071,D14_Hashtag4,1,P1,1.0,True,P1,0.9999999868112752,13.335645,4.0380797,0.0,1.0,0.0,,Saline,0.0,1.0,0.0,14
D14_Hashtag4|C00006,3,0.6879296487615283,D14_Hashtag4,1,P1,1.0,True,P1,0.9999999994990104,14.258961,4.514066,0.0,1.0,0.001199040767386,IGHM,Saline,0.0,1.0,0.0,14
D14_Hashtag4|C00007,3,0.6879296487615283,D14_Hashtag4,1,P1,1.0,True,P1,0.999999962193528,13.158852,4.0123987,0.0,1.0,0.0,IGHG,Saline,0.0,1.0,0.0,14
D14_Hashtag4|C00008,3,0.6879296487615283,D14_Hashtag4,1,P3,0.98,True,P3,0.9999943246058408,5.131487,-0.51849747,0.0,0.0,0.0,IGHM,Saline,0.0,0.0,0.6666666666666666,14
D14_Hashtag4|C00009,2,0.6009291997818285,D14_Hashtag4,1,P1,0.66,True,P1,0.9999730447041344,8.159147,6.4124107,0.5,0.5,0.0170454545454545,IGHG,Saline,0.5,0.5,0.0,14
D14_Hashtag4|C00010,2,0.6009291997818285,D14_Hashtag4,1,P3,1.0,True,P3,0.99990354286005,4.8279767,0.4438203,0.0,0.0,0.0,IGHM,Saline,0.0,0.0,0.5,14
D14_Hashtag4|C00011,2,0.6009291997818285,D14_Hashtag4,1,P3,0.26,True,P3,0.7338547264874631,4.2600794,6.024564,0.5,0.0,0.0075757575757575,IGHG,Saline,0.5,0.0,0.0,14
D14_Hashtag4|C00012,2,0.6009291997818285,D14_Hashtag4,1,P1,0.72,True,P1,0.9999935671918928,8.398942,6.8006663,0.5,0.5,0.0035714285714285,,Saline,0.5,0.5,0.0,14
D14_Hashtag4|C00013,2,0.6009291997818285,D14_Hashtag4,1,P2,0.5,True,P2,0.7082758789990913,5.4552917,5.3605046,0.5,0.5,0.0035587188612099,,Saline,0.5,0.5,0.0,14
D14_Hashtag4|C00014,2,0.6009291997818285,D14_Hashtag4,1,P1,0.42,True,P1,0.9994660263045608,7.046055,5.4565434,0.5,0.5,0.0017857142857142,,Saline,0.5,0.5,0.0,14
D14_Hashtag4|C00015,2,0.6009291997818285,D14_Hashtag4,1,P1,1.0,True,P1,0.9999999955562942,13.409189,4.3385324,0.0,1.0,0.0,IGHG,Saline,0.0,1.0,0.0,14
D14_Hashtag4|C00016,2,0.6009291997818285,D14_Hashtag4,1,P1,0.62,True,P1,0.9994989883449455,6.749809,5.901153,0.5,0.5,0.0018518518518518,IGHG,Saline,0.5,0.5,0.0,14
D14_Hashtag4|C00017,2,0.6009291997818285,D14_Hashtag4,1,P2,0.44,True,P2,0.5668011170626389,4.5603905,6.9285574,0.5,0.0,0.0018518518518518,,Saline,0.5,0.0,0.0,14
D14_Hashtag4|C00018,2,0.6009291997818285,D14_Hashtag4,1,P1,1.0,True,P1,0.999999930393076,12.63795,4.473898,0.0,1.0,0.0,IGHG,Saline,0.0,1.0,0.0,14
D14_Hashtag4|C00019,2,0.6009291997818285,D14_Hashtag4,1,P1,1.0,True,P1,0.9999999993432738,13.787204,3.8682811,0.0,1.0,0.0,IGHG,Saline,0.0,1.0,0.0,14
D14_Hashtag4|C00020,2,0.6009291997818285,D14_Hashtag4,1,P1,1.0,True,P1,0.999998631923345,11.016129,2.4730916,0.0,1.0,0.0,,Saline,0.0,1.0,0.0,14
D14_Hashtag4|C00021,2,0.6009291997818285,D14_Hashtag4,1,P2,0.54,True,P2,0.9791114571145488,5.3857207,5.6566725,0.5,0.5,0.007168458781362,IGHG,Saline,0.5,0.5,0.0,14
D14_Hashtag4|C00022,2,0.6009291997818285,D14_Hashtag4,1,P1,1.0,True,P1,0.9999999958198202,13.314113,4.1350245,0.0,1.0,0.0,IGHM,Saline,0.0,1.0,0.0,14
D14_Hashtag4|C00023,2,0.6009291997818285,D14_Hashtag4,1,P1,1.0,True,P1,0.9999999999966178,13.751643,3.7763174,0.0,1.0,0.0,IGHG,Saline,0.0,1.0,0.0,14
D14_Hashtag4|C00024,2,0.6009291997818285,D14_Hashtag4,1,P1,1.0,True,P1,0.999999997840618,13.669606,4.4567847,0.0,1.0,0.0,IGHG,Saline,0.0,1.0,0.0,14
D14_Hashtag4|C00025,2,0.6009291997818285,D14_Hashtag4,1,P2,0.8,True,P2,0.9992975557457592,3.5951362,7.972422,1.0,0.0,0.0071942446043165,IGHM,Saline,1.0,0.0,0.0,14
D14_Hashtag4|C00026,2,0.6009291997818285,D14_Hashtag4,1,P1,1.0,True,P1,0.9999998972872728,11.742131,4.4424467,0.0,1.0,0.0,IGHG,Saline,0.0,1.0,0.0,14
D14_Hashtag4|C00027,2,0.6009291997818285,D14_Hashtag4,1,P1,1.0,True,P1,0.9999999970803656,13.540592,4.7497883,0.0,1.0,0.0,,Saline,0.0,1.0,0.0,14
D14_Hashtag4|C00028,2,0.6009291997818285,D14_Hashtag4,1,P1,1.0,True,P1,0.999999997709338,13.447051,4.299874,0.0,1.0,0.0,IGHM,Saline,0.0,1.0,0.0,14
D14_Hashtag4|C00029,2,0.6009291997818285,D14_Hashtag4,1,P1,1.0,True,P1,0.999999995507494,12.916167,3.412967,0.0,1.0,0.0,IGHM,Saline,0.0,1.0,0.0,14
D14_Hashtag4|C00030,2,0.6009291997818285,D14_Hashtag4,1,P1,1.0,True,P1,0.9999999994194012,12.849998,4.3109975,0.0,1.0,0.0,IGHG,Saline,0.0,1.0,0.0,14
D14_Hashtag4|C00031,2,0.6009291997818285,D14_Hashtag4,1,P1,1.0,True,P1,0.999999998252136,13.677696,3.9814608,0.0,1.0,0.0,IGHG,Saline,0.0,1.0,0.0,14
D14_Hashtag4|C00032,2,0.6009291997818285,D14_Hashtag4,1,P3,0.98,True,P3,0.999996274385486,4.671058,-0.24014291,0.0,0.0,0.0,IGHM,Saline,0.0,0.0,0.0,14
D14_Hashtag4|C00033,2,0.6009291997818285,D14_Hashtag4,1,P2,1.0,True,P2,0.9997053930166654,2.3823152,6.061161,1.0,0.0,0.0055555555555555,IGHG,Saline,1.0,0.0,0.0,14
D14_Hashtag4|C00034,2,0.6009291997818285,D14_Hashtag4,1,P2,1.0,True,P2,0.999428723857742,2.7370653,6.1840696,1.0,0.0,0.0074074074074074,IGHG,Saline,1.0,0.0,0.0,14
D14_Hashtag4|C00035,2,0.6009291997818285,D14_Hashtag4,1,P1,1.0,True,P1,0.9999999997994422,14.104488,4.5541677,0.0,1.0,0.0,IGHG,Saline,0.0,1.0,0.0,14
D14_Hashtag4|C00036,2,0.6009291997818285,D14_Hashtag4,1,P1,1.0,True,P1,0.9999999996328768,13.596408,3.7444246,0.0,1.0,0.0,,Saline,0.0,1.0,0.0,14
D14_Hashtag4|C00037,2,0.6009291997818285,D14_Hashtag4,1,P1,1.0,True,P1,0.999999978582949,13.054515,4.991754,0.0,1.0,0.0,IGHG,Saline,0.0,1.0,0.0,14
D14_Hashtag4|C00038,2,0.6009291997818285,D14_Hashtag4,1,P2,0.64,True,P2,0.9791972166051304,3.602348,10.383579,1.0,0.0,0.0,IGHG,Saline,1.0,0.0,0.0,14
D14_Hashtag4|C00039,2,0.6009291997818285,D14_Hashtag4,1,P2,0.4,True,P2,0.9981587447780436,4.7831087,6.5819683,0.5,0.0,0.0166666666666666,IGHG,Saline,0.5,0.0,0.0,14
D14_Hashtag4|C00040,2,0.6009291997818285,D14_Hashtag4,1,P1,1.0,True,P1,0.9999999959452452,13.331719,3.9692025,0.0,1.0,0.0,,Saline,0.0,1.0,0.0,14
D14_Hashtag4|C00041,2,0.6009291997818285,D14_Hashtag4,1,P1,1.0,True,P1,1.0,11.65894,4.681011,0.0,1.0,0.0,,Saline,0.0,1.0,0.0,14
D14_Hashtag4|C00042,2,0.6009291997818285,D14_Hashtag4,1,P1,0.64,True,P1,0.5145772258539477,8.564037,3.5248365,0.0,0.5,0.0,,Saline,0.0,0.5,0.5,14
D14_Hashtag4|C00043,2,0.6009291997818285,D14_Hashtag4,1,P1,1.0,True,P1,0.9999999990280202,13.941065,4.5549345,0.0,1.0,0.0,IGHG,Saline,0.0,1.0,0.0,14
D14_Hashtag4|C00044,2,0.6009291997818285,D14_Hashtag4,1,P1,0.52,True,P1,0.999998016851313,8.617015,6.57567,0.5,0.5,0.0018587360594795,IGHG,Saline,0.5,0.5,0.0,14
D14_Hashtag4|C00045,2,0.6009291997818285,D14_Hashtag4,1,P3,0.98,True,P3,0.9999905390649012,5.0153794,-0.2037455,0.0,0.0,0.0,IGHM,Saline,0.0,0.0,0.0,14
D14_Hashtag4|C00046,2,0.6009291997818285,D14_Hashtag4,1,P3,0.98,True,P3,0.9993564497633052,4.742826,0.10753961,0.0,0.0,0.0,IGHM,Saline,0.0,0.0,0.0,14
D14_Hashtag4|C00047,2,0.6009291997818285,D14_Hashtag4,1,P2,0.48,True,P2,0.9987418400967834,4.3501315,6.3358483,1.0,0.0,0.0037037037037037,IGHG,Saline,1.0,0.0,0.0,14
D14_Hashtag4|C00048,2,0.6009291997818285,D14_Hashtag4,1,P1,1.0,True,P1,0.9999997005873404,12.277059,5.0032563,0.0,1.0,0.0,IGHG,Saline,0.0,1.0,0.0,14
D14_Hashtag4|C00049,2,0.6009291997818285,D14_Hashtag4,1,P1,0.48,True,P1,0.9998683307370128,6.5245156,5.545289,0.5,0.5,0.0037037037037037,IGHG,Saline,0.5,0.5,0.0,14
D14_Hashtag5|C00001,10,0.8741114391437229,D14_Hashtag5,1,P1,1.0,True,P1,0.9999944249020216,10.455395,2.9281287,0.1,0.9,0.0,,Saline,0.1,0.9,0.0,14
D14_Hashtag5|C00002,9,0.8625031106882172,D14_Hashtag5,1,P1,1.0,True,P1,0.999999990060914,12.303441,4.030213,0.0,1.0,0.0,IGHG,Saline,0.0,1.0,0.0,14
D14_Hashtag5|C00003,8,0.848510032690162,D14_Hashtag5,1,P3,0.98,True,P3,0.9999999999999148,4.5242496,-0.31976107,0.0,0.0,0.0,IGHM,Saline,0.0,0.0,0.0,14
D14_Hashtag5|C00004,6,0.8096157047243099,D14_Hashtag5,1,P1,0.9,True,P1,0.9999981407841236,10.2989,5.093853,0.1666666666666666,0.8333333333333334,0.0018050541516245,IGHG,Saline,0.16666666666666666,0.8333333333333334,0.0,14
D14_Hashtag5|C00005,6,0.8096157047243099,D14_Hashtag5,1,P1,1.0,True,P1,0.9999999956386888,12.4285965,3.8144982,0.0,1.0,0.0,IGHG,Saline,0.0,1.0,0.0,14
D14_Hashtag5|C00006,6,0.8096157047243099,D14_Hashtag5,1,P1,1.0,True,P1,0.9999999089270842,12.065362,3.7291813,0.0,1.0,0.0,IGHG,Saline,0.0,1.0,0.0,14
D14_Hashtag5|C00007,5,0.7813975773872784,D14_Hashtag5,1,P1,1.0,True,P1,0.999999995833619,12.55474,3.9007914,0.0,1.0,0.0,IGHG,Saline,0.0,1.0,0.0,14
D14_Hashtag5|C00008,5,0.7813975773872784,D14_Hashtag5,1,P1,1.0,True,P1,0.9999999952714802,12.281987,3.6359441,0.0,1.0,0.0,IGHG,Saline,0.0,1.0,0.0,14
D14_Hashtag5|C00009,5,0.7813975773872784,D14_Hashtag5,1,P1,1.0,True,P1,0.9999998897919856,11.608852,4.048066,0.0,1.0,0.0,IGHG,Saline,0.0,1.0,0.0,14
D14_Hashtag5|C00010,4,0.7430974236898071,D14_Hashtag5,1,P1,1.0,True,P1,0.9999993873915998,11.2128105,3.4054222,0.0,1.0,0.0,IGHG,Saline,0.0,1.0,0.0,14
D14_Hashtag5|C00011,4,0.7430974236898071,D14_Hashtag5,1,P1,0.94,True,P1,0.9996532062268596,10.323591,4.3902283,0.0,1.0,0.0,IGHG,Saline,0.0,1.0,0.0,14
D14_Hashtag5|C00012,4,0.7430974236898071,D14_Hashtag5,1,P1,1.0,True,P1,0.9999999689447212,12.541469,4.2518497,0.0,1.0,0.0009259259259259,IGHG,Saline,0.0,1.0,0.0,14
D14_Hashtag5|C00013,4,0.7430974236898071,D14_Hashtag5,1,P2,0.62,True,P2,0.9961988031773358,3.2376573,8.002712,0.75,0.25,0.0037278754924263,,Saline,0.75,0.25,0.0,14
D14_Hashtag5|C00014,4,0.7430974236898071,D14_Hashtag5,1,P1,0.96,True,P1,0.9998839128664248,10.550959,4.845691,0.0,1.0,0.0,IGHG,Saline,0.0,1.0,0.0,14
D14_Hashtag5|C00015,4,0.7430974236898071,D14_Hashtag5,1,P1,1.0,True,P1,0.9999997728575892,11.281737,3.0055652,0.0,1.0,0.0,IGHG,Saline,0.0,1.0,0.0,14
D14_Hashtag5|C00016,4,0.7430974236898071,D14_Hashtag5,1,P1,1.0,True,P1,0.9999972314292008,11.112537,3.4451637,0.0,1.0,0.0,IGHG,Saline,0.0,1.0,0.0,14
D14_Hashtag5|C00017,4,0.7430974236898071,D14_Hashtag5,1,P1,0.9,True,P1,0.9999999275912071,9.078264,5.552609,0.25,0.75,0.0009259259259259,IGHG,Saline,0.25,0.75,0.0,14
D14_Hashtag5|C00018,3,0.6879296487615283,D14_Hashtag5,1,P1,1.0,True,P1,0.9999577596090248,10.74257,4.8851333,0.0,1.0,0.0,IGHG,Saline,0.0,1.0,0.0,14
D14_Hashtag5|C00019,3,0.6879296487615283,D14_Hashtag5,1,P1,1.0,True,P1,0.9999998336361028,11.243944,4.088433,0.0,1.0,0.0,IGHG,Saline,0.0,1.0,0.0,14
D14_Hashtag5|C00020,3,0.6879296487615283,D14_Hashtag5,1,P1,1.0,True,P1,0.9999998633413818,11.613609,3.2427921,0.0,1.0,0.0,IGHM,Saline,0.0,1.0,0.0,14
D14_Hashtag5|C00021,3,0.6879296487615283,D14_Hashtag5,1,P1,1.0,True,P1,0.9999999971354612,12.055023,3.2605457,0.0,1.0,0.0,IGHG,Saline,0.0,1.0,0.0,14
D14_Hashtag5|C00022,3,0.6879296487615283,D14_Hashtag5,1,P1,1.0,True,P1,0.9999994776831556,11.724347,3.3964503,0.0,1.0,0.0,IGHG,Saline,0.0,1.0,0.0,14
D14_Hashtag5|C00023,3,0.6879296487615283,D14_Hashtag5,1,P1,1.0,True,P1,0.9999998904516818,11.922222,3.732727,0.0,1.0,0.0,IGHG,Saline,0.0,1.0,0.0,14
D14_Hashtag5|C00024,3,0.6879296487615283,D14_Hashtag5,1,P3,0.56,True,P3,0.6109587774075814,4.316692,4.325073,0.3333333333333333,0.3333333333333333,0.0024875621890547,IGHG,Saline,0.3333333333333333,0.3333333333333333,0.0,14
D14_Hashtag5|C00025,3,0.6879296487615283,D14_Hashtag5,1,P1,0.8,True,P1,0.999997185009957,8.178292,5.6245613,0.3333333333333333,0.6666666666666666,0.0,IGHG,Saline,0.3333333333333333,0.6666666666666666,0.0,14
D14_Hashtag5|C00026,3,0.6879296487615283,D14_Hashtag5,1,P1,0.82,True,P1,0.9998705570881936,9.25339,3.2511983,0.3333333333333333,0.6666666666666666,0.0,IGHG,Saline,0.3333333333333333,0.6666666666666666,0.0,14
D14_Hashtag5|C00027,3,0.6879296487615283,D14_Hashtag5,1,P1,1.0,True,P1,0.9999984288477158,11.875026,3.7142193,0.0,1.0,0.0,IGHM,Saline,0.0,1.0,0.0,14
D14_Hashtag5|C00028,3,0.6879296487615283,D14_Hashtag5,1,P1,1.0,True,P1,0.99999999305939,11.977956,3.9216492,0.0,1.0,0.0099132589838909,IGHG,Saline,0.0,1.0,0.0,14
D14_Hashtag5|C00029,3,0.6879296487615283,D14_Hashtag5,1,P1,1.0,True,P1,0.9999999742144896,12.806671,4.5707803,0.0,1.0,0.0,IGHG,Saline,0.0,1.0,0.0,14
D14_Hashtag5|C00030,3,0.6879296487615283,D14_Hashtag5,1,P1,0.86,True,P1,0.9999867431577412,8.641705,5.8695736,0.3333333333333333,0.6666666666666666,0.0,IGHG,Saline,0.3333333333333333,0.6666666666666666,0.0,14
D14_Hashtag5|C00031,3,0.6879296487615283,D14_Hashtag5,1,P1,0.82,True,P1,0.9993815007215092,10.290725,5.183484,0.0,1.0,0.0,IGHG,Saline,0.0,1.0,0.0,14
D14_Hashtag5|C00032,3,0.6879296487615283,D14_Hashtag5,1,P3,0.98,True,P3,0.9999999924597772,4.0534167,0.15556665,0.0,0.0,0.0,IGHM,Saline,0.0,0.0,0.0,14
D14_Hashtag5|C00033,3,0.6879296487615283,D14_Hashtag5,1,P3,0.98,True,P3,0.9999999991957792,4.205365,-0.34916872,0.0,0.0,0.0,IGHM,Saline,0.0,0.0,0.0,14
D14_Hashtag5|C00034,3,0.6879296487615283,D14_Hashtag5,1,P1,0.78,True,P1,0.9998251363030444,7.0659547,5.1839275,0.3333333333333333,0.6666666666666666,0.0047449584816132,IGHG,Saline,0.3333333333333333,0.6666666666666666,0.0,14
D14_Hashtag5|C00035,3,0.6879296487615283,D14_Hashtag5,1,P1,1.0,True,P1,0.9999998452021236,12.030585,3.8986604,0.0,1.0,0.0,IGHM,Saline,0.0,1.0,0.0,14
D14_Hashtag5|C00036,3,0.6879296487615283,D14_Hashtag5,1,P1,1.0,True,P1,0.9999993159785626,11.732806,5.414108,0.0,1.0,0.0,IGHG,Saline,0.0,1.0,0.0,14
D14_Hashtag5|C00037,3,0.6879296487615283,D14_Hashtag5,1,P1,0.82,True,P1,0.9999848656289888,9.189904,3.7415843,0.3333333333333333,0.6666666666666666,0.0,IGHG,Saline,0.3333333333333333,0.6666666666666666,0.0,14
D14_Hashtag5|C00038,3,0.6879296487615283,D14_Hashtag5,1,P1,1.0,True,P1,0.9999999536229478,12.223941,4.5094895,0.0,1.0,0.0,IGHG,Saline,0.0,1.0,0.0,14
D14_Hashtag5|C00039,3,0.6879296487615283,D14_Hashtag5,1,P1,1.0,True,P1,0.999997024933697,11.070207,2.687605,0.0,1.0,0.0,IGHG,Saline,0.0,1.0,0.0,14
D14_Hashtag5|C00040,3,0.6879296487615283,D14_Hashtag5,1,P1,1.0,True,P1,0.9999999038371687,11.36869,3.7570338,0.0,1.0,0.0,IGHG,Saline,0.0,1.0,0.0,14
D14_Hashtag5|C00041,2,0.6009291997818285,D14_Hashtag5,1,P1,0.76,True,P1,0.9952890799733138,8.824633,5.092358,0.0,1.0,0.0,IGHG,Saline,0.0,1.0,0.0,14
D14_Hashtag5|C00042,2,0.6009291997818285,D14_Hashtag5,1,P1,0.62,True,P1,0.9992699040535964,7.8337054,6.2295847,0.5,0.5,0.0055555555555555,IGHG,Saline,0.5,0.5,0.0,14
D14_Hashtag5|C00043,2,0.6009291997818285,D14_Hashtag5,1,P1,0.54,True,P1,0.6984070881116777,6.5636697,3.6088593,0.5,0.5,0.0074349442379182,IGHG,Saline,0.5,0.5,0.0,14
D14_Hashtag5|C00044,2,0.6009291997818285,D14_Hashtag5,1,P2,0.82,True,P2,0.9997061702760822,3.1149817,8.312167,1.0,0.0,0.0167780562517404,IGHG,Saline,1.0,0.0,0.0,14
D14_Hashtag5|C00045,2,0.6009291997818285,D14_Hashtag5,1,P3,1.0,True,P3,0.9999999988333812,4.062178,1.8563145,0.0,0.0,0.0,IGHM,Saline,0.0,0.0,0.0,14
D14_Hashtag5|C00046,2,0.6009291997818285,D14_Hashtag5,1,P2,0.82,True,P2,0.999895985975502,3.78627,7.6577897,1.0,0.0,0.0206766917293233,IGHG,Saline,1.0,0.0,0.0,14
D14_Hashtag5|C00047,2,0.6009291997818285,D14_Hashtag5,1,P1,1.0,True,P1,0.999998833746998,11.836123,4.2503,0.0,1.0,0.0,IGHG,Saline,0.0,1.0,0.0,14
D14_Hashtag5|C00048,2,0.6009291997818285,D14_Hashtag5,1,P1,1.0,True,P1,0.9999986705606458,11.470953,4.282841,0.0,1.0,0.0,IGHG,Saline,0.0,1.0,0.0,14
D14_Hashtag5|C00049,2,0.6009291997818285,D14_Hashtag5,1,P1,0.54,True,P1,0.9999638489541028,8.447103,6.2384286,0.5,0.5,0.0037037037037037,IGHG,Saline,0.5,0.5,0.0,14
D14_Hashtag5|C00050,2,0.6009291997818285,D14_Hashtag5,1,P1,1.0,True,P1,0.9999999999657376,12.689967,3.4062858,0.0,1.0,0.0,IGHM,Saline,0.0,1.0,0.0,14
D14_Hashtag5|C00051,2,0.6009291997818285,D14_Hashtag5,1,P1,1.0,True,P1,0.999823927301388,10.210659,3.4252768,0.0,1.0,0.0,IGHG,Saline,0.0,1.0,0.0,14
D14_Hashtag5|C00052,2,0.6009291997818285,D14_Hashtag5,1,P1,1.0,True,P1,0.9999998600839132,11.702677,4.833964,0.0,1.0,0.0,IGHG,Saline,0.0,1.0,0.0,14
D14_Hashtag5|C00053,2,0.6009291997818285,D14_Hashtag5,1,P1,1.0,True,P1,0.9999958764471196,10.535428,2.944172,0.0,1.0,0.0,IGHG,Saline,0.0,1.0,0.0,14
D14_Hashtag5|C00054,2,0.6009291997818285,D14_Hashtag5,1,P1,1.0,True,P1,0.9999999081352556,11.849433,3.98033,0.0,1.0,0.0,IGHG,Saline,0.0,1.0,0.0,14
D14_Hashtag5|C00055,2,0.6009291997818285,D14_Hashtag5,1,P1,1.0,True,P1,0.9999994471703068,11.619286,2.8817291,0.0,1.0,0.0,IGHM,Saline,0.0,1.0,0.0,14
D14_Hashtag5|C00056,2,0.6009291997818285,D14_Hashtag5,1,P1,0.52,True,P1,0.9981698524424996,7.5920343,5.798364,0.5,0.5,0.0018518518518518,IGHG,Saline,0.5,0.5,0.0,14
D14_Hashtag5|C00057,2,0.6009291997818285,D14_Hashtag5,1,P1,1.0,True,P1,0.9999999298090384,12.065588,4.2181463,0.0,1.0,0.0,IGHG,Saline,0.0,1.0,0.0,14
D14_Hashtag5|C00058,2,0.6009291997818285,D14_Hashtag5,1,P1,0.48,True,P1,0.9991724042090334,7.837459,6.0939975,0.5,0.5,0.0018518518518518,IGHG,Saline,0.5,0.5,0.0,14
D14_Hashtag5|C00059,2,0.6009291997818285,D14_Hashtag5,1,P1,1.0,True,P1,0.9999991816728278,11.521576,3.773475,0.0,1.0,0.0,,Saline,0.0,1.0,0.0,14
D14_Hashtag5|C00060,2,0.6009291997818285,D14_Hashtag5,1,P1,1.0,True,P1,0.9999948506962388,10.557418,2.6129458,0.0,1.0,0.0,,Saline,0.0,1.0,0.0,14
D14_Hashtag5|C00061,2,0.6009291997818285,D14_Hashtag5,1,P1,1.0,True,P1,0.9999999991871248,11.800215,3.0039504,0.0,1.0,0.0,IGHM,Saline,0.0,1.0,0.0,14
D14_Hashtag5|C00062,2,0.6009291997818285,D14_Hashtag5,1,P1,1.0,True,P1,0.9999999985666364,12.537869,3.4473403,0.0,1.0,0.0,IGHM,Saline,0.0,1.0,0.0,14
D14_Hashtag5|C00063,2,0.6009291997818285,D14_Hashtag5,1,P1,0.54,True,P1,0.9840181299288498,6.117281,4.166512,0.0,0.5,0.0017857142857142,IGHM,Saline,0.0,0.5,0.5,14
D14_Hashtag5|C00064,2,0.6009291997818285,D14_Hashtag5,1,P1,0.98,True,P1,0.9999999850667152,9.963953,2.4948757,0.0,1.0,0.0,,Saline,0.0,1.0,0.0,14
D14_Hashtag5|C00065,2,0.6009291997818285,D14_Hashtag5,1,P1,1.0,True,P1,0.999999998369688,12.483797,3.6299777,0.0,1.0,0.0,,Saline,0.0,1.0,0.0,14
D14_Hashtag5|C00066,2,0.6009291997818285,D14_Hashtag5,1,P1,1.0,True,P1,0.9999994159583564,12.1496,4.438057,0.0,1.0,0.0,,Saline,0.0,1.0,0.0,14
D14_Hashtag5|C00067,2,0.6009291997818285,D14_Hashtag5,1,P1,1.0,True,P1,0.999999780377702,11.929329,5.0538154,0.0,1.0,0.0,IGHG,Saline,0.0,1.0,0.0,14
D14_Hashtag5|C00068,2,0.6009291997818285,D14_Hashtag5,1,P1,0.8,True,P1,0.9772587218438472,8.555861,3.63147,0.0,1.0,0.0,IGHG,Saline,0.0,1.0,0.0,14
D14_Hashtag5|C00069,2,0.6009291997818285,D14_Hashtag5,1,P1,0.54,True,P1,0.9999598087748048,6.5887094,5.5814047,0.5,0.5,0.0,IGHM,Saline,0.5,0.5,0.0,14
D14_Hashtag5|C00070,2,0.6009291997818285,D14_Hashtag5,1,P1,1.0,True,P1,0.9999999539186044,12.207267,4.990736,0.0,1.0,0.0,IGHG,Saline,0.0,1.0,0.0,14
D14_Hashtag5|C00071,2,0.6009291997818285,D14_Hashtag5,1,P1,1.0,True,P1,0.999999886678942,11.011992,4.504391,0.0,1.0,0.0,IGHG,Saline,0.0,1.0,0.0,14
D14_Hashtag5|C00072,2,0.6009291997818285,D14_Hashtag5,1,P1,1.0,True,P1,0.9999997695705056,11.5718775,5.6386685,0.0,1.0,0.0,IGHG,Saline,0.0,1.0,0.0,14
D14_Hashtag5|C00073,2,0.6009291997818285,D14_Hashtag5,1,P1,1.0,True,P1,0.9999999868428944,11.966019,4.3255134,0.0,1.0,0.0,IGHG,Saline,0.0,1.0,0.0,14
D14_Hashtag5|C00074,2,0.6009291997818285,D14_Hashtag5,1,P1,1.0,True,P1,0.9999651700066772,10.644194,2.4424562,0.0,1.0,0.0,IGHM,Saline,0.0,1.0,0.0,14
D14_Hashtag5|C00075,2,0.6009291997818285,D14_Hashtag5,1,P1,1.0,True,P1,0.9999999999840554,11.239161,4.016916,0.0,1.0,0.0,IGHG,Saline,0.0,1.0,0.0,14
D14_Hashtag5|C00076,2,0.6009291997818285,D14_Hashtag5,1,P1,0.68,True,P1,0.9999771233238556,7.5045447,5.7621694,0.5,0.5,0.0017857142857142,IGHG,Saline,0.5,0.5,0.0,14
D14_Hashtag5|C00077,2,0.6009291997818285,D14_Hashtag5,1,P1,0.48,True,P1,0.9763312292435709,6.0191503,4.864269,0.5,0.5,0.0017857142857142,IGHG,Saline,0.5,0.5,0.0,14
D14_Hashtag5|C00078,2,0.6009291997818285,D14_Hashtag5,1,P1,1.0,True,P1,0.9999999913143256,10.804826,4.44775,0.0,1.0,0.0,,Saline,0.0,1.0,0.0,14
D14_Hashtag5|C00079,2,0.6009291997818285,D14_Hashtag5,1,P1,1.0,True,P1,0.99999509619157,10.641172,2.8475525,0.0,1.0,0.0,IGHG,Saline,0.0,1.0,0.0,14
D14_Hashtag5|C00080,2,0.6009291997818285,D14_Hashtag5,1,P1,0.36,True,P1,0.5340637886559779,6.163807,4.1136346,0.0,0.5,0.0092592592592592,IGHG,Saline,0.0,0.5,0.5,14
D14_Hashtag5|C00081,2,0.6009291997818285,D14_Hashtag5,1,P1,0.8,True,P1,0.99988381901041,9.427926,4.009382,0.0,1.0,0.0,IGHG,Saline,0.0,1.0,0.0,14
D14_Hashtag5|C00082,2,0.6009291997818285,D14_Hashtag5,1,P2,0.74,True,P2,0.9999986212639468,2.622608,9.130491,1.0,0.0,0.0037037037037037,IGHG,Saline,1.0,0.0,0.0,14
D14_Hashtag5|C00083,2,0.6009291997818285,D14_Hashtag5,1,P1,1.0,True,P1,0.9999999988315552,12.23241,4.32735,0.0,1.0,0.0092592592592592,,Saline,0.0,1.0,0.0,14
D14_Hashtag5|C00084,2,0.6009291997818285,D14_Hashtag5,1,P1,0.48,True,P1,0.8462337422646764,5.85939,4.6255784,0.5,0.5,0.0,IGHG,Saline,0.5,0.5,0.0,14
D14_Hashtag5|C00085,2,0.6009291997818285,D14_Hashtag5,1,P1,0.52,True,P1,0.994608598449818,6.5045714,5.6559377,0.5,0.5,0.0,IGHG,Saline,0.5,0.5,0.0,14
D14_Hashtag5|C00086,2,0.6009291997818285,D14_Hashtag5,1,P2,0.7,True,P2,0.9959537998245424,4.1879773,6.76384,1.0,0.0,0.0090252707581227,IGHG,Saline,1.0,0.0,0.0,14
D14_Hashtag5|C00087,2,0.6009291997818285,D14_Hashtag5,1,P1,1.0,True,P1,0.9999999999938324,11.180739,4.2569766,0.0,1.0,0.0,IGHG,Saline,0.0,1.0,0.0,14
D14_Hashtag5|C00088,2,0.6009291997818285,D14_Hashtag5,1,P1,1.0,True,P1,0.9999738614466795,10.16835,2.9910188,0.0,1.0,0.0,IGHG,Saline,0.0,1.0,0.0,14
D14_Hashtag5|C00089,2,0.6009291997818285,D14_Hashtag5,1,P3,0.7,True,P3,0.9033704790971956,5.4993176,3.150294,0.0,0.5,0.0074074074074074,IGHM,Saline,0.0,0.5,0.0,14
D14_Hashtag5|C00090,2,0.6009291997818285,D14_Hashtag5,1,P1,1.0,True,P1,0.9999999361409542,11.688743,4.568576,0.0,1.0,0.0,IGHG,Saline,0.0,1.0,0.0,14
D14_Hashtag5|C00091,2,0.6009291997818285,D14_Hashtag5,1,P1,1.0,True,P1,0.9999963321694216,10.766197,4.605294,0.0,1.0,0.0,IGHG,Saline,0.0,1.0,0.0,14
D14_Hashtag5|C00092,2,0.6009291997818285,D14_Hashtag5,1,P1,0.28,True,P1,0.6834359302229213,5.916176,3.7888186,0.0,0.5,0.0055555555555555,IGHG,Saline,0.0,0.5,0.0,14
D14_Hashtag5|C00093,2,0.6009291997818285,D14_Hashtag5,1,P2,0.64,True,P2,0.9999701925450336,3.9265707,10.638517,1.0,0.0,0.0,IGHG,Saline,1.0,0.0,0.0,14
D14_Hashtag5|C00094,2,0.6009291997818285,D14_Hashtag5,1,P1,1.0,True,P1,0.9999999715791862,11.41246,2.9568343,0.0,1.0,0.0092592592592592,IGHG,Saline,0.0,1.0,0.0,14
D14_Hashtag5|C00095,2,0.6009291997818285,D14_Hashtag5,1,P1,0.42,True,P1,0.9994586593091316,8.20902,6.0732417,0.5,0.5,0.0,IGHG,Saline,0.5,0.5,0.0,14
D14_Hashtag5|C00096,2,0.6009291997818285,D14_Hashtag5,1,P1,0.42,True,P1,0.870289045485346,5.9835978,4.2531276,0.5,0.5,0.0,IGHG,Saline,0.5,0.5,0.0,14
D14_Hashtag5|C00097,2,0.6009291997818285,D14_Hashtag5,1,P1,1.0,True,P1,1.0,10.586645,4.2442813,0.0,1.0,0.0,IGHG,Saline,0.0,1.0,0.0,14
D14_Hashtag5|C00098,2,0.6009291997818285,D14_Hashtag5,1,P1,1.0,True,P1,0.9999999515296604,10.874286,4.230598,0.0,1.0,0.0,IGHG,Saline,0.0,1.0,0.0,14
D14_Hashtag5|C00099,2,0.6009291997818285,D14_Hashtag5,1,P1,1.0,True,P1,0.99999993896863,11.808998,5.653101,0.0,1.0,0.0,,Saline,0.0,1.0,0.0,14
D14_Hashtag5|C00100,2,0.6009291997818285,D14_Hashtag5,1,P3,1.0,True,P3,0.9999998582979784,4.120197,1.676009,0.0,0.0,0.0,IGHM,Saline,0.0,0.0,0.5,14
D14_Hashtag5|C00101,2,0.6009291997818285,D14_Hashtag5,1,P1,0.82,True,P1,0.622602967159216,9.282424,3.895338,0.0,1.0,0.0,IGHG,Saline,0.0,1.0,0.0,14
D14_Hashtag5|C00102,2,0.6009291997818285,D14_Hashtag5,1,P2,0.64,True,P2,0.456208218717506,5.199006,5.5920033,0.5,0.5,0.0111111111111111,IGHG,Saline,0.5,0.5,0.0,14
D14_Hashtag5|C00103,2,0.6009291997818285,D14_Hashtag5,1,P1,1.0,True,P1,0.999999999942304,12.585508,3.1820655,0.0,1.0,0.0018518518518518,IGHM,Saline,0.0,1.0,0.0,14
D14_Hashtag5|C00104,2,0.6009291997818285,D14_Hashtag5,1,P2,0.82,True,P2,0.9999904711054448,3.3801959,8.277537,1.0,0.0,0.0,IGHG,Saline,1.0,0.0,0.0,14
D14_Hashtag5|C00105,2,0.6009291997818285,D14_Hashtag5,1,P1,0.94,True,P1,0.9737185573192612,10.281308,4.5697513,0.0,1.0,0.0,IGHG,Saline,0.0,1.0,0.0,14
D14_Hashtag5|C00106,2,0.6009291997818285,D14_Hashtag5,1,P3,0.52,True,P3,0.9862012030326404,4.1862187,5.5747237,1.0,0.0,0.0166666666666666,IGHG,Saline,1.0,0.0,0.0,14
D14_Hashtag5|C00107,2,0.6009291997818285,D14_Hashtag5,1,P1,0.62,True,P1,0.9920314411863934,7.6402583,6.1402345,0.5,0.5,0.0018726591760299,IGHG,Saline,0.5,0.5,0.0,14
D14_Hashtag5|C00108,2,0.6009291997818285,D14_Hashtag5,1,P1,0.46,True,P1,0.99994665970794,6.7953258,4.9687333,0.5,0.5,0.0037174721189591,IGHG,Saline,0.5,0.5,0.0,14
D14_Hashtag5|C00109,2,0.6009291997818285,D14_Hashtag5,1,P1,0.8,True,P1,0.9961429594126362,9.326216,4.3413944,0.0,1.0,0.0093632958801498,IGHG,Saline,0.0,1.0,0.0,14
D14_Hashtag5|C00110,2,0.6009291997818285,D14_Hashtag5,1,P1,0.56,True,P1,0.999949283934192,8.07141,6.123281,0.0,1.0,0.0,IGHG,Saline,0.0,1.0,0.0,14
D14_Hashtag5|C00111,2,0.6009291997818285,D14_Hashtag5,1,P1,1.0,True,P1,0.9999999490057276,11.805253,5.3050904,0.0,1.0,0.0,IGHG,Saline,0.0,1.0,0.0,14
D14_Hashtag5|C00112,2,0.6009291997818285,D14_Hashtag5,1,P1,1.0,True,P1,0.9999999816989346,11.400009,5.116637,0.0,1.0,0.0,IGHG,Saline,0.0,1.0,0.0,14
D14_Hashtag5|C00113,2,0.6009291997818285,D14_Hashtag5,1,P1,0.44,True,P1,0.9994103283042908,6.986356,5.447604,0.5,0.5,0.0,IGHG,Saline,0.5,0.5,0.0,14
D14_Hashtag5|C00114,2,0.6009291997818285,D14_Hashtag5,1,P1,0.48,True,P1,0.9931226165502636,6.5899024,5.2103715,0.5,0.5,0.0055693753454947,IGHG,Saline,0.5,0.5,0.0,14
D14_Hashtag5|C00115,2,0.6009291997818285,D14_Hashtag5,1,P1,0.88,True,P1,0.9687273259040584,10.137768,4.303158,0.0,1.0,0.0,IGHM,Saline,0.0,1.0,0.0,14
D14_Hashtag5|C00116,2,0.6009291997818285,D14_Hashtag5,1,P1,1.0,True,P1,0.9999999969134734,11.518158,5.324837,0.0,1.0,0.0,IGHG,Saline,0.0,1.0,0.0,14
D14_Hashtag5|C00117,2,0.6009291997818285,D14_Hashtag5,1,P1,1.0,True,P1,0.9999999998546656,10.870053,4.734118,0.0,1.0,0.0,IGHG,Saline,0.0,1.0,0.0,14
D14_Hashtag5|C00118,2,0.6009291997818285,D14_Hashtag5,1,P1,1.0,True,P1,0.9999999433818249,12.311534,4.9028587,0.0,1.0,0.0,IGHG,Saline,0.0,1.0,0.0,14
D14_Hashtag6|C00001,8,0.848510032690162,D14_Hashtag6,1,P1,1.0,True,P1,0.9999999986199412,13.914827,4.375262,0.0,1.0,0.0,IGHG,Saline,0.0,1.0,0.0,14
D14_Hashtag6|C00002,8,0.848510032690162,D14_Hashtag6,1,P3,0.98,True,P3,0.9999769328580989,4.8595834,-0.3472046,0.0,0.0,0.0,IGHM,Saline,0.0,0.0,0.125,14
D14_Hashtag6|C00003,8,0.848510032690162,D14_Hashtag6,1,P1,1.0,True,P1,0.9999998857785708,13.898812,4.1891174,0.0,0.875,0.0,IGHG,Saline,0.0,0.875,0.125,14
D14_Hashtag6|C00004,6,0.8096157047243099,D14_Hashtag6,1,P1,0.96,True,P1,0.9999999986161612,13.888155,3.9437778,0.1666666666666666,0.8333333333333334,0.0,IGHG,Saline,0.16666666666666666,0.8333333333333334,0.0,14
D14_Hashtag6|C00005,6,0.8096157047243099,D14_Hashtag6,1,P3,0.92,True,P3,0.999852427958662,5.093347,-0.15536804,0.0,0.1666666666666666,0.0,IGHM,Saline,0.0,0.16666666666666666,0.5,14
D14_Hashtag6|C00006,5,0.7813975773872784,D14_Hashtag6,1,P1,0.98,True,P1,0.9999999963802112,14.323676,4.654707,0.0,1.0,0.0,IGHG,Saline,0.0,1.0,0.0,14
D14_Hashtag6|C00007,5,0.7813975773872784,D14_Hashtag6,1,P1,0.82,True,P1,0.9999976518054012,8.502588,6.278727,0.4,0.6,0.0051851851851851,IGHG,Saline,0.4,0.6,0.0,14
D14_Hashtag6|C00008,4,0.7430974236898071,D14_Hashtag6,1,P1,1.0,True,P1,0.9999999903928084,13.382222,4.161503,0.0,1.0,0.0,IGHM,Saline,0.0,1.0,0.0,14
D14_Hashtag6|C00009,4,0.7430974236898071,D14_Hashtag6,1,P1,0.9,True,P1,0.9999999393034232,14.210204,3.9454403,0.0,0.75,0.0046296296296296,IGHM,Saline,0.0,0.75,0.25,14
D14_Hashtag6|C00010,3,0.6879296487615283,D14_Hashtag6,1,P1,1.0,True,P1,0.9999999999834444,14.494622,4.6188817,0.0,1.0,0.0,IGHG,Saline,0.0,1.0,0.0,14
D14_Hashtag6|C00011,3,0.6879296487615283,D14_Hashtag6,1,P1,0.78,True,P1,0.9999990635191816,8.03312,4.867531,0.3333333333333333,0.6666666666666666,0.0025252525252525,IGHG,Saline,0.3333333333333333,0.6666666666666666,0.0,14
D14_Hashtag6|C00012,3,0.6879296487615283,D14_Hashtag6,1,P1,0.84,True,P1,0.9999999999061088,8.79836,6.6470976,0.3333333333333333,0.6666666666666666,0.003610108303249,IGHM,Saline,0.3333333333333333,0.6666666666666666,0.0,14
D14_Hashtag6|C00013,3,0.6879296487615283,D14_Hashtag6,1,P1,1.0,True,P1,0.9999996913429976,13.394558,4.1962166,0.0,1.0,0.0,IGHG,Saline,0.0,1.0,0.0,14
D14_Hashtag6|C00014,3,0.6879296487615283,D14_Hashtag6,1,P1,0.88,True,P1,0.8795175149760256,11.893354,5.2166066,0.0,0.6666666666666666,0.0,IGHM,Saline,0.0,0.6666666666666666,0.0,14
D14_Hashtag6|C00015,3,0.6879296487615283,D14_Hashtag6,1,P1,1.0,True,P1,0.9999999844479248,13.31594,5.010825,0.0,1.0,0.0,IGHG,Saline,0.0,1.0,0.0,14
D14_Hashtag6|C00016,3,0.6879296487615283,D14_Hashtag6,1,P1,1.0,True,P1,0.9999999878403402,12.910678,3.8315113,0.0,1.0,0.0,IGHG,Saline,0.0,1.0,0.0,14
D14_Hashtag6|C00017,3,0.6879296487615283,D14_Hashtag6,1,P1,0.78,True,P1,0.9926735355498458,9.389975,3.452611,0.0,0.6666666666666666,0.0,IGHG,Saline,0.0,0.6666666666666666,0.3333333333333333,14
D14_Hashtag6|C00018,3,0.6879296487615283,D14_Hashtag6,1,P1,1.0,True,P1,0.9999936306283728,11.704262,2.7739317,0.0,1.0,0.0,IGHG,Saline,0.0,1.0,0.0,14
D14_Hashtag6|C00019,3,0.6879296487615283,D14_Hashtag6,1,P1,0.8,True,P1,0.999999905845958,8.993366,6.60514,0.3333333333333333,0.6666666666666666,0.0,IGHG,Saline,0.3333333333333333,0.6666666666666666,0.0,14
D14_Hashtag6|C00020,3,0.6879296487615283,D14_Hashtag6,1,P3,0.98,True,P3,0.999994248452494,4.7599607,-0.17179467,0.0,0.0,0.0,IGHM,Saline,0.0,0.0,0.3333333333333333,14
D14_Hashtag6|C00021,3,0.6879296487615283,D14_Hashtag6,1,P1,0.26,True,P1,0.8050580403487574,8.487373,6.398635,0.6666666666666666,0.3333333333333333,0.0061728395061728,IGHG,Saline,0.6666666666666666,0.3333333333333333,0.0,14
D14_Hashtag6|C00022,3,0.6879296487615283,D14_Hashtag6,1,P1,1.0,True,P1,0.9999999994056878,13.914642,4.1966677,0.0,1.0,0.0,IGHG,Saline,0.0,1.0,0.0,14
D14_Hashtag6|C00023,3,0.6879296487615283,D14_Hashtag6,1,P1,0.26,True,P1,0.5815529795828424,8.212402,6.3934655,0.6666666666666666,0.3333333333333333,0.0037037037037037,IGHG,Saline,0.6666666666666666,0.3333333333333333,0.0,14
D14_Hashtag6|C00024,3,0.6879296487615283,D14_Hashtag6,1,P1,0.86,True,P1,0.9999990116099208,9.5826,5.558146,0.3333333333333333,0.6666666666666666,0.0012484394506866,IGHG,Saline,0.3333333333333333,0.6666666666666666,0.0,14
D14_Hashtag6|C00025,3,0.6879296487615283,D14_Hashtag6,1,P1,1.0,True,P1,0.9999999838064328,13.353138,4.878574,0.0,1.0,0.0,IGHG,Saline,0.0,1.0,0.0,14
D14_Hashtag6|C00026,3,0.6879296487615283,D14_Hashtag6,1,P1,0.42,True,P1,0.9967937654762996,7.087934,6.1503367,0.6666666666666666,0.3333333333333333,0.0024691358024691,IGHG,Saline,0.6666666666666666,0.3333333333333333,0.0,14
D14_Hashtag6|C00027,3,0.6879296487615283,D14_Hashtag6,1,P1,1.0,True,P1,0.9999999713169818,13.383695,4.1459045,0.0,1.0,0.0,IGHG,Saline,0.0,1.0,0.0,14
D14_Hashtag6|C00028,3,0.6879296487615283,D14_Hashtag6,1,P1,1.0,True,P1,0.9999995477412426,12.0943365,2.9195666,0.0,1.0,0.0,IGHG,Saline,0.0,1.0,0.0,14
D14_Hashtag6|C00029,2,0.6009291997818285,D14_Hashtag6,1,P2,0.64,True,P2,0.9999028940625329,3.827259,10.60412,1.0,0.0,0.0074074074074074,IGHG,Saline,1.0,0.0,0.0,14
D14_Hashtag6|C00030,2,0.6009291997818285,D14_Hashtag6,1,P1,1.0,True,P1,0.999999986791636,13.310863,3.7795084,0.0,1.0,0.0,IGHG,Saline,0.0,1.0,0.0,14
D14_Hashtag6|C00031,2,0.6009291997818285,D14_Hashtag6,1,P1,0.46,True,P1,0.6417531516795089,6.569098,3.9805062,0.5,0.5,0.0132075471698113,IGHG,Saline,0.5,0.5,0.0,14
D14_Hashtag6|C00032,2,0.6009291997818285,D14_Hashtag6,1,P2,1.0,True,P2,0.9998360357862928,1.3264475,5.9406886,1.0,0.0,0.0056390977443609,IGHG,Saline,1.0,0.0,0.0,14
D14_Hashtag6|C00033,2,0.6009291997818285,D14_Hashtag6,1,P2,0.42,True,P2,0.986141701672262,4.5122275,6.2841606,0.5,0.0,0.0114068441064638,IGHG,Saline,0.5,0.0,0.0,14
D14_Hashtag6|C00034,2,0.6009291997818285,D14_Hashtag6,1,P1,0.6,True,P1,0.9999999798166784,8.333128,6.6561112,0.5,0.5,0.0056390977443609,IGHG,Saline,0.5,0.5,0.0,14
D14_Hashtag6|C00035,2,0.6009291997818285,D14_Hashtag6,1,P1,0.46,True,P1,0.822899227705891,7.160378,4.5688634,0.0,0.5,0.0037878787878787,IGHG,Saline,0.0,0.5,0.0,14
D14_Hashtag6|C00036,2,0.6009291997818285,D14_Hashtag6,1,P2,0.28,True,P2,0.9876843899769584,4.761687,6.8549542,0.5,0.0,0.0037593984962406,,Saline,0.5,0.0,0.0,14
D14_Hashtag6|C00037,2,0.6009291997818285,D14_Hashtag6,1,P1,0.64,True,P1,0.99849725813148,6.540545,6.025393,0.5,0.5,0.0075187969924812,IGHG,Saline,0.5,0.5,0.0,14
D14_Hashtag6|C00038,2,0.6009291997818285,D14_Hashtag6,1,P1,0.66,True,P1,0.9999531959016836,6.63956,5.5962667,0.5,0.5,0.0,IGHM,Saline,0.5,0.5,0.0,14
D14_Hashtag6|C00039,2,0.6009291997818285,D14_Hashtag6,1,P1,1.0,True,P1,1.0,11.41486,4.6616745,0.0,1.0,0.0074074074074074,IGHG,Saline,0.0,1.0,0.0,14
D14_Hashtag6|C00040,2,0.6009291997818285,D14_Hashtag6,1,P2,0.78,True,P2,0.9997376930829388,3.6148794,8.075653,1.0,0.0,0.0093283582089552,IGHG,Saline,1.0,0.0,0.0,14
D14_Hashtag6|C00041,2,0.6009291997818285,D14_Hashtag6,1,P1,0.5,True,P1,0.9142848672518348,6.8892035,4.3706193,0.0,0.5,0.0055555555555555,,Saline,0.0,0.5,0.5,14
D14_Hashtag6|C00042,2,0.6009291997818285,D14_Hashtag6,1,P2,0.64,True,P2,0.9960238022140236,3.3069766,9.940016,1.0,0.0,0.0089285714285714,IGHG,Saline,1.0,0.0,0.0,14
D14_Hashtag6|C00043,2,0.6009291997818285,D14_Hashtag6,1,P1,1.0,True,P1,0.9999999995933138,13.755699,4.8327694,0.0,1.0,0.0,,Saline,0.0,1.0,0.0,14
D14_Hashtag6|C00044,2,0.6009291997818285,D14_Hashtag6,1,P1,0.5,True,P1,0.9999913513794888,8.191529,6.974649,0.5,0.5,0.0,IGHM,Saline,0.5,0.5,0.0,14
D14_Hashtag6|C00045,2,0.6009291997818285,D14_Hashtag6,1,P1,1.0,True,P1,0.9999999985562624,14.165702,4.4045258,0.0,1.0,0.0,IGHM,Saline,0.0,1.0,0.0,14
D14_Hashtag6|C00046,2,0.6009291997818285,D14_Hashtag6,1,P1,0.76,True,P1,0.9696189169016858,8.824192,4.3504553,0.0,0.5,0.0,IGHG,Saline,0.0,0.5,0.0,14
D14_Hashtag6|C00047,2,0.6009291997818285,D14_Hashtag6,1,P1,1.0,True,P1,0.9999999999857324,14.240305,4.2645106,0.0,1.0,0.0,IGHM,Saline,0.0,1.0,0.0,14
D14_Hashtag6|C00048,2,0.6009291997818285,D14_Hashtag6,1,P1,1.0,True,P1,0.9999999999844676,14.101138,3.97303,0.0,1.0,0.0,IGHM,Saline,0.0,1.0,0.0,14
D14_Hashtag6|C00049,2,0.6009291997818285,D14_Hashtag6,1,P1,0.62,True,P1,0.9998933986465388,7.3478284,5.972905,0.5,0.5,0.0107913669064748,IGHG,Saline,0.5,0.5,0.0,14
D14_Hashtag6|C00050,2,0.6009291997818285,D14_Hashtag6,1,P1,1.0,True,P1,0.9999999987629308,14.345944,4.293306,0.0,1.0,0.0,,Saline,0.0,1.0,0.0,14
D14_Hashtag6|C00051,2,0.6009291997818285,D14_Hashtag6,1,P1,1.0,True,P1,0.9999999996285708,14.210767,4.361344,0.0,1.0,0.0,,Saline,0.0,1.0,0.0,14
D14_Hashtag6|C00052,2,0.6009291997818285,D14_Hashtag6,1,P1,0.64,True,P1,0.9998529972136287,8.534734,6.4184227,0.5,0.5,0.0017921146953405,IGHG,Saline,0.5,0.5,0.0,14
D14_Hashtag6|C00053,2,0.6009291997818285,D14_Hashtag6,1,P1,1.0,True,P1,0.999999936023132,11.29995,2.6282706,0.0,1.0,0.0,IGHM,Saline,0.0,1.0,0.0,14
D14_Hashtag6|C00054,2,0.6009291997818285,D14_Hashtag6,1,P1,1.0,True,P1,0.999999986281594,13.288547,4.597932,0.0,1.0,0.0,,Saline,0.0,1.0,0.0,14
D14_Hashtag6|C00055,2,0.6009291997818285,D14_Hashtag6,1,P1,0.48,True,P1,0.737195842225455,6.4617863,4.632945,0.5,0.5,0.0017857142857142,IGHG,Saline,0.5,0.5,0.0,14
D14_Hashtag6|C00056,2,0.6009291997818285,D14_Hashtag6,1,P1,1.0,True,P1,0.9999999977123082,13.706073,4.621127,0.0,1.0,0.0,IGHG,Saline,0.0,1.0,0.0,14
D14_Hashtag6|C00057,2,0.6009291997818285,D14_Hashtag6,1,P1,1.0,True,P1,0.999999973912438,12.075168,4.2074885,0.0,1.0,0.0,IGHM,Saline,0.0,1.0,0.0,14
D14_Hashtag6|C00058,2,0.6009291997818285,D14_Hashtag6,1,P1,1.0,True,P1,0.9999938528926792,10.915646,2.343625,0.0,1.0,0.0,IGHG,Saline,0.0,1.0,0.0,14
D14_Hashtag6|C00059,2,0.6009291997818285,D14_Hashtag6,1,P1,0.7,True,P1,0.999991211306802,8.04702,6.2799797,0.5,0.5,0.0018115942028985,IGHM,Saline,0.5,0.5,0.0,14
D14_Hashtag6|C00060,2,0.6009291997818285,D14_Hashtag6,1,P1,0.56,True,P1,0.7361900116202694,6.8774133,4.603129,0.0,0.5,0.0017985611510791,IGHG,Saline,0.0,0.5,0.5,14
D14_Hashtag6|C00061,2,0.6009291997818285,D14_Hashtag6,1,P2,0.86,True,P2,0.9999918769607434,2.7605739,9.06754,1.0,0.0,0.0074074074074074,IGHG,Saline,1.0,0.0,0.0,14
D14_Hashtag6|C00062,2,0.6009291997818285,D14_Hashtag6,1,P1,1.0,True,P1,0.999999944301736,13.344455,5.0447106,0.0,1.0,0.0,IGHG,Saline,0.0,1.0,0.0,14
D14_Hashtag6|C00063,2,0.6009291997818285,D14_Hashtag6,1,P2,0.9,True,P2,0.9943421459944072,3.6227906,7.98696,1.0,0.0,0.011070110701107,IGHG,Saline,1.0,0.0,0.0,14
D14_Hashtag6|C00064,2,0.6009291997818285,D14_Hashtag6,1,P3,1.0,True,P3,0.9999959904299892,4.7803955,1.7361084,0.0,0.0,0.0055762081784386,IGHM,Saline,0.0,0.0,1.0,14
D14_Hashtag6|C00065,2,0.6009291997818285,D14_Hashtag6,1,P1,0.62,True,P1,0.9138489540525738,7.734945,4.415417,0.0,0.5,0.0,,Saline,0.0,0.5,0.0,14
D14_Hashtag6|C00066,2,0.6009291997818285,D14_Hashtag6,1,P3,0.98,True,P3,0.9999778655435604,5.656438,-0.52941513,0.0,0.0,0.0,IGHM,Saline,0.0,0.0,0.5,14
D14_Hashtag6|C00067,2,0.6009291997818285,D14_Hashtag6,1,P1,1.0,True,P1,0.9999999997872492,12.784906,3.3666317,0.0,1.0,0.0,IGHG,Saline,0.0,1.0,0.0,14
D14_Hashtag6|C00068,2,0.6009291997818285,D14_Hashtag6,1,P1,1.0,True,P1,0.9999999959475048,13.992541,4.639777,0.0,1.0,0.0,IGHG,Saline,0.0,1.0,0.0,14
D14_Hashtag6|C00069,2,0.6009291997818285,D14_Hashtag6,1,P1,0.72,True,P1,0.9999999999838564,8.354002,6.1900277,0.5,0.5,0.0074074074074074,IGHG,Saline,0.5,0.5,0.0,14
D14_Hashtag6|C00070,2,0.6009291997818285,D14_Hashtag6,1,P1,0.66,True,P1,0.9984620334661684,6.6266794,5.5896306,0.5,0.5,0.0018518518518518,IGHG,Saline,0.5,0.5,0.0,14
D14_Hashtag6|C00071,2,0.6009291997818285,D14_Hashtag6,1,P1,0.58,True,P1,0.9999999942869096,8.174111,6.3899426,0.5,0.5,0.0055555555555555,IGHG,Saline,0.5,0.5,0.0,14
D14_Hashtag6|C00072,2,0.6009291997818285,D14_Hashtag6,1,P1,0.7,True,P1,0.9977975081556192,6.869888,5.5478168,0.5,0.5,0.0,IGHG,Saline,0.5,0.5,0.0,14
D14_Hashtag6|C00073,2,0.6009291997818285,D14_Hashtag6,1,P1,1.0,True,P1,0.9999999997718588,12.463825,4.1692243,0.0,1.0,0.0,IGHG,Saline,0.0,1.0,0.0,14
D14_Hashtag6|C00074,2,0.6009291997818285,D14_Hashtag6,1,P1,0.5,True,P1,0.9992982463260288,6.4118943,5.441365,0.5,0.5,0.0074074074074074,IGHG,Saline,0.5,0.5,0.0,14
D14_Hashtag6|C00075,2,0.6009291997818285,D14_Hashtag6,1,P2,0.64,True,P2,0.9527711675752336,3.2036958,10.116973,1.0,0.0,0.0186567164179104,IGHG,Saline,1.0,0.0,0.0,14
D14_Hashtag6|C00076,2,0.6009291997818285,D14_Hashtag6,1,P2,0.62,True,P2,0.9964062511455116,4.2261844,6.4202223,0.5,0.0,0.0055555555555555,IGHG,Saline,0.5,0.0,0.0,14
D14_Hashtag6|C00077,2,0.6009291997818285,D14_Hashtag6,1,P3,1.0,True,P3,0.9999999998777724,4.1736836,3.401631,0.0,0.0,0.0,IGHM,Saline,0.0,0.0,0.0,14
D14_Hashtag6|C00078,2,0.6009291997818285,D14_Hashtag6,1,P2,0.64,True,P2,0.9998564478725492,3.4330869,10.785722,1.0,0.0,0.0129629629629629,IGHG,Saline,1.0,0.0,0.0,14
D14_Hashtag6|C00079,2,0.6009291997818285,D14_Hashtag6,1,P1,1.0,True,P1,0.9999999988078656,14.427363,4.4205503,0.0,1.0,0.0,,Saline,0.0,1.0,0.0,14
D14_Hashtag6|C00080,2,0.6009291997818285,D14_Hashtag6,1,P3,0.98,True,P3,1.0,4.4437075,3.5848796,0.0,0.0,0.0,IGHG,Saline,0.0,0.0,0.0,14
D14_Hashtag6|C00081,2,0.6009291997818285,D14_Hashtag6,1,P1,0.62,True,P1,0.9999921580897776,6.900653,6.1645947,0.5,0.5,0.0,IGHG,Saline,0.5,0.5,0.0,14
D14_Hashtag6|C00082,2,0.6009291997818285,D14_Hashtag6,1,P2,0.0,True,P2,0.9571659779630564,5.3294973,4.9226255,0.0,0.5,0.0074074074074074,IGHG,Saline,0.0,0.5,0.5,14
D14_Hashtag6|C00083,2,0.6009291997818285,D14_Hashtag6,1,P1,0.74,True,P1,0.9999651529572582,7.5212965,5.5352807,0.5,0.5,0.0111111111111111,IGHG,Saline,0.5,0.5,0.0,14
D14_Hashtag6|C00084,2,0.6009291997818285,D14_Hashtag6,1,P2,0.82,True,P2,0.999299118769252,3.628819,7.8797393,1.0,0.0,0.0148148148148148,IGHG,Saline,1.0,0.0,0.0,14
D14_Hashtag6|C00085,2,0.6009291997818285,D14_Hashtag6,1,P1,0.62,True,P1,0.9999915534046444,8.375006,6.6797876,0.5,0.5,0.0018518518518518,IGHG,Saline,0.5,0.5,0.0,14
D14_Hashtag6|C00086,2,0.6009291997818285,D14_Hashtag6,1,P2,0.68,True,P2,0.9998111134934516,3.0973468,8.922298,1.0,0.0,0.0148148148148148,IGHG,Saline,1.0,0.0,0.0,14
D14_Hashtag6|C00087,2,0.6009291997818285,D14_Hashtag6,1,P2,1.0,True,P2,0.9999998437521052,1.6788893,8.957195,1.0,0.0,0.0148148148148148,IGHG,Saline,1.0,0.0,0.0,14
D14_Hashtag6|C00088,2,0.6009291997818285,D14_Hashtag6,1,P1,1.0,True,P1,0.9999999995802682,13.960718,4.987887,0.0,1.0,0.0,IGHG,Saline,0.0,1.0,0.0,14
D14_Hashtag6|C00089,2,0.6009291997818285,D14_Hashtag6,1,P3,0.68,True,P3,0.9999802715232902,3.767127,4.295744,0.5,0.0,0.0,,Saline,0.5,0.0,0.5,14
D14_Hashtag6|C00090,2,0.6009291997818285,D14_Hashtag6,1,P3,0.44,True,P3,0.7913855175169859,4.026631,5.5253687,0.5,0.0,0.0074074074074074,IGHG,Saline,0.5,0.0,0.5,14
D14_Hashtag6|C00091,2,0.6009291997818285,D14_Hashtag6,1,P1,0.98,True,P1,0.8779045417851019,11.20377,4.5553336,0.0,1.0,0.0,IGHG,Saline,0.0,1.0,0.0,14
D14_Hashtag6|C00092,2,0.6009291997818285,D14_Hashtag6,1,P2,0.84,True,P2,0.9999885847463736,2.5392702,8.893815,1.0,0.0,0.0055970149253731,IGHG,Saline,1.0,0.0,0.0,14
D14_Hashtag6|C00093,2,0.6009291997818285,D14_Hashtag6,1,P3,0.98,True,P3,0.9999298002269652,5.613447,-0.7014084,0.0,0.0,0.0,IGHM,Saline,0.0,0.0,0.0,14
D14_Hashtag6|C00094,2,0.6009291997818285,D14_Hashtag6,1,P1,1.0,True,P1,0.9999999787867468,13.270868,4.815139,0.0,1.0,0.0,IGHG,Saline,0.0,1.0,0.0,14
D14_Hashtag6|C00095,2,0.6009291997818285,D14_Hashtag6,1,P2,0.04,True,P2,0.999875175944466,5.211963,5.0986795,0.5,0.5,0.0018796992481203,IGHG,Saline,0.5,0.5,0.0,14
D14_Hashtag6|C00096,2,0.6009291997818285,D14_Hashtag6,1,P1,1.0,True,P1,0.9999998679243248,12.054077,4.5793843,0.0,1.0,0.0,IGHG,Saline,0.0,1.0,0.0,14
D14_Hashtag6|C00097,2,0.6009291997818285,D14_Hashtag6,1,P2,0.94,True,P2,0.9999999477288396,2.0176525,9.356826,1.0,0.0,0.0018796992481203,IGHG,Saline,1.0,0.0,0.0,14
D14_Hashtag6|C00098,2,0.6009291997818285,D14_Hashtag6,1,P1,1.0,True,P1,0.9999867503126696,11.152588,2.4703586,0.0,1.0,0.0,IGHG,Saline,0.0,1.0,0.0,14
D14_Hashtag6|C00099,2,0.6009291997818285,D14_Hashtag6,1,P1,1.0,True,P1,0.9999999996260982,14.202375,4.0227685,0.0,1.0,0.0,,Saline,0.0,1.0,0.0,14
D14_Hashtag6|C00100,2,0.6009291997818285,D14_Hashtag6,1,P2,0.76,True,P2,0.9999367981414908,2.2020175,9.371379,1.0,0.0,0.0111111111111111,IGHG,Saline,1.0,0.0,0.0,14
D14_Hashtag6|C00101,2,0.6009291997818285,D14_Hashtag6,1,P1,0.58,True,P1,0.9999974921959914,8.419385,6.3777657,0.5,0.5,0.0055555555555555,IGHG,Saline,0.5,0.5,0.0,14
D14_Hashtag6|C00102,2,0.6009291997818285,D14_Hashtag6,1,P1,1.0,True,P1,0.9999999818663952,13.702561,4.857051,0.0,1.0,0.0,IGHG,Saline,0.0,1.0,0.0,14
D14_Hashtag6|C00103,2,0.6009291997818285,D14_Hashtag6,1,P1,1.0,True,P1,0.999984265031676,10.796597,2.6236522,0.0,1.0,0.0,IGHG,Saline,0.0,1.0,0.0,14
D14_Hashtag6|C00104,2,0.6009291997818285,D14_Hashtag6,1,P1,0.98,True,P1,0.999998971314614,11.304003,3.9521847,0.0,1.0,0.0,IGHM,Saline,0.0,1.0,0.0,14
D14_Hashtag6|C00105,2,0.6009291997818285,D14_Hashtag6,1,P1,0.6,True,P1,0.7217379926861195,7.3487678,6.3800144,0.5,0.5,0.0,IGHG,Saline,0.5,0.5,0.0,14
D14_Hashtag6|C00106,2,0.6009291997818285,D14_Hashtag6,1,P2,0.8,True,P2,0.9999988991420514,2.435924,9.155182,1.0,0.0,0.0074074074074074,IGHG,Saline,1.0,0.0,0.0,14
D14_Hashtag6|C00107,2,0.6009291997818285,D14_Hashtag6,1,P1,0.68,True,P1,0.9999284220275148,6.8285375,6.028884,0.5,0.5,0.0074074074074074,IGHG,Saline,0.5,0.5,0.0,14
D14_Hashtag6|C00108,2,0.6009291997818285,D14_Hashtag6,1,P1,1.0,True,P1,0.9999999988941396,13.704331,4.3651032,0.0,1.0,0.0,IGHG,Saline,0.0,1.0,0.0,14
D14_Hashtag6|C00109,2,0.6009291997818285,D14_Hashtag6,1,P1,0.62,True,P1,0.9884449211189866,8.05305,6.661518,0.5,0.5,0.0092592592592592,IGHG,Saline,0.5,0.5,0.0,14
D14_Hashtag6|C00110,2,0.6009291997818285,D14_Hashtag6,1,P1,1.0,True,P1,0.99999998705961,13.450404,4.880625,0.0,1.0,0.0,IGHG,Saline,0.0,1.0,0.0,14
D14_Hashtag6|C00111,2,0.6009291997818285,D14_Hashtag6,1,P1,0.54,True,P1,0.6596770968115414,6.8103585,4.3605814,0.0,0.5,0.0055555555555555,IGHG,Saline,0.0,0.5,0.5,14
D21_Hashtag1|C00001,2,0.6009291997818285,D21_Hashtag1,1,P2,1.0,True,P2,0.9999787434193906,0.99061024,5.6379743,1.0,0.0,0.0270758122743682,IGHG,Artesunate,1.0,0.0,0.0,21
D21_Hashtag1|C00002,2,0.6009291997818285,D21_Hashtag1,1,P3,0.98,True,P3,0.9999755587615706,6.003806,0.15914562,0.0,0.0,0.0,IGHM,Artesunate,0.0,0.0,0.0,21
D21_Hashtag1|C00003,2,0.6009291997818285,D21_Hashtag1,1,P2,1.0,True,P2,0.999995025765622,2.1881976,6.684367,1.0,0.0,0.0070422535211267,IGHG,Artesunate,1.0,0.0,0.0,21
D21_Hashtag1|C00004,2,0.6009291997818285,D21_Hashtag1,1,P3,1.0,True,P3,0.99998404923356,3.6840644,2.2069793,0.0,0.0,0.0,IGHM,Artesunate,0.0,0.0,0.0,21
D21_Hashtag2|C00001,7,0.8313036265891967,D21_Hashtag2,1,P3,0.98,True,P3,0.9999998710445592,6.737881,-1.270839,0.0,0.0,0.0,IGHM,Artesunate,0.0,0.0,0.2857142857142857,21
D21_Hashtag2|C00002,2,0.6009291997818285,D21_Hashtag2,1,P3,0.3,True,P3,0.9684928950908314,3.3037233,5.0318913,0.5,0.0,0.018796992481203,IGHG,Artesunate,0.5,0.0,0.5,21
D21_Hashtag2|C00003,2,0.6009291997818285,D21_Hashtag2,1,P3,1.0,True,P3,0.9999991838368264,4.6422305,2.3078284,0.0,0.0,0.0,IGHM,Artesunate,0.0,0.0,0.0,21
D21_Hashtag2|C00004,2,0.6009291997818285,D21_Hashtag2,1,P3,1.0,True,P3,0.999922438150428,4.682727,2.7451305,0.0,0.0,0.0,,Artesunate,0.0,0.0,0.0,21
D21_Hashtag2|C00005,2,0.6009291997818285,D21_Hashtag2,1,P3,1.0,True,P3,0.9996771439994018,4.293509,3.2106733,0.0,0.0,0.0,IGHM,Artesunate,0.0,0.0,0.0,21
D21_Hashtag3|C00001,7,0.8313036265891967,D21_Hashtag3,1,P3,0.98,True,P3,0.9991202407979884,6.709775,-1.1114341,0.0,0.0,0.0,IGHM,Artesunate,0.0,0.0,0.14285714285714285,21
D21_Hashtag3|C00002,2,0.6009291997818285,D21_Hashtag3,1,P3,0.3,True,P3,0.9885184072906088,4.1821785,5.8145204,0.5,0.0,0.0166666666666666,,Artesunate,0.5,0.0,0.0,21
D21_Hashtag3|C00003,2,0.6009291997818285,D21_Hashtag3,1,P3,1.0,True,P3,0.99999871195819,5.1741705,3.6692395,0.0,0.0,0.0,IGHM,Artesunate,0.0,0.0,0.0,21
D21_Hashtag3|C00004,2,0.6009291997818285,D21_Hashtag3,1,P2,1.0,True,P2,0.9999715676191924,1.4686025,9.126952,1.0,0.0,0.0130597014925373,IGHG,Artesunate,1.0,0.0,0.0,21
D21_Hashtag3|C00005,2,0.6009291997818285,D21_Hashtag3,1,P2,0.72,True,P2,0.9997003352043294,4.207299,9.006449,1.0,0.0,0.0111111111111111,IGHG,Artesunate,1.0,0.0,0.0,21
D21_Hashtag3|C00006,2,0.6009291997818285,D21_Hashtag3,1,P3,1.0,True,P3,0.9999482523290726,5.114176,2.0535607,0.0,0.0,0.0,IGHM,Artesunate,0.0,0.0,1.0,21
D21_Hashtag3|C00007,2,0.6009291997818285,D21_Hashtag3,1,P3,1.0,True,P3,0.999906849623308,3.368748,2.31526,0.0,0.0,0.0,IGHM,Artesunate,0.0,0.0,0.0,21
D21_Hashtag3|C00008,2,0.6009291997818285,D21_Hashtag3,1,P3,0.36,True,P3,0.5371674517355816,3.6493144,4.9928102,0.5,0.0,0.0037037037037037,,Artesunate,0.5,0.0,0.0,21
D21_Hashtag4|C00001,3,0.6879296487615283,D21_Hashtag4,1,P2,1.0,True,P2,0.9999999831033224,0.9954587,9.047525,1.0,0.0,0.0189798339264531,IGHM,Saline,1.0,0.0,0.0,21
D21_Hashtag4|C00002,2,0.6009291997818285,D21_Hashtag4,1,P3,1.0,True,P3,1.0,5.5992017,4.0803986,0.0,0.0,0.0,IGHM,Saline,0.0,0.0,0.0,21
D21_Hashtag4|C00003,2,0.6009291997818285,D21_Hashtag4,1,P2,0.68,True,P2,0.9999548270876504,4.4743776,9.974957,1.0,0.0,0.0125,,Saline,1.0,0.0,0.0,21
D21_Hashtag4|C00004,2,0.6009291997818285,D21_Hashtag4,1,P2,0.82,True,P2,0.9545438533804802,3.856517,8.898426,1.0,0.0,0.0055970149253731,IGHG,Saline,1.0,0.0,0.0,21
D21_Hashtag4|C00005,2,0.6009291997818285,D21_Hashtag4,1,P2,0.7,True,P2,0.9998304345666296,4.749635,9.32825,1.0,0.0,0.0123674911660777,IGHG,Saline,1.0,0.0,0.0,21
D21_Hashtag4|C00006,2,0.6009291997818285,D21_Hashtag4,1,P1,0.62,True,P1,0.9999999999970868,7.0339007,6.9410887,0.5,0.5,0.0106007067137809,IGHG,Saline,0.5,0.5,0.0,21
D21_Hashtag4|C00007,2,0.6009291997818285,D21_Hashtag4,1,P2,1.0,True,P2,0.9993640048093884,1.7278863,5.75252,1.0,0.0,0.024074074074074,IGHG,Saline,1.0,0.0,0.0,21
D21_Hashtag4|C00008,2,0.6009291997818285,D21_Hashtag4,1,P3,1.0,True,P3,0.9999991816082964,3.1968505,2.5406313,0.0,0.0,0.0,IGHM,Saline,0.0,0.0,0.0,21
D21_Hashtag4|C00009,2,0.6009291997818285,D21_Hashtag4,1,P2,0.34,True,P2,0.4455396591725993,5.105386,7.2046714,0.5,0.0,0.0129629629629629,,Saline,0.5,0.0,0.0,21
D21_Hashtag4|C00010,2,0.6009291997818285,D21_Hashtag4,1,P2,1.0,True,P2,0.9571409145548876,0.8537948,6.182239,1.0,0.0,0.0259259259259259,IGHG,Saline,1.0,0.0,0.0,21
D21_Hashtag4|C00011,2,0.6009291997818285,D21_Hashtag4,1,P1,0.68,True,P1,0.9992695592982788,7.1537538,7.4528475,0.5,0.5,0.0222222222222222,IGHG,Saline,0.5,0.5,0.0,21
D21_Hashtag4|C00012,2,0.6009291997818285,D21_Hashtag4,1,P1,0.6,True,P1,0.9999657796521996,6.973981,7.246809,0.5,0.5,0.0351851851851851,IGHG,Saline,0.5,0.5,0.0,21
D21_Hashtag4|C00013,2,0.6009291997818285,D21_Hashtag4,1,P2,0.72,True,P2,0.9999888785991592,3.142741,10.531771,1.0,0.0,0.0185185185185185,IGHG,Saline,1.0,0.0,0.0,21
D21_Hashtag4|C00014,2,0.6009291997818285,D21_Hashtag4,1,P2,1.0,True,P2,0.9757215138409354,0.77053195,6.9738708,1.0,0.0,0.0129151291512915,IGHG,Saline,1.0,0.0,0.0,21
D21_Hashtag4|C00015,2,0.6009291997818285,D21_Hashtag4,1,P2,0.74,True,P2,0.9999340436508276,4.2695327,9.760348,1.0,0.0,0.0140845070422535,IGHG,Saline,1.0,0.0,0.0,21
D21_Hashtag4|C00016,2,0.6009291997818285,D21_Hashtag4,1,P3,1.0,True,P3,0.9996410609399892,4.780637,3.145922,0.0,0.0,0.0,IGHM,Saline,0.0,0.0,0.0,21
D21_Hashtag4|C00017,2,0.6009291997818285,D21_Hashtag4,1,P2,1.0,True,P2,0.9857177603819556,0.95661783,6.2970357,1.0,0.0,0.0351851851851851,IGHG,Saline,1.0,0.0,0.0,21
D21_Hashtag4|C00018,2,0.6009291997818285,D21_Hashtag4,1,P2,0.64,True,P2,0.9996170421616082,3.9594347,11.221188,1.0,0.0,0.0203703703703703,IGHG,Saline,1.0,0.0,0.0,21
D21_Hashtag4|C00019,2,0.6009291997818285,D21_Hashtag4,1,P3,1.0,True,P3,0.9999558672984384,5.231386,1.6898501,0.0,0.0,0.0,IGHM,Saline,0.0,0.0,1.0,21
D21_Hashtag4|C00020,2,0.6009291997818285,D21_Hashtag4,1,P2,0.74,True,P2,0.997021018321104,3.7328432,9.374045,1.0,0.0,0.013101784311525,IGHG,Saline,1.0,0.0,0.0,21
D21_Hashtag4|C00021,2,0.6009291997818285,D21_Hashtag4,1,P1,0.52,True,P1,0.999070182201664,6.7332172,7.449539,0.5,0.5,0.0055970149253731,IGHG,Saline,0.5,0.5,0.0,21
D21_Hashtag4|C00022,2,0.6009291997818285,D21_Hashtag4,1,P1,0.64,True,P1,0.9999576833722206,6.769754,7.3654265,0.5,0.5,0.0168539325842696,IGHG,Saline,0.5,0.5,0.0,21
D21_Hashtag5|C00001,5,0.7813975773872784,D21_Hashtag5,1,P2,0.82,True,P2,0.9999421252627922,2.311506,9.47908,1.0,0.0,0.0179856115107913,IGHM,Saline,1.0,0.0,0.0,21
D21_Hashtag5|C00002,4,0.7430974236898071,D21_Hashtag5,1,P2,1.0,True,P2,0.99793416691448,2.2309744,8.187761,1.0,0.0,0.0203703703703703,IGHG,Saline,1.0,0.0,0.0,21
D21_Hashtag5|C00003,3,0.6879296487615283,D21_Hashtag5,1,P2,1.0,True,P2,0.9998576391535842,0.6400765,7.8965635,1.0,0.0,0.0234567901234567,IGHG,Saline,1.0,0.0,0.0,21
D21_Hashtag5|C00004,2,0.6009291997818285,D21_Hashtag5,1,P3,1.0,True,P3,0.9999205432860478,3.5585625,2.9457977,0.0,0.0,0.0,IGHM,Saline,0.0,0.0,0.0,21
D21_Hashtag5|C00005,2,0.6009291997818285,D21_Hashtag5,1,P3,1.0,True,P3,0.9999978727938512,3.2950845,2.8237152,0.0,0.0,0.0,IGHM,Saline,0.0,0.0,0.0,21
D21_Hashtag5|C00006,2,0.6009291997818285,D21_Hashtag5,1,P3,0.5,True,P3,0.9999999999996448,5.681835,4.6141043,0.0,0.0,0.0,IGHM,Saline,0.0,0.0,0.0,21
D21_Hashtag5|C00007,2,0.6009291997818285,D21_Hashtag5,1,P2,1.0,True,P2,0.9999449593065632,1.329353,5.2180214,1.0,0.0,0.0089285714285714,IGHG,Saline,1.0,0.0,0.0,21
D21_Hashtag5|C00008,2,0.6009291997818285,D21_Hashtag5,1,P2,0.78,True,P2,0.9999962958396474,2.7105346,10.28621,1.0,0.0,0.0259259259259259,IGHG,Saline,1.0,0.0,0.0,21
D21_Hashtag5|C00009,2,0.6009291997818285,D21_Hashtag5,1,P3,1.0,True,P3,0.9999385161231624,3.0694141,2.6315064,0.0,0.0,0.0,IGHM,Saline,0.0,0.0,0.0,21
D21_Hashtag5|C00010,2,0.6009291997818285,D21_Hashtag5,1,P2,1.0,True,P2,0.9999834073241936,2.4103801,7.706417,1.0,0.0,0.0111111111111111,IGHG,Saline,1.0,0.0,0.0,21
D21_Hashtag5|C00011,2,0.6009291997818285,D21_Hashtag5,1,P2,0.78,True,P2,0.9999754019364128,2.8294978,10.251918,1.0,0.0,0.0129151291512915,IGHG,Saline,1.0,0.0,0.0,21
D21_Hashtag5|C00012,2,0.6009291997818285,D21_Hashtag5,1,P2,1.0,True,P2,0.9988897918261156,0.721958,5.7290134,1.0,0.0,0.0166666666666666,IGHG,Saline,1.0,0.0,0.0,21
D21_Hashtag5|C00013,2,0.6009291997818285,D21_Hashtag5,1,P2,0.74,True,P2,0.9999567560827664,4.534,10.184238,1.0,0.0,0.0148148148148148,IGHG,Saline,1.0,0.0,0.0,21
D21_Hashtag5|C00014,2,0.6009291997818285,D21_Hashtag5,1,P2,1.0,True,P2,0.999607967337952,0.69988877,5.552814,1.0,0.0,0.0242537313432835,IGHG,Saline,1.0,0.0,0.0,21
D21_Hashtag6|C00001,4,0.7430974236898071,D21_Hashtag6,1,P1,0.78,True,P1,0.9999958779828378,8.6974125,7.5858603,0.25,0.75,0.0037037037037037,IGHG,Saline,0.25,0.75,0.0,21
D21_Hashtag6|C00002,3,0.6879296487615283,D21_Hashtag6,1,P1,0.92,True,P1,0.999999998876028,8.872661,7.2437234,0.3333333333333333,0.6666666666666666,0.0062421972534332,IGHG,Saline,0.3333333333333333,0.6666666666666666,0.0,21
D21_Hashtag6|C00003,3,0.6879296487615283,D21_Hashtag6,1,P2,0.46,True,P2,0.9957113431353593,5.349051,8.302764,0.6666666666666666,0.3333333333333333,0.0047281323877068,IGHG,Saline,0.6666666666666666,0.3333333333333333,0.0,21
D21_Hashtag6|C00004,3,0.6879296487615283,D21_Hashtag6,1,P1,0.42,True,P1,0.6551416038300165,6.6301837,7.2862434,0.6666666666666666,0.3333333333333333,0.0111111111111111,IGHG,Saline,0.6666666666666666,0.3333333333333333,0.0,21
D21_Hashtag6|C00005,3,0.6879296487615283,D21_Hashtag6,1,P1,0.58,True,P1,0.9510233546368324,7.3640084,7.2700624,0.3333333333333333,0.3333333333333333,0.0070921985815602,IGHG,Saline,0.3333333333333333,0.3333333333333333,0.0,21
D21_Hashtag6|C00006,3,0.6879296487615283,D21_Hashtag6,1,P3,0.98,True,P3,0.9975497451289914,6.217543,0.536046,0.0,0.0,0.0074074074074074,IGHM,Saline,0.0,0.0,0.3333333333333333,21
D21_Hashtag6|C00007,2,0.6009291997818285,D21_Hashtag6,1,P1,0.7,True,P1,0.9999763194753024,6.7919292,7.252688,0.5,0.5,0.0223880597014925,IGHG,Saline,0.5,0.5,0.0,21
D21_Hashtag6|C00008,2,0.6009291997818285,D21_Hashtag6,1,P3,1.0,True,P3,1.0,5.6569643,4.3743463,0.0,0.0,0.0,IGHM,Saline,0.0,0.0,0.0,21
D21_Hashtag6|C00009,2,0.6009291997818285,D21_Hashtag6,1,P3,0.4,True,P3,0.979430931715484,3.504063,4.8104315,0.5,0.0,0.018796992481203,IGHG,Saline,0.5,0.0,0.5,21
D21_Hashtag6|C00010,2,0.6009291997818285,D21_Hashtag6,1,P1,0.78,True,P1,0.764328400070872,7.542289,4.997695,0.0,0.5,0.0037037037037037,IGHM,Saline,0.0,0.5,0.0,21
D21_Hashtag6|C00011,2,0.6009291997818285,D21_Hashtag6,1,P2,0.72,True,P2,0.9992618313843108,4.0814714,9.402583,1.0,0.0,0.0277777777777777,IGHG,Saline,1.0,0.0,0.0,21
D21_Hashtag6|C00012,2,0.6009291997818285,D21_Hashtag6,1,P3,1.0,True,P3,0.997362067469546,3.6222098,2.4682817,0.0,0.0,0.0,IGHM,Saline,0.0,0.0,0.0,21
D21_Hashtag6|C00013,2,0.6009291997818285,D21_Hashtag6,1,P2,0.44,True,P2,0.8800640856478832,5.1973543,6.848629,0.5,0.0,0.0055555555555555,IGHG,Saline,0.5,0.0,0.5,21
D21_Hashtag6|C00014,2,0.6009291997818285,D21_Hashtag6,1,P2,0.64,True,P2,0.9999980193578896,3.6523366,11.68618,1.0,0.0,0.0111111111111111,IGHG,Saline,1.0,0.0,0.0,21
D21_Hashtag6|C00015,2,0.6009291997818285,D21_Hashtag6,1,P2,1.0,True,P2,0.999909347665468,1.2104346,5.172855,1.0,0.0,0.018796992481203,IGHG,Saline,1.0,0.0,0.0,21
D21_Hashtag6|C00016,2,0.6009291997818285,D21_Hashtag6,1,P3,0.98,True,P3,0.9999999999812133,4.8078494,4.447483,0.0,0.0,0.0,,Saline,0.0,0.0,0.0,21
D21_Hashtag6|C00017,2,0.6009291997818285,D21_Hashtag6,1,P1,0.66,True,P1,0.9999547081307832,6.763228,7.139123,0.5,0.5,0.0035971223021582,IGHG,Saline,0.5,0.5,0.0,21
D21_Hashtag6|C00018,2,0.6009291997818285,D21_Hashtag6,1,P1,0.78,True,P1,0.9453787966106708,7.3066072,5.3108945,0.0,0.5,0.0,IGHM,Saline,0.0,0.5,0.0,21
D21_Hashtag6|C00019,2,0.6009291997818285,D21_Hashtag6,1,P2,1.0,True,P2,0.999932181977744,1.3134792,5.302005,1.0,0.0,0.0326086956521739,IGHG,Saline,1.0,0.0,0.0,21
D21_Hashtag6|C00020,2,0.6009291997818285,D21_Hashtag6,1,P3,1.0,True,P3,0.8866017230465688,3.7329235,2.969295,0.0,0.0,0.0,IGHM,Saline,0.0,0.0,0.0,21
D21_Hashtag6|C00021,2,0.6009291997818285,D21_Hashtag6,1,P1,1.0,True,P1,0.999999993617223,14.409258,5.52429,0.0,1.0,0.0018518518518518,IGHG,Saline,0.0,1.0,0.0,21
D21_Hashtag6|C00022,2,0.6009291997818285,D21_Hashtag6,1,P2,0.64,True,P2,0.9999999809999028,4.622308,11.6140785,1.0,0.0,0.0130111524163568,,Saline,1.0,0.0,0.0,21
D21_Hashtag6|C00023,2,0.6009291997818285,D21_Hashtag6,1,P1,0.7,True,P1,0.9934407444678754,7.789354,5.0368853,0.0,0.5,0.0055555555555555,IGHG,Saline,0.0,0.5,0.5,21
D21_Hashtag6|C00024,2,0.6009291997818285,D21_Hashtag6,1,P2,0.64,True,P2,0.999947422937204,4.770598,11.645193,1.0,0.0,0.0147058823529411,IGHG,Saline,1.0,0.0,0.0,21
D21_Hashtag6|C00025,2,0.6009291997818285,D21_Hashtag6,1,P3,0.98,True,P3,0.9988054746864522,6.5408564,-0.86147064,0.0,0.0,0.0,IGHM,Saline,0.0,0.0,0.5,21
D21_Hashtag6|C00026,2,0.6009291997818285,D21_Hashtag6,1,P2,0.74,True,P2,0.9997573539452592,4.099551,9.677761,1.0,0.0,0.0074074074074074,IGHG,Saline,1.0,0.0,0.0,21
D21_Hashtag6|C00027,2,0.6009291997818285,D21_Hashtag6,1,P1,0.58,True,P1,0.9997098473201808,8.298518,7.621645,0.5,0.5,0.0092592592592592,IGHG,Saline,0.5,0.5,0.0,21
D21_Hashtag6|C00028,2,0.6009291997818285,D21_Hashtag6,1,P3,1.0,True,P3,0.9999556490901372,3.7744074,2.155362,0.0,0.0,0.0,IGHM,Saline,0.0,0.0,0.0,21
D21_Hashtag6|C00029,2,0.6009291997818285,D21_Hashtag6,1,P3,0.6,True,P3,0.9998362093843284,4.1620297,5.161176,0.5,0.0,0.0222222222222222,IGHG,Saline,0.5,0.0,0.0,21
D21_Hashtag6|C00030,2,0.6009291997818285,D21_Hashtag6,1,P2,1.0,True,P2,0.9998903954745956,0.54778546,5.805159,1.0,0.0,0.0352540272614622,IGHG,Saline,1.0,0.0,0.0,21
D21_Hashtag6|C00031,2,0.6009291997818285,D21_Hashtag6,1,P2,1.0,True,P2,0.9998331504654132,1.060975,5.3986487,1.0,0.0,0.0074074074074074,IGHG,Saline,1.0,0.0,0.0,21
D21_Hashtag6|C00032,2,0.6009291997818285,D21_Hashtag6,1,P2,0.7,True,P2,0.9998105424377044,4.657287,9.454677,1.0,0.0,0.0193661971830985,IGHG,Saline,1.0,0.0,0.0,21
D21_Hashtag6|C00033,2,0.6009291997818285,D21_Hashtag6,1,P3,1.0,True,P3,0.9999994708509355,5.490507,2.4820168,0.0,0.0,0.0,IGHM,Saline,0.0,0.0,0.0,21
D21_Hashtag6|C00034,2,0.6009291997818285,D21_Hashtag6,1,P1,0.72,True,P1,0.9999697456192091,6.8930545,7.334394,0.5,0.5,0.0203703703703703,IGHG,Saline,0.5,0.5,0.0,21
D21_Hashtag6|C00035,2,0.6009291997818285,D21_Hashtag6,1,P1,0.72,True,P1,0.9992028468045416,7.5415483,4.9656186,0.0,0.5,0.0055555555555555,IGHG,Saline,0.0,0.5,0.0,21
D21_Hashtag6|C00036,2,0.6009291997818285,D21_Hashtag6,1,P1,0.62,True,P1,0.9999664691880557,7.5040965,7.1911707,0.5,0.5,0.0111111111111111,IGHG,Saline,0.5,0.5,0.0,21
D21_Hashtag6|C00037,2,0.6009291997818285,D21_Hashtag6,1,P2,0.76,True,P2,0.9999752996297336,4.4182897,8.652337,1.0,0.0,0.0092592592592592,IGHG,Saline,1.0,0.0,0.0,21
D21_Hashtag6|C00038,2,0.6009291997818285,D21_Hashtag6,1,P2,1.0,True,P2,0.9999978831491584,1.9491538,8.857692,1.0,0.0,0.0166666666666666,IGHG,Saline,1.0,0.0,0.0,21
D21_Hashtag6|C00039,2,0.6009291997818285,D21_Hashtag6,1,P3,0.28,True,P3,0.9999996250710472,4.645312,6.3780265,0.5,0.0,0.0130111524163568,IGHG,Saline,0.5,0.0,0.0,21
D21_Hashtag6|C00040,2,0.6009291997818285,D21_Hashtag6,1,P2,0.66,True,P2,0.9999719383537334,5.1170206,9.218817,1.0,0.0,0.0111111111111111,IGHG,Saline,1.0,0.0,0.0,21
D21_Hashtag6|C00041,2,0.6009291997818285,D21_Hashtag6,1,P3,0.44,True,P3,0.4942284473941641,3.9045064,5.501075,0.5,0.0,0.0074074074074074,,Saline,0.5,0.0,0.0,21
D21_Hashtag6|C00042,2,0.6009291997818285,D21_Hashtag6,1,P2,0.64,True,P2,0.9999172653155496,4.0949607,11.416326,1.0,0.0,0.0111940298507462,IGHG,Saline,1.0,0.0,0.0,21
D21_Hashtag6|C00043,2,0.6009291997818285,D21_Hashtag6,1,P2,1.0,True,P2,0.9999365561171848,1.5084078,5.6919403,1.0,0.0,0.0129629629629629,IGHG,Saline,1.0,0.0,0.0,21
D21_Hashtag6|C00044,2,0.6009291997818285,D21_Hashtag6,1,P3,1.0,True,P3,0.9833076892385532,4.400604,2.9857588,0.0,0.0,0.0,IGHM,Saline,0.0,0.0,0.0,21
D21_Hashtag6|C00045,2,0.6009291997818285,D21_Hashtag6,1,P1,0.7,True,P1,0.9953492750957746,8.304366,7.303922,0.0,0.5,0.0074074074074074,IGHM,Saline,0.0,0.5,0.0,21
D21_Hashtag6|C00046,2,0.6009291997818285,D21_Hashtag6,1,P3,1.0,True,P3,0.996228720120789,3.5948472,2.4172275,0.0,0.0,0.0,IGHM,Saline,0.0,0.0,0.0,21
D21_Hashtag6|C00047,2,0.6009291997818285,D21_Hashtag6,1,P1,0.58,True,P1,0.99044288913421,7.6545243,7.072199,0.5,0.5,0.0148148148148148,IGHG,Saline,0.5,0.5,0.0,21
D21_Hashtag6|C00048,2,0.6009291997818285,D21_Hashtag6,1,P2,1.0,True,P2,0.9992640777328728,1.782736,7.1256766,1.0,0.0,0.0128676470588235,IGHG,Saline,1.0,0.0,0.0,21
D21_Hashtag6|C00049,2,0.6009291997818285,D21_Hashtag6,1,P2,1.0,True,P2,0.999865928765118,1.0360426,7.7633657,1.0,0.0,0.0055350553505535,IGHG,Saline,1.0,0.0,0.0,21
D21_Hashtag6|C00050,2,0.6009291997818285,D21_Hashtag6,1,P3,0.98,True,P3,0.9999991692110268,6.360299,-1.5043283,0.0,0.0,0.0,IGHM,Saline,0.0,0.0,0.0,21
D21_Hashtag6|C00051,2,0.6009291997818285,D21_Hashtag6,1,P3,0.66,True,P3,0.9450722156871666,6.380155,0.7392197,0.0,0.5,0.0,IGHM,Saline,0.0,0.5,0.5,21
D21_Hashtag6|C00052,2,0.6009291997818285,D21_Hashtag6,1,P2,0.78,True,P2,0.9996549509741476,4.453012,9.509981,1.0,0.0,0.0141342756183745,IGHG,Saline,1.0,0.0,0.0,21
D21_Hashtag6|C00053,2,0.6009291997818285,D21_Hashtag6,1,P2,0.72,True,P2,0.9999788372002746,5.2086024,9.544918,1.0,0.0,0.0206766917293233,IGHG,Saline,1.0,0.0,0.0,21
D21_Hashtag6|C00054,2,0.6009291997818285,D21_Hashtag6,1,P2,0.64,True,P2,0.999874521337284,3.293393,11.54476,1.0,0.0,0.0149253731343283,IGHG,Saline,1.0,0.0,0.0,21
D21_Hashtag6|C00055,2,0.6009291997818285,D21_Hashtag6,1,P3,0.74,True,P3,0.9999999926015236,5.3648844,3.4202905,0.0,0.0,0.0,IGHM,Saline,0.0,0.0,0.0,21
D21_Hashtag6|C00056,2,0.6009291997818285,D21_Hashtag6,1,P3,0.48,True,P3,0.9999947061280074,4.108232,5.998832,0.5,0.0,0.0111111111111111,IGHG,Saline,0.5,0.0,0.0,21
D21_Hashtag6|C00057,2,0.6009291997818285,D21_Hashtag6,1,P2,0.8,True,P2,0.99985775567428,2.6315525,9.207277,1.0,0.0,0.0074074074074074,,Saline,1.0,0.0,0.0,21
D21_Hashtag6|C00058,2,0.6009291997818285,D21_Hashtag6,1,P2,1.0,True,P2,0.9999813146092656,0.9904518,5.262397,1.0,0.0,0.0166666666666666,IGHM,Saline,1.0,0.0,0.0,21
D21_Hashtag6|C00059,2,0.6009291997818285,D21_Hashtag6,1,P3,1.0,True,P3,0.9993855197265924,5.480108,1.4352353,0.0,0.0,0.0203703703703703,IGHM,Saline,0.0,0.0,1.0,21
D21_Hashtag6|C00060,2,0.6009291997818285,D21_Hashtag6,1,P1,1.0,True,P1,0.9999999358104664,14.696723,5.6106687,0.0,1.0,0.0037037037037037,,Saline,0.0,1.0,0.0,21
D28_Hashtag1|C00001,2,0.6009291997818285,D28_Hashtag1,1,P3,1.0,True,P3,0.9999999999195452,5.813608,1.4584752,0.0,0.0,0.0107142857142857,,Artesunate,0.0,0.0,1.0,28
D28_Hashtag1|C00002,2,0.6009291997818285,D28_Hashtag1,1,P2,0.66,True,P2,0.9999692491768496,5.111281,9.210156,1.0,0.0,0.0181159420289855,IGHG,Artesunate,1.0,0.0,0.0,28
D28_Hashtag1|C00003,2,0.6009291997818285,D28_Hashtag1,1,P3,0.98,True,P3,0.9903704459009935,6.395142,-0.09502302,0.0,0.0,0.0,IGHM,Artesunate,0.0,0.0,0.5,28
D28_Hashtag1|C00004,2,0.6009291997818285,D28_Hashtag1,1,P2,0.64,True,P2,0.9999990806986678,4.545781,11.268873,1.0,0.0,0.0053191489361702,IGHG,Artesunate,1.0,0.0,0.0,28
D28_Hashtag1|C00005,2,0.6009291997818285,D28_Hashtag1,1,P3,1.0,True,P3,0.9994116244715134,4.307123,3.1123466,0.0,0.0,0.0,IGHM,Artesunate,0.0,0.0,0.0,28
D28_Hashtag1|C00006,2,0.6009291997818285,D28_Hashtag1,1,P3,0.98,True,P3,0.999175089895113,6.339417,-0.7507037,0.0,0.0,0.0,IGHM,Artesunate,0.0,0.0,0.5,28
D28_Hashtag1|C00007,2,0.6009291997818285,D28_Hashtag1,1,P3,0.98,True,P3,0.9935003628111264,5.9510393,0.94231415,0.0,0.0,0.0,IGHM,Artesunate,0.0,0.0,0.5,28
D28_Hashtag1|C00008,2,0.6009291997818285,D28_Hashtag1,1,P3,0.98,True,P3,0.9997466511143864,6.7475314,-0.36583966,0.0,0.0,0.0,IGHM,Artesunate,0.0,0.0,0.5,28
D28_Hashtag1|C00009,2,0.6009291997818285,D28_Hashtag1,1,P3,0.98,True,P3,0.9999940077473948,5.947318,-1.1126775,0.0,0.0,0.0,IGHM,Artesunate,0.0,0.0,0.0,28
D28_Hashtag1|C00010,2,0.6009291997818285,D28_Hashtag1,1,P2,1.0,True,P2,0.9998925206901392,0.7402243,7.839897,1.0,0.0,0.0314814814814814,IGHG,Artesunate,1.0,0.0,0.0,28
D28_Hashtag1|C00011,2,0.6009291997818285,D28_Hashtag1,1,P3,1.0,True,P3,1.0,5.722186,4.5235615,0.0,0.0,0.0,IGHM,Artesunate,0.0,0.0,0.0,28
D28_Hashtag2|C00001,5,0.7813975773872784,D28_Hashtag2,1,P3,0.98,True,P3,0.9757031132149556,6.5401225,-0.72654235,0.0,0.0,0.0,IGHM,Artesunate,0.0,0.0,0.4,28
D28_Hashtag2|C00002,2,0.6009291997818285,D28_Hashtag2,1,P3,0.98,True,P3,0.9826246287209256,5.8849964,0.46074906,0.0,0.0,0.0,IGHM,Artesunate,0.0,0.0,0.0,28
D28_Hashtag2|C00003,2,0.6009291997818285,D28_Hashtag2,1,P2,0.7,True,P2,0.9999898623197084,3.3232708,10.467083,1.0,0.0,0.0148148148148148,IGHG,Artesunate,1.0,0.0,0.0,28
D28_Hashtag2|C00004,2,0.6009291997818285,D28_Hashtag2,1,P3,1.0,True,P3,0.9999399721510034,4.70077,2.4830582,0.0,0.0,0.0,IGHM,Artesunate,0.0,0.0,0.0,28
D28_Hashtag2|C00005,2,0.6009291997818285,D28_Hashtag2,1,P3,0.98,True,P3,0.9591787964678914,6.0238,0.84755653,0.0,0.0,0.0,IGHM,Artesunate,0.0,0.0,0.5,28
D28_Hashtag2|C00006,2,0.6009291997818285,D28_Hashtag2,1,P3,0.98,True,P3,0.9962827989204192,5.878923,0.030459547,0.0,0.0,0.0,IGHM,Artesunate,0.0,0.0,0.0,28
D28_Hashtag2|C00007,2,0.6009291997818285,D28_Hashtag2,1,P2,1.0,True,P2,0.9999455221775853,2.5590727,6.616118,1.0,0.0,0.0555555555555555,IGHG,Artesunate,1.0,0.0,0.0,28
D28_Hashtag2|C00008,2,0.6009291997818285,D28_Hashtag2,1,P2,0.72,True,P2,0.9999750107503996,4.0718284,9.392861,1.0,0.0,0.0335820895522388,IGHG,Artesunate,1.0,0.0,0.0,28
D28_Hashtag2|C00009,2,0.6009291997818285,D28_Hashtag2,1,P2,0.7,True,P2,0.9999811339577356,4.6865,9.079359,1.0,0.0,0.0105633802816901,IGHG,Artesunate,1.0,0.0,0.0,28
D28_Hashtag2|C00010,2,0.6009291997818285,D28_Hashtag2,1,P2,1.0,True,P2,0.9999543728843212,1.8016781,8.858927,1.0,0.0,0.0166666666666666,IGHG,Artesunate,1.0,0.0,0.0,28
D28_Hashtag2|C00011,2,0.6009291997818285,D28_Hashtag2,1,P3,1.0,True,P3,0.9779741701692034,4.856511,2.4785511,0.0,0.0,0.0112781954887218,IGHM,Artesunate,0.0,0.0,0.5,28
D28_Hashtag2|C00012,2,0.6009291997818285,D28_Hashtag2,1,P3,0.98,True,P3,0.9999395502090652,6.2510476,-1.2752749,0.0,0.0,0.0,IGHM,Artesunate,0.0,0.0,0.0,28
D28_Hashtag2|C00013,2,0.6009291997818285,D28_Hashtag2,1,P2,0.98,True,P2,0.9999338726954466,2.3620422,7.388061,1.0,0.0,0.0259259259259259,IGHG,Artesunate,1.0,0.0,0.0,28
D28_Hashtag2|C00014,2,0.6009291997818285,D28_Hashtag2,1,P3,1.0,True,P3,0.9999899654157052,4.5526395,2.336893,0.0,0.0,0.0,,Artesunate,0.0,0.0,0.0,28
D28_Hashtag2|C00015,2,0.6009291997818285,D28_Hashtag2,1,P2,1.0,True,P2,0.999339107182668,1.4631051,8.095766,1.0,0.0,0.0186567164179104,IGHG,Artesunate,1.0,0.0,0.0,28
D28_Hashtag2|C00016,2,0.6009291997818285,D28_Hashtag2,1,P2,0.68,True,P2,0.9999580704388784,4.788556,10.296171,1.0,0.0,0.0280898876404494,IGHG,Artesunate,1.0,0.0,0.0,28
D28_Hashtag2|C00017,2,0.6009291997818285,D28_Hashtag2,1,P2,0.68,True,P2,0.9999923685216192,4.8143125,10.0601015,1.0,0.0,0.0338345864661654,IGHG,Artesunate,1.0,0.0,0.0,28
D28_Hashtag3|C00001,2,0.6009291997818285,D28_Hashtag3,1,P2,1.0,True,P2,0.9998989177544044,0.5494849,6.626035,1.0,0.0,0.0444444444444444,IGHG,Artesunate,1.0,0.0,0.0,28
D28_Hashtag3|C00002,2,0.6009291997818285,D28_Hashtag3,1,P2,1.0,True,P2,0.9997831176516764,0.6052325,7.492302,1.0,0.0,0.0071428571428571,IGHG,Artesunate,1.0,0.0,0.0,28
D28_Hashtag3|C00003,2,0.6009291997818285,D28_Hashtag3,1,P3,1.0,True,P3,0.9999998364622362,5.506255,1.7576392,0.0,0.0,0.0017482517482517,IGHA,Artesunate,0.0,0.0,1.0,28
D28_Hashtag3|C00004,2,0.6009291997818285,D28_Hashtag3,1,P2,1.0,True,P2,0.999946906268154,1.2201537,7.0515323,1.0,0.0,0.03690036900369,IGHG,Artesunate,1.0,0.0,0.0,28
D28_Hashtag3|C00005,2,0.6009291997818285,D28_Hashtag3,1,P2,0.74,True,P2,0.9998356131914832,4.2048645,9.478005,1.0,0.0,0.0251798561151079,IGHG,Artesunate,1.0,0.0,0.0,28
D28_Hashtag3|C00006,2,0.6009291997818285,D28_Hashtag3,1,P3,0.98,True,P3,0.9991845874799417,6.346021,-1.0249484,0.0,0.0,0.0,IGHM,Artesunate,0.0,0.0,0.5,28
D28_Hashtag3|C00007,2,0.6009291997818285,D28_Hashtag3,1,P3,0.98,True,P3,0.999258605253193,6.4289823,0.5211809,0.0,0.0,0.0,IGHM,Artesunate,0.0,0.0,0.5,28
D28_Hashtag3|C00008,2,0.6009291997818285,D28_Hashtag3,1,P2,0.76,True,P2,0.9999999956771148,2.5525708,10.741542,1.0,0.0,0.0314814814814814,,Artesunate,1.0,0.0,0.0,28
D28_Hashtag3|C00009,2,0.6009291997818285,D28_Hashtag3,1,P3,0.98,True,P3,0.9993721793617638,5.531825,0.3896419,0.0,0.0,0.0,IGHM,Artesunate,0.0,0.0,0.0,28
D28_Hashtag4|C00001,10,0.8741114391437229,D28_Hashtag4,1,P3,0.98,True,P3,0.9891525766581988,6.5884323,-1.1644028,0.0,0.0,0.0,IGHM,Saline,0.0,0.0,0.3,28
D28_Hashtag4|C00002,8,0.848510032690162,D28_Hashtag4,1,P2,0.68,True,P2,0.9997961878356884,3.8478215,9.648655,1.0,0.0,0.0185185185185185,IGHG,Saline,1.0,0.0,0.0,28
D28_Hashtag4|C00003,4,0.7430974236898071,D28_Hashtag4,1,P2,0.84,True,P2,0.9999491737250312,3.8667486,8.442328,1.0,0.0,0.028673835125448,IGHG,Saline,1.0,0.0,0.0,28
D28_Hashtag4|C00004,4,0.7430974236898071,D28_Hashtag4,1,P2,1.0,True,P2,0.999938211049568,1.5834132,5.9689636,1.0,0.0,0.0333333333333333,IGHG,Saline,1.0,0.0,0.0,28
D28_Hashtag4|C00005,4,0.7430974236898071,D28_Hashtag4,1,P2,0.5,True,P2,0.789835004143704,3.2973177,10.950416,0.75,0.25,0.0212962962962962,IGHG,Saline,0.75,0.25,0.0,28
D28_Hashtag4|C00006,3,0.6879296487615283,D28_Hashtag4,1,P3,1.0,True,P3,0.9999999608425306,4.456003,2.3845782,0.0,0.0,0.0,IGHM,Saline,0.0,0.0,0.0,28
D28_Hashtag4|C00007,3,0.6879296487615283,D28_Hashtag4,1,P2,0.8,True,P2,0.9998066305940094,2.751945,9.169193,1.0,0.0,0.0260223048327137,IGHG,Saline,1.0,0.0,0.0,28
D28_Hashtag4|C00008,2,0.6009291997818285,D28_Hashtag4,1,P1,0.58,True,P1,0.974248601425862,8.424863,7.432583,0.5,0.5,0.0185185185185185,IGHG,Saline,0.5,0.5,0.0,28
D28_Hashtag4|C00009,2,0.6009291997818285,D28_Hashtag4,1,P3,0.62,True,P3,0.9999999923577718,4.401277,5.797682,0.5,0.0,0.0189393939393939,IGHG,Saline,0.5,0.0,0.0,28
D28_Hashtag4|C00010,2,0.6009291997818285,D28_Hashtag4,1,P2,0.78,True,P2,0.9945328408443348,4.043423,6.9480863,1.0,0.0,0.0131578947368421,IGHG,Saline,1.0,0.0,0.0,28
D28_Hashtag4|C00011,2,0.6009291997818285,D28_Hashtag4,1,P1,0.66,True,P1,0.9999876793469152,6.738818,7.0673537,0.5,0.5,0.0267475851550584,IGHG,Saline,0.5,0.5,0.0,28
D28_Hashtag4|C00012,2,0.6009291997818285,D28_Hashtag4,1,P3,1.0,True,P3,0.9996110834614204,4.4689474,3.1271112,0.0,0.0,0.0,IGHM,Saline,0.0,0.0,0.0,28
D28_Hashtag4|C00013,2,0.6009291997818285,D28_Hashtag4,1,P2,0.76,True,P2,0.9996195397810684,4.137448,9.316293,1.0,0.0,0.0222222222222222,IGHG,Saline,1.0,0.0,0.0,28
D28_Hashtag4|C00014,2,0.6009291997818285,D28_Hashtag4,1,P3,0.66,True,P3,0.9999999990148608,4.3795257,5.5207047,0.5,0.0,0.0055555555555555,IGHG,Saline,0.5,0.0,0.0,28
D28_Hashtag4|C00015,2,0.6009291997818285,D28_Hashtag4,1,P3,1.0,True,P3,0.9999626779428012,5.077587,2.606049,0.0,0.0,0.0,IGHM,Saline,0.0,0.0,0.0,28
D28_Hashtag4|C00016,2,0.6009291997818285,D28_Hashtag4,1,P1,0.5,True,P1,0.9949428110333032,6.0229144,7.047391,0.5,0.5,0.021505376344086,IGHG,Saline,0.5,0.5,0.0,28
D28_Hashtag4|C00017,2,0.6009291997818285,D28_Hashtag4,1,P3,0.42,True,P3,0.9756963227612514,3.5492935,5.101865,0.5,0.0,0.0160714285714285,IGHG,Saline,0.5,0.0,0.5,28
D28_Hashtag4|C00018,2,0.6009291997818285,D28_Hashtag4,1,P3,1.0,True,P3,0.9999993737314384,5.0084863,2.9123015,0.0,0.0,0.0,IGHM,Saline,0.0,0.0,0.0,28
D28_Hashtag4|C00019,2,0.6009291997818285,D28_Hashtag4,1,P2,0.96,True,P2,0.999979396123417,1.9135097,9.447796,1.0,0.0,0.014336917562724,IGHG,Saline,1.0,0.0,0.0,28
D28_Hashtag4|C00020,2,0.6009291997818285,D28_Hashtag4,1,P2,1.0,True,P2,0.9999878138950744,1.5676467,8.832004,1.0,0.0,0.0,IGHG,Saline,1.0,0.0,0.0,28
D28_Hashtag4|C00021,2,0.6009291997818285,D28_Hashtag4,1,P2,0.64,True,P2,0.999999236686655,4.4602585,11.190175,1.0,0.0,0.0129629629629629,IGHG,Saline,1.0,0.0,0.0,28
D28_Hashtag4|C00022,2,0.6009291997818285,D28_Hashtag4,1,P2,0.86,True,P2,0.9998715111947076,3.3034217,8.533191,1.0,0.0,0.0166666666666666,IGHG,Saline,1.0,0.0,0.0,28
D28_Hashtag4|C00023,2,0.6009291997818285,D28_Hashtag4,1,P3,1.0,True,P3,0.9838902762151884,3.6103425,2.740071,0.0,0.0,0.0,IGHM,Saline,0.0,0.0,0.0,28
D28_Hashtag4|C00024,2,0.6009291997818285,D28_Hashtag4,1,P1,1.0,True,P1,1.0,14.339376,5.764182,0.0,1.0,0.0111111111111111,IGHG,Saline,0.0,1.0,0.0,28
D28_Hashtag4|C00025,2,0.6009291997818285,D28_Hashtag4,1,P2,0.74,True,P2,0.9996785072953774,4.255758,8.887629,1.0,0.0,0.0111111111111111,IGHG,Saline,1.0,0.0,0.0,28
D28_Hashtag4|C00026,2,0.6009291997818285,D28_Hashtag4,1,P2,0.6,True,P2,0.9852378415210624,4.1275606,6.4654303,0.5,0.0,0.0333333333333333,IGHG,Saline,0.5,0.0,0.0,28
D28_Hashtag4|C00027,2,0.6009291997818285,D28_Hashtag4,1,P2,1.0,True,P2,0.9998202420574102,0.50525635,5.919768,1.0,0.0,0.037037037037037,IGHG,Saline,1.0,0.0,0.0,28
D28_Hashtag4|C00028,2,0.6009291997818285,D28_Hashtag4,1,P2,0.84,True,P2,0.9985377695243136,3.5761876,8.82632,1.0,0.0,0.0354477611940298,IGHG,Saline,1.0,0.0,0.0,28
D28_Hashtag4|C00029,2,0.6009291997818285,D28_Hashtag4,1,P3,0.62,True,P3,0.9994906152511158,4.316007,5.570312,0.5,0.0,0.0111111111111111,,Saline,0.5,0.0,0.0,28
D28_Hashtag4|C00030,2,0.6009291997818285,D28_Hashtag4,1,P2,1.0,True,P2,0.9999862212114862,2.5129387,7.085299,1.0,0.0,0.0241635687732342,IGHG,Saline,1.0,0.0,0.0,28
D28_Hashtag4|C00031,2,0.6009291997818285,D28_Hashtag4,1,P3,0.46,True,P3,0.9775638898231916,3.71817,4.814543,0.5,0.0,0.0092592592592592,IGHG,Saline,0.5,0.0,0.0,28
D28_Hashtag4|C00032,2,0.6009291997818285,D28_Hashtag4,1,P2,0.76,True,P2,0.9999892551139332,5.163253,9.194986,1.0,0.0,0.0222222222222222,IGHG,Saline,1.0,0.0,0.0,28
D28_Hashtag4|C00033,2,0.6009291997818285,D28_Hashtag4,1,P1,0.58,True,P1,0.9745517112623712,6.093179,6.728215,0.5,0.5,0.037037037037037,IGHG,Saline,0.5,0.5,0.0,28
D28_Hashtag4|C00034,2,0.6009291997818285,D28_Hashtag4,1,P2,0.9,True,P2,0.9999344480765272,2.7815034,7.9445014,1.0,0.0,0.0166666666666666,IGHG,Saline,1.0,0.0,0.0,28
D28_Hashtag4|C00035,2,0.6009291997818285,D28_Hashtag4,1,P2,1.0,True,P2,0.9998123007342236,0.81670475,6.5893097,1.0,0.0,0.0296296296296296,IGHG,Saline,1.0,0.0,0.0,28
D28_Hashtag4|C00036,2,0.6009291997818285,D28_Hashtag4,1,P2,0.44,True,P2,0.978337445152998,4.2422137,10.614163,0.5,0.5,0.0092592592592592,IGHG,Saline,0.5,0.5,0.0,28
D28_Hashtag4|C00037,2,0.6009291997818285,D28_Hashtag4,1,P3,1.0,True,P3,0.9962668261750972,4.067876,3.2560494,0.0,0.0,0.0,IGHM,Saline,0.0,0.0,0.0,28
D28_Hashtag4|C00038,2,0.6009291997818285,D28_Hashtag4,1,P2,0.66,True,P2,0.9999988995262414,2.963551,11.332623,1.0,0.0,0.0222222222222222,IGHG,Saline,1.0,0.0,0.0,28
D28_Hashtag4|C00039,2,0.6009291997818285,D28_Hashtag4,1,P2,1.0,True,P2,0.9999296817275491,1.9903587,7.1709566,1.0,0.0,0.0167910447761194,IGHM,Saline,1.0,0.0,0.0,28
D28_Hashtag4|C00040,2,0.6009291997818285,D28_Hashtag4,1,P1,0.66,True,P1,0.9998985705018312,6.9717636,7.177809,0.5,0.5,0.009314538419016,IGHG,Saline,0.5,0.5,0.0,28
D28_Hashtag4|C00041,2,0.6009291997818285,D28_Hashtag4,1,P2,0.8,True,P2,0.999979173801318,3.3331907,10.375785,1.0,0.0,0.0338345864661654,IGHG,Saline,1.0,0.0,0.0,28
D28_Hashtag4|C00042,2,0.6009291997818285,D28_Hashtag4,1,P2,1.0,True,P2,0.9999766768130424,1.9530499,6.1669674,1.0,0.0,0.0296296296296296,IGHG,Saline,1.0,0.0,0.0,28
D28_Hashtag4|C00043,2,0.6009291997818285,D28_Hashtag4,1,P3,1.0,True,P3,0.9999928420488364,3.1929564,2.7740502,0.0,0.0,0.0,IGHM,Saline,0.0,0.0,0.0,28
D28_Hashtag4|C00044,2,0.6009291997818285,D28_Hashtag4,1,P2,1.0,True,P2,0.9997957404674448,0.86840993,7.99021,1.0,0.0,0.0296296296296296,IGHG,Saline,1.0,0.0,0.0,28
D28_Hashtag4|C00045,2,0.6009291997818285,D28_Hashtag4,1,P3,1.0,True,P3,0.937293353611896,3.7560334,2.7355878,0.0,0.0,0.0,IGHM,Saline,0.0,0.0,0.0,28
D28_Hashtag4|C00046,2,0.6009291997818285,D28_Hashtag4,1,P3,1.0,True,P3,0.9981294800086368,3.411667,2.865218,0.0,0.0,0.0,IGHM,Saline,0.0,0.0,0.0,28
D28_Hashtag4|C00047,2,0.6009291997818285,D28_Hashtag4,1,P2,1.0,True,P2,0.9998171890761426,2.0698078,8.24813,1.0,0.0,0.0185873605947955,IGHG,Saline,1.0,0.0,0.0,28
D28_Hashtag5|C00001,4,0.7430974236898071,D28_Hashtag5,1,P2,0.32,True,P2,0.8769002341694506,5.306813,6.7280574,0.5,0.25,0.0242363497518136,IGHG,Saline,0.5,0.25,0.0,28
D28_Hashtag5|C00002,4,0.7430974236898071,D28_Hashtag5,1,P1,0.48,True,P1,0.9999626840289269,7.689498,6.82113,0.5,0.5,0.0300537178399773,IGHG,Saline,0.5,0.5,0.0,28
D28_Hashtag5|C00003,3,0.6879296487615283,D28_Hashtag5,1,P2,0.8,True,P2,0.9693858704157476,3.4509163,6.44134,0.6666666666666666,0.0,0.0246913580246913,IGHG,Saline,0.6666666666666666,0.0,0.3333333333333333,28
D28_Hashtag5|C00004,3,0.6879296487615283,D28_Hashtag5,1,P1,1.0,True,P1,0.9999999999984084,14.42147,5.661045,0.0,1.0,0.0049382716049382,IGHG,Saline,0.0,1.0,0.0,28
D28_Hashtag5|C00005,3,0.6879296487615283,D28_Hashtag5,1,P2,0.56,True,P2,0.7911082445245439,5.0207872,7.9147744,0.6666666666666666,0.3333333333333333,0.0149253731343283,IGHG,Saline,0.6666666666666666,0.3333333333333333,0.0,28
D28_Hashtag5|C00006,3,0.6879296487615283,D28_Hashtag5,1,P1,1.0,True,P1,0.9999999961644191,14.552986,5.744183,0.0,1.0,0.007380073800738,IGHG,Saline,0.0,1.0,0.0,28
D28_Hashtag5|C00007,3,0.6879296487615283,D28_Hashtag5,1,P1,1.0,True,P1,0.9999988363054676,13.967848,5.6107225,0.0,1.0,0.0061728395061728,IGHG,Saline,0.0,1.0,0.0,28
D28_Hashtag5|C00008,3,0.6879296487615283,D28_Hashtag5,1,P1,0.84,True,P1,0.99998534962607,8.662795,7.312913,0.3333333333333333,0.6666666666666666,0.0185185185185185,IGHG,Saline,0.3333333333333333,0.6666666666666666,0.0,28
D28_Hashtag5|C00009,3,0.6879296487615283,D28_Hashtag5,1,P2,0.86,True,P2,0.9999554455732133,3.6842782,7.7620664,0.6666666666666666,0.0,0.0222682881886862,IGHG,Saline,0.6666666666666666,0.0,0.0,28
D28_Hashtag5|C00010,3,0.6879296487615283,D28_Hashtag5,1,P1,0.48,True,P1,0.5963934431735017,7.532006,7.759288,0.6666666666666666,0.3333333333333333,0.0173759455510551,IGHG,Saline,0.6666666666666666,0.3333333333333333,0.0,28
D28_Hashtag5|C00011,3,0.6879296487615283,D28_Hashtag5,1,P1,0.5,True,P1,0.9999966101913216,6.4737725,4.998609,0.0,0.3333333333333333,0.0037037037037037,IGHG,Saline,0.0,0.3333333333333333,0.0,28
D28_Hashtag5|C00012,2,0.6009291997818285,D28_Hashtag5,1,P3,1.0,True,P3,0.9999864202289134,4.430534,2.189063,0.0,0.0,0.0,,Saline,0.0,0.0,0.0,28
D28_Hashtag5|C00013,2,0.6009291997818285,D28_Hashtag5,1,P1,1.0,True,P1,0.9999999944495244,14.475773,5.3352933,0.0,1.0,0.0148148148148148,IGHG,Saline,0.0,1.0,0.0,28
D28_Hashtag5|C00014,2,0.6009291997818285,D28_Hashtag5,1,P2,1.0,True,P2,0.9997643182652076,1.898632,7.7510867,1.0,0.0,0.0018587360594795,IGHG,Saline,1.0,0.0,0.0,28
D28_Hashtag5|C00015,2,0.6009291997818285,D28_Hashtag5,1,P1,1.0,True,P1,0.9999999853522468,14.62081,5.749394,0.0,1.0,0.0148148148148148,IGHG,Saline,0.0,1.0,0.0,28
D28_Hashtag5|C00016,2,0.6009291997818285,D28_Hashtag5,1,P2,1.0,True,P2,0.9999748672297072,0.7233717,6.2703323,1.0,0.0,0.0111111111111111,IGHG,Saline,1.0,0.0,0.0,28
D28_Hashtag5|C00017,2,0.6009291997818285,D28_Hashtag5,1,P2,0.72,True,P2,0.9994147466076588,3.7083497,8.825854,1.0,0.0,0.0148492358529533,IGHG,Saline,1.0,0.0,0.0,28
D28_Hashtag5|C00018,2,0.6009291997818285,D28_Hashtag5,1,P1,1.0,True,P1,1.0,11.413543,4.8629537,0.0,1.0,0.0111111111111111,IGHG,Saline,0.0,1.0,0.0,28
D28_Hashtag5|C00019,2,0.6009291997818285,D28_Hashtag5,1,P1,1.0,True,P1,0.9999999998953512,13.925139,5.433961,0.0,1.0,0.0333333333333333,IGHG,Saline,0.0,1.0,0.0,28
D28_Hashtag5|C00020,2,0.6009291997818285,D28_Hashtag5,1,P1,1.0,True,P1,0.9999999818834908,13.625166,5.3565598,0.0,1.0,0.0018518518518518,IGHG,Saline,0.0,1.0,0.0,28
D28_Hashtag5|C00021,2,0.6009291997818285,D28_Hashtag5,1,P1,0.36,True,P1,0.966427493847394,6.006933,6.4909654,0.5,0.5,0.0159574468085106,IGHG,Saline,0.5,0.5,0.0,28
D28_Hashtag5|C00022,2,0.6009291997818285,D28_Hashtag5,1,P1,1.0,True,P1,0.9999999985042508,13.963974,5.242461,0.0,1.0,0.0222222222222222,IGHG,Saline,0.0,1.0,0.0,28
D28_Hashtag5|C00023,2,0.6009291997818285,D28_Hashtag5,1,P1,1.0,True,P1,0.9999999938332635,14.299827,5.3422647,0.0,1.0,0.0148148148148148,IGHG,Saline,0.0,1.0,0.0,28
D28_Hashtag5|C00024,2,0.6009291997818285,D28_Hashtag5,1,P2,0.64,True,P2,0.9999863519589924,3.9403644,11.24977,1.0,0.0,0.0088652482269503,IGHG,Saline,1.0,0.0,0.0,28
D28_Hashtag5|C00025,2,0.6009291997818285,D28_Hashtag5,1,P1,0.7,True,P1,0.9999994716376622,8.132519,7.279227,0.5,0.5,0.0185185185185185,IGHG,Saline,0.5,0.5,0.0,28
D28_Hashtag5|C00026,2,0.6009291997818285,D28_Hashtag5,1,P1,0.6,True,P1,0.9999546497570424,7.954268,7.5462146,0.5,0.5,0.0297397769516728,IGHG,Saline,0.5,0.5,0.0,28
D28_Hashtag5|C00027,2,0.6009291997818285,D28_Hashtag5,1,P1,1.0,True,P1,0.9999999903473268,14.154105,5.4098067,0.0,1.0,0.0205223880597014,IGHG,Saline,0.0,1.0,0.0,28
D28_Hashtag5|C00028,2,0.6009291997818285,D28_Hashtag5,1,P1,1.0,True,P1,0.9999999083344348,14.540924,5.7393036,0.0,1.0,0.0148148148148148,IGHG,Saline,0.0,1.0,0.0,28
D28_Hashtag5|C00029,2,0.6009291997818285,D28_Hashtag5,1,P1,0.64,True,P1,0.999970643878013,6.7692847,6.8438163,0.5,0.5,0.020446096654275,IGHM,Saline,0.5,0.5,0.0,28
D28_Hashtag5|C00030,2,0.6009291997818285,D28_Hashtag5,1,P3,1.0,True,P3,1.0,5.659707,4.0553265,0.0,0.0,0.0,IGHM,Saline,0.0,0.0,0.0,28
D28_Hashtag5|C00031,2,0.6009291997818285,D28_Hashtag5,1,P2,1.0,True,P2,0.9999895653233036,2.153565,6.3448,1.0,0.0,0.0241569928137092,IGHG,Saline,1.0,0.0,0.0,28
D28_Hashtag5|C00032,2,0.6009291997818285,D28_Hashtag5,1,P2,0.84,True,P2,0.9999930298842564,3.110142,8.8801155,1.0,0.0,0.0074074074074074,IGHG,Saline,1.0,0.0,0.0,28
D28_Hashtag5|C00033,2,0.6009291997818285,D28_Hashtag5,1,P1,1.0,True,P1,0.9999999978923596,14.403698,5.4703,0.0,1.0,0.0105633802816901,IGHG,Saline,0.0,1.0,0.0,28
D28_Hashtag5|C00034,2,0.6009291997818285,D28_Hashtag5,1,P1,0.58,True,P1,0.9983807410131802,7.8004184,7.627632,0.5,0.5,0.0018518518518518,IGHG,Saline,0.5,0.5,0.0,28
D28_Hashtag5|C00035,2,0.6009291997818285,D28_Hashtag5,1,P1,0.72,True,P1,0.9899368315783036,7.1538363,5.187143,0.0,0.5,0.0130597014925373,IGHG,Saline,0.0,0.5,0.0,28
D28_Hashtag5|C00036,2,0.6009291997818285,D28_Hashtag5,1,P1,0.48,True,P1,0.9998554603354634,7.2713327,7.092442,0.5,0.5,0.0092592592592592,IGHG,Saline,0.5,0.5,0.0,28
D28_Hashtag5|C00037,2,0.6009291997818285,D28_Hashtag5,1,P1,0.98,True,P1,0.986386056851962,12.047741,4.986848,0.0,1.0,0.0037037037037037,IGHG,Saline,0.0,1.0,0.0,28
D28_Hashtag5|C00038,2,0.6009291997818285,D28_Hashtag5,1,P3,1.0,True,P3,0.9979903140129066,3.7468216,2.373181,0.0,0.0,0.0,IGHM,Saline,0.0,0.0,0.0,28
D28_Hashtag6|C00001,4,0.7430974236898071,D28_Hashtag6,1,P3,0.98,True,P3,0.9960855920243488,6.316823,-0.638047,0.0,0.0,0.0,IGHM,Saline,0.0,0.0,0.25,28
D28_Hashtag6|C00002,4,0.7430974236898071,D28_Hashtag6,1,P1,0.36,True,P1,0.8473999814859012,6.1724997,5.933981,0.5,0.25,0.0187265917602996,IGHG,Saline,0.5,0.25,0.0,28
D28_Hashtag6|C00003,3,0.6879296487615283,D28_Hashtag6,1,P3,0.38,True,P3,0.5264184107366059,3.300537,5.321363,0.6666666666666666,0.0,0.0308641975308641,IGHG,Saline,0.6666666666666666,0.0,0.0,28
D28_Hashtag6|C00004,3,0.6879296487615283,D28_Hashtag6,1,P1,0.46,True,P1,0.9934849953432536,7.2877717,6.976578,0.6666666666666666,0.3333333333333333,0.0236245468063422,IGHG,Saline,0.6666666666666666,0.3333333333333333,0.0,28
D28_Hashtag6|C00005,3,0.6879296487615283,D28_Hashtag6,1,P2,1.0,True,P2,0.9998997986069316,1.0926286,7.9999194,1.0,0.0,0.0148148148148148,IGHG,Saline,1.0,0.0,0.0,28
D28_Hashtag6|C00006,3,0.6879296487615283,D28_Hashtag6,1,P3,0.88,True,P3,1.0,4.678374,4.822012,0.3333333333333333,0.0,0.0049751243781094,IGHM,Saline,0.3333333333333333,0.0,0.0,28
D28_Hashtag6|C00007,2,0.6009291997818285,D28_Hashtag6,1,P3,0.64,True,P3,0.9999999999969588,4.4433827,5.2182083,0.5,0.0,0.0171102661596958,IGHG,Saline,0.5,0.0,0.0,28
D28_Hashtag6|C00008,2,0.6009291997818285,D28_Hashtag6,1,P2,1.0,True,P2,0.999942058974415,0.9937178,6.901353,1.0,0.0,0.0427046263345195,IGHG,Saline,1.0,0.0,0.0,28
D28_Hashtag6|C00009,2,0.6009291997818285,D28_Hashtag6,1,P3,0.98,True,P3,0.971355831505944,5.808148,0.08085419,0.0,0.0,0.0,IGHM,Saline,0.0,0.0,0.0,28
D28_Hashtag6|C00010,2,0.6009291997818285,D28_Hashtag6,1,P1,0.58,True,P1,0.9999820246641158,8.166595,7.647325,0.5,0.5,0.0018518518518518,IGHM,Saline,0.5,0.5,0.0,28
D28_Hashtag6|C00011,2,0.6009291997818285,D28_Hashtag6,1,P2,1.0,True,P2,0.9997522791068602,1.3681624,6.805513,1.0,0.0,0.0222222222222222,IGHG,Saline,1.0,0.0,0.0,28
D28_Hashtag6|C00012,2,0.6009291997818285,D28_Hashtag6,1,P3,0.98,True,P3,0.9739436189394006,5.761314,0.32678664,0.0,0.0,0.0,IGHM,Saline,0.0,0.0,0.5,28
D28_Hashtag6|C00013,2,0.6009291997818285,D28_Hashtag6,1,P3,0.88,True,P3,1.0,7.842752,5.438563,0.0,0.0,0.0,IGHM,Saline,0.0,0.0,0.0,28
D28_Hashtag6|C00014,2,0.6009291997818285,D28_Hashtag6,1,P2,1.0,True,P2,0.998683498526724,1.186622,5.3956604,1.0,0.0,0.0129904997934737,IGHG,Saline,1.0,0.0,0.0,28
D28_Hashtag6|C00015,2,0.6009291997818285,D28_Hashtag6,1,P2,1.0,True,P2,0.9996976817806866,1.7771131,5.938395,1.0,0.0,0.0251798561151079,IGHG,Saline,1.0,0.0,0.0,28
D28_Hashtag6|C00016,2,0.6009291997818285,D28_Hashtag6,1,P1,0.56,True,P1,0.9998433076470876,7.884802,6.9741874,0.5,0.5,0.019927536231884,IGHG,Saline,0.5,0.5,0.0,28
D28_Hashtag6|C00017,2,0.6009291997818285,D28_Hashtag6,1,P1,0.62,True,P1,0.999819359846651,8.067371,7.6243124,0.5,0.5,0.0129629629629629,IGHG,Saline,0.5,0.5,0.0,28
D28_Hashtag6|C00018,2,0.6009291997818285,D28_Hashtag6,1,P2,0.72,True,P2,0.9999043903088044,4.6086264,7.9373674,1.0,0.0,0.0449438202247191,IGHG,Saline,1.0,0.0,0.0,28
D28_Hashtag6|C00019,2,0.6009291997818285,D28_Hashtag6,1,P2,1.0,True,P2,0.9999765335783534,1.5348191,8.831183,1.0,0.0,0.0425925925925925,IGHG,Saline,1.0,0.0,0.0,28
D28_Hashtag6|C00020,2,0.6009291997818285,D28_Hashtag6,1,P2,0.78,True,P2,0.9999842321083726,4.0873084,8.481953,1.0,0.0,0.0087108013937282,IGHG,Saline,1.0,0.0,0.0,28
D28_Hashtag6|C00021,2,0.6009291997818285,D28_Hashtag6,1,P2,0.8,True,P2,0.9998723876652352,3.0981777,9.040452,1.0,0.0,0.0242690058479532,IGHG,Saline,1.0,0.0,0.0,28
D28_Hashtag6|C00022,2,0.6009291997818285,D28_Hashtag6,1,P2,1.0,True,P2,0.9999512153153434,0.49860108,6.250062,1.0,0.0,0.0183823529411764,IGHG,Saline,1.0,0.0,0.0,28
D28_Hashtag6|C00023,2,0.6009291997818285,D28_Hashtag6,1,P3,1.0,True,P3,0.9928775554483862,3.3819065,2.4469464,0.0,0.0,0.0,IGHM,Saline,0.0,0.0,0.0,28
D28_Hashtag6|C00024,2,0.6009291997818285,D28_Hashtag6,1,P1,1.0,True,P1,0.9999999768332446,14.668613,5.7141004,0.0,1.0,0.0055555555555555,IGHG,Saline,0.0,1.0,0.0,28
D28_Hashtag6|C00025,2,0.6009291997818285,D28_Hashtag6,1,P2,0.76,True,P2,0.9998970355273422,4.394251,7.942747,1.0,0.0,0.0203703703703703,IGHG,Saline,1.0,0.0,0.0,28
D28_Hashtag6|C00026,2,0.6009291997818285,D28_Hashtag6,1,P2,1.0,True,P2,0.9925740554048896,1.4585892,6.172687,1.0,0.0,0.0222222222222222,IGHG,Saline,1.0,0.0,0.0,28
D28_Hashtag6|C00027,2,0.6009291997818285,D28_Hashtag6,1,P2,0.76,True,P2,0.9999612037080284,4.8296175,8.202804,1.0,0.0,0.0223880597014925,IGHG,Saline,1.0,0.0,0.0,28
D28_Hashtag6|C00028,2,0.6009291997818285,D28_Hashtag6,1,P2,0.88,True,P2,0.999412700473387,3.9451494,7.564705,1.0,0.0,0.05,IGHG,Saline,1.0,0.0,0.0,28
D28_Hashtag6|C00029,2,0.6009291997818285,D28_Hashtag6,1,P2,1.0,True,P2,0.999315686752806,1.2247771,7.6806645,1.0,0.0,0.0203703703703703,IGHG,Saline,1.0,0.0,0.0,28
D28_Hashtag6|C00030,2,0.6009291997818285,D28_Hashtag6,1,P3,1.0,True,P3,0.999802831198354,5.485345,3.2535956,0.0,0.0,0.0187265917602996,IGHM,Saline,0.0,0.0,0.0,28
D28_Hashtag6|C00031,2,0.6009291997818285,D28_Hashtag6,1,P2,0.76,True,P2,0.9996109322371224,4.048811,9.102717,1.0,0.0,0.0388888888888888,IGHG,Saline,1.0,0.0,0.0,28
D28_Hashtag6|C00032,2,0.6009291997818285,D28_Hashtag6,1,P1,0.68,True,P1,0.99990393690266,6.8538694,6.401057,0.5,0.5,0.0166666666666666,,Saline,0.5,0.5,0.0,28
D28_Hashtag6|C00033,2,0.6009291997818285,D28_Hashtag6,1,P2,0.64,True,P2,0.9970859646680276,3.5663035,10.381109,1.0,0.0,0.0149253731343283,IGHG,Saline,1.0,0.0,0.0,28
D28_Hashtag6|C00034,2,0.6009291997818285,D28_Hashtag6,1,P2,0.8,True,P2,0.9999869772675256,4.847471,8.782437,1.0,0.0,0.0222222222222222,IGHG,Saline,1.0,0.0,0.0,28
D28_Hashtag6|C00035,2,0.6009291997818285,D28_Hashtag6,1,P2,1.0,True,P2,0.9999619613642904,2.155983,6.132189,1.0,0.0,0.037174721189591,IGHG,Saline,1.0,0.0,0.0,28
D28_Hashtag6|C00036,2,0.6009291997818285,D28_Hashtag6,1,P3,1.0,True,P3,0.999606422715914,5.013462,2.8854394,0.0,0.0,0.0,IGHD,Saline,0.0,0.0,0.0,28
D28_Hashtag6|C00037,2,0.6009291997818285,D28_Hashtag6,1,P3,0.7,True,P3,0.9999999934407952,4.4422603,5.1092315,0.5,0.0,0.0185185185185185,,Saline,0.5,0.0,0.0,28
D28_Hashtag6|C00038,2,0.6009291997818285,D28_Hashtag6,1,P3,1.0,True,P3,0.9995191270511714,4.347923,2.7684298,0.0,0.0,0.0,IGHM,Saline,0.0,0.0,0.0,28
D28_Hashtag6|C00039,2,0.6009291997818285,D28_Hashtag6,1,P2,1.0,True,P2,0.999975379823986,2.3141222,7.182453,1.0,0.0,0.0203703703703703,IGHG,Saline,1.0,0.0,0.0,28
D28_Hashtag6|C00040,2,0.6009291997818285,D28_Hashtag6,1,P2,1.0,True,P2,0.9987394453203704,0.9539708,5.5464344,1.0,0.0,0.024074074074074,IGHG,Saline,1.0,0.0,0.0,28
D28_Hashtag6|C00041,2,0.6009291997818285,D28_Hashtag6,1,P2,1.0,True,P2,0.9983721161035972,1.6721288,7.9522266,1.0,0.0,0.0351851851851851,IGHG,Saline,1.0,0.0,0.0,28
D28_Hashtag6|C00042,2,0.6009291997818285,D28_Hashtag6,1,P2,1.0,True,P2,0.998855437582886,1.6455289,6.120078,1.0,0.0,0.0444444444444444,IGHG,Saline,1.0,0.0,0.0,28
D28_Hashtag6|C00043,2,0.6009291997818285,D28_Hashtag6,1,P2,0.76,True,P2,0.9998926075977568,3.835645,9.274873,1.0,0.0,0.0223880597014925,IGHG,Saline,1.0,0.0,0.0,28
D28_Hashtag6|C00044,2,0.6009291997818285,D28_Hashtag6,1,P2,1.0,True,P2,0.999929111765124,1.6691059,8.437328,1.0,0.0,0.0261194029850746,IGHG,Saline,1.0,0.0,0.0,28
D28_Hashtag6|C00045,2,0.6009291997818285,D28_Hashtag6,1,P3,0.54,True,P3,0.9841358211507828,3.8046246,4.911387,0.5,0.0,0.0277777777777777,IGHG,Saline,0.5,0.0,0.5,28
D28_Hashtag6|C00046,2,0.6009291997818285,D28_Hashtag6,1,P2,1.0,True,P2,0.9994014165085872,2.0478027,7.4405866,1.0,0.0,0.0205713007993739,,Saline,1.0,0.0,0.0,28
D28_Hashtag6|C00047,2,0.6009291997818285,D28_Hashtag6,1,P2,0.68,True,P2,0.9997196729215556,4.9567046,8.57794,1.0,0.0,0.0314814814814814,IGHG,Saline,1.0,0.0,0.0,28
D28_Hashtag6|C00048,2,0.6009291997818285,D28_Hashtag6,1,P1,0.74,True,P1,0.999703701517014,7.390055,5.945206,0.5,0.5,0.0203703703703703,IGHG,Saline,0.5,0.5,0.0,28
D28_Hashtag7|C00001,3,0.6879296487615283,D28_Hashtag7,1,P3,1.0,True,P3,0.6647547644623837,5.180584,3.463413,0.0,0.0,0.0,IGHM,Naive,0.0,0.0,0.0,28
D28_Hashtag7|C00002,2,0.6009291997818285,D28_Hashtag7,1,P3,1.0,True,P3,0.8532346261696256,4.7261586,3.34604,0.0,0.0,0.0,IGHM,Naive,0.0,0.0,0.0,28
D28_Hashtag7|C00003,2,0.6009291997818285,D28_Hashtag7,1,P3,1.0,True,P3,0.9866550721683915,4.838344,2.2775648,0.0,0.0,0.0,,Naive,0.0,0.0,0.0,28
D28_Hashtag7|C00004,2,0.6009291997818285,D28_Hashtag7,1,P3,1.0,True,P3,0.9906702166502084,4.604755,3.0170376,0.0,0.0,0.0,IGHM,Naive,0.0,0.0,0.0,28
D28_Hashtag7|C00005,2,0.6009291997818285,D28_Hashtag7,1,P3,1.0,True,P3,0.9628737249063144,5.2754807,3.397097,0.0,0.0,0.0,,Naive,0.0,0.0,0.0,28
D35_Hashtag1|C00001,9,0.8625031106882172,D35_Hashtag1,1,P3,0.98,True,P3,0.9998621920278496,6.016896,-1.3923914,0.0,0.0,0.0,IGHM,Artesunate,0.0,0.0,0.0,35
D35_Hashtag1|C00002,4,0.7430974236898071,D35_Hashtag1,1,P2,0.68,True,P2,0.9999984937270744,3.7165182,11.600145,1.0,0.0,0.0583333333333333,IGHG,Artesunate,1.0,0.0,0.0,35
D35_Hashtag1|C00003,4,0.7430974236898071,D35_Hashtag1,1,P2,0.64,True,P2,0.9860028738841832,4.6532946,8.253988,0.0,1.0,0.0333333333333333,IGHG,Artesunate,0.0,1.0,0.0,35
D35_Hashtag1|C00004,4,0.7430974236898071,D35_Hashtag1,1,P3,0.98,True,P3,0.999931516068258,6.0254283,-1.4985245,0.0,0.0,0.0,IGHM,Artesunate,0.0,0.0,0.0,35
D35_Hashtag1|C00005,3,0.6879296487615283,D35_Hashtag1,1,P3,1.0,True,P3,0.9988009930970372,5.5574694,1.4917544,0.0,0.0,0.019047619047619,IGHM,Artesunate,0.0,0.0,0.3333333333333333,35
D35_Hashtag1|C00006,3,0.6879296487615283,D35_Hashtag1,1,P2,1.0,True,P2,0.9999756210347444,2.5524395,8.105897,1.0,0.0,0.045679012345679,IGHG,Artesunate,1.0,0.0,0.0,35
D35_Hashtag1|C00007,3,0.6879296487615283,D35_Hashtag1,1,P2,0.82,True,P2,0.999963245516802,4.3723545,9.279928,1.0,0.0,0.0320987654320987,IGHG,Artesunate,1.0,0.0,0.0,35
D35_Hashtag1|C00008,3,0.6879296487615283,D35_Hashtag1,1,P2,1.0,True,P2,0.9999806772922688,0.5279844,8.400587,1.0,0.0,0.0333333333333333,IGHG,Artesunate,1.0,0.0,0.0,35
D35_Hashtag1|C00009,3,0.6879296487615283,D35_Hashtag1,1,P3,0.98,True,P3,0.9925575887131176,5.984306,-0.22262427,0.0,0.0,0.0,IGHM,Artesunate,0.0,0.0,0.0,35
D35_Hashtag1|C00010,3,0.6879296487615283,D35_Hashtag1,1,P3,0.3,True,P3,0.5448830920074093,3.275005,5.8552785,0.6666666666666666,0.0,0.0247831474597273,IGHG,Artesunate,0.6666666666666666,0.0,0.0,35
D35_Hashtag1|C00011,2,0.6009291997818285,D35_Hashtag1,1,P2,1.0,True,P2,0.9999517967725112,0.4909708,5.993224,1.0,0.0,0.0263157894736842,IGHG,Artesunate,1.0,0.0,0.0,35
D35_Hashtag1|C00012,2,0.6009291997818285,D35_Hashtag1,1,P2,0.8,True,P2,0.9999999715262368,2.5896528,10.829638,1.0,0.0,0.0333333333333333,IGHG,Artesunate,1.0,0.0,0.0,35
D35_Hashtag1|C00013,2,0.6009291997818285,D35_Hashtag1,1,P2,0.74,True,P2,0.9999568516660048,3.8403,10.133867,1.0,0.0,0.0161290322580645,IGHG,Artesunate,1.0,0.0,0.0,35
D35_Hashtag1|C00014,2,0.6009291997818285,D35_Hashtag1,1,P3,1.0,True,P3,0.9998904821625372,3.18414,2.627844,0.0,0.0,0.0,IGHM,Artesunate,0.0,0.0,0.0,35
D35_Hashtag1|C00015,2,0.6009291997818285,D35_Hashtag1,1,P2,1.0,True,P2,0.9999858755729224,1.8580983,5.9941454,1.0,0.0,0.0071942446043165,IGHG,Artesunate,1.0,0.0,0.0,35
D35_Hashtag1|C00016,2,0.6009291997818285,D35_Hashtag1,1,P2,1.0,True,P2,0.9999975155397348,0.97035474,8.536854,1.0,0.0,0.0388888888888888,IGHG,Artesunate,1.0,0.0,0.0,35
D35_Hashtag1|C00017,2,0.6009291997818285,D35_Hashtag1,1,P3,1.0,True,P3,0.9999999876561532,5.2100887,3.0325577,0.0,0.0,0.0074074074074074,,Artesunate,0.0,0.0,0.0,35
D35_Hashtag1|C00018,2,0.6009291997818285,D35_Hashtag1,1,P2,1.0,True,P2,0.999997741849859,0.79449934,8.675376,1.0,0.0,0.0559701492537313,IGHG,Artesunate,1.0,0.0,0.0,35
D35_Hashtag1|C00019,2,0.6009291997818285,D35_Hashtag1,1,P3,1.0,True,P3,0.9996798863195214,3.8669014,2.4124925,0.0,0.0,0.0,IGHM,Artesunate,0.0,0.0,0.0,35
D35_Hashtag1|C00020,2,0.6009291997818285,D35_Hashtag1,1,P3,1.0,True,P3,0.9991911471424186,3.979533,2.3292174,0.0,0.0,0.0,IGHM,Artesunate,0.0,0.0,0.0,35
D35_Hashtag1|C00021,2,0.6009291997818285,D35_Hashtag1,1,P2,1.0,True,P2,0.9999933334882724,1.571206,9.339634,1.0,0.0,0.0185185185185185,IGHG,Artesunate,1.0,0.0,0.0,35
D35_Hashtag1|C00022,2,0.6009291997818285,D35_Hashtag1,1,P3,1.0,True,P3,0.9643637356020128,4.2048006,3.0869098,0.0,0.0,0.0,IGHM,Artesunate,0.0,0.0,0.0,35
D35_Hashtag1|C00023,2,0.6009291997818285,D35_Hashtag1,1,P2,1.0,True,P2,0.9999986811466384,2.7227066,7.9715037,1.0,0.0,0.024074074074074,,Artesunate,1.0,0.0,0.0,35
D35_Hashtag1|C00024,2,0.6009291997818285,D35_Hashtag1,1,P3,1.0,True,P3,0.9999129189915148,5.2748866,1.7195342,0.0,0.0,0.0,IGHM,Artesunate,0.0,0.0,1.0,35
D35_Hashtag1|C00025,2,0.6009291997818285,D35_Hashtag1,1,P3,0.98,True,P3,0.9982047856654748,6.1906395,-0.9746008,0.0,0.0,0.0,IGHM,Artesunate,0.0,0.0,0.0,35
D35_Hashtag1|C00026,2,0.6009291997818285,D35_Hashtag1,1,P2,1.0,True,P2,0.9999883456520552,2.2982523,7.7020173,1.0,0.0,0.0526315789473684,IGHG,Artesunate,1.0,0.0,0.0,35
D35_Hashtag1|C00027,2,0.6009291997818285,D35_Hashtag1,1,P2,0.78,True,P2,0.999946803709191,3.4170814,9.174634,1.0,0.0,0.0407407407407407,IGHG,Artesunate,1.0,0.0,0.0,35
D35_Hashtag1|C00028,2,0.6009291997818285,D35_Hashtag1,1,P2,0.76,True,P2,0.9944770307026484,3.1633785,6.646241,0.5,0.0,0.0222222222222222,IGHG,Artesunate,0.5,0.0,0.0,35
D35_Hashtag2|C00001,6,0.8096157047243099,D35_Hashtag2,1,P2,0.64,True,P2,0.9989756373965012,4.59665,8.435878,0.0,1.0,0.0333333333333333,IGHG,Artesunate,0.0,1.0,0.0,35
D35_Hashtag2|C00002,5,0.7813975773872784,D35_Hashtag2,1,P3,0.98,True,P3,0.999996446431301,6.3067017,-1.4576641,0.0,0.0,0.0,IGHM,Artesunate,0.0,0.0,0.0,35
D35_Hashtag2|C00003,5,0.7813975773872784,D35_Hashtag2,1,P3,0.98,True,P3,0.999098255686788,6.538294,-1.4988108,0.0,0.0,0.0,IGHM,Artesunate,0.0,0.0,0.0,35
D35_Hashtag2|C00004,3,0.6879296487615283,D35_Hashtag2,1,P3,0.98,True,P3,0.9999988904999856,5.6881833,1.9917617,0.0,0.0,0.0071428571428571,IGHM,Artesunate,0.0,0.0,0.0,35
D35_Hashtag2|C00005,2,0.6009291997818285,D35_Hashtag2,1,P3,1.0,True,P3,0.9999998362698214,5.2910075,2.8801725,0.0,0.0,0.0,IGHM,Artesunate,0.0,0.0,0.0,35
D35_Hashtag2|C00006,2,0.6009291997818285,D35_Hashtag2,1,P3,0.98,True,P3,0.9999849016942572,6.8020525,-1.203015,0.0,0.0,0.0,IGHM,Artesunate,0.0,0.0,0.0,35
D35_Hashtag2|C00007,2,0.6009291997818285,D35_Hashtag2,1,P2,1.0,True,P2,0.9999840314823968,2.458779,6.970662,1.0,0.0,0.037037037037037,IGHG,Artesunate,1.0,0.0,0.0,35
D35_Hashtag2|C00008,2,0.6009291997818285,D35_Hashtag2,1,P2,1.0,True,P2,0.9999992610350746,0.8276274,9.097534,1.0,0.0,0.029520295202952,IGHG,Artesunate,1.0,0.0,0.0,35
D35_Hashtag2|C00009,2,0.6009291997818285,D35_Hashtag2,1,P3,0.98,True,P3,0.999996919775268,6.223733,-1.2896487,0.0,0.0,0.0,IGHM,Artesunate,0.0,0.0,0.0,35
D35_Hashtag2|C00010,2,0.6009291997818285,D35_Hashtag2,1,P2,1.0,True,P2,0.9999460754384848,1.3918742,6.552024,1.0,0.0,0.037174721189591,IGHG,Artesunate,1.0,0.0,0.0,35
D35_Hashtag2|C00011,2,0.6009291997818285,D35_Hashtag2,1,P2,1.0,True,P2,0.999917038185992,1.5811328,7.313792,1.0,0.0,0.0314814814814814,IGHM,Artesunate,1.0,0.0,0.0,35
D35_Hashtag2|C00012,2,0.6009291997818285,D35_Hashtag2,1,P3,1.0,True,P3,0.9944205656259756,3.6331222,3.0306723,0.0,0.0,0.0,IGHM,Artesunate,0.0,0.0,0.0,35
D35_Hashtag2|C00013,2,0.6009291997818285,D35_Hashtag2,1,P2,0.68,True,P2,0.9999337100653842,5.0595307,9.921033,1.0,0.0,0.0296296296296296,IGHG,Artesunate,1.0,0.0,0.0,35
D35_Hashtag2|C00014,2,0.6009291997818285,D35_Hashtag2,1,P2,0.72,True,P2,0.9998773610541772,4.536466,9.595791,1.0,0.0,0.0147058823529411,IGHG,Artesunate,1.0,0.0,0.0,35
D35_Hashtag2|C00015,2,0.6009291997818285,D35_Hashtag2,1,P3,0.98,True,P3,0.9999954333980516,6.1052303,-1.3812822,0.0,0.0,0.0,IGHM,Artesunate,0.0,0.0,0.0,35
D35_Hashtag2|C00016,2,0.6009291997818285,D35_Hashtag2,1,P3,1.0,True,P3,0.9999158958880752,4.681163,2.6747975,0.0,0.0,0.0,IGHM,Artesunate,0.0,0.0,0.0,35
D35_Hashtag2|C00017,2,0.6009291997818285,D35_Hashtag2,1,P2,1.0,True,P2,0.9998902316889146,1.3224218,8.101052,1.0,0.0,0.0333333333333333,,Artesunate,1.0,0.0,0.0,35
D35_Hashtag2|C00018,2,0.6009291997818285,D35_Hashtag2,1,P1,1.0,True,P1,0.9999999935565568,13.968714,5.298191,0.0,1.0,0.0,IGHG,Artesunate,0.0,1.0,0.0,35
D35_Hashtag3|C00001,7,0.8313036265891967,D35_Hashtag3,1,P3,0.98,True,P3,0.9802165915980658,6.139379,-0.51556194,0.0,0.0,0.0,IGHM,Artesunate,0.0,0.0,0.2857142857142857,35
D35_Hashtag3|C00002,6,0.8096157047243099,D35_Hashtag3,1,P3,1.0,True,P3,0.998926000300356,5.6813226,1.1905448,0.0,0.0,0.0083333333333333,IGHM,Artesunate,0.0,0.0,0.3333333333333333,35
D35_Hashtag3|C00003,6,0.8096157047243099,D35_Hashtag3,1,P3,0.98,True,P3,0.9999971681949112,6.272662,-1.6608891,0.0,0.0,0.0006082725060827,IGHM,Artesunate,0.0,0.0,0.0,35
D35_Hashtag3|C00004,6,0.8096157047243099,D35_Hashtag3,1,P3,0.98,True,P3,0.9999991829858386,6.1876807,-1.3913313,0.0,0.0,0.0,IGHM,Artesunate,0.0,0.0,0.0,35
D35_Hashtag3|C00005,4,0.7430974236898071,D35_Hashtag3,1,P2,0.66,True,P2,0.969253450130704,3.638943,10.142172,0.75,0.0,0.0171480144404332,IGHG,Artesunate,0.75,0.0,0.0,35
D35_Hashtag3|C00006,4,0.7430974236898071,D35_Hashtag3,1,P2,0.88,True,P2,0.9997881958333352,1.6858081,6.9527574,0.75,0.0,0.0379629629629629,IGHG,Artesunate,0.75,0.0,0.25,35
D35_Hashtag3|C00007,4,0.7430974236898071,D35_Hashtag3,1,P3,1.0,True,P3,0.9617483161820098,5.7769055,1.0244031,0.0,0.0,0.0,IGHM,Artesunate,0.0,0.0,0.25,35
D35_Hashtag3|C00008,3,0.6879296487615283,D35_Hashtag3,1,P3,0.98,True,P3,0.9929006511543382,6.1334,-0.46097156,0.0,0.0,0.0,IGHM,Artesunate,0.0,0.0,0.0,35
D35_Hashtag3|C00009,3,0.6879296487615283,D35_Hashtag3,1,P3,0.98,True,P3,0.9991149382413208,6.2358327,0.3354317,0.0,0.0,0.0,IGHM,Artesunate,0.0,0.0,0.3333333333333333,35
D35_Hashtag3|C00010,3,0.6879296487615283,D35_Hashtag3,1,P2,1.0,True,P2,0.9999511404322432,0.7948606,7.8660464,1.0,0.0,0.0435323383084577,IGHG,Artesunate,1.0,0.0,0.0,35
D35_Hashtag3|C00011,2,0.6009291997818285,D35_Hashtag3,1,P2,1.0,True,P2,0.9999085656033492,1.3408235,5.616608,1.0,0.0,0.0296296296296296,IGHG,Artesunate,1.0,0.0,0.0,35
D35_Hashtag3|C00012,2,0.6009291997818285,D35_Hashtag3,1,P3,0.34,True,P3,0.7587283482129163,3.1242883,5.0516067,0.5,0.0,0.0226415094339622,IGHG,Artesunate,0.5,0.0,0.5,35
D35_Hashtag3|C00013,2,0.6009291997818285,D35_Hashtag3,1,P3,1.0,True,P3,0.9624911184096584,4.1763415,3.1042092,0.0,0.0,0.0,IGHM,Artesunate,0.0,0.0,0.0,35
D35_Hashtag3|C00014,2,0.6009291997818285,D35_Hashtag3,1,P1,0.68,True,P1,0.999933375946456,7.992279,4.7037096,0.0,0.5,0.0071428571428571,IGHM,Artesunate,0.0,0.5,0.5,35
D35_Hashtag3|C00015,2,0.6009291997818285,D35_Hashtag3,1,P2,1.0,True,P2,0.9999596659336416,0.33519852,6.378068,1.0,0.0,0.0036363636363636,IGHG,Artesunate,1.0,0.0,0.0,35
D35_Hashtag3|C00016,2,0.6009291997818285,D35_Hashtag3,1,P2,0.42,True,P2,0.6132258782091823,5.0758924,6.243498,0.5,0.0,0.0259259259259259,IGHG,Artesunate,0.5,0.0,0.5,35
D35_Hashtag3|C00017,2,0.6009291997818285,D35_Hashtag3,1,P2,0.7,True,P2,0.9997874136626022,3.039715,10.152477,1.0,0.0,0.0452898550724637,IGHG,Artesunate,1.0,0.0,0.0,35
D35_Hashtag3|C00018,2,0.6009291997818285,D35_Hashtag3,1,P2,1.0,True,P2,0.9999656498824416,2.126246,7.1028943,1.0,0.0,0.0239852398523985,IGHG,Artesunate,1.0,0.0,0.0,35
D35_Hashtag3|C00019,2,0.6009291997818285,D35_Hashtag3,1,P2,0.98,True,P2,0.9988815150434128,2.987802,7.5159197,1.0,0.0,0.0390334572490706,IGHG,Artesunate,1.0,0.0,0.0,35
D35_Hashtag3|C00020,2,0.6009291997818285,D35_Hashtag3,1,P2,1.0,True,P2,0.9999213559647114,0.89560217,6.0233054,1.0,0.0,0.0425925925925926,,Artesunate,1.0,0.0,0.0,35
D35_Hashtag3|C00021,2,0.6009291997818285,D35_Hashtag3,1,P3,0.98,True,P3,0.9960547457670954,6.1706653,-0.12341938,0.0,0.0,0.0,IGHM,Artesunate,0.0,0.0,0.0,35
D35_Hashtag3|C00022,2,0.6009291997818285,D35_Hashtag3,1,P2,1.0,True,P2,0.9999908098885388,0.2058862,6.490752,1.0,0.0,0.0314814814814814,IGHG,Artesunate,1.0,0.0,0.0,35
D35_Hashtag3|C00023,2,0.6009291997818285,D35_Hashtag3,1,P3,1.0,True,P3,0.9998042108184793,5.4148855,2.1849828,0.0,0.0,0.0,IGHM,Artesunate,0.0,0.0,0.5,35
D35_Hashtag3|C00024,2,0.6009291997818285,D35_Hashtag3,1,P2,1.0,True,P2,0.9997750291822164,1.2383475,5.885989,1.0,0.0,0.042910447761194,IGHG,Artesunate,1.0,0.0,0.0,35
D35_Hashtag3|C00025,2,0.6009291997818285,D35_Hashtag3,1,P2,0.78,True,P2,0.9975151622786994,4.3428216,9.236235,1.0,0.0,0.037037037037037,IGHG,Artesunate,1.0,0.0,0.0,35
D35_Hashtag3|C00026,2,0.6009291997818285,D35_Hashtag3,1,P2,1.0,True,P2,0.999945173221622,1.9975803,6.2870307,1.0,0.0,0.0159574468085106,IGHG,Artesunate,1.0,0.0,0.0,35
D35_Hashtag3|C00027,2,0.6009291997818285,D35_Hashtag3,1,P2,1.0,True,P2,0.999942205950414,0.19204986,6.3033357,1.0,0.0,0.0481481481481481,IGHG,Artesunate,1.0,0.0,0.0,35
D35_Hashtag3|C00028,2,0.6009291997818285,D35_Hashtag3,1,P1,0.42,True,P1,0.8076779105320521,6.1714416,7.1367173,0.5,0.5,0.024074074074074,IGHG,Artesunate,0.5,0.5,0.0,35
D35_Hashtag3|C00029,2,0.6009291997818285,D35_Hashtag3,1,P2,0.76,True,P2,0.9999887968131002,5.129711,9.923357,1.0,0.0,0.0388888888888888,IGHG,Artesunate,1.0,0.0,0.0,35
D35_Hashtag3|C00030,2,0.6009291997818285,D35_Hashtag3,1,P2,0.68,True,P2,0.9999146903203996,3.0309553,10.231909,1.0,0.0,0.0462962962962962,IGHG,Artesunate,1.0,0.0,0.0,35
D35_Hashtag3|C00031,2,0.6009291997818285,D35_Hashtag3,1,P3,1.0,True,P3,0.993282936728482,5.7039595,1.893088,0.0,0.0,0.0,IGHM,Artesunate,0.0,0.0,0.5,35
D35_Hashtag3|C00032,2,0.6009291997818285,D35_Hashtag3,1,P2,0.64,True,P2,0.9999936223334503,3.4122913,11.48874,1.0,0.0,0.0316901408450704,,Artesunate,1.0,0.0,0.0,35
D35_Hashtag3|C00033,2,0.6009291997818285,D35_Hashtag3,1,P3,0.98,True,P3,0.9999766158755636,4.4755774,4.052735,0.0,0.0,0.0334572490706319,IGHG,Artesunate,0.0,0.0,0.5,35
D35_Hashtag3|C00034,2,0.6009291997818285,D35_Hashtag3,1,P2,1.0,True,P2,0.9999978392945688,2.779918,8.202611,1.0,0.0,0.0518518518518518,IGHG,Artesunate,1.0,0.0,0.0,35
D35_Hashtag3|C00035,2,0.6009291997818285,D35_Hashtag3,1,P2,0.68,True,P2,0.9999833404255188,4.049763,10.032148,1.0,0.0,0.0377358490566037,IGHG,Artesunate,1.0,0.0,0.0,35
D35_Hashtag3|C00036,2,0.6009291997818285,D35_Hashtag3,1,P2,1.0,True,P2,0.9999589135665188,1.1968564,7.1774306,1.0,0.0,0.0446096654275093,IGHG,Artesunate,1.0,0.0,0.0,35
D35_Hashtag4|C00001,8,0.848510032690162,D35_Hashtag4,1,P2,0.64,True,P2,0.9995719149453016,3.6497672,11.4331455,0.875,0.125,0.0252808988764044,IGHG,Saline,0.875,0.125,0.0,35
D35_Hashtag4|C00002,6,0.8096157047243099,D35_Hashtag4,1,P2,0.54,True,P2,0.9870480813805784,4.6959934,7.057618,0.6666666666666666,0.0,0.0172839506172839,IGHG,Saline,0.6666666666666666,0.0,0.3333333333333333,35
D35_Hashtag4|C00003,5,0.7813975773872784,D35_Hashtag4,1,P2,0.7,True,P2,0.9418253177394263,5.038256,8.644369,0.8,0.2,0.0385185185185185,IGHG,Saline,0.8,0.2,0.0,35
D35_Hashtag4|C00004,4,0.7430974236898071,D35_Hashtag4,1,P2,0.44,True,P2,0.769391245832543,3.7347088,11.302436,0.75,0.25,0.0072463768115942,IGHG,Saline,0.75,0.25,0.0,35
D35_Hashtag4|C00005,4,0.7430974236898071,D35_Hashtag4,1,P3,0.98,True,P3,0.9999996370219808,6.953696,-0.4391318,0.0,0.0,0.0,IGHM,Saline,0.0,0.0,0.5,35
D35_Hashtag4|C00006,4,0.7430974236898071,D35_Hashtag4,1,P3,0.98,True,P3,0.999989805549328,5.9732428,-1.4161828,0.0,0.0,0.0,IGHM,Saline,0.0,0.0,0.0,35
D35_Hashtag4|C00007,4,0.7430974236898071,D35_Hashtag4,1,P2,0.88,True,P2,0.9998057013904532,3.3080301,9.383163,1.0,0.0,0.0194444444444444,IGHG,Saline,1.0,0.0,0.0,35
D35_Hashtag4|C00008,3,0.6879296487615283,D35_Hashtag4,1,P2,0.72,True,P2,0.9997043721080456,4.1982584,8.627786,1.0,0.0,0.0135802469135802,IGHM,Saline,1.0,0.0,0.0,35
D35_Hashtag4|C00009,3,0.6879296487615283,D35_Hashtag4,1,P3,0.34,True,P3,0.8827642524251722,3.6397579,5.9019747,0.6666666666666666,0.0,0.045510455104551,IGHG,Saline,0.6666666666666666,0.0,0.0,35
D35_Hashtag4|C00010,3,0.6879296487615283,D35_Hashtag4,1,P1,0.62,True,P1,0.7864781982804241,7.3784633,5.2467704,0.3333333333333333,0.3333333333333333,0.0037735849056603,IGHG,Saline,0.3333333333333333,0.3333333333333333,0.3333333333333333,35
D35_Hashtag4|C00011,3,0.6879296487615283,D35_Hashtag4,1,P2,0.82,True,P2,0.9991577335306292,3.851347,8.821287,1.0,0.0,0.0358024691358024,IGHG,Saline,1.0,0.0,0.0,35
D35_Hashtag4|C00012,3,0.6879296487615283,D35_Hashtag4,1,P3,0.36,True,P3,0.8054902985067387,3.2555492,5.43307,0.6666666666666666,0.0,0.0071428571428571,IGHG,Saline,0.6666666666666666,0.0,0.3333333333333333,35
D35_Hashtag4|C00013,3,0.6879296487615283,D35_Hashtag4,1,P1,0.44,True,P1,0.9699300902655924,7.056398,5.9907265,0.3333333333333333,0.3333333333333333,0.0062421972534332,IGHG,Saline,0.3333333333333333,0.3333333333333333,0.0,35
D35_Hashtag4|C00014,3,0.6879296487615283,D35_Hashtag4,1,P2,1.0,True,P2,0.9999149997240429,1.4394757,6.5682416,1.0,0.0,0.0497512437810945,IGHG,Saline,1.0,0.0,0.0,35
D35_Hashtag4|C00015,3,0.6879296487615283,D35_Hashtag4,1,P2,0.66,True,P2,0.999959581958441,3.311141,10.710458,1.0,0.0,0.0320987654320987,IGHG,Saline,1.0,0.0,0.0,35
D35_Hashtag4|C00016,3,0.6879296487615283,D35_Hashtag4,1,P3,0.98,True,P3,0.9999999999999858,6.9129314,-0.60264033,0.0,0.0,0.0,IGHM,Saline,0.0,0.0,0.6666666666666666,35
D35_Hashtag4|C00017,3,0.6879296487615283,D35_Hashtag4,1,P2,0.66,True,P2,0.9999817062946325,4.7057767,11.030465,1.0,0.0,0.0160493827160493,IGHG,Saline,1.0,0.0,0.0,35
D35_Hashtag4|C00018,3,0.6879296487615283,D35_Hashtag4,1,P2,0.54,True,P2,0.9932674653733412,4.619008,7.013398,0.6666666666666666,0.0,0.0297954694178744,IGHG,Saline,0.6666666666666666,0.0,0.3333333333333333,35
D35_Hashtag4|C00019,3,0.6879296487615283,D35_Hashtag4,1,P2,1.0,True,P2,0.9999534433430778,1.493983,8.771389,1.0,0.0,0.0209876543209876,IGHG,Saline,1.0,0.0,0.0,35
D35_Hashtag4|C00020,2,0.6009291997818285,D35_Hashtag4,1,P2,1.0,True,P2,0.9999426911094498,2.3265195,6.745172,1.0,0.0,0.0390334572490706,IGHG,Saline,1.0,0.0,0.0,35
D35_Hashtag4|C00021,2,0.6009291997818285,D35_Hashtag4,1,P2,0.76,True,P2,0.9999960160913224,2.7862659,9.82776,1.0,0.0,0.0261487050960735,IGHG,Saline,1.0,0.0,0.0,35
D35_Hashtag4|C00022,2,0.6009291997818285,D35_Hashtag4,1,P2,1.0,True,P2,0.9993545770184868,1.0827428,6.989063,1.0,0.0,0.0150943396226415,IGHG,Saline,1.0,0.0,0.0,35
D35_Hashtag4|C00023,2,0.6009291997818285,D35_Hashtag4,1,P2,1.0,True,P2,0.9985208286148436,1.4157058,7.6907363,1.0,0.0,0.0574074074074074,IGHG,Saline,1.0,0.0,0.0,35
D35_Hashtag4|C00024,2,0.6009291997818285,D35_Hashtag4,1,P2,0.9,True,P2,0.9991973381719136,3.0041664,8.6939535,1.0,0.0,0.0281954887218045,IGHG,Saline,1.0,0.0,0.0,35
D35_Hashtag4|C00025,2,0.6009291997818285,D35_Hashtag4,1,P3,1.0,True,P3,0.999935316589362,3.0484097,2.9081302,0.0,0.0,0.0,IGHM,Saline,0.0,0.0,0.0,35
D35_Hashtag4|C00026,2,0.6009291997818285,D35_Hashtag4,1,P3,0.98,True,P3,0.9998539456537772,5.800239,0.56152976,0.0,0.0,0.0089285714285714,IGHM,Saline,0.0,0.0,0.0,35
D35_Hashtag4|C00027,2,0.6009291997818285,D35_Hashtag4,1,P3,1.0,True,P3,0.9956015870809192,4.3574114,2.6467345,0.0,0.0,0.0,IGHM,Saline,0.0,0.0,0.0,35
D35_Hashtag4|C00028,2,0.6009291997818285,D35_Hashtag4,1,P1,1.0,True,P1,0.9999999839639174,14.879067,5.6948614,0.0,1.0,0.0074906367041198,IGHG,Saline,0.0,1.0,0.0,35
D35_Hashtag4|C00029,2,0.6009291997818285,D35_Hashtag4,1,P2,0.74,True,P2,0.9974587806389332,2.9122808,9.451454,1.0,0.0,0.0333333333333333,IGHG,Saline,1.0,0.0,0.0,35
D35_Hashtag4|C00030,2,0.6009291997818285,D35_Hashtag4,1,P3,0.36,True,P3,0.8122299491789725,3.6875367,5.201889,0.5,0.0,0.037037037037037,IGHG,Saline,0.5,0.0,0.5,35
D35_Hashtag4|C00031,2,0.6009291997818285,D35_Hashtag4,1,P2,1.0,True,P2,0.9999999999935908,1.4113241,9.196207,1.0,0.0,0.024074074074074,IGHG,Saline,1.0,0.0,0.0,35
D35_Hashtag4|C00032,2,0.6009291997818285,D35_Hashtag4,1,P2,1.0,True,P2,0.9997989938204448,1.1648679,7.36194,1.0,0.0,0.028280929596719,IGHG,Saline,1.0,0.0,0.0,35
D35_Hashtag4|C00033,2,0.6009291997818285,D35_Hashtag4,1,P1,1.0,True,P1,0.9999999984539444,14.618147,5.489975,0.0,1.0,0.0089285714285714,IGHG,Saline,0.0,1.0,0.0,35
D35_Hashtag4|C00034,2,0.6009291997818285,D35_Hashtag4,1,P2,0.64,True,P2,0.999955349331153,3.4952943,11.307738,1.0,0.0,0.019927536231884,IGHG,Saline,1.0,0.0,0.0,35
D35_Hashtag4|C00035,2,0.6009291997818285,D35_Hashtag4,1,P2,0.72,True,P2,0.9999465597415916,3.8853962,9.839053,1.0,0.0,0.0197841726618705,IGHG,Saline,1.0,0.0,0.0,35
D35_Hashtag4|C00036,2,0.6009291997818285,D35_Hashtag4,1,P2,0.64,True,P2,0.9999921419991946,4.3575916,10.569245,1.0,0.0,0.0293040293040293,IGHG,Saline,1.0,0.0,0.0,35
D35_Hashtag4|C00037,2,0.6009291997818285,D35_Hashtag4,1,P2,1.0,True,P2,0.99999999999892,1.5411437,9.678051,1.0,0.0,0.026978417266187,IGHG,Saline,1.0,0.0,0.0,35
D35_Hashtag4|C00038,2,0.6009291997818285,D35_Hashtag4,1,P2,1.0,True,P2,0.9999999999991688,1.5420811,9.611633,1.0,0.0,0.0228070175438596,IGHG,Saline,1.0,0.0,0.0,35
D35_Hashtag4|C00039,2,0.6009291997818285,D35_Hashtag4,1,P2,0.7,True,P2,0.999937078173222,4.725574,9.43278,1.0,0.0,0.0425925925925926,,Saline,1.0,0.0,0.0,35
D35_Hashtag4|C00040,2,0.6009291997818285,D35_Hashtag4,1,P2,1.0,True,P2,0.999635146907224,1.0257608,6.7294583,1.0,0.0,0.024074074074074,,Saline,1.0,0.0,0.0,35
D35_Hashtag4|C00041,2,0.6009291997818285,D35_Hashtag4,1,P3,0.66,True,P3,0.999999999871207,4.331545,5.295157,0.5,0.0,0.0018450184501845,IGHM,Saline,0.5,0.0,0.0,35
D35_Hashtag4|C00042,2,0.6009291997818285,D35_Hashtag4,1,P2,0.72,True,P2,0.9951395156546634,4.08899,8.450474,1.0,0.0,0.0203703703703703,IGHG,Saline,1.0,0.0,0.0,35
D35_Hashtag4|C00043,2,0.6009291997818285,D35_Hashtag4,1,P3,0.64,True,P3,0.9999999999901804,4.590749,4.988387,0.5,0.0,0.0074074074074074,IGHG,Saline,0.5,0.0,0.0,35
D35_Hashtag4|C00044,2,0.6009291997818285,D35_Hashtag4,1,P3,0.98,True,P3,0.9999788734595269,6.949998,-0.6448777,0.0,0.0,0.0,IGHM,Saline,0.0,0.0,0.5,35
D35_Hashtag4|C00045,2,0.6009291997818285,D35_Hashtag4,1,P1,0.82,True,P1,0.9999993196806156,6.9092083,6.7258863,0.5,0.5,0.0351851851851851,IGHG,Saline,0.5,0.5,0.0,35
D35_Hashtag4|C00046,2,0.6009291997818285,D35_Hashtag4,1,P1,0.68,True,P1,0.9655801396016702,8.779631,4.827815,0.0,0.5,0.0,IGHM,Saline,0.0,0.5,0.0,35
D35_Hashtag4|C00047,2,0.6009291997818285,D35_Hashtag4,1,P2,0.64,True,P2,0.9999998874848608,4.350206,11.595121,1.0,0.0,0.0444444444444444,IGHG,Saline,1.0,0.0,0.0,35
D35_Hashtag4|C00048,2,0.6009291997818285,D35_Hashtag4,1,P2,0.8,True,P2,0.9999735944555942,2.8631377,10.134772,1.0,0.0,0.0222222222222222,IGHG,Saline,1.0,0.0,0.0,35
D35_Hashtag4|C00049,2,0.6009291997818285,D35_Hashtag4,1,P2,1.0,True,P2,0.9999515837840164,2.1280055,8.3597765,1.0,0.0,0.0333333333333333,IGHG,Saline,1.0,0.0,0.0,35
D35_Hashtag4|C00050,2,0.6009291997818285,D35_Hashtag4,1,P2,0.44,True,P2,0.8970543915372633,5.015091,7.570715,0.0,1.0,0.0333333333333333,IGHG,Saline,0.0,1.0,0.0,35
D35_Hashtag4|C00051,2,0.6009291997818285,D35_Hashtag4,1,P2,1.0,True,P2,0.9999136528500944,2.3725345,6.4793777,1.0,0.0,0.0148148148148148,IGHG,Saline,1.0,0.0,0.0,35
D35_Hashtag4|C00052,2,0.6009291997818285,D35_Hashtag4,1,P2,1.0,True,P2,0.9998974392446266,0.531304,6.6590934,1.0,0.0,0.0185185185185185,IGHG,Saline,1.0,0.0,0.0,35
D35_Hashtag4|C00053,2,0.6009291997818285,D35_Hashtag4,1,P3,1.0,True,P3,0.9999999938509204,5.5368795,2.5160391,0.0,0.0,0.0,IGHM,Saline,0.0,0.0,0.0,35
D35_Hashtag4|C00054,2,0.6009291997818285,D35_Hashtag4,1,P2,0.76,True,P2,0.999987244360508,5.282097,9.427017,1.0,0.0,0.0388888888888888,IGHG,Saline,1.0,0.0,0.0,35
D35_Hashtag4|C00055,2,0.6009291997818285,D35_Hashtag4,1,P2,1.0,True,P2,0.9999704986098504,0.46771523,7.4392085,1.0,0.0,0.0223048327137546,,Saline,1.0,0.0,0.0,35
D35_Hashtag4|C00056,2,0.6009291997818285,D35_Hashtag4,1,P1,0.52,True,P1,0.9999999999999432,7.943055,7.3784,0.5,0.5,0.0352333746385791,IGHG,Saline,0.5,0.5,0.0,35
D35_Hashtag4|C00057,2,0.6009291997818285,D35_Hashtag4,1,P2,0.62,True,P2,0.7696036203161962,2.697146,5.1527724,1.0,0.0,0.0334572490706319,IGHG,Saline,1.0,0.0,0.0,35
D35_Hashtag4|C00058,2,0.6009291997818285,D35_Hashtag4,1,P1,0.58,True,P1,0.9996668898390888,6.8878775,6.5882807,0.5,0.5,0.0469924812030075,IGHG,Saline,0.5,0.5,0.0,35
D35_Hashtag4|C00059,2,0.6009291997818285,D35_Hashtag4,1,P1,0.72,True,P1,0.9999437768466702,6.727665,6.606567,0.5,0.5,0.0185185185185185,IGHG,Saline,0.5,0.5,0.0,35
D35_Hashtag4|C00060,2,0.6009291997818285,D35_Hashtag4,1,P2,0.64,True,P2,0.999999702632424,4.440451,11.420142,1.0,0.0,0.0615671641791044,IGHG,Saline,1.0,0.0,0.0,35
D35_Hashtag4|C00061,2,0.6009291997818285,D35_Hashtag4,1,P2,0.72,True,P2,0.9991475659306388,4.452296,8.359646,1.0,0.0,0.042910447761194,IGHG,Saline,1.0,0.0,0.0,35
D35_Hashtag4|C00062,2,0.6009291997818285,D35_Hashtag4,1,P2,0.78,True,P2,0.9997662903880284,3.8050022,9.347551,1.0,0.0,0.0259259259259259,IGHG,Saline,1.0,0.0,0.0,35
D35_Hashtag4|C00063,2,0.6009291997818285,D35_Hashtag4,1,P2,0.64,True,P2,0.9999946203267636,4.304533,11.108428,1.0,0.0,0.0260223048327137,IGHG,Saline,1.0,0.0,0.0,35
D35_Hashtag4|C00064,2,0.6009291997818285,D35_Hashtag4,1,P2,0.68,True,P2,0.9999540927427047,3.9671557,8.507558,1.0,0.0,0.0333333333333333,IGHG,Saline,1.0,0.0,0.0,35
D35_Hashtag4|C00065,2,0.6009291997818285,D35_Hashtag4,1,P2,0.28,True,P2,0.8018560159911403,5.100633,6.9408927,0.5,0.0,0.0427509293680297,IGHG,Saline,0.5,0.0,0.5,35
D35_Hashtag4|C00066,2,0.6009291997818285,D35_Hashtag4,1,P3,0.98,True,P3,1.0,4.813002,4.7269297,0.0,0.0,0.0129629629629629,IGHM,Saline,0.0,0.0,0.0,35
D35_Hashtag4|C00067,2,0.6009291997818285,D35_Hashtag4,1,P2,0.64,True,P2,0.999998797647704,4.446278,11.356236,1.0,0.0,0.0211267605633802,IGHG,Saline,1.0,0.0,0.0,35
D35_Hashtag4|C00068,2,0.6009291997818285,D35_Hashtag4,1,P3,0.98,True,P3,0.9999999998820216,4.6483397,4.091973,0.0,0.0,0.0071174377224199,IGHG,Saline,0.0,0.0,0.5,35
D35_Hashtag4|C00069,2,0.6009291997818285,D35_Hashtag4,1,P2,1.0,True,P2,0.9995340699316544,1.5192068,5.586735,1.0,0.0,0.0279850746268656,IGHG,Saline,1.0,0.0,0.0,35
D35_Hashtag4|C00070,2,0.6009291997818285,D35_Hashtag4,1,P3,0.62,True,P3,0.9961416713210332,3.6359193,4.4566774,0.5,0.0,0.0388888888888888,IGHG,Saline,0.5,0.0,0.5,35
D35_Hashtag4|C00071,2,0.6009291997818285,D35_Hashtag4,1,P2,0.74,True,P2,0.99942720883183,4.167219,8.526075,1.0,0.0,0.0430381509328877,IGHG,Saline,1.0,0.0,0.0,35
D35_Hashtag4|C00072,2,0.6009291997818285,D35_Hashtag4,1,P2,0.72,True,P2,0.9999959381832112,4.302492,9.467648,1.0,0.0,0.0185185185185185,IGHG,Saline,1.0,0.0,0.0,35
D35_Hashtag4|C00073,2,0.6009291997818285,D35_Hashtag4,1,P2,0.64,True,P2,0.9999997887614366,4.532294,11.140156,1.0,0.0,0.0222222222222222,IGHG,Saline,1.0,0.0,0.0,35
D35_Hashtag4|C00074,2,0.6009291997818285,D35_Hashtag4,1,P2,1.0,True,P2,0.9595851497058234,2.4183621,5.093451,1.0,0.0,0.0148148148148148,IGHG,Saline,1.0,0.0,0.0,35
D35_Hashtag4|C00075,2,0.6009291997818285,D35_Hashtag4,1,P2,0.8,True,P2,0.9978647560989048,3.757962,8.282707,1.0,0.0,0.037174721189591,IGHG,Saline,1.0,0.0,0.0,35
D35_Hashtag4|C00076,2,0.6009291997818285,D35_Hashtag4,1,P2,0.64,True,P2,0.9999867745329888,4.352801,11.219702,1.0,0.0,0.0333333333333333,IGHG,Saline,1.0,0.0,0.0,35
D35_Hashtag4|C00077,2,0.6009291997818285,D35_Hashtag4,1,P1,0.62,True,P1,0.963739902568281,7.5939493,5.1204863,0.0,0.5,0.024074074074074,IGHG,Saline,0.0,0.5,0.0,35
D35_Hashtag4|C00078,2,0.6009291997818285,D35_Hashtag4,1,P2,0.72,True,P2,0.9999995139642168,2.7441916,10.920276,1.0,0.0,0.0259259259259259,IGHG,Saline,1.0,0.0,0.0,35
D35_Hashtag4|C00079,2,0.6009291997818285,D35_Hashtag4,1,P2,1.0,True,P2,0.9992022841913598,0.95164573,6.0660267,1.0,0.0,0.0185185185185185,IGHG,Saline,1.0,0.0,0.0,35
D35_Hashtag4|C00080,2,0.6009291997818285,D35_Hashtag4,1,P2,1.0,True,P2,0.9999222638866851,0.40741485,6.333539,1.0,0.0,0.0277777777777777,IGHG,Saline,1.0,0.0,0.0,35
D35_Hashtag4|C00081,2,0.6009291997818285,D35_Hashtag4,1,P2,1.0,True,P2,0.999342168778912,1.2306875,7.090716,1.0,0.0,0.0111524163568773,IGHG,Saline,1.0,0.0,0.0,35
D35_Hashtag4|C00082,2,0.6009291997818285,D35_Hashtag4,1,P3,0.22,True,P3,0.9832579730246775,3.5464566,4.7841506,0.5,0.0,0.0351851851851851,IGHG,Saline,0.5,0.0,0.0,35
D35_Hashtag4|C00083,2,0.6009291997818285,D35_Hashtag4,1,P2,0.8,True,P2,0.9999943565497,2.844663,10.921188,1.0,0.0,0.0296296296296296,IGHG,Saline,1.0,0.0,0.0,35
D35_Hashtag4|C00084,2,0.6009291997818285,D35_Hashtag4,1,P2,0.64,True,P2,0.9997460907998652,3.9400454,10.979686,1.0,0.0,0.0462962962962962,IGHG,Saline,1.0,0.0,0.0,35
D35_Hashtag4|C00085,2,0.6009291997818285,D35_Hashtag4,1,P3,1.0,True,P3,0.9995958030391514,3.335904,2.6238225,0.0,0.0,0.0,IGHM,Saline,0.0,0.0,0.0,35
D35_Hashtag4|C00086,2,0.6009291997818285,D35_Hashtag4,1,P1,0.7,True,P1,0.9999960524069464,6.929752,6.9953117,0.5,0.5,0.0111111111111111,IGHG,Saline,0.5,0.5,0.0,35
D35_Hashtag4|C00087,2,0.6009291997818285,D35_Hashtag4,1,P2,1.0,True,P2,0.999997918320552,1.029288,8.775584,1.0,0.0,0.0388888888888888,IGHG,Saline,1.0,0.0,0.0,35
D35_Hashtag4|C00088,2,0.6009291997818285,D35_Hashtag4,1,P2,0.76,True,P2,0.9999436018236458,3.8128457,9.981763,1.0,0.0,0.0259259259259259,IGHG,Saline,1.0,0.0,0.0,35
D35_Hashtag5|C00001,6,0.8096157047243099,D35_Hashtag5,1,P3,0.98,True,P3,0.9998797933117562,7.0550427,-0.4635098,0.0,0.0,0.0,IGHM,Saline,0.0,0.0,0.5,35
D35_Hashtag5|C00002,3,0.6879296487615283,D35_Hashtag5,1,P2,0.84,True,P2,0.9999293539859554,3.234662,8.738314,1.0,0.0,0.0435323383084577,IGHG,Saline,1.0,0.0,0.0,35
D35_Hashtag5|C00003,3,0.6879296487615283,D35_Hashtag5,1,P1,0.86,True,P1,0.999514306902283,14.555244,5.7345653,0.0,0.6666666666666666,0.0271604938271604,IGHG,Saline,0.0,0.6666666666666666,0.3333333333333333,35
D35_Hashtag5|C00004,2,0.6009291997818285,D35_Hashtag5,1,P1,0.62,True,P1,0.9820439447200678,7.2511625,4.067374,1.0,0.0,0.0,IGHM,Saline,1.0,0.0,0.0,35
D35_Hashtag5|C00005,2,0.6009291997818285,D35_Hashtag5,1,P2,1.0,True,P2,0.9995070255375926,1.0233161,7.269527,1.0,0.0,0.0333333333333333,IGHG,Saline,1.0,0.0,0.0,35
D35_Hashtag5|C00006,2,0.6009291997818285,D35_Hashtag5,1,P2,1.0,True,P2,0.9999968209588074,0.64431673,8.691602,1.0,0.0,0.0575539568345323,IGHG,Saline,1.0,0.0,0.0,35
D35_Hashtag5|C00007,2,0.6009291997818285,D35_Hashtag5,1,P2,1.0,True,P2,0.999996608200615,0.71357113,8.9269705,1.0,0.0,0.0338345864661654,IGHG,Saline,1.0,0.0,0.0,35
D35_Hashtag5|C00008,2,0.6009291997818285,D35_Hashtag5,1,P2,0.78,True,P2,0.9999999988189644,2.6006794,10.9827,1.0,0.0,0.0314814814814814,IGHG,Saline,1.0,0.0,0.0,35
D35_Hashtag5|C00009,2,0.6009291997818285,D35_Hashtag5,1,P2,0.76,True,P2,0.9990734881256034,4.3854713,8.98901,1.0,0.0,0.0129629629629629,IGHG,Saline,1.0,0.0,0.0,35
D35_Hashtag5|C00010,2,0.6009291997818285,D35_Hashtag5,1,P2,0.74,True,P2,0.9998975756229068,4.355487,10.104611,1.0,0.0,0.0555555555555555,IGHG,Saline,1.0,0.0,0.0,35
D35_Hashtag5|C00011,2,0.6009291997818285,D35_Hashtag5,1,P2,0.72,True,P2,0.9999543776833496,4.7318873,8.650985,1.0,0.0,0.0333333333333333,IGHG,Saline,1.0,0.0,0.0,35
D35_Hashtag5|C00012,2,0.6009291997818285,D35_Hashtag5,1,P2,0.78,True,P2,0.9999936699446696,4.5072207,10.005226,1.0,0.0,0.0333333333333333,IGHG,Saline,1.0,0.0,0.0,35
D35_Hashtag5|C00013,2,0.6009291997818285,D35_Hashtag5,1,P3,0.28,True,P3,0.7357618873483316,3.978009,5.839494,0.5,0.0,0.0259259259259259,IGHG,Saline,0.5,0.0,0.5,35
D35_Hashtag5|C00014,2,0.6009291997818285,D35_Hashtag5,1,P2,0.64,True,P2,0.9999880104119088,4.162527,10.518589,1.0,0.0,0.0222222222222222,IGHG,Saline,1.0,0.0,0.0,35
D35_Hashtag5|C00015,2,0.6009291997818285,D35_Hashtag5,1,P2,1.0,True,P2,0.9992872807918092,1.7643461,6.7066445,1.0,0.0,0.0296296296296296,IGHG,Saline,1.0,0.0,0.0,35
D35_Hashtag5|C00016,2,0.6009291997818285,D35_Hashtag5,1,P3,0.98,True,P3,0.999999969074992,4.588723,4.070118,0.0,0.0,0.0,IGHM,Saline,0.0,0.0,0.0,35
D35_Hashtag5|C00017,2,0.6009291997818285,D35_Hashtag5,1,P3,0.98,True,P3,0.9998905552945162,6.3858333,-1.3884383,0.0,0.0,0.0,IGHM,Saline,0.0,0.0,0.0,35
D35_Hashtag5|C00018,2,0.6009291997818285,D35_Hashtag5,1,P3,0.98,True,P3,0.999997476539108,6.868433,-0.19965155,0.0,0.0,0.0,IGHM,Saline,0.0,0.0,0.5,35
D35_Hashtag5|C00019,2,0.6009291997818285,D35_Hashtag5,1,P2,0.72,True,P2,0.999978647749308,3.5852563,9.881569,1.0,0.0,0.0130597014925373,IGHG,Saline,1.0,0.0,0.0,35
D35_Hashtag5|C00020,2,0.6009291997818285,D35_Hashtag5,1,P2,0.64,True,P2,0.9999840395423274,4.323765,11.485457,1.0,0.0,0.0481481481481481,IGHG,Saline,1.0,0.0,0.0,35
D35_Hashtag5|C00021,2,0.6009291997818285,D35_Hashtag5,1,P3,1.0,True,P3,0.9999151027616074,3.7252898,2.2363274,0.0,0.0,0.0,IGHM,Saline,0.0,0.0,0.0,35
D35_Hashtag5|C00022,2,0.6009291997818285,D35_Hashtag5,1,P2,0.74,True,P2,0.9999451261070518,3.5970144,9.4271145,1.0,0.0,0.0277777777777777,IGHG,Saline,1.0,0.0,0.0,35
D35_Hashtag6|C00001,6,0.8096157047243099,D35_Hashtag6,1,P2,1.0,True,P2,0.9997646117916318,0.9681297,8.002208,1.0,0.0,0.0222222222222222,IGHG,Saline,1.0,0.0,0.0,35
D35_Hashtag6|C00002,6,0.8096157047243099,D35_Hashtag6,1,P2,0.68,True,P2,0.9999072191158844,4.3102384,10.324201,1.0,0.0,0.026095561210065,IGHG,Saline,1.0,0.0,0.0,35
D35_Hashtag6|C00003,4,0.7430974236898071,D35_Hashtag6,1,P2,0.86,True,P2,0.9998586832566184,3.0912755,7.539951,1.0,0.0,0.0277777777777777,IGHG,Saline,1.0,0.0,0.0,35
D35_Hashtag6|C00004,4,0.7430974236898071,D35_Hashtag6,1,P3,0.98,True,P3,0.959663783636492,6.18644,-0.67918426,0.0,0.0,0.0,IGHM,Saline,0.0,0.0,0.25,35
D35_Hashtag6|C00005,3,0.6879296487615283,D35_Hashtag6,1,P2,0.72,True,P2,0.9998155619466458,4.019485,9.931467,1.0,0.0,0.0087390761548064,IGHG,Saline,1.0,0.0,0.0,35
D35_Hashtag6|C00006,3,0.6879296487615283,D35_Hashtag6,1,P2,0.66,True,P2,0.992881099307982,4.6597347,6.9269814,0.6666666666666666,0.0,0.0200501253132832,IGHM,Saline,0.6666666666666666,0.0,0.0,35
D35_Hashtag6|C00007,3,0.6879296487615283,D35_Hashtag6,1,P3,0.36,True,P3,0.9821332883540652,3.5929623,5.5994773,0.6666666666666666,0.0,0.0251798561151079,IGHG,Saline,0.6666666666666666,0.0,0.0,35
D35_Hashtag6|C00008,3,0.6879296487615283,D35_Hashtag6,1,P2,0.54,True,P2,0.8798401108514268,4.7418575,7.726459,0.6666666666666666,0.0,0.0148148148148148,IGHG,Saline,0.6666666666666666,0.0,0.0,35
D35_Hashtag6|C00009,3,0.6879296487615283,D35_Hashtag6,1,P2,0.76,True,P2,0.9999820046395342,4.16505,9.835698,1.0,0.0,0.028395061728395,IGHG,Saline,1.0,0.0,0.0,35
D35_Hashtag6|C00010,3,0.6879296487615283,D35_Hashtag6,1,P2,0.8,True,P2,0.9999649889788744,3.9775248,9.020895,1.0,0.0,0.0353535353535353,IGHG,Saline,1.0,0.0,0.0,35
D35_Hashtag6|C00011,3,0.6879296487615283,D35_Hashtag6,1,P2,1.0,True,P2,0.9998233351440318,0.6380165,6.0867224,1.0,0.0,0.0320987654320987,IGHG,Saline,1.0,0.0,0.0,35
D35_Hashtag6|C00012,2,0.6009291997818285,D35_Hashtag6,1,P2,0.8,True,P2,0.9995803333401562,3.9117653,7.6508007,1.0,0.0,0.0195729537366548,IGHG,Saline,1.0,0.0,0.0,35
D35_Hashtag6|C00013,2,0.6009291997818285,D35_Hashtag6,1,P3,0.98,True,P3,0.995277379728966,5.6557403,1.038269,0.0,0.0,0.0092592592592592,IGHM,Saline,0.0,0.0,0.5,35
D35_Hashtag6|C00014,2,0.6009291997818285,D35_Hashtag6,1,P3,1.0,True,P3,0.9999999999840412,4.6926103,4.3479147,0.0,0.0,0.0,IGHM,Saline,0.0,0.0,0.0,35
D35_Hashtag6|C00015,2,0.6009291997818285,D35_Hashtag6,1,P3,1.0,True,P3,0.9993867232003016,4.4590654,3.0107815,0.0,0.0,0.0,IGHM,Saline,0.0,0.0,0.0,35
D35_Hashtag6|C00016,2,0.6009291997818285,D35_Hashtag6,1,P3,1.0,True,P3,0.9999991440364052,4.491962,2.517059,0.0,0.0,0.0,,Saline,0.0,0.0,0.0,35
D35_Hashtag6|C00017,2,0.6009291997818285,D35_Hashtag6,1,P2,0.8,True,P2,0.9999663892969998,3.2632403,9.03536,1.0,0.0,0.0344202898550724,IGHG,Saline,1.0,0.0,0.0,35
D35_Hashtag6|C00018,2,0.6009291997818285,D35_Hashtag6,1,P2,1.0,True,P2,0.995972423008641,2.0133731,7.604453,1.0,0.0,0.0398550724637681,IGHG,Saline,1.0,0.0,0.0,35
D35_Hashtag6|C00019,2,0.6009291997818285,D35_Hashtag6,1,P2,0.8,True,P2,0.9999049344676983,2.6469302,10.161484,1.0,0.0,0.0185185185185185,IGHG,Saline,1.0,0.0,0.0,35
D35_Hashtag6|C00020,2,0.6009291997818285,D35_Hashtag6,1,P3,0.74,True,P3,0.999953213913412,4.002282,5.08558,0.5,0.0,0.0277777777777777,IGHG,Saline,0.5,0.0,0.0,35
D35_Hashtag6|C00021,2,0.6009291997818285,D35_Hashtag6,1,P2,0.72,True,P2,0.9999737646108524,5.149303,9.594932,1.0,0.0,0.0518518518518518,IGHG,Saline,1.0,0.0,0.0,35
D35_Hashtag6|C00022,2,0.6009291997818285,D35_Hashtag6,1,P2,0.46,True,P2,0.8275636561925109,5.1023154,6.7329063,0.5,0.0,0.0278810408921933,IGHG,Saline,0.5,0.0,0.0,35
D35_Hashtag6|C00023,2,0.6009291997818285,D35_Hashtag6,1,P2,0.76,True,P2,0.9992050944598724,4.6559615,8.787568,1.0,0.0,0.0481481481481481,IGHG,Saline,1.0,0.0,0.0,35
D35_Hashtag6|C00024,2,0.6009291997818285,D35_Hashtag6,1,P3,0.6,True,P3,0.9745213480569456,3.7981994,4.570105,0.5,0.0,0.0206766917293233,IGHG,Saline,0.5,0.0,0.5,35
D35_Hashtag6|C00025,2,0.6009291997818285,D35_Hashtag6,1,P2,1.0,True,P2,0.9999782963624676,1.7757388,8.475193,1.0,0.0,0.0123239436619718,IGHG,Saline,1.0,0.0,0.0,35
D35_Hashtag6|C00026,2,0.6009291997818285,D35_Hashtag6,1,P2,1.0,True,P2,0.9999999999999928,1.7060153,9.856938,1.0,0.0,0.0222222222222222,IGHG,Saline,1.0,0.0,0.0,35
D35_Hashtag6|C00027,2,0.6009291997818285,D35_Hashtag6,1,P2,1.0,True,P2,0.999910785376881,0.8240124,6.558941,1.0,0.0,0.0223048327137546,IGHG,Saline,1.0,0.0,0.0,35
D35_Hashtag6|C00028,2,0.6009291997818285,D35_Hashtag6,1,P2,0.64,True,P2,0.7946497889354281,4.7965436,8.004727,0.0,1.0,0.0333333333333333,IGHG,Saline,0.0,1.0,0.0,35
D35_Hashtag6|C00029,2,0.6009291997818285,D35_Hashtag6,1,P2,1.0,True,P2,0.9999817640473012,1.1591718,9.0388975,1.0,0.0,0.0296296296296296,IGHG,Saline,1.0,0.0,0.0,35
D35_Hashtag6|C00030,2,0.6009291997818285,D35_Hashtag6,1,P2,0.74,True,P2,0.9999682880734722,4.1621885,10.169512,1.0,0.0,0.0113636363636363,IGHG,Saline,1.0,0.0,0.0,35
D35_Hashtag6|C00031,2,0.6009291997818285,D35_Hashtag6,1,P1,0.6,True,P1,0.9934416660365736,8.39045,7.4591546,0.5,0.5,0.0224935014115213,IGHG,Saline,0.5,0.5,0.0,35
D35_Hashtag6|C00032,2,0.6009291997818285,D35_Hashtag6,1,P2,1.0,True,P2,0.9999758648250672,0.94198686,8.16506,1.0,0.0,0.0333333333333333,IGHG,Saline,1.0,0.0,0.0,35
D35_Hashtag6|C00033,2,0.6009291997818285,D35_Hashtag6,1,P2,0.76,True,P2,0.9997348736457856,4.8691387,9.053167,1.0,0.0,0.0283018867924528,IGHG,Saline,1.0,0.0,0.0,35
D35_Hashtag6|C00034,2,0.6009291997818285,D35_Hashtag6,1,P2,0.4,True,P2,0.9930388807761644,4.8855124,6.604509,0.5,0.0,0.0314814814814814,IGHG,Saline,0.5,0.0,0.0,35
D35_Hashtag6|C00035,2,0.6009291997818285,D35_Hashtag6,1,P3,0.98,True,P3,0.9989361006848088,5.8958,-0.34206218,0.0,0.0,0.0,IGHM,Saline,0.0,0.0,0.0,35
D35_Hashtag6|C00036,2,0.6009291997818285,D35_Hashtag6,1,P2,0.74,True,P2,0.9998356432256352,4.540562,8.929328,1.0,0.0,0.0248226950354609,IGHG,Saline,1.0,0.0,0.0,35
D35_Hashtag6|C00037,2,0.6009291997818285,D35_Hashtag6,1,P3,0.36,True,P3,0.729748946166873,3.798823,5.442368,0.5,0.0,0.0314814814814814,IGHG,Saline,0.5,0.0,0.5,35
D35_Hashtag6|C00038,2,0.6009291997818285,D35_Hashtag6,1,P3,1.0,True,P3,0.9999986127902104,4.482123,2.2554374,0.0,0.0,0.0,,Saline,0.0,0.0,0.0,35
D35_Hashtag6|C00039,2,0.6009291997818285,D35_Hashtag6,1,P3,0.98,True,P3,0.9999999999814406,4.811104,3.652341,0.0,0.0,0.0353159851301115,IGHG,Saline,0.0,0.0,0.0,35
D35_Hashtag6|C00040,2,0.6009291997818285,D35_Hashtag6,1,P2,0.78,True,P2,0.9999005582852358,2.5581439,9.862939,1.0,0.0,0.0130111524163568,IGHG,Saline,1.0,0.0,0.0,35
D35_Hashtag6|C00041,2,0.6009291997818285,D35_Hashtag6,1,P2,0.72,True,P2,0.9999788717099234,4.2614293,8.523742,1.0,0.0,0.0241635687732342,IGHG,Saline,1.0,0.0,0.0,35
D35_Hashtag6|C00042,2,0.6009291997818285,D35_Hashtag6,1,P2,1.0,True,P2,0.999998645828079,0.6207897,9.049542,1.0,0.0,0.0185185185185185,IGHG,Saline,1.0,0.0,0.0,35
D35_Hashtag6|C00043,2,0.6009291997818285,D35_Hashtag6,1,P2,0.72,True,P2,0.999975739111584,3.0609443,10.760235,1.0,0.0,0.0259259259259259,IGHG,Saline,1.0,0.0,0.0,35
D35_Hashtag6|C00044,2,0.6009291997818285,D35_Hashtag6,1,P2,0.64,True,P2,0.9999986736496126,3.4609754,11.669386,1.0,0.0,0.037037037037037,IGHG,Saline,1.0,0.0,0.0,35
D35_Hashtag7|C00001,2,0.6009291997818285,D35_Hashtag7,1,P3,1.0,True,P3,0.9999999498228944,5.4680166,2.6329832,0.0,0.0,0.0,IGHM,Naive,0.0,0.0,0.0,35
D42_Hashtag1|C00001,5,0.7813975773872784,D42_Hashtag1,1,P3,0.98,True,P3,0.9996958589798396,5.8437595,-1.0974295,0.0,0.0,0.0,IGHM,Artesunate,0.0,0.0,0.0,42
D42_Hashtag1|C00002,4,0.7430974236898071,D42_Hashtag1,1,P2,0.48,True,P2,0.9895814889182292,4.0328116,10.466572,0.75,0.25,0.0169039145907473,IGHM,Artesunate,0.75,0.25,0.0,42
D42_Hashtag1|C00003,3,0.6879296487615283,D42_Hashtag1,1,P3,0.72,True,P3,0.9992234718097468,4.689549,4.7243385,0.3333333333333333,0.0,0.0234567901234567,IGHM,Artesunate,0.3333333333333333,0.0,0.0,42
D42_Hashtag1|C00004,2,0.6009291997818285,D42_Hashtag1,1,P1,1.0,True,P1,0.999999866884389,14.12802,5.2709317,0.0,1.0,0.0259259259259259,,Artesunate,0.0,1.0,0.0,42
D42_Hashtag1|C00005,2,0.6009291997818285,D42_Hashtag1,1,P2,0.52,True,P2,0.98158159572542,4.992601,8.010195,0.5,0.0,0.0390334572490706,,Artesunate,0.5,0.0,0.0,42
D42_Hashtag1|C00006,2,0.6009291997818285,D42_Hashtag1,1,P3,0.98,True,P3,0.886427181436552,5.763512,1.6148887,0.0,0.0,0.0,IGHM,Artesunate,0.0,0.0,0.0,42
D42_Hashtag1|C00007,2,0.6009291997818285,D42_Hashtag1,1,P2,0.4,True,P2,0.5977495435805673,5.381836,6.3653703,0.5,0.0,0.0148148148148148,IGHM,Artesunate,0.5,0.0,0.0,42
D42_Hashtag1|C00008,2,0.6009291997818285,D42_Hashtag1,1,P3,0.98,True,P3,0.9934802366749432,6.1666107,-0.48217067,0.0,0.0,0.0,IGHM,Artesunate,0.0,0.0,0.0,42
D42_Hashtag1|C00009,2,0.6009291997818285,D42_Hashtag1,1,P2,1.0,True,P2,0.999995825676096,1.0558859,9.068639,1.0,0.0,0.0315985130111524,IGHG,Artesunate,1.0,0.0,0.0,42
D42_Hashtag1|C00010,2,0.6009291997818285,D42_Hashtag1,1,P1,0.76,True,P1,0.999998187657007,6.943096,7.0651097,0.5,0.5,0.0222222222222222,IGHG,Artesunate,0.5,0.5,0.0,42
D42_Hashtag1|C00011,2,0.6009291997818285,D42_Hashtag1,1,P2,0.74,True,P2,0.9998595721624354,4.5254946,9.072098,1.0,0.0,0.0483271375464684,IGHG,Artesunate,1.0,0.0,0.0,42
D42_Hashtag1|C00012,2,0.6009291997818285,D42_Hashtag1,1,P2,0.76,True,P2,0.9999588663775356,3.9924855,9.951554,1.0,0.0,0.0203703703703703,IGHM,Artesunate,1.0,0.0,0.0,42
D42_Hashtag2|C00001,5,0.7813975773872784,D42_Hashtag2,1,P3,0.98,True,P3,0.9702024071566684,6.254523,-0.3391797,0.0,0.0,0.0,IGHM,Artesunate,0.0,0.0,0.2,42
D42_Hashtag2|C00002,2,0.6009291997818285,D42_Hashtag2,1,P3,0.26,True,P3,0.9740699775417704,4.114536,6.4397807,0.5,0.0,0.0433212996389891,IGHG,Artesunate,0.5,0.0,0.5,42
D42_Hashtag2|C00003,2,0.6009291997818285,D42_Hashtag2,1,P3,0.98,True,P3,0.999996924661229,6.811065,0.026494563,0.0,0.0,0.0,IGHM,Artesunate,0.0,0.0,1.0,42
D42_Hashtag3|C00001,5,0.7813975773872784,D42_Hashtag3,1,P2,0.56,True,P2,0.9990227805562812,2.8012075,11.257082,0.6,0.2,0.0105263157894736,IGHM,Artesunate,0.6,0.2,0.0,42
D42_Hashtag3|C00002,3,0.6879296487615283,D42_Hashtag3,1,P3,0.72,True,P3,0.8123127936143393,6.451497,0.22565493,0.0,0.3333333333333333,0.0,IGHM,Artesunate,0.0,0.3333333333333333,0.0,42
D42_Hashtag3|C00003,3,0.6879296487615283,D42_Hashtag3,1,P2,0.72,True,P2,0.9999617313707944,4.537541,10.62352,1.0,0.0,0.0153664302600472,IGHG,Artesunate,1.0,0.0,0.0,42
D42_Hashtag3|C00004,3,0.6879296487615283,D42_Hashtag3,1,P3,0.98,True,P3,0.994093374597287,6.076009,-0.8686792,0.0,0.0,0.0,IGHM,Artesunate,0.0,0.0,0.0,42
D42_Hashtag3|C00005,3,0.6879296487615283,D42_Hashtag3,1,P1,0.64,True,P1,0.571604617098774,7.8423433,7.288591,0.3333333333333333,0.3333333333333333,0.0024691358024691,IGHM,Artesunate,0.3333333333333333,0.3333333333333333,0.3333333333333333,42
D42_Hashtag3|C00006,2,0.6009291997818285,D42_Hashtag3,1,P1,1.0,True,P1,1.0,12.846985,4.791144,0.0,1.0,0.0,IGHM,Artesunate,0.0,1.0,0.0,42
D42_Hashtag3|C00007,2,0.6009291997818285,D42_Hashtag3,1,P2,1.0,True,P2,0.99999311522593,0.37910002,6.6688375,1.0,0.0,0.0244360902255639,IGHG,Artesunate,1.0,0.0,0.0,42
D42_Hashtag3|C00008,2,0.6009291997818285,D42_Hashtag3,1,P2,0.64,True,P2,0.9999978134060786,4.6114755,11.503868,1.0,0.0,0.0888888888888888,IGHG,Artesunate,1.0,0.0,0.0,42
D42_Hashtag3|C00009,2,0.6009291997818285,D42_Hashtag3,1,P2,1.0,True,P2,0.9999952540445703,0.18214995,6.2537656,1.0,0.0,0.0462962962962962,IGHG,Artesunate,1.0,0.0,0.0,42
D42_Hashtag3|C00010,2,0.6009291997818285,D42_Hashtag3,1,P1,0.58,True,P1,0.999983934381736,7.1241455,6.9904695,0.5,0.5,0.0131578947368421,IGHM,Artesunate,0.5,0.5,0.0,42
D42_Hashtag3|C00011,2,0.6009291997818285,D42_Hashtag3,1,P2,0.68,True,P2,0.9999648893777184,4.2190185,9.841155,1.0,0.0,0.0315985130111524,IGHG,Artesunate,1.0,0.0,0.0,42
D42_Hashtag3|C00012,2,0.6009291997818285,D42_Hashtag3,1,P3,1.0,True,P3,0.999625619571398,5.2537656,1.630224,0.0,0.0,0.0055555555555555,IGHM,Artesunate,0.0,0.0,1.0,42
D42_Hashtag4|C00001,4,0.7430974236898071,D42_Hashtag4,1,P2,1.0,True,P2,0.9992351837555326,0.7694005,7.1837015,1.0,0.0,0.0096830985915492,IGHG,Saline,1.0,0.0,0.0,42
D42_Hashtag4|C00002,3,0.6879296487615283,D42_Hashtag4,1,P2,0.76,True,P2,0.9998384015784572,4.69333,11.091472,1.0,0.0,0.0355392156862745,IGHG,Saline,1.0,0.0,0.0,42
D42_Hashtag4|C00003,3,0.6879296487615283,D42_Hashtag4,1,P2,0.78,True,P2,0.9957888862869274,3.4024417,10.619225,1.0,0.0,0.0379901960784313,IGHG,Saline,1.0,0.0,0.0,42
D42_Hashtag4|C00004,3,0.6879296487615283,D42_Hashtag4,1,P2,0.82,True,P2,0.9997176389396518,4.121391,8.786876,1.0,0.0,0.0274656679151061,IGHG,Saline,1.0,0.0,0.0,42
D42_Hashtag4|C00005,3,0.6879296487615283,D42_Hashtag4,1,P2,0.68,True,P2,0.9999837912277468,4.791014,10.402559,1.0,0.0,0.0320987654320987,IGHG,Saline,1.0,0.0,0.0,42
D42_Hashtag4|C00006,2,0.6009291997818285,D42_Hashtag4,1,P2,1.0,True,P2,0.9998432215547126,1.8133622,6.99637,1.0,0.0,0.0462962962962962,IGHG,Saline,1.0,0.0,0.0,42
D42_Hashtag4|C00007,2,0.6009291997818285,D42_Hashtag4,1,P3,1.0,True,P3,0.9999999999996732,5.24624,2.808436,0.0,0.0,0.0,IGHM,Saline,0.0,0.0,0.0,42
D42_Hashtag4|C00008,2,0.6009291997818285,D42_Hashtag4,1,P1,0.7,True,P1,0.9999999999992896,7.6200566,7.2423425,0.5,0.5,0.0227272727272727,IGHG,Saline,0.5,0.5,0.0,42
D42_Hashtag4|C00009,2,0.6009291997818285,D42_Hashtag4,1,P2,1.0,True,P2,0.9999525250367696,2.4515316,7.7538004,1.0,0.0,0.0537037037037037,IGHG,Saline,1.0,0.0,0.0,42
D42_Hashtag4|C00010,2,0.6009291997818285,D42_Hashtag4,1,P3,0.54,True,P3,0.9705076606774482,3.5623264,4.9033666,0.5,0.0,0.0260223048327137,IGHG,Saline,0.5,0.0,0.5,42
D42_Hashtag4|C00011,2,0.6009291997818285,D42_Hashtag4,1,P2,0.8,True,P2,0.9997643594214676,3.997802,7.890631,1.0,0.0,0.0501858736059479,IGHG,Saline,1.0,0.0,0.0,42
D42_Hashtag4|C00012,2,0.6009291997818285,D42_Hashtag4,1,P3,0.98,True,P3,1.0,4.951797,4.3901076,0.0,0.0,0.0,IGHM,Saline,0.0,0.0,0.0,42
D42_Hashtag4|C00013,2,0.6009291997818285,D42_Hashtag4,1,P2,1.0,True,P2,0.9990570833076908,1.688483,7.064547,1.0,0.0,0.0281954887218045,IGHG,Saline,1.0,0.0,0.0,42
D42_Hashtag4|C00014,2,0.6009291997818285,D42_Hashtag4,1,P2,0.76,True,P2,0.9999979319398944,4.767424,9.982934,1.0,0.0,0.0481481481481481,IGHG,Saline,1.0,0.0,0.0,42
D42_Hashtag4|C00015,2,0.6009291997818285,D42_Hashtag4,1,P2,1.0,True,P2,0.9995386244300573,1.6667253,8.423827,1.0,0.0,0.044776119402985,IGHG,Saline,1.0,0.0,0.0,42
D42_Hashtag4|C00016,2,0.6009291997818285,D42_Hashtag4,1,P2,1.0,True,P2,0.9999595836951788,1.4932295,6.899504,1.0,0.0,0.0407407407407407,IGHG,Saline,1.0,0.0,0.0,42
D42_Hashtag4|C00017,2,0.6009291997818285,D42_Hashtag4,1,P2,1.0,True,P2,0.9958380646578524,1.8227682,8.192011,1.0,0.0,0.0407407407407407,IGHA,Saline,1.0,0.0,0.0,42
D42_Hashtag4|C00018,2,0.6009291997818285,D42_Hashtag4,1,P2,0.74,True,P2,0.9612506601050052,5.3391304,9.556401,1.0,0.0,0.037037037037037,IGHG,Saline,1.0,0.0,0.0,42
D42_Hashtag4|C00019,2,0.6009291997818285,D42_Hashtag4,1,P3,1.0,True,P3,0.999974483071077,4.529895,2.4334776,0.0,0.0,0.0,IGHM,Saline,0.0,0.0,0.0,42
D42_Hashtag4|C00020,2,0.6009291997818285,D42_Hashtag4,1,P3,1.0,True,P3,0.9999966738789858,5.0114903,2.5362656,0.0,0.0,0.0277777777777777,IGHG,Saline,0.0,0.0,1.0,42
D42_Hashtag4|C00021,2,0.6009291997818285,D42_Hashtag4,1,P2,1.0,True,P2,0.9998204964523688,0.7936561,6.672072,1.0,0.0,0.0261194029850746,IGHG,Saline,1.0,0.0,0.0,42
D42_Hashtag4|C00022,2,0.6009291997818285,D42_Hashtag4,1,P3,0.62,True,P3,0.999298167431128,4.160782,4.7862635,0.5,0.0,0.0351851851851851,IGHG,Saline,0.5,0.0,0.0,42
D42_Hashtag4|C00023,2,0.6009291997818285,D42_Hashtag4,1,P3,0.3,True,P3,0.8510322326280814,3.712006,6.2431684,0.5,0.0,0.0279850746268656,IGHG,Saline,0.5,0.0,0.5,42
D42_Hashtag4|C00024,2,0.6009291997818285,D42_Hashtag4,1,P2,0.68,True,P2,0.999996509661779,5.18643,9.17086,1.0,0.0,0.0481481481481481,IGHG,Saline,1.0,0.0,0.0,42
D42_Hashtag4|C00025,2,0.6009291997818285,D42_Hashtag4,1,P3,1.0,True,P3,0.988113367103931,3.9075398,2.858514,0.0,0.0,0.0,IGHM,Saline,0.0,0.0,0.0,42
D42_Hashtag4|C00026,2,0.6009291997818285,D42_Hashtag4,1,P2,1.0,True,P2,0.99971491770526,1.7560918,5.3994493,1.0,0.0,0.0333333333333333,IGHG,Saline,1.0,0.0,0.0,42
D42_Hashtag4|C00027,2,0.6009291997818285,D42_Hashtag4,1,P2,1.0,True,P2,0.9999618159524016,0.23984057,6.4980173,1.0,0.0,0.0277777777777777,IGHG,Saline,1.0,0.0,0.0,42
D42_Hashtag5|C00001,7,0.8313036265891967,D42_Hashtag5,1,P2,0.98,True,P2,0.9993336549166044,1.4798495,5.818068,1.0,0.0,0.038095238095238,IGHG,Saline,1.0,0.0,0.0,42
D42_Hashtag5|C00002,6,0.8096157047243099,D42_Hashtag5,1,P2,0.8,True,P2,0.8539798385741479,2.7230382,7.4481554,0.8333333333333334,0.1666666666666666,0.0382716049382716,IGHG,Saline,0.8333333333333334,0.16666666666666666,0.0,42
D42_Hashtag5|C00003,5,0.7813975773872784,D42_Hashtag5,1,P2,1.0,True,P2,0.9975085827666892,1.5861973,5.9832253,1.0,0.0,0.0177777777777777,IGHG,Saline,1.0,0.0,0.0,42
D42_Hashtag5|C00004,5,0.7813975773872784,D42_Hashtag5,1,P2,0.88,True,P2,0.999464268838452,3.3368673,8.267801,1.0,0.0,0.0337951653193288,IGHG,Saline,1.0,0.0,0.0,42
D42_Hashtag5|C00005,5,0.7813975773872784,D42_Hashtag5,1,P2,0.92,True,P2,0.9997512330617536,1.4255037,5.6474013,1.0,0.0,0.049159756771697,IGHG,Saline,1.0,0.0,0.0,42
D42_Hashtag5|C00006,4,0.7430974236898071,D42_Hashtag5,1,P2,0.88,True,P2,0.9989066491091596,2.5729485,8.921959,1.0,0.0,0.0202464788732394,IGHG,Saline,1.0,0.0,0.0,42
D42_Hashtag5|C00007,4,0.7430974236898071,D42_Hashtag5,1,P1,0.36,True,P1,0.9151563653623952,6.5596814,7.1732373,0.75,0.25,0.0379629629629629,IGHG,Saline,0.75,0.25,0.0,42
D42_Hashtag5|C00008,3,0.6879296487615283,D42_Hashtag5,1,P2,0.84,True,P2,0.9997294415663212,2.4564931,8.383737,1.0,0.0,0.0096969696969696,IGHG,Saline,1.0,0.0,0.0,42
D42_Hashtag5|C00009,3,0.6879296487615283,D42_Hashtag5,1,P2,1.0,True,P2,0.9997928415124192,1.0937277,7.8833704,1.0,0.0,0.0049382716049382,IGHG,Saline,1.0,0.0,0.0,42
D42_Hashtag5|C00010,3,0.6879296487615283,D42_Hashtag5,1,P2,1.0,True,P2,0.9981203196923288,1.3558621,5.479844,1.0,0.0,0.035279805352798,IGHG,Saline,1.0,0.0,0.0,42
D42_Hashtag5|C00011,3,0.6879296487615283,D42_Hashtag5,1,P1,0.82,True,P1,0.9999962893596496,13.2254505,5.1292586,0.3333333333333333,0.6666666666666666,0.0288220551378446,IGHG,Saline,0.3333333333333333,0.6666666666666666,0.0,42
D42_Hashtag5|C00012,3,0.6879296487615283,D42_Hashtag5,1,P1,0.4,True,P1,0.9914651936413548,6.525889,6.2855387,0.6666666666666666,0.3333333333333333,0.0345679012345679,IGHG,Saline,0.6666666666666666,0.3333333333333333,0.0,42
D42_Hashtag5|C00013,3,0.6879296487615283,D42_Hashtag5,1,P2,0.78,True,P2,0.9998920478321992,3.7730958,8.347105,1.0,0.0,0.028395061728395,IGHG,Saline,1.0,0.0,0.0,42
D42_Hashtag5|C00014,3,0.6879296487615283,D42_Hashtag5,1,P2,1.0,True,P2,0.9993934993674144,2.0048382,5.520343,1.0,0.0,0.0363408521303258,IGHG,Saline,1.0,0.0,0.0,42
D42_Hashtag5|C00015,3,0.6879296487615283,D42_Hashtag5,1,P2,0.74,True,P2,0.9995168931802242,4.537937,8.305271,1.0,0.0,0.0411985018726591,IGHG,Saline,1.0,0.0,0.0,42
D42_Hashtag5|C00016,3,0.6879296487615283,D42_Hashtag5,1,P2,0.92,True,P2,0.9999939063609202,2.3540998,9.095424,1.0,0.0,0.0419753086419753,IGHG,Saline,1.0,0.0,0.0,42
D42_Hashtag5|C00017,3,0.6879296487615283,D42_Hashtag5,1,P2,1.0,True,P2,0.9998552858684568,1.6006286,8.386797,1.0,0.0,0.0185873605947955,IGHG,Saline,1.0,0.0,0.0,42
D42_Hashtag5|C00018,2,0.6009291997818285,D42_Hashtag5,1,P3,0.72,True,P3,0.9982561449687096,3.803495,4.143328,0.5,0.0,0.0244360902255639,IGHG,Saline,0.5,0.0,0.0,42
D42_Hashtag5|C00019,2,0.6009291997818285,D42_Hashtag5,1,P3,0.98,True,P3,1.0,4.9000006,4.2229304,0.0,0.0,0.0037037037037037,IGHG,Saline,0.0,0.0,0.5,42
D42_Hashtag5|C00020,2,0.6009291997818285,D42_Hashtag5,1,P3,0.68,True,P3,0.9947539851372916,3.909556,4.3534064,0.5,0.0,0.0148698884758364,IGHG,Saline,0.5,0.0,0.5,42
D42_Hashtag5|C00021,2,0.6009291997818285,D42_Hashtag5,1,P2,1.0,True,P2,0.9999310798580716,2.5326777,6.968233,1.0,0.0,0.0314814814814814,IGHG,Saline,1.0,0.0,0.0,42
D42_Hashtag5|C00022,2,0.6009291997818285,D42_Hashtag5,1,P1,0.68,True,P1,0.9658204027955714,7.2422485,6.422954,0.5,0.5,0.0197841726618705,IGHG,Saline,0.5,0.5,0.0,42
D42_Hashtag5|C00023,2,0.6009291997818285,D42_Hashtag5,1,P1,0.72,True,P1,0.9988862399789384,6.891812,6.545936,0.5,0.5,0.014388489208633,IGHG,Saline,0.5,0.5,0.0,42
D42_Hashtag5|C00024,2,0.6009291997818285,D42_Hashtag5,1,P2,0.76,True,P2,0.9999721123848112,3.6297514,8.564189,1.0,0.0,0.0202952029520295,IGHG,Saline,1.0,0.0,0.0,42
D42_Hashtag5|C00025,2,0.6009291997818285,D42_Hashtag5,1,P2,1.0,True,P2,0.9954248212539648,1.0399058,5.459933,1.0,0.0,0.03690036900369,IGHG,Saline,1.0,0.0,0.0,42
D42_Hashtag5|C00026,2,0.6009291997818285,D42_Hashtag5,1,P1,1.0,True,P1,0.9999999999875656,14.371125,5.728215,0.0,1.0,0.0334572490706319,IGHG,Saline,0.0,1.0,0.0,42
D42_Hashtag5|C00027,2,0.6009291997818285,D42_Hashtag5,1,P1,0.7,True,P1,0.9976640804565434,8.63793,7.2334905,0.5,0.5,0.020446096654275,IGHG,Saline,0.5,0.5,0.0,42
D42_Hashtag5|C00028,2,0.6009291997818285,D42_Hashtag5,1,P2,0.88,True,P2,0.999406285918994,3.4621348,7.7220306,1.0,0.0,0.044776119402985,IGHG,Saline,1.0,0.0,0.0,42
D42_Hashtag5|C00029,2,0.6009291997818285,D42_Hashtag5,1,P2,0.7,True,P2,0.999790161508696,4.4845114,8.316736,1.0,0.0,0.0351851851851851,IGHG,Saline,1.0,0.0,0.0,42
D42_Hashtag5|C00030,2,0.6009291997818285,D42_Hashtag5,1,P3,0.98,True,P3,0.9987246601556364,5.506867,-0.40570018,0.0,0.0,0.0,IGHM,Saline,0.0,0.0,0.0,42
D42_Hashtag5|C00031,2,0.6009291997818285,D42_Hashtag5,1,P3,1.0,True,P3,0.9999866503328204,4.5819507,2.5884914,0.0,0.0,0.0,IGHM,Saline,0.0,0.0,0.0,42
D42_Hashtag5|C00032,2,0.6009291997818285,D42_Hashtag5,1,P2,1.0,True,P2,0.9982028246728204,2.478083,6.4648314,1.0,0.0,0.0259259259259259,IGHG,Saline,1.0,0.0,0.0,42
D42_Hashtag5|C00033,2,0.6009291997818285,D42_Hashtag5,1,P1,1.0,True,P1,0.999988576987165,12.550402,5.1520376,0.0,1.0,0.0296296296296296,IGHG,Saline,0.0,1.0,0.0,42
D42_Hashtag5|C00034,2,0.6009291997818285,D42_Hashtag5,1,P1,0.54,True,P1,0.9818392828996916,7.3413167,4.387138,0.0,0.5,0.0111524163568773,IGHG,Saline,0.0,0.5,0.0,42
D42_Hashtag5|C00035,2,0.6009291997818285,D42_Hashtag5,1,P2,0.7,True,P2,0.9995122451479502,3.2512672,9.577125,1.0,0.0,0.0185185185185185,IGHG,Saline,1.0,0.0,0.0,42
D42_Hashtag5|C00036,2,0.6009291997818285,D42_Hashtag5,1,P2,1.0,True,P2,0.9992331695131031,1.1928414,7.7298822,1.0,0.0,0.0296296296296296,IGHG,Saline,1.0,0.0,0.0,42
D42_Hashtag5|C00037,2,0.6009291997818285,D42_Hashtag5,1,P2,0.8,True,P2,0.9999478885846996,3.6410472,7.5631747,1.0,0.0,0.0690298507462686,IGHG,Saline,1.0,0.0,0.0,42
D42_Hashtag5|C00038,2,0.6009291997818285,D42_Hashtag5,1,P2,1.0,True,P2,0.9973886595413308,2.104687,5.8949137,1.0,0.0,0.0222222222222222,IGHG,Saline,1.0,0.0,0.0,42
D42_Hashtag5|C00039,2,0.6009291997818285,D42_Hashtag5,1,P2,1.0,True,P2,0.999817329849046,1.8101662,7.749257,1.0,0.0,0.0314814814814814,IGHG,Saline,1.0,0.0,0.0,42
D42_Hashtag5|C00040,2,0.6009291997818285,D42_Hashtag5,1,P3,0.98,True,P3,0.990619693655865,5.5948486,0.101837605,0.0,0.0,0.0,IGHM,Saline,0.0,0.0,0.0,42
D42_Hashtag5|C00041,2,0.6009291997818285,D42_Hashtag5,1,P1,1.0,True,P1,0.9999999999710952,14.213239,5.6382236,0.0,1.0,0.0018518518518518,IGHG,Saline,0.0,1.0,0.0,42
D42_Hashtag5|C00042,2,0.6009291997818285,D42_Hashtag5,1,P2,1.0,True,P2,0.9999864656010704,1.0034035,8.792562,1.0,0.0,0.0391791044776119,IGHG,Saline,1.0,0.0,0.0,42
D42_Hashtag5|C00043,2,0.6009291997818285,D42_Hashtag5,1,P2,0.78,True,P2,0.9212817391545784,4.24866,7.614121,1.0,0.0,0.0333333333333333,IGHG,Saline,1.0,0.0,0.0,42
D42_Hashtag5|C00044,2,0.6009291997818285,D42_Hashtag5,1,P2,1.0,True,P2,0.999981136377088,2.4756773,6.6528563,1.0,0.0,0.0203703703703703,IGHG,Saline,1.0,0.0,0.0,42
D42_Hashtag5|C00045,2,0.6009291997818285,D42_Hashtag5,1,P3,0.56,True,P3,0.7247174482439547,6.0324917,0.52675736,0.0,0.5,0.0,IGHM,Saline,0.0,0.5,0.0,42
D42_Hashtag5|C00046,2,0.6009291997818285,D42_Hashtag5,1,P2,0.74,True,P2,0.999971222940792,4.4376082,8.391928,1.0,0.0,0.0601503759398496,IGHG,Saline,1.0,0.0,0.0,42
D42_Hashtag5|C00047,2,0.6009291997818285,D42_Hashtag5,1,P2,0.76,True,P2,0.9992350494394644,4.7229133,8.066538,1.0,0.0,0.048689138576779,IGHG,Saline,1.0,0.0,0.0,42
D42_Hashtag5|C00048,2,0.6009291997818285,D42_Hashtag5,1,P2,0.4,True,P2,0.6175316339876811,5.264951,6.6816945,0.5,0.0,0.0277777777777777,IGHG,Saline,0.5,0.0,0.5,42
D42_Hashtag5|C00049,2,0.6009291997818285,D42_Hashtag5,1,P2,1.0,True,P2,0.9995332184958188,1.5667634,7.7231545,1.0,0.0,0.044832229828302,IGHG,Saline,1.0,0.0,0.0,42
D42_Hashtag6|C00001,4,0.7430974236898071,D42_Hashtag6,1,P3,0.98,True,P3,0.9999354933845426,6.90086,-0.9777157,0.0,0.0,0.0,IGHM,Saline,0.0,0.0,0.25,42
D42_Hashtag6|C00002,4,0.7430974236898071,D42_Hashtag6,1,P2,0.86,True,P2,0.9998439181768864,3.218745,8.459636,1.0,0.0,0.0404135338345864,IGHG,Saline,1.0,0.0,0.0,42
D42_Hashtag6|C00003,4,0.7430974236898071,D42_Hashtag6,1,P2,1.0,True,P2,0.9998754051858316,0.5700815,7.243397,1.0,0.0,0.0444444444444444,IGHG,Saline,1.0,0.0,0.0,42
D42_Hashtag6|C00004,3,0.6879296487615283,D42_Hashtag6,1,P2,0.8,True,P2,0.9999977216657588,4.4978504,9.556269,1.0,0.0,0.0495066317866813,IGHG,Saline,1.0,0.0,0.0,42
D42_Hashtag6|C00005,3,0.6879296487615283,D42_Hashtag6,1,P3,0.98,True,P3,0.999999786571189,6.2551208,-1.2895789,0.0,0.0,0.0,IGHM,Saline,0.0,0.0,0.0,42
D42_Hashtag6|C00006,3,0.6879296487615283,D42_Hashtag6,1,P2,0.68,True,P2,0.9999981632380142,3.3003454,11.668636,1.0,0.0,0.018450184501845,IGHG,Saline,1.0,0.0,0.0,42
D42_Hashtag6|C00007,2,0.6009291997818285,D42_Hashtag6,1,P2,1.0,True,P2,0.9999978489041697,0.7020831,8.989844,1.0,0.0,0.0444444444444444,IGHG,Saline,1.0,0.0,0.0,42
D42_Hashtag6|C00008,2,0.6009291997818285,D42_Hashtag6,1,P3,1.0,True,P3,0.9999947278237896,5.0266323,2.4085681,0.0,0.0,0.0283521303258145,IGHG,Saline,0.0,0.0,0.5,42
D42_Hashtag6|C00009,2,0.6009291997818285,D42_Hashtag6,1,P3,1.0,True,P3,0.999954493148445,4.4468527,2.3838882,0.0,0.0,0.0,,Saline,0.0,0.0,0.0,42
D42_Hashtag6|C00010,2,0.6009291997818285,D42_Hashtag6,1,P1,0.66,True,P1,0.9984165030370548,7.7660503,4.883561,0.0,0.5,0.0178571428571428,IGHM,Saline,0.0,0.5,0.5,42
D42_Hashtag6|C00011,2,0.6009291997818285,D42_Hashtag6,1,P3,1.0,True,P3,0.9979414148500492,5.679516,1.5277194,0.0,0.0,0.0333333333333333,IGHM,Saline,0.0,0.0,0.5,42
D42_Hashtag6|C00012,2,0.6009291997818285,D42_Hashtag6,1,P3,0.98,True,P3,0.9998867986414244,5.8680243,0.9201337,0.0,0.0,0.0074349442379182,IGHM,Saline,0.0,0.0,0.0,42
D42_Hashtag6|C00013,2,0.6009291997818285,D42_Hashtag6,1,P2,0.74,True,P2,0.9999830979845898,3.3849597,10.713722,1.0,0.0,0.039426523297491,IGHG,Saline,1.0,0.0,0.0,42
D42_Hashtag6|C00014,2,0.6009291997818285,D42_Hashtag6,1,P1,0.6,True,P1,0.999989380236842,7.5300326,7.063384,0.5,0.5,0.024261030589087,,Saline,0.5,0.5,0.0,42
D42_Hashtag6|C00015,2,0.6009291997818285,D42_Hashtag6,1,P2,0.64,True,P2,0.9999988457542468,3.7701309,11.711074,1.0,0.0,0.0185185185185185,IGHG,Saline,1.0,0.0,0.0,42
D42_Hashtag6|C00016,2,0.6009291997818285,D42_Hashtag6,1,P2,1.0,True,P2,0.9999970135406756,0.94608307,9.025838,1.0,0.0,0.0333333333333333,IGHG,Saline,1.0,0.0,0.0,42
D42_Hashtag6|C00017,2,0.6009291997818285,D42_Hashtag6,1,P2,1.0,True,P2,0.9999897870092118,2.5653934,7.5862656,1.0,0.0,0.0359712230215827,IGHG,Saline,1.0,0.0,0.0,42
D42_Hashtag6|C00018,2,0.6009291997818285,D42_Hashtag6,1,P2,0.48,True,P2,0.9970990649495508,3.8347878,6.1759663,0.5,0.0,0.0244360902255639,IGHG,Saline,0.5,0.0,0.5,42
D42_Hashtag6|C00019,2,0.6009291997818285,D42_Hashtag6,1,P3,0.98,True,P3,0.9976849556136598,6.0981975,0.35856885,0.0,0.0,0.0,IGHM,Saline,0.0,0.0,0.5,42
D42_Hashtag6|C00020,2,0.6009291997818285,D42_Hashtag6,1,P2,1.0,True,P2,0.99999456042248,0.67483276,8.374301,1.0,0.0,0.0193798449612403,IGHG,Saline,1.0,0.0,0.0,42
D42_Hashtag6|C00021,2,0.6009291997818285,D42_Hashtag6,1,P2,0.76,True,P2,0.9999963183471848,5.0896635,9.539741,1.0,0.0,0.0106382978723404,IGHG,Saline,1.0,0.0,0.0,42
D42_Hashtag6|C00022,2,0.6009291997818285,D42_Hashtag6,1,P2,0.68,True,P2,0.9998870019461296,4.2508802,9.187926,1.0,0.0,0.0388888888888888,IGHG,Saline,1.0,0.0,0.0,42
D42_Hashtag6|C00023,2,0.6009291997818285,D42_Hashtag6,1,P2,0.72,True,P2,0.9988527564291816,3.093724,9.281499,1.0,0.0,0.024074074074074,IGHG,Saline,1.0,0.0,0.0,42
D42_Hashtag6|C00024,2,0.6009291997818285,D42_Hashtag6,1,P3,1.0,True,P3,0.9999992052050178,4.5615582,3.3861816,0.0,0.0,0.0314814814814814,IGHA,Saline,0.0,0.0,1.0,42
D42_Hashtag6|C00025,2,0.6009291997818285,D42_Hashtag6,1,P2,0.8,True,P2,0.9999554456196096,2.526967,9.4728775,1.0,0.0,0.0481481481481481,IGHG,Saline,1.0,0.0,0.0,42
D42_Hashtag6|C00026,2,0.6009291997818285,D42_Hashtag6,1,P2,1.0,True,P2,0.9999604286648822,0.6566368,7.4161534,1.0,0.0,0.0351851851851851,IGHG,Saline,1.0,0.0,0.0,42
D42_Hashtag6|C00027,2,0.6009291997818285,D42_Hashtag6,1,P2,0.42,True,P2,0.9769104778428848,5.0134163,7.46078,0.5,0.0,0.0333333333333333,IGHG,Saline,0.5,0.0,0.5,42
D42_Hashtag6|C00028,2,0.6009291997818285,D42_Hashtag6,1,P2,1.0,True,P2,0.9980318281371364,1.6043876,7.2239175,1.0,0.0,0.037037037037037,IGHG,Saline,1.0,0.0,0.0,42
D42_Hashtag6|C00029,2,0.6009291997818285,D42_Hashtag6,1,P3,1.0,True,P3,0.9999900478499608,5.68895,2.053167,0.0,0.0,0.0,IGHM,Saline,0.0,0.0,0.0,42
D42_Hashtag6|C00030,2,0.6009291997818285,D42_Hashtag6,1,P2,0.74,True,P2,0.9999226254290436,4.6762815,9.626275,1.0,0.0,0.0318352059925093,IGHG,Saline,1.0,0.0,0.0,42
D42_Hashtag6|C00031,2,0.6009291997818285,D42_Hashtag6,1,P2,1.0,True,P2,0.9999053810874494,1.7996107,5.5257063,1.0,0.0,0.0333333333333333,IGHG,Saline,1.0,0.0,0.0,42
D42_Hashtag6|C00032,2,0.6009291997818285,D42_Hashtag6,1,P3,0.42,True,P3,0.9743109882703817,3.3096042,4.9104347,0.5,0.0,0.0111111111111111,,Saline,0.5,0.0,0.5,42
D42_Hashtag6|C00033,2,0.6009291997818285,D42_Hashtag6,1,P3,1.0,True,P3,0.9990586852665932,3.8574822,2.3776147,0.0,0.0,0.0,IGHM,Saline,0.0,0.0,0.0,42
D42_Hashtag6|C00034,2,0.6009291997818285,D42_Hashtag6,1,P3,0.98,True,P3,0.9999482738390724,6.2670617,0.5077132,0.0,0.0,0.0,IGHM,Saline,0.0,0.0,0.5,42
D42_Hashtag6|C00035,2,0.6009291997818285,D42_Hashtag6,1,P2,0.46,True,P2,0.4705579742430211,5.182702,7.001222,0.5,0.0,0.0187408820558859,IGHG,Saline,0.5,0.0,0.5,42
D42_Hashtag6|C00036,2,0.6009291997818285,D42_Hashtag6,1,P2,0.64,True,P2,0.9999952331777632,4.3364124,10.992425,1.0,0.0,0.0306859205776173,IGHG,Saline,1.0,0.0,0.0,42
D42_Hashtag7|C00001,2,0.6009291997818285,D42_Hashtag7,1,P3,1.0,True,P3,0.5610940417217204,5.0689015,3.8210406,0.0,0.0,0.0,IGHM,Naive,0.0,0.0,0.0,42
D42_Hashtag7|C00002,2,0.6009291997818285,D42_Hashtag7,1,P3,1.0,True,P3,0.9072599586379024,4.8895864,3.6842651,0.0,0.0,0.0,IGHM,Naive,0.0,0.0,0.0,42
