clone_id,n_cells,reliability,donor,n_contexts,clone_programme,confidence,core,clone_programme_assigned,assignment_posterior,x,y,rbd_bait:RBD+,division_gate:mCherry-low,zone_gate:DZ,mutation_frequency,isotype
M10|C00001,97,0.9358383999768884,M10,1,P1,1.0,True,P1,1.0,6.127338409423828,0.5735118389129639,,0.0,0.0,0.0,IGHG
M10|C00002,35,0.8448524236529706,M10,1,P1,1.0,True,P1,1.0,9.572958946228027,2.008188247680664,,0.8857142857142857,0.7142857142857143,0.011142061281337,IGHG
M10|C00003,32,0.8333166570357114,M10,1,P1,1.0,True,P1,1.0,7.930070400238037,-0.7680769562721252,,0.84375,0.6875,0.0105947293447293,IGHG
M10|C00004,25,0.7981697787120187,M10,1,P1,1.0,True,P1,1.0,9.425273895263672,1.9752200841903689,,0.8,0.4,0.0096,IGHG
M10|C00005,17,0.7333253218415284,M10,1,P1,1.0,True,P1,1.0,8.32285213470459,-1.3259605169296265,,0.9411764705882352,0.4117647058823529,0.0187699011228422,IGHG
M10|C00006,16,0.7220686032892372,M10,1,P1,1.0,True,P1,1.0,8.39155101776123,-0.4740177989006042,,0.9375,0.3125,0.0101256983240223,IGHG
M10|C00007,16,0.7220686032892372,M10,1,P1,1.0,True,P1,1.0,9.035419464111328,1.8022422790527344,,0.8125,0.625,0.0039625360230547,IGHG
M10|C00008,15,0.7097863587924325,M10,1,P1,1.0,True,P1,1.0,7.445050716400146,-2.3177592754364014,,1.0,0.6,0.0220322886989553,IGHG
M10|C00009,14,0.6963273433484984,M10,1,P1,1.0,True,P1,1.0,8.318236351013184,-1.4440362453460691,,0.7142857142857143,0.7142857142857143,0.0133549170376365,IGHG
M10|C00010,14,0.6963273433484984,M10,1,P1,1.0,True,P1,1.0,7.430612564086914,0.9485604166984558,,1.0,0.5,0.0107855107855107,IGHG
M10|C00011,12,0.6651040583780095,M10,1,P1,1.0,True,P1,1.0,5.463603973388672,-1.546869874000549,,0.75,0.1666666666666666,0.0092592592592592,IGHG
M10|C00012,11,0.6468361053492835,M10,1,P1,1.0,True,P1,1.0,8.09814453125,-3.043287515640259,,0.8181818181818182,0.6363636363636364,0.0198070086338242,IGHG
M10|C00013,10,0.6263534150230329,M10,1,P1,1.0,True,P1,1.0,8.52943229675293,-0.6675718426704407,,0.9,0.7,0.0088571428571428,IGHG
M10|C00014,10,0.6263534150230329,M10,1,P1,1.0,True,P1,1.0,5.513509273529053,-0.1432548612356186,,0.8,0.3,0.0074074074074074,IGHG
M10|C00015,9,0.6032074132986223,M10,1,P1,1.0,True,P1,1.0,8.403353691101074,-0.5465238094329834,,0.8888888888888888,0.3333333333333333,0.0072807850585628,IGHG
M10|C00016,8,0.5768139160466386,M10,1,P1,1.0,True,P1,1.0,8.31177806854248,-0.3411920666694641,,0.625,0.375,0.0014164305949008,IGHG
M10|C00017,7,0.5463952871613902,M10,1,P1,1.0,True,P1,1.0,9.08726692199707,2.161668062210083,,0.8571428571428571,0.5714285714285714,0.0195360195360195,IGHG
M10|C00018,7,0.5463952871613902,M10,1,P1,1.0,True,P1,1.0,5.132054805755615,-1.713996171951294,,0.7142857142857143,0.5714285714285714,0.0166870166870166,IGHG
M10|C00019,7,0.5463952871613902,M10,1,P1,1.0,True,P1,1.0,7.709273338317871,-2.7597131729125977,,0.4285714285714285,0.7142857142857143,0.0134310134310134,IGHG
M10|C00020,6,0.5108887774961344,M10,1,P1,1.0,True,P1,1.0,8.507589340209961,-1.607887625694275,,0.8333333333333334,0.6666666666666666,0.0075973409306742,IGHG
M10|C00021,6,0.5108887774961344,M10,1,P1,1.0,True,P1,1.0,5.287726402282715,-1.4390571117401123,,0.8333333333333334,0.6666666666666666,0.0052231718898385,IGHG
M10|C00022,6,0.5108887774961344,M10,1,P1,1.0,True,P1,1.0,9.412109375,-0.498818039894104,,1.0,0.3333333333333333,0.0089707271010387,IGHG
M10|C00023,6,0.5108887774961344,M10,1,P1,1.0,True,P1,1.0,8.455074310302734,-0.3287573754787445,,0.8333333333333334,0.1666666666666666,0.002360717658168,IGHG
M10|C00024,5,0.4687942434317229,M10,1,,,False,P1,1.0,,,,1.0,0.0,0.0113960113960113,IGHG
M10|C00025,5,0.4687942434317229,M10,1,,,False,P1,1.0,,,,1.0,0.0,0.0056980056980056,IGHG
M10|C00026,5,0.4687942434317229,M10,1,,,False,P1,1.0,,,,0.8,0.0,0.0188034188034188,IGHG
M10|C00027,4,0.417905561381464,M10,1,,,False,P1,1.0,,,,1.0,0.25,0.0135327635327635,IGHG
M10|C00028,4,0.417905561381464,M10,1,,,False,P1,1.0,,,,0.5,0.25,0.0185185185185185,IGHG
M10|C00029,4,0.417905561381464,M10,1,,,False,P1,1.0,,,,0.75,0.25,0.0213675213675213,IGHG
M10|C00030,4,0.417905561381464,M10,1,,,False,P1,1.0,,,,0.5,0.25,0.0092067988668555,IGHG
M10|C00031,4,0.417905561381464,M10,1,,,False,P1,1.0,,,,1.0,0.25,0.0069832402234636,IGHG
M10|C00032,4,0.417905561381464,M10,1,,,False,P1,1.0,,,,1.0,1.0,0.0107142857142857,IGHG
M10|C00033,4,0.417905561381464,M10,1,,,False,P1,1.0,,,,0.75,0.75,0.0056980056980056,IGHG
M10|C00034,3,0.3547980432681049,M10,1,,,False,P1,1.0,,,,1.0,0.3333333333333333,0.0132953466286799,IGHG
M10|C00035,3,0.3547980432681049,M10,1,,,False,P1,1.0,,,,1.0,0.6666666666666666,0.0056657223796034,IGHG
M10|C00036,3,0.3547980432681049,M10,1,,,False,P1,1.0,,,,0.6666666666666666,0.6666666666666666,0.0132953466286799,IGHG
M10|C00037,3,0.3547980432681049,M10,1,,,False,P1,1.0,,,,0.0,0.0,0.0028328611898017,IGHD
M10|C00038,3,0.3547980432681049,M10,1,,,False,P1,1.0,,,,1.0,0.6666666666666666,0.0075973409306742,IGHG
M10|C00039,3,0.3547980432681049,M10,1,,,False,P1,1.0,,,,0.6666666666666666,0.0,0.0151946818613485,IGHG
M10|C00040,3,0.3547980432681049,M10,1,,,False,P1,1.0,,,,1.0,0.6666666666666666,0.0018993352326685,IGHG
M10|C00041,3,0.3547980432681049,M10,1,,,False,P1,1.0,,,,1.0,1.0,0.0152380952380952,IGHG
M10|C00042,2,0.2737361119126622,M10,1,,,False,P1,1.0,,,,1.0,0.5,0.0128205128205128,IGHG
M10|C00043,2,0.2737361119126622,M10,1,,,False,P1,1.0,,,,0.0,0.0,0.0085470085470085,IGHG
M10|C00044,2,0.2737361119126622,M10,1,,,False,P1,1.0,,,,1.0,0.5,0.0111731843575418,IGHG
M10|C00045,2,0.2737361119126622,M10,1,,,False,P1,1.0,,,,1.0,0.5,0.0071428571428571,IGHG
M10|C00046,2,0.2737361119126622,M10,1,,,False,P1,1.0,,,,1.0,0.0,0.0071428571428571,IGHG
M10|C00047,2,0.2737361119126622,M10,1,,,False,P1,1.0,,,,1.0,1.0,0.017094017094017,IGHG
M10|C00048,2,0.2737361119126622,M10,1,,,False,P1,1.0,,,,0.0,0.0,0.0113960113960113,IGHM
M10|C00049,2,0.2737361119126622,M10,1,,,False,P1,1.0,,,,0.5,0.5,0.0099715099715099,
M10|C00050,2,0.2737361119126622,M10,1,,,False,P1,1.0,,,,0.0,1.0,0.0099715099715099,IGHG
M10|C00051,2,0.2737361119126622,M10,1,,,False,P1,1.0,,,,1.0,0.5,0.0085470085470085,IGHG
M10|C00052,2,0.2737361119126622,M10,1,,,False,P1,1.0,,,,0.0,0.0,0.0028490028490028,IGHG
M10|C00053,2,0.2737361119126622,M10,1,,,False,P1,1.0,,,,1.0,0.5,0.0042492917847025,IGHG
M10|C00054,2,0.2737361119126622,M10,1,,,False,P1,1.0,,,,1.0,0.0,0.02,IGHG
M10|C00055,2,0.2737361119126622,M10,1,,,False,P1,1.0,,,,1.0,0.5,0.0182584269662921,IGHG
M10|C00056,2,0.2737361119126622,M10,1,,,False,P1,1.0,,,,0.0,0.0,0.0,IGHM
M10|C00057,2,0.2737361119126622,M10,1,,,False,P1,1.0,,,,1.0,0.5,0.0069832402234636,IGHG
M10|C00058,2,0.2737361119126622,M10,1,,,False,P1,1.0,,,,0.5,0.0,0.0113960113960113,IGHG
M10|C00059,2,0.2737361119126622,M10,1,,,False,P1,1.0,,,,0.5,0.5,0.0086455331412103,IGHG
M10|C00060,2,0.2737361119126622,M10,1,,,False,P1,1.0,,,,1.0,1.0,0.0099715099715099,IGHG
M10|C00061,2,0.2737361119126622,M10,1,,,False,P1,1.0,,,,1.0,1.0,0.0113960113960113,IGHG
M10|C00062,2,0.2737361119126622,M10,1,,,False,P1,1.0,,,,0.5,0.0,0.0128205128205128,IGHG
M10|C00063,2,0.2737361119126622,M10,1,,,False,P1,1.0,,,,0.5,1.0,0.0042492917847025,
M10|C00064,2,0.2737361119126622,M10,1,,,False,P1,1.0,,,,1.0,1.0,0.0179063360881542,IGHG
M10|C00065,2,0.2737361119126622,M10,1,,,False,P1,1.0,,,,0.5,1.0,0.0084985835694051,IGHG
M10|C00066,2,0.2737361119126622,M10,1,,,False,P1,1.0,,,,1.0,0.0,0.0141242937853107,IGHG
M1|C00001,791,0.9914739149685772,M1,1,P1,1.0,True,P1,1.0,5.585741996765137,-2.6694934368133545,0.606826801517067,0.6852085967130215,,0.0055647400780144,IGHG
M1|C00002,217,0.9698693887388874,M1,1,P1,1.0,True,P1,1.0,9.426074981689451,2.8080646991729736,0.8248847926267281,0.4193548387096774,,0.0045163916131658,IGHG
M1|C00003,180,0.9639827068651848,M1,1,P1,1.0,True,P1,1.0,9.364727020263672,-0.082742340862751,0.8555555555555555,0.6444444444444445,,0.0072966128521684,IGHG
M1|C00004,165,0.9608837768431884,M1,1,P1,1.0,True,P1,1.0,3.61108660697937,-1.2677128314971924,0.0606060606060606,0.0545454545454545,,0.0120521453854787,IGHG
M1|C00005,144,0.955525252857228,M1,1,P1,1.0,True,P1,1.0,9.00847625732422,0.3324732780456543,0.0277777777777777,0.9236111111111112,,0.0041528173472617,IGHG
M1|C00006,138,0.9537131807792836,M1,1,P1,1.0,True,P1,1.0,7.051039695739746,-2.1001250743865967,0.072463768115942,0.7971014492753623,,0.0067013846837027,IGHG
M1|C00007,118,0.9464364396683792,M1,1,P1,1.0,True,P1,1.0,8.977498054504395,-1.4713494777679443,0.4067796610169492,0.6440677966101694,,0.096391665459462,IGHG
M1|C00008,108,0.9418647459038658,M1,1,P1,1.0,True,P1,1.0,8.086396217346191,-3.4829492568969727,0.1759259259259259,0.6296296296296297,,0.0091565174411178,IGHG
M1|C00009,82,0.92526717584982,M1,1,P1,1.0,True,P1,1.0,9.298961639404297,-1.269683837890625,0.2073170731707317,0.6341463414634146,,0.0117073170731707,IGHG
M1|C00010,80,0.923587575193722,M1,1,P1,1.0,True,P1,1.0,7.157888412475586,-2.3480641841888428,0.0375,0.6375,,0.008582621082621,IGHG
M1|C00011,79,0.9227190343653268,M1,1,P1,1.0,True,P1,1.0,6.028892993927002,-1.3860667943954468,0.620253164556962,0.4556962025316455,,0.0057701323524108,IGHG
M1|C00012,76,0.9199902726991368,M1,1,P1,1.0,True,P1,1.0,8.9013671875,2.1033592224121094,0.9605263157894736,0.1842105263157894,,0.0108356986559129,IGHG
M1|C00013,36,0.8483468787044204,M1,1,P1,1.0,True,P1,1.0,6.047466278076172,-1.30241858959198,0.8333333333333334,0.7222222222222222,,0.0138502011761064,IGHG
M1|C00014,35,0.8448524236529706,M1,1,P1,1.0,True,P1,1.0,4.688925743103027,-2.3019301891326904,0.3714285714285714,0.6285714285714286,,0.0239764629595138,IGHG
M1|C00015,28,0.8149240572258398,M1,1,P1,1.0,True,P1,1.0,9.207956314086914,-0.5137604475021362,0.3214285714285714,0.4642857142857143,,0.0061050061050061,IGHG
M1|C00016,28,0.8149240572258398,M1,1,P1,1.0,True,P1,1.0,10.197208404541016,1.2760679721832275,0.1071428571428571,0.0714285714285714,,0.0021886191802626,IGHG
M1|C00017,26,0.8040874937273014,M1,1,P1,1.0,True,P1,1.0,8.912199020385742,-1.5447309017181396,0.1923076923076923,0.4230769230769231,,0.0097802197802197,IGHG
M1|C00018,25,0.7981697787120187,M1,1,P1,1.0,True,P1,1.0,9.595829963684082,2.695241928100586,0.04,0.8,,0.0018941504178272,IGHG
M1|C00019,20,0.7621050082253512,M1,1,P1,1.0,True,P1,1.0,9.465338706970217,2.7406413555145264,0.0,0.9,,0.0094017094017094,IGHG
M1|C00020,19,0.7532458327397537,M1,1,P1,1.0,True,P1,1.0,9.732410430908203,-2.033019542694092,0.1052631578947368,0.631578947368421,,0.0134952766531713,IGHG
M1|C00021,19,0.7532458327397537,M1,1,P1,1.0,True,P1,1.0,8.046542167663574,-2.0727341175079346,0.0,0.8421052631578947,,0.0083494856120471,IGHG
M1|C00022,19,0.7532458327397537,M1,1,P1,1.0,True,P1,1.0,9.448049545288086,1.293262600898743,0.1052631578947368,0.9473684210526316,,0.00796992481203,IGHG
M1|C00023,18,0.7436824642153219,M1,1,P1,1.0,True,P1,1.0,8.054037094116211,-1.4588128328323364,0.0555555555555555,0.7777777777777778,,0.023741690408357,IGHG
M1|C00024,18,0.7436824642153219,M1,1,P1,1.0,True,P1,1.0,9.295658111572266,0.825614333152771,0.0555555555555555,0.9444444444444444,,0.0087052864830642,IGHM
M1|C00025,18,0.7436824642153219,M1,1,P1,1.0,True,P1,1.0,7.971627712249756,-1.5652025938034058,0.2777777777777778,0.6111111111111112,,0.0090218423551756,IGHG
M1|C00026,18,0.7436824642153219,M1,1,P1,1.0,True,P1,1.0,8.337068557739258,-3.639541149139404,0.0,0.7777777777777778,,0.0188350743906299,IGHG
M1|C00027,17,0.7333253218415284,M1,1,P1,1.0,True,P1,1.0,6.391478538513184,-1.8534592390060425,0.2352941176470588,0.4705882352941176,,0.0087394957983193,IGHG
M1|C00028,17,0.7333253218415284,M1,1,P1,1.0,True,P1,1.0,3.2842936515808105,-1.4981920719146729,0.5882352941176471,0.1176470588235294,,0.0219952677579796,IGHG
M1|C00029,16,0.7220686032892372,M1,1,P1,1.0,True,P1,1.0,9.611786842346191,2.118716239929199,0.0,0.9375,,0.0037181303116147,IGHG
M1|C00030,13,0.6815081701027044,M1,1,P1,1.0,True,P1,1.0,3.483404397964477,-1.3482472896575928,0.7692307692307693,0.0,,0.0142450142450142,IGHG
M1|C00031,13,0.6815081701027044,M1,1,P1,1.0,True,P1,1.0,3.715416193008423,-1.2008501291275024,0.0769230769230769,0.0,,0.0164217804667242,IGHG
M1|C00032,13,0.6815081701027044,M1,1,P1,1.0,True,P1,1.0,4.4245219230651855,-1.372381329536438,0.1538461538461538,0.2307692307692307,,0.0070129300898531,IGHG
M1|C00033,12,0.6651040583780095,M1,1,P1,1.0,True,P1,1.0,8.639047622680664,-3.850172519683838,0.1666666666666666,0.4166666666666667,,0.0159523809523809,IGHG
M1|C00034,12,0.6651040583780095,M1,1,P1,1.0,True,P1,1.0,4.387787818908691,-1.9742170572280884,0.9166666666666666,0.1666666666666666,,0.0054605887939221,IGHG
M1|C00035,12,0.6651040583780095,M1,1,P1,1.0,True,P1,1.0,8.963427543640137,-0.3318035006523132,0.6666666666666666,0.25,,0.0132953466286799,IGHG
M1|C00036,12,0.6651040583780095,M1,1,P1,1.0,True,P1,1.0,5.424663543701172,-2.2737953662872314,0.0833333333333333,1.0,,0.0094966761633428,IGHG
M1|C00037,12,0.6651040583780095,M1,1,P1,1.0,True,P1,1.0,8.201593399047852,-2.674834966659546,0.25,0.4166666666666667,,0.0140075973409306,IGHG
M1|C00038,12,0.6651040583780095,M1,1,P1,1.0,True,P1,1.0,4.73646354675293,-1.9153355360031128,0.0,0.3333333333333333,,0.0119047619047619,IGHG
M1|C00039,11,0.6468361053492835,M1,1,P1,1.0,True,P1,1.0,6.354633808135986,-1.1935508251190186,0.0909090909090909,0.2727272727272727,,0.0033670033670033,IGHG
M1|C00040,11,0.6468361053492835,M1,1,P1,1.0,True,P1,1.0,3.300844192504883,-1.5316967964172363,0.0,0.0909090909090909,,0.0051800051800051,IGHG
M1|C00041,11,0.6468361053492835,M1,1,P1,1.0,True,P1,1.0,5.373748302459717,-0.1378571093082428,0.5454545454545454,0.4545454545454545,,0.0007596859964547,IGHG
M1|C00042,10,0.6263534150230329,M1,1,P1,1.0,True,P1,1.0,9.076300621032717,-0.1426138877868652,0.0,0.9,,0.0142450142450142,IGHM
M1|C00043,10,0.6263534150230329,M1,1,P1,1.0,True,P1,1.0,6.276535987854004,-1.3056199550628662,0.0,0.7,,0.0096866096866096,IGHG
M1|C00044,10,0.6263534150230329,M1,1,P1,1.0,True,P1,1.0,7.189473628997803,-2.3309402465820312,0.0,1.0,,0.005099150141643,IGHG
M1|C00045,9,0.6032074132986223,M1,1,P1,1.0,True,P1,1.0,5.8032546043396,-0.8995179533958435,0.0,0.0,,0.0104761904761904,IGHG
M1|C00046,9,0.6032074132986223,M1,1,P1,1.0,True,P1,1.0,5.394435882568359,-0.2274051010608673,0.1111111111111111,0.6666666666666666,,0.0047483380816714,IGHG
M1|C00047,9,0.6032074132986223,M1,1,P1,1.0,True,P1,1.0,7.774453163146973,1.7831354141235352,0.7777777777777778,0.4444444444444444,,0.0031655587211142,IGHG
M1|C00048,9,0.6032074132986223,M1,1,P1,1.0,True,P1,1.0,5.19866418838501,-1.0013967752456665,0.1111111111111111,0.5555555555555556,,0.0041152263374485,IGHG
M1|C00049,9,0.6032074132986223,M1,1,P1,1.0,True,P1,1.0,4.470976829528809,-1.3201913833618164,0.0,0.4444444444444444,,0.0053814498258942,IGHG
M1|C00050,9,0.6032074132986223,M1,1,P1,1.0,True,P1,1.0,4.2418951988220215,-1.246756911277771,0.0,0.0,,0.0082304526748971,IGHG
M1|C00051,8,0.5768139160466386,M1,1,P1,1.0,True,P1,1.0,9.695444107055664,-2.075470447540283,0.0,0.75,,0.0014285714285714,IGHG
M1|C00052,8,0.5768139160466386,M1,1,P1,1.0,True,P1,1.0,9.25806999206543,-1.285942554473877,0.125,0.875,,0.0028490028490028,IGHG
M1|C00053,8,0.5768139160466386,M1,1,P1,1.0,True,P1,1.0,9.283985137939451,-0.089962251484394,0.125,0.75,,0.0106837606837606,IGHG
M1|C00054,8,0.5768139160466386,M1,1,P1,1.0,True,P1,1.0,7.279419422149658,-0.6925754547119141,0.5,0.25,,0.0071225071225071,IGHG
M1|C00055,8,0.5768139160466386,M1,1,P1,1.0,True,P1,1.0,9.128131866455078,2.457951545715332,0.25,1.0,,0.0138888888888888,IGHG
M1|C00056,7,0.5463952871613902,M1,1,P1,1.0,True,P1,1.0,5.335474014282227,-0.1989195197820663,0.0,0.0,,0.0122100122100122,IGHG
M1|C00057,7,0.5463952871613902,M1,1,P1,1.0,True,P1,1.0,9.558937072753906,2.458137035369873,0.0,0.8571428571428571,,0.0044770044770044,IGHG
M1|C00058,7,0.5463952871613902,M1,1,P1,1.0,True,P1,1.0,8.138866424560547,-0.059574656188488,0.0,1.0,,0.0016280016280016,IGHG
M1|C00059,7,0.5463952871613902,M1,1,P1,1.0,True,P1,1.0,3.824817419052124,-1.0981382131576538,0.1428571428571428,0.0,,0.0069190069190069,IGHG
M1|C00060,7,0.5463952871613902,M1,1,P1,1.0,True,P1,1.0,8.62633991241455,-1.0823689699172974,0.7142857142857143,0.4285714285714285,,0.0044770044770044,IGHG
M1|C00061,7,0.5463952871613902,M1,1,P1,1.0,True,P1,1.0,3.3019444942474365,-1.5966308116912842,0.0,0.2857142857142857,,0.0101750101750101,IGHG
M1|C00062,7,0.5463952871613902,M1,1,P1,1.0,True,P1,1.0,3.384643316268921,-1.5665453672409058,0.0,0.4285714285714285,,0.0101750101750101,IGHG
M1|C00063,7,0.5463952871613902,M1,1,P1,1.0,True,P1,1.0,5.322795867919922,-1.9178979396820068,0.8571428571428571,0.1428571428571428,,0.0044770044770044,IGHG
M1|C00064,7,0.5463952871613902,M1,1,P1,1.0,True,P1,1.0,5.013752937316895,-1.4067271947860718,0.0,0.2857142857142857,,0.0078947368421052,IGHG
M1|C00065,7,0.5463952871613902,M1,1,P1,1.0,True,P1,1.0,7.373368263244629,-2.062937498092652,0.0,1.0,,0.0097959183673469,IGHG
M1|C00066,6,0.5108887774961344,M1,1,P1,1.0,True,P1,1.0,8.850299835205078,-2.3978164196014404,0.1666666666666666,0.1666666666666666,,0.0071428571428571,IGHG
M1|C00067,6,0.5108887774961344,M1,1,P1,1.0,True,P1,1.0,10.184137344360352,1.212849497795105,0.0,1.0,,0.0041899441340782,IGHG
M1|C00068,6,0.5108887774961344,M1,1,P1,1.0,True,P1,1.0,5.691672801971436,-0.1168777793645858,1.0,0.0,,0.0018993352326685,IGHG
M1|C00069,6,0.5108887774961344,M1,1,P1,1.0,True,P1,1.0,8.159451484680176,0.1354659348726272,0.6666666666666666,0.3333333333333333,,0.0023741690408357,IGHG
M1|C00070,6,0.5108887774961344,M1,1,P1,1.0,True,P1,1.0,8.791412353515625,0.0116490237414836,0.0,0.6666666666666666,,0.0090218423551756,IGHG
M1|C00071,6,0.5108887774961344,M1,1,P1,1.0,True,P1,1.0,8.962968826293945,0.4923295378684997,0.0,1.0,,0.0028490028490028,
M1|C00072,6,0.5108887774961344,M1,1,P1,1.0,True,P1,1.0,10.102062225341797,1.9418083429336548,0.0,1.0,,0.0066476733143399,IGHG
M1|C00073,6,0.5108887774961344,M1,1,P1,1.0,True,P1,1.0,6.46867561340332,-0.8901961445808411,0.0,0.1666666666666666,,0.0075973409306742,
M1|C00074,6,0.5108887774961344,M1,1,P1,1.0,True,P1,1.0,7.008907794952393,-2.040773630142212,0.1666666666666666,0.6666666666666666,,0.0080721747388414,IGHG
M1|C00075,6,0.5108887774961344,M1,1,P1,1.0,True,P1,1.0,8.72398567199707,1.8985012769699097,0.0,0.6666666666666666,,0.0,IGHM
M1|C00076,6,0.5108887774961344,M1,1,P1,1.0,True,P1,1.0,4.26508378982544,-1.300859808921814,0.0,0.0,,0.0033238366571699,IGHG
M1|C00077,6,0.5108887774961344,M1,1,P1,1.0,True,P1,1.0,8.450272560119629,1.7098040580749512,0.0,1.0,,0.0047483380816714,
M1|C00078,6,0.5108887774961344,M1,1,P1,1.0,True,P1,1.0,4.556276321411133,-1.7107425928115845,0.0,0.8333333333333334,,0.0076190476190476,IGHG
M1|C00079,6,0.5108887774961344,M1,1,P1,1.0,True,P1,1.0,8.467135429382324,-0.8023937344551086,0.0,0.8333333333333334,,0.0041782729805013,IGHG
M1|C00080,5,0.4687942434317229,M1,1,,,False,P1,1.0,,,0.0,1.0,,0.0028490028490028,IGHG
M1|C00081,5,0.4687942434317229,M1,1,,,False,P1,1.0,,,0.0,0.6,,0.0039660056657223,IGHG
M1|C00082,5,0.4687942434317229,M1,1,,,False,P1,1.0,,,0.0,0.8,,0.0028490028490028,IGHM
M1|C00083,5,0.4687942434317229,M1,1,,,False,P1,1.0,,,0.0,0.4,,0.0085714285714285,IGHG
M1|C00084,5,0.4687942434317229,M1,1,,,False,P1,1.0,,,0.0,0.6,,0.0148148148148148,IGHG
M1|C00085,5,0.4687942434317229,M1,1,,,False,P1,1.0,,,0.0,0.8,,0.0125356125356125,IGHG
M1|C00086,5,0.4687942434317229,M1,1,,,False,P1,1.0,,,0.0,1.0,,0.0055401662049861,IGHG
M1|C00087,5,0.4687942434317229,M1,1,,,False,P1,1.0,,,0.2,0.6,,0.0034188034188034,IGHG
M1|C00088,5,0.4687942434317229,M1,1,,,False,P1,1.0,,,0.0,1.0,,0.0022792022792022,IGHG
M1|C00089,5,0.4687942434317229,M1,1,,,False,P1,1.0,,,0.2,0.0,,0.0056022408963585,IGHG
M1|C00090,5,0.4687942434317229,M1,1,,,False,P1,1.0,,,0.0,0.4,,0.0113960113960113,IGHG
M1|C00091,5,0.4687942434317229,M1,1,,,False,P1,1.0,,,0.4,0.4,,0.0022792022792022,IGHM
M1|C00092,5,0.4687942434317229,M1,1,,,False,P1,1.0,,,0.0,1.0,,0.0033426183844011,IGHG
M1|C00093,4,0.417905561381464,M1,1,,,False,P1,1.0,,,0.25,0.25,,0.0085470085470085,
M1|C00094,4,0.417905561381464,M1,1,,,False,P1,1.0,,,0.0,1.0,,0.0042857142857142,
M1|C00095,4,0.417905561381464,M1,1,,,False,P1,1.0,,,0.0,0.25,,0.01,IGHG
M1|C00096,4,0.417905561381464,M1,1,,,False,P1,1.0,,,0.25,0.25,,0.0021367521367521,IGHG
M1|C00097,4,0.417905561381464,M1,1,,,False,P1,1.0,,,0.0,0.5,,0.0049857549857549,IGHG
M1|C00098,4,0.417905561381464,M1,1,,,False,P1,1.0,,,0.0,1.0,,0.0,IGHM
M1|C00099,4,0.417905561381464,M1,1,,,False,P1,1.0,,,0.5,0.75,,0.0049857549857549,IGHG
M1|C00100,4,0.417905561381464,M1,1,,,False,P1,1.0,,,1.0,0.0,,0.0056980056980056,IGHG
M1|C00101,4,0.417905561381464,M1,1,,,False,P1,1.0,,,0.0,0.0,,0.0071225071225071,IGHG
M1|C00102,4,0.417905561381464,M1,1,,,False,P1,1.0,,,0.0,0.5,,0.0106837606837606,IGHG
M1|C00103,4,0.417905561381464,M1,1,,,False,P1,1.0,,,0.0,1.0,,0.0028490028490028,IGHG
M1|C00104,4,0.417905561381464,M1,1,,,False,P1,1.0,,,0.25,0.25,,0.0121082621082621,IGHM
M1|C00105,4,0.417905561381464,M1,1,,,False,P1,1.0,,,0.0,1.0,,0.0,IGHG
M1|C00106,4,0.417905561381464,M1,1,,,False,P1,1.0,,,0.0,1.0,,0.0092592592592592,IGHM
M1|C00107,4,0.417905561381464,M1,1,,,False,P1,1.0,,,0.0,0.75,,0.0078347578347578,
M1|C00108,4,0.417905561381464,M1,1,,,False,P1,1.0,,,0.75,1.0,,0.0028490028490028,
M1|C00109,4,0.417905561381464,M1,1,,,False,P1,1.0,,,0.0,1.0,,0.0071225071225071,IGHM
M1|C00110,4,0.417905561381464,M1,1,,,False,P1,1.0,,,0.25,0.5,,0.0056657223796034,IGHG
M1|C00111,4,0.417905561381464,M1,1,,,False,P1,1.0,,,0.0,1.0,,0.0192857142857142,IGHG
M1|C00112,4,0.417905561381464,M1,1,,,False,P1,1.0,,,0.0,0.75,,0.0064285714285714,IGHG
M1|C00113,4,0.417905561381464,M1,1,,,False,P1,1.0,,,0.0,1.0,,0.0092857142857142,IGHM
M1|C00114,4,0.417905561381464,M1,1,,,False,P1,1.0,,,0.25,0.75,,0.0206552706552706,IGHG
M1|C00115,4,0.417905561381464,M1,1,,,False,P1,1.0,,,0.0,0.0,,0.0106837606837606,IGHG
M1|C00116,4,0.417905561381464,M1,1,,,False,P1,1.0,,,0.0,1.0,,0.0078347578347578,IGHG
M1|C00117,4,0.417905561381464,M1,1,,,False,P1,1.0,,,0.0,0.75,,0.0035612535612535,IGHG
M1|C00118,4,0.417905561381464,M1,1,,,False,P1,1.0,,,0.0,1.0,,0.0,IGHM
M1|C00119,4,0.417905561381464,M1,1,,,False,P1,1.0,,,0.0,1.0,,0.0113960113960113,IGHG
M1|C00120,4,0.417905561381464,M1,1,,,False,P1,1.0,,,0.75,0.25,,0.0056980056980056,IGHG
M1|C00121,4,0.417905561381464,M1,1,,,False,P1,1.0,,,0.5,0.5,,0.0035612535612535,IGHG
M1|C00122,4,0.417905561381464,M1,1,,,False,P1,1.0,,,0.0,0.75,,0.0021246458923512,
M1|C00123,3,0.3547980432681049,M1,1,,,False,P1,1.0,,,0.0,0.0,,0.0104463437796771,IGHG
M1|C00124,3,0.3547980432681049,M1,1,,,False,P1,1.0,,,0.0,0.3333333333333333,,0.019047619047619,IGHG
M1|C00125,3,0.3547980432681049,M1,1,,,False,P1,1.0,,,0.3333333333333333,0.0,,0.0085714285714285,IGHG
M1|C00126,3,0.3547980432681049,M1,1,,,False,P1,1.0,,,0.0,1.0,,0.0,IGHM
M1|C00127,3,0.3547980432681049,M1,1,,,False,P1,1.0,,,0.0,0.3333333333333333,,0.0075973409306742,IGHG
M1|C00128,3,0.3547980432681049,M1,1,,,False,P1,1.0,,,0.0,0.0,,0.0085470085470085,IGHG
M1|C00129,3,0.3547980432681049,M1,1,,,False,P1,1.0,,,0.3333333333333333,0.3333333333333333,,0.0056980056980056,IGHG
M1|C00130,3,0.3547980432681049,M1,1,,,False,P1,1.0,,,0.0,1.0,,0.0142450142450142,IGHG
M1|C00131,3,0.3547980432681049,M1,1,,,False,P1,1.0,,,0.0,1.0,,0.0104463437796771,IGHM
M1|C00132,3,0.3547980432681049,M1,1,,,False,P1,1.0,,,0.0,0.6666666666666666,,0.0142450142450142,
M1|C00133,3,0.3547980432681049,M1,1,,,False,P1,1.0,,,0.0,1.0,,0.0,IGHM
M1|C00134,3,0.3547980432681049,M1,1,,,False,P1,1.0,,,1.0,0.6666666666666666,,0.0009496676163342,IGHG
M1|C00135,3,0.3547980432681049,M1,1,,,False,P1,1.0,,,0.3333333333333333,0.6666666666666666,,0.0142450142450142,IGHG
M1|C00136,3,0.3547980432681049,M1,1,,,False,P1,1.0,,,0.0,0.3333333333333333,,0.0085470085470085,IGHG
M1|C00137,3,0.3547980432681049,M1,1,,,False,P1,1.0,,,0.0,1.0,,0.0132953466286799,IGHG
M1|C00138,3,0.3547980432681049,M1,1,,,False,P1,1.0,,,0.0,0.6666666666666666,,0.0018993352326685,IGHG
M1|C00139,3,0.3547980432681049,M1,1,,,False,P1,1.0,,,0.3333333333333333,0.3333333333333333,,0.0009496676163342,IGHG
M1|C00140,3,0.3547980432681049,M1,1,,,False,P1,1.0,,,0.0,0.0,,0.0,IGHD
M1|C00141,3,0.3547980432681049,M1,1,,,False,P1,1.0,,,0.0,0.6666666666666666,,0.0009337068160597,IGHM
M1|C00142,3,0.3547980432681049,M1,1,,,False,P1,1.0,,,0.0,1.0,,0.0056980056980056,IGHM
M1|C00143,3,0.3547980432681049,M1,1,,,False,P1,1.0,,,0.0,0.6666666666666666,,0.0075973409306742,IGHM
M1|C00144,3,0.3547980432681049,M1,1,,,False,P1,1.0,,,0.0,0.0,,0.0009496676163342,IGHM
M1|C00145,3,0.3547980432681049,M1,1,,,False,P1,1.0,,,0.6666666666666666,0.3333333333333333,,0.0123456790123456,IGHG
M1|C00146,3,0.3547980432681049,M1,1,,,False,P1,1.0,,,0.0,1.0,,0.0037986704653371,IGHM
M1|C00147,3,0.3547980432681049,M1,1,,,False,P1,1.0,,,0.0,0.0,,0.0075973409306742,IGHG
M1|C00148,3,0.3547980432681049,M1,1,,,False,P1,1.0,,,0.0,0.0,,0.0085470085470085,IGHG
M1|C00149,3,0.3547980432681049,M1,1,,,False,P1,1.0,,,0.0,0.0,,0.0142450142450142,IGHG
M1|C00150,3,0.3547980432681049,M1,1,,,False,P1,1.0,,,0.0,0.3333333333333333,,0.0161443494776828,IGHG
M1|C00151,3,0.3547980432681049,M1,1,,,False,P1,1.0,,,0.0,0.0,,0.0085470085470085,IGHG
M1|C00152,3,0.3547980432681049,M1,1,,,False,P1,1.0,,,0.3333333333333333,0.6666666666666666,,0.0066476733143399,IGHG
M1|C00153,3,0.3547980432681049,M1,1,,,False,P1,1.0,,,0.6666666666666666,0.0,,0.0009496676163342,IGHG
M1|C00154,3,0.3547980432681049,M1,1,,,False,P1,1.0,,,0.0,0.3333333333333333,,0.0037986704653371,IGHG
M1|C00155,3,0.3547980432681049,M1,1,,,False,P1,1.0,,,0.3333333333333333,0.0,,0.1489228769930524,IGHG
M1|C00156,3,0.3547980432681049,M1,1,,,False,P1,1.0,,,0.3333333333333333,0.3333333333333333,,0.0056657223796034,IGHG
M1|C00157,3,0.3547980432681049,M1,1,,,False,P1,1.0,,,0.0,1.0,,0.0038095238095238,IGHG
M1|C00158,3,0.3547980432681049,M1,1,,,False,P1,1.0,,,0.0,1.0,,0.0009523809523809,IGHM
M1|C00159,3,0.3547980432681049,M1,1,,,False,P1,1.0,,,0.0,0.6666666666666666,,0.0204271123491179,IGHG
M1|C00160,3,0.3547980432681049,M1,1,,,False,P1,1.0,,,0.0,1.0,,0.0047483380816714,IGHG
M1|C00161,2,0.2737361119126622,M1,1,,,False,P1,1.0,,,0.0,1.0,,0.0042735042735042,IGHG
M1|C00162,2,0.2737361119126622,M1,1,,,False,P1,1.0,,,0.0,0.0,,0.0085470085470085,IGHG
M1|C00163,2,0.2737361119126622,M1,1,,,False,P1,1.0,,,0.0,0.0,,0.0056980056980056,IGHM
M1|C00164,2,0.2737361119126622,M1,1,,,False,P1,1.0,,,0.0,0.5,,0.0128205128205128,IGHG
M1|C00165,2,0.2737361119126622,M1,1,,,False,P1,1.0,,,0.0,0.0,,0.0085470085470085,
M1|C00166,2,0.2737361119126622,M1,1,,,False,P1,1.0,,,0.0,1.0,,0.01,IGHG
M1|C00167,2,0.2737361119126622,M1,1,,,False,P1,1.0,,,0.0,1.0,,0.0114285714285714,IGHG
M1|C00168,2,0.2737361119126622,M1,1,,,False,P1,1.0,,,0.0,0.5,,0.0057142857142857,IGHG
M1|C00169,2,0.2737361119126622,M1,1,,,False,P1,1.0,,,0.0,0.0,,0.0085714285714285,IGHG
M1|C00170,2,0.2737361119126622,M1,1,,,False,P1,1.0,,,0.0,0.0,,0.01,
M1|C00171,2,0.2737361119126622,M1,1,,,False,P1,1.0,,,0.5,0.0,,0.0099715099715099,IGHG
M1|C00172,2,0.2737361119126622,M1,1,,,False,P1,1.0,,,0.0,0.5,,0.0085470085470085,IGHG
M1|C00173,2,0.2737361119126622,M1,1,,,False,P1,1.0,,,0.0,0.5,,0.0,IGHG
M1|C00174,2,0.2737361119126622,M1,1,,,False,P1,1.0,,,0.0,0.0,,0.0113960113960113,IGHG
M1|C00175,2,0.2737361119126622,M1,1,,,False,P1,1.0,,,0.0,1.0,,0.0113960113960113,IGHM
M1|C00176,2,0.2737361119126622,M1,1,,,False,P1,1.0,,,0.0,1.0,,0.0,IGHG
M1|C00177,2,0.2737361119126622,M1,1,,,False,P1,1.0,,,0.0,0.0,,0.0223463687150838,
M1|C00178,2,0.2737361119126622,M1,1,,,False,P1,1.0,,,0.0,0.5,,0.0071428571428571,
M1|C00179,2,0.2737361119126622,M1,1,,,False,P1,1.0,,,0.0,0.0,,0.0,IGHM
M1|C00180,2,0.2737361119126622,M1,1,,,False,P1,1.0,,,0.5,0.0,,0.0014245014245014,
M1|C00181,2,0.2737361119126622,M1,1,,,False,P1,1.0,,,0.0,0.5,,0.0199430199430199,IGHG
M1|C00182,2,0.2737361119126622,M1,1,,,False,P1,1.0,,,0.0,0.0,,0.0156695156695156,IGHG
M1|C00183,2,0.2737361119126622,M1,1,,,False,P1,1.0,,,0.0,0.0,,0.0028490028490028,IGHM
M1|C00184,2,0.2737361119126622,M1,1,,,False,P1,1.0,,,0.0,0.0,,0.0071225071225071,IGHG
M1|C00185,2,0.2737361119126622,M1,1,,,False,P1,1.0,,,0.5,0.5,,0.0014245014245014,
M1|C00186,2,0.2737361119126622,M1,1,,,False,P1,1.0,,,0.0,1.0,,0.2060358520535511,IGHG
M1|C00187,2,0.2737361119126622,M1,1,,,False,P1,1.0,,,0.0,1.0,,0.002770083102493,IGHM
M1|C00188,2,0.2737361119126622,M1,1,,,False,P1,1.0,,,0.0,0.5,,0.0055401662049861,
M1|C00189,2,0.2737361119126622,M1,1,,,False,P1,1.0,,,0.0,1.0,,0.0056980056980056,IGHM
M1|C00190,2,0.2737361119126622,M1,1,,,False,P1,1.0,,,0.5,0.5,,0.0042735042735042,IGHG
M1|C00191,2,0.2737361119126622,M1,1,,,False,P1,1.0,,,0.0,0.0,,0.0056980056980056,IGHM
M1|C00192,2,0.2737361119126622,M1,1,,,False,P1,1.0,,,0.0,0.5,,0.0071225071225071,IGHG
M1|C00193,2,0.2737361119126622,M1,1,,,False,P1,1.0,,,0.0,0.0,,0.0,
M1|C00194,2,0.2737361119126622,M1,1,,,False,P1,1.0,,,0.0,0.0,,0.0028490028490028,IGHM
M1|C00195,2,0.2737361119126622,M1,1,,,False,P1,1.0,,,0.0,0.0,,0.0,IGHM
M1|C00196,2,0.2737361119126622,M1,1,,,False,P1,1.0,,,0.0,0.0,,0.0085470085470085,
M1|C00197,2,0.2737361119126622,M1,1,,,False,P1,1.0,,,1.0,0.0,,0.0,IGHG
M1|C00198,2,0.2737361119126622,M1,1,,,False,P1,1.0,,,0.0,0.0,,0.0,IGHD
M1|C00199,2,0.2737361119126622,M1,1,,,False,P1,1.0,,,0.5,0.5,,0.0085470085470085,IGHG
M1|C00200,2,0.2737361119126622,M1,1,,,False,P1,1.0,,,0.0,0.5,,0.0,IGHG
M1|C00201,2,0.2737361119126622,M1,1,,,False,P1,1.0,,,0.0,0.0,,0.0,IGHM
M1|C00202,2,0.2737361119126622,M1,1,,,False,P1,1.0,,,0.0,1.0,,0.0,IGHM
M1|C00203,2,0.2737361119126622,M1,1,,,False,P1,1.0,,,0.0,1.0,,0.0042735042735042,IGHG
M1|C00204,2,0.2737361119126622,M1,1,,,False,P1,1.0,,,0.0,1.0,,0.0142450142450142,IGHG
M1|C00205,2,0.2737361119126622,M1,1,,,False,P1,1.0,,,0.0,0.0,,0.0071225071225071,IGHG
M1|C00206,2,0.2737361119126622,M1,1,,,False,P1,1.0,,,0.0,1.0,,0.0,IGHG
M1|C00207,2,0.2737361119126622,M1,1,,,False,P1,1.0,,,0.0,0.0,,0.0113960113960113,IGHD
M1|C00208,2,0.2737361119126622,M1,1,,,False,P1,1.0,,,0.0,1.0,,0.0056980056980056,IGHM
M1|C00209,2,0.2737361119126622,M1,1,,,False,P1,1.0,,,0.0,0.0,,0.0,IGHG
M1|C00210,2,0.2737361119126622,M1,1,,,False,P1,1.0,,,0.0,1.0,,0.0042735042735042,IGHM
M1|C00211,2,0.2737361119126622,M1,1,,,False,P1,1.0,,,0.0,0.0,,0.0113960113960113,IGHG
M1|C00212,2,0.2737361119126622,M1,1,,,False,P1,1.0,,,0.0,1.0,,0.0071225071225071,IGHM
M1|C00213,2,0.2737361119126622,M1,1,,,False,P1,1.0,,,0.0,0.0,,0.0185185185185185,IGHG
M1|C00214,2,0.2737361119126622,M1,1,,,False,P1,1.0,,,0.0,0.5,,0.0128205128205128,IGHM
M1|C00215,2,0.2737361119126622,M1,1,,,False,P1,1.0,,,0.0,0.0,,0.0113960113960113,IGHG
M1|C00216,2,0.2737361119126622,M1,1,,,False,P1,1.0,,,0.0,0.0,,0.0,IGHM
M1|C00217,2,0.2737361119126622,M1,1,,,False,P1,1.0,,,0.0,0.0,,0.0,IGHM
M1|C00218,2,0.2737361119126622,M1,1,,,False,P1,1.0,,,0.0,1.0,,0.0042735042735042,IGHG
M1|C00219,2,0.2737361119126622,M1,1,,,False,P1,1.0,,,0.0,0.0,,0.0099715099715099,
M1|C00220,2,0.2737361119126622,M1,1,,,False,P1,1.0,,,0.0,0.5,,0.0028490028490028,IGHG
M1|C00221,2,0.2737361119126622,M1,1,,,False,P1,1.0,,,0.0,0.0,,0.0,IGHM
M1|C00222,2,0.2737361119126622,M1,1,,,False,P1,1.0,,,0.0,0.0,,0.0069637883008356,IGHG
M1|C00223,2,0.2737361119126622,M1,1,,,False,P1,1.0,,,0.0,1.0,,0.0071225071225071,IGHG
M1|C00224,2,0.2737361119126622,M1,1,,,False,P1,1.0,,,0.0,1.0,,0.0085470085470085,IGHG
M1|C00225,2,0.2737361119126622,M1,1,,,False,P1,1.0,,,0.0,0.0,,0.0,IGHM
M1|C00226,2,0.2737361119126622,M1,1,,,False,P1,1.0,,,0.0,0.0,,0.0,
M1|C00227,2,0.2737361119126622,M1,1,,,False,P1,1.0,,,0.0,1.0,,0.0071225071225071,IGHM
M1|C00228,2,0.2737361119126622,M1,1,,,False,P1,1.0,,,0.0,1.0,,0.0056980056980056,IGHG
M1|C00229,2,0.2737361119126622,M1,1,,,False,P1,1.0,,,0.0,1.0,,0.0014245014245014,
M1|C00230,2,0.2737361119126622,M1,1,,,False,P1,1.0,,,0.0,0.0,,0.0,IGHM
M1|C00231,2,0.2737361119126622,M1,1,,,False,P1,1.0,,,0.0,1.0,,0.0071225071225071,IGHM
M1|C00232,2,0.2737361119126622,M1,1,,,False,P1,1.0,,,0.0,0.5,,0.0056980056980056,IGHG
M1|C00233,2,0.2737361119126622,M1,1,,,False,P1,1.0,,,0.0,0.0,,0.0,IGHD
M1|C00234,2,0.2737361119126622,M1,1,,,False,P1,1.0,,,0.0,1.0,,0.0028490028490028,IGHG
M1|C00235,2,0.2737361119126622,M1,1,,,False,P1,1.0,,,0.0,0.0,,0.0,IGHM
M1|C00236,2,0.2737361119126622,M1,1,,,False,P1,1.0,,,0.0,1.0,,0.0014164305949008,IGHG
M1|C00237,2,0.2737361119126622,M1,1,,,False,P1,1.0,,,0.0,0.0,,0.0,IGHD
M1|C00238,2,0.2737361119126622,M1,1,,,False,P1,1.0,,,0.0,0.5,,0.0,
M1|C00239,2,0.2737361119126622,M1,1,,,False,P1,1.0,,,0.0,0.5,,0.0071428571428571,IGHG
M1|C00240,2,0.2737361119126622,M1,1,,,False,P1,1.0,,,1.0,0.5,,0.0128571428571428,
M1|C00241,2,0.2737361119126622,M1,1,,,False,P1,1.0,,,0.0,1.0,,0.0028571428571428,
M1|C00242,2,0.2737361119126622,M1,1,,,False,P1,1.0,,,0.0,1.0,,0.0042735042735042,IGHG
M1|C00243,2,0.2737361119126622,M1,1,,,False,P1,1.0,,,0.0,0.0,,0.0,IGHM
M1|C00244,2,0.2737361119126622,M1,1,,,False,P1,1.0,,,0.0,0.0,,0.0070224719101123,IGHG
M1|C00245,2,0.2737361119126622,M1,1,,,False,P1,1.0,,,0.0,0.0,,0.0,
M1|C00246,2,0.2737361119126622,M1,1,,,False,P1,1.0,,,0.0,1.0,,0.0028490028490028,
M1|C00247,2,0.2737361119126622,M1,1,,,False,P1,1.0,,,0.0,1.0,,0.0042735042735042,IGHG
M1|C00248,2,0.2737361119126622,M1,1,,,False,P1,1.0,,,0.0,1.0,,0.0,IGHM
M1|C00249,2,0.2737361119126622,M1,1,,,False,P1,1.0,,,0.0,0.0,,0.0,IGHM
M1|C00250,2,0.2737361119126622,M1,1,,,False,P1,1.0,,,0.0,0.0,,0.0111731843575418,
M1|C00251,2,0.2737361119126622,M1,1,,,False,P1,1.0,,,0.0,0.0,,0.0028490028490028,IGHG
M1|C00252,2,0.2737361119126622,M1,1,,,False,P1,1.0,,,0.0,1.0,,0.0014245014245014,IGHM
M1|C00253,2,0.2737361119126622,M1,1,,,False,P1,1.0,,,0.0,1.0,,0.0,IGHM
M1|C00254,2,0.2737361119126622,M1,1,,,False,P1,1.0,,,0.0,0.0,,0.0085470085470085,IGHG
M1|C00255,2,0.2737361119126622,M1,1,,,False,P1,1.0,,,0.0,1.0,,0.0028490028490028,IGHM
M1|C00256,2,0.2737361119126622,M1,1,,,False,P1,1.0,,,0.0,0.0,,0.0,
M1|C00257,2,0.2737361119126622,M1,1,,,False,P1,1.0,,,0.0,0.0,,0.0014245014245014,IGHM
M1|C00258,2,0.2737361119126622,M1,1,,,False,P1,1.0,,,0.0,1.0,,0.0014245014245014,IGHG
M1|C00259,2,0.2737361119126622,M1,1,,,False,P1,1.0,,,0.0,1.0,,0.0128205128205128,
M1|C00260,2,0.2737361119126622,M1,1,,,False,P1,1.0,,,0.0,0.0,,0.0,IGHM
M1|C00261,2,0.2737361119126622,M1,1,,,False,P1,1.0,,,0.0,0.0,,0.0,IGHM
M1|C00262,2,0.2737361119126622,M1,1,,,False,P1,1.0,,,0.0,0.5,,0.0028490028490028,
M1|C00263,2,0.2737361119126622,M1,1,,,False,P1,1.0,,,0.0,0.0,,0.0014245014245014,IGHM
M1|C00264,2,0.2737361119126622,M1,1,,,False,P1,1.0,,,0.0,0.0,,0.0056980056980056,
M1|C00265,2,0.2737361119126622,M1,1,,,False,P1,1.0,,,0.0,0.0,,0.0042735042735042,IGHG
M1|C00266,2,0.2737361119126622,M1,1,,,False,P1,1.0,,,0.0,0.0,,0.0028818443804034,IGHM
M1|C00267,2,0.2737361119126622,M1,1,,,False,P1,1.0,,,0.0,1.0,,0.0057142857142857,IGHG
M1|C00268,2,0.2737361119126622,M1,1,,,False,P1,1.0,,,0.5,0.5,,0.0014285714285714,IGHG
M1|C00269,2,0.2737361119126622,M1,1,,,False,P1,1.0,,,0.0,0.0,,0.0,IGHM
M1|C00270,2,0.2737361119126622,M1,1,,,False,P1,1.0,,,0.0,0.5,,0.0028490028490028,IGHG
M1|C00271,2,0.2737361119126622,M1,1,,,False,P1,1.0,,,0.0,1.0,,0.0042735042735042,IGHM
M1|C00272,2,0.2737361119126622,M1,1,,,False,P1,1.0,,,0.0,1.0,,0.0085470085470085,IGHG
M1|C00273,2,0.2737361119126622,M1,1,,,False,P1,1.0,,,0.0,0.0,,0.0056980056980056,IGHG
M1|C00274,2,0.2737361119126622,M1,1,,,False,P1,1.0,,,0.0,0.0,,0.0114285714285714,IGHG
M1|C00275,2,0.2737361119126622,M1,1,,,False,P1,1.0,,,0.0,0.0,,0.0,IGHG
M1|C00276,2,0.2737361119126622,M1,1,,,False,P1,1.0,,,0.0,0.5,,0.0014285714285714,IGHM
M1|C00277,2,0.2737361119126622,M1,1,,,False,P1,1.0,,,0.0,0.0,,0.0028490028490028,
M1|C00278,2,0.2737361119126622,M1,1,,,False,P1,1.0,,,0.0,0.0,,0.0,
M1|C00279,2,0.2737361119126622,M1,1,,,False,P1,1.0,,,0.0,1.0,,0.0042735042735042,
M1|C00280,2,0.2737361119126622,M1,1,,,False,P1,1.0,,,0.0,0.0,,0.0113960113960113,IGHG
M1|C00281,2,0.2737361119126622,M1,1,,,False,P1,1.0,,,0.0,0.0,,0.0,IGHM
M1|C00282,2,0.2737361119126622,M1,1,,,False,P1,1.0,,,0.0,0.0,,0.0014245014245014,
M1|C00283,2,0.2737361119126622,M1,1,,,False,P1,1.0,,,0.0,0.0,,0.0071225071225071,IGHG
M1|C00284,2,0.2737361119126622,M1,1,,,False,P1,1.0,,,1.0,1.0,,0.0099715099715099,IGHG
M1|C00285,2,0.2737361119126622,M1,1,,,False,P1,1.0,,,0.0,1.0,,0.0056980056980056,IGHG
M1|C00286,2,0.2737361119126622,M1,1,,,False,P1,1.0,,,0.0,0.0,,0.0056980056980056,IGHG
M1|C00287,2,0.2737361119126622,M1,1,,,False,P1,1.0,,,0.0,0.5,,0.0056980056980056,IGHG
M1|C00288,2,0.2737361119126622,M1,1,,,False,P1,1.0,,,0.0,0.5,,0.0042735042735042,
M1|C00289,2,0.2737361119126622,M1,1,,,False,P1,1.0,,,0.0,0.5,,0.0014164305949008,IGHM
M1|C00290,2,0.2737361119126622,M1,1,,,False,P1,1.0,,,0.0,0.0,,0.0,IGHM
M1|C00291,2,0.2737361119126622,M1,1,,,False,P1,1.0,,,0.0,0.0,,0.0042735042735042,IGHG
M1|C00292,2,0.2737361119126622,M1,1,,,False,P1,1.0,,,0.0,1.0,,0.0028571428571428,IGHM
M1|C00293,2,0.2737361119126622,M1,1,,,False,P1,1.0,,,0.0,0.0,,0.0028490028490028,
M1|C00294,2,0.2737361119126622,M1,1,,,False,P1,1.0,,,0.0,1.0,,0.0242165242165242,
M1|C00295,2,0.2737361119126622,M1,1,,,False,P1,1.0,,,0.0,0.0,,0.0057142857142857,IGHM
M1|C00296,2,0.2737361119126622,M1,1,,,False,P1,1.0,,,0.0,1.0,,0.0142857142857142,
M1|C00297,2,0.2737361119126622,M1,1,,,False,P1,1.0,,,0.0,0.5,,0.0027855153203342,IGHM
M1|C00298,2,0.2737361119126622,M1,1,,,False,P1,1.0,,,0.0,0.0,,0.0056980056980056,IGHG
M1|C00299,2,0.2737361119126622,M1,1,,,False,P1,1.0,,,0.0,0.0,,0.0,IGHM
M1|C00300,2,0.2737361119126622,M1,1,,,False,P1,1.0,,,0.0,0.0,,0.0041782729805013,IGHM
M1|C00301,2,0.2737361119126622,M1,1,,,False,P1,1.0,,,0.5,0.5,,0.0056497175141242,
M1|C00302,2,0.2737361119126622,M1,1,,,False,P1,1.0,,,0.0,0.0,,0.0099715099715099,IGHM
M2|C00001,156,0.9587541881642168,M2,1,P1,1.0,True,P1,1.0,9.698627471923828,-0.9861717820167542,0.3397435897435897,0.6858974358974359,,0.0095514646796698,IGHG
M2|C00002,109,0.9423568136866596,M2,1,P1,1.0,True,P1,1.0,7.412426471710205,-3.162672281265259,0.6055045871559633,0.3486238532110092,,0.0068741995347499,IGHG
M2|C00003,55,0.8936727274676858,M2,1,P1,1.0,True,P1,1.0,9.443462371826172,2.8156301975250244,0.9090909090909092,0.8181818181818182,,0.0014936904455318,IGHG
M2|C00004,47,0.8783959969322459,M2,1,P1,1.0,True,P1,1.0,5.1142258644104,-2.414844751358032,0.7872340425531915,0.1914893617021276,,0.0159127480779545,IGHG
M2|C00005,41,0.8636768247362014,M2,1,P1,1.0,True,P1,1.0,10.152602195739746,2.244168758392334,0.5853658536585366,0.3902439024390244,,0.0086164964213744,IGHG
M2|C00006,38,0.8548790792785601,M2,1,P1,1.0,True,P1,1.0,9.163920402526855,-2.593518018722534,0.0526315789473684,0.4736842105263157,,0.0042857142857142,IGHG
M2|C00007,38,0.8548790792785601,M2,1,P1,1.0,True,P1,1.0,5.249398708343506,-1.46901535987854,0.7631578947368421,0.131578947368421,,0.0116209326735642,IGHG
M2|C00008,36,0.8483468787044204,M2,1,P1,1.0,True,P1,1.0,4.914205074310303,-2.5880069732666016,0.0,0.4166666666666667,,0.0071225071225071,IGHG
M2|C00009,35,0.8448524236529706,M2,1,P1,1.0,True,P1,1.0,9.93724250793457,1.4445667266845703,0.8,0.9714285714285714,,0.0033184945366248,IGHG
M2|C00010,34,0.8411910420736208,M2,1,P1,1.0,True,P1,1.0,9.675263404846191,-0.7579243183135986,0.1764705882352941,0.5588235294117647,,0.0084632143455672,IGHG
M2|C00011,32,0.8333166570357114,M2,1,P1,1.0,True,P1,1.0,5.935489177703857,-2.460511922836304,0.0625,0.8125,,0.00875,IGHG
M2|C00012,26,0.8040874937273014,M2,1,P1,1.0,True,P1,1.0,8.845715522766113,1.9573163986206052,0.0384615384615384,0.8846153846153846,,0.0089853166776243,IGHG
M2|C00013,24,0.7918761834210786,M2,1,P1,1.0,True,P1,1.0,9.56978702545166,-1.1845799684524536,0.3333333333333333,0.5833333333333334,,0.0113960113960113,IGHG
M2|C00014,23,0.7851690721620672,M2,1,P1,1.0,True,P1,1.0,9.791580200195312,2.710064172744751,0.0869565217391304,0.7391304347826086,,0.0089186176142697,IGHG
M2|C00015,23,0.7851690721620672,M2,1,P1,1.0,True,P1,1.0,8.57811164855957,-3.832954406738281,0.0869565217391304,0.7391304347826086,,0.0106527932614889,IGHG
M2|C00016,21,0.7703363825869146,M2,1,P1,1.0,True,P1,1.0,9.68459129333496,2.799543857574463,0.7619047619047619,0.3809523809523809,,0.0056980056980056,IGHG
M2|C00017,21,0.7703363825869146,M2,1,P1,1.0,True,P1,1.0,10.379883766174316,1.777390480041504,0.0,0.8095238095238095,,0.0080043413376746,IGHG
M2|C00018,21,0.7703363825869146,M2,1,P1,1.0,True,P1,1.0,10.160395622253418,2.382873296737671,0.0,0.8095238095238095,,0.0051553384886718,IGHG
M2|C00019,20,0.7621050082253512,M2,1,P1,1.0,True,P1,1.0,7.364266395568848,-3.0579209327697754,0.0,0.7,,0.0078347578347578,IGHG
M2|C00020,18,0.7436824642153219,M2,1,P1,1.0,True,P1,1.0,8.23593807220459,-3.363851547241211,0.0,0.8333333333333334,,0.0101587301587301,IGHG
M2|C00021,18,0.7436824642153219,M2,1,P1,1.0,True,P1,1.0,7.696971893310547,-2.7779104709625244,0.8888888888888888,0.0555555555555555,,0.0061728395061728,IGHG
M2|C00022,17,0.7333253218415284,M2,1,P1,1.0,True,P1,1.0,10.108152389526367,2.45587158203125,0.0588235294117647,0.8823529411764706,,0.0028490028490028,IGHM
M2|C00023,16,0.7220686032892372,M2,1,P1,1.0,True,P1,1.0,5.912271976470947,-2.599407911300659,0.4375,0.625,,0.006588319088319,IGHG
M2|C00024,15,0.7097863587924325,M2,1,P1,1.0,True,P1,1.0,3.9995131492614746,-2.42185378074646,0.0,0.4,,0.0321525519165637,IGHG
M2|C00025,15,0.7097863587924325,M2,1,P1,1.0,True,P1,1.0,9.837419509887695,0.8752808570861816,0.0,0.8,,0.0072380952380952,IGHG
M2|C00026,14,0.6963273433484984,M2,1,P1,1.0,True,P1,1.0,10.06442928314209,2.2550363540649414,0.0714285714285714,0.9285714285714286,,0.0042735042735042,IGHG
M2|C00027,14,0.6963273433484984,M2,1,P1,1.0,True,P1,1.0,9.12428379058838,1.837146282196045,0.0,0.9285714285714286,,0.0138775510204081,IGHG
M2|C00028,13,0.6815081701027044,M2,1,P1,1.0,True,P1,1.0,9.315488815307615,-1.126389980316162,0.0,1.0,,0.0144641683103221,IGHG
M2|C00029,13,0.6815081701027044,M2,1,P1,1.0,True,P1,1.0,6.084514141082764,-2.9469141960144043,0.1538461538461538,0.6923076923076923,,0.0118343195266272,IGHG
M2|C00030,12,0.6651040583780095,M2,1,P1,1.0,True,P1,1.0,8.375985145568848,-3.1250219345092773,0.1666666666666666,0.9166666666666666,,0.0096789423984891,IGHG
M2|C00031,12,0.6651040583780095,M2,1,P1,1.0,True,P1,1.0,4.891286849975586,-1.893892884254456,0.5833333333333334,0.5833333333333334,,0.0146364494806421,IGHG
M2|C00032,11,0.6468361053492835,M2,1,P1,1.0,True,P1,1.0,9.285112380981444,-2.526495933532715,0.0909090909090909,0.9090909090909092,,0.0103600103600103,IGHG
M2|C00033,11,0.6468361053492835,M2,1,P1,1.0,True,P1,1.0,10.17228889465332,2.4530997276306152,0.0,0.9090909090909092,,0.0121730121730121,IGHM
M2|C00034,10,0.6263534150230329,M2,1,P1,1.0,True,P1,1.0,7.969737529754639,-3.050499439239502,0.0,1.0,,0.0048433048433048,IGHG
M2|C00035,10,0.6263534150230329,M2,1,P1,1.0,True,P1,1.0,7.580630779266357,-2.300375938415528,0.1,0.7,,0.0045584045584045,IGHG
M2|C00036,10,0.6263534150230329,M2,1,P1,1.0,True,P1,1.0,4.027637004852295,-1.9441503286361692,0.0,0.9,,0.0142450142450142,
M2|C00037,9,0.6032074132986223,M2,1,P1,1.0,True,P1,1.0,6.012380599975586,-0.6584786176681519,0.0,0.5555555555555556,,0.0091801202912314,IGHG
M2|C00038,9,0.6032074132986223,M2,1,P1,1.0,True,P1,1.0,8.917072296142578,1.4202723503112793,0.5555555555555556,0.0,,0.0110794555238999,IGHG
M2|C00039,9,0.6032074132986223,M2,1,P1,1.0,True,P1,1.0,5.933118343353272,-2.866258382797241,0.0,0.7777777777777778,,0.0046425255338904,IGHG
M2|C00040,8,0.5768139160466386,M2,1,P1,1.0,True,P1,1.0,8.35014533996582,-1.148880958557129,0.0,0.875,,0.0078347578347578,IGHG
M2|C00041,8,0.5768139160466386,M2,1,P1,1.0,True,P1,1.0,5.811607837677002,-2.5249805450439453,0.25,0.75,,0.0067857142857142,IGHG
M2|C00042,7,0.5463952871613902,M2,1,P1,1.0,True,P1,1.0,4.003807067871094,-2.5653069019317627,0.1428571428571428,0.7142857142857143,,0.0101173613921489,IGHG
M2|C00043,7,0.5463952871613902,M2,1,P1,1.0,True,P1,1.0,8.26603889465332,-3.737384557723999,0.0,0.7142857142857143,,0.0199430199430199,IGHG
M2|C00044,7,0.5463952871613902,M2,1,P1,1.0,True,P1,1.0,9.644491195678713,1.0277410745620728,0.7142857142857143,0.2857142857142857,,0.004070004070004,IGHG
M2|C00045,7,0.5463952871613902,M2,1,P1,1.0,True,P1,1.0,8.506436347961426,2.544340848922729,0.1428571428571428,0.5714285714285714,,0.0056980056980056,IGHG
M2|C00046,7,0.5463952871613902,M2,1,P1,1.0,True,P1,1.0,4.208702087402344,-0.5439878702163696,0.8571428571428571,0.0,,0.0061050061050061,
M2|C00047,7,0.5463952871613902,M2,1,P1,1.0,True,P1,1.0,5.481310844421387,-1.3225312232971191,0.5714285714285714,0.0,,0.0649915386757492,
M2|C00048,7,0.5463952871613902,M2,1,P1,1.0,True,P1,1.0,8.035207748413086,2.024617910385132,0.8571428571428571,1.0,,0.001591723040191,IGHG
M2|C00049,7,0.5463952871613902,M2,1,P1,1.0,True,P1,1.0,9.445683479309082,-2.251108407974243,0.0,1.0,,0.0085470085470085,IGHG
M2|C00050,7,0.5463952871613902,M2,1,P1,1.0,True,P1,1.0,9.421551704406738,0.2431118339300155,0.8571428571428571,0.4285714285714285,,0.0044770044770044,IGHG
M2|C00051,7,0.5463952871613902,M2,1,P1,1.0,True,P1,1.0,7.332406044006348,-0.6101042032241821,0.1428571428571428,0.7142857142857143,,0.004070004070004,IGHM
M2|C00052,6,0.5108887774961344,M2,1,P1,1.0,True,P1,1.0,4.75750207901001,-2.1733851432800293,0.0,1.0,,0.0066100094428706,IGHM
M2|C00053,6,0.5108887774961344,M2,1,P1,1.0,True,P1,1.0,3.3001303672790527,-1.6449345350265503,0.0,0.1666666666666666,,0.0094966761633428,IGHG
M2|C00054,6,0.5108887774961344,M2,1,P1,1.0,True,P1,1.0,6.0509772300720215,-0.9704254269599916,0.0,0.8333333333333334,,0.0075973409306742,IGHM
M2|C00055,6,0.5108887774961344,M2,1,P1,1.0,True,P1,1.0,8.276700019836426,-0.389403760433197,0.0,0.8333333333333334,,0.0075973409306742,IGHG
M2|C00056,6,0.5108887774961344,M2,1,P1,1.0,True,P1,1.0,6.286965370178223,-1.0301775932312012,0.0,1.0,,0.010677808727948,IGHG
M2|C00057,6,0.5108887774961344,M2,1,P1,1.0,True,P1,1.0,10.323347091674805,2.2207186222076416,0.0,0.0,,0.0075973409306742,IGHG
M2|C00058,5,0.4687942434317229,M2,1,,,False,P1,1.0,,,0.2,0.8,,0.0165242165242165,IGHM
M2|C00059,5,0.4687942434317229,M2,1,,,False,P1,1.0,,,0.0,0.8,,0.0125356125356125,IGHG
M2|C00060,5,0.4687942434317229,M2,1,,,False,P1,1.0,,,0.0,0.8,,0.0045584045584045,IGHG
M2|C00061,5,0.4687942434317229,M2,1,,,False,P1,1.0,,,0.0,1.0,,0.0079772079772079,IGHG
M2|C00062,5,0.4687942434317229,M2,1,,,False,P1,1.0,,,0.8,0.4,,0.0131054131054131,IGHG
M2|C00063,5,0.4687942434317229,M2,1,,,False,P1,1.0,,,0.2,0.4,,0.0062678062678062,IGHG
M2|C00064,4,0.417905561381464,M2,1,,,False,P1,1.0,,,0.0,0.75,,0.0149572649572649,IGHG
M2|C00065,4,0.417905561381464,M2,1,,,False,P1,1.0,,,0.75,1.0,,0.0049857549857549,IGHG
M2|C00066,4,0.417905561381464,M2,1,,,False,P1,1.0,,,0.0,0.75,,0.0078347578347578,IGHG
M2|C00067,4,0.417905561381464,M2,1,,,False,P1,1.0,,,0.0,0.5,,0.0135327635327635,IGHG
M2|C00068,4,0.417905561381464,M2,1,,,False,P1,1.0,,,0.25,0.25,,0.0092592592592592,IGHG
M2|C00069,4,0.417905561381464,M2,1,,,False,P1,1.0,,,0.0,1.0,,0.0021367521367521,IGHM
M2|C00070,3,0.3547980432681049,M2,1,,,False,P1,1.0,,,0.0,0.6666666666666666,,0.0028490028490028,IGHM
M2|C00071,3,0.3547980432681049,M2,1,,,False,P1,1.0,,,0.6666666666666666,0.3333333333333333,,0.012275731822474,IGHG
M2|C00072,3,0.3547980432681049,M2,1,,,False,P1,1.0,,,0.0,0.6666666666666666,,0.0180436847103513,IGHG
M2|C00073,3,0.3547980432681049,M2,1,,,False,P1,1.0,,,0.0,0.0,,0.0083798882681564,IGHM
M2|C00074,3,0.3547980432681049,M2,1,,,False,P1,1.0,,,0.0,1.0,,0.0139664804469273,IGHG
M2|C00075,3,0.3547980432681049,M2,1,,,False,P1,1.0,,,0.0,0.6666666666666666,,0.0009496676163342,IGHM
M2|C00076,3,0.3547980432681049,M2,1,,,False,P1,1.0,,,0.0,0.6666666666666666,,0.0094966761633428,IGHG
M2|C00077,3,0.3547980432681049,M2,1,,,False,P1,1.0,,,0.0,0.0,,0.0,IGHM
M2|C00078,3,0.3547980432681049,M2,1,,,False,P1,1.0,,,0.6666666666666666,0.3333333333333333,,0.0018993352326685,IGHG
M2|C00079,3,0.3547980432681049,M2,1,,,False,P1,1.0,,,0.6666666666666666,0.3333333333333333,,0.0047483380816714,IGHG
M2|C00080,3,0.3547980432681049,M2,1,,,False,P1,1.0,,,0.6666666666666666,1.0,,0.0075973409306742,IGHG
M2|C00081,3,0.3547980432681049,M2,1,,,False,P1,1.0,,,0.0,1.0,,0.0104463437796771,IGHG
M2|C00082,3,0.3547980432681049,M2,1,,,False,P1,1.0,,,0.0,0.0,,0.0,IGHM
M2|C00083,3,0.3547980432681049,M2,1,,,False,P1,1.0,,,0.0,0.6666666666666666,,0.0142450142450142,IGHG
M2|C00084,3,0.3547980432681049,M2,1,,,False,P1,1.0,,,0.0,1.0,,0.0085470085470085,IGHG
M2|C00085,3,0.3547980432681049,M2,1,,,False,P1,1.0,,,0.0,1.0,,0.0047483380816714,IGHM
M2|C00086,3,0.3547980432681049,M2,1,,,False,P1,1.0,,,0.0,1.0,,0.0009496676163342,IGHG
M2|C00087,3,0.3547980432681049,M2,1,,,False,P1,1.0,,,0.0,0.6666666666666666,,0.0142450142450142,IGHG
M2|C00088,3,0.3547980432681049,M2,1,,,False,P1,1.0,,,0.0,0.6666666666666666,,0.0113960113960113,IGHG
M2|C00089,3,0.3547980432681049,M2,1,,,False,P1,1.0,,,0.0,0.0,,0.0151946818613485,IGHG
M2|C00090,3,0.3547980432681049,M2,1,,,False,P1,1.0,,,0.0,1.0,,0.0018885741265344,IGHG
M2|C00091,3,0.3547980432681049,M2,1,,,False,P1,1.0,,,0.6666666666666666,0.3333333333333333,,0.0037986704653371,IGHG
M2|C00092,3,0.3547980432681049,M2,1,,,False,P1,1.0,,,0.6666666666666666,0.3333333333333333,,0.0037986704653371,IGHG
M2|C00093,3,0.3547980432681049,M2,1,,,False,P1,1.0,,,0.0,1.0,,0.0047483380816714,IGHM
M2|C00094,3,0.3547980432681049,M2,1,,,False,P1,1.0,,,1.0,0.3333333333333333,,0.0009496676163342,IGHM
M2|C00095,3,0.3547980432681049,M2,1,,,False,P1,1.0,,,0.3333333333333333,0.3333333333333333,,0.0018993352326685,IGHM
M2|C00096,3,0.3547980432681049,M2,1,,,False,P1,1.0,,,0.0,0.0,,0.0066476733143399,IGHG
M2|C00097,3,0.3547980432681049,M2,1,,,False,P1,1.0,,,0.0,1.0,,0.0028490028490028,IGHG
M2|C00098,3,0.3547980432681049,M2,1,,,False,P1,1.0,,,0.0,0.6666666666666666,,0.0056980056980056,IGHG
M2|C00099,3,0.3547980432681049,M2,1,,,False,P1,1.0,,,0.0,0.6666666666666666,,0.0076849183477425,IGHG
M2|C00100,3,0.3547980432681049,M2,1,,,False,P1,1.0,,,0.0,1.0,,0.0,IGHG
M2|C00101,3,0.3547980432681049,M2,1,,,False,P1,1.0,,,0.3333333333333333,0.0,,0.0018993352326685,IGHG
M2|C00102,3,0.3547980432681049,M2,1,,,False,P1,1.0,,,0.0,0.3333333333333333,,0.0,IGHG
M2|C00103,3,0.3547980432681049,M2,1,,,False,P1,1.0,,,0.3333333333333333,0.6666666666666666,,0.0123456790123456,IGHG
M2|C00104,3,0.3547980432681049,M2,1,,,False,P1,1.0,,,0.3333333333333333,0.0,,0.0056980056980056,IGHG
M2|C00105,2,0.2737361119126622,M2,1,,,False,P1,1.0,,,0.0,0.0,,0.0,IGHM
M2|C00106,2,0.2737361119126622,M2,1,,,False,P1,1.0,,,0.0,0.0,,0.0,IGHD
M2|C00107,2,0.2737361119126622,M2,1,,,False,P1,1.0,,,0.0,1.0,,0.0113314447592068,IGHG
M2|C00108,2,0.2737361119126622,M2,1,,,False,P1,1.0,,,0.0,0.0,,0.0099715099715099,IGHG
M2|C00109,2,0.2737361119126622,M2,1,,,False,P1,1.0,,,0.0,0.0,,0.0085470085470085,IGHM
M2|C00110,2,0.2737361119126622,M2,1,,,False,P1,1.0,,,0.0,0.0,,0.0,
M2|C00111,2,0.2737361119126622,M2,1,,,False,P1,1.0,,,0.0,0.0,,0.0028571428571428,IGHD
M2|C00112,2,0.2737361119126622,M2,1,,,False,P1,1.0,,,0.0,0.0,,0.0071428571428571,IGHG
M2|C00113,2,0.2737361119126622,M2,1,,,False,P1,1.0,,,0.0,0.5,,0.0114285714285714,IGHG
M2|C00114,2,0.2737361119126622,M2,1,,,False,P1,1.0,,,0.0,0.0,,0.0041899441340782,
M2|C00115,2,0.2737361119126622,M2,1,,,False,P1,1.0,,,0.0,0.5,,0.0,IGHG
M2|C00116,2,0.2737361119126622,M2,1,,,False,P1,1.0,,,0.0,0.5,,0.0014245014245014,IGHG
M2|C00117,2,0.2737361119126622,M2,1,,,False,P1,1.0,,,0.0,1.0,,0.0128205128205128,IGHG
M2|C00118,2,0.2737361119126622,M2,1,,,False,P1,1.0,,,0.0,1.0,,0.0056980056980056,IGHM
M2|C00119,2,0.2737361119126622,M2,1,,,False,P1,1.0,,,0.0,0.0,,0.0028490028490028,IGHG
M2|C00120,2,0.2737361119126622,M2,1,,,False,P1,1.0,,,0.0,1.0,,0.0042735042735042,IGHG
M2|C00121,2,0.2737361119126622,M2,1,,,False,P1,1.0,,,0.5,0.0,,0.0,IGHM
M2|C00122,2,0.2737361119126622,M2,1,,,False,P1,1.0,,,0.0,0.0,,0.0056980056980056,IGHM
M2|C00123,2,0.2737361119126622,M2,1,,,False,P1,1.0,,,0.5,0.5,,0.0071225071225071,IGHG
M2|C00124,2,0.2737361119126622,M2,1,,,False,P1,1.0,,,0.0,0.0,,0.0099715099715099,IGHG
M2|C00125,2,0.2737361119126622,M2,1,,,False,P1,1.0,,,0.0,1.0,,0.0085470085470085,IGHM
M2|C00126,2,0.2737361119126622,M2,1,,,False,P1,1.0,,,0.5,0.5,,0.0071225071225071,IGHM
M2|C00127,2,0.2737361119126622,M2,1,,,False,P1,1.0,,,0.0,0.0,,0.0113960113960113,
M2|C00128,2,0.2737361119126622,M2,1,,,False,P1,1.0,,,0.0,0.0,,0.0028490028490028,IGHG
M2|C00129,2,0.2737361119126622,M2,1,,,False,P1,1.0,,,0.5,0.5,,0.0056980056980056,IGHG
M2|C00130,2,0.2737361119126622,M2,1,,,False,P1,1.0,,,1.0,0.0,,0.0,IGHM
M2|C00131,2,0.2737361119126622,M2,1,,,False,P1,1.0,,,0.0,0.0,,0.0128205128205128,IGHG
M2|C00132,2,0.2737361119126622,M2,1,,,False,P1,1.0,,,0.5,0.0,,0.0071225071225071,IGHG
M2|C00133,2,0.2737361119126622,M2,1,,,False,P1,1.0,,,0.0,0.5,,0.0028490028490028,
M2|C00134,2,0.2737361119126622,M2,1,,,False,P1,1.0,,,0.0,1.0,,0.0,
M2|C00135,2,0.2737361119126622,M2,1,,,False,P1,1.0,,,0.0,0.0,,0.0,
M2|C00136,2,0.2737361119126622,M2,1,,,False,P1,1.0,,,0.0,1.0,,0.0085470085470085,IGHG
M2|C00137,2,0.2737361119126622,M2,1,,,False,P1,1.0,,,0.0,1.0,,0.0014245014245014,IGHG
M2|C00138,2,0.2737361119126622,M2,1,,,False,P1,1.0,,,0.0,1.0,,0.0,
M2|C00139,2,0.2737361119126622,M2,1,,,False,P1,1.0,,,0.0,0.0,,0.0,IGHM
M2|C00140,2,0.2737361119126622,M2,1,,,False,P1,1.0,,,0.0,0.0,,0.0,
M2|C00141,2,0.2737361119126622,M2,1,,,False,P1,1.0,,,0.0,0.0,,0.027065527065527,IGHG
M2|C00142,2,0.2737361119126622,M2,1,,,False,P1,1.0,,,0.0,0.0,,0.0,IGHM
M2|C00143,2,0.2737361119126622,M2,1,,,False,P1,1.0,,,0.0,0.0,,0.0,IGHM
M2|C00144,2,0.2737361119126622,M2,1,,,False,P1,1.0,,,0.0,1.0,,0.0014245014245014,IGHG
M2|C00145,2,0.2737361119126622,M2,1,,,False,P1,1.0,,,1.0,0.0,,0.0,IGHM
M2|C00146,2,0.2737361119126622,M2,1,,,False,P1,1.0,,,0.0,0.0,,0.0056980056980056,IGHG
M2|C00147,2,0.2737361119126622,M2,1,,,False,P1,1.0,,,0.0,0.5,,0.0028490028490028,IGHG
M2|C00148,2,0.2737361119126622,M2,1,,,False,P1,1.0,,,0.0,0.0,,0.0113960113960113,IGHM
M2|C00149,2,0.2737361119126622,M2,1,,,False,P1,1.0,,,0.0,0.5,,0.0,
M2|C00150,2,0.2737361119126622,M2,1,,,False,P1,1.0,,,0.0,0.0,,0.0099715099715099,IGHM
M2|C00151,2,0.2737361119126622,M2,1,,,False,P1,1.0,,,0.0,0.0,,0.0213675213675213,IGHG
M2|C00152,2,0.2737361119126622,M2,1,,,False,P1,1.0,,,0.0,0.0,,0.0,
M2|C00153,2,0.2737361119126622,M2,1,,,False,P1,1.0,,,0.0,0.5,,0.0113960113960113,IGHG
M2|C00154,2,0.2737361119126622,M2,1,,,False,P1,1.0,,,0.0,0.5,,0.0084985835694051,IGHM
M2|C00155,2,0.2737361119126622,M2,1,,,False,P1,1.0,,,0.0,0.0,,0.0028328611898017,IGHM
M2|C00156,2,0.2737361119126622,M2,1,,,False,P1,1.0,,,0.0,0.5,,0.0,IGHG
M2|C00157,2,0.2737361119126622,M2,1,,,False,P1,1.0,,,0.0,0.0,,0.0,IGHM
M2|C00158,2,0.2737361119126622,M2,1,,,False,P1,1.0,,,0.0,1.0,,0.0056980056980056,IGHG
M2|C00159,2,0.2737361119126622,M2,1,,,False,P1,1.0,,,0.0,1.0,,0.0213675213675213,
M2|C00160,2,0.2737361119126622,M2,1,,,False,P1,1.0,,,0.0,0.5,,0.0,
M2|C00161,2,0.2737361119126622,M2,1,,,False,P1,1.0,,,0.0,0.0,,0.0071225071225071,IGHG
M2|C00162,2,0.2737361119126622,M2,1,,,False,P1,1.0,,,0.0,0.0,,0.0,
M2|C00163,2,0.2737361119126622,M2,1,,,False,P1,1.0,,,1.0,0.0,,0.0055865921787709,
M2|C00164,2,0.2737361119126622,M2,1,,,False,P1,1.0,,,0.0,1.0,,0.0139664804469273,IGHG
M2|C00165,2,0.2737361119126622,M2,1,,,False,P1,1.0,,,0.0,0.5,,0.0056980056980056,
M2|C00166,2,0.2737361119126622,M2,1,,,False,P1,1.0,,,0.0,1.0,,0.0142450142450142,IGHM
M2|C00167,2,0.2737361119126622,M2,1,,,False,P1,1.0,,,0.0,1.0,,0.0071225071225071,IGHM
M2|C00168,2,0.2737361119126622,M2,1,,,False,P1,1.0,,,0.0,1.0,,0.0014245014245014,IGHM
M2|C00169,2,0.2737361119126622,M2,1,,,False,P1,1.0,,,0.0,0.0,,0.0099715099715099,IGHG
M2|C00170,2,0.2737361119126622,M2,1,,,False,P1,1.0,,,0.0,0.0,,0.0,IGHG
M2|C00171,2,0.2737361119126622,M2,1,,,False,P1,1.0,,,0.0,1.0,,0.0028490028490028,IGHM
M2|C00172,2,0.2737361119126622,M2,1,,,False,P1,1.0,,,0.0,0.0,,0.0185185185185185,
M2|C00173,2,0.2737361119126622,M2,1,,,False,P1,1.0,,,0.0,0.0,,0.0,IGHM
M2|C00174,2,0.2737361119126622,M2,1,,,False,P1,1.0,,,0.0,1.0,,0.0113960113960113,IGHM
M2|C00175,2,0.2737361119126622,M2,1,,,False,P1,1.0,,,0.0,1.0,,0.0,
M2|C00176,2,0.2737361119126622,M2,1,,,False,P1,1.0,,,0.0,1.0,,0.0128205128205128,IGHG
M2|C00177,2,0.2737361119126622,M2,1,,,False,P1,1.0,,,0.0,1.0,,0.0097493036211699,IGHM
M2|C00178,2,0.2737361119126622,M2,1,,,False,P1,1.0,,,0.0,0.0,,0.0,
M2|C00179,2,0.2737361119126622,M2,1,,,False,P1,1.0,,,0.0,1.0,,0.0056980056980056,IGHG
M2|C00180,2,0.2737361119126622,M2,1,,,False,P1,1.0,,,0.0,1.0,,0.0113960113960113,
M2|C00181,2,0.2737361119126622,M2,1,,,False,P1,1.0,,,1.0,0.0,,0.0056980056980056,IGHG
M2|C00182,2,0.2737361119126622,M2,1,,,False,P1,1.0,,,0.0,0.0,,0.0,IGHM
M2|C00183,2,0.2737361119126622,M2,1,,,False,P1,1.0,,,0.0,0.0,,0.0,IGHM
M2|C00184,2,0.2737361119126622,M2,1,,,False,P1,1.0,,,0.0,0.0,,0.0028490028490028,
M2|C00185,2,0.2737361119126622,M2,1,,,False,P1,1.0,,,0.0,0.0,,0.0013927576601671,IGHG
M2|C00186,2,0.2737361119126622,M2,1,,,False,P1,1.0,,,0.0,0.0,,0.0,
M2|C00187,2,0.2737361119126622,M2,1,,,False,P1,1.0,,,0.0,0.0,,0.0,IGHM
M3|C00001,164,0.9606580903191192,M3,1,P1,1.0,True,P1,1.0,9.118270874023438,0.0399869866669178,0.1158536585365853,0.8780487804878049,,0.0032833020637898,IGHG
M3|C00002,156,0.9587541881642168,M3,1,P1,1.0,True,P1,1.0,8.988499641418457,2.304930686950684,0.6987179487179487,0.7371794871794872,,0.0084374315143545,IGHG
M3|C00003,104,0.9398092844013726,M3,1,P1,1.0,True,P1,1.0,9.478057861328123,-0.991320252418518,0.4903846153846153,0.5288461538461539,,0.0110623209926923,IGHG
M3|C00004,76,0.9199902726991368,M3,1,P1,1.0,True,P1,1.0,8.60512638092041,-3.829316139221192,0.2368421052631578,0.6710526315789473,,0.0119548872180451,IGHG
M3|C00005,72,0.9160359814043166,M3,1,P1,1.0,True,P1,1.0,9.63485622406006,-0.5034516453742981,0.1111111111111111,0.8472222222222222,,0.0102880658436214,IGHG
M3|C00006,63,0.9055222122860784,M3,1,P1,1.0,True,P1,1.0,5.941492080688477,-2.724641799926758,0.0,0.984126984126984,,0.0141093474426807,IGHG
M3|C00007,61,0.9028159416854528,M3,1,P1,1.0,True,P1,1.0,4.990903854370117,-1.9587697982788088,0.8688524590163934,0.7868852459016393,,0.0091541730885993,IGHG
M3|C00008,57,0.8969069483938217,M3,1,P1,1.0,True,P1,1.0,5.764280796051025,-2.257032632827759,0.8771929824561403,0.8596491228070176,,0.0085470085470085,IGHG
M3|C00009,38,0.8548790792785601,M3,1,P1,1.0,True,P1,1.0,9.66220760345459,2.491329431533813,0.0526315789473684,0.7894736842105263,,0.0070475333633228,IGHG
M3|C00010,36,0.8483468787044204,M3,1,P1,1.0,True,P1,1.0,6.9280314445495605,-2.0535643100738525,0.3611111111111111,0.3055555555555556,,0.0161443494776828,IGHG
M3|C00011,34,0.8411910420736208,M3,1,P1,1.0,True,P1,1.0,9.067523002624512,-0.3454235196113586,0.7058823529411765,0.5588235294117647,,0.0112284229931288,IGHG
M3|C00012,29,0.8198982610247276,M3,1,P1,1.0,True,P1,1.0,7.414516925811768,-2.494480609893799,0.1379310344827586,0.4827586206896552,,0.0112977699184595,IGHG
M3|C00013,27,0.8096624794758835,M3,1,P1,1.0,True,P1,1.0,8.357505798339844,2.374802827835083,0.037037037037037,0.8888888888888888,,0.0091801202912314,IGHG
M3|C00014,24,0.7918761834210786,M3,1,P1,1.0,True,P1,1.0,8.553722381591797,-3.838389873504639,0.0416666666666666,0.8333333333333334,,0.0100902184235517,IGHG
M3|C00015,22,0.7780055287295471,M3,1,P1,1.0,True,P1,1.0,8.840059280395508,0.791330099105835,0.0909090909090909,0.7727272727272727,,0.0091945091945091,IGHG
M3|C00016,21,0.7703363825869146,M3,1,P1,1.0,True,P1,1.0,7.6501030921936035,-2.333996295928955,0.0952380952380952,0.8095238095238095,,0.0088183421516754,IGHG
M3|C00017,21,0.7703363825869146,M3,1,P1,1.0,True,P1,1.0,5.435944557189941,-2.7936501502990723,0.7142857142857143,0.5714285714285714,,0.0105820105820105,IGHG
M3|C00018,19,0.7532458327397537,M3,1,P1,1.0,True,P1,1.0,7.662319183349609,1.551006317138672,0.1052631578947368,0.631578947368421,,0.0061478482531114,IGHM
M3|C00019,19,0.7532458327397537,M3,1,P1,1.0,True,P1,1.0,5.660563945770264,-2.513252019882202,0.7368421052631579,0.5789473684210527,,0.0041985305143199,IGHG
M3|C00020,17,0.7333253218415284,M3,1,P1,1.0,True,P1,1.0,5.515068531036377,-2.389268159866333,0.2941176470588235,0.8235294117647058,,0.0107256577844813,IGHG
M3|C00021,17,0.7333253218415284,M3,1,P1,1.0,True,P1,1.0,8.772977828979492,-2.7908804416656494,0.2941176470588235,0.6470588235294118,,0.0075414781297134,IGHG
M3|C00022,16,0.7220686032892372,M3,1,P1,1.0,True,P1,1.0,7.3358049392700195,0.9765730500221252,0.1875,0.6875,,0.0058864265927977,IGHG
M3|C00023,12,0.6651040583780095,M3,1,P1,1.0,True,P1,1.0,3.309459686279297,-1.4703989028930664,0.0,0.9166666666666666,,0.0052231718898385,IGHG
M3|C00024,11,0.6468361053492835,M3,1,P1,1.0,True,P1,1.0,9.023685455322266,2.146375894546509,0.9090909090909092,0.8181818181818182,,0.002072002072002,IGHM
M3|C00025,10,0.6263534150230329,M3,1,P1,1.0,True,P1,1.0,7.737285614013672,-1.2436656951904297,0.0,0.6,,0.0135977337110481,IGHG
M3|C00026,10,0.6263534150230329,M3,1,P1,1.0,True,P1,1.0,8.047876358032227,-0.6535017490386963,0.0,0.6,,0.0105413105413105,IGHG
M3|C00027,10,0.6263534150230329,M3,1,P1,1.0,True,P1,1.0,9.368128776550291,-1.1711087226867676,0.6,0.5,,0.0099715099715099,IGHG
M3|C00028,9,0.6032074132986223,M3,1,P1,1.0,True,P1,1.0,10.173314094543455,1.867769241333008,0.0,1.0,,0.0015827793605571,IGHG
M3|C00029,9,0.6032074132986223,M3,1,P1,1.0,True,P1,1.0,5.2743988037109375,-2.104487180709839,0.2222222222222222,0.7777777777777778,,0.0082304526748971,IGHG
M3|C00030,8,0.5768139160466386,M3,1,P1,1.0,True,P1,1.0,6.841193675994873,-1.636067271232605,0.25,0.75,,0.0135714285714285,IGHG
M3|C00031,8,0.5768139160466386,M3,1,P1,1.0,True,P1,1.0,5.5035576820373535,-2.1780591011047363,0.125,0.75,,0.0111731843575419,IGHG
M3|C00032,8,0.5768139160466386,M3,1,P1,1.0,True,P1,1.0,8.636463165283203,1.9198808670043943,0.5,0.5,,0.0138888888888888,IGHG
M3|C00033,8,0.5768139160466386,M3,1,P1,1.0,True,P1,1.0,9.111567497253418,0.0839814022183418,0.0,1.0,,0.0035612535612535,IGHG
M3|C00034,8,0.5768139160466386,M3,1,P1,1.0,True,P1,1.0,4.441675186157227,-1.349687099456787,0.0,0.875,,0.0071225071225071,IGHG
M3|C00035,8,0.5768139160466386,M3,1,P1,1.0,True,P1,1.0,5.502089500427246,-1.9335265159606931,0.0,0.875,,0.0111731843575419,IGHG
M3|C00036,7,0.5463952871613902,M3,1,P1,1.0,True,P1,1.0,3.824047803878784,-1.7568702697753906,0.1428571428571428,0.4285714285714285,,0.0065306122448979,IGHG
M3|C00037,7,0.5463952871613902,M3,1,P1,1.0,True,P1,1.0,7.405832290649414,1.1823649406433103,0.0,0.7142857142857143,,0.0179080179080179,IGHG
M3|C00038,7,0.5463952871613902,M3,1,P1,1.0,True,P1,1.0,9.417080879211426,2.02139949798584,0.0,0.8571428571428571,,0.0056980056980056,IGHG
M3|C00039,7,0.5463952871613902,M3,1,P1,1.0,True,P1,1.0,7.218912601470947,1.3686416149139404,0.1428571428571428,0.7142857142857143,,0.0068027210884353,IGHG
M3|C00040,7,0.5463952871613902,M3,1,P1,1.0,True,P1,1.0,7.508165836334228,-2.4816999435424805,0.2857142857142857,0.8571428571428571,,0.0048840048840048,IGHG
M3|C00041,7,0.5463952871613902,M3,1,P1,1.0,True,P1,1.0,7.451897621154785,0.9662496447563172,0.0,0.7142857142857143,,0.0162800162800162,IGHG
M3|C00042,7,0.5463952871613902,M3,1,P1,1.0,True,P1,1.0,9.151535987854004,-1.926404356956482,0.0,1.0,,0.0065120065120065,IGHG
M3|C00043,7,0.5463952871613902,M3,1,P1,1.0,True,P1,1.0,5.906305313110352,-0.726279616355896,0.0,0.5714285714285714,,0.0065120065120065,IGHG
M3|C00044,6,0.5108887774961344,M3,1,P1,1.0,True,P1,1.0,7.697187423706055,-1.9257885217666624,0.0,0.3333333333333333,,0.0056980056980056,IGHG
M3|C00045,6,0.5108887774961344,M3,1,P1,1.0,True,P1,1.0,3.680043935775757,-1.1464030742645264,0.0,0.6666666666666666,,0.0099715099715099,IGHG
M3|C00046,6,0.5108887774961344,M3,1,P1,1.0,True,P1,1.0,4.702053546905518,-0.90543931722641,0.1666666666666666,0.3333333333333333,,0.0047483380816714,IGHG
M3|C00047,6,0.5108887774961344,M3,1,P1,1.0,True,P1,1.0,3.910244941711426,-0.9981347918510436,0.1666666666666666,0.3333333333333333,,0.0080721747388414,IGHG
M3|C00048,6,0.5108887774961344,M3,1,P1,1.0,True,P1,1.0,4.744970798492432,-2.048206329345703,1.0,0.8333333333333334,,0.0009496676163342,IGHG
M3|C00049,6,0.5108887774961344,M3,1,P1,1.0,True,P1,1.0,7.143124103546143,-0.7084296345710754,0.0,1.0,,0.0047483380816714,IGHM
M3|C00050,6,0.5108887774961344,M3,1,P1,1.0,True,P1,1.0,8.875483512878418,1.2349907159805298,0.5,0.5,,0.0061728395061728,IGHG
M3|C00051,6,0.5108887774961344,M3,1,P1,1.0,True,P1,1.0,7.641311168670654,-2.6120541095733643,0.0,1.0,,0.0014245014245014,IGHG
M3|C00052,6,0.5108887774961344,M3,1,P1,1.0,True,P1,1.0,9.024965286254885,2.0784425735473637,0.0,1.0,,0.0,IGHG
M3|C00053,5,0.4687942434317229,M3,1,,,False,P1,1.0,,,0.0,0.8,,0.0028490028490028,IGHM
M3|C00054,5,0.4687942434317229,M3,1,,,False,P1,1.0,,,0.0,0.4,,0.0113960113960113,IGHG
M3|C00055,5,0.4687942434317229,M3,1,,,False,P1,1.0,,,0.0,1.0,,0.0039886039886039,IGHG
M3|C00056,5,0.4687942434317229,M3,1,,,False,P1,1.0,,,0.0,0.2,,0.0091168091168091,IGHG
M3|C00057,5,0.4687942434317229,M3,1,,,False,P1,1.0,,,0.2,0.8,,0.0079772079772079,IGHG
M3|C00058,5,0.4687942434317229,M3,1,,,False,P1,1.0,,,0.0,1.0,,0.0079772079772079,IGHG
M3|C00059,5,0.4687942434317229,M3,1,,,False,P1,1.0,,,0.0,0.8,,0.0039886039886039,IGHG
M3|C00060,5,0.4687942434317229,M3,1,,,False,P1,1.0,,,0.8,0.2,,0.0051282051282051,IGHG
M3|C00061,5,0.4687942434317229,M3,1,,,False,P1,1.0,,,0.0,1.0,,0.008,IGHM
M3|C00062,5,0.4687942434317229,M3,1,,,False,P1,1.0,,,0.0,1.0,,0.0051428571428571,IGHG
M3|C00063,5,0.4687942434317229,M3,1,,,False,P1,1.0,,,0.2,0.2,,0.0068376068376068,IGHG
M3|C00064,5,0.4687942434317229,M3,1,,,False,P1,1.0,,,0.0,1.0,,0.0017094017094017,IGHG
M3|C00065,4,0.417905561381464,M3,1,,,False,P1,1.0,,,0.0,1.0,,0.0007122507122507,IGHM
M3|C00066,4,0.417905561381464,M3,1,,,False,P1,1.0,,,0.5,0.5,,0.0107142857142857,IGHG
M3|C00067,4,0.417905561381464,M3,1,,,False,P1,1.0,,,0.25,0.75,,0.0099715099715099,IGHG
M3|C00068,4,0.417905561381464,M3,1,,,False,P1,1.0,,,0.0,1.0,,0.0,IGHM
M3|C00069,4,0.417905561381464,M3,1,,,False,P1,1.0,,,0.0,1.0,,0.0021367521367521,IGHG
M3|C00070,4,0.417905561381464,M3,1,,,False,P1,1.0,,,0.25,0.25,,0.0156695156695156,IGHG
M3|C00071,4,0.417905561381464,M3,1,,,False,P1,1.0,,,0.0,1.0,,0.0099715099715099,IGHM
M3|C00072,4,0.417905561381464,M3,1,,,False,P1,1.0,,,0.25,0.75,,0.0092592592592592,IGHG
M3|C00073,4,0.417905561381464,M3,1,,,False,P1,1.0,,,0.0,1.0,,0.0064102564102564,
M3|C00074,4,0.417905561381464,M3,1,,,False,P1,1.0,,,0.0,1.0,,0.017094017094017,IGHG
M3|C00075,4,0.417905561381464,M3,1,,,False,P1,1.0,,,0.0,0.75,,0.0157142857142857,IGHG
M3|C00076,4,0.417905561381464,M3,1,,,False,P1,1.0,,,0.0,0.5,,0.0028328611898017,IGHG
M3|C00077,4,0.417905561381464,M3,1,,,False,P1,1.0,,,0.0,1.0,,0.0028490028490028,IGHG
M3|C00078,4,0.417905561381464,M3,1,,,False,P1,1.0,,,0.0,0.0,,0.0028571428571428,IGHM
M3|C00079,4,0.417905561381464,M3,1,,,False,P1,1.0,,,0.0,0.0,,0.0042735042735042,IGHM
M3|C00080,4,0.417905561381464,M3,1,,,False,P1,1.0,,,0.25,0.75,,0.0099715099715099,IGHG
M3|C00081,3,0.3547980432681049,M3,1,,,False,P1,1.0,,,0.0,1.0,,0.0066476733143399,IGHM
M3|C00082,3,0.3547980432681049,M3,1,,,False,P1,1.0,,,0.3333333333333333,0.6666666666666666,,0.0094966761633428,IGHG
M3|C00083,3,0.3547980432681049,M3,1,,,False,P1,1.0,,,0.0,1.0,,0.0111731843575419,IGHG
M3|C00084,3,0.3547980432681049,M3,1,,,False,P1,1.0,,,0.0,0.6666666666666666,,0.0074487895716946,IGHG
M3|C00085,3,0.3547980432681049,M3,1,,,False,P1,1.0,,,0.0,1.0,,0.0047483380816714,IGHG
M3|C00086,3,0.3547980432681049,M3,1,,,False,P1,1.0,,,0.0,1.0,,0.0113960113960113,IGHM
M3|C00087,3,0.3547980432681049,M3,1,,,False,P1,1.0,,,0.0,0.6666666666666666,,0.0,IGHM
M3|C00088,3,0.3547980432681049,M3,1,,,False,P1,1.0,,,0.0,0.6666666666666666,,0.0047483380816714,IGHG
M3|C00089,3,0.3547980432681049,M3,1,,,False,P1,1.0,,,0.0,0.0,,0.0037986704653371,IGHG
M3|C00090,3,0.3547980432681049,M3,1,,,False,P1,1.0,,,0.0,1.0,,0.0018993352326685,IGHG
M3|C00091,3,0.3547980432681049,M3,1,,,False,P1,1.0,,,0.0,1.0,,0.0085470085470085,IGHG
M3|C00092,3,0.3547980432681049,M3,1,,,False,P1,1.0,,,0.0,0.3333333333333333,,0.0151946818613485,IGHG
M3|C00093,3,0.3547980432681049,M3,1,,,False,P1,1.0,,,0.0,1.0,,0.0104463437796771,
M3|C00094,3,0.3547980432681049,M3,1,,,False,P1,1.0,,,0.0,0.0,,0.0056980056980056,IGHG
M3|C00095,3,0.3547980432681049,M3,1,,,False,P1,1.0,,,0.0,1.0,,0.0218423551756885,IGHG
M3|C00096,3,0.3547980432681049,M3,1,,,False,P1,1.0,,,0.0,1.0,,0.0037986704653371,IGHM
M3|C00097,3,0.3547980432681049,M3,1,,,False,P1,1.0,,,0.0,1.0,,0.0009496676163342,
M3|C00098,3,0.3547980432681049,M3,1,,,False,P1,1.0,,,0.0,0.6666666666666666,,0.0113960113960113,IGHG
M3|C00099,3,0.3547980432681049,M3,1,,,False,P1,1.0,,,0.0,1.0,,0.0123456790123456,IGHG
M3|C00100,3,0.3547980432681049,M3,1,,,False,P1,1.0,,,0.0,1.0,,0.0102707749766573,IGHG
M3|C00101,3,0.3547980432681049,M3,1,,,False,P1,1.0,,,0.0,1.0,,0.0,IGHG
M3|C00102,3,0.3547980432681049,M3,1,,,False,P1,1.0,,,0.0,1.0,,0.0148560817084493,IGHG
M3|C00103,3,0.3547980432681049,M3,1,,,False,P1,1.0,,,0.0,1.0,,0.0028490028490028,IGHG
M3|C00104,3,0.3547980432681049,M3,1,,,False,P1,1.0,,,0.3333333333333333,0.6666666666666666,,0.0037986704653371,IGHG
M3|C00105,3,0.3547980432681049,M3,1,,,False,P1,1.0,,,1.0,1.0,,0.0113960113960113,IGHM
M3|C00106,3,0.3547980432681049,M3,1,,,False,P1,1.0,,,0.0,1.0,,0.0009442870632672,IGHM
M3|C00107,3,0.3547980432681049,M3,1,,,False,P1,1.0,,,0.0,1.0,,0.0047214353163361,IGHM
M3|C00108,3,0.3547980432681049,M3,1,,,False,P1,1.0,,,0.0,1.0,,0.0018885741265344,IGHG
M3|C00109,3,0.3547980432681049,M3,1,,,False,P1,1.0,,,0.0,1.0,,0.0075973409306742,IGHM
M3|C00110,3,0.3547980432681049,M3,1,,,False,P1,1.0,,,0.0,0.6666666666666666,,0.0018993352326685,IGHM
M3|C00111,3,0.3547980432681049,M3,1,,,False,P1,1.0,,,0.0,0.0,,0.0066476733143399,IGHG
M3|C00112,3,0.3547980432681049,M3,1,,,False,P1,1.0,,,0.0,0.6666666666666666,,0.0009496676163342,IGHM
M3|C00113,3,0.3547980432681049,M3,1,,,False,P1,1.0,,,0.0,0.0,,0.0009496676163342,IGHG
M3|C00114,3,0.3547980432681049,M3,1,,,False,P1,1.0,,,0.0,1.0,,0.0066666666666666,IGHM
M3|C00115,3,0.3547980432681049,M3,1,,,False,P1,1.0,,,0.0,1.0,,0.0028571428571428,IGHG
M3|C00116,3,0.3547980432681049,M3,1,,,False,P1,1.0,,,0.0,0.0,,0.0,IGHM
M3|C00117,3,0.3547980432681049,M3,1,,,False,P1,1.0,,,0.3333333333333333,0.6666666666666666,,0.0047483380816714,IGHG
M3|C00118,3,0.3547980432681049,M3,1,,,False,P1,1.0,,,0.3333333333333333,1.0,,0.0066476733143399,IGHM
M3|C00119,3,0.3547980432681049,M3,1,,,False,P1,1.0,,,0.0,0.6666666666666666,,0.0018993352326685,IGHG
M3|C00120,3,0.3547980432681049,M3,1,,,False,P1,1.0,,,0.0,1.0,,0.0009496676163342,IGHM
M3|C00121,3,0.3547980432681049,M3,1,,,False,P1,1.0,,,1.0,1.0,,0.0055710306406685,IGHG
M3|C00122,2,0.2737361119126622,M3,1,,,False,P1,1.0,,,0.0,0.0,,0.0071225071225071,
M3|C00123,2,0.2737361119126622,M3,1,,,False,P1,1.0,,,0.0,1.0,,0.0,IGHG
M3|C00124,2,0.2737361119126622,M3,1,,,False,P1,1.0,,,0.0,1.0,,0.0085470085470085,IGHG
M3|C00125,2,0.2737361119126622,M3,1,,,False,P1,1.0,,,0.0,1.0,,0.0014245014245014,IGHM
M3|C00126,2,0.2737361119126622,M3,1,,,False,P1,1.0,,,0.0,0.5,,0.0042735042735042,IGHG
M3|C00127,2,0.2737361119126622,M3,1,,,False,P1,1.0,,,0.0,0.0,,0.0085470085470085,IGHG
M3|C00128,2,0.2737361119126622,M3,1,,,False,P1,1.0,,,0.0,1.0,,0.0014245014245014,IGHM
M3|C00129,2,0.2737361119126622,M3,1,,,False,P1,1.0,,,0.0,0.5,,0.0113314447592068,IGHG
M3|C00130,2,0.2737361119126622,M3,1,,,False,P1,1.0,,,0.0,0.0,,0.0056657223796034,IGHG
M3|C00131,2,0.2737361119126622,M3,1,,,False,P1,1.0,,,0.0,1.0,,0.0084985835694051,IGHG
M3|C00132,2,0.2737361119126622,M3,1,,,False,P1,1.0,,,0.0,0.0,,0.0042492917847025,
M3|C00133,2,0.2737361119126622,M3,1,,,False,P1,1.0,,,0.0,1.0,,0.0,IGHM
M3|C00134,2,0.2737361119126622,M3,1,,,False,P1,1.0,,,0.0,0.0,,0.0085714285714285,IGHG
M3|C00135,2,0.2737361119126622,M3,1,,,False,P1,1.0,,,0.0,0.0,,0.0042857142857142,
M3|C00136,2,0.2737361119126622,M3,1,,,False,P1,1.0,,,1.0,0.0,,0.0027932960893854,IGHM
M3|C00137,2,0.2737361119126622,M3,1,,,False,P1,1.0,,,0.0,1.0,,0.0069832402234636,IGHM
M3|C00138,2,0.2737361119126622,M3,1,,,False,P1,1.0,,,0.0,1.0,,0.0027932960893854,
M3|C00139,2,0.2737361119126622,M3,1,,,False,P1,1.0,,,0.0,1.0,,0.0,IGHG
M3|C00140,2,0.2737361119126622,M3,1,,,False,P1,1.0,,,0.0,0.5,,0.0,IGHM
M3|C00141,2,0.2737361119126622,M3,1,,,False,P1,1.0,,,0.0,0.5,,0.0,
M3|C00142,2,0.2737361119126622,M3,1,,,False,P1,1.0,,,0.0,0.5,,0.0042735042735042,IGHG
M3|C00143,2,0.2737361119126622,M3,1,,,False,P1,1.0,,,0.0,0.0,,0.0099715099715099,IGHG
M3|C00144,2,0.2737361119126622,M3,1,,,False,P1,1.0,,,0.0,1.0,,0.0042735042735042,IGHG
M3|C00145,2,0.2737361119126622,M3,1,,,False,P1,1.0,,,0.0,0.5,,0.0142450142450142,IGHG
M3|C00146,2,0.2737361119126622,M3,1,,,False,P1,1.0,,,0.0,1.0,,0.0128205128205128,IGHG
M3|C00147,2,0.2737361119126622,M3,1,,,False,P1,1.0,,,0.0,1.0,,0.0028490028490028,IGHM
M3|C00148,2,0.2737361119126622,M3,1,,,False,P1,1.0,,,0.0,1.0,,0.0071225071225071,IGHG
M3|C00149,2,0.2737361119126622,M3,1,,,False,P1,1.0,,,0.0,1.0,,0.0014245014245014,IGHM
M3|C00150,2,0.2737361119126622,M3,1,,,False,P1,1.0,,,0.0,1.0,,0.0028490028490028,
M3|C00151,2,0.2737361119126622,M3,1,,,False,P1,1.0,,,0.5,1.0,,0.0014245014245014,
M3|C00152,2,0.2737361119126622,M3,1,,,False,P1,1.0,,,0.0,0.0,,0.0,IGHM
M3|C00153,2,0.2737361119126622,M3,1,,,False,P1,1.0,,,0.0,0.5,,0.0085470085470085,IGHG
M3|C00154,2,0.2737361119126622,M3,1,,,False,P1,1.0,,,0.5,1.0,,0.0042735042735042,IGHM
M3|C00155,2,0.2737361119126622,M3,1,,,False,P1,1.0,,,0.0,0.5,,0.0085470085470085,
M3|C00156,2,0.2737361119126622,M3,1,,,False,P1,1.0,,,0.0,0.5,,0.0,IGHG
M3|C00157,2,0.2737361119126622,M3,1,,,False,P1,1.0,,,0.0,1.0,,0.0099715099715099,IGHG
M3|C00158,2,0.2737361119126622,M3,1,,,False,P1,1.0,,,0.0,0.5,,0.0128205128205128,IGHG
M3|C00159,2,0.2737361119126622,M3,1,,,False,P1,1.0,,,0.0,1.0,,0.0056980056980056,IGHM
M3|C00160,2,0.2737361119126622,M3,1,,,False,P1,1.0,,,0.0,1.0,,0.0128205128205128,IGHG
M3|C00161,2,0.2737361119126622,M3,1,,,False,P1,1.0,,,0.0,1.0,,0.0113960113960113,
M3|C00162,2,0.2737361119126622,M3,1,,,False,P1,1.0,,,0.0,1.0,,0.0056980056980056,IGHG
M3|C00163,2,0.2737361119126622,M3,1,,,False,P1,1.0,,,0.0,1.0,,0.0028490028490028,IGHG
M3|C00164,2,0.2737361119126622,M3,1,,,False,P1,1.0,,,0.5,0.5,,0.0085470085470085,
M3|C00165,2,0.2737361119126622,M3,1,,,False,P1,1.0,,,0.0,0.5,,0.0071225071225071,
M3|C00166,2,0.2737361119126622,M3,1,,,False,P1,1.0,,,0.0,0.5,,0.0042735042735042,IGHG
M3|C00167,2,0.2737361119126622,M3,1,,,False,P1,1.0,,,0.0,0.0,,0.0071225071225071,IGHG
M3|C00168,2,0.2737361119126622,M3,1,,,False,P1,1.0,,,0.0,1.0,,0.0028490028490028,IGHM
M3|C00169,2,0.2737361119126622,M3,1,,,False,P1,1.0,,,0.0,1.0,,0.011204481792717,
M3|C00170,2,0.2737361119126622,M3,1,,,False,P1,1.0,,,0.0,0.0,,0.0168067226890756,IGHG
M3|C00171,2,0.2737361119126622,M3,1,,,False,P1,1.0,,,0.5,0.0,,0.0,IGHG
M3|C00172,2,0.2737361119126622,M3,1,,,False,P1,1.0,,,0.0,1.0,,0.0028490028490028,IGHG
M3|C00173,2,0.2737361119126622,M3,1,,,False,P1,1.0,,,0.0,1.0,,0.0,IGHM
M3|C00174,2,0.2737361119126622,M3,1,,,False,P1,1.0,,,0.0,1.0,,0.0028490028490028,IGHG
M3|C00175,2,0.2737361119126622,M3,1,,,False,P1,1.0,,,0.0,0.5,,0.0028490028490028,
M3|C00176,2,0.2737361119126622,M3,1,,,False,P1,1.0,,,0.0,1.0,,0.011142061281337,IGHM
M3|C00177,2,0.2737361119126622,M3,1,,,False,P1,1.0,,,0.0,0.5,,0.0142450142450142,IGHG
M3|C00178,2,0.2737361119126622,M3,1,,,False,P1,1.0,,,0.0,1.0,,0.017094017094017,IGHG
M3|C00179,2,0.2737361119126622,M3,1,,,False,P1,1.0,,,0.0,0.0,,0.0,IGHM
M3|C00180,2,0.2737361119126622,M3,1,,,False,P1,1.0,,,0.0,0.0,,0.0,IGHM
M3|C00181,2,0.2737361119126622,M3,1,,,False,P1,1.0,,,0.0,1.0,,0.0,IGHM
M3|C00182,2,0.2737361119126622,M3,1,,,False,P1,1.0,,,0.5,1.0,,0.0056980056980056,
M3|C00183,2,0.2737361119126622,M3,1,,,False,P1,1.0,,,0.0,1.0,,0.0099715099715099,
M3|C00184,2,0.2737361119126622,M3,1,,,False,P1,1.0,,,0.0,0.0,,0.0128205128205128,IGHM
M3|C00185,2,0.2737361119126622,M3,1,,,False,P1,1.0,,,0.0,1.0,,0.0,
M3|C00186,2,0.2737361119126622,M3,1,,,False,P1,1.0,,,0.0,0.0,,0.0113960113960113,IGHM
M3|C00187,2,0.2737361119126622,M3,1,,,False,P1,1.0,,,0.0,0.0,,0.0028490028490028,IGHM
M3|C00188,2,0.2737361119126622,M3,1,,,False,P1,1.0,,,0.0,0.0,,0.0028490028490028,
M3|C00189,2,0.2737361119126622,M3,1,,,False,P1,1.0,,,0.0,1.0,,0.0042735042735042,
M3|C00190,2,0.2737361119126622,M3,1,,,False,P1,1.0,,,0.0,1.0,,0.0042735042735042,IGHM
M3|C00191,2,0.2737361119126622,M3,1,,,False,P1,1.0,,,0.0,1.0,,0.0056980056980056,IGHG
M3|C00192,2,0.2737361119126622,M3,1,,,False,P1,1.0,,,0.0,0.5,,0.0113314447592068,IGHM
M3|C00193,2,0.2737361119126622,M3,1,,,False,P1,1.0,,,0.0,1.0,,0.0228571428571428,IGHG
M3|C00194,2,0.2737361119126622,M3,1,,,False,P1,1.0,,,0.0,0.0,,0.0168539325842696,IGHG
M3|C00195,2,0.2737361119126622,M3,1,,,False,P1,1.0,,,0.0,1.0,,0.0,IGHM
M3|C00196,2,0.2737361119126622,M3,1,,,False,P1,1.0,,,0.0,1.0,,0.0014245014245014,
M3|C00197,2,0.2737361119126622,M3,1,,,False,P1,1.0,,,0.0,1.0,,0.0,
M3|C00198,2,0.2737361119126622,M3,1,,,False,P1,1.0,,,0.5,0.5,,0.0099715099715099,IGHG
M3|C00199,2,0.2737361119126622,M3,1,,,False,P1,1.0,,,0.0,0.5,,0.0042735042735042,
M3|C00200,2,0.2737361119126622,M3,1,,,False,P1,1.0,,,0.0,1.0,,0.0069832402234636,IGHG
M3|C00201,2,0.2737361119126622,M3,1,,,False,P1,1.0,,,0.0,0.0,,0.0,IGHG
M3|C00202,2,0.2737361119126622,M3,1,,,False,P1,1.0,,,0.0,1.0,,0.0,IGHG
M3|C00203,2,0.2737361119126622,M3,1,,,False,P1,1.0,,,0.0,1.0,,0.0056980056980056,IGHM
M3|C00204,2,0.2737361119126622,M3,1,,,False,P1,1.0,,,0.0,1.0,,0.0071225071225071,IGHG
M3|C00205,2,0.2737361119126622,M3,1,,,False,P1,1.0,,,0.0,0.5,,0.0042735042735042,IGHG
M3|C00206,2,0.2737361119126622,M3,1,,,False,P1,1.0,,,0.0,1.0,,0.0085470085470085,
M3|C00207,2,0.2737361119126622,M3,1,,,False,P1,1.0,,,0.0,1.0,,0.0028490028490028,IGHM
M3|C00208,2,0.2737361119126622,M3,1,,,False,P1,1.0,,,0.0,1.0,,0.0142450142450142,IGHM
M3|C00209,2,0.2737361119126622,M3,1,,,False,P1,1.0,,,0.0,0.0,,0.0042735042735042,IGHG
M3|C00210,2,0.2737361119126622,M3,1,,,False,P1,1.0,,,0.0,1.0,,0.0085470085470085,IGHM
M3|C00211,2,0.2737361119126622,M3,1,,,False,P1,1.0,,,0.0,0.0,,0.0099715099715099,IGHG
M3|C00212,2,0.2737361119126622,M3,1,,,False,P1,1.0,,,0.0,0.5,,0.0099715099715099,IGHM
M3|C00213,2,0.2737361119126622,M3,1,,,False,P1,1.0,,,0.5,1.0,,0.0099715099715099,IGHG
M3|C00214,2,0.2737361119126622,M3,1,,,False,P1,1.0,,,0.0,0.0,,0.0071225071225071,IGHG
M3|C00215,2,0.2737361119126622,M3,1,,,False,P1,1.0,,,0.0,1.0,,0.0014245014245014,IGHG
M3|C00216,2,0.2737361119126622,M3,1,,,False,P1,1.0,,,0.0,0.5,,0.0057142857142857,IGHG
M3|C00217,2,0.2737361119126622,M3,1,,,False,P1,1.0,,,0.0,1.0,,0.0057142857142857,
M3|C00218,2,0.2737361119126622,M3,1,,,False,P1,1.0,,,0.0,0.0,,0.0028571428571428,
M3|C00219,2,0.2737361119126622,M3,1,,,False,P1,1.0,,,0.0,1.0,,0.0014285714285714,IGHG
M3|C00220,2,0.2737361119126622,M3,1,,,False,P1,1.0,,,0.5,0.0,,0.0,IGHG
M3|C00221,2,0.2737361119126622,M3,1,,,False,P1,1.0,,,0.0,0.0,,0.0,
M3|C00222,2,0.2737361119126622,M3,1,,,False,P1,1.0,,,0.0,1.0,,0.0028490028490028,
M3|C00223,2,0.2737361119126622,M3,1,,,False,P1,1.0,,,0.0,1.0,,0.0056980056980056,IGHG
M3|C00224,2,0.2737361119126622,M3,1,,,False,P1,1.0,,,0.0,1.0,,0.0071225071225071,IGHG
M3|C00225,2,0.2737361119126622,M3,1,,,False,P1,1.0,,,0.0,1.0,,0.0042735042735042,IGHM
M3|C00226,2,0.2737361119126622,M3,1,,,False,P1,1.0,,,0.0,1.0,,0.0085470085470085,IGHM
M3|C00227,2,0.2737361119126622,M3,1,,,False,P1,1.0,,,0.0,1.0,,0.0,IGHM
M3|C00228,2,0.2737361119126622,M3,1,,,False,P1,1.0,,,0.0,1.0,,0.0110192837465564,IGHG
M3|C00229,2,0.2737361119126622,M3,1,,,False,P1,1.0,,,0.0,1.0,,0.0056980056980056,IGHG
M3|C00230,2,0.2737361119126622,M3,1,,,False,P1,1.0,,,0.0,1.0,,0.0,IGHG
M3|C00231,2,0.2737361119126622,M3,1,,,False,P1,1.0,,,0.0,0.0,,0.0027855153203342,IGHM
M3|C00232,2,0.2737361119126622,M3,1,,,False,P1,1.0,,,0.0,0.0,,0.0055710306406685,
M3|C00233,2,0.2737361119126622,M3,1,,,False,P1,1.0,,,0.0,1.0,,0.0167130919220055,IGHG
M3|C00234,2,0.2737361119126622,M3,1,,,False,P1,1.0,,,0.0,1.0,,0.0099715099715099,IGHG
M3|C00235,2,0.2737361119126622,M3,1,,,False,P1,1.0,,,0.0,1.0,,0.0014245014245014,IGHG
M3|C00236,2,0.2737361119126622,M3,1,,,False,P1,1.0,,,0.0,0.0,,0.0028490028490028,IGHG
M4|C00001,107,0.9413641853042332,M4,1,P1,1.0,True,P1,1.0,10.01646900177002,2.5291693210601807,0.9626168224299064,0.6074766355140186,,0.0035476953218077,IGHG
M4|C00002,95,0.934605505211444,M4,1,P1,1.0,True,P1,1.0,6.082426071166992,-2.768261194229126,0.8210526315789474,0.5684210526315789,,0.0129146395400265,IGHG
M4|C00003,91,0.931991446309716,M4,1,P1,1.0,True,P1,1.0,6.498205661773682,-2.501014471054077,0.7912087912087912,0.4615384615384615,,0.0089227012303935,IGHG
M4|C00004,83,0.926079493814107,M4,1,P1,1.0,True,P1,1.0,9.1719970703125,1.63847017288208,0.8313253012048193,0.3132530120481928,,0.0084783578759482,IGHG
M4|C00005,61,0.9028159416854528,M4,1,P1,1.0,True,P1,1.0,9.27241325378418,-0.5013339519500732,0.8032786885245902,0.1475409836065573,,0.0081266638643687,IGHG
M4|C00006,58,0.8984509502019042,M4,1,P1,1.0,True,P1,1.0,9.494226455688477,-0.3434010446071625,0.7758620689655172,0.3275862068965517,,0.0069260241674034,IGHG
M4|C00007,56,0.8953149690368979,M4,1,P1,1.0,True,P1,1.0,9.021567344665527,-0.6508387923240662,0.0714285714285714,0.7142857142857143,,0.0072242572242572,IGHG
M4|C00008,53,0.8902275658556891,M4,1,P1,1.0,True,P1,1.0,9.700066566467283,-0.8896414041519165,0.3962264150943396,0.5849056603773585,,0.0093813967582543,IGHG
M4|C00009,38,0.8548790792785601,M4,1,P1,1.0,True,P1,1.0,4.170896530151367,-2.908625602722168,0.4473684210526316,0.7368421052631579,,0.0112197217460375,IGHG
M4|C00010,34,0.8411910420736208,M4,1,P1,1.0,True,P1,1.0,10.320385932922363,2.212424993515014,0.1470588235294117,0.6470588235294118,,0.0109243697478991,IGHG
M4|C00011,29,0.8198982610247276,M4,1,P1,1.0,True,P1,1.0,9.62151336669922,0.1048549860715866,0.6551724137931034,0.5517241379310345,,0.0108065625307004,IGHG
M4|C00012,26,0.8040874937273014,M4,1,P1,1.0,True,P1,1.0,8.609780311584473,2.4995484352111816,0.9615384615384616,0.7692307692307693,,0.0077569489334195,IGHG
M4|C00013,25,0.7981697787120187,M4,1,P1,1.0,True,P1,1.0,8.687688827514648,-3.757491827011109,0.44,0.28,,0.0097142857142857,IGHG
M4|C00014,25,0.7981697787120187,M4,1,P1,1.0,True,P1,1.0,5.1304426193237305,-2.6730141639709477,0.24,0.76,,0.0055840455840455,IGHG
M4|C00015,24,0.7918761834210786,M4,1,P1,1.0,True,P1,1.0,4.307298183441162,-3.0414633750915527,0.4166666666666667,0.4583333333333333,,0.0080721747388414,IGHG
M4|C00016,21,0.7703363825869146,M4,1,P1,1.0,True,P1,1.0,9.549969673156738,0.7283690571784973,0.1904761904761904,0.8095238095238095,,0.0140136054421768,IGHM
M4|C00017,20,0.7621050082253512,M4,1,P1,1.0,True,P1,1.0,4.565490245819092,-2.9444258213043213,0.2,0.55,,0.0106837606837606,IGHG
M4|C00018,19,0.7532458327397537,M4,1,P1,1.0,True,P1,1.0,10.3365478515625,1.7124630212783811,0.8947368421052632,0.9473684210526316,,0.0019493177387914,IGHG
M4|C00019,18,0.7436824642153219,M4,1,P1,1.0,True,P1,1.0,3.192523241043091,-1.5550105571746826,0.1666666666666666,0.0555555555555555,,0.0074390629946185,IGHG
M4|C00020,17,0.7333253218415284,M4,1,P1,1.0,True,P1,1.0,9.658223152160645,-0.8513661026954651,0.5294117647058824,0.5882352941176471,,0.0141176470588235,IGHG
M4|C00021,17,0.7333253218415284,M4,1,P1,1.0,True,P1,1.0,3.8490219116210938,-2.884072542190552,0.2941176470588235,0.1176470588235294,,0.0097488433575677,IGHG
M4|C00022,17,0.7333253218415284,M4,1,P1,1.0,True,P1,1.0,9.22141933441162,-0.8059079051017761,0.9411764705882352,1.0,,0.0073738897268309,IGHG
M4|C00023,17,0.7333253218415284,M4,1,P1,1.0,True,P1,1.0,9.600000381469728,0.1603946238756179,0.0,0.9411764705882352,,0.0130718954248366,IGHG
M4|C00024,16,0.7220686032892372,M4,1,P1,1.0,True,P1,1.0,3.9571685791015625,-2.9921987056732178,0.375,0.25,,0.0146428571428571,IGHG
M4|C00025,16,0.7220686032892372,M4,1,P1,1.0,True,P1,1.0,7.279607772827148,-3.292606830596924,0.5,0.1875,,0.0033831908831908,IGHG
M4|C00026,15,0.7097863587924325,M4,1,P1,1.0,True,P1,1.0,9.717935562133787,-1.4766159057617188,0.8,0.6,,0.0090651558073654,IGHG
M4|C00027,15,0.7097863587924325,M4,1,P1,1.0,True,P1,1.0,4.281085014343262,-2.638765811920166,0.8666666666666667,0.8666666666666667,,0.0159952281164402,IGHG
M4|C00028,15,0.7097863587924325,M4,1,P1,1.0,True,P1,1.0,4.25628137588501,-2.7115743160247803,0.8,0.3333333333333333,,0.0096866096866096,IGHG
M4|C00029,15,0.7097863587924325,M4,1,P1,1.0,True,P1,1.0,8.317440032958984,2.4077205657958984,1.0,0.8,,0.0085470085470085,IGHG
M4|C00030,14,0.6963273433484984,M4,1,P1,1.0,True,P1,1.0,3.937976837158203,-2.8000004291534424,0.3571428571428571,0.0,,0.0079365079365079,IGHG
M4|C00031,13,0.6815081701027044,M4,1,P1,1.0,True,P1,1.0,5.321980953216553,-2.131311416625977,0.1538461538461538,0.6153846153846154,,0.0043830813061582,IGHG
M4|C00032,13,0.6815081701027044,M4,1,P1,1.0,True,P1,1.0,3.108553409576416,-1.7222442626953125,0.0769230769230769,0.0,,0.0094236248082401,IGHG
M4|C00033,13,0.6815081701027044,M4,1,P1,1.0,True,P1,1.0,5.399253845214844,-2.9373252391815186,0.2307692307692307,0.7692307692307693,,0.0081087004163927,IGHG
M4|C00034,12,0.6651040583780095,M4,1,P1,1.0,True,P1,1.0,9.08677577972412,-2.514897584915161,0.0833333333333333,0.8333333333333334,,0.0059354226020892,IGHG
M4|C00035,12,0.6651040583780095,M4,1,P1,1.0,True,P1,1.0,8.105718612670898,-3.107595920562744,0.4166666666666667,0.4166666666666667,,0.0147198480531813,IGHG
M4|C00036,12,0.6651040583780095,M4,1,P1,1.0,True,P1,1.0,3.758729696273804,-2.474317073822021,0.8333333333333334,0.0833333333333333,,0.0051498127340823,IGHG
M4|C00037,12,0.6651040583780095,M4,1,P1,1.0,True,P1,1.0,8.278008460998535,-1.0271536111831665,0.0833333333333333,0.6666666666666666,,0.0066476733143399,IGHG
M4|C00038,12,0.6651040583780095,M4,1,P1,1.0,True,P1,1.0,9.251955032348633,-2.2859694957733154,0.0833333333333333,0.8333333333333334,,0.0042735042735042,IGHG
M4|C00039,11,0.6468361053492835,M4,1,P1,1.0,True,P1,1.0,5.834793567657471,-2.8073947429656982,0.2727272727272727,0.4545454545454545,,0.0114285714285714,IGHG
M4|C00040,11,0.6468361053492835,M4,1,P1,1.0,True,P1,1.0,7.491740226745605,-3.1856954097747803,0.2727272727272727,0.7272727272727273,,0.008029008029008,IGHG
M4|C00041,11,0.6468361053492835,M4,1,P1,1.0,True,P1,1.0,4.503650188446045,-2.2151904106140137,0.0909090909090909,0.9090909090909092,,0.0046620046620046,IGHG
M4|C00042,11,0.6468361053492835,M4,1,P1,1.0,True,P1,1.0,8.111143112182617,-2.942277669906616,0.0,0.0909090909090909,,0.0189070189070189,IGHG
M4|C00043,11,0.6468361053492835,M4,1,P1,1.0,True,P1,1.0,10.278480529785156,1.8115533590316768,0.5454545454545454,0.5454545454545454,,0.0088060088060088,IGHG
M4|C00044,10,0.6263534150230329,M4,1,P1,1.0,True,P1,1.0,8.628506660461426,0.9465948343276978,0.3,0.8,,0.0094017094017094,IGHG
M4|C00045,10,0.6263534150230329,M4,1,P1,1.0,True,P1,1.0,8.72885513305664,0.5401901006698608,0.3,0.7,,0.0037037037037037,IGHG
M4|C00046,10,0.6263534150230329,M4,1,P1,1.0,True,P1,1.0,9.627495765686035,-0.4810795187950134,0.6,0.4,,0.0072829131652661,IGHG
M4|C00047,10,0.6263534150230329,M4,1,P1,1.0,True,P1,1.0,8.425865173339844,-2.8889172077178955,0.4,0.2,,0.019940684694783,IGHG
M4|C00048,10,0.6263534150230329,M4,1,P1,1.0,True,P1,1.0,4.208559036254883,-1.700974941253662,0.8,0.5,,0.0051282051282051,IGHG
M4|C00049,10,0.6263534150230329,M4,1,P1,1.0,True,P1,1.0,10.233893394470217,2.3378894329071045,0.8,0.9,,0.0111111111111111,IGHG
M4|C00050,10,0.6263534150230329,M4,1,P1,1.0,True,P1,1.0,3.085444927215576,-1.742801308631897,0.6,0.3,,0.0113960113960113,IGHG
M4|C00051,9,0.6032074132986223,M4,1,P1,1.0,True,P1,1.0,5.082481384277344,-0.3943642973899841,0.2222222222222222,0.2222222222222222,,0.0019047619047619,IGHM
M4|C00052,9,0.6032074132986223,M4,1,P1,1.0,True,P1,1.0,7.1302409172058105,-2.722771406173706,0.1111111111111111,0.7777777777777778,,0.0025324469768914,IGHG
M4|C00053,9,0.6032074132986223,M4,1,P1,1.0,True,P1,1.0,8.7069730758667,-2.862048625946045,0.4444444444444444,0.1111111111111111,,0.0104463437796771,IGHG
M4|C00054,9,0.6032074132986223,M4,1,P1,1.0,True,P1,1.0,3.967987537384033,-2.1964328289031982,0.6666666666666666,0.2222222222222222,,0.0186767964545742,IGHG
M4|C00055,9,0.6032074132986223,M4,1,P1,1.0,True,P1,1.0,9.762235641479492,-1.8316367864608765,0.0,1.0,,0.0044317822095599,IGHG
M4|C00056,8,0.5768139160466386,M4,1,P1,1.0,True,P1,1.0,9.013233184814451,1.1450483798980713,1.0,0.75,,0.0056980056980056,IGHG
M4|C00057,8,0.5768139160466386,M4,1,P1,1.0,True,P1,1.0,8.641647338867188,-3.747619867324829,0.0,0.875,,0.0149572649572649,IGHG
M4|C00058,8,0.5768139160466386,M4,1,P1,1.0,True,P1,1.0,5.463870525360107,-0.3898742496967315,0.0,1.0,,0.0035612535612535,IGHG
M4|C00059,8,0.5768139160466386,M4,1,P1,1.0,True,P1,1.0,8.074846267700195,-2.9358527660369877,0.375,0.375,,0.0096153846153846,IGHG
M4|C00060,8,0.5768139160466386,M4,1,P1,1.0,True,P1,1.0,7.721209049224853,-2.1715011596679688,0.875,0.75,,0.0103276353276353,IGHG
M4|C00061,8,0.5768139160466386,M4,1,P1,1.0,True,P1,1.0,7.2307353019714355,1.158262014389038,0.0,0.75,,0.0039173789173789,IGHG
M4|C00062,8,0.5768139160466386,M4,1,P1,1.0,True,P1,1.0,6.678111553192139,-2.057614803314209,0.0,0.25,,0.0049857549857549,
M4|C00063,7,0.5463952871613902,M4,1,P1,1.0,True,P1,1.0,9.92805004119873,1.666953682899475,0.0,0.8571428571428571,,0.004070004070004,
M4|C00064,7,0.5463952871613902,M4,1,P1,1.0,True,P1,1.0,9.505788803100586,-0.1316972374916076,0.0,0.8571428571428571,,0.0077330077330077,IGHG
M4|C00065,7,0.5463952871613902,M4,1,P1,1.0,True,P1,1.0,10.31097412109375,2.2697858810424805,0.1428571428571428,0.4285714285714285,,0.0016187778227438,IGHG
M4|C00066,7,0.5463952871613902,M4,1,P1,1.0,True,P1,1.0,8.8770170211792,-2.5801565647125244,0.0,0.1428571428571428,,0.0159183673469387,IGHG
M4|C00067,7,0.5463952871613902,M4,1,P1,1.0,True,P1,1.0,3.934763431549072,-2.9164133071899414,0.0,0.0,,0.0092295345104333,IGHG
M4|C00068,7,0.5463952871613902,M4,1,P1,1.0,True,P1,1.0,3.1987905502319336,-1.565006136894226,0.2857142857142857,0.0,,0.0073260073260073,IGHG
M4|C00069,7,0.5463952871613902,M4,1,P1,1.0,True,P1,1.0,9.535849571228027,-2.191336154937744,0.1428571428571428,0.8571428571428571,,0.0085470085470085,IGHG
M4|C00070,6,0.5108887774961344,M4,1,P1,1.0,True,P1,1.0,7.4091572761535645,-3.1651902198791504,0.0,0.8333333333333334,,0.0009496676163342,IGHM
M4|C00071,6,0.5108887774961344,M4,1,P1,1.0,True,P1,1.0,10.448222160339355,2.017584085464477,0.0,0.6666666666666666,,0.0028490028490028,IGHG
M4|C00072,6,0.5108887774961344,M4,1,P1,1.0,True,P1,1.0,5.2303972244262695,-2.19289231300354,0.0,0.8333333333333334,,0.0042735042735042,IGHG
M4|C00073,6,0.5108887774961344,M4,1,P1,1.0,True,P1,1.0,8.628114700317383,-1.4229300022125244,0.1666666666666666,0.6666666666666666,,0.0810169143502476,IGHG
M4|C00074,6,0.5108887774961344,M4,1,P1,1.0,True,P1,1.0,9.641260147094728,0.0217505227774381,0.1666666666666666,0.8333333333333334,,0.0075973409306742,IGHG
M4|C00075,6,0.5108887774961344,M4,1,P1,1.0,True,P1,1.0,7.3747053146362305,-1.897585391998291,0.8333333333333334,0.1666666666666666,,0.0109211775878442,IGHG
M4|C00076,6,0.5108887774961344,M4,1,P1,1.0,True,P1,1.0,7.3297247886657715,-2.8169965744018555,0.3333333333333333,0.5,,0.0094966761633428,IGHG
M4|C00077,6,0.5108887774961344,M4,1,P1,1.0,True,P1,1.0,5.382071018218994,-3.054979085922241,0.0,1.0,,0.0142450142450142,IGHG
M4|C00078,6,0.5108887774961344,M4,1,P1,1.0,True,P1,1.0,9.655598640441896,-0.0634212717413902,0.3333333333333333,0.6666666666666666,,0.0004721435316336,IGHG
M4|C00079,5,0.4687942434317229,M4,1,,,False,P1,1.0,,,1.0,0.0,,0.0017094017094017,IGHG
M4|C00080,5,0.4687942434317229,M4,1,,,False,P1,1.0,,,0.0,0.6,,0.0062322946175637,IGHG
M4|C00081,5,0.4687942434317229,M4,1,,,False,P1,1.0,,,0.2,0.2,,0.0073654390934844,IGHM
M4|C00082,5,0.4687942434317229,M4,1,,,False,P1,1.0,,,0.4,0.4,,0.0028490028490028,IGHM
M4|C00083,5,0.4687942434317229,M4,1,,,False,P1,1.0,,,0.2,0.6,,0.0142450142450142,IGHG
M4|C00084,5,0.4687942434317229,M4,1,,,False,P1,1.0,,,0.0,1.0,,0.0139664804469273,IGHG
M4|C00085,5,0.4687942434317229,M4,1,,,False,P1,1.0,,,0.2,0.8,,0.0068376068376068,IGHM
M4|C00086,5,0.4687942434317229,M4,1,,,False,P1,1.0,,,0.0,0.0,,0.0045584045584045,IGHG
M4|C00087,5,0.4687942434317229,M4,1,,,False,P1,1.0,,,0.0,0.0,,0.0056980056980056,IGHG
M4|C00088,5,0.4687942434317229,M4,1,,,False,P1,1.0,,,0.6,0.2,,0.0028490028490028,IGHG
M4|C00089,5,0.4687942434317229,M4,1,,,False,P1,1.0,,,0.2,0.8,,0.0074074074074074,IGHG
M4|C00090,5,0.4687942434317229,M4,1,,,False,P1,1.0,,,0.2,0.4,,0.0056980056980056,IGHG
M4|C00091,5,0.4687942434317229,M4,1,,,False,P1,1.0,,,0.8,0.6,,0.0056980056980056,IGHG
M4|C00092,5,0.4687942434317229,M4,1,,,False,P1,1.0,,,0.6,0.0,,0.0091168091168091,IGHG
M4|C00093,5,0.4687942434317229,M4,1,,,False,P1,1.0,,,0.0,0.2,,0.0199430199430199,IGHG
M4|C00094,5,0.4687942434317229,M4,1,,,False,P1,1.0,,,0.0,0.2,,0.0016806722689075,IGHG
M4|C00095,5,0.4687942434317229,M4,1,,,False,P1,1.0,,,0.4,0.6,,0.0034188034188034,IGHG
M4|C00096,5,0.4687942434317229,M4,1,,,False,P1,1.0,,,0.2,1.0,,0.0022792022792022,IGHE
M4|C00097,5,0.4687942434317229,M4,1,,,False,P1,1.0,,,0.2,0.6,,0.0074074074074074,IGHG
M4|C00098,5,0.4687942434317229,M4,1,,,False,P1,1.0,,,0.0,0.8,,0.0176638176638176,IGHM
M4|C00099,5,0.4687942434317229,M4,1,,,False,P1,1.0,,,0.2,0.6,,0.0114285714285714,IGHG
M4|C00100,5,0.4687942434317229,M4,1,,,False,P1,1.0,,,0.6,0.4,,0.0039886039886039,IGHG
M4|C00101,5,0.4687942434317229,M4,1,,,False,P1,1.0,,,0.0,0.6,,0.0096866096866096,IGHG
M4|C00102,5,0.4687942434317229,M4,1,,,False,P1,1.0,,,0.4,0.4,,0.0056980056980056,IGHG
M4|C00103,5,0.4687942434317229,M4,1,,,False,P1,1.0,,,0.6,0.0,,0.0085470085470085,IGHG
M4|C00104,5,0.4687942434317229,M4,1,,,False,P1,1.0,,,0.0,1.0,,0.0039886039886039,IGHG
M4|C00105,4,0.417905561381464,M4,1,,,False,P1,1.0,,,0.25,0.0,,0.0028490028490028,IGHG
M4|C00106,4,0.417905561381464,M4,1,,,False,P1,1.0,,,0.25,0.75,,0.01,
M4|C00107,4,0.417905561381464,M4,1,,,False,P1,1.0,,,0.0,1.0,,0.0,IGHE
M4|C00108,4,0.417905561381464,M4,1,,,False,P1,1.0,,,0.0,1.0,,0.0028490028490028,IGHG
M4|C00109,4,0.417905561381464,M4,1,,,False,P1,1.0,,,0.25,1.0,,0.0035612535612535,IGHG
M4|C00110,4,0.417905561381464,M4,1,,,False,P1,1.0,,,0.0,0.0,,0.0092592592592592,IGHG
M4|C00111,4,0.417905561381464,M4,1,,,False,P1,1.0,,,0.0,0.75,,0.0042735042735042,IGHG
M4|C00112,4,0.417905561381464,M4,1,,,False,P1,1.0,,,0.0,0.5,,0.0056980056980056,IGHG
M4|C00113,4,0.417905561381464,M4,1,,,False,P1,1.0,,,0.0,0.5,,0.0035612535612535,IGHG
M4|C00114,4,0.417905561381464,M4,1,,,False,P1,1.0,,,0.25,0.0,,0.0099715099715099,IGHG
M4|C00115,4,0.417905561381464,M4,1,,,False,P1,1.0,,,1.0,0.0,,0.0042735042735042,IGHM
M4|C00116,4,0.417905561381464,M4,1,,,False,P1,1.0,,,0.0,1.0,,0.0035612535612535,IGHM
M4|C00117,4,0.417905561381464,M4,1,,,False,P1,1.0,,,0.25,0.75,,0.0071225071225071,IGHM
M4|C00118,4,0.417905561381464,M4,1,,,False,P1,1.0,,,0.0,1.0,,0.0028328611898017,IGHM
M4|C00119,4,0.417905561381464,M4,1,,,False,P1,1.0,,,0.0,1.0,,0.0014164305949008,IGHM
M4|C00120,4,0.417905561381464,M4,1,,,False,P1,1.0,,,0.0,1.0,,0.0105337078651685,IGHG
M4|C00121,4,0.417905561381464,M4,1,,,False,P1,1.0,,,0.0,1.0,,0.0035612535612535,IGHM
M4|C00122,4,0.417905561381464,M4,1,,,False,P1,1.0,,,0.25,0.5,,0.0056980056980056,IGHG
M4|C00123,4,0.417905561381464,M4,1,,,False,P1,1.0,,,0.75,0.25,,0.0035612535612535,IGHM
M4|C00124,4,0.417905561381464,M4,1,,,False,P1,1.0,,,0.25,0.5,,0.0078347578347578,IGHG
M4|C00125,4,0.417905561381464,M4,1,,,False,P1,1.0,,,0.0,0.75,,0.0071225071225071,IGHG
M4|C00126,4,0.417905561381464,M4,1,,,False,P1,1.0,,,1.0,0.0,,0.0035612535612535,IGHG
M4|C00127,4,0.417905561381464,M4,1,,,False,P1,1.0,,,0.25,0.5,,0.0021367521367521,IGHG
M4|C00128,4,0.417905561381464,M4,1,,,False,P1,1.0,,,0.0,0.0,,0.0113960113960113,IGHM
M4|C00129,4,0.417905561381464,M4,1,,,False,P1,1.0,,,0.0,0.75,,0.0042735042735042,IGHM
M4|C00130,4,0.417905561381464,M4,1,,,False,P1,1.0,,,0.0,0.0,,0.0085470085470085,IGHG
M4|C00131,4,0.417905561381464,M4,1,,,False,P1,1.0,,,0.0,0.75,,0.0049857549857549,
M4|C00132,4,0.417905561381464,M4,1,,,False,P1,1.0,,,0.0,0.75,,0.0056497175141242,IGHG
M4|C00133,3,0.3547980432681049,M4,1,,,False,P1,1.0,,,0.0,0.0,,0.0047483380816714,IGHM
M4|C00134,3,0.3547980432681049,M4,1,,,False,P1,1.0,,,0.3333333333333333,0.0,,0.0085470085470085,IGHM
M4|C00135,3,0.3547980432681049,M4,1,,,False,P1,1.0,,,0.0,1.0,,0.0132953466286799,IGHG
M4|C00136,3,0.3547980432681049,M4,1,,,False,P1,1.0,,,0.0,0.6666666666666666,,0.0,IGHM
M4|C00137,3,0.3547980432681049,M4,1,,,False,P1,1.0,,,0.3333333333333333,0.3333333333333333,,0.018095238095238,IGHG
M4|C00138,3,0.3547980432681049,M4,1,,,False,P1,1.0,,,0.0,0.6666666666666666,,0.0161443494776828,IGHM
M4|C00139,3,0.3547980432681049,M4,1,,,False,P1,1.0,,,0.3333333333333333,0.3333333333333333,,0.0121042830540037,IGHG
M4|C00140,3,0.3547980432681049,M4,1,,,False,P1,1.0,,,0.0,0.0,,0.0094966761633428,IGHM
M4|C00141,3,0.3547980432681049,M4,1,,,False,P1,1.0,,,0.0,1.0,,0.0064635272391505,IGHG
M4|C00142,3,0.3547980432681049,M4,1,,,False,P1,1.0,,,0.0,0.3333333333333333,,0.0085470085470085,IGHG
M4|C00143,3,0.3547980432681049,M4,1,,,False,P1,1.0,,,0.3333333333333333,0.6666666666666666,,0.0066476733143399,IGHG
M4|C00144,3,0.3547980432681049,M4,1,,,False,P1,1.0,,,1.0,0.0,,0.0158730158730158,IGHG
M4|C00145,3,0.3547980432681049,M4,1,,,False,P1,1.0,,,0.0,1.0,,0.0018993352326685,IGHG
M4|C00146,3,0.3547980432681049,M4,1,,,False,P1,1.0,,,0.0,0.3333333333333333,,0.0037986704653371,IGHG
M4|C00147,3,0.3547980432681049,M4,1,,,False,P1,1.0,,,0.0,1.0,,0.0056980056980056,IGHG
M4|C00148,3,0.3547980432681049,M4,1,,,False,P1,1.0,,,0.0,0.0,,0.0180436847103513,IGHG
M4|C00149,3,0.3547980432681049,M4,1,,,False,P1,1.0,,,0.3333333333333333,0.6666666666666666,,0.0104463437796771,IGHM
M4|C00150,3,0.3547980432681049,M4,1,,,False,P1,1.0,,,0.3333333333333333,0.3333333333333333,,0.0113960113960113,IGHG
M4|C00151,3,0.3547980432681049,M4,1,,,False,P1,1.0,,,0.0,1.0,,0.0037986704653371,IGHG
M4|C00152,3,0.3547980432681049,M4,1,,,False,P1,1.0,,,0.0,1.0,,0.0028490028490028,IGHE
M4|C00153,3,0.3547980432681049,M4,1,,,False,P1,1.0,,,0.0,0.6666666666666666,,0.01024208566108,IGHG
M4|C00154,3,0.3547980432681049,M4,1,,,False,P1,1.0,,,0.0,0.3333333333333333,,0.0132953466286799,IGHM
M4|C00155,3,0.3547980432681049,M4,1,,,False,P1,1.0,,,0.0,0.6666666666666666,,0.0047483380816714,IGHG
M4|C00156,3,0.3547980432681049,M4,1,,,False,P1,1.0,,,0.0,0.0,,0.0047483380816714,IGHG
M4|C00157,3,0.3547980432681049,M4,1,,,False,P1,1.0,,,0.3333333333333333,0.3333333333333333,,0.0104463437796771,IGHG
M4|C00158,3,0.3547980432681049,M4,1,,,False,P1,1.0,,,0.0,0.6666666666666666,,0.0104463437796771,IGHG
M4|C00159,3,0.3547980432681049,M4,1,,,False,P1,1.0,,,0.0,1.0,,0.0526574319677768,IGHG
M4|C00160,3,0.3547980432681049,M4,1,,,False,P1,1.0,,,0.6666666666666666,0.3333333333333333,,0.0,IGHM
M4|C00161,3,0.3547980432681049,M4,1,,,False,P1,1.0,,,0.3333333333333333,0.0,,0.0009496676163342,IGHG
M4|C00162,3,0.3547980432681049,M4,1,,,False,P1,1.0,,,0.0,1.0,,0.0139275766016713,IGHG
M4|C00163,3,0.3547980432681049,M4,1,,,False,P1,1.0,,,0.0,1.0,,0.0037140204271123,IGHG
M4|C00164,3,0.3547980432681049,M4,1,,,False,P1,1.0,,,0.0,0.6666666666666666,,0.0028490028490028,IGHG
M4|C00165,3,0.3547980432681049,M4,1,,,False,P1,1.0,,,0.0,1.0,,0.0056980056980056,IGHG
M4|C00166,3,0.3547980432681049,M4,1,,,False,P1,1.0,,,0.3333333333333333,0.6666666666666666,,0.0056980056980056,IGHG
M4|C00167,3,0.3547980432681049,M4,1,,,False,P1,1.0,,,1.0,1.0,,0.0075542965061378,IGHG
M4|C00168,3,0.3547980432681049,M4,1,,,False,P1,1.0,,,0.0,1.0,,0.0019047619047619,IGHM
M4|C00169,3,0.3547980432681049,M4,1,,,False,P1,1.0,,,0.0,0.6666666666666666,,0.0064995357474466,IGHG
M4|C00170,3,0.3547980432681049,M4,1,,,False,P1,1.0,,,0.0,0.0,,0.0028490028490028,IGHG
M4|C00171,3,0.3547980432681049,M4,1,,,False,P1,1.0,,,0.0,0.3333333333333333,,0.0094966761633428,IGHG
M4|C00172,2,0.2737361119126622,M4,1,,,False,P1,1.0,,,0.0,0.0,,0.0,IGHM
M4|C00173,2,0.2737361119126622,M4,1,,,False,P1,1.0,,,0.0,0.0,,0.0099150141643059,
M4|C00174,2,0.2737361119126622,M4,1,,,False,P1,1.0,,,0.0,0.0,,0.0056657223796034,IGHM
M4|C00175,2,0.2737361119126622,M4,1,,,False,P1,1.0,,,0.0,0.0,,0.0085714285714285,IGHD
M4|C00176,2,0.2737361119126622,M4,1,,,False,P1,1.0,,,0.5,0.5,,0.0028571428571428,IGHG
M4|C00177,2,0.2737361119126622,M4,1,,,False,P1,1.0,,,0.0,0.0,,0.0042857142857142,IGHG
M4|C00178,2,0.2737361119126622,M4,1,,,False,P1,1.0,,,0.0,0.0,,0.0056980056980056,IGHM
M4|C00179,2,0.2737361119126622,M4,1,,,False,P1,1.0,,,0.0,1.0,,0.0111731843575419,
M4|C00180,2,0.2737361119126622,M4,1,,,False,P1,1.0,,,0.0,0.5,,0.0083798882681564,IGHM
M4|C00181,2,0.2737361119126622,M4,1,,,False,P1,1.0,,,0.0,1.0,,0.0083798882681564,IGHG
M4|C00182,2,0.2737361119126622,M4,1,,,False,P1,1.0,,,0.0,0.0,,0.0,IGHM
M4|C00183,2,0.2737361119126622,M4,1,,,False,P1,1.0,,,0.5,0.0,,0.017094017094017,IGHG
M4|C00184,2,0.2737361119126622,M4,1,,,False,P1,1.0,,,0.5,0.5,,0.0113960113960113,IGHG
M4|C00185,2,0.2737361119126622,M4,1,,,False,P1,1.0,,,0.0,1.0,,0.0113960113960113,IGHG
M4|C00186,2,0.2737361119126622,M4,1,,,False,P1,1.0,,,0.0,0.5,,0.0142450142450142,
M4|C00187,2,0.2737361119126622,M4,1,,,False,P1,1.0,,,0.0,0.0,,0.0,IGHM
M4|C00188,2,0.2737361119126622,M4,1,,,False,P1,1.0,,,0.0,0.5,,0.0056980056980056,IGHG
M4|C00189,2,0.2737361119126622,M4,1,,,False,P1,1.0,,,0.0,1.0,,0.0028490028490028,
M4|C00190,2,0.2737361119126622,M4,1,,,False,P1,1.0,,,0.0,0.0,,0.0042735042735042,IGHG
M4|C00191,2,0.2737361119126622,M4,1,,,False,P1,1.0,,,0.0,0.5,,0.0,
M4|C00192,2,0.2737361119126622,M4,1,,,False,P1,1.0,,,1.0,0.5,,0.0014245014245014,IGHM
M4|C00193,2,0.2737361119126622,M4,1,,,False,P1,1.0,,,0.5,0.0,,0.0071225071225071,IGHG
M4|C00194,2,0.2737361119126622,M4,1,,,False,P1,1.0,,,0.0,0.5,,0.017094017094017,IGHG
M4|C00195,2,0.2737361119126622,M4,1,,,False,P1,1.0,,,0.0,1.0,,0.0085470085470085,IGHG
M4|C00196,2,0.2737361119126622,M4,1,,,False,P1,1.0,,,0.5,0.0,,0.0056980056980056,
M4|C00197,2,0.2737361119126622,M4,1,,,False,P1,1.0,,,0.0,1.0,,0.0042735042735042,IGHG
M4|C00198,2,0.2737361119126622,M4,1,,,False,P1,1.0,,,0.0,0.0,,0.0113960113960113,IGHM
M4|C00199,2,0.2737361119126622,M4,1,,,False,P1,1.0,,,1.0,0.0,,0.0,IGHM
M4|C00200,2,0.2737361119126622,M4,1,,,False,P1,1.0,,,0.0,0.0,,0.0,IGHD
M4|C00201,2,0.2737361119126622,M4,1,,,False,P1,1.0,,,0.0,0.5,,0.0113960113960113,IGHG
M4|C00202,2,0.2737361119126622,M4,1,,,False,P1,1.0,,,0.0,0.5,,0.0128205128205128,IGHG
M4|C00203,2,0.2737361119126622,M4,1,,,False,P1,1.0,,,0.5,0.5,,0.0185185185185185,IGHG
M4|C00204,2,0.2737361119126622,M4,1,,,False,P1,1.0,,,0.5,0.0,,0.0182072829131652,IGHG
M4|C00205,2,0.2737361119126622,M4,1,,,False,P1,1.0,,,0.5,0.0,,0.0113960113960113,
M4|C00206,2,0.2737361119126622,M4,1,,,False,P1,1.0,,,0.0,1.0,,0.0042735042735042,IGHM
M4|C00207,2,0.2737361119126622,M4,1,,,False,P1,1.0,,,0.0,1.0,,0.0014245014245014,IGHG
M4|C00208,2,0.2737361119126622,M4,1,,,False,P1,1.0,,,0.0,0.0,,0.0,
M4|C00209,2,0.2737361119126622,M4,1,,,False,P1,1.0,,,1.0,0.0,,0.0,IGHM
M4|C00210,2,0.2737361119126622,M4,1,,,False,P1,1.0,,,0.0,0.5,,0.0085470085470085,IGHG
M4|C00211,2,0.2737361119126622,M4,1,,,False,P1,1.0,,,0.0,1.0,,0.017094017094017,IGHG
M4|C00212,2,0.2737361119126622,M4,1,,,False,P1,1.0,,,0.0,0.0,,0.0,IGHM
M4|C00213,2,0.2737361119126622,M4,1,,,False,P1,1.0,,,0.0,0.5,,0.0028490028490028,
M4|C00214,2,0.2737361119126622,M4,1,,,False,P1,1.0,,,1.0,0.0,,0.0028490028490028,IGHG
M4|C00215,2,0.2737361119126622,M4,1,,,False,P1,1.0,,,0.0,0.5,,0.0042735042735042,IGHG
M4|C00216,2,0.2737361119126622,M4,1,,,False,P1,1.0,,,0.0,1.0,,0.017094017094017,IGHG
M4|C00217,2,0.2737361119126622,M4,1,,,False,P1,1.0,,,0.0,1.0,,0.0028490028490028,IGHM
M4|C00218,2,0.2737361119126622,M4,1,,,False,P1,1.0,,,0.5,0.0,,0.0113960113960113,IGHG
M4|C00219,2,0.2737361119126622,M4,1,,,False,P1,1.0,,,0.5,0.5,,0.0156695156695156,IGHG
M4|C00220,2,0.2737361119126622,M4,1,,,False,P1,1.0,,,0.0,1.0,,0.0056980056980056,IGHG
M4|C00221,2,0.2737361119126622,M4,1,,,False,P1,1.0,,,1.0,0.5,,0.0099715099715099,IGHG
M4|C00222,2,0.2737361119126622,M4,1,,,False,P1,1.0,,,0.0,1.0,,0.0042735042735042,IGHG
M4|C00223,2,0.2737361119126622,M4,1,,,False,P1,1.0,,,0.0,1.0,,0.0,
M4|C00224,2,0.2737361119126622,M4,1,,,False,P1,1.0,,,0.0,0.0,,0.0042735042735042,
M4|C00225,2,0.2737361119126622,M4,1,,,False,P1,1.0,,,0.0,1.0,,0.0113960113960113,IGHM
M4|C00226,2,0.2737361119126622,M4,1,,,False,P1,1.0,,,0.0,0.0,,0.0,IGHM
M4|C00227,2,0.2737361119126622,M4,1,,,False,P1,1.0,,,0.0,0.0,,0.0014245014245014,IGHG
M4|C00228,2,0.2737361119126622,M4,1,,,False,P1,1.0,,,0.5,0.0,,0.0028490028490028,IGHM
M4|C00229,2,0.2737361119126622,M4,1,,,False,P1,1.0,,,0.0,1.0,,0.0042735042735042,IGHG
M4|C00230,2,0.2737361119126622,M4,1,,,False,P1,1.0,,,0.0,1.0,,0.0141643059490084,IGHG
M4|C00231,2,0.2737361119126622,M4,1,,,False,P1,1.0,,,0.5,0.0,,0.0113314447592068,
M4|C00232,2,0.2737361119126622,M4,1,,,False,P1,1.0,,,0.0,0.0,,0.0014164305949008,IGHG
M4|C00233,2,0.2737361119126622,M4,1,,,False,P1,1.0,,,0.0,1.0,,0.0157142857142857,IGHG
M4|C00234,2,0.2737361119126622,M4,1,,,False,P1,1.0,,,0.0,1.0,,0.0142857142857142,IGHG
M4|C00235,2,0.2737361119126622,M4,1,,,False,P1,1.0,,,0.0,1.0,,0.0085470085470085,IGHM
M4|C00236,2,0.2737361119126622,M4,1,,,False,P1,1.0,,,0.0,1.0,,0.0,IGHE
M4|C00237,2,0.2737361119126622,M4,1,,,False,P1,1.0,,,0.0,0.5,,0.0085470085470085,IGHM
M4|C00238,2,0.2737361119126622,M4,1,,,False,P1,1.0,,,0.0,0.0,,0.0,IGHD
M4|C00239,2,0.2737361119126622,M4,1,,,False,P1,1.0,,,0.0,0.0,,0.0,IGHM
M4|C00240,2,0.2737361119126622,M4,1,,,False,P1,1.0,,,1.0,0.5,,0.0167597765363128,
M4|C00241,2,0.2737361119126622,M4,1,,,False,P1,1.0,,,0.0,1.0,,0.0041899441340782,
M4|C00242,2,0.2737361119126622,M4,1,,,False,P1,1.0,,,0.5,0.0,,0.0,IGHG
M4|C00243,2,0.2737361119126622,M4,1,,,False,P1,1.0,,,1.0,0.5,,0.0,IGHG
M4|C00244,2,0.2737361119126622,M4,1,,,False,P1,1.0,,,0.0,0.0,,0.0,IGHD
M4|C00245,2,0.2737361119126622,M4,1,,,False,P1,1.0,,,0.0,1.0,,0.0028490028490028,IGHG
M4|C00246,2,0.2737361119126622,M4,1,,,False,P1,1.0,,,0.0,0.0,,0.0085470085470085,
M4|C00247,2,0.2737361119126622,M4,1,,,False,P1,1.0,,,0.0,0.5,,0.0099715099715099,IGHG
M4|C00248,2,0.2737361119126622,M4,1,,,False,P1,1.0,,,0.5,0.0,,0.0028490028490028,IGHM
M4|C00249,2,0.2737361119126622,M4,1,,,False,P1,1.0,,,0.0,1.0,,0.0014245014245014,
M4|C00250,2,0.2737361119126622,M4,1,,,False,P1,1.0,,,0.0,1.0,,0.0099715099715099,IGHG
M4|C00251,2,0.2737361119126622,M4,1,,,False,P1,1.0,,,0.0,1.0,,0.0,IGHG
M4|C00252,2,0.2737361119126622,M4,1,,,False,P1,1.0,,,0.5,0.0,,0.0128205128205128,IGHG
M4|C00253,2,0.2737361119126622,M4,1,,,False,P1,1.0,,,0.0,0.0,,0.0028490028490028,IGHM
M4|C00254,2,0.2737361119126622,M4,1,,,False,P1,1.0,,,0.0,1.0,,0.0014409221902017,IGHG
M4|C00255,2,0.2737361119126622,M4,1,,,False,P1,1.0,,,0.0,0.0,,0.0028490028490028,
M4|C00256,2,0.2737361119126622,M4,1,,,False,P1,1.0,,,0.0,1.0,,0.0028571428571428,IGHM
M4|C00257,2,0.2737361119126622,M4,1,,,False,P1,1.0,,,1.0,0.0,,0.0113960113960113,IGHG
M4|C00258,2,0.2737361119126622,M4,1,,,False,P1,1.0,,,0.0,0.0,,0.0099150141643059,IGHG
M4|C00259,2,0.2737361119126622,M4,1,,,False,P1,1.0,,,0.0,1.0,,0.0042492917847025,IGHM
M4|C00260,2,0.2737361119126622,M4,1,,,False,P1,1.0,,,0.0,0.0,,0.0071225071225071,IGHG
M4|C00261,2,0.2737361119126622,M4,1,,,False,P1,1.0,,,0.0,0.0,,0.0070821529745042,IGHG
M4|C00262,2,0.2737361119126622,M4,1,,,False,P1,1.0,,,0.0,0.0,,0.0,IGHM
M4|C00263,2,0.2737361119126622,M4,1,,,False,P1,1.0,,,0.0,0.0,,0.0,IGHG
M4|C00264,2,0.2737361119126622,M4,1,,,False,P1,1.0,,,0.0,0.0,,0.0028490028490028,
M5|C00001,520,0.9871112084129808,M5,1,P1,1.0,True,P1,1.0,8.907916069030762,2.0041229724884038,0.9173076923076924,0.7730769230769231,,0.0094631572373276,IGHG
M5|C00002,98,0.9364375315744496,M5,1,P1,1.0,True,P1,1.0,6.015678405761719,-2.7636961936950684,0.8571428571428571,0.4897959183673469,,0.012239083667655,IGHG
M5|C00003,51,0.8865499928415083,M5,1,P1,1.0,True,P1,1.0,6.321701526641846,0.6996739506721497,0.0,1.0,,0.0028490028490028,IGHG
M5|C00004,44,0.871460121883344,M5,1,P1,1.0,True,P1,1.0,7.949713706970215,-3.664362668991089,0.1136363636363636,0.5909090909090909,,0.0128703646402761,IGHG
M5|C00005,37,0.851685674653134,M5,1,P1,1.0,True,P1,1.0,7.279947757720947,-3.287815570831299,0.2972972972972973,0.6756756756756757,,0.0144598379892497,IGHG
M5|C00006,30,0.8246082898355213,M5,1,P1,1.0,True,P1,1.0,10.280404090881348,1.8909516334533687,0.3,0.5,,0.0114285714285714,IGHG
M5|C00007,20,0.7621050082253512,M5,1,P1,1.0,True,P1,1.0,5.523495674133301,-1.2644659280776978,0.4,0.15,,0.0086894586894586,IGHG
M5|C00008,19,0.7532458327397537,M5,1,P1,1.0,True,P1,1.0,5.407234191894531,-2.2223005294799805,0.7368421052631579,0.5263157894736842,,0.0061478482531114,IGHG
M5|C00009,15,0.7097863587924325,M5,1,P1,1.0,True,P1,1.0,3.4037511348724365,-1.3338217735290527,0.0666666666666666,0.0,,0.0093109869646182,IGHG
M5|C00010,14,0.6963273433484984,M5,1,P1,1.0,True,P1,1.0,9.737622261047363,-0.1572941690683365,0.7142857142857143,0.6428571428571429,,0.0109890109890109,IGHG
M5|C00011,13,0.6815081701027044,M5,1,P1,1.0,True,P1,1.0,7.7257981300354,-3.005537509918213,0.2307692307692307,0.6153846153846154,,0.0041758241758241,IGHG
M5|C00012,12,0.6651040583780095,M5,1,P1,1.0,True,P1,1.0,5.452690601348877,-1.6262348890304563,0.0833333333333333,0.6666666666666666,,0.0037243947858473,IGHG
M5|C00013,11,0.6468361053492835,M5,1,P1,1.0,True,P1,1.0,4.997827529907227,-1.3126636743545532,0.3636363636363636,0.0909090909090909,,0.0064750064750064,IGHG
M5|C00014,11,0.6468361053492835,M5,1,P1,1.0,True,P1,1.0,4.154089450836182,-2.074155807495117,0.0909090909090909,0.6363636363636364,,0.0077700077700077,IGHG
M5|C00015,11,0.6468361053492835,M5,1,P1,1.0,True,P1,1.0,7.338071346282959,-3.3430745601654053,0.1818181818181818,0.6363636363636364,,0.0082880082880082,IGHG
M5|C00016,10,0.6263534150230329,M5,1,P1,1.0,True,P1,1.0,3.235142469406128,-1.7431560754776,0.0,0.0,,0.0034188034188034,IGHG
M5|C00017,10,0.6263534150230329,M5,1,P1,1.0,True,P1,1.0,6.473702430725098,-1.2372727394104004,0.1,0.4,,0.0091168091168091,IGHG
M5|C00018,10,0.6263534150230329,M5,1,P1,1.0,True,P1,1.0,5.106505870819092,-0.9597207307815552,0.0,0.8,,0.0008547008547008,IGHM
M5|C00019,9,0.6032074132986223,M5,1,P1,1.0,True,P1,1.0,4.623947620391846,-1.016870141029358,0.0,0.2222222222222222,,0.0044317822095599,IGHG
M5|C00020,8,0.5768139160466386,M5,1,P1,1.0,True,P1,1.0,8.595819473266602,-2.715357780456543,0.5,0.875,,0.0053418803418803,IGHG
M5|C00021,8,0.5768139160466386,M5,1,P1,1.0,True,P1,1.0,4.052737712860107,-2.62748646736145,0.125,0.625,,0.0642427733556765,IGHG
M5|C00022,7,0.5463952871613902,M5,1,P1,1.0,True,P1,1.0,5.179183006286621,-0.7383214235305786,0.1428571428571428,0.2857142857142857,,0.0024420024420024,IGHG
M5|C00023,7,0.5463952871613902,M5,1,P1,1.0,True,P1,1.0,4.108937740325928,-1.809812903404236,0.0,0.2857142857142857,,0.0048840048840048,IGHG
M5|C00024,7,0.5463952871613902,M5,1,P1,1.0,True,P1,1.0,5.115708351135254,-1.2291781902313232,0.0,0.2857142857142857,,0.0056980056980056,IGHG
M5|C00025,7,0.5463952871613902,M5,1,P1,1.0,True,P1,1.0,9.378005027770996,-1.3367674350738523,0.1428571428571428,1.0,,0.0028490028490028,IGHG
M5|C00026,6,0.5108887774961344,M5,1,P1,1.0,True,P1,1.0,7.306378841400146,-3.047568798065185,0.1666666666666666,0.8333333333333334,,0.0075542965061378,IGHG
M5|C00027,6,0.5108887774961344,M5,1,P1,1.0,True,P1,1.0,4.022782325744629,-2.095773458480835,0.3333333333333333,0.5,,0.0236557399163631,IGHG
M5|C00028,6,0.5108887774961344,M5,1,P1,1.0,True,P1,1.0,4.159755229949951,-2.473008394241333,0.0,1.0,,0.0018993352326685,IGHG
M5|C00029,5,0.4687942434317229,M5,1,,,False,P1,1.0,,,0.0,0.8,,0.017094017094017,IGHG
M5|C00030,5,0.4687942434317229,M5,1,,,False,P1,1.0,,,0.0,0.6,,0.0005698005698005,IGHG
M5|C00031,5,0.4687942434317229,M5,1,,,False,P1,1.0,,,0.0,0.8,,0.0028328611898017,IGHG
M5|C00032,4,0.417905561381464,M5,1,,,False,P1,1.0,,,0.25,0.5,,0.0035714285714285,IGHG
M5|C00033,4,0.417905561381464,M5,1,,,False,P1,1.0,,,0.0,0.0,,0.017094017094017,IGHM
M5|C00034,4,0.417905561381464,M5,1,,,False,P1,1.0,,,0.0,1.0,,0.0056980056980056,IGHG
M5|C00035,4,0.417905561381464,M5,1,,,False,P1,1.0,,,0.0,1.0,,0.0042735042735042,
M5|C00036,4,0.417905561381464,M5,1,,,False,P1,1.0,,,0.0,0.0,,0.0085470085470085,IGHG
M5|C00037,4,0.417905561381464,M5,1,,,False,P1,1.0,,,0.0,1.0,,0.0071225071225071,IGHG
M5|C00038,4,0.417905561381464,M5,1,,,False,P1,1.0,,,0.0,0.5,,0.0049575070821529,IGHG
M5|C00039,4,0.417905561381464,M5,1,,,False,P1,1.0,,,0.0,0.5,,0.0049857549857549,IGHG
M5|C00040,4,0.417905561381464,M5,1,,,False,P1,1.0,,,0.0,0.0,,0.0,
M5|C00041,4,0.417905561381464,M5,1,,,False,P1,1.0,,,0.5,0.25,,0.0099715099715099,IGHG
M5|C00042,4,0.417905561381464,M5,1,,,False,P1,1.0,,,1.0,0.75,,0.0049857549857549,IGHG
M5|C00043,4,0.417905561381464,M5,1,,,False,P1,1.0,,,0.5,0.5,,0.0071225071225071,
M5|C00044,3,0.3547980432681049,M5,1,,,False,P1,1.0,,,0.0,1.0,,0.0084985835694051,IGHG
M5|C00045,3,0.3547980432681049,M5,1,,,False,P1,1.0,,,0.0,0.0,,0.0056980056980056,IGHG
M5|C00046,3,0.3547980432681049,M5,1,,,False,P1,1.0,,,0.0,1.0,,0.0094966761633428,IGHG
M5|C00047,3,0.3547980432681049,M5,1,,,False,P1,1.0,,,0.0,1.0,,0.017094017094017,IGHG
M5|C00048,3,0.3547980432681049,M5,1,,,False,P1,1.0,,,0.0,0.3333333333333333,,0.0093370681605975,IGHG
M5|C00049,3,0.3547980432681049,M5,1,,,False,P1,1.0,,,0.0,0.6666666666666666,,0.0084985835694051,IGHG
M5|C00050,3,0.3547980432681049,M5,1,,,False,P1,1.0,,,0.0,1.0,,0.0037986704653371,IGHG
M5|C00051,3,0.3547980432681049,M5,1,,,False,P1,1.0,,,0.0,0.6666666666666666,,0.0018993352326685,IGHG
M5|C00052,3,0.3547980432681049,M5,1,,,False,P1,1.0,,,0.0,0.0,,0.0,IGHD
M5|C00053,3,0.3547980432681049,M5,1,,,False,P1,1.0,,,1.0,1.0,,0.0055865921787709,IGHG
M5|C00054,3,0.3547980432681049,M5,1,,,False,P1,1.0,,,0.0,0.3333333333333333,,0.0056980056980056,IGHG
M5|C00055,3,0.3547980432681049,M5,1,,,False,P1,1.0,,,0.0,0.0,,0.0037986704653371,IGHM
M5|C00056,3,0.3547980432681049,M5,1,,,False,P1,1.0,,,0.0,0.0,,0.0047483380816714,IGHG
M5|C00057,3,0.3547980432681049,M5,1,,,False,P1,1.0,,,0.0,1.0,,0.0018993352326685,IGHG
M5|C00058,3,0.3547980432681049,M5,1,,,False,P1,1.0,,,0.0,1.0,,0.0027855153203342,IGHG
M5|C00059,2,0.2737361119126622,M5,1,,,False,P1,1.0,,,0.0,0.0,,0.017094017094017,IGHG
M5|C00060,2,0.2737361119126622,M5,1,,,False,P1,1.0,,,0.0,0.0,,0.0,IGHG
M5|C00061,2,0.2737361119126622,M5,1,,,False,P1,1.0,,,0.0,1.0,,0.0169971671388102,IGHG
M5|C00062,2,0.2737361119126622,M5,1,,,False,P1,1.0,,,0.0,0.5,,0.018413597733711,IGHM
M5|C00063,2,0.2737361119126622,M5,1,,,False,P1,1.0,,,0.5,0.0,,0.0028328611898017,IGHG
M5|C00064,2,0.2737361119126622,M5,1,,,False,P1,1.0,,,0.0,0.0,,0.0114285714285714,IGHM
M5|C00065,2,0.2737361119126622,M5,1,,,False,P1,1.0,,,1.0,0.0,,0.0,IGHM
M5|C00066,2,0.2737361119126622,M5,1,,,False,P1,1.0,,,0.0,0.5,,0.0042857142857142,
M5|C00067,2,0.2737361119126622,M5,1,,,False,P1,1.0,,,0.0,0.0,,0.0085470085470085,
M5|C00068,2,0.2737361119126622,M5,1,,,False,P1,1.0,,,0.0,1.0,,0.0042735042735042,IGHG
M5|C00069,2,0.2737361119126622,M5,1,,,False,P1,1.0,,,0.0,0.0,,0.0071225071225071,IGHG
M5|C00070,2,0.2737361119126622,M5,1,,,False,P1,1.0,,,0.0,0.0,,0.0,IGHM
M5|C00071,2,0.2737361119126622,M5,1,,,False,P1,1.0,,,0.0,1.0,,0.0085470085470085,IGHM
M5|C00072,2,0.2737361119126622,M5,1,,,False,P1,1.0,,,0.5,0.0,,0.0014245014245014,IGHM
M5|C00073,2,0.2737361119126622,M5,1,,,False,P1,1.0,,,0.0,0.5,,0.0156695156695156,IGHG
M5|C00074,2,0.2737361119126622,M5,1,,,False,P1,1.0,,,0.0,0.0,,0.0042735042735042,IGHG
M5|C00075,2,0.2737361119126622,M5,1,,,False,P1,1.0,,,0.0,0.5,,0.0185185185185185,IGHG
M5|C00076,2,0.2737361119126622,M5,1,,,False,P1,1.0,,,0.0,0.0,,0.0085470085470085,
M5|C00077,2,0.2737361119126622,M5,1,,,False,P1,1.0,,,0.0,0.0,,0.0056980056980056,IGHG
M5|C00078,2,0.2737361119126622,M5,1,,,False,P1,1.0,,,1.0,0.0,,0.0,
M5|C00079,2,0.2737361119126622,M5,1,,,False,P1,1.0,,,0.0,1.0,,0.0042735042735042,IGHM
M5|C00080,2,0.2737361119126622,M5,1,,,False,P1,1.0,,,0.0,1.0,,0.0028490028490028,IGHM
M5|C00081,2,0.2737361119126622,M5,1,,,False,P1,1.0,,,0.0,1.0,,0.0085470085470085,
M5|C00082,2,0.2737361119126622,M5,1,,,False,P1,1.0,,,0.0,0.0,,0.0,IGHM
M5|C00083,2,0.2737361119126622,M5,1,,,False,P1,1.0,,,0.0,0.5,,0.0,IGHG
M5|C00084,2,0.2737361119126622,M5,1,,,False,P1,1.0,,,0.0,1.0,,0.0028490028490028,IGHM
M5|C00085,2,0.2737361119126622,M5,1,,,False,P1,1.0,,,0.5,0.5,,0.0014245014245014,IGHG
M5|C00086,2,0.2737361119126622,M5,1,,,False,P1,1.0,,,0.0,0.0,,0.0028490028490028,IGHM
M5|C00087,2,0.2737361119126622,M5,1,,,False,P1,1.0,,,0.5,0.5,,0.0142450142450142,IGHG
M5|C00088,2,0.2737361119126622,M5,1,,,False,P1,1.0,,,0.0,1.0,,0.0042735042735042,IGHG
M5|C00089,2,0.2737361119126622,M5,1,,,False,P1,1.0,,,0.0,0.5,,0.0,IGHG
M5|C00090,2,0.2737361119126622,M5,1,,,False,P1,1.0,,,0.0,0.5,,0.0071225071225071,IGHG
M5|C00091,2,0.2737361119126622,M5,1,,,False,P1,1.0,,,0.0,0.0,,0.0,IGHG
M5|C00092,2,0.2737361119126622,M5,1,,,False,P1,1.0,,,0.0,0.0,,0.0,
M5|C00093,2,0.2737361119126622,M5,1,,,False,P1,1.0,,,0.0,1.0,,0.0113314447592068,IGHG
M5|C00094,2,0.2737361119126622,M5,1,,,False,P1,1.0,,,0.5,0.0,,0.0228571428571428,IGHG
M5|C00095,2,0.2737361119126622,M5,1,,,False,P1,1.0,,,0.0,1.0,,0.0057142857142857,
M5|C00096,2,0.2737361119126622,M5,1,,,False,P1,1.0,,,0.0,0.0,,0.0028490028490028,IGHG
M5|C00097,2,0.2737361119126622,M5,1,,,False,P1,1.0,,,0.0,0.0,,0.0042134831460674,IGHG
M5|C00098,2,0.2737361119126622,M5,1,,,False,P1,1.0,,,0.5,0.5,,0.0140449438202247,
M5|C00099,2,0.2737361119126622,M5,1,,,False,P1,1.0,,,0.0,0.5,,0.0098314606741573,IGHM
M5|C00100,2,0.2737361119126622,M5,1,,,False,P1,1.0,,,0.0,1.0,,0.0042134831460674,IGHM
M5|C00101,2,0.2737361119126622,M5,1,,,False,P1,1.0,,,0.0,0.0,,0.0056179775280898,
M5|C00102,2,0.2737361119126622,M5,1,,,False,P1,1.0,,,0.0,0.0,,0.0056657223796034,IGHG
M5|C00103,2,0.2737361119126622,M5,1,,,False,P1,1.0,,,0.0,1.0,,0.0,
M5|C00104,2,0.2737361119126622,M5,1,,,False,P1,1.0,,,0.0,1.0,,0.0056980056980056,IGHM
M5|C00105,2,0.2737361119126622,M5,1,,,False,P1,1.0,,,0.0,0.5,,0.0,IGHG
M5|C00106,2,0.2737361119126622,M5,1,,,False,P1,1.0,,,0.0,0.5,,0.0014245014245014,
M5|C00107,2,0.2737361119126622,M5,1,,,False,P1,1.0,,,0.0,0.0,,0.0,
M5|C00108,2,0.2737361119126622,M5,1,,,False,P1,1.0,,,1.0,0.0,,0.0014245014245014,IGHG
M5|C00109,2,0.2737361119126622,M5,1,,,False,P1,1.0,,,0.0,1.0,,0.0014245014245014,IGHM
M5|C00110,2,0.2737361119126622,M5,1,,,False,P1,1.0,,,0.0,0.0,,0.0,IGHM
M5|C00111,2,0.2737361119126622,M5,1,,,False,P1,1.0,,,0.0,0.0,,0.0156695156695156,IGHG
M5|C00112,2,0.2737361119126622,M5,1,,,False,P1,1.0,,,0.0,1.0,,0.0,IGHG
M5|C00113,2,0.2737361119126622,M5,1,,,False,P1,1.0,,,0.0,0.0,,0.0194986072423398,IGHG
M5|C00114,2,0.2737361119126622,M5,1,,,False,P1,1.0,,,0.0,0.5,,0.0042735042735042,IGHG
M5|C00115,2,0.2737361119126622,M5,1,,,False,P1,1.0,,,0.0,1.0,,0.0,
M5|C00116,2,0.2737361119126622,M5,1,,,False,P1,1.0,,,0.0,1.0,,0.0056980056980056,
M5|C00117,2,0.2737361119126622,M5,1,,,False,P1,1.0,,,0.0,0.0,,0.0,IGHM
M6|C00001,14,0.6963273433484984,M6,1,P1,1.0,True,P1,1.0,9.59242820739746,1.9469287395477293,,0.7142857142857143,0.6428571428571429,0.0156695156695156,IGHG
M6|C00002,13,0.6815081701027044,M6,1,P1,1.0,True,P1,1.0,8.640565872192383,-0.3649761378765106,,0.6923076923076923,0.8461538461538461,0.0276134122287968,IGHG
M6|C00003,11,0.6468361053492835,M6,1,P1,1.0,True,P1,1.0,4.827404975891113,-3.0590412616729736,,0.8181818181818182,0.7272727272727273,0.0127272727272727,IGHG
M6|C00004,11,0.6468361053492835,M6,1,P1,1.0,True,P1,1.0,8.95760440826416,2.001716375350952,,1.0,0.3636363636363636,0.0049210049210049,IGHG
M6|C00005,10,0.6263534150230329,M6,1,P1,1.0,True,P1,1.0,5.219651222229004,-0.2941983640193939,,0.8,0.4,0.0159544159544159,IGHG
M6|C00006,7,0.5463952871613902,M6,1,P1,1.0,True,P1,1.0,9.05278491973877,1.6188260316848757,,0.7142857142857143,0.8571428571428571,0.0228571428571428,IGHG
M6|C00007,5,0.4687942434317229,M6,1,,,False,P1,1.0,,,,0.6,0.2,0.0079772079772079,IGHG
M6|C00008,5,0.4687942434317229,M6,1,,,False,P1,1.0,,,,1.0,0.8,0.0153846153846153,IGHG
M6|C00009,5,0.4687942434317229,M6,1,,,False,P1,1.0,,,,1.0,1.0,0.006145251396648,IGHG
M6|C00010,4,0.417905561381464,M6,1,,,False,P1,1.0,,,,0.0,0.0,0.0,IGHG
M6|C00011,4,0.417905561381464,M6,1,,,False,P1,1.0,,,,0.5,0.75,0.0064841498559077,IGHM
M6|C00012,3,0.3547980432681049,M6,1,,,False,P1,1.0,,,,1.0,0.6666666666666666,0.0028490028490028,IGHG
M6|C00013,3,0.3547980432681049,M6,1,,,False,P1,1.0,,,,0.6666666666666666,1.0,0.0161443494776828,IGHG
M6|C00014,3,0.3547980432681049,M6,1,,,False,P1,1.0,,,,0.6666666666666666,0.6666666666666666,0.0180436847103513,IGHG
M6|C00015,3,0.3547980432681049,M6,1,,,False,P1,1.0,,,,0.6666666666666666,1.0,0.0193905817174515,IGHM
M6|C00016,3,0.3547980432681049,M6,1,,,False,P1,1.0,,,,1.0,0.6666666666666666,0.0246913580246913,IGHG
M6|C00017,3,0.3547980432681049,M6,1,,,False,P1,1.0,,,,1.0,1.0,0.0199430199430199,IGHG
M6|C00018,3,0.3547980432681049,M6,1,,,False,P1,1.0,,,,1.0,0.6666666666666666,0.0066100094428706,IGHG
M6|C00019,3,0.3547980432681049,M6,1,,,False,P1,1.0,,,,1.0,1.0,0.0085470085470085,IGHG
M6|C00020,2,0.2737361119126622,M6,1,,,False,P1,1.0,,,,0.0,1.0,0.0,IGHM
M6|C00021,2,0.2737361119126622,M6,1,,,False,P1,1.0,,,,0.0,0.0,0.0057142857142857,IGHG
M6|C00022,2,0.2737361119126622,M6,1,,,False,P1,1.0,,,,0.5,0.5,0.0223463687150837,IGHG
M6|C00023,2,0.2737361119126622,M6,1,,,False,P1,1.0,,,,0.0,0.0,0.0,IGHG
M6|C00024,2,0.2737361119126622,M6,1,,,False,P1,1.0,,,,0.0,0.5,0.0057142857142857,IGHG
M6|C00025,2,0.2737361119126622,M6,1,,,False,P1,1.0,,,,1.0,1.0,0.0185714285714285,IGHG
M6|C00026,2,0.2737361119126622,M6,1,,,False,P1,1.0,,,,0.5,0.5,0.0142450142450142,IGHG
M6|C00027,2,0.2737361119126622,M6,1,,,False,P1,1.0,,,,0.5,1.0,0.017094017094017,IGHG
M6|C00028,2,0.2737361119126622,M6,1,,,False,P1,1.0,,,,1.0,1.0,0.0113960113960113,IGHG
M6|C00029,2,0.2737361119126622,M6,1,,,False,P1,1.0,,,,0.0,0.5,0.0028490028490028,IGHG
M6|C00030,2,0.2737361119126622,M6,1,,,False,P1,1.0,,,,1.0,1.0,0.0156695156695156,IGHG
M6|C00031,2,0.2737361119126622,M6,1,,,False,P1,1.0,,,,1.0,1.0,0.0156695156695156,IGHG
M6|C00032,2,0.2737361119126622,M6,1,,,False,P1,1.0,,,,0.5,0.0,0.027065527065527,IGHG
M6|C00033,2,0.2737361119126622,M6,1,,,False,P1,1.0,,,,0.5,0.0,0.0099715099715099,IGHG
M6|C00034,2,0.2737361119126622,M6,1,,,False,P1,1.0,,,,0.5,0.0,0.0172910662824207,IGHG
M6|C00035,2,0.2737361119126622,M6,1,,,False,P1,1.0,,,,0.5,1.0,0.0142450142450142,IGHG
M6|C00036,2,0.2737361119126622,M6,1,,,False,P1,1.0,,,,0.0,0.0,0.0142450142450142,IGHG
M6|C00037,2,0.2737361119126622,M6,1,,,False,P1,1.0,,,,1.0,1.0,0.0085470085470085,IGHG
M6|C00038,2,0.2737361119126622,M6,1,,,False,P1,1.0,,,,0.5,1.0,0.0227920227920227,IGHG
M6|C00039,2,0.2737361119126622,M6,1,,,False,P1,1.0,,,,0.5,1.0,0.0198300283286118,IGHG
M6|C00040,2,0.2737361119126622,M6,1,,,False,P1,1.0,,,,1.0,1.0,0.0181058495821727,IGHG
M6|C00041,2,0.2737361119126622,M6,1,,,False,P1,1.0,,,,0.0,1.0,0.0,
M6|C00042,2,0.2737361119126622,M6,1,,,False,P1,1.0,,,,1.0,0.5,0.0098870056497175,IGHG
M7|C00001,26,0.8040874937273014,M7,1,P1,1.0,True,P1,1.0,9.406808853149414,1.990441918373108,,0.8461538461538461,0.5384615384615384,0.0167652859960552,IGHG
M7|C00002,18,0.7436824642153219,M7,1,P1,1.0,True,P1,1.0,8.219292640686035,-3.5487310886383057,,0.8333333333333334,0.7777777777777778,0.0136119025007913,IGHG
M7|C00003,17,0.7333253218415284,M7,1,P1,1.0,True,P1,1.0,8.779459953308105,-1.8928041458129885,,0.7647058823529411,0.5882352941176471,0.012233953410424,IGHG
M7|C00004,16,0.7220686032892372,M7,1,P1,1.0,True,P1,1.0,8.877421379089355,-1.1828818321228027,,0.6875,0.625,0.0081908831908831,IGHG
M7|C00005,15,0.7097863587924325,M7,1,P1,1.0,True,P1,1.0,9.533576011657717,0.7333829998970032,,1.0,0.8666666666666667,0.0028490028490028,IGHG
M7|C00006,15,0.7097863587924325,M7,1,P1,1.0,True,P1,1.0,10.277823448181152,1.5810548067092896,,0.9333333333333332,0.2666666666666666,0.0043684710351377,IGHG
M7|C00007,13,0.6815081701027044,M7,1,P1,1.0,True,P1,1.0,4.153146743774414,-2.562238931655884,,0.9230769230769232,0.4615384615384615,0.0135875520490905,IGHG
M7|C00008,11,0.6468361053492835,M7,1,P1,1.0,True,P1,1.0,8.770435333251953,-1.8306087255477903,,0.6363636363636364,0.7272727272727273,0.0104405398523045,IGHM
M7|C00009,11,0.6468361053492835,M7,1,P1,1.0,True,P1,1.0,9.500357627868652,2.3046348094940186,,0.9090909090909092,0.5454545454545454,0.016058016058016,IGHG
M7|C00010,9,0.6032074132986223,M7,1,P1,1.0,True,P1,1.0,8.645845413208008,-1.3158775568008425,,0.8888888888888888,0.7777777777777778,0.0063311174422285,IGHG
M7|C00011,7,0.5463952871613902,M7,1,P1,1.0,True,P1,1.0,5.892845630645752,-0.8288291692733765,,0.8571428571428571,0.1428571428571428,0.0158730158730158,IGHG
M7|C00012,7,0.5463952871613902,M7,1,P1,1.0,True,P1,1.0,7.221693515777588,-0.6645553112030029,,0.5714285714285714,0.5714285714285714,0.0093610093610093,IGHM
M7|C00013,7,0.5463952871613902,M7,1,P1,1.0,True,P1,1.0,9.496136665344238,-2.2753286361694336,,0.7142857142857143,0.4285714285714285,0.0203500203500203,IGHG
M7|C00014,7,0.5463952871613902,M7,1,P1,1.0,True,P1,1.0,8.316816329956055,-3.754469156265259,,0.8571428571428571,0.8571428571428571,0.017094017094017,IGHG
M7|C00015,6,0.5108887774961344,M7,1,P1,1.0,True,P1,1.0,7.314496040344238,1.3659011125564575,,1.0,0.5,0.008095238095238,IGHG
M7|C00016,6,0.5108887774961344,M7,1,P1,1.0,True,P1,1.0,8.707053184509277,-1.8601247072219849,,0.8333333333333334,0.3333333333333333,0.0128205128205128,IGHG
M7|C00017,6,0.5108887774961344,M7,1,P1,1.0,True,P1,1.0,8.252044677734375,-1.51654052734375,,0.6666666666666666,0.8333333333333334,0.0142450142450142,IGHG
M7|C00018,5,0.4687942434317229,M7,1,,,False,P1,1.0,,,,0.8,0.8,0.0193732193732193,IGHG
M7|C00019,5,0.4687942434317229,M7,1,,,False,P1,1.0,,,,0.0,0.0,0.0055401662049861,IGHG
M7|C00020,5,0.4687942434317229,M7,1,,,False,P1,1.0,,,,0.6,0.6,0.021082621082621,IGHM
M7|C00021,5,0.4687942434317229,M7,1,,,False,P1,1.0,,,,0.8,1.0,0.0176638176638176,IGHG
M7|C00022,4,0.417905561381464,M7,1,,,False,P1,1.0,,,,1.0,0.75,0.0085470085470085,IGHG
M7|C00023,4,0.417905561381464,M7,1,,,False,P1,1.0,,,,1.0,0.75,0.0090782122905027,IGHG
M7|C00024,4,0.417905561381464,M7,1,,,False,P1,1.0,,,,1.0,0.75,0.0313390313390313,IGHG
M7|C00025,4,0.417905561381464,M7,1,,,False,P1,1.0,,,,0.75,0.75,0.0181058495821727,IGHG
M7|C00026,3,0.3547980432681049,M7,1,,,False,P1,1.0,,,,1.0,0.6666666666666666,0.0056980056980056,IGHG
M7|C00027,3,0.3547980432681049,M7,1,,,False,P1,1.0,,,,0.3333333333333333,0.6666666666666666,0.0104463437796771,IGHG
M7|C00028,3,0.3547980432681049,M7,1,,,False,P1,1.0,,,,0.6666666666666666,0.6666666666666666,0.0142450142450142,IGHG
M7|C00029,3,0.3547980432681049,M7,1,,,False,P1,1.0,,,,0.6666666666666666,0.3333333333333333,0.0066476733143399,IGHG
M7|C00030,3,0.3547980432681049,M7,1,,,False,P1,1.0,,,,0.3333333333333333,0.6666666666666666,0.0094966761633428,
M7|C00031,3,0.3547980432681049,M7,1,,,False,P1,1.0,,,,1.0,0.3333333333333333,0.0066476733143399,IGHG
M7|C00032,3,0.3547980432681049,M7,1,,,False,P1,1.0,,,,1.0,1.0,0.0123456790123456,IGHG
M7|C00033,3,0.3547980432681049,M7,1,,,False,P1,1.0,,,,0.0,0.0,0.0104463437796771,IGHG
M7|C00034,3,0.3547980432681049,M7,1,,,False,P1,1.0,,,,0.6666666666666666,1.0,0.0056980056980056,IGHG
M7|C00035,3,0.3547980432681049,M7,1,,,False,P1,1.0,,,,0.3333333333333333,0.3333333333333333,0.0028490028490028,IGHG
M7|C00036,3,0.3547980432681049,M7,1,,,False,P1,1.0,,,,0.0,0.6666666666666666,0.0123456790123456,IGHG
M7|C00037,3,0.3547980432681049,M7,1,,,False,P1,1.0,,,,0.3333333333333333,0.3333333333333333,0.0055865921787709,IGHG
M7|C00038,2,0.2737361119126622,M7,1,,,False,P1,1.0,,,,0.5,1.0,0.0142450142450142,IGHG
M7|C00039,2,0.2737361119126622,M7,1,,,False,P1,1.0,,,,1.0,0.5,0.0142450142450142,IGHG
M7|C00040,2,0.2737361119126622,M7,1,,,False,P1,1.0,,,,0.5,1.0,0.0056980056980056,IGHG
M7|C00041,2,0.2737361119126622,M7,1,,,False,P1,1.0,,,,0.5,1.0,0.0195530726256983,IGHG
M7|C00042,2,0.2737361119126622,M7,1,,,False,P1,1.0,,,,0.0,0.0,0.0,IGHG
M7|C00043,2,0.2737361119126622,M7,1,,,False,P1,1.0,,,,0.0,0.0,0.0,
M7|C00044,2,0.2737361119126622,M7,1,,,False,P1,1.0,,,,0.5,1.0,0.0156695156695156,IGHG
M7|C00045,2,0.2737361119126622,M7,1,,,False,P1,1.0,,,,0.0,1.0,0.0,
M7|C00046,2,0.2737361119126622,M7,1,,,False,P1,1.0,,,,0.5,0.5,0.0128205128205128,IGHG
M7|C00047,2,0.2737361119126622,M7,1,,,False,P1,1.0,,,,0.0,0.0,0.0056980056980056,IGHM
M7|C00048,2,0.2737361119126622,M7,1,,,False,P1,1.0,,,,0.0,0.0,0.0,
M7|C00049,2,0.2737361119126622,M7,1,,,False,P1,1.0,,,,0.5,1.0,0.0085470085470085,IGHG
M7|C00050,2,0.2737361119126622,M7,1,,,False,P1,1.0,,,,1.0,0.5,0.0042735042735042,IGHG
M7|C00051,2,0.2737361119126622,M7,1,,,False,P1,1.0,,,,0.5,0.5,0.314207650273224,IGHG
M7|C00052,2,0.2737361119126622,M7,1,,,False,P1,1.0,,,,0.0,1.0,0.0113314447592068,IGHM
M7|C00053,2,0.2737361119126622,M7,1,,,False,P1,1.0,,,,0.0,1.0,0.0142857142857142,IGHG
M7|C00054,2,0.2737361119126622,M7,1,,,False,P1,1.0,,,,0.5,0.0,0.0085470085470085,IGHG
M7|C00055,2,0.2737361119126622,M7,1,,,False,P1,1.0,,,,0.0,0.5,0.0071225071225071,IGHM
M7|C00056,2,0.2737361119126622,M7,1,,,False,P1,1.0,,,,0.5,1.0,0.0199430199430199,IGHG
M7|C00057,2,0.2737361119126622,M7,1,,,False,P1,1.0,,,,0.5,0.0,0.0014245014245014,IGHG
M7|C00058,2,0.2737361119126622,M7,1,,,False,P1,1.0,,,,0.0,0.0,0.0056657223796034,
M7|C00059,2,0.2737361119126622,M7,1,,,False,P1,1.0,,,,0.5,0.5,0.0028328611898017,IGHG
M7|C00060,2,0.2737361119126622,M7,1,,,False,P1,1.0,,,,0.0,1.0,0.0,
M7|C00061,2,0.2737361119126622,M7,1,,,False,P1,1.0,,,,0.5,0.5,0.0,IGHM
M7|C00062,2,0.2737361119126622,M7,1,,,False,P1,1.0,,,,0.0,1.0,0.0,IGHM
M7|C00063,2,0.2737361119126622,M7,1,,,False,P1,1.0,,,,1.0,0.5,0.0113960113960113,IGHG
M8|C00001,13,0.6815081701027044,M8,1,P1,1.0,True,P1,1.0,6.281321048736572,0.6737220287322998,,0.0,0.0,0.0,IGHG
M8|C00002,13,0.6815081701027044,M8,1,P1,1.0,True,P1,1.0,7.514371395111084,-1.7480629682540894,,0.8461538461538461,0.5384615384615384,0.0137133061924148,IGHG
M8|C00003,12,0.6651040583780095,M8,1,P1,1.0,True,P1,1.0,9.36777687072754,-1.8493220806121824,,0.9166666666666666,0.3333333333333333,0.0140075973409306,IGHG
M8|C00004,11,0.6468361053492835,M8,1,P1,1.0,True,P1,1.0,8.227620124816895,-3.165806531906128,,0.9090909090909092,0.8181818181818182,0.016058016058016,IGHG
M8|C00005,10,0.6263534150230329,M8,1,P1,1.0,True,P1,1.0,8.414227485656738,0.1657112538814544,,1.0,0.6,0.0102857142857142,IGHG
M8|C00006,9,0.6032074132986223,M8,1,P1,1.0,True,P1,1.0,4.340387344360352,-2.374293327331543,,0.4444444444444444,0.5555555555555556,0.023741690408357,IGHG
M8|C00007,9,0.6032074132986223,M8,1,P1,1.0,True,P1,1.0,3.9777889251708975,-2.805347204208374,,1.0,0.7777777777777778,0.0129787907565685,IGHG
M8|C00008,8,0.5768139160466386,M8,1,P1,1.0,True,P1,1.0,8.338664054870605,-1.6257617473602295,,0.625,0.5,0.0071225071225071,IGHG
M8|C00009,8,0.5768139160466386,M8,1,P1,1.0,True,P1,1.0,8.647354125976562,-0.7990728616714478,,0.625,0.375,0.0099150141643059,IGHG
M8|C00010,7,0.5463952871613902,M8,1,P1,1.0,True,P1,1.0,8.387861251831055,-1.9413474798202517,,0.4285714285714285,0.4285714285714285,0.006938775510204,IGHG
M8|C00011,7,0.5463952871613902,M8,1,P1,1.0,True,P1,1.0,4.1666998863220215,-0.581242561340332,,0.0,0.0,0.0028490028490028,IGHM
M8|C00012,6,0.5108887774961344,M8,1,P1,1.0,True,P1,1.0,5.307386875152588,-0.1631726324558258,,0.8333333333333334,0.3333333333333333,0.0260707635009311,IGHG
M8|C00013,6,0.5108887774961344,M8,1,P1,1.0,True,P1,1.0,9.16800308227539,1.890320897102356,,0.8333333333333334,0.3333333333333333,0.0094966761633428,IGHG
M8|C00014,6,0.5108887774961344,M8,1,P1,1.0,True,P1,1.0,9.294659614562988,-2.068811655044556,,0.5,0.3333333333333333,0.0078922934076137,IGHG
M8|C00015,5,0.4687942434317229,M8,1,,,False,P1,1.0,,,,1.0,0.8,0.0239316239316239,IGHG
M8|C00016,5,0.4687942434317229,M8,1,,,False,P1,1.0,,,,0.4,0.8,0.0102564102564102,IGHG
M8|C00017,5,0.4687942434317229,M8,1,,,False,P1,1.0,,,,0.0,1.0,0.0084985835694051,IGHG
M8|C00018,5,0.4687942434317229,M8,1,,,False,P1,1.0,,,,1.0,0.0,0.0079772079772079,IGHG
M8|C00019,5,0.4687942434317229,M8,1,,,False,P1,1.0,,,,0.8,0.2,0.003399433427762,IGHG
M8|C00020,4,0.417905561381464,M8,1,,,False,P1,1.0,,,,1.0,0.75,0.0135714285714285,IGHG
M8|C00021,4,0.417905561381464,M8,1,,,False,P1,1.0,,,,1.0,0.75,0.0099715099715099,IGHG
M8|C00022,4,0.417905561381464,M8,1,,,False,P1,1.0,,,,0.75,0.5,0.0163817663817663,IGHG
M8|C00023,3,0.3547980432681049,M8,1,,,False,P1,1.0,,,,1.0,0.6666666666666666,0.0085470085470085,IGHG
M8|C00024,3,0.3547980432681049,M8,1,,,False,P1,1.0,,,,1.0,0.0,0.0123809523809523,IGHG
M8|C00025,3,0.3547980432681049,M8,1,,,False,P1,1.0,,,,0.6666666666666666,0.3333333333333333,0.0085470085470085,IGHG
M8|C00026,3,0.3547980432681049,M8,1,,,False,P1,1.0,,,,0.6666666666666666,0.6666666666666666,0.0113960113960113,IGHG
M8|C00027,3,0.3547980432681049,M8,1,,,False,P1,1.0,,,,0.0,0.3333333333333333,0.0180436847103513,IGHG
M8|C00028,3,0.3547980432681049,M8,1,,,False,P1,1.0,,,,1.0,1.0,0.0161443494776828,IGHG
M8|C00029,3,0.3547980432681049,M8,1,,,False,P1,1.0,,,,0.3333333333333333,0.6666666666666666,0.010566762728146,IGHG
M8|C00030,3,0.3547980432681049,M8,1,,,False,P1,1.0,,,,1.0,0.0,0.0056980056980056,IGHG
M8|C00031,2,0.2737361119126622,M8,1,,,False,P1,1.0,,,,0.5,0.5,0.0113960113960113,IGHG
M8|C00032,2,0.2737361119126622,M8,1,,,False,P1,1.0,,,,1.0,1.0,0.0028571428571428,IGHG
M8|C00033,2,0.2737361119126622,M8,1,,,False,P1,1.0,,,,1.0,0.0,0.0071225071225071,IGHG
M8|C00034,2,0.2737361119126622,M8,1,,,False,P1,1.0,,,,0.5,0.5,0.0085470085470085,IGHG
M8|C00035,2,0.2737361119126622,M8,1,,,False,P1,1.0,,,,1.0,0.0,0.0227920227920227,IGHG
M8|C00036,2,0.2737361119126622,M8,1,,,False,P1,1.0,,,,1.0,0.0,0.0156695156695156,IGHG
M8|C00037,2,0.2737361119126622,M8,1,,,False,P1,1.0,,,,0.5,0.0,0.0099715099715099,
M8|C00038,2,0.2737361119126622,M8,1,,,False,P1,1.0,,,,1.0,0.5,0.0128205128205128,IGHG
M8|C00039,2,0.2737361119126622,M8,1,,,False,P1,1.0,,,,1.0,1.0,0.0056980056980056,IGHG
M8|C00040,2,0.2737361119126622,M8,1,,,False,P1,1.0,,,,1.0,0.5,0.0042492917847025,IGHG
M8|C00041,2,0.2737361119126622,M8,1,,,False,P1,1.0,,,,1.0,1.0,0.01,IGHG
M8|C00042,2,0.2737361119126622,M8,1,,,False,P1,1.0,,,,1.0,1.0,0.0142450142450142,IGHG
M8|C00043,2,0.2737361119126622,M8,1,,,False,P1,1.0,,,,1.0,0.5,0.0042735042735042,IGHG
M8|C00044,2,0.2737361119126622,M8,1,,,False,P1,1.0,,,,1.0,0.0,0.0,IGHG
M8|C00045,2,0.2737361119126622,M8,1,,,False,P1,1.0,,,,1.0,0.5,0.0085470085470085,IGHG
M8|C00046,2,0.2737361119126622,M8,1,,,False,P1,1.0,,,,0.5,0.5,0.0042372881355932,IGHG
M8|C00047,2,0.2737361119126622,M8,1,,,False,P1,1.0,,,,0.0,1.0,0.0,IGHM
M9|C00001,82,0.92526717584982,M9,1,P1,1.0,True,P1,1.0,9.48454475402832,1.8704034090042116,,0.951219512195122,0.6341463414634146,0.0149398929886734,IGHG
M9|C00002,62,0.9041882866046452,M9,1,P1,1.0,True,P1,1.0,8.421258926391602,1.5550830364227295,,0.8225806451612904,0.6451612903225806,0.0082488479262672,IGHG
M9|C00003,41,0.8636768247362014,M9,1,P1,1.0,True,P1,1.0,4.198974132537842,-1.052950382232666,,0.5853658536585366,0.3414634146341463,0.009867278159961,IGHG
M9|C00004,30,0.8246082898355213,M9,1,P1,1.0,True,P1,1.0,7.070281505584717,-0.1409288197755813,,0.8,0.4666666666666667,0.0102059925093632,IGHM
M9|C00005,22,0.7780055287295471,M9,1,P1,1.0,True,P1,1.0,8.813611030578613,-2.0205795764923096,,0.9545454545454546,0.4545454545454545,0.0225330225330225,IGHG
M9|C00006,21,0.7703363825869146,M9,1,P1,1.0,True,P1,1.0,9.605345726013184,1.817726850509644,,0.8095238095238095,0.3809523809523809,0.0059693393026726,IGHG
M9|C00007,17,0.7333253218415284,M9,1,P1,1.0,True,P1,1.0,6.982192516326904,-0.023702735081315,,1.0,0.4117647058823529,0.0065359477124183,IGHM
M9|C00008,16,0.7220686032892372,M9,1,P1,1.0,True,P1,1.0,7.912797451019287,-0.4663601815700531,,1.0,0.25,0.0058760683760683,IGHG
M9|C00009,14,0.6963273433484984,M9,1,P1,1.0,True,P1,1.0,6.081980228424072,-1.134430766105652,,0.8571428571428571,0.2142857142857142,0.012006512006512,IGHG
M9|C00010,14,0.6963273433484984,M9,1,P1,1.0,True,P1,1.0,7.898195266723633,0.1024640724062919,,0.9285714285714286,0.1428571428571428,0.0189255189255189,IGHG
M9|C00011,13,0.6815081701027044,M9,1,P1,1.0,True,P1,1.0,7.297987937927246,0.2283411175012588,,0.9230769230769232,0.5384615384615384,0.0216962524654832,IGHG
M9|C00012,12,0.6651040583780095,M9,1,P1,1.0,True,P1,1.0,7.588461875915527,-0.026834137737751,,1.0,0.4166666666666667,0.0078347578347578,IGHG
M9|C00013,11,0.6468361053492835,M9,1,P1,1.0,True,P1,1.0,7.103857517242432,-0.9745314717292786,,0.9090909090909092,0.6363636363636364,0.0190574298223023,IGHG
M9|C00014,11,0.6468361053492835,M9,1,P1,1.0,True,P1,1.0,7.8954033851623535,1.9015769958496092,,0.9090909090909092,0.5454545454545454,0.0086124401913875,IGHG
M9|C00015,9,0.6032074132986223,M9,1,P1,1.0,True,P1,1.0,9.69638442993164,-2.011620044708252,,1.0,0.7777777777777778,0.0091801202912314,IGHG
M9|C00016,9,0.6032074132986223,M9,1,P1,1.0,True,P1,1.0,8.159452438354492,-1.2795759439468384,,0.8888888888888888,0.4444444444444444,0.0058969584109248,IGHG
M9|C00017,8,0.5768139160466386,M9,1,P1,1.0,True,P1,1.0,9.648848533630373,-1.888360977172852,,1.0,1.0,0.0726214574898785,IGHG
M9|C00018,8,0.5768139160466386,M9,1,P1,1.0,True,P1,1.0,9.66891860961914,-1.860218524932861,,0.5,0.75,0.0135327635327635,IGHG
M9|C00019,7,0.5463952871613902,M9,1,P1,1.0,True,P1,1.0,8.801342010498047,-2.1235313415527344,,0.7142857142857143,0.0,0.0215710215710215,IGHG
M9|C00020,7,0.5463952871613902,M9,1,P1,1.0,True,P1,1.0,4.638163566589356,-1.3797591924667358,,0.5714285714285714,0.5714285714285714,0.0095770151636073,IGHG
M9|C00021,6,0.5108887774961344,M9,1,P1,1.0,True,P1,1.0,8.512309074401855,-1.5392632484436035,,1.0,0.5,0.0118708452041785,IGHG
M9|C00022,6,0.5108887774961344,M9,1,P1,1.0,True,P1,1.0,6.24430513381958,-0.9479717016220092,,0.6666666666666666,0.5,0.0128205128205128,IGHG
M9|C00023,6,0.5108887774961344,M9,1,P1,1.0,True,P1,1.0,7.716369152069092,-1.9893733263015747,,0.6666666666666666,0.5,0.0109211775878442,IGHG
M9|C00024,6,0.5108887774961344,M9,1,P1,1.0,True,P1,1.0,8.530403137207031,-1.295188546180725,,0.6666666666666666,0.5,0.0161443494776828,IGHG
M9|C00025,6,0.5108887774961344,M9,1,P1,1.0,True,P1,1.0,5.704291343688965,-1.708825707435608,,0.8333333333333334,0.3333333333333333,0.0132953466286799,IGHG
M9|C00026,6,0.5108887774961344,M9,1,P1,1.0,True,P1,1.0,7.436328887939453,0.9820830821990968,,1.0,0.3333333333333333,0.0123456790123456,IGHG
M9|C00027,6,0.5108887774961344,M9,1,P1,1.0,True,P1,1.0,8.032450675964355,-1.6844433546066284,,0.8333333333333334,0.1666666666666666,0.0147198480531813,IGHG
M9|C00028,5,0.4687942434317229,M9,1,,,False,P1,1.0,,,,0.8,0.8,0.0188034188034188,IGHG
M9|C00029,5,0.4687942434317229,M9,1,,,False,P1,1.0,,,,1.0,0.2,0.0022792022792022,
M9|C00030,5,0.4687942434317229,M9,1,,,False,P1,1.0,,,,1.0,0.8,0.0034188034188034,IGHG
M9|C00031,5,0.4687942434317229,M9,1,,,False,P1,1.0,,,,1.0,0.4,0.0216524216524216,IGHG
M9|C00032,5,0.4687942434317229,M9,1,,,False,P1,1.0,,,,0.6,0.4,0.0125356125356125,IGHG
M9|C00033,5,0.4687942434317229,M9,1,,,False,P1,1.0,,,,1.0,0.2,0.0074074074074074,IGHG
M9|C00034,5,0.4687942434317229,M9,1,,,False,P1,1.0,,,,0.2,0.2,0.0062678062678062,IGHG
M9|C00035,5,0.4687942434317229,M9,1,,,False,P1,1.0,,,,0.6,0.0,0.0056657223796034,IGHG
M9|C00036,4,0.417905561381464,M9,1,,,False,P1,1.0,,,,0.5,0.25,0.0085470085470085,IGHG
M9|C00037,4,0.417905561381464,M9,1,,,False,P1,1.0,,,,1.0,0.25,0.0206552706552706,IGHG
M9|C00038,4,0.417905561381464,M9,1,,,False,P1,1.0,,,,1.0,0.75,0.0028328611898017,IGHG
M9|C00039,4,0.417905561381464,M9,1,,,False,P1,1.0,,,,0.75,0.5,0.0113960113960113,IGHG
M9|C00040,4,0.417905561381464,M9,1,,,False,P1,1.0,,,,0.75,0.75,0.0163817663817663,IGHG
M9|C00041,4,0.417905561381464,M9,1,,,False,P1,1.0,,,,1.0,0.5,0.0199430199430199,IGHG
M9|C00042,4,0.417905561381464,M9,1,,,False,P1,1.0,,,,0.75,0.25,0.0106837606837606,IGHG
M9|C00043,3,0.3547980432681049,M9,1,,,False,P1,1.0,,,,0.6666666666666666,1.0,0.0104463437796771,IGHG
M9|C00044,3,0.3547980432681049,M9,1,,,False,P1,1.0,,,,0.6666666666666666,0.6666666666666666,0.0094966761633428,IGHG
M9|C00045,3,0.3547980432681049,M9,1,,,False,P1,1.0,,,,1.0,0.6666666666666666,0.0114285714285714,IGHG
M9|C00046,3,0.3547980432681049,M9,1,,,False,P1,1.0,,,,0.6666666666666666,0.3333333333333333,0.0260707635009311,IGHG
M9|C00047,3,0.3547980432681049,M9,1,,,False,P1,1.0,,,,1.0,0.6666666666666666,0.019047619047619,IGHG
M9|C00048,3,0.3547980432681049,M9,1,,,False,P1,1.0,,,,1.0,0.3333333333333333,0.0189933523266856,IGHG
M9|C00049,3,0.3547980432681049,M9,1,,,False,P1,1.0,,,,1.0,0.6666666666666666,0.0047483380816714,IGHG
M9|C00050,3,0.3547980432681049,M9,1,,,False,P1,1.0,,,,0.6666666666666666,0.3333333333333333,0.0189933523266856,IGHG
M9|C00051,3,0.3547980432681049,M9,1,,,False,P1,1.0,,,,1.0,0.3333333333333333,0.0085470085470085,IGHG
M9|C00052,3,0.3547980432681049,M9,1,,,False,P1,1.0,,,,1.0,0.0,0.0132953466286799,IGHG
M9|C00053,3,0.3547980432681049,M9,1,,,False,P1,1.0,,,,1.0,0.3333333333333333,0.0104463437796771,IGHG
M9|C00054,3,0.3547980432681049,M9,1,,,False,P1,1.0,,,,1.0,0.0,0.0064279155188246,IGHM
M9|C00055,2,0.2737361119126622,M9,1,,,False,P1,1.0,,,,1.0,1.0,0.0142450142450142,IGHG
M9|C00056,2,0.2737361119126622,M9,1,,,False,P1,1.0,,,,0.0,0.0,0.0056980056980056,IGHG
M9|C00057,2,0.2737361119126622,M9,1,,,False,P1,1.0,,,,0.5,0.5,0.0085470085470085,IGHG
M9|C00058,2,0.2737361119126622,M9,1,,,False,P1,1.0,,,,0.5,0.0,0.0070821529745042,
M9|C00059,2,0.2737361119126622,M9,1,,,False,P1,1.0,,,,0.5,0.0,0.0185714285714285,IGHG
M9|C00060,2,0.2737361119126622,M9,1,,,False,P1,1.0,,,,1.0,0.5,0.0085714285714285,IGHG
M9|C00061,2,0.2737361119126622,M9,1,,,False,P1,1.0,,,,1.0,0.0,0.0057142857142857,
M9|C00062,2,0.2737361119126622,M9,1,,,False,P1,1.0,,,,1.0,0.5,0.0125698324022346,IGHG
M9|C00063,2,0.2737361119126622,M9,1,,,False,P1,1.0,,,,0.5,0.0,0.0014285714285714,IGHG
M9|C00064,2,0.2737361119126622,M9,1,,,False,P1,1.0,,,,0.5,0.0,0.0085714285714285,IGHG
M9|C00065,2,0.2737361119126622,M9,1,,,False,P1,1.0,,,,0.5,1.0,0.0071225071225071,IGHG
M9|C00066,2,0.2737361119126622,M9,1,,,False,P1,1.0,,,,1.0,0.5,0.0242165242165242,IGHG
M9|C00067,2,0.2737361119126622,M9,1,,,False,P1,1.0,,,,0.5,0.0,0.0185185185185185,IGHG
M9|C00068,2,0.2737361119126622,M9,1,,,False,P1,1.0,,,,0.0,0.5,0.0327635327635327,IGHG
M9|C00069,2,0.2737361119126622,M9,1,,,False,P1,1.0,,,,0.5,0.5,0.0242165242165242,IGHG
M9|C00070,2,0.2737361119126622,M9,1,,,False,P1,1.0,,,,1.0,1.0,0.0113960113960113,IGHG
M9|C00071,2,0.2737361119126622,M9,1,,,False,P1,1.0,,,,1.0,0.0,0.0128205128205128,IGHG
M9|C00072,2,0.2737361119126622,M9,1,,,False,P1,1.0,,,,1.0,1.0,0.0113960113960113,IGHG
M9|C00073,2,0.2737361119126622,M9,1,,,False,P1,1.0,,,,0.5,1.0,0.0085470085470085,IGHG
M9|C00074,2,0.2737361119126622,M9,1,,,False,P1,1.0,,,,0.0,0.5,0.0142450142450142,IGHG
M9|C00075,2,0.2737361119126622,M9,1,,,False,P1,1.0,,,,1.0,1.0,0.0085470085470085,IGHG
M9|C00076,2,0.2737361119126622,M9,1,,,False,P1,1.0,,,,1.0,1.0,0.0071225071225071,IGHG
M9|C00077,2,0.2737361119126622,M9,1,,,False,P1,1.0,,,,1.0,1.0,0.0084985835694051,IGHG
M9|C00078,2,0.2737361119126622,M9,1,,,False,P1,1.0,,,,0.0,0.0,0.0,IGHM
M9|C00079,2,0.2737361119126622,M9,1,,,False,P1,1.0,,,,1.0,0.5,0.0084985835694051,IGHG
M9|C00080,2,0.2737361119126622,M9,1,,,False,P1,1.0,,,,1.0,0.5,0.0125698324022346,IGHG
M9|C00081,2,0.2737361119126622,M9,1,,,False,P1,1.0,,,,1.0,1.0,0.0128205128205128,IGHG
M9|C00082,2,0.2737361119126622,M9,1,,,False,P1,1.0,,,,0.0,1.0,0.0128205128205128,IGHG
M9|C00083,2,0.2737361119126622,M9,1,,,False,P1,1.0,,,,1.0,0.0,0.0085470085470085,IGHG
M9|C00084,2,0.2737361119126622,M9,1,,,False,P1,1.0,,,,0.0,1.0,0.0,IGHD
M9|C00085,2,0.2737361119126622,M9,1,,,False,P1,1.0,,,,0.5,0.5,0.0213675213675213,IGHG
M9|C00086,2,0.2737361119126622,M9,1,,,False,P1,1.0,,,,0.5,1.0,0.0099715099715099,IGHG
M9|C00087,2,0.2737361119126622,M9,1,,,False,P1,1.0,,,,1.0,1.0,0.0165289256198347,IGHG
M9|C00088,2,0.2737361119126622,M9,1,,,False,P1,1.0,,,,1.0,0.5,0.0056980056980056,IGHG
M9|C00089,2,0.2737361119126622,M9,1,,,False,P1,1.0,,,,0.0,1.0,0.0084745762711864,
M9|C00090,2,0.2737361119126622,M9,1,,,False,P1,1.0,,,,1.0,0.0,0.01,IGHG
