clone,n_cells,replacement,silent,observed_fraction,expected_fraction,selection
M10|C00002,35,115,25,0.8214285714285714,0.7877500000000001,0.033678571428571336
M10|C00003,32,80,39,0.6722689075630253,0.7796249999999999,-0.10735609243697464
M10|C00004,25,61,21,0.7439024390243902,0.7988749999999999,-0.05497256097560965
M10|C00005,17,99,13,0.8839285714285714,0.7675,0.11642857142857144
M10|C00006,16,55,3,0.9482758620689655,0.757375,0.1909008620689655
M10|C00007,16,19,3,0.8636363636363636,0.7513636363636365,0.11227272727272719
M10|C00008,15,83,33,0.7155172413793104,0.7675,-0.05198275862068957
M10|C00009,14,57,9,0.8636363636363636,0.768125,0.0955113636363637
M10|C00010,14,40,13,0.7547169811320755,0.762625,-0.007908018867924471
M10|C00011,12,29,10,0.7435897435897436,0.7814102564102563,-0.037820512820512686
M10|C00012,11,44,23,0.6567164179104478,0.757375,-0.10065858208955225
M10|C00013,10,23,8,0.7419354838709677,0.7516129032258064,-0.009677419354838679
M10|C00014,10,23,3,0.8846153846153846,0.7763461538461539,0.10826923076923067
M10|C00015,9,20,3,0.8695652173913043,0.7693478260869564,0.10021739130434792
M10|C00016,8,2,2,0.5,0.7825,-0.2825
M10|C00017,7,38,10,0.7916666666666666,0.7725,0.019166666666666665
M10|C00018,7,34,7,0.8292682926829268,0.7766249999999999,0.05264329268292689
M10|C00019,7,29,4,0.8787878787878788,0.7781818181818181,0.1006060606060607
M10|C00020,6,11,5,0.6875,0.7809375,-0.09343749999999995
M10|C00021,6,10,1,0.9090909090909091,0.7827272727272728,0.12636363636363623
M10|C00022,6,13,6,0.6842105263157895,0.7963157894736841,-0.1121052631578946
M10|C00023,6,5,0,1.0,0.762,0.238
M10|C00024,5,20,0,1.0,0.77625,0.22375
M10|C00025,5,10,0,1.0,0.7685,0.23150000000000004
M10|C00026,5,26,7,0.7878787878787878,0.7774242424242425,0.010454545454545383
M10|C00027,4,13,6,0.6842105263157895,0.7813157894736841,-0.09710526315789458
M10|C00028,4,17,9,0.6538461538461539,0.7532692307692308,-0.09942307692307695
M10|C00029,4,28,2,0.9333333333333333,0.7895,0.14383333333333337
M10|C00030,4,10,2,0.8333333333333334,0.7533333333333334,0.07999999999999996
M10|C00031,4,7,3,0.7,0.77,-0.07000000000000006
M10|C00032,4,9,6,0.6,0.7673333333333332,-0.16733333333333322
M10|C00033,4,4,4,0.5,0.775,-0.275
M10|C00034,3,6,8,0.42857142857142855,0.7846428571428572,-0.35607142857142865
M10|C00035,3,5,1,0.8333333333333334,0.7675,0.06583333333333341
M10|C00036,3,9,5,0.6428571428571429,0.7646428571428572,-0.12178571428571427
M10|C00037,3,0,3,0.0,0.7633333333333333,-0.7633333333333333
M10|C00038,3,6,2,0.75,0.769375,-0.01937500000000003
M10|C00039,3,13,3,0.8125,0.778125,0.034375000000000044
M10|C00041,3,15,1,0.9375,0.77125,0.16625
M10|C00042,2,7,2,0.7777777777777778,0.7855555555555556,-0.007777777777777772
M10|C00043,2,4,2,0.6666666666666666,0.785,-0.1183333333333334
M10|C00044,2,3,3,0.5,0.7691666666666666,-0.26916666666666655
M10|C00045,2,5,0,1.0,0.746,0.254
M10|C00046,2,2,3,0.4,0.746,-0.346
M10|C00047,2,10,2,0.8333333333333334,0.7775,0.0558333333333334
M10|C00048,2,4,4,0.5,0.766875,-0.266875
M10|C00049,2,4,3,0.5714285714285714,0.7771428571428572,-0.20571428571428585
M10|C00050,2,5,2,0.7142857142857143,0.7728571428571428,-0.0585714285714285
M10|C00051,2,4,2,0.6666666666666666,0.7566666666666666,-0.08999999999999997
M10|C00053,2,3,0,1.0,0.7566666666666667,0.2433333333333333
M10|C00054,2,8,2,0.8,0.77,0.030000000000000027
M10|C00055,2,9,2,0.8181818181818182,0.79,0.028181818181818197
M10|C00057,2,4,1,0.8,0.7569999999999999,0.04300000000000015
M10|C00058,2,5,3,0.625,0.741875,-0.11687499999999995
M10|C00059,2,2,4,0.3333333333333333,0.7466666666666666,-0.4133333333333333
M10|C00060,2,6,1,0.8571428571428571,0.8,0.05714285714285705
M10|C00061,2,5,3,0.625,0.775625,-0.150625
M10|C00062,2,7,2,0.7777777777777778,0.7622222222222222,0.015555555555555545
M10|C00063,2,2,1,0.6666666666666666,0.7666666666666666,-0.09999999999999998
M10|C00064,2,13,0,1.0,0.7765384615384616,0.22346153846153838
M10|C00065,2,5,1,0.8333333333333334,0.7441666666666668,0.08916666666666662
M10|C00066,2,7,3,0.7,0.775,-0.07500000000000007
M10|C00071,1,5,0,1.0,0.7619999999999999,0.2380000000000001
M10|C00073,1,4,0,1.0,0.77875,0.22124999999999995
M10|C00081,1,4,0,1.0,0.775,0.22499999999999998
M10|C00082,1,5,0,1.0,0.7569999999999999,0.2430000000000001
M10|C00084,1,2,2,0.5,0.775,-0.275
M10|C00085,1,3,0,1.0,0.7283333333333333,0.2716666666666667
M10|C00086,1,2,2,0.5,0.775,-0.275
M10|C00096,1,5,0,1.0,0.764,0.236
M10|C00101,1,13,2,0.8666666666666667,0.7746666666666667,0.09199999999999997
M10|C00102,1,4,3,0.5714285714285714,0.7664285714285713,-0.19499999999999995
M10|C00103,1,6,2,0.75,0.77625,-0.026249999999999996
M10|C00107,1,4,1,0.8,0.7719999999999999,0.028000000000000136
M10|C00108,1,2,1,0.6666666666666666,0.7783333333333333,-0.11166666666666669
M10|C00113,1,5,4,0.5555555555555556,0.7655555555555555,-0.20999999999999996
M10|C00120,1,3,1,0.75,0.8025,-0.05249999999999999
M10|C00121,1,7,0,1.0,0.7657142857142856,0.23428571428571443
M10|C00123,1,9,2,0.8181818181818182,0.7763636363636363,0.041818181818181976
M10|C00134,1,4,2,0.6666666666666666,0.7766666666666667,-0.1100000000000001
M10|C00136,1,4,0,1.0,0.79875,0.20125000000000004
M10|C00139,1,13,1,0.9285714285714286,0.7764285714285714,0.15214285714285725
M10|C00141,1,3,1,0.75,0.795,-0.04500000000000004
M10|C00142,1,2,1,0.6666666666666666,0.7683333333333333,-0.10166666666666668
M10|C00147,1,3,1,0.75,0.77375,-0.02375000000000005
M10|C00148,1,3,0,1.0,0.7633333333333333,0.2366666666666667
M10|C00151,1,5,3,0.625,0.7725,-0.14749999999999996
M10|C00153,1,3,1,0.75,0.7625,-0.012499999999999956
M10|C00160,1,4,2,0.6666666666666666,0.7658333333333333,-0.09916666666666663
M10|C00164,1,4,0,1.0,0.77875,0.22124999999999995
M10|C00170,1,7,4,0.6363636363636364,0.7713636363636364,-0.135
M10|C00171,1,1,2,0.3333333333333333,0.7816666666666666,-0.4483333333333333
M10|C00175,1,3,1,0.75,0.755,-0.0050000000000000044
M10|C00178,1,8,1,0.8888888888888888,0.7533333333333334,0.13555555555555543
M10|C00181,1,2,1,0.6666666666666666,0.775,-0.10833333333333339
M10|C00185,1,4,0,1.0,0.8025,0.1975
M10|C00186,1,3,0,1.0,0.7816666666666667,0.21833333333333327
M10|C00188,1,7,0,1.0,0.7671428571428571,0.23285714285714287
M10|C00189,1,5,2,0.7142857142857143,0.7642857142857141,-0.04999999999999982
M10|C00190,1,3,1,0.75,0.79625,-0.04625000000000001
M10|C00191,1,5,0,1.0,0.7659999999999999,0.2340000000000001
M10|C00194,1,6,2,0.75,0.759375,-0.009375000000000022
M10|C00197,1,6,1,0.8571428571428571,0.7285714285714284,0.12857142857142867
M10|C00199,1,2,2,0.5,0.77375,-0.27375000000000005
M10|C00200,1,10,0,1.0,0.764,0.236
M1|C00001,791,1253,292,0.8110032362459547,0.7609999999999999,0.05000323624595482
M1|C00002,217,268,76,0.7790697674418605,0.7767500000000002,0.0023197674418603542
M1|C00003,180,361,100,0.7830802603036876,0.7623750000000001,0.020705260303687467
M1|C00004,165,590,108,0.8452722063037249,0.7873749999999999,0.05789720630372497
M1|C00005,144,151,57,0.7259615384615384,0.76125,-0.035288461538461546
M1|C00006,138,269,63,0.8102409638554217,0.7965000000000001,0.013740963855421562
M1|C00007,118,3830,255,0.9375764993880049,0.7723749999999999,0.165201499388005
M1|C00008,108,271,74,0.7855072463768116,0.7691250000000001,0.016382246376811516
M1|C00009,82,193,60,0.7628458498023716,0.7596250000000001,0.0032208498023714727
M1|C00010,80,180,61,0.7468879668049793,0.7796249999999999,-0.03273703319502064
M1|C00011,79,129,31,0.80625,0.7609999999999999,0.04525000000000012
M1|C00012,76,241,46,0.8397212543554007,0.7766249999999999,0.06309625435540078
M1|C00013,36,160,19,0.8938547486033519,0.77625,0.1176047486033519
M1|C00014,35,248,48,0.8378378378378378,0.7767500000000002,0.061087837837837666
M1|C00015,28,53,7,0.8833333333333333,0.7758749999999999,0.10745833333333343
M1|C00016,28,18,4,0.8181818181818182,0.7954545454545453,0.02272727272727293
M1|C00017,26,67,22,0.7528089887640449,0.7596250000000001,-0.0068160112359552105
M1|C00018,25,12,5,0.7058823529411765,0.7779411764705881,-0.07205882352941162
M1|C00019,20,63,3,0.9545454545454546,0.779,0.17554545454545456
M1|C00020,19,82,8,0.9111111111111111,0.7796249999999999,0.1314861111111112
M1|C00021,19,41,15,0.7321428571428571,0.784125,-0.051982142857142866
M1|C00022,19,40,13,0.7547169811320755,0.7659999999999999,-0.011283018867924377
M1|C00023,18,105,45,0.7,0.7796249999999999,-0.07962499999999995
M1|C00024,18,43,12,0.7818181818181819,0.7675,0.014318181818181897
M1|C00025,18,52,5,0.9122807017543859,0.77775,0.13453070175438586
M1|C00026,18,67,52,0.5630252100840336,0.77625,-0.21322478991596638
M1|C00027,17,42,6,0.875,0.7596250000000001,0.1153749999999999
M1|C00028,17,122,10,0.9242424242424242,0.780625,0.14361742424242419
M1|C00029,16,19,2,0.9047619047619048,0.7683333333333333,0.13642857142857145
M1|C00030,13,59,6,0.9076923076923077,0.781375,0.12631730769230765
M1|C00031,13,28,22,0.56,0.782875,-0.22287499999999993
M1|C00032,13,24,8,0.75,0.74796875,0.00203125000000004
M1|C00033,12,43,15,0.7413793103448276,0.7596250000000001,-0.01824568965517248
M1|C00034,12,21,2,0.9130434782608695,0.7606521739130434,0.1523913043478261
M1|C00035,12,46,10,0.8214285714285714,0.7766249999999999,0.0448035714285715
M1|C00036,12,22,18,0.55,0.7766249999999999,-0.22662499999999985
M1|C00037,12,40,18,0.6896551724137931,0.77775,-0.0880948275862069
M1|C00038,12,39,11,0.78,0.769125,0.010875000000000079
M1|C00039,11,9,4,0.6923076923076923,0.7680769230769232,-0.07576923076923092
M1|C00040,11,17,3,0.85,0.77225,0.07774999999999999
M1|C00041,11,2,1,0.6666666666666666,0.7783333333333333,-0.11166666666666669
M1|C00042,10,38,12,0.76,0.7796249999999999,-0.019624999999999893
M1|C00043,10,28,6,0.8235294117647058,0.785,0.03852941176470581
M1|C00044,10,16,2,0.8888888888888888,0.7830555555555554,0.10583333333333345
M1|C00045,9,16,7,0.6956521739130435,0.7482608695652175,-0.052608695652174076
M1|C00046,9,11,4,0.7333333333333333,0.7730000000000001,-0.03966666666666685
M1|C00047,9,7,3,0.7,0.7709999999999999,-0.07099999999999995
M1|C00048,9,6,7,0.46153846153846156,0.7715384615384616,-0.31000000000000005
M1|C00049,9,14,3,0.8235294117647058,0.7708823529411764,0.05264705882352949
M1|C00050,9,20,6,0.7692307692307693,0.7809615384615384,-0.0117307692307691
M1|C00051,8,2,2,0.5,0.775,-0.275
M1|C00052,8,6,2,0.75,0.7725,-0.022499999999999964
M1|C00053,8,23,7,0.7666666666666667,0.7936666666666667,-0.027000000000000024
M1|C00054,8,16,4,0.8,0.7687499999999998,0.03125000000000022
M1|C00055,8,31,8,0.7948717948717948,0.7765384615384616,0.0183333333333332
M1|C00056,7,30,0,1.0,0.7830000000000001,0.21699999999999986
M1|C00057,7,11,0,1.0,0.7695454545454546,0.23045454545454536
M1|C00058,7,4,0,1.0,0.7775,0.22250000000000003
M1|C00059,7,11,6,0.6470588235294118,0.781764705882353,-0.13470588235294123
M1|C00060,7,9,2,0.8181818181818182,0.7645454545454546,0.05363636363636359
M1|C00061,7,21,4,0.84,0.7802,0.059799999999999964
M1|C00062,7,21,4,0.84,0.7807999999999999,0.05920000000000003
M1|C00063,7,9,2,0.8181818181818182,0.7681818181818181,0.050000000000000155
M1|C00064,7,11,10,0.5238095238095238,0.7754761904761905,-0.2516666666666667
M1|C00065,7,20,4,0.8333333333333334,0.7483333333333333,0.08500000000000008
M1|C00066,6,8,7,0.5333333333333333,0.76,-0.22666666666666668
M1|C00067,6,6,3,0.6666666666666666,0.7566666666666667,-0.09000000000000008
M1|C00068,6,3,1,0.75,0.7725,-0.022499999999999964
M1|C00069,6,4,1,0.8,0.7719999999999999,0.028000000000000136
M1|C00070,6,19,0,1.0,0.7878947368421052,0.2121052631578948
M1|C00071,6,5,1,0.8333333333333334,0.7916666666666667,0.04166666666666663
M1|C00072,6,13,1,0.9285714285714286,0.7814285714285714,0.14714285714285724
M1|C00073,6,11,5,0.6875,0.7803125,-0.09281249999999996
M1|C00074,6,14,3,0.8235294117647058,0.7820588235294117,0.04147058823529415
M1|C00076,6,5,2,0.7142857142857143,0.7685714285714285,-0.05428571428571416
M1|C00077,6,4,6,0.4,0.769,-0.369
M1|C00078,6,10,0,1.0,0.7625,0.23750000000000004
M1|C00079,6,9,0,1.0,0.79,0.20999999999999996
M1|C00080,5,5,0,1.0,0.7659999999999999,0.2340000000000001
M1|C00082,5,4,1,0.8,0.77,0.030000000000000027
M1|C00083,5,5,0,1.0,0.7440000000000001,0.2559999999999999
M1|C00084,5,21,5,0.8076923076923077,0.7836538461538461,0.024038461538461564
M1|C00085,5,20,2,0.9090909090909091,0.7909090909090909,0.11818181818181817
M1|C00086,5,0,5,0.0,0.7729999999999998,-0.7729999999999998
M1|C00087,5,6,0,1.0,0.7625,0.23750000000000004
M1|C00088,5,3,1,0.75,0.7675,-0.01749999999999996
M1|C00089,5,8,2,0.8,0.7805000000000001,0.019499999999999962
M1|C00090,5,14,6,0.7,0.7645000000000001,-0.06450000000000011
M1|C00091,5,4,0,1.0,0.8025,0.1975
M1|C00092,5,4,2,0.6666666666666666,0.8,-0.13333333333333341
M1|C00093,4,8,4,0.6666666666666666,0.7745833333333334,-0.10791666666666677
M1|C00094,4,4,2,0.6666666666666666,0.7516666666666667,-0.08500000000000008
M1|C00095,4,8,1,0.8888888888888888,0.745,0.14388888888888884
M1|C00096,4,1,2,0.3333333333333333,0.77,-0.4366666666666667
M1|C00097,4,6,1,0.8571428571428571,0.7614285714285713,0.09571428571428575
M1|C00099,4,4,3,0.5714285714285714,0.7714285714285714,-0.19999999999999996
M1|C00100,4,8,0,1.0,0.778125,0.22187500000000004
M1|C00101,4,8,2,0.8,0.7709999999999999,0.029000000000000137
M1|C00102,4,12,3,0.8,0.7816666666666667,0.018333333333333313
M1|C00103,4,2,2,0.5,0.79,-0.29000000000000004
M1|C00104,4,13,4,0.7647058823529411,0.7852941176470588,-0.020588235294117685
M1|C00106,4,13,0,1.0,0.7684615384615384,0.23153846153846158
M1|C00107,4,10,1,0.9090909090909091,0.7627272727272728,0.14636363636363625
M1|C00108,4,3,1,0.75,0.805,-0.05500000000000005
M1|C00109,4,10,0,1.0,0.767,0.23299999999999998
M1|C00110,4,6,2,0.75,0.769375,-0.01937500000000003
M1|C00111,4,17,6,0.7391304347826086,0.76,-0.02086956521739136
M1|C00112,4,7,2,0.7777777777777778,0.7505555555555555,0.02722222222222226
M1|C00113,4,7,2,0.7777777777777778,0.7505555555555555,0.02722222222222226
M1|C00114,4,28,1,0.9655172413793104,0.7525862068965518,0.21293103448275863
M1|C00115,4,11,4,0.7333333333333333,0.7823333333333333,-0.049000000000000044
M1|C00116,4,9,2,0.8181818181818182,0.7736363636363638,0.044545454545454444
M1|C00117,4,3,2,0.6,0.7569999999999999,-0.15699999999999992
M1|C00119,4,15,1,0.9375,0.7815625,0.15593749999999995
M1|C00120,4,4,4,0.5,0.775625,-0.275625
M1|C00121,4,2,3,0.4,0.7659999999999999,-0.3659999999999999
M1|C00122,4,3,0,1.0,0.7666666666666666,0.2333333333333334
M1|C00123,3,9,2,0.8181818181818182,0.7781818181818181,0.04000000000000015
M1|C00124,3,12,2,0.8571428571428571,0.7607142857142857,0.09642857142857142
M1|C00125,3,3,2,0.6,0.7440000000000001,-0.14400000000000013
M1|C00127,3,5,3,0.625,0.77375,-0.14875000000000005
M1|C00128,3,7,2,0.7777777777777778,0.7761111111111112,0.0016666666666665941
M1|C00129,3,5,1,0.8333333333333334,0.7933333333333334,0.039999999999999925
M1|C00130,3,10,5,0.6666666666666666,0.7683333333333334,-0.1016666666666668
M1|C00131,3,11,0,1.0,0.7613636363636364,0.23863636363636365
M1|C00132,3,8,7,0.5333333333333333,0.7746666666666667,-0.2413333333333334
M1|C00135,3,11,4,0.7333333333333333,0.7730000000000001,-0.03966666666666685
M1|C00136,3,7,2,0.7777777777777778,0.7727777777777777,0.0050000000000001155
M1|C00137,3,14,0,1.0,0.7814285714285714,0.21857142857142864
M1|C00142,3,4,2,0.6666666666666666,0.7841666666666667,-0.11750000000000005
M1|C00143,3,8,0,1.0,0.77625,0.22375
M1|C00145,3,10,3,0.7692307692307693,0.7684615384615384,0.0007692307692308553
M1|C00146,3,1,3,0.25,0.805,-0.555
M1|C00147,3,6,2,0.75,0.78,-0.030000000000000027
M1|C00148,3,3,6,0.3333333333333333,0.775,-0.4416666666666667
M1|C00149,3,14,1,0.9333333333333333,0.7923333333333333,0.14100000000000001
M1|C00150,3,11,6,0.6470588235294118,0.7744117647058824,-0.12735294117647056
M1|C00151,3,7,2,0.7777777777777778,0.7883333333333334,-0.010555555555555651
M1|C00152,3,5,2,0.7142857142857143,0.7635714285714285,-0.049285714285714155
M1|C00154,3,2,2,0.5,0.8025,-0.3025
M1|C00155,3,144,9,0.9411764705882353,0.7691250000000001,0.17205147058823522
M1|C00156,3,4,2,0.6666666666666666,0.765,-0.09833333333333338
M1|C00157,3,3,1,0.75,0.77375,-0.02375000000000005
M1|C00159,3,16,0,1.0,0.7825,0.21750000000000003
M1|C00160,3,5,0,1.0,0.775,0.22499999999999998
M1|C00161,2,3,0,1.0,0.77,0.22999999999999998
M1|C00162,2,5,1,0.8333333333333334,0.7791666666666666,0.05416666666666681
M1|C00163,2,2,2,0.5,0.80125,-0.30125
M1|C00164,2,7,2,0.7777777777777778,0.7855555555555556,-0.007777777777777772
M1|C00165,2,6,0,1.0,0.7791666666666666,0.22083333333333344
M1|C00166,2,5,2,0.7142857142857143,0.7264285714285714,-0.012142857142857122
M1|C00167,2,5,1,0.8333333333333334,0.7516666666666667,0.08166666666666667
M1|C00168,2,3,1,0.75,0.77125,-0.02124999999999999
M1|C00169,2,5,1,0.8333333333333334,0.7516666666666667,0.08166666666666667
M1|C00170,2,4,3,0.5714285714285714,0.7264285714285714,-0.15500000000000003
M1|C00171,2,4,3,0.5714285714285714,0.7692857142857141,-0.19785714285714273
M1|C00172,2,6,0,1.0,0.785,0.21499999999999997
M1|C00174,2,6,2,0.75,0.77375,-0.02375000000000005
M1|C00175,2,8,0,1.0,0.77375,0.22624999999999995
M1|C00177,2,12,4,0.75,0.7575,-0.007499999999999951
M1|C00178,2,2,1,0.6666666666666666,0.7283333333333333,-0.06166666666666665
M1|C00181,2,9,5,0.6428571428571429,0.7803571428571427,-0.13749999999999984
M1|C00182,2,9,2,0.8181818181818182,0.7695454545454546,0.04863636363636359
M1|C00184,2,5,0,1.0,0.775,0.22499999999999998
M1|C00186,2,131,9,0.9357142857142857,0.7725,0.16321428571428576
M1|C00189,2,4,0,1.0,0.7675,0.23250000000000004
M1|C00190,2,1,2,0.3333333333333333,0.755,-0.4216666666666667
M1|C00191,2,3,1,0.75,0.7675,-0.01749999999999996
M1|C00192,2,5,0,1.0,0.77,0.22999999999999998
M1|C00196,2,5,1,0.8333333333333334,0.78,0.053333333333333344
M1|C00199,2,5,1,0.8333333333333334,0.7541666666666665,0.07916666666666683
M1|C00203,2,3,0,1.0,0.7683333333333334,0.23166666666666658
M1|C00204,2,4,6,0.4,0.7709999999999999,-0.3709999999999999
M1|C00205,2,3,2,0.6,0.769,-0.16900000000000004
M1|C00207,2,6,2,0.75,0.761875,-0.011874999999999969
M1|C00208,2,4,0,1.0,0.79,0.20999999999999996
M1|C00210,2,2,1,0.6666666666666666,0.785,-0.1183333333333334
M1|C00211,2,5,3,0.625,0.77375,-0.14875000000000005
M1|C00212,2,4,1,0.8,0.773,0.027000000000000024
M1|C00213,2,10,3,0.7692307692307693,0.7688461538461538,0.00038461538461542766
M1|C00214,2,6,3,0.6666666666666666,0.7711111111111112,-0.10444444444444456
M1|C00215,2,4,4,0.5,0.77375,-0.27375000000000005
M1|C00218,2,3,0,1.0,0.765,0.235
M1|C00219,2,6,1,0.8571428571428571,0.7771428571428572,0.07999999999999985
M1|C00223,2,2,3,0.4,0.7830000000000001,-0.3830000000000001
M1|C00224,2,3,3,0.5,0.7883333333333334,-0.28833333333333344
M1|C00227,2,3,2,0.6,0.768,-0.16800000000000004
M1|C00228,2,2,2,0.5,0.75375,-0.25375000000000003
M1|C00231,2,5,0,1.0,0.763,0.237
M1|C00232,2,2,2,0.5,0.79875,-0.29874999999999996
M1|C00239,2,3,2,0.6,0.748,-0.14800000000000002
M1|C00240,2,5,0,1.0,0.748,0.252
M1|C00242,2,3,0,1.0,0.7616666666666667,0.23833333333333329
M1|C00244,2,2,3,0.4,0.797,-0.397
M1|C00247,2,3,0,1.0,0.745,0.255
M1|C00250,2,6,0,1.0,0.7633333333333334,0.23666666666666658
M1|C00254,2,6,0,1.0,0.7875,0.21250000000000002
M1|C00259,2,9,0,1.0,0.7794444444444446,0.2205555555555554
M1|C00264,2,3,1,0.75,0.78625,-0.036250000000000004
M1|C00265,2,2,1,0.6666666666666666,0.765,-0.09833333333333338
M1|C00267,2,3,1,0.75,0.7775,-0.02749999999999997
M1|C00271,2,1,2,0.3333333333333333,0.79,-0.4566666666666667
M1|C00272,2,4,2,0.6666666666666666,0.79,-0.1233333333333334
M1|C00273,2,3,1,0.75,0.79,-0.040000000000000036
M1|C00274,2,6,2,0.75,0.75875,-0.008750000000000036
M1|C00279,2,0,3,0.0,0.7783333333333334,-0.7783333333333334
M1|C00280,2,4,4,0.5,0.770625,-0.270625
M1|C00283,2,3,2,0.6,0.7659999999999999,-0.16599999999999993
M1|C00284,2,5,2,0.7142857142857143,0.7671428571428571,-0.052857142857142825
M1|C00285,2,4,0,1.0,0.7875,0.21250000000000002
M1|C00286,2,4,0,1.0,0.79625,0.20375
M1|C00287,2,3,1,0.75,0.79625,-0.04625000000000001
M1|C00288,2,3,0,1.0,0.7683333333333334,0.23166666666666658
M1|C00291,2,3,0,1.0,0.7633333333333333,0.2366666666666667
M1|C00294,2,15,2,0.8823529411764706,0.7817647058823529,0.10058823529411764
M1|C00296,2,6,0,1.0,0.7508333333333332,0.24916666666666676
M1|C00298,2,2,2,0.5,0.7875,-0.2875
M1|C00301,2,0,4,0.0,0.785,-0.785
M1|C00302,2,1,6,0.14285714285714285,0.7642857142857143,-0.6214285714285714
M1|C00315,1,5,0,1.0,0.7659999999999999,0.2340000000000001
M1|C00320,1,2,2,0.5,0.80125,-0.30125
M1|C00321,1,2,2,0.5,0.80125,-0.30125
M1|C00331,1,4,2,0.6666666666666666,0.7791666666666666,-0.11249999999999993
M1|C00341,1,2,1,0.6666666666666666,0.7716666666666666,-0.10499999999999998
M1|C00344,1,4,1,0.8,0.7619999999999999,0.038000000000000145
M1|C00362,1,5,0,1.0,0.77,0.22999999999999998
M1|C00375,1,5,5,0.5,0.759,-0.259
M1|C00381,1,7,1,0.875,0.77375,0.10124999999999995
M1|C00383,1,4,1,0.8,0.7639999999999999,0.03600000000000014
M1|C00384,1,3,0,1.0,0.7633333333333333,0.2366666666666667
M1|C00387,1,3,0,1.0,0.7633333333333333,0.2366666666666667
M1|C00391,1,4,1,0.8,0.7639999999999999,0.03600000000000014
M1|C00392,1,2,1,0.6666666666666666,0.7633333333333333,-0.09666666666666668
M1|C00395,1,2,1,0.6666666666666666,0.7633333333333333,-0.09666666666666668
M1|C00397,1,3,0,1.0,0.7633333333333333,0.2366666666666667
M1|C00402,1,3,2,0.6,0.7569999999999999,-0.15699999999999992
M1|C00403,1,3,0,1.0,0.7766666666666667,0.22333333333333327
M1|C00406,1,8,3,0.7272727272727273,0.730909090909091,-0.0036363636363636598
M1|C00413,1,5,1,0.8333333333333334,0.7691666666666666,0.06416666666666682
M1|C00414,1,5,0,1.0,0.7569999999999999,0.2430000000000001
M1|C00417,1,3,0,1.0,0.7766666666666667,0.22333333333333327
M1|C00418,1,3,1,0.75,0.775,-0.025000000000000022
M1|C00419,1,3,0,1.0,0.7766666666666667,0.22333333333333327
M1|C00421,1,3,1,0.75,0.775,-0.025000000000000022
M1|C00434,1,5,0,1.0,0.775,0.22499999999999998
M1|C00437,1,2,1,0.6666666666666666,0.775,-0.10833333333333339
M1|C00439,1,5,2,0.7142857142857143,0.7757142857142856,-0.06142857142857128
M1|C00448,1,6,0,1.0,0.7933333333333334,0.20666666666666655
M1|C00466,1,4,0,1.0,0.78875,0.21125000000000005
M1|C00504,1,5,1,0.8333333333333334,0.7625,0.07083333333333341
M1|C00520,1,3,1,0.75,0.7975,-0.04749999999999999
M1|C00521,1,4,0,1.0,0.7975,0.2025
M1|C00526,1,3,1,0.75,0.7975,-0.04749999999999999
M1|C00529,1,4,0,1.0,0.7975,0.2025
M1|C00544,1,3,1,0.75,0.7725,-0.022499999999999964
M1|C00549,1,4,0,1.0,0.7725,0.22750000000000004
M1|C00564,1,3,0,1.0,0.7683333333333334,0.23166666666666658
M1|C00566,1,3,0,1.0,0.7683333333333334,0.23166666666666658
M1|C00570,1,5,2,0.7142857142857143,0.7714285714285714,-0.05714285714285705
M1|C00573,1,3,0,1.0,0.7783333333333333,0.22166666666666668
M1|C00576,1,2,1,0.6666666666666666,0.7783333333333333,-0.11166666666666669
M1|C00577,1,2,2,0.5,0.795,-0.29500000000000004
M1|C00579,1,2,2,0.5,0.795,-0.29500000000000004
M1|C00582,1,3,0,1.0,0.7783333333333333,0.22166666666666668
M1|C00587,1,3,3,0.5,0.7916666666666665,-0.2916666666666665
M1|C00591,1,2,2,0.5,0.795,-0.29500000000000004
M1|C00592,1,3,1,0.75,0.795,-0.04500000000000004
M1|C00594,1,5,2,0.7142857142857143,0.7585714285714285,-0.04428571428571415
M1|C00595,1,9,0,1.0,0.7655555555555555,0.23444444444444446
M1|C00601,1,3,0,1.0,0.775,0.22499999999999998
M1|C00605,1,4,0,1.0,0.79,0.20999999999999996
M1|C00606,1,3,0,1.0,0.775,0.22499999999999998
M1|C00609,1,3,0,1.0,0.775,0.22499999999999998
M1|C00610,1,4,0,1.0,0.79,0.20999999999999996
M1|C00612,1,3,0,1.0,0.775,0.22499999999999998
M1|C00619,1,3,4,0.42857142857142855,0.7585714285714285,-0.3299999999999999
M1|C00620,1,6,0,1.0,0.78,0.21999999999999997
M1|C00621,1,2,2,0.5,0.79,-0.29000000000000004
M1|C00622,1,1,2,0.3333333333333333,0.775,-0.4416666666666667
M1|C00623,1,2,1,0.6666666666666666,0.775,-0.10833333333333339
M1|C00630,1,6,1,0.8571428571428571,0.7585714285714285,0.09857142857142864
M1|C00631,1,2,1,0.6666666666666666,0.775,-0.10833333333333339
M1|C00632,1,4,0,1.0,0.79,0.20999999999999996
M1|C00641,1,3,0,1.0,0.775,0.22499999999999998
M1|C00644,1,6,1,0.8571428571428571,0.7585714285714285,0.09857142857142864
M1|C00645,1,2,2,0.5,0.79,-0.29000000000000004
M1|C00650,1,6,1,0.8571428571428571,0.7585714285714285,0.09857142857142864
M1|C00653,1,3,1,0.75,0.8025,-0.05249999999999999
M1|C00658,1,2,1,0.6666666666666666,0.785,-0.1183333333333334
M1|C00667,1,2,2,0.5,0.8025,-0.3025
M1|C00671,1,4,0,1.0,0.8025,0.1975
M1|C00677,1,4,1,0.8,0.773,0.027000000000000024
M1|C00694,1,3,0,1.0,0.7966666666666665,0.20333333333333348
M1|C00697,1,3,0,1.0,0.7966666666666665,0.20333333333333348
M1|C00703,1,5,0,1.0,0.7709999999999999,0.2290000000000001
M1|C00714,1,0,3,0.0,0.765,-0.765
M1|C00720,1,6,1,0.8571428571428571,0.7771428571428572,0.07999999999999985
M1|C00722,1,5,1,0.8333333333333334,0.7841666666666667,0.04916666666666669
M1|C00741,1,6,0,1.0,0.7875,0.21250000000000002
M1|C00745,1,3,1,0.75,0.805,-0.05500000000000005
M1|C00746,1,3,0,1.0,0.7866666666666667,0.21333333333333326
M1|C00749,1,4,0,1.0,0.805,0.19499999999999995
M1|C00762,1,3,0,1.0,0.765,0.235
M1|C00780,1,7,0,1.0,0.77,0.22999999999999998
M1|C00794,1,8,0,1.0,0.771875,0.22812500000000002
M1|C00801,1,3,0,1.0,0.76,0.24
M1|C00804,1,4,0,1.0,0.75375,0.24624999999999997
M1|C00806,1,2,1,0.6666666666666666,0.76,-0.09333333333333338
M1|C00808,1,5,1,0.8333333333333334,0.7566666666666666,0.07666666666666677
M1|C00814,1,8,1,0.8888888888888888,0.7455555555555555,0.1433333333333333
M1|C00818,1,3,0,1.0,0.7733333333333334,0.22666666666666657
M1|C00819,1,3,0,1.0,0.7733333333333334,0.22666666666666657
M1|C00822,1,3,0,1.0,0.7733333333333334,0.22666666666666657
M1|C00823,1,3,0,1.0,0.7733333333333334,0.22666666666666657
M1|C00824,1,3,1,0.75,0.785,-0.03500000000000003
M1|C00825,1,3,0,1.0,0.7733333333333334,0.22666666666666657
M1|C00826,1,3,0,1.0,0.7733333333333334,0.22666666666666657
M1|C00828,1,4,0,1.0,0.785,0.21499999999999997
M1|C00829,1,3,1,0.75,0.785,-0.03500000000000003
M1|C00830,1,3,0,1.0,0.7733333333333334,0.22666666666666657
M1|C00831,1,3,0,1.0,0.7733333333333334,0.22666666666666657
M1|C00833,1,5,0,1.0,0.763,0.237
M1|C00834,1,3,0,1.0,0.7733333333333334,0.22666666666666657
M1|C00835,1,3,0,1.0,0.7733333333333334,0.22666666666666657
M1|C00837,1,4,0,1.0,0.79875,0.20125000000000004
M1|C00840,1,5,1,0.8333333333333334,0.7908333333333334,0.04249999999999998
M1|C00851,1,3,1,0.75,0.79875,-0.04874999999999996
M1|C00872,1,7,2,0.7777777777777778,0.7722222222222223,0.005555555555555536
M1|C00885,1,3,1,0.75,0.795,-0.04500000000000004
M1|C00889,1,2,1,0.6666666666666666,0.7566666666666667,-0.09000000000000008
M1|C00892,1,1,2,0.3333333333333333,0.7566666666666667,-0.4233333333333334
M1|C00894,1,3,0,1.0,0.7566666666666667,0.2433333333333333
M1|C00907,1,5,2,0.7142857142857143,0.7749999999999999,-0.06071428571428561
M1|C00921,1,2,1,0.6666666666666666,0.7316666666666666,-0.06499999999999995
M1|C00923,1,3,1,0.75,0.77875,-0.028750000000000053
M1|C00936,1,0,3,0.0,0.7766666666666667,-0.7766666666666667
M1|C00940,1,4,0,1.0,0.7975,0.2025
M1|C00952,1,3,0,1.0,0.745,0.255
M1|C00955,1,5,2,0.7142857142857143,0.7464285714285714,-0.03214285714285714
M1|C00962,1,2,1,0.6666666666666666,0.745,-0.07833333333333337
M1|C00975,1,3,0,1.0,0.745,0.255
M1|C00979,1,4,0,1.0,0.79,0.20999999999999996
M1|C00981,1,4,0,1.0,0.79,0.20999999999999996
M1|C00988,1,3,0,1.0,0.755,0.245
M1|C00990,1,3,1,0.75,0.7625,-0.012499999999999956
M1|C00995,1,3,1,0.75,0.7625,-0.012499999999999956
M1|C00998,1,3,2,0.6,0.7569999999999999,-0.15699999999999992
M1|C01002,1,9,0,1.0,0.7527777777777778,0.24722222222222223
M1|C01006,1,2,1,0.6666666666666666,0.755,-0.08833333333333337
M1|C01007,1,2,1,0.6666666666666666,0.755,-0.08833333333333337
M1|C01009,1,4,0,1.0,0.7625,0.23750000000000004
M1|C01012,1,4,1,0.8,0.7569999999999999,0.04300000000000015
M1|C01021,1,3,0,1.0,0.7716666666666666,0.2283333333333334
M1|C01029,1,6,0,1.0,0.7841666666666667,0.21583333333333332
M1|C01041,1,2,3,0.4,0.7659999999999999,-0.3659999999999999
M1|C01042,1,3,0,1.0,0.7716666666666666,0.2283333333333334
M1|C01047,1,1,2,0.3333333333333333,0.73,-0.39666666666666667
M1|C01048,1,4,1,0.8,0.7719999999999999,0.028000000000000136
M1|C01051,1,2,2,0.5,0.76875,-0.26875000000000004
M1|C01060,1,7,2,0.7777777777777778,0.765,0.012777777777777777
M1|C01092,1,4,1,0.8,0.7639999999999999,0.03600000000000014
M1|C01095,1,3,1,0.75,0.79125,-0.04125000000000001
M1|C01099,1,5,0,1.0,0.753,0.247
M1|C01101,1,3,1,0.75,0.79125,-0.04125000000000001
M1|C01109,1,3,1,0.75,0.8,-0.050000000000000044
M1|C01114,1,6,0,1.0,0.7916666666666667,0.20833333333333326
M1|C01116,1,2,1,0.6666666666666666,0.7783333333333333,-0.11166666666666669
M1|C01118,1,3,0,1.0,0.7783333333333333,0.22166666666666668
M1|C01124,1,5,1,0.8333333333333334,0.7608333333333335,0.0724999999999999
M1|C01132,1,3,3,0.5,0.7466666666666666,-0.2466666666666666
M1|C01133,1,4,1,0.8,0.7559999999999999,0.04400000000000015
M1|C01148,1,3,0,1.0,0.7916666666666665,0.20833333333333348
M1|C01157,1,54,0,1.0,0.7872500000000001,0.21274999999999988
M1|C01158,1,2,1,0.6666666666666666,0.775,-0.10833333333333339
M1|C01176,1,8,1,0.8888888888888888,0.7505555555555555,0.1383333333333333
M1|C01197,1,3,1,0.75,0.8025,-0.05249999999999999
M1|C01200,1,2,2,0.5,0.8025,-0.3025
M1|C01204,1,4,0,1.0,0.8025,0.1975
M1|C01207,1,3,1,0.75,0.8025,-0.05249999999999999
M1|C01235,1,3,1,0.75,0.7875,-0.03749999999999998
M1|C01237,1,3,0,1.0,0.76,0.24
M1|C01238,1,3,1,0.75,0.7875,-0.03749999999999998
M1|C01240,1,2,1,0.6666666666666666,0.76,-0.09333333333333338
M1|C01242,1,3,0,1.0,0.76,0.24
M1|C01251,1,4,0,1.0,0.79625,0.20375
M1|C01269,1,6,2,0.75,0.778125,-0.028124999999999956
M1|C01270,1,4,0,1.0,0.7525,0.24750000000000005
M1|C01275,1,2,1,0.6666666666666666,0.7633333333333333,-0.09666666666666668
M1|C01295,1,4,3,0.5714285714285714,0.7292857142857143,-0.15785714285714292
M1|C01315,1,3,0,1.0,0.765,0.235
M1|C01319,1,3,0,1.0,0.765,0.235
M1|C01329,1,4,0,1.0,0.81,0.18999999999999995
M1|C01348,1,2,1,0.6666666666666666,0.785,-0.1183333333333334
M1|C01350,1,5,0,1.0,0.7519999999999999,0.2480000000000001
M1|C01351,1,34,1,0.9714285714285714,0.7657142857142858,0.20571428571428563
M2|C00001,156,411,112,0.7858508604206501,0.775,0.010850860420650088
M2|C00002,109,199,64,0.7566539923954373,0.7609999999999999,-0.004346007604562607
M2|C00003,55,28,1,0.9655172413793104,0.7641379310344827,0.2013793103448277
M2|C00004,47,243,24,0.9101123595505618,0.7853749999999999,0.12473735955056187
M2|C00005,41,58,66,0.46774193548387094,0.7730000000000001,-0.3052580645161292
M2|C00006,38,42,15,0.7368421052631579,0.7659999999999999,-0.02915789473684205
M2|C00007,38,133,22,0.8580645161290322,0.7822499999999999,0.07581451612903234
M2|C00008,36,71,19,0.7888888888888889,0.7767500000000002,0.0121388888888887
M2|C00009,35,34,7,0.8292682926829268,0.768125,0.06114329268292684
M2|C00010,34,84,17,0.8316831683168316,0.7719999999999999,0.059683168316831736
M2|C00011,32,52,13,0.8,0.7596250000000001,0.04037499999999994
M2|C00012,26,68,14,0.8292682926829268,0.779125,0.05014329268292683
M2|C00013,24,79,17,0.8229166666666666,0.7623750000000001,0.060541666666666494
M2|C00014,23,53,19,0.7361111111111112,0.7725,-0.036388888888888804
M2|C00015,23,71,15,0.8255813953488372,0.7735,0.05208139534883727
M2|C00016,21,38,4,0.9047619047619048,0.7623750000000001,0.14238690476190463
M2|C00017,21,49,10,0.8305084745762712,0.77775,0.05275847457627114
M2|C00018,21,33,5,0.868421052631579,0.7735526315789474,0.0948684210526316
M2|C00019,20,42,13,0.7636363636363637,0.7766249999999999,-0.01298863636363623
M2|C00020,18,34,12,0.7391304347826086,0.7659999999999999,-0.026869565217391256
M2|C00021,18,36,3,0.9230769230769231,0.7793589743589743,0.14371794871794885
M2|C00022,17,13,4,0.7647058823529411,0.7802941176470588,-0.01558823529411768
M2|C00023,16,25,12,0.6756756756756757,0.7751351351351352,-0.09945945945945955
M2|C00024,15,151,14,0.9151515151515152,0.776125,0.1390265151515152
M2|C00025,15,19,4,0.8260869565217391,0.76,0.06608695652173913
M2|C00026,14,20,1,0.9523809523809523,0.7747619047619048,0.17761904761904757
M2|C00027,14,47,7,0.8703703703703703,0.7596250000000001,0.11074537037037024
M2|C00028,13,44,22,0.6666666666666666,0.7825,-0.11583333333333334
M2|C00029,13,31,23,0.5740740740740741,0.766375,-0.19230092592592596
M2|C00030,12,31,10,0.7560975609756098,0.784125,-0.0280274390243902
M2|C00031,12,39,23,0.6290322580645161,0.768125,-0.13909274193548382
M2|C00032,11,35,5,0.875,0.7796249999999999,0.0953750000000001
M2|C00033,11,34,13,0.723404255319149,0.781375,-0.05797074468085106
M2|C00034,10,11,6,0.6470588235294118,0.781764705882353,-0.13470588235294123
M2|C00035,10,14,2,0.875,0.781875,0.09312500000000001
M2|C00036,10,43,7,0.86,0.77225,0.08775
M2|C00037,9,24,5,0.8275862068965517,0.7743103448275863,0.053275862068965396
M2|C00038,9,23,12,0.6571428571428571,0.7817142857142858,-0.12457142857142867
M2|C00039,9,9,6,0.6,0.7856666666666666,-0.18566666666666665
M2|C00040,8,20,2,0.9090909090909091,0.7806818181818181,0.12840909090909092
M2|C00041,8,14,5,0.7368421052631579,0.7707894736842104,-0.033947368421052504
M2|C00042,7,19,6,0.76,0.7764,-0.01639999999999997
M2|C00043,7,42,7,0.8571428571428571,0.776125,0.08101785714285714
M2|C00044,7,8,2,0.8,0.762,0.038000000000000034
M2|C00045,7,10,4,0.7142857142857143,0.7796428571428572,-0.06535714285714289
M2|C00046,7,13,2,0.8666666666666667,0.7623333333333332,0.1043333333333335
M2|C00047,7,148,8,0.9487179487179487,0.781375,0.16734294871794864
M2|C00048,7,4,0,1.0,0.7525,0.24750000000000005
M2|C00049,7,20,1,0.9523809523809523,0.7704761904761903,0.181904761904762
M2|C00050,7,3,8,0.2727272727272727,0.765909090909091,-0.4931818181818183
M2|C00051,7,6,4,0.6,0.7609999999999999,-0.16099999999999992
M2|C00052,6,7,1,0.875,0.768125,0.10687500000000005
M2|C00053,6,17,3,0.85,0.7622500000000001,0.08774999999999988
M2|C00054,6,10,6,0.625,0.781875,-0.156875
M2|C00055,6,7,9,0.4375,0.78125,-0.34375
M2|C00056,6,4,7,0.36363636363636365,0.7781818181818181,-0.41454545454545444
M2|C00057,6,12,4,0.75,0.776875,-0.026874999999999982
M2|C00058,5,21,8,0.7241379310344828,0.7787931034482759,-0.05465517241379314
M2|C00059,5,18,4,0.8181818181818182,0.7936363636363637,0.024545454545454537
M2|C00060,5,5,3,0.625,0.77375,-0.14875000000000005
M2|C00061,5,13,1,0.9285714285714286,0.7689285714285714,0.1596428571428572
M2|C00062,5,16,7,0.6956521739130435,0.7660869565217391,-0.07043478260869562
M2|C00063,5,7,4,0.6363636363636364,0.7481818181818183,-0.11181818181818193
M2|C00064,4,14,7,0.6666666666666666,0.774047619047619,-0.10738095238095235
M2|C00065,4,6,1,0.8571428571428571,0.7714285714285714,0.08571428571428574
M2|C00066,4,9,2,0.8181818181818182,0.77,0.048181818181818215
M2|C00067,4,12,7,0.631578947368421,0.7784210526315789,-0.14684210526315788
M2|C00068,4,6,7,0.46153846153846156,0.7715384615384616,-0.31000000000000005
M2|C00069,4,2,1,0.6666666666666666,0.7816666666666667,-0.1150000000000001
M2|C00070,3,3,0,1.0,0.77,0.22999999999999998
M2|C00071,3,6,1,0.8571428571428571,0.7785714285714286,0.07857142857142851
M2|C00072,3,16,3,0.8421052631578947,0.7839473684210526,0.058157894736842075
M2|C00073,3,6,0,1.0,0.7691666666666666,0.23083333333333345
M2|C00074,3,13,2,0.8666666666666667,0.7479999999999998,0.11866666666666692
M2|C00076,3,3,7,0.3,0.762,-0.462
M2|C00079,3,5,0,1.0,0.7719999999999999,0.2280000000000001
M2|C00080,3,5,3,0.625,0.77625,-0.15125
M2|C00081,3,10,1,0.9090909090909091,0.7686363636363638,0.14045454545454528
M2|C00083,3,15,0,1.0,0.7686666666666666,0.2313333333333334
M2|C00084,3,8,1,0.8888888888888888,0.7661111111111112,0.12277777777777765
M2|C00085,3,5,0,1.0,0.768,0.23199999999999998
M2|C00087,3,14,1,0.9333333333333333,0.765,0.16833333333333333
M2|C00088,3,12,0,1.0,0.7770833333333332,0.22291666666666676
M2|C00089,3,11,5,0.6875,0.7803125,-0.09281249999999996
M2|C00091,3,4,0,1.0,0.775,0.22499999999999998
M2|C00092,3,4,0,1.0,0.775,0.22499999999999998
M2|C00093,3,5,0,1.0,0.74,0.26
M2|C00096,3,6,1,0.8571428571428571,0.7685714285714285,0.08857142857142863
M2|C00097,3,3,0,1.0,0.7716666666666666,0.2283333333333334
M2|C00098,3,5,1,0.8333333333333334,0.7516666666666667,0.08166666666666667
M2|C00099,3,4,1,0.8,0.7559999999999999,0.04400000000000015
M2|C00103,3,10,3,0.7692307692307693,0.771923076923077,-0.0026923076923077716
M2|C00104,3,3,3,0.5,0.7875,-0.2875
M2|C00107,2,6,2,0.75,0.768125,-0.018124999999999947
M2|C00108,2,7,0,1.0,0.77,0.22999999999999998
M2|C00109,2,6,0,1.0,0.7925,0.20750000000000002
M2|C00112,2,3,2,0.6,0.7440000000000001,-0.14400000000000013
M2|C00113,2,6,0,1.0,0.7516666666666667,0.2483333333333333
M2|C00114,2,1,2,0.3333333333333333,0.7766666666666667,-0.4433333333333334
M2|C00117,2,9,0,1.0,0.7761111111111112,0.2238888888888888
M2|C00118,2,3,1,0.75,0.79875,-0.04874999999999996
M2|C00120,2,3,0,1.0,0.775,0.22499999999999998
M2|C00122,2,3,1,0.75,0.7975,-0.04749999999999999
M2|C00123,2,4,1,0.8,0.77,0.030000000000000027
M2|C00124,2,6,1,0.8571428571428571,0.7664285714285713,0.09071428571428575
M2|C00125,2,2,4,0.3333333333333333,0.7541666666666665,-0.4208333333333332
M2|C00126,2,5,0,1.0,0.767,0.23299999999999998
M2|C00127,2,6,2,0.75,0.769375,-0.01937500000000003
M2|C00129,2,3,1,0.75,0.795,-0.04500000000000004
M2|C00131,2,9,0,1.0,0.7727777777777777,0.22722222222222233
M2|C00132,2,4,1,0.8,0.769,0.031000000000000028
M2|C00136,2,6,0,1.0,0.78,0.21999999999999997
M2|C00141,2,15,4,0.7894736842105263,0.7818421052631578,0.007631578947368545
M2|C00146,2,2,2,0.5,0.8,-0.30000000000000004
M2|C00148,2,6,2,0.75,0.771875,-0.021874999999999978
M2|C00150,2,7,0,1.0,0.7685714285714285,0.23142857142857154
M2|C00151,2,13,2,0.8666666666666667,0.7746666666666667,0.09199999999999997
M2|C00153,2,7,1,0.875,0.771875,0.10312500000000002
M2|C00154,2,6,0,1.0,0.7491666666666668,0.25083333333333324
M2|C00158,2,3,1,0.75,0.775,-0.025000000000000022
M2|C00159,2,13,2,0.8666666666666667,0.7923333333333333,0.07433333333333336
M2|C00161,2,4,1,0.8,0.7669999999999999,0.03300000000000014
M2|C00164,2,5,3,0.625,0.764375,-0.13937500000000003
M2|C00165,2,4,0,1.0,0.795,0.20499999999999996
M2|C00166,2,7,3,0.7,0.7605,-0.0605
M2|C00167,2,5,0,1.0,0.7639999999999999,0.2360000000000001
M2|C00169,2,6,1,0.8571428571428571,0.7778571428571428,0.07928571428571429
M2|C00172,2,12,1,0.9230769230769231,0.7569230769230769,0.1661538461538462
M2|C00174,2,6,2,0.75,0.786875,-0.03687499999999999
M2|C00176,2,8,1,0.8888888888888888,0.7783333333333333,0.11055555555555552
M2|C00177,2,4,1,0.8,0.7869999999999999,0.013000000000000123
M2|C00179,2,1,3,0.25,0.8025,-0.5525
M2|C00180,2,6,2,0.75,0.775625,-0.02562500000000001
M2|C00181,2,2,2,0.5,0.7875,-0.2875
M2|C00190,1,4,0,1.0,0.80125,0.19874999999999998
M2|C00192,1,2,1,0.6666666666666666,0.77,-0.10333333333333339
M2|C00207,1,4,0,1.0,0.80125,0.19874999999999998
M2|C00221,1,3,0,1.0,0.77,0.22999999999999998
M2|C00234,1,3,0,1.0,0.7716666666666666,0.2283333333333334
M2|C00238,1,3,0,1.0,0.7716666666666666,0.2283333333333334
M2|C00242,1,3,1,0.75,0.77875,-0.028750000000000053
M2|C00251,1,3,2,0.6,0.77,-0.17000000000000004
M2|C00256,1,3,0,1.0,0.72,0.28
M2|C00262,1,5,0,1.0,0.7440000000000001,0.2559999999999999
M2|C00263,1,2,2,0.5,0.77125,-0.27125
M2|C00266,1,2,2,0.5,0.77125,-0.27125
M2|C00269,1,3,0,1.0,0.7633333333333333,0.2366666666666667
M2|C00270,1,3,0,1.0,0.7633333333333333,0.2366666666666667
M2|C00281,1,6,3,0.6666666666666666,0.7705555555555555,-0.10388888888888892
M2|C00284,1,3,3,0.5,0.7691666666666666,-0.26916666666666655
M2|C00289,1,2,1,0.6666666666666666,0.7766666666666667,-0.1100000000000001
M2|C00293,1,3,1,0.75,0.775,-0.025000000000000022
M2|C00296,1,3,1,0.75,0.775,-0.025000000000000022
M2|C00297,1,3,0,1.0,0.7766666666666667,0.22333333333333327
M2|C00298,1,5,0,1.0,0.7569999999999999,0.2430000000000001
M2|C00305,1,3,0,1.0,0.7283333333333333,0.2716666666666667
M2|C00307,1,8,0,1.0,0.74625,0.25375000000000003
M2|C00308,1,5,0,1.0,0.775,0.22499999999999998
M2|C00317,1,7,0,1.0,0.7757142857142856,0.22428571428571442
M2|C00318,1,3,1,0.75,0.79875,-0.04874999999999996
M2|C00321,1,5,2,0.7142857142857143,0.7757142857142856,-0.06142857142857128
M2|C00322,1,3,0,1.0,0.775,0.22499999999999998
M2|C00323,1,5,4,0.5555555555555556,0.7761111111111112,-0.22055555555555562
M2|C00351,1,3,0,1.0,0.775,0.22499999999999998
M2|C00352,1,4,1,0.8,0.764,0.03600000000000003
M2|C00354,1,8,3,0.7272727272727273,0.7613636363636364,-0.03409090909090906
M2|C00356,1,3,0,1.0,0.775,0.22499999999999998
M2|C00359,1,3,1,0.75,0.78875,-0.03874999999999995
M2|C00367,1,4,0,1.0,0.75375,0.24624999999999997
M2|C00375,1,3,0,1.0,0.7816666666666666,0.21833333333333338
M2|C00389,1,2,2,0.5,0.7675,-0.26749999999999996
M2|C00407,1,1,3,0.25,0.7975,-0.5475
M2|C00430,1,2,2,0.5,0.7975,-0.2975
M2|C00437,1,4,0,1.0,0.7975,0.2025
M2|C00450,1,4,0,1.0,0.78375,0.21625000000000005
M2|C00455,1,4,0,1.0,0.7725,0.22750000000000004
M2|C00480,1,3,0,1.0,0.7783333333333333,0.22166666666666668
M2|C00484,1,1,2,0.3333333333333333,0.7783333333333333,-0.445
M2|C00490,1,2,1,0.6666666666666666,0.7783333333333333,-0.11166666666666669
M2|C00500,1,4,0,1.0,0.79,0.20999999999999996
M2|C00508,1,3,0,1.0,0.775,0.22499999999999998
M2|C00515,1,2,1,0.6666666666666666,0.775,-0.10833333333333339
M2|C00516,1,3,0,1.0,0.775,0.22499999999999998
M2|C00518,1,5,0,1.0,0.769,0.23099999999999998
M2|C00526,1,6,1,0.8571428571428571,0.7585714285714285,0.09857142857142864
M2|C00540,1,3,1,0.75,0.79,-0.040000000000000036
M2|C00541,1,5,1,0.8333333333333334,0.78,0.053333333333333344
M2|C00543,1,2,1,0.6666666666666666,0.775,-0.10833333333333339
M2|C00544,1,3,1,0.75,0.79,-0.040000000000000036
M2|C00545,1,6,1,0.8571428571428571,0.7585714285714285,0.09857142857142864
M2|C00546,1,27,5,0.84375,0.75953125,0.08421875000000001
M2|C00551,1,4,0,1.0,0.79,0.20999999999999996
M2|C00553,1,1,2,0.3333333333333333,0.785,-0.4516666666666667
M2|C00570,1,5,1,0.8333333333333334,0.7916666666666667,0.04166666666666663
M2|C00587,1,5,0,1.0,0.773,0.22699999999999998
M2|C00597,1,4,0,1.0,0.8025,0.1975
M2|C00603,1,3,0,1.0,0.785,0.21499999999999997
M2|C00604,1,3,1,0.75,0.8025,-0.05249999999999999
M2|C00605,1,3,0,1.0,0.7966666666666665,0.20333333333333348
M2|C00606,1,3,1,0.75,0.79,-0.040000000000000036
M2|C00609,1,2,2,0.5,0.79,-0.29000000000000004
M2|C00610,1,3,1,0.75,0.79,-0.040000000000000036
M2|C00611,1,4,1,0.8,0.794,0.006000000000000005
M2|C00628,1,2,2,0.5,0.795,-0.29500000000000004
M2|C00654,1,3,0,1.0,0.78,0.21999999999999997
M2|C00658,1,3,1,0.75,0.8,-0.050000000000000044
M2|C00661,1,3,1,0.75,0.8,-0.050000000000000044
M2|C00662,1,1,2,0.3333333333333333,0.7716666666666667,-0.4383333333333334
M2|C00664,1,6,2,0.75,0.778125,-0.028124999999999956
M2|C00674,1,3,1,0.75,0.805,-0.05500000000000005
M2|C00681,1,5,0,1.0,0.77,0.22999999999999998
M2|C00692,1,72,4,0.9473684210526315,0.7826249999999999,0.16474342105263162
M2|C00696,1,4,0,1.0,0.8025,0.1975
M2|C00704,1,2,2,0.5,0.8025,-0.3025
M2|C00715,1,3,0,1.0,0.7733333333333334,0.22666666666666657
M2|C00716,1,3,0,1.0,0.7733333333333334,0.22666666666666657
M2|C00719,1,4,0,1.0,0.785,0.21499999999999997
M2|C00721,1,3,0,1.0,0.7733333333333334,0.22666666666666657
M2|C00726,1,3,0,1.0,0.7733333333333334,0.22666666666666657
M2|C00727,1,3,0,1.0,0.7733333333333334,0.22666666666666657
M2|C00729,1,3,0,1.0,0.7733333333333334,0.22666666666666657
M2|C00730,1,3,0,1.0,0.7733333333333334,0.22666666666666657
M2|C00733,1,3,0,1.0,0.7733333333333334,0.22666666666666657
M2|C00736,1,3,0,1.0,0.7733333333333334,0.22666666666666657
M2|C00741,1,5,1,0.8333333333333334,0.7908333333333334,0.04249999999999998
M2|C00743,1,3,1,0.75,0.79875,-0.04874999999999996
M2|C00748,1,3,1,0.75,0.79875,-0.04874999999999996
M2|C00760,1,3,0,1.0,0.7783333333333334,0.22166666666666657
M2|C00762,1,3,0,1.0,0.7783333333333334,0.22166666666666657
M2|C00770,1,4,4,0.5,0.78,-0.28
M2|C00775,1,6,1,0.8571428571428571,0.7692857142857141,0.08785714285714297
M2|C00794,1,3,0,1.0,0.7566666666666667,0.2433333333333333
M2|C00814,1,2,1,0.6666666666666666,0.7316666666666666,-0.06499999999999995
M2|C00822,1,2,1,0.6666666666666666,0.7316666666666666,-0.06499999999999995
M2|C00825,1,2,1,0.6666666666666666,0.7316666666666666,-0.06499999999999995
M2|C00826,1,3,0,1.0,0.7316666666666666,0.2683333333333334
M2|C00830,1,6,0,1.0,0.7891666666666666,0.21083333333333343
M2|C00846,1,3,0,1.0,0.7766666666666667,0.22333333333333327
M2|C00857,1,3,1,0.75,0.775,-0.025000000000000022
M2|C00865,1,5,0,1.0,0.74,0.26
M2|C00877,1,4,0,1.0,0.79,0.20999999999999996
M2|C00878,1,4,0,1.0,0.79,0.20999999999999996
M2|C00879,1,4,0,1.0,0.79,0.20999999999999996
M2|C00880,1,4,0,1.0,0.79,0.20999999999999996
M2|C00881,1,2,1,0.6666666666666666,0.765,-0.09833333333333338
M2|C00887,1,7,0,1.0,0.7714285714285714,0.22857142857142865
M2|C00894,1,3,0,1.0,0.755,0.245
M2|C00900,1,3,0,1.0,0.755,0.245
M2|C00902,1,3,1,0.75,0.7625,-0.012499999999999956
M2|C00903,1,3,1,0.75,0.7625,-0.012499999999999956
M2|C00913,1,0,3,0.0,0.7716666666666666,-0.7716666666666666
M2|C00916,1,3,1,0.75,0.795,-0.04500000000000004
M2|C00926,1,4,1,0.8,0.7659999999999999,0.03400000000000014
M2|C00955,1,3,0,1.0,0.7816666666666667,0.21833333333333327
M2|C00978,1,3,0,1.0,0.7816666666666667,0.21833333333333327
M2|C00992,1,3,0,1.0,0.7783333333333333,0.22166666666666668
M2|C01015,1,7,0,1.0,0.795,0.20499999999999996
M2|C01038,1,4,0,1.0,0.80875,0.19125000000000003
M2|C01046,1,2,1,0.6666666666666666,0.7616666666666666,-0.09499999999999997
M2|C01049,1,4,2,0.6666666666666666,0.7708333333333335,-0.10416666666666685
M2|C01066,1,2,1,0.6666666666666666,0.7783333333333334,-0.1116666666666668
M2|C01073,1,6,2,0.75,0.770625,-0.020625000000000004
M2|C01091,1,3,0,1.0,0.7816666666666667,0.21833333333333327
M2|C01106,1,3,3,0.5,0.7958333333333334,-0.2958333333333334
M2|C01112,1,5,2,0.7142857142857143,0.7671428571428571,-0.052857142857142825
M2|C01118,1,3,0,1.0,0.76,0.24
M2|C01123,1,5,0,1.0,0.7659999999999999,0.2340000000000001
M2|C01125,1,2,1,0.6666666666666666,0.7683333333333334,-0.1016666666666668
M2|C01140,1,2,1,0.6666666666666666,0.7633333333333333,-0.09666666666666668
M2|C01155,1,4,0,1.0,0.8075,0.1925
M2|C01168,1,4,0,1.0,0.755,0.245
M2|C01175,1,3,0,1.0,0.7783333333333333,0.22166666666666668
M2|C01177,1,4,1,0.8,0.779,0.02100000000000002
M2|C01193,1,2,1,0.6666666666666666,0.7816666666666666,-0.11499999999999999
M2|C01197,1,2,1,0.6666666666666666,0.7316666666666667,-0.06500000000000006
M2|C01200,1,4,1,0.8,0.7569999999999999,0.04300000000000015
M2|C01206,1,2,2,0.5,0.78125,-0.28125
M2|C01208,1,3,0,1.0,0.77,0.22999999999999998
M2|C01214,1,2,1,0.6666666666666666,0.7816666666666666,-0.11499999999999999
M3|C00001,164,147,42,0.7777777777777778,0.76125,0.016527777777777808
M3|C00002,156,247,215,0.5346320346320347,0.7767500000000002,-0.24211796536796548
M3|C00003,104,336,67,0.8337468982630273,0.7730000000000001,0.06074689826302715
M3|C00004,76,260,58,0.8176100628930818,0.7596250000000001,0.057985062893081696
M3|C00005,72,212,48,0.8153846153846154,0.781375,0.03400961538461533
M3|C00006,63,258,54,0.8269230769230769,0.781375,0.04554807692307683
M3|C00007,61,137,59,0.6989795918367347,0.7719999999999999,-0.07302040816326516
M3|C00008,57,137,34,0.8011695906432749,0.776125,0.02504459064327491
M3|C00009,38,67,27,0.7127659574468085,0.7825,-0.06973404255319149
M3|C00010,36,189,15,0.9264705882352942,0.781375,0.14509558823529412
M3|C00011,34,112,22,0.835820895522388,0.77225,0.06357089552238804
M3|C00012,29,86,29,0.7478260869565218,0.781375,-0.03354891304347829
M3|C00013,27,58,29,0.6666666666666666,0.7725,-0.10583333333333333
M3|C00014,24,70,15,0.8235294117647058,0.7796249999999999,0.04390441176470594
M3|C00015,22,69,2,0.971830985915493,0.7751249999999998,0.19670598591549315
M3|C00016,21,47,18,0.7230769230769231,0.7725,-0.0494230769230769
M3|C00017,21,66,12,0.8461538461538461,0.781375,0.0647788461538461
M3|C00018,19,32,9,0.7804878048780488,0.7725,0.007987804878048843
M3|C00019,19,26,2,0.9285714285714286,0.7882142857142856,0.14035714285714296
M3|C00020,17,46,18,0.71875,0.7567500000000001,-0.038000000000000145
M3|C00021,17,21,24,0.4666666666666667,0.7758749999999999,-0.3092083333333332
M3|C00022,16,13,5,0.7222222222222222,0.7713888888888889,-0.04916666666666669
M3|C00023,12,14,8,0.6363636363636364,0.7829545454545453,-0.146590909090909
M3|C00024,11,7,1,0.875,0.769375,0.10562499999999997
M3|C00025,10,18,30,0.375,0.784125,-0.40912499999999996
M3|C00026,10,23,14,0.6216216216216216,0.7818918918918919,-0.1602702702702703
M3|C00027,10,21,14,0.6,0.7774285714285715,-0.1774285714285715
M3|C00028,9,4,1,0.8,0.773,0.027000000000000024
M3|C00029,9,21,5,0.8076923076923077,0.7846153846153845,0.023076923076923217
M3|C00030,8,24,6,0.8,0.7631666666666667,0.036833333333333385
M3|C00031,8,18,6,0.75,0.74875,0.0012499999999999734
M3|C00032,8,39,0,1.0,0.7848717948717949,0.21512820512820507
M3|C00033,8,8,2,0.8,0.7709999999999999,0.029000000000000137
M3|C00034,8,16,4,0.8,0.76325,0.03675000000000006
M3|C00035,8,18,8,0.6923076923076923,0.7601923076923077,-0.06788461538461543
M3|C00036,7,11,5,0.6875,0.7515625,-0.06406250000000002
M3|C00037,7,33,11,0.75,0.776125,-0.026124999999999954
M3|C00038,7,7,7,0.5,0.7757142857142858,-0.2757142857142858
M3|C00039,7,9,8,0.5294117647058824,0.785,-0.25558823529411767
M3|C00040,7,9,3,0.75,0.7841666666666667,-0.03416666666666668
M3|C00041,7,34,6,0.85,0.77225,0.07774999999999999
M3|C00042,7,13,3,0.8125,0.776875,0.03562500000000002
M3|C00043,7,11,5,0.6875,0.778125,-0.09062499999999996
M3|C00044,6,12,0,1.0,0.7795833333333334,0.2204166666666666
M3|C00045,6,16,5,0.7619047619047619,0.7773809523809524,-0.015476190476190532
M3|C00046,6,8,2,0.8,0.7709999999999999,0.029000000000000137
M3|C00047,6,11,6,0.6470588235294118,0.7873529411764705,-0.14029411764705868
M3|C00049,6,7,3,0.7,0.7719999999999999,-0.07199999999999995
M3|C00050,6,9,4,0.6923076923076923,0.7680769230769232,-0.07576923076923092
M3|C00051,6,3,0,1.0,0.7633333333333333,0.2366666666666667
M3|C00053,5,3,2,0.6,0.7639999999999999,-0.16399999999999992
M3|C00054,5,15,5,0.75,0.7825,-0.03249999999999997
M3|C00055,5,7,0,1.0,0.7614285714285713,0.23857142857142866
M3|C00056,5,10,6,0.625,0.7728125,-0.1478125
M3|C00057,5,11,3,0.7857142857142857,0.7796428571428571,0.0060714285714286165
M3|C00058,5,14,0,1.0,0.7660714285714285,0.23392857142857149
M3|C00059,5,7,0,1.0,0.7692857142857141,0.23071428571428587
M3|C00060,5,7,2,0.7777777777777778,0.7594444444444445,0.018333333333333313
M3|C00061,5,12,2,0.8571428571428571,0.7810714285714286,0.07607142857142846
M3|C00062,5,8,1,0.8888888888888888,0.7722222222222223,0.11666666666666659
M3|C00063,5,7,5,0.5833333333333334,0.7783333333333334,-0.19500000000000006
M3|C00064,5,2,1,0.6666666666666666,0.7783333333333334,-0.1116666666666668
M3|C00066,4,9,2,0.8181818181818182,0.7622727272727272,0.05590909090909102
M3|C00067,4,10,4,0.7142857142857143,0.7882142857142859,-0.07392857142857157
M3|C00069,4,3,0,1.0,0.7616666666666667,0.23833333333333329
M3|C00070,4,22,0,1.0,0.7945454545454546,0.20545454545454545
M3|C00071,4,14,0,1.0,0.7778571428571428,0.2221428571428572
M3|C00072,4,12,1,0.9230769230769231,0.761923076923077,0.1611538461538461
M3|C00073,4,9,0,1.0,0.7644444444444446,0.2355555555555554
M3|C00074,4,19,5,0.7916666666666666,0.7616666666666666,0.030000000000000027
M3|C00075,4,15,3,0.8333333333333334,0.7694444444444444,0.063888888888889
M3|C00076,4,4,0,1.0,0.77875,0.22124999999999995
M3|C00077,4,3,1,0.75,0.8,-0.050000000000000044
M3|C00078,4,4,0,1.0,0.75125,0.24875000000000003
M3|C00079,4,4,2,0.6666666666666666,0.7883333333333333,-0.1216666666666667
M3|C00080,4,12,2,0.8571428571428571,0.7728571428571429,0.08428571428571419
M3|C00081,3,5,2,0.7142857142857143,0.7714285714285714,-0.05714285714285705
M3|C00082,3,7,3,0.7,0.769,-0.06900000000000006
M3|C00083,3,6,3,0.6666666666666666,0.7566666666666667,-0.09000000000000008
M3|C00084,3,5,0,1.0,0.7569999999999999,0.2430000000000001
M3|C00085,3,4,1,0.8,0.764,0.03600000000000003
M3|C00086,3,8,4,0.6666666666666666,0.7725,-0.10583333333333333
M3|C00088,3,4,1,0.8,0.7559999999999999,0.04400000000000015
M3|C00089,3,2,2,0.5,0.7675,-0.26749999999999996
M3|C00091,3,9,0,1.0,0.7727777777777777,0.22722222222222233
M3|C00092,3,13,3,0.8125,0.7728125,0.03968749999999999
M3|C00093,3,6,5,0.5454545454545454,0.7645454545454546,-0.21909090909090922
M3|C00094,3,5,1,0.8333333333333334,0.78,0.053333333333333344
M3|C00095,3,18,5,0.782608695652174,0.7580434782608695,0.02456521739130446
M3|C00096,3,3,1,0.75,0.79,-0.040000000000000036
M3|C00098,3,10,2,0.8333333333333334,0.7708333333333333,0.06250000000000011
M3|C00099,3,9,4,0.6923076923076923,0.761923076923077,-0.06961538461538475
M3|C00100,3,6,5,0.5454545454545454,0.7763636363636363,-0.23090909090909084
M3|C00102,3,10,0,1.0,0.789,0.21099999999999997
M3|C00103,3,3,0,1.0,0.7716666666666667,0.22833333333333328
M3|C00104,3,4,0,1.0,0.79875,0.20125000000000004
M3|C00105,3,9,3,0.75,0.775,-0.025000000000000022
M3|C00107,3,4,1,0.8,0.76,0.040000000000000036
M3|C00109,3,4,4,0.5,0.769375,-0.26937500000000003
M3|C00111,3,5,2,0.7142857142857143,0.7685714285714285,-0.05428571428571416
M3|C00114,3,3,1,0.75,0.7775,-0.02749999999999997
M3|C00117,3,4,1,0.8,0.765,0.03500000000000003
M3|C00118,3,6,1,0.8571428571428571,0.7749999999999999,0.08214285714285718
M3|C00122,2,4,1,0.8,0.7659999999999999,0.03400000000000014
M3|C00124,2,4,2,0.6666666666666666,0.7791666666666666,-0.11249999999999993
M3|C00126,2,3,0,1.0,0.77,0.22999999999999998
M3|C00127,2,3,3,0.5,0.7791666666666666,-0.27916666666666656
M3|C00129,2,6,0,1.0,0.7675,0.23250000000000004
M3|C00130,2,4,0,1.0,0.77875,0.22124999999999995
M3|C00131,2,5,1,0.8333333333333334,0.7675,0.06583333333333341
M3|C00132,2,3,0,1.0,0.7716666666666666,0.2283333333333334
M3|C00134,2,4,0,1.0,0.77125,0.22875
M3|C00135,2,0,3,0.0,0.72,-0.72
M3|C00137,2,2,1,0.6666666666666666,0.7766666666666667,-0.1100000000000001
M3|C00142,2,1,2,0.3333333333333333,0.775,-0.4416666666666667
M3|C00143,2,4,3,0.5714285714285714,0.7757142857142856,-0.20428571428571418
M3|C00144,2,2,1,0.6666666666666666,0.775,-0.10833333333333339
M3|C00145,2,9,1,0.9,0.762,0.138
M3|C00146,2,7,2,0.7777777777777778,0.765,0.012777777777777777
M3|C00148,2,5,0,1.0,0.77,0.22999999999999998
M3|C00153,2,4,2,0.6666666666666666,0.7541666666666665,-0.08749999999999991
M3|C00154,2,3,0,1.0,0.7683333333333334,0.23166666666666658
M3|C00155,2,5,1,0.8333333333333334,0.7916666666666665,0.04166666666666685
M3|C00157,2,6,1,0.8571428571428571,0.7757142857142857,0.0814285714285714
M3|C00158,2,4,5,0.4444444444444444,0.7727777777777777,-0.32833333333333325
M3|C00159,2,3,1,0.75,0.795,-0.04500000000000004
M3|C00160,2,8,1,0.8888888888888888,0.7727777777777777,0.11611111111111116
M3|C00161,2,8,0,1.0,0.778125,0.22187500000000004
M3|C00162,2,4,0,1.0,0.79,0.20999999999999996
M3|C00164,2,4,2,0.6666666666666666,0.78,-0.1133333333333334
M3|C00165,2,4,1,0.8,0.769,0.031000000000000028
M3|C00166,2,3,0,1.0,0.775,0.22499999999999998
M3|C00167,2,2,3,0.4,0.769,-0.369
M3|C00169,2,6,2,0.75,0.781875,-0.03187499999999999
M3|C00170,2,10,2,0.8333333333333334,0.7970833333333335,0.03624999999999989
M3|C00176,2,2,2,0.5,0.7525,-0.25249999999999995
M3|C00177,2,5,5,0.5,0.7675,-0.26749999999999996
M3|C00178,2,12,0,1.0,0.7783333333333334,0.22166666666666657
M3|C00182,2,3,1,0.75,0.78625,-0.036250000000000004
M3|C00183,2,6,1,0.8571428571428571,0.7607142857142857,0.09642857142857142
M3|C00184,2,8,1,0.8888888888888888,0.7644444444444446,0.12444444444444425
M3|C00186,2,6,2,0.75,0.78,-0.030000000000000027
M3|C00189,2,1,2,0.3333333333333333,0.7683333333333333,-0.435
M3|C00190,2,3,0,1.0,0.7683333333333333,0.2316666666666667
M3|C00191,2,4,0,1.0,0.795,0.20499999999999996
M3|C00192,2,8,0,1.0,0.769375,0.23062499999999997
M3|C00193,2,12,0,1.0,0.7545833333333334,0.24541666666666662
M3|C00194,2,10,2,0.8333333333333334,0.7895833333333333,0.04375000000000007
M3|C00198,2,5,2,0.7142857142857143,0.7485714285714284,-0.03428571428571414
M3|C00199,2,3,0,1.0,0.745,0.255
M3|C00200,2,2,1,0.6666666666666666,0.755,-0.08833333333333337
M3|C00203,2,1,3,0.25,0.795,-0.545
M3|C00204,2,5,0,1.0,0.7639999999999999,0.2360000000000001
M3|C00205,2,3,0,1.0,0.7816666666666667,0.21833333333333327
M3|C00206,2,4,2,0.6666666666666666,0.7791666666666667,-0.11250000000000004
M3|C00208,2,7,3,0.7,0.7705,-0.07050000000000001
M3|C00209,2,3,0,1.0,0.7783333333333333,0.22166666666666668
M3|C00210,2,6,0,1.0,0.7916666666666667,0.20833333333333326
M3|C00211,2,6,1,0.8571428571428571,0.7842857142857141,0.07285714285714295
M3|C00212,2,3,4,0.42857142857142855,0.7635714285714285,-0.3349999999999999
M3|C00213,2,6,1,0.8571428571428571,0.8164285714285714,0.0407142857142857
M3|C00214,2,5,0,1.0,0.7759999999999999,0.2240000000000001
M3|C00216,2,3,1,0.75,0.75125,-0.0012499999999999734
M3|C00217,2,1,3,0.25,0.75125,-0.50125
M3|C00223,2,2,2,0.5,0.8025,-0.3025
M3|C00224,2,5,0,1.0,0.7769999999999999,0.2230000000000001
M3|C00225,2,2,1,0.6666666666666666,0.76,-0.09333333333333338
M3|C00226,2,6,0,1.0,0.7883333333333333,0.21166666666666667
M3|C00228,2,5,3,0.625,0.778125,-0.15312499999999996
M3|C00229,2,4,0,1.0,0.7875,0.21250000000000002
M3|C00233,2,6,2,0.75,0.775625,-0.02562500000000001
M3|C00234,2,3,4,0.42857142857142855,0.7621428571428569,-0.33357142857142835
M3|C00237,1,7,1,0.875,0.770625,0.104375
M3|C00249,1,3,0,1.0,0.77,0.22999999999999998
M3|C00251,1,2,1,0.6666666666666666,0.77,-0.10333333333333339
M3|C00260,1,4,0,1.0,0.77875,0.22124999999999995
M3|C00267,1,4,0,1.0,0.77875,0.22124999999999995
M3|C00272,1,2,1,0.6666666666666666,0.7716666666666666,-0.10499999999999998
M3|C00278,1,5,0,1.0,0.77,0.22999999999999998
M3|C00279,1,3,1,0.75,0.79625,-0.04625000000000001
M3|C00290,1,3,0,1.0,0.72,0.28
M3|C00295,1,5,0,1.0,0.7639999999999999,0.2360000000000001
M3|C00296,1,3,4,0.42857142857142855,0.7692857142857141,-0.3407142857142856
M3|C00301,1,3,0,1.0,0.7633333333333333,0.2366666666666667
M3|C00304,1,3,2,0.6,0.7569999999999999,-0.15699999999999992
M3|C00305,1,3,0,1.0,0.7766666666666667,0.22333333333333327
M3|C00307,1,3,0,1.0,0.7766666666666667,0.22333333333333327
M3|C00308,1,5,1,0.8333333333333334,0.7691666666666666,0.06416666666666682
M3|C00309,1,3,0,1.0,0.7766666666666667,0.22333333333333327
M3|C00310,1,4,1,0.8,0.7569999999999999,0.04300000000000015
M3|C00313,1,6,1,0.8571428571428571,0.7549999999999999,0.1021428571428572
M3|C00321,1,4,0,1.0,0.775,0.22499999999999998
M3|C00322,1,3,0,1.0,0.7766666666666667,0.22333333333333327
M3|C00341,1,5,0,1.0,0.77,0.22999999999999998
M3|C00348,1,4,2,0.6666666666666666,0.7933333333333334,-0.12666666666666682
M3|C00350,1,3,1,0.75,0.79875,-0.04874999999999996
M3|C00351,1,1,3,0.25,0.79875,-0.54875
M3|C00354,1,5,0,1.0,0.764,0.236
M3|C00364,1,6,2,0.75,0.766875,-0.016874999999999973
M3|C00368,1,3,1,0.75,0.75375,-0.003750000000000031
M3|C00371,1,5,0,1.0,0.7729999999999998,0.2270000000000002
M3|C00390,1,4,1,0.8,0.77,0.030000000000000027
M3|C00392,1,4,1,0.8,0.768,0.03200000000000003
M3|C00404,1,4,0,1.0,0.7725,0.22750000000000004
M3|C00405,1,2,1,0.6666666666666666,0.7533333333333334,-0.08666666666666678
M3|C00415,1,2,1,0.6666666666666666,0.7616666666666667,-0.09500000000000008
M3|C00419,1,4,3,0.5714285714285714,0.7714285714285714,-0.19999999999999996
M3|C00421,1,3,1,0.75,0.79125,-0.04125000000000001
M3|C00426,1,2,1,0.6666666666666666,0.7783333333333333,-0.11166666666666669
M3|C00431,1,4,1,0.8,0.7719999999999999,0.028000000000000136
M3|C00432,1,8,2,0.8,0.7709999999999999,0.029000000000000137
M3|C00435,1,2,1,0.6666666666666666,0.7783333333333333,-0.11166666666666669
M3|C00439,1,4,1,0.8,0.769,0.031000000000000028
M3|C00440,1,3,3,0.5,0.78,-0.28
M3|C00443,1,3,0,1.0,0.775,0.22499999999999998
M3|C00446,1,6,1,0.8571428571428571,0.7585714285714285,0.09857142857142864
M3|C00447,1,3,1,0.75,0.79,-0.040000000000000036
M3|C00448,1,3,0,1.0,0.775,0.22499999999999998
M3|C00451,1,2,1,0.6666666666666666,0.775,-0.10833333333333339
M3|C00457,1,2,1,0.6666666666666666,0.775,-0.10833333333333339
M3|C00459,1,3,1,0.75,0.79,-0.040000000000000036
M3|C00460,1,2,1,0.6666666666666666,0.775,-0.10833333333333339
M3|C00464,1,3,1,0.75,0.79,-0.040000000000000036
M3|C00465,1,4,1,0.8,0.769,0.031000000000000028
M3|C00467,1,3,1,0.75,0.79,-0.040000000000000036
M3|C00468,1,3,3,0.5,0.78,-0.28
M3|C00473,1,7,2,0.7777777777777778,0.7655555555555555,0.012222222222222245
M3|C00474,1,6,3,0.6666666666666666,0.7655555555555555,-0.09888888888888892
M3|C00476,1,6,0,1.0,0.78,0.21999999999999997
M3|C00479,1,6,0,1.0,0.78,0.21999999999999997
M3|C00483,1,8,0,1.0,0.761875,0.23812500000000003
M3|C00491,1,5,0,1.0,0.769,0.23099999999999998
M3|C00495,1,3,1,0.75,0.79,-0.040000000000000036
M3|C00502,1,6,2,0.75,0.77375,-0.02375000000000005
M3|C00505,1,5,0,1.0,0.773,0.22699999999999998
M3|C00511,1,3,0,1.0,0.785,0.21499999999999997
M3|C00513,1,3,1,0.75,0.8025,-0.05249999999999999
M3|C00516,1,3,1,0.75,0.8025,-0.05249999999999999
M3|C00520,1,2,1,0.6666666666666666,0.785,-0.1183333333333334
M3|C00523,1,2,1,0.6666666666666666,0.785,-0.1183333333333334
M3|C00524,1,4,5,0.4444444444444444,0.7711111111111112,-0.32666666666666677
M3|C00526,1,3,0,1.0,0.7966666666666665,0.20333333333333348
M3|C00528,1,3,0,1.0,0.7966666666666665,0.20333333333333348
M3|C00564,1,3,0,1.0,0.765,0.235
M3|C00576,1,5,0,1.0,0.768,0.23199999999999998
M3|C00585,1,5,0,1.0,0.7729999999999998,0.2270000000000002
M3|C00593,1,25,1,0.9615384615384616,0.7640384615384614,0.19750000000000012
M3|C00594,1,3,0,1.0,0.7733333333333334,0.22666666666666657
M3|C00596,1,3,0,1.0,0.7733333333333334,0.22666666666666657
M3|C00597,1,3,0,1.0,0.7733333333333334,0.22666666666666657
M3|C00600,1,4,0,1.0,0.785,0.21499999999999997
M3|C00601,1,3,0,1.0,0.7733333333333334,0.22666666666666657
M3|C00602,1,4,0,1.0,0.785,0.21499999999999997
M3|C00603,1,2,2,0.5,0.78625,-0.28625
M3|C00604,1,3,0,1.0,0.7733333333333334,0.22666666666666657
M3|C00606,1,3,0,1.0,0.7733333333333334,0.22666666666666657
M3|C00607,1,4,0,1.0,0.785,0.21499999999999997
M3|C00608,1,4,0,1.0,0.79875,0.20125000000000004
M3|C00612,1,4,2,0.6666666666666666,0.7908333333333334,-0.12416666666666676
M3|C00613,1,2,2,0.5,0.79875,-0.29874999999999996
M3|C00617,1,3,0,1.0,0.77,0.22999999999999998
M3|C00624,1,3,0,1.0,0.7783333333333334,0.22166666666666657
M3|C00628,1,2,1,0.6666666666666666,0.7683333333333333,-0.10166666666666668
M3|C00632,1,2,1,0.6666666666666666,0.7683333333333333,-0.10166666666666668
M3|C00633,1,2,1,0.6666666666666666,0.7683333333333333,-0.10166666666666668
M3|C00641,1,2,1,0.6666666666666666,0.7683333333333333,-0.10166666666666668
M3|C00645,1,5,1,0.8333333333333334,0.7883333333333334,0.04499999999999993
M3|C00648,1,3,0,1.0,0.7683333333333333,0.2316666666666667
M3|C00662,1,4,0,1.0,0.77375,0.22624999999999995
M3|C00673,1,2,1,0.6666666666666666,0.7316666666666666,-0.06499999999999995
M3|C00674,1,3,2,0.6,0.748,-0.14800000000000002
M3|C00680,1,3,0,1.0,0.7316666666666666,0.2683333333333334
M3|C00681,1,5,0,1.0,0.748,0.252
M3|C00682,1,3,0,1.0,0.7316666666666666,0.2683333333333334
M3|C00686,1,2,1,0.6666666666666666,0.7616666666666667,-0.09500000000000008
M3|C00695,1,142,4,0.9726027397260274,0.7895,0.18310273972602742
M3|C00708,1,4,1,0.8,0.74,0.06000000000000005
M3|C00717,1,4,1,0.8,0.74,0.06000000000000005
M3|C00721,1,3,1,0.75,0.78625,-0.036250000000000004
M3|C00722,1,4,0,1.0,0.78625,0.21375
M3|C00734,1,2,1,0.6666666666666666,0.755,-0.08833333333333337
M3|C00754,1,3,0,1.0,0.7716666666666666,0.2283333333333334
M3|C00773,1,2,2,0.5,0.77875,-0.27875000000000005
M3|C00778,1,2,2,0.5,0.77875,-0.27875000000000005
M3|C00780,1,3,0,1.0,0.765,0.235
M3|C00785,1,3,4,0.42857142857142855,0.7778571428571428,-0.34928571428571425
M3|C00795,1,3,1,0.75,0.77875,-0.028750000000000053
M3|C00796,1,2,1,0.6666666666666666,0.7816666666666667,-0.1150000000000001
M3|C00799,1,3,0,1.0,0.7816666666666667,0.21833333333333327
M3|C00805,1,3,0,1.0,0.7816666666666667,0.21833333333333327
M3|C00814,1,6,1,0.8571428571428571,0.76,0.09714285714285709
M3|C00817,1,2,2,0.5,0.79125,-0.29125
M3|C00824,1,8,0,1.0,0.775,0.22499999999999998
M3|C00827,1,3,1,0.75,0.81,-0.06000000000000005
M3|C00828,1,5,2,0.7142857142857143,0.7842857142857141,-0.06999999999999984
M3|C00829,1,3,1,0.75,0.81,-0.06000000000000005
M3|C00832,1,3,1,0.75,0.81,-0.06000000000000005
M3|C00834,1,5,1,0.8333333333333334,0.7916666666666667,0.04166666666666663
M3|C00843,1,2,1,0.6666666666666666,0.7283333333333334,-0.06166666666666676
M3|C00855,1,3,0,1.0,0.75,0.25
M3|C00856,1,3,0,1.0,0.75,0.25
M3|C00866,1,2,1,0.6666666666666666,0.7783333333333334,-0.1116666666666668
M3|C00867,1,3,0,1.0,0.7783333333333334,0.22166666666666657
M3|C00869,1,4,1,0.8,0.765,0.03500000000000003
M3|C00876,1,2,2,0.5,0.8025,-0.3025
M3|C00881,1,3,1,0.75,0.8025,-0.05249999999999999
M3|C00890,1,5,0,1.0,0.7769999999999999,0.2230000000000001
M3|C00904,1,2,1,0.6666666666666666,0.76,-0.09333333333333338
M3|C00905,1,3,0,1.0,0.76,0.24
M3|C00907,1,3,0,1.0,0.76,0.24
M3|C00911,1,2,1,0.6666666666666666,0.76,-0.09333333333333338
M3|C00912,1,1,2,0.3333333333333333,0.76,-0.4266666666666667
M3|C00913,1,3,1,0.75,0.7875,-0.03749999999999998
M3|C00914,1,5,1,0.8333333333333334,0.7883333333333333,0.04500000000000004
M3|C00915,1,3,1,0.75,0.7875,-0.03749999999999998
M3|C00918,1,3,0,1.0,0.76,0.24
M3|C00924,1,6,2,0.75,0.76875,-0.018750000000000044
M3|C00928,1,3,0,1.0,0.7666666666666666,0.2333333333333334
M3|C00931,1,4,0,1.0,0.7525,0.24750000000000005
M3|C00946,1,2,4,0.3333333333333333,0.7958333333333334,-0.4625000000000001
M3|C00959,1,3,0,1.0,0.7783333333333333,0.22166666666666668
M3|C00965,1,3,0,1.0,0.7666666666666666,0.2333333333333334
M3|C00980,1,2,1,0.6666666666666666,0.785,-0.1183333333333334
M3|C00984,1,1,3,0.25,0.80125,-0.55125
M4|C00001,107,99,35,0.7388059701492538,0.7851250000000001,-0.04631902985074632
M4|C00002,95,274,164,0.6255707762557078,0.7853749999999999,-0.15980422374429215
M4|C00003,91,229,56,0.8035087719298246,0.781375,0.022133771929824575
M4|C00004,83,199,48,0.805668016194332,0.7609999999999999,0.04466801619433214
M4|C00005,61,134,40,0.7701149425287356,0.7751249999999998,-0.005010057471264262
M4|C00006,58,101,40,0.7163120567375887,0.774625,-0.05831294326241132
M4|C00007,56,86,56,0.6056338028169014,0.779,-0.17336619718309865
M4|C00008,53,145,28,0.838150289017341,0.776125,0.062025289017341056
M4|C00009,38,121,26,0.8231292517006803,0.7730000000000001,0.050129251700680166
M4|C00010,34,71,25,0.7395833333333334,0.769125,-0.029541666666666577
M4|C00011,29,97,13,0.8818181818181818,0.7822499999999999,0.09956818181818194
M4|C00012,26,67,5,0.9305555555555556,0.7853749999999999,0.14518055555555565
M4|C00013,25,56,10,0.8484848484848485,0.7596250000000001,0.0888598484848484
M4|C00014,25,36,13,0.7346938775510204,0.7609999999999999,-0.026306122448979452
M4|C00015,24,52,16,0.7647058823529411,0.7609999999999999,0.0037058823529412255
M4|C00016,21,51,31,0.6219512195121951,0.7596250000000001,-0.137673780487805
M4|C00017,20,65,10,0.8666666666666667,0.78,0.08666666666666667
M4|C00018,19,10,3,0.7692307692307693,0.7519230769230769,0.017307692307692357
M4|C00019,18,40,7,0.851063829787234,0.7796249999999999,0.07143882978723415
M4|C00020,17,55,13,0.8088235294117647,0.7596250000000001,0.04919852941176461
M4|C00021,17,45,14,0.7627118644067796,0.782875,-0.02016313559322036
M4|C00022,17,35,9,0.7954545454545454,0.7985000000000001,-0.0030454545454546844
M4|C00023,17,77,1,0.9871794871794872,0.7767500000000002,0.21042948717948706
M4|C00024,16,36,28,0.5625,0.7596250000000001,-0.1971250000000001
M4|C00025,16,14,5,0.7368421052631579,0.7565789473684211,-0.019736842105263275
M4|C00026,15,39,9,0.8125,0.784125,0.02837500000000004
M4|C00027,15,74,12,0.8604651162790697,0.76875,0.0917151162790697
M4|C00028,15,40,11,0.7843137254901961,0.77625,0.008063725490196072
M4|C00029,15,29,16,0.6444444444444445,0.7567500000000001,-0.11230555555555566
M4|C00030,14,28,11,0.717948717948718,0.7794871794871796,-0.06153846153846165
M4|C00031,13,13,7,0.65,0.777,-0.127
M4|C00032,13,21,22,0.4883720930232558,0.775,-0.28662790697674423
M4|C00033,13,27,10,0.7297297297297297,0.7835135135135135,-0.05378378378378379
M4|C00034,12,21,4,0.84,0.7816,0.05840000000000001
M4|C00035,12,49,13,0.7903225806451613,0.7825,0.007822580645161281
M4|C00036,12,15,7,0.6818181818181818,0.7868181818181819,-0.1050000000000001
M4|C00037,12,20,8,0.7142857142857143,0.7789285714285714,-0.06464285714285711
M4|C00038,12,15,3,0.8333333333333334,0.7780555555555556,0.05527777777777776
M4|C00039,11,36,8,0.8181818181818182,0.7596250000000001,0.05855681818181813
M4|C00040,11,26,5,0.8387096774193549,0.7766129032258065,0.06209677419354842
M4|C00041,11,15,3,0.8333333333333334,0.7847222222222223,0.04861111111111105
M4|C00042,11,68,5,0.9315068493150684,0.76,0.17150684931506843
M4|C00043,11,16,18,0.47058823529411764,0.7805882352941177,-0.31000000000000005
M4|C00044,10,25,8,0.7575757575757576,0.7795454545454547,-0.021969696969697083
M4|C00045,10,9,4,0.6923076923076923,0.7688461538461538,-0.07653846153846156
M4|C00046,10,24,2,0.9230769230769231,0.795,0.1280769230769231
M4|C00047,10,68,4,0.9444444444444444,0.779,0.1654444444444444
M4|C00048,10,15,3,0.8333333333333334,0.7847222222222223,0.04861111111111105
M4|C00049,10,38,1,0.9743589743589743,0.7798717948717949,0.19448717948717942
M4|C00050,10,31,9,0.775,0.798375,-0.023374999999999924
M4|C00051,9,5,1,0.8333333333333334,0.7541666666666668,0.07916666666666661
M4|C00052,9,8,0,1.0,0.775625,0.224375
M4|C00053,9,21,12,0.6363636363636364,0.7724242424242425,-0.1360606060606061
M4|C00054,9,41,18,0.6949152542372882,0.781375,-0.08645974576271187
M4|C00055,9,11,3,0.7857142857142857,0.7842857142857143,0.0014285714285714457
M4|C00056,8,6,10,0.375,0.7790625,-0.4040625
M4|C00057,8,29,13,0.6904761904761905,0.7725,-0.0820238095238095
M4|C00058,8,8,2,0.8,0.757,0.04300000000000004
M4|C00059,8,22,5,0.8148148148148148,0.781111111111111,0.03370370370370379
M4|C00060,8,26,3,0.896551724137931,0.7724137931034483,0.12413793103448278
M4|C00061,8,6,5,0.5454545454545454,0.765909090909091,-0.22045454545454557
M4|C00062,8,9,5,0.6428571428571429,0.7767857142857142,-0.13392857142857129
M4|C00063,7,8,2,0.8,0.762,0.038000000000000034
M4|C00064,7,16,3,0.8421052631578947,0.7784210526315789,0.06368421052631579
M4|C00065,7,3,1,0.75,0.7675,-0.01749999999999996
M4|C00066,7,11,14,0.44,0.7606,-0.32060000000000005
M4|C00067,7,18,5,0.782608695652174,0.7880434782608694,-0.005434782608695454
M4|C00068,7,15,3,0.8333333333333334,0.7813888888888889,0.05194444444444446
M4|C00069,7,17,4,0.8095238095238095,0.7814285714285714,0.028095238095238173
M4|C00071,6,4,2,0.6666666666666666,0.7625,-0.09583333333333333
M4|C00072,6,7,2,0.7777777777777778,0.7566666666666666,0.02111111111111119
M4|C00073,6,152,11,0.9325153374233128,0.7752500000000001,0.15726533742331272
M4|C00074,6,15,1,0.9375,0.7659375,0.17156249999999995
M4|C00075,6,14,9,0.6086956521739131,0.7704347826086956,-0.1617391304347825
M4|C00076,6,15,5,0.75,0.7795000000000001,-0.02950000000000008
M4|C00077,6,17,13,0.5666666666666667,0.7853333333333333,-0.21866666666666668
M4|C00079,5,1,2,0.3333333333333333,0.77,-0.4366666666666667
M4|C00080,5,5,1,0.8333333333333334,0.7675,0.06583333333333341
M4|C00081,5,10,3,0.7692307692307693,0.7780769230769231,-0.008846153846153837
M4|C00082,5,4,1,0.8,0.77,0.030000000000000027
M4|C00083,5,23,2,0.92,0.7797999999999999,0.1402000000000001
M4|C00084,5,19,6,0.76,0.7683999999999999,-0.008399999999999852
M4|C00085,5,12,0,1.0,0.7729166666666667,0.2270833333333333
M4|C00086,5,4,4,0.5,0.766875,-0.266875
M4|C00087,5,6,4,0.6,0.779,-0.17900000000000005
M4|C00088,5,4,1,0.8,0.767,0.03300000000000003
M4|C00089,5,12,1,0.9230769230769231,0.7696153846153845,0.15346153846153865
M4|C00090,5,7,3,0.7,0.7709999999999999,-0.07099999999999995
M4|C00091,5,9,1,0.9,0.7709999999999999,0.12900000000000011
M4|C00092,5,12,4,0.75,0.778125,-0.028124999999999956
M4|C00093,5,28,7,0.8,0.7767142857142858,0.023285714285714243
M4|C00094,5,3,0,1.0,0.7966666666666665,0.20333333333333348
M4|C00095,5,4,2,0.6666666666666666,0.795,-0.1283333333333334
M4|C00096,5,4,0,1.0,0.75375,0.24624999999999997
M4|C00097,5,13,0,1.0,0.7646153846153848,0.2353846153846152
M4|C00098,5,27,4,0.8709677419354839,0.7719354838709677,0.09903225806451621
M4|C00099,5,7,3,0.7,0.77,-0.07000000000000006
M4|C00100,5,4,3,0.5714285714285714,0.7485714285714284,-0.17714285714285705
M4|C00101,5,12,5,0.7058823529411765,0.7744117647058824,-0.06852941176470584
M4|C00102,5,10,0,1.0,0.7745000000000001,0.22549999999999992
M4|C00103,5,9,6,0.6,0.7776666666666668,-0.17766666666666686
M4|C00104,5,6,1,0.8571428571428571,0.7642857142857141,0.09285714285714297
M4|C00105,4,2,2,0.5,0.80125,-0.30125
M4|C00106,4,12,2,0.8571428571428571,0.7607142857142857,0.09642857142857142
M4|C00108,4,2,2,0.5,0.79875,-0.29874999999999996
M4|C00109,4,3,2,0.6,0.77,-0.17000000000000004
M4|C00110,4,11,2,0.8461538461538461,0.7676923076923078,0.07846153846153836
M4|C00111,4,5,1,0.8333333333333334,0.7625,0.07083333333333341
M4|C00112,4,5,3,0.625,0.77375,-0.14875000000000005
M4|C00113,4,4,1,0.8,0.773,0.027000000000000024
M4|C00114,4,11,3,0.7857142857142857,0.7782142857142857,0.007499999999999951
M4|C00115,4,5,1,0.8333333333333334,0.7883333333333334,0.04499999999999993
M4|C00116,4,5,0,1.0,0.7759999999999999,0.2240000000000001
M4|C00117,4,9,1,0.9,0.767,0.133
M4|C00118,4,2,2,0.5,0.76875,-0.26875000000000004
M4|C00120,4,8,3,0.7272727272727273,0.79,-0.06272727272727274
M4|C00121,4,2,3,0.4,0.74,-0.33999999999999997
M4|C00122,4,5,3,0.625,0.7725,-0.14749999999999996
M4|C00123,4,2,3,0.4,0.74,-0.33999999999999997
M4|C00124,4,10,1,0.9090909090909091,0.7681818181818181,0.14090909090909098
M4|C00125,4,9,1,0.9,0.7555,0.14450000000000007
M4|C00126,4,4,1,0.8,0.7719999999999999,0.028000000000000136
M4|C00127,4,3,0,1.0,0.7783333333333334,0.22166666666666657
M4|C00128,4,16,0,1.0,0.7771875,0.22281249999999997
M4|C00129,4,1,5,0.16666666666666666,0.78,-0.6133333333333334
M4|C00130,4,6,6,0.5,0.7675,-0.26749999999999996
M4|C00131,4,5,2,0.7142857142857143,0.7578571428571428,-0.04357142857142848
M4|C00132,4,5,3,0.625,0.765,-0.14
M4|C00133,3,3,2,0.6,0.7659999999999999,-0.16599999999999993
M4|C00134,3,8,1,0.8888888888888888,0.7855555555555556,0.10333333333333328
M4|C00135,3,14,0,1.0,0.7846428571428572,0.2153571428571428
M4|C00137,3,9,4,0.6923076923076923,0.7488461538461538,-0.05653846153846154
M4|C00138,3,12,5,0.7058823529411765,0.7808823529411765,-0.07499999999999996
M4|C00139,3,11,2,0.8461538461538461,0.7473076923076922,0.09884615384615392
M4|C00140,3,8,2,0.8,0.762,0.038000000000000034
M4|C00141,3,3,1,0.75,0.75375,-0.003750000000000031
M4|C00142,3,9,0,1.0,0.7644444444444446,0.2355555555555554
M4|C00143,3,7,0,1.0,0.7757142857142857,0.2242857142857143
M4|C00144,3,14,3,0.8235294117647058,0.785,0.03852941176470581
M4|C00146,3,4,0,1.0,0.8,0.19999999999999996
M4|C00147,3,4,2,0.6666666666666666,0.7883333333333334,-0.12166666666666681
M4|C00148,3,17,2,0.8947368421052632,0.7784210526315789,0.11631578947368426
M4|C00149,3,11,0,1.0,0.7713636363636364,0.22863636363636364
M4|C00150,3,11,1,0.9166666666666666,0.7720833333333335,0.14458333333333317
M4|C00151,3,3,1,0.75,0.79875,-0.04874999999999996
M4|C00152,3,3,0,1.0,0.77,0.22999999999999998
M4|C00153,3,6,2,0.75,0.764375,-0.014375000000000027
M4|C00154,3,8,6,0.5714285714285714,0.7739285714285714,-0.2025
M4|C00155,3,4,1,0.8,0.7659999999999999,0.03400000000000014
M4|C00156,3,5,0,1.0,0.7639999999999999,0.2360000000000001
M4|C00157,3,10,1,0.9090909090909091,0.7536363636363638,0.1554545454545453
M4|C00158,3,9,2,0.8181818181818182,0.7536363636363638,0.06454545454545446
M4|C00159,3,52,2,0.9629629629629629,0.7916250000000001,0.17133796296296278
M4|C00162,3,11,1,0.9166666666666666,0.79,0.1266666666666666
M4|C00163,3,3,1,0.75,0.77375,-0.02375000000000005
M4|C00164,3,2,1,0.6666666666666666,0.76,-0.09333333333333338
M4|C00165,3,3,3,0.5,0.7883333333333333,-0.28833333333333333
M4|C00166,3,3,3,0.5,0.7883333333333333,-0.28833333333333333
M4|C00167,3,7,1,0.875,0.7775,0.09750000000000003
M4|C00169,3,3,1,0.75,0.755,-0.0050000000000000044
M4|C00170,3,3,0,1.0,0.7733333333333333,0.22666666666666668
M4|C00171,3,7,3,0.7,0.7685,-0.0685
M4|C00173,2,5,0,1.0,0.7619999999999999,0.2380000000000001
M4|C00177,2,2,1,0.6666666666666666,0.72,-0.053333333333333344
M4|C00178,2,4,0,1.0,0.7825,0.21750000000000003
M4|C00179,2,3,3,0.5,0.7691666666666666,-0.26916666666666655
M4|C00180,2,3,1,0.75,0.775,-0.025000000000000022
M4|C00181,2,4,0,1.0,0.775,0.22499999999999998
M4|C00183,2,9,3,0.75,0.7775,-0.02749999999999997
M4|C00184,2,6,2,0.75,0.77625,-0.026249999999999996
M4|C00185,2,8,0,1.0,0.766875,0.23312500000000003
M4|C00186,2,8,2,0.8,0.762,0.038000000000000034
M4|C00188,2,2,2,0.5,0.7675,-0.26749999999999996
M4|C00190,2,1,2,0.3333333333333333,0.7616666666666667,-0.4283333333333334
M4|C00193,2,3,2,0.6,0.767,-0.16700000000000004
M4|C00194,2,7,5,0.5833333333333334,0.7695833333333333,-0.18624999999999992
M4|C00195,2,5,1,0.8333333333333334,0.7916666666666665,0.04166666666666685
M4|C00196,2,3,1,0.75,0.795,-0.04500000000000004
M4|C00197,2,2,1,0.6666666666666666,0.775,-0.10833333333333339
M4|C00198,2,6,2,0.75,0.761875,-0.011874999999999969
M4|C00201,2,7,1,0.875,0.77375,0.10124999999999995
M4|C00202,2,8,1,0.8888888888888888,0.7711111111111112,0.11777777777777765
M4|C00203,2,8,5,0.6153846153846154,0.7688461538461538,-0.15346153846153843
M4|C00204,2,13,0,1.0,0.7830769230769231,0.21692307692307689
M4|C00205,2,4,4,0.5,0.78625,-0.28625
M4|C00206,2,3,0,1.0,0.765,0.235
M4|C00210,2,3,3,0.5,0.7875,-0.2875
M4|C00211,2,4,8,0.3333333333333333,0.7866666666666666,-0.4533333333333333
M4|C00215,2,3,0,1.0,0.76,0.24
M4|C00216,2,10,2,0.8333333333333334,0.7620833333333334,0.07124999999999992
M4|C00218,2,5,3,0.625,0.769375,-0.14437500000000003
M4|C00219,2,10,1,0.9090909090909091,0.7713636363636364,0.1377272727272727
M4|C00220,2,4,0,1.0,0.78625,0.21375
M4|C00221,2,6,1,0.8571428571428571,0.7685714285714285,0.08857142857142863
M4|C00222,2,2,1,0.6666666666666666,0.77,-0.10333333333333339
M4|C00224,2,3,0,1.0,0.7783333333333334,0.22166666666666657
M4|C00225,2,8,0,1.0,0.78,0.21999999999999997
M4|C00229,2,2,1,0.6666666666666666,0.7683333333333333,-0.10166666666666668
M4|C00230,2,9,1,0.9,0.7595000000000002,0.14049999999999985
M4|C00231,2,6,2,0.75,0.769375,-0.01937500000000003
M4|C00233,2,6,1,0.8571428571428571,0.7285714285714284,0.12857142857142867
M4|C00234,2,3,3,0.5,0.76,-0.26
M4|C00235,2,1,5,0.16666666666666666,0.7891666666666666,-0.6224999999999999
M4|C00237,2,4,2,0.6666666666666666,0.76,-0.09333333333333338
M4|C00240,2,9,1,0.9,0.77,0.13
M4|C00241,2,1,2,0.3333333333333333,0.755,-0.4216666666666667
M4|C00246,2,4,2,0.6666666666666666,0.7875,-0.12083333333333335
M4|C00247,2,6,1,0.8571428571428571,0.7778571428571428,0.07928571428571429
M4|C00250,2,6,1,0.8571428571428571,0.76,0.09714285714285709
M4|C00252,2,9,0,1.0,0.7794444444444446,0.2205555555555554
M4|C00257,2,5,3,0.625,0.77875,-0.15375000000000005
M4|C00258,2,6,1,0.8571428571428571,0.79,0.06714285714285706
M4|C00259,2,3,0,1.0,0.7666666666666666,0.2333333333333334
M4|C00260,2,3,2,0.6,0.759,-0.15900000000000003
M4|C00261,2,4,1,0.8,0.753,0.04700000000000004
M4|C00283,1,3,0,1.0,0.77,0.22999999999999998
M4|C00284,1,3,1,0.75,0.80125,-0.05125000000000002
M4|C00286,1,2,2,0.5,0.80125,-0.30125
M4|C00295,1,3,0,1.0,0.77,0.22999999999999998
M4|C00296,1,3,1,0.75,0.80125,-0.05125000000000002
M4|C00297,1,3,0,1.0,0.7716666666666666,0.2283333333333334
M4|C00299,1,3,1,0.75,0.77875,-0.028750000000000053
M4|C00302,1,3,0,1.0,0.7716666666666666,0.2283333333333334
M4|C00314,1,3,0,1.0,0.7716666666666666,0.2283333333333334
M4|C00316,1,3,0,1.0,0.7716666666666666,0.2283333333333334
M4|C00317,1,2,3,0.4,0.77,-0.37
M4|C00318,1,5,3,0.625,0.770625,-0.145625
M4|C00319,1,2,2,0.5,0.79625,-0.29625
M4|C00325,1,4,1,0.8,0.7440000000000001,0.05599999999999994
M4|C00335,1,4,2,0.6666666666666666,0.7516666666666667,-0.08500000000000008
M4|C00340,1,4,1,0.8,0.7639999999999999,0.03600000000000014
M4|C00341,1,3,1,0.75,0.7825,-0.03249999999999997
M4|C00349,1,6,2,0.75,0.77375,-0.02375000000000005
M4|C00350,1,2,1,0.6666666666666666,0.7633333333333333,-0.09666666666666668
M4|C00351,1,3,1,0.75,0.775,-0.025000000000000022
M4|C00353,1,3,0,1.0,0.7766666666666667,0.22333333333333327
M4|C00354,1,2,1,0.6666666666666666,0.7766666666666667,-0.1100000000000001
M4|C00357,1,3,0,1.0,0.7766666666666667,0.22333333333333327
M4|C00359,1,8,3,0.7272727272727273,0.730909090909091,-0.0036363636363636598
M4|C00364,1,2,1,0.6666666666666666,0.7766666666666667,-0.1100000000000001
M4|C00366,1,3,4,0.42857142857142855,0.7549999999999999,-0.32642857142857135
M4|C00371,1,3,0,1.0,0.7283333333333333,0.2716666666666667
M4|C00376,1,3,1,0.75,0.8175,-0.0675
M4|C00391,1,3,0,1.0,0.775,0.22499999999999998
M4|C00402,1,2,1,0.6666666666666666,0.775,-0.10833333333333339
M4|C00409,1,4,1,0.8,0.77,0.030000000000000027
M4|C00414,1,3,0,1.0,0.775,0.22499999999999998
M4|C00415,1,4,0,1.0,0.78875,0.21125000000000005
M4|C00416,1,5,0,1.0,0.764,0.236
M4|C00419,1,2,1,0.6666666666666666,0.775,-0.10833333333333339
M4|C00422,1,3,1,0.75,0.78875,-0.03874999999999995
M4|C00423,1,4,1,0.8,0.764,0.03600000000000003
M4|C00424,1,3,1,0.75,0.78875,-0.03874999999999995
M4|C00431,1,3,0,1.0,0.7816666666666666,0.21833333333333338
M4|C00449,1,2,2,0.5,0.7675,-0.26749999999999996
M4|C00473,1,2,1,0.6666666666666666,0.7516666666666667,-0.08500000000000008
M4|C00498,1,5,0,1.0,0.7579999999999998,0.24200000000000021
M4|C00503,1,2,1,0.6666666666666666,0.7783333333333333,-0.11166666666666669
M4|C00509,1,5,0,1.0,0.7719999999999999,0.2280000000000001
M4|C00512,1,4,0,1.0,0.795,0.20499999999999996
M4|C00513,1,2,1,0.6666666666666666,0.7783333333333333,-0.11166666666666669
M4|C00514,1,3,1,0.75,0.795,-0.04500000000000004
M4|C00515,1,2,2,0.5,0.795,-0.29500000000000004
M4|C00519,1,2,1,0.6666666666666666,0.775,-0.10833333333333339
M4|C00521,1,2,3,0.4,0.769,-0.369
M4|C00524,1,3,0,1.0,0.775,0.22499999999999998
M4|C00538,1,8,1,0.8888888888888888,0.7655555555555555,0.1233333333333333
M4|C00546,1,3,0,1.0,0.775,0.22499999999999998
M4|C00551,1,4,1,0.8,0.769,0.031000000000000028
M4|C00553,1,1,2,0.3333333333333333,0.775,-0.4416666666666667
M4|C00555,1,3,1,0.75,0.79,-0.040000000000000036
M4|C00568,1,7,0,1.0,0.7657142857142856,0.23428571428571443
M4|C00589,1,3,1,0.75,0.8025,-0.05249999999999999
M4|C00596,1,6,2,0.75,0.77375,-0.02375000000000005
M4|C00598,1,0,3,0.0,0.785,-0.785
M4|C00599,1,0,3,0.0,0.785,-0.785
M4|C00606,1,2,1,0.6666666666666666,0.785,-0.1183333333333334
M4|C00607,1,8,0,1.0,0.77375,0.22624999999999995
M4|C00614,1,3,0,1.0,0.7966666666666665,0.20333333333333348
M4|C00615,1,3,1,0.75,0.79,-0.040000000000000036
M4|C00625,1,23,9,0.71875,0.78078125,-0.06203124999999998
M4|C00639,1,3,0,1.0,0.78,0.21999999999999997
M4|C00650,1,4,0,1.0,0.805,0.19499999999999995
M4|C00654,1,2,1,0.6666666666666666,0.7866666666666667,-0.1200000000000001
M4|C00658,1,2,1,0.6666666666666666,0.765,-0.09833333333333338
M4|C00660,1,2,2,0.5,0.8,-0.30000000000000004
M4|C00663,1,5,2,0.7142857142857143,0.7621428571428571,-0.04785714285714282
M4|C00667,1,3,1,0.75,0.8025,-0.05249999999999999
M4|C00675,1,7,1,0.875,0.771875,0.10312500000000002
M4|C00678,1,1,2,0.3333333333333333,0.7783333333333333,-0.445
M4|C00679,1,4,1,0.8,0.762,0.038000000000000034
M4|C00681,1,5,0,1.0,0.762,0.238
M4|C00688,1,2,2,0.5,0.75375,-0.25375000000000003
M4|C00690,1,3,0,1.0,0.7733333333333334,0.22666666666666657
M4|C00691,1,6,0,1.0,0.7758333333333334,0.22416666666666663
M4|C00692,1,0,3,0.0,0.7916666666666665,-0.7916666666666665
M4|C00693,1,3,0,1.0,0.7733333333333334,0.22666666666666657
M4|C00694,1,3,0,1.0,0.7733333333333334,0.22666666666666657
M4|C00695,1,3,0,1.0,0.7733333333333334,0.22666666666666657
M4|C00696,1,3,0,1.0,0.7733333333333334,0.22666666666666657
M4|C00698,1,3,0,1.0,0.7733333333333334,0.22666666666666657
M4|C00699,1,3,0,1.0,0.7733333333333334,0.22666666666666657
M4|C00700,1,3,0,1.0,0.7733333333333334,0.22666666666666657
M4|C00701,1,3,0,1.0,0.7733333333333334,0.22666666666666657
M4|C00703,1,2,3,0.4,0.7669999999999999,-0.3669999999999999
M4|C00715,1,3,0,1.0,0.77,0.22999999999999998
M4|C00716,1,2,1,0.6666666666666666,0.77,-0.10333333333333339
M4|C00717,1,1,2,0.3333333333333333,0.77,-0.4366666666666667
M4|C00718,1,4,1,0.8,0.7669999999999999,0.03300000000000014
M4|C00725,1,3,2,0.6,0.7759999999999999,-0.17599999999999993
M4|C00728,1,3,0,1.0,0.7783333333333334,0.22166666666666657
M4|C00734,1,3,0,1.0,0.7683333333333333,0.2316666666666667
M4|C00766,1,4,1,0.8,0.748,0.052000000000000046
M4|C00777,1,4,0,1.0,0.77375,0.22624999999999995
M4|C00778,1,3,0,1.0,0.7316666666666666,0.2683333333333334
M4|C00781,1,4,2,0.6666666666666666,0.7891666666666666,-0.12249999999999994
M4|C00785,1,6,1,0.8571428571428571,0.7685714285714286,0.08857142857142852
M4|C00806,1,6,0,1.0,0.76,0.24
M4|C00809,1,3,0,1.0,0.745,0.255
M4|C00812,1,1,2,0.3333333333333333,0.745,-0.4116666666666667
M4|C00813,1,2,1,0.6666666666666666,0.745,-0.07833333333333337
M4|C00817,1,10,1,0.9090909090909091,0.7518181818181818,0.15727272727272723
M4|C00830,1,6,1,0.8571428571428571,0.7492857142857141,0.10785714285714298
M4|C00832,1,3,0,1.0,0.755,0.245
M4|C00837,1,3,1,0.75,0.7625,-0.012499999999999956
M4|C00844,1,3,0,1.0,0.7716666666666666,0.2283333333333334
M4|C00846,1,4,0,1.0,0.795,0.20499999999999996
M4|C00849,1,3,1,0.75,0.795,-0.04500000000000004
M4|C00850,1,4,0,1.0,0.795,0.20499999999999996
M4|C00851,1,3,1,0.75,0.795,-0.04500000000000004
M4|C00858,1,3,1,0.75,0.795,-0.04500000000000004
M4|C00861,1,3,0,1.0,0.7716666666666666,0.2283333333333334
M4|C00865,1,5,2,0.7142857142857143,0.7778571428571428,-0.0635714285714285
M4|C00878,1,3,2,0.6,0.767,-0.16700000000000004
M4|C00888,1,3,3,0.5,0.7875,-0.2875
M4|C00894,1,2,1,0.6666666666666666,0.7816666666666667,-0.1150000000000001
M4|C00903,1,2,1,0.6666666666666666,0.77,-0.10333333333333339
M4|C00904,1,2,1,0.6666666666666666,0.77,-0.10333333333333339
M4|C00911,1,1,2,0.3333333333333333,0.77,-0.4366666666666667
M4|C00912,1,2,1,0.6666666666666666,0.77,-0.10333333333333339
M4|C00918,1,2,2,0.5,0.8,-0.30000000000000004
M4|C00931,1,2,1,0.6666666666666666,0.76,-0.09333333333333338
M4|C00942,1,2,1,0.6666666666666666,0.7683333333333333,-0.10166666666666668
M4|C00947,1,3,0,1.0,0.7916666666666665,0.20833333333333348
M4|C00970,1,0,3,0.0,0.7783333333333334,-0.7783333333333334
M4|C00973,1,4,1,0.8,0.765,0.03500000000000003
M4|C00980,1,5,1,0.8333333333333334,0.795,0.03833333333333333
M4|C00981,1,2,1,0.6666666666666666,0.7783333333333334,-0.1116666666666668
M4|C00995,1,3,2,0.6,0.7769999999999999,-0.17699999999999994
M4|C00997,1,1,2,0.3333333333333333,0.7816666666666667,-0.4483333333333334
M4|C01001,1,3,1,0.75,0.8025,-0.05249999999999999
M4|C01007,1,5,1,0.8333333333333334,0.7883333333333333,0.04500000000000004
M4|C01011,1,3,1,0.75,0.7875,-0.03749999999999998
M4|C01029,1,4,0,1.0,0.7875,0.21250000000000002
M4|C01051,1,3,2,0.6,0.7629999999999998,-0.1629999999999998
M4|C01074,1,5,2,0.7142857142857143,0.7821428571428569,-0.06785714285714262
M4|C01081,1,2,1,0.6666666666666666,0.785,-0.1183333333333334
M4|C01085,1,5,0,1.0,0.7579999999999998,0.24200000000000021
M5|C00001,520,1219,501,0.7087209302325581,0.7775,-0.06877906976744186
M5|C00002,98,357,64,0.8479809976247031,0.781375,0.0666059976247031
M5|C00003,51,51,0,1.0,0.7751249999999998,0.22487500000000016
M5|C00004,44,165,30,0.8461538461538461,0.77775,0.06840384615384609
M5|C00005,37,182,9,0.9528795811518325,0.7853749999999999,0.16750458115183253
M5|C00006,30,77,13,0.8555555555555555,0.7596250000000001,0.09593055555555541
M5|C00007,20,49,12,0.8032786885245902,0.7819999999999999,0.02127868852459025
M5|C00008,19,29,11,0.725,0.79175,-0.06674999999999998
M5|C00009,15,26,9,0.7428571428571429,0.754,-0.011142857142857121
M5|C00010,14,33,21,0.6111111111111112,0.7767500000000002,-0.165638888888889
M5|C00011,13,13,6,0.6842105263157895,0.7889473684210526,-0.10473684210526313
M5|C00012,12,11,5,0.6875,0.7575,-0.06999999999999995
M5|C00013,11,21,4,0.84,0.7802,0.059799999999999964
M5|C00014,11,21,9,0.7,0.7761666666666668,-0.07616666666666683
M5|C00015,11,24,8,0.75,0.79296875,-0.04296875
M5|C00016,10,10,2,0.8333333333333334,0.755,0.07833333333333337
M5|C00017,10,24,8,0.75,0.76609375,-0.016093750000000018
M5|C00018,10,3,0,1.0,0.7783333333333334,0.22166666666666657
M5|C00019,9,7,7,0.5,0.7803571428571427,-0.28035714285714275
M5|C00020,8,11,4,0.7333333333333333,0.786,-0.05266666666666675
M5|C00021,8,167,7,0.9597701149425287,0.769125,0.19064511494252878
M5|C00022,7,5,1,0.8333333333333334,0.7791666666666666,0.05416666666666681
M5|C00023,7,8,4,0.6666666666666666,0.7733333333333334,-0.1066666666666668
M5|C00024,7,7,7,0.5,0.7646428571428572,-0.2646428571428572
M5|C00025,7,6,1,0.8571428571428571,0.7685714285714284,0.08857142857142875
M5|C00026,6,4,0,1.0,0.77875,0.22124999999999995
M5|C00027,6,42,7,0.8571428571428571,0.7659999999999999,0.09114285714285719
M5|C00028,6,2,2,0.5,0.7775,-0.27749999999999997
M5|C00029,5,20,10,0.6666666666666666,0.7805000000000001,-0.11383333333333345
M5|C00031,5,5,0,1.0,0.7979999999999998,0.20200000000000018
M5|C00032,4,1,2,0.3333333333333333,0.72,-0.38666666666666666
M5|C00033,4,16,8,0.6666666666666666,0.7535416666666666,-0.08687499999999992
M5|C00034,4,8,0,1.0,0.78625,0.21375
M5|C00035,4,3,3,0.5,0.7875,-0.2875
M5|C00036,4,9,3,0.75,0.7733333333333334,-0.023333333333333428
M5|C00037,4,8,2,0.8,0.767,0.03300000000000003
M5|C00038,4,5,2,0.7142857142857143,0.7764285714285714,-0.062142857142857055
M5|C00039,4,6,1,0.8571428571428571,0.7685714285714285,0.08857142857142863
M5|C00041,4,9,5,0.6428571428571429,0.7964285714285714,-0.15357142857142847
M5|C00042,4,2,5,0.2857142857142857,0.7671428571428571,-0.48142857142857143
M5|C00043,4,10,0,1.0,0.777,0.22299999999999998
M5|C00044,3,5,1,0.8333333333333334,0.7675,0.06583333333333341
M5|C00045,3,4,2,0.6666666666666666,0.7933333333333334,-0.12666666666666682
M5|C00046,3,9,1,0.9,0.757,0.14300000000000002
M5|C00047,3,15,3,0.8333333333333334,0.7811111111111111,0.05222222222222228
M5|C00048,3,10,0,1.0,0.7805000000000001,0.21949999999999992
M5|C00049,3,6,3,0.6666666666666666,0.7855555555555556,-0.11888888888888893
M5|C00050,3,1,3,0.25,0.77875,-0.52875
M5|C00053,3,3,0,1.0,0.755,0.245
M5|C00054,3,4,2,0.6666666666666666,0.795,-0.1283333333333334
M5|C00055,3,4,0,1.0,0.8025,0.1975
M5|C00056,3,5,0,1.0,0.7659999999999999,0.2340000000000001
M5|C00059,2,2,10,0.16666666666666666,0.7795833333333334,-0.6129166666666668
M5|C00061,2,7,1,0.875,0.768125,0.10687500000000005
M5|C00062,2,7,2,0.7777777777777778,0.7711111111111112,0.006666666666666599
M5|C00064,2,2,2,0.5,0.77125,-0.27125
M5|C00066,2,1,2,0.3333333333333333,0.7283333333333333,-0.39499999999999996
M5|C00067,2,5,1,0.8333333333333334,0.7933333333333334,0.039999999999999925
M5|C00068,2,2,1,0.6666666666666666,0.775,-0.10833333333333339
M5|C00069,2,3,2,0.6,0.746,-0.14600000000000002
M5|C00071,2,6,0,1.0,0.7916666666666665,0.20833333333333348
M5|C00073,2,6,5,0.5454545454545454,0.7686363636363638,-0.22318181818181837
M5|C00074,2,3,0,1.0,0.775,0.22499999999999998
M5|C00075,2,11,2,0.8461538461538461,0.761923076923077,0.08423076923076911
M5|C00076,2,5,1,0.8333333333333334,0.78,0.053333333333333344
M5|C00077,2,3,1,0.75,0.79,-0.040000000000000036
M5|C00079,2,3,0,1.0,0.775,0.22499999999999998
M5|C00081,2,6,0,1.0,0.7916666666666667,0.20833333333333326
M5|C00087,2,9,1,0.9,0.7709999999999999,0.12900000000000011
M5|C00088,2,2,1,0.6666666666666666,0.76,-0.09333333333333338
M5|C00090,2,2,3,0.4,0.7669999999999999,-0.3669999999999999
M5|C00093,2,8,0,1.0,0.769375,0.23062499999999997
M5|C00094,2,7,5,0.5833333333333334,0.7545833333333334,-0.17125
M5|C00098,2,6,0,1.0,0.7983333333333335,0.20166666666666655
M5|C00099,2,3,2,0.6,0.797,-0.19700000000000006
M5|C00104,2,4,0,1.0,0.77875,0.22124999999999995
M5|C00111,2,10,1,0.9090909090909091,0.78,0.12909090909090903
M5|C00113,2,6,4,0.6,0.79,-0.19000000000000006
M5|C00114,2,2,1,0.6666666666666666,0.7783333333333334,-0.1116666666666668
M5|C00116,2,1,3,0.25,0.7875,-0.5375
M5|C00119,1,4,0,1.0,0.80125,0.19874999999999998
M5|C00126,1,3,0,1.0,0.77,0.22999999999999998
M5|C00140,1,2,1,0.6666666666666666,0.7766666666666667,-0.1100000000000001
M5|C00145,1,4,1,0.8,0.7440000000000001,0.05599999999999994
M5|C00150,1,4,0,1.0,0.7825,0.21750000000000003
M5|C00151,1,3,1,0.75,0.7825,-0.03249999999999997
M5|C00152,1,3,0,1.0,0.7766666666666667,0.22333333333333327
M5|C00153,1,3,0,1.0,0.7766666666666667,0.22333333333333327
M5|C00155,1,6,0,1.0,0.7691666666666666,0.23083333333333345
M5|C00157,1,4,0,1.0,0.775,0.22499999999999998
M5|C00171,1,3,1,0.75,0.79875,-0.04874999999999996
M5|C00179,1,1,2,0.3333333333333333,0.775,-0.4416666666666667
M5|C00189,1,4,0,1.0,0.75375,0.24624999999999997
M5|C00194,1,3,0,1.0,0.7816666666666666,0.21833333333333338
M5|C00195,1,4,0,1.0,0.75375,0.24624999999999997
M5|C00207,1,2,1,0.6666666666666666,0.7516666666666667,-0.08500000000000008
M5|C00215,1,1,2,0.3333333333333333,0.7616666666666667,-0.4283333333333334
M5|C00216,1,3,1,0.75,0.7725,-0.022499999999999964
M5|C00227,1,1,2,0.3333333333333333,0.7783333333333333,-0.445
M5|C00228,1,3,1,0.75,0.795,-0.04500000000000004
M5|C00229,1,3,1,0.75,0.795,-0.04500000000000004
M5|C00231,1,3,1,0.75,0.79,-0.040000000000000036
M5|C00232,1,2,1,0.6666666666666666,0.775,-0.10833333333333339
M5|C00235,1,2,2,0.5,0.79,-0.29000000000000004
M5|C00246,1,5,2,0.7142857142857143,0.7585714285714285,-0.04428571428571415
M5|C00251,1,5,1,0.8333333333333334,0.78,0.053333333333333344
M5|C00252,1,3,3,0.5,0.78,-0.28
M5|C00253,1,7,1,0.875,0.761875,0.11312500000000003
M5|C00255,1,3,0,1.0,0.785,0.21499999999999997
M5|C00257,1,1,3,0.25,0.8025,-0.5525
M5|C00258,1,3,0,1.0,0.785,0.21499999999999997
M5|C00263,1,3,0,1.0,0.785,0.21499999999999997
M5|C00273,1,3,0,1.0,0.7966666666666665,0.20333333333333348
M5|C00275,1,3,1,0.75,0.79,-0.040000000000000036
M5|C00278,1,4,0,1.0,0.795,0.20499999999999996
M5|C00279,1,4,0,1.0,0.795,0.20499999999999996
M5|C00280,1,3,0,1.0,0.78,0.21999999999999997
M5|C00282,1,4,0,1.0,0.7525,0.24750000000000005
M5|C00291,1,3,1,0.75,0.805,-0.05500000000000005
M5|C00297,1,3,0,1.0,0.765,0.235
M5|C00321,1,2,1,0.6666666666666666,0.76,-0.09333333333333338
M5|C00323,1,3,0,1.0,0.7733333333333334,0.22666666666666657
M5|C00324,1,3,0,1.0,0.7733333333333334,0.22666666666666657
M5|C00325,1,3,0,1.0,0.7733333333333334,0.22666666666666657
M5|C00326,1,3,0,1.0,0.7733333333333334,0.22666666666666657
M5|C00327,1,4,0,1.0,0.785,0.21499999999999997
M5|C00328,1,3,0,1.0,0.7733333333333334,0.22666666666666657
M5|C00329,1,5,0,1.0,0.7669999999999999,0.2330000000000001
M5|C00333,1,2,1,0.6666666666666666,0.77,-0.10333333333333339
M5|C00341,1,5,3,0.625,0.78,-0.15500000000000003
M5|C00343,1,3,1,0.75,0.805,-0.05500000000000005
M5|C00345,1,2,2,0.5,0.795,-0.29500000000000004
M5|C00354,1,2,2,0.5,0.7675,-0.26749999999999996
M5|C00360,1,4,0,1.0,0.77375,0.22624999999999995
M5|C00362,1,3,0,1.0,0.7316666666666666,0.2683333333333334
M5|C00370,1,4,1,0.8,0.748,0.052000000000000046
M5|C00372,1,3,0,1.0,0.7616666666666667,0.23833333333333329
M5|C00379,1,2,1,0.6666666666666666,0.7766666666666667,-0.1100000000000001
M5|C00388,1,2,1,0.6666666666666666,0.745,-0.07833333333333337
M5|C00390,1,4,0,1.0,0.79,0.20999999999999996
M5|C00391,1,4,0,1.0,0.79,0.20999999999999996
M5|C00402,1,4,1,0.8,0.7659999999999999,0.03400000000000014
M5|C00415,1,4,1,0.8,0.7639999999999999,0.03600000000000014
M5|C00420,1,3,0,1.0,0.77,0.22999999999999998
M5|C00422,1,3,1,0.75,0.79125,-0.04125000000000001
M5|C00428,1,3,1,0.75,0.8,-0.050000000000000044
M5|C00449,1,2,1,0.6666666666666666,0.75,-0.08333333333333337
M5|C00459,1,3,1,0.75,0.8025,-0.05249999999999999
M5|C00463,1,5,0,1.0,0.7769999999999999,0.2230000000000001
M5|C00475,1,2,1,0.6666666666666666,0.7683333333333334,-0.1016666666666668
M5|C00480,1,4,0,1.0,0.7525,0.24750000000000005
M5|C00484,1,11,4,0.7333333333333333,0.768,-0.034666666666666734
M5|C00512,1,3,1,0.75,0.80125,-0.05125000000000002
M5|C00516,1,3,0,1.0,0.7833333333333333,0.21666666666666667
M6|C00001,14,74,3,0.961038961038961,0.7767500000000002,0.18428896103896086
M6|C00002,13,115,11,0.9126984126984127,0.774625,0.13807341269841267
M6|C00003,11,33,16,0.673469387755102,0.7659999999999999,-0.09253061224489789
M6|C00004,11,16,3,0.8421052631578947,0.7839473684210526,0.058157894736842075
M6|C00005,10,31,25,0.5535714285714286,0.7767500000000002,-0.22317857142857156
M6|C00006,7,38,11,0.7755102040816326,0.7596250000000001,0.01588520408163252
M6|C00007,5,10,4,0.7142857142857143,0.7803571428571427,-0.06607142857142845
M6|C00008,5,18,9,0.6666666666666666,0.7722222222222223,-0.10555555555555562
M6|C00009,5,9,1,0.9,0.77,0.13
M6|C00011,4,8,1,0.8888888888888888,0.7533333333333334,0.13555555555555543
M6|C00012,3,3,0,1.0,0.77,0.22999999999999998
M6|C00013,3,12,5,0.7058823529411765,0.7844117647058824,-0.07852941176470585
M6|C00014,3,12,7,0.631578947368421,0.7865789473684209,-0.15499999999999992
M6|C00015,3,12,6,0.6666666666666666,0.7713888888888889,-0.10472222222222227
M6|C00016,3,23,3,0.8846153846153846,0.7846153846153845,0.10000000000000009
M6|C00017,3,19,2,0.9047619047619048,0.7807142857142857,0.12404761904761907
M6|C00018,3,5,2,0.7142857142857143,0.79,-0.07571428571428573
M6|C00019,3,7,2,0.7777777777777778,0.7766666666666667,0.0011111111111110628
M6|C00022,2,9,6,0.6,0.7479999999999998,-0.1479999999999998
M6|C00024,2,3,1,0.75,0.775,-0.025000000000000022
M6|C00025,2,9,4,0.6923076923076923,0.7542307692307691,-0.06192307692307686
M6|C00026,2,6,4,0.6,0.7725,-0.1725
M6|C00027,2,11,1,0.9166666666666666,0.7570833333333334,0.1595833333333332
M6|C00028,2,2,6,0.25,0.754375,-0.504375
M6|C00030,2,10,1,0.9090909090909091,0.7545454545454545,0.15454545454545454
M6|C00031,2,11,0,1.0,0.7713636363636364,0.22863636363636364
M6|C00032,2,13,6,0.6842105263157895,0.7807894736842104,-0.09657894736842088
M6|C00033,2,6,1,0.8571428571428571,0.7842857142857141,0.07285714285714295
M6|C00034,2,4,4,0.5,0.754375,-0.254375
M6|C00035,2,8,2,0.8,0.769,0.031000000000000028
M6|C00036,2,8,2,0.8,0.769,0.031000000000000028
M6|C00037,2,6,0,1.0,0.7858333333333333,0.21416666666666673
M6|C00038,2,14,2,0.875,0.7728125,0.10218749999999999
M6|C00039,2,11,1,0.9166666666666666,0.77375,0.14291666666666658
M6|C00040,2,7,4,0.6363636363636364,0.7781818181818181,-0.14181818181818173
M6|C00042,2,5,2,0.7142857142857143,0.7785714285714286,-0.06428571428571428
M6|C00046,1,2,1,0.6666666666666666,0.7716666666666666,-0.10499999999999998
M6|C00049,1,7,1,0.875,0.764375,0.11062499999999997
M6|C00050,1,2,2,0.5,0.775,-0.275
M6|C00064,1,3,1,0.75,0.7675,-0.01749999999999996
M6|C00065,1,5,0,1.0,0.77,0.22999999999999998
M6|C00067,1,4,1,0.8,0.77,0.030000000000000027
M6|C00069,1,3,0,1.0,0.78,0.21999999999999997
M6|C00073,1,3,1,0.75,0.795,-0.04500000000000004
M6|C00077,1,6,0,1.0,0.7916666666666665,0.20833333333333348
M6|C00078,1,2,1,0.6666666666666666,0.7783333333333333,-0.11166666666666669
M6|C00081,1,4,3,0.5714285714285714,0.7657142857142856,-0.19428571428571417
M6|C00086,1,6,2,0.75,0.77375,-0.02375000000000005
M6|C00096,1,4,0,1.0,0.8,0.19999999999999996
M6|C00098,1,5,2,0.7142857142857143,0.7621428571428571,-0.04785714285714282
M6|C00103,1,3,0,1.0,0.7916666666666665,0.20833333333333348
M6|C00109,1,7,1,0.875,0.771875,0.10312500000000002
M6|C00112,1,4,0,1.0,0.795,0.20499999999999996
M6|C00115,1,4,2,0.6666666666666666,0.7491666666666668,-0.08250000000000013
M6|C00127,1,4,0,1.0,0.76875,0.23124999999999996
M6|C00129,1,4,0,1.0,0.7575,0.24250000000000005
M6|C00130,1,0,3,0.0,0.7916666666666667,-0.7916666666666667
M6|C00135,1,4,2,0.6666666666666666,0.7691666666666667,-0.10250000000000004
M6|C00136,1,4,0,1.0,0.79125,0.20875
M6|C00137,1,5,4,0.5555555555555556,0.76,-0.20444444444444443
M6|C00139,1,3,1,0.75,0.79125,-0.04125000000000001
M6|C00140,1,1,2,0.3333333333333333,0.76,-0.4266666666666667
M6|C00146,1,2,1,0.6666666666666666,0.7816666666666667,-0.1150000000000001
M6|C00147,1,3,0,1.0,0.7633333333333333,0.2366666666666667
M6|C00154,1,2,1,0.6666666666666666,0.7683333333333334,-0.1016666666666668
M6|C00156,1,6,1,0.8571428571428571,0.7828571428571428,0.07428571428571429
M6|C00161,1,2,1,0.6666666666666666,0.7783333333333333,-0.11166666666666669
M7|C00001,26,118,35,0.7712418300653595,0.7758749999999999,-0.004633169934640358
M7|C00002,18,73,13,0.8488372093023255,0.789375,0.059462209302325486
M7|C00003,17,59,14,0.8082191780821918,0.7766249999999999,0.03159417808219189
M7|C00004,16,40,6,0.8695652173913043,0.7796249999999999,0.08994021739130442
M7|C00005,15,12,3,0.8,0.758,0.04200000000000004
M7|C00006,15,18,5,0.782608695652174,0.7693478260869564,0.013260869565217548
M7|C00007,13,50,12,0.8064516129032258,0.7752500000000001,0.03120161290322565
M7|C00008,11,18,23,0.43902439024390244,0.7853749999999999,-0.3463506097560975
M7|C00009,11,54,8,0.8709677419354839,0.798375,0.07259274193548393
M7|C00010,9,14,6,0.7,0.7795000000000001,-0.07950000000000013
M7|C00011,7,34,5,0.8717948717948718,0.7833333333333334,0.08846153846153837
M7|C00012,7,22,1,0.9565217391304348,0.7665217391304349,0.18999999999999995
M7|C00013,7,43,7,0.86,0.77625,0.08374999999999999
M7|C00014,7,29,13,0.6904761904761905,0.76,-0.06952380952380954
M7|C00015,6,5,6,0.45454545454545453,0.7622727272727272,-0.3077272727272727
M7|C00016,6,27,0,1.0,0.7844444444444444,0.2155555555555556
M7|C00017,6,24,6,0.8,0.7833333333333333,0.01666666666666672
M7|C00018,5,26,8,0.7647058823529411,0.7788235294117647,-0.014117647058823568
M7|C00019,5,0,5,0.0,0.7729999999999998,-0.7729999999999998
M7|C00020,5,26,11,0.7027027027027027,0.78,-0.07729729729729728
M7|C00021,5,17,14,0.5483870967741935,0.7825806451612904,-0.23419354838709694
M7|C00022,4,12,0,1.0,0.7795833333333334,0.2204166666666666
M7|C00023,4,5,4,0.5555555555555556,0.7566666666666667,-0.20111111111111113
M7|C00024,4,34,10,0.7727272727272727,0.7735,-0.0007727272727272583
M7|C00025,4,11,7,0.6111111111111112,0.7772222222222221,-0.166111111111111
M7|C00026,3,5,1,0.8333333333333334,0.7791666666666666,0.05416666666666681
M7|C00027,3,9,2,0.8181818181818182,0.7781818181818181,0.04000000000000015
M7|C00028,3,12,3,0.8,0.7686666666666666,0.031333333333333435
M7|C00029,3,6,1,0.8571428571428571,0.77,0.08714285714285708
M7|C00030,3,10,0,1.0,0.7615,0.23850000000000005
M7|C00031,3,5,2,0.7142857142857143,0.7685714285714286,-0.05428571428571427
M7|C00032,3,10,3,0.7692307692307693,0.770769230769231,-0.0015384615384617106
M7|C00033,3,9,2,0.8181818181818182,0.7536363636363638,0.06454545454545446
M7|C00034,3,4,2,0.6666666666666666,0.795,-0.1283333333333334
M7|C00035,3,3,0,1.0,0.7683333333333334,0.23166666666666658
M7|C00036,3,9,4,0.6923076923076923,0.7769230769230769,-0.08461538461538465
M7|C00037,3,6,0,1.0,0.7725,0.22750000000000004
M7|C00038,2,8,2,0.8,0.7685,0.031500000000000083
M7|C00039,2,7,3,0.7,0.7685,-0.0685
M7|C00040,2,3,1,0.75,0.80125,-0.05125000000000002
M7|C00041,2,9,5,0.6428571428571429,0.76,-0.1171428571428571
M7|C00044,2,10,1,0.9090909090909091,0.760909090909091,0.14818181818181808
M7|C00046,2,8,1,0.8888888888888888,0.7655555555555555,0.1233333333333333
M7|C00047,2,4,0,1.0,0.805,0.19499999999999995
M7|C00049,2,5,1,0.8333333333333334,0.7758333333333334,0.057499999999999996
M7|C00050,2,3,0,1.0,0.77,0.22999999999999998
M7|C00051,2,226,4,0.9826086956521739,0.7715000000000001,0.21110869565217383
M7|C00052,2,6,2,0.75,0.769375,-0.01937500000000003
M7|C00053,2,5,3,0.625,0.75375,-0.12875000000000003
M7|C00054,2,3,3,0.5,0.7516666666666667,-0.2516666666666667
M7|C00055,2,5,0,1.0,0.7639999999999999,0.2360000000000001
M7|C00056,2,10,4,0.7142857142857143,0.7753571428571427,-0.06107142857142844
M7|C00058,2,4,0,1.0,0.7825,0.21750000000000003
M7|C00063,2,6,2,0.75,0.774375,-0.024375000000000036
M7|C00066,1,3,2,0.6,0.7659999999999999,-0.16599999999999993
M7|C00071,1,3,0,1.0,0.7633333333333333,0.2366666666666667
M7|C00078,1,4,2,0.6666666666666666,0.7883333333333333,-0.1216666666666667
M7|C00079,1,3,1,0.75,0.79875,-0.04874999999999996
M7|C00085,1,5,1,0.8333333333333334,0.78,0.053333333333333344
M7|C00103,1,8,4,0.6666666666666666,0.78125,-0.11458333333333337
M7|C00109,1,3,0,1.0,0.775,0.22499999999999998
M7|C00121,1,3,1,0.75,0.8025,-0.05249999999999999
M7|C00122,1,7,1,0.875,0.781875,0.09312500000000001
M7|C00123,1,3,1,0.75,0.79,-0.040000000000000036
M7|C00124,1,3,0,1.0,0.765,0.235
M7|C00125,1,3,1,0.75,0.795,-0.04500000000000004
M7|C00127,1,3,0,1.0,0.78,0.21999999999999997
M7|C00130,1,4,2,0.6666666666666666,0.795,-0.1283333333333334
M7|C00131,1,5,2,0.7142857142857143,0.7728571428571428,-0.0585714285714285
M7|C00132,1,2,1,0.6666666666666666,0.7866666666666667,-0.1200000000000001
M7|C00134,1,4,0,1.0,0.8025,0.1975
M7|C00135,1,2,1,0.6666666666666666,0.7783333333333333,-0.11166666666666669
M7|C00150,1,3,4,0.42857142857142855,0.7457142857142857,-0.3171428571428571
M7|C00155,1,7,1,0.875,0.79125,0.08374999999999999
M7|C00160,1,2,1,0.6666666666666666,0.745,-0.07833333333333337
M7|C00161,1,5,1,0.8333333333333334,0.76,0.07333333333333336
M7|C00163,1,4,0,1.0,0.79,0.20999999999999996
M7|C00166,1,4,0,1.0,0.795,0.20499999999999996
M7|C00167,1,5,0,1.0,0.7659999999999999,0.2340000000000001
M7|C00169,1,8,2,0.8,0.7480000000000001,0.051999999999999935
M7|C00180,1,3,0,1.0,0.7816666666666667,0.21833333333333327
M7|C00183,1,6,0,1.0,0.7875,0.21250000000000002
M7|C00194,1,4,1,0.8,0.7719999999999999,0.028000000000000136
M7|C00196,1,100,5,0.9523809523809523,0.766875,0.18550595238095235
M7|C00197,1,6,0,1.0,0.7608333333333335,0.23916666666666653
M7|C00206,1,2,1,0.6666666666666666,0.7816666666666667,-0.1150000000000001
M7|C00212,1,4,0,1.0,0.7875,0.21250000000000002
M7|C00215,1,5,0,1.0,0.7759999999999999,0.2240000000000001
M7|C00217,1,6,1,0.8571428571428571,0.7578571428571428,0.09928571428571431
M7|C00228,1,3,0,1.0,0.7816666666666666,0.21833333333333338
M7|C00229,1,1,3,0.25,0.8,-0.55
M8|C00002,13,43,8,0.8431372549019608,0.7877500000000001,0.055387254901960725
M8|C00003,12,45,14,0.7627118644067796,0.777,-0.014288135593220397
M8|C00004,11,46,16,0.7419354838709677,0.7719999999999999,-0.03006451612903216
M8|C00005,10,29,7,0.8055555555555556,0.7725,0.033055555555555616
M8|C00006,9,59,16,0.7866666666666666,0.76,0.026666666666666616
M8|C00007,9,24,17,0.5853658536585366,0.7758749999999999,-0.19050914634146332
M8|C00008,8,17,3,0.85,0.7695000000000001,0.0804999999999999
M8|C00009,8,20,8,0.7142857142857143,0.76125,-0.04696428571428568
M8|C00010,7,12,5,0.7058823529411765,0.7623529411764707,-0.05647058823529416
M8|C00011,7,0,7,0.0,0.7685714285714285,-0.7685714285714285
M8|C00012,6,39,11,0.78,0.757375,0.022625000000000006
M8|C00013,6,16,4,0.8,0.76875,0.03125
M8|C00014,6,13,4,0.7647058823529411,0.7682352941176469,-0.003529411764705781
M8|C00015,5,33,9,0.7857142857142857,0.7825,0.003214285714285725
M8|C00016,5,15,3,0.8333333333333334,0.7805555555555554,0.05277777777777792
M8|C00017,5,12,3,0.8,0.7716666666666666,0.028333333333333433
M8|C00018,5,7,7,0.5,0.7739285714285714,-0.2739285714285714
M8|C00019,5,2,4,0.3333333333333333,0.765,-0.4316666666666667
M8|C00020,4,12,3,0.8,0.76,0.040000000000000036
M8|C00021,4,12,2,0.8571428571428571,0.7782142857142857,0.07892857142857135
M8|C00022,4,13,10,0.5652173913043478,0.7630434782608695,-0.1978260869565217
M8|C00023,3,8,1,0.8888888888888888,0.7855555555555556,0.10333333333333328
M8|C00024,3,8,5,0.6153846153846154,0.7542307692307691,-0.13884615384615373
M8|C00025,3,6,3,0.6666666666666666,0.7761111111111112,-0.10944444444444457
M8|C00026,3,7,5,0.5833333333333334,0.7820833333333335,-0.1987500000000001
M8|C00027,3,15,4,0.7894736842105263,0.7815789473684209,0.007894736842105399
M8|C00028,3,12,5,0.7058823529411765,0.7861764705882354,-0.08029411764705885
M8|C00029,3,6,5,0.5454545454545454,0.7586363636363638,-0.21318181818181836
M8|C00030,3,5,1,0.8333333333333334,0.7858333333333333,0.0475000000000001
M8|C00031,2,5,3,0.625,0.770625,-0.145625
M8|C00033,2,4,1,0.8,0.77,0.030000000000000027
M8|C00034,2,4,2,0.6666666666666666,0.7741666666666667,-0.10750000000000004
M8|C00035,2,12,4,0.75,0.7728125,-0.022812500000000013
M8|C00036,2,6,5,0.5454545454545454,0.7740909090909092,-0.22863636363636375
M8|C00037,2,7,0,1.0,0.7607142857142857,0.23928571428571432
M8|C00038,2,7,2,0.7777777777777778,0.775,0.002777777777777768
M8|C00039,2,3,1,0.75,0.795,-0.04500000000000004
M8|C00040,2,2,1,0.6666666666666666,0.7566666666666667,-0.09000000000000008
M8|C00041,2,4,1,0.8,0.748,0.052000000000000046
M8|C00042,2,9,1,0.9,0.7605,0.13950000000000007
M8|C00043,2,3,0,1.0,0.7716666666666666,0.2283333333333334
M8|C00045,2,5,1,0.8333333333333334,0.7866666666666667,0.046666666666666634
M8|C00046,2,2,1,0.6666666666666666,0.785,-0.1183333333333334
M8|C00051,1,6,0,1.0,0.7675,0.23250000000000004
M8|C00052,1,3,1,0.75,0.77875,-0.028750000000000053
M8|C00054,1,4,0,1.0,0.77125,0.22875
M8|C00055,1,4,1,0.8,0.7639999999999999,0.03600000000000014
M8|C00056,1,2,1,0.6666666666666666,0.7633333333333333,-0.09666666666666668
M8|C00058,1,4,3,0.5714285714285714,0.7549999999999999,-0.1835714285714285
M8|C00060,1,4,1,0.8,0.746,0.05400000000000005
M8|C00061,1,3,0,1.0,0.7283333333333333,0.2716666666666667
M8|C00063,1,3,3,0.5,0.7541666666666668,-0.25416666666666676
M8|C00065,1,5,1,0.8333333333333334,0.7541666666666668,0.07916666666666661
M8|C00066,1,7,3,0.7,0.7655,-0.0655
M8|C00070,1,4,1,0.8,0.764,0.03600000000000003
M8|C00071,1,3,1,0.75,0.75375,-0.003750000000000031
M8|C00076,1,2,2,0.5,0.79125,-0.29125
M8|C00077,1,11,3,0.7857142857142857,0.7814285714285714,0.004285714285714337
M8|C00080,1,6,1,0.8571428571428571,0.7585714285714285,0.09857142857142864
M8|C00088,1,5,2,0.7142857142857143,0.7771428571428572,-0.06285714285714294
M8|C00089,1,4,1,0.8,0.7709999999999999,0.029000000000000137
M8|C00091,1,6,1,0.8571428571428571,0.7728571428571428,0.0842857142857143
M8|C00092,1,6,2,0.75,0.778125,-0.028124999999999956
M8|C00096,1,4,1,0.8,0.763,0.03700000000000003
M8|C00097,1,4,1,0.8,0.763,0.03700000000000003
M8|C00098,1,2,1,0.6666666666666666,0.77,-0.10333333333333339
M8|C00100,1,2,1,0.6666666666666666,0.77,-0.10333333333333339
M8|C00101,1,3,1,0.75,0.805,-0.05500000000000005
M8|C00102,1,6,0,1.0,0.7883333333333334,0.21166666666666656
M8|C00105,1,6,0,1.0,0.7491666666666668,0.25083333333333324
M8|C00113,1,4,2,0.6666666666666666,0.7633333333333334,-0.09666666666666679
M8|C00116,1,4,1,0.8,0.7659999999999999,0.03400000000000014
M8|C00118,1,6,2,0.75,0.775,-0.025000000000000022
M8|C00119,1,5,0,1.0,0.7709999999999999,0.2290000000000001
M8|C00120,1,3,2,0.6,0.7569999999999999,-0.15699999999999992
M8|C00132,1,2,1,0.6666666666666666,0.7683333333333334,-0.1016666666666668
M8|C00133,1,2,1,0.6666666666666666,0.7633333333333333,-0.09666666666666668
M8|C00139,1,4,0,1.0,0.785,0.21499999999999997
M9|C00001,82,335,95,0.7790697674418605,0.7751249999999998,0.003944767441860675
M9|C00002,62,125,24,0.8389261744966443,0.795625,0.04330117449664428
M9|C00003,41,114,28,0.8028169014084507,0.76,0.042816901408450736
M9|C00004,30,73,36,0.6697247706422018,0.782875,-0.11315022935779817
M9|C00005,22,144,30,0.8275862068965517,0.7819999999999999,0.045586206896551795
M9|C00006,21,35,9,0.7954545454545454,0.774625,0.020829545454545406
M9|C00007,17,31,8,0.7948717948717948,0.7782051282051282,0.016666666666666607
M9|C00008,16,15,18,0.45454545454545453,0.7781818181818181,-0.32363636363636356
M9|C00009,14,46,13,0.7796610169491526,0.77775,0.001911016949152522
M9|C00010,14,75,18,0.8064516129032258,0.7751249999999998,0.031326612903225914
M9|C00011,13,80,19,0.8080808080808081,0.7751249999999998,0.032955808080808224
M9|C00012,12,27,6,0.8181818181818182,0.7815151515151516,0.036666666666666625
M9|C00013,11,51,12,0.8095238095238095,0.782875,0.026648809523809547
M9|C00014,11,19,17,0.5277777777777778,0.77,-0.24222222222222223
M9|C00015,9,19,10,0.6551724137931034,0.7782758620689656,-0.12310344827586217
M9|C00016,9,9,7,0.5625,0.75125,-0.18874999999999997
M9|C00017,8,182,18,0.91,0.7725,0.13750000000000007
M9|C00018,8,32,6,0.8421052631578947,0.7756578947368421,0.06644736842105259
M9|C00019,7,38,15,0.7169811320754716,0.7825,-0.06551886792452832
M9|C00020,7,11,6,0.6470588235294118,0.7388235294117647,-0.09176470588235286
M9|C00021,6,22,3,0.88,0.79,0.08999999999999997
M9|C00022,6,21,6,0.7777777777777778,0.7764814814814816,0.0012962962962962399
M9|C00023,6,20,3,0.8695652173913043,0.7630434782608695,0.10652173913043483
M9|C00024,6,30,4,0.8823529411764706,0.779705882352941,0.10264705882352954
M9|C00025,6,23,5,0.8214285714285714,0.7671428571428572,0.05428571428571416
M9|C00026,6,20,6,0.7692307692307693,0.7763461538461539,-0.0071153846153846345
M9|C00027,6,25,6,0.8064516129032258,0.7835483870967742,0.022903225806451544
M9|C00028,5,27,6,0.8181818181818182,0.7724242424242425,0.045757575757575775
M9|C00029,5,4,0,1.0,0.7675,0.23250000000000004
M9|C00030,5,1,5,0.16666666666666666,0.7875,-0.6208333333333333
M9|C00031,5,28,10,0.7368421052631579,0.775,-0.03815789473684217
M9|C00032,5,16,6,0.7272727272727273,0.7581818181818183,-0.030909090909090997
M9|C00033,5,10,3,0.7692307692307693,0.775,-0.005769230769230749
M9|C00034,5,3,8,0.2727272727272727,0.7595454545454546,-0.4868181818181819
M9|C00035,5,6,4,0.6,0.7755000000000001,-0.1755000000000001
M9|C00036,4,10,2,0.8333333333333334,0.7820833333333332,0.05125000000000013
M9|C00037,4,24,5,0.8275862068965517,0.7739655172413794,0.053620689655172304
M9|C00038,4,4,0,1.0,0.7675,0.23250000000000004
M9|C00039,4,14,2,0.875,0.7503125,0.12468749999999995
M9|C00040,4,19,4,0.8260869565217391,0.7658695652173912,0.06021739130434789
M9|C00041,4,22,6,0.7857142857142857,0.79,-0.004285714285714337
M9|C00042,4,8,7,0.5333333333333333,0.7763333333333334,-0.2430000000000001
M9|C00043,3,5,6,0.45454545454545453,0.7781818181818181,-0.32363636363636356
M9|C00044,3,6,4,0.6,0.7685,-0.16849999999999998
M9|C00045,3,7,2,0.7777777777777778,0.745,0.032777777777777795
M9|C00046,3,15,10,0.6,0.7683999999999999,-0.16839999999999988
M9|C00047,3,14,0,1.0,0.7675,0.23250000000000004
M9|C00048,3,17,3,0.85,0.7644999999999998,0.08550000000000013
M9|C00049,3,5,0,1.0,0.7579999999999998,0.24200000000000021
M9|C00050,3,10,10,0.5,0.7667499999999998,-0.2667499999999998
M9|C00051,3,8,1,0.8888888888888888,0.7661111111111112,0.12277777777777765
M9|C00052,3,12,2,0.8571428571428571,0.7764285714285714,0.08071428571428574
M9|C00053,3,6,5,0.5454545454545454,0.7527272727272727,-0.20727272727272728
M9|C00054,3,7,0,1.0,0.745,0.255
M9|C00055,2,6,4,0.6,0.7685,-0.16849999999999998
M9|C00056,2,2,2,0.5,0.80125,-0.30125
M9|C00057,2,5,1,0.8333333333333334,0.7791666666666666,0.05416666666666681
M9|C00058,2,2,1,0.6666666666666666,0.7716666666666666,-0.10499999999999998
M9|C00059,2,5,6,0.45454545454545453,0.7622727272727272,-0.3077272727272727
M9|C00060,2,4,2,0.6666666666666666,0.7516666666666667,-0.08500000000000008
M9|C00061,2,3,0,1.0,0.72,0.28
M9|C00062,2,5,2,0.7142857142857143,0.7549999999999999,-0.04071428571428559
M9|C00064,2,3,1,0.75,0.775,-0.025000000000000022
M9|C00065,2,3,2,0.6,0.77,-0.17000000000000004
M9|C00066,2,6,11,0.35294117647058826,0.781470588235294,-0.42852941176470577
M9|C00067,2,6,7,0.46153846153846156,0.7696153846153845,-0.3080769230769229
M9|C00068,2,16,7,0.6956521739130435,0.7580434782608695,-0.062391304347826027
M9|C00069,2,15,2,0.8823529411764706,0.7852941176470588,0.09705882352941175
M9|C00070,2,5,3,0.625,0.77375,-0.14875000000000005
M9|C00071,2,6,3,0.6666666666666666,0.7666666666666667,-0.10000000000000009
M9|C00072,2,8,0,1.0,0.778125,0.22187500000000004
M9|C00073,2,6,0,1.0,0.795,0.20499999999999996
M9|C00074,2,5,5,0.5,0.77,-0.27
M9|C00075,2,4,2,0.6666666666666666,0.7908333333333334,-0.12416666666666676
M9|C00076,2,3,2,0.6,0.7759999999999999,-0.17599999999999993
M9|C00077,2,5,1,0.8333333333333334,0.7491666666666668,0.08416666666666661
M9|C00080,2,7,0,1.0,0.7492857142857141,0.2507142857142859
M9|C00081,2,9,0,1.0,0.7711111111111112,0.2288888888888888
M9|C00082,2,8,1,0.8888888888888888,0.7711111111111112,0.11777777777777765
M9|C00083,2,4,2,0.6666666666666666,0.7658333333333333,-0.09916666666666663
M9|C00085,2,12,3,0.8,0.7736666666666667,0.02633333333333332
M9|C00086,2,5,2,0.7142857142857143,0.7642857142857141,-0.04999999999999982
M9|C00087,2,7,5,0.5833333333333334,0.7770833333333335,-0.1937500000000001
M9|C00088,2,2,2,0.5,0.7875,-0.2875
M9|C00089,2,5,1,0.8333333333333334,0.76,0.07333333333333336
M9|C00090,2,3,0,1.0,0.725,0.275
M9|C00094,1,3,1,0.75,0.79625,-0.04625000000000001
M9|C00095,1,2,2,0.5,0.77125,-0.27125
M9|C00098,1,3,1,0.75,0.775,-0.025000000000000022
M9|C00099,1,2,1,0.6666666666666666,0.7766666666666667,-0.1100000000000001
M9|C00101,1,5,0,1.0,0.7569999999999999,0.2430000000000001
M9|C00103,1,1,2,0.3333333333333333,0.7766666666666667,-0.4433333333333334
M9|C00105,1,4,0,1.0,0.775,0.22499999999999998
M9|C00110,1,3,0,1.0,0.7283333333333333,0.2716666666666667
M9|C00113,1,6,2,0.75,0.77625,-0.026249999999999996
M9|C00125,1,7,1,0.875,0.769375,0.10562499999999997
M9|C00126,1,5,1,0.8333333333333334,0.7916666666666665,0.04166666666666685
M9|C00127,1,3,0,1.0,0.7783333333333333,0.22166666666666668
M9|C00147,1,2,1,0.6666666666666666,0.765,-0.09833333333333338
M9|C00159,1,3,0,1.0,0.76,0.24
M9|C00162,1,4,0,1.0,0.785,0.21499999999999997
M9|C00163,1,6,0,1.0,0.7758333333333334,0.22416666666666663
M9|C00165,1,57,4,0.9344262295081968,0.78175,0.15267622950819681
M9|C00166,1,5,3,0.625,0.769375,-0.14437500000000003
M9|C00171,1,7,2,0.7777777777777778,0.7744444444444446,0.0033333333333331883
M9|C00173,1,3,0,1.0,0.7783333333333334,0.22166666666666657
M9|C00178,1,3,0,1.0,0.7566666666666667,0.2433333333333333
M9|C00183,1,1,2,0.3333333333333333,0.7633333333333333,-0.43
M9|C00192,1,3,0,1.0,0.7716666666666666,0.2283333333333334
M9|C00199,1,6,0,1.0,0.7691666666666667,0.23083333333333333
M9|C00201,1,4,0,1.0,0.79125,0.20875
M9|C00205,1,4,0,1.0,0.805,0.19499999999999995
M9|C00214,1,6,1,0.8571428571428571,0.7671428571428571,0.08999999999999997
M9|C00221,1,3,0,1.0,0.7633333333333333,0.2366666666666667
M9|C00223,1,3,1,0.75,0.7875,-0.03749999999999998
M9|C00226,1,3,0,1.0,0.7783333333333333,0.22166666666666668
M9|C00229,1,3,1,0.75,0.79375,-0.043749999999999956
