patient,clonotype_id,n_exact_pairs
p12,clonotype1,2
p12,clonotype10,6
p12,clonotype100,3
p12,clonotype1000,2
p12,clonotype1001,2
p12,clonotype1002,2
p12,clonotype1003,1
p12,clonotype1004,1
p12,clonotype1005,2
p12,clonotype1006,2
p12,clonotype1007,2
p12,clonotype1008,2
p12,clonotype1009,2
p12,clonotype101,4
p12,clonotype1010,2
p12,clonotype1011,2
p12,clonotype1012,2
p12,clonotype1013,2
p12,clonotype1014,2
p12,clonotype1015,2
p12,clonotype1016,2
p12,clonotype1017,2
p12,clonotype1018,2
p12,clonotype1019,2
p12,clonotype102,5
p12,clonotype1020,2
p12,clonotype1021,2
p12,clonotype1022,2
p12,clonotype1023,2
p12,clonotype1024,2
p12,clonotype1025,2
p12,clonotype1026,2
p12,clonotype1027,2
p12,clonotype1028,3
p12,clonotype1029,4
p12,clonotype103,4
p12,clonotype1030,2
p12,clonotype1031,2
p12,clonotype1032,1
p12,clonotype1033,3
p12,clonotype1034,1
p12,clonotype1035,2
p12,clonotype1036,1
p12,clonotype1037,3
p12,clonotype1038,3
p12,clonotype1039,4
p12,clonotype104,4
p12,clonotype1040,4
p12,clonotype1041,2
p12,clonotype1042,4
p12,clonotype1043,4
p12,clonotype1044,3
p12,clonotype1045,4
p12,clonotype1046,2
p12,clonotype1047,3
p12,clonotype1048,2
p12,clonotype1049,1
p12,clonotype105,3
p12,clonotype1050,1
p12,clonotype1051,2
p12,clonotype1052,2
p12,clonotype1053,2
p12,clonotype1054,2
p12,clonotype1055,2
p12,clonotype1056,1
p12,clonotype1057,1
p12,clonotype1058,2
p12,clonotype1059,2
p12,clonotype106,5
p12,clonotype1060,2
p12,clonotype1061,2
p12,clonotype1062,2
p12,clonotype1063,1
p12,clonotype1064,2
p12,clonotype1066,2
p12,clonotype1067,2
p12,clonotype1068,2
p12,clonotype1069,2
p12,clonotype107,7
p12,clonotype1070,2
p12,clonotype1071,2
p12,clonotype1072,2
p12,clonotype1073,2
p12,clonotype1074,1
p12,clonotype1075,1
p12,clonotype1076,1
p12,clonotype1077,1
p12,clonotype1078,2
p12,clonotype1079,2
p12,clonotype108,4
p12,clonotype1080,2
p12,clonotype1082,3
p12,clonotype1083,2
p12,clonotype1084,2
p12,clonotype1085,2
p12,clonotype1087,1
p12,clonotype1088,2
p12,clonotype1089,1
p12,clonotype109,5
p12,clonotype1090,2
p12,clonotype1091,2
p12,clonotype1092,1
p12,clonotype1093,1
p12,clonotype1094,2
p12,clonotype1095,1
p12,clonotype1096,1
p12,clonotype1097,3
p12,clonotype1098,2
p12,clonotype1099,3
p12,clonotype11,6
p12,clonotype110,1
p12,clonotype1100,2
p12,clonotype1101,3
p12,clonotype1102,2
p12,clonotype1104,2
p12,clonotype1105,3
p12,clonotype1106,3
p12,clonotype1107,3
p12,clonotype1108,2
p12,clonotype1109,3
p12,clonotype111,4
p12,clonotype1110,3
p12,clonotype1111,2
p12,clonotype1112,2
p12,clonotype1113,1
p12,clonotype1114,3
p12,clonotype1115,3
p12,clonotype1116,3
p12,clonotype1117,3
p12,clonotype1118,2
p12,clonotype1119,2
p12,clonotype112,3
p12,clonotype1120,4
p12,clonotype1121,3
p12,clonotype1122,2
p12,clonotype1123,3
p12,clonotype1124,1
p12,clonotype1125,3
p12,clonotype1126,3
p12,clonotype1127,3
p12,clonotype1128,2
p12,clonotype1129,4
p12,clonotype113,3
p12,clonotype1130,3
p12,clonotype1131,4
p12,clonotype1132,2
p12,clonotype1133,2
p12,clonotype1134,4
p12,clonotype1135,4
p12,clonotype1136,4
p12,clonotype1137,4
p12,clonotype1138,1
p12,clonotype1139,2
p12,clonotype114,3
p12,clonotype1140,4
p12,clonotype1141,3
p12,clonotype1142,3
p12,clonotype1143,3
p12,clonotype1144,4
p12,clonotype1145,4
p12,clonotype1146,4
p12,clonotype1147,4
p12,clonotype1148,3
p12,clonotype1149,3
p12,clonotype115,4
p12,clonotype1150,3
p12,clonotype1151,1
p12,clonotype1152,2
p12,clonotype1153,4
p12,clonotype1154,3
p12,clonotype1155,1
p12,clonotype1156,1
p12,clonotype1157,1
p12,clonotype1158,3
p12,clonotype1159,4
p12,clonotype116,2
p12,clonotype1160,3
p12,clonotype1161,3
p12,clonotype1162,2
p12,clonotype1163,3
p12,clonotype1164,2
p12,clonotype1165,3
p12,clonotype1166,3
p12,clonotype1167,3
p12,clonotype1168,3
p12,clonotype1169,3
p12,clonotype117,6
p12,clonotype1170,2
p12,clonotype1171,1
p12,clonotype1172,1
p12,clonotype1173,3
p12,clonotype1174,3
p12,clonotype1175,3
p12,clonotype1176,3
p12,clonotype1177,3
p12,clonotype1178,3
p12,clonotype1179,1
p12,clonotype118,4
p12,clonotype1180,3
p12,clonotype1181,1
p12,clonotype1182,3
p12,clonotype1183,3
p12,clonotype1184,2
p12,clonotype1185,2
p12,clonotype1186,3
p12,clonotype1187,3
p12,clonotype1188,3
p12,clonotype1189,3
p12,clonotype119,5
p12,clonotype1190,2
p12,clonotype1191,3
p12,clonotype1192,4
p12,clonotype1193,2
p12,clonotype1194,2
p12,clonotype1195,2
p12,clonotype1196,4
p12,clonotype1197,3
p12,clonotype1198,3
p12,clonotype1199,1
p12,clonotype12,3
p12,clonotype120,3
p12,clonotype1200,3
p12,clonotype1201,2
p12,clonotype1202,3
p12,clonotype1203,2
p12,clonotype1204,3
p12,clonotype1205,2
p12,clonotype1206,3
p12,clonotype1207,2
p12,clonotype1208,3
p12,clonotype1209,1
p12,clonotype121,6
p12,clonotype1210,2
p12,clonotype1211,4
p12,clonotype1212,3
p12,clonotype1213,3
p12,clonotype1214,2
p12,clonotype1215,1
p12,clonotype1216,2
p12,clonotype1217,2
p12,clonotype1218,2
p12,clonotype1219,1
p12,clonotype122,6
p12,clonotype1220,2
p12,clonotype1221,1
p12,clonotype1222,2
p12,clonotype1223,1
p12,clonotype1224,2
p12,clonotype1225,2
p12,clonotype1226,2
p12,clonotype1227,1
p12,clonotype1228,1
p12,clonotype1229,2
p12,clonotype123,5
p12,clonotype1230,1
p12,clonotype1231,1
p12,clonotype1233,1
p12,clonotype1234,3
p12,clonotype1235,2
p12,clonotype1236,3
p12,clonotype1237,2
p12,clonotype1238,3
p12,clonotype1239,3
p12,clonotype124,3
p12,clonotype1240,1
p12,clonotype1241,1
p12,clonotype1242,2
p12,clonotype1243,3
p12,clonotype1244,3
p12,clonotype1246,1
p12,clonotype1247,2
p12,clonotype1248,1
p12,clonotype1249,2
p12,clonotype125,4
p12,clonotype1250,2
p12,clonotype1251,3
p12,clonotype1252,2
p12,clonotype1253,3
p12,clonotype1254,2
p12,clonotype1255,2
p12,clonotype1256,2
p12,clonotype1257,1
p12,clonotype1259,1
p12,clonotype126,3
p12,clonotype1260,2
p12,clonotype1261,3
p12,clonotype1262,2
p12,clonotype1263,2
p12,clonotype1264,2
p12,clonotype1265,2
p12,clonotype1266,1
p12,clonotype1268,2
p12,clonotype1269,2
p12,clonotype127,4
p12,clonotype1271,1
p12,clonotype1272,2
p12,clonotype1273,2
p12,clonotype1274,1
p12,clonotype1275,3
p12,clonotype1276,2
p12,clonotype1277,2
p12,clonotype1278,2
p12,clonotype1279,1
p12,clonotype128,4
p12,clonotype1280,2
p12,clonotype1281,1
p12,clonotype1282,2
p12,clonotype1283,2
p12,clonotype1284,2
p12,clonotype1285,2
p12,clonotype1286,2
p12,clonotype1287,2
p12,clonotype1288,2
p12,clonotype1289,2
p12,clonotype129,4
p12,clonotype1290,2
p12,clonotype1291,2
p12,clonotype1292,2
p12,clonotype1293,1
p12,clonotype1294,1
p12,clonotype1295,2
p12,clonotype1296,2
p12,clonotype1297,1
p12,clonotype1298,1
p12,clonotype1299,2
p12,clonotype13,3
p12,clonotype130,3
p12,clonotype1300,1
p12,clonotype1301,2
p12,clonotype1302,2
p12,clonotype1303,2
p12,clonotype1304,2
p12,clonotype1305,4
p12,clonotype1306,2
p12,clonotype1307,3
p12,clonotype1308,3
p12,clonotype1309,2
p12,clonotype131,3
p12,clonotype1310,2
p12,clonotype1311,1
p12,clonotype1312,2
p12,clonotype1313,2
p12,clonotype1314,1
p12,clonotype1315,2
p12,clonotype1316,2
p12,clonotype1317,1
p12,clonotype1318,1
p12,clonotype1319,2
p12,clonotype132,3
p12,clonotype1320,3
p12,clonotype1321,2
p12,clonotype1322,2
p12,clonotype1324,2
p12,clonotype1325,1
p12,clonotype1326,2
p12,clonotype1327,3
p12,clonotype1328,1
p12,clonotype1329,1
p12,clonotype133,3
p12,clonotype1330,3
p12,clonotype1333,1
p12,clonotype1334,2
p12,clonotype1335,3
p12,clonotype1336,3
p12,clonotype1337,2
p12,clonotype1338,2
p12,clonotype134,5
p12,clonotype1340,2
p12,clonotype1341,2
p12,clonotype1342,2
p12,clonotype1343,1
p12,clonotype1344,2
p12,clonotype1345,2
p12,clonotype1346,2
p12,clonotype1347,2
p12,clonotype1348,1
p12,clonotype1349,2
p12,clonotype135,3
p12,clonotype1350,3
p12,clonotype1351,2
p12,clonotype1352,1
p12,clonotype1353,3
p12,clonotype1354,1
p12,clonotype1355,2
p12,clonotype1356,2
p12,clonotype1357,1
p12,clonotype1358,2
p12,clonotype1359,2
p12,clonotype136,4
p12,clonotype1360,3
p12,clonotype1361,1
p12,clonotype1362,2
p12,clonotype1363,3
p12,clonotype1364,2
p12,clonotype1365,2
p12,clonotype1366,2
p12,clonotype1367,1
p12,clonotype1368,2
p12,clonotype1369,2
p12,clonotype137,6
p12,clonotype1370,1
p12,clonotype1371,2
p12,clonotype1372,3
p12,clonotype1373,1
p12,clonotype1374,2
p12,clonotype1375,2
p12,clonotype1376,2
p12,clonotype1377,2
p12,clonotype1378,3
p12,clonotype1379,2
p12,clonotype138,4
p12,clonotype1380,3
p12,clonotype1381,2
p12,clonotype1382,2
p12,clonotype1383,2
p12,clonotype1384,2
p12,clonotype1385,2
p12,clonotype1386,2
p12,clonotype1387,3
p12,clonotype1388,2
p12,clonotype1389,1
p12,clonotype139,6
p12,clonotype1390,2
p12,clonotype1391,2
p12,clonotype1392,2
p12,clonotype1393,1
p12,clonotype1394,2
p12,clonotype1395,2
p12,clonotype1396,2
p12,clonotype1397,2
p12,clonotype1398,2
p12,clonotype1399,2
p12,clonotype14,5
p12,clonotype140,4
p12,clonotype1400,2
p12,clonotype1401,2
p12,clonotype1402,1
p12,clonotype1403,2
p12,clonotype1404,3
p12,clonotype1405,1
p12,clonotype1406,2
p12,clonotype1407,3
p12,clonotype1408,2
p12,clonotype1409,1
p12,clonotype141,5
p12,clonotype1410,2
p12,clonotype1411,2
p12,clonotype1412,2
p12,clonotype1413,2
p12,clonotype1414,2
p12,clonotype1415,1
p12,clonotype1416,1
p12,clonotype1417,2
p12,clonotype1418,1
p12,clonotype1419,2
p12,clonotype142,2
p12,clonotype1420,2
p12,clonotype1421,2
p12,clonotype1422,2
p12,clonotype1423,2
p12,clonotype1424,3
p12,clonotype1425,3
p12,clonotype1426,3
p12,clonotype1427,2
p12,clonotype1428,2
p12,clonotype1429,3
p12,clonotype143,2
p12,clonotype1430,4
p12,clonotype1431,3
p12,clonotype1432,2
p12,clonotype1433,3
p12,clonotype1434,3
p12,clonotype1435,3
p12,clonotype1436,3
p12,clonotype1437,1
p12,clonotype1438,1
p12,clonotype1439,1
p12,clonotype144,3
p12,clonotype1440,2
p12,clonotype1441,2
p12,clonotype1442,1
p12,clonotype1443,2
p12,clonotype1444,1
p12,clonotype1446,1
p12,clonotype1447,1
p12,clonotype1448,2
p12,clonotype1449,3
p12,clonotype145,4
p12,clonotype1450,2
p12,clonotype1451,2
p12,clonotype1452,3
p12,clonotype1453,1
p12,clonotype1454,2
p12,clonotype1455,2
p12,clonotype1456,1
p12,clonotype1457,1
p12,clonotype1458,2
p12,clonotype1459,2
p12,clonotype146,4
p12,clonotype1460,2
p12,clonotype1461,2
p12,clonotype1462,3
p12,clonotype1463,4
p12,clonotype1464,3
p12,clonotype1465,3
p12,clonotype1466,2
p12,clonotype1467,1
p12,clonotype1468,2
p12,clonotype1469,3
p12,clonotype147,3
p12,clonotype1470,2
p12,clonotype1471,2
p12,clonotype1472,2
p12,clonotype1473,2
p12,clonotype1474,2
p12,clonotype1475,1
p12,clonotype1476,1
p12,clonotype1477,2
p12,clonotype1478,2
p12,clonotype1479,2
p12,clonotype148,5
p12,clonotype1480,2
p12,clonotype1481,2
p12,clonotype1482,2
p12,clonotype1483,1
p12,clonotype1484,1
p12,clonotype1486,1
p12,clonotype1487,2
p12,clonotype1488,3
p12,clonotype1489,2
p12,clonotype149,3
p12,clonotype1490,3
p12,clonotype1491,3
p12,clonotype1492,4
p12,clonotype1493,2
p12,clonotype1494,3
p12,clonotype1495,3
p12,clonotype1496,2
p12,clonotype1497,3
p12,clonotype1498,2
p12,clonotype1499,3
p12,clonotype15,4
p12,clonotype150,5
p12,clonotype1500,2
p12,clonotype1501,1
p12,clonotype1502,3
p12,clonotype1503,2
p12,clonotype1504,4
p12,clonotype1505,2
p12,clonotype1506,2
p12,clonotype1507,3
p12,clonotype1508,3
p12,clonotype1509,3
p12,clonotype151,3
p12,clonotype1510,3
p12,clonotype1511,3
p12,clonotype1512,4
p12,clonotype1513,3
p12,clonotype1514,1
p12,clonotype1515,2
p12,clonotype1516,2
p12,clonotype1517,3
p12,clonotype1518,4
p12,clonotype1519,2
p12,clonotype152,5
p12,clonotype1520,3
p12,clonotype1521,2
p12,clonotype1522,2
p12,clonotype1523,3
p12,clonotype1524,4
p12,clonotype1525,3
p12,clonotype1526,3
p12,clonotype1527,2
p12,clonotype1528,3
p12,clonotype1529,4
p12,clonotype153,4
p12,clonotype1530,3
p12,clonotype1531,4
p12,clonotype1532,3
p12,clonotype1533,4
p12,clonotype1534,2
p12,clonotype1535,3
p12,clonotype1536,2
p12,clonotype1537,5
p12,clonotype1538,1
p12,clonotype1539,3
p12,clonotype154,3
p12,clonotype1540,3
p12,clonotype1541,2
p12,clonotype1542,3
p12,clonotype1543,2
p12,clonotype1544,1
p12,clonotype1545,3
p12,clonotype1546,3
p12,clonotype1547,4
p12,clonotype1548,3
p12,clonotype1549,4
p12,clonotype155,6
p12,clonotype1550,3
p12,clonotype1551,2
p12,clonotype1552,4
p12,clonotype1553,4
p12,clonotype1554,3
p12,clonotype1555,2
p12,clonotype1556,4
p12,clonotype1557,4
p12,clonotype1558,4
p12,clonotype1559,3
p12,clonotype156,2
p12,clonotype1560,3
p12,clonotype1561,3
p12,clonotype1562,2
p12,clonotype1563,4
p12,clonotype1564,4
p12,clonotype1565,3
p12,clonotype1566,3
p12,clonotype1567,4
p12,clonotype1568,4
p12,clonotype1569,3
p12,clonotype157,4
p12,clonotype1570,3
p12,clonotype1571,6
p12,clonotype1572,4
p12,clonotype1573,3
p12,clonotype1574,4
p12,clonotype1575,5
p12,clonotype1576,3
p12,clonotype1577,4
p12,clonotype1578,2
p12,clonotype1579,4
p12,clonotype158,4
p12,clonotype1580,5
p12,clonotype1581,4
p12,clonotype1582,3
p12,clonotype1583,3
p12,clonotype1584,4
p12,clonotype1585,2
p12,clonotype1586,2
p12,clonotype1587,3
p12,clonotype1588,3
p12,clonotype1589,4
p12,clonotype159,4
p12,clonotype1590,5
p12,clonotype1591,4
p12,clonotype1592,5
p12,clonotype1593,4
p12,clonotype1594,5
p12,clonotype1595,3
p12,clonotype1596,2
p12,clonotype1597,4
p12,clonotype1598,5
p12,clonotype1599,4
p12,clonotype16,2
p12,clonotype160,5
p12,clonotype1600,5
p12,clonotype1601,4
p12,clonotype1602,4
p12,clonotype1603,3
p12,clonotype1604,4
p12,clonotype1605,3
p12,clonotype1606,4
p12,clonotype1607,4
p12,clonotype1608,4
p12,clonotype1609,3
p12,clonotype161,4
p12,clonotype1610,3
p12,clonotype1611,5
p12,clonotype1612,2
p12,clonotype1613,2
p12,clonotype1614,4
p12,clonotype1615,3
p12,clonotype1616,4
p12,clonotype1617,5
p12,clonotype1618,5
p12,clonotype1619,3
p12,clonotype162,3
p12,clonotype1620,4
p12,clonotype1621,3
p12,clonotype1622,3
p12,clonotype1623,2
p12,clonotype1624,6
p12,clonotype1625,3
p12,clonotype1626,3
p12,clonotype1627,3
p12,clonotype1628,3
p12,clonotype1629,6
p12,clonotype163,3
p12,clonotype1630,2
p12,clonotype1631,5
p12,clonotype1632,4
p12,clonotype1633,4
p12,clonotype1634,3
p12,clonotype1635,4
p12,clonotype1636,3
p12,clonotype1637,4
p12,clonotype1638,3
p12,clonotype1639,3
p12,clonotype164,3
p12,clonotype1640,4
p12,clonotype1641,3
p12,clonotype1642,3
p12,clonotype1643,4
p12,clonotype1644,4
p12,clonotype1645,3
p12,clonotype1646,4
p12,clonotype1647,4
p12,clonotype1648,3
p12,clonotype1649,3
p12,clonotype165,5
p12,clonotype1650,3
p12,clonotype1651,3
p12,clonotype1652,4
p12,clonotype1653,3
p12,clonotype1654,3
p12,clonotype1655,3
p12,clonotype1656,3
p12,clonotype1657,4
p12,clonotype1658,4
p12,clonotype1659,4
p12,clonotype166,3
p12,clonotype1660,4
p12,clonotype1661,3
p12,clonotype1662,3
p12,clonotype1663,2
p12,clonotype1664,2
p12,clonotype1665,1
p12,clonotype1666,3
p12,clonotype1667,3
p12,clonotype1668,2
p12,clonotype1669,2
p12,clonotype167,4
p12,clonotype1670,2
p12,clonotype1671,2
p12,clonotype1672,2
p12,clonotype1673,3
p12,clonotype1674,1
p12,clonotype1675,1
p12,clonotype1676,2
p12,clonotype1677,3
p12,clonotype1678,2
p12,clonotype1679,2
p12,clonotype168,4
p12,clonotype1680,2
p12,clonotype1681,2
p12,clonotype1682,3
p12,clonotype1683,3
p12,clonotype1684,3
p12,clonotype1685,3
p12,clonotype1686,1
p12,clonotype1687,1
p12,clonotype1688,1
p12,clonotype1689,2
p12,clonotype169,2
p12,clonotype1690,2
p12,clonotype1691,2
p12,clonotype1692,3
p12,clonotype1693,2
p12,clonotype1694,1
p12,clonotype1695,2
p12,clonotype1696,1
p12,clonotype1697,2
p12,clonotype1698,1
p12,clonotype1699,2
p12,clonotype17,3
p12,clonotype170,4
p12,clonotype1700,2
p12,clonotype1701,2
p12,clonotype1702,1
p12,clonotype1703,2
p12,clonotype1704,2
p12,clonotype1705,2
p12,clonotype1706,3
p12,clonotype1707,1
p12,clonotype1708,2
p12,clonotype1709,2
p12,clonotype171,2
p12,clonotype1710,2
p12,clonotype1711,1
p12,clonotype1712,2
p12,clonotype1713,2
p12,clonotype1714,3
p12,clonotype1715,2
p12,clonotype1716,2
p12,clonotype1717,1
p12,clonotype1718,2
p12,clonotype172,4
p12,clonotype1720,2
p12,clonotype1721,1
p12,clonotype1722,1
p12,clonotype1723,2
p12,clonotype1724,1
p12,clonotype1725,1
p12,clonotype1726,1
p12,clonotype1727,2
p12,clonotype1728,2
p12,clonotype1729,2
p12,clonotype173,4
p12,clonotype1730,2
p12,clonotype1731,1
p12,clonotype1732,2
p12,clonotype1733,2
p12,clonotype1734,2
p12,clonotype1735,1
p12,clonotype1736,3
p12,clonotype1737,2
p12,clonotype1738,1
p12,clonotype1739,1
p12,clonotype174,4
p12,clonotype1740,1
p12,clonotype1741,1
p12,clonotype1742,1
p12,clonotype1743,2
p12,clonotype1744,2
p12,clonotype1745,2
p12,clonotype1746,1
p12,clonotype1747,3
p12,clonotype1748,1
p12,clonotype1749,2
p12,clonotype175,4
p12,clonotype1750,1
p12,clonotype1751,2
p12,clonotype1752,2
p12,clonotype1753,2
p12,clonotype1754,1
p12,clonotype1755,1
p12,clonotype1756,2
p12,clonotype1757,1
p12,clonotype1758,2
p12,clonotype1759,2
p12,clonotype176,4
p12,clonotype1760,1
p12,clonotype1761,1
p12,clonotype1762,2
p12,clonotype1763,1
p12,clonotype1764,2
p12,clonotype1765,2
p12,clonotype1766,2
p12,clonotype1768,2
p12,clonotype1769,2
p12,clonotype177,3
p12,clonotype1770,2
p12,clonotype1771,2
p12,clonotype1772,1
p12,clonotype1773,1
p12,clonotype1774,2
p12,clonotype1775,2
p12,clonotype1776,2
p12,clonotype1777,2
p12,clonotype1778,2
p12,clonotype1779,1
p12,clonotype178,5
p12,clonotype1780,1
p12,clonotype1781,2
p12,clonotype1782,2
p12,clonotype1783,1
p12,clonotype1784,2
p12,clonotype1785,3
p12,clonotype1786,2
p12,clonotype1787,1
p12,clonotype1788,2
p12,clonotype1789,2
p12,clonotype179,5
p12,clonotype1790,2
p12,clonotype1791,2
p12,clonotype1792,1
p12,clonotype1793,3
p12,clonotype1794,3
p12,clonotype1795,1
p12,clonotype1796,2
p12,clonotype1797,2
p12,clonotype1798,2
p12,clonotype1799,1
p12,clonotype18,6
p12,clonotype180,4
p12,clonotype1800,3
p12,clonotype1801,2
p12,clonotype1802,1
p12,clonotype1803,2
p12,clonotype1804,3
p12,clonotype1805,1
p12,clonotype1806,2
p12,clonotype1807,2
p12,clonotype1808,2
p12,clonotype1809,2
p12,clonotype181,4
p12,clonotype1810,2
p12,clonotype1812,2
p12,clonotype1813,2
p12,clonotype1814,2
p12,clonotype1815,1
p12,clonotype1816,2
p12,clonotype1817,1
p12,clonotype1818,2
p12,clonotype1819,2
p12,clonotype182,2
p12,clonotype1820,2
p12,clonotype1821,2
p12,clonotype1822,2
p12,clonotype1823,2
p12,clonotype1824,2
p12,clonotype1825,2
p12,clonotype1826,3
p12,clonotype1827,2
p12,clonotype1828,1
p12,clonotype1829,2
p12,clonotype183,2
p12,clonotype1830,2
p12,clonotype1831,1
p12,clonotype1832,2
p12,clonotype1833,2
p12,clonotype1834,2
p12,clonotype1835,1
p12,clonotype1836,1
p12,clonotype1837,2
p12,clonotype1838,2
p12,clonotype1839,2
p12,clonotype184,2
p12,clonotype1840,2
p12,clonotype1841,3
p12,clonotype1842,2
p12,clonotype1843,1
p12,clonotype1844,2
p12,clonotype1845,2
p12,clonotype1846,2
p12,clonotype1847,2
p12,clonotype1848,2
p12,clonotype1849,2
p12,clonotype185,3
p12,clonotype1850,1
p12,clonotype1852,2
p12,clonotype1853,2
p12,clonotype1854,1
p12,clonotype1855,2
p12,clonotype1856,2
p12,clonotype1857,2
p12,clonotype1858,2
p12,clonotype1859,1
p12,clonotype186,3
p12,clonotype1860,2
p12,clonotype1861,1
p12,clonotype1862,3
p12,clonotype1863,2
p12,clonotype1864,2
p12,clonotype1865,3
p12,clonotype1866,2
p12,clonotype1867,2
p12,clonotype1868,1
p12,clonotype1869,2
p12,clonotype187,3
p12,clonotype1870,1
p12,clonotype1871,2
p12,clonotype1872,2
p12,clonotype1873,3
p12,clonotype1874,2
p12,clonotype1875,2
p12,clonotype1876,2
p12,clonotype1877,1
p12,clonotype1878,1
p12,clonotype1879,1
p12,clonotype188,4
p12,clonotype1880,2
p12,clonotype1881,2
p12,clonotype1882,2
p12,clonotype1883,3
p12,clonotype1884,2
p12,clonotype1885,2
p12,clonotype1886,1
p12,clonotype1887,2
p12,clonotype1888,3
p12,clonotype1889,2
p12,clonotype189,2
p12,clonotype1890,1
p12,clonotype1891,2
p12,clonotype1892,4
p12,clonotype1893,3
p12,clonotype1894,3
p12,clonotype1895,3
p12,clonotype1896,3
p12,clonotype1897,3
p12,clonotype1898,2
p12,clonotype1899,3
p12,clonotype19,4
p12,clonotype190,4
p12,clonotype1900,2
p12,clonotype1901,3
p12,clonotype1902,3
p12,clonotype1903,3
p12,clonotype1904,3
p12,clonotype1905,3
p12,clonotype1906,2
p12,clonotype1907,3
p12,clonotype1908,3
p12,clonotype1909,4
p12,clonotype191,3
p12,clonotype1910,2
p12,clonotype1911,4
p12,clonotype1912,4
p12,clonotype1913,3
p12,clonotype1914,2
p12,clonotype1915,3
p12,clonotype1916,3
p12,clonotype1917,2
p12,clonotype1918,2
p12,clonotype1919,3
p12,clonotype192,3
p12,clonotype1920,3
p12,clonotype1921,3
p12,clonotype1922,3
p12,clonotype1923,3
p12,clonotype1924,4
p12,clonotype1925,2
p12,clonotype1926,3
p12,clonotype1927,4
p12,clonotype1928,3
p12,clonotype1929,3
p12,clonotype193,4
p12,clonotype1930,3
p12,clonotype1931,2
p12,clonotype1932,3
p12,clonotype1933,3
p12,clonotype1934,2
p12,clonotype1935,3
p12,clonotype1936,3
p12,clonotype1937,3
p12,clonotype1938,2
p12,clonotype1939,3
p12,clonotype194,5
p12,clonotype1940,3
p12,clonotype1941,3
p12,clonotype1942,3
p12,clonotype1943,3
p12,clonotype1944,2
p12,clonotype1945,2
p12,clonotype1946,4
p12,clonotype1947,4
p12,clonotype1948,2
p12,clonotype1949,3
p12,clonotype195,5
p12,clonotype1950,3
p12,clonotype1951,3
p12,clonotype1952,3
p12,clonotype1953,1
p12,clonotype1954,3
p12,clonotype1955,3
p12,clonotype1956,3
p12,clonotype1957,3
p12,clonotype1958,2
p12,clonotype1959,3
p12,clonotype196,4
p12,clonotype1960,2
p12,clonotype1961,2
p12,clonotype1962,3
p12,clonotype1963,2
p12,clonotype1964,3
p12,clonotype1965,2
p12,clonotype1966,2
p12,clonotype1967,1
p12,clonotype1968,1
p12,clonotype1969,1
p12,clonotype197,4
p12,clonotype1970,2
p12,clonotype1971,1
p12,clonotype1972,2
p12,clonotype1973,2
p12,clonotype1974,1
p12,clonotype1975,2
p12,clonotype1977,2
p12,clonotype1978,2
p12,clonotype1979,2
p12,clonotype198,3
p12,clonotype1980,2
p12,clonotype1981,3
p12,clonotype1982,2
p12,clonotype1983,4
p12,clonotype1984,1
p12,clonotype1985,3
p12,clonotype1986,2
p12,clonotype1987,2
p12,clonotype1988,2
p12,clonotype1989,2
p12,clonotype199,2
p12,clonotype1990,2
p12,clonotype1991,2
p12,clonotype1992,3
p12,clonotype1993,2
p12,clonotype1994,2
p12,clonotype1995,2
p12,clonotype1996,2
p12,clonotype1997,1
p12,clonotype1998,1
p12,clonotype1999,1
p12,clonotype2,3
p12,clonotype20,3
p12,clonotype200,3
p12,clonotype2000,1
p12,clonotype2001,1
p12,clonotype2004,1
p12,clonotype2006,1
p12,clonotype2007,1
p12,clonotype2008,1
p12,clonotype2009,1
p12,clonotype201,2
p12,clonotype2010,1
p12,clonotype2011,2
p12,clonotype2012,1
p12,clonotype2013,1
p12,clonotype2014,1
p12,clonotype2015,1
p12,clonotype2016,1
p12,clonotype2017,1
p12,clonotype2018,1
p12,clonotype2019,1
p12,clonotype202,3
p12,clonotype2020,1
p12,clonotype2021,1
p12,clonotype2022,1
p12,clonotype2023,1
p12,clonotype2024,1
p12,clonotype2025,2
p12,clonotype2026,1
p12,clonotype2027,1
p12,clonotype2028,1
p12,clonotype2029,1
p12,clonotype203,4
p12,clonotype2030,1
p12,clonotype2031,1
p12,clonotype2032,1
p12,clonotype2033,2
p12,clonotype2034,1
p12,clonotype2035,2
p12,clonotype2037,2
p12,clonotype2038,1
p12,clonotype204,3
p12,clonotype2040,1
p12,clonotype2041,1
p12,clonotype2042,1
p12,clonotype2043,1
p12,clonotype2044,1
p12,clonotype2045,1
p12,clonotype2046,1
p12,clonotype2047,1
p12,clonotype2048,2
p12,clonotype2049,1
p12,clonotype205,5
p12,clonotype2050,2
p12,clonotype2051,2
p12,clonotype2052,2
p12,clonotype2053,1
p12,clonotype2054,2
p12,clonotype2055,2
p12,clonotype2056,1
p12,clonotype2057,1
p12,clonotype2058,2
p12,clonotype2059,2
p12,clonotype206,4
p12,clonotype2060,2
p12,clonotype2061,1
p12,clonotype2062,4
p12,clonotype2063,3
p12,clonotype2064,3
p12,clonotype2065,3
p12,clonotype2066,2
p12,clonotype2067,3
p12,clonotype2068,2
p12,clonotype2069,2
p12,clonotype207,3
p12,clonotype2070,3
p12,clonotype2071,2
p12,clonotype2072,3
p12,clonotype2073,3
p12,clonotype2074,3
p12,clonotype2075,3
p12,clonotype2076,3
p12,clonotype2077,2
p12,clonotype2078,3
p12,clonotype2079,3
p12,clonotype208,4
p12,clonotype2080,2
p12,clonotype2081,3
p12,clonotype2082,3
p12,clonotype2083,3
p12,clonotype2084,3
p12,clonotype2085,4
p12,clonotype2086,3
p12,clonotype2087,2
p12,clonotype2088,3
p12,clonotype2089,3
p12,clonotype209,3
p12,clonotype2090,3
p12,clonotype2091,3
p12,clonotype2092,4
p12,clonotype2093,2
p12,clonotype2094,3
p12,clonotype2095,3
p12,clonotype2096,3
p12,clonotype2097,3
p12,clonotype2098,3
p12,clonotype2099,3
p12,clonotype21,4
p12,clonotype210,4
p12,clonotype2100,3
p12,clonotype2101,1
p12,clonotype2102,1
p12,clonotype2103,3
p12,clonotype2104,4
p12,clonotype2105,2
p12,clonotype2106,2
p12,clonotype2107,3
p12,clonotype2108,3
p12,clonotype2109,2
p12,clonotype211,2
p12,clonotype2110,3
p12,clonotype2111,2
p12,clonotype2112,3
p12,clonotype2113,2
p12,clonotype2114,5
p12,clonotype2115,2
p12,clonotype2116,4
p12,clonotype2117,2
p12,clonotype2118,3
p12,clonotype2119,2
p12,clonotype212,3
p12,clonotype2120,4
p12,clonotype2121,2
p12,clonotype2122,3
p12,clonotype2123,3
p12,clonotype2124,3
p12,clonotype2125,4
p12,clonotype2126,3
p12,clonotype2127,2
p12,clonotype2128,3
p12,clonotype2129,3
p12,clonotype213,5
p12,clonotype2130,2
p12,clonotype2131,3
p12,clonotype2132,1
p12,clonotype2133,3
p12,clonotype2134,2
p12,clonotype2135,3
p12,clonotype2136,3
p12,clonotype2137,3
p12,clonotype2138,2
p12,clonotype2139,4
p12,clonotype214,4
p12,clonotype2140,3
p12,clonotype2141,4
p12,clonotype2142,4
p12,clonotype2143,5
p12,clonotype2144,3
p12,clonotype2145,3
p12,clonotype2146,4
p12,clonotype2147,2
p12,clonotype2148,2
p12,clonotype2149,3
p12,clonotype215,5
p12,clonotype2150,4
p12,clonotype2151,6
p12,clonotype2152,4
p12,clonotype2153,6
p12,clonotype2154,3
p12,clonotype2155,2
p12,clonotype2156,4
p12,clonotype2157,3
p12,clonotype2158,3
p12,clonotype2159,3
p12,clonotype216,3
p12,clonotype2160,3
p12,clonotype2161,4
p12,clonotype2162,4
p12,clonotype2163,4
p12,clonotype2164,3
p12,clonotype2165,2
p12,clonotype2166,5
p12,clonotype2167,3
p12,clonotype2168,3
p12,clonotype2169,4
p12,clonotype217,4
p12,clonotype2170,4
p12,clonotype2171,4
p12,clonotype2172,4
p12,clonotype2173,5
p12,clonotype2174,5
p12,clonotype2175,1
p12,clonotype2176,4
p12,clonotype2177,4
p12,clonotype2178,5
p12,clonotype2179,4
p12,clonotype218,5
p12,clonotype2180,4
p12,clonotype2181,5
p12,clonotype2182,4
p12,clonotype2183,3
p12,clonotype2184,3
p12,clonotype2185,4
p12,clonotype2186,6
p12,clonotype2187,3
p12,clonotype2188,4
p12,clonotype2189,4
p12,clonotype219,5
p12,clonotype2190,4
p12,clonotype2191,4
p12,clonotype2192,5
p12,clonotype2193,3
p12,clonotype2194,3
p12,clonotype2195,4
p12,clonotype2196,2
p12,clonotype2197,1
p12,clonotype2198,3
p12,clonotype2199,4
p12,clonotype22,4
p12,clonotype220,5
p12,clonotype2200,4
p12,clonotype2201,5
p12,clonotype2202,2
p12,clonotype2203,4
p12,clonotype2204,3
p12,clonotype2205,4
p12,clonotype2206,6
p12,clonotype2207,5
p12,clonotype2208,3
p12,clonotype2209,3
p12,clonotype221,4
p12,clonotype2210,2
p12,clonotype2211,5
p12,clonotype2212,5
p12,clonotype2213,4
p12,clonotype2214,4
p12,clonotype2215,2
p12,clonotype2216,4
p12,clonotype2217,2
p12,clonotype2218,2
p12,clonotype2219,4
p12,clonotype222,4
p12,clonotype2220,2
p12,clonotype2221,4
p12,clonotype2222,5
p12,clonotype2223,2
p12,clonotype2224,3
p12,clonotype2225,4
p12,clonotype2226,2
p12,clonotype2227,4
p12,clonotype2228,5
p12,clonotype2229,4
p12,clonotype223,4
p12,clonotype2230,4
p12,clonotype2231,5
p12,clonotype2232,4
p12,clonotype2233,3
p12,clonotype2234,4
p12,clonotype2235,5
p12,clonotype2236,3
p12,clonotype2237,3
p12,clonotype2238,3
p12,clonotype2239,3
p12,clonotype224,3
p12,clonotype2240,5
p12,clonotype2241,5
p12,clonotype2242,4
p12,clonotype2243,4
p12,clonotype2244,2
p12,clonotype2245,2
p12,clonotype2246,3
p12,clonotype2247,3
p12,clonotype2248,3
p12,clonotype2249,4
p12,clonotype225,2
p12,clonotype2250,2
p12,clonotype2251,2
p12,clonotype2252,3
p12,clonotype2253,2
p12,clonotype2254,5
p12,clonotype2255,3
p12,clonotype2256,3
p12,clonotype2257,3
p12,clonotype2258,4
p12,clonotype2259,2
p12,clonotype226,4
p12,clonotype2260,3
p12,clonotype2261,3
p12,clonotype2262,3
p12,clonotype2263,2
p12,clonotype2264,3
p12,clonotype2265,3
p12,clonotype2266,2
p12,clonotype2267,3
p12,clonotype2268,3
p12,clonotype2269,4
p12,clonotype227,3
p12,clonotype2270,2
p12,clonotype2271,4
p12,clonotype2272,3
p12,clonotype2273,2
p12,clonotype2274,3
p12,clonotype2275,4
p12,clonotype2276,3
p12,clonotype2277,4
p12,clonotype2278,3
p12,clonotype2279,3
p12,clonotype228,3
p12,clonotype2280,2
p12,clonotype2281,3
p12,clonotype2282,2
p12,clonotype2283,3
p12,clonotype2284,2
p12,clonotype2285,2
p12,clonotype2286,2
p12,clonotype2287,3
p12,clonotype2288,4
p12,clonotype2289,3
p12,clonotype229,4
p12,clonotype2290,3
p12,clonotype2291,3
p12,clonotype2292,3
p12,clonotype2293,3
p12,clonotype2294,2
p12,clonotype2295,4
p12,clonotype2296,4
p12,clonotype2297,3
p12,clonotype2298,3
p12,clonotype2299,3
p12,clonotype23,4
p12,clonotype230,4
p12,clonotype2300,2
p12,clonotype2301,3
p12,clonotype2302,3
p12,clonotype2303,2
p12,clonotype2304,3
p12,clonotype2305,3
p12,clonotype2306,3
p12,clonotype2307,3
p12,clonotype2308,2
p12,clonotype2309,3
p12,clonotype231,4
p12,clonotype2310,3
p12,clonotype2311,3
p12,clonotype2312,4
p12,clonotype2313,5
p12,clonotype2314,4
p12,clonotype2315,3
p12,clonotype2316,3
p12,clonotype2317,1
p12,clonotype2318,2
p12,clonotype2319,2
p12,clonotype232,4
p12,clonotype2320,2
p12,clonotype2321,3
p12,clonotype2322,3
p12,clonotype2323,4
p12,clonotype2324,3
p12,clonotype2325,2
p12,clonotype2326,3
p12,clonotype2327,4
p12,clonotype2328,3
p12,clonotype2329,3
p12,clonotype233,4
p12,clonotype2330,2
p12,clonotype2331,3
p12,clonotype2332,3
p12,clonotype2333,3
p12,clonotype2334,3
p12,clonotype2335,2
p12,clonotype2336,3
p12,clonotype2337,1
p12,clonotype2338,4
p12,clonotype2339,3
p12,clonotype234,3
p12,clonotype2340,2
p12,clonotype2341,1
p12,clonotype2342,3
p12,clonotype2343,3
p12,clonotype2344,2
p12,clonotype2345,2
p12,clonotype2346,4
p12,clonotype2347,5
p12,clonotype2348,4
p12,clonotype235,3
p12,clonotype2350,3
p12,clonotype2351,3
p12,clonotype2352,2
p12,clonotype2353,2
p12,clonotype2354,3
p12,clonotype2355,1
p12,clonotype2356,2
p12,clonotype2357,3
p12,clonotype2358,2
p12,clonotype2359,3
p12,clonotype236,3
p12,clonotype2360,2
p12,clonotype2361,3
p12,clonotype2362,3
p12,clonotype2363,2
p12,clonotype2364,3
p12,clonotype2365,2
p12,clonotype2366,3
p12,clonotype2367,2
p12,clonotype2368,3
p12,clonotype2369,3
p12,clonotype237,1
p12,clonotype2370,4
p12,clonotype2371,3
p12,clonotype2372,3
p12,clonotype2373,3
p12,clonotype2374,2
p12,clonotype2375,4
p12,clonotype2376,2
p12,clonotype2377,3
p12,clonotype2378,3
p12,clonotype2379,4
p12,clonotype238,4
p12,clonotype2380,3
p12,clonotype2381,4
p12,clonotype2382,4
p12,clonotype2383,3
p12,clonotype2384,2
p12,clonotype2385,3
p12,clonotype2386,5
p12,clonotype2387,3
p12,clonotype2388,4
p12,clonotype2389,3
p12,clonotype239,6
p12,clonotype2390,3
p12,clonotype2391,5
p12,clonotype2392,2
p12,clonotype2393,4
p12,clonotype2394,4
p12,clonotype2395,5
p12,clonotype2396,4
p12,clonotype2397,5
p12,clonotype2398,2
p12,clonotype2399,5
p12,clonotype24,4
p12,clonotype240,4
p12,clonotype2400,4
p12,clonotype2401,4
p12,clonotype2402,4
p12,clonotype2403,3
p12,clonotype2404,2
p12,clonotype2405,3
p12,clonotype2406,3
p12,clonotype2407,1
p12,clonotype2408,5
p12,clonotype2409,4
p12,clonotype241,6
p12,clonotype2410,4
p12,clonotype2411,2
p12,clonotype2412,4
p12,clonotype2413,2
p12,clonotype2414,4
p12,clonotype2415,3
p12,clonotype2416,2
p12,clonotype2417,2
p12,clonotype2418,2
p12,clonotype2419,3
p12,clonotype242,4
p12,clonotype2420,3
p12,clonotype2421,2
p12,clonotype2422,2
p12,clonotype2423,2
p12,clonotype2424,3
p12,clonotype2425,4
p12,clonotype2426,3
p12,clonotype2427,2
p12,clonotype2428,3
p12,clonotype2429,2
p12,clonotype243,3
p12,clonotype2430,4
p12,clonotype2431,3
p12,clonotype2432,3
p12,clonotype2433,2
p12,clonotype2434,3
p12,clonotype2435,2
p12,clonotype2436,2
p12,clonotype2437,4
p12,clonotype2438,4
p12,clonotype2439,3
p12,clonotype244,5
p12,clonotype2440,4
p12,clonotype2441,3
p12,clonotype2442,3
p12,clonotype2443,3
p12,clonotype2444,3
p12,clonotype2445,2
p12,clonotype2446,4
p12,clonotype2447,2
p12,clonotype2448,3
p12,clonotype2449,1
p12,clonotype245,3
p12,clonotype2450,3
p12,clonotype2451,4
p12,clonotype2452,4
p12,clonotype2453,3
p12,clonotype2454,3
p12,clonotype2455,4
p12,clonotype2456,3
p12,clonotype2457,4
p12,clonotype2458,2
p12,clonotype2459,3
p12,clonotype246,2
p12,clonotype2460,2
p12,clonotype2461,4
p12,clonotype2462,2
p12,clonotype2463,4
p12,clonotype2464,4
p12,clonotype2465,4
p12,clonotype2466,4
p12,clonotype2467,2
p12,clonotype2468,3
p12,clonotype2469,2
p12,clonotype247,4
p12,clonotype2470,3
p12,clonotype2471,3
p12,clonotype2472,3
p12,clonotype2473,2
p12,clonotype2474,3
p12,clonotype2475,2
p12,clonotype2476,2
p12,clonotype2477,3
p12,clonotype2478,2
p12,clonotype2479,3
p12,clonotype248,4
p12,clonotype2480,3
p12,clonotype2481,3
p12,clonotype2482,3
p12,clonotype2483,3
p12,clonotype2484,3
p12,clonotype2485,3
p12,clonotype2486,3
p12,clonotype2487,3
p12,clonotype2488,2
p12,clonotype2489,3
p12,clonotype249,5
p12,clonotype2490,3
p12,clonotype2491,3
p12,clonotype2492,2
p12,clonotype2493,3
p12,clonotype2494,2
p12,clonotype2495,4
p12,clonotype2496,3
p12,clonotype2497,3
p12,clonotype2498,2
p12,clonotype2499,3
p12,clonotype25,5
p12,clonotype250,3
p12,clonotype2500,2
p12,clonotype2501,3
p12,clonotype2502,3
p12,clonotype2503,3
p12,clonotype2504,2
p12,clonotype2505,4
p12,clonotype2506,3
p12,clonotype2507,3
p12,clonotype2508,3
p12,clonotype2509,2
p12,clonotype251,4
p12,clonotype2510,3
p12,clonotype2511,3
p12,clonotype2512,3
p12,clonotype2513,1
p12,clonotype2514,2
p12,clonotype2515,3
p12,clonotype2516,3
p12,clonotype2517,3
p12,clonotype2518,2
p12,clonotype2519,3
p12,clonotype252,4
p12,clonotype2520,2
p12,clonotype2521,2
p12,clonotype2522,3
p12,clonotype2523,3
p12,clonotype2524,3
p12,clonotype2525,3
p12,clonotype2526,3
p12,clonotype2527,3
p12,clonotype2528,2
p12,clonotype2529,3
p12,clonotype253,5
p12,clonotype2530,3
p12,clonotype2531,2
p12,clonotype2532,3
p12,clonotype2533,2
p12,clonotype2534,3
p12,clonotype2535,3
p12,clonotype2536,3
p12,clonotype2537,3
p12,clonotype2538,3
p12,clonotype2539,3
p12,clonotype254,5
p12,clonotype2540,3
p12,clonotype2541,3
p12,clonotype2542,3
p12,clonotype2543,3
p12,clonotype2544,2
p12,clonotype2545,3
p12,clonotype2546,3
p12,clonotype2547,4
p12,clonotype2548,2
p12,clonotype2549,1
p12,clonotype255,5
p12,clonotype2550,3
p12,clonotype2551,4
p12,clonotype2552,3
p12,clonotype2553,3
p12,clonotype2554,3
p12,clonotype2555,3
p12,clonotype2556,3
p12,clonotype2557,4
p12,clonotype2558,3
p12,clonotype2559,3
p12,clonotype256,3
p12,clonotype2560,3
p12,clonotype2561,3
p12,clonotype2562,3
p12,clonotype2563,3
p12,clonotype2564,3
p12,clonotype2565,3
p12,clonotype2566,2
p12,clonotype2567,3
p12,clonotype2568,2
p12,clonotype2569,3
p12,clonotype257,5
p12,clonotype2570,3
p12,clonotype2571,3
p12,clonotype2572,2
p12,clonotype2573,3
p12,clonotype2574,2
p12,clonotype2575,2
p12,clonotype2576,2
p12,clonotype2577,2
p12,clonotype2578,2
p12,clonotype2579,1
p12,clonotype258,3
p12,clonotype2580,2
p12,clonotype2581,2
p12,clonotype2582,2
p12,clonotype2583,2
p12,clonotype2584,1
p12,clonotype2585,2
p12,clonotype2586,2
p12,clonotype2587,1
p12,clonotype2588,2
p12,clonotype2589,2
p12,clonotype259,2
p12,clonotype2590,2
p12,clonotype2591,2
p12,clonotype2592,2
p12,clonotype2593,2
p12,clonotype2594,1
p12,clonotype2595,2
p12,clonotype2596,2
p12,clonotype2597,1
p12,clonotype2598,1
p12,clonotype2599,1
p12,clonotype26,5
p12,clonotype260,5
p12,clonotype2600,1
p12,clonotype2601,1
p12,clonotype2602,1
p12,clonotype2603,1
p12,clonotype2604,2
p12,clonotype2605,2
p12,clonotype2606,2
p12,clonotype2607,2
p12,clonotype2608,2
p12,clonotype2609,2
p12,clonotype261,5
p12,clonotype2610,2
p12,clonotype2611,2
p12,clonotype2612,2
p12,clonotype2613,2
p12,clonotype2614,1
p12,clonotype2615,1
p12,clonotype2616,2
p12,clonotype2617,2
p12,clonotype2618,2
p12,clonotype2619,1
p12,clonotype262,4
p12,clonotype2620,2
p12,clonotype2621,2
p12,clonotype2622,1
p12,clonotype2623,2
p12,clonotype2624,2
p12,clonotype2625,2
p12,clonotype2626,2
p12,clonotype2627,2
p12,clonotype2628,2
p12,clonotype2629,2
p12,clonotype263,4
p12,clonotype2630,2
p12,clonotype2631,1
p12,clonotype2632,2
p12,clonotype2633,2
p12,clonotype2634,2
p12,clonotype2635,2
p12,clonotype2636,2
p12,clonotype2637,2
p12,clonotype2638,1
p12,clonotype2639,2
p12,clonotype264,4
p12,clonotype2640,3
p12,clonotype2641,3
p12,clonotype2642,3
p12,clonotype2643,2
p12,clonotype2644,2
p12,clonotype2645,1
p12,clonotype2646,1
p12,clonotype2647,2
p12,clonotype2648,3
p12,clonotype2649,3
p12,clonotype265,4
p12,clonotype2650,3
p12,clonotype2651,2
p12,clonotype2652,2
p12,clonotype2653,2
p12,clonotype2654,3
p12,clonotype2655,3
p12,clonotype2656,3
p12,clonotype2657,2
p12,clonotype2658,2
p12,clonotype2659,3
p12,clonotype266,3
p12,clonotype2660,1
p12,clonotype2661,1
p12,clonotype2662,2
p12,clonotype2663,1
p12,clonotype2664,2
p12,clonotype2665,2
p12,clonotype2666,1
p12,clonotype2667,1
p12,clonotype2668,2
p12,clonotype2669,1
p12,clonotype267,2
p12,clonotype2672,1
p12,clonotype2673,1
p12,clonotype2674,1
p12,clonotype2675,2
p12,clonotype2676,1
p12,clonotype2677,1
p12,clonotype268,5
p12,clonotype2680,1
p12,clonotype2681,1
p12,clonotype2682,1
p12,clonotype2684,1
p12,clonotype2686,1
p12,clonotype2687,1
p12,clonotype2688,1
p12,clonotype2689,1
p12,clonotype269,4
p12,clonotype2690,1
p12,clonotype2691,1
p12,clonotype2692,1
p12,clonotype2693,1
p12,clonotype2696,1
p12,clonotype2697,1
p12,clonotype2699,1
p12,clonotype27,4
p12,clonotype270,5
p12,clonotype2700,2
p12,clonotype2702,1
p12,clonotype2704,1
p12,clonotype2705,1
p12,clonotype2706,1
p12,clonotype2708,1
p12,clonotype271,3
p12,clonotype2710,1
p12,clonotype2711,1
p12,clonotype2712,1
p12,clonotype2713,1
p12,clonotype2714,1
p12,clonotype2715,2
p12,clonotype2716,2
p12,clonotype2717,1
p12,clonotype2718,2
p12,clonotype2719,1
p12,clonotype272,3
p12,clonotype2720,2
p12,clonotype2722,2
p12,clonotype2723,1
p12,clonotype2724,2
p12,clonotype2725,1
p12,clonotype2727,2
p12,clonotype2728,1
p12,clonotype273,3
p12,clonotype2730,1
p12,clonotype2731,1
p12,clonotype2732,1
p12,clonotype2733,2
p12,clonotype2734,2
p12,clonotype2735,2
p12,clonotype2736,2
p12,clonotype2737,2
p12,clonotype2738,2
p12,clonotype2739,2
p12,clonotype274,3
p12,clonotype2740,2
p12,clonotype2741,2
p12,clonotype2742,2
p12,clonotype2743,1
p12,clonotype2744,1
p12,clonotype2745,1
p12,clonotype2746,2
p12,clonotype2747,2
p12,clonotype2748,3
p12,clonotype2749,1
p12,clonotype275,4
p12,clonotype2750,3
p12,clonotype2751,2
p12,clonotype2752,3
p12,clonotype2753,1
p12,clonotype2754,2
p12,clonotype2755,3
p12,clonotype2756,2
p12,clonotype2757,2
p12,clonotype2758,2
p12,clonotype276,5
p12,clonotype2760,2
p12,clonotype2761,2
p12,clonotype2762,1
p12,clonotype2763,2
p12,clonotype2764,1
p12,clonotype2765,3
p12,clonotype2766,2
p12,clonotype2767,2
p12,clonotype2769,2
p12,clonotype277,2
p12,clonotype2770,2
p12,clonotype2771,1
p12,clonotype2772,2
p12,clonotype2773,1
p12,clonotype2774,1
p12,clonotype2775,1
p12,clonotype2776,2
p12,clonotype2777,2
p12,clonotype2778,2
p12,clonotype2779,2
p12,clonotype278,3
p12,clonotype2780,2
p12,clonotype2781,2
p12,clonotype2782,1
p12,clonotype2783,1
p12,clonotype2784,2
p12,clonotype2785,2
p12,clonotype2786,1
p12,clonotype2787,2
p12,clonotype2788,3
p12,clonotype2789,1
p12,clonotype279,3
p12,clonotype2791,2
p12,clonotype2792,1
p12,clonotype2793,2
p12,clonotype2794,2
p12,clonotype2795,2
p12,clonotype2796,2
p12,clonotype2797,2
p12,clonotype2798,2
p12,clonotype2799,3
p12,clonotype28,6
p12,clonotype280,3
p12,clonotype2800,2
p12,clonotype2801,3
p12,clonotype2802,2
p12,clonotype2804,2
p12,clonotype2805,3
p12,clonotype2806,3
p12,clonotype2807,2
p12,clonotype2808,3
p12,clonotype2809,4
p12,clonotype281,2
p12,clonotype2810,2
p12,clonotype2811,2
p12,clonotype2812,2
p12,clonotype2813,1
p12,clonotype2814,4
p12,clonotype2815,4
p12,clonotype2816,2
p12,clonotype2817,2
p12,clonotype2818,2
p12,clonotype2819,2
p12,clonotype282,2
p12,clonotype2820,3
p12,clonotype2821,3
p12,clonotype2823,3
p12,clonotype2824,3
p12,clonotype2825,1
p12,clonotype2826,5
p12,clonotype2827,3
p12,clonotype2828,3
p12,clonotype2829,3
p12,clonotype283,3
p12,clonotype2830,4
p12,clonotype2831,2
p12,clonotype2832,4
p12,clonotype2833,1
p12,clonotype2834,3
p12,clonotype2835,2
p12,clonotype2836,3
p12,clonotype2837,2
p12,clonotype2838,2
p12,clonotype2839,3
p12,clonotype284,4
p12,clonotype2840,2
p12,clonotype2841,4
p12,clonotype2842,3
p12,clonotype2843,3
p12,clonotype2844,3
p12,clonotype2845,3
p12,clonotype2846,2
p12,clonotype2847,3
p12,clonotype2848,3
p12,clonotype2849,2
p12,clonotype285,4
p12,clonotype2850,2
p12,clonotype2851,2
p12,clonotype2852,3
p12,clonotype2853,3
p12,clonotype2854,3
p12,clonotype2855,2
p12,clonotype2856,2
p12,clonotype2857,3
p12,clonotype2858,2
p12,clonotype2859,3
p12,clonotype286,3
p12,clonotype2860,3
p12,clonotype2861,3
p12,clonotype2862,1
p12,clonotype2863,1
p12,clonotype2864,4
p12,clonotype2865,5
p12,clonotype2866,4
p12,clonotype2867,5
p12,clonotype2868,4
p12,clonotype2869,4
p12,clonotype287,3
p12,clonotype2870,3
p12,clonotype2871,3
p12,clonotype2872,3
p12,clonotype2873,3
p12,clonotype2874,3
p12,clonotype2875,3
p12,clonotype2876,2
p12,clonotype2877,2
p12,clonotype2878,3
p12,clonotype2879,3
p12,clonotype288,4
p12,clonotype2880,3
p12,clonotype2881,2
p12,clonotype2882,3
p12,clonotype2883,2
p12,clonotype2884,3
p12,clonotype2885,3
p12,clonotype2886,3
p12,clonotype2887,4
p12,clonotype2888,3
p12,clonotype2889,4
p12,clonotype289,4
p12,clonotype2890,4
p12,clonotype2891,3
p12,clonotype2892,3
p12,clonotype2893,3
p12,clonotype2894,2
p12,clonotype2895,4
p12,clonotype2896,3
p12,clonotype2897,4
p12,clonotype2898,2
p12,clonotype2899,2
p12,clonotype29,3
p12,clonotype290,4
p12,clonotype2900,3
p12,clonotype2901,4
p12,clonotype2902,2
p12,clonotype2903,3
p12,clonotype2904,5
p12,clonotype2905,4
p12,clonotype2906,4
p12,clonotype2907,5
p12,clonotype2908,4
p12,clonotype2909,4
p12,clonotype291,3
p12,clonotype2910,3
p12,clonotype2911,4
p12,clonotype2912,5
p12,clonotype2913,5
p12,clonotype2914,5
p12,clonotype2915,5
p12,clonotype2916,3
p12,clonotype2917,4
p12,clonotype2918,5
p12,clonotype2919,3
p12,clonotype292,4
p12,clonotype2920,4
p12,clonotype2921,3
p12,clonotype2922,3
p12,clonotype2923,4
p12,clonotype2924,4
p12,clonotype2925,4
p12,clonotype2926,4
p12,clonotype2927,4
p12,clonotype2928,4
p12,clonotype2929,5
p12,clonotype293,4
p12,clonotype2930,3
p12,clonotype2931,4
p12,clonotype2932,4
p12,clonotype2933,4
p12,clonotype2934,3
p12,clonotype2935,3
p12,clonotype2936,4
p12,clonotype2937,4
p12,clonotype2938,3
p12,clonotype2939,4
p12,clonotype294,4
p12,clonotype2940,3
p12,clonotype2941,4
p12,clonotype2942,4
p12,clonotype2943,3
p12,clonotype2944,4
p12,clonotype2945,4
p12,clonotype2946,4
p12,clonotype2947,4
p12,clonotype2948,4
p12,clonotype2949,4
p12,clonotype295,4
p12,clonotype2950,4
p12,clonotype2951,5
p12,clonotype2952,5
p12,clonotype2953,3
p12,clonotype2954,4
p12,clonotype2955,4
p12,clonotype2956,4
p12,clonotype2957,1
p12,clonotype2958,4
p12,clonotype2959,4
p12,clonotype296,3
p12,clonotype2960,4
p12,clonotype2961,2
p12,clonotype2962,4
p12,clonotype2963,4
p12,clonotype2964,3
p12,clonotype2965,4
p12,clonotype2966,3
p12,clonotype2967,3
p12,clonotype2968,4
p12,clonotype2969,3
p12,clonotype297,3
p12,clonotype2970,2
p12,clonotype2971,2
p12,clonotype2972,2
p12,clonotype2973,4
p12,clonotype2974,3
p12,clonotype2975,3
p12,clonotype2976,3
p12,clonotype2977,3
p12,clonotype2978,3
p12,clonotype2979,4
p12,clonotype298,4
p12,clonotype2980,4
p12,clonotype2981,5
p12,clonotype2982,4
p12,clonotype2983,3
p12,clonotype2984,3
p12,clonotype2985,2
p12,clonotype2986,4
p12,clonotype2987,5
p12,clonotype2988,4
p12,clonotype2989,4
p12,clonotype299,3
p12,clonotype2990,5
p12,clonotype2991,4
p12,clonotype2992,3
p12,clonotype2993,5
p12,clonotype2994,5
p12,clonotype2995,3
p12,clonotype2996,4
p12,clonotype2997,2
p12,clonotype2998,3
p12,clonotype2999,2
p12,clonotype3,2
p12,clonotype30,3
p12,clonotype300,3
p12,clonotype3000,4
p12,clonotype3001,3
p12,clonotype3002,2
p12,clonotype3003,3
p12,clonotype3004,4
p12,clonotype3005,3
p12,clonotype3006,3
p12,clonotype3007,2
p12,clonotype3008,1
p12,clonotype3009,3
p12,clonotype301,2
p12,clonotype3010,3
p12,clonotype3011,2
p12,clonotype3012,2
p12,clonotype3013,3
p12,clonotype3014,4
p12,clonotype3015,3
p12,clonotype3016,4
p12,clonotype3017,1
p12,clonotype3018,3
p12,clonotype3019,4
p12,clonotype302,4
p12,clonotype3020,4
p12,clonotype3021,4
p12,clonotype3022,3
p12,clonotype3023,3
p12,clonotype3024,3
p12,clonotype3025,2
p12,clonotype3026,3
p12,clonotype3027,3
p12,clonotype3028,4
p12,clonotype3029,4
p12,clonotype303,2
p12,clonotype3030,4
p12,clonotype3031,5
p12,clonotype3032,4
p12,clonotype3033,4
p12,clonotype3034,4
p12,clonotype3035,3
p12,clonotype3036,4
p12,clonotype3037,1
p12,clonotype3038,1
p12,clonotype3039,2
p12,clonotype304,3
p12,clonotype3040,2
p12,clonotype3041,1
p12,clonotype3042,3
p12,clonotype3043,3
p12,clonotype3044,3
p12,clonotype3045,1
p12,clonotype3046,3
p12,clonotype3047,3
p12,clonotype3048,2
p12,clonotype3049,3
p12,clonotype305,4
p12,clonotype3050,2
p12,clonotype3051,2
p12,clonotype3052,5
p12,clonotype3053,1
p12,clonotype3054,3
p12,clonotype3055,2
p12,clonotype3056,4
p12,clonotype3057,4
p12,clonotype3058,3
p12,clonotype3059,4
p12,clonotype306,3
p12,clonotype3060,3
p12,clonotype3061,3
p12,clonotype3062,3
p12,clonotype3063,4
p12,clonotype3064,5
p12,clonotype3065,3
p12,clonotype3066,3
p12,clonotype3067,4
p12,clonotype3068,3
p12,clonotype3069,2
p12,clonotype307,2
p12,clonotype3070,4
p12,clonotype3071,3
p12,clonotype3072,1
p12,clonotype3073,3
p12,clonotype3074,3
p12,clonotype3075,3
p12,clonotype3076,2
p12,clonotype3077,3
p12,clonotype3078,3
p12,clonotype3079,3
p12,clonotype308,3
p12,clonotype3080,2
p12,clonotype3081,2
p12,clonotype3082,3
p12,clonotype3083,2
p12,clonotype3084,3
p12,clonotype3085,3
p12,clonotype3086,4
p12,clonotype3087,2
p12,clonotype3088,3
p12,clonotype3089,3
p12,clonotype309,3
p12,clonotype3090,3
p12,clonotype3091,2
p12,clonotype3092,2
p12,clonotype3093,3
p12,clonotype3094,2
p12,clonotype3095,4
p12,clonotype3096,3
p12,clonotype3097,3
p12,clonotype3098,4
p12,clonotype3099,4
p12,clonotype31,7
p12,clonotype310,4
p12,clonotype3100,2
p12,clonotype3101,3
p12,clonotype3102,2
p12,clonotype3103,2
p12,clonotype3104,3
p12,clonotype3105,3
p12,clonotype3106,3
p12,clonotype3107,2
p12,clonotype3108,3
p12,clonotype3109,3
p12,clonotype311,4
p12,clonotype3110,4
p12,clonotype3111,2
p12,clonotype3112,1
p12,clonotype3113,4
p12,clonotype3114,3
p12,clonotype3115,3
p12,clonotype3116,4
p12,clonotype3117,4
p12,clonotype3118,4
p12,clonotype3119,2
p12,clonotype312,4
p12,clonotype3120,3
p12,clonotype3121,3
p12,clonotype3122,3
p12,clonotype3123,3
p12,clonotype3124,3
p12,clonotype3125,3
p12,clonotype3126,3
p12,clonotype3127,4
p12,clonotype3128,3
p12,clonotype3129,3
p12,clonotype313,4
p12,clonotype3130,4
p12,clonotype3131,2
p12,clonotype3132,4
p12,clonotype3133,3
p12,clonotype3134,3
p12,clonotype3135,2
p12,clonotype3136,1
p12,clonotype3137,3
p12,clonotype3138,4
p12,clonotype3139,3
p12,clonotype314,4
p12,clonotype3140,1
p12,clonotype3141,3
p12,clonotype3142,2
p12,clonotype3143,2
p12,clonotype3144,1
p12,clonotype3145,3
p12,clonotype3146,1
p12,clonotype3147,2
p12,clonotype3148,2
p12,clonotype3149,2
p12,clonotype315,4
p12,clonotype3150,3
p12,clonotype3151,1
p12,clonotype3152,2
p12,clonotype3153,2
p12,clonotype3154,3
p12,clonotype3155,2
p12,clonotype3156,3
p12,clonotype3157,1
p12,clonotype3158,1
p12,clonotype3159,1
p12,clonotype316,3
p12,clonotype3160,2
p12,clonotype3161,2
p12,clonotype3162,3
p12,clonotype3163,1
p12,clonotype3164,3
p12,clonotype3165,1
p12,clonotype3166,2
p12,clonotype3167,2
p12,clonotype3168,2
p12,clonotype3169,3
p12,clonotype317,4
p12,clonotype3170,2
p12,clonotype3171,2
p12,clonotype3172,2
p12,clonotype3173,2
p12,clonotype3174,2
p12,clonotype3175,3
p12,clonotype3176,2
p12,clonotype3177,2
p12,clonotype3178,2
p12,clonotype3179,2
p12,clonotype318,4
p12,clonotype3180,2
p12,clonotype3181,2
p12,clonotype3182,2
p12,clonotype3183,2
p12,clonotype3184,2
p12,clonotype3185,1
p12,clonotype3186,2
p12,clonotype3187,2
p12,clonotype3188,3
p12,clonotype3189,1
p12,clonotype319,3
p12,clonotype3190,4
p12,clonotype3192,2
p12,clonotype3193,2
p12,clonotype3194,2
p12,clonotype3195,2
p12,clonotype3196,2
p12,clonotype3197,2
p12,clonotype3198,2
p12,clonotype3199,2
p12,clonotype32,5
p12,clonotype320,4
p12,clonotype3200,3
p12,clonotype3201,2
p12,clonotype3202,3
p12,clonotype3203,2
p12,clonotype3204,3
p12,clonotype3205,3
p12,clonotype3206,2
p12,clonotype3207,3
p12,clonotype3208,2
p12,clonotype3209,1
p12,clonotype321,4
p12,clonotype3210,3
p12,clonotype3211,4
p12,clonotype3212,3
p12,clonotype3213,2
p12,clonotype3214,2
p12,clonotype3215,3
p12,clonotype3216,4
p12,clonotype3217,3
p12,clonotype3218,1
p12,clonotype3219,3
p12,clonotype322,4
p12,clonotype3220,3
p12,clonotype3221,4
p12,clonotype3222,3
p12,clonotype3223,3
p12,clonotype3224,3
p12,clonotype3225,2
p12,clonotype3226,3
p12,clonotype3227,3
p12,clonotype3228,4
p12,clonotype3229,2
p12,clonotype323,3
p12,clonotype3230,3
p12,clonotype3231,4
p12,clonotype3232,2
p12,clonotype3233,2
p12,clonotype3234,2
p12,clonotype3235,2
p12,clonotype3236,3
p12,clonotype3237,3
p12,clonotype3238,4
p12,clonotype3239,2
p12,clonotype324,3
p12,clonotype3240,4
p12,clonotype3241,3
p12,clonotype3242,3
p12,clonotype3243,4
p12,clonotype3244,3
p12,clonotype3245,4
p12,clonotype3246,4
p12,clonotype3247,3
p12,clonotype3248,3
p12,clonotype3249,3
p12,clonotype325,3
p12,clonotype3250,3
p12,clonotype3251,3
p12,clonotype3252,2
p12,clonotype3253,3
p12,clonotype3254,3
p12,clonotype3255,2
p12,clonotype3256,2
p12,clonotype3257,3
p12,clonotype3258,3
p12,clonotype3259,3
p12,clonotype326,4
p12,clonotype3260,3
p12,clonotype3261,4
p12,clonotype3262,3
p12,clonotype3263,4
p12,clonotype3264,2
p12,clonotype3265,2
p12,clonotype3266,2
p12,clonotype3267,2
p12,clonotype3268,2
p12,clonotype3269,1
p12,clonotype327,1
p12,clonotype3270,2
p12,clonotype3271,2
p12,clonotype3272,2
p12,clonotype3273,2
p12,clonotype3274,2
p12,clonotype3275,1
p12,clonotype3276,1
p12,clonotype3277,2
p12,clonotype3278,1
p12,clonotype3279,2
p12,clonotype328,4
p12,clonotype3280,1
p12,clonotype3281,2
p12,clonotype3282,1
p12,clonotype3283,1
p12,clonotype3284,1
p12,clonotype3285,2
p12,clonotype3286,1
p12,clonotype3287,1
p12,clonotype3288,2
p12,clonotype3289,1
p12,clonotype329,2
p12,clonotype3290,4
p12,clonotype3291,2
p12,clonotype3292,4
p12,clonotype3293,2
p12,clonotype3294,4
p12,clonotype3295,1
p12,clonotype3296,1
p12,clonotype3297,1
p12,clonotype3298,1
p12,clonotype3299,3
p12,clonotype33,3
p12,clonotype330,2
p12,clonotype3300,2
p12,clonotype3301,2
p12,clonotype3302,2
p12,clonotype3303,1
p12,clonotype3304,2
p12,clonotype3305,1
p12,clonotype3306,2
p12,clonotype3307,2
p12,clonotype3308,2
p12,clonotype3309,1
p12,clonotype331,3
p12,clonotype3310,2
p12,clonotype3311,2
p12,clonotype3312,1
p12,clonotype3313,2
p12,clonotype3314,3
p12,clonotype3315,2
p12,clonotype3316,2
p12,clonotype3317,3
p12,clonotype3318,2
p12,clonotype3319,3
p12,clonotype332,3
p12,clonotype3320,2
p12,clonotype3321,2
p12,clonotype3322,2
p12,clonotype3323,2
p12,clonotype3324,3
p12,clonotype3325,1
p12,clonotype3326,3
p12,clonotype3327,2
p12,clonotype3328,2
p12,clonotype3329,2
p12,clonotype333,3
p12,clonotype3330,2
p12,clonotype3331,3
p12,clonotype3332,2
p12,clonotype3333,2
p12,clonotype3334,1
p12,clonotype3335,1
p12,clonotype3336,2
p12,clonotype3337,3
p12,clonotype3338,1
p12,clonotype3339,2
p12,clonotype334,4
p12,clonotype3340,2
p12,clonotype3341,2
p12,clonotype3342,2
p12,clonotype3343,2
p12,clonotype3344,1
p12,clonotype3345,2
p12,clonotype3346,2
p12,clonotype3347,3
p12,clonotype3348,2
p12,clonotype3349,2
p12,clonotype335,4
p12,clonotype3350,2
p12,clonotype3351,2
p12,clonotype3352,2
p12,clonotype3353,2
p12,clonotype3354,1
p12,clonotype3355,3
p12,clonotype3356,2
p12,clonotype3357,3
p12,clonotype3358,1
p12,clonotype3359,2
p12,clonotype336,3
p12,clonotype3360,2
p12,clonotype3361,3
p12,clonotype3362,1
p12,clonotype3363,2
p12,clonotype3364,2
p12,clonotype3365,3
p12,clonotype3366,3
p12,clonotype3367,3
p12,clonotype3368,3
p12,clonotype3369,2
p12,clonotype337,4
p12,clonotype3370,1
p12,clonotype3371,1
p12,clonotype3372,2
p12,clonotype3373,3
p12,clonotype3374,2
p12,clonotype3375,2
p12,clonotype3376,2
p12,clonotype3377,2
p12,clonotype3378,2
p12,clonotype3379,3
p12,clonotype338,4
p12,clonotype3381,1
p12,clonotype3382,1
p12,clonotype3386,1
p12,clonotype3387,1
p12,clonotype3388,2
p12,clonotype3389,1
p12,clonotype339,4
p12,clonotype3391,1
p12,clonotype3392,2
p12,clonotype3393,2
p12,clonotype3394,1
p12,clonotype3395,2
p12,clonotype3396,2
p12,clonotype3397,2
p12,clonotype3398,1
p12,clonotype3399,1
p12,clonotype34,6
p12,clonotype340,4
p12,clonotype3400,2
p12,clonotype3401,1
p12,clonotype3402,1
p12,clonotype3403,1
p12,clonotype3404,1
p12,clonotype3405,1
p12,clonotype3406,2
p12,clonotype3407,2
p12,clonotype3408,1
p12,clonotype3409,1
p12,clonotype341,4
p12,clonotype3410,1
p12,clonotype3411,1
p12,clonotype3412,2
p12,clonotype3416,1
p12,clonotype3418,1
p12,clonotype3419,2
p12,clonotype342,4
p12,clonotype3421,2
p12,clonotype3422,1
p12,clonotype3424,2
p12,clonotype3425,2
p12,clonotype3426,2
p12,clonotype3427,2
p12,clonotype3428,1
p12,clonotype3429,1
p12,clonotype343,5
p12,clonotype3430,2
p12,clonotype3431,3
p12,clonotype3432,2
p12,clonotype3433,2
p12,clonotype3434,2
p12,clonotype3435,1
p12,clonotype3436,2
p12,clonotype3437,3
p12,clonotype3438,1
p12,clonotype3439,2
p12,clonotype344,3
p12,clonotype3440,2
p12,clonotype3441,2
p12,clonotype3442,3
p12,clonotype3443,2
p12,clonotype3444,2
p12,clonotype3445,1
p12,clonotype3447,2
p12,clonotype3448,2
p12,clonotype3449,2
p12,clonotype345,3
p12,clonotype3450,2
p12,clonotype3451,1
p12,clonotype3452,2
p12,clonotype3453,1
p12,clonotype3454,3
p12,clonotype3455,2
p12,clonotype3456,2
p12,clonotype3457,1
p12,clonotype3458,2
p12,clonotype3459,2
p12,clonotype346,3
p12,clonotype3460,3
p12,clonotype3461,2
p12,clonotype3462,3
p12,clonotype3463,2
p12,clonotype3464,3
p12,clonotype3465,2
p12,clonotype3466,1
p12,clonotype3467,2
p12,clonotype3468,1
p12,clonotype3469,2
p12,clonotype347,2
p12,clonotype3470,1
p12,clonotype3471,3
p12,clonotype3472,1
p12,clonotype3473,2
p12,clonotype3474,2
p12,clonotype3475,2
p12,clonotype3476,2
p12,clonotype3477,2
p12,clonotype3478,2
p12,clonotype3479,2
p12,clonotype348,4
p12,clonotype3480,2
p12,clonotype3481,2
p12,clonotype3482,1
p12,clonotype3483,2
p12,clonotype3484,2
p12,clonotype3485,2
p12,clonotype3486,2
p12,clonotype3487,2
p12,clonotype3488,1
p12,clonotype3489,2
p12,clonotype349,3
p12,clonotype3490,2
p12,clonotype3491,1
p12,clonotype3492,2
p12,clonotype3493,1
p12,clonotype3494,2
p12,clonotype3495,1
p12,clonotype3496,2
p12,clonotype3497,1
p12,clonotype3498,2
p12,clonotype3499,2
p12,clonotype35,6
p12,clonotype350,3
p12,clonotype3500,1
p12,clonotype3501,2
p12,clonotype3503,1
p12,clonotype3504,1
p12,clonotype3505,2
p12,clonotype3506,3
p12,clonotype3507,2
p12,clonotype3508,1
p12,clonotype3509,1
p12,clonotype351,2
p12,clonotype3510,1
p12,clonotype3511,1
p12,clonotype3512,2
p12,clonotype3513,1
p12,clonotype3514,2
p12,clonotype3515,1
p12,clonotype3516,1
p12,clonotype3517,1
p12,clonotype352,4
p12,clonotype3523,1
p12,clonotype3524,1
p12,clonotype3528,2
p12,clonotype3529,1
p12,clonotype353,4
p12,clonotype3530,2
p12,clonotype3531,2
p12,clonotype3533,2
p12,clonotype3534,3
p12,clonotype3535,1
p12,clonotype3536,3
p12,clonotype3538,1
p12,clonotype3539,1
p12,clonotype354,3
p12,clonotype3540,1
p12,clonotype3541,1
p12,clonotype3542,1
p12,clonotype3544,1
p12,clonotype3545,1
p12,clonotype3546,1
p12,clonotype3547,2
p12,clonotype3548,1
p12,clonotype3549,1
p12,clonotype355,4
p12,clonotype3550,1
p12,clonotype3551,1
p12,clonotype3552,1
p12,clonotype3553,1
p12,clonotype3554,2
p12,clonotype3555,1
p12,clonotype3556,1
p12,clonotype3557,1
p12,clonotype3558,1
p12,clonotype3559,1
p12,clonotype356,4
p12,clonotype3560,1
p12,clonotype3561,1
p12,clonotype3562,1
p12,clonotype3563,1
p12,clonotype3564,1
p12,clonotype3565,1
p12,clonotype3566,1
p12,clonotype3567,1
p12,clonotype3568,1
p12,clonotype3569,1
p12,clonotype357,2
p12,clonotype3570,1
p12,clonotype3571,1
p12,clonotype3572,1
p12,clonotype3573,3
p12,clonotype3574,2
p12,clonotype3575,2
p12,clonotype3577,1
p12,clonotype3578,1
p12,clonotype3579,1
p12,clonotype358,3
p12,clonotype3580,1
p12,clonotype3582,1
p12,clonotype3583,1
p12,clonotype3584,2
p12,clonotype3585,1
p12,clonotype3586,2
p12,clonotype3587,2
p12,clonotype3588,2
p12,clonotype3589,2
p12,clonotype359,3
p12,clonotype3590,2
p12,clonotype3591,2
p12,clonotype3592,2
p12,clonotype3593,1
p12,clonotype3594,2
p12,clonotype3595,1
p12,clonotype3596,2
p12,clonotype3597,1
p12,clonotype3598,2
p12,clonotype3599,2
p12,clonotype36,5
p12,clonotype360,3
p12,clonotype3600,2
p12,clonotype3601,3
p12,clonotype3602,1
p12,clonotype3603,1
p12,clonotype3604,1
p12,clonotype3606,1
p12,clonotype3607,1
p12,clonotype3608,1
p12,clonotype3609,1
p12,clonotype361,4
p12,clonotype3610,1
p12,clonotype3611,1
p12,clonotype3612,3
p12,clonotype3613,2
p12,clonotype3614,3
p12,clonotype3615,2
p12,clonotype3616,2
p12,clonotype3617,3
p12,clonotype3618,2
p12,clonotype3619,1
p12,clonotype362,2
p12,clonotype3620,1
p12,clonotype3621,2
p12,clonotype3622,1
p12,clonotype3623,2
p12,clonotype3624,1
p12,clonotype3625,2
p12,clonotype3626,2
p12,clonotype3627,2
p12,clonotype3628,1
p12,clonotype3629,2
p12,clonotype363,3
p12,clonotype3630,2
p12,clonotype3631,2
p12,clonotype3632,2
p12,clonotype3633,1
p12,clonotype3634,2
p12,clonotype3635,2
p12,clonotype3636,2
p12,clonotype3637,1
p12,clonotype3638,2
p12,clonotype3639,1
p12,clonotype364,3
p12,clonotype3640,2
p12,clonotype3641,2
p12,clonotype3642,1
p12,clonotype3643,3
p12,clonotype3644,1
p12,clonotype3645,2
p12,clonotype3646,2
p12,clonotype3647,2
p12,clonotype3648,2
p12,clonotype3649,1
p12,clonotype365,4
p12,clonotype3650,1
p12,clonotype3652,1
p12,clonotype3653,1
p12,clonotype3654,1
p12,clonotype3655,1
p12,clonotype3656,1
p12,clonotype3657,1
p12,clonotype3658,1
p12,clonotype3659,2
p12,clonotype366,3
p12,clonotype3660,3
p12,clonotype3661,1
p12,clonotype3662,2
p12,clonotype3663,1
p12,clonotype3664,2
p12,clonotype3665,1
p12,clonotype3667,2
p12,clonotype3668,2
p12,clonotype3669,1
p12,clonotype367,3
p12,clonotype3670,2
p12,clonotype3671,1
p12,clonotype3672,2
p12,clonotype3673,2
p12,clonotype3674,2
p12,clonotype3675,2
p12,clonotype3676,2
p12,clonotype3677,1
p12,clonotype3678,1
p12,clonotype3679,2
p12,clonotype368,5
p12,clonotype3680,2
p12,clonotype3681,1
p12,clonotype3682,2
p12,clonotype3683,1
p12,clonotype3684,1
p12,clonotype3685,1
p12,clonotype3686,1
p12,clonotype3687,1
p12,clonotype3688,1
p12,clonotype3689,1
p12,clonotype369,4
p12,clonotype3690,1
p12,clonotype3691,1
p12,clonotype3692,1
p12,clonotype3693,2
p12,clonotype3694,1
p12,clonotype3695,1
p12,clonotype3696,1
p12,clonotype3697,1
p12,clonotype3698,1
p12,clonotype3699,1
p12,clonotype37,4
p12,clonotype370,3
p12,clonotype3700,1
p12,clonotype3701,1
p12,clonotype3702,1
p12,clonotype3703,1
p12,clonotype3704,1
p12,clonotype3705,2
p12,clonotype3706,1
p12,clonotype3707,1
p12,clonotype3708,1
p12,clonotype3709,1
p12,clonotype371,4
p12,clonotype3710,1
p12,clonotype3711,1
p12,clonotype3712,1
p12,clonotype3713,1
p12,clonotype3714,2
p12,clonotype3715,1
p12,clonotype3716,1
p12,clonotype3719,1
p12,clonotype372,4
p12,clonotype3720,1
p12,clonotype3721,1
p12,clonotype3722,1
p12,clonotype3723,1
p12,clonotype3724,1
p12,clonotype3725,1
p12,clonotype3726,1
p12,clonotype3728,1
p12,clonotype3729,1
p12,clonotype373,3
p12,clonotype3730,1
p12,clonotype3731,1
p12,clonotype3732,1
p12,clonotype3733,1
p12,clonotype3734,1
p12,clonotype3735,1
p12,clonotype3736,1
p12,clonotype3737,1
p12,clonotype3738,2
p12,clonotype3739,2
p12,clonotype374,4
p12,clonotype3740,1
p12,clonotype3741,1
p12,clonotype3742,1
p12,clonotype3743,1
p12,clonotype3744,1
p12,clonotype3745,1
p12,clonotype3746,1
p12,clonotype3747,1
p12,clonotype3748,2
p12,clonotype375,5
p12,clonotype3750,1
p12,clonotype3751,1
p12,clonotype3752,1
p12,clonotype3753,1
p12,clonotype3754,1
p12,clonotype3755,1
p12,clonotype3757,1
p12,clonotype3758,1
p12,clonotype3759,1
p12,clonotype376,5
p12,clonotype3762,1
p12,clonotype3763,2
p12,clonotype3764,1
p12,clonotype3765,1
p12,clonotype3766,1
p12,clonotype3768,1
p12,clonotype3769,1
p12,clonotype377,4
p12,clonotype3771,1
p12,clonotype3772,1
p12,clonotype3773,1
p12,clonotype3776,1
p12,clonotype3777,1
p12,clonotype3778,1
p12,clonotype3779,1
p12,clonotype378,4
p12,clonotype3780,1
p12,clonotype3781,1
p12,clonotype3782,1
p12,clonotype3783,1
p12,clonotype3784,1
p12,clonotype3785,2
p12,clonotype3786,1
p12,clonotype3787,1
p12,clonotype3788,1
p12,clonotype3789,1
p12,clonotype379,4
p12,clonotype3791,1
p12,clonotype3792,1
p12,clonotype3793,1
p12,clonotype3794,2
p12,clonotype3795,1
p12,clonotype3796,1
p12,clonotype3798,1
p12,clonotype3799,1
p12,clonotype38,3
p12,clonotype380,3
p12,clonotype3800,1
p12,clonotype3801,2
p12,clonotype3803,1
p12,clonotype3804,2
p12,clonotype3805,2
p12,clonotype3806,1
p12,clonotype3808,1
p12,clonotype3809,2
p12,clonotype381,3
p12,clonotype3810,1
p12,clonotype3811,1
p12,clonotype3812,1
p12,clonotype3813,2
p12,clonotype3814,1
p12,clonotype3815,1
p12,clonotype3816,1
p12,clonotype3817,2
p12,clonotype3818,1
p12,clonotype3819,1
p12,clonotype382,4
p12,clonotype3820,1
p12,clonotype3821,1
p12,clonotype3822,1
p12,clonotype3823,1
p12,clonotype3825,1
p12,clonotype3826,1
p12,clonotype3827,1
p12,clonotype3828,1
p12,clonotype3829,1
p12,clonotype383,4
p12,clonotype3830,1
p12,clonotype3831,1
p12,clonotype3832,1
p12,clonotype3833,1
p12,clonotype3834,1
p12,clonotype3836,1
p12,clonotype3837,1
p12,clonotype3838,2
p12,clonotype3839,1
p12,clonotype384,3
p12,clonotype3840,1
p12,clonotype3842,2
p12,clonotype3843,1
p12,clonotype3844,2
p12,clonotype3845,1
p12,clonotype3846,1
p12,clonotype3847,1
p12,clonotype3848,1
p12,clonotype3849,1
p12,clonotype385,3
p12,clonotype3850,2
p12,clonotype3851,2
p12,clonotype3852,1
p12,clonotype3853,2
p12,clonotype3854,2
p12,clonotype3855,1
p12,clonotype3856,1
p12,clonotype3857,1
p12,clonotype3858,2
p12,clonotype3859,1
p12,clonotype386,3
p12,clonotype3861,2
p12,clonotype3862,1
p12,clonotype3864,1
p12,clonotype3865,1
p12,clonotype3866,2
p12,clonotype3867,1
p12,clonotype3868,1
p12,clonotype3869,1
p12,clonotype387,3
p12,clonotype3870,1
p12,clonotype3871,1
p12,clonotype3872,1
p12,clonotype3873,1
p12,clonotype3874,1
p12,clonotype3875,1
p12,clonotype3876,1
p12,clonotype3877,1
p12,clonotype3878,3
p12,clonotype3879,1
p12,clonotype388,4
p12,clonotype3880,1
p12,clonotype3882,1
p12,clonotype389,4
p12,clonotype3890,1
p12,clonotype3892,1
p12,clonotype3899,1
p12,clonotype39,6
p12,clonotype390,4
p12,clonotype3905,1
p12,clonotype391,3
p12,clonotype3916,1
p12,clonotype3917,1
p12,clonotype3919,1
p12,clonotype392,2
p12,clonotype3922,1
p12,clonotype3923,1
p12,clonotype3926,1
p12,clonotype3927,1
p12,clonotype393,4
p12,clonotype3930,1
p12,clonotype3931,1
p12,clonotype394,4
p12,clonotype3942,1
p12,clonotype3947,1
p12,clonotype3948,1
p12,clonotype395,2
p12,clonotype3950,1
p12,clonotype3951,1
p12,clonotype3953,1
p12,clonotype3955,1
p12,clonotype396,4
p12,clonotype3960,1
p12,clonotype3961,2
p12,clonotype3963,1
p12,clonotype3964,1
p12,clonotype3967,1
p12,clonotype397,3
p12,clonotype398,2
p12,clonotype3983,2
p12,clonotype3988,1
p12,clonotype399,5
p12,clonotype3992,2
p12,clonotype3994,1
p12,clonotype3995,1
p12,clonotype4,4
p12,clonotype40,6
p12,clonotype400,4
p12,clonotype401,3
p12,clonotype4010,2
p12,clonotype4014,1
p12,clonotype4017,1
p12,clonotype402,3
p12,clonotype4020,1
p12,clonotype4022,2
p12,clonotype403,4
p12,clonotype4034,1
p12,clonotype4035,1
p12,clonotype404,3
p12,clonotype4040,1
p12,clonotype4047,2
p12,clonotype405,4
p12,clonotype4053,1
p12,clonotype4056,1
p12,clonotype406,3
p12,clonotype4060,1
p12,clonotype4061,1
p12,clonotype4062,1
p12,clonotype4064,1
p12,clonotype4067,1
p12,clonotype4068,1
p12,clonotype4069,1
p12,clonotype407,4
p12,clonotype4070,1
p12,clonotype4071,2
p12,clonotype4072,1
p12,clonotype4073,1
p12,clonotype4076,1
p12,clonotype4077,1
p12,clonotype4078,1
p12,clonotype4079,1
p12,clonotype408,2
p12,clonotype4080,1
p12,clonotype4082,1
p12,clonotype4083,1
p12,clonotype4084,1
p12,clonotype4085,1
p12,clonotype4086,2
p12,clonotype4087,1
p12,clonotype4088,1
p12,clonotype4089,1
p12,clonotype409,3
p12,clonotype4090,1
p12,clonotype4091,1
p12,clonotype4092,1
p12,clonotype4094,1
p12,clonotype4095,1
p12,clonotype4096,2
p12,clonotype4097,1
p12,clonotype4098,2
p12,clonotype4099,1
p12,clonotype41,7
p12,clonotype410,2
p12,clonotype4100,1
p12,clonotype4101,2
p12,clonotype4102,1
p12,clonotype4103,1
p12,clonotype4104,1
p12,clonotype4106,2
p12,clonotype4108,1
p12,clonotype4109,1
p12,clonotype411,3
p12,clonotype4110,1
p12,clonotype4111,1
p12,clonotype4112,2
p12,clonotype4113,1
p12,clonotype4114,1
p12,clonotype4115,2
p12,clonotype4116,2
p12,clonotype4117,1
p12,clonotype4118,2
p12,clonotype4119,2
p12,clonotype412,4
p12,clonotype4120,1
p12,clonotype4121,2
p12,clonotype4122,1
p12,clonotype4123,1
p12,clonotype4124,1
p12,clonotype4125,2
p12,clonotype4126,1
p12,clonotype4127,1
p12,clonotype4128,1
p12,clonotype4129,1
p12,clonotype413,4
p12,clonotype4130,1
p12,clonotype4131,1
p12,clonotype4132,2
p12,clonotype4134,2
p12,clonotype4135,1
p12,clonotype4136,1
p12,clonotype4137,1
p12,clonotype4138,1
p12,clonotype4139,1
p12,clonotype414,4
p12,clonotype4140,1
p12,clonotype4141,1
p12,clonotype4142,2
p12,clonotype4143,1
p12,clonotype4144,1
p12,clonotype4145,2
p12,clonotype4147,2
p12,clonotype4148,1
p12,clonotype4149,1
p12,clonotype415,4
p12,clonotype4150,1
p12,clonotype4151,1
p12,clonotype4152,1
p12,clonotype4153,1
p12,clonotype4154,1
p12,clonotype4155,1
p12,clonotype4156,1
p12,clonotype4157,1
p12,clonotype4158,1
p12,clonotype4159,1
p12,clonotype416,4
p12,clonotype4160,2
p12,clonotype4161,1
p12,clonotype4162,1
p12,clonotype4163,2
p12,clonotype4164,2
p12,clonotype4165,1
p12,clonotype4166,1
p12,clonotype4167,2
p12,clonotype4168,2
p12,clonotype4169,1
p12,clonotype417,4
p12,clonotype4170,1
p12,clonotype4171,1
p12,clonotype4172,2
p12,clonotype4173,1
p12,clonotype4174,1
p12,clonotype4175,1
p12,clonotype4176,1
p12,clonotype4177,2
p12,clonotype4178,1
p12,clonotype4179,1
p12,clonotype418,3
p12,clonotype4180,2
p12,clonotype4181,1
p12,clonotype4182,1
p12,clonotype4183,2
p12,clonotype4186,2
p12,clonotype4187,2
p12,clonotype4188,3
p12,clonotype4189,1
p12,clonotype419,3
p12,clonotype4190,3
p12,clonotype4191,1
p12,clonotype4192,1
p12,clonotype4193,2
p12,clonotype4195,2
p12,clonotype4196,1
p12,clonotype4197,1
p12,clonotype4198,1
p12,clonotype4199,1
p12,clonotype42,3
p12,clonotype420,4
p12,clonotype4200,1
p12,clonotype4201,1
p12,clonotype4204,1
p12,clonotype4205,1
p12,clonotype4206,1
p12,clonotype4207,1
p12,clonotype4208,2
p12,clonotype4209,1
p12,clonotype421,3
p12,clonotype4210,1
p12,clonotype4211,1
p12,clonotype4212,1
p12,clonotype4213,1
p12,clonotype4214,1
p12,clonotype4215,1
p12,clonotype4216,1
p12,clonotype422,3
p12,clonotype4221,1
p12,clonotype4222,1
p12,clonotype423,4
p12,clonotype4233,1
p12,clonotype424,4
p12,clonotype4249,1
p12,clonotype425,3
p12,clonotype4253,1
p12,clonotype4258,1
p12,clonotype426,4
p12,clonotype427,3
p12,clonotype428,3
p12,clonotype4287,1
p12,clonotype4288,1
p12,clonotype429,3
p12,clonotype4290,1
p12,clonotype4296,1
p12,clonotype43,1
p12,clonotype430,4
p12,clonotype4304,1
p12,clonotype4305,1
p12,clonotype4306,1
p12,clonotype4307,1
p12,clonotype4308,1
p12,clonotype4309,1
p12,clonotype431,3
p12,clonotype4310,1
p12,clonotype4311,1
p12,clonotype4312,2
p12,clonotype4313,1
p12,clonotype4315,2
p12,clonotype4316,3
p12,clonotype4318,1
p12,clonotype432,3
p12,clonotype4320,1
p12,clonotype4321,1
p12,clonotype4323,1
p12,clonotype4324,1
p12,clonotype4327,2
p12,clonotype4328,1
p12,clonotype4329,1
p12,clonotype433,3
p12,clonotype4330,2
p12,clonotype4331,2
p12,clonotype4332,1
p12,clonotype4333,2
p12,clonotype4334,1
p12,clonotype4335,1
p12,clonotype4336,1
p12,clonotype4337,3
p12,clonotype4338,1
p12,clonotype4339,2
p12,clonotype434,4
p12,clonotype4340,1
p12,clonotype4341,1
p12,clonotype4342,1
p12,clonotype4343,1
p12,clonotype4344,1
p12,clonotype4345,1
p12,clonotype4346,2
p12,clonotype4347,2
p12,clonotype4348,1
p12,clonotype4349,1
p12,clonotype435,4
p12,clonotype4350,1
p12,clonotype4351,1
p12,clonotype4352,1
p12,clonotype4354,1
p12,clonotype4355,1
p12,clonotype4356,2
p12,clonotype4357,2
p12,clonotype4358,1
p12,clonotype4359,2
p12,clonotype436,2
p12,clonotype4360,2
p12,clonotype4361,1
p12,clonotype4362,2
p12,clonotype4363,1
p12,clonotype4364,2
p12,clonotype4365,1
p12,clonotype4366,2
p12,clonotype4367,1
p12,clonotype4368,1
p12,clonotype4369,1
p12,clonotype437,4
p12,clonotype4370,2
p12,clonotype4371,1
p12,clonotype4372,2
p12,clonotype4374,2
p12,clonotype438,4
p12,clonotype4387,1
p12,clonotype439,4
p12,clonotype4392,1
p12,clonotype4394,1
p12,clonotype4396,1
p12,clonotype44,6
p12,clonotype440,3
p12,clonotype4400,1
p12,clonotype4402,1
p12,clonotype441,3
p12,clonotype4410,1
p12,clonotype4411,2
p12,clonotype4412,1
p12,clonotype4413,1
p12,clonotype4414,1
p12,clonotype4415,1
p12,clonotype4416,1
p12,clonotype4417,1
p12,clonotype4418,2
p12,clonotype4419,1
p12,clonotype442,4
p12,clonotype4421,1
p12,clonotype4422,1
p12,clonotype4423,1
p12,clonotype4424,1
p12,clonotype4425,1
p12,clonotype4426,1
p12,clonotype4427,1
p12,clonotype4428,1
p12,clonotype4429,1
p12,clonotype443,3
p12,clonotype4430,2
p12,clonotype4432,1
p12,clonotype4433,1
p12,clonotype4434,1
p12,clonotype4435,1
p12,clonotype4436,1
p12,clonotype4438,1
p12,clonotype4439,1
p12,clonotype444,3
p12,clonotype4440,1
p12,clonotype4441,1
p12,clonotype4444,1
p12,clonotype445,3
p12,clonotype4453,1
p12,clonotype4456,1
p12,clonotype4457,1
p12,clonotype4458,1
p12,clonotype4459,1
p12,clonotype446,3
p12,clonotype4460,1
p12,clonotype4461,1
p12,clonotype4462,1
p12,clonotype4464,1
p12,clonotype4465,1
p12,clonotype4466,1
p12,clonotype4467,1
p12,clonotype4468,1
p12,clonotype4469,2
p12,clonotype447,4
p12,clonotype4470,1
p12,clonotype4471,1
p12,clonotype4472,1
p12,clonotype4473,1
p12,clonotype448,3
p12,clonotype4487,1
p12,clonotype4488,1
p12,clonotype4489,1
p12,clonotype449,4
p12,clonotype4490,1
p12,clonotype4491,1
p12,clonotype4492,1
p12,clonotype4494,1
p12,clonotype4497,1
p12,clonotype4498,1
p12,clonotype4499,1
p12,clonotype45,5
p12,clonotype450,4
p12,clonotype4500,1
p12,clonotype4501,1
p12,clonotype4502,1
p12,clonotype4503,1
p12,clonotype4504,1
p12,clonotype4506,1
p12,clonotype451,4
p12,clonotype4514,1
p12,clonotype4515,1
p12,clonotype4516,1
p12,clonotype4517,2
p12,clonotype4518,1
p12,clonotype4519,2
p12,clonotype452,4
p12,clonotype4521,1
p12,clonotype4524,1
p12,clonotype4527,2
p12,clonotype4528,1
p12,clonotype4529,1
p12,clonotype453,3
p12,clonotype4530,1
p12,clonotype4531,1
p12,clonotype4532,1
p12,clonotype454,3
p12,clonotype4543,1
p12,clonotype4547,1
p12,clonotype455,4
p12,clonotype4550,1
p12,clonotype4551,1
p12,clonotype4552,1
p12,clonotype4553,1
p12,clonotype4554,3
p12,clonotype4555,2
p12,clonotype4556,1
p12,clonotype4557,2
p12,clonotype4558,1
p12,clonotype4559,1
p12,clonotype456,3
p12,clonotype4561,2
p12,clonotype4562,1
p12,clonotype4563,1
p12,clonotype4564,2
p12,clonotype4567,1
p12,clonotype457,4
p12,clonotype4571,1
p12,clonotype4573,1
p12,clonotype4574,1
p12,clonotype4575,1
p12,clonotype4576,1
p12,clonotype4577,1
p12,clonotype4579,1
p12,clonotype458,4
p12,clonotype4581,2
p12,clonotype459,3
p12,clonotype4590,1
p12,clonotype4599,1
p12,clonotype46,4
p12,clonotype460,3
p12,clonotype4600,1
p12,clonotype4604,1
p12,clonotype461,5
p12,clonotype4612,1
p12,clonotype4619,1
p12,clonotype462,4
p12,clonotype4626,1
p12,clonotype463,4
p12,clonotype4634,1
p12,clonotype464,3
p12,clonotype4642,1
p12,clonotype4643,1
p12,clonotype4645,1
p12,clonotype465,2
p12,clonotype4650,1
p12,clonotype4651,1
p12,clonotype466,4
p12,clonotype4660,1
p12,clonotype4661,1
p12,clonotype4665,1
p12,clonotype4669,1
p12,clonotype467,1
p12,clonotype4673,1
p12,clonotype468,5
p12,clonotype4688,1
p12,clonotype469,3
p12,clonotype4690,1
p12,clonotype4693,1
p12,clonotype47,4
p12,clonotype470,3
p12,clonotype4705,1
p12,clonotype4706,1
p12,clonotype4709,2
p12,clonotype471,4
p12,clonotype472,4
p12,clonotype4720,1
p12,clonotype4722,1
p12,clonotype4723,1
p12,clonotype4728,1
p12,clonotype4729,1
p12,clonotype473,4
p12,clonotype4730,1
p12,clonotype4732,1
p12,clonotype4733,1
p12,clonotype4738,1
p12,clonotype474,4
p12,clonotype4745,1
p12,clonotype475,4
p12,clonotype4753,1
p12,clonotype4755,1
p12,clonotype476,4
p12,clonotype4764,1
p12,clonotype4766,1
p12,clonotype477,3
p12,clonotype4771,1
p12,clonotype4776,1
p12,clonotype478,4
p12,clonotype4782,1
p12,clonotype4783,1
p12,clonotype4788,1
p12,clonotype479,3
p12,clonotype4791,1
p12,clonotype4794,1
p12,clonotype4795,1
p12,clonotype4796,1
p12,clonotype48,6
p12,clonotype480,3
p12,clonotype4802,1
p12,clonotype4803,1
p12,clonotype4807,1
p12,clonotype481,2
p12,clonotype4812,1
p12,clonotype482,3
p12,clonotype4820,1
p12,clonotype483,2
p12,clonotype484,3
p12,clonotype485,3
p12,clonotype486,2
p12,clonotype4867,1
p12,clonotype487,3
p12,clonotype4870,1
p12,clonotype4871,1
p12,clonotype488,2
p12,clonotype4881,1
p12,clonotype4884,1
p12,clonotype4888,1
p12,clonotype489,3
p12,clonotype4891,1
p12,clonotype4893,1
p12,clonotype4897,1
p12,clonotype49,4
p12,clonotype490,3
p12,clonotype4903,1
p12,clonotype4906,1
p12,clonotype4909,1
p12,clonotype491,3
p12,clonotype4911,2
p12,clonotype4914,1
p12,clonotype4919,1
p12,clonotype492,2
p12,clonotype4926,1
p12,clonotype493,3
p12,clonotype4933,1
p12,clonotype494,4
p12,clonotype4940,1
p12,clonotype4947,1
p12,clonotype495,4
p12,clonotype4955,1
p12,clonotype496,4
p12,clonotype497,5
p12,clonotype4972,1
p12,clonotype498,4
p12,clonotype499,3
p12,clonotype5,2
p12,clonotype50,5
p12,clonotype500,5
p12,clonotype5001,1
p12,clonotype5005,1
p12,clonotype501,4
p12,clonotype5014,1
p12,clonotype502,3
p12,clonotype5028,1
p12,clonotype5029,1
p12,clonotype503,4
p12,clonotype5030,1
p12,clonotype504,4
p12,clonotype5041,1
p12,clonotype5043,1
p12,clonotype505,3
p12,clonotype506,4
p12,clonotype507,4
p12,clonotype508,4
p12,clonotype5085,1
p12,clonotype5087,1
p12,clonotype509,3
p12,clonotype51,6
p12,clonotype510,3
p12,clonotype5101,1
p12,clonotype5102,1
p12,clonotype5108,1
p12,clonotype511,4
p12,clonotype5115,1
p12,clonotype5118,1
p12,clonotype512,4
p12,clonotype5126,1
p12,clonotype513,4
p12,clonotype5131,1
p12,clonotype5134,1
p12,clonotype514,5
p12,clonotype515,4
p12,clonotype516,4
p12,clonotype517,3
p12,clonotype518,2
p12,clonotype519,3
p12,clonotype52,3
p12,clonotype520,4
p12,clonotype521,3
p12,clonotype522,3
p12,clonotype523,3
p12,clonotype524,2
p12,clonotype525,4
p12,clonotype526,4
p12,clonotype527,3
p12,clonotype528,4
p12,clonotype529,4
p12,clonotype53,7
p12,clonotype530,3
p12,clonotype531,2
p12,clonotype532,2
p12,clonotype533,3
p12,clonotype534,3
p12,clonotype535,3
p12,clonotype536,4
p12,clonotype537,3
p12,clonotype538,5
p12,clonotype539,3
p12,clonotype54,6
p12,clonotype540,4
p12,clonotype541,1
p12,clonotype542,3
p12,clonotype543,3
p12,clonotype544,3
p12,clonotype545,1
p12,clonotype546,4
p12,clonotype547,3
p12,clonotype548,6
p12,clonotype549,4
p12,clonotype55,2
p12,clonotype550,5
p12,clonotype551,3
p12,clonotype552,3
p12,clonotype553,3
p12,clonotype554,4
p12,clonotype555,6
p12,clonotype556,3
p12,clonotype557,4
p12,clonotype558,3
p12,clonotype559,4
p12,clonotype56,6
p12,clonotype560,5
p12,clonotype561,3
p12,clonotype562,4
p12,clonotype563,4
p12,clonotype564,3
p12,clonotype565,5
p12,clonotype566,4
p12,clonotype567,3
p12,clonotype568,3
p12,clonotype569,2
p12,clonotype57,6
p12,clonotype570,4
p12,clonotype571,4
p12,clonotype572,3
p12,clonotype573,3
p12,clonotype574,3
p12,clonotype575,3
p12,clonotype576,4
p12,clonotype577,4
p12,clonotype578,4
p12,clonotype579,3
p12,clonotype58,6
p12,clonotype580,4
p12,clonotype581,5
p12,clonotype582,5
p12,clonotype583,3
p12,clonotype584,3
p12,clonotype585,3
p12,clonotype586,1
p12,clonotype587,2
p12,clonotype588,2
p12,clonotype589,2
p12,clonotype59,4
p12,clonotype590,4
p12,clonotype591,3
p12,clonotype592,2
p12,clonotype593,3
p12,clonotype594,3
p12,clonotype595,3
p12,clonotype596,3
p12,clonotype597,1
p12,clonotype598,1
p12,clonotype599,4
p12,clonotype6,1
p12,clonotype60,6
p12,clonotype600,2
p12,clonotype601,2
p12,clonotype602,2
p12,clonotype603,2
p12,clonotype604,2
p12,clonotype605,1
p12,clonotype606,2
p12,clonotype607,4
p12,clonotype608,3
p12,clonotype609,3
p12,clonotype61,4
p12,clonotype610,3
p12,clonotype611,4
p12,clonotype612,3
p12,clonotype613,3
p12,clonotype614,4
p12,clonotype615,4
p12,clonotype616,4
p12,clonotype617,4
p12,clonotype618,3
p12,clonotype619,3
p12,clonotype62,2
p12,clonotype620,3
p12,clonotype621,4
p12,clonotype622,2
p12,clonotype623,3
p12,clonotype624,3
p12,clonotype625,3
p12,clonotype626,2
p12,clonotype627,2
p12,clonotype628,3
p12,clonotype629,2
p12,clonotype63,5
p12,clonotype630,3
p12,clonotype631,3
p12,clonotype632,1
p12,clonotype633,3
p12,clonotype634,4
p12,clonotype635,3
p12,clonotype636,3
p12,clonotype637,2
p12,clonotype638,3
p12,clonotype639,3
p12,clonotype64,5
p12,clonotype640,2
p12,clonotype641,2
p12,clonotype642,3
p12,clonotype643,1
p12,clonotype644,4
p12,clonotype645,3
p12,clonotype646,2
p12,clonotype647,2
p12,clonotype648,2
p12,clonotype649,2
p12,clonotype65,6
p12,clonotype650,1
p12,clonotype651,3
p12,clonotype652,3
p12,clonotype653,2
p12,clonotype654,2
p12,clonotype655,2
p12,clonotype656,2
p12,clonotype657,3
p12,clonotype658,3
p12,clonotype659,4
p12,clonotype66,5
p12,clonotype660,3
p12,clonotype661,4
p12,clonotype662,2
p12,clonotype663,4
p12,clonotype664,4
p12,clonotype665,3
p12,clonotype666,4
p12,clonotype667,2
p12,clonotype668,3
p12,clonotype669,4
p12,clonotype67,4
p12,clonotype670,3
p12,clonotype671,3
p12,clonotype672,3
p12,clonotype673,4
p12,clonotype674,5
p12,clonotype675,2
p12,clonotype676,2
p12,clonotype677,2
p12,clonotype678,2
p12,clonotype679,2
p12,clonotype68,3
p12,clonotype680,3
p12,clonotype681,2
p12,clonotype682,3
p12,clonotype683,3
p12,clonotype684,2
p12,clonotype685,3
p12,clonotype686,1
p12,clonotype687,2
p12,clonotype688,2
p12,clonotype689,1
p12,clonotype69,3
p12,clonotype690,3
p12,clonotype691,3
p12,clonotype692,2
p12,clonotype693,2
p12,clonotype694,3
p12,clonotype695,2
p12,clonotype696,3
p12,clonotype697,1
p12,clonotype698,1
p12,clonotype699,1
p12,clonotype7,4
p12,clonotype70,6
p12,clonotype700,2
p12,clonotype702,1
p12,clonotype704,1
p12,clonotype705,2
p12,clonotype706,2
p12,clonotype707,1
p12,clonotype708,3
p12,clonotype709,1
p12,clonotype71,2
p12,clonotype710,2
p12,clonotype711,3
p12,clonotype712,3
p12,clonotype713,2
p12,clonotype714,3
p12,clonotype715,2
p12,clonotype716,2
p12,clonotype717,2
p12,clonotype718,1
p12,clonotype719,2
p12,clonotype72,5
p12,clonotype720,1
p12,clonotype721,2
p12,clonotype723,1
p12,clonotype724,3
p12,clonotype725,3
p12,clonotype726,3
p12,clonotype727,2
p12,clonotype728,2
p12,clonotype729,3
p12,clonotype73,4
p12,clonotype730,2
p12,clonotype731,2
p12,clonotype732,3
p12,clonotype733,1
p12,clonotype734,1
p12,clonotype735,1
p12,clonotype736,1
p12,clonotype737,1
p12,clonotype738,1
p12,clonotype739,2
p12,clonotype74,4
p12,clonotype741,1
p12,clonotype742,1
p12,clonotype743,1
p12,clonotype744,1
p12,clonotype747,1
p12,clonotype748,2
p12,clonotype749,1
p12,clonotype75,4
p12,clonotype750,2
p12,clonotype751,1
p12,clonotype752,2
p12,clonotype753,1
p12,clonotype754,1
p12,clonotype755,1
p12,clonotype756,1
p12,clonotype757,1
p12,clonotype758,1
p12,clonotype759,2
p12,clonotype76,3
p12,clonotype760,1
p12,clonotype761,1
p12,clonotype763,2
p12,clonotype765,1
p12,clonotype766,3
p12,clonotype767,3
p12,clonotype768,1
p12,clonotype769,1
p12,clonotype77,5
p12,clonotype770,3
p12,clonotype771,2
p12,clonotype772,1
p12,clonotype773,1
p12,clonotype775,2
p12,clonotype776,2
p12,clonotype777,1
p12,clonotype778,1
p12,clonotype78,3
p12,clonotype780,1
p12,clonotype782,2
p12,clonotype783,2
p12,clonotype784,2
p12,clonotype785,2
p12,clonotype786,3
p12,clonotype787,1
p12,clonotype788,1
p12,clonotype789,2
p12,clonotype79,5
p12,clonotype790,2
p12,clonotype791,2
p12,clonotype792,2
p12,clonotype793,3
p12,clonotype794,3
p12,clonotype795,1
p12,clonotype796,2
p12,clonotype797,3
p12,clonotype798,2
p12,clonotype799,2
p12,clonotype8,3
p12,clonotype80,5
p12,clonotype800,3
p12,clonotype801,2
p12,clonotype802,2
p12,clonotype803,2
p12,clonotype804,2
p12,clonotype805,3
p12,clonotype806,3
p12,clonotype807,3
p12,clonotype808,3
p12,clonotype809,3
p12,clonotype81,4
p12,clonotype810,3
p12,clonotype811,3
p12,clonotype812,4
p12,clonotype813,2
p12,clonotype814,4
p12,clonotype815,3
p12,clonotype816,4
p12,clonotype817,4
p12,clonotype818,2
p12,clonotype819,3
p12,clonotype82,5
p12,clonotype820,4
p12,clonotype821,3
p12,clonotype822,4
p12,clonotype823,4
p12,clonotype824,3
p12,clonotype825,4
p12,clonotype826,2
p12,clonotype827,4
p12,clonotype828,4
p12,clonotype829,3
p12,clonotype83,6
p12,clonotype830,4
p12,clonotype831,3
p12,clonotype832,2
p12,clonotype833,3
p12,clonotype834,1
p12,clonotype835,3
p12,clonotype836,2
p12,clonotype837,2
p12,clonotype838,2
p12,clonotype839,3
p12,clonotype84,4
p12,clonotype840,3
p12,clonotype841,3
p12,clonotype842,3
p12,clonotype843,3
p12,clonotype844,3
p12,clonotype845,2
p12,clonotype846,2
p12,clonotype847,2
p12,clonotype848,1
p12,clonotype849,2
p12,clonotype85,3
p12,clonotype850,4
p12,clonotype851,3
p12,clonotype852,2
p12,clonotype853,2
p12,clonotype854,3
p12,clonotype855,2
p12,clonotype856,2
p12,clonotype857,2
p12,clonotype858,2
p12,clonotype86,5
p12,clonotype860,2
p12,clonotype861,2
p12,clonotype862,3
p12,clonotype863,2
p12,clonotype864,1
p12,clonotype865,2
p12,clonotype866,2
p12,clonotype868,1
p12,clonotype869,2
p12,clonotype87,5
p12,clonotype870,2
p12,clonotype871,3
p12,clonotype872,1
p12,clonotype873,2
p12,clonotype874,3
p12,clonotype875,2
p12,clonotype876,2
p12,clonotype877,1
p12,clonotype878,3
p12,clonotype879,2
p12,clonotype88,3
p12,clonotype880,2
p12,clonotype881,1
p12,clonotype882,3
p12,clonotype884,2
p12,clonotype885,3
p12,clonotype886,2
p12,clonotype887,2
p12,clonotype888,1
p12,clonotype889,3
p12,clonotype89,4
p12,clonotype890,3
p12,clonotype891,3
p12,clonotype892,2
p12,clonotype893,2
p12,clonotype894,2
p12,clonotype895,3
p12,clonotype896,2
p12,clonotype897,4
p12,clonotype898,1
p12,clonotype899,3
p12,clonotype9,2
p12,clonotype90,4
p12,clonotype900,3
p12,clonotype901,3
p12,clonotype902,3
p12,clonotype903,4
p12,clonotype904,3
p12,clonotype905,3
p12,clonotype906,2
p12,clonotype907,2
p12,clonotype908,1
p12,clonotype909,2
p12,clonotype91,5
p12,clonotype910,2
p12,clonotype911,2
p12,clonotype912,2
p12,clonotype913,2
p12,clonotype914,2
p12,clonotype915,2
p12,clonotype916,2
p12,clonotype917,2
p12,clonotype918,2
p12,clonotype919,1
p12,clonotype92,4
p12,clonotype920,2
p12,clonotype921,3
p12,clonotype922,1
p12,clonotype923,2
p12,clonotype924,2
p12,clonotype925,3
p12,clonotype926,2
p12,clonotype927,2
p12,clonotype928,2
p12,clonotype929,2
p12,clonotype93,2
p12,clonotype930,1
p12,clonotype931,2
p12,clonotype932,1
p12,clonotype933,1
p12,clonotype934,2
p12,clonotype935,3
p12,clonotype936,2
p12,clonotype937,1
p12,clonotype938,2
p12,clonotype939,1
p12,clonotype94,4
p12,clonotype940,2
p12,clonotype942,2
p12,clonotype943,2
p12,clonotype944,3
p12,clonotype945,1
p12,clonotype946,2
p12,clonotype947,1
p12,clonotype948,3
p12,clonotype949,3
p12,clonotype95,4
p12,clonotype950,1
p12,clonotype951,2
p12,clonotype952,2
p12,clonotype953,2
p12,clonotype954,1
p12,clonotype955,1
p12,clonotype956,1
p12,clonotype957,2
p12,clonotype958,2
p12,clonotype959,3
p12,clonotype96,3
p12,clonotype960,1
p12,clonotype961,3
p12,clonotype962,2
p12,clonotype963,2
p12,clonotype964,2
p12,clonotype965,2
p12,clonotype966,2
p12,clonotype967,2
p12,clonotype968,2
p12,clonotype969,1
p12,clonotype97,5
p12,clonotype970,2
p12,clonotype971,2
p12,clonotype972,1
p12,clonotype973,1
p12,clonotype974,2
p12,clonotype975,2
p12,clonotype976,2
p12,clonotype977,4
p12,clonotype978,2
p12,clonotype979,2
p12,clonotype98,3
p12,clonotype980,1
p12,clonotype981,2
p12,clonotype982,2
p12,clonotype983,2
p12,clonotype984,2
p12,clonotype985,2
p12,clonotype986,2
p12,clonotype987,2
p12,clonotype988,3
p12,clonotype989,1
p12,clonotype99,5
p12,clonotype990,2
p12,clonotype991,2
p12,clonotype992,2
p12,clonotype993,2
p12,clonotype994,1
p12,clonotype995,2
p12,clonotype996,2
p12,clonotype997,2
p12,clonotype998,1
p12,clonotype999,2
p13,clonotype10,4
p13,clonotype100,5
p13,clonotype1000,3
p13,clonotype1001,3
p13,clonotype1002,2
p13,clonotype1003,2
p13,clonotype1004,2
p13,clonotype1005,2
p13,clonotype1006,2
p13,clonotype1007,2
p13,clonotype1008,1
p13,clonotype1009,2
p13,clonotype101,4
p13,clonotype1010,2
p13,clonotype1011,2
p13,clonotype1012,3
p13,clonotype1013,2
p13,clonotype1014,2
p13,clonotype1015,1
p13,clonotype1016,3
p13,clonotype1017,2
p13,clonotype1018,2
p13,clonotype1019,2
p13,clonotype102,3
p13,clonotype1020,2
p13,clonotype1021,2
p13,clonotype1022,2
p13,clonotype1023,3
p13,clonotype1024,2
p13,clonotype1025,2
p13,clonotype1026,1
p13,clonotype1027,1
p13,clonotype1028,2
p13,clonotype1029,3
p13,clonotype103,5
p13,clonotype1030,2
p13,clonotype1031,1
p13,clonotype1032,1
p13,clonotype1033,1
p13,clonotype1034,1
p13,clonotype1036,3
p13,clonotype1037,1
p13,clonotype1038,1
p13,clonotype1039,1
p13,clonotype104,6
p13,clonotype1040,2
p13,clonotype1041,1
p13,clonotype1042,1
p13,clonotype1043,1
p13,clonotype1044,1
p13,clonotype1045,1
p13,clonotype1046,1
p13,clonotype1047,1
p13,clonotype1048,1
p13,clonotype1049,1
p13,clonotype105,3
p13,clonotype1050,1
p13,clonotype1051,1
p13,clonotype1052,1
p13,clonotype1054,1
p13,clonotype1055,2
p13,clonotype1056,1
p13,clonotype1057,1
p13,clonotype1058,1
p13,clonotype1059,2
p13,clonotype106,4
p13,clonotype1062,2
p13,clonotype1064,1
p13,clonotype1065,1
p13,clonotype1066,1
p13,clonotype1067,2
p13,clonotype1068,1
p13,clonotype1069,1
p13,clonotype107,5
p13,clonotype1070,1
p13,clonotype1072,1
p13,clonotype1073,1
p13,clonotype1074,2
p13,clonotype1075,1
p13,clonotype1076,1
p13,clonotype1077,1
p13,clonotype1078,1
p13,clonotype108,2
p13,clonotype1080,1
p13,clonotype1081,2
p13,clonotype1082,2
p13,clonotype1083,1
p13,clonotype1084,2
p13,clonotype1085,1
p13,clonotype1086,1
p13,clonotype1087,1
p13,clonotype1088,1
p13,clonotype1089,2
p13,clonotype109,3
p13,clonotype1090,1
p13,clonotype1091,1
p13,clonotype1092,1
p13,clonotype1094,2
p13,clonotype1095,1
p13,clonotype1096,2
p13,clonotype1097,1
p13,clonotype1098,1
p13,clonotype1099,3
p13,clonotype11,4
p13,clonotype110,1
p13,clonotype1100,2
p13,clonotype1101,2
p13,clonotype1102,1
p13,clonotype1103,2
p13,clonotype1104,3
p13,clonotype1105,2
p13,clonotype1106,2
p13,clonotype1107,1
p13,clonotype1108,2
p13,clonotype1109,1
p13,clonotype111,3
p13,clonotype1110,2
p13,clonotype1111,2
p13,clonotype1112,2
p13,clonotype1114,2
p13,clonotype1115,2
p13,clonotype1116,3
p13,clonotype1117,2
p13,clonotype1118,2
p13,clonotype1119,2
p13,clonotype112,4
p13,clonotype1120,2
p13,clonotype1121,1
p13,clonotype1122,2
p13,clonotype1123,1
p13,clonotype1124,2
p13,clonotype1125,2
p13,clonotype1126,3
p13,clonotype1127,3
p13,clonotype1128,3
p13,clonotype1129,2
p13,clonotype113,4
p13,clonotype1130,2
p13,clonotype1131,3
p13,clonotype1132,3
p13,clonotype1133,3
p13,clonotype1134,3
p13,clonotype1135,1
p13,clonotype1136,2
p13,clonotype1137,4
p13,clonotype1138,3
p13,clonotype1139,2
p13,clonotype114,1
p13,clonotype1140,3
p13,clonotype1141,3
p13,clonotype1142,4
p13,clonotype1143,3
p13,clonotype1144,2
p13,clonotype1145,2
p13,clonotype1146,2
p13,clonotype1148,1
p13,clonotype1149,1
p13,clonotype115,5
p13,clonotype1150,3
p13,clonotype1151,2
p13,clonotype1152,2
p13,clonotype1153,1
p13,clonotype1154,3
p13,clonotype1155,1
p13,clonotype1156,2
p13,clonotype1157,2
p13,clonotype1158,2
p13,clonotype1159,1
p13,clonotype116,5
p13,clonotype1160,1
p13,clonotype1161,2
p13,clonotype1162,2
p13,clonotype1163,2
p13,clonotype1164,1
p13,clonotype1165,2
p13,clonotype1166,2
p13,clonotype1167,3
p13,clonotype1168,2
p13,clonotype1169,2
p13,clonotype117,2
p13,clonotype1170,2
p13,clonotype1171,2
p13,clonotype1172,2
p13,clonotype1173,2
p13,clonotype1174,3
p13,clonotype1175,3
p13,clonotype1176,1
p13,clonotype1177,2
p13,clonotype1178,2
p13,clonotype1179,1
p13,clonotype118,6
p13,clonotype1180,2
p13,clonotype1181,2
p13,clonotype1182,1
p13,clonotype1183,1
p13,clonotype1184,2
p13,clonotype1185,1
p13,clonotype1186,2
p13,clonotype1187,2
p13,clonotype1188,2
p13,clonotype1189,2
p13,clonotype119,4
p13,clonotype1190,1
p13,clonotype1191,3
p13,clonotype1192,2
p13,clonotype1193,1
p13,clonotype1194,3
p13,clonotype1195,1
p13,clonotype1196,2
p13,clonotype1197,2
p13,clonotype1198,3
p13,clonotype1199,2
p13,clonotype12,5
p13,clonotype120,4
p13,clonotype1200,2
p13,clonotype1201,2
p13,clonotype1202,2
p13,clonotype1203,1
p13,clonotype1204,3
p13,clonotype1205,2
p13,clonotype1206,2
p13,clonotype1207,1
p13,clonotype1208,2
p13,clonotype1209,2
p13,clonotype121,2
p13,clonotype1210,2
p13,clonotype1211,3
p13,clonotype1212,1
p13,clonotype1213,2
p13,clonotype1214,2
p13,clonotype1215,2
p13,clonotype1216,3
p13,clonotype1217,1
p13,clonotype1218,1
p13,clonotype1219,2
p13,clonotype122,3
p13,clonotype1220,2
p13,clonotype1221,3
p13,clonotype1222,1
p13,clonotype1223,3
p13,clonotype1224,1
p13,clonotype1225,3
p13,clonotype1226,3
p13,clonotype1227,2
p13,clonotype1228,3
p13,clonotype1229,2
p13,clonotype123,4
p13,clonotype1230,1
p13,clonotype1231,1
p13,clonotype1232,1
p13,clonotype1233,2
p13,clonotype1234,1
p13,clonotype1235,2
p13,clonotype1236,2
p13,clonotype1237,2
p13,clonotype1238,2
p13,clonotype1239,2
p13,clonotype124,4
p13,clonotype1240,3
p13,clonotype1241,1
p13,clonotype1242,2
p13,clonotype1243,1
p13,clonotype1244,2
p13,clonotype1245,1
p13,clonotype1246,2
p13,clonotype1248,2
p13,clonotype1249,1
p13,clonotype125,4
p13,clonotype1250,2
p13,clonotype1251,2
p13,clonotype1252,2
p13,clonotype1253,2
p13,clonotype1254,2
p13,clonotype1255,2
p13,clonotype1256,2
p13,clonotype1257,2
p13,clonotype1258,2
p13,clonotype1259,2
p13,clonotype126,3
p13,clonotype1260,1
p13,clonotype1261,3
p13,clonotype1263,2
p13,clonotype1264,1
p13,clonotype1265,2
p13,clonotype1266,2
p13,clonotype1267,2
p13,clonotype1268,2
p13,clonotype1269,2
p13,clonotype127,4
p13,clonotype1270,2
p13,clonotype1271,2
p13,clonotype1272,1
p13,clonotype1273,2
p13,clonotype1274,2
p13,clonotype1275,3
p13,clonotype1276,3
p13,clonotype1277,2
p13,clonotype1278,3
p13,clonotype1279,3
p13,clonotype128,3
p13,clonotype1280,4
p13,clonotype1281,2
p13,clonotype1282,2
p13,clonotype1283,3
p13,clonotype1284,3
p13,clonotype1285,3
p13,clonotype1286,3
p13,clonotype1287,2
p13,clonotype1288,3
p13,clonotype1289,3
p13,clonotype129,3
p13,clonotype1290,4
p13,clonotype1291,2
p13,clonotype1292,2
p13,clonotype1293,2
p13,clonotype1294,2
p13,clonotype1295,2
p13,clonotype1296,2
p13,clonotype1297,1
p13,clonotype1298,1
p13,clonotype1299,2
p13,clonotype13,4
p13,clonotype130,6
p13,clonotype1300,1
p13,clonotype1301,2
p13,clonotype1302,2
p13,clonotype1303,2
p13,clonotype1304,2
p13,clonotype1305,1
p13,clonotype1306,1
p13,clonotype1307,2
p13,clonotype1308,2
p13,clonotype1309,1
p13,clonotype131,3
p13,clonotype1310,2
p13,clonotype1311,2
p13,clonotype1312,2
p13,clonotype1313,2
p13,clonotype1314,2
p13,clonotype1315,1
p13,clonotype1316,2
p13,clonotype1317,2
p13,clonotype1318,2
p13,clonotype1319,2
p13,clonotype132,5
p13,clonotype1320,2
p13,clonotype1321,1
p13,clonotype1322,2
p13,clonotype1323,2
p13,clonotype1324,2
p13,clonotype1325,1
p13,clonotype1326,1
p13,clonotype1327,2
p13,clonotype1328,2
p13,clonotype1329,1
p13,clonotype133,4
p13,clonotype1330,2
p13,clonotype1331,2
p13,clonotype1332,1
p13,clonotype1333,2
p13,clonotype1334,1
p13,clonotype1335,2
p13,clonotype1336,2
p13,clonotype1337,2
p13,clonotype1338,2
p13,clonotype1339,1
p13,clonotype134,3
p13,clonotype1340,2
p13,clonotype1341,2
p13,clonotype1342,3
p13,clonotype1343,2
p13,clonotype1344,1
p13,clonotype1345,3
p13,clonotype1346,2
p13,clonotype1347,2
p13,clonotype1348,3
p13,clonotype1349,3
p13,clonotype135,3
p13,clonotype1350,1
p13,clonotype1351,2
p13,clonotype1352,1
p13,clonotype1353,2
p13,clonotype1354,1
p13,clonotype1355,2
p13,clonotype1356,2
p13,clonotype1357,2
p13,clonotype1358,2
p13,clonotype1359,2
p13,clonotype136,3
p13,clonotype1360,1
p13,clonotype1361,2
p13,clonotype1362,2
p13,clonotype1363,2
p13,clonotype1364,1
p13,clonotype1365,2
p13,clonotype1366,2
p13,clonotype1367,1
p13,clonotype1368,1
p13,clonotype1369,3
p13,clonotype137,4
p13,clonotype1370,2
p13,clonotype1371,1
p13,clonotype1372,3
p13,clonotype1373,2
p13,clonotype1374,2
p13,clonotype1375,2
p13,clonotype1376,2
p13,clonotype1377,2
p13,clonotype1378,1
p13,clonotype1379,2
p13,clonotype138,6
p13,clonotype1380,2
p13,clonotype1381,2
p13,clonotype1382,2
p13,clonotype1383,3
p13,clonotype1384,2
p13,clonotype1385,2
p13,clonotype1386,2
p13,clonotype1387,2
p13,clonotype1388,1
p13,clonotype1389,2
p13,clonotype139,4
p13,clonotype1390,2
p13,clonotype1391,2
p13,clonotype1392,2
p13,clonotype1393,2
p13,clonotype1394,2
p13,clonotype1395,3
p13,clonotype1396,2
p13,clonotype1397,1
p13,clonotype1398,1
p13,clonotype1399,2
p13,clonotype14,7
p13,clonotype140,3
p13,clonotype1400,2
p13,clonotype1401,1
p13,clonotype1402,1
p13,clonotype1403,1
p13,clonotype1404,1
p13,clonotype1405,1
p13,clonotype1406,1
p13,clonotype1407,1
p13,clonotype1408,1
p13,clonotype1409,1
p13,clonotype141,5
p13,clonotype1410,1
p13,clonotype1411,1
p13,clonotype1412,1
p13,clonotype1414,1
p13,clonotype1415,1
p13,clonotype1416,1
p13,clonotype1417,1
p13,clonotype1418,1
p13,clonotype1419,2
p13,clonotype142,4
p13,clonotype1420,3
p13,clonotype1421,1
p13,clonotype1422,1
p13,clonotype1423,1
p13,clonotype1425,1
p13,clonotype1426,1
p13,clonotype1427,1
p13,clonotype1428,1
p13,clonotype1429,1
p13,clonotype143,5
p13,clonotype1430,1
p13,clonotype1431,1
p13,clonotype1432,1
p13,clonotype1433,1
p13,clonotype1434,1
p13,clonotype1435,1
p13,clonotype1436,1
p13,clonotype1437,2
p13,clonotype1438,1
p13,clonotype1439,1
p13,clonotype144,4
p13,clonotype1440,1
p13,clonotype1441,1
p13,clonotype1442,2
p13,clonotype1443,1
p13,clonotype1444,1
p13,clonotype1446,1
p13,clonotype1447,1
p13,clonotype1449,1
p13,clonotype145,2
p13,clonotype1451,1
p13,clonotype1452,1
p13,clonotype1453,1
p13,clonotype1454,1
p13,clonotype1455,1
p13,clonotype1456,1
p13,clonotype1457,1
p13,clonotype1458,1
p13,clonotype1459,1
p13,clonotype146,2
p13,clonotype1460,1
p13,clonotype1461,1
p13,clonotype1463,2
p13,clonotype1464,1
p13,clonotype1465,1
p13,clonotype1466,1
p13,clonotype1467,1
p13,clonotype1468,1
p13,clonotype1469,2
p13,clonotype147,4
p13,clonotype1470,2
p13,clonotype1471,2
p13,clonotype1472,1
p13,clonotype1473,1
p13,clonotype1474,1
p13,clonotype1475,1
p13,clonotype1476,1
p13,clonotype1477,1
p13,clonotype1478,1
p13,clonotype1479,1
p13,clonotype148,4
p13,clonotype1480,2
p13,clonotype1481,1
p13,clonotype1482,1
p13,clonotype1483,2
p13,clonotype1485,2
p13,clonotype1486,1
p13,clonotype1487,1
p13,clonotype1488,1
p13,clonotype1489,2
p13,clonotype149,4
p13,clonotype1490,3
p13,clonotype1491,1
p13,clonotype1492,2
p13,clonotype1493,2
p13,clonotype1494,3
p13,clonotype1495,2
p13,clonotype1496,2
p13,clonotype1497,1
p13,clonotype1498,2
p13,clonotype1499,2
p13,clonotype15,4
p13,clonotype150,4
p13,clonotype1500,2
p13,clonotype1501,2
p13,clonotype1502,2
p13,clonotype1503,1
p13,clonotype1504,2
p13,clonotype1505,2
p13,clonotype1506,1
p13,clonotype1507,2
p13,clonotype1508,2
p13,clonotype1509,2
p13,clonotype151,4
p13,clonotype1510,2
p13,clonotype1511,3
p13,clonotype1512,2
p13,clonotype1513,1
p13,clonotype1514,2
p13,clonotype1515,2
p13,clonotype1516,2
p13,clonotype1517,2
p13,clonotype1518,2
p13,clonotype1519,2
p13,clonotype152,4
p13,clonotype1520,1
p13,clonotype1521,2
p13,clonotype1522,2
p13,clonotype1523,1
p13,clonotype1524,1
p13,clonotype1525,2
p13,clonotype1526,2
p13,clonotype1527,3
p13,clonotype1528,3
p13,clonotype1529,2
p13,clonotype153,2
p13,clonotype1530,3
p13,clonotype1531,3
p13,clonotype1532,1
p13,clonotype1533,2
p13,clonotype1534,3
p13,clonotype1535,2
p13,clonotype1536,2
p13,clonotype1538,2
p13,clonotype1539,2
p13,clonotype154,3
p13,clonotype1540,2
p13,clonotype1541,3
p13,clonotype1542,5
p13,clonotype1543,2
p13,clonotype1544,2
p13,clonotype1545,1
p13,clonotype1546,1
p13,clonotype1547,2
p13,clonotype1548,2
p13,clonotype1549,1
p13,clonotype155,3
p13,clonotype1550,1
p13,clonotype1551,2
p13,clonotype1552,2
p13,clonotype1553,3
p13,clonotype1554,1
p13,clonotype1555,3
p13,clonotype1556,2
p13,clonotype1557,3
p13,clonotype1558,3
p13,clonotype156,4
p13,clonotype1560,3
p13,clonotype1561,1
p13,clonotype1562,2
p13,clonotype1563,1
p13,clonotype1564,2
p13,clonotype1565,3
p13,clonotype1566,2
p13,clonotype1567,2
p13,clonotype1568,2
p13,clonotype1569,2
p13,clonotype157,4
p13,clonotype1570,3
p13,clonotype1571,3
p13,clonotype1572,3
p13,clonotype1573,4
p13,clonotype1574,1
p13,clonotype1575,2
p13,clonotype1576,2
p13,clonotype1577,3
p13,clonotype1578,2
p13,clonotype1579,2
p13,clonotype158,4
p13,clonotype1580,3
p13,clonotype1582,1
p13,clonotype1583,2
p13,clonotype1584,1
p13,clonotype1585,2
p13,clonotype1586,1
p13,clonotype1587,2
p13,clonotype1588,2
p13,clonotype1589,3
p13,clonotype159,3
p13,clonotype1590,2
p13,clonotype1592,2
p13,clonotype1593,1
p13,clonotype1594,2
p13,clonotype1595,2
p13,clonotype1596,2
p13,clonotype1597,3
p13,clonotype1598,2
p13,clonotype1599,1
p13,clonotype16,4
p13,clonotype160,4
p13,clonotype1600,2
p13,clonotype1601,3
p13,clonotype1602,2
p13,clonotype1603,2
p13,clonotype1604,1
p13,clonotype1605,1
p13,clonotype1606,2
p13,clonotype1607,1
p13,clonotype1608,2
p13,clonotype1609,3
p13,clonotype161,4
p13,clonotype1610,2
p13,clonotype1611,3
p13,clonotype1612,2
p13,clonotype1613,4
p13,clonotype1614,3
p13,clonotype1615,3
p13,clonotype1616,2
p13,clonotype1617,3
p13,clonotype1618,4
p13,clonotype1619,1
p13,clonotype162,4
p13,clonotype1620,3
p13,clonotype1621,4
p13,clonotype1622,3
p13,clonotype1623,4
p13,clonotype1624,2
p13,clonotype1625,3
p13,clonotype1626,3
p13,clonotype1627,2
p13,clonotype1628,4
p13,clonotype1629,3
p13,clonotype163,3
p13,clonotype1630,3
p13,clonotype1631,2
p13,clonotype1632,3
p13,clonotype1633,3
p13,clonotype1634,3
p13,clonotype1635,2
p13,clonotype1636,4
p13,clonotype1637,2
p13,clonotype1638,3
p13,clonotype1639,3
p13,clonotype164,4
p13,clonotype1640,4
p13,clonotype1641,4
p13,clonotype1642,2
p13,clonotype1643,2
p13,clonotype1644,3
p13,clonotype1645,2
p13,clonotype1646,3
p13,clonotype1647,3
p13,clonotype1648,2
p13,clonotype1649,3
p13,clonotype165,2
p13,clonotype1650,3
p13,clonotype1651,2
p13,clonotype1652,2
p13,clonotype1653,3
p13,clonotype1654,2
p13,clonotype1655,3
p13,clonotype1656,3
p13,clonotype1657,3
p13,clonotype1658,3
p13,clonotype1659,3
p13,clonotype166,3
p13,clonotype1660,3
p13,clonotype1661,1
p13,clonotype1662,3
p13,clonotype1663,3
p13,clonotype1664,3
p13,clonotype1665,4
p13,clonotype1666,3
p13,clonotype1667,4
p13,clonotype1668,3
p13,clonotype1669,2
p13,clonotype167,4
p13,clonotype1670,3
p13,clonotype1671,3
p13,clonotype1672,3
p13,clonotype1673,3
p13,clonotype1674,4
p13,clonotype1675,3
p13,clonotype1676,2
p13,clonotype1677,2
p13,clonotype1678,3
p13,clonotype1679,2
p13,clonotype168,3
p13,clonotype1680,3
p13,clonotype1681,3
p13,clonotype1682,3
p13,clonotype1683,3
p13,clonotype1684,3
p13,clonotype1685,3
p13,clonotype1686,3
p13,clonotype1687,3
p13,clonotype1688,3
p13,clonotype1689,2
p13,clonotype169,3
p13,clonotype1690,2
p13,clonotype1691,2
p13,clonotype1692,2
p13,clonotype1693,2
p13,clonotype1694,2
p13,clonotype1695,1
p13,clonotype1696,1
p13,clonotype1697,2
p13,clonotype1698,3
p13,clonotype1699,1
p13,clonotype17,3
p13,clonotype170,3
p13,clonotype1700,2
p13,clonotype1701,2
p13,clonotype1702,3
p13,clonotype1703,1
p13,clonotype1704,3
p13,clonotype1705,2
p13,clonotype1706,2
p13,clonotype1707,2
p13,clonotype1708,2
p13,clonotype1709,2
p13,clonotype171,3
p13,clonotype1710,2
p13,clonotype1711,2
p13,clonotype1712,2
p13,clonotype1713,2
p13,clonotype1714,1
p13,clonotype1715,2
p13,clonotype1716,2
p13,clonotype1717,2
p13,clonotype1718,2
p13,clonotype1719,2
p13,clonotype172,4
p13,clonotype1720,3
p13,clonotype1721,2
p13,clonotype1723,1
p13,clonotype1724,2
p13,clonotype1725,1
p13,clonotype1726,2
p13,clonotype1727,2
p13,clonotype1728,2
p13,clonotype1729,2
p13,clonotype173,4
p13,clonotype1730,2
p13,clonotype1731,2
p13,clonotype1732,1
p13,clonotype1733,2
p13,clonotype1734,2
p13,clonotype1735,2
p13,clonotype1736,2
p13,clonotype1737,2
p13,clonotype1738,2
p13,clonotype1739,2
p13,clonotype174,4
p13,clonotype1740,2
p13,clonotype1741,2
p13,clonotype1742,2
p13,clonotype1743,2
p13,clonotype1744,2
p13,clonotype1745,2
p13,clonotype1746,2
p13,clonotype1747,1
p13,clonotype1748,3
p13,clonotype1749,2
p13,clonotype175,3
p13,clonotype1750,2
p13,clonotype1751,2
p13,clonotype1752,2
p13,clonotype1753,2
p13,clonotype1754,2
p13,clonotype1755,2
p13,clonotype1756,2
p13,clonotype1757,2
p13,clonotype1758,2
p13,clonotype1759,2
p13,clonotype176,3
p13,clonotype1760,2
p13,clonotype1761,2
p13,clonotype1762,2
p13,clonotype1763,2
p13,clonotype1764,2
p13,clonotype1765,2
p13,clonotype1766,1
p13,clonotype1767,1
p13,clonotype1768,1
p13,clonotype1769,1
p13,clonotype177,4
p13,clonotype1770,1
p13,clonotype1771,1
p13,clonotype1772,1
p13,clonotype1773,1
p13,clonotype1774,1
p13,clonotype1775,1
p13,clonotype1776,1
p13,clonotype1777,2
p13,clonotype1778,1
p13,clonotype1779,1
p13,clonotype178,2
p13,clonotype1780,2
p13,clonotype1781,2
p13,clonotype1782,1
p13,clonotype1783,1
p13,clonotype1784,1
p13,clonotype1785,1
p13,clonotype1786,1
p13,clonotype1787,1
p13,clonotype1789,1
p13,clonotype179,2
p13,clonotype1790,1
p13,clonotype1791,1
p13,clonotype1792,1
p13,clonotype1793,1
p13,clonotype1794,1
p13,clonotype1795,1
p13,clonotype1797,1
p13,clonotype1798,1
p13,clonotype1799,2
p13,clonotype18,5
p13,clonotype180,2
p13,clonotype1800,2
p13,clonotype1801,1
p13,clonotype1802,1
p13,clonotype1803,1
p13,clonotype1804,1
p13,clonotype1805,1
p13,clonotype1806,1
p13,clonotype1807,1
p13,clonotype1808,1
p13,clonotype181,2
p13,clonotype1811,1
p13,clonotype1812,1
p13,clonotype1813,1
p13,clonotype1814,1
p13,clonotype1815,1
p13,clonotype1816,1
p13,clonotype1818,1
p13,clonotype1819,1
p13,clonotype182,3
p13,clonotype1820,1
p13,clonotype1821,1
p13,clonotype1822,1
p13,clonotype1824,1
p13,clonotype1825,2
p13,clonotype1826,1
p13,clonotype1827,1
p13,clonotype1828,1
p13,clonotype1829,1
p13,clonotype183,4
p13,clonotype1831,2
p13,clonotype1832,2
p13,clonotype1833,2
p13,clonotype1834,1
p13,clonotype1835,2
p13,clonotype1836,2
p13,clonotype1837,3
p13,clonotype1838,3
p13,clonotype1839,2
p13,clonotype184,3
p13,clonotype1840,3
p13,clonotype1841,2
p13,clonotype1842,3
p13,clonotype1843,3
p13,clonotype1844,3
p13,clonotype1845,3
p13,clonotype1846,3
p13,clonotype1847,3
p13,clonotype1848,4
p13,clonotype1849,2
p13,clonotype185,4
p13,clonotype1850,4
p13,clonotype1851,3
p13,clonotype1852,4
p13,clonotype1853,3
p13,clonotype1854,3
p13,clonotype1855,3
p13,clonotype1856,2
p13,clonotype1857,3
p13,clonotype1858,3
p13,clonotype1859,3
p13,clonotype186,4
p13,clonotype1860,3
p13,clonotype1861,3
p13,clonotype1862,3
p13,clonotype1863,4
p13,clonotype1864,3
p13,clonotype1865,3
p13,clonotype1866,2
p13,clonotype1867,3
p13,clonotype1868,3
p13,clonotype1869,5
p13,clonotype187,3
p13,clonotype1870,3
p13,clonotype1871,2
p13,clonotype1872,4
p13,clonotype1873,4
p13,clonotype1874,3
p13,clonotype1875,3
p13,clonotype1876,3
p13,clonotype1877,3
p13,clonotype1878,2
p13,clonotype1879,1
p13,clonotype188,4
p13,clonotype1880,3
p13,clonotype1881,3
p13,clonotype1882,3
p13,clonotype1883,3
p13,clonotype1884,2
p13,clonotype1885,1
p13,clonotype1886,4
p13,clonotype1887,3
p13,clonotype1888,4
p13,clonotype1889,3
p13,clonotype189,4
p13,clonotype1890,2
p13,clonotype1891,2
p13,clonotype1892,3
p13,clonotype1893,3
p13,clonotype1894,3
p13,clonotype1895,2
p13,clonotype1896,2
p13,clonotype1897,3
p13,clonotype1898,3
p13,clonotype1899,3
p13,clonotype19,5
p13,clonotype190,3
p13,clonotype1900,2
p13,clonotype1901,3
p13,clonotype1902,3
p13,clonotype1903,4
p13,clonotype1904,3
p13,clonotype1905,3
p13,clonotype1906,3
p13,clonotype1907,3
p13,clonotype1908,2
p13,clonotype1909,2
p13,clonotype191,4
p13,clonotype1910,2
p13,clonotype1911,2
p13,clonotype1912,3
p13,clonotype1913,3
p13,clonotype1914,2
p13,clonotype1915,2
p13,clonotype1916,3
p13,clonotype1917,2
p13,clonotype1918,2
p13,clonotype1919,2
p13,clonotype192,4
p13,clonotype1920,3
p13,clonotype1921,2
p13,clonotype1922,3
p13,clonotype1923,2
p13,clonotype1924,1
p13,clonotype1925,3
p13,clonotype1926,3
p13,clonotype1927,2
p13,clonotype1928,3
p13,clonotype1929,3
p13,clonotype193,4
p13,clonotype1930,2
p13,clonotype1931,2
p13,clonotype1932,3
p13,clonotype1933,2
p13,clonotype1934,4
p13,clonotype1935,2
p13,clonotype1936,3
p13,clonotype1937,2
p13,clonotype1938,2
p13,clonotype1939,1
p13,clonotype194,4
p13,clonotype1940,1
p13,clonotype1941,1
p13,clonotype1942,2
p13,clonotype1943,2
p13,clonotype1944,2
p13,clonotype1945,2
p13,clonotype1946,2
p13,clonotype1947,3
p13,clonotype1948,2
p13,clonotype1949,3
p13,clonotype195,3
p13,clonotype1950,2
p13,clonotype1951,2
p13,clonotype1952,1
p13,clonotype1953,3
p13,clonotype1954,2
p13,clonotype1955,3
p13,clonotype1956,2
p13,clonotype1957,2
p13,clonotype1958,2
p13,clonotype1959,2
p13,clonotype196,2
p13,clonotype1960,2
p13,clonotype1961,2
p13,clonotype1962,2
p13,clonotype1963,2
p13,clonotype1964,4
p13,clonotype1965,2
p13,clonotype1966,2
p13,clonotype1967,1
p13,clonotype1968,1
p13,clonotype1969,1
p13,clonotype197,2
p13,clonotype1970,1
p13,clonotype1971,1
p13,clonotype1972,1
p13,clonotype1973,3
p13,clonotype1974,1
p13,clonotype1975,1
p13,clonotype1979,1
p13,clonotype198,2
p13,clonotype1983,1
p13,clonotype1988,2
p13,clonotype1989,1
p13,clonotype199,3
p13,clonotype1990,1
p13,clonotype1991,1
p13,clonotype1992,1
p13,clonotype1993,1
p13,clonotype1994,1
p13,clonotype1995,2
p13,clonotype1996,1
p13,clonotype1997,1
p13,clonotype1998,1
p13,clonotype1999,1
p13,clonotype2,2
p13,clonotype20,6
p13,clonotype200,2
p13,clonotype2000,1
p13,clonotype2001,2
p13,clonotype2002,1
p13,clonotype2003,1
p13,clonotype2004,1
p13,clonotype2005,1
p13,clonotype2006,1
p13,clonotype2007,1
p13,clonotype2008,1
p13,clonotype2009,1
p13,clonotype201,4
p13,clonotype2013,1
p13,clonotype2014,1
p13,clonotype2015,1
p13,clonotype2016,1
p13,clonotype2017,1
p13,clonotype2018,2
p13,clonotype2019,2
p13,clonotype202,4
p13,clonotype2020,1
p13,clonotype2021,2
p13,clonotype2022,1
p13,clonotype2023,1
p13,clonotype2024,2
p13,clonotype2025,2
p13,clonotype2026,1
p13,clonotype2027,1
p13,clonotype2028,1
p13,clonotype2029,1
p13,clonotype203,3
p13,clonotype2030,3
p13,clonotype2031,1
p13,clonotype2032,3
p13,clonotype2033,2
p13,clonotype2034,3
p13,clonotype2035,3
p13,clonotype2036,3
p13,clonotype2037,3
p13,clonotype2038,3
p13,clonotype2039,2
p13,clonotype204,3
p13,clonotype2040,2
p13,clonotype2041,2
p13,clonotype2042,3
p13,clonotype2043,2
p13,clonotype2044,3
p13,clonotype2045,1
p13,clonotype2046,1
p13,clonotype2047,2
p13,clonotype2048,2
p13,clonotype2049,3
p13,clonotype205,4
p13,clonotype2050,1
p13,clonotype2051,2
p13,clonotype2052,2
p13,clonotype2053,3
p13,clonotype2054,2
p13,clonotype2055,3
p13,clonotype2057,1
p13,clonotype2058,1
p13,clonotype2059,2
p13,clonotype206,4
p13,clonotype2060,2
p13,clonotype2061,2
p13,clonotype2062,2
p13,clonotype2063,1
p13,clonotype2064,2
p13,clonotype2065,2
p13,clonotype2066,2
p13,clonotype2067,2
p13,clonotype2068,2
p13,clonotype2069,2
p13,clonotype207,3
p13,clonotype2070,2
p13,clonotype2071,1
p13,clonotype2072,1
p13,clonotype2073,2
p13,clonotype2074,2
p13,clonotype2075,1
p13,clonotype2076,1
p13,clonotype2077,2
p13,clonotype2078,2
p13,clonotype2079,2
p13,clonotype208,2
p13,clonotype2080,2
p13,clonotype2081,2
p13,clonotype2082,2
p13,clonotype2083,2
p13,clonotype2084,2
p13,clonotype2085,2
p13,clonotype2086,2
p13,clonotype2087,2
p13,clonotype2088,1
p13,clonotype2089,2
p13,clonotype209,2
p13,clonotype2090,1
p13,clonotype2091,1
p13,clonotype2092,2
p13,clonotype2093,2
p13,clonotype2094,2
p13,clonotype2095,2
p13,clonotype2096,2
p13,clonotype2097,2
p13,clonotype2098,2
p13,clonotype2099,2
p13,clonotype21,5
p13,clonotype210,2
p13,clonotype2100,1
p13,clonotype2101,2
p13,clonotype2102,2
p13,clonotype2103,2
p13,clonotype2104,3
p13,clonotype2106,1
p13,clonotype2107,1
p13,clonotype2108,1
p13,clonotype2109,1
p13,clonotype211,3
p13,clonotype2111,2
p13,clonotype2113,1
p13,clonotype2114,1
p13,clonotype2115,1
p13,clonotype2116,1
p13,clonotype2117,1
p13,clonotype2118,1
p13,clonotype2119,1
p13,clonotype212,3
p13,clonotype2120,1
p13,clonotype2121,1
p13,clonotype2122,1
p13,clonotype2123,1
p13,clonotype2124,1
p13,clonotype2125,1
p13,clonotype2126,2
p13,clonotype2127,2
p13,clonotype2128,1
p13,clonotype2129,1
p13,clonotype213,1
p13,clonotype2130,1
p13,clonotype2131,1
p13,clonotype2132,1
p13,clonotype2133,1
p13,clonotype2134,2
p13,clonotype2138,1
p13,clonotype2139,2
p13,clonotype214,3
p13,clonotype2140,1
p13,clonotype2142,2
p13,clonotype2143,1
p13,clonotype2145,1
p13,clonotype2146,1
p13,clonotype2147,1
p13,clonotype2149,2
p13,clonotype215,2
p13,clonotype2150,1
p13,clonotype2151,2
p13,clonotype2152,3
p13,clonotype2153,2
p13,clonotype2154,2
p13,clonotype2155,2
p13,clonotype2156,2
p13,clonotype2157,1
p13,clonotype2158,3
p13,clonotype2159,2
p13,clonotype216,2
p13,clonotype2160,2
p13,clonotype2161,3
p13,clonotype2162,2
p13,clonotype2163,1
p13,clonotype2164,1
p13,clonotype2165,2
p13,clonotype2166,2
p13,clonotype2167,2
p13,clonotype2168,2
p13,clonotype2169,2
p13,clonotype217,3
p13,clonotype2170,2
p13,clonotype2171,2
p13,clonotype2172,2
p13,clonotype2173,1
p13,clonotype2174,1
p13,clonotype2175,1
p13,clonotype2177,1
p13,clonotype2178,1
p13,clonotype2179,1
p13,clonotype218,2
p13,clonotype2181,1
p13,clonotype2182,1
p13,clonotype2183,1
p13,clonotype2184,2
p13,clonotype2185,3
p13,clonotype2186,2
p13,clonotype2187,2
p13,clonotype2188,1
p13,clonotype2189,2
p13,clonotype219,2
p13,clonotype2190,3
p13,clonotype2191,1
p13,clonotype2192,2
p13,clonotype2193,2
p13,clonotype2194,2
p13,clonotype2195,2
p13,clonotype2196,1
p13,clonotype2197,2
p13,clonotype2198,1
p13,clonotype2199,1
p13,clonotype22,5
p13,clonotype220,2
p13,clonotype2201,1
p13,clonotype2202,1
p13,clonotype2203,1
p13,clonotype2205,1
p13,clonotype2206,1
p13,clonotype2207,1
p13,clonotype2208,1
p13,clonotype2209,1
p13,clonotype221,3
p13,clonotype2211,1
p13,clonotype2212,2
p13,clonotype2213,3
p13,clonotype2214,2
p13,clonotype2215,2
p13,clonotype2216,1
p13,clonotype2217,2
p13,clonotype2218,1
p13,clonotype2219,1
p13,clonotype222,3
p13,clonotype2220,1
p13,clonotype2221,2
p13,clonotype2222,2
p13,clonotype2223,1
p13,clonotype2224,1
p13,clonotype2225,1
p13,clonotype2226,2
p13,clonotype2227,2
p13,clonotype2228,1
p13,clonotype2229,1
p13,clonotype223,1
p13,clonotype2231,1
p13,clonotype2232,1
p13,clonotype2233,1
p13,clonotype2234,1
p13,clonotype2236,1
p13,clonotype2237,1
p13,clonotype2238,2
p13,clonotype2239,1
p13,clonotype224,2
p13,clonotype2240,2
p13,clonotype2241,2
p13,clonotype2242,1
p13,clonotype2243,2
p13,clonotype2244,2
p13,clonotype2245,2
p13,clonotype2246,1
p13,clonotype2247,1
p13,clonotype2249,1
p13,clonotype225,3
p13,clonotype2250,2
p13,clonotype2251,1
p13,clonotype2253,2
p13,clonotype2255,2
p13,clonotype2256,2
p13,clonotype2257,2
p13,clonotype2258,1
p13,clonotype2259,1
p13,clonotype226,3
p13,clonotype2260,2
p13,clonotype2261,2
p13,clonotype2263,1
p13,clonotype2264,1
p13,clonotype2265,1
p13,clonotype2266,1
p13,clonotype2267,1
p13,clonotype2268,1
p13,clonotype2269,2
p13,clonotype227,3
p13,clonotype2270,3
p13,clonotype2271,1
p13,clonotype2272,2
p13,clonotype2273,2
p13,clonotype2274,1
p13,clonotype2275,1
p13,clonotype2277,1
p13,clonotype2278,1
p13,clonotype2279,1
p13,clonotype228,3
p13,clonotype2280,1
p13,clonotype2281,1
p13,clonotype2282,2
p13,clonotype2283,1
p13,clonotype2284,1
p13,clonotype2285,1
p13,clonotype2287,1
p13,clonotype2288,1
p13,clonotype2289,1
p13,clonotype229,3
p13,clonotype2290,1
p13,clonotype2291,1
p13,clonotype2292,1
p13,clonotype2293,1
p13,clonotype2295,1
p13,clonotype2296,1
p13,clonotype2297,1
p13,clonotype2298,1
p13,clonotype2299,1
p13,clonotype23,5
p13,clonotype230,3
p13,clonotype2300,1
p13,clonotype2302,1
p13,clonotype2303,1
p13,clonotype2304,2
p13,clonotype2306,1
p13,clonotype2308,1
p13,clonotype231,3
p13,clonotype2310,2
p13,clonotype2311,1
p13,clonotype2312,2
p13,clonotype2313,2
p13,clonotype2314,2
p13,clonotype2315,1
p13,clonotype2316,1
p13,clonotype2317,1
p13,clonotype2318,2
p13,clonotype232,2
p13,clonotype2320,1
p13,clonotype2321,1
p13,clonotype2322,2
p13,clonotype2323,1
p13,clonotype2324,1
p13,clonotype2325,1
p13,clonotype2326,1
p13,clonotype2327,2
p13,clonotype2328,1
p13,clonotype233,3
p13,clonotype2330,1
p13,clonotype2331,2
p13,clonotype2332,1
p13,clonotype2333,1
p13,clonotype2336,1
p13,clonotype2337,1
p13,clonotype2338,1
p13,clonotype2339,1
p13,clonotype234,3
p13,clonotype2340,1
p13,clonotype2342,2
p13,clonotype2343,1
p13,clonotype2344,1
p13,clonotype2345,2
p13,clonotype2346,1
p13,clonotype2347,1
p13,clonotype2348,1
p13,clonotype2349,1
p13,clonotype235,3
p13,clonotype2350,2
p13,clonotype2351,1
p13,clonotype2352,1
p13,clonotype2353,1
p13,clonotype2354,1
p13,clonotype2355,1
p13,clonotype2356,1
p13,clonotype2357,1
p13,clonotype2359,1
p13,clonotype236,3
p13,clonotype2360,1
p13,clonotype2361,1
p13,clonotype2362,2
p13,clonotype2363,1
p13,clonotype2364,1
p13,clonotype2365,1
p13,clonotype2366,1
p13,clonotype2367,2
p13,clonotype2368,1
p13,clonotype2369,1
p13,clonotype237,3
p13,clonotype2370,1
p13,clonotype2371,1
p13,clonotype2372,1
p13,clonotype2373,1
p13,clonotype2374,1
p13,clonotype2375,1
p13,clonotype2376,2
p13,clonotype2378,3
p13,clonotype2379,1
p13,clonotype238,3
p13,clonotype2380,2
p13,clonotype2381,1
p13,clonotype2382,1
p13,clonotype2383,1
p13,clonotype2384,2
p13,clonotype2385,2
p13,clonotype2386,1
p13,clonotype2387,1
p13,clonotype2388,1
p13,clonotype2389,1
p13,clonotype239,3
p13,clonotype2390,1
p13,clonotype2391,2
p13,clonotype2392,2
p13,clonotype2393,1
p13,clonotype2394,1
p13,clonotype2395,1
p13,clonotype2396,2
p13,clonotype2397,1
p13,clonotype2398,1
p13,clonotype2399,1
p13,clonotype24,3
p13,clonotype240,3
p13,clonotype2400,1
p13,clonotype2401,2
p13,clonotype2402,2
p13,clonotype2403,1
p13,clonotype2404,1
p13,clonotype2405,1
p13,clonotype2406,1
p13,clonotype2407,1
p13,clonotype2408,1
p13,clonotype2409,1
p13,clonotype241,1
p13,clonotype2410,2
p13,clonotype2411,1
p13,clonotype2412,1
p13,clonotype2413,1
p13,clonotype2414,2
p13,clonotype2415,1
p13,clonotype2416,2
p13,clonotype2417,1
p13,clonotype2418,1
p13,clonotype2419,1
p13,clonotype242,4
p13,clonotype2420,2
p13,clonotype2421,1
p13,clonotype2422,1
p13,clonotype2423,1
p13,clonotype2424,1
p13,clonotype2425,1
p13,clonotype2426,1
p13,clonotype2427,1
p13,clonotype2428,1
p13,clonotype2429,3
p13,clonotype243,2
p13,clonotype2430,1
p13,clonotype2431,1
p13,clonotype2432,1
p13,clonotype2433,1
p13,clonotype2434,3
p13,clonotype2435,1
p13,clonotype2436,1
p13,clonotype2437,1
p13,clonotype2438,1
p13,clonotype2439,1
p13,clonotype244,2
p13,clonotype2440,1
p13,clonotype2441,1
p13,clonotype2442,1
p13,clonotype2443,1
p13,clonotype2444,1
p13,clonotype2447,1
p13,clonotype2448,1
p13,clonotype2449,1
p13,clonotype245,3
p13,clonotype2450,1
p13,clonotype2451,1
p13,clonotype2452,1
p13,clonotype2453,1
p13,clonotype2454,1
p13,clonotype2455,1
p13,clonotype2456,1
p13,clonotype2457,1
p13,clonotype2458,1
p13,clonotype2459,2
p13,clonotype246,2
p13,clonotype2461,1
p13,clonotype2463,1
p13,clonotype2464,1
p13,clonotype2465,1
p13,clonotype2467,1
p13,clonotype2468,1
p13,clonotype2469,2
p13,clonotype247,2
p13,clonotype2470,1
p13,clonotype2471,1
p13,clonotype2472,1
p13,clonotype2473,1
p13,clonotype2474,1
p13,clonotype2475,2
p13,clonotype2476,1
p13,clonotype2477,1
p13,clonotype2478,2
p13,clonotype2479,1
p13,clonotype248,2
p13,clonotype2480,1
p13,clonotype2481,1
p13,clonotype2482,1
p13,clonotype2483,1
p13,clonotype2484,1
p13,clonotype2486,1
p13,clonotype2487,1
p13,clonotype2488,1
p13,clonotype2489,1
p13,clonotype249,3
p13,clonotype2490,1
p13,clonotype2491,1
p13,clonotype2492,1
p13,clonotype2493,1
p13,clonotype2494,1
p13,clonotype2495,1
p13,clonotype2496,1
p13,clonotype2497,1
p13,clonotype2498,2
p13,clonotype2499,2
p13,clonotype25,5
p13,clonotype2500,2
p13,clonotype2501,1
p13,clonotype2502,1
p13,clonotype2503,1
p13,clonotype2504,2
p13,clonotype2505,2
p13,clonotype2506,1
p13,clonotype2507,1
p13,clonotype2508,1
p13,clonotype2509,1
p13,clonotype251,3
p13,clonotype2510,1
p13,clonotype2511,1
p13,clonotype2512,1
p13,clonotype2513,2
p13,clonotype2514,1
p13,clonotype2515,1
p13,clonotype2516,1
p13,clonotype2517,1
p13,clonotype2518,1
p13,clonotype2519,1
p13,clonotype252,2
p13,clonotype2520,1
p13,clonotype2521,1
p13,clonotype2522,1
p13,clonotype2523,2
p13,clonotype2524,1
p13,clonotype2525,1
p13,clonotype2526,2
p13,clonotype2527,2
p13,clonotype2529,1
p13,clonotype253,3
p13,clonotype2530,1
p13,clonotype2531,1
p13,clonotype2532,1
p13,clonotype2533,2
p13,clonotype2534,1
p13,clonotype2539,1
p13,clonotype254,3
p13,clonotype2541,1
p13,clonotype2544,1
p13,clonotype2545,1
p13,clonotype2546,1
p13,clonotype2547,1
p13,clonotype2548,1
p13,clonotype2549,1
p13,clonotype255,3
p13,clonotype2552,1
p13,clonotype2553,1
p13,clonotype256,2
p13,clonotype2568,1
p13,clonotype257,3
p13,clonotype258,3
p13,clonotype2584,1
p13,clonotype259,3
p13,clonotype2590,1
p13,clonotype2594,1
p13,clonotype2597,1
p13,clonotype2598,1
p13,clonotype26,4
p13,clonotype260,3
p13,clonotype2600,1
p13,clonotype2601,1
p13,clonotype2602,1
p13,clonotype2603,2
p13,clonotype2604,1
p13,clonotype2605,1
p13,clonotype2606,1
p13,clonotype2607,2
p13,clonotype2608,1
p13,clonotype2609,1
p13,clonotype261,2
p13,clonotype2610,1
p13,clonotype2611,1
p13,clonotype2612,1
p13,clonotype2613,1
p13,clonotype2614,1
p13,clonotype2615,1
p13,clonotype2616,1
p13,clonotype2619,1
p13,clonotype262,2
p13,clonotype2620,1
p13,clonotype2621,1
p13,clonotype2622,1
p13,clonotype2624,1
p13,clonotype2625,1
p13,clonotype2626,2
p13,clonotype2629,1
p13,clonotype263,3
p13,clonotype2630,1
p13,clonotype2631,2
p13,clonotype2632,2
p13,clonotype2633,1
p13,clonotype2634,1
p13,clonotype2635,1
p13,clonotype2636,1
p13,clonotype264,3
p13,clonotype2640,1
p13,clonotype2641,2
p13,clonotype2642,2
p13,clonotype2643,1
p13,clonotype2644,2
p13,clonotype2645,1
p13,clonotype2646,1
p13,clonotype2648,1
p13,clonotype265,2
p13,clonotype2650,2
p13,clonotype2651,1
p13,clonotype2652,1
p13,clonotype2653,1
p13,clonotype2656,2
p13,clonotype2657,1
p13,clonotype2658,1
p13,clonotype2659,1
p13,clonotype266,3
p13,clonotype2660,1
p13,clonotype2661,1
p13,clonotype2663,2
p13,clonotype2664,1
p13,clonotype2665,1
p13,clonotype2666,2
p13,clonotype2667,2
p13,clonotype2668,1
p13,clonotype2669,1
p13,clonotype267,3
p13,clonotype2671,1
p13,clonotype2673,1
p13,clonotype2674,1
p13,clonotype2675,1
p13,clonotype2677,2
p13,clonotype2678,2
p13,clonotype2679,1
p13,clonotype268,3
p13,clonotype2680,2
p13,clonotype2681,1
p13,clonotype2682,1
p13,clonotype2683,1
p13,clonotype2684,1
p13,clonotype2685,2
p13,clonotype2686,1
p13,clonotype2687,1
p13,clonotype2688,1
p13,clonotype2689,2
p13,clonotype269,3
p13,clonotype2690,1
p13,clonotype2691,2
p13,clonotype2692,1
p13,clonotype2693,2
p13,clonotype2695,1
p13,clonotype2696,1
p13,clonotype2697,1
p13,clonotype2698,2
p13,clonotype2699,1
p13,clonotype27,4
p13,clonotype270,2
p13,clonotype2700,2
p13,clonotype2701,1
p13,clonotype2703,1
p13,clonotype2704,1
p13,clonotype2705,1
p13,clonotype2706,1
p13,clonotype2707,1
p13,clonotype2708,1
p13,clonotype2709,1
p13,clonotype271,4
p13,clonotype2710,1
p13,clonotype2711,2
p13,clonotype2712,2
p13,clonotype2713,1
p13,clonotype2714,1
p13,clonotype2715,2
p13,clonotype2716,1
p13,clonotype2717,1
p13,clonotype2719,2
p13,clonotype272,3
p13,clonotype2720,1
p13,clonotype2721,1
p13,clonotype2722,1
p13,clonotype2723,1
p13,clonotype2724,2
p13,clonotype2725,1
p13,clonotype2726,1
p13,clonotype2727,1
p13,clonotype2728,1
p13,clonotype2729,2
p13,clonotype273,3
p13,clonotype2730,2
p13,clonotype2731,1
p13,clonotype2732,1
p13,clonotype2733,1
p13,clonotype2734,1
p13,clonotype2735,1
p13,clonotype2736,1
p13,clonotype2737,2
p13,clonotype2738,2
p13,clonotype274,2
p13,clonotype2740,1
p13,clonotype2741,1
p13,clonotype2742,2
p13,clonotype2743,2
p13,clonotype2744,2
p13,clonotype2745,1
p13,clonotype2746,1
p13,clonotype2747,2
p13,clonotype2748,1
p13,clonotype2749,2
p13,clonotype275,3
p13,clonotype2750,1
p13,clonotype2751,1
p13,clonotype2752,3
p13,clonotype2753,2
p13,clonotype2754,2
p13,clonotype2756,1
p13,clonotype2757,1
p13,clonotype2758,1
p13,clonotype2759,2
p13,clonotype276,3
p13,clonotype2760,1
p13,clonotype2761,1
p13,clonotype2762,1
p13,clonotype2763,1
p13,clonotype2764,1
p13,clonotype2765,1
p13,clonotype2767,1
p13,clonotype2768,2
p13,clonotype2769,1
p13,clonotype277,2
p13,clonotype2770,1
p13,clonotype2771,1
p13,clonotype2772,1
p13,clonotype2773,1
p13,clonotype2774,1
p13,clonotype2776,1
p13,clonotype2777,1
p13,clonotype2778,1
p13,clonotype2779,1
p13,clonotype278,3
p13,clonotype2780,1
p13,clonotype2781,1
p13,clonotype2782,2
p13,clonotype2783,2
p13,clonotype2784,1
p13,clonotype2785,1
p13,clonotype2786,1
p13,clonotype2787,1
p13,clonotype2788,2
p13,clonotype2789,1
p13,clonotype279,3
p13,clonotype2790,1
p13,clonotype2791,1
p13,clonotype2793,1
p13,clonotype2794,1
p13,clonotype2797,1
p13,clonotype2798,1
p13,clonotype2799,1
p13,clonotype28,5
p13,clonotype280,4
p13,clonotype2800,1
p13,clonotype2803,1
p13,clonotype2804,1
p13,clonotype2805,1
p13,clonotype2806,1
p13,clonotype2807,1
p13,clonotype2808,1
p13,clonotype2809,2
p13,clonotype281,2
p13,clonotype2810,1
p13,clonotype2811,1
p13,clonotype2812,1
p13,clonotype2813,1
p13,clonotype2814,1
p13,clonotype2815,1
p13,clonotype2816,1
p13,clonotype2817,1
p13,clonotype282,2
p13,clonotype2820,1
p13,clonotype2821,1
p13,clonotype2822,1
p13,clonotype2823,1
p13,clonotype2824,1
p13,clonotype2825,1
p13,clonotype2826,1
p13,clonotype2827,1
p13,clonotype2828,1
p13,clonotype2829,1
p13,clonotype283,1
p13,clonotype2830,1
p13,clonotype2831,1
p13,clonotype2832,1
p13,clonotype2833,1
p13,clonotype2834,1
p13,clonotype2836,1
p13,clonotype2837,1
p13,clonotype2838,1
p13,clonotype2839,1
p13,clonotype284,2
p13,clonotype2840,1
p13,clonotype2841,1
p13,clonotype2842,1
p13,clonotype2843,1
p13,clonotype2844,1
p13,clonotype2845,1
p13,clonotype2846,1
p13,clonotype2847,1
p13,clonotype2848,1
p13,clonotype285,3
p13,clonotype2850,1
p13,clonotype2852,2
p13,clonotype2853,1
p13,clonotype2854,1
p13,clonotype2855,1
p13,clonotype2856,1
p13,clonotype2857,1
p13,clonotype2858,1
p13,clonotype2859,2
p13,clonotype286,3
p13,clonotype2861,1
p13,clonotype2862,1
p13,clonotype2863,1
p13,clonotype2864,1
p13,clonotype2865,1
p13,clonotype2866,1
p13,clonotype2867,1
p13,clonotype2868,1
p13,clonotype2869,1
p13,clonotype287,1
p13,clonotype2870,1
p13,clonotype2871,1
p13,clonotype2872,1
p13,clonotype2873,1
p13,clonotype2874,1
p13,clonotype2875,1
p13,clonotype2876,1
p13,clonotype2877,1
p13,clonotype2878,1
p13,clonotype2879,1
p13,clonotype288,2
p13,clonotype2880,1
p13,clonotype2881,1
p13,clonotype2883,1
p13,clonotype2884,1
p13,clonotype2885,1
p13,clonotype2886,1
p13,clonotype2887,1
p13,clonotype2888,1
p13,clonotype2889,1
p13,clonotype289,3
p13,clonotype2890,1
p13,clonotype2891,1
p13,clonotype2892,1
p13,clonotype2893,1
p13,clonotype2894,1
p13,clonotype2895,1
p13,clonotype2896,2
p13,clonotype2897,1
p13,clonotype2898,1
p13,clonotype2899,1
p13,clonotype29,3
p13,clonotype290,2
p13,clonotype2900,1
p13,clonotype2901,1
p13,clonotype2902,1
p13,clonotype2903,2
p13,clonotype2904,1
p13,clonotype2905,1
p13,clonotype2906,1
p13,clonotype2907,1
p13,clonotype2908,1
p13,clonotype2909,1
p13,clonotype291,1
p13,clonotype2910,2
p13,clonotype2911,1
p13,clonotype2912,1
p13,clonotype2913,1
p13,clonotype2914,2
p13,clonotype2915,1
p13,clonotype2916,2
p13,clonotype2917,1
p13,clonotype2918,1
p13,clonotype2919,1
p13,clonotype292,2
p13,clonotype2920,1
p13,clonotype2922,1
p13,clonotype2923,1
p13,clonotype2924,1
p13,clonotype2926,1
p13,clonotype2927,2
p13,clonotype2928,1
p13,clonotype2929,1
p13,clonotype293,3
p13,clonotype2930,1
p13,clonotype2931,1
p13,clonotype2932,1
p13,clonotype2933,1
p13,clonotype2934,1
p13,clonotype2935,2
p13,clonotype2936,1
p13,clonotype2937,2
p13,clonotype2938,1
p13,clonotype2939,1
p13,clonotype294,3
p13,clonotype2940,1
p13,clonotype2941,1
p13,clonotype2942,1
p13,clonotype2943,1
p13,clonotype2944,1
p13,clonotype2945,1
p13,clonotype295,2
p13,clonotype2950,1
p13,clonotype2956,1
p13,clonotype2958,1
p13,clonotype296,3
p13,clonotype2963,1
p13,clonotype2964,1
p13,clonotype2966,1
p13,clonotype297,3
p13,clonotype2970,1
p13,clonotype2971,1
p13,clonotype2972,1
p13,clonotype2973,1
p13,clonotype2975,1
p13,clonotype2976,1
p13,clonotype2977,1
p13,clonotype2978,1
p13,clonotype2979,1
p13,clonotype298,3
p13,clonotype2980,2
p13,clonotype2981,2
p13,clonotype2982,2
p13,clonotype2983,2
p13,clonotype2984,1
p13,clonotype2985,1
p13,clonotype2987,1
p13,clonotype2989,2
p13,clonotype299,3
p13,clonotype2990,1
p13,clonotype2991,1
p13,clonotype2992,1
p13,clonotype2997,2
p13,clonotype2998,2
p13,clonotype3,2
p13,clonotype30,5
p13,clonotype300,3
p13,clonotype3000,1
p13,clonotype3001,1
p13,clonotype3003,2
p13,clonotype3006,1
p13,clonotype3008,1
p13,clonotype3009,1
p13,clonotype301,3
p13,clonotype3010,1
p13,clonotype3011,1
p13,clonotype3012,2
p13,clonotype3013,1
p13,clonotype3014,1
p13,clonotype3015,1
p13,clonotype3016,1
p13,clonotype3017,1
p13,clonotype3018,2
p13,clonotype3019,2
p13,clonotype302,2
p13,clonotype3020,1
p13,clonotype3021,1
p13,clonotype3022,2
p13,clonotype3023,1
p13,clonotype3024,1
p13,clonotype3027,2
p13,clonotype3028,1
p13,clonotype3029,3
p13,clonotype303,2
p13,clonotype3030,1
p13,clonotype3031,2
p13,clonotype3033,2
p13,clonotype3034,1
p13,clonotype3035,1
p13,clonotype3036,1
p13,clonotype3037,1
p13,clonotype3038,1
p13,clonotype3039,2
p13,clonotype304,2
p13,clonotype3040,1
p13,clonotype3041,1
p13,clonotype3043,2
p13,clonotype3045,1
p13,clonotype3046,2
p13,clonotype3047,1
p13,clonotype3048,2
p13,clonotype3049,2
p13,clonotype305,3
p13,clonotype3050,2
p13,clonotype3051,1
p13,clonotype3052,1
p13,clonotype3053,1
p13,clonotype3054,2
p13,clonotype3055,1
p13,clonotype3056,1
p13,clonotype3057,1
p13,clonotype3058,1
p13,clonotype3059,1
p13,clonotype306,2
p13,clonotype3060,1
p13,clonotype3061,1
p13,clonotype3062,1
p13,clonotype3063,2
p13,clonotype3064,1
p13,clonotype3065,1
p13,clonotype3066,2
p13,clonotype3067,1
p13,clonotype3068,1
p13,clonotype3069,1
p13,clonotype307,3
p13,clonotype3071,2
p13,clonotype3072,1
p13,clonotype3073,1
p13,clonotype3075,2
p13,clonotype3076,1
p13,clonotype3077,1
p13,clonotype3078,1
p13,clonotype3079,1
p13,clonotype308,3
p13,clonotype3080,1
p13,clonotype3081,1
p13,clonotype3082,1
p13,clonotype3083,1
p13,clonotype3085,1
p13,clonotype3086,1
p13,clonotype3087,1
p13,clonotype3088,1
p13,clonotype3089,1
p13,clonotype309,3
p13,clonotype3090,1
p13,clonotype3091,2
p13,clonotype3092,1
p13,clonotype3093,1
p13,clonotype3094,1
p13,clonotype3095,1
p13,clonotype3096,1
p13,clonotype3097,2
p13,clonotype3098,1
p13,clonotype3099,1
p13,clonotype31,5
p13,clonotype310,2
p13,clonotype3100,1
p13,clonotype3101,1
p13,clonotype3102,1
p13,clonotype3103,1
p13,clonotype3104,3
p13,clonotype3106,2
p13,clonotype3107,1
p13,clonotype3108,1
p13,clonotype3109,2
p13,clonotype311,1
p13,clonotype3110,2
p13,clonotype3111,2
p13,clonotype3112,1
p13,clonotype3113,1
p13,clonotype3114,1
p13,clonotype3115,1
p13,clonotype3116,1
p13,clonotype3117,1
p13,clonotype3118,1
p13,clonotype3119,2
p13,clonotype312,3
p13,clonotype3120,1
p13,clonotype3121,1
p13,clonotype3122,1
p13,clonotype3123,2
p13,clonotype3124,1
p13,clonotype3125,2
p13,clonotype3126,1
p13,clonotype3127,1
p13,clonotype3128,1
p13,clonotype3129,1
p13,clonotype313,2
p13,clonotype3130,1
p13,clonotype3131,2
p13,clonotype3132,1
p13,clonotype3133,1
p13,clonotype3134,2
p13,clonotype3135,1
p13,clonotype3136,1
p13,clonotype3137,1
p13,clonotype3138,1
p13,clonotype3139,1
p13,clonotype314,2
p13,clonotype3140,1
p13,clonotype3141,1
p13,clonotype3142,1
p13,clonotype3143,2
p13,clonotype3145,1
p13,clonotype3146,1
p13,clonotype3147,1
p13,clonotype3148,1
p13,clonotype3149,1
p13,clonotype315,3
p13,clonotype3150,1
p13,clonotype3152,1
p13,clonotype3153,1
p13,clonotype3154,2
p13,clonotype3155,1
p13,clonotype3156,1
p13,clonotype3159,1
p13,clonotype316,1
p13,clonotype3160,2
p13,clonotype3161,1
p13,clonotype3167,1
p13,clonotype3169,1
p13,clonotype317,3
p13,clonotype3170,1
p13,clonotype3171,1
p13,clonotype3172,1
p13,clonotype3173,1
p13,clonotype3174,1
p13,clonotype3175,2
p13,clonotype3176,1
p13,clonotype3178,1
p13,clonotype3179,1
p13,clonotype318,3
p13,clonotype3181,1
p13,clonotype3182,1
p13,clonotype3183,1
p13,clonotype3184,1
p13,clonotype3185,1
p13,clonotype3186,1
p13,clonotype3187,1
p13,clonotype3188,1
p13,clonotype319,3
p13,clonotype3191,1
p13,clonotype3192,1
p13,clonotype3193,1
p13,clonotype3194,1
p13,clonotype3195,1
p13,clonotype3196,1
p13,clonotype3197,1
p13,clonotype3198,1
p13,clonotype3199,1
p13,clonotype32,3
p13,clonotype320,3
p13,clonotype3201,1
p13,clonotype3202,1
p13,clonotype3203,1
p13,clonotype3204,1
p13,clonotype3205,1
p13,clonotype3206,1
p13,clonotype3207,2
p13,clonotype3209,1
p13,clonotype321,2
p13,clonotype3211,1
p13,clonotype3212,1
p13,clonotype3213,1
p13,clonotype3214,1
p13,clonotype3215,1
p13,clonotype3216,2
p13,clonotype3217,1
p13,clonotype3218,2
p13,clonotype3219,1
p13,clonotype322,3
p13,clonotype3221,1
p13,clonotype3222,2
p13,clonotype3223,1
p13,clonotype3224,1
p13,clonotype3225,1
p13,clonotype3226,1
p13,clonotype3227,1
p13,clonotype3228,3
p13,clonotype3229,2
p13,clonotype323,3
p13,clonotype3230,1
p13,clonotype3231,1
p13,clonotype3232,1
p13,clonotype3233,1
p13,clonotype3234,1
p13,clonotype3235,1
p13,clonotype3236,1
p13,clonotype3237,2
p13,clonotype3238,2
p13,clonotype3239,1
p13,clonotype324,2
p13,clonotype3240,1
p13,clonotype3241,1
p13,clonotype3242,1
p13,clonotype3243,1
p13,clonotype3244,2
p13,clonotype3245,1
p13,clonotype3246,1
p13,clonotype3247,1
p13,clonotype3248,1
p13,clonotype3249,1
p13,clonotype325,2
p13,clonotype3250,2
p13,clonotype3253,1
p13,clonotype3257,1
p13,clonotype3258,1
p13,clonotype3259,2
p13,clonotype326,3
p13,clonotype3260,1
p13,clonotype3261,1
p13,clonotype3262,1
p13,clonotype3263,1
p13,clonotype3264,1
p13,clonotype3266,1
p13,clonotype3267,1
p13,clonotype3268,1
p13,clonotype3269,2
p13,clonotype327,3
p13,clonotype3270,1
p13,clonotype3271,1
p13,clonotype3272,1
p13,clonotype3273,2
p13,clonotype3276,1
p13,clonotype3277,1
p13,clonotype3278,1
p13,clonotype3279,2
p13,clonotype328,2
p13,clonotype3281,1
p13,clonotype3282,1
p13,clonotype3283,1
p13,clonotype3284,1
p13,clonotype3285,2
p13,clonotype3286,1
p13,clonotype3287,2
p13,clonotype3288,1
p13,clonotype3289,1
p13,clonotype329,3
p13,clonotype3290,1
p13,clonotype3296,1
p13,clonotype3297,2
p13,clonotype3298,1
p13,clonotype3299,1
p13,clonotype33,5
p13,clonotype330,3
p13,clonotype3300,1
p13,clonotype3301,1
p13,clonotype3302,1
p13,clonotype3303,1
p13,clonotype3305,1
p13,clonotype3306,2
p13,clonotype3307,1
p13,clonotype3308,1
p13,clonotype331,3
p13,clonotype3310,1
p13,clonotype3311,1
p13,clonotype3312,1
p13,clonotype3313,1
p13,clonotype3314,1
p13,clonotype3316,1
p13,clonotype3317,1
p13,clonotype3318,2
p13,clonotype3319,1
p13,clonotype332,4
p13,clonotype3320,1
p13,clonotype3322,2
p13,clonotype3323,1
p13,clonotype3324,1
p13,clonotype3325,2
p13,clonotype3326,1
p13,clonotype3327,2
p13,clonotype3328,1
p13,clonotype3329,1
p13,clonotype333,3
p13,clonotype3330,1
p13,clonotype3331,2
p13,clonotype3332,1
p13,clonotype3334,1
p13,clonotype3336,1
p13,clonotype3337,1
p13,clonotype3338,1
p13,clonotype3339,1
p13,clonotype334,1
p13,clonotype3341,1
p13,clonotype3342,1
p13,clonotype3344,1
p13,clonotype3345,1
p13,clonotype3346,1
p13,clonotype3347,1
p13,clonotype3348,1
p13,clonotype335,2
p13,clonotype3351,1
p13,clonotype3352,1
p13,clonotype3353,1
p13,clonotype3354,2
p13,clonotype3355,2
p13,clonotype3356,2
p13,clonotype3357,1
p13,clonotype3359,1
p13,clonotype336,3
p13,clonotype3362,1
p13,clonotype3363,2
p13,clonotype3364,1
p13,clonotype3365,1
p13,clonotype3366,1
p13,clonotype3367,2
p13,clonotype3368,1
p13,clonotype3369,2
p13,clonotype337,3
p13,clonotype3370,1
p13,clonotype3371,1
p13,clonotype3372,1
p13,clonotype338,2
p13,clonotype3380,1
p13,clonotype339,3
p13,clonotype3393,1
p13,clonotype34,5
p13,clonotype340,1
p13,clonotype3405,1
p13,clonotype341,3
p13,clonotype3417,1
p13,clonotype342,2
p13,clonotype3420,1
p13,clonotype3424,1
p13,clonotype3425,1
p13,clonotype3429,1
p13,clonotype343,3
p13,clonotype3430,1
p13,clonotype3435,1
p13,clonotype3439,1
p13,clonotype344,3
p13,clonotype345,2
p13,clonotype3456,1
p13,clonotype3458,1
p13,clonotype346,2
p13,clonotype3461,1
p13,clonotype3466,2
p13,clonotype3467,1
p13,clonotype347,3
p13,clonotype3473,1
p13,clonotype3476,1
p13,clonotype348,3
p13,clonotype349,3
p13,clonotype3497,1
p13,clonotype3498,1
p13,clonotype35,5
p13,clonotype350,2
p13,clonotype3500,1
p13,clonotype351,1
p13,clonotype352,4
p13,clonotype3522,1
p13,clonotype3525,1
p13,clonotype353,1
p13,clonotype3538,1
p13,clonotype354,1
p13,clonotype3543,1
p13,clonotype3548,2
p13,clonotype355,1
p13,clonotype3551,1
p13,clonotype3553,1
p13,clonotype356,3
p13,clonotype3561,1
p13,clonotype3563,1
p13,clonotype357,1
p13,clonotype3570,1
p13,clonotype3574,1
p13,clonotype3576,1
p13,clonotype3577,1
p13,clonotype358,2
p13,clonotype3583,1
p13,clonotype3584,1
p13,clonotype3589,1
p13,clonotype359,1
p13,clonotype3591,1
p13,clonotype3592,1
p13,clonotype3593,1
p13,clonotype36,4
p13,clonotype3600,1
p13,clonotype361,1
p13,clonotype3612,1
p13,clonotype3619,1
p13,clonotype362,2
p13,clonotype363,3
p13,clonotype3636,1
p13,clonotype364,2
p13,clonotype3646,1
p13,clonotype3648,1
p13,clonotype3649,1
p13,clonotype365,1
p13,clonotype366,1
p13,clonotype3660,1
p13,clonotype367,3
p13,clonotype3673,1
p13,clonotype368,1
p13,clonotype369,3
p13,clonotype37,3
p13,clonotype370,4
p13,clonotype3709,1
p13,clonotype371,3
p13,clonotype3714,1
p13,clonotype372,2
p13,clonotype3720,1
p13,clonotype3722,1
p13,clonotype3726,1
p13,clonotype373,1
p13,clonotype374,1
p13,clonotype3746,1
p13,clonotype3754,1
p13,clonotype376,2
p13,clonotype377,1
p13,clonotype3772,1
p13,clonotype3773,1
p13,clonotype3777,1
p13,clonotype378,1
p13,clonotype379,2
p13,clonotype3791,1
p13,clonotype3794,1
p13,clonotype3797,1
p13,clonotype38,3
p13,clonotype380,2
p13,clonotype381,1
p13,clonotype382,2
p13,clonotype3821,2
p13,clonotype3822,2
p13,clonotype3825,1
p13,clonotype3826,2
p13,clonotype383,2
p13,clonotype3830,1
p13,clonotype3833,1
p13,clonotype384,2
p13,clonotype3841,1
p13,clonotype3842,1
p13,clonotype385,2
p13,clonotype386,1
p13,clonotype3862,1
p13,clonotype3863,1
p13,clonotype387,2
p13,clonotype3875,1
p13,clonotype3876,1
p13,clonotype388,2
p13,clonotype389,2
p13,clonotype39,5
p13,clonotype390,3
p13,clonotype391,3
p13,clonotype392,3
p13,clonotype393,2
p13,clonotype3930,1
p13,clonotype3934,1
p13,clonotype394,2
p13,clonotype3941,1
p13,clonotype395,3
p13,clonotype3958,1
p13,clonotype396,2
p13,clonotype3969,1
p13,clonotype397,2
p13,clonotype3974,1
p13,clonotype3975,1
p13,clonotype398,3
p13,clonotype3980,1
p13,clonotype399,1
p13,clonotype3997,1
p13,clonotype4,2
p13,clonotype40,7
p13,clonotype400,1
p13,clonotype4000,1
p13,clonotype401,1
p13,clonotype402,1
p13,clonotype403,1
p13,clonotype4033,1
p13,clonotype4038,1
p13,clonotype404,1
p13,clonotype405,1
p13,clonotype4057,1
p13,clonotype406,2
p13,clonotype4068,1
p13,clonotype407,2
p13,clonotype4070,1
p13,clonotype408,1
p13,clonotype409,1
p13,clonotype4091,1
p13,clonotype41,5
p13,clonotype410,1
p13,clonotype4103,1
p13,clonotype4107,1
p13,clonotype411,1
p13,clonotype412,1
p13,clonotype4121,1
p13,clonotype4124,1
p13,clonotype413,1
p13,clonotype4135,1
p13,clonotype4136,1
p13,clonotype414,1
p13,clonotype415,1
p13,clonotype4153,1
p13,clonotype416,1
p13,clonotype417,2
p13,clonotype418,2
p13,clonotype4181,1
p13,clonotype4184,1
p13,clonotype419,1
p13,clonotype4192,1
p13,clonotype4199,1
p13,clonotype42,2
p13,clonotype420,2
p13,clonotype4203,1
p13,clonotype421,2
p13,clonotype422,2
p13,clonotype4227,1
p13,clonotype423,2
p13,clonotype4235,1
p13,clonotype4237,1
p13,clonotype424,2
p13,clonotype425,3
p13,clonotype4257,1
p13,clonotype426,2
p13,clonotype427,2
p13,clonotype428,2
p13,clonotype4283,1
p13,clonotype429,1
p13,clonotype43,4
p13,clonotype430,1
p13,clonotype431,2
p13,clonotype432,2
p13,clonotype4323,1
p13,clonotype433,2
p13,clonotype4336,1
p13,clonotype434,1
p13,clonotype435,2
p13,clonotype436,2
p13,clonotype4360,1
p13,clonotype4364,1
p13,clonotype437,1
p13,clonotype438,1
p13,clonotype4380,1
p13,clonotype4384,1
p13,clonotype4385,1
p13,clonotype439,1
p13,clonotype4395,1
p13,clonotype44,5
p13,clonotype440,2
p13,clonotype441,2
p13,clonotype442,2
p13,clonotype4421,1
p13,clonotype4422,1
p13,clonotype443,3
p13,clonotype4437,1
p13,clonotype444,2
p13,clonotype4443,1
p13,clonotype445,2
p13,clonotype4451,1
p13,clonotype446,2
p13,clonotype447,1
p13,clonotype448,1
p13,clonotype449,1
p13,clonotype45,5
p13,clonotype450,3
p13,clonotype451,2
p13,clonotype4513,1
p13,clonotype452,3
p13,clonotype4525,1
p13,clonotype4528,1
p13,clonotype453,3
p13,clonotype4539,1
p13,clonotype454,3
p13,clonotype455,4
p13,clonotype4558,1
p13,clonotype456,2
p13,clonotype457,2
p13,clonotype4576,1
p13,clonotype458,2
p13,clonotype4580,1
p13,clonotype4588,1
p13,clonotype46,3
p13,clonotype460,1
p13,clonotype4602,1
p13,clonotype4603,1
p13,clonotype4604,1
p13,clonotype461,1
p13,clonotype462,1
p13,clonotype4623,1
p13,clonotype463,2
p13,clonotype464,2
p13,clonotype4646,1
p13,clonotype465,2
p13,clonotype4650,1
p13,clonotype466,2
p13,clonotype467,1
p13,clonotype4672,1
p13,clonotype468,3
p13,clonotype4685,1
p13,clonotype469,1
p13,clonotype47,2
p13,clonotype470,2
p13,clonotype4704,1
p13,clonotype4706,1
p13,clonotype471,2
p13,clonotype4718,1
p13,clonotype472,2
p13,clonotype473,1
p13,clonotype4732,1
p13,clonotype474,1
p13,clonotype4747,1
p13,clonotype4748,1
p13,clonotype475,2
p13,clonotype4751,1
p13,clonotype4753,1
p13,clonotype476,2
p13,clonotype4760,1
p13,clonotype4768,1
p13,clonotype477,3
p13,clonotype4771,1
p13,clonotype4774,1
p13,clonotype4776,1
p13,clonotype478,2
p13,clonotype479,2
p13,clonotype48,4
p13,clonotype481,1
p13,clonotype482,1
p13,clonotype483,1
p13,clonotype484,1
p13,clonotype4843,1
p13,clonotype485,1
p13,clonotype486,1
p13,clonotype4862,1
p13,clonotype4867,1
p13,clonotype487,1
p13,clonotype488,2
p13,clonotype4883,1
p13,clonotype489,1
p13,clonotype4893,1
p13,clonotype49,5
p13,clonotype490,1
p13,clonotype4906,1
p13,clonotype491,1
p13,clonotype4910,1
p13,clonotype4913,1
p13,clonotype4915,1
p13,clonotype492,1
p13,clonotype4926,1
p13,clonotype4927,1
p13,clonotype493,1
p13,clonotype4930,1
p13,clonotype4933,1
p13,clonotype494,1
p13,clonotype495,1
p13,clonotype496,1
p13,clonotype4960,1
p13,clonotype4964,1
p13,clonotype497,1
p13,clonotype4975,1
p13,clonotype4979,1
p13,clonotype498,1
p13,clonotype499,1
p13,clonotype5,3
p13,clonotype50,4
p13,clonotype500,1
p13,clonotype5001,1
p13,clonotype5007,1
p13,clonotype501,2
p13,clonotype5016,1
p13,clonotype502,2
p13,clonotype503,1
p13,clonotype5032,1
p13,clonotype504,1
p13,clonotype5048,1
p13,clonotype505,1
p13,clonotype5050,1
p13,clonotype506,2
p13,clonotype507,1
p13,clonotype5071,1
p13,clonotype5077,1
p13,clonotype5079,1
p13,clonotype508,1
p13,clonotype5080,1
p13,clonotype509,2
p13,clonotype51,5
p13,clonotype510,2
p13,clonotype511,1
p13,clonotype512,1
p13,clonotype513,2
p13,clonotype514,3
p13,clonotype515,2
p13,clonotype516,2
p13,clonotype517,2
p13,clonotype518,2
p13,clonotype519,2
p13,clonotype52,6
p13,clonotype520,1
p13,clonotype521,2
p13,clonotype522,2
p13,clonotype523,2
p13,clonotype524,2
p13,clonotype525,2
p13,clonotype526,1
p13,clonotype527,2
p13,clonotype528,2
p13,clonotype529,2
p13,clonotype53,3
p13,clonotype530,2
p13,clonotype531,2
p13,clonotype532,2
p13,clonotype533,2
p13,clonotype534,2
p13,clonotype535,1
p13,clonotype536,2
p13,clonotype537,3
p13,clonotype538,2
p13,clonotype539,3
p13,clonotype54,4
p13,clonotype540,1
p13,clonotype541,3
p13,clonotype542,2
p13,clonotype543,2
p13,clonotype544,2
p13,clonotype545,2
p13,clonotype546,1
p13,clonotype547,1
p13,clonotype548,2
p13,clonotype549,2
p13,clonotype55,7
p13,clonotype550,2
p13,clonotype551,1
p13,clonotype552,2
p13,clonotype553,2
p13,clonotype554,1
p13,clonotype555,1
p13,clonotype556,2
p13,clonotype557,2
p13,clonotype558,2
p13,clonotype559,3
p13,clonotype56,4
p13,clonotype560,2
p13,clonotype561,1
p13,clonotype562,2
p13,clonotype563,1
p13,clonotype564,1
p13,clonotype565,3
p13,clonotype566,3
p13,clonotype567,3
p13,clonotype568,2
p13,clonotype569,3
p13,clonotype57,4
p13,clonotype570,1
p13,clonotype571,3
p13,clonotype572,3
p13,clonotype573,2
p13,clonotype574,2
p13,clonotype575,3
p13,clonotype576,3
p13,clonotype577,3
p13,clonotype578,2
p13,clonotype579,2
p13,clonotype58,4
p13,clonotype580,3
p13,clonotype581,2
p13,clonotype582,4
p13,clonotype583,3
p13,clonotype584,3
p13,clonotype585,2
p13,clonotype586,3
p13,clonotype587,2
p13,clonotype588,3
p13,clonotype589,2
p13,clonotype59,3
p13,clonotype590,3
p13,clonotype591,3
p13,clonotype592,3
p13,clonotype593,3
p13,clonotype594,3
p13,clonotype595,2
p13,clonotype596,3
p13,clonotype597,1
p13,clonotype598,2
p13,clonotype599,3
p13,clonotype6,3
p13,clonotype60,4
p13,clonotype600,1
p13,clonotype601,2
p13,clonotype602,1
p13,clonotype603,2
p13,clonotype604,1
p13,clonotype605,1
p13,clonotype606,1
p13,clonotype607,1
p13,clonotype608,1
p13,clonotype609,2
p13,clonotype61,3
p13,clonotype610,2
p13,clonotype611,3
p13,clonotype612,2
p13,clonotype613,1
p13,clonotype614,1
p13,clonotype615,1
p13,clonotype616,1
p13,clonotype617,1
p13,clonotype618,2
p13,clonotype619,2
p13,clonotype62,5
p13,clonotype620,1
p13,clonotype621,2
p13,clonotype622,2
p13,clonotype623,4
p13,clonotype624,1
p13,clonotype625,1
p13,clonotype626,2
p13,clonotype627,2
p13,clonotype628,2
p13,clonotype629,2
p13,clonotype63,3
p13,clonotype630,1
p13,clonotype631,1
p13,clonotype632,3
p13,clonotype633,2
p13,clonotype634,2
p13,clonotype635,2
p13,clonotype636,1
p13,clonotype637,1
p13,clonotype638,2
p13,clonotype639,2
p13,clonotype64,4
p13,clonotype644,1
p13,clonotype645,1
p13,clonotype646,2
p13,clonotype648,1
p13,clonotype649,1
p13,clonotype65,4
p13,clonotype650,1
p13,clonotype651,1
p13,clonotype653,1
p13,clonotype654,2
p13,clonotype656,1
p13,clonotype66,4
p13,clonotype660,1
p13,clonotype661,1
p13,clonotype662,1
p13,clonotype663,2
p13,clonotype664,2
p13,clonotype668,1
p13,clonotype67,5
p13,clonotype671,1
p13,clonotype673,1
p13,clonotype674,1
p13,clonotype675,1
p13,clonotype677,2
p13,clonotype678,1
p13,clonotype679,1
p13,clonotype68,4
p13,clonotype680,1
p13,clonotype681,1
p13,clonotype686,1
p13,clonotype687,1
p13,clonotype689,1
p13,clonotype69,2
p13,clonotype690,1
p13,clonotype691,2
p13,clonotype692,2
p13,clonotype693,2
p13,clonotype695,1
p13,clonotype696,1
p13,clonotype698,1
p13,clonotype699,2
p13,clonotype7,4
p13,clonotype70,4
p13,clonotype700,2
p13,clonotype701,2
p13,clonotype702,2
p13,clonotype703,1
p13,clonotype704,3
p13,clonotype705,2
p13,clonotype706,2
p13,clonotype707,1
p13,clonotype708,3
p13,clonotype709,3
p13,clonotype71,4
p13,clonotype710,2
p13,clonotype711,2
p13,clonotype712,1
p13,clonotype713,2
p13,clonotype714,2
p13,clonotype715,2
p13,clonotype716,2
p13,clonotype717,1
p13,clonotype718,2
p13,clonotype719,2
p13,clonotype72,3
p13,clonotype720,1
p13,clonotype721,2
p13,clonotype722,3
p13,clonotype723,2
p13,clonotype724,1
p13,clonotype725,2
p13,clonotype726,2
p13,clonotype727,1
p13,clonotype728,2
p13,clonotype729,1
p13,clonotype73,4
p13,clonotype730,2
p13,clonotype731,1
p13,clonotype732,3
p13,clonotype733,3
p13,clonotype734,3
p13,clonotype735,2
p13,clonotype737,1
p13,clonotype738,2
p13,clonotype739,1
p13,clonotype74,4
p13,clonotype740,2
p13,clonotype741,2
p13,clonotype742,2
p13,clonotype743,3
p13,clonotype744,1
p13,clonotype745,2
p13,clonotype746,2
p13,clonotype747,3
p13,clonotype748,1
p13,clonotype749,2
p13,clonotype75,2
p13,clonotype750,2
p13,clonotype751,2
p13,clonotype752,1
p13,clonotype753,2
p13,clonotype754,1
p13,clonotype755,1
p13,clonotype756,1
p13,clonotype757,2
p13,clonotype758,2
p13,clonotype759,2
p13,clonotype76,4
p13,clonotype760,2
p13,clonotype761,1
p13,clonotype762,1
p13,clonotype763,2
p13,clonotype764,2
p13,clonotype765,2
p13,clonotype766,2
p13,clonotype767,1
p13,clonotype768,2
p13,clonotype769,2
p13,clonotype77,2
p13,clonotype770,1
p13,clonotype771,1
p13,clonotype772,2
p13,clonotype773,2
p13,clonotype774,1
p13,clonotype775,2
p13,clonotype776,1
p13,clonotype777,2
p13,clonotype778,2
p13,clonotype779,2
p13,clonotype78,4
p13,clonotype780,3
p13,clonotype781,3
p13,clonotype782,2
p13,clonotype783,2
p13,clonotype784,3
p13,clonotype785,3
p13,clonotype786,3
p13,clonotype787,2
p13,clonotype788,3
p13,clonotype789,3
p13,clonotype79,2
p13,clonotype790,3
p13,clonotype792,1
p13,clonotype793,2
p13,clonotype794,3
p13,clonotype795,2
p13,clonotype796,3
p13,clonotype797,1
p13,clonotype798,3
p13,clonotype799,3
p13,clonotype8,4
p13,clonotype80,4
p13,clonotype800,3
p13,clonotype801,3
p13,clonotype802,3
p13,clonotype803,3
p13,clonotype804,1
p13,clonotype805,2
p13,clonotype806,2
p13,clonotype807,2
p13,clonotype808,1
p13,clonotype809,2
p13,clonotype81,3
p13,clonotype810,1
p13,clonotype811,2
p13,clonotype812,2
p13,clonotype813,2
p13,clonotype814,2
p13,clonotype815,2
p13,clonotype816,2
p13,clonotype817,2
p13,clonotype818,2
p13,clonotype819,2
p13,clonotype82,5
p13,clonotype820,2
p13,clonotype821,2
p13,clonotype822,2
p13,clonotype823,2
p13,clonotype824,2
p13,clonotype825,1
p13,clonotype826,2
p13,clonotype827,2
p13,clonotype828,2
p13,clonotype829,2
p13,clonotype83,7
p13,clonotype830,3
p13,clonotype831,2
p13,clonotype832,3
p13,clonotype833,3
p13,clonotype834,3
p13,clonotype835,3
p13,clonotype836,2
p13,clonotype837,2
p13,clonotype838,2
p13,clonotype839,2
p13,clonotype84,4
p13,clonotype840,3
p13,clonotype841,3
p13,clonotype842,2
p13,clonotype843,2
p13,clonotype844,2
p13,clonotype845,1
p13,clonotype846,3
p13,clonotype847,2
p13,clonotype848,3
p13,clonotype849,2
p13,clonotype85,6
p13,clonotype850,2
p13,clonotype851,3
p13,clonotype852,2
p13,clonotype853,1
p13,clonotype854,2
p13,clonotype855,1
p13,clonotype856,1
p13,clonotype857,2
p13,clonotype858,3
p13,clonotype859,2
p13,clonotype86,4
p13,clonotype860,2
p13,clonotype861,2
p13,clonotype862,2
p13,clonotype863,2
p13,clonotype864,1
p13,clonotype865,2
p13,clonotype866,2
p13,clonotype867,2
p13,clonotype868,1
p13,clonotype869,3
p13,clonotype87,3
p13,clonotype870,2
p13,clonotype872,2
p13,clonotype873,2
p13,clonotype874,1
p13,clonotype875,1
p13,clonotype876,1
p13,clonotype877,2
p13,clonotype878,2
p13,clonotype879,3
p13,clonotype88,7
p13,clonotype880,1
p13,clonotype881,2
p13,clonotype882,2
p13,clonotype883,1
p13,clonotype884,2
p13,clonotype885,2
p13,clonotype886,2
p13,clonotype887,1
p13,clonotype888,2
p13,clonotype889,2
p13,clonotype89,5
p13,clonotype890,1
p13,clonotype891,2
p13,clonotype892,2
p13,clonotype893,1
p13,clonotype894,2
p13,clonotype895,3
p13,clonotype896,2
p13,clonotype897,3
p13,clonotype898,2
p13,clonotype899,1
p13,clonotype9,5
p13,clonotype90,3
p13,clonotype900,2
p13,clonotype901,3
p13,clonotype902,2
p13,clonotype903,2
p13,clonotype904,2
p13,clonotype905,2
p13,clonotype906,1
p13,clonotype908,3
p13,clonotype909,2
p13,clonotype91,5
p13,clonotype910,1
p13,clonotype911,2
p13,clonotype912,2
p13,clonotype913,2
p13,clonotype914,2
p13,clonotype915,2
p13,clonotype916,1
p13,clonotype917,2
p13,clonotype918,1
p13,clonotype919,3
p13,clonotype92,3
p13,clonotype920,2
p13,clonotype921,2
p13,clonotype922,1
p13,clonotype923,2
p13,clonotype924,1
p13,clonotype925,1
p13,clonotype926,2
p13,clonotype927,2
p13,clonotype928,2
p13,clonotype929,2
p13,clonotype93,3
p13,clonotype930,3
p13,clonotype931,2
p13,clonotype932,2
p13,clonotype933,1
p13,clonotype934,2
p13,clonotype936,3
p13,clonotype937,1
p13,clonotype938,1
p13,clonotype939,1
p13,clonotype94,4
p13,clonotype940,1
p13,clonotype941,1
p13,clonotype942,1
p13,clonotype943,1
p13,clonotype944,3
p13,clonotype945,2
p13,clonotype946,1
p13,clonotype947,1
p13,clonotype948,1
p13,clonotype949,1
p13,clonotype95,5
p13,clonotype950,1
p13,clonotype951,1
p13,clonotype952,2
p13,clonotype953,1
p13,clonotype955,2
p13,clonotype956,1
p13,clonotype957,2
p13,clonotype958,2
p13,clonotype959,2
p13,clonotype96,2
p13,clonotype960,2
p13,clonotype961,3
p13,clonotype962,2
p13,clonotype963,2
p13,clonotype964,2
p13,clonotype965,2
p13,clonotype966,1
p13,clonotype967,1
p13,clonotype968,2
p13,clonotype969,2
p13,clonotype97,4
p13,clonotype970,2
p13,clonotype971,2
p13,clonotype972,2
p13,clonotype973,2
p13,clonotype974,2
p13,clonotype975,3
p13,clonotype976,2
p13,clonotype977,2
p13,clonotype978,2
p13,clonotype979,2
p13,clonotype98,4
p13,clonotype980,2
p13,clonotype981,2
p13,clonotype982,2
p13,clonotype983,2
p13,clonotype984,2
p13,clonotype985,2
p13,clonotype986,2
p13,clonotype987,3
p13,clonotype988,1
p13,clonotype989,1
p13,clonotype99,2
p13,clonotype990,2
p13,clonotype991,3
p13,clonotype992,2
p13,clonotype993,1
p13,clonotype994,2
p13,clonotype995,2
p13,clonotype996,2
p13,clonotype997,2
p13,clonotype998,2
p13,clonotype999,3
p25,clonotype1,2
p25,clonotype10,3
p25,clonotype100,3
p25,clonotype1000,2
p25,clonotype1001,1
p25,clonotype101,4
p25,clonotype102,4
p25,clonotype1028,1
p25,clonotype1029,1
p25,clonotype103,5
p25,clonotype1032,1
p25,clonotype1033,1
p25,clonotype1034,1
p25,clonotype1036,2
p25,clonotype1037,1
p25,clonotype104,2
p25,clonotype1040,1
p25,clonotype1041,1
p25,clonotype1042,1
p25,clonotype1043,1
p25,clonotype1045,1
p25,clonotype1046,1
p25,clonotype1047,2
p25,clonotype1048,1
p25,clonotype105,3
p25,clonotype1050,1
p25,clonotype1051,1
p25,clonotype1052,1
p25,clonotype1053,2
p25,clonotype1054,2
p25,clonotype1055,2
p25,clonotype1056,1
p25,clonotype1057,2
p25,clonotype1058,1
p25,clonotype1059,2
p25,clonotype106,2
p25,clonotype1060,3
p25,clonotype1061,2
p25,clonotype1062,2
p25,clonotype1063,3
p25,clonotype1064,3
p25,clonotype1065,3
p25,clonotype1066,2
p25,clonotype1067,2
p25,clonotype1068,1
p25,clonotype1069,1
p25,clonotype107,4
p25,clonotype1070,1
p25,clonotype1071,2
p25,clonotype1072,1
p25,clonotype1073,2
p25,clonotype1074,3
p25,clonotype1075,3
p25,clonotype1076,4
p25,clonotype1077,1
p25,clonotype1078,2
p25,clonotype1079,4
p25,clonotype108,3
p25,clonotype1080,1
p25,clonotype1081,3
p25,clonotype1082,2
p25,clonotype1083,2
p25,clonotype1084,3
p25,clonotype1085,2
p25,clonotype1086,2
p25,clonotype1087,3
p25,clonotype1089,1
p25,clonotype109,2
p25,clonotype1090,3
p25,clonotype1091,2
p25,clonotype1092,2
p25,clonotype1093,2
p25,clonotype1094,1
p25,clonotype1095,1
p25,clonotype1096,2
p25,clonotype1097,3
p25,clonotype1098,2
p25,clonotype1099,2
p25,clonotype11,3
p25,clonotype110,3
p25,clonotype1100,2
p25,clonotype1101,1
p25,clonotype1102,3
p25,clonotype1103,1
p25,clonotype1104,3
p25,clonotype1105,2
p25,clonotype1106,3
p25,clonotype1107,3
p25,clonotype1108,3
p25,clonotype1109,1
p25,clonotype111,3
p25,clonotype1110,1
p25,clonotype1111,3
p25,clonotype1112,2
p25,clonotype1113,2
p25,clonotype1114,3
p25,clonotype1115,1
p25,clonotype1116,2
p25,clonotype1117,1
p25,clonotype1118,3
p25,clonotype1119,2
p25,clonotype112,3
p25,clonotype1121,2
p25,clonotype1122,4
p25,clonotype1123,2
p25,clonotype1124,2
p25,clonotype1125,3
p25,clonotype1126,2
p25,clonotype1127,2
p25,clonotype1128,2
p25,clonotype1129,3
p25,clonotype113,4
p25,clonotype1130,3
p25,clonotype1131,2
p25,clonotype1132,3
p25,clonotype1133,2
p25,clonotype1134,3
p25,clonotype1135,3
p25,clonotype1136,2
p25,clonotype1137,2
p25,clonotype1138,3
p25,clonotype1139,3
p25,clonotype114,3
p25,clonotype1140,2
p25,clonotype1141,3
p25,clonotype1142,3
p25,clonotype1143,2
p25,clonotype1144,3
p25,clonotype1145,2
p25,clonotype1146,2
p25,clonotype1147,2
p25,clonotype1148,3
p25,clonotype1149,3
p25,clonotype115,2
p25,clonotype1150,2
p25,clonotype1151,3
p25,clonotype1152,4
p25,clonotype1153,3
p25,clonotype1154,4
p25,clonotype1155,3
p25,clonotype1156,4
p25,clonotype1157,4
p25,clonotype1158,4
p25,clonotype1159,3
p25,clonotype116,3
p25,clonotype1160,4
p25,clonotype1161,4
p25,clonotype1162,4
p25,clonotype1163,4
p25,clonotype1164,3
p25,clonotype1165,3
p25,clonotype1166,2
p25,clonotype1167,4
p25,clonotype1168,2
p25,clonotype1169,4
p25,clonotype117,2
p25,clonotype1170,4
p25,clonotype1171,2
p25,clonotype1172,3
p25,clonotype1173,4
p25,clonotype1174,4
p25,clonotype1175,3
p25,clonotype1176,2
p25,clonotype1177,3
p25,clonotype1178,4
p25,clonotype1179,3
p25,clonotype118,3
p25,clonotype1180,3
p25,clonotype1181,4
p25,clonotype1182,3
p25,clonotype1183,3
p25,clonotype1184,3
p25,clonotype1185,4
p25,clonotype1186,4
p25,clonotype1187,3
p25,clonotype1188,3
p25,clonotype1189,3
p25,clonotype119,2
p25,clonotype1190,4
p25,clonotype1191,2
p25,clonotype1192,3
p25,clonotype1193,4
p25,clonotype1194,3
p25,clonotype1195,3
p25,clonotype1196,4
p25,clonotype1197,3
p25,clonotype1198,3
p25,clonotype1199,3
p25,clonotype12,4
p25,clonotype120,5
p25,clonotype1200,2
p25,clonotype1201,4
p25,clonotype1202,3
p25,clonotype1203,3
p25,clonotype1204,2
p25,clonotype1205,1
p25,clonotype1206,2
p25,clonotype1207,3
p25,clonotype1208,1
p25,clonotype1209,1
p25,clonotype121,3
p25,clonotype1210,1
p25,clonotype1211,2
p25,clonotype1212,1
p25,clonotype1213,2
p25,clonotype1214,1
p25,clonotype1216,2
p25,clonotype1217,3
p25,clonotype1218,2
p25,clonotype1219,2
p25,clonotype122,4
p25,clonotype1220,2
p25,clonotype1221,3
p25,clonotype1222,1
p25,clonotype1223,2
p25,clonotype1224,2
p25,clonotype1225,2
p25,clonotype1226,2
p25,clonotype1228,2
p25,clonotype1229,2
p25,clonotype123,2
p25,clonotype1230,2
p25,clonotype1231,4
p25,clonotype1232,2
p25,clonotype1233,1
p25,clonotype1234,3
p25,clonotype1235,1
p25,clonotype1236,3
p25,clonotype1237,3
p25,clonotype1238,3
p25,clonotype1239,3
p25,clonotype124,1
p25,clonotype1240,4
p25,clonotype1241,2
p25,clonotype1242,3
p25,clonotype1243,1
p25,clonotype1244,1
p25,clonotype1245,2
p25,clonotype1246,3
p25,clonotype1247,3
p25,clonotype1248,3
p25,clonotype1249,3
p25,clonotype125,2
p25,clonotype1250,2
p25,clonotype1251,3
p25,clonotype1252,4
p25,clonotype1253,1
p25,clonotype1254,3
p25,clonotype1255,2
p25,clonotype1256,3
p25,clonotype1257,3
p25,clonotype1258,2
p25,clonotype1259,2
p25,clonotype126,3
p25,clonotype1260,2
p25,clonotype1261,2
p25,clonotype1262,3
p25,clonotype1263,2
p25,clonotype1264,3
p25,clonotype1265,2
p25,clonotype1266,3
p25,clonotype1267,3
p25,clonotype1268,2
p25,clonotype1269,2
p25,clonotype127,4
p25,clonotype1270,3
p25,clonotype1271,2
p25,clonotype1272,3
p25,clonotype1273,1
p25,clonotype1274,3
p25,clonotype1275,3
p25,clonotype1276,2
p25,clonotype1277,1
p25,clonotype1278,2
p25,clonotype1279,3
p25,clonotype128,3
p25,clonotype1280,2
p25,clonotype1281,3
p25,clonotype1282,3
p25,clonotype1283,3
p25,clonotype1284,1
p25,clonotype1285,4
p25,clonotype1286,2
p25,clonotype1287,4
p25,clonotype1288,2
p25,clonotype1289,3
p25,clonotype129,4
p25,clonotype1290,4
p25,clonotype1291,5
p25,clonotype1292,4
p25,clonotype1293,3
p25,clonotype1294,2
p25,clonotype1295,3
p25,clonotype1296,1
p25,clonotype1297,4
p25,clonotype1298,4
p25,clonotype1299,3
p25,clonotype13,2
p25,clonotype130,5
p25,clonotype1300,4
p25,clonotype1301,4
p25,clonotype1302,4
p25,clonotype1303,2
p25,clonotype1304,5
p25,clonotype1305,4
p25,clonotype1306,4
p25,clonotype1307,3
p25,clonotype1308,2
p25,clonotype1309,3
p25,clonotype131,3
p25,clonotype1310,2
p25,clonotype1311,3
p25,clonotype1312,2
p25,clonotype1313,3
p25,clonotype1314,3
p25,clonotype1315,4
p25,clonotype1316,2
p25,clonotype1317,1
p25,clonotype1318,3
p25,clonotype1319,2
p25,clonotype132,2
p25,clonotype1320,1
p25,clonotype1321,3
p25,clonotype1322,2
p25,clonotype1323,1
p25,clonotype1324,2
p25,clonotype1325,1
p25,clonotype1326,1
p25,clonotype1327,1
p25,clonotype1328,1
p25,clonotype1329,2
p25,clonotype133,4
p25,clonotype1330,1
p25,clonotype1331,1
p25,clonotype1332,1
p25,clonotype1333,1
p25,clonotype1334,1
p25,clonotype1335,2
p25,clonotype1336,2
p25,clonotype1337,2
p25,clonotype1338,2
p25,clonotype1339,2
p25,clonotype134,3
p25,clonotype1340,2
p25,clonotype1342,2
p25,clonotype1343,2
p25,clonotype1344,2
p25,clonotype1345,2
p25,clonotype1346,2
p25,clonotype1347,2
p25,clonotype1348,2
p25,clonotype1349,2
p25,clonotype135,4
p25,clonotype1350,1
p25,clonotype1351,1
p25,clonotype1352,3
p25,clonotype1353,2
p25,clonotype1354,2
p25,clonotype1355,3
p25,clonotype1356,4
p25,clonotype1357,3
p25,clonotype1358,3
p25,clonotype1359,2
p25,clonotype136,5
p25,clonotype1360,1
p25,clonotype1361,2
p25,clonotype1362,2
p25,clonotype1363,3
p25,clonotype1364,4
p25,clonotype1365,3
p25,clonotype1366,2
p25,clonotype1367,2
p25,clonotype1368,1
p25,clonotype1369,1
p25,clonotype137,4
p25,clonotype1370,1
p25,clonotype1371,1
p25,clonotype1372,2
p25,clonotype1374,1
p25,clonotype1375,2
p25,clonotype1376,1
p25,clonotype1377,2
p25,clonotype1378,3
p25,clonotype1379,3
p25,clonotype138,5
p25,clonotype1380,4
p25,clonotype1381,4
p25,clonotype1382,3
p25,clonotype1383,2
p25,clonotype1384,1
p25,clonotype1385,2
p25,clonotype1386,2
p25,clonotype1387,2
p25,clonotype1388,3
p25,clonotype1389,4
p25,clonotype139,5
p25,clonotype1390,3
p25,clonotype1391,3
p25,clonotype1392,3
p25,clonotype1393,4
p25,clonotype1394,3
p25,clonotype1395,2
p25,clonotype1396,3
p25,clonotype1397,2
p25,clonotype1398,3
p25,clonotype1399,3
p25,clonotype14,2
p25,clonotype140,4
p25,clonotype1400,4
p25,clonotype1401,4
p25,clonotype1402,2
p25,clonotype1403,2
p25,clonotype1404,3
p25,clonotype1405,4
p25,clonotype1406,4
p25,clonotype1407,1
p25,clonotype1408,2
p25,clonotype1409,2
p25,clonotype141,4
p25,clonotype1410,3
p25,clonotype1411,4
p25,clonotype1412,2
p25,clonotype1413,3
p25,clonotype1414,3
p25,clonotype1415,3
p25,clonotype1416,2
p25,clonotype1417,3
p25,clonotype1418,3
p25,clonotype1419,3
p25,clonotype142,1
p25,clonotype1420,2
p25,clonotype1421,2
p25,clonotype1422,1
p25,clonotype1423,1
p25,clonotype1424,2
p25,clonotype1425,3
p25,clonotype1426,2
p25,clonotype1427,3
p25,clonotype1428,2
p25,clonotype1429,2
p25,clonotype143,4
p25,clonotype1430,1
p25,clonotype1431,2
p25,clonotype1432,2
p25,clonotype1433,2
p25,clonotype1434,1
p25,clonotype1435,1
p25,clonotype1436,2
p25,clonotype1437,3
p25,clonotype1438,2
p25,clonotype1439,2
p25,clonotype144,4
p25,clonotype1440,1
p25,clonotype1441,2
p25,clonotype1443,2
p25,clonotype1444,1
p25,clonotype1446,1
p25,clonotype1447,2
p25,clonotype1448,3
p25,clonotype1449,1
p25,clonotype145,3
p25,clonotype1450,1
p25,clonotype1451,1
p25,clonotype1452,2
p25,clonotype1453,2
p25,clonotype1454,1
p25,clonotype1455,2
p25,clonotype1456,1
p25,clonotype1457,2
p25,clonotype1458,1
p25,clonotype146,3
p25,clonotype1460,1
p25,clonotype1461,1
p25,clonotype1462,1
p25,clonotype1463,1
p25,clonotype1465,1
p25,clonotype1466,1
p25,clonotype1467,1
p25,clonotype1468,1
p25,clonotype1469,1
p25,clonotype147,2
p25,clonotype1470,1
p25,clonotype1471,1
p25,clonotype1472,1
p25,clonotype1473,1
p25,clonotype1474,1
p25,clonotype1476,1
p25,clonotype1477,2
p25,clonotype1478,1
p25,clonotype148,3
p25,clonotype1480,1
p25,clonotype1481,1
p25,clonotype1482,1
p25,clonotype1483,1
p25,clonotype1484,1
p25,clonotype1486,1
p25,clonotype1487,1
p25,clonotype1488,1
p25,clonotype149,3
p25,clonotype1490,1
p25,clonotype1491,1
p25,clonotype1494,1
p25,clonotype1495,1
p25,clonotype1496,1
p25,clonotype1497,1
p25,clonotype1499,1
p25,clonotype15,4
p25,clonotype150,2
p25,clonotype1500,1
p25,clonotype1501,1
p25,clonotype1502,1
p25,clonotype1504,1
p25,clonotype1505,1
p25,clonotype1506,1
p25,clonotype1508,1
p25,clonotype151,4
p25,clonotype1511,1
p25,clonotype1512,1
p25,clonotype1513,1
p25,clonotype1516,1
p25,clonotype1518,1
p25,clonotype1519,1
p25,clonotype152,2
p25,clonotype1520,1
p25,clonotype1522,1
p25,clonotype1523,1
p25,clonotype1524,1
p25,clonotype1525,1
p25,clonotype1529,1
p25,clonotype153,2
p25,clonotype1530,1
p25,clonotype1531,1
p25,clonotype1532,1
p25,clonotype1533,1
p25,clonotype1535,1
p25,clonotype1536,1
p25,clonotype1537,1
p25,clonotype1538,1
p25,clonotype1539,1
p25,clonotype154,2
p25,clonotype1540,1
p25,clonotype1542,1
p25,clonotype1543,1
p25,clonotype1546,1
p25,clonotype1548,2
p25,clonotype1549,1
p25,clonotype155,4
p25,clonotype1550,1
p25,clonotype1552,1
p25,clonotype1553,1
p25,clonotype1554,1
p25,clonotype1555,1
p25,clonotype1556,1
p25,clonotype1557,1
p25,clonotype1558,1
p25,clonotype1559,1
p25,clonotype156,3
p25,clonotype1560,2
p25,clonotype1561,1
p25,clonotype1562,1
p25,clonotype1563,1
p25,clonotype1564,1
p25,clonotype1565,1
p25,clonotype1566,1
p25,clonotype1567,1
p25,clonotype1568,1
p25,clonotype1569,2
p25,clonotype157,2
p25,clonotype1570,1
p25,clonotype1571,2
p25,clonotype1572,1
p25,clonotype1573,2
p25,clonotype1574,1
p25,clonotype1575,2
p25,clonotype1576,2
p25,clonotype1577,2
p25,clonotype1578,2
p25,clonotype1579,2
p25,clonotype158,3
p25,clonotype1580,1
p25,clonotype1581,2
p25,clonotype1582,1
p25,clonotype1583,2
p25,clonotype1584,1
p25,clonotype1585,2
p25,clonotype1586,2
p25,clonotype1587,1
p25,clonotype1588,1
p25,clonotype1589,2
p25,clonotype159,3
p25,clonotype1590,2
p25,clonotype1592,1
p25,clonotype1594,1
p25,clonotype1597,1
p25,clonotype1598,1
p25,clonotype1599,1
p25,clonotype16,3
p25,clonotype160,3
p25,clonotype1601,1
p25,clonotype1603,1
p25,clonotype1604,1
p25,clonotype1607,1
p25,clonotype1608,1
p25,clonotype161,5
p25,clonotype1610,1
p25,clonotype1611,1
p25,clonotype1612,1
p25,clonotype1613,1
p25,clonotype1614,1
p25,clonotype1615,1
p25,clonotype1617,1
p25,clonotype1618,1
p25,clonotype1619,2
p25,clonotype162,4
p25,clonotype1620,1
p25,clonotype1621,2
p25,clonotype1622,2
p25,clonotype1623,2
p25,clonotype1624,1
p25,clonotype1625,2
p25,clonotype1627,2
p25,clonotype1628,2
p25,clonotype1629,2
p25,clonotype163,4
p25,clonotype1630,1
p25,clonotype1631,2
p25,clonotype1632,1
p25,clonotype1633,2
p25,clonotype1634,3
p25,clonotype1635,2
p25,clonotype1636,1
p25,clonotype1637,1
p25,clonotype1638,2
p25,clonotype1639,2
p25,clonotype164,3
p25,clonotype1640,2
p25,clonotype1641,2
p25,clonotype1642,2
p25,clonotype1643,1
p25,clonotype1644,2
p25,clonotype1645,1
p25,clonotype1647,2
p25,clonotype1648,2
p25,clonotype1649,1
p25,clonotype165,3
p25,clonotype1650,2
p25,clonotype1651,2
p25,clonotype1652,2
p25,clonotype1653,2
p25,clonotype1654,1
p25,clonotype1655,1
p25,clonotype1656,1
p25,clonotype1657,2
p25,clonotype1658,2
p25,clonotype1659,2
p25,clonotype166,4
p25,clonotype1660,2
p25,clonotype1661,1
p25,clonotype1662,1
p25,clonotype1663,2
p25,clonotype1665,2
p25,clonotype1666,2
p25,clonotype1667,1
p25,clonotype1668,1
p25,clonotype1669,1
p25,clonotype167,3
p25,clonotype1670,2
p25,clonotype1671,1
p25,clonotype1672,1
p25,clonotype1673,1
p25,clonotype1674,1
p25,clonotype1675,2
p25,clonotype1676,1
p25,clonotype1677,2
p25,clonotype1678,2
p25,clonotype1679,2
p25,clonotype168,3
p25,clonotype1680,1
p25,clonotype1681,1
p25,clonotype1682,1
p25,clonotype1683,2
p25,clonotype1684,1
p25,clonotype1685,2
p25,clonotype1687,2
p25,clonotype1688,1
p25,clonotype1689,2
p25,clonotype169,3
p25,clonotype1690,3
p25,clonotype1691,2
p25,clonotype1692,2
p25,clonotype1693,2
p25,clonotype1694,2
p25,clonotype1695,1
p25,clonotype1696,2
p25,clonotype1697,1
p25,clonotype1698,1
p25,clonotype1699,1
p25,clonotype17,5
p25,clonotype170,3
p25,clonotype1700,2
p25,clonotype1701,1
p25,clonotype1702,2
p25,clonotype1703,1
p25,clonotype1704,1
p25,clonotype1705,2
p25,clonotype1706,2
p25,clonotype1707,1
p25,clonotype1708,2
p25,clonotype1709,2
p25,clonotype171,4
p25,clonotype1710,1
p25,clonotype1711,2
p25,clonotype1712,2
p25,clonotype1714,2
p25,clonotype1715,3
p25,clonotype1716,1
p25,clonotype1718,2
p25,clonotype1719,1
p25,clonotype172,3
p25,clonotype1720,2
p25,clonotype1721,3
p25,clonotype1722,1
p25,clonotype1723,3
p25,clonotype1724,1
p25,clonotype1725,2
p25,clonotype1726,1
p25,clonotype1727,2
p25,clonotype1728,2
p25,clonotype1729,1
p25,clonotype173,4
p25,clonotype1730,2
p25,clonotype1732,2
p25,clonotype1733,2
p25,clonotype1734,1
p25,clonotype1735,1
p25,clonotype1736,1
p25,clonotype1737,1
p25,clonotype174,4
p25,clonotype1740,1
p25,clonotype1741,1
p25,clonotype1742,1
p25,clonotype1743,1
p25,clonotype1744,1
p25,clonotype1745,2
p25,clonotype1746,2
p25,clonotype1747,1
p25,clonotype1748,1
p25,clonotype1749,1
p25,clonotype175,3
p25,clonotype1750,1
p25,clonotype1751,1
p25,clonotype1752,1
p25,clonotype1753,2
p25,clonotype1754,1
p25,clonotype1755,2
p25,clonotype1756,2
p25,clonotype1757,1
p25,clonotype1758,1
p25,clonotype1759,1
p25,clonotype176,2
p25,clonotype1760,2
p25,clonotype1761,1
p25,clonotype1762,2
p25,clonotype1763,2
p25,clonotype1764,2
p25,clonotype1765,2
p25,clonotype1766,2
p25,clonotype1767,3
p25,clonotype1768,3
p25,clonotype1769,3
p25,clonotype177,4
p25,clonotype1770,3
p25,clonotype1771,2
p25,clonotype1772,2
p25,clonotype1773,2
p25,clonotype1774,2
p25,clonotype1775,3
p25,clonotype1776,1
p25,clonotype1778,1
p25,clonotype1779,2
p25,clonotype178,4
p25,clonotype1780,1
p25,clonotype1781,2
p25,clonotype1782,2
p25,clonotype1784,2
p25,clonotype1785,1
p25,clonotype1786,2
p25,clonotype1787,1
p25,clonotype1788,2
p25,clonotype179,4
p25,clonotype1790,2
p25,clonotype1791,2
p25,clonotype1792,2
p25,clonotype1793,1
p25,clonotype1794,2
p25,clonotype1795,2
p25,clonotype1796,2
p25,clonotype1797,2
p25,clonotype1798,2
p25,clonotype1799,2
p25,clonotype18,3
p25,clonotype180,2
p25,clonotype1800,1
p25,clonotype1802,2
p25,clonotype1803,2
p25,clonotype1804,1
p25,clonotype1805,1
p25,clonotype1806,1
p25,clonotype1807,2
p25,clonotype1808,2
p25,clonotype1809,2
p25,clonotype181,4
p25,clonotype1810,2
p25,clonotype1811,2
p25,clonotype1812,2
p25,clonotype1813,2
p25,clonotype1814,2
p25,clonotype1815,1
p25,clonotype1816,2
p25,clonotype1817,2
p25,clonotype1818,1
p25,clonotype1819,2
p25,clonotype182,4
p25,clonotype1820,2
p25,clonotype1821,3
p25,clonotype1822,1
p25,clonotype1823,2
p25,clonotype1824,2
p25,clonotype1825,2
p25,clonotype1826,2
p25,clonotype1827,2
p25,clonotype1828,2
p25,clonotype1829,2
p25,clonotype183,4
p25,clonotype1831,1
p25,clonotype1832,1
p25,clonotype1833,1
p25,clonotype1834,1
p25,clonotype1835,1
p25,clonotype1836,1
p25,clonotype1838,1
p25,clonotype1839,1
p25,clonotype184,4
p25,clonotype1840,1
p25,clonotype1841,1
p25,clonotype1842,2
p25,clonotype1843,2
p25,clonotype1844,2
p25,clonotype1845,2
p25,clonotype1846,2
p25,clonotype1847,2
p25,clonotype1849,1
p25,clonotype185,3
p25,clonotype1850,2
p25,clonotype1851,2
p25,clonotype1852,2
p25,clonotype1853,1
p25,clonotype1854,3
p25,clonotype1855,2
p25,clonotype1856,2
p25,clonotype1857,2
p25,clonotype1858,1
p25,clonotype1859,1
p25,clonotype186,3
p25,clonotype1861,2
p25,clonotype1862,2
p25,clonotype1863,1
p25,clonotype1864,2
p25,clonotype1865,2
p25,clonotype1866,1
p25,clonotype1867,1
p25,clonotype1868,2
p25,clonotype1869,2
p25,clonotype187,2
p25,clonotype1870,3
p25,clonotype1871,2
p25,clonotype1872,1
p25,clonotype1873,2
p25,clonotype1874,2
p25,clonotype1875,3
p25,clonotype1876,2
p25,clonotype1877,1
p25,clonotype1878,1
p25,clonotype1879,2
p25,clonotype188,3
p25,clonotype1880,2
p25,clonotype1882,2
p25,clonotype1883,1
p25,clonotype1884,2
p25,clonotype1885,2
p25,clonotype1886,1
p25,clonotype1887,1
p25,clonotype1888,1
p25,clonotype1889,1
p25,clonotype189,4
p25,clonotype1890,1
p25,clonotype1891,1
p25,clonotype1892,1
p25,clonotype1894,1
p25,clonotype1895,1
p25,clonotype1896,1
p25,clonotype1897,1
p25,clonotype1898,1
p25,clonotype1899,1
p25,clonotype19,4
p25,clonotype190,2
p25,clonotype1902,1
p25,clonotype1903,1
p25,clonotype1904,1
p25,clonotype1906,2
p25,clonotype1907,1
p25,clonotype1908,1
p25,clonotype1909,1
p25,clonotype191,4
p25,clonotype1910,1
p25,clonotype1911,1
p25,clonotype1912,1
p25,clonotype1915,1
p25,clonotype1917,1
p25,clonotype1918,1
p25,clonotype1919,1
p25,clonotype192,3
p25,clonotype1920,1
p25,clonotype1921,3
p25,clonotype1923,1
p25,clonotype1924,1
p25,clonotype1925,1
p25,clonotype1926,2
p25,clonotype1927,1
p25,clonotype1929,1
p25,clonotype193,2
p25,clonotype1930,1
p25,clonotype1932,1
p25,clonotype1933,2
p25,clonotype1934,1
p25,clonotype1935,1
p25,clonotype1936,1
p25,clonotype1937,1
p25,clonotype1938,1
p25,clonotype1939,1
p25,clonotype194,3
p25,clonotype1940,1
p25,clonotype1941,1
p25,clonotype1943,1
p25,clonotype1944,1
p25,clonotype1945,1
p25,clonotype1946,2
p25,clonotype1947,1
p25,clonotype1948,1
p25,clonotype1949,2
p25,clonotype195,5
p25,clonotype1950,1
p25,clonotype1951,1
p25,clonotype1952,2
p25,clonotype1953,1
p25,clonotype1954,1
p25,clonotype1955,1
p25,clonotype1956,1
p25,clonotype1958,1
p25,clonotype1959,1
p25,clonotype196,5
p25,clonotype197,3
p25,clonotype1970,1
p25,clonotype198,5
p25,clonotype1982,1
p25,clonotype199,2
p25,clonotype1992,1
p25,clonotype2,3
p25,clonotype20,5
p25,clonotype200,3
p25,clonotype2006,1
p25,clonotype201,3
p25,clonotype2019,1
p25,clonotype202,3
p25,clonotype2021,1
p25,clonotype203,3
p25,clonotype2030,1
p25,clonotype204,2
p25,clonotype2045,1
p25,clonotype2047,1
p25,clonotype2048,1
p25,clonotype2049,1
p25,clonotype205,4
p25,clonotype2052,2
p25,clonotype2056,1
p25,clonotype206,3
p25,clonotype2061,1
p25,clonotype207,2
p25,clonotype2071,1
p25,clonotype2072,1
p25,clonotype2076,1
p25,clonotype208,3
p25,clonotype2080,1
p25,clonotype2085,1
p25,clonotype2086,2
p25,clonotype2088,1
p25,clonotype2089,1
p25,clonotype209,4
p25,clonotype2092,1
p25,clonotype2094,1
p25,clonotype2095,1
p25,clonotype2097,1
p25,clonotype2099,2
p25,clonotype21,1
p25,clonotype210,1
p25,clonotype2100,1
p25,clonotype2101,1
p25,clonotype2102,1
p25,clonotype2103,1
p25,clonotype2104,1
p25,clonotype2105,1
p25,clonotype2106,1
p25,clonotype2107,1
p25,clonotype2108,2
p25,clonotype211,1
p25,clonotype2110,1
p25,clonotype2112,1
p25,clonotype2113,1
p25,clonotype2114,1
p25,clonotype2116,1
p25,clonotype2117,1
p25,clonotype2119,1
p25,clonotype212,3
p25,clonotype2120,1
p25,clonotype2122,1
p25,clonotype2124,1
p25,clonotype2125,2
p25,clonotype2126,1
p25,clonotype2127,1
p25,clonotype2128,1
p25,clonotype2129,2
p25,clonotype213,3
p25,clonotype2130,1
p25,clonotype2131,1
p25,clonotype2132,1
p25,clonotype2133,1
p25,clonotype2135,1
p25,clonotype2137,2
p25,clonotype2138,1
p25,clonotype214,3
p25,clonotype2142,1
p25,clonotype2143,1
p25,clonotype2144,1
p25,clonotype2145,1
p25,clonotype2146,1
p25,clonotype2147,2
p25,clonotype2149,1
p25,clonotype215,2
p25,clonotype2150,1
p25,clonotype2151,1
p25,clonotype2152,1
p25,clonotype2153,2
p25,clonotype2154,1
p25,clonotype2155,1
p25,clonotype2156,1
p25,clonotype2157,1
p25,clonotype2158,1
p25,clonotype2159,1
p25,clonotype216,3
p25,clonotype2161,1
p25,clonotype2162,1
p25,clonotype2164,1
p25,clonotype2167,1
p25,clonotype2168,2
p25,clonotype2169,1
p25,clonotype217,3
p25,clonotype2170,1
p25,clonotype2171,1
p25,clonotype2172,1
p25,clonotype2173,1
p25,clonotype2175,1
p25,clonotype2176,1
p25,clonotype2177,1
p25,clonotype2178,1
p25,clonotype2179,1
p25,clonotype218,2
p25,clonotype2180,2
p25,clonotype2181,1
p25,clonotype2182,1
p25,clonotype2184,1
p25,clonotype2185,1
p25,clonotype2186,1
p25,clonotype2187,1
p25,clonotype2188,1
p25,clonotype2189,1
p25,clonotype219,3
p25,clonotype2192,1
p25,clonotype2194,1
p25,clonotype2195,1
p25,clonotype2197,2
p25,clonotype2199,1
p25,clonotype22,4
p25,clonotype220,2
p25,clonotype2201,1
p25,clonotype2204,1
p25,clonotype2206,1
p25,clonotype2208,1
p25,clonotype2209,2
p25,clonotype221,3
p25,clonotype2210,2
p25,clonotype2213,1
p25,clonotype2216,1
p25,clonotype2217,1
p25,clonotype2219,1
p25,clonotype222,3
p25,clonotype2220,1
p25,clonotype2221,1
p25,clonotype2222,1
p25,clonotype2223,1
p25,clonotype2224,1
p25,clonotype2225,1
p25,clonotype2226,1
p25,clonotype2228,1
p25,clonotype223,3
p25,clonotype2231,1
p25,clonotype2232,1
p25,clonotype2233,1
p25,clonotype2234,1
p25,clonotype2235,1
p25,clonotype2236,1
p25,clonotype2237,1
p25,clonotype2238,1
p25,clonotype2239,1
p25,clonotype224,3
p25,clonotype2240,1
p25,clonotype2241,1
p25,clonotype2242,1
p25,clonotype2243,1
p25,clonotype2245,1
p25,clonotype2246,1
p25,clonotype2247,1
p25,clonotype2248,1
p25,clonotype2249,1
p25,clonotype225,3
p25,clonotype2250,1
p25,clonotype2251,1
p25,clonotype2252,1
p25,clonotype2253,1
p25,clonotype2254,1
p25,clonotype2255,1
p25,clonotype2256,1
p25,clonotype2257,1
p25,clonotype2258,2
p25,clonotype2259,1
p25,clonotype226,3
p25,clonotype2261,1
p25,clonotype2262,1
p25,clonotype2263,1
p25,clonotype2264,1
p25,clonotype2265,1
p25,clonotype2266,2
p25,clonotype2267,1
p25,clonotype2269,1
p25,clonotype227,2
p25,clonotype2270,1
p25,clonotype2271,1
p25,clonotype2272,1
p25,clonotype2273,1
p25,clonotype2274,1
p25,clonotype2275,1
p25,clonotype2276,1
p25,clonotype2277,1
p25,clonotype2278,1
p25,clonotype228,3
p25,clonotype2282,1
p25,clonotype2283,1
p25,clonotype2284,1
p25,clonotype2285,1
p25,clonotype2287,1
p25,clonotype2288,1
p25,clonotype2289,1
p25,clonotype229,3
p25,clonotype2290,1
p25,clonotype2291,1
p25,clonotype2293,1
p25,clonotype2294,1
p25,clonotype2295,1
p25,clonotype2296,1
p25,clonotype2298,1
p25,clonotype23,2
p25,clonotype230,3
p25,clonotype2300,1
p25,clonotype2301,2
p25,clonotype2302,1
p25,clonotype2303,1
p25,clonotype2304,1
p25,clonotype2305,1
p25,clonotype2306,1
p25,clonotype2307,1
p25,clonotype231,1
p25,clonotype2310,1
p25,clonotype2311,1
p25,clonotype2312,1
p25,clonotype2313,1
p25,clonotype2315,1
p25,clonotype2316,2
p25,clonotype2317,1
p25,clonotype2318,1
p25,clonotype2319,1
p25,clonotype232,3
p25,clonotype2320,1
p25,clonotype2321,1
p25,clonotype2322,1
p25,clonotype2324,1
p25,clonotype2325,1
p25,clonotype2326,1
p25,clonotype2327,1
p25,clonotype2328,1
p25,clonotype2329,1
p25,clonotype233,2
p25,clonotype2330,1
p25,clonotype2331,1
p25,clonotype2332,1
p25,clonotype2333,1
p25,clonotype2334,1
p25,clonotype2335,1
p25,clonotype2336,1
p25,clonotype2337,2
p25,clonotype2338,1
p25,clonotype2339,1
p25,clonotype234,2
p25,clonotype2340,1
p25,clonotype2341,1
p25,clonotype2342,1
p25,clonotype2343,1
p25,clonotype2344,1
p25,clonotype2345,1
p25,clonotype2348,2
p25,clonotype2349,1
p25,clonotype235,3
p25,clonotype2350,1
p25,clonotype2351,1
p25,clonotype2352,1
p25,clonotype2353,1
p25,clonotype2354,1
p25,clonotype2355,1
p25,clonotype2356,1
p25,clonotype2357,1
p25,clonotype2358,2
p25,clonotype2359,1
p25,clonotype236,2
p25,clonotype2360,1
p25,clonotype2361,1
p25,clonotype2362,1
p25,clonotype2363,1
p25,clonotype2364,1
p25,clonotype2365,1
p25,clonotype2367,2
p25,clonotype2368,2
p25,clonotype2369,1
p25,clonotype237,1
p25,clonotype2370,1
p25,clonotype2372,2
p25,clonotype2373,1
p25,clonotype2374,1
p25,clonotype2375,1
p25,clonotype2376,1
p25,clonotype2378,1
p25,clonotype2379,1
p25,clonotype238,1
p25,clonotype2380,1
p25,clonotype2381,2
p25,clonotype2382,1
p25,clonotype2383,1
p25,clonotype2384,1
p25,clonotype2385,1
p25,clonotype2386,1
p25,clonotype2387,1
p25,clonotype2388,1
p25,clonotype2389,1
p25,clonotype239,2
p25,clonotype2390,2
p25,clonotype2391,1
p25,clonotype2392,1
p25,clonotype2393,1
p25,clonotype2394,1
p25,clonotype2395,1
p25,clonotype2396,2
p25,clonotype2397,1
p25,clonotype2398,1
p25,clonotype2399,1
p25,clonotype24,5
p25,clonotype240,4
p25,clonotype2400,1
p25,clonotype2401,1
p25,clonotype2402,1
p25,clonotype2403,1
p25,clonotype2404,1
p25,clonotype2405,1
p25,clonotype2406,1
p25,clonotype2407,1
p25,clonotype2408,1
p25,clonotype2409,1
p25,clonotype241,2
p25,clonotype2410,1
p25,clonotype2415,1
p25,clonotype242,2
p25,clonotype2425,1
p25,clonotype243,2
p25,clonotype244,4
p25,clonotype2442,1
p25,clonotype2446,1
p25,clonotype2447,1
p25,clonotype2448,1
p25,clonotype245,4
p25,clonotype2457,1
p25,clonotype246,3
p25,clonotype247,3
p25,clonotype2473,1
p25,clonotype2478,1
p25,clonotype248,3
p25,clonotype2480,1
p25,clonotype2482,1
p25,clonotype2483,1
p25,clonotype2486,1
p25,clonotype2487,1
p25,clonotype2488,1
p25,clonotype2489,1
p25,clonotype249,2
p25,clonotype2490,1
p25,clonotype2492,1
p25,clonotype2493,1
p25,clonotype2494,1
p25,clonotype2495,1
p25,clonotype2496,1
p25,clonotype2497,1
p25,clonotype2498,1
p25,clonotype25,3
p25,clonotype250,2
p25,clonotype2500,1
p25,clonotype2501,1
p25,clonotype2502,1
p25,clonotype2504,1
p25,clonotype2505,1
p25,clonotype2506,1
p25,clonotype2507,1
p25,clonotype2509,1
p25,clonotype251,3
p25,clonotype2510,1
p25,clonotype2511,1
p25,clonotype2512,1
p25,clonotype2513,1
p25,clonotype2514,1
p25,clonotype2515,1
p25,clonotype2516,1
p25,clonotype2517,1
p25,clonotype2518,1
p25,clonotype2519,1
p25,clonotype252,4
p25,clonotype2520,1
p25,clonotype2521,1
p25,clonotype2522,1
p25,clonotype2523,2
p25,clonotype2524,1
p25,clonotype2525,1
p25,clonotype2526,1
p25,clonotype2527,1
p25,clonotype2529,1
p25,clonotype253,3
p25,clonotype2530,1
p25,clonotype2531,1
p25,clonotype2532,2
p25,clonotype2533,1
p25,clonotype2534,1
p25,clonotype2536,1
p25,clonotype2538,1
p25,clonotype2539,1
p25,clonotype254,3
p25,clonotype2540,1
p25,clonotype2542,1
p25,clonotype2544,1
p25,clonotype2545,1
p25,clonotype2546,1
p25,clonotype2547,1
p25,clonotype2548,1
p25,clonotype2549,1
p25,clonotype255,3
p25,clonotype2550,1
p25,clonotype2552,1
p25,clonotype2553,1
p25,clonotype2554,1
p25,clonotype2555,1
p25,clonotype2557,1
p25,clonotype2558,1
p25,clonotype2559,1
p25,clonotype256,3
p25,clonotype2560,1
p25,clonotype2561,1
p25,clonotype2562,2
p25,clonotype2563,1
p25,clonotype2564,1
p25,clonotype2566,1
p25,clonotype2567,1
p25,clonotype2568,1
p25,clonotype2569,1
p25,clonotype257,1
p25,clonotype2570,1
p25,clonotype2571,1
p25,clonotype2573,1
p25,clonotype2575,1
p25,clonotype2576,1
p25,clonotype2577,1
p25,clonotype2578,2
p25,clonotype2579,1
p25,clonotype258,2
p25,clonotype2581,1
p25,clonotype2582,1
p25,clonotype2583,1
p25,clonotype2584,1
p25,clonotype2585,1
p25,clonotype2586,1
p25,clonotype2587,1
p25,clonotype2588,1
p25,clonotype2589,1
p25,clonotype259,2
p25,clonotype2591,1
p25,clonotype2592,1
p25,clonotype2594,2
p25,clonotype2596,1
p25,clonotype2598,1
p25,clonotype2599,1
p25,clonotype26,3
p25,clonotype260,2
p25,clonotype2600,2
p25,clonotype2601,1
p25,clonotype2603,1
p25,clonotype2605,1
p25,clonotype2606,1
p25,clonotype2608,1
p25,clonotype2609,1
p25,clonotype261,3
p25,clonotype2610,1
p25,clonotype2612,1
p25,clonotype2613,1
p25,clonotype2614,1
p25,clonotype2615,1
p25,clonotype2617,2
p25,clonotype2618,1
p25,clonotype262,4
p25,clonotype2620,1
p25,clonotype2621,1
p25,clonotype2622,1
p25,clonotype2623,1
p25,clonotype2624,1
p25,clonotype2626,1
p25,clonotype2628,1
p25,clonotype2629,1
p25,clonotype263,4
p25,clonotype2630,1
p25,clonotype2631,1
p25,clonotype2632,1
p25,clonotype2633,1
p25,clonotype2634,2
p25,clonotype2635,1
p25,clonotype2636,1
p25,clonotype2637,1
p25,clonotype2638,1
p25,clonotype2639,1
p25,clonotype264,4
p25,clonotype2641,1
p25,clonotype2642,1
p25,clonotype2644,1
p25,clonotype2645,1
p25,clonotype2646,1
p25,clonotype2647,1
p25,clonotype2648,1
p25,clonotype2649,1
p25,clonotype265,4
p25,clonotype2650,1
p25,clonotype2651,2
p25,clonotype2652,1
p25,clonotype2653,1
p25,clonotype2654,1
p25,clonotype2655,1
p25,clonotype2656,1
p25,clonotype2657,1
p25,clonotype2658,1
p25,clonotype2659,1
p25,clonotype2660,1
p25,clonotype2661,1
p25,clonotype267,3
p25,clonotype2676,1
p25,clonotype2677,1
p25,clonotype268,2
p25,clonotype2684,1
p25,clonotype2685,1
p25,clonotype2687,1
p25,clonotype269,1
p25,clonotype2698,2
p25,clonotype27,2
p25,clonotype270,3
p25,clonotype2700,1
p25,clonotype2702,1
p25,clonotype2704,1
p25,clonotype2705,1
p25,clonotype2706,1
p25,clonotype2709,1
p25,clonotype271,1
p25,clonotype2710,1
p25,clonotype2712,1
p25,clonotype2714,1
p25,clonotype2715,1
p25,clonotype2716,1
p25,clonotype2718,1
p25,clonotype2719,1
p25,clonotype272,2
p25,clonotype2720,1
p25,clonotype2722,1
p25,clonotype2723,1
p25,clonotype2724,1
p25,clonotype2728,1
p25,clonotype2729,1
p25,clonotype273,2
p25,clonotype2730,1
p25,clonotype2732,1
p25,clonotype2733,1
p25,clonotype2734,2
p25,clonotype2735,1
p25,clonotype2738,1
p25,clonotype2739,1
p25,clonotype2740,1
p25,clonotype2741,1
p25,clonotype2742,1
p25,clonotype2744,1
p25,clonotype2745,1
p25,clonotype2746,1
p25,clonotype2747,1
p25,clonotype2748,1
p25,clonotype2749,1
p25,clonotype275,2
p25,clonotype2750,1
p25,clonotype2751,1
p25,clonotype2752,1
p25,clonotype2753,1
p25,clonotype2754,1
p25,clonotype2755,1
p25,clonotype2756,2
p25,clonotype2757,1
p25,clonotype2758,1
p25,clonotype2759,1
p25,clonotype276,2
p25,clonotype2760,1
p25,clonotype2761,1
p25,clonotype2762,1
p25,clonotype2765,1
p25,clonotype2766,1
p25,clonotype2767,1
p25,clonotype2768,2
p25,clonotype2769,1
p25,clonotype277,2
p25,clonotype2770,1
p25,clonotype2771,1
p25,clonotype2772,1
p25,clonotype2773,1
p25,clonotype2774,1
p25,clonotype2775,1
p25,clonotype2778,1
p25,clonotype2779,1
p25,clonotype278,2
p25,clonotype2780,1
p25,clonotype2781,1
p25,clonotype2782,2
p25,clonotype2783,1
p25,clonotype2784,1
p25,clonotype2785,1
p25,clonotype2786,1
p25,clonotype2787,1
p25,clonotype2788,1
p25,clonotype2789,1
p25,clonotype279,3
p25,clonotype2790,1
p25,clonotype2791,1
p25,clonotype2795,1
p25,clonotype28,5
p25,clonotype280,2
p25,clonotype2804,1
p25,clonotype281,1
p25,clonotype2810,1
p25,clonotype2811,3
p25,clonotype2812,1
p25,clonotype2815,1
p25,clonotype2816,3
p25,clonotype2817,2
p25,clonotype2818,1
p25,clonotype2819,1
p25,clonotype282,2
p25,clonotype2820,2
p25,clonotype2821,1
p25,clonotype2823,1
p25,clonotype2824,1
p25,clonotype2825,1
p25,clonotype2826,1
p25,clonotype2827,1
p25,clonotype2828,1
p25,clonotype2829,1
p25,clonotype283,1
p25,clonotype2831,1
p25,clonotype2832,2
p25,clonotype2833,1
p25,clonotype2834,1
p25,clonotype2835,1
p25,clonotype2836,1
p25,clonotype2837,1
p25,clonotype2839,1
p25,clonotype284,1
p25,clonotype2840,1
p25,clonotype285,1
p25,clonotype2850,1
p25,clonotype2851,1
p25,clonotype2852,1
p25,clonotype2853,1
p25,clonotype2855,1
p25,clonotype2856,1
p25,clonotype2858,1
p25,clonotype2859,1
p25,clonotype286,2
p25,clonotype2860,1
p25,clonotype2861,1
p25,clonotype2868,2
p25,clonotype287,1
p25,clonotype2870,1
p25,clonotype2871,1
p25,clonotype2872,1
p25,clonotype2873,1
p25,clonotype2874,1
p25,clonotype2875,1
p25,clonotype2878,2
p25,clonotype2879,1
p25,clonotype288,2
p25,clonotype2881,1
p25,clonotype2882,1
p25,clonotype2884,1
p25,clonotype2885,1
p25,clonotype2886,1
p25,clonotype2887,1
p25,clonotype2888,2
p25,clonotype2889,2
p25,clonotype289,2
p25,clonotype2890,1
p25,clonotype2892,1
p25,clonotype2894,1
p25,clonotype2895,1
p25,clonotype2896,1
p25,clonotype2897,1
p25,clonotype2898,1
p25,clonotype29,4
p25,clonotype2900,1
p25,clonotype2901,1
p25,clonotype2903,1
p25,clonotype2904,2
p25,clonotype2905,1
p25,clonotype2907,1
p25,clonotype2908,1
p25,clonotype2909,2
p25,clonotype291,2
p25,clonotype2910,2
p25,clonotype2911,1
p25,clonotype2912,1
p25,clonotype2914,1
p25,clonotype2915,1
p25,clonotype2917,1
p25,clonotype2919,1
p25,clonotype292,1
p25,clonotype2920,1
p25,clonotype2921,1
p25,clonotype2922,1
p25,clonotype2929,1
p25,clonotype293,2
p25,clonotype2931,1
p25,clonotype2936,1
p25,clonotype294,1
p25,clonotype2945,1
p25,clonotype295,1
p25,clonotype296,1
p25,clonotype297,1
p25,clonotype298,2
p25,clonotype299,1
p25,clonotype2992,1
p25,clonotype2994,1
p25,clonotype3,4
p25,clonotype30,3
p25,clonotype300,2
p25,clonotype3010,1
p25,clonotype3014,2
p25,clonotype302,3
p25,clonotype3020,1
p25,clonotype303,1
p25,clonotype3030,1
p25,clonotype3036,1
p25,clonotype304,2
p25,clonotype3040,1
p25,clonotype305,1
p25,clonotype3051,1
p25,clonotype3054,1
p25,clonotype306,2
p25,clonotype307,2
p25,clonotype3070,1
p25,clonotype308,2
p25,clonotype3086,1
p25,clonotype309,3
p25,clonotype3091,1
p25,clonotype3096,1
p25,clonotype3099,2
p25,clonotype31,3
p25,clonotype310,2
p25,clonotype3103,1
p25,clonotype311,2
p25,clonotype312,1
p25,clonotype3127,1
p25,clonotype3129,1
p25,clonotype313,2
p25,clonotype3133,1
p25,clonotype3135,1
p25,clonotype314,2
p25,clonotype315,2
p25,clonotype3157,1
p25,clonotype3159,1
p25,clonotype316,1
p25,clonotype3165,1
p25,clonotype317,1
p25,clonotype318,1
p25,clonotype3183,1
p25,clonotype319,1
p25,clonotype32,3
p25,clonotype320,2
p25,clonotype321,2
p25,clonotype3214,1
p25,clonotype3216,1
p25,clonotype322,1
p25,clonotype3228,1
p25,clonotype323,1
p25,clonotype3234,1
p25,clonotype324,1
p25,clonotype3242,1
p25,clonotype325,1
p25,clonotype3258,1
p25,clonotype326,1
p25,clonotype3261,1
p25,clonotype3262,1
p25,clonotype327,1
p25,clonotype3274,1
p25,clonotype3275,1
p25,clonotype328,1
p25,clonotype3281,1
p25,clonotype3284,1
p25,clonotype329,1
p25,clonotype3299,1
p25,clonotype33,5
p25,clonotype330,2
p25,clonotype3306,1
p25,clonotype331,3
p25,clonotype332,2
p25,clonotype3326,1
p25,clonotype333,2
p25,clonotype334,3
p25,clonotype3344,1
p25,clonotype3346,1
p25,clonotype335,3
p25,clonotype3355,1
p25,clonotype336,4
p25,clonotype337,2
p25,clonotype3372,1
p25,clonotype338,2
p25,clonotype3383,1
p25,clonotype339,1
p25,clonotype3391,1
p25,clonotype34,3
p25,clonotype340,3
p25,clonotype3406,1
p25,clonotype341,2
p25,clonotype342,4
p25,clonotype343,2
p25,clonotype3430,1
p25,clonotype344,3
p25,clonotype345,2
p25,clonotype3451,1
p25,clonotype3459,2
p25,clonotype346,2
p25,clonotype3461,1
p25,clonotype3466,1
p25,clonotype3467,1
p25,clonotype347,2
p25,clonotype348,2
p25,clonotype3490,1
p25,clonotype3492,1
p25,clonotype35,2
p25,clonotype350,2
p25,clonotype351,2
p25,clonotype3514,2
p25,clonotype352,1
p25,clonotype3524,1
p25,clonotype353,1
p25,clonotype354,1
p25,clonotype3540,1
p25,clonotype355,1
p25,clonotype356,2
p25,clonotype357,2
p25,clonotype3574,1
p25,clonotype358,2
p25,clonotype359,2
p25,clonotype3591,1
p25,clonotype3594,1
p25,clonotype3598,1
p25,clonotype3599,1
p25,clonotype36,5
p25,clonotype360,2
p25,clonotype3611,1
p25,clonotype3614,1
p25,clonotype362,1
p25,clonotype363,2
p25,clonotype3636,1
p25,clonotype364,3
p25,clonotype365,1
p25,clonotype3653,1
p25,clonotype3655,1
p25,clonotype3658,1
p25,clonotype3659,1
p25,clonotype366,1
p25,clonotype3661,2
p25,clonotype367,2
p25,clonotype368,3
p25,clonotype369,2
p25,clonotype3692,1
p25,clonotype3697,1
p25,clonotype37,4
p25,clonotype370,2
p25,clonotype3700,1
p25,clonotype3701,1
p25,clonotype3707,1
p25,clonotype371,1
p25,clonotype372,2
p25,clonotype3721,1
p25,clonotype3729,1
p25,clonotype373,2
p25,clonotype374,1
p25,clonotype3745,1
p25,clonotype375,2
p25,clonotype3751,1
p25,clonotype3752,1
p25,clonotype376,3
p25,clonotype3764,1
p25,clonotype3766,1
p25,clonotype377,2
p25,clonotype3775,1
p25,clonotype378,2
p25,clonotype3780,1
p25,clonotype3787,1
p25,clonotype379,1
p25,clonotype3793,1
p25,clonotype3795,1
p25,clonotype3798,1
p25,clonotype38,4
p25,clonotype380,3
p25,clonotype381,3
p25,clonotype3812,1
p25,clonotype3816,1
p25,clonotype382,3
p25,clonotype3828,1
p25,clonotype383,2
p25,clonotype3837,1
p25,clonotype384,1
p25,clonotype3844,1
p25,clonotype385,4
p25,clonotype386,2
p25,clonotype387,3
p25,clonotype388,3
p25,clonotype3880,1
p25,clonotype389,2
p25,clonotype3892,1
p25,clonotype3898,1
p25,clonotype39,2
p25,clonotype390,2
p25,clonotype3900,1
p25,clonotype3906,1
p25,clonotype3907,1
p25,clonotype391,4
p25,clonotype3910,1
p25,clonotype3912,1
p25,clonotype392,2
p25,clonotype393,4
p25,clonotype3932,1
p25,clonotype3933,1
p25,clonotype394,1
p25,clonotype395,3
p25,clonotype396,2
p25,clonotype3961,1
p25,clonotype397,3
p25,clonotype3971,1
p25,clonotype3978,1
p25,clonotype398,2
p25,clonotype3985,1
p25,clonotype399,1
p25,clonotype4,3
p25,clonotype40,4
p25,clonotype400,2
p25,clonotype4009,1
p25,clonotype401,2
p25,clonotype4010,1
p25,clonotype402,4
p25,clonotype403,3
p25,clonotype404,1
p25,clonotype405,4
p25,clonotype4054,1
p25,clonotype4059,1
p25,clonotype406,2
p25,clonotype4060,1
p25,clonotype407,2
p25,clonotype4077,1
p25,clonotype408,1
p25,clonotype409,3
p25,clonotype410,3
p25,clonotype4104,1
p25,clonotype4107,1
p25,clonotype411,2
p25,clonotype412,2
p25,clonotype4129,1
p25,clonotype413,2
p25,clonotype4133,1
p25,clonotype414,2
p25,clonotype4141,1
p25,clonotype4147,1
p25,clonotype415,2
p25,clonotype4151,1
p25,clonotype4153,1
p25,clonotype416,3
p25,clonotype4163,1
p25,clonotype417,2
p25,clonotype4170,1
p25,clonotype4176,1
p25,clonotype418,1
p25,clonotype4181,1
p25,clonotype4186,1
p25,clonotype419,2
p25,clonotype4190,1
p25,clonotype4199,1
p25,clonotype42,2
p25,clonotype420,2
p25,clonotype4204,1
p25,clonotype4208,1
p25,clonotype421,2
p25,clonotype4214,1
p25,clonotype422,1
p25,clonotype423,2
p25,clonotype4231,1
p25,clonotype4235,1
p25,clonotype4236,1
p25,clonotype4244,2
p25,clonotype425,2
p25,clonotype4254,1
p25,clonotype4256,1
p25,clonotype4259,1
p25,clonotype426,2
p25,clonotype4264,1
p25,clonotype427,3
p25,clonotype428,1
p25,clonotype429,2
p25,clonotype4296,1
p25,clonotype4297,1
p25,clonotype43,4
p25,clonotype430,2
p25,clonotype4304,1
p25,clonotype4306,1
p25,clonotype4307,1
p25,clonotype431,2
p25,clonotype432,2
p25,clonotype4324,1
p25,clonotype433,2
p25,clonotype4331,1
p25,clonotype434,2
p25,clonotype435,2
p25,clonotype436,2
p25,clonotype4362,1
p25,clonotype438,2
p25,clonotype4380,1
p25,clonotype4383,1
p25,clonotype4384,1
p25,clonotype4387,1
p25,clonotype4388,1
p25,clonotype439,2
p25,clonotype4390,1
p25,clonotype4391,1
p25,clonotype4393,1
p25,clonotype4394,1
p25,clonotype4395,1
p25,clonotype44,2
p25,clonotype440,2
p25,clonotype4402,1
p25,clonotype442,3
p25,clonotype443,2
p25,clonotype444,1
p25,clonotype445,3
p25,clonotype446,2
p25,clonotype447,2
p25,clonotype4474,1
p25,clonotype448,1
p25,clonotype4488,1
p25,clonotype449,2
p25,clonotype4494,1
p25,clonotype4495,1
p25,clonotype45,2
p25,clonotype450,1
p25,clonotype4501,1
p25,clonotype4519,1
p25,clonotype452,1
p25,clonotype453,2
p25,clonotype454,1
p25,clonotype4546,1
p25,clonotype4548,1
p25,clonotype455,1
p25,clonotype456,1
p25,clonotype457,1
p25,clonotype458,1
p25,clonotype459,1
p25,clonotype46,4
p25,clonotype460,1
p25,clonotype4600,1
p25,clonotype4606,1
p25,clonotype461,1
p25,clonotype4612,1
p25,clonotype4615,1
p25,clonotype4616,1
p25,clonotype462,2
p25,clonotype4626,1
p25,clonotype463,1
p25,clonotype4631,1
p25,clonotype465,1
p25,clonotype466,1
p25,clonotype4683,1
p25,clonotype469,1
p25,clonotype4699,1
p25,clonotype47,3
p25,clonotype472,1
p25,clonotype4725,1
p25,clonotype473,1
p25,clonotype474,1
p25,clonotype4741,1
p25,clonotype475,1
p25,clonotype4750,1
p25,clonotype4757,1
p25,clonotype4762,1
p25,clonotype4767,1
p25,clonotype4773,1
p25,clonotype478,1
p25,clonotype479,1
p25,clonotype4790,1
p25,clonotype4791,1
p25,clonotype4793,1
p25,clonotype48,4
p25,clonotype480,2
p25,clonotype481,2
p25,clonotype482,1
p25,clonotype483,2
p25,clonotype484,2
p25,clonotype485,2
p25,clonotype486,1
p25,clonotype487,2
p25,clonotype488,1
p25,clonotype489,2
p25,clonotype49,3
p25,clonotype490,2
p25,clonotype491,2
p25,clonotype493,2
p25,clonotype494,2
p25,clonotype496,2
p25,clonotype497,1
p25,clonotype498,2
p25,clonotype499,2
p25,clonotype5,5
p25,clonotype50,4
p25,clonotype500,2
p25,clonotype501,2
p25,clonotype502,2
p25,clonotype503,3
p25,clonotype505,2
p25,clonotype506,3
p25,clonotype507,3
p25,clonotype508,2
p25,clonotype509,2
p25,clonotype51,4
p25,clonotype510,2
p25,clonotype511,2
p25,clonotype512,3
p25,clonotype513,3
p25,clonotype514,2
p25,clonotype515,3
p25,clonotype516,3
p25,clonotype517,3
p25,clonotype518,2
p25,clonotype519,4
p25,clonotype52,4
p25,clonotype520,2
p25,clonotype521,2
p25,clonotype522,5
p25,clonotype523,4
p25,clonotype524,4
p25,clonotype525,4
p25,clonotype526,4
p25,clonotype527,3
p25,clonotype528,5
p25,clonotype529,4
p25,clonotype53,4
p25,clonotype530,3
p25,clonotype531,4
p25,clonotype532,3
p25,clonotype533,3
p25,clonotype534,2
p25,clonotype535,3
p25,clonotype536,2
p25,clonotype537,1
p25,clonotype538,3
p25,clonotype539,3
p25,clonotype54,4
p25,clonotype540,3
p25,clonotype541,3
p25,clonotype542,2
p25,clonotype543,3
p25,clonotype544,2
p25,clonotype545,2
p25,clonotype546,2
p25,clonotype547,3
p25,clonotype548,2
p25,clonotype549,3
p25,clonotype55,2
p25,clonotype550,2
p25,clonotype551,2
p25,clonotype552,3
p25,clonotype553,2
p25,clonotype554,3
p25,clonotype555,2
p25,clonotype556,2
p25,clonotype557,3
p25,clonotype558,2
p25,clonotype559,3
p25,clonotype56,3
p25,clonotype560,2
p25,clonotype561,1
p25,clonotype562,2
p25,clonotype563,2
p25,clonotype564,4
p25,clonotype565,2
p25,clonotype566,3
p25,clonotype567,3
p25,clonotype568,3
p25,clonotype57,4
p25,clonotype570,1
p25,clonotype571,3
p25,clonotype572,3
p25,clonotype573,1
p25,clonotype574,3
p25,clonotype575,3
p25,clonotype576,4
p25,clonotype577,1
p25,clonotype578,3
p25,clonotype579,3
p25,clonotype58,3
p25,clonotype580,2
p25,clonotype581,2
p25,clonotype582,2
p25,clonotype583,1
p25,clonotype584,2
p25,clonotype585,2
p25,clonotype586,2
p25,clonotype587,1
p25,clonotype588,1
p25,clonotype589,2
p25,clonotype59,5
p25,clonotype590,3
p25,clonotype591,3
p25,clonotype592,1
p25,clonotype594,2
p25,clonotype595,2
p25,clonotype596,2
p25,clonotype597,1
p25,clonotype598,1
p25,clonotype599,2
p25,clonotype6,3
p25,clonotype60,4
p25,clonotype601,2
p25,clonotype602,1
p25,clonotype603,2
p25,clonotype604,2
p25,clonotype605,1
p25,clonotype606,2
p25,clonotype607,1
p25,clonotype608,2
p25,clonotype609,2
p25,clonotype61,4
p25,clonotype610,2
p25,clonotype611,1
p25,clonotype612,2
p25,clonotype613,1
p25,clonotype614,2
p25,clonotype615,1
p25,clonotype616,1
p25,clonotype617,1
p25,clonotype618,2
p25,clonotype619,2
p25,clonotype62,3
p25,clonotype620,1
p25,clonotype621,2
p25,clonotype622,2
p25,clonotype623,1
p25,clonotype624,1
p25,clonotype625,1
p25,clonotype626,2
p25,clonotype627,2
p25,clonotype628,2
p25,clonotype63,3
p25,clonotype630,2
p25,clonotype631,2
p25,clonotype632,2
p25,clonotype633,2
p25,clonotype634,2
p25,clonotype635,1
p25,clonotype636,2
p25,clonotype637,2
p25,clonotype638,2
p25,clonotype639,1
p25,clonotype64,2
p25,clonotype640,2
p25,clonotype641,2
p25,clonotype642,2
p25,clonotype644,2
p25,clonotype645,3
p25,clonotype646,1
p25,clonotype647,1
p25,clonotype648,2
p25,clonotype65,4
p25,clonotype650,1
p25,clonotype651,2
p25,clonotype652,2
p25,clonotype653,1
p25,clonotype654,2
p25,clonotype655,2
p25,clonotype656,3
p25,clonotype657,2
p25,clonotype658,1
p25,clonotype659,1
p25,clonotype66,4
p25,clonotype660,1
p25,clonotype661,2
p25,clonotype662,2
p25,clonotype663,2
p25,clonotype664,1
p25,clonotype665,1
p25,clonotype666,2
p25,clonotype667,1
p25,clonotype668,1
p25,clonotype669,1
p25,clonotype67,4
p25,clonotype670,2
p25,clonotype671,1
p25,clonotype672,2
p25,clonotype673,2
p25,clonotype674,2
p25,clonotype675,1
p25,clonotype676,2
p25,clonotype677,3
p25,clonotype678,2
p25,clonotype679,2
p25,clonotype68,2
p25,clonotype680,1
p25,clonotype681,2
p25,clonotype682,2
p25,clonotype683,1
p25,clonotype684,2
p25,clonotype685,2
p25,clonotype686,1
p25,clonotype687,2
p25,clonotype688,3
p25,clonotype689,2
p25,clonotype69,6
p25,clonotype690,2
p25,clonotype691,2
p25,clonotype692,2
p25,clonotype693,3
p25,clonotype694,2
p25,clonotype695,2
p25,clonotype696,3
p25,clonotype697,2
p25,clonotype698,1
p25,clonotype699,2
p25,clonotype7,5
p25,clonotype70,4
p25,clonotype700,2
p25,clonotype701,3
p25,clonotype702,2
p25,clonotype703,1
p25,clonotype704,3
p25,clonotype705,3
p25,clonotype706,3
p25,clonotype708,3
p25,clonotype709,2
p25,clonotype71,4
p25,clonotype710,3
p25,clonotype711,3
p25,clonotype712,3
p25,clonotype713,2
p25,clonotype714,2
p25,clonotype715,2
p25,clonotype716,1
p25,clonotype717,3
p25,clonotype718,2
p25,clonotype719,2
p25,clonotype72,4
p25,clonotype720,1
p25,clonotype721,1
p25,clonotype722,2
p25,clonotype723,2
p25,clonotype724,1
p25,clonotype725,2
p25,clonotype726,1
p25,clonotype727,1
p25,clonotype728,2
p25,clonotype729,1
p25,clonotype73,4
p25,clonotype730,3
p25,clonotype731,2
p25,clonotype732,2
p25,clonotype733,1
p25,clonotype734,2
p25,clonotype735,2
p25,clonotype736,1
p25,clonotype737,2
p25,clonotype738,2
p25,clonotype739,2
p25,clonotype74,3
p25,clonotype740,2
p25,clonotype741,2
p25,clonotype742,2
p25,clonotype743,3
p25,clonotype744,1
p25,clonotype746,2
p25,clonotype747,2
p25,clonotype748,1
p25,clonotype749,2
p25,clonotype75,3
p25,clonotype750,2
p25,clonotype751,2
p25,clonotype752,2
p25,clonotype753,2
p25,clonotype754,2
p25,clonotype755,1
p25,clonotype756,1
p25,clonotype757,1
p25,clonotype758,2
p25,clonotype759,1
p25,clonotype76,3
p25,clonotype760,2
p25,clonotype761,1
p25,clonotype762,1
p25,clonotype763,1
p25,clonotype764,1
p25,clonotype765,2
p25,clonotype766,1
p25,clonotype767,1
p25,clonotype768,1
p25,clonotype769,2
p25,clonotype77,3
p25,clonotype770,2
p25,clonotype771,1
p25,clonotype772,2
p25,clonotype773,2
p25,clonotype774,2
p25,clonotype775,1
p25,clonotype776,2
p25,clonotype777,4
p25,clonotype779,3
p25,clonotype78,2
p25,clonotype780,3
p25,clonotype781,2
p25,clonotype782,2
p25,clonotype783,2
p25,clonotype785,2
p25,clonotype786,2
p25,clonotype787,3
p25,clonotype788,2
p25,clonotype789,2
p25,clonotype79,3
p25,clonotype790,1
p25,clonotype791,3
p25,clonotype792,2
p25,clonotype793,1
p25,clonotype794,2
p25,clonotype795,2
p25,clonotype796,2
p25,clonotype797,2
p25,clonotype798,3
p25,clonotype799,3
p25,clonotype8,4
p25,clonotype80,3
p25,clonotype800,1
p25,clonotype801,2
p25,clonotype802,1
p25,clonotype803,3
p25,clonotype804,2
p25,clonotype805,3
p25,clonotype806,3
p25,clonotype807,2
p25,clonotype808,3
p25,clonotype809,3
p25,clonotype81,5
p25,clonotype810,3
p25,clonotype811,3
p25,clonotype812,3
p25,clonotype813,1
p25,clonotype814,2
p25,clonotype815,2
p25,clonotype816,3
p25,clonotype817,3
p25,clonotype818,3
p25,clonotype819,2
p25,clonotype82,4
p25,clonotype820,3
p25,clonotype821,2
p25,clonotype822,2
p25,clonotype823,4
p25,clonotype824,3
p25,clonotype825,1
p25,clonotype826,3
p25,clonotype827,3
p25,clonotype828,3
p25,clonotype829,2
p25,clonotype83,1
p25,clonotype830,4
p25,clonotype831,3
p25,clonotype832,1
p25,clonotype833,3
p25,clonotype834,3
p25,clonotype835,3
p25,clonotype836,2
p25,clonotype837,3
p25,clonotype838,3
p25,clonotype839,2
p25,clonotype84,3
p25,clonotype840,2
p25,clonotype841,2
p25,clonotype842,3
p25,clonotype843,2
p25,clonotype844,1
p25,clonotype845,3
p25,clonotype846,4
p25,clonotype847,2
p25,clonotype848,2
p25,clonotype849,2
p25,clonotype85,3
p25,clonotype850,2
p25,clonotype851,2
p25,clonotype852,3
p25,clonotype853,3
p25,clonotype854,2
p25,clonotype855,3
p25,clonotype856,4
p25,clonotype857,2
p25,clonotype858,1
p25,clonotype859,3
p25,clonotype86,4
p25,clonotype860,3
p25,clonotype861,2
p25,clonotype862,2
p25,clonotype863,3
p25,clonotype864,1
p25,clonotype865,3
p25,clonotype866,2
p25,clonotype867,3
p25,clonotype868,2
p25,clonotype869,2
p25,clonotype87,4
p25,clonotype870,3
p25,clonotype872,2
p25,clonotype873,3
p25,clonotype874,3
p25,clonotype875,2
p25,clonotype876,2
p25,clonotype877,2
p25,clonotype878,3
p25,clonotype879,2
p25,clonotype88,5
p25,clonotype880,4
p25,clonotype881,3
p25,clonotype882,1
p25,clonotype883,1
p25,clonotype884,3
p25,clonotype885,1
p25,clonotype886,3
p25,clonotype887,2
p25,clonotype888,2
p25,clonotype889,3
p25,clonotype89,4
p25,clonotype890,3
p25,clonotype891,2
p25,clonotype892,4
p25,clonotype893,3
p25,clonotype894,2
p25,clonotype895,3
p25,clonotype896,1
p25,clonotype897,2
p25,clonotype898,2
p25,clonotype899,2
p25,clonotype9,6
p25,clonotype90,2
p25,clonotype900,3
p25,clonotype901,4
p25,clonotype902,2
p25,clonotype903,3
p25,clonotype904,3
p25,clonotype905,2
p25,clonotype906,3
p25,clonotype907,3
p25,clonotype908,2
p25,clonotype909,2
p25,clonotype91,4
p25,clonotype910,3
p25,clonotype911,3
p25,clonotype912,3
p25,clonotype913,3
p25,clonotype914,3
p25,clonotype915,3
p25,clonotype916,3
p25,clonotype917,3
p25,clonotype918,4
p25,clonotype919,4
p25,clonotype92,3
p25,clonotype920,2
p25,clonotype921,2
p25,clonotype922,2
p25,clonotype923,5
p25,clonotype924,3
p25,clonotype925,3
p25,clonotype926,3
p25,clonotype927,3
p25,clonotype928,3
p25,clonotype929,2
p25,clonotype93,3
p25,clonotype930,2
p25,clonotype931,3
p25,clonotype932,3
p25,clonotype933,2
p25,clonotype934,3
p25,clonotype935,2
p25,clonotype936,3
p25,clonotype937,3
p25,clonotype938,3
p25,clonotype939,1
p25,clonotype94,3
p25,clonotype940,3
p25,clonotype941,2
p25,clonotype942,2
p25,clonotype943,2
p25,clonotype944,1
p25,clonotype945,2
p25,clonotype946,3
p25,clonotype947,1
p25,clonotype948,3
p25,clonotype949,2
p25,clonotype95,3
p25,clonotype950,2
p25,clonotype951,3
p25,clonotype952,2
p25,clonotype953,3
p25,clonotype954,2
p25,clonotype955,3
p25,clonotype957,3
p25,clonotype958,3
p25,clonotype959,3
p25,clonotype96,4
p25,clonotype960,2
p25,clonotype961,1
p25,clonotype962,2
p25,clonotype963,3
p25,clonotype964,3
p25,clonotype965,2
p25,clonotype966,3
p25,clonotype967,2
p25,clonotype968,3
p25,clonotype969,1
p25,clonotype97,5
p25,clonotype970,3
p25,clonotype971,3
p25,clonotype972,1
p25,clonotype973,2
p25,clonotype974,3
p25,clonotype975,2
p25,clonotype976,2
p25,clonotype977,4
p25,clonotype978,3
p25,clonotype979,3
p25,clonotype98,4
p25,clonotype980,3
p25,clonotype981,3
p25,clonotype982,2
p25,clonotype983,3
p25,clonotype984,3
p25,clonotype985,3
p25,clonotype986,2
p25,clonotype987,3
p25,clonotype988,3
p25,clonotype989,3
p25,clonotype99,3
p25,clonotype990,2
p25,clonotype991,2
p25,clonotype992,2
p25,clonotype993,1
p25,clonotype994,1
p25,clonotype995,1
p25,clonotype997,1
p25,clonotype998,1
p25,clonotype999,1
p27,clonotype1,4
p27,clonotype10,3
p27,clonotype100,4
p27,clonotype1000,3
p27,clonotype1001,2
p27,clonotype1002,2
p27,clonotype1003,1
p27,clonotype1004,3
p27,clonotype1005,2
p27,clonotype1006,3
p27,clonotype1007,2
p27,clonotype1008,2
p27,clonotype1009,2
p27,clonotype101,5
p27,clonotype1010,2
p27,clonotype1011,1
p27,clonotype1012,2
p27,clonotype1013,2
p27,clonotype1014,1
p27,clonotype1015,1
p27,clonotype1016,2
p27,clonotype1017,1
p27,clonotype1018,1
p27,clonotype1019,2
p27,clonotype102,4
p27,clonotype1021,3
p27,clonotype1022,1
p27,clonotype1023,2
p27,clonotype1024,2
p27,clonotype1025,2
p27,clonotype1026,2
p27,clonotype1028,2
p27,clonotype1029,1
p27,clonotype103,3
p27,clonotype1030,2
p27,clonotype1031,2
p27,clonotype1032,2
p27,clonotype1033,2
p27,clonotype1034,2
p27,clonotype1035,2
p27,clonotype1036,2
p27,clonotype1037,2
p27,clonotype1038,1
p27,clonotype1039,2
p27,clonotype104,4
p27,clonotype1040,2
p27,clonotype1041,1
p27,clonotype1042,2
p27,clonotype1043,2
p27,clonotype1044,2
p27,clonotype1045,2
p27,clonotype1046,1
p27,clonotype1047,2
p27,clonotype1048,2
p27,clonotype1049,2
p27,clonotype105,4
p27,clonotype1050,1
p27,clonotype1051,2
p27,clonotype1052,1
p27,clonotype1053,2
p27,clonotype1054,3
p27,clonotype1055,1
p27,clonotype1056,2
p27,clonotype1057,3
p27,clonotype1058,1
p27,clonotype1059,2
p27,clonotype106,3
p27,clonotype1060,3
p27,clonotype1061,3
p27,clonotype1062,3
p27,clonotype1063,3
p27,clonotype1064,2
p27,clonotype1065,2
p27,clonotype1066,3
p27,clonotype1067,3
p27,clonotype1068,2
p27,clonotype1069,2
p27,clonotype107,4
p27,clonotype1070,3
p27,clonotype1071,3
p27,clonotype1072,1
p27,clonotype1073,2
p27,clonotype1074,2
p27,clonotype1075,3
p27,clonotype1076,1
p27,clonotype1077,2
p27,clonotype1078,1
p27,clonotype1079,3
p27,clonotype108,4
p27,clonotype1080,3
p27,clonotype1081,1
p27,clonotype1082,3
p27,clonotype1083,4
p27,clonotype1084,3
p27,clonotype1085,2
p27,clonotype1086,3
p27,clonotype1087,2
p27,clonotype1088,3
p27,clonotype1089,1
p27,clonotype109,3
p27,clonotype1090,2
p27,clonotype1091,3
p27,clonotype1092,2
p27,clonotype1093,2
p27,clonotype1094,2
p27,clonotype1095,2
p27,clonotype1096,1
p27,clonotype1097,2
p27,clonotype1098,1
p27,clonotype1099,2
p27,clonotype11,2
p27,clonotype110,4
p27,clonotype1100,1
p27,clonotype1101,1
p27,clonotype1102,1
p27,clonotype1103,1
p27,clonotype1104,2
p27,clonotype1105,1
p27,clonotype1106,2
p27,clonotype1107,2
p27,clonotype1108,2
p27,clonotype1109,2
p27,clonotype111,3
p27,clonotype1110,1
p27,clonotype1111,1
p27,clonotype1112,1
p27,clonotype1113,1
p27,clonotype1114,2
p27,clonotype1117,1
p27,clonotype1118,1
p27,clonotype1119,1
p27,clonotype112,3
p27,clonotype1120,1
p27,clonotype1121,1
p27,clonotype1122,2
p27,clonotype1123,2
p27,clonotype1124,1
p27,clonotype1125,1
p27,clonotype1126,1
p27,clonotype1127,1
p27,clonotype1128,1
p27,clonotype1129,2
p27,clonotype113,3
p27,clonotype1130,1
p27,clonotype1132,1
p27,clonotype1133,1
p27,clonotype1135,1
p27,clonotype1136,1
p27,clonotype1137,1
p27,clonotype1138,1
p27,clonotype114,3
p27,clonotype1140,2
p27,clonotype1141,1
p27,clonotype1142,2
p27,clonotype1143,1
p27,clonotype1144,1
p27,clonotype1145,1
p27,clonotype1147,1
p27,clonotype1148,1
p27,clonotype1149,1
p27,clonotype115,4
p27,clonotype1150,2
p27,clonotype1151,3
p27,clonotype1153,1
p27,clonotype1154,1
p27,clonotype1155,2
p27,clonotype1156,1
p27,clonotype1157,2
p27,clonotype116,5
p27,clonotype1160,1
p27,clonotype1161,1
p27,clonotype1162,1
p27,clonotype1164,1
p27,clonotype1165,1
p27,clonotype1166,1
p27,clonotype1167,1
p27,clonotype1168,1
p27,clonotype1169,1
p27,clonotype117,4
p27,clonotype1170,1
p27,clonotype1171,4
p27,clonotype1172,1
p27,clonotype1173,1
p27,clonotype1174,1
p27,clonotype1176,1
p27,clonotype1177,1
p27,clonotype1179,1
p27,clonotype118,4
p27,clonotype1180,1
p27,clonotype1181,1
p27,clonotype1182,2
p27,clonotype1183,1
p27,clonotype1184,1
p27,clonotype1186,1
p27,clonotype1187,1
p27,clonotype1188,1
p27,clonotype1189,2
p27,clonotype119,4
p27,clonotype1190,1
p27,clonotype1191,1
p27,clonotype1192,1
p27,clonotype1193,1
p27,clonotype1194,1
p27,clonotype1196,2
p27,clonotype1197,3
p27,clonotype1199,2
p27,clonotype12,2
p27,clonotype120,4
p27,clonotype1200,2
p27,clonotype1202,2
p27,clonotype1203,2
p27,clonotype1204,1
p27,clonotype1205,2
p27,clonotype1206,2
p27,clonotype1207,2
p27,clonotype1208,2
p27,clonotype1209,1
p27,clonotype121,4
p27,clonotype1210,2
p27,clonotype1211,2
p27,clonotype1212,2
p27,clonotype1213,2
p27,clonotype1214,1
p27,clonotype1215,2
p27,clonotype1216,1
p27,clonotype1218,2
p27,clonotype1219,2
p27,clonotype122,3
p27,clonotype1220,2
p27,clonotype1221,1
p27,clonotype1222,2
p27,clonotype1223,2
p27,clonotype1224,2
p27,clonotype1225,1
p27,clonotype1226,2
p27,clonotype1227,1
p27,clonotype1228,1
p27,clonotype1229,1
p27,clonotype123,4
p27,clonotype1230,1
p27,clonotype1231,1
p27,clonotype1232,1
p27,clonotype1233,3
p27,clonotype1234,1
p27,clonotype1236,2
p27,clonotype1237,3
p27,clonotype1238,1
p27,clonotype1239,2
p27,clonotype124,3
p27,clonotype1240,1
p27,clonotype1241,2
p27,clonotype1242,2
p27,clonotype1243,2
p27,clonotype1244,1
p27,clonotype1245,2
p27,clonotype1246,1
p27,clonotype1247,1
p27,clonotype1248,1
p27,clonotype1249,2
p27,clonotype125,4
p27,clonotype1250,3
p27,clonotype1251,2
p27,clonotype1252,2
p27,clonotype1253,2
p27,clonotype1254,2
p27,clonotype1255,2
p27,clonotype1256,1
p27,clonotype1257,2
p27,clonotype1258,2
p27,clonotype1259,1
p27,clonotype126,4
p27,clonotype1260,1
p27,clonotype1261,2
p27,clonotype1262,2
p27,clonotype1263,2
p27,clonotype1264,1
p27,clonotype1265,2
p27,clonotype1266,1
p27,clonotype1267,2
p27,clonotype1268,2
p27,clonotype1269,2
p27,clonotype127,2
p27,clonotype1270,2
p27,clonotype1271,1
p27,clonotype1272,2
p27,clonotype1273,2
p27,clonotype1274,2
p27,clonotype1275,2
p27,clonotype1276,2
p27,clonotype1277,2
p27,clonotype1278,3
p27,clonotype1279,2
p27,clonotype128,3
p27,clonotype1280,1
p27,clonotype1281,2
p27,clonotype1282,2
p27,clonotype1283,2
p27,clonotype1284,1
p27,clonotype1285,1
p27,clonotype1286,1
p27,clonotype1287,3
p27,clonotype1288,1
p27,clonotype1289,1
p27,clonotype129,2
p27,clonotype1290,2
p27,clonotype1291,2
p27,clonotype1292,1
p27,clonotype1293,2
p27,clonotype1294,2
p27,clonotype1295,1
p27,clonotype1296,1
p27,clonotype1297,1
p27,clonotype1298,1
p27,clonotype1299,1
p27,clonotype13,2
p27,clonotype130,1
p27,clonotype1302,1
p27,clonotype1303,1
p27,clonotype1304,1
p27,clonotype1305,1
p27,clonotype1306,1
p27,clonotype1307,1
p27,clonotype1308,1
p27,clonotype1309,1
p27,clonotype131,2
p27,clonotype1310,2
p27,clonotype1311,1
p27,clonotype1312,1
p27,clonotype1313,1
p27,clonotype1314,1
p27,clonotype1315,1
p27,clonotype1316,1
p27,clonotype1317,1
p27,clonotype1318,1
p27,clonotype132,2
p27,clonotype1320,2
p27,clonotype1321,2
p27,clonotype1322,1
p27,clonotype1323,1
p27,clonotype1325,1
p27,clonotype1326,2
p27,clonotype1328,1
p27,clonotype1329,1
p27,clonotype133,2
p27,clonotype1330,1
p27,clonotype1331,1
p27,clonotype1332,2
p27,clonotype1333,1
p27,clonotype1334,1
p27,clonotype1336,2
p27,clonotype1338,1
p27,clonotype1339,1
p27,clonotype134,3
p27,clonotype1340,1
p27,clonotype1341,1
p27,clonotype1342,1
p27,clonotype1343,1
p27,clonotype1344,1
p27,clonotype1345,2
p27,clonotype1346,1
p27,clonotype1348,1
p27,clonotype1349,2
p27,clonotype135,2
p27,clonotype1350,3
p27,clonotype1351,2
p27,clonotype1352,2
p27,clonotype1353,2
p27,clonotype1354,2
p27,clonotype1355,1
p27,clonotype1356,2
p27,clonotype1357,2
p27,clonotype1358,2
p27,clonotype1359,2
p27,clonotype136,3
p27,clonotype1360,3
p27,clonotype1361,1
p27,clonotype1362,2
p27,clonotype1363,3
p27,clonotype1364,2
p27,clonotype1365,2
p27,clonotype1366,2
p27,clonotype1367,2
p27,clonotype1368,1
p27,clonotype1369,2
p27,clonotype137,1
p27,clonotype1370,1
p27,clonotype1371,2
p27,clonotype1372,2
p27,clonotype1373,1
p27,clonotype1374,1
p27,clonotype1375,2
p27,clonotype1376,2
p27,clonotype1377,3
p27,clonotype1378,2
p27,clonotype1379,2
p27,clonotype1380,2
p27,clonotype1381,2
p27,clonotype1382,2
p27,clonotype1383,2
p27,clonotype1384,1
p27,clonotype1385,1
p27,clonotype1386,2
p27,clonotype1387,2
p27,clonotype1388,2
p27,clonotype1389,2
p27,clonotype139,1
p27,clonotype1390,2
p27,clonotype1391,1
p27,clonotype1392,1
p27,clonotype1393,2
p27,clonotype1394,2
p27,clonotype1395,2
p27,clonotype1396,2
p27,clonotype1397,1
p27,clonotype1398,2
p27,clonotype1399,2
p27,clonotype14,4
p27,clonotype140,1
p27,clonotype1400,2
p27,clonotype1401,1
p27,clonotype1402,1
p27,clonotype1403,1
p27,clonotype1404,1
p27,clonotype1405,2
p27,clonotype1406,1
p27,clonotype1407,1
p27,clonotype1408,1
p27,clonotype1409,1
p27,clonotype141,1
p27,clonotype1410,1
p27,clonotype1411,1
p27,clonotype1412,1
p27,clonotype1413,1
p27,clonotype1416,1
p27,clonotype1417,1
p27,clonotype1418,1
p27,clonotype1419,1
p27,clonotype142,1
p27,clonotype1420,1
p27,clonotype1421,1
p27,clonotype1422,1
p27,clonotype1423,1
p27,clonotype1424,1
p27,clonotype1425,1
p27,clonotype1426,1
p27,clonotype1427,1
p27,clonotype1428,1
p27,clonotype1429,1
p27,clonotype143,1
p27,clonotype1430,1
p27,clonotype1431,2
p27,clonotype1432,2
p27,clonotype1433,1
p27,clonotype1434,2
p27,clonotype1435,1
p27,clonotype1436,1
p27,clonotype1437,1
p27,clonotype1438,2
p27,clonotype1439,2
p27,clonotype144,2
p27,clonotype1440,2
p27,clonotype1441,1
p27,clonotype1442,1
p27,clonotype1443,2
p27,clonotype1444,3
p27,clonotype1445,3
p27,clonotype1446,2
p27,clonotype1447,3
p27,clonotype1448,3
p27,clonotype1449,3
p27,clonotype145,3
p27,clonotype1450,2
p27,clonotype1451,4
p27,clonotype1452,3
p27,clonotype1453,2
p27,clonotype1454,3
p27,clonotype1455,2
p27,clonotype1456,2
p27,clonotype1457,2
p27,clonotype1458,3
p27,clonotype146,1
p27,clonotype1460,2
p27,clonotype1461,3
p27,clonotype1462,2
p27,clonotype1463,4
p27,clonotype1464,4
p27,clonotype1465,4
p27,clonotype1466,4
p27,clonotype1467,3
p27,clonotype1468,4
p27,clonotype1469,2
p27,clonotype147,1
p27,clonotype1470,3
p27,clonotype1471,4
p27,clonotype1472,4
p27,clonotype1473,2
p27,clonotype1474,3
p27,clonotype1475,3
p27,clonotype1476,3
p27,clonotype1477,2
p27,clonotype1478,3
p27,clonotype1479,2
p27,clonotype148,1
p27,clonotype1480,3
p27,clonotype1481,3
p27,clonotype1482,3
p27,clonotype1483,3
p27,clonotype1484,1
p27,clonotype1485,1
p27,clonotype1486,4
p27,clonotype1487,3
p27,clonotype1488,3
p27,clonotype1489,3
p27,clonotype149,1
p27,clonotype1490,3
p27,clonotype1491,3
p27,clonotype1492,3
p27,clonotype1493,4
p27,clonotype1494,3
p27,clonotype1495,2
p27,clonotype1496,3
p27,clonotype1497,4
p27,clonotype1498,4
p27,clonotype1499,1
p27,clonotype15,2
p27,clonotype150,1
p27,clonotype1500,3
p27,clonotype1501,3
p27,clonotype1502,4
p27,clonotype1503,3
p27,clonotype1504,3
p27,clonotype1505,5
p27,clonotype1506,3
p27,clonotype1507,3
p27,clonotype1508,1
p27,clonotype1509,4
p27,clonotype151,1
p27,clonotype1510,3
p27,clonotype1511,3
p27,clonotype1512,1
p27,clonotype1513,4
p27,clonotype1514,4
p27,clonotype1515,4
p27,clonotype1516,3
p27,clonotype1517,2
p27,clonotype1518,3
p27,clonotype1519,3
p27,clonotype152,3
p27,clonotype1520,3
p27,clonotype1521,3
p27,clonotype1522,2
p27,clonotype1523,2
p27,clonotype1524,2
p27,clonotype1525,2
p27,clonotype1526,3
p27,clonotype1527,4
p27,clonotype1528,2
p27,clonotype1529,3
p27,clonotype153,1
p27,clonotype1530,4
p27,clonotype1531,3
p27,clonotype1532,3
p27,clonotype1533,3
p27,clonotype1534,3
p27,clonotype1535,3
p27,clonotype1536,3
p27,clonotype1537,4
p27,clonotype1538,2
p27,clonotype1539,2
p27,clonotype154,2
p27,clonotype1540,3
p27,clonotype1541,3
p27,clonotype1542,3
p27,clonotype1543,3
p27,clonotype1544,2
p27,clonotype1545,3
p27,clonotype1546,2
p27,clonotype1547,3
p27,clonotype1548,3
p27,clonotype1549,3
p27,clonotype155,2
p27,clonotype1550,3
p27,clonotype1551,3
p27,clonotype1552,1
p27,clonotype1553,1
p27,clonotype1554,4
p27,clonotype1555,1
p27,clonotype1556,3
p27,clonotype1557,3
p27,clonotype1558,1
p27,clonotype1559,1
p27,clonotype156,2
p27,clonotype1560,2
p27,clonotype1561,2
p27,clonotype1562,2
p27,clonotype1564,2
p27,clonotype1565,2
p27,clonotype1566,2
p27,clonotype1567,2
p27,clonotype1569,2
p27,clonotype157,3
p27,clonotype1570,2
p27,clonotype1571,2
p27,clonotype1572,2
p27,clonotype1573,3
p27,clonotype1574,2
p27,clonotype1575,2
p27,clonotype1576,2
p27,clonotype1577,2
p27,clonotype1578,2
p27,clonotype1579,2
p27,clonotype158,3
p27,clonotype1580,2
p27,clonotype1581,2
p27,clonotype1582,1
p27,clonotype1583,1
p27,clonotype1584,2
p27,clonotype1585,2
p27,clonotype1586,1
p27,clonotype1587,3
p27,clonotype1588,3
p27,clonotype1589,2
p27,clonotype159,3
p27,clonotype1590,1
p27,clonotype1591,2
p27,clonotype1592,1
p27,clonotype1593,1
p27,clonotype1594,2
p27,clonotype1595,2
p27,clonotype1596,2
p27,clonotype1597,1
p27,clonotype1598,2
p27,clonotype1599,2
p27,clonotype16,3
p27,clonotype160,2
p27,clonotype1600,2
p27,clonotype1601,2
p27,clonotype1603,2
p27,clonotype1604,2
p27,clonotype1605,2
p27,clonotype1606,2
p27,clonotype1607,1
p27,clonotype1608,2
p27,clonotype1609,2
p27,clonotype161,2
p27,clonotype1610,2
p27,clonotype1611,3
p27,clonotype1612,3
p27,clonotype1613,2
p27,clonotype1614,2
p27,clonotype1615,2
p27,clonotype1616,2
p27,clonotype1617,1
p27,clonotype1618,2
p27,clonotype1619,1
p27,clonotype162,2
p27,clonotype1620,2
p27,clonotype1621,2
p27,clonotype1622,1
p27,clonotype1623,1
p27,clonotype1624,2
p27,clonotype1625,2
p27,clonotype1626,2
p27,clonotype1627,2
p27,clonotype1628,2
p27,clonotype1629,2
p27,clonotype1630,2
p27,clonotype1631,2
p27,clonotype1632,1
p27,clonotype1633,2
p27,clonotype1634,2
p27,clonotype1635,2
p27,clonotype1636,1
p27,clonotype1637,2
p27,clonotype1638,2
p27,clonotype1639,2
p27,clonotype164,1
p27,clonotype1640,2
p27,clonotype1641,2
p27,clonotype1642,3
p27,clonotype1643,2
p27,clonotype1645,2
p27,clonotype1646,2
p27,clonotype1647,2
p27,clonotype1648,2
p27,clonotype1649,2
p27,clonotype165,2
p27,clonotype1650,2
p27,clonotype1651,2
p27,clonotype1652,2
p27,clonotype1653,1
p27,clonotype1654,2
p27,clonotype1655,2
p27,clonotype1656,1
p27,clonotype1657,2
p27,clonotype1658,2
p27,clonotype1659,2
p27,clonotype166,1
p27,clonotype1660,1
p27,clonotype1661,1
p27,clonotype1662,1
p27,clonotype1663,1
p27,clonotype1664,1
p27,clonotype1666,1
p27,clonotype1667,1
p27,clonotype1668,1
p27,clonotype1669,1
p27,clonotype167,2
p27,clonotype1670,1
p27,clonotype168,1
p27,clonotype169,1
p27,clonotype17,5
p27,clonotype170,1
p27,clonotype1705,1
p27,clonotype1709,1
p27,clonotype171,1
p27,clonotype1714,1
p27,clonotype172,1
p27,clonotype1722,1
p27,clonotype1726,2
p27,clonotype1727,1
p27,clonotype173,1
p27,clonotype1735,1
p27,clonotype1738,1
p27,clonotype174,1
p27,clonotype1740,1
p27,clonotype1747,1
p27,clonotype175,1
p27,clonotype1753,1
p27,clonotype176,2
p27,clonotype1762,1
p27,clonotype1767,1
p27,clonotype1769,3
p27,clonotype177,2
p27,clonotype1772,1
p27,clonotype178,2
p27,clonotype1782,1
p27,clonotype1784,1
p27,clonotype179,1
p27,clonotype1791,1
p27,clonotype1794,1
p27,clonotype1795,2
p27,clonotype18,5
p27,clonotype1806,1
p27,clonotype1807,1
p27,clonotype181,3
p27,clonotype1818,1
p27,clonotype182,2
p27,clonotype1825,1
p27,clonotype183,1
p27,clonotype1833,1
p27,clonotype1836,1
p27,clonotype1837,1
p27,clonotype1838,1
p27,clonotype1839,1
p27,clonotype184,2
p27,clonotype1840,1
p27,clonotype1841,1
p27,clonotype1842,1
p27,clonotype1843,1
p27,clonotype1844,1
p27,clonotype1846,1
p27,clonotype1848,1
p27,clonotype1849,2
p27,clonotype185,2
p27,clonotype1850,1
p27,clonotype1851,1
p27,clonotype1852,1
p27,clonotype1853,1
p27,clonotype1854,2
p27,clonotype1855,1
p27,clonotype1857,1
p27,clonotype1858,3
p27,clonotype1859,1
p27,clonotype186,2
p27,clonotype1860,1
p27,clonotype1861,1
p27,clonotype1863,1
p27,clonotype1864,3
p27,clonotype1865,2
p27,clonotype1866,1
p27,clonotype1867,2
p27,clonotype1868,1
p27,clonotype1869,1
p27,clonotype187,2
p27,clonotype1870,2
p27,clonotype1871,1
p27,clonotype1872,1
p27,clonotype1873,1
p27,clonotype1874,1
p27,clonotype1875,1
p27,clonotype1876,1
p27,clonotype1877,1
p27,clonotype1878,2
p27,clonotype1879,3
p27,clonotype188,2
p27,clonotype1880,2
p27,clonotype1881,2
p27,clonotype1882,1
p27,clonotype1883,2
p27,clonotype1885,1
p27,clonotype1886,1
p27,clonotype1887,1
p27,clonotype1888,1
p27,clonotype1889,1
p27,clonotype189,2
p27,clonotype1891,1
p27,clonotype1892,1
p27,clonotype1893,1
p27,clonotype1895,1
p27,clonotype1898,1
p27,clonotype1899,1
p27,clonotype19,1
p27,clonotype190,2
p27,clonotype1900,1
p27,clonotype1901,1
p27,clonotype1902,1
p27,clonotype1903,1
p27,clonotype1904,2
p27,clonotype1905,1
p27,clonotype1906,1
p27,clonotype1907,2
p27,clonotype1908,2
p27,clonotype191,3
p27,clonotype1910,2
p27,clonotype1911,2
p27,clonotype1912,2
p27,clonotype1913,2
p27,clonotype1914,1
p27,clonotype1915,2
p27,clonotype1916,2
p27,clonotype1917,1
p27,clonotype1918,2
p27,clonotype1919,3
p27,clonotype192,2
p27,clonotype1920,1
p27,clonotype1921,2
p27,clonotype1922,2
p27,clonotype1923,2
p27,clonotype1924,2
p27,clonotype1925,2
p27,clonotype1926,2
p27,clonotype1927,2
p27,clonotype1928,2
p27,clonotype1929,2
p27,clonotype193,2
p27,clonotype1930,2
p27,clonotype1931,2
p27,clonotype1932,1
p27,clonotype1933,2
p27,clonotype1934,2
p27,clonotype1935,2
p27,clonotype1936,2
p27,clonotype1937,2
p27,clonotype1938,2
p27,clonotype1939,2
p27,clonotype194,3
p27,clonotype1940,1
p27,clonotype1941,2
p27,clonotype1942,2
p27,clonotype1943,2
p27,clonotype1944,2
p27,clonotype1945,1
p27,clonotype1946,2
p27,clonotype1947,2
p27,clonotype1948,2
p27,clonotype1949,1
p27,clonotype195,1
p27,clonotype1950,2
p27,clonotype1951,1
p27,clonotype1952,2
p27,clonotype1953,2
p27,clonotype1954,2
p27,clonotype1955,1
p27,clonotype1956,2
p27,clonotype1957,1
p27,clonotype1958,2
p27,clonotype1959,3
p27,clonotype196,1
p27,clonotype1962,2
p27,clonotype1963,2
p27,clonotype1964,1
p27,clonotype1965,1
p27,clonotype1966,1
p27,clonotype1967,1
p27,clonotype1969,2
p27,clonotype197,2
p27,clonotype1970,1
p27,clonotype1971,2
p27,clonotype1972,2
p27,clonotype1973,2
p27,clonotype1974,2
p27,clonotype1975,2
p27,clonotype1976,1
p27,clonotype1977,2
p27,clonotype1978,2
p27,clonotype1979,3
p27,clonotype198,2
p27,clonotype1980,1
p27,clonotype1981,1
p27,clonotype1982,3
p27,clonotype1983,2
p27,clonotype1984,1
p27,clonotype1985,3
p27,clonotype1986,1
p27,clonotype1987,2
p27,clonotype1988,2
p27,clonotype1989,2
p27,clonotype199,1
p27,clonotype1990,2
p27,clonotype1991,1
p27,clonotype1992,1
p27,clonotype1993,1
p27,clonotype1994,1
p27,clonotype1995,1
p27,clonotype1997,1
p27,clonotype1998,1
p27,clonotype1999,1
p27,clonotype2,3
p27,clonotype20,4
p27,clonotype200,1
p27,clonotype2002,2
p27,clonotype2003,1
p27,clonotype2004,1
p27,clonotype2005,1
p27,clonotype2006,1
p27,clonotype2008,1
p27,clonotype2009,1
p27,clonotype201,1
p27,clonotype2010,2
p27,clonotype2013,3
p27,clonotype2014,2
p27,clonotype2016,1
p27,clonotype2017,1
p27,clonotype2019,1
p27,clonotype2020,1
p27,clonotype2021,1
p27,clonotype2022,1
p27,clonotype2024,1
p27,clonotype2025,1
p27,clonotype2026,2
p27,clonotype2027,1
p27,clonotype2028,2
p27,clonotype2029,2
p27,clonotype203,1
p27,clonotype2030,2
p27,clonotype2031,2
p27,clonotype2032,2
p27,clonotype2033,1
p27,clonotype2034,3
p27,clonotype2035,1
p27,clonotype2036,2
p27,clonotype2037,2
p27,clonotype2039,2
p27,clonotype204,2
p27,clonotype2040,1
p27,clonotype2041,2
p27,clonotype2042,2
p27,clonotype2043,2
p27,clonotype2044,3
p27,clonotype2045,1
p27,clonotype2046,2
p27,clonotype2047,2
p27,clonotype2048,2
p27,clonotype2049,2
p27,clonotype205,2
p27,clonotype2050,2
p27,clonotype2051,1
p27,clonotype2052,2
p27,clonotype2053,3
p27,clonotype2054,1
p27,clonotype2055,2
p27,clonotype2056,1
p27,clonotype2057,1
p27,clonotype2058,1
p27,clonotype2059,3
p27,clonotype2060,2
p27,clonotype2061,2
p27,clonotype2062,1
p27,clonotype2063,1
p27,clonotype2064,2
p27,clonotype2065,1
p27,clonotype2066,2
p27,clonotype2067,2
p27,clonotype2068,1
p27,clonotype2069,3
p27,clonotype207,1
p27,clonotype2070,3
p27,clonotype2071,3
p27,clonotype2072,2
p27,clonotype2073,2
p27,clonotype2074,2
p27,clonotype2075,3
p27,clonotype2076,2
p27,clonotype2077,3
p27,clonotype2078,3
p27,clonotype2079,4
p27,clonotype208,3
p27,clonotype2080,1
p27,clonotype2081,3
p27,clonotype2082,3
p27,clonotype2084,2
p27,clonotype2085,3
p27,clonotype2086,4
p27,clonotype2087,3
p27,clonotype2088,2
p27,clonotype2089,3
p27,clonotype209,2
p27,clonotype2090,3
p27,clonotype2091,3
p27,clonotype2092,2
p27,clonotype2093,3
p27,clonotype2094,4
p27,clonotype2095,2
p27,clonotype2096,3
p27,clonotype2097,3
p27,clonotype2098,2
p27,clonotype2099,2
p27,clonotype21,3
p27,clonotype210,2
p27,clonotype2100,1
p27,clonotype2101,3
p27,clonotype2102,3
p27,clonotype2103,1
p27,clonotype2104,3
p27,clonotype2105,2
p27,clonotype2106,3
p27,clonotype2107,3
p27,clonotype2108,2
p27,clonotype2109,3
p27,clonotype211,2
p27,clonotype2110,2
p27,clonotype2111,1
p27,clonotype2112,3
p27,clonotype2113,3
p27,clonotype2114,2
p27,clonotype2115,2
p27,clonotype2116,1
p27,clonotype2117,3
p27,clonotype2118,2
p27,clonotype2119,3
p27,clonotype212,1
p27,clonotype2120,3
p27,clonotype2121,3
p27,clonotype2122,2
p27,clonotype2123,3
p27,clonotype2124,3
p27,clonotype2125,1
p27,clonotype2126,2
p27,clonotype2127,3
p27,clonotype2128,3
p27,clonotype2129,3
p27,clonotype2130,2
p27,clonotype2131,3
p27,clonotype2132,3
p27,clonotype2133,2
p27,clonotype2134,2
p27,clonotype2135,3
p27,clonotype2136,3
p27,clonotype2137,3
p27,clonotype2138,3
p27,clonotype2139,3
p27,clonotype214,1
p27,clonotype2140,3
p27,clonotype2141,2
p27,clonotype2143,2
p27,clonotype2144,2
p27,clonotype2145,3
p27,clonotype2146,2
p27,clonotype2147,2
p27,clonotype2148,1
p27,clonotype2149,1
p27,clonotype215,1
p27,clonotype2151,2
p27,clonotype2152,2
p27,clonotype2153,2
p27,clonotype2154,2
p27,clonotype2155,2
p27,clonotype2156,2
p27,clonotype2157,2
p27,clonotype2158,2
p27,clonotype2159,3
p27,clonotype216,1
p27,clonotype2160,1
p27,clonotype2161,2
p27,clonotype2162,2
p27,clonotype2163,1
p27,clonotype2164,2
p27,clonotype2165,1
p27,clonotype2166,2
p27,clonotype2167,1
p27,clonotype2168,2
p27,clonotype217,1
p27,clonotype2170,2
p27,clonotype2172,2
p27,clonotype2173,2
p27,clonotype2174,2
p27,clonotype2175,2
p27,clonotype2176,1
p27,clonotype2177,1
p27,clonotype2178,2
p27,clonotype2179,2
p27,clonotype218,1
p27,clonotype2180,3
p27,clonotype2181,2
p27,clonotype2182,3
p27,clonotype2183,3
p27,clonotype2184,3
p27,clonotype2185,1
p27,clonotype2186,3
p27,clonotype2187,3
p27,clonotype2188,3
p27,clonotype2189,2
p27,clonotype219,1
p27,clonotype2190,3
p27,clonotype2191,2
p27,clonotype2192,3
p27,clonotype2193,2
p27,clonotype2194,3
p27,clonotype2195,3
p27,clonotype2196,1
p27,clonotype2197,3
p27,clonotype2198,2
p27,clonotype2199,4
p27,clonotype22,3
p27,clonotype220,1
p27,clonotype2200,3
p27,clonotype2201,3
p27,clonotype2202,3
p27,clonotype2203,3
p27,clonotype2204,3
p27,clonotype2205,3
p27,clonotype2206,2
p27,clonotype2207,3
p27,clonotype2208,2
p27,clonotype2209,3
p27,clonotype2210,3
p27,clonotype2211,2
p27,clonotype2212,2
p27,clonotype2213,2
p27,clonotype2214,1
p27,clonotype2215,2
p27,clonotype2216,1
p27,clonotype2217,2
p27,clonotype2218,2
p27,clonotype2219,2
p27,clonotype2220,1
p27,clonotype2221,1
p27,clonotype2222,2
p27,clonotype2223,2
p27,clonotype2224,1
p27,clonotype2225,3
p27,clonotype2226,3
p27,clonotype2227,3
p27,clonotype2228,4
p27,clonotype2229,2
p27,clonotype223,2
p27,clonotype2230,3
p27,clonotype2231,4
p27,clonotype2232,2
p27,clonotype2233,3
p27,clonotype2234,3
p27,clonotype2235,1
p27,clonotype2236,3
p27,clonotype2237,1
p27,clonotype2238,2
p27,clonotype2239,2
p27,clonotype224,2
p27,clonotype2240,2
p27,clonotype2241,1
p27,clonotype2242,2
p27,clonotype2243,1
p27,clonotype2244,2
p27,clonotype2245,2
p27,clonotype2246,3
p27,clonotype2247,3
p27,clonotype2248,3
p27,clonotype2249,3
p27,clonotype225,2
p27,clonotype2250,3
p27,clonotype2251,3
p27,clonotype2252,3
p27,clonotype2253,3
p27,clonotype2254,3
p27,clonotype2255,2
p27,clonotype2256,3
p27,clonotype2257,2
p27,clonotype2258,1
p27,clonotype2259,1
p27,clonotype226,2
p27,clonotype2260,2
p27,clonotype2261,3
p27,clonotype2262,3
p27,clonotype2263,2
p27,clonotype2264,2
p27,clonotype2265,1
p27,clonotype2266,2
p27,clonotype2267,1
p27,clonotype2268,2
p27,clonotype2269,2
p27,clonotype227,1
p27,clonotype2270,2
p27,clonotype2271,2
p27,clonotype2272,2
p27,clonotype2273,2
p27,clonotype2274,1
p27,clonotype2275,1
p27,clonotype2277,1
p27,clonotype2278,1
p27,clonotype2279,1
p27,clonotype228,3
p27,clonotype2280,1
p27,clonotype2281,1
p27,clonotype2282,1
p27,clonotype2283,1
p27,clonotype2284,1
p27,clonotype2285,2
p27,clonotype2286,1
p27,clonotype2287,2
p27,clonotype2288,2
p27,clonotype2289,1
p27,clonotype229,2
p27,clonotype2290,1
p27,clonotype2291,1
p27,clonotype2292,1
p27,clonotype2293,2
p27,clonotype2294,2
p27,clonotype2295,2
p27,clonotype2296,2
p27,clonotype2297,2
p27,clonotype2298,2
p27,clonotype2299,2
p27,clonotype23,3
p27,clonotype230,2
p27,clonotype2300,2
p27,clonotype2301,1
p27,clonotype2302,1
p27,clonotype2303,1
p27,clonotype2304,1
p27,clonotype2305,1
p27,clonotype2306,1
p27,clonotype2307,2
p27,clonotype2308,1
p27,clonotype2309,1
p27,clonotype231,2
p27,clonotype2310,1
p27,clonotype2311,1
p27,clonotype2313,1
p27,clonotype2316,1
p27,clonotype2317,1
p27,clonotype2319,1
p27,clonotype232,2
p27,clonotype2320,1
p27,clonotype2324,1
p27,clonotype2329,1
p27,clonotype233,1
p27,clonotype2337,1
p27,clonotype234,1
p27,clonotype2346,1
p27,clonotype2350,1
p27,clonotype236,1
p27,clonotype237,1
p27,clonotype2376,1
p27,clonotype238,1
p27,clonotype2380,1
p27,clonotype2389,1
p27,clonotype239,1
p27,clonotype2392,1
p27,clonotype2393,1
p27,clonotype2395,1
p27,clonotype24,2
p27,clonotype2403,1
p27,clonotype2409,1
p27,clonotype241,1
p27,clonotype2411,1
p27,clonotype2416,1
p27,clonotype242,1
p27,clonotype2427,1
p27,clonotype2428,1
p27,clonotype244,1
p27,clonotype2445,1
p27,clonotype2448,1
p27,clonotype2454,1
p27,clonotype2463,1
p27,clonotype2482,1
p27,clonotype2483,1
p27,clonotype2484,1
p27,clonotype2487,1
p27,clonotype2496,1
p27,clonotype25,3
p27,clonotype250,1
p27,clonotype2512,1
p27,clonotype2515,1
p27,clonotype2516,1
p27,clonotype2517,1
p27,clonotype2518,1
p27,clonotype2519,1
p27,clonotype2520,1
p27,clonotype2521,1
p27,clonotype2522,1
p27,clonotype2523,1
p27,clonotype2525,1
p27,clonotype2526,1
p27,clonotype2527,2
p27,clonotype2528,1
p27,clonotype2529,1
p27,clonotype2530,1
p27,clonotype2531,1
p27,clonotype2532,1
p27,clonotype2533,1
p27,clonotype2534,2
p27,clonotype2536,1
p27,clonotype2537,1
p27,clonotype2538,1
p27,clonotype2539,1
p27,clonotype2540,1
p27,clonotype2542,1
p27,clonotype2543,2
p27,clonotype2545,1
p27,clonotype2546,1
p27,clonotype2547,1
p27,clonotype2548,1
p27,clonotype2549,1
p27,clonotype2550,2
p27,clonotype2551,1
p27,clonotype2552,1
p27,clonotype2553,1
p27,clonotype2554,1
p27,clonotype2555,1
p27,clonotype2556,1
p27,clonotype2557,2
p27,clonotype2558,1
p27,clonotype2559,1
p27,clonotype2560,2
p27,clonotype2561,1
p27,clonotype2562,2
p27,clonotype2563,1
p27,clonotype2565,1
p27,clonotype2566,1
p27,clonotype2567,1
p27,clonotype2572,1
p27,clonotype2573,1
p27,clonotype2574,2
p27,clonotype2575,1
p27,clonotype2576,1
p27,clonotype2577,1
p27,clonotype2578,1
p27,clonotype258,1
p27,clonotype2580,1
p27,clonotype2581,2
p27,clonotype2582,1
p27,clonotype2584,1
p27,clonotype2585,1
p27,clonotype2586,1
p27,clonotype2588,1
p27,clonotype2589,1
p27,clonotype2590,1
p27,clonotype2591,1
p27,clonotype2592,1
p27,clonotype2593,1
p27,clonotype2594,1
p27,clonotype2595,1
p27,clonotype2596,1
p27,clonotype2597,1
p27,clonotype2598,1
p27,clonotype2599,1
p27,clonotype26,3
p27,clonotype2600,1
p27,clonotype2602,1
p27,clonotype2603,1
p27,clonotype2604,1
p27,clonotype2607,1
p27,clonotype2609,1
p27,clonotype2610,2
p27,clonotype2611,1
p27,clonotype2612,1
p27,clonotype2614,2
p27,clonotype2615,1
p27,clonotype2616,1
p27,clonotype2617,1
p27,clonotype2618,1
p27,clonotype2619,2
p27,clonotype2620,1
p27,clonotype2621,1
p27,clonotype2622,1
p27,clonotype2623,1
p27,clonotype2624,1
p27,clonotype2625,1
p27,clonotype2626,1
p27,clonotype2627,1
p27,clonotype2628,1
p27,clonotype2629,1
p27,clonotype2630,1
p27,clonotype2631,1
p27,clonotype2633,1
p27,clonotype2634,1
p27,clonotype2635,1
p27,clonotype2636,1
p27,clonotype2637,1
p27,clonotype2638,1
p27,clonotype2639,1
p27,clonotype2641,1
p27,clonotype2642,1
p27,clonotype2643,1
p27,clonotype2644,1
p27,clonotype2645,1
p27,clonotype2648,1
p27,clonotype265,2
p27,clonotype2650,1
p27,clonotype2651,1
p27,clonotype2652,1
p27,clonotype2653,1
p27,clonotype2654,1
p27,clonotype2655,1
p27,clonotype2656,2
p27,clonotype2657,1
p27,clonotype2658,1
p27,clonotype2660,1
p27,clonotype2661,1
p27,clonotype2662,1
p27,clonotype2663,1
p27,clonotype2664,1
p27,clonotype2671,1
p27,clonotype268,1
p27,clonotype269,1
p27,clonotype27,3
p27,clonotype270,2
p27,clonotype2707,2
p27,clonotype2709,2
p27,clonotype271,1
p27,clonotype2710,2
p27,clonotype2712,2
p27,clonotype2713,1
p27,clonotype2714,2
p27,clonotype2715,1
p27,clonotype2716,1
p27,clonotype2717,2
p27,clonotype2718,1
p27,clonotype2719,1
p27,clonotype272,2
p27,clonotype2720,2
p27,clonotype2721,1
p27,clonotype2722,2
p27,clonotype2723,1
p27,clonotype2724,1
p27,clonotype2725,1
p27,clonotype2726,1
p27,clonotype2727,1
p27,clonotype2728,1
p27,clonotype2729,1
p27,clonotype273,1
p27,clonotype2731,1
p27,clonotype2732,1
p27,clonotype2733,1
p27,clonotype2735,1
p27,clonotype2737,1
p27,clonotype2738,2
p27,clonotype2739,1
p27,clonotype274,2
p27,clonotype2740,1
p27,clonotype2741,1
p27,clonotype2742,2
p27,clonotype2743,1
p27,clonotype2744,1
p27,clonotype2745,1
p27,clonotype2746,1
p27,clonotype2747,1
p27,clonotype2749,1
p27,clonotype275,2
p27,clonotype2751,1
p27,clonotype2752,1
p27,clonotype2753,1
p27,clonotype2754,1
p27,clonotype2755,1
p27,clonotype2756,1
p27,clonotype2757,1
p27,clonotype2758,1
p27,clonotype2759,1
p27,clonotype276,1
p27,clonotype2760,1
p27,clonotype2761,1
p27,clonotype2762,1
p27,clonotype2763,1
p27,clonotype2764,1
p27,clonotype2765,1
p27,clonotype2766,1
p27,clonotype2767,1
p27,clonotype2768,1
p27,clonotype2769,1
p27,clonotype277,1
p27,clonotype2771,1
p27,clonotype2772,1
p27,clonotype2773,1
p27,clonotype2774,1
p27,clonotype2775,1
p27,clonotype2777,1
p27,clonotype2778,1
p27,clonotype278,1
p27,clonotype2780,1
p27,clonotype2781,1
p27,clonotype2782,1
p27,clonotype2783,1
p27,clonotype2784,2
p27,clonotype2785,1
p27,clonotype2786,1
p27,clonotype2788,1
p27,clonotype2789,1
p27,clonotype2790,1
p27,clonotype2791,2
p27,clonotype2792,1
p27,clonotype2793,1
p27,clonotype2794,2
p27,clonotype2795,2
p27,clonotype2796,1
p27,clonotype2797,1
p27,clonotype2798,1
p27,clonotype2799,1
p27,clonotype28,3
p27,clonotype280,1
p27,clonotype2800,1
p27,clonotype2801,1
p27,clonotype2802,1
p27,clonotype2803,2
p27,clonotype2804,2
p27,clonotype2805,2
p27,clonotype2806,2
p27,clonotype2807,2
p27,clonotype2808,2
p27,clonotype2809,2
p27,clonotype281,1
p27,clonotype2810,1
p27,clonotype2811,2
p27,clonotype2812,2
p27,clonotype2813,1
p27,clonotype2814,2
p27,clonotype2815,2
p27,clonotype2816,2
p27,clonotype2817,1
p27,clonotype2818,1
p27,clonotype2819,1
p27,clonotype2820,2
p27,clonotype2821,2
p27,clonotype2822,2
p27,clonotype2823,2
p27,clonotype2824,2
p27,clonotype2825,2
p27,clonotype2826,2
p27,clonotype2827,2
p27,clonotype2828,2
p27,clonotype2829,2
p27,clonotype283,1
p27,clonotype2830,1
p27,clonotype2831,1
p27,clonotype2832,2
p27,clonotype2833,2
p27,clonotype2834,2
p27,clonotype2835,2
p27,clonotype2836,1
p27,clonotype2837,2
p27,clonotype2838,2
p27,clonotype2839,2
p27,clonotype284,1
p27,clonotype2840,2
p27,clonotype2841,2
p27,clonotype2843,1
p27,clonotype2844,2
p27,clonotype2845,2
p27,clonotype2846,2
p27,clonotype2847,2
p27,clonotype2848,2
p27,clonotype2849,2
p27,clonotype285,1
p27,clonotype2850,2
p27,clonotype2851,2
p27,clonotype2852,2
p27,clonotype2853,2
p27,clonotype2854,2
p27,clonotype2855,2
p27,clonotype2856,2
p27,clonotype2857,1
p27,clonotype2858,2
p27,clonotype2859,2
p27,clonotype286,1
p27,clonotype2860,1
p27,clonotype2861,2
p27,clonotype2862,1
p27,clonotype2863,2
p27,clonotype2864,3
p27,clonotype2865,2
p27,clonotype2866,2
p27,clonotype2867,2
p27,clonotype2868,2
p27,clonotype2869,1
p27,clonotype287,1
p27,clonotype2870,1
p27,clonotype2871,2
p27,clonotype2872,1
p27,clonotype2873,1
p27,clonotype2874,2
p27,clonotype2875,1
p27,clonotype2876,1
p27,clonotype2877,2
p27,clonotype2878,2
p27,clonotype2879,2
p27,clonotype288,1
p27,clonotype2880,2
p27,clonotype2881,1
p27,clonotype2883,1
p27,clonotype2885,1
p27,clonotype2886,1
p27,clonotype2887,1
p27,clonotype2888,1
p27,clonotype289,1
p27,clonotype2890,1
p27,clonotype2892,1
p27,clonotype2893,1
p27,clonotype2894,1
p27,clonotype2896,1
p27,clonotype2897,1
p27,clonotype2898,1
p27,clonotype2899,1
p27,clonotype29,2
p27,clonotype290,1
p27,clonotype2900,1
p27,clonotype2901,1
p27,clonotype2902,1
p27,clonotype2903,1
p27,clonotype2904,1
p27,clonotype2905,1
p27,clonotype2907,1
p27,clonotype2908,1
p27,clonotype2909,1
p27,clonotype291,1
p27,clonotype2910,1
p27,clonotype2911,1
p27,clonotype2912,1
p27,clonotype2913,1
p27,clonotype2914,1
p27,clonotype2916,1
p27,clonotype2917,1
p27,clonotype2918,1
p27,clonotype2919,1
p27,clonotype292,1
p27,clonotype2920,1
p27,clonotype2921,1
p27,clonotype2922,1
p27,clonotype2923,1
p27,clonotype2924,1
p27,clonotype2925,1
p27,clonotype2926,1
p27,clonotype2927,1
p27,clonotype2928,1
p27,clonotype2929,1
p27,clonotype293,1
p27,clonotype2931,1
p27,clonotype2932,1
p27,clonotype2933,1
p27,clonotype2935,1
p27,clonotype2936,1
p27,clonotype2937,1
p27,clonotype2938,1
p27,clonotype294,1
p27,clonotype2940,2
p27,clonotype2941,1
p27,clonotype2942,2
p27,clonotype2943,1
p27,clonotype2944,2
p27,clonotype2945,1
p27,clonotype2946,1
p27,clonotype2947,2
p27,clonotype2948,2
p27,clonotype2949,2
p27,clonotype2950,2
p27,clonotype2951,1
p27,clonotype2952,1
p27,clonotype2953,2
p27,clonotype2954,2
p27,clonotype2955,2
p27,clonotype2956,2
p27,clonotype2957,2
p27,clonotype2958,2
p27,clonotype2959,2
p27,clonotype296,1
p27,clonotype2960,1
p27,clonotype2961,2
p27,clonotype2962,2
p27,clonotype2963,2
p27,clonotype2964,2
p27,clonotype2965,2
p27,clonotype2966,1
p27,clonotype2967,2
p27,clonotype2968,1
p27,clonotype2969,1
p27,clonotype2970,1
p27,clonotype2971,1
p27,clonotype2972,1
p27,clonotype2973,1
p27,clonotype2974,1
p27,clonotype2975,1
p27,clonotype2976,1
p27,clonotype2977,1
p27,clonotype2978,1
p27,clonotype2979,1
p27,clonotype298,1
p27,clonotype2980,1
p27,clonotype2981,1
p27,clonotype2983,1
p27,clonotype2984,1
p27,clonotype2985,1
p27,clonotype2986,1
p27,clonotype2987,2
p27,clonotype2988,1
p27,clonotype2989,2
p27,clonotype299,1
p27,clonotype2990,2
p27,clonotype2991,1
p27,clonotype2992,2
p27,clonotype2993,2
p27,clonotype2994,2
p27,clonotype2995,2
p27,clonotype2996,2
p27,clonotype2997,2
p27,clonotype2998,2
p27,clonotype2999,2
p27,clonotype3,2
p27,clonotype30,2
p27,clonotype300,1
p27,clonotype3000,2
p27,clonotype3001,2
p27,clonotype3002,2
p27,clonotype3003,2
p27,clonotype3004,2
p27,clonotype3005,2
p27,clonotype3006,2
p27,clonotype3008,1
p27,clonotype3009,1
p27,clonotype301,1
p27,clonotype3010,1
p27,clonotype3012,1
p27,clonotype3013,1
p27,clonotype3014,1
p27,clonotype3015,1
p27,clonotype3016,1
p27,clonotype3017,1
p27,clonotype3018,1
p27,clonotype3019,2
p27,clonotype302,1
p27,clonotype3020,2
p27,clonotype3021,1
p27,clonotype3022,1
p27,clonotype3023,1
p27,clonotype3024,1
p27,clonotype3025,1
p27,clonotype3026,1
p27,clonotype3027,2
p27,clonotype3028,2
p27,clonotype3029,2
p27,clonotype303,2
p27,clonotype3030,1
p27,clonotype3032,1
p27,clonotype3033,1
p27,clonotype3034,2
p27,clonotype3035,2
p27,clonotype3037,1
p27,clonotype3038,1
p27,clonotype3039,1
p27,clonotype304,1
p27,clonotype3040,1
p27,clonotype3041,1
p27,clonotype3042,2
p27,clonotype3043,1
p27,clonotype3044,1
p27,clonotype3045,3
p27,clonotype3046,2
p27,clonotype3047,2
p27,clonotype3048,1
p27,clonotype3049,2
p27,clonotype305,1
p27,clonotype3050,2
p27,clonotype3051,1
p27,clonotype3052,1
p27,clonotype3053,1
p27,clonotype3054,1
p27,clonotype3055,1
p27,clonotype3056,1
p27,clonotype3057,1
p27,clonotype3058,1
p27,clonotype3059,1
p27,clonotype306,2
p27,clonotype3061,2
p27,clonotype3062,2
p27,clonotype3063,2
p27,clonotype3064,1
p27,clonotype3065,2
p27,clonotype3066,2
p27,clonotype3067,1
p27,clonotype3068,2
p27,clonotype3069,1
p27,clonotype307,2
p27,clonotype3070,1
p27,clonotype3071,1
p27,clonotype3072,1
p27,clonotype3073,1
p27,clonotype3074,1
p27,clonotype3075,1
p27,clonotype3076,3
p27,clonotype3077,2
p27,clonotype3078,1
p27,clonotype3079,1
p27,clonotype308,2
p27,clonotype3080,1
p27,clonotype3081,1
p27,clonotype3082,2
p27,clonotype3083,1
p27,clonotype3084,1
p27,clonotype3085,2
p27,clonotype3086,1
p27,clonotype3087,2
p27,clonotype3088,2
p27,clonotype3089,1
p27,clonotype309,2
p27,clonotype3090,1
p27,clonotype3091,1
p27,clonotype3093,2
p27,clonotype3094,1
p27,clonotype3095,1
p27,clonotype3096,1
p27,clonotype3097,1
p27,clonotype3098,1
p27,clonotype3099,1
p27,clonotype31,3
p27,clonotype310,2
p27,clonotype3100,1
p27,clonotype3101,1
p27,clonotype3102,1
p27,clonotype3103,1
p27,clonotype3104,1
p27,clonotype3105,1
p27,clonotype3106,1
p27,clonotype3107,1
p27,clonotype3108,2
p27,clonotype3109,2
p27,clonotype311,1
p27,clonotype3110,1
p27,clonotype3112,1
p27,clonotype3113,1
p27,clonotype3114,1
p27,clonotype3115,1
p27,clonotype3116,1
p27,clonotype3118,1
p27,clonotype3119,1
p27,clonotype312,1
p27,clonotype3121,2
p27,clonotype3122,2
p27,clonotype3124,1
p27,clonotype3125,2
p27,clonotype3126,2
p27,clonotype3128,1
p27,clonotype3129,1
p27,clonotype313,1
p27,clonotype3131,1
p27,clonotype3132,1
p27,clonotype3134,1
p27,clonotype3138,1
p27,clonotype314,2
p27,clonotype3141,1
p27,clonotype3145,1
p27,clonotype3149,1
p27,clonotype315,2
p27,clonotype316,2
p27,clonotype3161,1
p27,clonotype3167,1
p27,clonotype3169,1
p27,clonotype317,2
p27,clonotype3172,1
p27,clonotype318,1
p27,clonotype3183,1
p27,clonotype3187,1
p27,clonotype3188,1
p27,clonotype319,3
p27,clonotype3197,1
p27,clonotype32,2
p27,clonotype320,1
p27,clonotype321,2
p27,clonotype322,2
p27,clonotype3220,1
p27,clonotype323,1
p27,clonotype324,3
p27,clonotype3241,1
p27,clonotype3245,1
p27,clonotype325,2
p27,clonotype326,2
p27,clonotype327,1
p27,clonotype3279,1
p27,clonotype328,2
p27,clonotype329,2
p27,clonotype33,2
p27,clonotype330,2
p27,clonotype3300,1
p27,clonotype3308,1
p27,clonotype331,2
p27,clonotype3313,1
p27,clonotype332,2
p27,clonotype333,3
p27,clonotype334,3
p27,clonotype335,1
p27,clonotype336,1
p27,clonotype337,2
p27,clonotype3375,1
p27,clonotype338,3
p27,clonotype339,2
p27,clonotype34,3
p27,clonotype340,2
p27,clonotype341,2
p27,clonotype3415,1
p27,clonotype342,2
p27,clonotype3429,1
p27,clonotype343,3
p27,clonotype344,3
p27,clonotype3440,1
p27,clonotype3441,1
p27,clonotype3442,1
p27,clonotype3443,1
p27,clonotype3444,1
p27,clonotype3448,1
p27,clonotype345,1
p27,clonotype3450,1
p27,clonotype3451,1
p27,clonotype3452,1
p27,clonotype3453,1
p27,clonotype3454,1
p27,clonotype3455,1
p27,clonotype3457,1
p27,clonotype3458,1
p27,clonotype346,3
p27,clonotype3460,1
p27,clonotype3463,1
p27,clonotype3464,1
p27,clonotype3465,1
p27,clonotype3466,1
p27,clonotype3467,1
p27,clonotype3468,1
p27,clonotype3469,1
p27,clonotype347,3
p27,clonotype3470,1
p27,clonotype3471,1
p27,clonotype3472,1
p27,clonotype3474,1
p27,clonotype3475,1
p27,clonotype3476,1
p27,clonotype3477,1
p27,clonotype3478,1
p27,clonotype348,1
p27,clonotype3480,1
p27,clonotype3481,1
p27,clonotype3482,1
p27,clonotype3483,1
p27,clonotype3484,2
p27,clonotype3485,1
p27,clonotype3486,2
p27,clonotype3487,1
p27,clonotype3489,1
p27,clonotype349,2
p27,clonotype3490,1
p27,clonotype3492,1
p27,clonotype3493,1
p27,clonotype3494,1
p27,clonotype3495,1
p27,clonotype3496,1
p27,clonotype3497,1
p27,clonotype3498,1
p27,clonotype3499,1
p27,clonotype35,1
p27,clonotype350,3
p27,clonotype3500,1
p27,clonotype3501,1
p27,clonotype3502,1
p27,clonotype3503,1
p27,clonotype3504,1
p27,clonotype3506,1
p27,clonotype3508,1
p27,clonotype3509,1
p27,clonotype351,3
p27,clonotype3510,1
p27,clonotype3511,1
p27,clonotype3512,1
p27,clonotype3513,1
p27,clonotype3515,1
p27,clonotype3516,1
p27,clonotype3517,1
p27,clonotype3519,1
p27,clonotype352,2
p27,clonotype3520,1
p27,clonotype3522,1
p27,clonotype3523,1
p27,clonotype3524,1
p27,clonotype3525,1
p27,clonotype3526,1
p27,clonotype3527,1
p27,clonotype3528,1
p27,clonotype3529,1
p27,clonotype353,3
p27,clonotype3530,1
p27,clonotype3531,1
p27,clonotype3532,1
p27,clonotype3534,1
p27,clonotype3535,1
p27,clonotype3536,1
p27,clonotype3537,1
p27,clonotype3538,1
p27,clonotype3539,1
p27,clonotype354,2
p27,clonotype3540,1
p27,clonotype3541,1
p27,clonotype3542,1
p27,clonotype3543,1
p27,clonotype3544,1
p27,clonotype3545,1
p27,clonotype3547,1
p27,clonotype3548,1
p27,clonotype3549,1
p27,clonotype355,2
p27,clonotype3550,1
p27,clonotype3551,1
p27,clonotype3552,1
p27,clonotype3554,1
p27,clonotype3555,1
p27,clonotype3556,1
p27,clonotype3558,1
p27,clonotype3559,1
p27,clonotype356,4
p27,clonotype3560,1
p27,clonotype3561,1
p27,clonotype3562,1
p27,clonotype3563,1
p27,clonotype3564,1
p27,clonotype3565,1
p27,clonotype3566,1
p27,clonotype3567,1
p27,clonotype3568,1
p27,clonotype357,3
p27,clonotype3571,1
p27,clonotype3573,1
p27,clonotype3574,1
p27,clonotype3575,1
p27,clonotype3576,1
p27,clonotype3577,1
p27,clonotype3578,1
p27,clonotype358,1
p27,clonotype3580,1
p27,clonotype3581,1
p27,clonotype3582,1
p27,clonotype3583,1
p27,clonotype3584,1
p27,clonotype3585,1
p27,clonotype3586,1
p27,clonotype3587,2
p27,clonotype3588,1
p27,clonotype3589,1
p27,clonotype359,3
p27,clonotype3591,1
p27,clonotype3592,1
p27,clonotype3593,1
p27,clonotype3594,1
p27,clonotype3595,1
p27,clonotype3596,1
p27,clonotype3597,2
p27,clonotype3598,1
p27,clonotype3599,2
p27,clonotype36,3
p27,clonotype360,2
p27,clonotype3600,1
p27,clonotype3601,1
p27,clonotype3602,1
p27,clonotype3603,1
p27,clonotype3605,1
p27,clonotype3606,1
p27,clonotype3607,1
p27,clonotype3608,1
p27,clonotype361,3
p27,clonotype3610,1
p27,clonotype3611,1
p27,clonotype3612,1
p27,clonotype3614,1
p27,clonotype3617,1
p27,clonotype3618,1
p27,clonotype3619,1
p27,clonotype362,4
p27,clonotype3620,1
p27,clonotype3621,1
p27,clonotype3622,1
p27,clonotype3623,1
p27,clonotype3625,1
p27,clonotype3626,2
p27,clonotype3627,1
p27,clonotype3628,1
p27,clonotype3629,1
p27,clonotype363,3
p27,clonotype3630,1
p27,clonotype3631,1
p27,clonotype3633,2
p27,clonotype3634,1
p27,clonotype3635,1
p27,clonotype3636,1
p27,clonotype3637,1
p27,clonotype3638,2
p27,clonotype364,1
p27,clonotype3640,1
p27,clonotype3642,1
p27,clonotype3643,1
p27,clonotype3644,1
p27,clonotype3645,1
p27,clonotype3647,1
p27,clonotype3648,1
p27,clonotype3649,1
p27,clonotype365,1
p27,clonotype3650,1
p27,clonotype3651,1
p27,clonotype3652,1
p27,clonotype3653,1
p27,clonotype3655,1
p27,clonotype3656,1
p27,clonotype3657,1
p27,clonotype3658,1
p27,clonotype3659,1
p27,clonotype366,2
p27,clonotype3660,1
p27,clonotype3661,1
p27,clonotype3662,1
p27,clonotype3663,2
p27,clonotype3664,1
p27,clonotype3665,1
p27,clonotype3667,2
p27,clonotype3668,1
p27,clonotype3669,1
p27,clonotype367,1
p27,clonotype3670,2
p27,clonotype3671,1
p27,clonotype3672,1
p27,clonotype3673,1
p27,clonotype3674,1
p27,clonotype3675,1
p27,clonotype3676,1
p27,clonotype3677,1
p27,clonotype3678,1
p27,clonotype3679,1
p27,clonotype368,2
p27,clonotype3680,1
p27,clonotype3681,1
p27,clonotype3682,2
p27,clonotype3683,1
p27,clonotype3684,1
p27,clonotype3685,1
p27,clonotype3686,1
p27,clonotype3687,2
p27,clonotype3689,1
p27,clonotype369,2
p27,clonotype3690,1
p27,clonotype3691,1
p27,clonotype3692,1
p27,clonotype3693,1
p27,clonotype3694,1
p27,clonotype3695,2
p27,clonotype3697,1
p27,clonotype3698,1
p27,clonotype3699,1
p27,clonotype37,3
p27,clonotype370,2
p27,clonotype3700,1
p27,clonotype3701,1
p27,clonotype3702,1
p27,clonotype3703,1
p27,clonotype371,2
p27,clonotype372,2
p27,clonotype373,2
p27,clonotype374,2
p27,clonotype375,1
p27,clonotype376,2
p27,clonotype378,1
p27,clonotype379,1
p27,clonotype38,2
p27,clonotype3874,1
p27,clonotype3875,1
p27,clonotype3876,1
p27,clonotype3878,1
p27,clonotype3879,1
p27,clonotype388,1
p27,clonotype3880,1
p27,clonotype3881,1
p27,clonotype3882,1
p27,clonotype3883,1
p27,clonotype3884,1
p27,clonotype3885,1
p27,clonotype3887,1
p27,clonotype3888,1
p27,clonotype3889,1
p27,clonotype3890,1
p27,clonotype3891,1
p27,clonotype3892,1
p27,clonotype3893,1
p27,clonotype3894,1
p27,clonotype3895,1
p27,clonotype3897,1
p27,clonotype3899,1
p27,clonotype39,2
p27,clonotype3900,1
p27,clonotype3901,1
p27,clonotype3902,1
p27,clonotype3903,1
p27,clonotype3904,1
p27,clonotype3906,1
p27,clonotype3908,1
p27,clonotype3909,1
p27,clonotype3910,1
p27,clonotype3911,1
p27,clonotype3912,1
p27,clonotype3913,1
p27,clonotype3914,1
p27,clonotype3915,1
p27,clonotype3916,1
p27,clonotype3918,1
p27,clonotype3919,1
p27,clonotype3920,1
p27,clonotype3922,1
p27,clonotype3923,1
p27,clonotype3924,1
p27,clonotype3925,1
p27,clonotype3926,1
p27,clonotype3927,1
p27,clonotype3928,1
p27,clonotype3930,1
p27,clonotype3931,1
p27,clonotype3933,1
p27,clonotype3934,1
p27,clonotype3935,1
p27,clonotype3936,1
p27,clonotype3937,1
p27,clonotype3938,1
p27,clonotype3939,1
p27,clonotype394,1
p27,clonotype3940,1
p27,clonotype3941,1
p27,clonotype3942,1
p27,clonotype3944,1
p27,clonotype3945,1
p27,clonotype3946,1
p27,clonotype3947,1
p27,clonotype3948,1
p27,clonotype3949,1
p27,clonotype3950,1
p27,clonotype3951,1
p27,clonotype3952,1
p27,clonotype3953,1
p27,clonotype3954,1
p27,clonotype3955,1
p27,clonotype3957,1
p27,clonotype3958,1
p27,clonotype3959,1
p27,clonotype3960,1
p27,clonotype3961,1
p27,clonotype3963,1
p27,clonotype3964,1
p27,clonotype3966,1
p27,clonotype3967,1
p27,clonotype3968,1
p27,clonotype3969,1
p27,clonotype3970,1
p27,clonotype3971,1
p27,clonotype3972,1
p27,clonotype3973,1
p27,clonotype3974,1
p27,clonotype3975,1
p27,clonotype3976,1
p27,clonotype3977,1
p27,clonotype3978,1
p27,clonotype3979,1
p27,clonotype3980,1
p27,clonotype3981,1
p27,clonotype3982,1
p27,clonotype3983,1
p27,clonotype3984,1
p27,clonotype3985,1
p27,clonotype3986,1
p27,clonotype3987,1
p27,clonotype3988,1
p27,clonotype3989,1
p27,clonotype399,1
p27,clonotype3990,1
p27,clonotype3991,1
p27,clonotype3992,1
p27,clonotype3993,1
p27,clonotype3994,1
p27,clonotype3995,1
p27,clonotype3996,1
p27,clonotype3997,1
p27,clonotype3998,1
p27,clonotype3999,1
p27,clonotype4,2
p27,clonotype40,3
p27,clonotype4066,1
p27,clonotype4067,1
p27,clonotype4068,1
p27,clonotype4069,1
p27,clonotype4070,1
p27,clonotype4071,1
p27,clonotype4072,1
p27,clonotype4073,1
p27,clonotype4074,1
p27,clonotype4075,1
p27,clonotype4076,1
p27,clonotype4078,1
p27,clonotype4079,1
p27,clonotype4080,1
p27,clonotype4081,1
p27,clonotype4082,1
p27,clonotype4083,1
p27,clonotype4084,1
p27,clonotype4085,1
p27,clonotype4086,1
p27,clonotype4087,1
p27,clonotype4088,1
p27,clonotype4089,1
p27,clonotype4090,1
p27,clonotype4091,1
p27,clonotype4092,1
p27,clonotype4093,1
p27,clonotype4094,1
p27,clonotype4095,1
p27,clonotype4096,1
p27,clonotype4097,1
p27,clonotype4098,1
p27,clonotype4099,1
p27,clonotype41,1
p27,clonotype410,1
p27,clonotype4100,1
p27,clonotype4101,1
p27,clonotype4102,1
p27,clonotype4103,1
p27,clonotype4104,1
p27,clonotype4105,1
p27,clonotype4106,1
p27,clonotype4107,1
p27,clonotype4108,1
p27,clonotype4109,1
p27,clonotype4110,1
p27,clonotype4111,1
p27,clonotype4112,1
p27,clonotype4113,1
p27,clonotype4114,1
p27,clonotype4115,1
p27,clonotype4116,1
p27,clonotype4117,1
p27,clonotype4118,1
p27,clonotype4119,1
p27,clonotype4120,1
p27,clonotype4121,1
p27,clonotype4122,1
p27,clonotype4123,1
p27,clonotype4124,1
p27,clonotype4125,1
p27,clonotype4150,1
p27,clonotype4151,1
p27,clonotype4152,1
p27,clonotype4153,1
p27,clonotype4154,1
p27,clonotype4155,1
p27,clonotype4156,1
p27,clonotype4159,1
p27,clonotype4160,1
p27,clonotype4162,1
p27,clonotype4163,1
p27,clonotype4164,1
p27,clonotype4166,1
p27,clonotype4167,1
p27,clonotype4168,1
p27,clonotype4169,1
p27,clonotype4170,1
p27,clonotype4171,1
p27,clonotype4172,1
p27,clonotype4173,1
p27,clonotype4174,1
p27,clonotype4175,1
p27,clonotype4176,1
p27,clonotype4177,1
p27,clonotype418,1
p27,clonotype4190,1
p27,clonotype4191,1
p27,clonotype4192,1
p27,clonotype4193,1
p27,clonotype4194,1
p27,clonotype4195,1
p27,clonotype4196,1
p27,clonotype4197,1
p27,clonotype42,3
p27,clonotype420,2
p27,clonotype421,1
p27,clonotype4215,1
p27,clonotype4217,1
p27,clonotype4218,1
p27,clonotype4219,1
p27,clonotype422,2
p27,clonotype423,1
p27,clonotype4232,1
p27,clonotype4234,1
p27,clonotype4235,1
p27,clonotype4236,1
p27,clonotype4238,1
p27,clonotype424,2
p27,clonotype4248,1
p27,clonotype4249,1
p27,clonotype4250,1
p27,clonotype4251,1
p27,clonotype4252,1
p27,clonotype4253,1
p27,clonotype4254,1
p27,clonotype4255,1
p27,clonotype4256,1
p27,clonotype4258,1
p27,clonotype4259,1
p27,clonotype426,2
p27,clonotype4260,1
p27,clonotype427,1
p27,clonotype4270,1
p27,clonotype4271,1
p27,clonotype4272,1
p27,clonotype4273,1
p27,clonotype4274,1
p27,clonotype4275,1
p27,clonotype4276,1
p27,clonotype4277,1
p27,clonotype428,1
p27,clonotype4285,1
p27,clonotype4286,1
p27,clonotype4287,1
p27,clonotype4288,1
p27,clonotype429,1
p27,clonotype4290,1
p27,clonotype4291,1
p27,clonotype43,3
p27,clonotype430,1
p27,clonotype431,2
p27,clonotype432,1
p27,clonotype434,1
p27,clonotype435,1
p27,clonotype436,1
p27,clonotype437,1
p27,clonotype438,1
p27,clonotype439,1
p27,clonotype44,2
p27,clonotype440,1
p27,clonotype441,1
p27,clonotype445,2
p27,clonotype446,2
p27,clonotype447,2
p27,clonotype448,2
p27,clonotype449,2
p27,clonotype45,3
p27,clonotype450,2
p27,clonotype451,1
p27,clonotype452,1
p27,clonotype453,2
p27,clonotype454,2
p27,clonotype455,2
p27,clonotype456,1
p27,clonotype457,2
p27,clonotype458,1
p27,clonotype459,2
p27,clonotype46,4
p27,clonotype460,1
p27,clonotype461,2
p27,clonotype462,2
p27,clonotype463,1
p27,clonotype464,2
p27,clonotype465,2
p27,clonotype466,2
p27,clonotype467,2
p27,clonotype469,3
p27,clonotype47,3
p27,clonotype471,2
p27,clonotype472,2
p27,clonotype473,1
p27,clonotype474,1
p27,clonotype475,2
p27,clonotype476,1
p27,clonotype477,1
p27,clonotype478,2
p27,clonotype479,1
p27,clonotype48,4
p27,clonotype480,1
p27,clonotype481,1
p27,clonotype482,2
p27,clonotype484,1
p27,clonotype485,1
p27,clonotype486,3
p27,clonotype487,2
p27,clonotype488,2
p27,clonotype489,2
p27,clonotype49,3
p27,clonotype490,1
p27,clonotype491,2
p27,clonotype492,1
p27,clonotype493,2
p27,clonotype494,2
p27,clonotype495,2
p27,clonotype496,3
p27,clonotype497,3
p27,clonotype498,3
p27,clonotype499,3
p27,clonotype5,4
p27,clonotype50,1
p27,clonotype500,2
p27,clonotype501,3
p27,clonotype502,1
p27,clonotype503,2
p27,clonotype504,2
p27,clonotype505,3
p27,clonotype506,4
p27,clonotype507,1
p27,clonotype508,2
p27,clonotype509,3
p27,clonotype51,2
p27,clonotype510,3
p27,clonotype511,2
p27,clonotype512,4
p27,clonotype513,3
p27,clonotype514,2
p27,clonotype515,2
p27,clonotype516,1
p27,clonotype517,3
p27,clonotype518,4
p27,clonotype519,4
p27,clonotype52,4
p27,clonotype520,2
p27,clonotype521,3
p27,clonotype522,4
p27,clonotype523,3
p27,clonotype524,1
p27,clonotype525,2
p27,clonotype526,1
p27,clonotype527,2
p27,clonotype528,3
p27,clonotype529,3
p27,clonotype53,2
p27,clonotype530,3
p27,clonotype531,2
p27,clonotype532,1
p27,clonotype533,1
p27,clonotype534,1
p27,clonotype535,3
p27,clonotype536,3
p27,clonotype537,2
p27,clonotype538,2
p27,clonotype539,3
p27,clonotype54,4
p27,clonotype540,2
p27,clonotype541,4
p27,clonotype542,3
p27,clonotype543,3
p27,clonotype544,3
p27,clonotype545,2
p27,clonotype546,3
p27,clonotype547,3
p27,clonotype548,3
p27,clonotype549,2
p27,clonotype55,5
p27,clonotype550,1
p27,clonotype551,2
p27,clonotype552,2
p27,clonotype553,2
p27,clonotype554,2
p27,clonotype555,2
p27,clonotype556,2
p27,clonotype557,2
p27,clonotype558,3
p27,clonotype559,2
p27,clonotype56,3
p27,clonotype560,2
p27,clonotype561,1
p27,clonotype562,1
p27,clonotype563,1
p27,clonotype564,2
p27,clonotype566,2
p27,clonotype567,2
p27,clonotype568,1
p27,clonotype57,3
p27,clonotype570,1
p27,clonotype571,1
p27,clonotype572,2
p27,clonotype573,2
p27,clonotype574,2
p27,clonotype575,2
p27,clonotype576,1
p27,clonotype577,1
p27,clonotype578,2
p27,clonotype579,1
p27,clonotype58,5
p27,clonotype580,1
p27,clonotype581,2
p27,clonotype582,2
p27,clonotype583,2
p27,clonotype584,2
p27,clonotype585,1
p27,clonotype586,1
p27,clonotype587,1
p27,clonotype59,4
p27,clonotype590,1
p27,clonotype591,2
p27,clonotype592,1
p27,clonotype593,3
p27,clonotype594,2
p27,clonotype596,1
p27,clonotype597,1
p27,clonotype599,1
p27,clonotype6,2
p27,clonotype60,3
p27,clonotype600,1
p27,clonotype602,2
p27,clonotype603,1
p27,clonotype604,1
p27,clonotype605,1
p27,clonotype606,1
p27,clonotype607,1
p27,clonotype608,1
p27,clonotype609,3
p27,clonotype61,2
p27,clonotype610,1
p27,clonotype611,2
p27,clonotype613,1
p27,clonotype615,1
p27,clonotype616,1
p27,clonotype617,1
p27,clonotype618,1
p27,clonotype619,1
p27,clonotype62,5
p27,clonotype620,1
p27,clonotype621,1
p27,clonotype622,1
p27,clonotype623,1
p27,clonotype624,1
p27,clonotype625,2
p27,clonotype626,1
p27,clonotype63,3
p27,clonotype637,1
p27,clonotype64,3
p27,clonotype65,2
p27,clonotype650,1
p27,clonotype657,1
p27,clonotype659,1
p27,clonotype66,2
p27,clonotype664,1
p27,clonotype667,1
p27,clonotype668,1
p27,clonotype67,3
p27,clonotype679,1
p27,clonotype68,3
p27,clonotype686,1
p27,clonotype69,4
p27,clonotype690,1
p27,clonotype692,1
p27,clonotype693,1
p27,clonotype694,3
p27,clonotype695,2
p27,clonotype696,3
p27,clonotype697,2
p27,clonotype698,1
p27,clonotype699,2
p27,clonotype7,4
p27,clonotype70,3
p27,clonotype700,1
p27,clonotype701,2
p27,clonotype702,1
p27,clonotype703,2
p27,clonotype704,2
p27,clonotype705,1
p27,clonotype706,2
p27,clonotype707,1
p27,clonotype709,1
p27,clonotype71,6
p27,clonotype710,2
p27,clonotype711,2
p27,clonotype712,1
p27,clonotype713,3
p27,clonotype714,2
p27,clonotype715,2
p27,clonotype716,2
p27,clonotype717,2
p27,clonotype718,2
p27,clonotype719,2
p27,clonotype72,3
p27,clonotype720,1
p27,clonotype721,2
p27,clonotype722,2
p27,clonotype723,2
p27,clonotype724,1
p27,clonotype725,3
p27,clonotype726,3
p27,clonotype727,2
p27,clonotype728,2
p27,clonotype729,3
p27,clonotype73,4
p27,clonotype730,2
p27,clonotype731,2
p27,clonotype732,3
p27,clonotype733,3
p27,clonotype734,3
p27,clonotype735,1
p27,clonotype736,3
p27,clonotype737,1
p27,clonotype738,2
p27,clonotype739,1
p27,clonotype74,4
p27,clonotype740,2
p27,clonotype741,1
p27,clonotype742,3
p27,clonotype743,3
p27,clonotype744,2
p27,clonotype745,3
p27,clonotype746,3
p27,clonotype747,3
p27,clonotype748,3
p27,clonotype749,3
p27,clonotype75,5
p27,clonotype750,3
p27,clonotype751,1
p27,clonotype752,2
p27,clonotype753,3
p27,clonotype754,2
p27,clonotype755,3
p27,clonotype756,2
p27,clonotype757,3
p27,clonotype758,3
p27,clonotype759,3
p27,clonotype76,3
p27,clonotype760,2
p27,clonotype761,4
p27,clonotype762,3
p27,clonotype763,3
p27,clonotype764,2
p27,clonotype765,2
p27,clonotype766,1
p27,clonotype767,2
p27,clonotype768,3
p27,clonotype769,3
p27,clonotype77,4
p27,clonotype770,2
p27,clonotype771,2
p27,clonotype772,2
p27,clonotype773,2
p27,clonotype774,2
p27,clonotype775,2
p27,clonotype776,3
p27,clonotype777,2
p27,clonotype778,2
p27,clonotype779,2
p27,clonotype78,4
p27,clonotype780,3
p27,clonotype781,1
p27,clonotype782,2
p27,clonotype783,3
p27,clonotype784,2
p27,clonotype785,3
p27,clonotype787,3
p27,clonotype788,2
p27,clonotype789,3
p27,clonotype79,4
p27,clonotype790,3
p27,clonotype791,3
p27,clonotype792,2
p27,clonotype793,3
p27,clonotype794,2
p27,clonotype795,3
p27,clonotype796,3
p27,clonotype797,3
p27,clonotype798,3
p27,clonotype799,3
p27,clonotype8,4
p27,clonotype80,4
p27,clonotype800,4
p27,clonotype801,3
p27,clonotype802,3
p27,clonotype803,3
p27,clonotype804,2
p27,clonotype805,2
p27,clonotype806,2
p27,clonotype807,3
p27,clonotype808,2
p27,clonotype809,1
p27,clonotype81,3
p27,clonotype810,3
p27,clonotype811,3
p27,clonotype812,1
p27,clonotype813,3
p27,clonotype814,1
p27,clonotype815,2
p27,clonotype816,2
p27,clonotype817,3
p27,clonotype819,2
p27,clonotype82,2
p27,clonotype820,2
p27,clonotype821,2
p27,clonotype823,1
p27,clonotype824,1
p27,clonotype825,1
p27,clonotype826,2
p27,clonotype827,2
p27,clonotype828,2
p27,clonotype829,2
p27,clonotype83,5
p27,clonotype830,2
p27,clonotype831,3
p27,clonotype832,2
p27,clonotype833,2
p27,clonotype834,1
p27,clonotype835,2
p27,clonotype836,1
p27,clonotype838,2
p27,clonotype839,1
p27,clonotype84,5
p27,clonotype840,1
p27,clonotype841,2
p27,clonotype842,1
p27,clonotype843,1
p27,clonotype844,2
p27,clonotype845,2
p27,clonotype846,2
p27,clonotype847,2
p27,clonotype848,2
p27,clonotype849,2
p27,clonotype85,4
p27,clonotype850,2
p27,clonotype851,1
p27,clonotype852,1
p27,clonotype853,1
p27,clonotype854,2
p27,clonotype855,1
p27,clonotype856,1
p27,clonotype857,1
p27,clonotype858,1
p27,clonotype859,1
p27,clonotype86,4
p27,clonotype860,2
p27,clonotype861,2
p27,clonotype862,1
p27,clonotype863,1
p27,clonotype864,1
p27,clonotype865,1
p27,clonotype866,2
p27,clonotype867,1
p27,clonotype868,1
p27,clonotype869,1
p27,clonotype87,3
p27,clonotype870,1
p27,clonotype871,1
p27,clonotype872,1
p27,clonotype873,1
p27,clonotype874,1
p27,clonotype875,1
p27,clonotype876,1
p27,clonotype877,2
p27,clonotype878,1
p27,clonotype879,1
p27,clonotype88,3
p27,clonotype880,1
p27,clonotype881,1
p27,clonotype882,1
p27,clonotype883,1
p27,clonotype884,1
p27,clonotype885,1
p27,clonotype886,1
p27,clonotype887,1
p27,clonotype888,1
p27,clonotype889,1
p27,clonotype89,3
p27,clonotype891,1
p27,clonotype893,1
p27,clonotype895,1
p27,clonotype896,2
p27,clonotype897,1
p27,clonotype898,1
p27,clonotype899,1
p27,clonotype9,4
p27,clonotype90,4
p27,clonotype900,1
p27,clonotype901,1
p27,clonotype902,1
p27,clonotype903,1
p27,clonotype905,1
p27,clonotype906,1
p27,clonotype907,2
p27,clonotype908,1
p27,clonotype909,1
p27,clonotype91,5
p27,clonotype910,2
p27,clonotype911,2
p27,clonotype912,1
p27,clonotype914,2
p27,clonotype915,2
p27,clonotype916,2
p27,clonotype917,1
p27,clonotype918,1
p27,clonotype919,2
p27,clonotype92,3
p27,clonotype920,1
p27,clonotype921,2
p27,clonotype922,1
p27,clonotype923,1
p27,clonotype924,2
p27,clonotype925,1
p27,clonotype926,1
p27,clonotype928,1
p27,clonotype929,1
p27,clonotype93,3
p27,clonotype932,1
p27,clonotype933,1
p27,clonotype934,1
p27,clonotype935,1
p27,clonotype937,1
p27,clonotype938,1
p27,clonotype94,4
p27,clonotype941,1
p27,clonotype942,1
p27,clonotype943,1
p27,clonotype944,1
p27,clonotype945,1
p27,clonotype947,1
p27,clonotype948,1
p27,clonotype949,1
p27,clonotype95,4
p27,clonotype950,1
p27,clonotype951,1
p27,clonotype952,1
p27,clonotype953,1
p27,clonotype954,1
p27,clonotype955,2
p27,clonotype956,1
p27,clonotype957,1
p27,clonotype958,1
p27,clonotype959,1
p27,clonotype96,4
p27,clonotype960,2
p27,clonotype961,1
p27,clonotype962,2
p27,clonotype963,1
p27,clonotype964,1
p27,clonotype965,1
p27,clonotype966,1
p27,clonotype967,1
p27,clonotype969,1
p27,clonotype97,2
p27,clonotype970,1
p27,clonotype971,3
p27,clonotype973,2
p27,clonotype974,2
p27,clonotype975,2
p27,clonotype976,2
p27,clonotype977,3
p27,clonotype978,2
p27,clonotype979,2
p27,clonotype98,3
p27,clonotype980,2
p27,clonotype981,2
p27,clonotype982,3
p27,clonotype983,3
p27,clonotype984,2
p27,clonotype985,1
p27,clonotype986,2
p27,clonotype987,2
p27,clonotype988,2
p27,clonotype989,3
p27,clonotype99,1
p27,clonotype990,1
p27,clonotype991,2
p27,clonotype992,1
p27,clonotype993,2
p27,clonotype994,2
p27,clonotype995,2
p27,clonotype996,2
p27,clonotype998,1
p27,clonotype999,2
p3,clonotype1,4
p3,clonotype10,2
p3,clonotype100,2
p3,clonotype1001,1
p3,clonotype1007,1
p3,clonotype101,3
p3,clonotype1011,1
p3,clonotype1012,2
p3,clonotype1013,1
p3,clonotype1015,1
p3,clonotype102,3
p3,clonotype1022,1
p3,clonotype1023,2
p3,clonotype1029,1
p3,clonotype103,4
p3,clonotype1031,1
p3,clonotype1032,1
p3,clonotype1033,1
p3,clonotype1035,2
p3,clonotype1037,1
p3,clonotype1039,2
p3,clonotype104,5
p3,clonotype105,4
p3,clonotype1056,1
p3,clonotype106,4
p3,clonotype107,4
p3,clonotype108,3
p3,clonotype109,2
p3,clonotype11,5
p3,clonotype110,3
p3,clonotype111,4
p3,clonotype112,2
p3,clonotype113,4
p3,clonotype114,2
p3,clonotype115,2
p3,clonotype116,5
p3,clonotype117,2
p3,clonotype118,2
p3,clonotype119,3
p3,clonotype12,4
p3,clonotype120,2
p3,clonotype121,3
p3,clonotype1213,1
p3,clonotype122,2
p3,clonotype1225,1
p3,clonotype123,4
p3,clonotype1236,1
p3,clonotype124,3
p3,clonotype1247,1
p3,clonotype125,3
p3,clonotype1253,2
p3,clonotype1259,1
p3,clonotype126,3
p3,clonotype1261,2
p3,clonotype1263,1
p3,clonotype1265,1
p3,clonotype127,2
p3,clonotype1272,1
p3,clonotype1274,1
p3,clonotype128,2
p3,clonotype1280,1
p3,clonotype1286,1
p3,clonotype1288,1
p3,clonotype129,2
p3,clonotype1290,1
p3,clonotype1295,1
p3,clonotype1297,1
p3,clonotype13,3
p3,clonotype130,4
p3,clonotype1306,1
p3,clonotype131,5
p3,clonotype1311,1
p3,clonotype1312,1
p3,clonotype1318,1
p3,clonotype1319,1
p3,clonotype132,3
p3,clonotype1328,1
p3,clonotype1329,1
p3,clonotype133,3
p3,clonotype1330,1
p3,clonotype1338,1
p3,clonotype134,3
p3,clonotype1340,1
p3,clonotype1345,1
p3,clonotype1349,1
p3,clonotype135,2
p3,clonotype1352,1
p3,clonotype1353,1
p3,clonotype136,5
p3,clonotype137,3
p3,clonotype1372,2
p3,clonotype1373,2
p3,clonotype1376,1
p3,clonotype138,3
p3,clonotype1382,1
p3,clonotype1383,1
p3,clonotype1385,2
p3,clonotype1389,1
p3,clonotype139,4
p3,clonotype1390,1
p3,clonotype1392,2
p3,clonotype1399,1
p3,clonotype14,4
p3,clonotype140,3
p3,clonotype1403,1
p3,clonotype1404,1
p3,clonotype1405,1
p3,clonotype1406,1
p3,clonotype1407,1
p3,clonotype1409,1
p3,clonotype141,3
p3,clonotype1412,1
p3,clonotype1417,1
p3,clonotype1419,1
p3,clonotype142,3
p3,clonotype1421,1
p3,clonotype1422,2
p3,clonotype1424,1
p3,clonotype143,3
p3,clonotype1430,1
p3,clonotype1432,1
p3,clonotype1434,1
p3,clonotype144,3
p3,clonotype1445,1
p3,clonotype1448,1
p3,clonotype1449,1
p3,clonotype145,4
p3,clonotype1452,1
p3,clonotype1459,1
p3,clonotype146,5
p3,clonotype147,5
p3,clonotype1470,1
p3,clonotype1472,1
p3,clonotype1478,1
p3,clonotype148,3
p3,clonotype1488,1
p3,clonotype1489,1
p3,clonotype149,4
p3,clonotype1491,1
p3,clonotype1492,1
p3,clonotype1493,1
p3,clonotype15,4
p3,clonotype150,5
p3,clonotype1508,1
p3,clonotype151,3
p3,clonotype1511,1
p3,clonotype1518,2
p3,clonotype1519,2
p3,clonotype152,3
p3,clonotype1525,1
p3,clonotype153,4
p3,clonotype1534,1
p3,clonotype1537,1
p3,clonotype1538,1
p3,clonotype154,3
p3,clonotype1541,1
p3,clonotype1542,1
p3,clonotype1549,2
p3,clonotype155,3
p3,clonotype1550,1
p3,clonotype1552,1
p3,clonotype1553,1
p3,clonotype1555,1
p3,clonotype1558,1
p3,clonotype156,4
p3,clonotype1560,1
p3,clonotype1562,2
p3,clonotype157,4
p3,clonotype1571,1
p3,clonotype1574,2
p3,clonotype1576,1
p3,clonotype1578,1
p3,clonotype158,4
p3,clonotype1580,1
p3,clonotype1584,1
p3,clonotype1585,1
p3,clonotype159,5
p3,clonotype1590,1
p3,clonotype1591,1
p3,clonotype1593,1
p3,clonotype1595,2
p3,clonotype1596,1
p3,clonotype1599,1
p3,clonotype16,5
p3,clonotype160,3
p3,clonotype1606,1
p3,clonotype1607,1
p3,clonotype1609,1
p3,clonotype161,4
p3,clonotype1610,1
p3,clonotype162,4
p3,clonotype1620,1
p3,clonotype1621,1
p3,clonotype1627,1
p3,clonotype163,3
p3,clonotype1630,1
p3,clonotype1632,1
p3,clonotype1634,1
p3,clonotype164,3
p3,clonotype1645,1
p3,clonotype165,3
p3,clonotype1655,1
p3,clonotype1656,1
p3,clonotype1657,1
p3,clonotype166,2
p3,clonotype1660,1
p3,clonotype1662,1
p3,clonotype167,1
p3,clonotype1670,1
p3,clonotype1675,1
p3,clonotype1676,1
p3,clonotype1678,1
p3,clonotype168,4
p3,clonotype1685,1
p3,clonotype1689,1
p3,clonotype169,2
p3,clonotype1690,1
p3,clonotype1697,2
p3,clonotype1698,1
p3,clonotype17,5
p3,clonotype170,1
p3,clonotype1701,1
p3,clonotype1702,1
p3,clonotype171,3
p3,clonotype1710,1
p3,clonotype1711,1
p3,clonotype1712,1
p3,clonotype1714,1
p3,clonotype172,2
p3,clonotype173,3
p3,clonotype1736,1
p3,clonotype174,2
p3,clonotype1746,1
p3,clonotype1748,1
p3,clonotype1749,1
p3,clonotype175,3
p3,clonotype1759,1
p3,clonotype176,4
p3,clonotype177,3
p3,clonotype178,3
p3,clonotype1780,1
p3,clonotype1783,1
p3,clonotype179,3
p3,clonotype18,5
p3,clonotype180,3
p3,clonotype181,1
p3,clonotype182,2
p3,clonotype183,3
p3,clonotype184,3
p3,clonotype185,4
p3,clonotype186,3
p3,clonotype187,4
p3,clonotype188,2
p3,clonotype189,3
p3,clonotype19,4
p3,clonotype190,3
p3,clonotype191,1
p3,clonotype192,1
p3,clonotype193,2
p3,clonotype194,2
p3,clonotype195,3
p3,clonotype196,2
p3,clonotype197,4
p3,clonotype198,1
p3,clonotype1983,1
p3,clonotype1985,1
p3,clonotype199,1
p3,clonotype1991,1
p3,clonotype2,5
p3,clonotype20,4
p3,clonotype200,3
p3,clonotype2004,1
p3,clonotype201,2
p3,clonotype2014,1
p3,clonotype2017,1
p3,clonotype202,1
p3,clonotype2021,1
p3,clonotype2023,1
p3,clonotype203,2
p3,clonotype2030,1
p3,clonotype2032,1
p3,clonotype2033,1
p3,clonotype2037,1
p3,clonotype2038,1
p3,clonotype2039,1
p3,clonotype204,2
p3,clonotype2044,1
p3,clonotype2049,1
p3,clonotype205,4
p3,clonotype2050,1
p3,clonotype2051,2
p3,clonotype206,3
p3,clonotype2061,1
p3,clonotype2067,2
p3,clonotype207,3
p3,clonotype2070,1
p3,clonotype2079,1
p3,clonotype208,3
p3,clonotype2080,2
p3,clonotype2082,1
p3,clonotype2085,1
p3,clonotype209,3
p3,clonotype2095,1
p3,clonotype2098,1
p3,clonotype21,2
p3,clonotype210,2
p3,clonotype2100,1
p3,clonotype2101,1
p3,clonotype2104,1
p3,clonotype2108,2
p3,clonotype211,1
p3,clonotype2112,1
p3,clonotype2117,1
p3,clonotype212,3
p3,clonotype2120,1
p3,clonotype2124,1
p3,clonotype2126,1
p3,clonotype2127,1
p3,clonotype213,4
p3,clonotype2136,1
p3,clonotype2137,1
p3,clonotype214,2
p3,clonotype2142,1
p3,clonotype2144,1
p3,clonotype2145,1
p3,clonotype2146,1
p3,clonotype215,4
p3,clonotype2152,1
p3,clonotype2153,1
p3,clonotype2154,1
p3,clonotype2155,1
p3,clonotype2156,1
p3,clonotype2159,1
p3,clonotype216,4
p3,clonotype2160,1
p3,clonotype2162,1
p3,clonotype2166,1
p3,clonotype2167,1
p3,clonotype217,4
p3,clonotype2171,1
p3,clonotype2176,2
p3,clonotype2177,1
p3,clonotype218,4
p3,clonotype2184,3
p3,clonotype2185,1
p3,clonotype2187,1
p3,clonotype2189,1
p3,clonotype219,4
p3,clonotype2191,1
p3,clonotype2194,1
p3,clonotype22,4
p3,clonotype220,3
p3,clonotype2205,1
p3,clonotype2209,1
p3,clonotype221,3
p3,clonotype2211,1
p3,clonotype2212,1
p3,clonotype2217,1
p3,clonotype2218,1
p3,clonotype2219,1
p3,clonotype222,3
p3,clonotype2221,1
p3,clonotype2227,1
p3,clonotype223,3
p3,clonotype2233,1
p3,clonotype2235,1
p3,clonotype224,2
p3,clonotype225,3
p3,clonotype2255,1
p3,clonotype2257,1
p3,clonotype226,4
p3,clonotype2263,2
p3,clonotype2264,1
p3,clonotype227,4
p3,clonotype2271,2
p3,clonotype2273,1
p3,clonotype2277,1
p3,clonotype228,4
p3,clonotype2280,1
p3,clonotype2281,1
p3,clonotype2286,1
p3,clonotype229,3
p3,clonotype2291,1
p3,clonotype2292,1
p3,clonotype2295,1
p3,clonotype23,6
p3,clonotype230,3
p3,clonotype2301,1
p3,clonotype2302,1
p3,clonotype2305,1
p3,clonotype2306,1
p3,clonotype231,4
p3,clonotype2310,1
p3,clonotype2312,1
p3,clonotype2314,1
p3,clonotype232,2
p3,clonotype2320,1
p3,clonotype2321,1
p3,clonotype2322,1
p3,clonotype233,3
p3,clonotype2333,1
p3,clonotype2335,1
p3,clonotype2338,2
p3,clonotype2339,1
p3,clonotype234,2
p3,clonotype2341,1
p3,clonotype2343,1
p3,clonotype2348,1
p3,clonotype235,2
p3,clonotype2355,1
p3,clonotype2356,1
p3,clonotype236,5
p3,clonotype2369,1
p3,clonotype237,3
p3,clonotype2370,1
p3,clonotype2373,2
p3,clonotype238,3
p3,clonotype2383,1
p3,clonotype2384,1
p3,clonotype239,3
p3,clonotype2391,1
p3,clonotype24,6
p3,clonotype240,3
p3,clonotype2404,1
p3,clonotype2408,1
p3,clonotype241,3
p3,clonotype2411,1
p3,clonotype2412,1
p3,clonotype2414,1
p3,clonotype2416,1
p3,clonotype242,2
p3,clonotype2425,1
p3,clonotype243,1
p3,clonotype244,1
p3,clonotype2441,1
p3,clonotype2443,1
p3,clonotype2447,1
p3,clonotype245,1
p3,clonotype2453,1
p3,clonotype2456,1
p3,clonotype246,2
p3,clonotype2460,1
p3,clonotype247,2
p3,clonotype2478,1
p3,clonotype248,1
p3,clonotype2481,1
p3,clonotype2483,1
p3,clonotype2486,1
p3,clonotype249,1
p3,clonotype2495,1
p3,clonotype2499,1
p3,clonotype25,3
p3,clonotype2505,1
p3,clonotype2507,1
p3,clonotype251,2
p3,clonotype2512,1
p3,clonotype2514,1
p3,clonotype2517,1
p3,clonotype252,1
p3,clonotype2525,1
p3,clonotype2526,1
p3,clonotype253,2
p3,clonotype254,2
p3,clonotype2542,1
p3,clonotype255,2
p3,clonotype2552,1
p3,clonotype2557,1
p3,clonotype256,1
p3,clonotype2566,1
p3,clonotype2568,1
p3,clonotype257,2
p3,clonotype2573,1
p3,clonotype2574,1
p3,clonotype258,2
p3,clonotype2586,1
p3,clonotype2587,1
p3,clonotype259,3
p3,clonotype2593,1
p3,clonotype2599,1
p3,clonotype26,5
p3,clonotype260,2
p3,clonotype2601,1
p3,clonotype2607,1
p3,clonotype261,3
p3,clonotype2613,1
p3,clonotype2617,1
p3,clonotype2619,1
p3,clonotype262,1
p3,clonotype2620,1
p3,clonotype2621,1
p3,clonotype2629,1
p3,clonotype263,3
p3,clonotype2631,1
p3,clonotype2633,1
p3,clonotype2636,1
p3,clonotype264,3
p3,clonotype2643,1
p3,clonotype2648,1
p3,clonotype265,1
p3,clonotype2655,1
p3,clonotype2658,1
p3,clonotype2659,1
p3,clonotype266,2
p3,clonotype2663,2
p3,clonotype2664,1
p3,clonotype2666,1
p3,clonotype267,2
p3,clonotype2672,2
p3,clonotype2673,2
p3,clonotype2674,1
p3,clonotype268,3
p3,clonotype2680,2
p3,clonotype2682,1
p3,clonotype2685,1
p3,clonotype269,2
p3,clonotype2693,1
p3,clonotype2695,1
p3,clonotype2699,1
p3,clonotype27,5
p3,clonotype270,2
p3,clonotype2700,1
p3,clonotype2706,1
p3,clonotype2707,1
p3,clonotype2709,1
p3,clonotype271,2
p3,clonotype2711,1
p3,clonotype272,3
p3,clonotype2722,1
p3,clonotype2725,1
p3,clonotype2726,1
p3,clonotype273,2
p3,clonotype2731,1
p3,clonotype2732,1
p3,clonotype2736,1
p3,clonotype274,2
p3,clonotype2744,1
p3,clonotype2747,1
p3,clonotype2749,1
p3,clonotype275,3
p3,clonotype2752,2
p3,clonotype2757,1
p3,clonotype2759,1
p3,clonotype276,4
p3,clonotype2762,1
p3,clonotype2764,1
p3,clonotype277,2
p3,clonotype2773,1
p3,clonotype278,3
p3,clonotype279,3
p3,clonotype2799,1
p3,clonotype28,7
p3,clonotype280,1
p3,clonotype2800,1
p3,clonotype2802,1
p3,clonotype2804,1
p3,clonotype2808,1
p3,clonotype281,3
p3,clonotype2811,1
p3,clonotype2813,1
p3,clonotype2818,1
p3,clonotype282,2
p3,clonotype2823,1
p3,clonotype2825,1
p3,clonotype283,1
p3,clonotype284,2
p3,clonotype2840,1
p3,clonotype2845,1
p3,clonotype2847,1
p3,clonotype2848,1
p3,clonotype285,2
p3,clonotype2854,1
p3,clonotype286,2
p3,clonotype287,1
p3,clonotype288,2
p3,clonotype2884,1
p3,clonotype289,2
p3,clonotype29,6
p3,clonotype290,2
p3,clonotype2900,1
p3,clonotype291,2
p3,clonotype292,2
p3,clonotype2920,1
p3,clonotype293,2
p3,clonotype294,2
p3,clonotype295,2
p3,clonotype296,4
p3,clonotype297,3
p3,clonotype298,3
p3,clonotype299,3
p3,clonotype3,3
p3,clonotype30,4
p3,clonotype300,2
p3,clonotype301,3
p3,clonotype302,3
p3,clonotype303,3
p3,clonotype304,2
p3,clonotype305,1
p3,clonotype3055,1
p3,clonotype3056,1
p3,clonotype3057,1
p3,clonotype306,3
p3,clonotype3061,1
p3,clonotype3065,1
p3,clonotype3066,1
p3,clonotype307,2
p3,clonotype308,2
p3,clonotype3088,1
p3,clonotype309,2
p3,clonotype3093,1
p3,clonotype3094,1
p3,clonotype3099,1
p3,clonotype31,5
p3,clonotype310,3
p3,clonotype3102,1
p3,clonotype311,2
p3,clonotype3118,1
p3,clonotype312,1
p3,clonotype3126,1
p3,clonotype313,2
p3,clonotype3137,1
p3,clonotype314,2
p3,clonotype3144,2
p3,clonotype315,2
p3,clonotype3150,1
p3,clonotype3156,1
p3,clonotype316,2
p3,clonotype3160,1
p3,clonotype3161,1
p3,clonotype3162,1
p3,clonotype3165,1
p3,clonotype3168,1
p3,clonotype317,1
p3,clonotype3170,1
p3,clonotype3172,1
p3,clonotype3173,1
p3,clonotype318,3
p3,clonotype3181,1
p3,clonotype3182,2
p3,clonotype3187,2
p3,clonotype319,2
p3,clonotype3192,1
p3,clonotype3196,1
p3,clonotype3197,1
p3,clonotype3198,1
p3,clonotype3199,2
p3,clonotype32,4
p3,clonotype320,2
p3,clonotype3201,1
p3,clonotype3202,1
p3,clonotype3208,1
p3,clonotype321,3
p3,clonotype3212,1
p3,clonotype3215,1
p3,clonotype3217,1
p3,clonotype3218,1
p3,clonotype3219,2
p3,clonotype322,3
p3,clonotype3222,1
p3,clonotype3223,2
p3,clonotype3229,1
p3,clonotype323,2
p3,clonotype3232,2
p3,clonotype3235,1
p3,clonotype324,3
p3,clonotype3240,1
p3,clonotype3243,1
p3,clonotype3247,1
p3,clonotype325,4
p3,clonotype3250,1
p3,clonotype3251,1
p3,clonotype3259,1
p3,clonotype326,4
p3,clonotype3268,1
p3,clonotype327,4
p3,clonotype3272,1
p3,clonotype328,2
p3,clonotype3280,1
p3,clonotype3285,1
p3,clonotype3287,1
p3,clonotype329,3
p3,clonotype3291,1
p3,clonotype3297,1
p3,clonotype3299,1
p3,clonotype33,3
p3,clonotype330,1
p3,clonotype3300,1
p3,clonotype3302,1
p3,clonotype3307,1
p3,clonotype3308,1
p3,clonotype331,2
p3,clonotype332,3
p3,clonotype3323,1
p3,clonotype333,1
p3,clonotype3330,1
p3,clonotype3331,1
p3,clonotype3336,1
p3,clonotype3337,1
p3,clonotype3338,1
p3,clonotype3339,1
p3,clonotype334,2
p3,clonotype3341,1
p3,clonotype3347,1
p3,clonotype335,3
p3,clonotype3350,2
p3,clonotype3354,2
p3,clonotype3355,1
p3,clonotype336,1
p3,clonotype3362,2
p3,clonotype3365,1
p3,clonotype337,1
p3,clonotype3370,2
p3,clonotype3374,1
p3,clonotype3375,2
p3,clonotype3378,1
p3,clonotype338,2
p3,clonotype3382,1
p3,clonotype3387,1
p3,clonotype339,2
p3,clonotype3390,1
p3,clonotype3394,1
p3,clonotype3396,1
p3,clonotype3397,1
p3,clonotype3398,1
p3,clonotype34,6
p3,clonotype340,2
p3,clonotype3402,1
p3,clonotype3404,1
p3,clonotype3406,1
p3,clonotype341,1
p3,clonotype3411,1
p3,clonotype342,4
p3,clonotype3422,1
p3,clonotype3423,1
p3,clonotype3424,1
p3,clonotype3427,1
p3,clonotype3428,1
p3,clonotype343,1
p3,clonotype3433,1
p3,clonotype344,1
p3,clonotype3440,1
p3,clonotype3441,1
p3,clonotype345,2
p3,clonotype3452,1
p3,clonotype3455,1
p3,clonotype3456,1
p3,clonotype3459,1
p3,clonotype346,2
p3,clonotype3462,1
p3,clonotype347,2
p3,clonotype3470,1
p3,clonotype3475,1
p3,clonotype3478,1
p3,clonotype348,2
p3,clonotype3482,1
p3,clonotype3483,1
p3,clonotype3484,1
p3,clonotype3489,1
p3,clonotype349,2
p3,clonotype3490,1
p3,clonotype3491,1
p3,clonotype3498,1
p3,clonotype35,4
p3,clonotype350,1
p3,clonotype3508,1
p3,clonotype351,1
p3,clonotype3511,1
p3,clonotype3513,1
p3,clonotype3516,1
p3,clonotype3518,1
p3,clonotype352,2
p3,clonotype3524,1
p3,clonotype3527,1
p3,clonotype353,2
p3,clonotype3533,1
p3,clonotype3537,1
p3,clonotype354,3
p3,clonotype3546,1
p3,clonotype3549,1
p3,clonotype355,3
p3,clonotype3552,1
p3,clonotype3554,1
p3,clonotype3555,1
p3,clonotype3556,1
p3,clonotype3559,1
p3,clonotype356,2
p3,clonotype3560,1
p3,clonotype3563,1
p3,clonotype3567,2
p3,clonotype357,1
p3,clonotype3574,1
p3,clonotype358,2
p3,clonotype3584,1
p3,clonotype359,1
p3,clonotype3593,1
p3,clonotype36,3
p3,clonotype3607,1
p3,clonotype3609,1
p3,clonotype361,1
p3,clonotype362,1
p3,clonotype3621,1
p3,clonotype363,1
p3,clonotype3632,1
p3,clonotype364,2
p3,clonotype365,1
p3,clonotype3656,1
p3,clonotype366,1
p3,clonotype3660,1
p3,clonotype3663,1
p3,clonotype3665,1
p3,clonotype3666,1
p3,clonotype367,1
p3,clonotype3671,1
p3,clonotype3672,1
p3,clonotype3681,1
p3,clonotype3688,2
p3,clonotype369,2
p3,clonotype3696,1
p3,clonotype3697,1
p3,clonotype37,5
p3,clonotype370,1
p3,clonotype3709,1
p3,clonotype371,1
p3,clonotype3713,1
p3,clonotype3716,1
p3,clonotype3717,1
p3,clonotype3718,1
p3,clonotype372,1
p3,clonotype3727,1
p3,clonotype373,1
p3,clonotype3732,1
p3,clonotype3734,1
p3,clonotype374,1
p3,clonotype375,1
p3,clonotype3752,1
p3,clonotype3753,1
p3,clonotype3757,1
p3,clonotype3759,1
p3,clonotype376,2
p3,clonotype3763,1
p3,clonotype3767,1
p3,clonotype3769,2
p3,clonotype377,1
p3,clonotype3773,1
p3,clonotype3775,1
p3,clonotype3776,1
p3,clonotype378,1
p3,clonotype3780,1
p3,clonotype3781,1
p3,clonotype3785,1
p3,clonotype3787,1
p3,clonotype3789,1
p3,clonotype379,2
p3,clonotype3795,1
p3,clonotype3798,1
p3,clonotype3799,1
p3,clonotype38,2
p3,clonotype380,1
p3,clonotype381,1
p3,clonotype3816,1
p3,clonotype3818,1
p3,clonotype382,1
p3,clonotype3820,1
p3,clonotype3822,1
p3,clonotype383,1
p3,clonotype3833,1
p3,clonotype384,1
p3,clonotype3854,1
p3,clonotype386,1
p3,clonotype3866,2
p3,clonotype387,2
p3,clonotype3870,1
p3,clonotype3871,1
p3,clonotype3873,1
p3,clonotype3877,1
p3,clonotype3879,1
p3,clonotype388,1
p3,clonotype3882,1
p3,clonotype3885,1
p3,clonotype389,1
p3,clonotype3891,1
p3,clonotype3899,1
p3,clonotype39,6
p3,clonotype390,2
p3,clonotype3904,1
p3,clonotype3909,1
p3,clonotype391,2
p3,clonotype3916,1
p3,clonotype3918,1
p3,clonotype3919,1
p3,clonotype392,2
p3,clonotype3922,1
p3,clonotype393,3
p3,clonotype394,3
p3,clonotype3943,2
p3,clonotype3944,1
p3,clonotype3946,1
p3,clonotype395,2
p3,clonotype3954,1
p3,clonotype3959,1
p3,clonotype396,2
p3,clonotype397,2
p3,clonotype3974,1
p3,clonotype3977,1
p3,clonotype3978,1
p3,clonotype398,1
p3,clonotype3989,1
p3,clonotype399,2
p3,clonotype4,4
p3,clonotype40,3
p3,clonotype400,2
p3,clonotype401,2
p3,clonotype4019,1
p3,clonotype402,2
p3,clonotype403,2
p3,clonotype4034,1
p3,clonotype404,2
p3,clonotype405,2
p3,clonotype406,2
p3,clonotype407,2
p3,clonotype408,2
p3,clonotype409,2
p3,clonotype41,5
p3,clonotype410,1
p3,clonotype411,2
p3,clonotype412,2
p3,clonotype413,2
p3,clonotype414,2
p3,clonotype415,3
p3,clonotype416,2
p3,clonotype417,3
p3,clonotype418,2
p3,clonotype419,2
p3,clonotype42,5
p3,clonotype420,2
p3,clonotype421,2
p3,clonotype422,2
p3,clonotype423,1
p3,clonotype424,1
p3,clonotype4246,1
p3,clonotype4249,1
p3,clonotype425,1
p3,clonotype4251,1
p3,clonotype4253,1
p3,clonotype426,1
p3,clonotype427,1
p3,clonotype4273,1
p3,clonotype4278,1
p3,clonotype428,1
p3,clonotype4284,1
p3,clonotype4286,2
p3,clonotype4288,1
p3,clonotype429,1
p3,clonotype43,2
p3,clonotype4301,1
p3,clonotype4303,1
p3,clonotype4310,1
p3,clonotype4313,1
p3,clonotype4314,2
p3,clonotype4316,1
p3,clonotype432,1
p3,clonotype4321,1
p3,clonotype433,2
p3,clonotype4338,1
p3,clonotype4339,1
p3,clonotype434,3
p3,clonotype4348,1
p3,clonotype435,3
p3,clonotype436,2
p3,clonotype4366,1
p3,clonotype437,1
p3,clonotype4372,1
p3,clonotype438,2
p3,clonotype4380,2
p3,clonotype4388,1
p3,clonotype439,2
p3,clonotype4398,1
p3,clonotype44,3
p3,clonotype440,1
p3,clonotype441,2
p3,clonotype442,2
p3,clonotype4425,1
p3,clonotype4428,1
p3,clonotype443,3
p3,clonotype4437,2
p3,clonotype444,3
p3,clonotype4440,1
p3,clonotype4447,1
p3,clonotype4449,1
p3,clonotype445,2
p3,clonotype446,2
p3,clonotype4464,1
p3,clonotype4465,1
p3,clonotype4468,1
p3,clonotype447,2
p3,clonotype4475,1
p3,clonotype448,2
p3,clonotype449,2
p3,clonotype4491,2
p3,clonotype4493,1
p3,clonotype4498,1
p3,clonotype45,3
p3,clonotype450,2
p3,clonotype4500,1
p3,clonotype4505,1
p3,clonotype4508,1
p3,clonotype451,2
p3,clonotype4510,1
p3,clonotype4511,1
p3,clonotype4512,2
p3,clonotype4513,1
p3,clonotype4517,1
p3,clonotype452,2
p3,clonotype4528,1
p3,clonotype453,2
p3,clonotype4530,2
p3,clonotype454,2
p3,clonotype455,2
p3,clonotype456,2
p3,clonotype4562,1
p3,clonotype4565,1
p3,clonotype457,2
p3,clonotype4574,1
p3,clonotype4576,1
p3,clonotype458,2
p3,clonotype4583,1
p3,clonotype459,2
p3,clonotype4592,1
p3,clonotype4595,1
p3,clonotype46,6
p3,clonotype460,2
p3,clonotype4603,1
p3,clonotype4604,1
p3,clonotype4606,1
p3,clonotype461,1
p3,clonotype4612,1
p3,clonotype462,1
p3,clonotype4627,1
p3,clonotype463,3
p3,clonotype4633,1
p3,clonotype4635,1
p3,clonotype464,2
p3,clonotype465,2
p3,clonotype4651,1
p3,clonotype4654,1
p3,clonotype4656,2
p3,clonotype4657,2
p3,clonotype466,1
p3,clonotype4660,1
p3,clonotype4663,1
p3,clonotype4666,1
p3,clonotype4667,1
p3,clonotype4668,2
p3,clonotype467,2
p3,clonotype4672,1
p3,clonotype4674,2
p3,clonotype4675,1
p3,clonotype468,2
p3,clonotype4682,1
p3,clonotype4684,1
p3,clonotype4689,1
p3,clonotype469,2
p3,clonotype4699,1
p3,clonotype47,3
p3,clonotype470,2
p3,clonotype4707,1
p3,clonotype471,2
p3,clonotype4710,2
p3,clonotype472,2
p3,clonotype473,2
p3,clonotype4730,1
p3,clonotype4734,2
p3,clonotype4735,1
p3,clonotype4736,1
p3,clonotype4739,2
p3,clonotype474,2
p3,clonotype475,2
p3,clonotype4752,1
p3,clonotype4754,1
p3,clonotype4758,1
p3,clonotype476,2
p3,clonotype4763,1
p3,clonotype4766,1
p3,clonotype477,3
p3,clonotype4770,1
p3,clonotype4771,1
p3,clonotype4774,1
p3,clonotype4778,1
p3,clonotype478,2
p3,clonotype4783,1
p3,clonotype4785,1
p3,clonotype4787,1
p3,clonotype4788,1
p3,clonotype479,2
p3,clonotype4797,1
p3,clonotype48,4
p3,clonotype480,2
p3,clonotype4800,1
p3,clonotype4803,1
p3,clonotype4805,1
p3,clonotype4808,1
p3,clonotype4809,1
p3,clonotype481,2
p3,clonotype482,1
p3,clonotype4823,1
p3,clonotype4824,1
p3,clonotype4825,1
p3,clonotype4826,1
p3,clonotype4827,1
p3,clonotype4828,1
p3,clonotype483,2
p3,clonotype4831,1
p3,clonotype484,1
p3,clonotype4842,1
p3,clonotype4843,1
p3,clonotype4847,1
p3,clonotype485,1
p3,clonotype4850,1
p3,clonotype4854,1
p3,clonotype4857,1
p3,clonotype4858,1
p3,clonotype486,1
p3,clonotype4865,1
p3,clonotype4867,1
p3,clonotype4869,1
p3,clonotype487,1
p3,clonotype4875,1
p3,clonotype4877,1
p3,clonotype488,1
p3,clonotype4881,1
p3,clonotype49,5
p3,clonotype490,1
p3,clonotype4900,1
p3,clonotype4901,1
p3,clonotype4902,1
p3,clonotype491,1
p3,clonotype4911,1
p3,clonotype492,1
p3,clonotype4921,1
p3,clonotype493,1
p3,clonotype4935,1
p3,clonotype494,1
p3,clonotype4941,1
p3,clonotype4943,1
p3,clonotype4944,1
p3,clonotype495,1
p3,clonotype496,1
p3,clonotype497,1
p3,clonotype498,1
p3,clonotype499,1
p3,clonotype5,6
p3,clonotype50,6
p3,clonotype500,1
p3,clonotype501,2
p3,clonotype502,1
p3,clonotype5023,1
p3,clonotype5024,1
p3,clonotype5029,1
p3,clonotype503,1
p3,clonotype504,1
p3,clonotype505,2
p3,clonotype5059,1
p3,clonotype506,1
p3,clonotype5060,1
p3,clonotype507,2
p3,clonotype5073,1
p3,clonotype508,1
p3,clonotype5081,2
p3,clonotype5084,1
p3,clonotype5087,1
p3,clonotype509,2
p3,clonotype5095,1
p3,clonotype5098,1
p3,clonotype51,4
p3,clonotype510,2
p3,clonotype5104,1
p3,clonotype5105,1
p3,clonotype5108,1
p3,clonotype511,2
p3,clonotype5114,1
p3,clonotype5117,1
p3,clonotype512,2
p3,clonotype513,1
p3,clonotype5131,1
p3,clonotype5132,1
p3,clonotype5135,1
p3,clonotype5138,1
p3,clonotype5140,1
p3,clonotype515,3
p3,clonotype5150,1
p3,clonotype5151,2
p3,clonotype5155,1
p3,clonotype516,2
p3,clonotype5161,1
p3,clonotype5164,1
p3,clonotype5167,2
p3,clonotype517,2
p3,clonotype5174,1
p3,clonotype518,2
p3,clonotype5181,1
p3,clonotype5182,1
p3,clonotype5189,1
p3,clonotype519,3
p3,clonotype5191,1
p3,clonotype5196,1
p3,clonotype5197,1
p3,clonotype52,5
p3,clonotype520,2
p3,clonotype5200,1
p3,clonotype5201,1
p3,clonotype5208,1
p3,clonotype521,3
p3,clonotype5218,2
p3,clonotype522,2
p3,clonotype5221,1
p3,clonotype5223,1
p3,clonotype523,2
p3,clonotype5235,1
p3,clonotype5236,1
p3,clonotype5237,1
p3,clonotype524,3
p3,clonotype5242,1
p3,clonotype5245,1
p3,clonotype525,2
p3,clonotype526,2
p3,clonotype5262,1
p3,clonotype5268,1
p3,clonotype527,2
p3,clonotype5271,1
p3,clonotype5272,1
p3,clonotype5275,1
p3,clonotype5278,1
p3,clonotype528,2
p3,clonotype5280,1
p3,clonotype5286,1
p3,clonotype529,1
p3,clonotype5296,1
p3,clonotype5297,1
p3,clonotype53,2
p3,clonotype530,1
p3,clonotype5302,2
p3,clonotype531,3
p3,clonotype5312,1
p3,clonotype5316,1
p3,clonotype5319,1
p3,clonotype532,2
p3,clonotype5326,1
p3,clonotype5327,1
p3,clonotype533,3
p3,clonotype5330,1
p3,clonotype5337,1
p3,clonotype534,3
p3,clonotype5343,1
p3,clonotype5345,1
p3,clonotype535,3
p3,clonotype5351,1
p3,clonotype5353,1
p3,clonotype5355,1
p3,clonotype536,2
p3,clonotype537,3
p3,clonotype5370,1
p3,clonotype5372,1
p3,clonotype5378,1
p3,clonotype538,3
p3,clonotype5389,1
p3,clonotype539,2
p3,clonotype54,3
p3,clonotype540,2
p3,clonotype5404,1
p3,clonotype541,2
p3,clonotype5417,1
p3,clonotype542,2
p3,clonotype5422,1
p3,clonotype543,1
p3,clonotype5433,1
p3,clonotype5437,1
p3,clonotype544,2
p3,clonotype5445,1
p3,clonotype5447,1
p3,clonotype545,2
p3,clonotype5453,1
p3,clonotype546,2
p3,clonotype5466,1
p3,clonotype5468,1
p3,clonotype547,2
p3,clonotype5470,1
p3,clonotype5475,1
p3,clonotype548,3
p3,clonotype5481,1
p3,clonotype5482,1
p3,clonotype5485,2
p3,clonotype549,3
p3,clonotype5495,1
p3,clonotype5497,1
p3,clonotype5498,1
p3,clonotype55,3
p3,clonotype550,2
p3,clonotype5505,1
p3,clonotype5506,1
p3,clonotype5508,1
p3,clonotype551,1
p3,clonotype5516,1
p3,clonotype552,2
p3,clonotype5527,1
p3,clonotype5529,1
p3,clonotype553,2
p3,clonotype5537,1
p3,clonotype554,1
p3,clonotype5541,1
p3,clonotype5547,1
p3,clonotype555,4
p3,clonotype5550,1
p3,clonotype5553,1
p3,clonotype5554,1
p3,clonotype556,2
p3,clonotype5561,1
p3,clonotype5568,1
p3,clonotype557,2
p3,clonotype558,2
p3,clonotype5587,1
p3,clonotype559,2
p3,clonotype5590,1
p3,clonotype56,5
p3,clonotype560,3
p3,clonotype561,2
p3,clonotype5610,1
p3,clonotype5614,1
p3,clonotype5618,1
p3,clonotype562,2
p3,clonotype5620,1
p3,clonotype563,1
p3,clonotype5631,1
p3,clonotype5635,1
p3,clonotype5637,1
p3,clonotype564,1
p3,clonotype5649,1
p3,clonotype565,2
p3,clonotype5651,1
p3,clonotype5656,2
p3,clonotype5657,1
p3,clonotype566,2
p3,clonotype5663,1
p3,clonotype567,2
p3,clonotype5671,1
p3,clonotype568,2
p3,clonotype5680,1
p3,clonotype5685,1
p3,clonotype5689,1
p3,clonotype569,3
p3,clonotype5695,1
p3,clonotype57,5
p3,clonotype570,1
p3,clonotype571,2
p3,clonotype5713,1
p3,clonotype572,2
p3,clonotype573,3
p3,clonotype5730,1
p3,clonotype5736,1
p3,clonotype574,3
p3,clonotype575,2
p3,clonotype5750,1
p3,clonotype5757,2
p3,clonotype576,2
p3,clonotype5760,1
p3,clonotype5764,1
p3,clonotype5766,1
p3,clonotype5767,1
p3,clonotype5769,1
p3,clonotype577,2
p3,clonotype5777,1
p3,clonotype5778,1
p3,clonotype578,2
p3,clonotype5783,1
p3,clonotype579,1
p3,clonotype5799,1
p3,clonotype58,5
p3,clonotype580,1
p3,clonotype581,2
p3,clonotype582,2
p3,clonotype583,2
p3,clonotype584,1
p3,clonotype585,1
p3,clonotype586,3
p3,clonotype587,2
p3,clonotype588,2
p3,clonotype589,2
p3,clonotype59,6
p3,clonotype590,2
p3,clonotype591,1
p3,clonotype592,1
p3,clonotype594,1
p3,clonotype595,1
p3,clonotype6,6
p3,clonotype60,1
p3,clonotype602,1
p3,clonotype603,1
p3,clonotype604,1
p3,clonotype605,2
p3,clonotype606,1
p3,clonotype607,1
p3,clonotype608,2
p3,clonotype609,1
p3,clonotype61,3
p3,clonotype610,1
p3,clonotype611,1
p3,clonotype612,1
p3,clonotype614,1
p3,clonotype616,2
p3,clonotype617,2
p3,clonotype619,1
p3,clonotype62,4
p3,clonotype620,2
p3,clonotype621,2
p3,clonotype622,1
p3,clonotype623,1
p3,clonotype624,2
p3,clonotype625,1
p3,clonotype626,1
p3,clonotype627,1
p3,clonotype628,1
p3,clonotype629,1
p3,clonotype63,2
p3,clonotype630,2
p3,clonotype631,1
p3,clonotype632,1
p3,clonotype633,1
p3,clonotype634,1
p3,clonotype635,1
p3,clonotype636,1
p3,clonotype637,1
p3,clonotype638,1
p3,clonotype639,1
p3,clonotype64,4
p3,clonotype640,1
p3,clonotype641,1
p3,clonotype642,1
p3,clonotype643,1
p3,clonotype644,2
p3,clonotype645,1
p3,clonotype647,1
p3,clonotype648,1
p3,clonotype649,1
p3,clonotype65,3
p3,clonotype650,1
p3,clonotype66,4
p3,clonotype661,1
p3,clonotype662,1
p3,clonotype663,1
p3,clonotype664,1
p3,clonotype665,1
p3,clonotype666,1
p3,clonotype667,2
p3,clonotype668,1
p3,clonotype669,1
p3,clonotype67,4
p3,clonotype670,1
p3,clonotype671,1
p3,clonotype672,1
p3,clonotype673,1
p3,clonotype674,1
p3,clonotype675,1
p3,clonotype676,1
p3,clonotype677,1
p3,clonotype678,1
p3,clonotype68,4
p3,clonotype683,1
p3,clonotype684,1
p3,clonotype685,1
p3,clonotype686,1
p3,clonotype687,1
p3,clonotype688,1
p3,clonotype689,1
p3,clonotype69,2
p3,clonotype690,1
p3,clonotype691,1
p3,clonotype692,1
p3,clonotype694,1
p3,clonotype695,1
p3,clonotype696,1
p3,clonotype697,1
p3,clonotype698,1
p3,clonotype7,5
p3,clonotype70,1
p3,clonotype700,1
p3,clonotype701,1
p3,clonotype702,1
p3,clonotype703,1
p3,clonotype704,1
p3,clonotype71,2
p3,clonotype72,2
p3,clonotype722,1
p3,clonotype729,1
p3,clonotype73,2
p3,clonotype74,3
p3,clonotype743,1
p3,clonotype748,1
p3,clonotype75,4
p3,clonotype76,2
p3,clonotype766,1
p3,clonotype768,1
p3,clonotype77,3
p3,clonotype776,1
p3,clonotype78,5
p3,clonotype79,3
p3,clonotype791,1
p3,clonotype792,1
p3,clonotype8,6
p3,clonotype80,5
p3,clonotype803,1
p3,clonotype806,1
p3,clonotype807,1
p3,clonotype81,4
p3,clonotype82,6
p3,clonotype823,1
p3,clonotype826,1
p3,clonotype83,4
p3,clonotype830,1
p3,clonotype832,1
p3,clonotype834,1
p3,clonotype838,1
p3,clonotype84,3
p3,clonotype842,1
p3,clonotype843,1
p3,clonotype85,3
p3,clonotype851,1
p3,clonotype852,1
p3,clonotype853,1
p3,clonotype855,2
p3,clonotype86,4
p3,clonotype867,2
p3,clonotype869,1
p3,clonotype87,1
p3,clonotype870,1
p3,clonotype875,1
p3,clonotype876,1
p3,clonotype88,3
p3,clonotype880,2
p3,clonotype886,1
p3,clonotype889,1
p3,clonotype89,3
p3,clonotype891,1
p3,clonotype9,6
p3,clonotype90,3
p3,clonotype91,2
p3,clonotype911,1
p3,clonotype917,1
p3,clonotype918,1
p3,clonotype92,3
p3,clonotype921,1
p3,clonotype922,1
p3,clonotype924,1
p3,clonotype925,1
p3,clonotype927,1
p3,clonotype93,4
p3,clonotype930,1
p3,clonotype934,1
p3,clonotype937,2
p3,clonotype94,4
p3,clonotype943,1
p3,clonotype944,1
p3,clonotype947,1
p3,clonotype949,1
p3,clonotype95,5
p3,clonotype952,1
p3,clonotype957,1
p3,clonotype958,2
p3,clonotype96,4
p3,clonotype960,1
p3,clonotype962,1
p3,clonotype964,1
p3,clonotype965,1
p3,clonotype97,4
p3,clonotype971,1
p3,clonotype972,1
p3,clonotype98,3
p3,clonotype980,1
p3,clonotype982,1
p3,clonotype986,1
p3,clonotype99,6
p3,clonotype991,1
p3,clonotype992,2
p38,clonotype1,4
p38,clonotype10,5
p38,clonotype100,6
p38,clonotype1000,2
p38,clonotype1001,4
p38,clonotype1002,4
p38,clonotype1003,4
p38,clonotype1004,3
p38,clonotype1005,3
p38,clonotype1006,5
p38,clonotype1007,4
p38,clonotype1008,2
p38,clonotype1009,3
p38,clonotype101,4
p38,clonotype1010,3
p38,clonotype1011,1
p38,clonotype1012,3
p38,clonotype1013,2
p38,clonotype1014,2
p38,clonotype1015,3
p38,clonotype1016,2
p38,clonotype1017,3
p38,clonotype1018,2
p38,clonotype1019,1
p38,clonotype102,3
p38,clonotype1020,2
p38,clonotype1021,2
p38,clonotype1022,2
p38,clonotype1023,3
p38,clonotype1024,2
p38,clonotype1025,3
p38,clonotype1026,1
p38,clonotype1027,3
p38,clonotype1028,1
p38,clonotype1029,2
p38,clonotype103,3
p38,clonotype1030,1
p38,clonotype1032,2
p38,clonotype1033,1
p38,clonotype1035,2
p38,clonotype1036,3
p38,clonotype1037,2
p38,clonotype1038,1
p38,clonotype1039,1
p38,clonotype104,4
p38,clonotype1041,1
p38,clonotype1042,1
p38,clonotype1043,1
p38,clonotype1044,1
p38,clonotype1046,1
p38,clonotype1048,1
p38,clonotype1049,1
p38,clonotype105,3
p38,clonotype1050,1
p38,clonotype1051,1
p38,clonotype1053,1
p38,clonotype1054,1
p38,clonotype1055,1
p38,clonotype1056,2
p38,clonotype1057,2
p38,clonotype1058,2
p38,clonotype1059,3
p38,clonotype106,3
p38,clonotype1060,3
p38,clonotype1061,3
p38,clonotype1062,3
p38,clonotype1063,3
p38,clonotype1064,4
p38,clonotype1065,3
p38,clonotype1066,3
p38,clonotype1067,3
p38,clonotype1068,1
p38,clonotype1069,2
p38,clonotype107,3
p38,clonotype1070,2
p38,clonotype1071,3
p38,clonotype1072,2
p38,clonotype1073,1
p38,clonotype1074,2
p38,clonotype1075,2
p38,clonotype1076,3
p38,clonotype1077,2
p38,clonotype1079,2
p38,clonotype108,2
p38,clonotype1080,3
p38,clonotype1081,3
p38,clonotype1082,3
p38,clonotype1083,3
p38,clonotype1084,2
p38,clonotype1085,2
p38,clonotype1086,3
p38,clonotype1087,1
p38,clonotype1088,2
p38,clonotype1089,3
p38,clonotype109,2
p38,clonotype1090,1
p38,clonotype1091,3
p38,clonotype1092,2
p38,clonotype1093,1
p38,clonotype1094,2
p38,clonotype1095,2
p38,clonotype1096,3
p38,clonotype1097,3
p38,clonotype1098,2
p38,clonotype1099,2
p38,clonotype11,4
p38,clonotype110,4
p38,clonotype1100,2
p38,clonotype1101,2
p38,clonotype1102,2
p38,clonotype1103,2
p38,clonotype1104,3
p38,clonotype1105,3
p38,clonotype1106,3
p38,clonotype1107,2
p38,clonotype1108,3
p38,clonotype1109,3
p38,clonotype111,4
p38,clonotype1110,3
p38,clonotype1111,3
p38,clonotype1112,3
p38,clonotype1113,3
p38,clonotype1114,1
p38,clonotype1115,4
p38,clonotype1116,2
p38,clonotype1117,3
p38,clonotype1118,2
p38,clonotype1119,2
p38,clonotype112,2
p38,clonotype1120,1
p38,clonotype1121,3
p38,clonotype1122,3
p38,clonotype1125,1
p38,clonotype1126,2
p38,clonotype1127,1
p38,clonotype1129,1
p38,clonotype113,4
p38,clonotype1130,3
p38,clonotype1131,2
p38,clonotype1132,2
p38,clonotype1133,3
p38,clonotype1134,2
p38,clonotype1135,2
p38,clonotype1136,1
p38,clonotype1137,2
p38,clonotype1138,3
p38,clonotype1139,2
p38,clonotype114,2
p38,clonotype1140,3
p38,clonotype1141,2
p38,clonotype1142,3
p38,clonotype1143,3
p38,clonotype1144,2
p38,clonotype1145,2
p38,clonotype1146,2
p38,clonotype1147,2
p38,clonotype1148,2
p38,clonotype1149,3
p38,clonotype115,5
p38,clonotype1150,3
p38,clonotype1151,2
p38,clonotype1152,3
p38,clonotype1153,2
p38,clonotype1154,3
p38,clonotype1155,2
p38,clonotype1157,3
p38,clonotype1158,3
p38,clonotype1159,2
p38,clonotype116,4
p38,clonotype1161,3
p38,clonotype1162,2
p38,clonotype1163,4
p38,clonotype1164,3
p38,clonotype1165,3
p38,clonotype1166,1
p38,clonotype1167,3
p38,clonotype1168,3
p38,clonotype1169,4
p38,clonotype117,5
p38,clonotype1170,4
p38,clonotype1171,3
p38,clonotype1172,3
p38,clonotype1173,1
p38,clonotype1174,2
p38,clonotype1175,3
p38,clonotype1176,3
p38,clonotype1177,3
p38,clonotype1178,3
p38,clonotype1179,3
p38,clonotype118,5
p38,clonotype1180,2
p38,clonotype1181,2
p38,clonotype1182,3
p38,clonotype1183,2
p38,clonotype1184,2
p38,clonotype1186,1
p38,clonotype1187,2
p38,clonotype1189,3
p38,clonotype119,4
p38,clonotype1190,1
p38,clonotype1193,1
p38,clonotype1194,1
p38,clonotype1195,1
p38,clonotype1196,2
p38,clonotype1197,1
p38,clonotype1198,1
p38,clonotype1199,2
p38,clonotype12,6
p38,clonotype120,3
p38,clonotype1200,1
p38,clonotype1201,1
p38,clonotype1202,1
p38,clonotype1203,1
p38,clonotype1204,1
p38,clonotype1205,1
p38,clonotype1206,1
p38,clonotype1208,1
p38,clonotype1209,1
p38,clonotype121,3
p38,clonotype1212,1
p38,clonotype1216,1
p38,clonotype1217,2
p38,clonotype1218,1
p38,clonotype1219,1
p38,clonotype122,3
p38,clonotype1220,1
p38,clonotype1221,1
p38,clonotype1222,1
p38,clonotype1223,1
p38,clonotype1225,1
p38,clonotype1228,1
p38,clonotype1229,2
p38,clonotype123,2
p38,clonotype1230,1
p38,clonotype1231,2
p38,clonotype1232,2
p38,clonotype1233,1
p38,clonotype1234,2
p38,clonotype1235,2
p38,clonotype1236,2
p38,clonotype1237,2
p38,clonotype1239,1
p38,clonotype124,5
p38,clonotype1240,1
p38,clonotype1242,3
p38,clonotype1243,3
p38,clonotype1244,1
p38,clonotype1245,1
p38,clonotype1246,2
p38,clonotype1247,1
p38,clonotype1248,2
p38,clonotype1249,3
p38,clonotype125,4
p38,clonotype1250,1
p38,clonotype1251,1
p38,clonotype1252,2
p38,clonotype1253,2
p38,clonotype1254,2
p38,clonotype1255,2
p38,clonotype1256,3
p38,clonotype1257,3
p38,clonotype1258,1
p38,clonotype126,4
p38,clonotype1260,3
p38,clonotype1261,1
p38,clonotype1262,1
p38,clonotype1263,2
p38,clonotype1264,2
p38,clonotype1265,2
p38,clonotype1266,2
p38,clonotype1267,2
p38,clonotype1268,2
p38,clonotype1269,2
p38,clonotype127,2
p38,clonotype1270,3
p38,clonotype1271,2
p38,clonotype1272,3
p38,clonotype1273,2
p38,clonotype1274,2
p38,clonotype1275,2
p38,clonotype1276,2
p38,clonotype1277,2
p38,clonotype1278,2
p38,clonotype1279,1
p38,clonotype128,4
p38,clonotype1280,2
p38,clonotype1281,2
p38,clonotype1282,1
p38,clonotype1283,2
p38,clonotype1284,2
p38,clonotype1285,2
p38,clonotype1286,1
p38,clonotype1287,2
p38,clonotype1288,2
p38,clonotype1289,1
p38,clonotype129,5
p38,clonotype1290,1
p38,clonotype1291,2
p38,clonotype1292,1
p38,clonotype1293,1
p38,clonotype1294,1
p38,clonotype1295,1
p38,clonotype1296,1
p38,clonotype1297,1
p38,clonotype1298,2
p38,clonotype13,4
p38,clonotype130,4
p38,clonotype1300,1
p38,clonotype1301,1
p38,clonotype1302,1
p38,clonotype1305,1
p38,clonotype1307,1
p38,clonotype1309,1
p38,clonotype131,3
p38,clonotype1310,1
p38,clonotype1311,1
p38,clonotype1312,1
p38,clonotype1313,1
p38,clonotype1314,1
p38,clonotype1315,1
p38,clonotype1319,1
p38,clonotype132,4
p38,clonotype1320,1
p38,clonotype1321,1
p38,clonotype1322,1
p38,clonotype1323,2
p38,clonotype1324,2
p38,clonotype1326,2
p38,clonotype1327,2
p38,clonotype1329,2
p38,clonotype133,4
p38,clonotype1330,1
p38,clonotype1331,2
p38,clonotype1332,2
p38,clonotype1333,1
p38,clonotype1334,2
p38,clonotype1336,1
p38,clonotype1337,2
p38,clonotype1338,2
p38,clonotype1339,1
p38,clonotype134,5
p38,clonotype1340,1
p38,clonotype1341,2
p38,clonotype1342,1
p38,clonotype1343,2
p38,clonotype1344,1
p38,clonotype1345,1
p38,clonotype1346,1
p38,clonotype1347,3
p38,clonotype1348,1
p38,clonotype1349,2
p38,clonotype135,4
p38,clonotype1350,1
p38,clonotype1351,1
p38,clonotype1352,1
p38,clonotype1353,1
p38,clonotype1354,2
p38,clonotype1355,1
p38,clonotype1356,4
p38,clonotype1357,1
p38,clonotype1358,2
p38,clonotype1359,1
p38,clonotype136,4
p38,clonotype1360,2
p38,clonotype1361,1
p38,clonotype1362,2
p38,clonotype1363,1
p38,clonotype1364,1
p38,clonotype1366,2
p38,clonotype1367,1
p38,clonotype1368,2
p38,clonotype1369,1
p38,clonotype137,5
p38,clonotype1370,2
p38,clonotype1371,2
p38,clonotype1372,2
p38,clonotype1373,1
p38,clonotype1374,2
p38,clonotype1375,1
p38,clonotype1376,2
p38,clonotype1377,1
p38,clonotype1378,1
p38,clonotype138,3
p38,clonotype1380,2
p38,clonotype1381,2
p38,clonotype1382,1
p38,clonotype1383,2
p38,clonotype1384,2
p38,clonotype1385,2
p38,clonotype1386,2
p38,clonotype1387,3
p38,clonotype1388,2
p38,clonotype1389,1
p38,clonotype139,4
p38,clonotype1390,1
p38,clonotype1391,1
p38,clonotype1392,1
p38,clonotype1394,2
p38,clonotype1395,2
p38,clonotype1396,1
p38,clonotype1397,1
p38,clonotype1398,1
p38,clonotype14,4
p38,clonotype140,4
p38,clonotype1400,1
p38,clonotype1401,1
p38,clonotype1402,1
p38,clonotype1403,2
p38,clonotype1405,1
p38,clonotype1406,1
p38,clonotype1407,1
p38,clonotype1408,1
p38,clonotype1409,1
p38,clonotype141,4
p38,clonotype1410,1
p38,clonotype1412,1
p38,clonotype1413,1
p38,clonotype1414,1
p38,clonotype1415,1
p38,clonotype1417,1
p38,clonotype1418,1
p38,clonotype1419,1
p38,clonotype142,2
p38,clonotype1421,2
p38,clonotype1423,2
p38,clonotype1425,1
p38,clonotype1426,1
p38,clonotype1427,1
p38,clonotype1428,1
p38,clonotype143,3
p38,clonotype1430,1
p38,clonotype1431,1
p38,clonotype1432,1
p38,clonotype1433,2
p38,clonotype1439,1
p38,clonotype144,4
p38,clonotype1441,1
p38,clonotype1446,1
p38,clonotype145,3
p38,clonotype1452,1
p38,clonotype1453,2
p38,clonotype1457,1
p38,clonotype146,3
p38,clonotype1466,1
p38,clonotype147,4
p38,clonotype1476,2
p38,clonotype1477,1
p38,clonotype1478,1
p38,clonotype148,7
p38,clonotype1480,1
p38,clonotype1484,1
p38,clonotype1485,1
p38,clonotype1486,2
p38,clonotype1487,1
p38,clonotype1488,1
p38,clonotype1489,1
p38,clonotype149,4
p38,clonotype1491,1
p38,clonotype1492,2
p38,clonotype1493,1
p38,clonotype1494,1
p38,clonotype1495,2
p38,clonotype1496,2
p38,clonotype1497,1
p38,clonotype1498,1
p38,clonotype1499,1
p38,clonotype15,5
p38,clonotype150,5
p38,clonotype1500,1
p38,clonotype1501,1
p38,clonotype1502,1
p38,clonotype1503,1
p38,clonotype1505,1
p38,clonotype1506,1
p38,clonotype1507,1
p38,clonotype151,3
p38,clonotype1510,2
p38,clonotype1511,2
p38,clonotype1514,1
p38,clonotype1516,2
p38,clonotype1518,2
p38,clonotype152,3
p38,clonotype1522,2
p38,clonotype1524,1
p38,clonotype1525,1
p38,clonotype1526,1
p38,clonotype1528,1
p38,clonotype1529,2
p38,clonotype153,3
p38,clonotype1531,1
p38,clonotype1532,1
p38,clonotype1533,1
p38,clonotype1534,1
p38,clonotype1536,1
p38,clonotype1537,1
p38,clonotype154,4
p38,clonotype1540,2
p38,clonotype1543,1
p38,clonotype1544,1
p38,clonotype1545,1
p38,clonotype1546,1
p38,clonotype1547,1
p38,clonotype1548,1
p38,clonotype1549,1
p38,clonotype155,2
p38,clonotype1550,1
p38,clonotype1551,1
p38,clonotype1555,1
p38,clonotype1559,1
p38,clonotype156,2
p38,clonotype1560,1
p38,clonotype1561,1
p38,clonotype1562,2
p38,clonotype1564,1
p38,clonotype1565,1
p38,clonotype1567,2
p38,clonotype1568,1
p38,clonotype1569,1
p38,clonotype157,3
p38,clonotype1570,1
p38,clonotype1571,1
p38,clonotype1575,2
p38,clonotype1577,2
p38,clonotype1578,1
p38,clonotype158,5
p38,clonotype1580,1
p38,clonotype1582,1
p38,clonotype1583,1
p38,clonotype1584,1
p38,clonotype1585,1
p38,clonotype1586,1
p38,clonotype1587,2
p38,clonotype159,4
p38,clonotype1591,1
p38,clonotype1592,2
p38,clonotype1594,1
p38,clonotype1595,1
p38,clonotype1597,1
p38,clonotype1598,1
p38,clonotype16,5
p38,clonotype160,4
p38,clonotype1600,1
p38,clonotype1601,1
p38,clonotype1603,1
p38,clonotype1604,1
p38,clonotype1605,1
p38,clonotype1606,2
p38,clonotype1607,1
p38,clonotype1608,1
p38,clonotype161,5
p38,clonotype1610,1
p38,clonotype1611,2
p38,clonotype1612,1
p38,clonotype1613,1
p38,clonotype1614,1
p38,clonotype1615,1
p38,clonotype1616,1
p38,clonotype1617,1
p38,clonotype162,4
p38,clonotype1620,1
p38,clonotype1622,1
p38,clonotype1623,1
p38,clonotype1624,1
p38,clonotype1625,2
p38,clonotype1626,1
p38,clonotype1627,1
p38,clonotype1628,1
p38,clonotype163,4
p38,clonotype1630,1
p38,clonotype1631,1
p38,clonotype1632,1
p38,clonotype1633,1
p38,clonotype1634,2
p38,clonotype1635,2
p38,clonotype1636,1
p38,clonotype1637,1
p38,clonotype1638,1
p38,clonotype1639,1
p38,clonotype164,5
p38,clonotype1641,2
p38,clonotype1642,1
p38,clonotype1643,1
p38,clonotype1644,1
p38,clonotype1645,1
p38,clonotype1646,2
p38,clonotype1647,1
p38,clonotype1648,1
p38,clonotype1649,1
p38,clonotype165,5
p38,clonotype1650,2
p38,clonotype1651,1
p38,clonotype1652,1
p38,clonotype1653,1
p38,clonotype1654,1
p38,clonotype1655,1
p38,clonotype1656,1
p38,clonotype1657,1
p38,clonotype1658,1
p38,clonotype166,4
p38,clonotype1660,1
p38,clonotype1661,1
p38,clonotype1662,1
p38,clonotype1663,1
p38,clonotype1664,1
p38,clonotype1665,1
p38,clonotype1667,1
p38,clonotype1668,1
p38,clonotype1669,1
p38,clonotype167,4
p38,clonotype1670,2
p38,clonotype1671,1
p38,clonotype1673,2
p38,clonotype1674,1
p38,clonotype1677,1
p38,clonotype1678,2
p38,clonotype1679,1
p38,clonotype168,4
p38,clonotype1680,2
p38,clonotype1681,2
p38,clonotype1682,1
p38,clonotype1684,1
p38,clonotype1686,1
p38,clonotype1687,1
p38,clonotype1688,1
p38,clonotype169,4
p38,clonotype1691,1
p38,clonotype1692,1
p38,clonotype1693,1
p38,clonotype1694,1
p38,clonotype1696,1
p38,clonotype1698,1
p38,clonotype1699,1
p38,clonotype17,5
p38,clonotype170,5
p38,clonotype1700,1
p38,clonotype1701,1
p38,clonotype1702,1
p38,clonotype1703,1
p38,clonotype1704,1
p38,clonotype1705,1
p38,clonotype1706,1
p38,clonotype1707,1
p38,clonotype1708,1
p38,clonotype171,5
p38,clonotype1710,2
p38,clonotype1711,1
p38,clonotype1712,1
p38,clonotype1713,2
p38,clonotype1714,1
p38,clonotype1715,1
p38,clonotype1716,1
p38,clonotype1717,1
p38,clonotype172,4
p38,clonotype1729,1
p38,clonotype173,5
p38,clonotype174,3
p38,clonotype1745,1
p38,clonotype1746,1
p38,clonotype1749,1
p38,clonotype175,4
p38,clonotype1750,1
p38,clonotype1751,1
p38,clonotype1752,1
p38,clonotype1753,1
p38,clonotype1755,1
p38,clonotype1756,1
p38,clonotype1758,1
p38,clonotype1759,1
p38,clonotype176,4
p38,clonotype1761,1
p38,clonotype1762,1
p38,clonotype1763,1
p38,clonotype1764,1
p38,clonotype1765,2
p38,clonotype1766,1
p38,clonotype177,3
p38,clonotype1770,1
p38,clonotype1771,1
p38,clonotype1772,1
p38,clonotype1775,1
p38,clonotype1776,1
p38,clonotype1777,1
p38,clonotype1778,1
p38,clonotype178,4
p38,clonotype1780,2
p38,clonotype1781,2
p38,clonotype1782,1
p38,clonotype1783,1
p38,clonotype1784,1
p38,clonotype1785,1
p38,clonotype1786,2
p38,clonotype1787,2
p38,clonotype1789,1
p38,clonotype179,3
p38,clonotype1790,1
p38,clonotype1791,1
p38,clonotype1793,2
p38,clonotype1795,1
p38,clonotype1796,1
p38,clonotype1799,1
p38,clonotype18,5
p38,clonotype180,5
p38,clonotype1802,1
p38,clonotype1803,2
p38,clonotype1804,1
p38,clonotype1805,2
p38,clonotype1807,1
p38,clonotype1808,1
p38,clonotype1809,1
p38,clonotype181,2
p38,clonotype1810,1
p38,clonotype1811,1
p38,clonotype1812,1
p38,clonotype1813,1
p38,clonotype1814,1
p38,clonotype1816,1
p38,clonotype1817,2
p38,clonotype1818,1
p38,clonotype1819,2
p38,clonotype182,6
p38,clonotype1820,1
p38,clonotype1821,2
p38,clonotype1823,1
p38,clonotype1824,2
p38,clonotype1825,1
p38,clonotype1826,1
p38,clonotype1827,1
p38,clonotype1828,1
p38,clonotype1829,1
p38,clonotype183,4
p38,clonotype1830,2
p38,clonotype1831,1
p38,clonotype1832,1
p38,clonotype1833,1
p38,clonotype1835,1
p38,clonotype1836,1
p38,clonotype1837,1
p38,clonotype1838,1
p38,clonotype1839,1
p38,clonotype184,4
p38,clonotype1841,1
p38,clonotype1842,1
p38,clonotype1843,1
p38,clonotype1844,2
p38,clonotype1845,1
p38,clonotype1846,1
p38,clonotype1847,1
p38,clonotype1848,1
p38,clonotype1849,1
p38,clonotype185,4
p38,clonotype1850,1
p38,clonotype1851,2
p38,clonotype1852,1
p38,clonotype1853,1
p38,clonotype1854,3
p38,clonotype1855,1
p38,clonotype1856,1
p38,clonotype1857,1
p38,clonotype1858,1
p38,clonotype1859,1
p38,clonotype186,4
p38,clonotype1860,1
p38,clonotype1863,1
p38,clonotype187,4
p38,clonotype1872,1
p38,clonotype1874,2
p38,clonotype1875,1
p38,clonotype1876,1
p38,clonotype1877,2
p38,clonotype1878,1
p38,clonotype1879,2
p38,clonotype188,6
p38,clonotype1880,1
p38,clonotype1882,1
p38,clonotype1883,1
p38,clonotype1884,1
p38,clonotype1886,1
p38,clonotype1887,1
p38,clonotype1888,1
p38,clonotype1889,1
p38,clonotype189,4
p38,clonotype1890,1
p38,clonotype1891,1
p38,clonotype1892,1
p38,clonotype1893,1
p38,clonotype1894,1
p38,clonotype1895,1
p38,clonotype1897,1
p38,clonotype1898,1
p38,clonotype1899,1
p38,clonotype19,4
p38,clonotype190,5
p38,clonotype1900,1
p38,clonotype1901,2
p38,clonotype1902,1
p38,clonotype1904,2
p38,clonotype1905,1
p38,clonotype1906,1
p38,clonotype1907,1
p38,clonotype1908,1
p38,clonotype1909,1
p38,clonotype191,3
p38,clonotype1910,2
p38,clonotype1911,1
p38,clonotype1912,1
p38,clonotype1913,1
p38,clonotype1914,1
p38,clonotype1915,1
p38,clonotype1916,1
p38,clonotype1918,2
p38,clonotype1919,1
p38,clonotype192,2
p38,clonotype1921,1
p38,clonotype1922,1
p38,clonotype1927,1
p38,clonotype1928,3
p38,clonotype1929,2
p38,clonotype193,3
p38,clonotype1930,1
p38,clonotype1931,2
p38,clonotype1933,2
p38,clonotype1935,1
p38,clonotype1936,1
p38,clonotype1937,1
p38,clonotype1938,2
p38,clonotype1939,1
p38,clonotype194,2
p38,clonotype1940,1
p38,clonotype1941,1
p38,clonotype1944,2
p38,clonotype1945,1
p38,clonotype1946,1
p38,clonotype1949,2
p38,clonotype195,3
p38,clonotype1952,2
p38,clonotype1954,1
p38,clonotype1955,1
p38,clonotype1957,1
p38,clonotype1958,1
p38,clonotype1959,1
p38,clonotype196,4
p38,clonotype1960,1
p38,clonotype1961,1
p38,clonotype1962,2
p38,clonotype1967,1
p38,clonotype1968,1
p38,clonotype197,6
p38,clonotype1970,1
p38,clonotype1971,1
p38,clonotype1972,1
p38,clonotype1973,1
p38,clonotype1974,1
p38,clonotype1975,1
p38,clonotype1977,1
p38,clonotype1978,1
p38,clonotype1979,2
p38,clonotype198,4
p38,clonotype1980,1
p38,clonotype1981,2
p38,clonotype1982,1
p38,clonotype1983,1
p38,clonotype1986,1
p38,clonotype1988,1
p38,clonotype199,3
p38,clonotype1990,1
p38,clonotype1997,1
p38,clonotype1999,2
p38,clonotype2,4
p38,clonotype20,6
p38,clonotype200,2
p38,clonotype2000,1
p38,clonotype2001,1
p38,clonotype2007,2
p38,clonotype2009,1
p38,clonotype201,3
p38,clonotype2012,1
p38,clonotype2017,1
p38,clonotype202,4
p38,clonotype2023,1
p38,clonotype203,2
p38,clonotype2034,1
p38,clonotype204,2
p38,clonotype205,3
p38,clonotype206,3
p38,clonotype2063,1
p38,clonotype207,5
p38,clonotype2071,1
p38,clonotype208,3
p38,clonotype2083,1
p38,clonotype209,3
p38,clonotype21,3
p38,clonotype210,3
p38,clonotype2103,1
p38,clonotype2107,1
p38,clonotype211,4
p38,clonotype212,4
p38,clonotype2124,1
p38,clonotype213,3
p38,clonotype2132,1
p38,clonotype2136,1
p38,clonotype2137,1
p38,clonotype214,2
p38,clonotype2146,1
p38,clonotype2148,1
p38,clonotype2149,1
p38,clonotype215,3
p38,clonotype2155,1
p38,clonotype216,4
p38,clonotype2160,1
p38,clonotype2168,1
p38,clonotype217,4
p38,clonotype2176,1
p38,clonotype2177,1
p38,clonotype218,4
p38,clonotype2180,1
p38,clonotype2187,1
p38,clonotype2188,1
p38,clonotype219,2
p38,clonotype2190,1
p38,clonotype2198,1
p38,clonotype22,6
p38,clonotype220,3
p38,clonotype221,3
p38,clonotype2210,1
p38,clonotype2217,1
p38,clonotype222,3
p38,clonotype2224,1
p38,clonotype2225,1
p38,clonotype2228,1
p38,clonotype223,2
p38,clonotype2234,1
p38,clonotype2236,1
p38,clonotype2237,1
p38,clonotype224,1
p38,clonotype2245,2
p38,clonotype2247,1
p38,clonotype225,4
p38,clonotype2255,1
p38,clonotype2256,1
p38,clonotype2258,1
p38,clonotype226,2
p38,clonotype2262,1
p38,clonotype2266,1
p38,clonotype227,2
p38,clonotype2277,1
p38,clonotype228,2
p38,clonotype2286,1
p38,clonotype2289,1
p38,clonotype229,2
p38,clonotype2290,1
p38,clonotype23,6
p38,clonotype230,2
p38,clonotype2304,1
p38,clonotype2307,1
p38,clonotype231,1
p38,clonotype2314,1
p38,clonotype232,2
p38,clonotype2325,1
p38,clonotype233,1
p38,clonotype2339,1
p38,clonotype234,1
p38,clonotype2344,1
p38,clonotype235,2
p38,clonotype236,1
p38,clonotype2363,2
p38,clonotype237,3
p38,clonotype2372,1
p38,clonotype2379,1
p38,clonotype238,2
p38,clonotype2387,1
p38,clonotype239,3
p38,clonotype2396,1
p38,clonotype24,4
p38,clonotype240,2
p38,clonotype2402,1
p38,clonotype241,2
p38,clonotype2417,1
p38,clonotype242,2
p38,clonotype2424,1
p38,clonotype243,3
p38,clonotype2430,2
p38,clonotype2432,1
p38,clonotype2434,1
p38,clonotype2435,1
p38,clonotype2436,1
p38,clonotype2437,1
p38,clonotype2438,1
p38,clonotype244,2
p38,clonotype2449,1
p38,clonotype245,1
p38,clonotype2457,1
p38,clonotype2459,1
p38,clonotype246,2
p38,clonotype2464,1
p38,clonotype247,2
p38,clonotype2475,1
p38,clonotype248,2
p38,clonotype2480,1
p38,clonotype2487,1
p38,clonotype2489,1
p38,clonotype249,2
p38,clonotype25,6
p38,clonotype250,2
p38,clonotype2500,1
p38,clonotype251,2
p38,clonotype2515,1
p38,clonotype252,1
p38,clonotype2525,1
p38,clonotype2526,1
p38,clonotype253,1
p38,clonotype2535,1
p38,clonotype2536,1
p38,clonotype254,2
p38,clonotype2545,1
p38,clonotype2546,1
p38,clonotype255,1
p38,clonotype256,1
p38,clonotype2561,1
p38,clonotype2563,1
p38,clonotype2567,1
p38,clonotype257,3
p38,clonotype2573,1
p38,clonotype2575,1
p38,clonotype2577,1
p38,clonotype258,2
p38,clonotype259,2
p38,clonotype26,4
p38,clonotype260,2
p38,clonotype2606,1
p38,clonotype261,3
p38,clonotype2610,1
p38,clonotype262,4
p38,clonotype2624,1
p38,clonotype263,5
p38,clonotype2634,1
p38,clonotype2636,1
p38,clonotype2637,1
p38,clonotype264,6
p38,clonotype265,3
p38,clonotype266,3
p38,clonotype2660,1
p38,clonotype2663,1
p38,clonotype267,2
p38,clonotype2670,1
p38,clonotype268,3
p38,clonotype2685,1
p38,clonotype2688,1
p38,clonotype269,3
p38,clonotype2692,1
p38,clonotype2698,1
p38,clonotype27,5
p38,clonotype270,5
p38,clonotype2704,1
p38,clonotype2706,1
p38,clonotype2709,1
p38,clonotype271,3
p38,clonotype2710,1
p38,clonotype2712,1
p38,clonotype272,4
p38,clonotype2720,1
p38,clonotype2724,1
p38,clonotype273,3
p38,clonotype2735,1
p38,clonotype274,3
p38,clonotype2740,1
p38,clonotype2748,1
p38,clonotype275,3
p38,clonotype276,2
p38,clonotype277,2
p38,clonotype2775,1
p38,clonotype278,1
p38,clonotype279,2
p38,clonotype2790,1
p38,clonotype2793,1
p38,clonotype2799,1
p38,clonotype28,6
p38,clonotype280,3
p38,clonotype2801,1
p38,clonotype281,1
p38,clonotype282,2
p38,clonotype283,1
p38,clonotype2835,1
p38,clonotype284,1
p38,clonotype2843,1
p38,clonotype2848,1
p38,clonotype285,2
p38,clonotype2850,1
p38,clonotype286,3
p38,clonotype2861,1
p38,clonotype287,1
p38,clonotype288,2
p38,clonotype2880,1
p38,clonotype2882,1
p38,clonotype2885,1
p38,clonotype289,2
p38,clonotype2893,1
p38,clonotype29,3
p38,clonotype290,2
p38,clonotype2902,1
p38,clonotype2905,1
p38,clonotype291,2
p38,clonotype2910,1
p38,clonotype2912,1
p38,clonotype292,2
p38,clonotype2925,1
p38,clonotype293,2
p38,clonotype2931,1
p38,clonotype294,2
p38,clonotype2941,1
p38,clonotype2943,1
p38,clonotype295,3
p38,clonotype296,2
p38,clonotype2969,1
p38,clonotype297,3
p38,clonotype298,3
p38,clonotype2987,1
p38,clonotype299,2
p38,clonotype3,5
p38,clonotype30,5
p38,clonotype300,2
p38,clonotype301,4
p38,clonotype3013,1
p38,clonotype302,3
p38,clonotype3023,1
p38,clonotype3024,1
p38,clonotype303,3
p38,clonotype3039,1
p38,clonotype304,2
p38,clonotype305,3
p38,clonotype3054,1
p38,clonotype306,3
p38,clonotype3067,1
p38,clonotype307,4
p38,clonotype3074,1
p38,clonotype308,4
p38,clonotype309,2
p38,clonotype31,5
p38,clonotype310,3
p38,clonotype3100,1
p38,clonotype3103,1
p38,clonotype311,4
p38,clonotype3111,1
p38,clonotype3119,1
p38,clonotype312,3
p38,clonotype3121,1
p38,clonotype3127,1
p38,clonotype313,3
p38,clonotype3138,1
p38,clonotype314,3
p38,clonotype3143,1
p38,clonotype315,4
p38,clonotype316,2
p38,clonotype317,3
p38,clonotype318,2
p38,clonotype319,2
p38,clonotype32,2
p38,clonotype320,3
p38,clonotype321,3
p38,clonotype322,2
p38,clonotype323,1
p38,clonotype324,1
p38,clonotype325,2
p38,clonotype326,2
p38,clonotype327,2
p38,clonotype328,4
p38,clonotype329,1
p38,clonotype33,3
p38,clonotype330,4
p38,clonotype331,2
p38,clonotype332,2
p38,clonotype333,1
p38,clonotype334,2
p38,clonotype335,4
p38,clonotype336,2
p38,clonotype337,3
p38,clonotype338,2
p38,clonotype339,2
p38,clonotype34,7
p38,clonotype340,2
p38,clonotype341,2
p38,clonotype342,1
p38,clonotype343,2
p38,clonotype344,2
p38,clonotype345,2
p38,clonotype346,1
p38,clonotype348,2
p38,clonotype349,2
p38,clonotype35,3
p38,clonotype350,1
p38,clonotype352,2
p38,clonotype353,2
p38,clonotype354,2
p38,clonotype355,3
p38,clonotype356,1
p38,clonotype357,2
p38,clonotype358,3
p38,clonotype359,2
p38,clonotype36,4
p38,clonotype360,3
p38,clonotype361,3
p38,clonotype362,3
p38,clonotype363,1
p38,clonotype364,2
p38,clonotype365,2
p38,clonotype366,3
p38,clonotype367,3
p38,clonotype368,3
p38,clonotype369,3
p38,clonotype37,2
p38,clonotype370,3
p38,clonotype371,2
p38,clonotype373,2
p38,clonotype374,2
p38,clonotype375,2
p38,clonotype376,1
p38,clonotype377,3
p38,clonotype378,1
p38,clonotype379,2
p38,clonotype38,5
p38,clonotype380,1
p38,clonotype381,1
p38,clonotype382,3
p38,clonotype383,3
p38,clonotype384,2
p38,clonotype385,2
p38,clonotype386,2
p38,clonotype387,3
p38,clonotype388,2
p38,clonotype389,2
p38,clonotype39,2
p38,clonotype390,2
p38,clonotype391,1
p38,clonotype392,2
p38,clonotype393,1
p38,clonotype394,1
p38,clonotype395,1
p38,clonotype396,1
p38,clonotype397,1
p38,clonotype398,1
p38,clonotype399,1
p38,clonotype4,5
p38,clonotype40,2
p38,clonotype400,2
p38,clonotype401,3
p38,clonotype402,3
p38,clonotype403,2
p38,clonotype404,3
p38,clonotype405,2
p38,clonotype406,2
p38,clonotype407,2
p38,clonotype408,2
p38,clonotype409,3
p38,clonotype41,3
p38,clonotype410,2
p38,clonotype411,2
p38,clonotype412,2
p38,clonotype413,2
p38,clonotype414,1
p38,clonotype415,1
p38,clonotype416,2
p38,clonotype417,3
p38,clonotype418,1
p38,clonotype419,1
p38,clonotype42,4
p38,clonotype420,1
p38,clonotype421,4
p38,clonotype422,2
p38,clonotype423,3
p38,clonotype424,4
p38,clonotype425,3
p38,clonotype426,2
p38,clonotype427,2
p38,clonotype428,2
p38,clonotype429,2
p38,clonotype43,4
p38,clonotype430,2
p38,clonotype431,2
p38,clonotype432,2
p38,clonotype433,1
p38,clonotype434,2
p38,clonotype435,2
p38,clonotype436,1
p38,clonotype437,1
p38,clonotype438,2
p38,clonotype439,2
p38,clonotype44,5
p38,clonotype440,2
p38,clonotype442,3
p38,clonotype443,2
p38,clonotype444,2
p38,clonotype445,1
p38,clonotype446,2
p38,clonotype447,3
p38,clonotype449,1
p38,clonotype45,4
p38,clonotype450,2
p38,clonotype451,2
p38,clonotype452,3
p38,clonotype453,1
p38,clonotype454,2
p38,clonotype455,2
p38,clonotype456,1
p38,clonotype457,1
p38,clonotype458,2
p38,clonotype459,1
p38,clonotype46,3
p38,clonotype460,2
p38,clonotype461,3
p38,clonotype462,2
p38,clonotype463,3
p38,clonotype464,1
p38,clonotype465,3
p38,clonotype466,2
p38,clonotype467,3
p38,clonotype468,2
p38,clonotype469,2
p38,clonotype47,4
p38,clonotype470,3
p38,clonotype471,1
p38,clonotype473,2
p38,clonotype474,3
p38,clonotype475,2
p38,clonotype476,3
p38,clonotype477,2
p38,clonotype478,2
p38,clonotype479,2
p38,clonotype48,4
p38,clonotype481,2
p38,clonotype482,2
p38,clonotype483,2
p38,clonotype484,3
p38,clonotype485,3
p38,clonotype486,3
p38,clonotype487,2
p38,clonotype488,3
p38,clonotype489,2
p38,clonotype49,6
p38,clonotype490,2
p38,clonotype491,2
p38,clonotype492,1
p38,clonotype493,1
p38,clonotype494,2
p38,clonotype495,2
p38,clonotype496,2
p38,clonotype497,2
p38,clonotype499,1
p38,clonotype5,3
p38,clonotype50,4
p38,clonotype500,1
p38,clonotype501,1
p38,clonotype502,2
p38,clonotype503,2
p38,clonotype504,2
p38,clonotype505,2
p38,clonotype506,3
p38,clonotype507,2
p38,clonotype508,3
p38,clonotype509,3
p38,clonotype51,4
p38,clonotype510,2
p38,clonotype511,3
p38,clonotype512,3
p38,clonotype513,1
p38,clonotype514,4
p38,clonotype515,2
p38,clonotype516,2
p38,clonotype517,3
p38,clonotype518,3
p38,clonotype519,3
p38,clonotype52,6
p38,clonotype520,2
p38,clonotype521,3
p38,clonotype522,1
p38,clonotype523,3
p38,clonotype524,2
p38,clonotype525,2
p38,clonotype526,3
p38,clonotype527,4
p38,clonotype528,3
p38,clonotype529,1
p38,clonotype53,4
p38,clonotype530,2
p38,clonotype531,1
p38,clonotype532,3
p38,clonotype533,1
p38,clonotype534,3
p38,clonotype535,1
p38,clonotype536,2
p38,clonotype537,2
p38,clonotype538,2
p38,clonotype539,2
p38,clonotype54,2
p38,clonotype540,2
p38,clonotype541,2
p38,clonotype542,2
p38,clonotype543,3
p38,clonotype544,1
p38,clonotype545,3
p38,clonotype546,3
p38,clonotype547,3
p38,clonotype548,2
p38,clonotype549,2
p38,clonotype55,4
p38,clonotype551,3
p38,clonotype552,3
p38,clonotype553,3
p38,clonotype554,3
p38,clonotype555,3
p38,clonotype556,2
p38,clonotype557,1
p38,clonotype558,2
p38,clonotype559,2
p38,clonotype56,6
p38,clonotype560,1
p38,clonotype561,1
p38,clonotype562,1
p38,clonotype563,2
p38,clonotype564,2
p38,clonotype565,1
p38,clonotype566,2
p38,clonotype567,2
p38,clonotype568,1
p38,clonotype57,4
p38,clonotype570,1
p38,clonotype571,2
p38,clonotype572,1
p38,clonotype573,2
p38,clonotype574,2
p38,clonotype575,2
p38,clonotype576,1
p38,clonotype577,1
p38,clonotype578,2
p38,clonotype579,2
p38,clonotype58,4
p38,clonotype580,1
p38,clonotype581,2
p38,clonotype582,1
p38,clonotype583,2
p38,clonotype584,1
p38,clonotype585,2
p38,clonotype586,2
p38,clonotype587,1
p38,clonotype588,2
p38,clonotype589,1
p38,clonotype59,4
p38,clonotype590,2
p38,clonotype591,3
p38,clonotype592,1
p38,clonotype593,2
p38,clonotype594,2
p38,clonotype595,2
p38,clonotype596,2
p38,clonotype598,1
p38,clonotype599,1
p38,clonotype6,3
p38,clonotype60,4
p38,clonotype600,3
p38,clonotype601,1
p38,clonotype602,2
p38,clonotype603,2
p38,clonotype604,2
p38,clonotype605,2
p38,clonotype606,2
p38,clonotype607,1
p38,clonotype608,2
p38,clonotype61,3
p38,clonotype610,1
p38,clonotype611,1
p38,clonotype612,2
p38,clonotype613,2
p38,clonotype614,1
p38,clonotype615,2
p38,clonotype616,1
p38,clonotype617,2
p38,clonotype618,2
p38,clonotype619,3
p38,clonotype62,3
p38,clonotype620,1
p38,clonotype621,3
p38,clonotype622,2
p38,clonotype623,1
p38,clonotype624,2
p38,clonotype625,1
p38,clonotype626,1
p38,clonotype627,1
p38,clonotype628,2
p38,clonotype629,2
p38,clonotype63,3
p38,clonotype630,2
p38,clonotype632,2
p38,clonotype633,2
p38,clonotype634,2
p38,clonotype635,1
p38,clonotype636,3
p38,clonotype637,4
p38,clonotype638,4
p38,clonotype639,1
p38,clonotype64,3
p38,clonotype640,2
p38,clonotype641,2
p38,clonotype642,3
p38,clonotype643,2
p38,clonotype644,1
p38,clonotype645,3
p38,clonotype646,3
p38,clonotype647,2
p38,clonotype648,2
p38,clonotype649,3
p38,clonotype65,4
p38,clonotype650,2
p38,clonotype651,2
p38,clonotype652,1
p38,clonotype653,2
p38,clonotype654,2
p38,clonotype655,3
p38,clonotype656,2
p38,clonotype657,1
p38,clonotype658,3
p38,clonotype659,3
p38,clonotype66,3
p38,clonotype660,1
p38,clonotype661,1
p38,clonotype662,1
p38,clonotype663,2
p38,clonotype664,1
p38,clonotype666,1
p38,clonotype667,2
p38,clonotype668,2
p38,clonotype669,2
p38,clonotype67,3
p38,clonotype670,3
p38,clonotype671,2
p38,clonotype672,2
p38,clonotype673,1
p38,clonotype674,2
p38,clonotype675,2
p38,clonotype676,3
p38,clonotype677,4
p38,clonotype678,3
p38,clonotype679,3
p38,clonotype68,4
p38,clonotype680,2
p38,clonotype681,3
p38,clonotype682,1
p38,clonotype683,2
p38,clonotype684,2
p38,clonotype685,1
p38,clonotype686,2
p38,clonotype687,3
p38,clonotype688,3
p38,clonotype689,2
p38,clonotype69,4
p38,clonotype690,2
p38,clonotype691,1
p38,clonotype692,3
p38,clonotype693,2
p38,clonotype694,2
p38,clonotype695,2
p38,clonotype697,2
p38,clonotype698,1
p38,clonotype699,2
p38,clonotype7,5
p38,clonotype70,3
p38,clonotype700,1
p38,clonotype701,3
p38,clonotype702,3
p38,clonotype703,2
p38,clonotype704,2
p38,clonotype705,2
p38,clonotype706,2
p38,clonotype707,3
p38,clonotype708,3
p38,clonotype709,2
p38,clonotype71,3
p38,clonotype710,3
p38,clonotype711,2
p38,clonotype712,2
p38,clonotype713,3
p38,clonotype714,1
p38,clonotype715,3
p38,clonotype716,1
p38,clonotype717,1
p38,clonotype718,2
p38,clonotype719,3
p38,clonotype72,5
p38,clonotype720,3
p38,clonotype721,4
p38,clonotype722,2
p38,clonotype723,3
p38,clonotype724,2
p38,clonotype725,2
p38,clonotype726,2
p38,clonotype727,2
p38,clonotype728,1
p38,clonotype729,2
p38,clonotype73,4
p38,clonotype730,1
p38,clonotype731,2
p38,clonotype732,2
p38,clonotype733,2
p38,clonotype735,2
p38,clonotype736,3
p38,clonotype737,2
p38,clonotype738,2
p38,clonotype739,2
p38,clonotype74,3
p38,clonotype740,2
p38,clonotype741,2
p38,clonotype742,2
p38,clonotype743,2
p38,clonotype744,2
p38,clonotype745,1
p38,clonotype746,2
p38,clonotype747,1
p38,clonotype748,3
p38,clonotype749,1
p38,clonotype75,4
p38,clonotype750,3
p38,clonotype751,2
p38,clonotype752,2
p38,clonotype753,2
p38,clonotype755,2
p38,clonotype756,2
p38,clonotype757,3
p38,clonotype758,1
p38,clonotype759,2
p38,clonotype76,2
p38,clonotype760,3
p38,clonotype761,3
p38,clonotype762,3
p38,clonotype763,2
p38,clonotype764,2
p38,clonotype765,3
p38,clonotype766,3
p38,clonotype767,4
p38,clonotype768,3
p38,clonotype769,3
p38,clonotype77,3
p38,clonotype770,3
p38,clonotype771,3
p38,clonotype772,4
p38,clonotype773,4
p38,clonotype774,3
p38,clonotype775,4
p38,clonotype776,3
p38,clonotype777,4
p38,clonotype778,2
p38,clonotype78,2
p38,clonotype780,2
p38,clonotype781,2
p38,clonotype782,1
p38,clonotype783,1
p38,clonotype784,3
p38,clonotype785,3
p38,clonotype786,4
p38,clonotype787,3
p38,clonotype788,3
p38,clonotype789,3
p38,clonotype79,5
p38,clonotype790,3
p38,clonotype791,3
p38,clonotype792,1
p38,clonotype793,3
p38,clonotype794,2
p38,clonotype795,1
p38,clonotype796,2
p38,clonotype797,2
p38,clonotype798,3
p38,clonotype799,3
p38,clonotype8,5
p38,clonotype80,4
p38,clonotype800,3
p38,clonotype801,2
p38,clonotype802,2
p38,clonotype803,1
p38,clonotype804,2
p38,clonotype805,2
p38,clonotype806,3
p38,clonotype807,1
p38,clonotype808,1
p38,clonotype809,3
p38,clonotype81,3
p38,clonotype810,2
p38,clonotype811,2
p38,clonotype812,2
p38,clonotype813,1
p38,clonotype814,2
p38,clonotype815,2
p38,clonotype816,2
p38,clonotype817,1
p38,clonotype818,2
p38,clonotype819,1
p38,clonotype82,2
p38,clonotype820,1
p38,clonotype821,2
p38,clonotype822,2
p38,clonotype823,1
p38,clonotype824,2
p38,clonotype825,1
p38,clonotype826,2
p38,clonotype827,1
p38,clonotype828,1
p38,clonotype829,2
p38,clonotype83,3
p38,clonotype830,1
p38,clonotype831,1
p38,clonotype832,1
p38,clonotype833,3
p38,clonotype834,2
p38,clonotype835,2
p38,clonotype836,2
p38,clonotype837,2
p38,clonotype838,1
p38,clonotype839,2
p38,clonotype84,3
p38,clonotype840,1
p38,clonotype841,1
p38,clonotype842,1
p38,clonotype843,1
p38,clonotype844,2
p38,clonotype845,2
p38,clonotype846,2
p38,clonotype847,2
p38,clonotype848,1
p38,clonotype849,2
p38,clonotype85,4
p38,clonotype850,2
p38,clonotype851,1
p38,clonotype852,2
p38,clonotype853,2
p38,clonotype854,2
p38,clonotype855,2
p38,clonotype856,3
p38,clonotype857,2
p38,clonotype859,2
p38,clonotype86,4
p38,clonotype860,1
p38,clonotype861,2
p38,clonotype862,1
p38,clonotype863,1
p38,clonotype864,1
p38,clonotype865,2
p38,clonotype866,1
p38,clonotype867,1
p38,clonotype868,1
p38,clonotype869,2
p38,clonotype87,3
p38,clonotype870,1
p38,clonotype871,1
p38,clonotype872,1
p38,clonotype873,1
p38,clonotype874,1
p38,clonotype876,2
p38,clonotype877,2
p38,clonotype878,1
p38,clonotype879,1
p38,clonotype88,3
p38,clonotype880,2
p38,clonotype881,1
p38,clonotype882,2
p38,clonotype883,2
p38,clonotype884,2
p38,clonotype885,2
p38,clonotype886,3
p38,clonotype887,3
p38,clonotype888,3
p38,clonotype889,3
p38,clonotype89,5
p38,clonotype890,2
p38,clonotype891,3
p38,clonotype892,2
p38,clonotype893,3
p38,clonotype894,2
p38,clonotype895,3
p38,clonotype896,4
p38,clonotype897,3
p38,clonotype898,2
p38,clonotype899,2
p38,clonotype9,4
p38,clonotype90,3
p38,clonotype900,1
p38,clonotype901,5
p38,clonotype902,1
p38,clonotype903,3
p38,clonotype904,2
p38,clonotype905,2
p38,clonotype906,2
p38,clonotype907,3
p38,clonotype908,2
p38,clonotype909,3
p38,clonotype91,2
p38,clonotype910,1
p38,clonotype911,2
p38,clonotype912,3
p38,clonotype913,1
p38,clonotype914,3
p38,clonotype915,1
p38,clonotype916,1
p38,clonotype917,1
p38,clonotype918,2
p38,clonotype919,2
p38,clonotype92,4
p38,clonotype920,2
p38,clonotype921,2
p38,clonotype922,2
p38,clonotype923,2
p38,clonotype924,2
p38,clonotype925,1
p38,clonotype926,1
p38,clonotype927,1
p38,clonotype928,2
p38,clonotype929,2
p38,clonotype93,4
p38,clonotype930,4
p38,clonotype931,2
p38,clonotype932,3
p38,clonotype933,3
p38,clonotype934,3
p38,clonotype935,4
p38,clonotype936,3
p38,clonotype937,4
p38,clonotype938,3
p38,clonotype939,4
p38,clonotype94,3
p38,clonotype940,4
p38,clonotype941,4
p38,clonotype942,3
p38,clonotype943,5
p38,clonotype945,3
p38,clonotype946,3
p38,clonotype947,3
p38,clonotype948,3
p38,clonotype949,3
p38,clonotype95,4
p38,clonotype950,2
p38,clonotype951,3
p38,clonotype952,4
p38,clonotype953,2
p38,clonotype954,4
p38,clonotype955,4
p38,clonotype956,4
p38,clonotype957,4
p38,clonotype958,4
p38,clonotype959,3
p38,clonotype96,4
p38,clonotype960,4
p38,clonotype961,3
p38,clonotype962,2
p38,clonotype963,4
p38,clonotype964,4
p38,clonotype965,4
p38,clonotype966,3
p38,clonotype967,4
p38,clonotype968,2
p38,clonotype969,4
p38,clonotype97,2
p38,clonotype970,4
p38,clonotype971,5
p38,clonotype972,3
p38,clonotype973,4
p38,clonotype974,3
p38,clonotype975,2
p38,clonotype976,4
p38,clonotype977,4
p38,clonotype978,3
p38,clonotype979,4
p38,clonotype98,2
p38,clonotype980,3
p38,clonotype981,2
p38,clonotype982,4
p38,clonotype983,3
p38,clonotype984,3
p38,clonotype985,3
p38,clonotype986,3
p38,clonotype987,4
p38,clonotype988,3
p38,clonotype989,3
p38,clonotype99,4
p38,clonotype990,5
p38,clonotype991,4
p38,clonotype992,5
p38,clonotype993,3
p38,clonotype994,3
p38,clonotype995,3
p38,clonotype996,3
p38,clonotype997,5
p38,clonotype998,3
p38,clonotype999,3
p4,clonotype1,1
p4,clonotype10,3
p4,clonotype100,2
p4,clonotype1000,3
p4,clonotype1001,3
p4,clonotype1002,3
p4,clonotype1003,3
p4,clonotype1004,4
p4,clonotype1005,2
p4,clonotype1006,3
p4,clonotype1007,3
p4,clonotype1008,3
p4,clonotype1009,3
p4,clonotype101,6
p4,clonotype1010,3
p4,clonotype1011,2
p4,clonotype1012,2
p4,clonotype1013,3
p4,clonotype1014,1
p4,clonotype1015,2
p4,clonotype1016,2
p4,clonotype1017,3
p4,clonotype1018,3
p4,clonotype1019,3
p4,clonotype102,4
p4,clonotype1020,3
p4,clonotype1021,4
p4,clonotype1022,3
p4,clonotype1023,3
p4,clonotype1024,2
p4,clonotype1025,2
p4,clonotype1026,2
p4,clonotype1027,3
p4,clonotype1028,2
p4,clonotype1029,3
p4,clonotype103,7
p4,clonotype1030,2
p4,clonotype1031,3
p4,clonotype1032,5
p4,clonotype1033,1
p4,clonotype1034,1
p4,clonotype1035,2
p4,clonotype1036,3
p4,clonotype1038,2
p4,clonotype1039,4
p4,clonotype104,4
p4,clonotype1041,1
p4,clonotype1042,3
p4,clonotype1043,2
p4,clonotype1044,2
p4,clonotype1045,2
p4,clonotype1046,1
p4,clonotype1047,1
p4,clonotype1048,2
p4,clonotype1049,2
p4,clonotype105,4
p4,clonotype1050,2
p4,clonotype1051,1
p4,clonotype1052,4
p4,clonotype1053,3
p4,clonotype1054,1
p4,clonotype1055,1
p4,clonotype1056,1
p4,clonotype1057,1
p4,clonotype1058,1
p4,clonotype1059,2
p4,clonotype106,5
p4,clonotype1060,2
p4,clonotype1061,1
p4,clonotype1062,2
p4,clonotype1063,4
p4,clonotype1064,2
p4,clonotype1065,2
p4,clonotype1066,1
p4,clonotype1067,4
p4,clonotype1068,4
p4,clonotype1069,3
p4,clonotype107,6
p4,clonotype1070,3
p4,clonotype1071,2
p4,clonotype1072,3
p4,clonotype1073,3
p4,clonotype1074,2
p4,clonotype1075,4
p4,clonotype1076,2
p4,clonotype1077,2
p4,clonotype1078,2
p4,clonotype1079,3
p4,clonotype108,3
p4,clonotype1080,1
p4,clonotype1081,3
p4,clonotype1082,4
p4,clonotype1083,1
p4,clonotype1084,2
p4,clonotype1085,2
p4,clonotype1086,2
p4,clonotype1087,1
p4,clonotype1088,1
p4,clonotype1089,2
p4,clonotype109,5
p4,clonotype1090,2
p4,clonotype1091,3
p4,clonotype1092,1
p4,clonotype1093,1
p4,clonotype1094,1
p4,clonotype1095,2
p4,clonotype1096,1
p4,clonotype1097,2
p4,clonotype1098,3
p4,clonotype1099,4
p4,clonotype11,3
p4,clonotype110,5
p4,clonotype1100,2
p4,clonotype1101,3
p4,clonotype1102,2
p4,clonotype1103,1
p4,clonotype1104,2
p4,clonotype1105,1
p4,clonotype1106,2
p4,clonotype1107,2
p4,clonotype1108,2
p4,clonotype1109,3
p4,clonotype111,4
p4,clonotype1110,1
p4,clonotype1111,2
p4,clonotype1112,2
p4,clonotype1113,3
p4,clonotype1114,2
p4,clonotype1115,2
p4,clonotype1116,3
p4,clonotype1117,2
p4,clonotype1118,4
p4,clonotype1119,3
p4,clonotype112,3
p4,clonotype1120,3
p4,clonotype1121,3
p4,clonotype1122,5
p4,clonotype1123,1
p4,clonotype1124,3
p4,clonotype1125,3
p4,clonotype1126,3
p4,clonotype1127,3
p4,clonotype1128,2
p4,clonotype1129,1
p4,clonotype113,6
p4,clonotype1130,4
p4,clonotype1131,3
p4,clonotype1132,3
p4,clonotype1133,2
p4,clonotype1134,2
p4,clonotype1135,2
p4,clonotype1136,1
p4,clonotype1137,2
p4,clonotype114,2
p4,clonotype1140,2
p4,clonotype1141,2
p4,clonotype1142,2
p4,clonotype1143,2
p4,clonotype1144,2
p4,clonotype1145,2
p4,clonotype1146,1
p4,clonotype1147,2
p4,clonotype1148,2
p4,clonotype1149,4
p4,clonotype115,4
p4,clonotype1150,1
p4,clonotype1151,2
p4,clonotype1152,3
p4,clonotype1153,2
p4,clonotype1154,1
p4,clonotype1155,1
p4,clonotype1156,2
p4,clonotype1157,2
p4,clonotype1158,2
p4,clonotype1159,2
p4,clonotype116,3
p4,clonotype1160,1
p4,clonotype1161,1
p4,clonotype1162,2
p4,clonotype1163,2
p4,clonotype1164,3
p4,clonotype1165,3
p4,clonotype1166,2
p4,clonotype1167,2
p4,clonotype1168,2
p4,clonotype1169,2
p4,clonotype117,3
p4,clonotype1170,2
p4,clonotype1171,1
p4,clonotype1172,1
p4,clonotype1173,2
p4,clonotype1174,2
p4,clonotype1175,2
p4,clonotype1176,1
p4,clonotype1177,2
p4,clonotype1178,3
p4,clonotype1179,2
p4,clonotype118,3
p4,clonotype1180,3
p4,clonotype1181,4
p4,clonotype1182,3
p4,clonotype1183,2
p4,clonotype1184,4
p4,clonotype1185,3
p4,clonotype1186,3
p4,clonotype1187,3
p4,clonotype1188,3
p4,clonotype1189,2
p4,clonotype119,4
p4,clonotype1190,3
p4,clonotype1191,2
p4,clonotype1192,1
p4,clonotype1193,2
p4,clonotype1194,3
p4,clonotype1195,3
p4,clonotype1196,4
p4,clonotype1197,3
p4,clonotype1198,2
p4,clonotype1199,1
p4,clonotype12,4
p4,clonotype120,2
p4,clonotype1200,3
p4,clonotype1201,2
p4,clonotype1202,2
p4,clonotype1203,1
p4,clonotype1204,2
p4,clonotype1205,2
p4,clonotype1206,3
p4,clonotype1207,3
p4,clonotype1208,2
p4,clonotype1209,2
p4,clonotype121,2
p4,clonotype1210,3
p4,clonotype1211,2
p4,clonotype1212,2
p4,clonotype1213,3
p4,clonotype1214,3
p4,clonotype1215,3
p4,clonotype1216,3
p4,clonotype1217,3
p4,clonotype1218,4
p4,clonotype1219,3
p4,clonotype122,2
p4,clonotype1220,3
p4,clonotype1221,3
p4,clonotype1222,3
p4,clonotype1223,2
p4,clonotype1224,1
p4,clonotype1225,1
p4,clonotype1226,4
p4,clonotype1227,2
p4,clonotype1228,3
p4,clonotype1229,2
p4,clonotype123,3
p4,clonotype1230,3
p4,clonotype1231,5
p4,clonotype1232,3
p4,clonotype1233,3
p4,clonotype1234,2
p4,clonotype1235,4
p4,clonotype1236,1
p4,clonotype1237,3
p4,clonotype1238,3
p4,clonotype1239,3
p4,clonotype124,4
p4,clonotype1240,3
p4,clonotype1241,3
p4,clonotype1242,3
p4,clonotype1243,3
p4,clonotype1244,4
p4,clonotype1245,3
p4,clonotype1246,2
p4,clonotype1247,3
p4,clonotype1248,3
p4,clonotype1249,3
p4,clonotype125,5
p4,clonotype1250,4
p4,clonotype1251,2
p4,clonotype1252,4
p4,clonotype1253,3
p4,clonotype1254,3
p4,clonotype1255,2
p4,clonotype1256,1
p4,clonotype1257,2
p4,clonotype1258,3
p4,clonotype1259,2
p4,clonotype126,5
p4,clonotype1260,1
p4,clonotype1261,3
p4,clonotype1262,2
p4,clonotype1263,2
p4,clonotype1264,2
p4,clonotype1265,2
p4,clonotype1266,3
p4,clonotype1267,2
p4,clonotype1268,2
p4,clonotype1269,2
p4,clonotype127,5
p4,clonotype1270,1
p4,clonotype1271,2
p4,clonotype1272,2
p4,clonotype1273,3
p4,clonotype1274,1
p4,clonotype1275,2
p4,clonotype1276,2
p4,clonotype1277,3
p4,clonotype1278,2
p4,clonotype1279,1
p4,clonotype128,7
p4,clonotype1280,2
p4,clonotype1281,2
p4,clonotype1282,2
p4,clonotype1283,3
p4,clonotype1284,2
p4,clonotype1285,3
p4,clonotype1286,2
p4,clonotype1287,4
p4,clonotype1288,5
p4,clonotype1289,2
p4,clonotype129,4
p4,clonotype1290,5
p4,clonotype1291,2
p4,clonotype1292,2
p4,clonotype1293,5
p4,clonotype1294,5
p4,clonotype1295,3
p4,clonotype1296,3
p4,clonotype1297,4
p4,clonotype1298,2
p4,clonotype1299,3
p4,clonotype13,7
p4,clonotype130,5
p4,clonotype1300,2
p4,clonotype1301,3
p4,clonotype1302,3
p4,clonotype1303,3
p4,clonotype1304,3
p4,clonotype1305,3
p4,clonotype1306,3
p4,clonotype1307,3
p4,clonotype1308,4
p4,clonotype1309,2
p4,clonotype131,4
p4,clonotype1310,4
p4,clonotype1311,3
p4,clonotype1312,2
p4,clonotype1313,3
p4,clonotype1314,3
p4,clonotype1315,4
p4,clonotype1316,3
p4,clonotype1317,3
p4,clonotype1318,2
p4,clonotype1319,3
p4,clonotype132,4
p4,clonotype1320,1
p4,clonotype1321,1
p4,clonotype1322,4
p4,clonotype1323,3
p4,clonotype1324,4
p4,clonotype1325,3
p4,clonotype1326,1
p4,clonotype1327,2
p4,clonotype1328,4
p4,clonotype1329,2
p4,clonotype133,3
p4,clonotype1330,5
p4,clonotype1331,2
p4,clonotype1332,3
p4,clonotype1333,3
p4,clonotype1334,2
p4,clonotype1335,3
p4,clonotype1336,4
p4,clonotype1337,3
p4,clonotype1338,2
p4,clonotype1339,4
p4,clonotype134,4
p4,clonotype1340,4
p4,clonotype1341,3
p4,clonotype1342,3
p4,clonotype1343,4
p4,clonotype1344,3
p4,clonotype1345,3
p4,clonotype1346,4
p4,clonotype1347,3
p4,clonotype1348,4
p4,clonotype1349,3
p4,clonotype135,4
p4,clonotype1350,3
p4,clonotype1351,3
p4,clonotype1352,4
p4,clonotype1353,5
p4,clonotype1354,4
p4,clonotype1355,4
p4,clonotype1356,2
p4,clonotype1357,2
p4,clonotype1358,3
p4,clonotype1359,2
p4,clonotype136,2
p4,clonotype1360,2
p4,clonotype1361,4
p4,clonotype1362,4
p4,clonotype1363,3
p4,clonotype1364,4
p4,clonotype1365,4
p4,clonotype1366,4
p4,clonotype1367,4
p4,clonotype1368,2
p4,clonotype1369,3
p4,clonotype137,2
p4,clonotype1370,4
p4,clonotype1371,5
p4,clonotype1372,4
p4,clonotype1373,3
p4,clonotype1374,5
p4,clonotype1375,2
p4,clonotype1376,4
p4,clonotype1377,3
p4,clonotype1378,4
p4,clonotype1379,3
p4,clonotype138,3
p4,clonotype1380,3
p4,clonotype1381,4
p4,clonotype1382,4
p4,clonotype1383,4
p4,clonotype1384,4
p4,clonotype1385,4
p4,clonotype1386,3
p4,clonotype1387,4
p4,clonotype1388,3
p4,clonotype1389,5
p4,clonotype139,5
p4,clonotype1390,3
p4,clonotype1391,3
p4,clonotype1392,3
p4,clonotype1393,3
p4,clonotype1394,3
p4,clonotype1395,2
p4,clonotype1396,2
p4,clonotype1397,3
p4,clonotype1398,2
p4,clonotype1399,2
p4,clonotype14,5
p4,clonotype140,4
p4,clonotype1400,2
p4,clonotype1401,4
p4,clonotype1402,2
p4,clonotype1403,3
p4,clonotype1404,3
p4,clonotype1405,3
p4,clonotype1406,2
p4,clonotype1407,2
p4,clonotype1408,2
p4,clonotype1409,4
p4,clonotype141,5
p4,clonotype1410,2
p4,clonotype1411,2
p4,clonotype1412,2
p4,clonotype1413,1
p4,clonotype1414,4
p4,clonotype1415,2
p4,clonotype1416,3
p4,clonotype1417,2
p4,clonotype1418,2
p4,clonotype1419,2
p4,clonotype142,4
p4,clonotype1420,2
p4,clonotype1421,2
p4,clonotype1423,3
p4,clonotype1424,1
p4,clonotype1425,1
p4,clonotype1426,2
p4,clonotype1427,1
p4,clonotype1428,1
p4,clonotype1429,2
p4,clonotype143,5
p4,clonotype1430,3
p4,clonotype1431,2
p4,clonotype1432,2
p4,clonotype1433,1
p4,clonotype1434,3
p4,clonotype1435,1
p4,clonotype1436,1
p4,clonotype1437,2
p4,clonotype1438,1
p4,clonotype1439,1
p4,clonotype144,3
p4,clonotype1440,3
p4,clonotype1441,1
p4,clonotype1442,2
p4,clonotype1444,2
p4,clonotype1445,2
p4,clonotype1447,1
p4,clonotype1448,1
p4,clonotype1449,2
p4,clonotype145,3
p4,clonotype1450,1
p4,clonotype1451,1
p4,clonotype1452,2
p4,clonotype1453,1
p4,clonotype1454,2
p4,clonotype1455,1
p4,clonotype1456,1
p4,clonotype1457,1
p4,clonotype1458,1
p4,clonotype146,4
p4,clonotype1460,1
p4,clonotype1461,2
p4,clonotype1462,1
p4,clonotype1463,1
p4,clonotype1464,2
p4,clonotype1465,3
p4,clonotype1466,2
p4,clonotype1467,2
p4,clonotype1468,4
p4,clonotype1469,4
p4,clonotype147,3
p4,clonotype1470,3
p4,clonotype1471,1
p4,clonotype1472,2
p4,clonotype1473,3
p4,clonotype1474,3
p4,clonotype1475,3
p4,clonotype1476,3
p4,clonotype1477,2
p4,clonotype1478,2
p4,clonotype1479,1
p4,clonotype148,3
p4,clonotype1480,1
p4,clonotype1481,2
p4,clonotype1482,1
p4,clonotype1483,3
p4,clonotype1484,3
p4,clonotype1485,3
p4,clonotype1486,2
p4,clonotype1487,2
p4,clonotype1488,2
p4,clonotype1489,3
p4,clonotype149,2
p4,clonotype1490,2
p4,clonotype1491,3
p4,clonotype1492,3
p4,clonotype1493,3
p4,clonotype1494,4
p4,clonotype1495,3
p4,clonotype1496,3
p4,clonotype1497,4
p4,clonotype1498,3
p4,clonotype1499,3
p4,clonotype15,4
p4,clonotype150,5
p4,clonotype1500,3
p4,clonotype1501,4
p4,clonotype1502,3
p4,clonotype1503,3
p4,clonotype1504,3
p4,clonotype1505,2
p4,clonotype1506,3
p4,clonotype1507,4
p4,clonotype1508,2
p4,clonotype1509,3
p4,clonotype151,3
p4,clonotype1510,3
p4,clonotype1511,2
p4,clonotype1512,3
p4,clonotype1513,2
p4,clonotype1514,3
p4,clonotype1515,2
p4,clonotype1516,2
p4,clonotype1517,4
p4,clonotype1518,2
p4,clonotype1519,5
p4,clonotype152,5
p4,clonotype1520,4
p4,clonotype1521,3
p4,clonotype1522,3
p4,clonotype1523,3
p4,clonotype1524,3
p4,clonotype1525,3
p4,clonotype1526,4
p4,clonotype1527,4
p4,clonotype1528,3
p4,clonotype1529,3
p4,clonotype153,3
p4,clonotype1530,3
p4,clonotype1531,4
p4,clonotype1532,3
p4,clonotype1533,3
p4,clonotype1534,3
p4,clonotype1535,4
p4,clonotype1536,2
p4,clonotype1537,1
p4,clonotype1538,3
p4,clonotype1539,5
p4,clonotype154,4
p4,clonotype1540,3
p4,clonotype1541,4
p4,clonotype1542,4
p4,clonotype1543,3
p4,clonotype1544,2
p4,clonotype1545,3
p4,clonotype1546,3
p4,clonotype1547,3
p4,clonotype1548,2
p4,clonotype1549,2
p4,clonotype155,3
p4,clonotype1550,4
p4,clonotype1551,4
p4,clonotype1552,4
p4,clonotype1553,2
p4,clonotype1554,2
p4,clonotype1555,3
p4,clonotype1556,3
p4,clonotype1557,3
p4,clonotype1558,3
p4,clonotype1559,4
p4,clonotype156,6
p4,clonotype1560,2
p4,clonotype1561,5
p4,clonotype1562,3
p4,clonotype1563,4
p4,clonotype1564,3
p4,clonotype1565,2
p4,clonotype1566,2
p4,clonotype1567,4
p4,clonotype1568,1
p4,clonotype1569,1
p4,clonotype157,4
p4,clonotype1570,3
p4,clonotype1571,3
p4,clonotype1572,4
p4,clonotype1573,3
p4,clonotype1574,3
p4,clonotype1575,3
p4,clonotype1576,2
p4,clonotype1577,2
p4,clonotype1578,1
p4,clonotype1579,3
p4,clonotype158,4
p4,clonotype1580,2
p4,clonotype1581,3
p4,clonotype1582,1
p4,clonotype1583,4
p4,clonotype1584,2
p4,clonotype1585,2
p4,clonotype1586,1
p4,clonotype1587,3
p4,clonotype1588,3
p4,clonotype1589,3
p4,clonotype159,5
p4,clonotype1590,4
p4,clonotype1591,3
p4,clonotype1592,4
p4,clonotype1593,2
p4,clonotype1594,3
p4,clonotype1595,3
p4,clonotype1596,4
p4,clonotype1597,3
p4,clonotype1598,3
p4,clonotype1599,2
p4,clonotype16,4
p4,clonotype160,6
p4,clonotype1600,2
p4,clonotype1601,4
p4,clonotype1602,3
p4,clonotype1603,3
p4,clonotype1604,1
p4,clonotype1605,3
p4,clonotype1606,2
p4,clonotype1607,3
p4,clonotype1608,3
p4,clonotype1609,3
p4,clonotype161,4
p4,clonotype1610,3
p4,clonotype1611,4
p4,clonotype1612,4
p4,clonotype1613,4
p4,clonotype1614,5
p4,clonotype1615,4
p4,clonotype1616,4
p4,clonotype1617,3
p4,clonotype1618,2
p4,clonotype1619,4
p4,clonotype162,2
p4,clonotype1620,4
p4,clonotype1621,4
p4,clonotype1622,4
p4,clonotype1623,4
p4,clonotype1624,4
p4,clonotype1625,5
p4,clonotype1626,3
p4,clonotype1627,4
p4,clonotype1628,3
p4,clonotype1629,3
p4,clonotype163,4
p4,clonotype1630,2
p4,clonotype1631,3
p4,clonotype1632,3
p4,clonotype1633,4
p4,clonotype1634,4
p4,clonotype1635,2
p4,clonotype1636,4
p4,clonotype1637,4
p4,clonotype1638,1
p4,clonotype1639,3
p4,clonotype164,4
p4,clonotype1640,3
p4,clonotype1641,3
p4,clonotype1642,3
p4,clonotype1643,2
p4,clonotype1644,2
p4,clonotype1645,3
p4,clonotype1646,5
p4,clonotype1647,3
p4,clonotype1648,4
p4,clonotype1649,3
p4,clonotype165,4
p4,clonotype1650,2
p4,clonotype1651,3
p4,clonotype1652,3
p4,clonotype1653,3
p4,clonotype1654,3
p4,clonotype1655,3
p4,clonotype1656,3
p4,clonotype1657,4
p4,clonotype1658,2
p4,clonotype1659,3
p4,clonotype166,5
p4,clonotype1660,4
p4,clonotype1661,4
p4,clonotype1662,4
p4,clonotype1663,4
p4,clonotype1664,2
p4,clonotype1665,2
p4,clonotype1666,2
p4,clonotype1667,2
p4,clonotype1668,3
p4,clonotype1669,3
p4,clonotype167,3
p4,clonotype1670,2
p4,clonotype1671,2
p4,clonotype1672,2
p4,clonotype1673,3
p4,clonotype1674,2
p4,clonotype1675,2
p4,clonotype1676,4
p4,clonotype1677,2
p4,clonotype1678,4
p4,clonotype1679,2
p4,clonotype168,4
p4,clonotype1680,2
p4,clonotype1681,2
p4,clonotype1682,2
p4,clonotype1683,4
p4,clonotype1684,4
p4,clonotype1685,3
p4,clonotype1686,3
p4,clonotype1687,4
p4,clonotype1688,4
p4,clonotype1689,3
p4,clonotype169,3
p4,clonotype1690,4
p4,clonotype1691,1
p4,clonotype1692,4
p4,clonotype1693,4
p4,clonotype1694,4
p4,clonotype1695,2
p4,clonotype1696,2
p4,clonotype1697,4
p4,clonotype1698,3
p4,clonotype1699,3
p4,clonotype17,4
p4,clonotype170,4
p4,clonotype1700,3
p4,clonotype1701,4
p4,clonotype1702,2
p4,clonotype1703,4
p4,clonotype1704,5
p4,clonotype1705,2
p4,clonotype1706,3
p4,clonotype1707,4
p4,clonotype1708,3
p4,clonotype1709,4
p4,clonotype171,6
p4,clonotype1710,3
p4,clonotype1711,3
p4,clonotype1712,3
p4,clonotype1713,3
p4,clonotype1714,2
p4,clonotype1715,2
p4,clonotype1716,2
p4,clonotype1717,2
p4,clonotype1718,2
p4,clonotype1719,2
p4,clonotype172,3
p4,clonotype1720,1
p4,clonotype1721,2
p4,clonotype1722,2
p4,clonotype1723,2
p4,clonotype1724,2
p4,clonotype1725,2
p4,clonotype1726,2
p4,clonotype1727,2
p4,clonotype1728,2
p4,clonotype1729,2
p4,clonotype173,4
p4,clonotype1730,1
p4,clonotype1731,2
p4,clonotype1732,2
p4,clonotype1733,2
p4,clonotype1734,2
p4,clonotype1735,2
p4,clonotype1736,2
p4,clonotype1737,2
p4,clonotype1738,2
p4,clonotype1739,1
p4,clonotype174,2
p4,clonotype1740,2
p4,clonotype1741,2
p4,clonotype1742,2
p4,clonotype1743,2
p4,clonotype1744,2
p4,clonotype1745,2
p4,clonotype1746,1
p4,clonotype1747,1
p4,clonotype1748,1
p4,clonotype1749,2
p4,clonotype175,3
p4,clonotype1750,2
p4,clonotype1751,2
p4,clonotype1752,1
p4,clonotype1753,3
p4,clonotype1754,2
p4,clonotype1755,4
p4,clonotype1756,1
p4,clonotype1757,3
p4,clonotype1758,3
p4,clonotype1759,3
p4,clonotype176,7
p4,clonotype1760,2
p4,clonotype1761,2
p4,clonotype1762,3
p4,clonotype1763,1
p4,clonotype1764,3
p4,clonotype1765,3
p4,clonotype1766,2
p4,clonotype1767,2
p4,clonotype1768,3
p4,clonotype1769,2
p4,clonotype177,3
p4,clonotype1770,2
p4,clonotype1771,4
p4,clonotype1772,2
p4,clonotype1773,3
p4,clonotype1774,3
p4,clonotype1775,3
p4,clonotype1776,4
p4,clonotype1777,3
p4,clonotype1778,3
p4,clonotype1779,3
p4,clonotype178,4
p4,clonotype1780,3
p4,clonotype1781,3
p4,clonotype1782,3
p4,clonotype1783,3
p4,clonotype1784,4
p4,clonotype1785,3
p4,clonotype1786,4
p4,clonotype1787,3
p4,clonotype1788,3
p4,clonotype1789,4
p4,clonotype179,4
p4,clonotype1790,3
p4,clonotype1791,3
p4,clonotype1792,3
p4,clonotype1793,3
p4,clonotype1794,4
p4,clonotype1795,3
p4,clonotype1796,3
p4,clonotype1797,3
p4,clonotype1798,2
p4,clonotype1799,3
p4,clonotype18,6
p4,clonotype180,3
p4,clonotype1800,4
p4,clonotype1801,4
p4,clonotype1802,3
p4,clonotype1803,4
p4,clonotype1804,2
p4,clonotype1805,3
p4,clonotype1806,3
p4,clonotype1807,3
p4,clonotype1808,2
p4,clonotype1809,3
p4,clonotype181,5
p4,clonotype1810,3
p4,clonotype1811,3
p4,clonotype1812,3
p4,clonotype1813,3
p4,clonotype1814,4
p4,clonotype1815,3
p4,clonotype1816,3
p4,clonotype1817,3
p4,clonotype1818,3
p4,clonotype1819,3
p4,clonotype182,5
p4,clonotype1820,3
p4,clonotype1821,3
p4,clonotype1822,2
p4,clonotype1823,4
p4,clonotype1824,4
p4,clonotype1825,3
p4,clonotype1826,4
p4,clonotype1827,4
p4,clonotype1828,3
p4,clonotype1829,3
p4,clonotype183,4
p4,clonotype1830,3
p4,clonotype1831,4
p4,clonotype1832,4
p4,clonotype1833,3
p4,clonotype1834,2
p4,clonotype1835,2
p4,clonotype1836,2
p4,clonotype1837,3
p4,clonotype1838,3
p4,clonotype1839,3
p4,clonotype184,5
p4,clonotype1840,3
p4,clonotype1841,3
p4,clonotype1842,2
p4,clonotype1843,3
p4,clonotype1844,3
p4,clonotype1845,3
p4,clonotype1846,4
p4,clonotype1847,4
p4,clonotype1848,3
p4,clonotype1849,3
p4,clonotype185,4
p4,clonotype1850,2
p4,clonotype1851,3
p4,clonotype1852,3
p4,clonotype1853,3
p4,clonotype1854,2
p4,clonotype1855,2
p4,clonotype1856,3
p4,clonotype1857,4
p4,clonotype1858,3
p4,clonotype1859,3
p4,clonotype186,4
p4,clonotype1860,2
p4,clonotype1861,3
p4,clonotype1862,3
p4,clonotype1863,2
p4,clonotype1864,3
p4,clonotype1865,4
p4,clonotype1866,3
p4,clonotype1867,2
p4,clonotype1868,3
p4,clonotype1869,3
p4,clonotype187,5
p4,clonotype1870,3
p4,clonotype1871,3
p4,clonotype1872,2
p4,clonotype1873,2
p4,clonotype1874,3
p4,clonotype1875,2
p4,clonotype1876,3
p4,clonotype1877,3
p4,clonotype1878,3
p4,clonotype1879,3
p4,clonotype188,5
p4,clonotype1880,2
p4,clonotype1881,2
p4,clonotype1882,3
p4,clonotype1883,3
p4,clonotype1884,4
p4,clonotype1885,4
p4,clonotype1886,2
p4,clonotype1887,2
p4,clonotype1888,3
p4,clonotype1889,3
p4,clonotype189,5
p4,clonotype1890,4
p4,clonotype1891,2
p4,clonotype1892,3
p4,clonotype1893,2
p4,clonotype1894,2
p4,clonotype1895,3
p4,clonotype1896,3
p4,clonotype1897,2
p4,clonotype1898,3
p4,clonotype1899,3
p4,clonotype19,5
p4,clonotype190,5
p4,clonotype1900,3
p4,clonotype1901,3
p4,clonotype1902,2
p4,clonotype1903,3
p4,clonotype1904,3
p4,clonotype1905,3
p4,clonotype1906,2
p4,clonotype1907,3
p4,clonotype1908,3
p4,clonotype1909,4
p4,clonotype191,3
p4,clonotype1910,3
p4,clonotype1911,3
p4,clonotype1912,4
p4,clonotype1913,3
p4,clonotype1914,4
p4,clonotype1915,3
p4,clonotype1916,2
p4,clonotype1917,3
p4,clonotype1918,3
p4,clonotype1919,3
p4,clonotype192,4
p4,clonotype1920,3
p4,clonotype1921,3
p4,clonotype1922,3
p4,clonotype1923,2
p4,clonotype1924,2
p4,clonotype1925,3
p4,clonotype1926,3
p4,clonotype1927,2
p4,clonotype1928,2
p4,clonotype1929,2
p4,clonotype193,5
p4,clonotype1930,3
p4,clonotype1931,3
p4,clonotype1932,3
p4,clonotype1933,2
p4,clonotype1934,3
p4,clonotype1935,3
p4,clonotype1936,3
p4,clonotype1937,1
p4,clonotype1938,2
p4,clonotype1939,2
p4,clonotype194,4
p4,clonotype1940,2
p4,clonotype1941,2
p4,clonotype1942,3
p4,clonotype1943,2
p4,clonotype1944,2
p4,clonotype1945,1
p4,clonotype1946,1
p4,clonotype1947,2
p4,clonotype1948,2
p4,clonotype1949,1
p4,clonotype195,4
p4,clonotype1950,3
p4,clonotype1951,2
p4,clonotype1952,2
p4,clonotype1953,1
p4,clonotype1954,3
p4,clonotype1955,2
p4,clonotype1956,1
p4,clonotype1957,2
p4,clonotype1958,2
p4,clonotype1959,2
p4,clonotype196,3
p4,clonotype1960,1
p4,clonotype1961,2
p4,clonotype1962,3
p4,clonotype1963,3
p4,clonotype1964,2
p4,clonotype1965,4
p4,clonotype1966,3
p4,clonotype1967,1
p4,clonotype1968,3
p4,clonotype1969,2
p4,clonotype197,3
p4,clonotype1970,1
p4,clonotype1971,1
p4,clonotype1972,2
p4,clonotype1973,1
p4,clonotype1974,1
p4,clonotype1975,2
p4,clonotype1976,3
p4,clonotype1977,2
p4,clonotype1978,2
p4,clonotype1979,3
p4,clonotype198,1
p4,clonotype1980,1
p4,clonotype1981,2
p4,clonotype1982,3
p4,clonotype1983,2
p4,clonotype1984,2
p4,clonotype1985,1
p4,clonotype1986,2
p4,clonotype1987,1
p4,clonotype1988,2
p4,clonotype1989,3
p4,clonotype199,4
p4,clonotype1990,3
p4,clonotype1991,2
p4,clonotype1992,2
p4,clonotype1993,1
p4,clonotype1995,3
p4,clonotype1996,3
p4,clonotype1997,2
p4,clonotype1999,2
p4,clonotype2,1
p4,clonotype20,6
p4,clonotype200,4
p4,clonotype2000,3
p4,clonotype2001,1
p4,clonotype2002,1
p4,clonotype2003,2
p4,clonotype2004,2
p4,clonotype2005,4
p4,clonotype2006,1
p4,clonotype2007,3
p4,clonotype2008,2
p4,clonotype2009,1
p4,clonotype201,4
p4,clonotype2010,1
p4,clonotype2011,1
p4,clonotype2012,1
p4,clonotype2013,2
p4,clonotype2014,1
p4,clonotype2015,2
p4,clonotype2016,2
p4,clonotype2017,2
p4,clonotype2018,3
p4,clonotype2019,1
p4,clonotype202,3
p4,clonotype2020,1
p4,clonotype2021,1
p4,clonotype2022,1
p4,clonotype2023,1
p4,clonotype2024,1
p4,clonotype2025,1
p4,clonotype2026,1
p4,clonotype2027,1
p4,clonotype2028,1
p4,clonotype2029,2
p4,clonotype203,4
p4,clonotype2031,3
p4,clonotype2032,2
p4,clonotype2033,2
p4,clonotype2034,1
p4,clonotype2035,1
p4,clonotype2036,2
p4,clonotype2037,1
p4,clonotype2038,2
p4,clonotype2039,2
p4,clonotype204,4
p4,clonotype2040,1
p4,clonotype2041,1
p4,clonotype2042,1
p4,clonotype2044,2
p4,clonotype2045,1
p4,clonotype2046,2
p4,clonotype2047,1
p4,clonotype2049,2
p4,clonotype205,4
p4,clonotype2051,2
p4,clonotype2052,2
p4,clonotype2053,1
p4,clonotype2054,1
p4,clonotype2055,1
p4,clonotype2056,3
p4,clonotype2057,2
p4,clonotype2058,3
p4,clonotype2059,1
p4,clonotype206,3
p4,clonotype2060,1
p4,clonotype2061,2
p4,clonotype2062,1
p4,clonotype2063,2
p4,clonotype2064,1
p4,clonotype2065,2
p4,clonotype2066,2
p4,clonotype2067,2
p4,clonotype2068,2
p4,clonotype2069,1
p4,clonotype207,4
p4,clonotype2070,1
p4,clonotype2071,1
p4,clonotype2072,2
p4,clonotype2073,2
p4,clonotype2075,1
p4,clonotype2076,2
p4,clonotype2077,1
p4,clonotype2078,1
p4,clonotype2079,2
p4,clonotype208,4
p4,clonotype2080,1
p4,clonotype2081,1
p4,clonotype2082,1
p4,clonotype2083,2
p4,clonotype2084,3
p4,clonotype2085,1
p4,clonotype2086,3
p4,clonotype2087,1
p4,clonotype2088,1
p4,clonotype2089,2
p4,clonotype209,4
p4,clonotype2090,2
p4,clonotype2091,3
p4,clonotype2092,2
p4,clonotype2093,1
p4,clonotype2094,2
p4,clonotype2095,1
p4,clonotype2096,1
p4,clonotype2097,3
p4,clonotype2098,2
p4,clonotype2099,3
p4,clonotype21,3
p4,clonotype210,4
p4,clonotype2100,2
p4,clonotype2101,2
p4,clonotype2102,4
p4,clonotype2103,3
p4,clonotype2104,1
p4,clonotype2105,3
p4,clonotype2106,2
p4,clonotype2107,2
p4,clonotype2108,2
p4,clonotype2109,2
p4,clonotype211,3
p4,clonotype2110,2
p4,clonotype2111,2
p4,clonotype2112,1
p4,clonotype2113,3
p4,clonotype2114,3
p4,clonotype2115,1
p4,clonotype2116,2
p4,clonotype2117,1
p4,clonotype2118,2
p4,clonotype2119,2
p4,clonotype212,4
p4,clonotype2120,2
p4,clonotype2121,1
p4,clonotype2122,2
p4,clonotype2123,2
p4,clonotype2124,1
p4,clonotype2125,2
p4,clonotype2126,2
p4,clonotype2127,2
p4,clonotype2128,2
p4,clonotype2129,3
p4,clonotype213,3
p4,clonotype2130,2
p4,clonotype2131,3
p4,clonotype2132,1
p4,clonotype2133,1
p4,clonotype2134,2
p4,clonotype2135,1
p4,clonotype2136,1
p4,clonotype2137,2
p4,clonotype2138,2
p4,clonotype2139,1
p4,clonotype214,4
p4,clonotype2140,2
p4,clonotype2141,2
p4,clonotype2142,1
p4,clonotype2143,2
p4,clonotype2144,1
p4,clonotype2145,2
p4,clonotype2146,2
p4,clonotype2147,2
p4,clonotype2148,2
p4,clonotype2149,2
p4,clonotype215,4
p4,clonotype2150,2
p4,clonotype2151,2
p4,clonotype2152,1
p4,clonotype2153,1
p4,clonotype2154,2
p4,clonotype2155,2
p4,clonotype2156,4
p4,clonotype2157,2
p4,clonotype2158,2
p4,clonotype2159,2
p4,clonotype216,5
p4,clonotype2160,2
p4,clonotype2161,3
p4,clonotype2162,1
p4,clonotype2163,3
p4,clonotype2164,3
p4,clonotype2165,3
p4,clonotype2166,3
p4,clonotype2167,3
p4,clonotype2168,3
p4,clonotype2169,3
p4,clonotype217,6
p4,clonotype2170,3
p4,clonotype2171,4
p4,clonotype2172,1
p4,clonotype2173,4
p4,clonotype2174,2
p4,clonotype2175,3
p4,clonotype2176,3
p4,clonotype2177,3
p4,clonotype2178,3
p4,clonotype2179,3
p4,clonotype218,3
p4,clonotype2180,2
p4,clonotype2181,3
p4,clonotype2182,3
p4,clonotype2183,2
p4,clonotype2184,3
p4,clonotype2185,4
p4,clonotype2186,2
p4,clonotype2187,2
p4,clonotype2188,3
p4,clonotype2189,3
p4,clonotype219,3
p4,clonotype2190,2
p4,clonotype2191,3
p4,clonotype2192,2
p4,clonotype2194,3
p4,clonotype2195,3
p4,clonotype2196,3
p4,clonotype2197,2
p4,clonotype2198,3
p4,clonotype2199,2
p4,clonotype22,4
p4,clonotype220,4
p4,clonotype2200,3
p4,clonotype2201,3
p4,clonotype2202,4
p4,clonotype2203,3
p4,clonotype2204,1
p4,clonotype2205,4
p4,clonotype2206,2
p4,clonotype2207,3
p4,clonotype2208,3
p4,clonotype2209,2
p4,clonotype221,5
p4,clonotype2210,2
p4,clonotype2211,4
p4,clonotype2212,3
p4,clonotype2213,3
p4,clonotype2214,3
p4,clonotype2215,2
p4,clonotype2216,4
p4,clonotype2217,2
p4,clonotype2218,3
p4,clonotype2219,4
p4,clonotype222,5
p4,clonotype2220,1
p4,clonotype2221,4
p4,clonotype2222,3
p4,clonotype2223,3
p4,clonotype2224,3
p4,clonotype2225,3
p4,clonotype2226,3
p4,clonotype2227,4
p4,clonotype2228,3
p4,clonotype2229,3
p4,clonotype223,4
p4,clonotype2230,4
p4,clonotype2231,4
p4,clonotype2232,3
p4,clonotype2233,1
p4,clonotype2234,3
p4,clonotype2235,3
p4,clonotype2236,2
p4,clonotype2237,4
p4,clonotype2238,3
p4,clonotype2239,4
p4,clonotype224,6
p4,clonotype2240,1
p4,clonotype2241,3
p4,clonotype2242,3
p4,clonotype2243,3
p4,clonotype2244,3
p4,clonotype2245,1
p4,clonotype2246,3
p4,clonotype2247,4
p4,clonotype2248,3
p4,clonotype2249,3
p4,clonotype225,4
p4,clonotype2250,3
p4,clonotype2251,4
p4,clonotype2252,4
p4,clonotype2253,3
p4,clonotype2254,2
p4,clonotype2255,3
p4,clonotype2256,3
p4,clonotype2257,3
p4,clonotype2258,3
p4,clonotype2259,3
p4,clonotype226,4
p4,clonotype2260,3
p4,clonotype2261,3
p4,clonotype2262,3
p4,clonotype2263,3
p4,clonotype2264,2
p4,clonotype2265,4
p4,clonotype2266,3
p4,clonotype2267,2
p4,clonotype2268,3
p4,clonotype2269,3
p4,clonotype227,3
p4,clonotype2270,3
p4,clonotype2271,3
p4,clonotype2272,1
p4,clonotype2273,2
p4,clonotype2274,2
p4,clonotype2275,2
p4,clonotype2276,3
p4,clonotype2277,2
p4,clonotype2278,2
p4,clonotype2279,3
p4,clonotype228,4
p4,clonotype2280,4
p4,clonotype2281,2
p4,clonotype2282,2
p4,clonotype2283,2
p4,clonotype2284,3
p4,clonotype2285,3
p4,clonotype2286,2
p4,clonotype2287,2
p4,clonotype2288,2
p4,clonotype2289,3
p4,clonotype229,4
p4,clonotype2290,2
p4,clonotype2291,1
p4,clonotype2292,3
p4,clonotype2293,2
p4,clonotype2294,2
p4,clonotype2295,2
p4,clonotype2296,2
p4,clonotype2297,3
p4,clonotype2298,4
p4,clonotype2299,2
p4,clonotype23,4
p4,clonotype230,5
p4,clonotype2300,2
p4,clonotype2301,3
p4,clonotype2302,2
p4,clonotype2303,3
p4,clonotype2304,3
p4,clonotype2305,2
p4,clonotype2306,2
p4,clonotype2307,2
p4,clonotype2308,2
p4,clonotype2309,3
p4,clonotype231,6
p4,clonotype2310,1
p4,clonotype2312,1
p4,clonotype2313,4
p4,clonotype2314,1
p4,clonotype2315,3
p4,clonotype2316,4
p4,clonotype2317,3
p4,clonotype2318,3
p4,clonotype2319,3
p4,clonotype232,4
p4,clonotype2320,2
p4,clonotype2321,2
p4,clonotype2322,1
p4,clonotype2323,2
p4,clonotype2324,3
p4,clonotype2325,3
p4,clonotype2326,2
p4,clonotype2327,1
p4,clonotype2328,2
p4,clonotype2329,4
p4,clonotype233,5
p4,clonotype2330,3
p4,clonotype2331,2
p4,clonotype2332,2
p4,clonotype2333,2
p4,clonotype2334,2
p4,clonotype2335,2
p4,clonotype2336,2
p4,clonotype2337,4
p4,clonotype2338,2
p4,clonotype2339,1
p4,clonotype234,6
p4,clonotype2340,2
p4,clonotype2341,2
p4,clonotype2342,2
p4,clonotype2343,2
p4,clonotype2344,2
p4,clonotype2345,2
p4,clonotype2346,2
p4,clonotype2347,2
p4,clonotype2348,2
p4,clonotype2349,2
p4,clonotype235,3
p4,clonotype2350,1
p4,clonotype2351,2
p4,clonotype2352,3
p4,clonotype2353,2
p4,clonotype2354,2
p4,clonotype2355,1
p4,clonotype2356,2
p4,clonotype2357,2
p4,clonotype2358,2
p4,clonotype2359,2
p4,clonotype236,3
p4,clonotype2360,1
p4,clonotype2361,2
p4,clonotype2362,2
p4,clonotype2363,3
p4,clonotype2364,3
p4,clonotype2365,3
p4,clonotype2366,3
p4,clonotype2367,3
p4,clonotype2368,3
p4,clonotype2369,3
p4,clonotype237,4
p4,clonotype2370,2
p4,clonotype2371,2
p4,clonotype2372,2
p4,clonotype2373,2
p4,clonotype2374,1
p4,clonotype2375,2
p4,clonotype2376,2
p4,clonotype2377,1
p4,clonotype2378,1
p4,clonotype2379,1
p4,clonotype238,2
p4,clonotype2380,1
p4,clonotype2383,1
p4,clonotype2384,2
p4,clonotype2385,1
p4,clonotype2386,1
p4,clonotype2387,1
p4,clonotype2389,1
p4,clonotype239,3
p4,clonotype2390,2
p4,clonotype2391,1
p4,clonotype2392,2
p4,clonotype2394,1
p4,clonotype2395,1
p4,clonotype2396,2
p4,clonotype2397,1
p4,clonotype2398,2
p4,clonotype2399,2
p4,clonotype24,7
p4,clonotype240,2
p4,clonotype2400,2
p4,clonotype2401,2
p4,clonotype2402,2
p4,clonotype2403,2
p4,clonotype2404,2
p4,clonotype2405,2
p4,clonotype2406,2
p4,clonotype2407,2
p4,clonotype2408,2
p4,clonotype2409,1
p4,clonotype241,1
p4,clonotype2410,2
p4,clonotype2411,1
p4,clonotype2412,2
p4,clonotype2413,2
p4,clonotype2414,2
p4,clonotype2415,2
p4,clonotype2416,2
p4,clonotype2417,2
p4,clonotype2418,2
p4,clonotype2419,3
p4,clonotype242,2
p4,clonotype2420,2
p4,clonotype2421,2
p4,clonotype2422,2
p4,clonotype2423,2
p4,clonotype2424,2
p4,clonotype2425,2
p4,clonotype2426,1
p4,clonotype2427,2
p4,clonotype2428,2
p4,clonotype2429,2
p4,clonotype243,3
p4,clonotype2430,2
p4,clonotype2431,2
p4,clonotype2432,2
p4,clonotype2433,2
p4,clonotype2434,2
p4,clonotype2435,3
p4,clonotype2436,2
p4,clonotype2437,2
p4,clonotype2438,2
p4,clonotype2439,2
p4,clonotype244,2
p4,clonotype2440,2
p4,clonotype2441,1
p4,clonotype2442,2
p4,clonotype2443,2
p4,clonotype2444,1
p4,clonotype2445,1
p4,clonotype2446,2
p4,clonotype2447,2
p4,clonotype2448,2
p4,clonotype2449,2
p4,clonotype245,2
p4,clonotype2450,2
p4,clonotype2451,3
p4,clonotype2452,2
p4,clonotype2453,3
p4,clonotype2454,2
p4,clonotype2455,2
p4,clonotype2456,3
p4,clonotype2457,1
p4,clonotype2458,1
p4,clonotype2459,2
p4,clonotype246,3
p4,clonotype2460,2
p4,clonotype2461,2
p4,clonotype2462,2
p4,clonotype2463,1
p4,clonotype2464,2
p4,clonotype2465,2
p4,clonotype2466,2
p4,clonotype2467,2
p4,clonotype2468,2
p4,clonotype2469,3
p4,clonotype247,2
p4,clonotype2470,2
p4,clonotype2471,2
p4,clonotype2472,2
p4,clonotype2473,3
p4,clonotype2474,2
p4,clonotype2475,2
p4,clonotype2476,1
p4,clonotype2477,3
p4,clonotype2478,2
p4,clonotype2479,3
p4,clonotype248,2
p4,clonotype2480,2
p4,clonotype2481,2
p4,clonotype2482,1
p4,clonotype2483,2
p4,clonotype2484,3
p4,clonotype2485,2
p4,clonotype2486,3
p4,clonotype2487,2
p4,clonotype2488,2
p4,clonotype2489,1
p4,clonotype249,2
p4,clonotype2490,2
p4,clonotype2491,2
p4,clonotype2492,1
p4,clonotype2493,1
p4,clonotype2494,2
p4,clonotype2495,2
p4,clonotype2496,2
p4,clonotype2497,3
p4,clonotype2498,2
p4,clonotype2499,2
p4,clonotype25,3
p4,clonotype250,4
p4,clonotype2500,1
p4,clonotype2501,3
p4,clonotype2502,3
p4,clonotype2503,3
p4,clonotype2504,3
p4,clonotype2505,3
p4,clonotype2506,3
p4,clonotype2507,3
p4,clonotype2508,2
p4,clonotype2509,3
p4,clonotype251,4
p4,clonotype2510,3
p4,clonotype2511,3
p4,clonotype2512,4
p4,clonotype2513,3
p4,clonotype2514,3
p4,clonotype2515,3
p4,clonotype2516,3
p4,clonotype2517,2
p4,clonotype2518,2
p4,clonotype2519,3
p4,clonotype252,3
p4,clonotype2520,3
p4,clonotype2521,3
p4,clonotype2522,3
p4,clonotype2523,3
p4,clonotype2524,3
p4,clonotype2525,4
p4,clonotype2526,3
p4,clonotype2527,2
p4,clonotype2528,3
p4,clonotype2529,3
p4,clonotype253,4
p4,clonotype2530,3
p4,clonotype2531,3
p4,clonotype2532,3
p4,clonotype2533,3
p4,clonotype2534,3
p4,clonotype2535,3
p4,clonotype2536,2
p4,clonotype2537,3
p4,clonotype2538,3
p4,clonotype2539,2
p4,clonotype254,2
p4,clonotype2540,2
p4,clonotype2541,2
p4,clonotype2542,3
p4,clonotype2543,3
p4,clonotype2544,4
p4,clonotype2545,3
p4,clonotype2546,2
p4,clonotype2547,2
p4,clonotype2548,3
p4,clonotype2549,2
p4,clonotype255,2
p4,clonotype2550,3
p4,clonotype2551,3
p4,clonotype2552,2
p4,clonotype2553,3
p4,clonotype2554,3
p4,clonotype2555,2
p4,clonotype2556,3
p4,clonotype2557,3
p4,clonotype2558,3
p4,clonotype2559,3
p4,clonotype256,3
p4,clonotype2560,3
p4,clonotype2561,3
p4,clonotype2562,1
p4,clonotype2563,2
p4,clonotype2564,2
p4,clonotype2565,2
p4,clonotype2566,2
p4,clonotype2567,2
p4,clonotype2568,2
p4,clonotype2569,3
p4,clonotype257,3
p4,clonotype2570,2
p4,clonotype2571,3
p4,clonotype2572,2
p4,clonotype2573,2
p4,clonotype2574,2
p4,clonotype2575,2
p4,clonotype2576,3
p4,clonotype2577,2
p4,clonotype2578,2
p4,clonotype2579,3
p4,clonotype258,2
p4,clonotype2580,2
p4,clonotype2581,2
p4,clonotype2582,2
p4,clonotype2583,2
p4,clonotype2584,2
p4,clonotype2585,2
p4,clonotype2586,2
p4,clonotype2587,2
p4,clonotype2588,2
p4,clonotype2589,2
p4,clonotype259,4
p4,clonotype2590,2
p4,clonotype2591,2
p4,clonotype2592,2
p4,clonotype2593,2
p4,clonotype2594,2
p4,clonotype2595,2
p4,clonotype2596,2
p4,clonotype2597,2
p4,clonotype2598,1
p4,clonotype2599,1
p4,clonotype26,3
p4,clonotype260,2
p4,clonotype2600,1
p4,clonotype2601,1
p4,clonotype2602,2
p4,clonotype2603,1
p4,clonotype2604,1
p4,clonotype2605,1
p4,clonotype2606,2
p4,clonotype2607,1
p4,clonotype2608,1
p4,clonotype2609,1
p4,clonotype261,4
p4,clonotype2610,2
p4,clonotype2611,1
p4,clonotype2612,1
p4,clonotype2613,1
p4,clonotype2614,1
p4,clonotype2615,1
p4,clonotype2616,2
p4,clonotype2617,1
p4,clonotype2618,1
p4,clonotype2619,1
p4,clonotype262,4
p4,clonotype2620,2
p4,clonotype2621,1
p4,clonotype2622,1
p4,clonotype2623,2
p4,clonotype2624,1
p4,clonotype2625,1
p4,clonotype2626,1
p4,clonotype2627,2
p4,clonotype2628,2
p4,clonotype2629,1
p4,clonotype263,3
p4,clonotype2630,1
p4,clonotype2631,2
p4,clonotype2632,1
p4,clonotype2633,1
p4,clonotype2634,1
p4,clonotype2635,1
p4,clonotype2636,1
p4,clonotype2637,1
p4,clonotype2638,1
p4,clonotype2639,1
p4,clonotype264,4
p4,clonotype2640,2
p4,clonotype2642,1
p4,clonotype2643,1
p4,clonotype2644,2
p4,clonotype2645,1
p4,clonotype2646,1
p4,clonotype2647,1
p4,clonotype2648,1
p4,clonotype2649,1
p4,clonotype265,3
p4,clonotype2650,3
p4,clonotype2651,2
p4,clonotype2652,3
p4,clonotype2653,2
p4,clonotype2654,3
p4,clonotype2655,2
p4,clonotype2656,3
p4,clonotype2657,2
p4,clonotype2658,3
p4,clonotype2659,3
p4,clonotype266,3
p4,clonotype2660,4
p4,clonotype2661,2
p4,clonotype2662,1
p4,clonotype2663,1
p4,clonotype2664,1
p4,clonotype2665,2
p4,clonotype2666,2
p4,clonotype2667,4
p4,clonotype2668,1
p4,clonotype2669,2
p4,clonotype267,2
p4,clonotype2670,2
p4,clonotype2671,2
p4,clonotype2672,2
p4,clonotype2673,2
p4,clonotype2674,2
p4,clonotype2675,3
p4,clonotype2676,2
p4,clonotype2677,2
p4,clonotype2678,2
p4,clonotype2679,3
p4,clonotype268,2
p4,clonotype2680,2
p4,clonotype2681,2
p4,clonotype2682,2
p4,clonotype2683,2
p4,clonotype2684,3
p4,clonotype2685,2
p4,clonotype2686,1
p4,clonotype2687,1
p4,clonotype2688,3
p4,clonotype2689,2
p4,clonotype269,2
p4,clonotype2690,2
p4,clonotype2691,1
p4,clonotype2692,1
p4,clonotype2693,1
p4,clonotype2694,1
p4,clonotype2695,1
p4,clonotype2696,1
p4,clonotype2697,1
p4,clonotype2698,1
p4,clonotype2699,1
p4,clonotype27,5
p4,clonotype270,3
p4,clonotype2700,1
p4,clonotype2701,1
p4,clonotype2702,1
p4,clonotype2704,2
p4,clonotype2705,1
p4,clonotype2706,1
p4,clonotype2707,1
p4,clonotype2708,1
p4,clonotype271,3
p4,clonotype2711,1
p4,clonotype2713,1
p4,clonotype2717,1
p4,clonotype2719,1
p4,clonotype272,2
p4,clonotype2720,1
p4,clonotype2721,1
p4,clonotype2724,1
p4,clonotype2725,1
p4,clonotype2726,1
p4,clonotype2727,2
p4,clonotype2728,1
p4,clonotype2729,1
p4,clonotype273,3
p4,clonotype2730,2
p4,clonotype2731,1
p4,clonotype2732,3
p4,clonotype2733,1
p4,clonotype2734,2
p4,clonotype2735,2
p4,clonotype2736,1
p4,clonotype2737,1
p4,clonotype2738,3
p4,clonotype2739,2
p4,clonotype274,4
p4,clonotype2740,1
p4,clonotype2741,1
p4,clonotype2743,1
p4,clonotype2744,1
p4,clonotype2745,1
p4,clonotype2746,1
p4,clonotype2747,2
p4,clonotype2748,3
p4,clonotype2749,2
p4,clonotype275,2
p4,clonotype2750,2
p4,clonotype2751,2
p4,clonotype2752,3
p4,clonotype2753,2
p4,clonotype2754,3
p4,clonotype2755,3
p4,clonotype2756,3
p4,clonotype2757,2
p4,clonotype2758,2
p4,clonotype2759,1
p4,clonotype276,1
p4,clonotype2760,1
p4,clonotype2761,2
p4,clonotype2763,1
p4,clonotype2764,1
p4,clonotype2765,2
p4,clonotype2766,2
p4,clonotype2767,2
p4,clonotype2768,3
p4,clonotype2769,3
p4,clonotype277,4
p4,clonotype2770,1
p4,clonotype2771,2
p4,clonotype2774,2
p4,clonotype2775,1
p4,clonotype2776,1
p4,clonotype2777,1
p4,clonotype2778,1
p4,clonotype2779,1
p4,clonotype278,3
p4,clonotype2781,1
p4,clonotype2782,1
p4,clonotype2783,2
p4,clonotype2784,1
p4,clonotype2786,2
p4,clonotype2788,2
p4,clonotype2789,3
p4,clonotype279,3
p4,clonotype2790,2
p4,clonotype2791,3
p4,clonotype2792,2
p4,clonotype2793,3
p4,clonotype2794,1
p4,clonotype2795,1
p4,clonotype2796,1
p4,clonotype2797,1
p4,clonotype2798,2
p4,clonotype2799,2
p4,clonotype28,5
p4,clonotype280,3
p4,clonotype2800,1
p4,clonotype2801,1
p4,clonotype2802,1
p4,clonotype2803,1
p4,clonotype2804,1
p4,clonotype2805,1
p4,clonotype2806,1
p4,clonotype2807,3
p4,clonotype2808,1
p4,clonotype2809,2
p4,clonotype281,3
p4,clonotype2810,1
p4,clonotype2811,2
p4,clonotype2812,2
p4,clonotype2813,3
p4,clonotype2814,2
p4,clonotype2815,2
p4,clonotype2816,1
p4,clonotype2817,3
p4,clonotype2818,2
p4,clonotype2819,1
p4,clonotype282,2
p4,clonotype2820,2
p4,clonotype2821,2
p4,clonotype2822,2
p4,clonotype2823,3
p4,clonotype2824,2
p4,clonotype2825,2
p4,clonotype2826,2
p4,clonotype2827,1
p4,clonotype2828,2
p4,clonotype2829,2
p4,clonotype283,4
p4,clonotype2830,2
p4,clonotype2831,2
p4,clonotype2832,2
p4,clonotype2833,3
p4,clonotype2834,2
p4,clonotype2835,2
p4,clonotype2836,2
p4,clonotype2837,2
p4,clonotype2838,2
p4,clonotype2839,2
p4,clonotype284,4
p4,clonotype2840,3
p4,clonotype2841,2
p4,clonotype2842,3
p4,clonotype2843,1
p4,clonotype2844,2
p4,clonotype2845,3
p4,clonotype2846,1
p4,clonotype2847,2
p4,clonotype2848,2
p4,clonotype2849,1
p4,clonotype285,3
p4,clonotype2850,3
p4,clonotype2851,2
p4,clonotype2852,2
p4,clonotype2853,2
p4,clonotype2854,2
p4,clonotype2855,1
p4,clonotype2856,2
p4,clonotype2857,3
p4,clonotype2858,2
p4,clonotype2859,3
p4,clonotype286,3
p4,clonotype2860,2
p4,clonotype2861,2
p4,clonotype2862,2
p4,clonotype2863,1
p4,clonotype2864,3
p4,clonotype2865,1
p4,clonotype2866,3
p4,clonotype2867,2
p4,clonotype2868,2
p4,clonotype2869,1
p4,clonotype287,4
p4,clonotype2870,2
p4,clonotype2871,2
p4,clonotype2872,2
p4,clonotype2873,2
p4,clonotype2874,2
p4,clonotype2875,3
p4,clonotype2876,2
p4,clonotype2877,2
p4,clonotype2878,2
p4,clonotype2879,2
p4,clonotype288,4
p4,clonotype2880,2
p4,clonotype2881,3
p4,clonotype2882,2
p4,clonotype2883,1
p4,clonotype2884,2
p4,clonotype2885,3
p4,clonotype2887,3
p4,clonotype2888,2
p4,clonotype2889,3
p4,clonotype289,3
p4,clonotype2890,2
p4,clonotype2891,3
p4,clonotype2892,3
p4,clonotype2893,2
p4,clonotype2894,2
p4,clonotype2895,3
p4,clonotype2896,3
p4,clonotype2897,1
p4,clonotype2898,2
p4,clonotype2899,2
p4,clonotype29,5
p4,clonotype290,3
p4,clonotype2900,1
p4,clonotype2901,2
p4,clonotype2902,2
p4,clonotype2903,2
p4,clonotype2904,2
p4,clonotype2905,2
p4,clonotype2906,4
p4,clonotype2907,4
p4,clonotype2908,2
p4,clonotype2909,2
p4,clonotype291,2
p4,clonotype2910,3
p4,clonotype2911,3
p4,clonotype2912,3
p4,clonotype2913,3
p4,clonotype2914,3
p4,clonotype2915,2
p4,clonotype2916,2
p4,clonotype2917,2
p4,clonotype2918,2
p4,clonotype2919,2
p4,clonotype292,2
p4,clonotype2920,2
p4,clonotype2921,3
p4,clonotype2922,3
p4,clonotype2923,2
p4,clonotype2924,2
p4,clonotype2925,2
p4,clonotype2926,2
p4,clonotype2927,3
p4,clonotype2928,3
p4,clonotype2929,3
p4,clonotype293,3
p4,clonotype2930,3
p4,clonotype2931,1
p4,clonotype2932,4
p4,clonotype2933,2
p4,clonotype2934,2
p4,clonotype2935,2
p4,clonotype2936,2
p4,clonotype2937,2
p4,clonotype2938,1
p4,clonotype2939,2
p4,clonotype294,3
p4,clonotype2940,2
p4,clonotype2941,2
p4,clonotype2942,3
p4,clonotype2943,2
p4,clonotype2944,3
p4,clonotype2945,3
p4,clonotype2946,2
p4,clonotype2947,2
p4,clonotype2948,2
p4,clonotype2949,2
p4,clonotype295,3
p4,clonotype2950,3
p4,clonotype2951,1
p4,clonotype2952,2
p4,clonotype2953,2
p4,clonotype2954,1
p4,clonotype2955,2
p4,clonotype2956,3
p4,clonotype2957,2
p4,clonotype2958,2
p4,clonotype2959,3
p4,clonotype296,2
p4,clonotype2960,3
p4,clonotype2961,2
p4,clonotype2962,2
p4,clonotype2963,2
p4,clonotype2964,2
p4,clonotype2965,2
p4,clonotype2966,1
p4,clonotype2967,2
p4,clonotype2968,3
p4,clonotype2969,2
p4,clonotype297,1
p4,clonotype2970,2
p4,clonotype2971,2
p4,clonotype2972,3
p4,clonotype2973,2
p4,clonotype2974,3
p4,clonotype2975,2
p4,clonotype2976,2
p4,clonotype2977,3
p4,clonotype2978,2
p4,clonotype2979,2
p4,clonotype298,2
p4,clonotype2980,2
p4,clonotype2981,3
p4,clonotype2982,1
p4,clonotype2983,2
p4,clonotype2984,2
p4,clonotype2985,2
p4,clonotype2986,2
p4,clonotype2987,2
p4,clonotype2988,2
p4,clonotype2989,3
p4,clonotype299,3
p4,clonotype2990,2
p4,clonotype2991,2
p4,clonotype2993,2
p4,clonotype2994,2
p4,clonotype2995,2
p4,clonotype2996,2
p4,clonotype2997,2
p4,clonotype2998,2
p4,clonotype2999,2
p4,clonotype3,3
p4,clonotype30,5
p4,clonotype300,2
p4,clonotype3000,1
p4,clonotype3002,1
p4,clonotype3003,2
p4,clonotype3004,1
p4,clonotype3005,2
p4,clonotype3006,1
p4,clonotype3007,2
p4,clonotype3008,2
p4,clonotype3009,2
p4,clonotype301,4
p4,clonotype3010,1
p4,clonotype3011,3
p4,clonotype3012,1
p4,clonotype3013,1
p4,clonotype3014,2
p4,clonotype3015,2
p4,clonotype3016,2
p4,clonotype3017,1
p4,clonotype3018,1
p4,clonotype302,2
p4,clonotype3020,1
p4,clonotype3021,2
p4,clonotype3022,1
p4,clonotype3023,1
p4,clonotype3024,1
p4,clonotype3025,2
p4,clonotype3026,1
p4,clonotype3027,1
p4,clonotype3028,1
p4,clonotype3029,1
p4,clonotype303,4
p4,clonotype3030,1
p4,clonotype3031,1
p4,clonotype3032,2
p4,clonotype3033,1
p4,clonotype3034,2
p4,clonotype3036,1
p4,clonotype3037,1
p4,clonotype3038,2
p4,clonotype3039,1
p4,clonotype304,3
p4,clonotype3040,1
p4,clonotype3041,1
p4,clonotype3042,1
p4,clonotype3043,1
p4,clonotype3044,1
p4,clonotype3045,1
p4,clonotype3046,1
p4,clonotype3047,2
p4,clonotype3048,1
p4,clonotype3049,1
p4,clonotype305,3
p4,clonotype3050,1
p4,clonotype3051,1
p4,clonotype3052,2
p4,clonotype3053,1
p4,clonotype3054,2
p4,clonotype3055,2
p4,clonotype3056,2
p4,clonotype3057,2
p4,clonotype3058,3
p4,clonotype3059,2
p4,clonotype306,2
p4,clonotype3060,1
p4,clonotype3061,3
p4,clonotype3062,3
p4,clonotype3063,2
p4,clonotype3064,2
p4,clonotype3065,3
p4,clonotype3066,3
p4,clonotype3067,3
p4,clonotype3068,3
p4,clonotype3069,1
p4,clonotype307,4
p4,clonotype3070,2
p4,clonotype3072,1
p4,clonotype3074,2
p4,clonotype3075,1
p4,clonotype3076,1
p4,clonotype3077,1
p4,clonotype3078,2
p4,clonotype3079,1
p4,clonotype308,4
p4,clonotype3080,1
p4,clonotype3081,2
p4,clonotype3082,2
p4,clonotype3083,2
p4,clonotype3084,2
p4,clonotype3085,1
p4,clonotype3086,1
p4,clonotype3088,1
p4,clonotype3089,2
p4,clonotype309,3
p4,clonotype3090,1
p4,clonotype3092,1
p4,clonotype3093,1
p4,clonotype3094,1
p4,clonotype3095,1
p4,clonotype3096,1
p4,clonotype3097,1
p4,clonotype3098,1
p4,clonotype3099,2
p4,clonotype31,7
p4,clonotype310,4
p4,clonotype3100,2
p4,clonotype3101,1
p4,clonotype3102,1
p4,clonotype3103,1
p4,clonotype3104,1
p4,clonotype3105,2
p4,clonotype3106,1
p4,clonotype3107,1
p4,clonotype3108,3
p4,clonotype3109,1
p4,clonotype311,4
p4,clonotype3110,3
p4,clonotype3111,1
p4,clonotype3112,1
p4,clonotype3113,3
p4,clonotype3115,1
p4,clonotype3117,1
p4,clonotype312,3
p4,clonotype3120,1
p4,clonotype3122,1
p4,clonotype313,1
p4,clonotype3130,1
p4,clonotype3131,1
p4,clonotype3132,1
p4,clonotype3133,1
p4,clonotype3137,1
p4,clonotype3139,1
p4,clonotype314,2
p4,clonotype3140,1
p4,clonotype3141,1
p4,clonotype3142,1
p4,clonotype3143,2
p4,clonotype3144,1
p4,clonotype3145,2
p4,clonotype3146,1
p4,clonotype3147,2
p4,clonotype3148,1
p4,clonotype3149,1
p4,clonotype315,2
p4,clonotype3150,2
p4,clonotype3151,1
p4,clonotype3152,1
p4,clonotype3153,2
p4,clonotype3154,1
p4,clonotype3155,1
p4,clonotype3156,2
p4,clonotype3157,1
p4,clonotype3158,1
p4,clonotype3159,1
p4,clonotype3160,3
p4,clonotype3161,2
p4,clonotype3162,2
p4,clonotype3163,3
p4,clonotype3164,3
p4,clonotype3165,2
p4,clonotype3166,2
p4,clonotype3167,2
p4,clonotype3168,1
p4,clonotype3169,2
p4,clonotype3170,3
p4,clonotype3171,2
p4,clonotype3172,2
p4,clonotype3173,1
p4,clonotype3174,1
p4,clonotype3175,2
p4,clonotype3176,1
p4,clonotype3177,1
p4,clonotype3178,1
p4,clonotype3179,2
p4,clonotype3180,1
p4,clonotype3181,1
p4,clonotype3182,2
p4,clonotype3183,3
p4,clonotype3184,3
p4,clonotype3185,2
p4,clonotype3186,3
p4,clonotype3187,3
p4,clonotype3188,1
p4,clonotype3189,4
p4,clonotype3190,3
p4,clonotype3191,2
p4,clonotype3192,2
p4,clonotype3193,2
p4,clonotype3194,4
p4,clonotype3196,2
p4,clonotype3197,2
p4,clonotype3198,2
p4,clonotype3199,2
p4,clonotype32,3
p4,clonotype3200,2
p4,clonotype3201,2
p4,clonotype3202,2
p4,clonotype3203,2
p4,clonotype3204,1
p4,clonotype3205,2
p4,clonotype3206,2
p4,clonotype3207,1
p4,clonotype3208,3
p4,clonotype3209,2
p4,clonotype3210,2
p4,clonotype3211,3
p4,clonotype3213,1
p4,clonotype3214,1
p4,clonotype3215,1
p4,clonotype3216,3
p4,clonotype3217,3
p4,clonotype3218,2
p4,clonotype3219,3
p4,clonotype3220,2
p4,clonotype3221,2
p4,clonotype3223,1
p4,clonotype3224,1
p4,clonotype3225,1
p4,clonotype3226,2
p4,clonotype3227,3
p4,clonotype3228,3
p4,clonotype3229,2
p4,clonotype3230,1
p4,clonotype3231,2
p4,clonotype3233,2
p4,clonotype3234,1
p4,clonotype3235,2
p4,clonotype3236,3
p4,clonotype3237,1
p4,clonotype3238,3
p4,clonotype3239,2
p4,clonotype324,1
p4,clonotype3241,1
p4,clonotype3242,2
p4,clonotype3243,2
p4,clonotype3244,2
p4,clonotype3245,3
p4,clonotype3246,2
p4,clonotype3247,2
p4,clonotype3248,2
p4,clonotype3249,2
p4,clonotype325,3
p4,clonotype3250,3
p4,clonotype3252,1
p4,clonotype3253,2
p4,clonotype3254,1
p4,clonotype3255,1
p4,clonotype3256,2
p4,clonotype3257,1
p4,clonotype3259,2
p4,clonotype326,2
p4,clonotype3260,1
p4,clonotype3261,1
p4,clonotype3262,1
p4,clonotype3263,2
p4,clonotype3264,1
p4,clonotype3265,2
p4,clonotype3266,1
p4,clonotype3267,1
p4,clonotype3268,1
p4,clonotype3269,1
p4,clonotype3270,2
p4,clonotype3271,1
p4,clonotype3272,1
p4,clonotype3273,2
p4,clonotype3274,1
p4,clonotype3275,1
p4,clonotype3276,2
p4,clonotype3277,1
p4,clonotype3278,1
p4,clonotype3279,1
p4,clonotype328,2
p4,clonotype3280,1
p4,clonotype3281,1
p4,clonotype3282,1
p4,clonotype3283,1
p4,clonotype3284,1
p4,clonotype3285,1
p4,clonotype3286,1
p4,clonotype3287,1
p4,clonotype3288,1
p4,clonotype3289,1
p4,clonotype329,3
p4,clonotype3290,1
p4,clonotype3291,1
p4,clonotype3292,2
p4,clonotype3293,1
p4,clonotype3294,1
p4,clonotype3295,1
p4,clonotype3296,2
p4,clonotype3297,1
p4,clonotype3298,1
p4,clonotype3299,1
p4,clonotype33,6
p4,clonotype330,3
p4,clonotype3300,2
p4,clonotype3302,1
p4,clonotype3303,1
p4,clonotype3304,1
p4,clonotype3305,1
p4,clonotype3306,2
p4,clonotype3307,1
p4,clonotype3308,1
p4,clonotype3309,1
p4,clonotype331,2
p4,clonotype3310,1
p4,clonotype3311,1
p4,clonotype3312,1
p4,clonotype3313,1
p4,clonotype3314,1
p4,clonotype3315,1
p4,clonotype3316,1
p4,clonotype3317,1
p4,clonotype3318,1
p4,clonotype3319,1
p4,clonotype332,1
p4,clonotype3320,1
p4,clonotype3321,1
p4,clonotype3322,1
p4,clonotype3323,1
p4,clonotype3325,1
p4,clonotype3326,1
p4,clonotype3327,1
p4,clonotype3328,1
p4,clonotype3329,1
p4,clonotype333,1
p4,clonotype3330,1
p4,clonotype3331,1
p4,clonotype3332,1
p4,clonotype3334,1
p4,clonotype3335,1
p4,clonotype3336,1
p4,clonotype3337,1
p4,clonotype334,1
p4,clonotype336,2
p4,clonotype337,2
p4,clonotype338,1
p4,clonotype339,1
p4,clonotype3392,1
p4,clonotype3393,1
p4,clonotype3394,1
p4,clonotype3395,1
p4,clonotype3396,1
p4,clonotype3397,1
p4,clonotype3399,1
p4,clonotype34,5
p4,clonotype340,1
p4,clonotype3401,1
p4,clonotype3402,1
p4,clonotype3405,1
p4,clonotype3406,1
p4,clonotype3407,1
p4,clonotype3409,1
p4,clonotype341,2
p4,clonotype3410,1
p4,clonotype3411,1
p4,clonotype3412,1
p4,clonotype3414,1
p4,clonotype3415,1
p4,clonotype3417,1
p4,clonotype3418,1
p4,clonotype3419,1
p4,clonotype342,2
p4,clonotype3420,1
p4,clonotype3421,1
p4,clonotype3422,1
p4,clonotype3423,1
p4,clonotype3424,1
p4,clonotype3425,1
p4,clonotype3426,1
p4,clonotype3428,1
p4,clonotype3429,1
p4,clonotype343,1
p4,clonotype3430,1
p4,clonotype3431,1
p4,clonotype3432,1
p4,clonotype3434,1
p4,clonotype3435,1
p4,clonotype3436,1
p4,clonotype3437,1
p4,clonotype3438,1
p4,clonotype3439,1
p4,clonotype344,2
p4,clonotype3440,1
p4,clonotype3441,1
p4,clonotype3442,1
p4,clonotype3443,1
p4,clonotype3444,1
p4,clonotype3445,1
p4,clonotype3446,1
p4,clonotype3447,1
p4,clonotype3448,1
p4,clonotype3449,2
p4,clonotype345,2
p4,clonotype3450,1
p4,clonotype3451,1
p4,clonotype3452,1
p4,clonotype3453,1
p4,clonotype3454,1
p4,clonotype3455,1
p4,clonotype3456,1
p4,clonotype3457,1
p4,clonotype3458,2
p4,clonotype3459,1
p4,clonotype346,2
p4,clonotype3460,1
p4,clonotype3461,1
p4,clonotype3462,2
p4,clonotype3463,2
p4,clonotype3464,1
p4,clonotype3465,1
p4,clonotype3466,1
p4,clonotype3467,1
p4,clonotype347,2
p4,clonotype3475,1
p4,clonotype3476,1
p4,clonotype348,3
p4,clonotype3485,1
p4,clonotype349,4
p4,clonotype3490,1
p4,clonotype3493,1
p4,clonotype3494,2
p4,clonotype3495,1
p4,clonotype3496,2
p4,clonotype3497,2
p4,clonotype3499,1
p4,clonotype35,2
p4,clonotype350,3
p4,clonotype3500,2
p4,clonotype3501,1
p4,clonotype3502,1
p4,clonotype3503,1
p4,clonotype3504,1
p4,clonotype3505,2
p4,clonotype3506,2
p4,clonotype3508,2
p4,clonotype3509,1
p4,clonotype351,3
p4,clonotype3510,1
p4,clonotype3511,1
p4,clonotype3512,1
p4,clonotype3513,1
p4,clonotype3514,1
p4,clonotype3515,1
p4,clonotype3516,1
p4,clonotype3517,1
p4,clonotype3518,1
p4,clonotype3519,2
p4,clonotype352,2
p4,clonotype3520,1
p4,clonotype3521,2
p4,clonotype3522,1
p4,clonotype3523,1
p4,clonotype3524,1
p4,clonotype3525,1
p4,clonotype3526,1
p4,clonotype3527,1
p4,clonotype3528,1
p4,clonotype353,2
p4,clonotype3532,1
p4,clonotype3538,1
p4,clonotype354,2
p4,clonotype3549,1
p4,clonotype355,2
p4,clonotype3551,1
p4,clonotype3552,2
p4,clonotype3554,1
p4,clonotype3556,1
p4,clonotype3557,1
p4,clonotype3558,1
p4,clonotype3559,1
p4,clonotype3560,2
p4,clonotype3561,1
p4,clonotype3562,1
p4,clonotype3563,1
p4,clonotype3564,1
p4,clonotype3565,1
p4,clonotype3566,1
p4,clonotype3567,1
p4,clonotype3568,1
p4,clonotype3569,1
p4,clonotype357,2
p4,clonotype3570,2
p4,clonotype3571,1
p4,clonotype3572,1
p4,clonotype3573,1
p4,clonotype3574,1
p4,clonotype3578,1
p4,clonotype358,2
p4,clonotype3581,1
p4,clonotype3586,1
p4,clonotype3587,1
p4,clonotype3588,1
p4,clonotype3589,2
p4,clonotype359,2
p4,clonotype3590,1
p4,clonotype3591,1
p4,clonotype3596,1
p4,clonotype3597,1
p4,clonotype3598,1
p4,clonotype3599,1
p4,clonotype36,4
p4,clonotype360,3
p4,clonotype3600,1
p4,clonotype3601,1
p4,clonotype3605,1
p4,clonotype3608,1
p4,clonotype3609,1
p4,clonotype3610,1
p4,clonotype3611,1
p4,clonotype3612,1
p4,clonotype3613,1
p4,clonotype3615,1
p4,clonotype3616,1
p4,clonotype3617,1
p4,clonotype3618,1
p4,clonotype3619,1
p4,clonotype362,1
p4,clonotype3620,1
p4,clonotype3621,1
p4,clonotype3626,1
p4,clonotype3627,1
p4,clonotype3628,2
p4,clonotype3629,1
p4,clonotype3630,1
p4,clonotype3631,2
p4,clonotype3632,2
p4,clonotype3634,1
p4,clonotype3636,1
p4,clonotype3637,1
p4,clonotype3638,1
p4,clonotype3639,1
p4,clonotype364,1
p4,clonotype3640,1
p4,clonotype3641,1
p4,clonotype3642,1
p4,clonotype365,1
p4,clonotype3650,1
p4,clonotype3651,1
p4,clonotype3657,1
p4,clonotype366,1
p4,clonotype3663,1
p4,clonotype367,1
p4,clonotype3677,1
p4,clonotype3679,1
p4,clonotype3684,1
p4,clonotype3686,1
p4,clonotype369,2
p4,clonotype37,6
p4,clonotype370,2
p4,clonotype3700,1
p4,clonotype3702,1
p4,clonotype371,2
p4,clonotype3714,1
p4,clonotype372,1
p4,clonotype373,2
p4,clonotype3732,1
p4,clonotype3735,1
p4,clonotype3739,1
p4,clonotype374,2
p4,clonotype3741,1
p4,clonotype3742,1
p4,clonotype3748,1
p4,clonotype375,2
p4,clonotype3750,1
p4,clonotype3753,1
p4,clonotype3754,1
p4,clonotype376,2
p4,clonotype3765,1
p4,clonotype377,1
p4,clonotype378,3
p4,clonotype3780,1
p4,clonotype3785,1
p4,clonotype379,2
p4,clonotype3791,1
p4,clonotype3795,1
p4,clonotype38,5
p4,clonotype380,2
p4,clonotype3801,1
p4,clonotype3808,1
p4,clonotype381,3
p4,clonotype3814,1
p4,clonotype3816,1
p4,clonotype3818,1
p4,clonotype382,1
p4,clonotype3820,1
p4,clonotype3822,1
p4,clonotype3824,1
p4,clonotype3825,1
p4,clonotype3826,1
p4,clonotype3828,1
p4,clonotype383,2
p4,clonotype3831,1
p4,clonotype384,2
p4,clonotype3840,1
p4,clonotype385,2
p4,clonotype386,2
p4,clonotype3863,1
p4,clonotype387,3
p4,clonotype3873,1
p4,clonotype388,1
p4,clonotype3880,1
p4,clonotype3881,1
p4,clonotype3884,1
p4,clonotype3886,1
p4,clonotype3888,1
p4,clonotype389,3
p4,clonotype3890,1
p4,clonotype3893,1
p4,clonotype3896,1
p4,clonotype3897,1
p4,clonotype39,5
p4,clonotype390,3
p4,clonotype3901,1
p4,clonotype3903,1
p4,clonotype3905,1
p4,clonotype3906,1
p4,clonotype3908,1
p4,clonotype391,3
p4,clonotype3911,1
p4,clonotype3916,1
p4,clonotype392,4
p4,clonotype3921,1
p4,clonotype3927,1
p4,clonotype3929,1
p4,clonotype393,3
p4,clonotype3933,1
p4,clonotype3936,1
p4,clonotype394,3
p4,clonotype3944,1
p4,clonotype3945,1
p4,clonotype3946,1
p4,clonotype3948,1
p4,clonotype395,2
p4,clonotype3952,1
p4,clonotype3954,1
p4,clonotype3958,1
p4,clonotype396,2
p4,clonotype3968,1
p4,clonotype397,3
p4,clonotype3972,1
p4,clonotype398,3
p4,clonotype399,2
p4,clonotype4,4
p4,clonotype40,5
p4,clonotype400,3
p4,clonotype402,2
p4,clonotype403,3
p4,clonotype404,3
p4,clonotype4043,1
p4,clonotype4048,1
p4,clonotype4049,1
p4,clonotype405,3
p4,clonotype406,3
p4,clonotype4065,1
p4,clonotype4068,1
p4,clonotype407,3
p4,clonotype4076,1
p4,clonotype4079,1
p4,clonotype408,3
p4,clonotype4084,1
p4,clonotype4085,1
p4,clonotype4087,1
p4,clonotype409,3
p4,clonotype4095,1
p4,clonotype41,4
p4,clonotype410,3
p4,clonotype4104,1
p4,clonotype411,3
p4,clonotype412,4
p4,clonotype4123,1
p4,clonotype4126,1
p4,clonotype4127,1
p4,clonotype4129,1
p4,clonotype413,2
p4,clonotype4134,1
p4,clonotype4137,1
p4,clonotype414,2
p4,clonotype4142,1
p4,clonotype4144,1
p4,clonotype4147,1
p4,clonotype415,2
p4,clonotype4151,1
p4,clonotype416,1
p4,clonotype4165,1
p4,clonotype417,2
p4,clonotype4175,1
p4,clonotype4177,1
p4,clonotype418,3
p4,clonotype4180,1
p4,clonotype419,2
p4,clonotype4199,1
p4,clonotype42,6
p4,clonotype420,2
p4,clonotype4201,1
p4,clonotype421,2
p4,clonotype4217,1
p4,clonotype422,1
p4,clonotype4224,1
p4,clonotype4227,1
p4,clonotype423,2
p4,clonotype4234,1
p4,clonotype4236,1
p4,clonotype4238,1
p4,clonotype424,1
p4,clonotype425,1
p4,clonotype4250,1
p4,clonotype4252,1
p4,clonotype4256,1
p4,clonotype4257,1
p4,clonotype426,1
p4,clonotype4260,1
p4,clonotype4262,1
p4,clonotype4266,1
p4,clonotype427,1
p4,clonotype4273,1
p4,clonotype4274,1
p4,clonotype4276,1
p4,clonotype4277,1
p4,clonotype428,1
p4,clonotype4285,1
p4,clonotype4289,1
p4,clonotype429,1
p4,clonotype4293,1
p4,clonotype4295,1
p4,clonotype4298,1
p4,clonotype43,6
p4,clonotype430,1
p4,clonotype4305,1
p4,clonotype4308,1
p4,clonotype431,1
p4,clonotype4310,1
p4,clonotype4311,1
p4,clonotype4313,1
p4,clonotype4317,1
p4,clonotype4319,1
p4,clonotype432,1
p4,clonotype4321,1
p4,clonotype4322,1
p4,clonotype4325,1
p4,clonotype4327,1
p4,clonotype433,1
p4,clonotype4330,1
p4,clonotype4331,1
p4,clonotype4332,1
p4,clonotype4334,1
p4,clonotype4337,1
p4,clonotype435,1
p4,clonotype436,1
p4,clonotype437,1
p4,clonotype4379,1
p4,clonotype438,1
p4,clonotype4381,1
p4,clonotype439,2
p4,clonotype4398,1
p4,clonotype44,3
p4,clonotype440,1
p4,clonotype4400,1
p4,clonotype4401,1
p4,clonotype441,3
p4,clonotype442,2
p4,clonotype4428,1
p4,clonotype443,2
p4,clonotype444,1
p4,clonotype4441,1
p4,clonotype4443,1
p4,clonotype4446,1
p4,clonotype445,2
p4,clonotype4450,1
p4,clonotype4451,1
p4,clonotype4454,1
p4,clonotype446,1
p4,clonotype447,1
p4,clonotype4478,1
p4,clonotype448,1
p4,clonotype4483,1
p4,clonotype449,1
p4,clonotype4491,1
p4,clonotype4492,1
p4,clonotype4496,1
p4,clonotype4498,1
p4,clonotype45,4
p4,clonotype450,1
p4,clonotype4505,1
p4,clonotype4507,1
p4,clonotype451,1
p4,clonotype4513,1
p4,clonotype452,1
p4,clonotype4520,1
p4,clonotype4522,1
p4,clonotype453,1
p4,clonotype454,1
p4,clonotype455,2
p4,clonotype4552,1
p4,clonotype4555,1
p4,clonotype456,2
p4,clonotype4566,1
p4,clonotype457,2
p4,clonotype4577,1
p4,clonotype458,2
p4,clonotype4581,1
p4,clonotype4584,1
p4,clonotype4585,1
p4,clonotype4588,1
p4,clonotype459,2
p4,clonotype4590,1
p4,clonotype4592,1
p4,clonotype46,6
p4,clonotype460,3
p4,clonotype461,3
p4,clonotype462,3
p4,clonotype463,3
p4,clonotype464,3
p4,clonotype465,1
p4,clonotype466,2
p4,clonotype467,1
p4,clonotype468,1
p4,clonotype469,1
p4,clonotype47,6
p4,clonotype470,3
p4,clonotype471,1
p4,clonotype472,2
p4,clonotype473,2
p4,clonotype474,1
p4,clonotype475,2
p4,clonotype476,4
p4,clonotype477,1
p4,clonotype478,1
p4,clonotype479,1
p4,clonotype48,7
p4,clonotype480,2
p4,clonotype481,2
p4,clonotype482,3
p4,clonotype483,2
p4,clonotype484,2
p4,clonotype485,4
p4,clonotype486,1
p4,clonotype487,2
p4,clonotype488,3
p4,clonotype489,5
p4,clonotype49,6
p4,clonotype491,2
p4,clonotype492,1
p4,clonotype493,3
p4,clonotype494,2
p4,clonotype495,2
p4,clonotype496,2
p4,clonotype497,1
p4,clonotype498,1
p4,clonotype499,2
p4,clonotype5,4
p4,clonotype50,4
p4,clonotype500,2
p4,clonotype501,2
p4,clonotype502,2
p4,clonotype503,2
p4,clonotype504,3
p4,clonotype505,3
p4,clonotype506,2
p4,clonotype507,2
p4,clonotype509,1
p4,clonotype51,5
p4,clonotype510,1
p4,clonotype511,1
p4,clonotype512,2
p4,clonotype513,1
p4,clonotype514,2
p4,clonotype515,3
p4,clonotype516,2
p4,clonotype517,1
p4,clonotype518,2
p4,clonotype519,2
p4,clonotype52,4
p4,clonotype520,2
p4,clonotype521,1
p4,clonotype522,2
p4,clonotype523,3
p4,clonotype524,3
p4,clonotype525,3
p4,clonotype526,3
p4,clonotype527,3
p4,clonotype528,2
p4,clonotype529,4
p4,clonotype53,6
p4,clonotype530,2
p4,clonotype531,3
p4,clonotype532,3
p4,clonotype533,4
p4,clonotype534,3
p4,clonotype535,3
p4,clonotype536,3
p4,clonotype537,3
p4,clonotype538,2
p4,clonotype539,2
p4,clonotype54,4
p4,clonotype540,2
p4,clonotype541,2
p4,clonotype542,2
p4,clonotype543,2
p4,clonotype544,4
p4,clonotype545,2
p4,clonotype546,2
p4,clonotype547,2
p4,clonotype548,2
p4,clonotype549,2
p4,clonotype55,6
p4,clonotype550,2
p4,clonotype551,1
p4,clonotype552,2
p4,clonotype553,2
p4,clonotype554,2
p4,clonotype555,1
p4,clonotype556,2
p4,clonotype557,2
p4,clonotype558,2
p4,clonotype559,2
p4,clonotype56,4
p4,clonotype560,2
p4,clonotype561,2
p4,clonotype562,1
p4,clonotype563,3
p4,clonotype564,3
p4,clonotype565,1
p4,clonotype566,3
p4,clonotype567,4
p4,clonotype568,2
p4,clonotype569,3
p4,clonotype57,4
p4,clonotype570,1
p4,clonotype571,4
p4,clonotype572,3
p4,clonotype573,3
p4,clonotype574,3
p4,clonotype575,2
p4,clonotype576,1
p4,clonotype577,2
p4,clonotype578,2
p4,clonotype579,1
p4,clonotype58,4
p4,clonotype580,4
p4,clonotype582,2
p4,clonotype583,3
p4,clonotype584,1
p4,clonotype585,1
p4,clonotype586,1
p4,clonotype587,3
p4,clonotype588,3
p4,clonotype589,2
p4,clonotype59,5
p4,clonotype590,1
p4,clonotype591,2
p4,clonotype592,1
p4,clonotype593,2
p4,clonotype594,2
p4,clonotype595,1
p4,clonotype596,3
p4,clonotype597,2
p4,clonotype598,2
p4,clonotype599,3
p4,clonotype6,5
p4,clonotype60,3
p4,clonotype600,2
p4,clonotype601,4
p4,clonotype602,2
p4,clonotype603,1
p4,clonotype604,4
p4,clonotype605,2
p4,clonotype606,3
p4,clonotype607,1
p4,clonotype608,1
p4,clonotype609,4
p4,clonotype61,1
p4,clonotype610,2
p4,clonotype612,2
p4,clonotype613,2
p4,clonotype614,3
p4,clonotype615,2
p4,clonotype616,1
p4,clonotype617,2
p4,clonotype618,2
p4,clonotype619,1
p4,clonotype62,2
p4,clonotype620,3
p4,clonotype621,2
p4,clonotype623,3
p4,clonotype624,3
p4,clonotype625,3
p4,clonotype626,1
p4,clonotype627,2
p4,clonotype628,2
p4,clonotype629,3
p4,clonotype63,4
p4,clonotype630,3
p4,clonotype631,3
p4,clonotype632,2
p4,clonotype633,2
p4,clonotype634,2
p4,clonotype635,3
p4,clonotype636,2
p4,clonotype637,2
p4,clonotype639,1
p4,clonotype64,5
p4,clonotype640,2
p4,clonotype641,2
p4,clonotype642,2
p4,clonotype643,2
p4,clonotype644,3
p4,clonotype645,2
p4,clonotype646,2
p4,clonotype647,2
p4,clonotype648,3
p4,clonotype649,1
p4,clonotype65,4
p4,clonotype650,1
p4,clonotype651,2
p4,clonotype652,2
p4,clonotype653,1
p4,clonotype654,3
p4,clonotype655,2
p4,clonotype656,2
p4,clonotype657,3
p4,clonotype658,2
p4,clonotype659,3
p4,clonotype66,4
p4,clonotype661,2
p4,clonotype662,2
p4,clonotype663,2
p4,clonotype664,3
p4,clonotype665,2
p4,clonotype666,2
p4,clonotype667,3
p4,clonotype668,1
p4,clonotype669,1
p4,clonotype67,2
p4,clonotype670,3
p4,clonotype671,2
p4,clonotype672,3
p4,clonotype673,2
p4,clonotype674,2
p4,clonotype675,2
p4,clonotype676,2
p4,clonotype677,2
p4,clonotype678,3
p4,clonotype679,1
p4,clonotype68,6
p4,clonotype680,2
p4,clonotype681,2
p4,clonotype682,1
p4,clonotype683,2
p4,clonotype684,2
p4,clonotype685,2
p4,clonotype686,3
p4,clonotype687,3
p4,clonotype688,1
p4,clonotype689,2
p4,clonotype69,2
p4,clonotype690,2
p4,clonotype691,4
p4,clonotype692,2
p4,clonotype693,1
p4,clonotype694,3
p4,clonotype695,5
p4,clonotype696,3
p4,clonotype697,3
p4,clonotype698,3
p4,clonotype699,2
p4,clonotype7,5
p4,clonotype70,4
p4,clonotype700,3
p4,clonotype701,3
p4,clonotype702,3
p4,clonotype703,3
p4,clonotype704,4
p4,clonotype705,4
p4,clonotype706,4
p4,clonotype707,3
p4,clonotype708,4
p4,clonotype709,2
p4,clonotype71,5
p4,clonotype710,3
p4,clonotype711,4
p4,clonotype712,3
p4,clonotype713,4
p4,clonotype714,3
p4,clonotype715,2
p4,clonotype716,3
p4,clonotype717,3
p4,clonotype718,3
p4,clonotype719,2
p4,clonotype72,5
p4,clonotype720,2
p4,clonotype721,4
p4,clonotype722,4
p4,clonotype723,3
p4,clonotype724,2
p4,clonotype725,2
p4,clonotype726,2
p4,clonotype727,2
p4,clonotype728,3
p4,clonotype729,4
p4,clonotype73,2
p4,clonotype730,4
p4,clonotype731,4
p4,clonotype732,3
p4,clonotype733,3
p4,clonotype734,3
p4,clonotype735,3
p4,clonotype736,3
p4,clonotype737,3
p4,clonotype738,3
p4,clonotype739,3
p4,clonotype74,5
p4,clonotype740,3
p4,clonotype741,2
p4,clonotype742,3
p4,clonotype743,3
p4,clonotype744,3
p4,clonotype745,2
p4,clonotype746,2
p4,clonotype747,2
p4,clonotype749,2
p4,clonotype75,4
p4,clonotype750,2
p4,clonotype751,3
p4,clonotype752,2
p4,clonotype753,1
p4,clonotype754,2
p4,clonotype755,2
p4,clonotype756,2
p4,clonotype757,1
p4,clonotype758,2
p4,clonotype759,2
p4,clonotype76,3
p4,clonotype760,2
p4,clonotype761,2
p4,clonotype762,2
p4,clonotype763,2
p4,clonotype764,2
p4,clonotype765,1
p4,clonotype766,2
p4,clonotype767,2
p4,clonotype768,3
p4,clonotype769,1
p4,clonotype77,6
p4,clonotype770,2
p4,clonotype771,2
p4,clonotype772,2
p4,clonotype773,1
p4,clonotype774,3
p4,clonotype775,2
p4,clonotype776,1
p4,clonotype777,2
p4,clonotype778,1
p4,clonotype779,2
p4,clonotype78,5
p4,clonotype780,1
p4,clonotype781,2
p4,clonotype782,3
p4,clonotype783,2
p4,clonotype784,2
p4,clonotype785,2
p4,clonotype786,1
p4,clonotype787,2
p4,clonotype788,3
p4,clonotype789,1
p4,clonotype79,4
p4,clonotype790,3
p4,clonotype791,2
p4,clonotype792,1
p4,clonotype793,2
p4,clonotype794,1
p4,clonotype795,3
p4,clonotype796,2
p4,clonotype797,2
p4,clonotype798,1
p4,clonotype799,2
p4,clonotype8,5
p4,clonotype80,4
p4,clonotype800,3
p4,clonotype801,2
p4,clonotype802,2
p4,clonotype803,3
p4,clonotype804,2
p4,clonotype805,2
p4,clonotype806,2
p4,clonotype807,2
p4,clonotype808,2
p4,clonotype809,3
p4,clonotype81,5
p4,clonotype810,2
p4,clonotype811,2
p4,clonotype812,3
p4,clonotype813,2
p4,clonotype814,3
p4,clonotype815,2
p4,clonotype816,1
p4,clonotype817,2
p4,clonotype818,3
p4,clonotype819,2
p4,clonotype82,5
p4,clonotype820,2
p4,clonotype821,2
p4,clonotype822,2
p4,clonotype823,1
p4,clonotype824,1
p4,clonotype825,2
p4,clonotype826,3
p4,clonotype827,2
p4,clonotype828,2
p4,clonotype829,3
p4,clonotype83,4
p4,clonotype830,3
p4,clonotype831,3
p4,clonotype832,3
p4,clonotype833,2
p4,clonotype834,2
p4,clonotype835,3
p4,clonotype836,3
p4,clonotype837,3
p4,clonotype838,4
p4,clonotype839,3
p4,clonotype84,4
p4,clonotype840,2
p4,clonotype841,2
p4,clonotype842,2
p4,clonotype843,3
p4,clonotype844,3
p4,clonotype845,4
p4,clonotype846,2
p4,clonotype847,2
p4,clonotype848,3
p4,clonotype849,3
p4,clonotype85,4
p4,clonotype850,2
p4,clonotype851,1
p4,clonotype852,2
p4,clonotype853,2
p4,clonotype854,2
p4,clonotype855,2
p4,clonotype856,2
p4,clonotype857,3
p4,clonotype858,2
p4,clonotype859,2
p4,clonotype86,5
p4,clonotype860,2
p4,clonotype861,3
p4,clonotype862,2
p4,clonotype863,2
p4,clonotype864,2
p4,clonotype865,2
p4,clonotype866,3
p4,clonotype867,2
p4,clonotype868,1
p4,clonotype869,2
p4,clonotype87,4
p4,clonotype870,2
p4,clonotype871,3
p4,clonotype872,2
p4,clonotype873,3
p4,clonotype874,4
p4,clonotype875,4
p4,clonotype876,4
p4,clonotype877,4
p4,clonotype878,2
p4,clonotype879,2
p4,clonotype88,5
p4,clonotype880,2
p4,clonotype881,2
p4,clonotype882,2
p4,clonotype883,2
p4,clonotype884,2
p4,clonotype885,3
p4,clonotype886,3
p4,clonotype887,4
p4,clonotype888,3
p4,clonotype889,3
p4,clonotype89,6
p4,clonotype890,5
p4,clonotype891,5
p4,clonotype892,2
p4,clonotype893,4
p4,clonotype894,3
p4,clonotype895,4
p4,clonotype896,2
p4,clonotype897,3
p4,clonotype898,1
p4,clonotype899,3
p4,clonotype9,3
p4,clonotype90,4
p4,clonotype900,4
p4,clonotype901,3
p4,clonotype902,3
p4,clonotype903,2
p4,clonotype904,5
p4,clonotype905,3
p4,clonotype906,4
p4,clonotype907,2
p4,clonotype908,4
p4,clonotype909,3
p4,clonotype91,3
p4,clonotype910,3
p4,clonotype911,3
p4,clonotype912,4
p4,clonotype913,4
p4,clonotype914,3
p4,clonotype915,3
p4,clonotype916,4
p4,clonotype917,2
p4,clonotype918,5
p4,clonotype919,2
p4,clonotype92,4
p4,clonotype920,4
p4,clonotype921,4
p4,clonotype922,3
p4,clonotype923,3
p4,clonotype924,2
p4,clonotype925,3
p4,clonotype926,2
p4,clonotype927,1
p4,clonotype928,2
p4,clonotype929,1
p4,clonotype93,5
p4,clonotype930,1
p4,clonotype931,1
p4,clonotype932,2
p4,clonotype933,2
p4,clonotype934,2
p4,clonotype935,3
p4,clonotype936,1
p4,clonotype937,3
p4,clonotype938,2
p4,clonotype939,2
p4,clonotype94,5
p4,clonotype940,2
p4,clonotype941,3
p4,clonotype942,2
p4,clonotype943,1
p4,clonotype944,1
p4,clonotype945,3
p4,clonotype946,2
p4,clonotype947,3
p4,clonotype948,3
p4,clonotype949,1
p4,clonotype95,4
p4,clonotype950,3
p4,clonotype951,2
p4,clonotype952,3
p4,clonotype953,2
p4,clonotype954,3
p4,clonotype955,2
p4,clonotype956,2
p4,clonotype957,3
p4,clonotype958,2
p4,clonotype959,2
p4,clonotype96,5
p4,clonotype960,2
p4,clonotype961,3
p4,clonotype962,2
p4,clonotype963,3
p4,clonotype964,3
p4,clonotype965,5
p4,clonotype966,3
p4,clonotype967,2
p4,clonotype968,3
p4,clonotype969,2
p4,clonotype97,6
p4,clonotype970,3
p4,clonotype971,2
p4,clonotype972,2
p4,clonotype973,3
p4,clonotype974,4
p4,clonotype975,2
p4,clonotype976,2
p4,clonotype977,3
p4,clonotype978,4
p4,clonotype979,2
p4,clonotype98,5
p4,clonotype980,3
p4,clonotype981,3
p4,clonotype982,3
p4,clonotype983,2
p4,clonotype984,3
p4,clonotype985,4
p4,clonotype986,2
p4,clonotype987,3
p4,clonotype988,4
p4,clonotype989,4
p4,clonotype99,2
p4,clonotype990,3
p4,clonotype991,4
p4,clonotype992,4
p4,clonotype993,1
p4,clonotype994,4
p4,clonotype995,1
p4,clonotype996,1
p4,clonotype997,4
p4,clonotype998,3
p4,clonotype999,3
p6,clonotype1,1
p6,clonotype10,6
p6,clonotype100,3
p6,clonotype1000,2
p6,clonotype1001,1
p6,clonotype1002,2
p6,clonotype1003,1
p6,clonotype1004,2
p6,clonotype1005,1
p6,clonotype1006,2
p6,clonotype1007,2
p6,clonotype1008,2
p6,clonotype1009,2
p6,clonotype101,2
p6,clonotype1010,1
p6,clonotype1011,1
p6,clonotype1012,1
p6,clonotype1015,3
p6,clonotype1017,1
p6,clonotype1018,1
p6,clonotype1019,2
p6,clonotype102,1
p6,clonotype1020,3
p6,clonotype1021,2
p6,clonotype1022,2
p6,clonotype1023,1
p6,clonotype1024,1
p6,clonotype1025,2
p6,clonotype1026,2
p6,clonotype1027,1
p6,clonotype1028,2
p6,clonotype1029,1
p6,clonotype103,4
p6,clonotype1030,2
p6,clonotype1031,2
p6,clonotype1032,2
p6,clonotype1033,2
p6,clonotype1034,2
p6,clonotype1035,2
p6,clonotype1036,1
p6,clonotype1037,3
p6,clonotype1038,2
p6,clonotype1039,2
p6,clonotype104,3
p6,clonotype1040,2
p6,clonotype1041,2
p6,clonotype1042,2
p6,clonotype1043,2
p6,clonotype1044,1
p6,clonotype1045,2
p6,clonotype1047,1
p6,clonotype1048,1
p6,clonotype1049,1
p6,clonotype105,5
p6,clonotype1050,1
p6,clonotype1051,1
p6,clonotype1052,1
p6,clonotype1053,2
p6,clonotype1054,1
p6,clonotype1055,1
p6,clonotype1056,1
p6,clonotype1057,1
p6,clonotype1058,2
p6,clonotype1059,1
p6,clonotype106,5
p6,clonotype1060,1
p6,clonotype1061,2
p6,clonotype1062,1
p6,clonotype1063,1
p6,clonotype1064,1
p6,clonotype1065,1
p6,clonotype1066,2
p6,clonotype1067,1
p6,clonotype1068,1
p6,clonotype1069,1
p6,clonotype107,4
p6,clonotype1070,1
p6,clonotype1071,1
p6,clonotype1072,2
p6,clonotype1073,2
p6,clonotype1074,1
p6,clonotype1075,1
p6,clonotype1076,2
p6,clonotype1077,1
p6,clonotype1078,1
p6,clonotype1079,1
p6,clonotype108,5
p6,clonotype1080,1
p6,clonotype1081,1
p6,clonotype1082,2
p6,clonotype1083,1
p6,clonotype1084,1
p6,clonotype1085,2
p6,clonotype1086,2
p6,clonotype1087,2
p6,clonotype1089,2
p6,clonotype109,3
p6,clonotype1090,3
p6,clonotype1091,1
p6,clonotype1092,1
p6,clonotype1093,1
p6,clonotype1094,3
p6,clonotype1095,1
p6,clonotype1096,2
p6,clonotype1097,1
p6,clonotype1098,1
p6,clonotype1099,2
p6,clonotype11,5
p6,clonotype110,6
p6,clonotype1100,3
p6,clonotype1101,1
p6,clonotype1102,1
p6,clonotype1103,1
p6,clonotype1104,1
p6,clonotype1105,1
p6,clonotype1106,1
p6,clonotype1107,1
p6,clonotype1108,1
p6,clonotype1109,2
p6,clonotype111,6
p6,clonotype1110,1
p6,clonotype1112,1
p6,clonotype1115,1
p6,clonotype1116,1
p6,clonotype1117,1
p6,clonotype1118,1
p6,clonotype112,4
p6,clonotype1120,2
p6,clonotype1122,2
p6,clonotype1123,1
p6,clonotype1125,1
p6,clonotype1126,2
p6,clonotype1127,2
p6,clonotype1128,1
p6,clonotype1129,1
p6,clonotype113,4
p6,clonotype1131,1
p6,clonotype1132,1
p6,clonotype1134,1
p6,clonotype1135,1
p6,clonotype1136,1
p6,clonotype1137,1
p6,clonotype1138,1
p6,clonotype1139,1
p6,clonotype114,3
p6,clonotype1140,1
p6,clonotype1141,1
p6,clonotype1142,1
p6,clonotype1143,1
p6,clonotype1144,1
p6,clonotype1145,1
p6,clonotype1146,1
p6,clonotype1147,1
p6,clonotype1149,1
p6,clonotype115,3
p6,clonotype1150,1
p6,clonotype1151,1
p6,clonotype1152,1
p6,clonotype1153,1
p6,clonotype1154,2
p6,clonotype1155,2
p6,clonotype1158,1
p6,clonotype1159,1
p6,clonotype116,3
p6,clonotype1160,1
p6,clonotype1161,1
p6,clonotype1162,1
p6,clonotype1163,2
p6,clonotype1164,1
p6,clonotype1165,2
p6,clonotype1166,2
p6,clonotype1167,1
p6,clonotype1168,2
p6,clonotype1169,2
p6,clonotype117,2
p6,clonotype1170,3
p6,clonotype1171,2
p6,clonotype1172,2
p6,clonotype1173,1
p6,clonotype1174,2
p6,clonotype1175,2
p6,clonotype1176,2
p6,clonotype1177,2
p6,clonotype1178,2
p6,clonotype1179,2
p6,clonotype118,4
p6,clonotype1180,2
p6,clonotype1181,2
p6,clonotype1182,1
p6,clonotype1183,1
p6,clonotype1184,2
p6,clonotype1185,2
p6,clonotype1186,1
p6,clonotype1187,1
p6,clonotype1188,1
p6,clonotype1189,2
p6,clonotype119,2
p6,clonotype1190,2
p6,clonotype1191,3
p6,clonotype1192,2
p6,clonotype1193,3
p6,clonotype1194,2
p6,clonotype1195,2
p6,clonotype1196,1
p6,clonotype1197,2
p6,clonotype1198,3
p6,clonotype1199,2
p6,clonotype12,6
p6,clonotype120,3
p6,clonotype1200,3
p6,clonotype1201,2
p6,clonotype1202,2
p6,clonotype1203,2
p6,clonotype1204,1
p6,clonotype1205,1
p6,clonotype1206,1
p6,clonotype1207,1
p6,clonotype1208,1
p6,clonotype1209,1
p6,clonotype121,4
p6,clonotype1210,2
p6,clonotype1211,1
p6,clonotype1213,2
p6,clonotype1214,1
p6,clonotype1215,1
p6,clonotype1216,1
p6,clonotype1217,1
p6,clonotype1218,2
p6,clonotype122,4
p6,clonotype1220,2
p6,clonotype1221,2
p6,clonotype1222,1
p6,clonotype1223,4
p6,clonotype1224,3
p6,clonotype1226,1
p6,clonotype1227,2
p6,clonotype1228,2
p6,clonotype1229,2
p6,clonotype123,3
p6,clonotype1230,1
p6,clonotype1231,2
p6,clonotype1232,1
p6,clonotype1233,1
p6,clonotype1234,3
p6,clonotype1235,2
p6,clonotype1236,2
p6,clonotype1237,1
p6,clonotype1238,1
p6,clonotype1239,1
p6,clonotype124,4
p6,clonotype1240,1
p6,clonotype1241,2
p6,clonotype1242,1
p6,clonotype1243,1
p6,clonotype1244,1
p6,clonotype1245,1
p6,clonotype1246,1
p6,clonotype1247,1
p6,clonotype1248,1
p6,clonotype125,3
p6,clonotype1250,1
p6,clonotype1251,1
p6,clonotype1252,1
p6,clonotype1253,1
p6,clonotype1254,2
p6,clonotype1255,1
p6,clonotype1256,2
p6,clonotype1257,1
p6,clonotype1258,2
p6,clonotype1259,2
p6,clonotype126,3
p6,clonotype1260,3
p6,clonotype1261,2
p6,clonotype1262,2
p6,clonotype1263,1
p6,clonotype1264,2
p6,clonotype1265,2
p6,clonotype1266,1
p6,clonotype1267,1
p6,clonotype1268,1
p6,clonotype1269,2
p6,clonotype127,2
p6,clonotype1270,2
p6,clonotype1271,1
p6,clonotype1272,2
p6,clonotype1273,2
p6,clonotype1274,1
p6,clonotype1275,2
p6,clonotype1276,3
p6,clonotype1277,2
p6,clonotype1278,3
p6,clonotype1279,1
p6,clonotype128,3
p6,clonotype1280,1
p6,clonotype1282,2
p6,clonotype1283,1
p6,clonotype1284,1
p6,clonotype1285,1
p6,clonotype1286,1
p6,clonotype1287,2
p6,clonotype1288,1
p6,clonotype1289,2
p6,clonotype129,3
p6,clonotype1290,2
p6,clonotype1291,2
p6,clonotype1292,1
p6,clonotype1293,2
p6,clonotype1294,2
p6,clonotype1295,1
p6,clonotype1298,1
p6,clonotype1299,3
p6,clonotype13,7
p6,clonotype130,4
p6,clonotype1300,1
p6,clonotype1301,1
p6,clonotype1302,2
p6,clonotype1303,1
p6,clonotype1304,2
p6,clonotype1305,2
p6,clonotype1306,2
p6,clonotype1307,1
p6,clonotype1308,1
p6,clonotype1309,1
p6,clonotype131,5
p6,clonotype1312,3
p6,clonotype1313,1
p6,clonotype1314,2
p6,clonotype1315,1
p6,clonotype1316,1
p6,clonotype1318,1
p6,clonotype1319,1
p6,clonotype132,3
p6,clonotype1320,3
p6,clonotype1321,2
p6,clonotype1322,2
p6,clonotype1323,1
p6,clonotype1325,1
p6,clonotype1326,1
p6,clonotype1327,2
p6,clonotype1328,1
p6,clonotype133,5
p6,clonotype1331,1
p6,clonotype1332,2
p6,clonotype1333,1
p6,clonotype1334,1
p6,clonotype1335,1
p6,clonotype1336,1
p6,clonotype1337,1
p6,clonotype1338,1
p6,clonotype1339,1
p6,clonotype134,4
p6,clonotype1344,1
p6,clonotype1345,1
p6,clonotype1346,2
p6,clonotype1348,1
p6,clonotype135,5
p6,clonotype1350,1
p6,clonotype1351,2
p6,clonotype1356,1
p6,clonotype136,4
p6,clonotype1362,1
p6,clonotype1364,1
p6,clonotype1365,1
p6,clonotype1367,1
p6,clonotype1368,1
p6,clonotype137,6
p6,clonotype1370,1
p6,clonotype1374,1
p6,clonotype1378,1
p6,clonotype138,5
p6,clonotype1383,1
p6,clonotype1388,2
p6,clonotype1389,1
p6,clonotype139,5
p6,clonotype1390,2
p6,clonotype1391,1
p6,clonotype1392,2
p6,clonotype1393,1
p6,clonotype1394,2
p6,clonotype1395,1
p6,clonotype1396,1
p6,clonotype1397,2
p6,clonotype1398,1
p6,clonotype1399,1
p6,clonotype14,6
p6,clonotype140,2
p6,clonotype1400,1
p6,clonotype1401,1
p6,clonotype1403,1
p6,clonotype1404,1
p6,clonotype1405,1
p6,clonotype1406,1
p6,clonotype1407,2
p6,clonotype1408,2
p6,clonotype141,4
p6,clonotype1411,1
p6,clonotype1412,2
p6,clonotype1413,1
p6,clonotype1415,1
p6,clonotype1416,1
p6,clonotype1417,1
p6,clonotype1418,1
p6,clonotype142,5
p6,clonotype1420,1
p6,clonotype1421,2
p6,clonotype1422,1
p6,clonotype1423,1
p6,clonotype1424,2
p6,clonotype1425,1
p6,clonotype1426,1
p6,clonotype1427,1
p6,clonotype1428,1
p6,clonotype1429,1
p6,clonotype143,4
p6,clonotype1431,1
p6,clonotype1432,1
p6,clonotype1433,1
p6,clonotype1434,1
p6,clonotype1435,1
p6,clonotype1436,1
p6,clonotype1437,2
p6,clonotype1438,2
p6,clonotype1439,1
p6,clonotype144,3
p6,clonotype1441,1
p6,clonotype1442,2
p6,clonotype1443,1
p6,clonotype1444,2
p6,clonotype1445,2
p6,clonotype1446,2
p6,clonotype1447,1
p6,clonotype1448,1
p6,clonotype1449,1
p6,clonotype145,6
p6,clonotype1450,1
p6,clonotype1451,2
p6,clonotype1452,1
p6,clonotype1453,1
p6,clonotype1454,1
p6,clonotype1455,1
p6,clonotype1456,1
p6,clonotype1457,2
p6,clonotype1459,1
p6,clonotype146,4
p6,clonotype1460,1
p6,clonotype1461,2
p6,clonotype1462,2
p6,clonotype1463,1
p6,clonotype1464,1
p6,clonotype1465,2
p6,clonotype1466,2
p6,clonotype1467,1
p6,clonotype1468,2
p6,clonotype1469,2
p6,clonotype147,4
p6,clonotype1470,1
p6,clonotype1471,1
p6,clonotype1472,1
p6,clonotype1473,1
p6,clonotype1474,1
p6,clonotype1477,1
p6,clonotype1478,2
p6,clonotype148,4
p6,clonotype1480,1
p6,clonotype1481,1
p6,clonotype1482,1
p6,clonotype1483,1
p6,clonotype1485,2
p6,clonotype1486,1
p6,clonotype1487,1
p6,clonotype1488,1
p6,clonotype1489,1
p6,clonotype149,5
p6,clonotype1490,1
p6,clonotype1491,1
p6,clonotype1492,1
p6,clonotype1493,1
p6,clonotype1494,1
p6,clonotype1495,1
p6,clonotype1496,1
p6,clonotype1497,1
p6,clonotype1498,1
p6,clonotype1499,1
p6,clonotype15,6
p6,clonotype150,3
p6,clonotype1501,1
p6,clonotype1502,1
p6,clonotype1503,2
p6,clonotype1504,1
p6,clonotype1505,1
p6,clonotype1506,1
p6,clonotype1507,1
p6,clonotype1508,1
p6,clonotype1509,1
p6,clonotype151,5
p6,clonotype1510,1
p6,clonotype1511,1
p6,clonotype1512,1
p6,clonotype1513,2
p6,clonotype1514,1
p6,clonotype1515,1
p6,clonotype1516,1
p6,clonotype1517,1
p6,clonotype1518,2
p6,clonotype1519,2
p6,clonotype152,4
p6,clonotype1520,1
p6,clonotype1521,1
p6,clonotype1522,1
p6,clonotype1529,1
p6,clonotype153,4
p6,clonotype1537,1
p6,clonotype1539,1
p6,clonotype154,3
p6,clonotype1541,1
p6,clonotype155,3
p6,clonotype1552,1
p6,clonotype1553,1
p6,clonotype1554,1
p6,clonotype1556,1
p6,clonotype1557,2
p6,clonotype1558,1
p6,clonotype1559,1
p6,clonotype156,2
p6,clonotype1561,1
p6,clonotype1562,1
p6,clonotype1566,1
p6,clonotype1567,1
p6,clonotype1568,1
p6,clonotype157,2
p6,clonotype1570,2
p6,clonotype1571,2
p6,clonotype1572,1
p6,clonotype1573,1
p6,clonotype1574,1
p6,clonotype1575,1
p6,clonotype1576,1
p6,clonotype1577,1
p6,clonotype1578,1
p6,clonotype1579,1
p6,clonotype158,2
p6,clonotype1580,2
p6,clonotype1581,2
p6,clonotype1582,1
p6,clonotype1583,1
p6,clonotype1584,1
p6,clonotype1585,2
p6,clonotype1587,1
p6,clonotype1588,1
p6,clonotype159,2
p6,clonotype1590,2
p6,clonotype1591,1
p6,clonotype1592,1
p6,clonotype1593,1
p6,clonotype1594,1
p6,clonotype1596,1
p6,clonotype1598,1
p6,clonotype16,5
p6,clonotype160,2
p6,clonotype1600,1
p6,clonotype1601,1
p6,clonotype1602,1
p6,clonotype1603,1
p6,clonotype161,3
p6,clonotype1617,1
p6,clonotype162,2
p6,clonotype1620,1
p6,clonotype1621,1
p6,clonotype1622,1
p6,clonotype1623,2
p6,clonotype1624,1
p6,clonotype1625,1
p6,clonotype1626,1
p6,clonotype1627,1
p6,clonotype1628,1
p6,clonotype1629,1
p6,clonotype163,2
p6,clonotype1630,1
p6,clonotype1631,1
p6,clonotype1632,2
p6,clonotype1633,1
p6,clonotype1634,1
p6,clonotype1635,1
p6,clonotype1636,2
p6,clonotype1637,1
p6,clonotype1638,1
p6,clonotype1639,1
p6,clonotype164,2
p6,clonotype1640,1
p6,clonotype1641,2
p6,clonotype1642,1
p6,clonotype1643,1
p6,clonotype1644,1
p6,clonotype1645,1
p6,clonotype1646,1
p6,clonotype1647,2
p6,clonotype1648,1
p6,clonotype1649,1
p6,clonotype165,3
p6,clonotype1650,1
p6,clonotype1651,1
p6,clonotype1652,1
p6,clonotype1653,1
p6,clonotype166,1
p6,clonotype1660,1
p6,clonotype1661,1
p6,clonotype1662,1
p6,clonotype1664,1
p6,clonotype1665,1
p6,clonotype1667,1
p6,clonotype1668,1
p6,clonotype1669,1
p6,clonotype167,3
p6,clonotype1670,1
p6,clonotype1671,2
p6,clonotype1672,1
p6,clonotype1673,1
p6,clonotype1674,1
p6,clonotype1675,1
p6,clonotype1676,1
p6,clonotype1677,1
p6,clonotype1678,1
p6,clonotype1679,1
p6,clonotype168,2
p6,clonotype1680,1
p6,clonotype1685,2
p6,clonotype1686,2
p6,clonotype1687,2
p6,clonotype1688,1
p6,clonotype1689,1
p6,clonotype169,4
p6,clonotype1690,2
p6,clonotype1691,1
p6,clonotype1692,1
p6,clonotype1693,1
p6,clonotype1694,1
p6,clonotype1695,1
p6,clonotype1697,2
p6,clonotype1698,1
p6,clonotype1699,2
p6,clonotype17,5
p6,clonotype170,2
p6,clonotype1700,2
p6,clonotype1701,1
p6,clonotype1703,1
p6,clonotype1704,2
p6,clonotype1705,1
p6,clonotype1706,1
p6,clonotype1707,2
p6,clonotype1708,2
p6,clonotype1709,1
p6,clonotype171,2
p6,clonotype1711,1
p6,clonotype1712,1
p6,clonotype1714,1
p6,clonotype1715,2
p6,clonotype1716,1
p6,clonotype1717,1
p6,clonotype172,3
p6,clonotype1722,1
p6,clonotype173,3
p6,clonotype174,2
p6,clonotype1745,1
p6,clonotype1749,2
p6,clonotype175,2
p6,clonotype1752,1
p6,clonotype1756,1
p6,clonotype1758,1
p6,clonotype176,3
p6,clonotype1765,1
p6,clonotype177,2
p6,clonotype1775,1
p6,clonotype1776,1
p6,clonotype178,3
p6,clonotype1783,1
p6,clonotype1786,1
p6,clonotype1787,2
p6,clonotype179,3
p6,clonotype1793,1
p6,clonotype18,5
p6,clonotype180,4
p6,clonotype1802,1
p6,clonotype1805,1
p6,clonotype1807,1
p6,clonotype181,3
p6,clonotype182,3
p6,clonotype1822,1
p6,clonotype1826,1
p6,clonotype183,3
p6,clonotype1832,1
p6,clonotype1838,1
p6,clonotype184,2
p6,clonotype1847,1
p6,clonotype185,2
p6,clonotype1854,1
p6,clonotype186,4
p6,clonotype187,3
p6,clonotype1877,1
p6,clonotype188,3
p6,clonotype1886,1
p6,clonotype1887,1
p6,clonotype189,4
p6,clonotype1892,1
p6,clonotype1898,1
p6,clonotype1899,1
p6,clonotype19,4
p6,clonotype190,3
p6,clonotype1900,1
p6,clonotype1901,1
p6,clonotype1909,1
p6,clonotype191,4
p6,clonotype1913,1
p6,clonotype192,2
p6,clonotype1920,1
p6,clonotype1921,1
p6,clonotype1922,1
p6,clonotype1923,1
p6,clonotype1926,1
p6,clonotype193,2
p6,clonotype1930,1
p6,clonotype1937,1
p6,clonotype194,1
p6,clonotype1940,1
p6,clonotype1942,1
p6,clonotype1943,1
p6,clonotype195,3
p6,clonotype1951,1
p6,clonotype1956,1
p6,clonotype1958,1
p6,clonotype196,3
p6,clonotype1963,1
p6,clonotype1965,1
p6,clonotype1968,1
p6,clonotype197,3
p6,clonotype1975,1
p6,clonotype1978,1
p6,clonotype198,3
p6,clonotype1982,1
p6,clonotype1983,2
p6,clonotype199,3
p6,clonotype1992,1
p6,clonotype1993,1
p6,clonotype1996,1
p6,clonotype1999,1
p6,clonotype2,2
p6,clonotype20,5
p6,clonotype200,2
p6,clonotype2008,1
p6,clonotype201,3
p6,clonotype2012,1
p6,clonotype2015,1
p6,clonotype202,1
p6,clonotype2021,1
p6,clonotype203,4
p6,clonotype2039,1
p6,clonotype204,4
p6,clonotype205,3
p6,clonotype206,3
p6,clonotype2066,1
p6,clonotype207,4
p6,clonotype208,4
p6,clonotype2086,1
p6,clonotype2088,1
p6,clonotype209,4
p6,clonotype2092,1
p6,clonotype2098,1
p6,clonotype21,6
p6,clonotype210,3
p6,clonotype211,3
p6,clonotype212,2
p6,clonotype2125,1
p6,clonotype213,2
p6,clonotype2131,1
p6,clonotype214,2
p6,clonotype2149,1
p6,clonotype215,2
p6,clonotype2158,1
p6,clonotype2159,1
p6,clonotype216,2
p6,clonotype2160,1
p6,clonotype217,1
p6,clonotype2176,1
p6,clonotype218,1
p6,clonotype2184,1
p6,clonotype2188,1
p6,clonotype22,6
p6,clonotype220,1
p6,clonotype2211,1
p6,clonotype2215,1
p6,clonotype222,3
p6,clonotype2222,1
p6,clonotype223,2
p6,clonotype224,2
p6,clonotype225,1
p6,clonotype226,1
p6,clonotype2261,1
p6,clonotype2264,1
p6,clonotype227,2
p6,clonotype2277,1
p6,clonotype228,1
p6,clonotype229,1
p6,clonotype2296,1
p6,clonotype23,6
p6,clonotype230,1
p6,clonotype2308,1
p6,clonotype231,1
p6,clonotype232,1
p6,clonotype233,1
p6,clonotype2332,1
p6,clonotype2337,1
p6,clonotype234,1
p6,clonotype235,2
p6,clonotype236,2
p6,clonotype237,2
p6,clonotype2371,1
p6,clonotype238,1
p6,clonotype239,3
p6,clonotype2396,1
p6,clonotype24,4
p6,clonotype240,2
p6,clonotype241,3
p6,clonotype242,4
p6,clonotype2423,1
p6,clonotype243,4
p6,clonotype244,6
p6,clonotype2440,1
p6,clonotype2447,1
p6,clonotype245,4
p6,clonotype2456,1
p6,clonotype246,4
p6,clonotype247,5
p6,clonotype248,4
p6,clonotype2486,1
p6,clonotype249,5
p6,clonotype25,5
p6,clonotype250,4
p6,clonotype2504,1
p6,clonotype251,3
p6,clonotype2513,1
p6,clonotype252,2
p6,clonotype253,3
p6,clonotype2533,1
p6,clonotype254,4
p6,clonotype255,2
p6,clonotype256,2
p6,clonotype257,2
p6,clonotype2572,1
p6,clonotype2578,1
p6,clonotype258,2
p6,clonotype259,2
p6,clonotype2590,1
p6,clonotype2596,1
p6,clonotype26,5
p6,clonotype260,2
p6,clonotype2602,1
p6,clonotype2603,1
p6,clonotype2608,1
p6,clonotype261,2
p6,clonotype2617,1
p6,clonotype262,1
p6,clonotype2621,1
p6,clonotype2624,1
p6,clonotype2626,1
p6,clonotype263,2
p6,clonotype2635,1
p6,clonotype264,2
p6,clonotype265,1
p6,clonotype266,2
p6,clonotype268,2
p6,clonotype269,2
p6,clonotype27,4
p6,clonotype270,1
p6,clonotype271,2
p6,clonotype272,2
p6,clonotype273,2
p6,clonotype274,1
p6,clonotype275,1
p6,clonotype277,1
p6,clonotype278,1
p6,clonotype2784,1
p6,clonotype28,4
p6,clonotype280,1
p6,clonotype2808,1
p6,clonotype281,1
p6,clonotype2819,1
p6,clonotype282,1
p6,clonotype2822,1
p6,clonotype2826,1
p6,clonotype284,1
p6,clonotype285,2
p6,clonotype2858,1
p6,clonotype286,1
p6,clonotype2862,1
p6,clonotype287,1
p6,clonotype2870,1
p6,clonotype288,2
p6,clonotype2887,1
p6,clonotype289,3
p6,clonotype29,7
p6,clonotype290,2
p6,clonotype2900,1
p6,clonotype291,1
p6,clonotype2912,1
p6,clonotype292,1
p6,clonotype293,3
p6,clonotype294,3
p6,clonotype295,3
p6,clonotype2957,1
p6,clonotype296,3
p6,clonotype297,4
p6,clonotype2970,1
p6,clonotype298,3
p6,clonotype299,3
p6,clonotype2990,1
p6,clonotype2994,1
p6,clonotype3,2
p6,clonotype30,5
p6,clonotype300,5
p6,clonotype301,4
p6,clonotype3012,1
p6,clonotype3013,1
p6,clonotype302,4
p6,clonotype3025,1
p6,clonotype303,5
p6,clonotype3038,1
p6,clonotype304,4
p6,clonotype3043,1
p6,clonotype305,3
p6,clonotype3052,1
p6,clonotype306,2
p6,clonotype307,3
p6,clonotype3072,1
p6,clonotype3077,1
p6,clonotype3079,1
p6,clonotype308,2
p6,clonotype3084,1
p6,clonotype309,2
p6,clonotype3090,1
p6,clonotype3093,1
p6,clonotype3097,1
p6,clonotype31,7
p6,clonotype310,3
p6,clonotype3109,1
p6,clonotype311,3
p6,clonotype3110,1
p6,clonotype3111,1
p6,clonotype312,4
p6,clonotype3126,1
p6,clonotype3127,1
p6,clonotype3128,1
p6,clonotype313,4
p6,clonotype3136,1
p6,clonotype3138,1
p6,clonotype314,4
p6,clonotype3140,1
p6,clonotype3146,1
p6,clonotype3148,1
p6,clonotype315,2
p6,clonotype3152,1
p6,clonotype3154,1
p6,clonotype316,2
p6,clonotype3160,1
p6,clonotype3164,1
p6,clonotype317,2
p6,clonotype3178,1
p6,clonotype318,3
p6,clonotype3185,1
p6,clonotype319,1
p6,clonotype32,3
p6,clonotype320,4
p6,clonotype321,4
p6,clonotype322,2
p6,clonotype323,1
p6,clonotype324,3
p6,clonotype3244,1
p6,clonotype325,2
p6,clonotype326,2
p6,clonotype327,2
p6,clonotype3274,1
p6,clonotype328,1
p6,clonotype3280,1
p6,clonotype3282,1
p6,clonotype329,3
p6,clonotype3291,1
p6,clonotype33,4
p6,clonotype330,4
p6,clonotype3301,1
p6,clonotype3305,1
p6,clonotype331,4
p6,clonotype332,3
p6,clonotype333,2
p6,clonotype334,3
p6,clonotype335,2
p6,clonotype3353,1
p6,clonotype3365,1
p6,clonotype337,1
p6,clonotype3382,1
p6,clonotype3383,1
p6,clonotype339,2
p6,clonotype3395,1
p6,clonotype3396,1
p6,clonotype34,4
p6,clonotype3404,1
p6,clonotype341,1
p6,clonotype3414,1
p6,clonotype342,1
p6,clonotype3420,1
p6,clonotype343,1
p6,clonotype345,1
p6,clonotype346,1
p6,clonotype347,1
p6,clonotype3475,1
p6,clonotype348,1
p6,clonotype3481,1
p6,clonotype349,1
p6,clonotype35,6
p6,clonotype351,1
p6,clonotype352,1
p6,clonotype3527,1
p6,clonotype353,1
p6,clonotype3530,1
p6,clonotype354,1
p6,clonotype355,2
p6,clonotype358,1
p6,clonotype3580,1
p6,clonotype3596,1
p6,clonotype3597,1
p6,clonotype36,5
p6,clonotype3621,1
p6,clonotype3626,1
p6,clonotype3631,1
p6,clonotype3632,1
p6,clonotype3634,1
p6,clonotype3636,1
p6,clonotype3638,1
p6,clonotype3641,1
p6,clonotype3646,1
p6,clonotype37,6
p6,clonotype372,1
p6,clonotype377,1
p6,clonotype378,1
p6,clonotype379,1
p6,clonotype38,6
p6,clonotype380,1
p6,clonotype381,3
p6,clonotype383,2
p6,clonotype386,1
p6,clonotype387,1
p6,clonotype388,1
p6,clonotype389,1
p6,clonotype39,7
p6,clonotype390,1
p6,clonotype391,1
p6,clonotype392,1
p6,clonotype393,1
p6,clonotype394,1
p6,clonotype395,1
p6,clonotype396,1
p6,clonotype397,1
p6,clonotype398,1
p6,clonotype399,2
p6,clonotype4,2
p6,clonotype40,3
p6,clonotype400,2
p6,clonotype401,1
p6,clonotype402,1
p6,clonotype403,2
p6,clonotype404,1
p6,clonotype405,1
p6,clonotype406,2
p6,clonotype407,1
p6,clonotype408,1
p6,clonotype409,2
p6,clonotype41,4
p6,clonotype410,2
p6,clonotype411,1
p6,clonotype412,1
p6,clonotype413,2
p6,clonotype414,2
p6,clonotype415,2
p6,clonotype416,1
p6,clonotype417,3
p6,clonotype418,3
p6,clonotype419,3
p6,clonotype42,4
p6,clonotype420,3
p6,clonotype421,3
p6,clonotype422,1
p6,clonotype423,3
p6,clonotype424,3
p6,clonotype425,2
p6,clonotype426,2
p6,clonotype427,2
p6,clonotype428,1
p6,clonotype429,2
p6,clonotype43,4
p6,clonotype430,1
p6,clonotype431,2
p6,clonotype432,2
p6,clonotype433,2
p6,clonotype434,2
p6,clonotype435,2
p6,clonotype436,2
p6,clonotype437,2
p6,clonotype438,2
p6,clonotype439,2
p6,clonotype44,5
p6,clonotype440,2
p6,clonotype441,2
p6,clonotype442,2
p6,clonotype443,2
p6,clonotype444,2
p6,clonotype445,2
p6,clonotype446,2
p6,clonotype447,1
p6,clonotype448,3
p6,clonotype449,1
p6,clonotype45,6
p6,clonotype450,3
p6,clonotype451,2
p6,clonotype452,2
p6,clonotype453,2
p6,clonotype454,2
p6,clonotype455,2
p6,clonotype456,1
p6,clonotype457,2
p6,clonotype458,3
p6,clonotype459,2
p6,clonotype46,4
p6,clonotype460,3
p6,clonotype461,3
p6,clonotype462,2
p6,clonotype463,2
p6,clonotype464,3
p6,clonotype465,3
p6,clonotype466,1
p6,clonotype467,3
p6,clonotype468,2
p6,clonotype469,3
p6,clonotype47,5
p6,clonotype470,2
p6,clonotype471,1
p6,clonotype472,1
p6,clonotype473,1
p6,clonotype474,2
p6,clonotype475,2
p6,clonotype476,3
p6,clonotype477,2
p6,clonotype479,2
p6,clonotype48,4
p6,clonotype480,1
p6,clonotype481,2
p6,clonotype482,2
p6,clonotype483,2
p6,clonotype484,2
p6,clonotype485,1
p6,clonotype486,2
p6,clonotype487,2
p6,clonotype488,1
p6,clonotype489,1
p6,clonotype49,6
p6,clonotype490,2
p6,clonotype491,1
p6,clonotype492,2
p6,clonotype494,1
p6,clonotype495,1
p6,clonotype496,1
p6,clonotype497,2
p6,clonotype498,2
p6,clonotype499,2
p6,clonotype5,4
p6,clonotype50,5
p6,clonotype500,1
p6,clonotype501,2
p6,clonotype502,2
p6,clonotype503,2
p6,clonotype504,2
p6,clonotype505,4
p6,clonotype506,2
p6,clonotype507,1
p6,clonotype508,3
p6,clonotype509,3
p6,clonotype51,5
p6,clonotype510,3
p6,clonotype511,2
p6,clonotype512,1
p6,clonotype513,1
p6,clonotype514,1
p6,clonotype515,2
p6,clonotype516,1
p6,clonotype517,1
p6,clonotype518,1
p6,clonotype519,1
p6,clonotype52,4
p6,clonotype520,1
p6,clonotype521,1
p6,clonotype522,1
p6,clonotype523,1
p6,clonotype525,1
p6,clonotype526,2
p6,clonotype527,1
p6,clonotype528,2
p6,clonotype529,1
p6,clonotype53,4
p6,clonotype530,1
p6,clonotype531,1
p6,clonotype537,1
p6,clonotype54,5
p6,clonotype543,1
p6,clonotype547,1
p6,clonotype549,1
p6,clonotype55,6
p6,clonotype550,1
p6,clonotype551,1
p6,clonotype552,1
p6,clonotype553,1
p6,clonotype554,1
p6,clonotype555,2
p6,clonotype556,1
p6,clonotype557,1
p6,clonotype559,2
p6,clonotype56,4
p6,clonotype560,1
p6,clonotype562,1
p6,clonotype564,1
p6,clonotype565,1
p6,clonotype566,1
p6,clonotype567,2
p6,clonotype568,1
p6,clonotype57,5
p6,clonotype570,1
p6,clonotype571,1
p6,clonotype572,1
p6,clonotype573,1
p6,clonotype574,1
p6,clonotype575,1
p6,clonotype576,1
p6,clonotype577,1
p6,clonotype579,1
p6,clonotype58,3
p6,clonotype580,1
p6,clonotype581,1
p6,clonotype582,1
p6,clonotype583,2
p6,clonotype584,1
p6,clonotype585,1
p6,clonotype587,1
p6,clonotype588,1
p6,clonotype589,1
p6,clonotype59,5
p6,clonotype590,1
p6,clonotype591,1
p6,clonotype592,1
p6,clonotype593,1
p6,clonotype594,1
p6,clonotype595,1
p6,clonotype596,1
p6,clonotype597,2
p6,clonotype598,2
p6,clonotype599,1
p6,clonotype6,6
p6,clonotype60,3
p6,clonotype600,2
p6,clonotype601,3
p6,clonotype602,2
p6,clonotype603,2
p6,clonotype604,2
p6,clonotype605,1
p6,clonotype606,2
p6,clonotype607,1
p6,clonotype608,2
p6,clonotype609,1
p6,clonotype61,6
p6,clonotype610,2
p6,clonotype611,2
p6,clonotype612,2
p6,clonotype613,1
p6,clonotype614,4
p6,clonotype615,2
p6,clonotype616,3
p6,clonotype617,2
p6,clonotype618,2
p6,clonotype619,2
p6,clonotype62,4
p6,clonotype620,3
p6,clonotype621,3
p6,clonotype622,1
p6,clonotype623,3
p6,clonotype624,1
p6,clonotype625,2
p6,clonotype626,1
p6,clonotype627,3
p6,clonotype628,2
p6,clonotype629,2
p6,clonotype63,4
p6,clonotype630,2
p6,clonotype631,1
p6,clonotype632,1
p6,clonotype633,1
p6,clonotype634,3
p6,clonotype635,1
p6,clonotype636,2
p6,clonotype637,2
p6,clonotype638,1
p6,clonotype639,2
p6,clonotype64,5
p6,clonotype640,3
p6,clonotype641,2
p6,clonotype642,2
p6,clonotype643,3
p6,clonotype644,2
p6,clonotype645,2
p6,clonotype646,2
p6,clonotype647,2
p6,clonotype648,2
p6,clonotype649,2
p6,clonotype65,5
p6,clonotype651,3
p6,clonotype653,1
p6,clonotype654,2
p6,clonotype655,1
p6,clonotype656,1
p6,clonotype657,1
p6,clonotype658,2
p6,clonotype659,2
p6,clonotype66,2
p6,clonotype660,1
p6,clonotype661,2
p6,clonotype662,4
p6,clonotype663,2
p6,clonotype664,2
p6,clonotype665,1
p6,clonotype666,2
p6,clonotype667,2
p6,clonotype668,1
p6,clonotype669,2
p6,clonotype67,6
p6,clonotype670,2
p6,clonotype671,2
p6,clonotype672,3
p6,clonotype673,2
p6,clonotype674,2
p6,clonotype675,3
p6,clonotype676,2
p6,clonotype677,1
p6,clonotype678,2
p6,clonotype679,2
p6,clonotype68,4
p6,clonotype680,1
p6,clonotype681,1
p6,clonotype682,1
p6,clonotype683,1
p6,clonotype684,2
p6,clonotype685,3
p6,clonotype687,2
p6,clonotype688,2
p6,clonotype689,2
p6,clonotype69,6
p6,clonotype690,2
p6,clonotype691,3
p6,clonotype692,2
p6,clonotype693,2
p6,clonotype695,2
p6,clonotype696,2
p6,clonotype697,2
p6,clonotype698,2
p6,clonotype699,2
p6,clonotype7,6
p6,clonotype70,4
p6,clonotype700,2
p6,clonotype701,2
p6,clonotype702,3
p6,clonotype703,3
p6,clonotype704,1
p6,clonotype705,3
p6,clonotype706,2
p6,clonotype707,2
p6,clonotype708,2
p6,clonotype709,3
p6,clonotype71,4
p6,clonotype710,3
p6,clonotype711,4
p6,clonotype712,3
p6,clonotype713,3
p6,clonotype714,4
p6,clonotype715,3
p6,clonotype716,4
p6,clonotype717,2
p6,clonotype718,2
p6,clonotype719,3
p6,clonotype72,6
p6,clonotype720,4
p6,clonotype721,3
p6,clonotype722,3
p6,clonotype723,3
p6,clonotype724,2
p6,clonotype725,3
p6,clonotype726,3
p6,clonotype727,3
p6,clonotype728,2
p6,clonotype729,2
p6,clonotype73,5
p6,clonotype730,3
p6,clonotype731,2
p6,clonotype732,4
p6,clonotype733,1
p6,clonotype734,3
p6,clonotype735,2
p6,clonotype736,2
p6,clonotype737,3
p6,clonotype738,3
p6,clonotype739,4
p6,clonotype74,4
p6,clonotype740,2
p6,clonotype741,1
p6,clonotype742,2
p6,clonotype743,3
p6,clonotype744,1
p6,clonotype745,2
p6,clonotype746,1
p6,clonotype747,3
p6,clonotype748,1
p6,clonotype749,2
p6,clonotype75,2
p6,clonotype750,1
p6,clonotype751,1
p6,clonotype752,1
p6,clonotype753,1
p6,clonotype754,1
p6,clonotype755,1
p6,clonotype756,1
p6,clonotype757,1
p6,clonotype758,1
p6,clonotype759,1
p6,clonotype76,5
p6,clonotype760,2
p6,clonotype761,1
p6,clonotype762,1
p6,clonotype763,1
p6,clonotype764,1
p6,clonotype765,1
p6,clonotype766,1
p6,clonotype767,1
p6,clonotype768,1
p6,clonotype769,2
p6,clonotype77,5
p6,clonotype770,2
p6,clonotype771,1
p6,clonotype772,1
p6,clonotype773,1
p6,clonotype774,2
p6,clonotype775,1
p6,clonotype776,1
p6,clonotype777,1
p6,clonotype778,1
p6,clonotype779,2
p6,clonotype78,3
p6,clonotype780,2
p6,clonotype781,1
p6,clonotype782,2
p6,clonotype783,1
p6,clonotype784,1
p6,clonotype785,1
p6,clonotype786,2
p6,clonotype787,3
p6,clonotype788,1
p6,clonotype789,1
p6,clonotype79,5
p6,clonotype790,1
p6,clonotype791,1
p6,clonotype794,1
p6,clonotype8,7
p6,clonotype80,3
p6,clonotype805,1
p6,clonotype806,1
p6,clonotype808,1
p6,clonotype809,1
p6,clonotype81,4
p6,clonotype811,1
p6,clonotype814,1
p6,clonotype82,3
p6,clonotype822,1
p6,clonotype827,1
p6,clonotype829,1
p6,clonotype83,5
p6,clonotype831,1
p6,clonotype832,1
p6,clonotype833,1
p6,clonotype834,1
p6,clonotype836,1
p6,clonotype837,2
p6,clonotype838,1
p6,clonotype839,1
p6,clonotype84,4
p6,clonotype840,1
p6,clonotype841,2
p6,clonotype842,2
p6,clonotype843,1
p6,clonotype844,1
p6,clonotype846,2
p6,clonotype847,2
p6,clonotype848,3
p6,clonotype849,3
p6,clonotype85,2
p6,clonotype850,3
p6,clonotype851,4
p6,clonotype852,3
p6,clonotype853,2
p6,clonotype854,3
p6,clonotype855,4
p6,clonotype856,2
p6,clonotype857,2
p6,clonotype858,1
p6,clonotype859,2
p6,clonotype86,4
p6,clonotype860,2
p6,clonotype861,3
p6,clonotype862,2
p6,clonotype863,3
p6,clonotype864,2
p6,clonotype865,2
p6,clonotype866,2
p6,clonotype867,4
p6,clonotype868,2
p6,clonotype869,3
p6,clonotype87,4
p6,clonotype870,3
p6,clonotype871,3
p6,clonotype872,3
p6,clonotype873,3
p6,clonotype874,2
p6,clonotype875,2
p6,clonotype876,1
p6,clonotype877,1
p6,clonotype878,2
p6,clonotype879,4
p6,clonotype88,4
p6,clonotype880,1
p6,clonotype881,3
p6,clonotype882,2
p6,clonotype883,3
p6,clonotype884,4
p6,clonotype885,2
p6,clonotype886,3
p6,clonotype887,3
p6,clonotype888,3
p6,clonotype889,2
p6,clonotype89,3
p6,clonotype890,3
p6,clonotype891,3
p6,clonotype892,2
p6,clonotype893,2
p6,clonotype894,4
p6,clonotype895,2
p6,clonotype896,3
p6,clonotype897,3
p6,clonotype898,1
p6,clonotype899,2
p6,clonotype9,6
p6,clonotype90,4
p6,clonotype900,3
p6,clonotype901,2
p6,clonotype902,2
p6,clonotype903,2
p6,clonotype904,2
p6,clonotype905,1
p6,clonotype906,2
p6,clonotype907,2
p6,clonotype908,2
p6,clonotype909,2
p6,clonotype91,2
p6,clonotype910,1
p6,clonotype911,2
p6,clonotype912,3
p6,clonotype913,2
p6,clonotype914,2
p6,clonotype915,1
p6,clonotype916,2
p6,clonotype917,2
p6,clonotype918,2
p6,clonotype919,3
p6,clonotype92,5
p6,clonotype920,2
p6,clonotype921,2
p6,clonotype922,1
p6,clonotype923,1
p6,clonotype924,2
p6,clonotype925,3
p6,clonotype926,1
p6,clonotype927,1
p6,clonotype928,3
p6,clonotype929,1
p6,clonotype93,4
p6,clonotype930,2
p6,clonotype931,1
p6,clonotype932,3
p6,clonotype933,2
p6,clonotype934,2
p6,clonotype935,2
p6,clonotype936,3
p6,clonotype937,2
p6,clonotype938,3
p6,clonotype939,3
p6,clonotype94,3
p6,clonotype940,2
p6,clonotype941,3
p6,clonotype942,3
p6,clonotype943,3
p6,clonotype944,2
p6,clonotype945,3
p6,clonotype946,3
p6,clonotype947,2
p6,clonotype948,3
p6,clonotype949,3
p6,clonotype95,4
p6,clonotype950,3
p6,clonotype951,2
p6,clonotype952,2
p6,clonotype953,4
p6,clonotype954,3
p6,clonotype955,3
p6,clonotype956,3
p6,clonotype957,3
p6,clonotype958,3
p6,clonotype959,3
p6,clonotype96,5
p6,clonotype960,4
p6,clonotype961,3
p6,clonotype962,4
p6,clonotype963,3
p6,clonotype964,2
p6,clonotype965,2
p6,clonotype966,3
p6,clonotype967,1
p6,clonotype968,1
p6,clonotype97,5
p6,clonotype970,1
p6,clonotype971,1
p6,clonotype973,1
p6,clonotype974,1
p6,clonotype976,1
p6,clonotype977,1
p6,clonotype978,1
p6,clonotype979,1
p6,clonotype98,5
p6,clonotype980,2
p6,clonotype981,2
p6,clonotype982,2
p6,clonotype983,2
p6,clonotype984,2
p6,clonotype985,1
p6,clonotype986,2
p6,clonotype987,1
p6,clonotype988,2
p6,clonotype989,1
p6,clonotype99,4
p6,clonotype990,2
p6,clonotype991,2
p6,clonotype992,2
p6,clonotype993,3
p6,clonotype994,3
p6,clonotype995,2
p6,clonotype996,1
p6,clonotype997,1
p6,clonotype998,1
p6,clonotype999,2
p69,clonotype1,2
p69,clonotype10,7
p69,clonotype100,3
p69,clonotype1001,1
p69,clonotype1002,1
p69,clonotype1003,1
p69,clonotype1004,1
p69,clonotype1005,1
p69,clonotype1006,2
p69,clonotype1007,1
p69,clonotype1008,1
p69,clonotype1009,1
p69,clonotype101,3
p69,clonotype1010,1
p69,clonotype1011,1
p69,clonotype1012,2
p69,clonotype1014,1
p69,clonotype1015,1
p69,clonotype1016,1
p69,clonotype1017,2
p69,clonotype1018,1
p69,clonotype1019,2
p69,clonotype102,4
p69,clonotype1020,1
p69,clonotype1021,2
p69,clonotype1022,2
p69,clonotype1023,2
p69,clonotype1024,1
p69,clonotype1025,3
p69,clonotype1026,3
p69,clonotype1027,2
p69,clonotype1028,1
p69,clonotype1029,3
p69,clonotype103,5
p69,clonotype1030,3
p69,clonotype1031,2
p69,clonotype1032,2
p69,clonotype1033,3
p69,clonotype1034,3
p69,clonotype1035,3
p69,clonotype1036,3
p69,clonotype1037,1
p69,clonotype1038,3
p69,clonotype1039,1
p69,clonotype104,3
p69,clonotype1040,2
p69,clonotype1041,2
p69,clonotype1042,3
p69,clonotype1043,3
p69,clonotype1044,2
p69,clonotype1045,2
p69,clonotype1046,3
p69,clonotype1047,1
p69,clonotype1048,2
p69,clonotype1049,3
p69,clonotype105,7
p69,clonotype1050,3
p69,clonotype1051,3
p69,clonotype1052,4
p69,clonotype1053,4
p69,clonotype1054,3
p69,clonotype1055,3
p69,clonotype1056,3
p69,clonotype1057,3
p69,clonotype1058,2
p69,clonotype1059,3
p69,clonotype106,4
p69,clonotype1060,3
p69,clonotype1061,4
p69,clonotype1062,4
p69,clonotype1063,4
p69,clonotype1064,3
p69,clonotype1065,2
p69,clonotype1066,2
p69,clonotype1067,2
p69,clonotype1068,2
p69,clonotype1069,3
p69,clonotype107,5
p69,clonotype1070,2
p69,clonotype1071,3
p69,clonotype1072,1
p69,clonotype1073,2
p69,clonotype1074,2
p69,clonotype1075,3
p69,clonotype1076,2
p69,clonotype1077,3
p69,clonotype1078,3
p69,clonotype1079,3
p69,clonotype108,4
p69,clonotype1080,1
p69,clonotype1081,2
p69,clonotype1082,2
p69,clonotype1083,3
p69,clonotype1084,3
p69,clonotype1085,3
p69,clonotype1086,3
p69,clonotype1087,2
p69,clonotype1088,3
p69,clonotype1089,3
p69,clonotype109,4
p69,clonotype1090,3
p69,clonotype1091,2
p69,clonotype1092,2
p69,clonotype1093,2
p69,clonotype1094,2
p69,clonotype1095,3
p69,clonotype1096,3
p69,clonotype1097,3
p69,clonotype1098,4
p69,clonotype1099,3
p69,clonotype11,3
p69,clonotype110,6
p69,clonotype1100,2
p69,clonotype1101,2
p69,clonotype1102,3
p69,clonotype1103,3
p69,clonotype1104,4
p69,clonotype1105,3
p69,clonotype1106,2
p69,clonotype1107,4
p69,clonotype1108,4
p69,clonotype1109,3
p69,clonotype111,5
p69,clonotype1110,4
p69,clonotype1111,3
p69,clonotype1112,4
p69,clonotype1113,3
p69,clonotype1114,4
p69,clonotype1115,2
p69,clonotype1116,3
p69,clonotype1117,4
p69,clonotype1118,3
p69,clonotype1119,1
p69,clonotype112,5
p69,clonotype1120,4
p69,clonotype1121,2
p69,clonotype1122,2
p69,clonotype1123,2
p69,clonotype1124,3
p69,clonotype1125,5
p69,clonotype1126,3
p69,clonotype1127,4
p69,clonotype1128,3
p69,clonotype1129,3
p69,clonotype113,3
p69,clonotype1130,2
p69,clonotype1131,3
p69,clonotype1132,2
p69,clonotype1133,3
p69,clonotype1134,3
p69,clonotype1135,1
p69,clonotype1136,3
p69,clonotype1137,3
p69,clonotype1138,2
p69,clonotype1139,3
p69,clonotype114,3
p69,clonotype1140,2
p69,clonotype1141,3
p69,clonotype1142,3
p69,clonotype1143,2
p69,clonotype1144,3
p69,clonotype1145,3
p69,clonotype1146,1
p69,clonotype1147,4
p69,clonotype1148,1
p69,clonotype1149,2
p69,clonotype115,5
p69,clonotype1150,1
p69,clonotype1151,1
p69,clonotype1152,1
p69,clonotype1153,1
p69,clonotype1154,2
p69,clonotype1155,2
p69,clonotype1156,2
p69,clonotype1157,1
p69,clonotype1158,2
p69,clonotype1159,2
p69,clonotype116,7
p69,clonotype1160,1
p69,clonotype1161,2
p69,clonotype1162,3
p69,clonotype1163,2
p69,clonotype1164,2
p69,clonotype1165,2
p69,clonotype1166,1
p69,clonotype1167,1
p69,clonotype1168,2
p69,clonotype1169,1
p69,clonotype117,4
p69,clonotype1170,2
p69,clonotype1171,2
p69,clonotype1172,1
p69,clonotype1173,3
p69,clonotype1174,3
p69,clonotype1175,3
p69,clonotype1176,2
p69,clonotype1177,2
p69,clonotype1178,1
p69,clonotype1179,3
p69,clonotype118,4
p69,clonotype1180,2
p69,clonotype1181,2
p69,clonotype1182,3
p69,clonotype1183,2
p69,clonotype1184,1
p69,clonotype1185,2
p69,clonotype1186,3
p69,clonotype1187,1
p69,clonotype1188,1
p69,clonotype1189,1
p69,clonotype119,4
p69,clonotype1190,1
p69,clonotype1191,1
p69,clonotype1192,3
p69,clonotype1193,1
p69,clonotype1194,3
p69,clonotype1195,3
p69,clonotype1196,2
p69,clonotype1197,4
p69,clonotype1198,1
p69,clonotype1199,3
p69,clonotype12,5
p69,clonotype120,3
p69,clonotype1200,3
p69,clonotype1201,3
p69,clonotype1202,3
p69,clonotype1203,3
p69,clonotype1204,2
p69,clonotype1205,4
p69,clonotype1206,2
p69,clonotype1207,3
p69,clonotype1208,3
p69,clonotype1209,1
p69,clonotype121,3
p69,clonotype1210,3
p69,clonotype1211,1
p69,clonotype1212,2
p69,clonotype1213,2
p69,clonotype1214,2
p69,clonotype1215,2
p69,clonotype1216,2
p69,clonotype1217,2
p69,clonotype1218,2
p69,clonotype1219,3
p69,clonotype122,4
p69,clonotype1220,1
p69,clonotype1221,2
p69,clonotype1222,1
p69,clonotype1223,2
p69,clonotype1224,2
p69,clonotype1225,2
p69,clonotype1226,2
p69,clonotype1227,1
p69,clonotype1228,1
p69,clonotype1229,1
p69,clonotype123,4
p69,clonotype1230,2
p69,clonotype1231,1
p69,clonotype1232,1
p69,clonotype1233,1
p69,clonotype1234,1
p69,clonotype1235,1
p69,clonotype1236,2
p69,clonotype1237,2
p69,clonotype1238,2
p69,clonotype1239,1
p69,clonotype124,1
p69,clonotype1240,2
p69,clonotype1241,1
p69,clonotype1242,1
p69,clonotype1243,3
p69,clonotype1244,1
p69,clonotype1245,1
p69,clonotype1246,2
p69,clonotype1247,2
p69,clonotype1248,2
p69,clonotype1249,2
p69,clonotype125,4
p69,clonotype1251,1
p69,clonotype1252,1
p69,clonotype1253,2
p69,clonotype1254,2
p69,clonotype1255,1
p69,clonotype1256,3
p69,clonotype1257,2
p69,clonotype1258,2
p69,clonotype1259,2
p69,clonotype126,5
p69,clonotype1260,3
p69,clonotype1261,1
p69,clonotype1262,2
p69,clonotype1263,3
p69,clonotype1264,2
p69,clonotype1265,2
p69,clonotype1266,3
p69,clonotype1267,1
p69,clonotype1268,3
p69,clonotype1269,3
p69,clonotype127,4
p69,clonotype1270,2
p69,clonotype1271,1
p69,clonotype1272,3
p69,clonotype1273,2
p69,clonotype1274,2
p69,clonotype1275,3
p69,clonotype1276,3
p69,clonotype1277,3
p69,clonotype1278,1
p69,clonotype1279,3
p69,clonotype128,5
p69,clonotype1280,3
p69,clonotype1281,3
p69,clonotype1282,2
p69,clonotype1283,1
p69,clonotype1284,2
p69,clonotype1285,2
p69,clonotype1286,2
p69,clonotype1287,2
p69,clonotype1288,2
p69,clonotype1289,2
p69,clonotype129,4
p69,clonotype1290,2
p69,clonotype1291,3
p69,clonotype1292,2
p69,clonotype1293,2
p69,clonotype1294,2
p69,clonotype1295,3
p69,clonotype1296,2
p69,clonotype1297,2
p69,clonotype1298,1
p69,clonotype1299,2
p69,clonotype13,5
p69,clonotype130,3
p69,clonotype1300,3
p69,clonotype1301,2
p69,clonotype1302,2
p69,clonotype1303,2
p69,clonotype1304,2
p69,clonotype1305,1
p69,clonotype1306,1
p69,clonotype1307,2
p69,clonotype1308,1
p69,clonotype1309,2
p69,clonotype131,3
p69,clonotype1310,2
p69,clonotype1311,2
p69,clonotype1312,2
p69,clonotype1313,1
p69,clonotype1314,2
p69,clonotype1315,1
p69,clonotype1316,1
p69,clonotype1317,2
p69,clonotype1318,3
p69,clonotype1319,2
p69,clonotype132,4
p69,clonotype1320,2
p69,clonotype1321,2
p69,clonotype1322,2
p69,clonotype1323,2
p69,clonotype1324,1
p69,clonotype1325,2
p69,clonotype1326,2
p69,clonotype1327,2
p69,clonotype1328,1
p69,clonotype1329,2
p69,clonotype133,5
p69,clonotype1330,2
p69,clonotype1331,2
p69,clonotype1332,2
p69,clonotype1333,2
p69,clonotype1334,1
p69,clonotype1335,2
p69,clonotype1336,3
p69,clonotype1338,2
p69,clonotype134,5
p69,clonotype1340,2
p69,clonotype1341,2
p69,clonotype1342,2
p69,clonotype1343,2
p69,clonotype1344,1
p69,clonotype1345,2
p69,clonotype1346,1
p69,clonotype1347,2
p69,clonotype1348,2
p69,clonotype1349,3
p69,clonotype135,3
p69,clonotype1352,2
p69,clonotype1353,3
p69,clonotype1354,1
p69,clonotype1355,1
p69,clonotype1356,1
p69,clonotype1357,2
p69,clonotype1358,2
p69,clonotype1359,1
p69,clonotype136,5
p69,clonotype1360,1
p69,clonotype1361,2
p69,clonotype1362,3
p69,clonotype1363,2
p69,clonotype1364,1
p69,clonotype1365,1
p69,clonotype1366,2
p69,clonotype1367,4
p69,clonotype1368,2
p69,clonotype1369,1
p69,clonotype137,4
p69,clonotype1370,3
p69,clonotype1371,2
p69,clonotype1372,1
p69,clonotype1373,3
p69,clonotype1374,2
p69,clonotype1375,3
p69,clonotype1376,3
p69,clonotype1377,2
p69,clonotype1378,2
p69,clonotype1379,1
p69,clonotype138,5
p69,clonotype1380,2
p69,clonotype1381,2
p69,clonotype1382,2
p69,clonotype1383,2
p69,clonotype1384,1
p69,clonotype1385,1
p69,clonotype1386,2
p69,clonotype1387,3
p69,clonotype1389,2
p69,clonotype139,5
p69,clonotype1390,2
p69,clonotype1391,2
p69,clonotype1392,1
p69,clonotype1393,2
p69,clonotype1394,2
p69,clonotype1395,2
p69,clonotype1396,2
p69,clonotype1397,2
p69,clonotype1398,1
p69,clonotype1399,1
p69,clonotype14,4
p69,clonotype140,4
p69,clonotype1400,1
p69,clonotype1401,1
p69,clonotype1402,1
p69,clonotype1403,2
p69,clonotype1404,2
p69,clonotype1405,3
p69,clonotype1406,1
p69,clonotype1407,2
p69,clonotype1408,3
p69,clonotype1409,2
p69,clonotype141,4
p69,clonotype1410,1
p69,clonotype1411,2
p69,clonotype1412,3
p69,clonotype1413,1
p69,clonotype1414,2
p69,clonotype1415,2
p69,clonotype1416,2
p69,clonotype1417,3
p69,clonotype1418,2
p69,clonotype1419,3
p69,clonotype142,3
p69,clonotype1420,2
p69,clonotype1421,1
p69,clonotype1422,1
p69,clonotype1423,2
p69,clonotype1424,2
p69,clonotype1425,1
p69,clonotype1426,1
p69,clonotype1427,2
p69,clonotype1428,2
p69,clonotype1429,3
p69,clonotype143,5
p69,clonotype1430,2
p69,clonotype1431,2
p69,clonotype1432,2
p69,clonotype1433,1
p69,clonotype1434,2
p69,clonotype1435,2
p69,clonotype1436,1
p69,clonotype1437,1
p69,clonotype1438,3
p69,clonotype1439,3
p69,clonotype144,4
p69,clonotype1440,3
p69,clonotype1441,4
p69,clonotype1442,2
p69,clonotype1443,2
p69,clonotype1444,2
p69,clonotype1445,1
p69,clonotype1446,1
p69,clonotype1447,3
p69,clonotype1449,2
p69,clonotype145,2
p69,clonotype1451,2
p69,clonotype1452,1
p69,clonotype1453,1
p69,clonotype1454,1
p69,clonotype1455,1
p69,clonotype1458,1
p69,clonotype1459,1
p69,clonotype146,2
p69,clonotype1460,1
p69,clonotype1461,2
p69,clonotype1462,1
p69,clonotype1463,1
p69,clonotype1464,1
p69,clonotype1465,1
p69,clonotype1466,2
p69,clonotype1467,2
p69,clonotype1468,1
p69,clonotype1469,1
p69,clonotype147,2
p69,clonotype1470,1
p69,clonotype1471,1
p69,clonotype1472,2
p69,clonotype1473,3
p69,clonotype1475,1
p69,clonotype1478,1
p69,clonotype1479,2
p69,clonotype148,3
p69,clonotype1480,3
p69,clonotype1481,4
p69,clonotype1482,2
p69,clonotype1483,3
p69,clonotype1484,2
p69,clonotype1485,3
p69,clonotype1486,1
p69,clonotype1487,3
p69,clonotype1488,2
p69,clonotype1489,1
p69,clonotype149,3
p69,clonotype1490,3
p69,clonotype1491,2
p69,clonotype1492,2
p69,clonotype1493,2
p69,clonotype1494,2
p69,clonotype1495,3
p69,clonotype1496,2
p69,clonotype1497,3
p69,clonotype1498,1
p69,clonotype1499,1
p69,clonotype15,3
p69,clonotype150,4
p69,clonotype1500,2
p69,clonotype1501,2
p69,clonotype1502,2
p69,clonotype1503,2
p69,clonotype1504,2
p69,clonotype1505,1
p69,clonotype1506,2
p69,clonotype1507,3
p69,clonotype1508,2
p69,clonotype1509,2
p69,clonotype151,5
p69,clonotype1510,1
p69,clonotype1511,2
p69,clonotype1512,3
p69,clonotype1513,3
p69,clonotype1514,2
p69,clonotype1515,4
p69,clonotype1516,2
p69,clonotype1517,3
p69,clonotype1518,3
p69,clonotype1519,3
p69,clonotype152,5
p69,clonotype1520,1
p69,clonotype1521,4
p69,clonotype1522,1
p69,clonotype1523,3
p69,clonotype1524,3
p69,clonotype1525,1
p69,clonotype1526,3
p69,clonotype1527,2
p69,clonotype1529,3
p69,clonotype153,2
p69,clonotype1530,3
p69,clonotype1531,3
p69,clonotype1532,2
p69,clonotype1533,3
p69,clonotype1534,3
p69,clonotype1535,1
p69,clonotype1536,1
p69,clonotype1537,1
p69,clonotype1538,2
p69,clonotype1539,2
p69,clonotype154,6
p69,clonotype1540,2
p69,clonotype1541,4
p69,clonotype1542,3
p69,clonotype1543,2
p69,clonotype1544,2
p69,clonotype1545,3
p69,clonotype1546,4
p69,clonotype1547,3
p69,clonotype1548,1
p69,clonotype1549,2
p69,clonotype155,3
p69,clonotype1550,3
p69,clonotype1551,1
p69,clonotype1552,2
p69,clonotype1553,2
p69,clonotype1554,2
p69,clonotype1555,3
p69,clonotype1556,3
p69,clonotype1557,2
p69,clonotype1558,2
p69,clonotype1559,3
p69,clonotype156,4
p69,clonotype1560,4
p69,clonotype1561,5
p69,clonotype1562,3
p69,clonotype1563,1
p69,clonotype1564,2
p69,clonotype1565,3
p69,clonotype1566,3
p69,clonotype1567,3
p69,clonotype1568,2
p69,clonotype1569,3
p69,clonotype157,3
p69,clonotype1570,3
p69,clonotype1571,2
p69,clonotype1572,4
p69,clonotype1573,4
p69,clonotype1574,1
p69,clonotype1575,4
p69,clonotype1576,2
p69,clonotype1577,3
p69,clonotype1578,2
p69,clonotype1579,4
p69,clonotype158,4
p69,clonotype1580,2
p69,clonotype1581,3
p69,clonotype1582,2
p69,clonotype1583,2
p69,clonotype1584,3
p69,clonotype1585,3
p69,clonotype1586,3
p69,clonotype1587,4
p69,clonotype1588,3
p69,clonotype1589,3
p69,clonotype159,5
p69,clonotype1590,4
p69,clonotype1591,2
p69,clonotype1592,1
p69,clonotype1593,1
p69,clonotype1594,5
p69,clonotype1595,2
p69,clonotype1596,2
p69,clonotype1597,3
p69,clonotype1598,2
p69,clonotype1599,1
p69,clonotype16,5
p69,clonotype160,3
p69,clonotype1600,3
p69,clonotype1601,4
p69,clonotype1602,2
p69,clonotype1603,3
p69,clonotype1604,3
p69,clonotype1605,2
p69,clonotype1606,3
p69,clonotype1607,2
p69,clonotype1608,3
p69,clonotype1609,3
p69,clonotype161,3
p69,clonotype1610,3
p69,clonotype1611,2
p69,clonotype1612,2
p69,clonotype1613,3
p69,clonotype1614,3
p69,clonotype1615,1
p69,clonotype1616,2
p69,clonotype1617,3
p69,clonotype1618,1
p69,clonotype1619,3
p69,clonotype162,3
p69,clonotype1620,3
p69,clonotype1621,3
p69,clonotype1622,4
p69,clonotype1623,1
p69,clonotype1624,3
p69,clonotype1625,2
p69,clonotype1626,3
p69,clonotype1627,3
p69,clonotype1628,3
p69,clonotype1629,4
p69,clonotype163,3
p69,clonotype1630,3
p69,clonotype1631,2
p69,clonotype1632,3
p69,clonotype1633,1
p69,clonotype1635,3
p69,clonotype1636,3
p69,clonotype1637,3
p69,clonotype1639,2
p69,clonotype164,1
p69,clonotype1640,3
p69,clonotype1641,3
p69,clonotype1642,3
p69,clonotype1643,4
p69,clonotype1644,2
p69,clonotype1645,1
p69,clonotype1646,3
p69,clonotype1647,3
p69,clonotype1648,1
p69,clonotype1649,3
p69,clonotype165,2
p69,clonotype1650,3
p69,clonotype1651,3
p69,clonotype1652,2
p69,clonotype1653,1
p69,clonotype1654,3
p69,clonotype1655,3
p69,clonotype1656,2
p69,clonotype1657,3
p69,clonotype1658,2
p69,clonotype1659,1
p69,clonotype166,6
p69,clonotype1660,3
p69,clonotype1661,2
p69,clonotype1662,3
p69,clonotype1663,2
p69,clonotype1664,2
p69,clonotype1665,3
p69,clonotype1666,4
p69,clonotype1667,3
p69,clonotype1668,3
p69,clonotype1669,2
p69,clonotype167,4
p69,clonotype1670,3
p69,clonotype1671,2
p69,clonotype1672,1
p69,clonotype1673,3
p69,clonotype1674,3
p69,clonotype1675,3
p69,clonotype1676,3
p69,clonotype1677,3
p69,clonotype1678,1
p69,clonotype1679,4
p69,clonotype168,5
p69,clonotype1680,3
p69,clonotype1681,4
p69,clonotype1682,4
p69,clonotype1683,3
p69,clonotype1684,3
p69,clonotype1685,3
p69,clonotype1686,2
p69,clonotype1687,3
p69,clonotype1688,2
p69,clonotype1689,2
p69,clonotype169,5
p69,clonotype1690,3
p69,clonotype1691,2
p69,clonotype1692,2
p69,clonotype1693,2
p69,clonotype1694,2
p69,clonotype1695,3
p69,clonotype1696,3
p69,clonotype1697,3
p69,clonotype1698,3
p69,clonotype1699,1
p69,clonotype17,4
p69,clonotype170,3
p69,clonotype1700,2
p69,clonotype1701,3
p69,clonotype1702,3
p69,clonotype1703,2
p69,clonotype1704,5
p69,clonotype1705,3
p69,clonotype1706,3
p69,clonotype1707,3
p69,clonotype1708,2
p69,clonotype1709,3
p69,clonotype171,4
p69,clonotype1710,2
p69,clonotype1711,2
p69,clonotype1712,3
p69,clonotype1713,2
p69,clonotype1714,2
p69,clonotype1715,2
p69,clonotype1716,3
p69,clonotype1717,2
p69,clonotype1718,2
p69,clonotype1719,1
p69,clonotype172,4
p69,clonotype1720,1
p69,clonotype1721,2
p69,clonotype1722,1
p69,clonotype1723,2
p69,clonotype1724,2
p69,clonotype1725,2
p69,clonotype1726,1
p69,clonotype1727,2
p69,clonotype1728,1
p69,clonotype1729,2
p69,clonotype173,4
p69,clonotype1730,2
p69,clonotype1731,2
p69,clonotype1732,2
p69,clonotype1733,2
p69,clonotype1734,2
p69,clonotype1735,1
p69,clonotype1736,2
p69,clonotype1737,1
p69,clonotype1738,2
p69,clonotype1739,2
p69,clonotype174,4
p69,clonotype1740,2
p69,clonotype1741,2
p69,clonotype1743,2
p69,clonotype1744,1
p69,clonotype1745,2
p69,clonotype1746,2
p69,clonotype1747,3
p69,clonotype1748,2
p69,clonotype1749,2
p69,clonotype175,4
p69,clonotype1751,2
p69,clonotype1752,2
p69,clonotype1753,2
p69,clonotype1754,2
p69,clonotype1755,2
p69,clonotype1756,1
p69,clonotype1757,3
p69,clonotype1758,2
p69,clonotype1759,1
p69,clonotype176,3
p69,clonotype1760,2
p69,clonotype1761,3
p69,clonotype1762,3
p69,clonotype1763,2
p69,clonotype1764,2
p69,clonotype1765,2
p69,clonotype1766,2
p69,clonotype1767,2
p69,clonotype1768,2
p69,clonotype1769,2
p69,clonotype177,2
p69,clonotype1770,2
p69,clonotype1771,2
p69,clonotype1772,2
p69,clonotype1773,2
p69,clonotype1774,2
p69,clonotype1775,1
p69,clonotype1776,2
p69,clonotype1777,1
p69,clonotype1778,2
p69,clonotype1779,2
p69,clonotype178,4
p69,clonotype1780,2
p69,clonotype1781,3
p69,clonotype1782,1
p69,clonotype1783,1
p69,clonotype1784,1
p69,clonotype1785,2
p69,clonotype1786,3
p69,clonotype1787,2
p69,clonotype1788,1
p69,clonotype1789,1
p69,clonotype179,2
p69,clonotype1790,1
p69,clonotype1791,1
p69,clonotype1792,3
p69,clonotype1793,2
p69,clonotype1794,2
p69,clonotype1795,2
p69,clonotype1796,1
p69,clonotype1797,2
p69,clonotype1798,2
p69,clonotype1799,3
p69,clonotype18,4
p69,clonotype180,4
p69,clonotype1800,1
p69,clonotype1801,1
p69,clonotype1802,1
p69,clonotype1803,2
p69,clonotype1804,1
p69,clonotype1805,2
p69,clonotype1806,2
p69,clonotype1807,2
p69,clonotype1808,1
p69,clonotype1809,3
p69,clonotype181,3
p69,clonotype1810,2
p69,clonotype1811,2
p69,clonotype1812,3
p69,clonotype1813,2
p69,clonotype1814,3
p69,clonotype1815,2
p69,clonotype1816,2
p69,clonotype1817,2
p69,clonotype1818,2
p69,clonotype1819,2
p69,clonotype182,4
p69,clonotype1820,1
p69,clonotype1821,1
p69,clonotype1822,2
p69,clonotype1823,1
p69,clonotype1824,1
p69,clonotype1825,2
p69,clonotype1826,1
p69,clonotype1827,1
p69,clonotype1828,1
p69,clonotype1829,1
p69,clonotype183,3
p69,clonotype1830,1
p69,clonotype1831,1
p69,clonotype1832,1
p69,clonotype1833,2
p69,clonotype1834,1
p69,clonotype1835,2
p69,clonotype1836,2
p69,clonotype1837,2
p69,clonotype1838,3
p69,clonotype1839,2
p69,clonotype184,6
p69,clonotype1840,4
p69,clonotype1841,2
p69,clonotype1842,2
p69,clonotype1843,2
p69,clonotype1844,3
p69,clonotype1845,1
p69,clonotype1846,1
p69,clonotype1847,2
p69,clonotype1848,2
p69,clonotype1849,2
p69,clonotype185,5
p69,clonotype1850,2
p69,clonotype1851,2
p69,clonotype1852,2
p69,clonotype1853,3
p69,clonotype1854,2
p69,clonotype1855,2
p69,clonotype1856,2
p69,clonotype1857,3
p69,clonotype1858,3
p69,clonotype1859,3
p69,clonotype186,3
p69,clonotype1860,1
p69,clonotype1861,2
p69,clonotype1862,2
p69,clonotype1863,3
p69,clonotype1864,4
p69,clonotype1865,3
p69,clonotype1866,3
p69,clonotype1867,2
p69,clonotype1869,1
p69,clonotype187,6
p69,clonotype1870,2
p69,clonotype1871,2
p69,clonotype1872,2
p69,clonotype1873,1
p69,clonotype1874,2
p69,clonotype1875,2
p69,clonotype1877,3
p69,clonotype1879,2
p69,clonotype188,3
p69,clonotype1880,2
p69,clonotype1881,2
p69,clonotype1882,2
p69,clonotype1883,3
p69,clonotype1884,1
p69,clonotype1885,1
p69,clonotype1886,2
p69,clonotype1887,1
p69,clonotype1888,2
p69,clonotype1889,1
p69,clonotype189,4
p69,clonotype1890,1
p69,clonotype1891,3
p69,clonotype1892,3
p69,clonotype1893,1
p69,clonotype1894,3
p69,clonotype1895,1
p69,clonotype1896,1
p69,clonotype1897,1
p69,clonotype1898,1
p69,clonotype1899,1
p69,clonotype19,4
p69,clonotype190,3
p69,clonotype1900,1
p69,clonotype1901,2
p69,clonotype1902,3
p69,clonotype1903,2
p69,clonotype1904,2
p69,clonotype1905,2
p69,clonotype1906,1
p69,clonotype1908,2
p69,clonotype1909,2
p69,clonotype191,3
p69,clonotype1910,2
p69,clonotype1911,1
p69,clonotype1912,3
p69,clonotype1913,1
p69,clonotype1914,2
p69,clonotype1916,2
p69,clonotype1917,3
p69,clonotype1918,2
p69,clonotype1919,2
p69,clonotype192,4
p69,clonotype1920,1
p69,clonotype1921,2
p69,clonotype1922,2
p69,clonotype1923,1
p69,clonotype1924,1
p69,clonotype1925,3
p69,clonotype1926,2
p69,clonotype1927,3
p69,clonotype1929,2
p69,clonotype193,2
p69,clonotype1930,3
p69,clonotype1931,2
p69,clonotype1932,1
p69,clonotype1933,2
p69,clonotype1934,2
p69,clonotype1935,2
p69,clonotype1936,1
p69,clonotype1937,1
p69,clonotype1938,2
p69,clonotype1939,3
p69,clonotype194,4
p69,clonotype1940,3
p69,clonotype1941,3
p69,clonotype1942,2
p69,clonotype1943,2
p69,clonotype1944,3
p69,clonotype1945,2
p69,clonotype1946,2
p69,clonotype1947,1
p69,clonotype1948,1
p69,clonotype1949,2
p69,clonotype195,4
p69,clonotype1950,2
p69,clonotype1951,2
p69,clonotype1952,1
p69,clonotype1953,2
p69,clonotype1954,1
p69,clonotype1955,2
p69,clonotype1956,2
p69,clonotype1957,3
p69,clonotype1958,3
p69,clonotype1959,2
p69,clonotype196,4
p69,clonotype1960,2
p69,clonotype1961,3
p69,clonotype1962,1
p69,clonotype1963,3
p69,clonotype1964,3
p69,clonotype1965,3
p69,clonotype1966,1
p69,clonotype1967,3
p69,clonotype1968,2
p69,clonotype1969,1
p69,clonotype197,4
p69,clonotype1970,1
p69,clonotype1971,1
p69,clonotype1972,2
p69,clonotype1973,2
p69,clonotype1974,2
p69,clonotype1975,2
p69,clonotype1976,2
p69,clonotype1977,2
p69,clonotype1978,2
p69,clonotype1979,1
p69,clonotype198,4
p69,clonotype1980,2
p69,clonotype1981,2
p69,clonotype1982,2
p69,clonotype1983,1
p69,clonotype1984,2
p69,clonotype1985,3
p69,clonotype1986,1
p69,clonotype1987,1
p69,clonotype1988,2
p69,clonotype1989,2
p69,clonotype199,4
p69,clonotype1990,1
p69,clonotype1991,4
p69,clonotype1992,1
p69,clonotype1993,3
p69,clonotype1994,3
p69,clonotype1995,3
p69,clonotype1996,2
p69,clonotype1997,2
p69,clonotype1998,1
p69,clonotype1999,3
p69,clonotype2,2
p69,clonotype20,5
p69,clonotype200,2
p69,clonotype2000,1
p69,clonotype2001,2
p69,clonotype2002,1
p69,clonotype2003,2
p69,clonotype2004,2
p69,clonotype2005,1
p69,clonotype2006,2
p69,clonotype2007,4
p69,clonotype2008,1
p69,clonotype2009,2
p69,clonotype201,2
p69,clonotype2010,1
p69,clonotype2011,2
p69,clonotype2012,2
p69,clonotype2013,2
p69,clonotype2014,1
p69,clonotype2015,1
p69,clonotype2016,2
p69,clonotype2017,2
p69,clonotype2018,2
p69,clonotype2019,2
p69,clonotype202,3
p69,clonotype2020,4
p69,clonotype2021,2
p69,clonotype2022,2
p69,clonotype2023,2
p69,clonotype2024,1
p69,clonotype2025,1
p69,clonotype2027,3
p69,clonotype2028,2
p69,clonotype2029,3
p69,clonotype203,4
p69,clonotype2031,2
p69,clonotype2032,2
p69,clonotype2033,4
p69,clonotype2034,4
p69,clonotype2035,5
p69,clonotype2036,1
p69,clonotype2037,3
p69,clonotype2038,2
p69,clonotype2039,1
p69,clonotype204,4
p69,clonotype2040,1
p69,clonotype2041,2
p69,clonotype2042,1
p69,clonotype2043,3
p69,clonotype2044,2
p69,clonotype2045,2
p69,clonotype2046,2
p69,clonotype2047,1
p69,clonotype2048,1
p69,clonotype2049,2
p69,clonotype205,4
p69,clonotype2050,2
p69,clonotype2051,1
p69,clonotype2052,2
p69,clonotype2053,3
p69,clonotype2054,1
p69,clonotype2055,2
p69,clonotype2056,3
p69,clonotype2057,3
p69,clonotype2058,3
p69,clonotype2059,2
p69,clonotype206,3
p69,clonotype2060,1
p69,clonotype2061,3
p69,clonotype2062,1
p69,clonotype2063,3
p69,clonotype2064,3
p69,clonotype2065,2
p69,clonotype2066,1
p69,clonotype2067,2
p69,clonotype2068,4
p69,clonotype2069,1
p69,clonotype207,2
p69,clonotype2070,3
p69,clonotype2071,2
p69,clonotype2072,2
p69,clonotype2073,2
p69,clonotype2074,3
p69,clonotype2075,2
p69,clonotype2077,2
p69,clonotype2078,1
p69,clonotype2079,4
p69,clonotype208,3
p69,clonotype2080,3
p69,clonotype2081,2
p69,clonotype2082,3
p69,clonotype2083,3
p69,clonotype2084,3
p69,clonotype2085,3
p69,clonotype2086,1
p69,clonotype2087,1
p69,clonotype2088,2
p69,clonotype2089,2
p69,clonotype209,3
p69,clonotype2090,1
p69,clonotype2091,1
p69,clonotype2092,1
p69,clonotype2093,5
p69,clonotype2094,2
p69,clonotype2095,3
p69,clonotype2096,2
p69,clonotype2097,3
p69,clonotype2098,1
p69,clonotype2099,4
p69,clonotype21,6
p69,clonotype210,3
p69,clonotype2100,2
p69,clonotype2102,1
p69,clonotype2104,1
p69,clonotype2105,1
p69,clonotype2106,2
p69,clonotype2107,2
p69,clonotype2108,2
p69,clonotype2109,3
p69,clonotype211,4
p69,clonotype2110,1
p69,clonotype2111,3
p69,clonotype2112,2
p69,clonotype2113,3
p69,clonotype2114,3
p69,clonotype2115,2
p69,clonotype2116,1
p69,clonotype2117,1
p69,clonotype2118,2
p69,clonotype2119,1
p69,clonotype212,3
p69,clonotype2120,3
p69,clonotype2121,1
p69,clonotype2122,2
p69,clonotype2123,1
p69,clonotype2124,2
p69,clonotype2125,2
p69,clonotype2126,2
p69,clonotype2127,1
p69,clonotype2129,1
p69,clonotype213,4
p69,clonotype2130,2
p69,clonotype2131,1
p69,clonotype2132,4
p69,clonotype2133,3
p69,clonotype2134,2
p69,clonotype2135,2
p69,clonotype2136,3
p69,clonotype2137,2
p69,clonotype2138,2
p69,clonotype2139,2
p69,clonotype214,3
p69,clonotype2140,2
p69,clonotype2141,2
p69,clonotype2142,2
p69,clonotype2143,2
p69,clonotype2144,1
p69,clonotype2145,3
p69,clonotype2146,1
p69,clonotype2147,2
p69,clonotype2148,3
p69,clonotype2149,2
p69,clonotype215,4
p69,clonotype2150,2
p69,clonotype2151,2
p69,clonotype2152,2
p69,clonotype2153,1
p69,clonotype2154,1
p69,clonotype2155,3
p69,clonotype2156,4
p69,clonotype2157,1
p69,clonotype2158,4
p69,clonotype2159,1
p69,clonotype216,5
p69,clonotype2160,4
p69,clonotype2161,3
p69,clonotype2162,1
p69,clonotype2163,1
p69,clonotype2164,2
p69,clonotype2165,1
p69,clonotype2166,2
p69,clonotype2167,1
p69,clonotype2168,3
p69,clonotype2169,2
p69,clonotype217,4
p69,clonotype2170,2
p69,clonotype2171,2
p69,clonotype2172,1
p69,clonotype2173,1
p69,clonotype2174,3
p69,clonotype2175,3
p69,clonotype2176,2
p69,clonotype2177,1
p69,clonotype2178,2
p69,clonotype2179,1
p69,clonotype218,4
p69,clonotype2180,3
p69,clonotype2182,2
p69,clonotype2183,2
p69,clonotype2184,2
p69,clonotype2185,2
p69,clonotype2186,2
p69,clonotype2187,2
p69,clonotype2188,1
p69,clonotype2189,3
p69,clonotype219,4
p69,clonotype2190,2
p69,clonotype2191,2
p69,clonotype2192,1
p69,clonotype2193,1
p69,clonotype2194,1
p69,clonotype2195,4
p69,clonotype2196,2
p69,clonotype2197,2
p69,clonotype2198,1
p69,clonotype2199,1
p69,clonotype22,2
p69,clonotype220,6
p69,clonotype2200,1
p69,clonotype2201,4
p69,clonotype2202,2
p69,clonotype2204,2
p69,clonotype2205,1
p69,clonotype2206,1
p69,clonotype2207,2
p69,clonotype2208,2
p69,clonotype2209,2
p69,clonotype221,4
p69,clonotype2210,2
p69,clonotype2211,3
p69,clonotype2212,3
p69,clonotype2213,3
p69,clonotype2214,1
p69,clonotype2215,3
p69,clonotype2216,2
p69,clonotype2217,2
p69,clonotype2218,5
p69,clonotype2219,1
p69,clonotype222,6
p69,clonotype2220,3
p69,clonotype2221,3
p69,clonotype2222,3
p69,clonotype2223,4
p69,clonotype2224,4
p69,clonotype2225,3
p69,clonotype2226,5
p69,clonotype2227,3
p69,clonotype2228,4
p69,clonotype2229,4
p69,clonotype223,6
p69,clonotype2230,4
p69,clonotype2231,3
p69,clonotype2232,3
p69,clonotype2233,2
p69,clonotype2234,4
p69,clonotype2235,3
p69,clonotype2236,4
p69,clonotype2237,3
p69,clonotype2238,3
p69,clonotype2239,4
p69,clonotype224,2
p69,clonotype2240,2
p69,clonotype2241,2
p69,clonotype2242,4
p69,clonotype2243,2
p69,clonotype2244,3
p69,clonotype2245,2
p69,clonotype2246,2
p69,clonotype2247,3
p69,clonotype2248,3
p69,clonotype2249,4
p69,clonotype225,5
p69,clonotype2250,2
p69,clonotype2252,3
p69,clonotype2253,3
p69,clonotype2254,5
p69,clonotype2255,4
p69,clonotype2256,3
p69,clonotype2257,4
p69,clonotype2258,2
p69,clonotype2259,2
p69,clonotype226,4
p69,clonotype2260,2
p69,clonotype2261,4
p69,clonotype2262,3
p69,clonotype2263,5
p69,clonotype2264,1
p69,clonotype2265,3
p69,clonotype2266,3
p69,clonotype2267,1
p69,clonotype2268,4
p69,clonotype2269,3
p69,clonotype227,2
p69,clonotype2270,3
p69,clonotype2271,3
p69,clonotype2272,3
p69,clonotype2273,5
p69,clonotype2274,4
p69,clonotype2275,2
p69,clonotype2276,3
p69,clonotype2277,4
p69,clonotype2278,4
p69,clonotype2279,3
p69,clonotype228,4
p69,clonotype2280,3
p69,clonotype2281,2
p69,clonotype2282,3
p69,clonotype2283,2
p69,clonotype2284,2
p69,clonotype2285,2
p69,clonotype2286,2
p69,clonotype2287,2
p69,clonotype2288,3
p69,clonotype2289,4
p69,clonotype229,2
p69,clonotype2290,3
p69,clonotype2291,3
p69,clonotype2292,3
p69,clonotype2293,1
p69,clonotype2294,3
p69,clonotype2295,3
p69,clonotype2296,2
p69,clonotype2297,3
p69,clonotype2298,3
p69,clonotype2299,2
p69,clonotype23,6
p69,clonotype230,3
p69,clonotype2300,3
p69,clonotype2301,2
p69,clonotype2302,4
p69,clonotype2303,3
p69,clonotype2304,4
p69,clonotype2305,3
p69,clonotype2306,2
p69,clonotype2307,2
p69,clonotype2308,3
p69,clonotype2309,3
p69,clonotype231,4
p69,clonotype2310,2
p69,clonotype2311,3
p69,clonotype2312,2
p69,clonotype2313,4
p69,clonotype2314,3
p69,clonotype2315,3
p69,clonotype2316,4
p69,clonotype2317,2
p69,clonotype2318,2
p69,clonotype2319,4
p69,clonotype232,4
p69,clonotype2320,4
p69,clonotype2321,3
p69,clonotype2322,5
p69,clonotype2323,4
p69,clonotype2324,3
p69,clonotype2325,3
p69,clonotype2326,3
p69,clonotype2327,5
p69,clonotype2328,2
p69,clonotype2329,4
p69,clonotype233,6
p69,clonotype2330,2
p69,clonotype2331,3
p69,clonotype2332,4
p69,clonotype2333,3
p69,clonotype2334,1
p69,clonotype2335,1
p69,clonotype2336,2
p69,clonotype2337,2
p69,clonotype2338,2
p69,clonotype2339,4
p69,clonotype234,3
p69,clonotype2340,3
p69,clonotype2341,4
p69,clonotype2342,2
p69,clonotype2343,3
p69,clonotype2344,3
p69,clonotype2345,3
p69,clonotype2346,3
p69,clonotype2347,3
p69,clonotype2348,2
p69,clonotype2349,4
p69,clonotype235,4
p69,clonotype2350,3
p69,clonotype2351,3
p69,clonotype2352,3
p69,clonotype2353,3
p69,clonotype2354,4
p69,clonotype2355,3
p69,clonotype2356,3
p69,clonotype2357,3
p69,clonotype2358,4
p69,clonotype2359,4
p69,clonotype236,3
p69,clonotype2360,2
p69,clonotype2361,4
p69,clonotype2362,4
p69,clonotype2363,3
p69,clonotype2364,4
p69,clonotype2365,1
p69,clonotype2366,5
p69,clonotype2367,3
p69,clonotype2368,3
p69,clonotype2369,4
p69,clonotype237,3
p69,clonotype2370,1
p69,clonotype2371,4
p69,clonotype2372,3
p69,clonotype2373,4
p69,clonotype2374,2
p69,clonotype2375,2
p69,clonotype2376,5
p69,clonotype2377,3
p69,clonotype2378,2
p69,clonotype2379,3
p69,clonotype238,3
p69,clonotype2380,2
p69,clonotype2381,3
p69,clonotype2382,3
p69,clonotype2383,3
p69,clonotype2384,4
p69,clonotype2385,3
p69,clonotype2386,2
p69,clonotype2387,2
p69,clonotype2388,4
p69,clonotype2389,3
p69,clonotype239,4
p69,clonotype2390,3
p69,clonotype2391,3
p69,clonotype2392,2
p69,clonotype2393,3
p69,clonotype2394,4
p69,clonotype2395,1
p69,clonotype2396,3
p69,clonotype2397,3
p69,clonotype2398,3
p69,clonotype2399,3
p69,clonotype24,5
p69,clonotype240,4
p69,clonotype2400,4
p69,clonotype2401,2
p69,clonotype2402,3
p69,clonotype2403,4
p69,clonotype2404,3
p69,clonotype2405,4
p69,clonotype2406,2
p69,clonotype2407,3
p69,clonotype2408,3
p69,clonotype2409,3
p69,clonotype241,4
p69,clonotype2410,4
p69,clonotype2411,1
p69,clonotype2412,4
p69,clonotype2413,3
p69,clonotype2414,4
p69,clonotype2415,4
p69,clonotype2416,4
p69,clonotype2417,4
p69,clonotype2418,4
p69,clonotype2419,3
p69,clonotype242,4
p69,clonotype2420,3
p69,clonotype2421,2
p69,clonotype2422,3
p69,clonotype2423,3
p69,clonotype2424,4
p69,clonotype2425,3
p69,clonotype2426,3
p69,clonotype2427,3
p69,clonotype2428,3
p69,clonotype2429,4
p69,clonotype243,4
p69,clonotype2430,4
p69,clonotype2431,3
p69,clonotype2432,3
p69,clonotype2433,3
p69,clonotype2434,3
p69,clonotype2435,3
p69,clonotype2436,5
p69,clonotype2437,5
p69,clonotype2438,2
p69,clonotype2439,2
p69,clonotype244,4
p69,clonotype2440,3
p69,clonotype2441,2
p69,clonotype2442,3
p69,clonotype2443,3
p69,clonotype2444,3
p69,clonotype2445,3
p69,clonotype2446,3
p69,clonotype2447,2
p69,clonotype2448,3
p69,clonotype2449,2
p69,clonotype245,3
p69,clonotype2450,4
p69,clonotype2451,3
p69,clonotype2452,2
p69,clonotype2453,3
p69,clonotype2454,3
p69,clonotype2455,2
p69,clonotype2456,2
p69,clonotype2457,4
p69,clonotype2458,3
p69,clonotype2459,3
p69,clonotype246,3
p69,clonotype2460,3
p69,clonotype2461,5
p69,clonotype2462,3
p69,clonotype2463,2
p69,clonotype2464,3
p69,clonotype2465,3
p69,clonotype2466,4
p69,clonotype2467,2
p69,clonotype2468,3
p69,clonotype2469,3
p69,clonotype247,3
p69,clonotype2470,3
p69,clonotype2472,3
p69,clonotype2473,2
p69,clonotype2474,1
p69,clonotype2475,3
p69,clonotype2476,2
p69,clonotype2477,3
p69,clonotype2478,3
p69,clonotype2479,3
p69,clonotype248,3
p69,clonotype2480,4
p69,clonotype2481,3
p69,clonotype2482,2
p69,clonotype2483,4
p69,clonotype2484,4
p69,clonotype2485,2
p69,clonotype2486,3
p69,clonotype2487,3
p69,clonotype2488,3
p69,clonotype2489,2
p69,clonotype249,4
p69,clonotype2490,3
p69,clonotype2491,2
p69,clonotype2492,3
p69,clonotype2493,3
p69,clonotype2494,3
p69,clonotype2495,2
p69,clonotype2496,1
p69,clonotype2497,4
p69,clonotype2498,4
p69,clonotype2499,4
p69,clonotype25,3
p69,clonotype250,4
p69,clonotype2500,4
p69,clonotype2501,4
p69,clonotype2502,1
p69,clonotype2503,2
p69,clonotype2504,2
p69,clonotype2505,3
p69,clonotype2506,4
p69,clonotype2507,3
p69,clonotype2508,2
p69,clonotype2509,3
p69,clonotype251,4
p69,clonotype2510,2
p69,clonotype2511,4
p69,clonotype2512,3
p69,clonotype2513,3
p69,clonotype2514,2
p69,clonotype2515,2
p69,clonotype2516,3
p69,clonotype2517,3
p69,clonotype2518,3
p69,clonotype2519,4
p69,clonotype252,4
p69,clonotype2520,2
p69,clonotype2521,4
p69,clonotype2522,2
p69,clonotype2523,4
p69,clonotype2524,3
p69,clonotype2525,3
p69,clonotype2526,3
p69,clonotype2527,4
p69,clonotype2528,2
p69,clonotype2529,3
p69,clonotype253,3
p69,clonotype2530,3
p69,clonotype2531,3
p69,clonotype2532,3
p69,clonotype2533,3
p69,clonotype2534,2
p69,clonotype2535,3
p69,clonotype2536,2
p69,clonotype2537,4
p69,clonotype2538,4
p69,clonotype2539,2
p69,clonotype254,3
p69,clonotype2540,3
p69,clonotype2541,3
p69,clonotype2542,2
p69,clonotype2543,3
p69,clonotype2544,2
p69,clonotype2545,3
p69,clonotype2546,2
p69,clonotype2547,3
p69,clonotype2548,2
p69,clonotype2549,2
p69,clonotype255,3
p69,clonotype2550,2
p69,clonotype2551,1
p69,clonotype2552,2
p69,clonotype2553,3
p69,clonotype2554,2
p69,clonotype2555,2
p69,clonotype2556,2
p69,clonotype2557,1
p69,clonotype2558,3
p69,clonotype2559,2
p69,clonotype256,3
p69,clonotype2560,1
p69,clonotype2561,2
p69,clonotype2562,1
p69,clonotype2563,2
p69,clonotype2564,2
p69,clonotype2565,2
p69,clonotype2566,2
p69,clonotype2567,2
p69,clonotype2568,2
p69,clonotype2569,2
p69,clonotype257,2
p69,clonotype2570,1
p69,clonotype2571,2
p69,clonotype2572,2
p69,clonotype2573,2
p69,clonotype2574,1
p69,clonotype2575,2
p69,clonotype2576,2
p69,clonotype2577,1
p69,clonotype2578,1
p69,clonotype2579,2
p69,clonotype258,3
p69,clonotype2580,1
p69,clonotype2582,2
p69,clonotype2583,2
p69,clonotype2584,2
p69,clonotype2585,2
p69,clonotype2586,1
p69,clonotype2587,2
p69,clonotype2588,2
p69,clonotype2589,1
p69,clonotype259,4
p69,clonotype2590,2
p69,clonotype2591,2
p69,clonotype2592,2
p69,clonotype2593,2
p69,clonotype2594,2
p69,clonotype2595,2
p69,clonotype2596,2
p69,clonotype2597,2
p69,clonotype2598,2
p69,clonotype2599,1
p69,clonotype26,4
p69,clonotype260,3
p69,clonotype2600,2
p69,clonotype2601,1
p69,clonotype2602,2
p69,clonotype2603,2
p69,clonotype2604,2
p69,clonotype2605,2
p69,clonotype2606,1
p69,clonotype2607,2
p69,clonotype2608,2
p69,clonotype2609,2
p69,clonotype261,4
p69,clonotype2610,2
p69,clonotype2611,3
p69,clonotype2612,2
p69,clonotype2613,2
p69,clonotype2614,1
p69,clonotype2615,2
p69,clonotype2616,3
p69,clonotype2617,2
p69,clonotype2618,3
p69,clonotype2619,3
p69,clonotype262,3
p69,clonotype2620,3
p69,clonotype2621,3
p69,clonotype2622,2
p69,clonotype2623,3
p69,clonotype2624,3
p69,clonotype2625,3
p69,clonotype2626,3
p69,clonotype2627,3
p69,clonotype2628,3
p69,clonotype2629,3
p69,clonotype263,2
p69,clonotype2630,3
p69,clonotype2631,3
p69,clonotype2632,4
p69,clonotype2633,3
p69,clonotype2634,2
p69,clonotype2635,1
p69,clonotype2636,4
p69,clonotype2637,3
p69,clonotype2638,1
p69,clonotype2639,2
p69,clonotype264,4
p69,clonotype2640,3
p69,clonotype2641,4
p69,clonotype2642,3
p69,clonotype2643,2
p69,clonotype2644,3
p69,clonotype2645,2
p69,clonotype2646,3
p69,clonotype2647,3
p69,clonotype2648,3
p69,clonotype2649,3
p69,clonotype265,3
p69,clonotype2650,2
p69,clonotype2651,3
p69,clonotype2652,2
p69,clonotype2653,3
p69,clonotype2654,1
p69,clonotype2655,2
p69,clonotype2656,2
p69,clonotype2657,1
p69,clonotype2658,3
p69,clonotype2659,2
p69,clonotype266,4
p69,clonotype2660,2
p69,clonotype2661,2
p69,clonotype2662,2
p69,clonotype2663,2
p69,clonotype2664,2
p69,clonotype2665,2
p69,clonotype2666,2
p69,clonotype2667,2
p69,clonotype2668,2
p69,clonotype2669,1
p69,clonotype267,3
p69,clonotype2670,2
p69,clonotype2671,3
p69,clonotype2672,2
p69,clonotype2673,3
p69,clonotype2674,2
p69,clonotype2675,2
p69,clonotype2676,2
p69,clonotype2677,2
p69,clonotype2678,2
p69,clonotype2679,2
p69,clonotype268,2
p69,clonotype2680,2
p69,clonotype2681,2
p69,clonotype2682,3
p69,clonotype2683,1
p69,clonotype2684,1
p69,clonotype2685,1
p69,clonotype2686,1
p69,clonotype2687,1
p69,clonotype2688,1
p69,clonotype2689,1
p69,clonotype269,2
p69,clonotype2690,1
p69,clonotype2691,1
p69,clonotype2695,1
p69,clonotype2696,1
p69,clonotype2697,1
p69,clonotype2698,2
p69,clonotype2699,1
p69,clonotype27,5
p69,clonotype270,3
p69,clonotype2700,1
p69,clonotype2701,1
p69,clonotype2702,1
p69,clonotype2704,1
p69,clonotype2705,1
p69,clonotype2706,1
p69,clonotype2707,1
p69,clonotype2708,1
p69,clonotype2709,1
p69,clonotype271,4
p69,clonotype2711,1
p69,clonotype2712,1
p69,clonotype2714,1
p69,clonotype2715,3
p69,clonotype2716,1
p69,clonotype2717,1
p69,clonotype2719,1
p69,clonotype272,3
p69,clonotype2720,1
p69,clonotype2721,2
p69,clonotype2722,1
p69,clonotype2723,1
p69,clonotype2726,1
p69,clonotype2727,1
p69,clonotype2728,2
p69,clonotype2729,1
p69,clonotype273,5
p69,clonotype2730,1
p69,clonotype2731,2
p69,clonotype2732,2
p69,clonotype2733,1
p69,clonotype2735,1
p69,clonotype2737,1
p69,clonotype2738,2
p69,clonotype2739,1
p69,clonotype274,3
p69,clonotype2740,2
p69,clonotype2741,1
p69,clonotype2742,1
p69,clonotype2743,1
p69,clonotype2744,1
p69,clonotype2745,1
p69,clonotype2747,2
p69,clonotype2748,1
p69,clonotype275,4
p69,clonotype2750,1
p69,clonotype2751,2
p69,clonotype2752,1
p69,clonotype2753,1
p69,clonotype2754,2
p69,clonotype2755,2
p69,clonotype2757,1
p69,clonotype2758,1
p69,clonotype2759,1
p69,clonotype276,5
p69,clonotype2760,1
p69,clonotype2761,1
p69,clonotype2762,1
p69,clonotype2763,1
p69,clonotype2764,1
p69,clonotype2765,1
p69,clonotype2767,2
p69,clonotype2769,2
p69,clonotype277,5
p69,clonotype2770,1
p69,clonotype2771,1
p69,clonotype2772,1
p69,clonotype2773,1
p69,clonotype2774,1
p69,clonotype2776,2
p69,clonotype2777,1
p69,clonotype2778,1
p69,clonotype2779,2
p69,clonotype278,5
p69,clonotype2781,1
p69,clonotype2782,1
p69,clonotype2783,2
p69,clonotype2784,1
p69,clonotype2785,3
p69,clonotype2786,1
p69,clonotype2787,1
p69,clonotype2788,1
p69,clonotype2789,1
p69,clonotype279,4
p69,clonotype2790,1
p69,clonotype2792,2
p69,clonotype2793,2
p69,clonotype2794,1
p69,clonotype2795,1
p69,clonotype2796,1
p69,clonotype2798,1
p69,clonotype2799,3
p69,clonotype28,3
p69,clonotype280,6
p69,clonotype2800,2
p69,clonotype2801,1
p69,clonotype2802,2
p69,clonotype2803,1
p69,clonotype2804,2
p69,clonotype2805,1
p69,clonotype2806,2
p69,clonotype2808,1
p69,clonotype2809,2
p69,clonotype281,4
p69,clonotype2810,1
p69,clonotype2811,2
p69,clonotype2812,2
p69,clonotype2813,1
p69,clonotype2815,2
p69,clonotype2816,1
p69,clonotype2817,2
p69,clonotype2818,1
p69,clonotype2819,1
p69,clonotype282,3
p69,clonotype2820,1
p69,clonotype2821,1
p69,clonotype2822,1
p69,clonotype2823,2
p69,clonotype2824,2
p69,clonotype2825,1
p69,clonotype2826,1
p69,clonotype2827,1
p69,clonotype2828,2
p69,clonotype2829,1
p69,clonotype283,5
p69,clonotype2830,1
p69,clonotype2831,1
p69,clonotype2832,1
p69,clonotype2833,1
p69,clonotype2834,1
p69,clonotype2835,1
p69,clonotype2836,1
p69,clonotype2837,1
p69,clonotype2838,1
p69,clonotype2839,1
p69,clonotype284,3
p69,clonotype2840,1
p69,clonotype2841,1
p69,clonotype2842,2
p69,clonotype2843,2
p69,clonotype2844,3
p69,clonotype2845,2
p69,clonotype2846,3
p69,clonotype2847,3
p69,clonotype2848,2
p69,clonotype2849,2
p69,clonotype285,4
p69,clonotype2850,3
p69,clonotype2852,2
p69,clonotype2853,3
p69,clonotype2854,3
p69,clonotype2855,1
p69,clonotype2856,2
p69,clonotype2857,2
p69,clonotype2858,2
p69,clonotype2859,2
p69,clonotype286,4
p69,clonotype2860,4
p69,clonotype2861,2
p69,clonotype2862,3
p69,clonotype2863,2
p69,clonotype2864,2
p69,clonotype2865,3
p69,clonotype2866,3
p69,clonotype2867,2
p69,clonotype2868,2
p69,clonotype2869,3
p69,clonotype287,3
p69,clonotype2870,2
p69,clonotype2871,1
p69,clonotype2872,1
p69,clonotype2873,3
p69,clonotype2874,2
p69,clonotype2875,2
p69,clonotype2876,2
p69,clonotype2877,2
p69,clonotype2878,2
p69,clonotype2879,1
p69,clonotype288,4
p69,clonotype2880,1
p69,clonotype2881,2
p69,clonotype2882,1
p69,clonotype2883,3
p69,clonotype2884,2
p69,clonotype2885,2
p69,clonotype2886,2
p69,clonotype2887,1
p69,clonotype2889,2
p69,clonotype289,3
p69,clonotype2890,2
p69,clonotype2891,2
p69,clonotype2892,4
p69,clonotype2893,3
p69,clonotype2894,3
p69,clonotype2895,3
p69,clonotype2896,3
p69,clonotype2897,2
p69,clonotype2898,2
p69,clonotype2899,3
p69,clonotype29,6
p69,clonotype290,3
p69,clonotype2900,2
p69,clonotype2901,3
p69,clonotype2902,3
p69,clonotype2903,2
p69,clonotype2904,3
p69,clonotype2905,3
p69,clonotype2906,1
p69,clonotype2907,1
p69,clonotype2908,2
p69,clonotype2909,2
p69,clonotype291,4
p69,clonotype2910,2
p69,clonotype2911,3
p69,clonotype2912,2
p69,clonotype2913,3
p69,clonotype2914,3
p69,clonotype2915,1
p69,clonotype2916,3
p69,clonotype2917,1
p69,clonotype2918,2
p69,clonotype2919,3
p69,clonotype292,2
p69,clonotype2920,3
p69,clonotype2921,2
p69,clonotype2922,2
p69,clonotype2923,1
p69,clonotype2924,1
p69,clonotype2925,2
p69,clonotype2926,2
p69,clonotype2927,4
p69,clonotype2928,2
p69,clonotype2929,3
p69,clonotype293,2
p69,clonotype2930,2
p69,clonotype2931,1
p69,clonotype2932,3
p69,clonotype2933,2
p69,clonotype2934,2
p69,clonotype2935,3
p69,clonotype2936,3
p69,clonotype2937,4
p69,clonotype2938,1
p69,clonotype2939,2
p69,clonotype294,3
p69,clonotype2940,2
p69,clonotype2941,2
p69,clonotype2942,4
p69,clonotype2943,2
p69,clonotype2944,4
p69,clonotype2945,3
p69,clonotype2946,3
p69,clonotype2947,3
p69,clonotype2948,3
p69,clonotype2949,4
p69,clonotype295,1
p69,clonotype2950,4
p69,clonotype2951,2
p69,clonotype2952,3
p69,clonotype2953,4
p69,clonotype2954,4
p69,clonotype2955,3
p69,clonotype2956,3
p69,clonotype2957,3
p69,clonotype2958,2
p69,clonotype2959,5
p69,clonotype296,4
p69,clonotype2960,4
p69,clonotype2961,3
p69,clonotype2962,2
p69,clonotype2963,4
p69,clonotype2964,3
p69,clonotype2965,5
p69,clonotype2966,3
p69,clonotype2967,2
p69,clonotype2968,4
p69,clonotype2969,2
p69,clonotype297,3
p69,clonotype2970,3
p69,clonotype2971,3
p69,clonotype2972,4
p69,clonotype2973,3
p69,clonotype2974,3
p69,clonotype2975,3
p69,clonotype2976,3
p69,clonotype2977,4
p69,clonotype2978,2
p69,clonotype2979,2
p69,clonotype298,2
p69,clonotype2980,2
p69,clonotype2981,3
p69,clonotype2982,3
p69,clonotype2983,3
p69,clonotype2984,2
p69,clonotype2985,3
p69,clonotype2986,5
p69,clonotype2987,3
p69,clonotype2988,4
p69,clonotype2989,4
p69,clonotype299,4
p69,clonotype2990,4
p69,clonotype2991,2
p69,clonotype2992,3
p69,clonotype2993,3
p69,clonotype2994,4
p69,clonotype2995,5
p69,clonotype2996,3
p69,clonotype2997,4
p69,clonotype2998,4
p69,clonotype2999,2
p69,clonotype3,3
p69,clonotype30,5
p69,clonotype300,4
p69,clonotype3000,1
p69,clonotype3001,4
p69,clonotype3002,4
p69,clonotype3003,3
p69,clonotype3004,3
p69,clonotype3005,5
p69,clonotype3006,4
p69,clonotype3007,4
p69,clonotype3008,4
p69,clonotype3009,4
p69,clonotype301,4
p69,clonotype3010,3
p69,clonotype3011,3
p69,clonotype3012,2
p69,clonotype3013,2
p69,clonotype3014,2
p69,clonotype3015,3
p69,clonotype3016,4
p69,clonotype3017,4
p69,clonotype3018,3
p69,clonotype3019,2
p69,clonotype302,5
p69,clonotype3020,3
p69,clonotype3021,3
p69,clonotype3022,2
p69,clonotype3023,3
p69,clonotype3024,1
p69,clonotype3025,1
p69,clonotype3026,2
p69,clonotype3027,3
p69,clonotype3028,2
p69,clonotype3029,2
p69,clonotype303,4
p69,clonotype3030,3
p69,clonotype3031,3
p69,clonotype3032,4
p69,clonotype3033,3
p69,clonotype3034,2
p69,clonotype3035,2
p69,clonotype3036,2
p69,clonotype3037,1
p69,clonotype3038,2
p69,clonotype3039,1
p69,clonotype304,4
p69,clonotype3040,1
p69,clonotype3041,1
p69,clonotype3042,2
p69,clonotype3043,2
p69,clonotype3044,1
p69,clonotype3045,2
p69,clonotype3046,1
p69,clonotype3047,1
p69,clonotype3048,1
p69,clonotype3049,2
p69,clonotype305,4
p69,clonotype3050,1
p69,clonotype3051,2
p69,clonotype3052,3
p69,clonotype3053,3
p69,clonotype3054,2
p69,clonotype3055,1
p69,clonotype3056,1
p69,clonotype3057,1
p69,clonotype3058,2
p69,clonotype3059,1
p69,clonotype306,4
p69,clonotype3060,1
p69,clonotype3061,2
p69,clonotype3062,2
p69,clonotype3063,2
p69,clonotype3064,2
p69,clonotype3065,2
p69,clonotype3066,2
p69,clonotype3067,2
p69,clonotype3068,2
p69,clonotype3069,2
p69,clonotype307,5
p69,clonotype3070,2
p69,clonotype3071,2
p69,clonotype3073,2
p69,clonotype3074,4
p69,clonotype3075,2
p69,clonotype3076,2
p69,clonotype3077,2
p69,clonotype3078,1
p69,clonotype3079,3
p69,clonotype308,4
p69,clonotype3080,2
p69,clonotype3081,2
p69,clonotype3082,1
p69,clonotype3083,2
p69,clonotype3084,1
p69,clonotype3085,2
p69,clonotype3086,1
p69,clonotype3087,1
p69,clonotype3088,1
p69,clonotype3089,2
p69,clonotype309,3
p69,clonotype3090,1
p69,clonotype3091,2
p69,clonotype3092,1
p69,clonotype3093,3
p69,clonotype3095,1
p69,clonotype3096,1
p69,clonotype3097,2
p69,clonotype3098,1
p69,clonotype3099,2
p69,clonotype31,5
p69,clonotype310,3
p69,clonotype3101,1
p69,clonotype3102,2
p69,clonotype3103,1
p69,clonotype3105,1
p69,clonotype3106,1
p69,clonotype3107,1
p69,clonotype3108,1
p69,clonotype3109,2
p69,clonotype311,5
p69,clonotype3110,1
p69,clonotype3111,1
p69,clonotype3113,2
p69,clonotype3114,2
p69,clonotype3115,1
p69,clonotype3116,1
p69,clonotype3117,1
p69,clonotype3118,2
p69,clonotype3119,1
p69,clonotype312,3
p69,clonotype3120,1
p69,clonotype3122,2
p69,clonotype3123,1
p69,clonotype3124,2
p69,clonotype3125,2
p69,clonotype3126,1
p69,clonotype3127,2
p69,clonotype3128,3
p69,clonotype3129,2
p69,clonotype313,4
p69,clonotype3130,1
p69,clonotype3131,1
p69,clonotype3132,1
p69,clonotype3133,1
p69,clonotype3134,1
p69,clonotype3135,1
p69,clonotype3136,2
p69,clonotype3137,1
p69,clonotype3138,2
p69,clonotype3139,2
p69,clonotype314,4
p69,clonotype3140,2
p69,clonotype3141,1
p69,clonotype3142,1
p69,clonotype3143,1
p69,clonotype3144,2
p69,clonotype3145,2
p69,clonotype3146,2
p69,clonotype3147,2
p69,clonotype3148,2
p69,clonotype315,4
p69,clonotype3150,1
p69,clonotype3151,2
p69,clonotype3152,1
p69,clonotype3153,1
p69,clonotype3154,2
p69,clonotype3155,2
p69,clonotype3156,2
p69,clonotype3157,4
p69,clonotype3158,2
p69,clonotype3159,1
p69,clonotype316,4
p69,clonotype3160,2
p69,clonotype3161,2
p69,clonotype3162,1
p69,clonotype3163,2
p69,clonotype3164,3
p69,clonotype3165,2
p69,clonotype3166,1
p69,clonotype3167,2
p69,clonotype3168,2
p69,clonotype3169,2
p69,clonotype317,4
p69,clonotype3170,1
p69,clonotype3171,2
p69,clonotype3172,3
p69,clonotype3173,1
p69,clonotype3174,2
p69,clonotype3175,1
p69,clonotype3176,2
p69,clonotype3177,2
p69,clonotype3178,1
p69,clonotype3179,2
p69,clonotype318,3
p69,clonotype3180,2
p69,clonotype3181,2
p69,clonotype3182,1
p69,clonotype3183,2
p69,clonotype3185,5
p69,clonotype3186,2
p69,clonotype3187,2
p69,clonotype3188,2
p69,clonotype3189,3
p69,clonotype319,4
p69,clonotype3190,1
p69,clonotype3191,3
p69,clonotype3192,1
p69,clonotype3193,3
p69,clonotype3194,2
p69,clonotype3195,1
p69,clonotype3196,1
p69,clonotype3197,2
p69,clonotype3199,1
p69,clonotype32,3
p69,clonotype320,3
p69,clonotype3200,1
p69,clonotype3202,1
p69,clonotype3203,2
p69,clonotype3204,2
p69,clonotype3205,3
p69,clonotype3206,2
p69,clonotype3207,3
p69,clonotype3208,4
p69,clonotype3209,3
p69,clonotype321,3
p69,clonotype3211,2
p69,clonotype3212,1
p69,clonotype3213,2
p69,clonotype3214,3
p69,clonotype3215,2
p69,clonotype3217,2
p69,clonotype3218,3
p69,clonotype3219,2
p69,clonotype322,3
p69,clonotype3220,2
p69,clonotype3221,2
p69,clonotype3222,3
p69,clonotype3223,3
p69,clonotype3224,3
p69,clonotype3225,2
p69,clonotype3226,1
p69,clonotype3227,2
p69,clonotype3228,2
p69,clonotype3229,1
p69,clonotype323,4
p69,clonotype3230,1
p69,clonotype3231,1
p69,clonotype3232,3
p69,clonotype3233,2
p69,clonotype3234,2
p69,clonotype3235,2
p69,clonotype3236,1
p69,clonotype3237,1
p69,clonotype3238,1
p69,clonotype3239,3
p69,clonotype324,3
p69,clonotype3240,3
p69,clonotype3241,1
p69,clonotype3242,2
p69,clonotype3243,2
p69,clonotype3244,3
p69,clonotype3245,1
p69,clonotype3246,3
p69,clonotype3247,4
p69,clonotype3248,2
p69,clonotype3249,3
p69,clonotype325,4
p69,clonotype3250,2
p69,clonotype3251,3
p69,clonotype3252,2
p69,clonotype3253,3
p69,clonotype3254,4
p69,clonotype3255,2
p69,clonotype3256,2
p69,clonotype3257,4
p69,clonotype3258,4
p69,clonotype3259,3
p69,clonotype326,2
p69,clonotype3260,3
p69,clonotype3261,2
p69,clonotype3262,2
p69,clonotype3263,2
p69,clonotype3264,3
p69,clonotype3265,2
p69,clonotype3266,4
p69,clonotype3267,3
p69,clonotype3268,3
p69,clonotype3269,2
p69,clonotype327,2
p69,clonotype3270,1
p69,clonotype3271,2
p69,clonotype3272,5
p69,clonotype3273,3
p69,clonotype3274,2
p69,clonotype3275,2
p69,clonotype3276,3
p69,clonotype3277,3
p69,clonotype3278,4
p69,clonotype3279,2
p69,clonotype328,3
p69,clonotype3280,2
p69,clonotype3281,3
p69,clonotype3282,2
p69,clonotype3283,3
p69,clonotype3284,2
p69,clonotype3285,2
p69,clonotype3286,4
p69,clonotype3287,3
p69,clonotype3288,4
p69,clonotype3289,2
p69,clonotype329,1
p69,clonotype3290,4
p69,clonotype3291,2
p69,clonotype3292,1
p69,clonotype3293,2
p69,clonotype3294,3
p69,clonotype3295,3
p69,clonotype3296,3
p69,clonotype3297,2
p69,clonotype3298,2
p69,clonotype3299,2
p69,clonotype33,3
p69,clonotype330,1
p69,clonotype3300,4
p69,clonotype3301,1
p69,clonotype3302,5
p69,clonotype3303,2
p69,clonotype3304,3
p69,clonotype3305,3
p69,clonotype3306,4
p69,clonotype3307,1
p69,clonotype3308,3
p69,clonotype3309,2
p69,clonotype331,2
p69,clonotype3310,4
p69,clonotype3311,1
p69,clonotype3312,4
p69,clonotype3313,3
p69,clonotype3314,4
p69,clonotype3315,4
p69,clonotype3316,4
p69,clonotype3317,3
p69,clonotype3318,4
p69,clonotype3319,1
p69,clonotype332,1
p69,clonotype3320,4
p69,clonotype3321,5
p69,clonotype3322,2
p69,clonotype3323,3
p69,clonotype3324,5
p69,clonotype3325,2
p69,clonotype3326,5
p69,clonotype3327,3
p69,clonotype3328,3
p69,clonotype3329,3
p69,clonotype333,2
p69,clonotype3330,3
p69,clonotype3331,2
p69,clonotype3332,3
p69,clonotype3333,2
p69,clonotype3334,3
p69,clonotype3335,2
p69,clonotype3336,3
p69,clonotype3337,4
p69,clonotype3338,4
p69,clonotype3339,4
p69,clonotype334,2
p69,clonotype3340,3
p69,clonotype3341,4
p69,clonotype3342,4
p69,clonotype3343,4
p69,clonotype3344,4
p69,clonotype3345,5
p69,clonotype3346,4
p69,clonotype3347,4
p69,clonotype3348,4
p69,clonotype3349,4
p69,clonotype335,2
p69,clonotype3350,3
p69,clonotype3351,5
p69,clonotype3352,3
p69,clonotype3353,4
p69,clonotype3354,3
p69,clonotype3355,3
p69,clonotype3356,5
p69,clonotype3357,3
p69,clonotype3358,3
p69,clonotype3359,2
p69,clonotype336,2
p69,clonotype3360,5
p69,clonotype3361,4
p69,clonotype3362,4
p69,clonotype3363,4
p69,clonotype3364,3
p69,clonotype3365,5
p69,clonotype3366,4
p69,clonotype3367,5
p69,clonotype3368,3
p69,clonotype3369,4
p69,clonotype337,3
p69,clonotype3370,3
p69,clonotype3371,4
p69,clonotype3372,5
p69,clonotype3373,3
p69,clonotype3374,4
p69,clonotype3375,5
p69,clonotype3376,3
p69,clonotype3377,4
p69,clonotype3378,4
p69,clonotype3379,5
p69,clonotype338,3
p69,clonotype3380,4
p69,clonotype3381,3
p69,clonotype3382,3
p69,clonotype3383,3
p69,clonotype3384,4
p69,clonotype3385,3
p69,clonotype3386,3
p69,clonotype3387,3
p69,clonotype3388,3
p69,clonotype3389,3
p69,clonotype339,3
p69,clonotype3390,3
p69,clonotype3391,3
p69,clonotype3392,3
p69,clonotype3393,3
p69,clonotype3394,3
p69,clonotype3395,4
p69,clonotype3396,4
p69,clonotype3397,1
p69,clonotype3398,4
p69,clonotype3399,3
p69,clonotype34,5
p69,clonotype340,1
p69,clonotype3400,4
p69,clonotype3401,3
p69,clonotype3402,2
p69,clonotype3403,3
p69,clonotype3404,2
p69,clonotype3405,4
p69,clonotype3406,2
p69,clonotype3407,3
p69,clonotype3408,3
p69,clonotype3409,3
p69,clonotype341,3
p69,clonotype3410,4
p69,clonotype3411,2
p69,clonotype3412,3
p69,clonotype3413,3
p69,clonotype3414,2
p69,clonotype3415,3
p69,clonotype3416,4
p69,clonotype3417,3
p69,clonotype3418,3
p69,clonotype3419,2
p69,clonotype342,1
p69,clonotype3420,3
p69,clonotype3421,4
p69,clonotype3422,3
p69,clonotype3423,3
p69,clonotype3424,3
p69,clonotype3425,4
p69,clonotype3426,4
p69,clonotype3427,2
p69,clonotype3428,2
p69,clonotype3429,5
p69,clonotype343,4
p69,clonotype3430,2
p69,clonotype3431,3
p69,clonotype3432,3
p69,clonotype3433,3
p69,clonotype3434,1
p69,clonotype3435,3
p69,clonotype3436,4
p69,clonotype3437,4
p69,clonotype3438,3
p69,clonotype3439,2
p69,clonotype344,2
p69,clonotype3440,3
p69,clonotype3441,4
p69,clonotype3442,3
p69,clonotype3443,3
p69,clonotype3444,3
p69,clonotype3445,4
p69,clonotype3446,3
p69,clonotype3447,2
p69,clonotype3448,2
p69,clonotype3449,2
p69,clonotype345,2
p69,clonotype3450,2
p69,clonotype3451,2
p69,clonotype3452,4
p69,clonotype3453,4
p69,clonotype3454,3
p69,clonotype3455,3
p69,clonotype3456,3
p69,clonotype3457,4
p69,clonotype3458,4
p69,clonotype3459,2
p69,clonotype346,2
p69,clonotype3460,2
p69,clonotype3461,5
p69,clonotype3462,3
p69,clonotype3463,4
p69,clonotype3464,5
p69,clonotype3465,3
p69,clonotype3466,4
p69,clonotype3467,4
p69,clonotype3468,2
p69,clonotype3469,3
p69,clonotype347,3
p69,clonotype3470,5
p69,clonotype3471,4
p69,clonotype3472,6
p69,clonotype3473,4
p69,clonotype3474,4
p69,clonotype3475,5
p69,clonotype3476,4
p69,clonotype3477,3
p69,clonotype3478,5
p69,clonotype3479,3
p69,clonotype348,2
p69,clonotype3480,3
p69,clonotype3481,4
p69,clonotype3482,3
p69,clonotype3483,4
p69,clonotype3484,4
p69,clonotype3485,5
p69,clonotype3486,5
p69,clonotype3487,5
p69,clonotype3488,4
p69,clonotype3489,4
p69,clonotype349,3
p69,clonotype3490,2
p69,clonotype3491,3
p69,clonotype3492,5
p69,clonotype3493,2
p69,clonotype3494,3
p69,clonotype3495,5
p69,clonotype3496,5
p69,clonotype3497,4
p69,clonotype3498,3
p69,clonotype3499,3
p69,clonotype35,5
p69,clonotype350,4
p69,clonotype3500,4
p69,clonotype3501,5
p69,clonotype3502,3
p69,clonotype3503,4
p69,clonotype3504,3
p69,clonotype3505,4
p69,clonotype3506,5
p69,clonotype3507,4
p69,clonotype3508,4
p69,clonotype3509,4
p69,clonotype351,2
p69,clonotype3510,4
p69,clonotype3511,3
p69,clonotype3512,3
p69,clonotype3513,5
p69,clonotype3514,4
p69,clonotype3515,3
p69,clonotype3516,4
p69,clonotype3517,4
p69,clonotype3518,3
p69,clonotype3519,3
p69,clonotype352,2
p69,clonotype3520,4
p69,clonotype3521,4
p69,clonotype3522,3
p69,clonotype3523,2
p69,clonotype3524,2
p69,clonotype3525,3
p69,clonotype3526,3
p69,clonotype3527,1
p69,clonotype3528,4
p69,clonotype3529,3
p69,clonotype353,3
p69,clonotype3530,4
p69,clonotype3531,2
p69,clonotype3532,3
p69,clonotype3533,4
p69,clonotype3534,3
p69,clonotype3535,2
p69,clonotype3536,3
p69,clonotype3537,2
p69,clonotype3538,3
p69,clonotype3539,3
p69,clonotype354,3
p69,clonotype3540,3
p69,clonotype3541,3
p69,clonotype3542,1
p69,clonotype3543,3
p69,clonotype3544,3
p69,clonotype3545,5
p69,clonotype3546,3
p69,clonotype3547,4
p69,clonotype3548,1
p69,clonotype3549,3
p69,clonotype355,3
p69,clonotype3550,3
p69,clonotype3551,3
p69,clonotype3552,3
p69,clonotype3553,2
p69,clonotype3554,2
p69,clonotype3555,2
p69,clonotype3556,4
p69,clonotype3557,3
p69,clonotype3558,5
p69,clonotype3559,5
p69,clonotype356,3
p69,clonotype3560,2
p69,clonotype3561,4
p69,clonotype3562,4
p69,clonotype3563,4
p69,clonotype3564,6
p69,clonotype3565,3
p69,clonotype3566,4
p69,clonotype3567,5
p69,clonotype3568,2
p69,clonotype3569,5
p69,clonotype357,4
p69,clonotype3570,5
p69,clonotype3571,5
p69,clonotype3572,5
p69,clonotype3573,4
p69,clonotype3574,3
p69,clonotype3575,4
p69,clonotype3576,5
p69,clonotype3577,4
p69,clonotype3578,4
p69,clonotype3579,3
p69,clonotype358,2
p69,clonotype3580,3
p69,clonotype3581,4
p69,clonotype3582,4
p69,clonotype3583,3
p69,clonotype3584,3
p69,clonotype3585,4
p69,clonotype3586,4
p69,clonotype3587,5
p69,clonotype3588,4
p69,clonotype3589,3
p69,clonotype359,2
p69,clonotype3590,4
p69,clonotype3591,3
p69,clonotype3592,3
p69,clonotype3593,4
p69,clonotype3594,4
p69,clonotype3595,2
p69,clonotype3596,3
p69,clonotype3597,3
p69,clonotype3598,4
p69,clonotype3599,1
p69,clonotype36,3
p69,clonotype360,1
p69,clonotype3600,3
p69,clonotype3601,4
p69,clonotype3602,3
p69,clonotype3603,3
p69,clonotype3604,5
p69,clonotype3605,4
p69,clonotype3606,4
p69,clonotype3607,4
p69,clonotype3608,5
p69,clonotype3609,4
p69,clonotype361,3
p69,clonotype3610,4
p69,clonotype3611,3
p69,clonotype3612,4
p69,clonotype3613,4
p69,clonotype3614,4
p69,clonotype3615,3
p69,clonotype3616,4
p69,clonotype3617,3
p69,clonotype3618,2
p69,clonotype3619,2
p69,clonotype362,3
p69,clonotype3620,3
p69,clonotype3621,3
p69,clonotype3622,2
p69,clonotype3623,2
p69,clonotype3624,3
p69,clonotype3625,1
p69,clonotype3626,2
p69,clonotype3627,2
p69,clonotype3628,3
p69,clonotype3629,4
p69,clonotype363,3
p69,clonotype3630,2
p69,clonotype3631,3
p69,clonotype3632,4
p69,clonotype3633,1
p69,clonotype3634,2
p69,clonotype3635,2
p69,clonotype3636,2
p69,clonotype3637,2
p69,clonotype3638,2
p69,clonotype3639,2
p69,clonotype364,2
p69,clonotype3640,2
p69,clonotype3641,2
p69,clonotype3642,3
p69,clonotype3643,2
p69,clonotype3644,4
p69,clonotype3645,3
p69,clonotype3646,3
p69,clonotype3647,1
p69,clonotype3648,1
p69,clonotype3649,2
p69,clonotype365,2
p69,clonotype3650,1
p69,clonotype3652,3
p69,clonotype3653,2
p69,clonotype3654,2
p69,clonotype3655,1
p69,clonotype3656,2
p69,clonotype3657,1
p69,clonotype3658,3
p69,clonotype3660,1
p69,clonotype3661,1
p69,clonotype3662,2
p69,clonotype3663,1
p69,clonotype3664,2
p69,clonotype3665,2
p69,clonotype3666,2
p69,clonotype3667,2
p69,clonotype3668,2
p69,clonotype3669,2
p69,clonotype367,1
p69,clonotype3670,1
p69,clonotype3671,1
p69,clonotype3672,1
p69,clonotype3673,2
p69,clonotype3674,1
p69,clonotype3675,2
p69,clonotype3676,4
p69,clonotype3677,3
p69,clonotype3678,1
p69,clonotype3679,2
p69,clonotype368,2
p69,clonotype3680,1
p69,clonotype3681,1
p69,clonotype3682,2
p69,clonotype3683,1
p69,clonotype3684,3
p69,clonotype3686,1
p69,clonotype3688,1
p69,clonotype3689,1
p69,clonotype369,2
p69,clonotype3690,2
p69,clonotype3691,1
p69,clonotype3692,1
p69,clonotype3693,2
p69,clonotype3694,2
p69,clonotype3695,1
p69,clonotype3696,1
p69,clonotype3697,1
p69,clonotype3698,1
p69,clonotype3699,1
p69,clonotype37,1
p69,clonotype370,3
p69,clonotype3700,1
p69,clonotype3701,1
p69,clonotype3702,1
p69,clonotype3703,1
p69,clonotype3704,1
p69,clonotype3705,1
p69,clonotype3706,1
p69,clonotype3707,1
p69,clonotype3709,1
p69,clonotype371,2
p69,clonotype3710,1
p69,clonotype3711,1
p69,clonotype3712,1
p69,clonotype3713,1
p69,clonotype3714,1
p69,clonotype3715,1
p69,clonotype3716,1
p69,clonotype3717,1
p69,clonotype3718,1
p69,clonotype3719,1
p69,clonotype372,2
p69,clonotype3720,1
p69,clonotype3721,1
p69,clonotype3722,1
p69,clonotype3723,1
p69,clonotype3724,1
p69,clonotype3725,1
p69,clonotype3726,1
p69,clonotype3727,1
p69,clonotype3728,1
p69,clonotype3729,1
p69,clonotype373,2
p69,clonotype3730,1
p69,clonotype3731,1
p69,clonotype3732,1
p69,clonotype3733,1
p69,clonotype3734,1
p69,clonotype3735,1
p69,clonotype3736,1
p69,clonotype3737,1
p69,clonotype3738,1
p69,clonotype3739,1
p69,clonotype374,2
p69,clonotype3740,1
p69,clonotype3741,1
p69,clonotype3742,1
p69,clonotype3743,1
p69,clonotype3745,1
p69,clonotype3746,1
p69,clonotype3747,1
p69,clonotype3748,1
p69,clonotype3749,1
p69,clonotype375,2
p69,clonotype3750,1
p69,clonotype3751,1
p69,clonotype3752,1
p69,clonotype3753,1
p69,clonotype3754,1
p69,clonotype3755,1
p69,clonotype3756,1
p69,clonotype3757,1
p69,clonotype3758,1
p69,clonotype3759,1
p69,clonotype376,3
p69,clonotype3760,1
p69,clonotype3761,1
p69,clonotype3762,1
p69,clonotype3763,1
p69,clonotype3767,1
p69,clonotype3768,1
p69,clonotype3769,1
p69,clonotype377,2
p69,clonotype3770,1
p69,clonotype3771,1
p69,clonotype3772,1
p69,clonotype3773,1
p69,clonotype3774,1
p69,clonotype3775,1
p69,clonotype3776,1
p69,clonotype3777,1
p69,clonotype3778,1
p69,clonotype3779,1
p69,clonotype378,3
p69,clonotype3781,1
p69,clonotype3782,1
p69,clonotype3784,1
p69,clonotype3785,1
p69,clonotype3786,1
p69,clonotype3787,1
p69,clonotype3789,1
p69,clonotype379,1
p69,clonotype3790,1
p69,clonotype3791,1
p69,clonotype3792,2
p69,clonotype3793,2
p69,clonotype3794,2
p69,clonotype3795,2
p69,clonotype3797,2
p69,clonotype3798,1
p69,clonotype3799,1
p69,clonotype38,4
p69,clonotype380,1
p69,clonotype3800,2
p69,clonotype3801,2
p69,clonotype3802,1
p69,clonotype3803,2
p69,clonotype3804,2
p69,clonotype3805,2
p69,clonotype3806,1
p69,clonotype3807,1
p69,clonotype3808,2
p69,clonotype3809,2
p69,clonotype381,1
p69,clonotype3810,2
p69,clonotype3811,1
p69,clonotype3812,2
p69,clonotype3813,2
p69,clonotype3814,2
p69,clonotype3815,2
p69,clonotype3816,2
p69,clonotype3817,2
p69,clonotype3818,2
p69,clonotype3819,2
p69,clonotype382,4
p69,clonotype3820,1
p69,clonotype3821,2
p69,clonotype3822,1
p69,clonotype3823,2
p69,clonotype3824,2
p69,clonotype3825,2
p69,clonotype3826,1
p69,clonotype3827,2
p69,clonotype3828,1
p69,clonotype3829,2
p69,clonotype383,4
p69,clonotype3830,2
p69,clonotype3831,2
p69,clonotype3832,2
p69,clonotype3833,2
p69,clonotype3834,2
p69,clonotype3835,2
p69,clonotype3836,2
p69,clonotype3837,2
p69,clonotype3838,1
p69,clonotype3839,2
p69,clonotype384,1
p69,clonotype3840,2
p69,clonotype3841,2
p69,clonotype3842,2
p69,clonotype3843,1
p69,clonotype3844,1
p69,clonotype3845,1
p69,clonotype3846,2
p69,clonotype3847,1
p69,clonotype3848,1
p69,clonotype3849,2
p69,clonotype385,2
p69,clonotype3850,2
p69,clonotype3851,1
p69,clonotype3852,2
p69,clonotype3853,2
p69,clonotype3854,2
p69,clonotype3855,1
p69,clonotype3856,2
p69,clonotype3857,2
p69,clonotype3858,1
p69,clonotype3859,2
p69,clonotype386,3
p69,clonotype3860,3
p69,clonotype3861,2
p69,clonotype3862,2
p69,clonotype3863,2
p69,clonotype3864,2
p69,clonotype3865,2
p69,clonotype3867,1
p69,clonotype3868,2
p69,clonotype3869,2
p69,clonotype387,2
p69,clonotype3870,3
p69,clonotype3871,2
p69,clonotype3872,2
p69,clonotype3873,2
p69,clonotype3874,3
p69,clonotype3875,2
p69,clonotype3876,2
p69,clonotype3877,2
p69,clonotype3878,2
p69,clonotype3879,2
p69,clonotype388,3
p69,clonotype3880,2
p69,clonotype3881,2
p69,clonotype3882,1
p69,clonotype3883,2
p69,clonotype3884,2
p69,clonotype3885,2
p69,clonotype3886,3
p69,clonotype3887,1
p69,clonotype3888,1
p69,clonotype3889,1
p69,clonotype389,2
p69,clonotype3890,2
p69,clonotype3891,2
p69,clonotype3892,3
p69,clonotype3893,2
p69,clonotype3894,2
p69,clonotype3895,2
p69,clonotype3896,2
p69,clonotype3897,2
p69,clonotype3898,2
p69,clonotype3899,1
p69,clonotype39,4
p69,clonotype390,2
p69,clonotype3900,2
p69,clonotype3901,2
p69,clonotype3902,2
p69,clonotype3903,2
p69,clonotype3904,3
p69,clonotype3905,1
p69,clonotype3906,2
p69,clonotype3907,3
p69,clonotype3908,1
p69,clonotype3909,2
p69,clonotype391,2
p69,clonotype3910,2
p69,clonotype3911,3
p69,clonotype3912,2
p69,clonotype3913,2
p69,clonotype3914,2
p69,clonotype3915,3
p69,clonotype3916,1
p69,clonotype3917,2
p69,clonotype3918,2
p69,clonotype3919,2
p69,clonotype392,2
p69,clonotype3920,3
p69,clonotype3921,1
p69,clonotype3922,3
p69,clonotype3923,2
p69,clonotype3924,3
p69,clonotype3925,3
p69,clonotype3926,3
p69,clonotype3927,2
p69,clonotype3928,2
p69,clonotype3929,3
p69,clonotype393,3
p69,clonotype3930,2
p69,clonotype3931,2
p69,clonotype3932,1
p69,clonotype3933,2
p69,clonotype3934,1
p69,clonotype3935,2
p69,clonotype3936,2
p69,clonotype3937,2
p69,clonotype3938,2
p69,clonotype3939,1
p69,clonotype394,3
p69,clonotype3940,2
p69,clonotype3941,2
p69,clonotype3942,1
p69,clonotype3943,1
p69,clonotype3944,3
p69,clonotype3945,1
p69,clonotype3947,2
p69,clonotype3948,1
p69,clonotype3949,1
p69,clonotype395,1
p69,clonotype3951,1
p69,clonotype3952,2
p69,clonotype3953,2
p69,clonotype3954,1
p69,clonotype3955,2
p69,clonotype3956,2
p69,clonotype3957,3
p69,clonotype3958,3
p69,clonotype3959,1
p69,clonotype396,3
p69,clonotype3960,4
p69,clonotype3961,2
p69,clonotype3962,1
p69,clonotype3963,2
p69,clonotype3964,1
p69,clonotype3965,1
p69,clonotype3966,1
p69,clonotype3967,1
p69,clonotype3968,2
p69,clonotype3969,1
p69,clonotype397,3
p69,clonotype3970,2
p69,clonotype3971,1
p69,clonotype3972,3
p69,clonotype3973,2
p69,clonotype3974,3
p69,clonotype3975,2
p69,clonotype3976,2
p69,clonotype3977,3
p69,clonotype3978,2
p69,clonotype3979,3
p69,clonotype398,1
p69,clonotype3980,3
p69,clonotype3981,3
p69,clonotype3982,4
p69,clonotype3983,2
p69,clonotype3984,3
p69,clonotype3985,1
p69,clonotype3986,3
p69,clonotype3987,2
p69,clonotype3988,2
p69,clonotype3989,4
p69,clonotype399,4
p69,clonotype3990,4
p69,clonotype3991,2
p69,clonotype3992,1
p69,clonotype3993,2
p69,clonotype3994,3
p69,clonotype3995,3
p69,clonotype3996,1
p69,clonotype3997,3
p69,clonotype3998,2
p69,clonotype3999,1
p69,clonotype4,3
p69,clonotype40,4
p69,clonotype400,3
p69,clonotype4000,3
p69,clonotype4001,2
p69,clonotype4002,2
p69,clonotype4003,3
p69,clonotype4004,2
p69,clonotype4005,1
p69,clonotype4006,3
p69,clonotype4007,2
p69,clonotype4008,1
p69,clonotype4009,3
p69,clonotype401,3
p69,clonotype4010,3
p69,clonotype4011,1
p69,clonotype4012,1
p69,clonotype4013,2
p69,clonotype4014,2
p69,clonotype4015,1
p69,clonotype4016,1
p69,clonotype4017,2
p69,clonotype4018,2
p69,clonotype4019,2
p69,clonotype402,3
p69,clonotype4020,3
p69,clonotype4021,2
p69,clonotype4022,2
p69,clonotype4023,1
p69,clonotype4024,2
p69,clonotype4025,2
p69,clonotype4026,3
p69,clonotype4027,3
p69,clonotype4028,1
p69,clonotype4029,2
p69,clonotype403,5
p69,clonotype4030,3
p69,clonotype4031,2
p69,clonotype4032,3
p69,clonotype4033,1
p69,clonotype4034,2
p69,clonotype4035,1
p69,clonotype4036,3
p69,clonotype4037,2
p69,clonotype4038,3
p69,clonotype4039,3
p69,clonotype404,3
p69,clonotype4040,3
p69,clonotype4041,2
p69,clonotype4042,5
p69,clonotype4043,2
p69,clonotype4044,4
p69,clonotype4045,4
p69,clonotype4046,3
p69,clonotype4047,3
p69,clonotype4048,2
p69,clonotype4049,3
p69,clonotype405,3
p69,clonotype4050,4
p69,clonotype4051,2
p69,clonotype4052,4
p69,clonotype4053,3
p69,clonotype4054,4
p69,clonotype4055,3
p69,clonotype4056,2
p69,clonotype4057,3
p69,clonotype4058,3
p69,clonotype4059,3
p69,clonotype406,2
p69,clonotype4060,5
p69,clonotype4061,2
p69,clonotype4063,2
p69,clonotype4064,4
p69,clonotype4065,4
p69,clonotype4066,2
p69,clonotype4067,4
p69,clonotype4068,3
p69,clonotype4069,3
p69,clonotype407,4
p69,clonotype4070,3
p69,clonotype4071,2
p69,clonotype4072,4
p69,clonotype4073,2
p69,clonotype4074,3
p69,clonotype4075,3
p69,clonotype4076,4
p69,clonotype4077,3
p69,clonotype4078,3
p69,clonotype4079,3
p69,clonotype408,2
p69,clonotype4080,2
p69,clonotype4081,4
p69,clonotype4082,3
p69,clonotype4083,3
p69,clonotype4084,4
p69,clonotype4085,3
p69,clonotype4086,3
p69,clonotype4087,3
p69,clonotype4088,4
p69,clonotype4089,3
p69,clonotype409,2
p69,clonotype4090,3
p69,clonotype4091,3
p69,clonotype4092,3
p69,clonotype4093,3
p69,clonotype4094,3
p69,clonotype4095,3
p69,clonotype4096,3
p69,clonotype4097,4
p69,clonotype4098,4
p69,clonotype4099,3
p69,clonotype41,6
p69,clonotype410,2
p69,clonotype4100,3
p69,clonotype4101,2
p69,clonotype4102,3
p69,clonotype4103,3
p69,clonotype4104,2
p69,clonotype4105,3
p69,clonotype4106,3
p69,clonotype4107,3
p69,clonotype4108,4
p69,clonotype4109,1
p69,clonotype411,2
p69,clonotype4110,1
p69,clonotype4111,1
p69,clonotype4113,2
p69,clonotype4114,3
p69,clonotype4115,1
p69,clonotype4116,1
p69,clonotype4117,1
p69,clonotype4118,1
p69,clonotype4119,1
p69,clonotype412,2
p69,clonotype4120,1
p69,clonotype4121,1
p69,clonotype4122,1
p69,clonotype4123,1
p69,clonotype4125,1
p69,clonotype4126,1
p69,clonotype4127,1
p69,clonotype4128,2
p69,clonotype4129,1
p69,clonotype413,1
p69,clonotype4130,1
p69,clonotype4131,1
p69,clonotype4132,1
p69,clonotype4133,1
p69,clonotype4134,2
p69,clonotype4135,1
p69,clonotype4136,1
p69,clonotype4138,1
p69,clonotype4139,1
p69,clonotype414,3
p69,clonotype4140,1
p69,clonotype4141,1
p69,clonotype4142,1
p69,clonotype4143,1
p69,clonotype4144,1
p69,clonotype4148,1
p69,clonotype4149,1
p69,clonotype415,4
p69,clonotype4150,2
p69,clonotype4151,1
p69,clonotype4152,1
p69,clonotype4153,1
p69,clonotype4154,2
p69,clonotype4155,1
p69,clonotype4156,1
p69,clonotype4157,1
p69,clonotype4158,1
p69,clonotype4159,2
p69,clonotype416,1
p69,clonotype4160,1
p69,clonotype4161,1
p69,clonotype4162,1
p69,clonotype4164,1
p69,clonotype4165,1
p69,clonotype4166,1
p69,clonotype4167,1
p69,clonotype4168,1
p69,clonotype4169,1
p69,clonotype417,3
p69,clonotype4170,2
p69,clonotype4171,2
p69,clonotype4172,2
p69,clonotype4173,2
p69,clonotype4174,2
p69,clonotype4175,1
p69,clonotype4176,2
p69,clonotype4177,2
p69,clonotype4178,2
p69,clonotype4179,3
p69,clonotype418,3
p69,clonotype4180,2
p69,clonotype4181,3
p69,clonotype4182,2
p69,clonotype4183,2
p69,clonotype4184,3
p69,clonotype4185,3
p69,clonotype4186,2
p69,clonotype4187,3
p69,clonotype4189,2
p69,clonotype419,2
p69,clonotype4190,1
p69,clonotype4191,3
p69,clonotype4192,2
p69,clonotype4193,4
p69,clonotype4194,2
p69,clonotype4195,4
p69,clonotype4196,3
p69,clonotype4197,3
p69,clonotype4198,2
p69,clonotype4199,2
p69,clonotype42,4
p69,clonotype420,1
p69,clonotype4200,3
p69,clonotype4201,3
p69,clonotype4202,3
p69,clonotype4203,2
p69,clonotype4204,1
p69,clonotype4205,1
p69,clonotype4206,1
p69,clonotype4207,1
p69,clonotype4208,2
p69,clonotype4209,2
p69,clonotype421,2
p69,clonotype4210,1
p69,clonotype4211,1
p69,clonotype4212,1
p69,clonotype4213,1
p69,clonotype4214,1
p69,clonotype4215,1
p69,clonotype4217,1
p69,clonotype4218,1
p69,clonotype4219,3
p69,clonotype422,2
p69,clonotype4220,2
p69,clonotype4221,3
p69,clonotype4222,3
p69,clonotype4223,3
p69,clonotype4224,2
p69,clonotype4225,3
p69,clonotype4226,2
p69,clonotype4227,3
p69,clonotype4228,3
p69,clonotype4229,3
p69,clonotype423,2
p69,clonotype4230,1
p69,clonotype4231,2
p69,clonotype4232,3
p69,clonotype4233,1
p69,clonotype4234,2
p69,clonotype4235,2
p69,clonotype4236,3
p69,clonotype4237,2
p69,clonotype4238,3
p69,clonotype4239,2
p69,clonotype424,1
p69,clonotype4240,3
p69,clonotype4241,1
p69,clonotype4242,2
p69,clonotype4243,1
p69,clonotype4244,1
p69,clonotype4245,2
p69,clonotype4246,1
p69,clonotype4247,3
p69,clonotype4248,3
p69,clonotype4249,2
p69,clonotype425,2
p69,clonotype4250,2
p69,clonotype4251,1
p69,clonotype4252,2
p69,clonotype4253,1
p69,clonotype4254,2
p69,clonotype4255,2
p69,clonotype4256,2
p69,clonotype4257,3
p69,clonotype4258,2
p69,clonotype4259,2
p69,clonotype426,2
p69,clonotype4260,1
p69,clonotype4261,2
p69,clonotype4262,2
p69,clonotype4263,3
p69,clonotype4264,1
p69,clonotype4265,1
p69,clonotype4266,1
p69,clonotype4267,3
p69,clonotype4268,2
p69,clonotype427,1
p69,clonotype4270,1
p69,clonotype4271,2
p69,clonotype4272,2
p69,clonotype4273,2
p69,clonotype4274,2
p69,clonotype4276,1
p69,clonotype4277,2
p69,clonotype4278,2
p69,clonotype4279,1
p69,clonotype428,3
p69,clonotype4280,1
p69,clonotype4281,1
p69,clonotype4282,2
p69,clonotype4283,2
p69,clonotype4284,1
p69,clonotype4285,1
p69,clonotype4286,1
p69,clonotype4287,1
p69,clonotype4288,1
p69,clonotype4289,1
p69,clonotype429,2
p69,clonotype4290,2
p69,clonotype4291,2
p69,clonotype4292,1
p69,clonotype4293,3
p69,clonotype4294,3
p69,clonotype4295,2
p69,clonotype4296,2
p69,clonotype4297,2
p69,clonotype4298,1
p69,clonotype4299,1
p69,clonotype43,4
p69,clonotype430,1
p69,clonotype4300,2
p69,clonotype4301,2
p69,clonotype4302,1
p69,clonotype4303,1
p69,clonotype4304,2
p69,clonotype4305,2
p69,clonotype4306,2
p69,clonotype4307,2
p69,clonotype4308,1
p69,clonotype4309,2
p69,clonotype431,2
p69,clonotype4310,1
p69,clonotype4311,2
p69,clonotype4312,1
p69,clonotype4313,1
p69,clonotype4314,1
p69,clonotype4315,2
p69,clonotype4316,2
p69,clonotype4317,2
p69,clonotype4318,1
p69,clonotype4319,1
p69,clonotype432,4
p69,clonotype4320,1
p69,clonotype4321,1
p69,clonotype4322,1
p69,clonotype4323,2
p69,clonotype4324,1
p69,clonotype4325,1
p69,clonotype4326,2
p69,clonotype4327,2
p69,clonotype4328,1
p69,clonotype4329,2
p69,clonotype433,3
p69,clonotype4330,1
p69,clonotype4331,1
p69,clonotype4332,1
p69,clonotype4333,1
p69,clonotype4334,1
p69,clonotype4335,2
p69,clonotype4336,1
p69,clonotype4337,1
p69,clonotype4339,1
p69,clonotype434,2
p69,clonotype4340,1
p69,clonotype4341,1
p69,clonotype4342,1
p69,clonotype4344,2
p69,clonotype4345,2
p69,clonotype4346,1
p69,clonotype4347,1
p69,clonotype4348,1
p69,clonotype435,1
p69,clonotype4350,1
p69,clonotype4351,2
p69,clonotype4352,1
p69,clonotype4353,1
p69,clonotype4354,1
p69,clonotype4355,2
p69,clonotype4356,1
p69,clonotype4357,2
p69,clonotype436,3
p69,clonotype4364,1
p69,clonotype437,3
p69,clonotype4372,1
p69,clonotype4375,1
p69,clonotype4376,1
p69,clonotype4377,3
p69,clonotype4379,1
p69,clonotype438,1
p69,clonotype4380,1
p69,clonotype4381,1
p69,clonotype4382,1
p69,clonotype4383,1
p69,clonotype4385,1
p69,clonotype4386,1
p69,clonotype4388,1
p69,clonotype4389,2
p69,clonotype439,3
p69,clonotype4390,1
p69,clonotype4391,1
p69,clonotype4392,2
p69,clonotype4393,1
p69,clonotype4394,1
p69,clonotype4395,1
p69,clonotype4396,1
p69,clonotype4397,1
p69,clonotype4398,2
p69,clonotype4399,2
p69,clonotype44,3
p69,clonotype440,2
p69,clonotype4401,1
p69,clonotype4403,2
p69,clonotype4404,2
p69,clonotype4405,1
p69,clonotype4406,1
p69,clonotype4407,1
p69,clonotype4409,1
p69,clonotype441,2
p69,clonotype4410,1
p69,clonotype4411,1
p69,clonotype4412,2
p69,clonotype4413,1
p69,clonotype4414,2
p69,clonotype4415,1
p69,clonotype4416,1
p69,clonotype4418,1
p69,clonotype4419,1
p69,clonotype442,3
p69,clonotype4420,1
p69,clonotype4421,1
p69,clonotype4422,1
p69,clonotype4423,1
p69,clonotype4424,1
p69,clonotype4425,1
p69,clonotype4426,1
p69,clonotype4427,1
p69,clonotype4429,2
p69,clonotype443,2
p69,clonotype4430,1
p69,clonotype4431,1
p69,clonotype4432,2
p69,clonotype4433,1
p69,clonotype4434,1
p69,clonotype4435,1
p69,clonotype4436,2
p69,clonotype4438,1
p69,clonotype4439,1
p69,clonotype444,4
p69,clonotype4440,1
p69,clonotype4441,1
p69,clonotype4442,1
p69,clonotype4443,1
p69,clonotype4444,3
p69,clonotype4445,1
p69,clonotype4446,1
p69,clonotype4447,2
p69,clonotype4448,2
p69,clonotype4449,1
p69,clonotype445,3
p69,clonotype4452,1
p69,clonotype4453,2
p69,clonotype4454,1
p69,clonotype4455,1
p69,clonotype4457,1
p69,clonotype4458,2
p69,clonotype4459,1
p69,clonotype446,2
p69,clonotype4461,1
p69,clonotype4462,1
p69,clonotype4464,2
p69,clonotype4465,1
p69,clonotype4468,1
p69,clonotype447,2
p69,clonotype4470,1
p69,clonotype4471,1
p69,clonotype4473,2
p69,clonotype4474,1
p69,clonotype4475,2
p69,clonotype4476,1
p69,clonotype4478,2
p69,clonotype4479,2
p69,clonotype448,2
p69,clonotype4480,2
p69,clonotype4481,1
p69,clonotype4482,1
p69,clonotype4483,1
p69,clonotype4484,2
p69,clonotype4485,1
p69,clonotype4486,1
p69,clonotype4487,1
p69,clonotype4489,2
p69,clonotype449,3
p69,clonotype4490,2
p69,clonotype4491,1
p69,clonotype4492,2
p69,clonotype4493,3
p69,clonotype4494,2
p69,clonotype4495,2
p69,clonotype4498,1
p69,clonotype4499,1
p69,clonotype45,4
p69,clonotype450,3
p69,clonotype4500,1
p69,clonotype4501,1
p69,clonotype4503,2
p69,clonotype4504,1
p69,clonotype4505,2
p69,clonotype4506,2
p69,clonotype4507,1
p69,clonotype4508,2
p69,clonotype4509,2
p69,clonotype451,2
p69,clonotype4510,2
p69,clonotype4513,1
p69,clonotype4514,1
p69,clonotype4515,1
p69,clonotype4516,1
p69,clonotype4517,1
p69,clonotype4518,1
p69,clonotype4519,1
p69,clonotype452,2
p69,clonotype4520,1
p69,clonotype4521,1
p69,clonotype4523,1
p69,clonotype4525,1
p69,clonotype4527,2
p69,clonotype4528,1
p69,clonotype4529,1
p69,clonotype453,3
p69,clonotype4530,1
p69,clonotype4531,1
p69,clonotype4532,1
p69,clonotype4533,1
p69,clonotype4534,1
p69,clonotype4535,2
p69,clonotype4536,1
p69,clonotype4537,1
p69,clonotype4538,1
p69,clonotype4539,1
p69,clonotype454,2
p69,clonotype4541,1
p69,clonotype4542,1
p69,clonotype4544,1
p69,clonotype4545,1
p69,clonotype4546,1
p69,clonotype4548,1
p69,clonotype4549,1
p69,clonotype455,3
p69,clonotype4550,1
p69,clonotype4551,1
p69,clonotype4553,1
p69,clonotype4554,1
p69,clonotype4555,1
p69,clonotype4557,2
p69,clonotype4558,1
p69,clonotype4559,1
p69,clonotype456,2
p69,clonotype4561,2
p69,clonotype4562,1
p69,clonotype4565,1
p69,clonotype4566,1
p69,clonotype4567,1
p69,clonotype4568,1
p69,clonotype4569,2
p69,clonotype457,2
p69,clonotype4570,1
p69,clonotype4571,1
p69,clonotype4572,1
p69,clonotype4573,1
p69,clonotype4574,1
p69,clonotype4575,1
p69,clonotype4577,1
p69,clonotype4578,2
p69,clonotype4579,2
p69,clonotype458,3
p69,clonotype4580,2
p69,clonotype4581,1
p69,clonotype4582,1
p69,clonotype4583,1
p69,clonotype4584,1
p69,clonotype4585,2
p69,clonotype4586,1
p69,clonotype4587,2
p69,clonotype4588,2
p69,clonotype4589,2
p69,clonotype459,2
p69,clonotype4590,2
p69,clonotype4591,2
p69,clonotype4592,2
p69,clonotype4593,3
p69,clonotype4594,2
p69,clonotype4595,1
p69,clonotype4596,2
p69,clonotype4597,1
p69,clonotype4598,2
p69,clonotype4599,2
p69,clonotype46,2
p69,clonotype460,3
p69,clonotype4600,3
p69,clonotype4601,2
p69,clonotype4602,2
p69,clonotype4603,1
p69,clonotype4604,2
p69,clonotype4605,2
p69,clonotype4606,3
p69,clonotype4607,1
p69,clonotype4608,2
p69,clonotype4609,1
p69,clonotype461,3
p69,clonotype4610,3
p69,clonotype4611,2
p69,clonotype4612,3
p69,clonotype4613,2
p69,clonotype4614,2
p69,clonotype4615,2
p69,clonotype4616,2
p69,clonotype4617,2
p69,clonotype4618,2
p69,clonotype4619,2
p69,clonotype462,3
p69,clonotype4620,3
p69,clonotype4621,2
p69,clonotype4622,1
p69,clonotype4623,2
p69,clonotype4624,3
p69,clonotype4625,3
p69,clonotype4626,2
p69,clonotype4627,2
p69,clonotype4628,1
p69,clonotype4629,3
p69,clonotype463,3
p69,clonotype4630,1
p69,clonotype4631,2
p69,clonotype4632,1
p69,clonotype4633,3
p69,clonotype4634,3
p69,clonotype4635,2
p69,clonotype4636,1
p69,clonotype4637,2
p69,clonotype4638,2
p69,clonotype4639,2
p69,clonotype464,3
p69,clonotype4640,3
p69,clonotype4641,4
p69,clonotype4642,2
p69,clonotype4643,2
p69,clonotype4644,1
p69,clonotype4645,3
p69,clonotype4646,2
p69,clonotype4647,3
p69,clonotype4648,2
p69,clonotype4649,2
p69,clonotype465,2
p69,clonotype4650,3
p69,clonotype4651,1
p69,clonotype4652,1
p69,clonotype4653,2
p69,clonotype4654,2
p69,clonotype4655,2
p69,clonotype4656,2
p69,clonotype4657,2
p69,clonotype4658,3
p69,clonotype4659,2
p69,clonotype466,1
p69,clonotype4660,4
p69,clonotype4661,3
p69,clonotype4662,1
p69,clonotype4663,2
p69,clonotype4664,1
p69,clonotype4665,1
p69,clonotype4666,1
p69,clonotype4667,2
p69,clonotype4668,2
p69,clonotype4669,2
p69,clonotype467,2
p69,clonotype4670,2
p69,clonotype4671,3
p69,clonotype4672,2
p69,clonotype4673,3
p69,clonotype4674,2
p69,clonotype4675,2
p69,clonotype4676,1
p69,clonotype4677,2
p69,clonotype4678,1
p69,clonotype4679,2
p69,clonotype468,2
p69,clonotype4680,2
p69,clonotype4681,2
p69,clonotype4682,2
p69,clonotype4683,1
p69,clonotype4684,2
p69,clonotype4685,2
p69,clonotype4686,1
p69,clonotype4687,2
p69,clonotype4688,1
p69,clonotype4689,2
p69,clonotype4690,2
p69,clonotype4691,2
p69,clonotype4692,2
p69,clonotype4693,2
p69,clonotype4695,1
p69,clonotype4696,2
p69,clonotype4697,2
p69,clonotype4698,2
p69,clonotype4699,2
p69,clonotype47,4
p69,clonotype470,1
p69,clonotype4700,2
p69,clonotype4701,2
p69,clonotype4702,2
p69,clonotype4703,2
p69,clonotype4704,2
p69,clonotype4705,2
p69,clonotype4706,2
p69,clonotype4707,2
p69,clonotype4708,1
p69,clonotype4709,2
p69,clonotype471,2
p69,clonotype4710,2
p69,clonotype4711,1
p69,clonotype4712,2
p69,clonotype4713,2
p69,clonotype4714,2
p69,clonotype4715,2
p69,clonotype4716,2
p69,clonotype4717,1
p69,clonotype4718,2
p69,clonotype4719,2
p69,clonotype472,2
p69,clonotype4720,2
p69,clonotype4721,1
p69,clonotype4722,2
p69,clonotype4723,2
p69,clonotype4724,3
p69,clonotype4725,1
p69,clonotype4726,1
p69,clonotype4727,2
p69,clonotype4728,2
p69,clonotype4729,2
p69,clonotype473,1
p69,clonotype4730,2
p69,clonotype4731,2
p69,clonotype4732,2
p69,clonotype4733,2
p69,clonotype4734,2
p69,clonotype4735,1
p69,clonotype4736,2
p69,clonotype4737,2
p69,clonotype4738,2
p69,clonotype4739,3
p69,clonotype474,2
p69,clonotype4740,2
p69,clonotype4741,2
p69,clonotype4742,2
p69,clonotype4743,2
p69,clonotype4744,2
p69,clonotype4745,1
p69,clonotype4746,1
p69,clonotype4747,2
p69,clonotype4748,2
p69,clonotype4749,2
p69,clonotype475,2
p69,clonotype4750,3
p69,clonotype4751,2
p69,clonotype4752,2
p69,clonotype4753,3
p69,clonotype4754,1
p69,clonotype4755,1
p69,clonotype4756,2
p69,clonotype4757,2
p69,clonotype4758,2
p69,clonotype4759,2
p69,clonotype476,1
p69,clonotype4760,1
p69,clonotype4761,2
p69,clonotype4762,2
p69,clonotype4763,2
p69,clonotype4764,3
p69,clonotype4765,2
p69,clonotype4766,3
p69,clonotype4767,2
p69,clonotype4768,2
p69,clonotype4769,2
p69,clonotype477,2
p69,clonotype4770,2
p69,clonotype4771,2
p69,clonotype4772,2
p69,clonotype4773,2
p69,clonotype4774,2
p69,clonotype4776,1
p69,clonotype4777,2
p69,clonotype4778,2
p69,clonotype4779,2
p69,clonotype478,1
p69,clonotype4780,1
p69,clonotype4781,1
p69,clonotype4782,1
p69,clonotype4783,1
p69,clonotype4784,1
p69,clonotype4785,1
p69,clonotype4786,1
p69,clonotype4787,1
p69,clonotype4788,2
p69,clonotype4789,1
p69,clonotype479,2
p69,clonotype4790,2
p69,clonotype4791,1
p69,clonotype4793,2
p69,clonotype4794,1
p69,clonotype4795,1
p69,clonotype4797,2
p69,clonotype4798,1
p69,clonotype4799,1
p69,clonotype48,5
p69,clonotype4800,1
p69,clonotype4801,1
p69,clonotype4802,1
p69,clonotype4803,1
p69,clonotype4804,1
p69,clonotype4805,1
p69,clonotype4806,1
p69,clonotype4807,1
p69,clonotype4808,1
p69,clonotype4809,2
p69,clonotype481,3
p69,clonotype4811,1
p69,clonotype4813,2
p69,clonotype4815,2
p69,clonotype4816,1
p69,clonotype4818,1
p69,clonotype4819,3
p69,clonotype482,2
p69,clonotype4820,1
p69,clonotype4821,1
p69,clonotype4822,1
p69,clonotype4823,1
p69,clonotype4824,1
p69,clonotype4826,3
p69,clonotype4829,2
p69,clonotype483,2
p69,clonotype4830,2
p69,clonotype4831,1
p69,clonotype4832,2
p69,clonotype4833,2
p69,clonotype4834,1
p69,clonotype4835,1
p69,clonotype4836,2
p69,clonotype4837,2
p69,clonotype4838,1
p69,clonotype4839,1
p69,clonotype484,3
p69,clonotype4840,2
p69,clonotype4841,1
p69,clonotype4842,1
p69,clonotype4845,2
p69,clonotype4846,1
p69,clonotype4847,1
p69,clonotype4848,1
p69,clonotype4849,2
p69,clonotype485,3
p69,clonotype4850,1
p69,clonotype4851,3
p69,clonotype4852,2
p69,clonotype4853,1
p69,clonotype4854,1
p69,clonotype4855,1
p69,clonotype4856,1
p69,clonotype4857,1
p69,clonotype4858,1
p69,clonotype4859,2
p69,clonotype486,1
p69,clonotype4860,1
p69,clonotype4861,2
p69,clonotype4862,1
p69,clonotype4863,1
p69,clonotype4865,1
p69,clonotype4866,2
p69,clonotype4867,2
p69,clonotype4869,1
p69,clonotype487,2
p69,clonotype4870,2
p69,clonotype4871,1
p69,clonotype4873,3
p69,clonotype4875,1
p69,clonotype4877,1
p69,clonotype4878,1
p69,clonotype4879,1
p69,clonotype4880,1
p69,clonotype4881,1
p69,clonotype4882,1
p69,clonotype4883,1
p69,clonotype4884,1
p69,clonotype4885,2
p69,clonotype4886,1
p69,clonotype4887,1
p69,clonotype4888,1
p69,clonotype4889,2
p69,clonotype489,2
p69,clonotype4890,2
p69,clonotype4891,1
p69,clonotype4892,3
p69,clonotype4893,3
p69,clonotype4894,2
p69,clonotype4895,2
p69,clonotype4896,4
p69,clonotype4897,1
p69,clonotype4898,2
p69,clonotype4899,1
p69,clonotype49,4
p69,clonotype490,1
p69,clonotype4900,2
p69,clonotype4901,3
p69,clonotype4902,3
p69,clonotype4903,1
p69,clonotype4904,2
p69,clonotype4906,2
p69,clonotype4907,3
p69,clonotype4908,2
p69,clonotype4909,1
p69,clonotype491,2
p69,clonotype4910,1
p69,clonotype4911,2
p69,clonotype4912,2
p69,clonotype4913,2
p69,clonotype4914,2
p69,clonotype4915,2
p69,clonotype4916,2
p69,clonotype4917,1
p69,clonotype4918,2
p69,clonotype4919,2
p69,clonotype492,3
p69,clonotype4920,2
p69,clonotype4921,3
p69,clonotype4922,3
p69,clonotype4923,2
p69,clonotype4924,2
p69,clonotype4925,3
p69,clonotype4927,2
p69,clonotype4928,2
p69,clonotype4929,3
p69,clonotype493,3
p69,clonotype4930,1
p69,clonotype4931,3
p69,clonotype4932,3
p69,clonotype4933,2
p69,clonotype4934,2
p69,clonotype4935,2
p69,clonotype4936,2
p69,clonotype4937,1
p69,clonotype4938,2
p69,clonotype4939,1
p69,clonotype4941,3
p69,clonotype4942,3
p69,clonotype4943,2
p69,clonotype4944,2
p69,clonotype4945,2
p69,clonotype4946,2
p69,clonotype4947,2
p69,clonotype4948,2
p69,clonotype4949,3
p69,clonotype495,2
p69,clonotype4950,1
p69,clonotype4951,2
p69,clonotype4952,3
p69,clonotype4953,2
p69,clonotype4954,3
p69,clonotype4955,3
p69,clonotype4956,2
p69,clonotype4957,2
p69,clonotype4958,2
p69,clonotype4959,2
p69,clonotype496,2
p69,clonotype4960,2
p69,clonotype4961,2
p69,clonotype4963,1
p69,clonotype4964,2
p69,clonotype4965,1
p69,clonotype4966,2
p69,clonotype4967,1
p69,clonotype4968,2
p69,clonotype4969,2
p69,clonotype497,2
p69,clonotype4970,2
p69,clonotype4971,2
p69,clonotype4972,1
p69,clonotype4973,2
p69,clonotype4974,2
p69,clonotype4975,2
p69,clonotype4976,2
p69,clonotype4979,1
p69,clonotype498,2
p69,clonotype4980,1
p69,clonotype4981,1
p69,clonotype4985,1
p69,clonotype4986,2
p69,clonotype4987,1
p69,clonotype4988,1
p69,clonotype4989,1
p69,clonotype499,2
p69,clonotype4990,1
p69,clonotype4993,1
p69,clonotype4994,1
p69,clonotype4995,1
p69,clonotype4997,1
p69,clonotype4998,1
p69,clonotype4999,1
p69,clonotype5,3
p69,clonotype50,5
p69,clonotype500,2
p69,clonotype5000,2
p69,clonotype5001,1
p69,clonotype5003,2
p69,clonotype5005,1
p69,clonotype5006,1
p69,clonotype5007,1
p69,clonotype5008,1
p69,clonotype501,2
p69,clonotype5010,1
p69,clonotype5013,2
p69,clonotype5014,1
p69,clonotype5015,1
p69,clonotype5017,1
p69,clonotype5018,1
p69,clonotype5019,1
p69,clonotype502,3
p69,clonotype5020,1
p69,clonotype5021,1
p69,clonotype5022,1
p69,clonotype5023,1
p69,clonotype5025,1
p69,clonotype5026,1
p69,clonotype5027,2
p69,clonotype5028,1
p69,clonotype5029,1
p69,clonotype503,1
p69,clonotype5030,2
p69,clonotype5031,1
p69,clonotype5033,1
p69,clonotype5034,1
p69,clonotype5035,1
p69,clonotype5036,2
p69,clonotype5037,3
p69,clonotype5038,3
p69,clonotype5039,2
p69,clonotype504,1
p69,clonotype5040,2
p69,clonotype5041,2
p69,clonotype5042,1
p69,clonotype5043,2
p69,clonotype5044,3
p69,clonotype5045,2
p69,clonotype5046,2
p69,clonotype5047,2
p69,clonotype5048,2
p69,clonotype5049,1
p69,clonotype505,2
p69,clonotype5050,3
p69,clonotype5051,3
p69,clonotype5052,2
p69,clonotype5053,1
p69,clonotype5054,2
p69,clonotype5055,2
p69,clonotype5056,1
p69,clonotype5057,2
p69,clonotype5058,2
p69,clonotype5059,2
p69,clonotype506,1
p69,clonotype5060,2
p69,clonotype5061,3
p69,clonotype5062,1
p69,clonotype5063,2
p69,clonotype5064,3
p69,clonotype5065,2
p69,clonotype5066,1
p69,clonotype5067,2
p69,clonotype5068,1
p69,clonotype5069,1
p69,clonotype507,2
p69,clonotype5070,2
p69,clonotype5071,2
p69,clonotype5073,3
p69,clonotype5074,3
p69,clonotype5075,1
p69,clonotype5076,1
p69,clonotype5077,1
p69,clonotype5078,2
p69,clonotype5079,2
p69,clonotype508,1
p69,clonotype5080,1
p69,clonotype5081,1
p69,clonotype5082,1
p69,clonotype5083,2
p69,clonotype5084,1
p69,clonotype5085,1
p69,clonotype5086,1
p69,clonotype5087,1
p69,clonotype5088,1
p69,clonotype5089,1
p69,clonotype509,1
p69,clonotype5090,1
p69,clonotype5091,2
p69,clonotype5092,1
p69,clonotype5094,1
p69,clonotype5096,1
p69,clonotype5097,2
p69,clonotype5098,1
p69,clonotype5099,1
p69,clonotype51,6
p69,clonotype510,2
p69,clonotype5101,1
p69,clonotype5103,1
p69,clonotype5104,1
p69,clonotype5105,1
p69,clonotype5106,2
p69,clonotype5107,3
p69,clonotype5108,4
p69,clonotype5109,3
p69,clonotype511,2
p69,clonotype5110,2
p69,clonotype5111,2
p69,clonotype5112,2
p69,clonotype5113,1
p69,clonotype5114,2
p69,clonotype5115,3
p69,clonotype5116,2
p69,clonotype5117,2
p69,clonotype5118,2
p69,clonotype5119,1
p69,clonotype512,1
p69,clonotype5120,1
p69,clonotype5121,2
p69,clonotype5122,2
p69,clonotype5123,2
p69,clonotype5124,1
p69,clonotype5125,2
p69,clonotype5126,1
p69,clonotype5127,2
p69,clonotype5128,2
p69,clonotype5129,1
p69,clonotype513,2
p69,clonotype5130,1
p69,clonotype5131,2
p69,clonotype5132,1
p69,clonotype5133,1
p69,clonotype5134,1
p69,clonotype5135,1
p69,clonotype5136,1
p69,clonotype5138,2
p69,clonotype5139,1
p69,clonotype514,1
p69,clonotype5140,1
p69,clonotype5141,2
p69,clonotype5142,1
p69,clonotype5143,3
p69,clonotype5144,3
p69,clonotype5145,1
p69,clonotype5146,3
p69,clonotype5147,2
p69,clonotype5148,1
p69,clonotype5149,1
p69,clonotype515,2
p69,clonotype5150,1
p69,clonotype5151,2
p69,clonotype5152,1
p69,clonotype5153,3
p69,clonotype5154,3
p69,clonotype5155,3
p69,clonotype5156,2
p69,clonotype5157,1
p69,clonotype5159,1
p69,clonotype5160,1
p69,clonotype5161,2
p69,clonotype5162,1
p69,clonotype5163,1
p69,clonotype5164,1
p69,clonotype5165,1
p69,clonotype5166,1
p69,clonotype5167,1
p69,clonotype5168,1
p69,clonotype5169,1
p69,clonotype517,2
p69,clonotype5170,1
p69,clonotype5171,1
p69,clonotype5172,1
p69,clonotype5173,1
p69,clonotype5174,2
p69,clonotype5175,2
p69,clonotype5176,2
p69,clonotype5177,2
p69,clonotype5178,2
p69,clonotype5179,1
p69,clonotype5180,1
p69,clonotype5181,1
p69,clonotype5182,1
p69,clonotype5183,1
p69,clonotype5184,1
p69,clonotype5185,2
p69,clonotype5186,1
p69,clonotype5187,2
p69,clonotype5189,2
p69,clonotype519,2
p69,clonotype5190,3
p69,clonotype5191,2
p69,clonotype5192,2
p69,clonotype5193,2
p69,clonotype5194,2
p69,clonotype5195,2
p69,clonotype5196,2
p69,clonotype5197,3
p69,clonotype5198,2
p69,clonotype5199,2
p69,clonotype52,5
p69,clonotype520,2
p69,clonotype5200,2
p69,clonotype5201,2
p69,clonotype5202,2
p69,clonotype5203,2
p69,clonotype5204,3
p69,clonotype5205,1
p69,clonotype5206,1
p69,clonotype5207,1
p69,clonotype5208,1
p69,clonotype5209,2
p69,clonotype521,2
p69,clonotype5210,2
p69,clonotype5211,2
p69,clonotype5212,2
p69,clonotype5213,2
p69,clonotype5215,2
p69,clonotype5216,1
p69,clonotype5217,1
p69,clonotype5218,1
p69,clonotype5219,1
p69,clonotype5220,1
p69,clonotype5221,2
p69,clonotype5222,1
p69,clonotype5223,2
p69,clonotype5224,1
p69,clonotype5225,1
p69,clonotype5226,1
p69,clonotype5227,1
p69,clonotype5228,1
p69,clonotype5229,1
p69,clonotype523,2
p69,clonotype5230,1
p69,clonotype5231,1
p69,clonotype5232,2
p69,clonotype5233,1
p69,clonotype5234,1
p69,clonotype5235,1
p69,clonotype5236,1
p69,clonotype5237,2
p69,clonotype5238,1
p69,clonotype5239,1
p69,clonotype524,3
p69,clonotype5240,2
p69,clonotype5241,2
p69,clonotype5242,1
p69,clonotype5243,1
p69,clonotype5244,1
p69,clonotype5246,1
p69,clonotype5247,2
p69,clonotype5248,1
p69,clonotype5249,2
p69,clonotype525,3
p69,clonotype5250,2
p69,clonotype5251,2
p69,clonotype5252,1
p69,clonotype5253,1
p69,clonotype5254,1
p69,clonotype5255,1
p69,clonotype5256,1
p69,clonotype5257,1
p69,clonotype5258,2
p69,clonotype5259,1
p69,clonotype526,4
p69,clonotype5260,1
p69,clonotype5261,1
p69,clonotype5262,1
p69,clonotype5263,2
p69,clonotype5264,1
p69,clonotype5265,1
p69,clonotype5266,1
p69,clonotype5267,1
p69,clonotype5268,1
p69,clonotype527,3
p69,clonotype5270,1
p69,clonotype5271,1
p69,clonotype5272,1
p69,clonotype5273,1
p69,clonotype5274,1
p69,clonotype5275,1
p69,clonotype5276,1
p69,clonotype5277,1
p69,clonotype5278,1
p69,clonotype5279,2
p69,clonotype528,3
p69,clonotype5280,2
p69,clonotype5281,1
p69,clonotype5282,1
p69,clonotype5283,1
p69,clonotype5284,1
p69,clonotype5285,1
p69,clonotype5286,1
p69,clonotype5288,1
p69,clonotype5289,1
p69,clonotype529,1
p69,clonotype5290,1
p69,clonotype5291,1
p69,clonotype5292,2
p69,clonotype5293,1
p69,clonotype5294,1
p69,clonotype5295,2
p69,clonotype5296,1
p69,clonotype5297,1
p69,clonotype5298,1
p69,clonotype5299,1
p69,clonotype53,6
p69,clonotype530,4
p69,clonotype5301,1
p69,clonotype5302,1
p69,clonotype5303,1
p69,clonotype5304,1
p69,clonotype5305,1
p69,clonotype5306,2
p69,clonotype5307,1
p69,clonotype5308,2
p69,clonotype5309,1
p69,clonotype531,2
p69,clonotype5310,1
p69,clonotype5311,1
p69,clonotype5312,1
p69,clonotype5313,1
p69,clonotype5314,2
p69,clonotype5315,1
p69,clonotype5316,1
p69,clonotype5317,2
p69,clonotype5318,1
p69,clonotype5319,1
p69,clonotype532,2
p69,clonotype5320,2
p69,clonotype5321,2
p69,clonotype5322,1
p69,clonotype5323,1
p69,clonotype5324,2
p69,clonotype5325,1
p69,clonotype5326,1
p69,clonotype5327,1
p69,clonotype5328,2
p69,clonotype5329,2
p69,clonotype533,3
p69,clonotype5330,1
p69,clonotype5331,1
p69,clonotype5332,2
p69,clonotype5333,1
p69,clonotype5334,1
p69,clonotype5335,1
p69,clonotype5336,2
p69,clonotype5337,1
p69,clonotype5338,1
p69,clonotype5339,2
p69,clonotype534,3
p69,clonotype5340,1
p69,clonotype5341,1
p69,clonotype5342,2
p69,clonotype5343,1
p69,clonotype5344,1
p69,clonotype5345,2
p69,clonotype5346,1
p69,clonotype5347,2
p69,clonotype5348,1
p69,clonotype5349,1
p69,clonotype535,3
p69,clonotype5350,2
p69,clonotype5351,1
p69,clonotype5352,1
p69,clonotype5353,1
p69,clonotype5354,2
p69,clonotype5355,1
p69,clonotype5356,1
p69,clonotype5357,1
p69,clonotype5358,1
p69,clonotype5359,1
p69,clonotype536,3
p69,clonotype5360,2
p69,clonotype5364,1
p69,clonotype5365,1
p69,clonotype5366,1
p69,clonotype5367,1
p69,clonotype5368,1
p69,clonotype5369,1
p69,clonotype537,3
p69,clonotype5370,1
p69,clonotype5371,1
p69,clonotype5373,1
p69,clonotype5374,1
p69,clonotype5375,1
p69,clonotype5376,1
p69,clonotype5377,1
p69,clonotype5378,1
p69,clonotype5379,1
p69,clonotype538,1
p69,clonotype5380,1
p69,clonotype5381,1
p69,clonotype5382,1
p69,clonotype5384,1
p69,clonotype5385,1
p69,clonotype5386,1
p69,clonotype5387,1
p69,clonotype5388,1
p69,clonotype5389,1
p69,clonotype539,2
p69,clonotype5390,1
p69,clonotype5391,1
p69,clonotype5392,1
p69,clonotype5393,1
p69,clonotype5394,1
p69,clonotype5395,1
p69,clonotype5396,1
p69,clonotype5397,1
p69,clonotype5398,1
p69,clonotype5399,1
p69,clonotype54,6
p69,clonotype540,1
p69,clonotype5401,1
p69,clonotype5402,1
p69,clonotype5403,1
p69,clonotype5404,1
p69,clonotype5405,1
p69,clonotype5406,1
p69,clonotype5407,1
p69,clonotype5408,1
p69,clonotype5409,1
p69,clonotype541,2
p69,clonotype5410,1
p69,clonotype5412,1
p69,clonotype5413,1
p69,clonotype5414,1
p69,clonotype5416,1
p69,clonotype5417,1
p69,clonotype5418,1
p69,clonotype5419,1
p69,clonotype542,2
p69,clonotype5420,1
p69,clonotype5422,1
p69,clonotype5423,1
p69,clonotype5424,1
p69,clonotype5425,1
p69,clonotype5426,1
p69,clonotype5427,1
p69,clonotype5429,1
p69,clonotype543,1
p69,clonotype5430,1
p69,clonotype5431,1
p69,clonotype5433,1
p69,clonotype5434,1
p69,clonotype5436,1
p69,clonotype5437,1
p69,clonotype5438,1
p69,clonotype5439,1
p69,clonotype544,1
p69,clonotype5440,1
p69,clonotype5441,1
p69,clonotype5442,1
p69,clonotype5443,1
p69,clonotype5444,1
p69,clonotype5445,1
p69,clonotype5447,1
p69,clonotype5448,1
p69,clonotype5449,1
p69,clonotype545,1
p69,clonotype5450,1
p69,clonotype5451,1
p69,clonotype5452,1
p69,clonotype5453,1
p69,clonotype5454,1
p69,clonotype5455,1
p69,clonotype5456,1
p69,clonotype5457,1
p69,clonotype5458,1
p69,clonotype5459,1
p69,clonotype546,1
p69,clonotype5460,1
p69,clonotype5461,1
p69,clonotype5462,1
p69,clonotype5463,1
p69,clonotype5464,1
p69,clonotype5465,1
p69,clonotype5466,1
p69,clonotype5467,1
p69,clonotype5468,1
p69,clonotype5469,1
p69,clonotype547,1
p69,clonotype5470,1
p69,clonotype5471,1
p69,clonotype5472,1
p69,clonotype5473,1
p69,clonotype5475,1
p69,clonotype5476,1
p69,clonotype5477,1
p69,clonotype5478,1
p69,clonotype5480,1
p69,clonotype5481,1
p69,clonotype5482,1
p69,clonotype5483,1
p69,clonotype5484,1
p69,clonotype5485,1
p69,clonotype5486,1
p69,clonotype5487,1
p69,clonotype5488,1
p69,clonotype5489,1
p69,clonotype549,2
p69,clonotype5490,1
p69,clonotype5491,1
p69,clonotype5492,1
p69,clonotype5493,1
p69,clonotype5494,1
p69,clonotype5495,1
p69,clonotype5496,1
p69,clonotype5497,1
p69,clonotype5498,1
p69,clonotype5499,1
p69,clonotype55,3
p69,clonotype550,1
p69,clonotype5500,1
p69,clonotype5501,1
p69,clonotype5502,1
p69,clonotype5503,1
p69,clonotype5504,1
p69,clonotype5505,1
p69,clonotype5506,1
p69,clonotype5507,1
p69,clonotype5508,1
p69,clonotype5509,1
p69,clonotype551,1
p69,clonotype5510,1
p69,clonotype5511,1
p69,clonotype5512,1
p69,clonotype5513,1
p69,clonotype5514,1
p69,clonotype5516,1
p69,clonotype5518,1
p69,clonotype552,1
p69,clonotype5520,1
p69,clonotype5521,1
p69,clonotype5522,1
p69,clonotype5523,1
p69,clonotype5524,1
p69,clonotype5525,1
p69,clonotype5526,1
p69,clonotype5527,1
p69,clonotype5528,1
p69,clonotype5529,1
p69,clonotype553,1
p69,clonotype5530,1
p69,clonotype5531,1
p69,clonotype5532,1
p69,clonotype5533,1
p69,clonotype5534,1
p69,clonotype5535,1
p69,clonotype5536,1
p69,clonotype5537,1
p69,clonotype5538,1
p69,clonotype5539,1
p69,clonotype554,1
p69,clonotype5540,1
p69,clonotype5541,1
p69,clonotype5542,1
p69,clonotype5543,1
p69,clonotype5544,1
p69,clonotype5546,1
p69,clonotype5548,1
p69,clonotype5549,1
p69,clonotype555,1
p69,clonotype5550,1
p69,clonotype5551,1
p69,clonotype5552,1
p69,clonotype5553,1
p69,clonotype5554,1
p69,clonotype5555,1
p69,clonotype5557,1
p69,clonotype5558,1
p69,clonotype5559,1
p69,clonotype556,1
p69,clonotype5560,1
p69,clonotype5561,1
p69,clonotype5563,1
p69,clonotype5564,1
p69,clonotype5565,1
p69,clonotype5566,1
p69,clonotype5567,1
p69,clonotype5568,1
p69,clonotype5569,1
p69,clonotype557,1
p69,clonotype5570,1
p69,clonotype5571,1
p69,clonotype5572,1
p69,clonotype5573,1
p69,clonotype5574,1
p69,clonotype5575,1
p69,clonotype5576,1
p69,clonotype5577,1
p69,clonotype5578,1
p69,clonotype558,1
p69,clonotype5580,1
p69,clonotype5581,1
p69,clonotype5582,1
p69,clonotype5583,1
p69,clonotype5584,1
p69,clonotype5585,1
p69,clonotype5586,1
p69,clonotype5587,1
p69,clonotype5588,1
p69,clonotype5589,1
p69,clonotype559,1
p69,clonotype5590,1
p69,clonotype5591,1
p69,clonotype5592,1
p69,clonotype5593,1
p69,clonotype5594,1
p69,clonotype5595,1
p69,clonotype56,4
p69,clonotype560,1
p69,clonotype561,3
p69,clonotype562,3
p69,clonotype563,2
p69,clonotype564,3
p69,clonotype565,2
p69,clonotype566,3
p69,clonotype567,1
p69,clonotype568,1
p69,clonotype569,3
p69,clonotype57,4
p69,clonotype570,1
p69,clonotype571,2
p69,clonotype572,3
p69,clonotype573,2
p69,clonotype574,2
p69,clonotype575,3
p69,clonotype576,3
p69,clonotype577,3
p69,clonotype578,3
p69,clonotype579,2
p69,clonotype58,3
p69,clonotype580,4
p69,clonotype581,3
p69,clonotype582,3
p69,clonotype5821,1
p69,clonotype5822,1
p69,clonotype5823,1
p69,clonotype5825,1
p69,clonotype5826,1
p69,clonotype5827,1
p69,clonotype5828,1
p69,clonotype5829,1
p69,clonotype583,4
p69,clonotype5831,1
p69,clonotype5832,1
p69,clonotype5833,1
p69,clonotype5834,1
p69,clonotype5836,1
p69,clonotype5838,1
p69,clonotype5839,1
p69,clonotype584,1
p69,clonotype5844,1
p69,clonotype5845,1
p69,clonotype5846,1
p69,clonotype5847,1
p69,clonotype5848,1
p69,clonotype585,2
p69,clonotype5850,1
p69,clonotype5851,1
p69,clonotype5854,1
p69,clonotype5855,1
p69,clonotype5857,1
p69,clonotype5858,1
p69,clonotype586,2
p69,clonotype5860,1
p69,clonotype5861,1
p69,clonotype5862,1
p69,clonotype5863,1
p69,clonotype5864,1
p69,clonotype5865,1
p69,clonotype5866,1
p69,clonotype5867,1
p69,clonotype5868,1
p69,clonotype5869,1
p69,clonotype587,4
p69,clonotype5871,1
p69,clonotype5873,1
p69,clonotype5874,1
p69,clonotype5876,1
p69,clonotype5878,1
p69,clonotype5879,1
p69,clonotype588,3
p69,clonotype5880,1
p69,clonotype5881,1
p69,clonotype5882,1
p69,clonotype5884,1
p69,clonotype5885,1
p69,clonotype5887,1
p69,clonotype5889,1
p69,clonotype589,4
p69,clonotype5892,1
p69,clonotype5894,1
p69,clonotype5895,1
p69,clonotype5896,1
p69,clonotype5897,1
p69,clonotype5898,1
p69,clonotype5899,1
p69,clonotype59,4
p69,clonotype590,2
p69,clonotype5901,1
p69,clonotype5903,1
p69,clonotype5905,1
p69,clonotype5906,1
p69,clonotype5907,1
p69,clonotype5908,1
p69,clonotype5909,1
p69,clonotype591,2
p69,clonotype5911,1
p69,clonotype5913,1
p69,clonotype5914,1
p69,clonotype5915,1
p69,clonotype5916,1
p69,clonotype5917,1
p69,clonotype5918,1
p69,clonotype5919,1
p69,clonotype592,2
p69,clonotype5920,1
p69,clonotype5921,1
p69,clonotype5923,1
p69,clonotype5924,1
p69,clonotype5925,1
p69,clonotype5926,1
p69,clonotype5927,1
p69,clonotype5928,1
p69,clonotype5929,1
p69,clonotype593,3
p69,clonotype5930,1
p69,clonotype5931,1
p69,clonotype5932,1
p69,clonotype5933,1
p69,clonotype5934,1
p69,clonotype5936,1
p69,clonotype5937,1
p69,clonotype5938,1
p69,clonotype5939,1
p69,clonotype594,4
p69,clonotype5940,1
p69,clonotype5942,1
p69,clonotype5943,1
p69,clonotype5944,1
p69,clonotype5945,1
p69,clonotype5946,1
p69,clonotype5947,1
p69,clonotype5948,1
p69,clonotype5949,1
p69,clonotype595,4
p69,clonotype5950,1
p69,clonotype5951,1
p69,clonotype5955,1
p69,clonotype5956,1
p69,clonotype5957,1
p69,clonotype5958,1
p69,clonotype596,2
p69,clonotype5961,1
p69,clonotype5963,1
p69,clonotype5965,1
p69,clonotype5967,1
p69,clonotype5968,1
p69,clonotype5969,1
p69,clonotype597,4
p69,clonotype5970,1
p69,clonotype5972,1
p69,clonotype5973,1
p69,clonotype5974,1
p69,clonotype5975,1
p69,clonotype5976,1
p69,clonotype5978,1
p69,clonotype5979,1
p69,clonotype598,3
p69,clonotype5980,1
p69,clonotype5981,1
p69,clonotype5982,1
p69,clonotype5983,1
p69,clonotype5984,1
p69,clonotype5985,1
p69,clonotype5987,1
p69,clonotype5988,1
p69,clonotype5989,1
p69,clonotype599,2
p69,clonotype5990,1
p69,clonotype5991,1
p69,clonotype5992,1
p69,clonotype5993,1
p69,clonotype5994,1
p69,clonotype5995,1
p69,clonotype5996,1
p69,clonotype5997,1
p69,clonotype5998,1
p69,clonotype6,4
p69,clonotype60,2
p69,clonotype600,3
p69,clonotype6000,1
p69,clonotype6001,1
p69,clonotype6002,1
p69,clonotype6003,1
p69,clonotype6004,1
p69,clonotype6005,1
p69,clonotype6007,1
p69,clonotype6008,1
p69,clonotype601,3
p69,clonotype6010,1
p69,clonotype6012,1
p69,clonotype6014,1
p69,clonotype6015,1
p69,clonotype6016,1
p69,clonotype6017,1
p69,clonotype6018,1
p69,clonotype6019,1
p69,clonotype602,3
p69,clonotype6020,1
p69,clonotype6021,1
p69,clonotype6023,1
p69,clonotype6024,1
p69,clonotype6025,1
p69,clonotype6026,1
p69,clonotype6027,1
p69,clonotype6028,1
p69,clonotype6029,1
p69,clonotype603,2
p69,clonotype6030,1
p69,clonotype6031,1
p69,clonotype6032,1
p69,clonotype6033,1
p69,clonotype6034,1
p69,clonotype6035,1
p69,clonotype6036,1
p69,clonotype6037,1
p69,clonotype604,3
p69,clonotype6040,1
p69,clonotype6041,1
p69,clonotype6042,1
p69,clonotype6043,1
p69,clonotype6045,1
p69,clonotype6046,1
p69,clonotype6047,1
p69,clonotype6048,1
p69,clonotype6049,1
p69,clonotype605,4
p69,clonotype6050,1
p69,clonotype6051,1
p69,clonotype6052,1
p69,clonotype6053,1
p69,clonotype6054,1
p69,clonotype6055,1
p69,clonotype6056,1
p69,clonotype6057,1
p69,clonotype6058,1
p69,clonotype6059,1
p69,clonotype606,3
p69,clonotype6060,1
p69,clonotype6061,1
p69,clonotype6062,1
p69,clonotype6063,1
p69,clonotype6064,1
p69,clonotype6065,1
p69,clonotype6066,1
p69,clonotype6067,1
p69,clonotype607,4
p69,clonotype6070,1
p69,clonotype6071,1
p69,clonotype6072,1
p69,clonotype6074,1
p69,clonotype6075,1
p69,clonotype6076,1
p69,clonotype6078,1
p69,clonotype6079,1
p69,clonotype608,1
p69,clonotype6080,1
p69,clonotype6081,1
p69,clonotype6082,1
p69,clonotype6083,1
p69,clonotype6084,1
p69,clonotype6085,1
p69,clonotype6086,1
p69,clonotype6087,1
p69,clonotype6088,1
p69,clonotype6089,1
p69,clonotype609,3
p69,clonotype6090,1
p69,clonotype6091,1
p69,clonotype6092,1
p69,clonotype6093,1
p69,clonotype6095,1
p69,clonotype6096,1
p69,clonotype6097,1
p69,clonotype6098,1
p69,clonotype6099,1
p69,clonotype61,6
p69,clonotype610,2
p69,clonotype6100,1
p69,clonotype6101,1
p69,clonotype6102,1
p69,clonotype6103,1
p69,clonotype6104,1
p69,clonotype6105,1
p69,clonotype6106,1
p69,clonotype6107,1
p69,clonotype6108,1
p69,clonotype6109,1
p69,clonotype611,3
p69,clonotype6110,1
p69,clonotype6111,1
p69,clonotype6112,1
p69,clonotype6114,1
p69,clonotype6115,1
p69,clonotype6116,1
p69,clonotype6117,1
p69,clonotype6118,1
p69,clonotype6119,1
p69,clonotype612,2
p69,clonotype6120,1
p69,clonotype6121,1
p69,clonotype6122,1
p69,clonotype6123,1
p69,clonotype6124,1
p69,clonotype6125,1
p69,clonotype6126,1
p69,clonotype6127,1
p69,clonotype6128,1
p69,clonotype6129,1
p69,clonotype613,3
p69,clonotype6130,1
p69,clonotype6132,1
p69,clonotype6133,1
p69,clonotype6135,1
p69,clonotype6136,1
p69,clonotype6137,1
p69,clonotype6138,1
p69,clonotype6139,1
p69,clonotype614,2
p69,clonotype6142,1
p69,clonotype6143,1
p69,clonotype6144,1
p69,clonotype6145,1
p69,clonotype6146,1
p69,clonotype6147,1
p69,clonotype6148,1
p69,clonotype6149,1
p69,clonotype615,3
p69,clonotype6150,1
p69,clonotype6151,1
p69,clonotype6152,1
p69,clonotype6153,1
p69,clonotype6154,1
p69,clonotype6155,1
p69,clonotype6156,1
p69,clonotype6157,1
p69,clonotype6158,1
p69,clonotype616,3
p69,clonotype6161,1
p69,clonotype6162,1
p69,clonotype6163,1
p69,clonotype6164,1
p69,clonotype6165,1
p69,clonotype6166,1
p69,clonotype6167,1
p69,clonotype6169,1
p69,clonotype617,3
p69,clonotype6170,1
p69,clonotype6172,1
p69,clonotype6173,1
p69,clonotype6174,1
p69,clonotype6175,1
p69,clonotype6176,1
p69,clonotype618,1
p69,clonotype6181,1
p69,clonotype6182,1
p69,clonotype6183,1
p69,clonotype6184,1
p69,clonotype6185,1
p69,clonotype6186,1
p69,clonotype6187,1
p69,clonotype6188,1
p69,clonotype619,2
p69,clonotype6191,1
p69,clonotype6192,1
p69,clonotype6193,1
p69,clonotype6194,1
p69,clonotype6195,1
p69,clonotype6196,1
p69,clonotype6197,1
p69,clonotype6198,1
p69,clonotype6199,1
p69,clonotype62,4
p69,clonotype620,1
p69,clonotype6201,1
p69,clonotype6202,1
p69,clonotype6203,1
p69,clonotype6204,1
p69,clonotype6206,1
p69,clonotype6207,1
p69,clonotype6208,1
p69,clonotype621,2
p69,clonotype6210,1
p69,clonotype6211,1
p69,clonotype6212,1
p69,clonotype6213,1
p69,clonotype6214,1
p69,clonotype6215,1
p69,clonotype6216,1
p69,clonotype6217,1
p69,clonotype6218,1
p69,clonotype6219,1
p69,clonotype622,3
p69,clonotype6221,1
p69,clonotype6222,1
p69,clonotype6223,1
p69,clonotype6224,1
p69,clonotype6226,1
p69,clonotype6227,1
p69,clonotype6228,1
p69,clonotype6229,1
p69,clonotype623,2
p69,clonotype6230,1
p69,clonotype6231,1
p69,clonotype6232,1
p69,clonotype6233,1
p69,clonotype6234,1
p69,clonotype6235,1
p69,clonotype6236,1
p69,clonotype6237,1
p69,clonotype6238,1
p69,clonotype6239,1
p69,clonotype624,1
p69,clonotype6240,1
p69,clonotype6241,1
p69,clonotype6242,1
p69,clonotype6243,1
p69,clonotype6244,1
p69,clonotype6245,1
p69,clonotype6246,1
p69,clonotype6248,1
p69,clonotype6249,1
p69,clonotype625,1
p69,clonotype6250,1
p69,clonotype6251,1
p69,clonotype6252,1
p69,clonotype6253,1
p69,clonotype6254,1
p69,clonotype6255,1
p69,clonotype6257,1
p69,clonotype6258,1
p69,clonotype6259,1
p69,clonotype626,1
p69,clonotype6261,1
p69,clonotype6262,1
p69,clonotype6264,1
p69,clonotype6265,1
p69,clonotype6266,1
p69,clonotype6267,1
p69,clonotype6268,1
p69,clonotype627,2
p69,clonotype6270,1
p69,clonotype6271,1
p69,clonotype6272,1
p69,clonotype6273,1
p69,clonotype6275,1
p69,clonotype6276,1
p69,clonotype6277,1
p69,clonotype6278,1
p69,clonotype6279,1
p69,clonotype6280,1
p69,clonotype6281,1
p69,clonotype6282,1
p69,clonotype6284,1
p69,clonotype6285,1
p69,clonotype6286,1
p69,clonotype6287,1
p69,clonotype629,1
p69,clonotype6290,1
p69,clonotype6291,1
p69,clonotype6292,1
p69,clonotype6293,1
p69,clonotype6294,1
p69,clonotype6295,1
p69,clonotype6296,1
p69,clonotype6298,1
p69,clonotype6299,1
p69,clonotype63,6
p69,clonotype630,2
p69,clonotype6300,1
p69,clonotype6301,1
p69,clonotype6302,1
p69,clonotype6303,1
p69,clonotype6304,1
p69,clonotype6305,1
p69,clonotype6307,1
p69,clonotype6308,1
p69,clonotype6309,1
p69,clonotype631,1
p69,clonotype6310,1
p69,clonotype6311,1
p69,clonotype6312,1
p69,clonotype6313,1
p69,clonotype6314,1
p69,clonotype6316,1
p69,clonotype6317,1
p69,clonotype6318,1
p69,clonotype6319,1
p69,clonotype632,1
p69,clonotype6320,1
p69,clonotype6321,1
p69,clonotype6323,1
p69,clonotype6325,1
p69,clonotype6326,1
p69,clonotype6327,1
p69,clonotype6328,1
p69,clonotype6329,1
p69,clonotype6331,1
p69,clonotype6332,1
p69,clonotype6335,1
p69,clonotype6336,1
p69,clonotype6337,1
p69,clonotype6338,1
p69,clonotype6340,1
p69,clonotype6341,1
p69,clonotype6342,1
p69,clonotype6343,1
p69,clonotype6346,1
p69,clonotype6347,1
p69,clonotype6348,1
p69,clonotype635,2
p69,clonotype6350,1
p69,clonotype6351,1
p69,clonotype6352,1
p69,clonotype6353,1
p69,clonotype6354,1
p69,clonotype6355,1
p69,clonotype6356,1
p69,clonotype6358,1
p69,clonotype6359,1
p69,clonotype6360,1
p69,clonotype6361,1
p69,clonotype6362,1
p69,clonotype6363,1
p69,clonotype6364,1
p69,clonotype6365,1
p69,clonotype6366,1
p69,clonotype6367,1
p69,clonotype6368,1
p69,clonotype6369,1
p69,clonotype637,1
p69,clonotype6370,1
p69,clonotype6371,1
p69,clonotype6374,1
p69,clonotype6375,1
p69,clonotype6376,1
p69,clonotype6377,1
p69,clonotype6378,1
p69,clonotype6379,1
p69,clonotype638,1
p69,clonotype6381,1
p69,clonotype6383,1
p69,clonotype6384,1
p69,clonotype6385,1
p69,clonotype6386,1
p69,clonotype6388,1
p69,clonotype6389,1
p69,clonotype639,2
p69,clonotype6391,1
p69,clonotype6392,1
p69,clonotype6393,1
p69,clonotype6394,1
p69,clonotype6396,1
p69,clonotype6397,1
p69,clonotype6398,1
p69,clonotype6399,1
p69,clonotype64,5
p69,clonotype640,1
p69,clonotype6400,1
p69,clonotype6401,1
p69,clonotype6402,1
p69,clonotype6403,1
p69,clonotype6404,1
p69,clonotype6405,1
p69,clonotype6406,1
p69,clonotype6407,1
p69,clonotype6408,1
p69,clonotype6409,1
p69,clonotype641,1
p69,clonotype6410,1
p69,clonotype6411,1
p69,clonotype6412,1
p69,clonotype6414,1
p69,clonotype6415,1
p69,clonotype6416,1
p69,clonotype6418,1
p69,clonotype6419,1
p69,clonotype6420,1
p69,clonotype6422,1
p69,clonotype6423,1
p69,clonotype6424,1
p69,clonotype6425,1
p69,clonotype6427,1
p69,clonotype6428,1
p69,clonotype6429,1
p69,clonotype643,1
p69,clonotype6432,1
p69,clonotype6433,1
p69,clonotype6434,1
p69,clonotype6435,1
p69,clonotype6436,1
p69,clonotype6437,1
p69,clonotype6438,1
p69,clonotype6439,1
p69,clonotype644,1
p69,clonotype6440,1
p69,clonotype6441,1
p69,clonotype6443,1
p69,clonotype6444,1
p69,clonotype6445,1
p69,clonotype6446,1
p69,clonotype6447,1
p69,clonotype6448,1
p69,clonotype6449,1
p69,clonotype645,1
p69,clonotype6451,1
p69,clonotype6452,1
p69,clonotype6453,1
p69,clonotype6454,1
p69,clonotype6455,1
p69,clonotype6457,1
p69,clonotype6458,1
p69,clonotype6459,1
p69,clonotype646,2
p69,clonotype6460,1
p69,clonotype6461,1
p69,clonotype6462,1
p69,clonotype6464,1
p69,clonotype6465,1
p69,clonotype6466,1
p69,clonotype6467,1
p69,clonotype6469,1
p69,clonotype647,1
p69,clonotype6470,1
p69,clonotype6471,1
p69,clonotype6472,1
p69,clonotype6473,1
p69,clonotype6474,1
p69,clonotype6475,1
p69,clonotype6476,1
p69,clonotype6478,1
p69,clonotype6479,1
p69,clonotype6480,1
p69,clonotype6481,1
p69,clonotype6482,1
p69,clonotype6483,1
p69,clonotype6484,1
p69,clonotype6485,1
p69,clonotype6486,1
p69,clonotype6487,1
p69,clonotype6488,1
p69,clonotype6489,1
p69,clonotype649,1
p69,clonotype6490,1
p69,clonotype6491,1
p69,clonotype6492,1
p69,clonotype6493,1
p69,clonotype6494,1
p69,clonotype6495,1
p69,clonotype6496,1
p69,clonotype6498,1
p69,clonotype6499,1
p69,clonotype65,5
p69,clonotype6500,1
p69,clonotype6501,1
p69,clonotype6502,1
p69,clonotype6503,1
p69,clonotype6504,1
p69,clonotype6505,1
p69,clonotype6506,1
p69,clonotype6507,1
p69,clonotype6508,1
p69,clonotype6509,1
p69,clonotype6510,1
p69,clonotype6511,1
p69,clonotype6512,1
p69,clonotype6513,1
p69,clonotype6514,1
p69,clonotype6515,1
p69,clonotype6516,1
p69,clonotype6517,1
p69,clonotype6518,1
p69,clonotype6519,1
p69,clonotype6520,1
p69,clonotype6521,1
p69,clonotype6523,1
p69,clonotype6524,1
p69,clonotype6525,1
p69,clonotype6527,1
p69,clonotype6528,1
p69,clonotype6529,1
p69,clonotype653,1
p69,clonotype6530,1
p69,clonotype6531,1
p69,clonotype6532,1
p69,clonotype6533,1
p69,clonotype6534,1
p69,clonotype6535,1
p69,clonotype6536,1
p69,clonotype6537,1
p69,clonotype6538,1
p69,clonotype6541,1
p69,clonotype6543,1
p69,clonotype6544,1
p69,clonotype6545,1
p69,clonotype6546,1
p69,clonotype6547,1
p69,clonotype6549,1
p69,clonotype655,2
p69,clonotype6550,1
p69,clonotype6551,1
p69,clonotype6554,1
p69,clonotype6555,1
p69,clonotype6556,1
p69,clonotype6557,1
p69,clonotype6559,1
p69,clonotype656,1
p69,clonotype6560,1
p69,clonotype6561,1
p69,clonotype6562,1
p69,clonotype6563,1
p69,clonotype6564,1
p69,clonotype6565,1
p69,clonotype6566,1
p69,clonotype6568,1
p69,clonotype6569,1
p69,clonotype6570,1
p69,clonotype6571,1
p69,clonotype6572,1
p69,clonotype6573,1
p69,clonotype6574,1
p69,clonotype6576,1
p69,clonotype6578,1
p69,clonotype6579,1
p69,clonotype658,1
p69,clonotype6580,1
p69,clonotype6581,1
p69,clonotype6582,1
p69,clonotype6583,1
p69,clonotype6584,1
p69,clonotype6585,1
p69,clonotype6586,1
p69,clonotype6587,1
p69,clonotype6588,1
p69,clonotype6589,1
p69,clonotype6590,1
p69,clonotype6591,1
p69,clonotype6592,1
p69,clonotype6593,1
p69,clonotype6594,1
p69,clonotype6595,1
p69,clonotype6596,1
p69,clonotype6598,1
p69,clonotype6599,1
p69,clonotype66,5
p69,clonotype660,1
p69,clonotype6600,1
p69,clonotype6601,1
p69,clonotype6602,1
p69,clonotype6603,1
p69,clonotype6604,1
p69,clonotype6605,1
p69,clonotype6608,1
p69,clonotype6609,1
p69,clonotype6610,1
p69,clonotype6611,1
p69,clonotype6612,1
p69,clonotype6613,1
p69,clonotype6614,1
p69,clonotype6615,1
p69,clonotype6616,1
p69,clonotype6617,1
p69,clonotype6618,1
p69,clonotype6619,1
p69,clonotype662,2
p69,clonotype6620,1
p69,clonotype6621,1
p69,clonotype6622,1
p69,clonotype6623,1
p69,clonotype6624,1
p69,clonotype6625,1
p69,clonotype6626,1
p69,clonotype6627,1
p69,clonotype6628,1
p69,clonotype6629,1
p69,clonotype663,1
p69,clonotype6630,1
p69,clonotype6632,1
p69,clonotype6633,1
p69,clonotype6634,1
p69,clonotype6635,1
p69,clonotype6636,1
p69,clonotype6637,1
p69,clonotype6638,1
p69,clonotype6639,1
p69,clonotype664,2
p69,clonotype6640,1
p69,clonotype6641,1
p69,clonotype6642,1
p69,clonotype6643,1
p69,clonotype6644,1
p69,clonotype6645,1
p69,clonotype6646,1
p69,clonotype6647,1
p69,clonotype6648,1
p69,clonotype6649,1
p69,clonotype665,2
p69,clonotype6650,1
p69,clonotype6652,1
p69,clonotype6653,1
p69,clonotype6654,1
p69,clonotype6655,1
p69,clonotype6656,1
p69,clonotype6657,1
p69,clonotype6658,1
p69,clonotype666,2
p69,clonotype6660,1
p69,clonotype6661,1
p69,clonotype6662,1
p69,clonotype6663,1
p69,clonotype6664,1
p69,clonotype6666,1
p69,clonotype6667,1
p69,clonotype6668,1
p69,clonotype6669,1
p69,clonotype6670,1
p69,clonotype6671,1
p69,clonotype6673,1
p69,clonotype6674,1
p69,clonotype6675,1
p69,clonotype6676,1
p69,clonotype6677,1
p69,clonotype6679,1
p69,clonotype6680,1
p69,clonotype6681,1
p69,clonotype6683,1
p69,clonotype6684,1
p69,clonotype6685,1
p69,clonotype6686,1
p69,clonotype6687,1
p69,clonotype6688,1
p69,clonotype6689,1
p69,clonotype669,1
p69,clonotype6690,1
p69,clonotype6691,1
p69,clonotype6692,1
p69,clonotype6693,1
p69,clonotype6694,1
p69,clonotype6695,1
p69,clonotype6696,1
p69,clonotype6697,1
p69,clonotype6698,1
p69,clonotype6699,1
p69,clonotype67,5
p69,clonotype6700,1
p69,clonotype6701,1
p69,clonotype6703,1
p69,clonotype6704,1
p69,clonotype6705,1
p69,clonotype6706,1
p69,clonotype6707,1
p69,clonotype6708,1
p69,clonotype6709,1
p69,clonotype671,1
p69,clonotype6710,1
p69,clonotype6711,1
p69,clonotype6712,1
p69,clonotype6713,1
p69,clonotype6714,1
p69,clonotype6715,1
p69,clonotype6716,1
p69,clonotype6717,1
p69,clonotype6718,1
p69,clonotype6719,1
p69,clonotype672,2
p69,clonotype6720,1
p69,clonotype6721,1
p69,clonotype6722,1
p69,clonotype6723,1
p69,clonotype6724,1
p69,clonotype6725,1
p69,clonotype6726,1
p69,clonotype6727,1
p69,clonotype6729,1
p69,clonotype6730,1
p69,clonotype6731,1
p69,clonotype6732,1
p69,clonotype6733,1
p69,clonotype6734,1
p69,clonotype6735,1
p69,clonotype6736,1
p69,clonotype6737,1
p69,clonotype6738,1
p69,clonotype6739,1
p69,clonotype674,2
p69,clonotype6740,1
p69,clonotype6741,1
p69,clonotype6742,1
p69,clonotype6743,1
p69,clonotype6744,1
p69,clonotype6745,1
p69,clonotype6746,1
p69,clonotype6747,1
p69,clonotype6748,1
p69,clonotype6749,1
p69,clonotype675,3
p69,clonotype6750,1
p69,clonotype6751,1
p69,clonotype6752,1
p69,clonotype6753,1
p69,clonotype6754,1
p69,clonotype6755,1
p69,clonotype6756,1
p69,clonotype6757,1
p69,clonotype6758,1
p69,clonotype6759,1
p69,clonotype676,2
p69,clonotype6760,1
p69,clonotype6761,1
p69,clonotype6762,1
p69,clonotype6763,1
p69,clonotype6764,1
p69,clonotype6765,1
p69,clonotype6766,1
p69,clonotype6767,1
p69,clonotype6768,1
p69,clonotype6769,1
p69,clonotype677,3
p69,clonotype6770,1
p69,clonotype6771,1
p69,clonotype6772,1
p69,clonotype6773,1
p69,clonotype6774,1
p69,clonotype6775,1
p69,clonotype6776,1
p69,clonotype6777,1
p69,clonotype6778,1
p69,clonotype6779,1
p69,clonotype6780,1
p69,clonotype6781,1
p69,clonotype6782,1
p69,clonotype679,2
p69,clonotype68,4
p69,clonotype680,1
p69,clonotype681,3
p69,clonotype682,1
p69,clonotype683,3
p69,clonotype684,2
p69,clonotype685,1
p69,clonotype686,2
p69,clonotype687,2
p69,clonotype689,1
p69,clonotype69,4
p69,clonotype690,2
p69,clonotype691,2
p69,clonotype6911,1
p69,clonotype6912,1
p69,clonotype6914,1
p69,clonotype6915,1
p69,clonotype6916,1
p69,clonotype6918,1
p69,clonotype6919,1
p69,clonotype692,1
p69,clonotype6920,1
p69,clonotype6921,1
p69,clonotype6923,1
p69,clonotype6924,1
p69,clonotype6925,1
p69,clonotype6927,1
p69,clonotype6928,1
p69,clonotype6929,1
p69,clonotype693,2
p69,clonotype6930,1
p69,clonotype6931,1
p69,clonotype6932,1
p69,clonotype6933,1
p69,clonotype6934,1
p69,clonotype6935,1
p69,clonotype6936,1
p69,clonotype6937,1
p69,clonotype6938,1
p69,clonotype6939,1
p69,clonotype694,2
p69,clonotype6940,1
p69,clonotype6942,1
p69,clonotype6943,1
p69,clonotype6947,1
p69,clonotype6948,1
p69,clonotype6949,1
p69,clonotype695,1
p69,clonotype6950,1
p69,clonotype6951,1
p69,clonotype6952,1
p69,clonotype6953,1
p69,clonotype6954,1
p69,clonotype6955,1
p69,clonotype6956,1
p69,clonotype6957,1
p69,clonotype6958,1
p69,clonotype696,2
p69,clonotype6960,1
p69,clonotype6961,1
p69,clonotype6962,1
p69,clonotype6964,1
p69,clonotype6967,1
p69,clonotype6968,1
p69,clonotype6969,1
p69,clonotype697,2
p69,clonotype6970,1
p69,clonotype6971,1
p69,clonotype6972,1
p69,clonotype6973,1
p69,clonotype6974,1
p69,clonotype6975,1
p69,clonotype6976,1
p69,clonotype6977,1
p69,clonotype6978,1
p69,clonotype6979,1
p69,clonotype698,2
p69,clonotype6980,1
p69,clonotype6981,1
p69,clonotype6982,1
p69,clonotype6983,1
p69,clonotype6984,1
p69,clonotype6985,1
p69,clonotype6986,1
p69,clonotype6987,1
p69,clonotype6988,1
p69,clonotype6989,1
p69,clonotype699,2
p69,clonotype6991,1
p69,clonotype6992,1
p69,clonotype6993,1
p69,clonotype6994,1
p69,clonotype6995,1
p69,clonotype6996,1
p69,clonotype6997,1
p69,clonotype6998,1
p69,clonotype6999,1
p69,clonotype7,3
p69,clonotype70,5
p69,clonotype700,2
p69,clonotype7000,1
p69,clonotype7001,1
p69,clonotype7002,1
p69,clonotype7003,1
p69,clonotype7004,1
p69,clonotype7005,1
p69,clonotype7007,1
p69,clonotype7008,1
p69,clonotype7009,1
p69,clonotype701,2
p69,clonotype7010,1
p69,clonotype7011,1
p69,clonotype7013,1
p69,clonotype7014,1
p69,clonotype7015,1
p69,clonotype7016,1
p69,clonotype7017,1
p69,clonotype7018,1
p69,clonotype702,2
p69,clonotype7021,1
p69,clonotype7022,1
p69,clonotype7023,1
p69,clonotype7025,1
p69,clonotype7026,1
p69,clonotype7028,1
p69,clonotype7029,1
p69,clonotype703,2
p69,clonotype7031,1
p69,clonotype7032,1
p69,clonotype7033,1
p69,clonotype7035,1
p69,clonotype7036,1
p69,clonotype7037,1
p69,clonotype7038,1
p69,clonotype7039,1
p69,clonotype704,2
p69,clonotype7040,1
p69,clonotype7041,1
p69,clonotype7042,1
p69,clonotype7043,1
p69,clonotype7044,1
p69,clonotype7046,1
p69,clonotype705,1
p69,clonotype7050,1
p69,clonotype7051,1
p69,clonotype7052,1
p69,clonotype7054,1
p69,clonotype7055,1
p69,clonotype7057,1
p69,clonotype7059,1
p69,clonotype706,2
p69,clonotype7061,1
p69,clonotype7062,1
p69,clonotype7063,1
p69,clonotype7066,1
p69,clonotype7068,1
p69,clonotype707,2
p69,clonotype7070,1
p69,clonotype7071,1
p69,clonotype7072,1
p69,clonotype7073,1
p69,clonotype7074,1
p69,clonotype7075,1
p69,clonotype7076,1
p69,clonotype7077,1
p69,clonotype7078,1
p69,clonotype7079,1
p69,clonotype708,2
p69,clonotype7080,1
p69,clonotype7081,1
p69,clonotype7082,1
p69,clonotype7083,1
p69,clonotype7084,1
p69,clonotype7086,1
p69,clonotype7087,1
p69,clonotype7088,1
p69,clonotype7089,1
p69,clonotype709,1
p69,clonotype7090,1
p69,clonotype7092,1
p69,clonotype7093,1
p69,clonotype7094,1
p69,clonotype7095,1
p69,clonotype7096,1
p69,clonotype7097,1
p69,clonotype7098,1
p69,clonotype7099,1
p69,clonotype71,4
p69,clonotype710,3
p69,clonotype7100,1
p69,clonotype7101,1
p69,clonotype7103,1
p69,clonotype7104,1
p69,clonotype7105,1
p69,clonotype7106,1
p69,clonotype7108,1
p69,clonotype7109,1
p69,clonotype711,3
p69,clonotype7110,1
p69,clonotype7111,1
p69,clonotype7112,1
p69,clonotype7113,1
p69,clonotype7114,1
p69,clonotype7115,1
p69,clonotype7116,1
p69,clonotype7117,1
p69,clonotype7118,1
p69,clonotype7119,1
p69,clonotype712,1
p69,clonotype7120,1
p69,clonotype7122,1
p69,clonotype7123,1
p69,clonotype7124,1
p69,clonotype7125,1
p69,clonotype7126,1
p69,clonotype7127,1
p69,clonotype7128,1
p69,clonotype7129,1
p69,clonotype713,2
p69,clonotype7130,1
p69,clonotype7131,1
p69,clonotype7132,1
p69,clonotype7133,1
p69,clonotype7135,1
p69,clonotype7136,1
p69,clonotype7138,1
p69,clonotype7139,1
p69,clonotype714,1
p69,clonotype7140,1
p69,clonotype7142,1
p69,clonotype7143,1
p69,clonotype7144,1
p69,clonotype7147,1
p69,clonotype7148,1
p69,clonotype7149,1
p69,clonotype715,3
p69,clonotype7150,1
p69,clonotype7151,1
p69,clonotype7152,1
p69,clonotype7154,1
p69,clonotype7155,1
p69,clonotype7156,1
p69,clonotype7157,1
p69,clonotype7158,1
p69,clonotype716,2
p69,clonotype7160,1
p69,clonotype7161,1
p69,clonotype7162,1
p69,clonotype7163,1
p69,clonotype7164,1
p69,clonotype7165,1
p69,clonotype7166,1
p69,clonotype7167,1
p69,clonotype7168,1
p69,clonotype7169,1
p69,clonotype717,2
p69,clonotype7170,1
p69,clonotype7171,1
p69,clonotype7172,1
p69,clonotype7173,1
p69,clonotype7174,1
p69,clonotype7175,1
p69,clonotype7176,1
p69,clonotype7177,1
p69,clonotype7178,1
p69,clonotype7179,1
p69,clonotype718,2
p69,clonotype7180,1
p69,clonotype7181,1
p69,clonotype7182,1
p69,clonotype7183,1
p69,clonotype7184,1
p69,clonotype7185,1
p69,clonotype7187,1
p69,clonotype719,3
p69,clonotype7190,1
p69,clonotype7191,1
p69,clonotype7192,1
p69,clonotype7193,1
p69,clonotype7194,1
p69,clonotype7195,1
p69,clonotype7196,1
p69,clonotype7197,1
p69,clonotype7199,1
p69,clonotype72,5
p69,clonotype720,1
p69,clonotype7200,1
p69,clonotype7203,1
p69,clonotype7204,1
p69,clonotype7205,1
p69,clonotype7206,1
p69,clonotype7207,1
p69,clonotype7209,1
p69,clonotype721,3
p69,clonotype7210,1
p69,clonotype7211,1
p69,clonotype7213,1
p69,clonotype7214,1
p69,clonotype7215,1
p69,clonotype7216,1
p69,clonotype7217,1
p69,clonotype7218,1
p69,clonotype7219,1
p69,clonotype722,3
p69,clonotype7220,1
p69,clonotype7221,1
p69,clonotype7222,1
p69,clonotype7223,1
p69,clonotype7224,1
p69,clonotype7225,1
p69,clonotype7226,1
p69,clonotype7227,1
p69,clonotype7228,1
p69,clonotype7229,1
p69,clonotype723,2
p69,clonotype7230,1
p69,clonotype7232,1
p69,clonotype7235,1
p69,clonotype7236,1
p69,clonotype7237,1
p69,clonotype7238,1
p69,clonotype7239,1
p69,clonotype7240,1
p69,clonotype7241,1
p69,clonotype7242,1
p69,clonotype7243,1
p69,clonotype7244,1
p69,clonotype7245,1
p69,clonotype7246,1
p69,clonotype7247,1
p69,clonotype7248,1
p69,clonotype725,2
p69,clonotype7251,1
p69,clonotype7252,1
p69,clonotype7253,1
p69,clonotype7254,1
p69,clonotype7255,1
p69,clonotype7256,1
p69,clonotype7259,1
p69,clonotype726,3
p69,clonotype7260,1
p69,clonotype7261,1
p69,clonotype7262,1
p69,clonotype7263,1
p69,clonotype7264,1
p69,clonotype7265,1
p69,clonotype7266,1
p69,clonotype7267,1
p69,clonotype7268,1
p69,clonotype7269,1
p69,clonotype727,3
p69,clonotype7270,1
p69,clonotype7271,1
p69,clonotype7272,1
p69,clonotype7273,1
p69,clonotype7274,1
p69,clonotype7275,1
p69,clonotype7276,1
p69,clonotype7277,1
p69,clonotype7278,1
p69,clonotype7279,1
p69,clonotype728,3
p69,clonotype7280,1
p69,clonotype7281,1
p69,clonotype7282,1
p69,clonotype7283,1
p69,clonotype7284,1
p69,clonotype7285,1
p69,clonotype7286,1
p69,clonotype7287,1
p69,clonotype7288,1
p69,clonotype7289,1
p69,clonotype729,3
p69,clonotype7290,1
p69,clonotype7291,1
p69,clonotype7292,1
p69,clonotype7293,1
p69,clonotype7294,1
p69,clonotype7295,1
p69,clonotype7296,1
p69,clonotype7297,1
p69,clonotype7298,1
p69,clonotype7299,1
p69,clonotype73,3
p69,clonotype730,3
p69,clonotype7300,1
p69,clonotype7301,1
p69,clonotype7302,1
p69,clonotype7303,1
p69,clonotype7304,1
p69,clonotype7305,1
p69,clonotype7306,1
p69,clonotype7307,1
p69,clonotype7308,1
p69,clonotype7309,1
p69,clonotype731,3
p69,clonotype7310,1
p69,clonotype7311,1
p69,clonotype7312,1
p69,clonotype7313,1
p69,clonotype7315,1
p69,clonotype7316,1
p69,clonotype7317,1
p69,clonotype7318,1
p69,clonotype7319,1
p69,clonotype732,1
p69,clonotype7320,1
p69,clonotype7321,1
p69,clonotype7322,1
p69,clonotype7323,1
p69,clonotype7324,1
p69,clonotype7325,1
p69,clonotype7326,1
p69,clonotype7327,1
p69,clonotype7328,1
p69,clonotype7329,1
p69,clonotype733,2
p69,clonotype7330,1
p69,clonotype7331,1
p69,clonotype7332,1
p69,clonotype7333,1
p69,clonotype7334,1
p69,clonotype7335,1
p69,clonotype7336,1
p69,clonotype7337,1
p69,clonotype7338,1
p69,clonotype7339,1
p69,clonotype734,2
p69,clonotype7340,1
p69,clonotype7341,1
p69,clonotype7342,1
p69,clonotype7343,1
p69,clonotype7345,1
p69,clonotype7346,1
p69,clonotype7347,1
p69,clonotype7348,1
p69,clonotype7349,1
p69,clonotype735,3
p69,clonotype7350,1
p69,clonotype7351,1
p69,clonotype7352,1
p69,clonotype7354,1
p69,clonotype7355,1
p69,clonotype7356,1
p69,clonotype7357,1
p69,clonotype7358,1
p69,clonotype7359,1
p69,clonotype736,2
p69,clonotype7360,1
p69,clonotype7361,1
p69,clonotype7362,1
p69,clonotype7363,1
p69,clonotype7364,1
p69,clonotype737,2
p69,clonotype738,3
p69,clonotype739,3
p69,clonotype74,6
p69,clonotype740,3
p69,clonotype741,4
p69,clonotype742,2
p69,clonotype7421,1
p69,clonotype7423,1
p69,clonotype7424,1
p69,clonotype7425,1
p69,clonotype7426,1
p69,clonotype7427,1
p69,clonotype7428,1
p69,clonotype7429,1
p69,clonotype743,1
p69,clonotype7430,1
p69,clonotype7432,1
p69,clonotype7433,1
p69,clonotype7434,1
p69,clonotype7435,1
p69,clonotype7436,1
p69,clonotype744,1
p69,clonotype7440,1
p69,clonotype7441,1
p69,clonotype7442,1
p69,clonotype7443,1
p69,clonotype7444,1
p69,clonotype7446,1
p69,clonotype7447,1
p69,clonotype7448,1
p69,clonotype745,2
p69,clonotype7450,1
p69,clonotype7451,1
p69,clonotype7453,1
p69,clonotype7454,1
p69,clonotype7455,1
p69,clonotype7456,1
p69,clonotype7457,1
p69,clonotype7458,1
p69,clonotype7459,1
p69,clonotype746,2
p69,clonotype7460,1
p69,clonotype7461,1
p69,clonotype7462,1
p69,clonotype7463,1
p69,clonotype7464,1
p69,clonotype7465,1
p69,clonotype7466,1
p69,clonotype7467,1
p69,clonotype7468,1
p69,clonotype7469,1
p69,clonotype747,2
p69,clonotype7470,1
p69,clonotype7471,1
p69,clonotype7472,1
p69,clonotype7473,1
p69,clonotype7474,1
p69,clonotype7475,1
p69,clonotype7476,1
p69,clonotype7477,1
p69,clonotype7478,1
p69,clonotype7479,1
p69,clonotype748,2
p69,clonotype7480,1
p69,clonotype7481,1
p69,clonotype7482,1
p69,clonotype7483,1
p69,clonotype7484,1
p69,clonotype7485,1
p69,clonotype7486,1
p69,clonotype7487,1
p69,clonotype7488,1
p69,clonotype7489,1
p69,clonotype749,1
p69,clonotype7490,1
p69,clonotype7491,1
p69,clonotype7492,1
p69,clonotype7493,1
p69,clonotype7494,1
p69,clonotype7495,1
p69,clonotype7497,1
p69,clonotype7498,1
p69,clonotype7499,1
p69,clonotype75,5
p69,clonotype750,3
p69,clonotype7500,1
p69,clonotype7501,1
p69,clonotype7503,1
p69,clonotype7504,1
p69,clonotype7505,1
p69,clonotype7507,1
p69,clonotype7508,1
p69,clonotype7509,1
p69,clonotype751,2
p69,clonotype7510,1
p69,clonotype7511,1
p69,clonotype7512,1
p69,clonotype7513,1
p69,clonotype7514,1
p69,clonotype7515,1
p69,clonotype7517,1
p69,clonotype7519,1
p69,clonotype752,1
p69,clonotype7520,1
p69,clonotype7521,1
p69,clonotype7522,1
p69,clonotype7523,1
p69,clonotype7524,1
p69,clonotype7526,1
p69,clonotype7527,1
p69,clonotype7528,1
p69,clonotype7529,1
p69,clonotype753,1
p69,clonotype7530,1
p69,clonotype7532,1
p69,clonotype7533,1
p69,clonotype7534,1
p69,clonotype7535,1
p69,clonotype7536,1
p69,clonotype7537,1
p69,clonotype7538,1
p69,clonotype7539,1
p69,clonotype7540,1
p69,clonotype7541,1
p69,clonotype7542,1
p69,clonotype7543,1
p69,clonotype7544,1
p69,clonotype7545,1
p69,clonotype7546,1
p69,clonotype7547,1
p69,clonotype7548,1
p69,clonotype7549,1
p69,clonotype755,3
p69,clonotype7550,1
p69,clonotype7551,1
p69,clonotype7552,1
p69,clonotype7553,1
p69,clonotype7554,1
p69,clonotype7555,1
p69,clonotype7556,1
p69,clonotype7557,1
p69,clonotype7558,1
p69,clonotype7559,1
p69,clonotype7561,1
p69,clonotype7562,1
p69,clonotype7563,1
p69,clonotype7564,1
p69,clonotype7565,1
p69,clonotype7567,1
p69,clonotype7568,1
p69,clonotype7569,1
p69,clonotype757,2
p69,clonotype7570,1
p69,clonotype7571,1
p69,clonotype7572,1
p69,clonotype7575,1
p69,clonotype7576,1
p69,clonotype7577,1
p69,clonotype7578,1
p69,clonotype7579,1
p69,clonotype758,2
p69,clonotype7580,1
p69,clonotype7581,1
p69,clonotype7582,1
p69,clonotype7583,1
p69,clonotype7584,1
p69,clonotype7585,1
p69,clonotype7586,1
p69,clonotype7587,1
p69,clonotype7588,1
p69,clonotype7589,1
p69,clonotype759,3
p69,clonotype7590,1
p69,clonotype7591,1
p69,clonotype7592,1
p69,clonotype7593,1
p69,clonotype7594,1
p69,clonotype7595,1
p69,clonotype7596,1
p69,clonotype7597,1
p69,clonotype7599,1
p69,clonotype76,5
p69,clonotype760,3
p69,clonotype7600,1
p69,clonotype7601,1
p69,clonotype7602,1
p69,clonotype7603,1
p69,clonotype7604,1
p69,clonotype7606,1
p69,clonotype7607,1
p69,clonotype7609,1
p69,clonotype761,2
p69,clonotype7611,1
p69,clonotype7612,1
p69,clonotype7614,1
p69,clonotype7615,1
p69,clonotype7616,1
p69,clonotype7617,1
p69,clonotype7618,1
p69,clonotype7619,1
p69,clonotype762,2
p69,clonotype7620,1
p69,clonotype7621,1
p69,clonotype7622,1
p69,clonotype7623,1
p69,clonotype7624,1
p69,clonotype7625,1
p69,clonotype763,2
p69,clonotype764,4
p69,clonotype765,3
p69,clonotype7655,1
p69,clonotype7656,1
p69,clonotype7657,1
p69,clonotype7658,1
p69,clonotype766,3
p69,clonotype7661,1
p69,clonotype7662,1
p69,clonotype7663,1
p69,clonotype7664,1
p69,clonotype7666,1
p69,clonotype7667,1
p69,clonotype7668,1
p69,clonotype7669,1
p69,clonotype767,3
p69,clonotype7670,1
p69,clonotype7672,1
p69,clonotype7673,1
p69,clonotype7674,1
p69,clonotype7675,1
p69,clonotype7676,1
p69,clonotype7677,1
p69,clonotype7678,1
p69,clonotype7679,1
p69,clonotype768,3
p69,clonotype7680,1
p69,clonotype7681,1
p69,clonotype7683,1
p69,clonotype7684,1
p69,clonotype7685,1
p69,clonotype7686,1
p69,clonotype7687,1
p69,clonotype7688,1
p69,clonotype7689,1
p69,clonotype769,3
p69,clonotype7690,1
p69,clonotype7691,1
p69,clonotype7692,1
p69,clonotype7694,1
p69,clonotype7695,1
p69,clonotype7696,1
p69,clonotype7697,1
p69,clonotype7698,1
p69,clonotype7699,1
p69,clonotype77,4
p69,clonotype770,2
p69,clonotype7700,1
p69,clonotype7702,1
p69,clonotype7703,1
p69,clonotype7705,1
p69,clonotype7707,1
p69,clonotype7708,1
p69,clonotype7709,1
p69,clonotype771,4
p69,clonotype7710,1
p69,clonotype7711,1
p69,clonotype7712,1
p69,clonotype7713,1
p69,clonotype7714,1
p69,clonotype7715,1
p69,clonotype7716,1
p69,clonotype7718,1
p69,clonotype7719,1
p69,clonotype772,3
p69,clonotype7720,1
p69,clonotype7721,1
p69,clonotype7722,1
p69,clonotype7723,1
p69,clonotype7724,1
p69,clonotype7725,1
p69,clonotype7726,1
p69,clonotype7727,1
p69,clonotype7728,1
p69,clonotype7729,1
p69,clonotype773,1
p69,clonotype7730,1
p69,clonotype7731,1
p69,clonotype7732,1
p69,clonotype7733,1
p69,clonotype7734,1
p69,clonotype7735,1
p69,clonotype7736,1
p69,clonotype7737,1
p69,clonotype7738,1
p69,clonotype7739,1
p69,clonotype774,1
p69,clonotype7740,1
p69,clonotype7741,1
p69,clonotype7742,1
p69,clonotype7743,1
p69,clonotype7744,1
p69,clonotype7745,1
p69,clonotype7746,1
p69,clonotype7747,1
p69,clonotype7748,1
p69,clonotype7749,1
p69,clonotype775,3
p69,clonotype7750,1
p69,clonotype7751,1
p69,clonotype7752,1
p69,clonotype7753,1
p69,clonotype7754,1
p69,clonotype776,3
p69,clonotype7766,1
p69,clonotype7767,1
p69,clonotype7768,1
p69,clonotype7769,1
p69,clonotype777,2
p69,clonotype7772,1
p69,clonotype7773,1
p69,clonotype7774,1
p69,clonotype7775,1
p69,clonotype7776,1
p69,clonotype7777,1
p69,clonotype7779,1
p69,clonotype778,2
p69,clonotype7780,1
p69,clonotype7781,1
p69,clonotype7782,1
p69,clonotype7783,1
p69,clonotype7784,1
p69,clonotype7785,1
p69,clonotype7786,1
p69,clonotype7787,1
p69,clonotype7788,1
p69,clonotype7789,1
p69,clonotype779,2
p69,clonotype7790,1
p69,clonotype7791,1
p69,clonotype7792,1
p69,clonotype7794,1
p69,clonotype7795,1
p69,clonotype7796,1
p69,clonotype7797,1
p69,clonotype7798,1
p69,clonotype7799,1
p69,clonotype78,3
p69,clonotype780,3
p69,clonotype7800,1
p69,clonotype7801,1
p69,clonotype7802,1
p69,clonotype7803,1
p69,clonotype7804,1
p69,clonotype7805,1
p69,clonotype7806,1
p69,clonotype7807,1
p69,clonotype7808,1
p69,clonotype7809,1
p69,clonotype781,1
p69,clonotype7810,1
p69,clonotype7811,1
p69,clonotype782,2
p69,clonotype7820,1
p69,clonotype7821,1
p69,clonotype7822,1
p69,clonotype7823,1
p69,clonotype7824,1
p69,clonotype7825,1
p69,clonotype7827,1
p69,clonotype7829,1
p69,clonotype783,2
p69,clonotype7830,1
p69,clonotype7831,1
p69,clonotype7832,1
p69,clonotype7833,1
p69,clonotype7834,1
p69,clonotype7835,1
p69,clonotype7836,1
p69,clonotype7837,1
p69,clonotype784,2
p69,clonotype7841,1
p69,clonotype7844,1
p69,clonotype7845,1
p69,clonotype7846,1
p69,clonotype7847,1
p69,clonotype785,1
p69,clonotype7850,1
p69,clonotype7851,1
p69,clonotype7853,1
p69,clonotype7854,1
p69,clonotype7855,1
p69,clonotype7856,1
p69,clonotype7857,1
p69,clonotype7859,1
p69,clonotype786,1
p69,clonotype787,2
p69,clonotype7871,1
p69,clonotype7872,1
p69,clonotype7873,1
p69,clonotype7874,1
p69,clonotype7875,1
p69,clonotype7876,1
p69,clonotype7877,1
p69,clonotype7879,1
p69,clonotype788,3
p69,clonotype7880,1
p69,clonotype7881,1
p69,clonotype7882,1
p69,clonotype7883,1
p69,clonotype7884,1
p69,clonotype7885,1
p69,clonotype7887,1
p69,clonotype7888,1
p69,clonotype7889,1
p69,clonotype789,2
p69,clonotype7890,1
p69,clonotype7891,1
p69,clonotype7894,1
p69,clonotype7895,1
p69,clonotype7896,1
p69,clonotype7897,1
p69,clonotype7898,1
p69,clonotype7899,1
p69,clonotype79,5
p69,clonotype790,1
p69,clonotype7900,1
p69,clonotype7901,1
p69,clonotype7902,1
p69,clonotype7903,1
p69,clonotype7904,1
p69,clonotype7905,1
p69,clonotype7906,1
p69,clonotype7908,1
p69,clonotype7909,1
p69,clonotype791,3
p69,clonotype7913,1
p69,clonotype7914,1
p69,clonotype7915,1
p69,clonotype7916,1
p69,clonotype7918,1
p69,clonotype7919,1
p69,clonotype792,2
p69,clonotype7921,1
p69,clonotype7922,1
p69,clonotype7923,1
p69,clonotype7924,1
p69,clonotype7925,1
p69,clonotype7926,1
p69,clonotype7927,1
p69,clonotype7928,1
p69,clonotype793,3
p69,clonotype7930,1
p69,clonotype794,3
p69,clonotype795,2
p69,clonotype796,2
p69,clonotype797,2
p69,clonotype798,3
p69,clonotype799,2
p69,clonotype8,5
p69,clonotype80,3
p69,clonotype800,2
p69,clonotype801,1
p69,clonotype802,1
p69,clonotype803,2
p69,clonotype804,1
p69,clonotype805,2
p69,clonotype806,2
p69,clonotype807,3
p69,clonotype808,3
p69,clonotype809,3
p69,clonotype81,3
p69,clonotype810,2
p69,clonotype811,3
p69,clonotype812,3
p69,clonotype814,2
p69,clonotype815,3
p69,clonotype816,3
p69,clonotype817,3
p69,clonotype818,2
p69,clonotype819,2
p69,clonotype82,4
p69,clonotype820,1
p69,clonotype821,3
p69,clonotype822,3
p69,clonotype823,1
p69,clonotype824,2
p69,clonotype825,2
p69,clonotype826,1
p69,clonotype827,1
p69,clonotype828,2
p69,clonotype829,1
p69,clonotype83,5
p69,clonotype830,1
p69,clonotype831,1
p69,clonotype832,1
p69,clonotype833,2
p69,clonotype834,2
p69,clonotype835,3
p69,clonotype836,2
p69,clonotype837,1
p69,clonotype838,2
p69,clonotype839,2
p69,clonotype84,5
p69,clonotype840,2
p69,clonotype841,3
p69,clonotype842,1
p69,clonotype843,2
p69,clonotype844,2
p69,clonotype845,3
p69,clonotype846,3
p69,clonotype847,1
p69,clonotype848,2
p69,clonotype849,1
p69,clonotype85,4
p69,clonotype850,3
p69,clonotype851,1
p69,clonotype852,1
p69,clonotype853,2
p69,clonotype854,2
p69,clonotype855,1
p69,clonotype856,2
p69,clonotype857,3
p69,clonotype858,1
p69,clonotype859,1
p69,clonotype86,2
p69,clonotype860,2
p69,clonotype861,1
p69,clonotype862,2
p69,clonotype863,2
p69,clonotype865,2
p69,clonotype867,2
p69,clonotype868,2
p69,clonotype869,2
p69,clonotype87,3
p69,clonotype870,2
p69,clonotype871,1
p69,clonotype872,1
p69,clonotype873,2
p69,clonotype874,1
p69,clonotype875,1
p69,clonotype877,2
p69,clonotype878,1
p69,clonotype879,3
p69,clonotype88,2
p69,clonotype880,3
p69,clonotype881,2
p69,clonotype882,2
p69,clonotype883,3
p69,clonotype885,2
p69,clonotype886,1
p69,clonotype887,2
p69,clonotype889,1
p69,clonotype89,3
p69,clonotype890,1
p69,clonotype891,2
p69,clonotype892,2
p69,clonotype893,2
p69,clonotype894,2
p69,clonotype895,2
p69,clonotype896,2
p69,clonotype897,3
p69,clonotype898,2
p69,clonotype899,1
p69,clonotype9,7
p69,clonotype90,4
p69,clonotype900,4
p69,clonotype901,1
p69,clonotype902,3
p69,clonotype903,1
p69,clonotype904,1
p69,clonotype905,2
p69,clonotype906,1
p69,clonotype907,1
p69,clonotype909,1
p69,clonotype91,4
p69,clonotype910,1
p69,clonotype911,2
p69,clonotype912,1
p69,clonotype913,1
p69,clonotype914,2
p69,clonotype915,1
p69,clonotype916,1
p69,clonotype918,1
p69,clonotype919,2
p69,clonotype92,7
p69,clonotype920,1
p69,clonotype921,2
p69,clonotype922,2
p69,clonotype923,1
p69,clonotype925,1
p69,clonotype926,2
p69,clonotype927,1
p69,clonotype928,1
p69,clonotype929,2
p69,clonotype93,4
p69,clonotype930,2
p69,clonotype931,1
p69,clonotype932,1
p69,clonotype934,1
p69,clonotype935,1
p69,clonotype936,1
p69,clonotype937,3
p69,clonotype938,1
p69,clonotype939,2
p69,clonotype94,3
p69,clonotype940,1
p69,clonotype941,2
p69,clonotype943,2
p69,clonotype945,1
p69,clonotype946,1
p69,clonotype947,1
p69,clonotype949,1
p69,clonotype95,2
p69,clonotype950,2
p69,clonotype951,1
p69,clonotype952,1
p69,clonotype955,1
p69,clonotype956,1
p69,clonotype957,1
p69,clonotype958,3
p69,clonotype959,1
p69,clonotype96,1
p69,clonotype960,1
p69,clonotype963,1
p69,clonotype964,1
p69,clonotype966,1
p69,clonotype967,3
p69,clonotype968,1
p69,clonotype969,2
p69,clonotype97,3
p69,clonotype970,2
p69,clonotype971,1
p69,clonotype973,1
p69,clonotype974,1
p69,clonotype975,1
p69,clonotype976,1
p69,clonotype977,1
p69,clonotype978,1
p69,clonotype979,2
p69,clonotype98,5
p69,clonotype980,1
p69,clonotype981,1
p69,clonotype982,1
p69,clonotype983,1
p69,clonotype984,1
p69,clonotype985,2
p69,clonotype986,1
p69,clonotype987,1
p69,clonotype988,1
p69,clonotype989,1
p69,clonotype99,4
p69,clonotype990,1
p69,clonotype991,2
p69,clonotype992,1
p69,clonotype993,1
p69,clonotype994,1
p69,clonotype995,1
p69,clonotype996,1
p69,clonotype998,1
p69,clonotype999,1
p7,clonotype1,1
p7,clonotype10,4
p7,clonotype100,3
p7,clonotype1000,2
p7,clonotype1001,3
p7,clonotype1002,3
p7,clonotype1003,3
p7,clonotype1004,3
p7,clonotype1005,3
p7,clonotype1006,4
p7,clonotype1007,3
p7,clonotype1008,2
p7,clonotype1009,3
p7,clonotype101,3
p7,clonotype1010,3
p7,clonotype1011,2
p7,clonotype1012,3
p7,clonotype1013,2
p7,clonotype1014,3
p7,clonotype1015,3
p7,clonotype1016,2
p7,clonotype1017,3
p7,clonotype1018,3
p7,clonotype1019,1
p7,clonotype102,4
p7,clonotype1020,2
p7,clonotype1021,1
p7,clonotype1022,3
p7,clonotype1023,3
p7,clonotype1024,4
p7,clonotype1025,2
p7,clonotype1026,2
p7,clonotype1027,2
p7,clonotype1028,3
p7,clonotype1029,3
p7,clonotype103,5
p7,clonotype1030,2
p7,clonotype1031,3
p7,clonotype1032,3
p7,clonotype1033,3
p7,clonotype1034,3
p7,clonotype1035,3
p7,clonotype1036,3
p7,clonotype1037,3
p7,clonotype1038,2
p7,clonotype1039,4
p7,clonotype104,1
p7,clonotype1040,2
p7,clonotype1041,3
p7,clonotype1042,2
p7,clonotype1043,3
p7,clonotype1044,2
p7,clonotype1045,3
p7,clonotype1046,3
p7,clonotype1047,3
p7,clonotype1048,2
p7,clonotype1049,2
p7,clonotype105,4
p7,clonotype1050,2
p7,clonotype1051,4
p7,clonotype1052,3
p7,clonotype1053,3
p7,clonotype1054,2
p7,clonotype1055,4
p7,clonotype1056,2
p7,clonotype1057,2
p7,clonotype1058,3
p7,clonotype1059,3
p7,clonotype106,5
p7,clonotype1060,3
p7,clonotype1061,1
p7,clonotype1062,2
p7,clonotype1063,2
p7,clonotype1064,4
p7,clonotype1065,3
p7,clonotype1066,3
p7,clonotype1067,2
p7,clonotype1068,2
p7,clonotype1069,2
p7,clonotype107,5
p7,clonotype1070,3
p7,clonotype1071,1
p7,clonotype1072,2
p7,clonotype1073,3
p7,clonotype1074,3
p7,clonotype1075,3
p7,clonotype1076,3
p7,clonotype1077,4
p7,clonotype1078,1
p7,clonotype1079,3
p7,clonotype108,4
p7,clonotype1080,2
p7,clonotype1081,3
p7,clonotype1082,3
p7,clonotype1083,3
p7,clonotype1084,2
p7,clonotype1085,3
p7,clonotype1086,2
p7,clonotype1087,3
p7,clonotype1088,3
p7,clonotype1089,4
p7,clonotype109,3
p7,clonotype1090,2
p7,clonotype1091,3
p7,clonotype1092,3
p7,clonotype1093,1
p7,clonotype1094,1
p7,clonotype1095,1
p7,clonotype1096,2
p7,clonotype1097,2
p7,clonotype1098,1
p7,clonotype1099,1
p7,clonotype11,3
p7,clonotype110,4
p7,clonotype1102,1
p7,clonotype1104,1
p7,clonotype1105,1
p7,clonotype1106,1
p7,clonotype1107,1
p7,clonotype1108,1
p7,clonotype111,2
p7,clonotype1110,1
p7,clonotype1111,1
p7,clonotype1112,1
p7,clonotype1113,1
p7,clonotype1114,1
p7,clonotype1115,1
p7,clonotype1119,1
p7,clonotype112,4
p7,clonotype1121,1
p7,clonotype1122,1
p7,clonotype1123,1
p7,clonotype1124,1
p7,clonotype1126,1
p7,clonotype113,4
p7,clonotype1132,1
p7,clonotype1135,1
p7,clonotype1137,1
p7,clonotype1139,1
p7,clonotype114,3
p7,clonotype1141,2
p7,clonotype1142,1
p7,clonotype1143,2
p7,clonotype1144,1
p7,clonotype1145,1
p7,clonotype1146,2
p7,clonotype1147,1
p7,clonotype1148,2
p7,clonotype1149,1
p7,clonotype115,4
p7,clonotype1150,2
p7,clonotype1151,1
p7,clonotype1152,1
p7,clonotype1153,2
p7,clonotype1154,2
p7,clonotype1155,1
p7,clonotype1156,2
p7,clonotype1158,2
p7,clonotype1159,2
p7,clonotype116,5
p7,clonotype1160,1
p7,clonotype1161,1
p7,clonotype1162,1
p7,clonotype1163,3
p7,clonotype1164,3
p7,clonotype1165,2
p7,clonotype1166,1
p7,clonotype1167,1
p7,clonotype1168,1
p7,clonotype1169,1
p7,clonotype117,2
p7,clonotype1170,2
p7,clonotype1171,3
p7,clonotype1172,2
p7,clonotype1173,2
p7,clonotype1174,2
p7,clonotype1175,2
p7,clonotype1176,2
p7,clonotype1177,2
p7,clonotype1178,2
p7,clonotype1179,2
p7,clonotype118,3
p7,clonotype1180,1
p7,clonotype1181,1
p7,clonotype1182,2
p7,clonotype1183,2
p7,clonotype1184,2
p7,clonotype1185,2
p7,clonotype1186,1
p7,clonotype1187,2
p7,clonotype1188,2
p7,clonotype1189,2
p7,clonotype119,4
p7,clonotype1190,3
p7,clonotype1191,3
p7,clonotype1192,2
p7,clonotype1193,2
p7,clonotype1194,2
p7,clonotype1195,1
p7,clonotype1196,3
p7,clonotype1197,2
p7,clonotype1198,2
p7,clonotype1199,2
p7,clonotype12,2
p7,clonotype120,4
p7,clonotype1200,2
p7,clonotype1201,1
p7,clonotype1202,2
p7,clonotype1203,2
p7,clonotype1204,2
p7,clonotype1205,2
p7,clonotype1206,1
p7,clonotype1207,1
p7,clonotype1208,2
p7,clonotype121,3
p7,clonotype1210,1
p7,clonotype1211,1
p7,clonotype1212,3
p7,clonotype1213,2
p7,clonotype1214,1
p7,clonotype1215,1
p7,clonotype1216,2
p7,clonotype1217,1
p7,clonotype1218,1
p7,clonotype1219,2
p7,clonotype122,1
p7,clonotype1220,1
p7,clonotype1221,2
p7,clonotype1222,1
p7,clonotype1223,2
p7,clonotype1224,2
p7,clonotype1225,2
p7,clonotype1227,1
p7,clonotype1228,2
p7,clonotype1229,2
p7,clonotype123,4
p7,clonotype1230,2
p7,clonotype1231,3
p7,clonotype1232,3
p7,clonotype1233,3
p7,clonotype1234,3
p7,clonotype1235,2
p7,clonotype1236,3
p7,clonotype1237,2
p7,clonotype1238,3
p7,clonotype1239,2
p7,clonotype124,4
p7,clonotype1240,3
p7,clonotype1241,2
p7,clonotype1242,2
p7,clonotype1243,2
p7,clonotype1244,2
p7,clonotype1245,2
p7,clonotype1246,3
p7,clonotype1247,1
p7,clonotype1248,3
p7,clonotype1249,3
p7,clonotype125,1
p7,clonotype1250,2
p7,clonotype1251,2
p7,clonotype1252,2
p7,clonotype1253,2
p7,clonotype1254,2
p7,clonotype1255,3
p7,clonotype1256,3
p7,clonotype1257,1
p7,clonotype1258,2
p7,clonotype1259,3
p7,clonotype126,4
p7,clonotype1260,1
p7,clonotype1261,2
p7,clonotype1262,3
p7,clonotype1263,3
p7,clonotype1264,4
p7,clonotype1265,3
p7,clonotype1266,2
p7,clonotype1267,2
p7,clonotype1268,3
p7,clonotype1269,2
p7,clonotype127,4
p7,clonotype1270,1
p7,clonotype1271,3
p7,clonotype1272,2
p7,clonotype1273,3
p7,clonotype1274,2
p7,clonotype1275,3
p7,clonotype1276,2
p7,clonotype1277,3
p7,clonotype1278,1
p7,clonotype1279,3
p7,clonotype128,4
p7,clonotype1280,1
p7,clonotype1281,1
p7,clonotype1282,1
p7,clonotype1283,3
p7,clonotype1284,3
p7,clonotype1285,3
p7,clonotype1286,4
p7,clonotype1287,4
p7,clonotype1288,4
p7,clonotype1289,4
p7,clonotype129,4
p7,clonotype1290,3
p7,clonotype1291,4
p7,clonotype1292,4
p7,clonotype1293,2
p7,clonotype1294,3
p7,clonotype1295,4
p7,clonotype1296,4
p7,clonotype1297,4
p7,clonotype1298,4
p7,clonotype1299,3
p7,clonotype13,3
p7,clonotype130,3
p7,clonotype1300,3
p7,clonotype1301,2
p7,clonotype1302,5
p7,clonotype1303,4
p7,clonotype1304,4
p7,clonotype1305,2
p7,clonotype1306,2
p7,clonotype1307,3
p7,clonotype1308,4
p7,clonotype1309,4
p7,clonotype131,3
p7,clonotype1310,3
p7,clonotype1311,3
p7,clonotype1312,2
p7,clonotype1313,4
p7,clonotype1314,2
p7,clonotype1315,4
p7,clonotype1316,4
p7,clonotype1317,3
p7,clonotype1318,3
p7,clonotype1319,2
p7,clonotype132,4
p7,clonotype1320,4
p7,clonotype1321,4
p7,clonotype1322,4
p7,clonotype1323,3
p7,clonotype1324,4
p7,clonotype1325,2
p7,clonotype1326,4
p7,clonotype1327,1
p7,clonotype1328,4
p7,clonotype1329,4
p7,clonotype133,5
p7,clonotype1330,3
p7,clonotype1331,4
p7,clonotype1332,3
p7,clonotype1333,5
p7,clonotype1334,4
p7,clonotype1335,4
p7,clonotype1336,3
p7,clonotype1337,3
p7,clonotype1338,4
p7,clonotype1339,3
p7,clonotype134,4
p7,clonotype1340,5
p7,clonotype1341,5
p7,clonotype1342,4
p7,clonotype1343,4
p7,clonotype1344,5
p7,clonotype1345,3
p7,clonotype1346,2
p7,clonotype1347,2
p7,clonotype1348,4
p7,clonotype1349,3
p7,clonotype135,4
p7,clonotype1350,4
p7,clonotype1351,3
p7,clonotype1352,3
p7,clonotype1353,2
p7,clonotype1354,4
p7,clonotype1355,3
p7,clonotype1356,3
p7,clonotype1357,3
p7,clonotype1358,4
p7,clonotype1359,4
p7,clonotype136,3
p7,clonotype1360,2
p7,clonotype1361,3
p7,clonotype1362,3
p7,clonotype1363,4
p7,clonotype1364,4
p7,clonotype1365,4
p7,clonotype1366,4
p7,clonotype1367,4
p7,clonotype1368,4
p7,clonotype1369,4
p7,clonotype137,3
p7,clonotype1370,4
p7,clonotype1371,3
p7,clonotype1372,2
p7,clonotype1373,4
p7,clonotype1374,3
p7,clonotype1375,5
p7,clonotype1376,2
p7,clonotype1377,4
p7,clonotype1378,3
p7,clonotype1379,5
p7,clonotype138,2
p7,clonotype1380,5
p7,clonotype1381,3
p7,clonotype1382,3
p7,clonotype1383,3
p7,clonotype1384,4
p7,clonotype1385,5
p7,clonotype1386,3
p7,clonotype1387,4
p7,clonotype1388,5
p7,clonotype1389,4
p7,clonotype139,5
p7,clonotype1390,2
p7,clonotype1391,3
p7,clonotype1392,3
p7,clonotype1393,3
p7,clonotype1394,4
p7,clonotype1395,4
p7,clonotype1396,4
p7,clonotype1397,2
p7,clonotype1398,4
p7,clonotype1399,2
p7,clonotype14,3
p7,clonotype140,2
p7,clonotype1400,4
p7,clonotype1401,4
p7,clonotype1402,4
p7,clonotype1403,4
p7,clonotype1404,4
p7,clonotype1405,3
p7,clonotype1406,5
p7,clonotype1407,4
p7,clonotype1408,4
p7,clonotype1409,3
p7,clonotype141,3
p7,clonotype1410,3
p7,clonotype1411,3
p7,clonotype1412,3
p7,clonotype1413,3
p7,clonotype1414,3
p7,clonotype1415,3
p7,clonotype1416,3
p7,clonotype1417,3
p7,clonotype1418,3
p7,clonotype1419,1
p7,clonotype142,3
p7,clonotype1420,3
p7,clonotype1421,1
p7,clonotype1422,3
p7,clonotype1423,2
p7,clonotype1424,2
p7,clonotype1426,2
p7,clonotype1427,2
p7,clonotype1428,2
p7,clonotype1429,2
p7,clonotype143,4
p7,clonotype1430,3
p7,clonotype1431,2
p7,clonotype1432,2
p7,clonotype1433,1
p7,clonotype1434,1
p7,clonotype1435,2
p7,clonotype1436,2
p7,clonotype1437,1
p7,clonotype1438,2
p7,clonotype1439,2
p7,clonotype144,5
p7,clonotype1440,1
p7,clonotype1441,2
p7,clonotype1442,2
p7,clonotype1443,2
p7,clonotype1444,1
p7,clonotype1445,2
p7,clonotype1446,2
p7,clonotype1447,2
p7,clonotype1448,3
p7,clonotype1449,1
p7,clonotype145,3
p7,clonotype1450,2
p7,clonotype1451,2
p7,clonotype1452,2
p7,clonotype1453,2
p7,clonotype1454,2
p7,clonotype1455,2
p7,clonotype1456,1
p7,clonotype1457,2
p7,clonotype1458,2
p7,clonotype1459,1
p7,clonotype146,3
p7,clonotype1460,2
p7,clonotype1461,2
p7,clonotype1462,2
p7,clonotype1463,1
p7,clonotype1464,2
p7,clonotype1465,3
p7,clonotype1466,3
p7,clonotype1467,2
p7,clonotype1468,2
p7,clonotype1469,2
p7,clonotype147,2
p7,clonotype1470,2
p7,clonotype1471,2
p7,clonotype1472,2
p7,clonotype1473,2
p7,clonotype1474,2
p7,clonotype1475,1
p7,clonotype1476,2
p7,clonotype1477,1
p7,clonotype1478,1
p7,clonotype1479,2
p7,clonotype148,4
p7,clonotype1480,2
p7,clonotype1481,2
p7,clonotype1482,2
p7,clonotype1483,2
p7,clonotype1484,2
p7,clonotype1485,2
p7,clonotype1486,2
p7,clonotype1487,2
p7,clonotype1488,2
p7,clonotype1489,2
p7,clonotype149,2
p7,clonotype1491,1
p7,clonotype1492,2
p7,clonotype1493,2
p7,clonotype1494,2
p7,clonotype1495,1
p7,clonotype1496,2
p7,clonotype1497,2
p7,clonotype1498,2
p7,clonotype15,4
p7,clonotype150,4
p7,clonotype1500,2
p7,clonotype1501,2
p7,clonotype1502,1
p7,clonotype1503,1
p7,clonotype1504,2
p7,clonotype1505,2
p7,clonotype1506,2
p7,clonotype1507,1
p7,clonotype1508,2
p7,clonotype1509,1
p7,clonotype151,4
p7,clonotype1510,3
p7,clonotype1511,1
p7,clonotype1512,1
p7,clonotype1513,2
p7,clonotype1514,2
p7,clonotype1515,2
p7,clonotype1516,2
p7,clonotype1517,2
p7,clonotype1518,3
p7,clonotype1519,4
p7,clonotype152,4
p7,clonotype1520,4
p7,clonotype1521,1
p7,clonotype1522,3
p7,clonotype1523,2
p7,clonotype1524,2
p7,clonotype1525,3
p7,clonotype1526,3
p7,clonotype1527,2
p7,clonotype1528,1
p7,clonotype1529,3
p7,clonotype153,2
p7,clonotype1530,3
p7,clonotype1531,3
p7,clonotype1532,2
p7,clonotype1533,3
p7,clonotype1534,2
p7,clonotype1535,1
p7,clonotype1536,3
p7,clonotype1537,1
p7,clonotype1538,2
p7,clonotype1539,3
p7,clonotype154,4
p7,clonotype1540,3
p7,clonotype1541,3
p7,clonotype1542,1
p7,clonotype1543,2
p7,clonotype1544,3
p7,clonotype1545,2
p7,clonotype1546,3
p7,clonotype1547,3
p7,clonotype1548,2
p7,clonotype1549,2
p7,clonotype155,4
p7,clonotype1550,2
p7,clonotype1551,2
p7,clonotype1552,1
p7,clonotype1553,4
p7,clonotype1554,2
p7,clonotype1555,4
p7,clonotype1556,2
p7,clonotype1557,3
p7,clonotype1558,3
p7,clonotype1559,3
p7,clonotype156,4
p7,clonotype1560,2
p7,clonotype1561,2
p7,clonotype1562,2
p7,clonotype1563,3
p7,clonotype1564,2
p7,clonotype1565,3
p7,clonotype1566,3
p7,clonotype1567,2
p7,clonotype1568,1
p7,clonotype1569,3
p7,clonotype157,3
p7,clonotype1570,3
p7,clonotype1571,3
p7,clonotype1572,3
p7,clonotype1573,3
p7,clonotype1574,3
p7,clonotype1575,2
p7,clonotype1576,3
p7,clonotype1577,2
p7,clonotype1578,1
p7,clonotype1579,3
p7,clonotype158,2
p7,clonotype1580,3
p7,clonotype1581,4
p7,clonotype1582,4
p7,clonotype1583,4
p7,clonotype1584,3
p7,clonotype1585,4
p7,clonotype1586,4
p7,clonotype1587,3
p7,clonotype1588,3
p7,clonotype1589,3
p7,clonotype159,4
p7,clonotype1590,4
p7,clonotype1591,4
p7,clonotype1592,3
p7,clonotype1593,3
p7,clonotype1594,3
p7,clonotype1595,1
p7,clonotype1596,3
p7,clonotype1597,2
p7,clonotype1598,3
p7,clonotype1599,2
p7,clonotype16,6
p7,clonotype160,4
p7,clonotype1600,3
p7,clonotype1601,2
p7,clonotype1602,1
p7,clonotype1603,2
p7,clonotype1604,2
p7,clonotype1605,3
p7,clonotype1606,2
p7,clonotype1607,3
p7,clonotype1608,2
p7,clonotype1609,2
p7,clonotype161,4
p7,clonotype1610,2
p7,clonotype1611,1
p7,clonotype1612,3
p7,clonotype1613,2
p7,clonotype1614,2
p7,clonotype1615,3
p7,clonotype1616,3
p7,clonotype1617,3
p7,clonotype1618,3
p7,clonotype1619,2
p7,clonotype162,4
p7,clonotype1620,3
p7,clonotype1621,2
p7,clonotype1622,1
p7,clonotype1623,2
p7,clonotype1624,2
p7,clonotype1625,2
p7,clonotype1626,2
p7,clonotype1627,3
p7,clonotype1628,3
p7,clonotype1629,2
p7,clonotype163,6
p7,clonotype1630,2
p7,clonotype1631,1
p7,clonotype1632,3
p7,clonotype1633,2
p7,clonotype1634,3
p7,clonotype1635,3
p7,clonotype1636,2
p7,clonotype1637,2
p7,clonotype1638,1
p7,clonotype1639,4
p7,clonotype164,4
p7,clonotype1640,3
p7,clonotype1641,3
p7,clonotype1642,2
p7,clonotype1643,3
p7,clonotype1644,3
p7,clonotype1645,2
p7,clonotype1646,3
p7,clonotype1647,1
p7,clonotype1648,3
p7,clonotype1649,1
p7,clonotype165,3
p7,clonotype1650,1
p7,clonotype1651,2
p7,clonotype1652,2
p7,clonotype1653,1
p7,clonotype1654,3
p7,clonotype1655,2
p7,clonotype1656,2
p7,clonotype1657,3
p7,clonotype1658,3
p7,clonotype1659,3
p7,clonotype166,3
p7,clonotype1660,3
p7,clonotype1661,3
p7,clonotype1662,3
p7,clonotype1663,2
p7,clonotype1664,2
p7,clonotype1665,2
p7,clonotype1666,1
p7,clonotype1668,3
p7,clonotype1669,3
p7,clonotype167,3
p7,clonotype1670,2
p7,clonotype1671,3
p7,clonotype1672,3
p7,clonotype1673,2
p7,clonotype1674,3
p7,clonotype1675,2
p7,clonotype1676,3
p7,clonotype1677,3
p7,clonotype1678,3
p7,clonotype1679,2
p7,clonotype168,3
p7,clonotype1680,3
p7,clonotype1681,2
p7,clonotype1682,2
p7,clonotype1683,3
p7,clonotype1684,2
p7,clonotype1685,3
p7,clonotype1686,2
p7,clonotype1687,1
p7,clonotype1688,3
p7,clonotype1689,2
p7,clonotype169,2
p7,clonotype1690,1
p7,clonotype1691,2
p7,clonotype1692,2
p7,clonotype1693,2
p7,clonotype1694,1
p7,clonotype1695,2
p7,clonotype1696,2
p7,clonotype1697,2
p7,clonotype1698,1
p7,clonotype1699,2
p7,clonotype17,3
p7,clonotype170,3
p7,clonotype1700,2
p7,clonotype1701,2
p7,clonotype1702,2
p7,clonotype1703,2
p7,clonotype1704,2
p7,clonotype1705,2
p7,clonotype1706,2
p7,clonotype1707,2
p7,clonotype1708,1
p7,clonotype1709,2
p7,clonotype171,3
p7,clonotype1710,1
p7,clonotype1711,1
p7,clonotype1712,3
p7,clonotype1713,2
p7,clonotype1714,2
p7,clonotype1715,2
p7,clonotype1716,2
p7,clonotype1717,2
p7,clonotype1718,2
p7,clonotype1719,2
p7,clonotype172,2
p7,clonotype1720,2
p7,clonotype1721,1
p7,clonotype1722,1
p7,clonotype1723,1
p7,clonotype1725,1
p7,clonotype1726,1
p7,clonotype1727,1
p7,clonotype1728,2
p7,clonotype1729,3
p7,clonotype173,3
p7,clonotype1730,2
p7,clonotype1731,3
p7,clonotype1732,2
p7,clonotype1733,2
p7,clonotype1734,1
p7,clonotype1735,1
p7,clonotype1737,2
p7,clonotype1738,2
p7,clonotype1739,2
p7,clonotype174,4
p7,clonotype1740,2
p7,clonotype1741,1
p7,clonotype1742,2
p7,clonotype1743,2
p7,clonotype1744,2
p7,clonotype1745,2
p7,clonotype1746,1
p7,clonotype1747,1
p7,clonotype1748,1
p7,clonotype1749,2
p7,clonotype175,4
p7,clonotype1750,2
p7,clonotype1751,2
p7,clonotype1752,2
p7,clonotype1753,1
p7,clonotype1754,2
p7,clonotype1755,3
p7,clonotype1756,2
p7,clonotype1757,1
p7,clonotype1758,1
p7,clonotype1759,1
p7,clonotype176,2
p7,clonotype1760,2
p7,clonotype1761,1
p7,clonotype1762,1
p7,clonotype1763,1
p7,clonotype1764,4
p7,clonotype1765,2
p7,clonotype1766,2
p7,clonotype1767,2
p7,clonotype1768,1
p7,clonotype1769,2
p7,clonotype177,2
p7,clonotype1770,1
p7,clonotype1771,2
p7,clonotype1772,2
p7,clonotype1773,2
p7,clonotype1774,2
p7,clonotype1775,1
p7,clonotype1776,2
p7,clonotype1777,3
p7,clonotype1778,1
p7,clonotype1779,1
p7,clonotype178,3
p7,clonotype1780,1
p7,clonotype1781,2
p7,clonotype1782,2
p7,clonotype1783,1
p7,clonotype1784,2
p7,clonotype1785,3
p7,clonotype1786,4
p7,clonotype1787,3
p7,clonotype1788,4
p7,clonotype1789,2
p7,clonotype179,3
p7,clonotype1790,3
p7,clonotype1791,3
p7,clonotype1792,3
p7,clonotype1793,3
p7,clonotype1794,4
p7,clonotype1795,3
p7,clonotype1796,5
p7,clonotype1797,4
p7,clonotype1798,4
p7,clonotype1799,1
p7,clonotype18,3
p7,clonotype180,3
p7,clonotype1800,5
p7,clonotype1801,3
p7,clonotype1802,4
p7,clonotype1803,3
p7,clonotype1804,4
p7,clonotype1805,3
p7,clonotype1806,2
p7,clonotype1807,4
p7,clonotype1808,4
p7,clonotype1809,2
p7,clonotype181,2
p7,clonotype1810,2
p7,clonotype1811,3
p7,clonotype1812,3
p7,clonotype1813,4
p7,clonotype1814,3
p7,clonotype1815,4
p7,clonotype1816,3
p7,clonotype1817,3
p7,clonotype1818,3
p7,clonotype1819,4
p7,clonotype182,4
p7,clonotype1820,4
p7,clonotype1821,4
p7,clonotype1822,4
p7,clonotype1823,3
p7,clonotype1824,3
p7,clonotype1825,4
p7,clonotype1826,3
p7,clonotype1827,5
p7,clonotype1828,4
p7,clonotype1829,3
p7,clonotype183,4
p7,clonotype1830,5
p7,clonotype1831,4
p7,clonotype1832,4
p7,clonotype1833,3
p7,clonotype1834,3
p7,clonotype1835,2
p7,clonotype1836,3
p7,clonotype1837,4
p7,clonotype1838,2
p7,clonotype1839,4
p7,clonotype184,3
p7,clonotype1840,3
p7,clonotype1841,4
p7,clonotype1842,4
p7,clonotype1843,2
p7,clonotype1844,5
p7,clonotype1845,4
p7,clonotype1846,3
p7,clonotype1847,4
p7,clonotype1848,3
p7,clonotype1849,3
p7,clonotype185,4
p7,clonotype1850,2
p7,clonotype1851,3
p7,clonotype1852,3
p7,clonotype1853,3
p7,clonotype1854,3
p7,clonotype1855,2
p7,clonotype1856,3
p7,clonotype1857,3
p7,clonotype1858,1
p7,clonotype1859,3
p7,clonotype186,3
p7,clonotype1860,4
p7,clonotype1861,4
p7,clonotype1862,4
p7,clonotype1863,2
p7,clonotype1864,3
p7,clonotype1865,4
p7,clonotype1866,4
p7,clonotype1867,4
p7,clonotype1868,3
p7,clonotype1869,2
p7,clonotype187,3
p7,clonotype1870,2
p7,clonotype1871,3
p7,clonotype1872,3
p7,clonotype1873,3
p7,clonotype1874,1
p7,clonotype1875,2
p7,clonotype1876,2
p7,clonotype1877,2
p7,clonotype1878,2
p7,clonotype1879,2
p7,clonotype188,2
p7,clonotype1880,3
p7,clonotype1881,4
p7,clonotype1882,3
p7,clonotype1883,2
p7,clonotype1884,2
p7,clonotype1885,1
p7,clonotype1886,1
p7,clonotype1887,2
p7,clonotype1888,2
p7,clonotype1889,2
p7,clonotype189,4
p7,clonotype1890,3
p7,clonotype1891,2
p7,clonotype1892,2
p7,clonotype1893,2
p7,clonotype1894,2
p7,clonotype1895,2
p7,clonotype1896,1
p7,clonotype1897,2
p7,clonotype1898,1
p7,clonotype1899,2
p7,clonotype19,3
p7,clonotype190,2
p7,clonotype1900,2
p7,clonotype1901,1
p7,clonotype1902,3
p7,clonotype1903,2
p7,clonotype1904,3
p7,clonotype1905,2
p7,clonotype1906,3
p7,clonotype1907,1
p7,clonotype1908,2
p7,clonotype1909,2
p7,clonotype191,3
p7,clonotype1910,3
p7,clonotype1911,3
p7,clonotype1912,2
p7,clonotype1913,2
p7,clonotype1914,3
p7,clonotype1915,3
p7,clonotype1916,3
p7,clonotype1917,4
p7,clonotype1918,3
p7,clonotype1919,2
p7,clonotype192,3
p7,clonotype1920,1
p7,clonotype1921,2
p7,clonotype1922,2
p7,clonotype1923,2
p7,clonotype1924,2
p7,clonotype1925,2
p7,clonotype1926,3
p7,clonotype1927,2
p7,clonotype1928,2
p7,clonotype1929,1
p7,clonotype193,4
p7,clonotype1930,3
p7,clonotype1931,2
p7,clonotype1932,2
p7,clonotype1933,2
p7,clonotype1934,2
p7,clonotype1935,2
p7,clonotype1936,1
p7,clonotype1937,2
p7,clonotype1938,2
p7,clonotype1939,2
p7,clonotype194,3
p7,clonotype1940,2
p7,clonotype1941,2
p7,clonotype1942,2
p7,clonotype1943,1
p7,clonotype1944,1
p7,clonotype1945,2
p7,clonotype1946,1
p7,clonotype1948,3
p7,clonotype1949,3
p7,clonotype195,5
p7,clonotype1950,3
p7,clonotype1951,3
p7,clonotype1952,4
p7,clonotype1953,2
p7,clonotype1954,4
p7,clonotype1955,4
p7,clonotype1956,3
p7,clonotype1957,4
p7,clonotype1958,4
p7,clonotype1959,4
p7,clonotype196,2
p7,clonotype1960,4
p7,clonotype1961,5
p7,clonotype1962,4
p7,clonotype1963,3
p7,clonotype1964,2
p7,clonotype1965,4
p7,clonotype1966,4
p7,clonotype1967,3
p7,clonotype1968,4
p7,clonotype1969,4
p7,clonotype197,3
p7,clonotype1970,4
p7,clonotype1971,3
p7,clonotype1972,4
p7,clonotype1973,2
p7,clonotype1974,3
p7,clonotype1975,2
p7,clonotype1976,4
p7,clonotype1977,4
p7,clonotype1978,1
p7,clonotype1979,2
p7,clonotype198,5
p7,clonotype1980,2
p7,clonotype1981,2
p7,clonotype1982,2
p7,clonotype1983,3
p7,clonotype1984,4
p7,clonotype1985,3
p7,clonotype1986,3
p7,clonotype1987,3
p7,clonotype1988,4
p7,clonotype1989,3
p7,clonotype199,3
p7,clonotype1990,4
p7,clonotype1991,3
p7,clonotype1992,1
p7,clonotype1993,4
p7,clonotype1994,1
p7,clonotype1995,1
p7,clonotype1996,2
p7,clonotype1997,4
p7,clonotype1998,4
p7,clonotype1999,3
p7,clonotype2,2
p7,clonotype20,3
p7,clonotype200,3
p7,clonotype2000,3
p7,clonotype2001,3
p7,clonotype2002,1
p7,clonotype2003,1
p7,clonotype2004,2
p7,clonotype2005,2
p7,clonotype2006,2
p7,clonotype2007,1
p7,clonotype2008,2
p7,clonotype2009,2
p7,clonotype201,3
p7,clonotype2010,3
p7,clonotype2011,3
p7,clonotype2012,3
p7,clonotype2013,2
p7,clonotype2014,2
p7,clonotype2016,1
p7,clonotype2017,3
p7,clonotype2018,3
p7,clonotype2019,3
p7,clonotype202,3
p7,clonotype2020,2
p7,clonotype2021,2
p7,clonotype2022,2
p7,clonotype2023,3
p7,clonotype2024,3
p7,clonotype2025,3
p7,clonotype2026,2
p7,clonotype2027,3
p7,clonotype2028,2
p7,clonotype2029,2
p7,clonotype203,4
p7,clonotype2030,3
p7,clonotype2031,2
p7,clonotype2032,2
p7,clonotype2033,1
p7,clonotype2034,1
p7,clonotype2035,2
p7,clonotype2036,1
p7,clonotype2037,1
p7,clonotype2038,2
p7,clonotype2039,2
p7,clonotype204,3
p7,clonotype2040,1
p7,clonotype2041,1
p7,clonotype2042,1
p7,clonotype2043,1
p7,clonotype2044,2
p7,clonotype2045,2
p7,clonotype2046,2
p7,clonotype2047,1
p7,clonotype2048,1
p7,clonotype2049,2
p7,clonotype205,4
p7,clonotype2050,2
p7,clonotype2051,1
p7,clonotype2052,2
p7,clonotype2053,2
p7,clonotype2054,3
p7,clonotype2055,2
p7,clonotype2056,2
p7,clonotype2057,1
p7,clonotype2058,2
p7,clonotype2059,1
p7,clonotype206,4
p7,clonotype2060,2
p7,clonotype2061,1
p7,clonotype2062,2
p7,clonotype2063,2
p7,clonotype2064,2
p7,clonotype2065,1
p7,clonotype2066,2
p7,clonotype2067,2
p7,clonotype2068,2
p7,clonotype2069,1
p7,clonotype207,4
p7,clonotype2070,3
p7,clonotype2071,2
p7,clonotype2072,1
p7,clonotype2073,2
p7,clonotype2074,1
p7,clonotype2075,2
p7,clonotype2076,2
p7,clonotype2077,2
p7,clonotype2078,2
p7,clonotype2079,2
p7,clonotype208,4
p7,clonotype2080,2
p7,clonotype2081,2
p7,clonotype2082,2
p7,clonotype2083,2
p7,clonotype2084,2
p7,clonotype2085,2
p7,clonotype2086,2
p7,clonotype2087,2
p7,clonotype2088,2
p7,clonotype2089,1
p7,clonotype209,4
p7,clonotype2090,2
p7,clonotype2091,1
p7,clonotype2092,1
p7,clonotype2093,2
p7,clonotype2094,2
p7,clonotype2095,3
p7,clonotype2096,2
p7,clonotype2097,1
p7,clonotype2098,2
p7,clonotype2099,1
p7,clonotype21,2
p7,clonotype210,4
p7,clonotype2100,2
p7,clonotype2101,1
p7,clonotype2102,2
p7,clonotype2103,2
p7,clonotype2104,2
p7,clonotype2105,2
p7,clonotype2106,2
p7,clonotype2107,1
p7,clonotype2109,1
p7,clonotype211,4
p7,clonotype2110,2
p7,clonotype2111,2
p7,clonotype2112,1
p7,clonotype2113,1
p7,clonotype2114,2
p7,clonotype2115,1
p7,clonotype2117,1
p7,clonotype2118,1
p7,clonotype2119,2
p7,clonotype212,3
p7,clonotype2120,2
p7,clonotype2121,1
p7,clonotype2122,2
p7,clonotype2123,2
p7,clonotype2124,2
p7,clonotype2125,2
p7,clonotype2126,2
p7,clonotype2127,2
p7,clonotype2128,1
p7,clonotype2129,1
p7,clonotype213,4
p7,clonotype2130,2
p7,clonotype2131,1
p7,clonotype2132,2
p7,clonotype2133,2
p7,clonotype2134,1
p7,clonotype2135,2
p7,clonotype2136,3
p7,clonotype2137,2
p7,clonotype2138,2
p7,clonotype2139,2
p7,clonotype214,3
p7,clonotype2140,2
p7,clonotype2141,2
p7,clonotype2142,1
p7,clonotype2143,2
p7,clonotype2144,1
p7,clonotype2145,2
p7,clonotype2146,2
p7,clonotype2147,2
p7,clonotype2148,1
p7,clonotype2149,2
p7,clonotype215,4
p7,clonotype2150,2
p7,clonotype2151,3
p7,clonotype2152,2
p7,clonotype2153,3
p7,clonotype2154,2
p7,clonotype2155,1
p7,clonotype2156,1
p7,clonotype2157,1
p7,clonotype2158,1
p7,clonotype216,3
p7,clonotype2160,1
p7,clonotype2161,1
p7,clonotype2162,1
p7,clonotype2163,1
p7,clonotype2164,1
p7,clonotype2165,1
p7,clonotype2166,1
p7,clonotype2167,1
p7,clonotype2168,1
p7,clonotype217,3
p7,clonotype2171,1
p7,clonotype2172,1
p7,clonotype2173,1
p7,clonotype2174,2
p7,clonotype2175,1
p7,clonotype2179,2
p7,clonotype218,2
p7,clonotype2183,1
p7,clonotype2184,1
p7,clonotype2185,1
p7,clonotype2186,1
p7,clonotype2188,1
p7,clonotype2189,1
p7,clonotype219,3
p7,clonotype2190,1
p7,clonotype2191,1
p7,clonotype2192,1
p7,clonotype2193,1
p7,clonotype2194,1
p7,clonotype2195,2
p7,clonotype2197,1
p7,clonotype2199,1
p7,clonotype22,3
p7,clonotype220,3
p7,clonotype2200,1
p7,clonotype2201,1
p7,clonotype2202,1
p7,clonotype2205,1
p7,clonotype2206,1
p7,clonotype2207,1
p7,clonotype2208,1
p7,clonotype221,4
p7,clonotype2210,1
p7,clonotype2211,1
p7,clonotype2212,1
p7,clonotype2213,1
p7,clonotype2217,1
p7,clonotype2218,1
p7,clonotype2219,1
p7,clonotype222,4
p7,clonotype223,4
p7,clonotype224,4
p7,clonotype225,2
p7,clonotype2250,1
p7,clonotype2251,1
p7,clonotype2252,1
p7,clonotype2253,1
p7,clonotype2254,1
p7,clonotype2255,1
p7,clonotype2256,1
p7,clonotype2258,1
p7,clonotype2259,1
p7,clonotype226,4
p7,clonotype2260,1
p7,clonotype2262,1
p7,clonotype2263,1
p7,clonotype2264,1
p7,clonotype2267,1
p7,clonotype2268,1
p7,clonotype227,3
p7,clonotype2273,1
p7,clonotype2274,1
p7,clonotype2275,1
p7,clonotype2277,1
p7,clonotype2278,2
p7,clonotype2279,1
p7,clonotype228,2
p7,clonotype2282,1
p7,clonotype2283,1
p7,clonotype2284,1
p7,clonotype2285,2
p7,clonotype2286,2
p7,clonotype2287,2
p7,clonotype2289,1
p7,clonotype229,4
p7,clonotype2290,3
p7,clonotype2291,2
p7,clonotype2292,2
p7,clonotype2293,1
p7,clonotype2294,1
p7,clonotype2295,1
p7,clonotype2296,2
p7,clonotype2297,1
p7,clonotype2298,1
p7,clonotype2299,2
p7,clonotype23,3
p7,clonotype230,3
p7,clonotype2301,2
p7,clonotype2302,1
p7,clonotype2303,2
p7,clonotype2304,1
p7,clonotype2305,2
p7,clonotype2306,1
p7,clonotype2307,2
p7,clonotype2308,2
p7,clonotype2309,2
p7,clonotype231,4
p7,clonotype2310,3
p7,clonotype2311,3
p7,clonotype2312,2
p7,clonotype2313,2
p7,clonotype2314,2
p7,clonotype2315,2
p7,clonotype2316,2
p7,clonotype2317,2
p7,clonotype2318,1
p7,clonotype2319,2
p7,clonotype232,2
p7,clonotype2320,2
p7,clonotype2321,1
p7,clonotype2322,2
p7,clonotype2323,1
p7,clonotype2324,1
p7,clonotype2325,1
p7,clonotype2326,2
p7,clonotype2327,1
p7,clonotype2328,1
p7,clonotype2329,2
p7,clonotype233,3
p7,clonotype2330,2
p7,clonotype2331,2
p7,clonotype2333,3
p7,clonotype2334,2
p7,clonotype2335,2
p7,clonotype2336,2
p7,clonotype2337,1
p7,clonotype2338,1
p7,clonotype2339,3
p7,clonotype234,4
p7,clonotype2341,1
p7,clonotype2342,1
p7,clonotype2343,1
p7,clonotype2344,2
p7,clonotype2345,2
p7,clonotype2346,1
p7,clonotype2347,2
p7,clonotype2348,2
p7,clonotype2349,2
p7,clonotype235,4
p7,clonotype2350,2
p7,clonotype2351,2
p7,clonotype2352,2
p7,clonotype2353,2
p7,clonotype2354,3
p7,clonotype2355,1
p7,clonotype2356,2
p7,clonotype2357,2
p7,clonotype2358,2
p7,clonotype2359,2
p7,clonotype236,3
p7,clonotype2360,3
p7,clonotype2361,2
p7,clonotype2362,2
p7,clonotype2363,1
p7,clonotype2364,2
p7,clonotype2365,2
p7,clonotype2366,1
p7,clonotype2368,2
p7,clonotype2369,2
p7,clonotype237,3
p7,clonotype2370,2
p7,clonotype2371,2
p7,clonotype2372,2
p7,clonotype2373,2
p7,clonotype2374,2
p7,clonotype2375,1
p7,clonotype2376,2
p7,clonotype2377,2
p7,clonotype2378,2
p7,clonotype2379,2
p7,clonotype238,2
p7,clonotype2380,1
p7,clonotype2381,2
p7,clonotype2382,1
p7,clonotype2383,1
p7,clonotype2384,2
p7,clonotype2385,2
p7,clonotype2386,3
p7,clonotype2387,1
p7,clonotype2388,1
p7,clonotype2389,2
p7,clonotype239,3
p7,clonotype2390,2
p7,clonotype2391,3
p7,clonotype2392,2
p7,clonotype2393,2
p7,clonotype2394,2
p7,clonotype2395,2
p7,clonotype2396,2
p7,clonotype2397,2
p7,clonotype2398,2
p7,clonotype2399,1
p7,clonotype24,1
p7,clonotype240,4
p7,clonotype2400,2
p7,clonotype2401,2
p7,clonotype2402,1
p7,clonotype2403,2
p7,clonotype2404,1
p7,clonotype2405,2
p7,clonotype2406,1
p7,clonotype2407,2
p7,clonotype2408,2
p7,clonotype2409,1
p7,clonotype241,4
p7,clonotype2410,2
p7,clonotype2411,1
p7,clonotype2414,1
p7,clonotype2415,2
p7,clonotype2416,2
p7,clonotype2417,1
p7,clonotype2418,1
p7,clonotype2419,1
p7,clonotype242,4
p7,clonotype2421,1
p7,clonotype2422,1
p7,clonotype2423,1
p7,clonotype2424,1
p7,clonotype2425,1
p7,clonotype2426,1
p7,clonotype2427,1
p7,clonotype2428,1
p7,clonotype2429,1
p7,clonotype243,4
p7,clonotype2432,1
p7,clonotype2433,1
p7,clonotype2434,1
p7,clonotype2435,2
p7,clonotype2437,1
p7,clonotype2439,2
p7,clonotype244,4
p7,clonotype2440,1
p7,clonotype2441,2
p7,clonotype2442,1
p7,clonotype2443,2
p7,clonotype2444,2
p7,clonotype2445,2
p7,clonotype2446,2
p7,clonotype2447,1
p7,clonotype2448,1
p7,clonotype2449,1
p7,clonotype245,4
p7,clonotype2450,2
p7,clonotype2451,2
p7,clonotype2452,3
p7,clonotype2453,1
p7,clonotype2454,1
p7,clonotype2455,2
p7,clonotype2456,1
p7,clonotype2457,2
p7,clonotype2458,2
p7,clonotype2459,1
p7,clonotype246,2
p7,clonotype2460,2
p7,clonotype2461,1
p7,clonotype2462,2
p7,clonotype2463,2
p7,clonotype2464,2
p7,clonotype2465,2
p7,clonotype2466,1
p7,clonotype2467,2
p7,clonotype2468,2
p7,clonotype2469,1
p7,clonotype247,2
p7,clonotype2470,1
p7,clonotype2471,1
p7,clonotype2472,1
p7,clonotype2473,1
p7,clonotype2474,2
p7,clonotype2475,1
p7,clonotype2476,2
p7,clonotype2477,2
p7,clonotype2478,2
p7,clonotype2479,2
p7,clonotype248,3
p7,clonotype2480,2
p7,clonotype2481,2
p7,clonotype2482,2
p7,clonotype2483,2
p7,clonotype2484,1
p7,clonotype2485,1
p7,clonotype2486,3
p7,clonotype2487,2
p7,clonotype2488,1
p7,clonotype2489,2
p7,clonotype249,2
p7,clonotype2490,2
p7,clonotype2491,1
p7,clonotype2492,2
p7,clonotype2493,1
p7,clonotype2494,2
p7,clonotype2495,2
p7,clonotype2496,2
p7,clonotype2497,2
p7,clonotype2498,2
p7,clonotype2499,2
p7,clonotype25,2
p7,clonotype250,3
p7,clonotype2500,2
p7,clonotype2501,2
p7,clonotype2502,1
p7,clonotype2503,2
p7,clonotype2504,2
p7,clonotype2505,2
p7,clonotype2506,2
p7,clonotype2507,1
p7,clonotype2508,1
p7,clonotype2509,2
p7,clonotype251,3
p7,clonotype2510,2
p7,clonotype2511,2
p7,clonotype2512,2
p7,clonotype2513,1
p7,clonotype2514,2
p7,clonotype2515,2
p7,clonotype2516,3
p7,clonotype2517,1
p7,clonotype2518,1
p7,clonotype2519,1
p7,clonotype252,4
p7,clonotype2520,1
p7,clonotype2521,1
p7,clonotype2523,1
p7,clonotype2524,1
p7,clonotype2526,2
p7,clonotype2528,1
p7,clonotype2529,1
p7,clonotype253,3
p7,clonotype2530,2
p7,clonotype2531,2
p7,clonotype2532,1
p7,clonotype2533,2
p7,clonotype2534,1
p7,clonotype2535,1
p7,clonotype2536,2
p7,clonotype2537,2
p7,clonotype2538,1
p7,clonotype2539,2
p7,clonotype254,3
p7,clonotype2540,2
p7,clonotype2541,1
p7,clonotype2542,1
p7,clonotype2543,2
p7,clonotype2544,2
p7,clonotype2545,2
p7,clonotype2546,2
p7,clonotype2547,1
p7,clonotype2548,2
p7,clonotype2549,2
p7,clonotype255,1
p7,clonotype2550,2
p7,clonotype2551,2
p7,clonotype2552,1
p7,clonotype2553,2
p7,clonotype2554,1
p7,clonotype2555,2
p7,clonotype2556,3
p7,clonotype2557,2
p7,clonotype2558,1
p7,clonotype2559,1
p7,clonotype256,3
p7,clonotype2560,1
p7,clonotype2561,1
p7,clonotype2563,1
p7,clonotype2564,1
p7,clonotype2565,2
p7,clonotype2566,1
p7,clonotype2567,2
p7,clonotype2568,2
p7,clonotype2569,3
p7,clonotype257,4
p7,clonotype2570,2
p7,clonotype2571,2
p7,clonotype2572,2
p7,clonotype2573,2
p7,clonotype2574,1
p7,clonotype2575,1
p7,clonotype2576,1
p7,clonotype2577,1
p7,clonotype258,4
p7,clonotype2584,1
p7,clonotype2587,1
p7,clonotype2588,1
p7,clonotype2589,1
p7,clonotype259,4
p7,clonotype2591,1
p7,clonotype2595,1
p7,clonotype2596,1
p7,clonotype2597,1
p7,clonotype2598,1
p7,clonotype26,2
p7,clonotype260,4
p7,clonotype2602,1
p7,clonotype2603,1
p7,clonotype2606,1
p7,clonotype2607,1
p7,clonotype2608,1
p7,clonotype2609,1
p7,clonotype261,3
p7,clonotype2610,2
p7,clonotype2611,1
p7,clonotype2612,1
p7,clonotype2614,1
p7,clonotype2615,1
p7,clonotype2616,1
p7,clonotype2617,1
p7,clonotype2618,1
p7,clonotype2619,1
p7,clonotype262,4
p7,clonotype2620,1
p7,clonotype2621,2
p7,clonotype2622,1
p7,clonotype263,4
p7,clonotype2637,1
p7,clonotype2638,1
p7,clonotype2639,1
p7,clonotype264,2
p7,clonotype2640,1
p7,clonotype2641,1
p7,clonotype2642,1
p7,clonotype2643,1
p7,clonotype2644,1
p7,clonotype2646,1
p7,clonotype2647,1
p7,clonotype2648,1
p7,clonotype2649,1
p7,clonotype265,4
p7,clonotype2650,1
p7,clonotype2651,1
p7,clonotype2652,1
p7,clonotype2654,1
p7,clonotype2655,1
p7,clonotype2656,1
p7,clonotype2657,1
p7,clonotype2658,1
p7,clonotype266,4
p7,clonotype2661,1
p7,clonotype2662,1
p7,clonotype2663,1
p7,clonotype2664,1
p7,clonotype2665,1
p7,clonotype2666,1
p7,clonotype2667,1
p7,clonotype2668,1
p7,clonotype267,2
p7,clonotype2670,1
p7,clonotype2671,1
p7,clonotype2672,1
p7,clonotype2674,1
p7,clonotype2675,1
p7,clonotype2676,1
p7,clonotype2677,1
p7,clonotype2678,1
p7,clonotype2679,1
p7,clonotype268,2
p7,clonotype2680,1
p7,clonotype2681,1
p7,clonotype2682,1
p7,clonotype2683,1
p7,clonotype2685,1
p7,clonotype2687,1
p7,clonotype2688,1
p7,clonotype2689,2
p7,clonotype269,4
p7,clonotype2690,1
p7,clonotype2692,2
p7,clonotype2693,2
p7,clonotype2694,2
p7,clonotype2695,1
p7,clonotype2696,1
p7,clonotype2698,2
p7,clonotype2699,2
p7,clonotype27,3
p7,clonotype270,3
p7,clonotype2700,1
p7,clonotype2701,1
p7,clonotype2703,1
p7,clonotype2704,2
p7,clonotype2705,1
p7,clonotype2706,2
p7,clonotype2707,1
p7,clonotype2709,1
p7,clonotype271,4
p7,clonotype2710,1
p7,clonotype2711,1
p7,clonotype2712,1
p7,clonotype2713,1
p7,clonotype2714,2
p7,clonotype2715,1
p7,clonotype2716,1
p7,clonotype2717,1
p7,clonotype2718,1
p7,clonotype2719,2
p7,clonotype272,4
p7,clonotype2720,1
p7,clonotype2722,1
p7,clonotype2723,1
p7,clonotype2724,1
p7,clonotype2725,1
p7,clonotype2726,1
p7,clonotype2727,1
p7,clonotype2729,1
p7,clonotype273,3
p7,clonotype2730,1
p7,clonotype2731,1
p7,clonotype2732,1
p7,clonotype2733,1
p7,clonotype2734,1
p7,clonotype2735,1
p7,clonotype2736,1
p7,clonotype2737,1
p7,clonotype2738,1
p7,clonotype2739,1
p7,clonotype274,2
p7,clonotype2740,1
p7,clonotype2741,1
p7,clonotype2742,1
p7,clonotype2743,1
p7,clonotype2744,1
p7,clonotype2745,1
p7,clonotype2747,1
p7,clonotype2748,1
p7,clonotype2749,1
p7,clonotype275,3
p7,clonotype2750,1
p7,clonotype2751,2
p7,clonotype2752,1
p7,clonotype2753,1
p7,clonotype2754,1
p7,clonotype2756,1
p7,clonotype2757,1
p7,clonotype2758,1
p7,clonotype276,2
p7,clonotype2760,1
p7,clonotype2761,1
p7,clonotype2762,1
p7,clonotype2763,1
p7,clonotype2764,1
p7,clonotype2765,1
p7,clonotype2766,1
p7,clonotype2767,1
p7,clonotype277,2
p7,clonotype2770,2
p7,clonotype2771,1
p7,clonotype2772,1
p7,clonotype2773,1
p7,clonotype2774,1
p7,clonotype278,1
p7,clonotype2783,1
p7,clonotype279,3
p7,clonotype28,4
p7,clonotype280,3
p7,clonotype2805,1
p7,clonotype2806,1
p7,clonotype2807,1
p7,clonotype2809,1
p7,clonotype281,3
p7,clonotype2810,1
p7,clonotype2811,1
p7,clonotype2812,1
p7,clonotype2813,1
p7,clonotype2815,1
p7,clonotype2816,1
p7,clonotype2818,1
p7,clonotype2819,1
p7,clonotype282,4
p7,clonotype2820,1
p7,clonotype2821,1
p7,clonotype2822,1
p7,clonotype2823,1
p7,clonotype2824,1
p7,clonotype2825,1
p7,clonotype2826,1
p7,clonotype2827,1
p7,clonotype2828,1
p7,clonotype2829,1
p7,clonotype283,3
p7,clonotype2830,1
p7,clonotype2831,1
p7,clonotype2832,1
p7,clonotype2834,1
p7,clonotype2835,1
p7,clonotype2836,1
p7,clonotype2837,1
p7,clonotype2838,1
p7,clonotype2839,1
p7,clonotype284,1
p7,clonotype2840,1
p7,clonotype2841,1
p7,clonotype2842,1
p7,clonotype2843,1
p7,clonotype2844,1
p7,clonotype2846,1
p7,clonotype2847,1
p7,clonotype2848,1
p7,clonotype2849,1
p7,clonotype285,4
p7,clonotype2850,1
p7,clonotype2851,1
p7,clonotype2852,1
p7,clonotype2854,1
p7,clonotype2855,1
p7,clonotype2856,1
p7,clonotype2857,1
p7,clonotype2858,1
p7,clonotype2859,1
p7,clonotype286,3
p7,clonotype2860,1
p7,clonotype2861,1
p7,clonotype2863,1
p7,clonotype2864,1
p7,clonotype2865,1
p7,clonotype2866,1
p7,clonotype2867,1
p7,clonotype2868,1
p7,clonotype2869,1
p7,clonotype287,3
p7,clonotype2870,1
p7,clonotype2871,1
p7,clonotype2872,1
p7,clonotype2874,1
p7,clonotype2875,1
p7,clonotype2876,1
p7,clonotype2877,1
p7,clonotype2879,1
p7,clonotype288,1
p7,clonotype2880,1
p7,clonotype289,1
p7,clonotype2892,1
p7,clonotype29,3
p7,clonotype290,1
p7,clonotype2900,1
p7,clonotype2902,1
p7,clonotype2903,2
p7,clonotype2904,1
p7,clonotype2905,1
p7,clonotype2906,1
p7,clonotype2907,1
p7,clonotype2908,2
p7,clonotype2909,1
p7,clonotype291,1
p7,clonotype2910,1
p7,clonotype2911,2
p7,clonotype2912,1
p7,clonotype2914,1
p7,clonotype2915,1
p7,clonotype2916,2
p7,clonotype2917,1
p7,clonotype2918,2
p7,clonotype2919,1
p7,clonotype292,3
p7,clonotype2920,1
p7,clonotype2921,1
p7,clonotype2922,1
p7,clonotype2923,1
p7,clonotype2924,1
p7,clonotype2925,1
p7,clonotype2926,1
p7,clonotype2927,1
p7,clonotype2929,2
p7,clonotype293,3
p7,clonotype2931,1
p7,clonotype2937,2
p7,clonotype2938,1
p7,clonotype2939,1
p7,clonotype294,4
p7,clonotype2940,1
p7,clonotype2942,1
p7,clonotype2943,1
p7,clonotype2944,1
p7,clonotype2946,1
p7,clonotype2947,1
p7,clonotype2948,3
p7,clonotype2949,1
p7,clonotype295,2
p7,clonotype2950,1
p7,clonotype2954,1
p7,clonotype2955,1
p7,clonotype296,2
p7,clonotype2961,1
p7,clonotype2962,1
p7,clonotype2963,1
p7,clonotype2966,1
p7,clonotype2967,2
p7,clonotype2968,1
p7,clonotype2969,1
p7,clonotype297,1
p7,clonotype2976,1
p7,clonotype2977,1
p7,clonotype298,2
p7,clonotype2982,1
p7,clonotype2983,1
p7,clonotype2985,1
p7,clonotype2986,1
p7,clonotype2987,1
p7,clonotype299,1
p7,clonotype2991,1
p7,clonotype2992,1
p7,clonotype2993,1
p7,clonotype2994,1
p7,clonotype2996,1
p7,clonotype2997,1
p7,clonotype2998,1
p7,clonotype2999,1
p7,clonotype3,2
p7,clonotype30,3
p7,clonotype300,1
p7,clonotype3000,1
p7,clonotype301,2
p7,clonotype3016,1
p7,clonotype3018,1
p7,clonotype302,1
p7,clonotype303,1
p7,clonotype3030,1
p7,clonotype3033,1
p7,clonotype3047,1
p7,clonotype305,1
p7,clonotype3051,1
p7,clonotype3054,1
p7,clonotype306,2
p7,clonotype307,2
p7,clonotype3073,1
p7,clonotype308,2
p7,clonotype3083,1
p7,clonotype309,1
p7,clonotype3094,1
p7,clonotype31,4
p7,clonotype310,2
p7,clonotype3102,1
p7,clonotype3105,1
p7,clonotype311,2
p7,clonotype3119,1
p7,clonotype312,3
p7,clonotype3120,1
p7,clonotype313,3
p7,clonotype314,2
p7,clonotype315,3
p7,clonotype3152,1
p7,clonotype3156,1
p7,clonotype316,3
p7,clonotype3160,1
p7,clonotype317,2
p7,clonotype318,1
p7,clonotype3180,1
p7,clonotype3189,1
p7,clonotype319,1
p7,clonotype3194,1
p7,clonotype32,3
p7,clonotype320,1
p7,clonotype3201,1
p7,clonotype3208,1
p7,clonotype321,2
p7,clonotype322,1
p7,clonotype3229,1
p7,clonotype323,1
p7,clonotype3248,1
p7,clonotype325,1
p7,clonotype326,1
p7,clonotype3260,1
p7,clonotype327,1
p7,clonotype328,1
p7,clonotype3282,1
p7,clonotype3288,1
p7,clonotype329,1
p7,clonotype33,2
p7,clonotype330,3
p7,clonotype331,1
p7,clonotype332,2
p7,clonotype333,3
p7,clonotype3333,1
p7,clonotype334,2
p7,clonotype3344,1
p7,clonotype3348,1
p7,clonotype3349,1
p7,clonotype335,3
p7,clonotype3356,1
p7,clonotype336,5
p7,clonotype337,4
p7,clonotype338,3
p7,clonotype3388,1
p7,clonotype339,1
p7,clonotype34,2
p7,clonotype340,5
p7,clonotype3407,1
p7,clonotype341,2
p7,clonotype3414,1
p7,clonotype342,3
p7,clonotype343,3
p7,clonotype344,4
p7,clonotype3440,1
p7,clonotype3442,1
p7,clonotype345,3
p7,clonotype346,3
p7,clonotype3468,1
p7,clonotype347,2
p7,clonotype3470,1
p7,clonotype348,2
p7,clonotype349,3
p7,clonotype35,4
p7,clonotype350,2
p7,clonotype3507,1
p7,clonotype351,3
p7,clonotype3520,1
p7,clonotype353,2
p7,clonotype354,1
p7,clonotype355,3
p7,clonotype3553,1
p7,clonotype3554,1
p7,clonotype3558,1
p7,clonotype356,3
p7,clonotype3569,1
p7,clonotype357,3
p7,clonotype358,2
p7,clonotype3589,1
p7,clonotype359,4
p7,clonotype36,4
p7,clonotype360,3
p7,clonotype3601,1
p7,clonotype3603,1
p7,clonotype361,3
p7,clonotype3610,1
p7,clonotype3616,1
p7,clonotype362,3
p7,clonotype3620,1
p7,clonotype3622,1
p7,clonotype363,2
p7,clonotype3633,1
p7,clonotype364,1
p7,clonotype3644,1
p7,clonotype365,1
p7,clonotype3652,1
p7,clonotype3657,1
p7,clonotype366,1
p7,clonotype367,2
p7,clonotype3694,1
p7,clonotype3709,1
p7,clonotype3711,1
p7,clonotype3712,1
p7,clonotype3715,1
p7,clonotype3737,1
p7,clonotype375,1
p7,clonotype376,1
p7,clonotype3762,1
p7,clonotype379,1
p7,clonotype38,3
p7,clonotype380,1
p7,clonotype3804,1
p7,clonotype3809,1
p7,clonotype381,1
p7,clonotype3810,1
p7,clonotype3822,1
p7,clonotype383,1
p7,clonotype3839,1
p7,clonotype384,2
p7,clonotype386,4
p7,clonotype3860,1
p7,clonotype387,2
p7,clonotype388,2
p7,clonotype3884,1
p7,clonotype389,4
p7,clonotype3899,1
p7,clonotype39,4
p7,clonotype390,3
p7,clonotype3902,1
p7,clonotype391,1
p7,clonotype392,2
p7,clonotype393,3
p7,clonotype3933,1
p7,clonotype394,3
p7,clonotype395,3
p7,clonotype396,1
p7,clonotype397,4
p7,clonotype398,3
p7,clonotype399,3
p7,clonotype4,4
p7,clonotype40,2
p7,clonotype400,2
p7,clonotype401,4
p7,clonotype402,2
p7,clonotype403,2
p7,clonotype404,2
p7,clonotype4045,1
p7,clonotype405,3
p7,clonotype406,3
p7,clonotype407,3
p7,clonotype408,3
p7,clonotype41,3
p7,clonotype410,2
p7,clonotype4107,1
p7,clonotype411,2
p7,clonotype412,1
p7,clonotype413,2
p7,clonotype414,2
p7,clonotype415,1
p7,clonotype416,3
p7,clonotype417,2
p7,clonotype418,2
p7,clonotype4189,1
p7,clonotype419,2
p7,clonotype42,4
p7,clonotype420,2
p7,clonotype4202,1
p7,clonotype421,3
p7,clonotype422,1
p7,clonotype4228,1
p7,clonotype423,3
p7,clonotype424,3
p7,clonotype425,4
p7,clonotype426,2
p7,clonotype427,3
p7,clonotype428,1
p7,clonotype429,1
p7,clonotype43,4
p7,clonotype430,3
p7,clonotype431,3
p7,clonotype432,2
p7,clonotype433,1
p7,clonotype434,2
p7,clonotype435,2
p7,clonotype4351,1
p7,clonotype436,3
p7,clonotype4369,1
p7,clonotype437,2
p7,clonotype438,3
p7,clonotype439,1
p7,clonotype4395,1
p7,clonotype44,1
p7,clonotype440,2
p7,clonotype441,1
p7,clonotype442,3
p7,clonotype443,2
p7,clonotype4434,1
p7,clonotype444,2
p7,clonotype445,2
p7,clonotype4450,1
p7,clonotype446,2
p7,clonotype447,2
p7,clonotype448,1
p7,clonotype4480,1
p7,clonotype449,2
p7,clonotype45,2
p7,clonotype450,1
p7,clonotype4505,1
p7,clonotype451,2
p7,clonotype452,2
p7,clonotype453,2
p7,clonotype454,3
p7,clonotype455,2
p7,clonotype456,2
p7,clonotype457,2
p7,clonotype458,2
p7,clonotype459,2
p7,clonotype46,2
p7,clonotype460,1
p7,clonotype4606,1
p7,clonotype461,2
p7,clonotype462,1
p7,clonotype4620,1
p7,clonotype463,2
p7,clonotype4633,1
p7,clonotype464,2
p7,clonotype465,2
p7,clonotype466,3
p7,clonotype467,1
p7,clonotype468,2
p7,clonotype469,1
p7,clonotype47,3
p7,clonotype470,2
p7,clonotype471,1
p7,clonotype472,1
p7,clonotype473,2
p7,clonotype4731,1
p7,clonotype4735,1
p7,clonotype474,2
p7,clonotype4741,1
p7,clonotype475,2
p7,clonotype476,2
p7,clonotype478,2
p7,clonotype479,1
p7,clonotype48,3
p7,clonotype480,2
p7,clonotype481,3
p7,clonotype482,3
p7,clonotype483,1
p7,clonotype484,2
p7,clonotype485,2
p7,clonotype486,2
p7,clonotype487,1
p7,clonotype488,3
p7,clonotype4880,1
p7,clonotype489,3
p7,clonotype4898,1
p7,clonotype49,4
p7,clonotype490,2
p7,clonotype4902,1
p7,clonotype491,3
p7,clonotype492,2
p7,clonotype493,4
p7,clonotype494,2
p7,clonotype495,1
p7,clonotype496,3
p7,clonotype4961,1
p7,clonotype4962,1
p7,clonotype497,3
p7,clonotype498,3
p7,clonotype499,1
p7,clonotype5,3
p7,clonotype50,4
p7,clonotype500,1
p7,clonotype501,2
p7,clonotype502,2
p7,clonotype503,1
p7,clonotype504,1
p7,clonotype505,1
p7,clonotype506,2
p7,clonotype507,2
p7,clonotype508,2
p7,clonotype509,1
p7,clonotype51,3
p7,clonotype510,2
p7,clonotype511,2
p7,clonotype512,2
p7,clonotype513,1
p7,clonotype514,1
p7,clonotype515,2
p7,clonotype516,1
p7,clonotype517,1
p7,clonotype518,2
p7,clonotype519,2
p7,clonotype52,5
p7,clonotype520,1
p7,clonotype521,2
p7,clonotype522,1
p7,clonotype523,2
p7,clonotype524,1
p7,clonotype525,2
p7,clonotype526,3
p7,clonotype527,1
p7,clonotype528,1
p7,clonotype529,1
p7,clonotype53,4
p7,clonotype530,1
p7,clonotype531,2
p7,clonotype532,2
p7,clonotype533,2
p7,clonotype534,1
p7,clonotype535,2
p7,clonotype536,3
p7,clonotype537,2
p7,clonotype538,1
p7,clonotype539,2
p7,clonotype54,3
p7,clonotype540,1
p7,clonotype541,2
p7,clonotype542,2
p7,clonotype543,1
p7,clonotype544,2
p7,clonotype545,4
p7,clonotype546,2
p7,clonotype547,1
p7,clonotype548,2
p7,clonotype549,2
p7,clonotype55,5
p7,clonotype550,2
p7,clonotype551,2
p7,clonotype552,2
p7,clonotype553,2
p7,clonotype554,3
p7,clonotype555,2
p7,clonotype556,2
p7,clonotype557,2
p7,clonotype558,2
p7,clonotype559,3
p7,clonotype56,5
p7,clonotype560,3
p7,clonotype561,3
p7,clonotype562,3
p7,clonotype563,2
p7,clonotype564,2
p7,clonotype565,3
p7,clonotype566,2
p7,clonotype567,1
p7,clonotype568,2
p7,clonotype569,2
p7,clonotype57,3
p7,clonotype570,2
p7,clonotype571,2
p7,clonotype572,3
p7,clonotype573,2
p7,clonotype574,2
p7,clonotype575,2
p7,clonotype576,2
p7,clonotype577,3
p7,clonotype578,1
p7,clonotype579,1
p7,clonotype58,2
p7,clonotype580,2
p7,clonotype581,2
p7,clonotype582,3
p7,clonotype583,3
p7,clonotype584,3
p7,clonotype585,3
p7,clonotype586,2
p7,clonotype587,2
p7,clonotype588,3
p7,clonotype589,3
p7,clonotype59,4
p7,clonotype590,2
p7,clonotype591,3
p7,clonotype592,3
p7,clonotype593,3
p7,clonotype594,2
p7,clonotype595,4
p7,clonotype596,1
p7,clonotype597,2
p7,clonotype598,2
p7,clonotype599,2
p7,clonotype6,5
p7,clonotype60,3
p7,clonotype600,3
p7,clonotype601,3
p7,clonotype602,3
p7,clonotype603,1
p7,clonotype604,3
p7,clonotype605,3
p7,clonotype606,1
p7,clonotype607,2
p7,clonotype608,3
p7,clonotype609,2
p7,clonotype61,4
p7,clonotype610,2
p7,clonotype611,3
p7,clonotype612,2
p7,clonotype613,2
p7,clonotype614,3
p7,clonotype615,4
p7,clonotype616,2
p7,clonotype617,3
p7,clonotype618,3
p7,clonotype619,3
p7,clonotype62,2
p7,clonotype620,3
p7,clonotype621,3
p7,clonotype622,3
p7,clonotype623,1
p7,clonotype624,3
p7,clonotype625,2
p7,clonotype627,2
p7,clonotype628,1
p7,clonotype629,2
p7,clonotype63,4
p7,clonotype630,2
p7,clonotype631,1
p7,clonotype632,2
p7,clonotype633,1
p7,clonotype634,1
p7,clonotype635,2
p7,clonotype636,1
p7,clonotype637,1
p7,clonotype638,3
p7,clonotype639,2
p7,clonotype64,3
p7,clonotype640,2
p7,clonotype641,2
p7,clonotype642,3
p7,clonotype643,2
p7,clonotype644,3
p7,clonotype645,3
p7,clonotype646,3
p7,clonotype647,3
p7,clonotype648,3
p7,clonotype649,1
p7,clonotype65,3
p7,clonotype650,2
p7,clonotype651,3
p7,clonotype652,1
p7,clonotype653,3
p7,clonotype654,2
p7,clonotype655,2
p7,clonotype656,2
p7,clonotype657,4
p7,clonotype658,3
p7,clonotype659,2
p7,clonotype66,2
p7,clonotype660,3
p7,clonotype661,3
p7,clonotype662,2
p7,clonotype663,1
p7,clonotype664,2
p7,clonotype665,2
p7,clonotype666,3
p7,clonotype667,2
p7,clonotype668,4
p7,clonotype669,3
p7,clonotype67,4
p7,clonotype670,3
p7,clonotype671,3
p7,clonotype672,3
p7,clonotype673,3
p7,clonotype674,3
p7,clonotype675,1
p7,clonotype676,2
p7,clonotype677,2
p7,clonotype678,3
p7,clonotype679,3
p7,clonotype68,3
p7,clonotype680,3
p7,clonotype681,2
p7,clonotype682,3
p7,clonotype683,3
p7,clonotype684,2
p7,clonotype685,2
p7,clonotype686,4
p7,clonotype687,4
p7,clonotype688,2
p7,clonotype689,3
p7,clonotype69,3
p7,clonotype690,1
p7,clonotype691,3
p7,clonotype692,3
p7,clonotype693,2
p7,clonotype694,3
p7,clonotype695,2
p7,clonotype696,2
p7,clonotype697,1
p7,clonotype698,3
p7,clonotype699,3
p7,clonotype7,4
p7,clonotype70,3
p7,clonotype700,2
p7,clonotype701,2
p7,clonotype702,2
p7,clonotype703,3
p7,clonotype704,3
p7,clonotype705,1
p7,clonotype706,2
p7,clonotype707,3
p7,clonotype708,3
p7,clonotype709,3
p7,clonotype71,3
p7,clonotype710,4
p7,clonotype711,3
p7,clonotype712,3
p7,clonotype713,4
p7,clonotype714,3
p7,clonotype715,3
p7,clonotype716,2
p7,clonotype717,2
p7,clonotype718,3
p7,clonotype719,3
p7,clonotype72,3
p7,clonotype720,2
p7,clonotype721,2
p7,clonotype722,2
p7,clonotype723,3
p7,clonotype724,3
p7,clonotype725,2
p7,clonotype726,1
p7,clonotype727,3
p7,clonotype728,3
p7,clonotype729,2
p7,clonotype73,2
p7,clonotype730,2
p7,clonotype731,2
p7,clonotype732,3
p7,clonotype733,3
p7,clonotype734,3
p7,clonotype735,3
p7,clonotype736,2
p7,clonotype737,3
p7,clonotype738,3
p7,clonotype739,4
p7,clonotype74,4
p7,clonotype740,2
p7,clonotype741,2
p7,clonotype742,2
p7,clonotype743,3
p7,clonotype744,2
p7,clonotype745,4
p7,clonotype746,3
p7,clonotype747,3
p7,clonotype748,2
p7,clonotype749,2
p7,clonotype75,1
p7,clonotype750,3
p7,clonotype751,3
p7,clonotype752,2
p7,clonotype753,3
p7,clonotype754,3
p7,clonotype755,2
p7,clonotype756,2
p7,clonotype757,3
p7,clonotype758,4
p7,clonotype759,2
p7,clonotype76,3
p7,clonotype760,3
p7,clonotype761,1
p7,clonotype762,2
p7,clonotype763,2
p7,clonotype764,3
p7,clonotype765,3
p7,clonotype766,3
p7,clonotype767,2
p7,clonotype768,1
p7,clonotype769,1
p7,clonotype77,4
p7,clonotype770,1
p7,clonotype771,2
p7,clonotype772,1
p7,clonotype773,2
p7,clonotype774,2
p7,clonotype775,2
p7,clonotype776,2
p7,clonotype777,2
p7,clonotype78,3
p7,clonotype780,1
p7,clonotype782,1
p7,clonotype783,1
p7,clonotype784,1
p7,clonotype785,1
p7,clonotype786,1
p7,clonotype787,1
p7,clonotype789,1
p7,clonotype79,4
p7,clonotype790,1
p7,clonotype791,1
p7,clonotype792,1
p7,clonotype793,1
p7,clonotype794,1
p7,clonotype795,1
p7,clonotype796,1
p7,clonotype8,6
p7,clonotype80,1
p7,clonotype800,1
p7,clonotype801,1
p7,clonotype802,1
p7,clonotype803,1
p7,clonotype804,1
p7,clonotype805,1
p7,clonotype806,1
p7,clonotype807,2
p7,clonotype808,3
p7,clonotype809,1
p7,clonotype81,3
p7,clonotype810,2
p7,clonotype811,1
p7,clonotype812,2
p7,clonotype813,1
p7,clonotype814,2
p7,clonotype816,1
p7,clonotype817,3
p7,clonotype818,1
p7,clonotype819,1
p7,clonotype82,1
p7,clonotype820,1
p7,clonotype821,2
p7,clonotype822,3
p7,clonotype823,2
p7,clonotype824,2
p7,clonotype825,2
p7,clonotype826,2
p7,clonotype827,1
p7,clonotype828,2
p7,clonotype829,2
p7,clonotype83,3
p7,clonotype830,1
p7,clonotype831,2
p7,clonotype833,1
p7,clonotype834,2
p7,clonotype835,1
p7,clonotype836,3
p7,clonotype837,3
p7,clonotype838,3
p7,clonotype839,2
p7,clonotype84,2
p7,clonotype840,3
p7,clonotype841,2
p7,clonotype842,3
p7,clonotype843,3
p7,clonotype844,3
p7,clonotype845,2
p7,clonotype846,2
p7,clonotype847,4
p7,clonotype848,2
p7,clonotype849,3
p7,clonotype85,2
p7,clonotype850,3
p7,clonotype851,2
p7,clonotype852,4
p7,clonotype853,3
p7,clonotype854,1
p7,clonotype855,2
p7,clonotype856,3
p7,clonotype857,3
p7,clonotype858,3
p7,clonotype859,2
p7,clonotype86,3
p7,clonotype860,2
p7,clonotype861,1
p7,clonotype862,3
p7,clonotype863,3
p7,clonotype864,3
p7,clonotype865,2
p7,clonotype866,2
p7,clonotype867,3
p7,clonotype868,3
p7,clonotype869,3
p7,clonotype87,2
p7,clonotype871,2
p7,clonotype872,1
p7,clonotype873,1
p7,clonotype874,3
p7,clonotype875,2
p7,clonotype876,3
p7,clonotype877,2
p7,clonotype878,3
p7,clonotype879,1
p7,clonotype88,3
p7,clonotype881,2
p7,clonotype882,3
p7,clonotype883,2
p7,clonotype884,2
p7,clonotype885,3
p7,clonotype886,3
p7,clonotype887,2
p7,clonotype888,2
p7,clonotype889,3
p7,clonotype89,3
p7,clonotype890,2
p7,clonotype891,1
p7,clonotype892,3
p7,clonotype893,3
p7,clonotype894,3
p7,clonotype895,2
p7,clonotype896,2
p7,clonotype897,1
p7,clonotype898,3
p7,clonotype899,3
p7,clonotype9,4
p7,clonotype90,3
p7,clonotype900,3
p7,clonotype901,2
p7,clonotype902,2
p7,clonotype903,3
p7,clonotype904,2
p7,clonotype905,2
p7,clonotype906,3
p7,clonotype907,2
p7,clonotype908,3
p7,clonotype909,4
p7,clonotype91,2
p7,clonotype910,2
p7,clonotype911,4
p7,clonotype912,1
p7,clonotype913,3
p7,clonotype914,3
p7,clonotype915,3
p7,clonotype916,3
p7,clonotype917,3
p7,clonotype918,2
p7,clonotype919,3
p7,clonotype92,4
p7,clonotype920,4
p7,clonotype921,4
p7,clonotype922,1
p7,clonotype923,4
p7,clonotype924,3
p7,clonotype925,2
p7,clonotype926,3
p7,clonotype927,4
p7,clonotype928,4
p7,clonotype929,2
p7,clonotype93,2
p7,clonotype930,3
p7,clonotype931,2
p7,clonotype932,2
p7,clonotype933,4
p7,clonotype934,3
p7,clonotype935,4
p7,clonotype936,3
p7,clonotype937,4
p7,clonotype938,3
p7,clonotype939,4
p7,clonotype94,3
p7,clonotype940,4
p7,clonotype941,3
p7,clonotype942,3
p7,clonotype943,2
p7,clonotype944,3
p7,clonotype945,4
p7,clonotype946,2
p7,clonotype947,4
p7,clonotype948,2
p7,clonotype949,4
p7,clonotype95,2
p7,clonotype950,5
p7,clonotype951,3
p7,clonotype952,2
p7,clonotype953,4
p7,clonotype954,2
p7,clonotype955,2
p7,clonotype956,2
p7,clonotype957,4
p7,clonotype958,3
p7,clonotype959,2
p7,clonotype96,4
p7,clonotype960,3
p7,clonotype961,2
p7,clonotype962,2
p7,clonotype963,3
p7,clonotype964,3
p7,clonotype965,2
p7,clonotype966,3
p7,clonotype967,1
p7,clonotype968,3
p7,clonotype969,3
p7,clonotype97,3
p7,clonotype970,4
p7,clonotype971,3
p7,clonotype973,3
p7,clonotype974,1
p7,clonotype975,2
p7,clonotype976,2
p7,clonotype977,3
p7,clonotype978,2
p7,clonotype979,2
p7,clonotype98,3
p7,clonotype980,1
p7,clonotype981,2
p7,clonotype982,3
p7,clonotype983,2
p7,clonotype984,2
p7,clonotype985,2
p7,clonotype987,4
p7,clonotype988,3
p7,clonotype989,1
p7,clonotype99,3
p7,clonotype990,3
p7,clonotype991,2
p7,clonotype992,3
p7,clonotype993,2
p7,clonotype994,3
p7,clonotype995,3
p7,clonotype996,3
p7,clonotype997,3
p7,clonotype998,3
p7,clonotype999,3
