n_neighbors,min_dist,spread,random_state,variable,faithfulness,n,lin_r2,knn_r2,null_mean,excess,p_value
5,0.0,1.0,0,mutation_frequency,0.6887505911027516,381,0.012070665909932332,-0.02887448741588594,-0.09352173085117439,0.06464724343528845,0.024875621890547265
5,0.0,1.0,0,division_gate:mCherry-low,0.6887505911027516,381,0.15860564610476058,0.19799500043724227,-0.07188865613996341,0.2698836565772057,0.004975124378109453
5,0.0,1.0,0,zone_gate:DZ,0.6887505911027516,87,0.09018104813617056,-0.01493675543450479,-0.1104651876854139,0.09552843225090911,0.06467661691542288
5,0.0,1.0,0,rbd_bait:RBD+,0.6887505911027516,294,0.034048885944834906,-0.12265447292274811,-0.09751924420238182,-0.02513522872036629,0.7412935323383084
5,0.0,1.0,0,dark zone / cycling,0.6887505911027516,381,0.7053735835579846,0.717618798388387,-0.10077286509471158,0.8183916634830987,0.004975124378109453
5,0.0,1.0,0,light zone,0.6887505911027516,381,0.3312420496829298,0.3971340664925641,-0.0692459890057297,0.4663800554982938,0.004975124378109453
5,0.0,1.0,0,LZ minus DZ,0.6887505911027516,381,0.6842628289376258,0.7107963147545513,-0.09251896122660615,0.8033152759811575,0.004975124378109453
5,0.0,1.0,0,germinal centre,0.6887505911027516,381,0.05643965323339151,0.26849727898495546,-0.056444187003616884,0.3249414659885723,0.004975124378109453
5,0.0,1.0,0,plasma cell,0.6887505911027516,381,0.2547151083389294,0.526649275739151,-0.08485058745266663,0.6114998631918176,0.004975124378109453
5,0.0,1.0,0,memory,0.6887505911027516,381,0.22876780931431362,0.4692017790056009,-0.09516445870784221,0.5643662377134431,0.004975124378109453
5,0.0,1.0,1,mutation_frequency,0.6975440818234525,381,0.015790093629684976,-0.0021437252764882064,-0.09875944138673398,0.09661571611024578,0.004975124378109453
5,0.0,1.0,1,division_gate:mCherry-low,0.6975440818234525,381,0.16740422388360554,0.19276660718860728,-0.06930547630626799,0.26207208349487526,0.004975124378109453
5,0.0,1.0,1,zone_gate:DZ,0.6975440818234525,87,0.14470738900186986,0.024082877173053907,-0.10998003466219214,0.13406291183524605,0.03482587064676617
5,0.0,1.0,1,rbd_bait:RBD+,0.6975440818234525,294,0.013870273269812161,-0.07836730631818889,-0.10003957912106821,0.021672272802879325,0.26865671641791045
5,0.0,1.0,1,dark zone / cycling,0.6975440818234525,381,0.7047368027771603,0.7116101154191707,-0.09984667297495868,0.8114567883941294,0.004975124378109453
5,0.0,1.0,1,light zone,0.6975440818234525,381,0.36970449194295874,0.41529407098216264,-0.06790952823268201,0.4832035992148447,0.004975124378109453
5,0.0,1.0,1,LZ minus DZ,0.6975440818234525,381,0.6977127533468426,0.7160319165801623,-0.09556195962917823,0.8115938762093405,0.004975124378109453
5,0.0,1.0,1,germinal centre,0.6975440818234525,381,0.1678647052572051,0.29286484000418833,-0.049304031635371774,0.3421688716395601,0.004975124378109453
5,0.0,1.0,1,plasma cell,0.6975440818234525,381,0.2115804857883491,0.6033296292705376,-0.07732352552795028,0.6806531547984879,0.004975124378109453
5,0.0,1.0,1,memory,0.6975440818234525,381,0.2624188616332934,0.46411977602505905,-0.0957723473156014,0.5598921233406604,0.004975124378109453
5,0.1,1.0,0,mutation_frequency,0.7046962030249055,381,0.01972887056586914,-0.02178464069519892,-0.09705746434644294,0.07527282365124402,0.014925373134328358
5,0.1,1.0,0,division_gate:mCherry-low,0.7046962030249055,381,0.15231366864389118,0.1406604119327155,-0.07286295992449496,0.21352337185721046,0.004975124378109453
5,0.1,1.0,0,zone_gate:DZ,0.7046962030249055,87,0.12764500755811858,-0.00299102998185119,-0.11169542302307356,0.10870439304122237,0.04477611940298507
5,0.1,1.0,0,rbd_bait:RBD+,0.7046962030249055,294,0.014781548064601524,-0.08716014128055893,-0.09867747418864571,0.011517332908086778,0.35323383084577115
5,0.1,1.0,0,dark zone / cycling,0.7046962030249055,381,0.7050669833174524,0.7233939838863095,-0.10276202855320722,0.8261560124395168,0.004975124378109453
5,0.1,1.0,0,light zone,0.7046962030249055,381,0.3425890330420217,0.4158325310280382,-0.07614311916063428,0.49197565018867245,0.004975124378109453
5,0.1,1.0,0,LZ minus DZ,0.7046962030249055,381,0.6819909485972699,0.7225541284641397,-0.09859650673276832,0.821150635196908,0.004975124378109453
5,0.1,1.0,0,germinal centre,0.7046962030249055,381,0.19548744930077877,0.3017020329392577,-0.04668760511656839,0.34838963805582607,0.004975124378109453
5,0.1,1.0,0,plasma cell,0.7046962030249055,381,0.18397639624963613,0.5617377346688524,-0.08737121106520956,0.649108945734062,0.004975124378109453
5,0.1,1.0,0,memory,0.7046962030249055,381,0.259125704867327,0.47923315180227366,-0.09798130130675385,0.5772144531090275,0.004975124378109453
5,0.1,1.0,1,mutation_frequency,0.7009363720875103,381,0.020865491347958898,-0.017825157768689426,-0.09828264231816317,0.08045748454947374,0.009950248756218905
5,0.1,1.0,1,division_gate:mCherry-low,0.7009363720875103,381,0.17015221155134153,0.17070670895189022,-0.07445566043604725,0.24516236938793745,0.004975124378109453
5,0.1,1.0,1,zone_gate:DZ,0.7009363720875103,87,0.1350128413844145,0.06295491430140165,-0.1054222326644343,0.16837714696583594,0.014925373134328358
5,0.1,1.0,1,rbd_bait:RBD+,0.7009363720875103,294,0.018031047764500263,-0.11547174343063626,-0.1014032509767475,-0.014068492453888762,0.6517412935323383
5,0.1,1.0,1,dark zone / cycling,0.7009363720875103,381,0.6909872810465413,0.7128314829265974,-0.10035695083476895,0.8131884337613663,0.004975124378109453
5,0.1,1.0,1,light zone,0.7009363720875103,381,0.36437619060533055,0.4034514210541883,-0.0699535578726515,0.4734049789268398,0.004975124378109453
5,0.1,1.0,1,LZ minus DZ,0.7009363720875103,381,0.685409866389949,0.7077895380452413,-0.09648866641364005,0.8042782044588813,0.004975124378109453
5,0.1,1.0,1,germinal centre,0.7009363720875103,381,0.19769020026377726,0.27294191801245593,-0.05448582518878231,0.32742774320123824,0.004975124378109453
5,0.1,1.0,1,plasma cell,0.7009363720875103,381,0.24046220164854426,0.5935209651156506,-0.08451503822375564,0.6780360033394062,0.004975124378109453
5,0.1,1.0,1,memory,0.7009363720875103,381,0.27372243806086405,0.4701646933196899,-0.09176242912286217,0.561927122442552,0.004975124378109453
5,0.25,1.0,0,mutation_frequency,0.732946306585083,381,0.022964740330551736,-0.003698401187032463,-0.09774800013975984,0.09404959895272738,0.009950248756218905
5,0.25,1.0,0,division_gate:mCherry-low,0.732946306585083,381,0.15975770531556,0.20363869371529264,-0.07841705976730731,0.2820557534825999,0.004975124378109453
5,0.25,1.0,0,zone_gate:DZ,0.732946306585083,87,0.14762508651377848,0.0004880219874648928,-0.11294667761386254,0.11343469960132743,0.05472636815920398
5,0.25,1.0,0,rbd_bait:RBD+,0.732946306585083,294,0.01589027094738915,-0.054036585560145234,-0.0936549364210097,0.03961835086086446,0.15920398009950248
5,0.25,1.0,0,dark zone / cycling,0.732946306585083,381,0.7238925224425327,0.7320934044746269,-0.09933566081861468,0.8314290652932416,0.004975124378109453
5,0.25,1.0,0,light zone,0.732946306585083,381,0.3470681198080421,0.3992634781333906,-0.07960834911652707,0.47887182724991767,0.004975124378109453
5,0.25,1.0,0,LZ minus DZ,0.732946306585083,381,0.6991133415283685,0.71903872152081,-0.09703423314072604,0.8160729546615361,0.004975124378109453
5,0.25,1.0,0,germinal centre,0.732946306585083,381,0.18420006439818393,0.2797099569780618,-0.05826427985372352,0.3379742368317853,0.004975124378109453
5,0.25,1.0,0,plasma cell,0.732946306585083,381,0.21231191276817318,0.5613254320288994,-0.086594285835668,0.6479197178645674,0.004975124378109453
5,0.25,1.0,0,memory,0.732946306585083,381,0.2755092840580482,0.47413328480035644,-0.09712614922065363,0.5712594340210101,0.004975124378109453
5,0.25,1.0,1,mutation_frequency,0.7270869384469906,381,0.024024704908574,-0.016735471674331315,-0.09937257679584756,0.08263710512151624,0.01990049751243781
5,0.25,1.0,1,division_gate:mCherry-low,0.7270869384469906,381,0.15991139876657212,0.14839968613487098,-0.07674086943729125,0.22514055557216223,0.004975124378109453
5,0.25,1.0,1,zone_gate:DZ,0.7270869384469906,87,0.1593762313406496,-0.023836202418323404,-0.10401598629424726,0.08017978387592385,0.08955223880597014
5,0.25,1.0,1,rbd_bait:RBD+,0.7270869384469906,294,0.015240928687077826,-0.10794249950590595,-0.0980682229033415,-0.009874276602564458,0.6019900497512438
5,0.25,1.0,1,dark zone / cycling,0.7270869384469906,381,0.699092257575607,0.7282695619065038,-0.10375004776501472,0.8320196096715186,0.004975124378109453
5,0.25,1.0,1,light zone,0.7270869384469906,381,0.35567170836802997,0.40571117139572244,-0.07254189604270037,0.4782530674384228,0.004975124378109453
5,0.25,1.0,1,LZ minus DZ,0.7270869384469906,381,0.6864060958836755,0.719049590339739,-0.09699652762983019,0.8160461179695693,0.004975124378109453
5,0.25,1.0,1,germinal centre,0.7270869384469906,381,0.189972635266081,0.2916304693779612,-0.06337360305863501,0.35500407243659626,0.004975124378109453
5,0.25,1.0,1,plasma cell,0.7270869384469906,381,0.21837221254508565,0.5763144977690067,-0.0857165912995612,0.6620310890685679,0.004975124378109453
5,0.25,1.0,1,memory,0.7270869384469906,381,0.28369684715877364,0.5019156909259721,-0.09881771579053016,0.6007334067165022,0.004975124378109453
5,0.5,1.0,0,mutation_frequency,0.72812279119172,381,0.011541789966025173,-0.059211626141456364,-0.09767628720386139,0.03846466106240502,0.12437810945273632
5,0.5,1.0,0,division_gate:mCherry-low,0.72812279119172,381,0.16619826502448576,0.18019126075960057,-0.08047258229581208,0.2606638430554127,0.004975124378109453
5,0.5,1.0,0,zone_gate:DZ,0.72812279119172,87,0.08533810442038925,-0.04536634290225816,-0.11133896705637263,0.06597262415411446,0.11940298507462686
5,0.5,1.0,0,rbd_bait:RBD+,0.72812279119172,294,0.0389014077409483,-0.09591162733595615,-0.09990548710198763,0.003993859766031477,0.48258706467661694
5,0.5,1.0,0,dark zone / cycling,0.72812279119172,381,0.7045840420624927,0.7322585295724987,-0.10540860592138862,0.8376671354938874,0.004975124378109453
5,0.5,1.0,0,light zone,0.72812279119172,381,0.34448479677193367,0.4093715395098717,-0.0848826407253721,0.4942541802352438,0.004975124378109453
5,0.5,1.0,0,LZ minus DZ,0.72812279119172,381,0.6902631752976965,0.7307782599970838,-0.0982199578247389,0.8289982178218227,0.004975124378109453
5,0.5,1.0,0,germinal centre,0.72812279119172,381,0.06064014850165933,0.2904390907366815,-0.06567943041022893,0.35611852114691045,0.004975124378109453
5,0.5,1.0,0,plasma cell,0.72812279119172,381,0.2552140452346894,0.6062921823261831,-0.08123653398341954,0.6875287163096027,0.004975124378109453
5,0.5,1.0,0,memory,0.72812279119172,381,0.2289560479748176,0.4515066262314784,-0.10014329458857323,0.5516499208200516,0.004975124378109453
5,0.5,1.0,1,mutation_frequency,0.7568516270317888,381,0.026160465113823528,0.05838994382032614,-0.09947174170536809,0.15786168552569424,0.004975124378109453
5,0.5,1.0,1,division_gate:mCherry-low,0.7568516270317888,381,0.16309670463206793,0.18556899698895302,-0.08239792625530491,0.2679669232442579,0.004975124378109453
5,0.5,1.0,1,zone_gate:DZ,0.7568516270317888,87,0.15903679861263642,0.07426328304329044,-0.1082001412555056,0.18246342429879603,0.009950248756218905
5,0.5,1.0,1,rbd_bait:RBD+,0.7568516270317888,294,0.02276849970342898,-0.11506238715995765,-0.09322267409569107,-0.021839713064266575,0.6666666666666666
5,0.5,1.0,1,dark zone / cycling,0.7568516270317888,381,0.7099024406099075,0.7197283570860791,-0.10435667597415492,0.824085033060234,0.004975124378109453
5,0.5,1.0,1,light zone,0.7568516270317888,381,0.3422440130966141,0.3975020308376861,-0.0884665486796864,0.4859685795173725,0.004975124378109453
5,0.5,1.0,1,LZ minus DZ,0.7568516270317888,381,0.6902952949917815,0.7111279796112218,-0.09802374012739644,0.8091517197386182,0.004975124378109453
5,0.5,1.0,1,germinal centre,0.7568516270317888,381,0.18290220754356112,0.27318233218896604,-0.0719421817695017,0.34512451395846777,0.004975124378109453
5,0.5,1.0,1,plasma cell,0.7568516270317888,381,0.2706812111322202,0.5813079932831202,-0.08884079305992305,0.6701487863430433,0.004975124378109453
5,0.5,1.0,1,memory,0.7568516270317888,381,0.29762096069033295,0.47058180402811645,-0.0961545727888787,0.5667363768169952,0.004975124378109453
5,0.9,1.0,0,mutation_frequency,0.7706516652724521,381,0.017147208675820202,0.029215720792182376,-0.10281452326123074,0.13203024405341313,0.004975124378109453
5,0.9,1.0,0,division_gate:mCherry-low,0.7706516652724521,381,0.1656508688585442,0.15657421892304257,-0.08739680523868694,0.2439710241617295,0.004975124378109453
5,0.9,1.0,0,zone_gate:DZ,0.7706516652724521,87,0.15356073917962,0.054135303250283706,-0.1096648092305697,0.1638001124808534,0.009950248756218905
5,0.9,1.0,0,rbd_bait:RBD+,0.7706516652724521,294,0.02258633138960986,-0.098047715321949,-0.09519156127963083,-0.0028561540423181764,0.5373134328358209
5,0.9,1.0,0,dark zone / cycling,0.7706516652724521,381,0.7097860185378695,0.7162515364760245,-0.10291253499231776,0.8191640714683422,0.004975124378109453
5,0.9,1.0,0,light zone,0.7706516652724521,381,0.34042222329334615,0.3834217924852521,-0.08057583077404169,0.4639976232592938,0.004975124378109453
5,0.9,1.0,0,LZ minus DZ,0.7706516652724521,381,0.6887716006863529,0.710715844383407,-0.09400188461378121,0.8047177289971882,0.004975124378109453
5,0.9,1.0,0,germinal centre,0.7706516652724521,381,0.20419424793176288,0.27126311486803323,-0.07819027821948409,0.34945339308751733,0.004975124378109453
5,0.9,1.0,0,plasma cell,0.7706516652724521,381,0.26199412830666924,0.5475805054286871,-0.09395408249036094,0.641534587919048,0.004975124378109453
5,0.9,1.0,0,memory,0.7706516652724521,381,0.3080441416616645,0.47958719475756606,-0.10090125988611871,0.5804884546436848,0.004975124378109453
5,0.9,1.0,1,mutation_frequency,0.7561756360229793,381,0.024498547272913118,0.0004902545453344676,-0.10024756846481989,0.10073782301015435,0.004975124378109453
5,0.9,1.0,1,division_gate:mCherry-low,0.7561756360229793,381,0.1630308487492188,0.18381223634017685,-0.08837174054521331,0.27218397688539014,0.004975124378109453
5,0.9,1.0,1,zone_gate:DZ,0.7561756360229793,87,0.13044808209385994,0.032203715472343686,-0.11437339525798125,0.14657711073032492,0.01990049751243781
5,0.9,1.0,1,rbd_bait:RBD+,0.7561756360229793,294,0.020186192606044373,-0.1111214718238025,-0.09685439707705971,-0.014267074746742783,0.6517412935323383
5,0.9,1.0,1,dark zone / cycling,0.7561756360229793,381,0.721253080557666,0.7154672103389325,-0.10418088501751478,0.8196480953564472,0.004975124378109453
5,0.9,1.0,1,light zone,0.7561756360229793,381,0.3476895877038537,0.3460702051292792,-0.08587909554688539,0.4319493006761646,0.004975124378109453
5,0.9,1.0,1,LZ minus DZ,0.7561756360229793,381,0.6993658339599624,0.6994783696504594,-0.10026764921221662,0.799746018862676,0.004975124378109453
5,0.9,1.0,1,germinal centre,0.7561756360229793,381,0.21915075514336213,0.22785392591759712,-0.08315334234105536,0.3110072682586525,0.004975124378109453
5,0.9,1.0,1,plasma cell,0.7561756360229793,381,0.24803862098293072,0.5017350710747039,-0.09337723397780909,0.595112305052513,0.004975124378109453
5,0.9,1.0,1,memory,0.7561756360229793,381,0.29702605800413107,0.45901237919434357,-0.09861991571791537,0.557632294912259,0.004975124378109453
10,0.0,1.0,0,mutation_frequency,0.7084989255837512,381,0.02529717673766274,-0.03422529312006417,-0.09737962478617272,0.06315433166610855,0.03482587064676617
10,0.0,1.0,0,division_gate:mCherry-low,0.7084989255837512,381,0.14236585765908227,0.18681234793200352,-0.06927237173732986,0.2560847196693334,0.004975124378109453
10,0.0,1.0,0,zone_gate:DZ,0.7084989255837512,87,0.09448467671875826,0.025625759974961082,-0.11188696415513207,0.13751272413009313,0.009950248756218905
10,0.0,1.0,0,rbd_bait:RBD+,0.7084989255837512,294,0.009264111225021687,-0.05442495300519856,-0.10204758453033484,0.04762263152513628,0.0945273631840796
10,0.0,1.0,0,dark zone / cycling,0.7084989255837512,381,0.6970219792719825,0.721239906292811,-0.10139072562109153,0.8226306319139025,0.004975124378109453
10,0.0,1.0,0,light zone,0.7084989255837512,381,0.3396821868044362,0.4120372831616196,-0.07087305323513952,0.4829103363967591,0.004975124378109453
10,0.0,1.0,0,LZ minus DZ,0.7084989255837512,381,0.6743321057670066,0.7168684934885359,-0.09500756799604232,0.8118760614845781,0.004975124378109453
10,0.0,1.0,0,germinal centre,0.7084989255837512,381,0.1656798147856524,0.29540360100781027,-0.05287304724547285,0.34827664825328314,0.004975124378109453
10,0.0,1.0,0,plasma cell,0.7084989255837512,381,0.14034674813190195,0.5173405674557692,-0.08956621273335465,0.6069067801891238,0.004975124378109453
10,0.0,1.0,0,memory,0.7084989255837512,381,0.22428283327106613,0.455084606754836,-0.09563767993670258,0.5507222866915386,0.004975124378109453
10,0.0,1.0,1,mutation_frequency,0.7180919249948459,381,0.031879905226283145,-0.025106023077751116,-0.09999383358884405,0.07488781051109293,0.009950248756218905
10,0.0,1.0,1,division_gate:mCherry-low,0.7180919249948459,381,0.1533632147634887,0.15704333300479378,-0.0718873607719518,0.22893069377674558,0.004975124378109453
10,0.0,1.0,1,zone_gate:DZ,0.7180919249948459,87,0.10925650100458306,0.03824224395134623,-0.10652295667685721,0.14476520062820344,0.024875621890547265
10,0.0,1.0,1,rbd_bait:RBD+,0.7180919249948459,294,0.008657553101860671,-0.06075900155978786,-0.10014176805905926,0.0393827664992714,0.12935323383084577
10,0.0,1.0,1,dark zone / cycling,0.7180919249948459,381,0.7075452400306639,0.7318345538408636,-0.1029791527230021,0.8348137065638657,0.004975124378109453
10,0.0,1.0,1,light zone,0.7180919249948459,381,0.3617623015703778,0.38715065987459296,-0.08077107748304979,0.46792173735764275,0.004975124378109453
10,0.0,1.0,1,LZ minus DZ,0.7180919249948459,381,0.6927187020066252,0.7255990093066496,-0.09720541981577907,0.8228044291224286,0.004975124378109453
10,0.0,1.0,1,germinal centre,0.7180919249948459,381,0.19532471852889455,0.266069468086957,-0.06352871409571921,0.32959818218267617,0.004975124378109453
10,0.0,1.0,1,plasma cell,0.7180919249948459,381,0.18341818702014345,0.529079847523366,-0.09119777991555572,0.6202776274389217,0.004975124378109453
10,0.0,1.0,1,memory,0.7180919249948459,381,0.25443104711197195,0.4585104399962515,-0.09574021186336357,0.5542506518596151,0.004975124378109453
10,0.1,1.0,0,mutation_frequency,0.7181209163787398,381,0.029266899850471484,-0.013344286958291818,-0.09824406394815538,0.08489977698986356,0.004975124378109453
10,0.1,1.0,0,division_gate:mCherry-low,0.7181209163787398,381,0.1534088884883439,0.17050988629897645,-0.06911813678344769,0.23962802308242415,0.004975124378109453
10,0.1,1.0,0,zone_gate:DZ,0.7181209163787398,87,0.10540726077544793,0.07898181408851057,-0.1075221299014986,0.1865039439900092,0.014925373134328358
10,0.1,1.0,0,rbd_bait:RBD+,0.7181209163787398,294,0.00965516493402152,-0.04847894371635375,-0.1024844776471636,0.054005533930809854,0.07462686567164178
10,0.1,1.0,0,dark zone / cycling,0.7181209163787398,381,0.7065033902597038,0.7174856119554148,-0.10326881867468067,0.8207544306300955,0.004975124378109453
10,0.1,1.0,0,light zone,0.7181209163787398,381,0.35457131346194004,0.41023340317403856,-0.07198341165065573,0.4822168148246943,0.004975124378109453
10,0.1,1.0,0,LZ minus DZ,0.7181209163787398,381,0.6875973979845631,0.7159739877576816,-0.09098855114801863,0.8069625389057002,0.004975124378109453
10,0.1,1.0,0,germinal centre,0.7181209163787398,381,0.18692991196631692,0.2851471008672727,-0.054839286340934185,0.33998638720820684,0.004975124378109453
10,0.1,1.0,0,plasma cell,0.7181209163787398,381,0.15777078798012445,0.4926506014234169,-0.08418414960452872,0.5768347510279456,0.004975124378109453
10,0.1,1.0,0,memory,0.7181209163787398,381,0.24023848803689984,0.4612760686968439,-0.09457583991236734,0.5558519086092113,0.004975124378109453
10,0.1,1.0,1,mutation_frequency,0.7177486277634795,381,0.0315284201285011,-0.02355322350282618,-0.10064137319027598,0.0770881496874498,0.03482587064676617
10,0.1,1.0,1,division_gate:mCherry-low,0.7177486277634795,381,0.14932129398618232,0.17549246451041145,-0.07297728133192645,0.24846974584233789,0.004975124378109453
10,0.1,1.0,1,zone_gate:DZ,0.7177486277634795,87,0.10864828380275693,0.08846248452457772,-0.117115423482069,0.20557790800664671,0.004975124378109453
10,0.1,1.0,1,rbd_bait:RBD+,0.7177486277634795,294,0.007292575465803197,-0.07686707065584453,-0.0976752230846171,0.02080815242877257,0.27860696517412936
10,0.1,1.0,1,dark zone / cycling,0.7177486277634795,381,0.7051013311022107,0.7344044589001335,-0.10052409628464605,0.8349285551847796,0.004975124378109453
10,0.1,1.0,1,light zone,0.7177486277634795,381,0.35904217289222984,0.4088783488822383,-0.08042289357805085,0.48930124246028917,0.004975124378109453
10,0.1,1.0,1,LZ minus DZ,0.7177486277634795,381,0.688534191193142,0.7307789077824038,-0.0956786430517318,0.8264575508341356,0.004975124378109453
10,0.1,1.0,1,germinal centre,0.7177486277634795,381,0.19515765425077358,0.2853523528730241,-0.05801647343804552,0.3433688263110696,0.004975124378109453
10,0.1,1.0,1,plasma cell,0.7177486277634795,381,0.16002810995017513,0.5201959926607334,-0.08685373995006533,0.6070497326107986,0.004975124378109453
10,0.1,1.0,1,memory,0.7177486277634795,381,0.2444041435141463,0.4798117309728984,-0.09792167878576027,0.5777334097586587,0.004975124378109453
10,0.25,1.0,0,mutation_frequency,0.7344670511832189,381,0.026130343858466243,-0.046830615649858354,-0.09942987229061016,0.05259925664075181,0.05970149253731343
10,0.25,1.0,0,division_gate:mCherry-low,0.7344670511832189,381,0.15488029957860583,0.18634762704535934,-0.0754217232068682,0.26176935025222753,0.004975124378109453
10,0.25,1.0,0,zone_gate:DZ,0.7344670511832189,87,0.11193362887553748,0.07286441680697553,-0.11144570103361634,0.18431011784059187,0.004975124378109453
10,0.25,1.0,0,rbd_bait:RBD+,0.7344670511832189,294,0.008777498178120124,-0.06083359963476842,-0.10249771123895968,0.041664111604191256,0.14427860696517414
10,0.25,1.0,0,dark zone / cycling,0.7344670511832189,381,0.7169838159894841,0.7313578919542474,-0.10009716931617102,0.8314550612704183,0.004975124378109453
10,0.25,1.0,0,light zone,0.7344670511832189,381,0.35269238769449485,0.38892492521075095,-0.07374282041660792,0.46266774562735885,0.004975124378109453
10,0.25,1.0,0,LZ minus DZ,0.7344670511832189,381,0.6944153841644517,0.7270411310670222,-0.097908268515204,0.8249493995822261,0.004975124378109453
10,0.25,1.0,0,germinal centre,0.7344670511832189,381,0.191318282604532,0.2990017629923235,-0.06119504898446987,0.3601968119767934,0.004975124378109453
10,0.25,1.0,0,plasma cell,0.7344670511832189,381,0.1574275224417352,0.4679726959298307,-0.09050119056515162,0.5584738864949823,0.004975124378109453
10,0.25,1.0,0,memory,0.7344670511832189,381,0.24158157642982847,0.4818464462418779,-0.09687419564224552,0.5787206418841234,0.004975124378109453
10,0.25,1.0,1,mutation_frequency,0.7187721027163106,381,0.033525647423843674,-0.03176616179571856,-0.10051519306662318,0.06874903127090462,0.014925373134328358
10,0.25,1.0,1,division_gate:mCherry-low,0.7187721027163106,381,0.153480612585008,0.20008174619142738,-0.0734475409583686,0.27352928714979596,0.004975124378109453
10,0.25,1.0,1,zone_gate:DZ,0.7187721027163106,87,0.10670556764918271,0.05775474871932018,-0.11317593214298782,0.170930680862308,0.009950248756218905
10,0.25,1.0,1,rbd_bait:RBD+,0.7187721027163106,294,0.007521731634731577,-0.09400757295460749,-0.10109051711925103,0.007082944164643543,0.3681592039800995
10,0.25,1.0,1,dark zone / cycling,0.7187721027163106,381,0.7052210128743214,0.7369511115656746,-0.1022681377689974,0.839219249334672,0.004975124378109453
10,0.25,1.0,1,light zone,0.7187721027163106,381,0.35674247226082,0.39549422832677406,-0.08132268377600477,0.4768169121027788,0.004975124378109453
10,0.25,1.0,1,LZ minus DZ,0.7187721027163106,381,0.68645800486518,0.7318812639152337,-0.09808048220818412,0.8299617461234178,0.004975124378109453
10,0.25,1.0,1,germinal centre,0.7187721027163106,381,0.19510977949897268,0.26888986828740835,-0.06613632049953162,0.33502618878693996,0.004975124378109453
10,0.25,1.0,1,plasma cell,0.7187721027163106,381,0.15309518153134438,0.45500676095274206,-0.0878903269726683,0.5428970879254104,0.004975124378109453
10,0.25,1.0,1,memory,0.7187721027163106,381,0.23633914256646593,0.48711337706885727,-0.09533122758284118,0.5824446046516984,0.004975124378109453
10,0.5,1.0,0,mutation_frequency,0.7420954596433358,381,0.02623379305342588,-0.01906706640078637,-0.09663073640201468,0.07756367000122831,0.01990049751243781
10,0.5,1.0,0,division_gate:mCherry-low,0.7420954596433358,381,0.15792979948306818,0.1758261754094287,-0.08575277067400769,0.26157894608343635,0.004975124378109453
10,0.5,1.0,0,zone_gate:DZ,0.7420954596433358,87,0.1245798233628912,0.12413089469046223,-0.1071963817895427,0.23132727648000495,0.004975124378109453
10,0.5,1.0,0,rbd_bait:RBD+,0.7420954596433358,294,0.009284752245513839,-0.10223595646867056,-0.09896575195692986,-0.003270204511740704,0.5323383084577115
10,0.5,1.0,0,dark zone / cycling,0.7420954596433358,381,0.7241126320764405,0.7236780330472444,-0.10510038775094013,0.8287784207981845,0.004975124378109453
10,0.5,1.0,0,light zone,0.7420954596433358,381,0.3573072009153456,0.3696723940756802,-0.08742267474315751,0.4570950688188377,0.004975124378109453
10,0.5,1.0,0,LZ minus DZ,0.7420954596433358,381,0.7018802263881352,0.7161836005097779,-0.09977715876348314,0.8159607592732611,0.004975124378109453
10,0.5,1.0,0,germinal centre,0.7420954596433358,381,0.19803935115076943,0.2854052105021342,-0.08239612583188913,0.36780133633402334,0.004975124378109453
10,0.5,1.0,0,plasma cell,0.7420954596433358,381,0.16465189154812299,0.4681864981734243,-0.09161220494905066,0.5597987031224749,0.004975124378109453
10,0.5,1.0,0,memory,0.7420954596433358,381,0.24327067509001166,0.49804382138911574,-0.10300720275665641,0.6010510241457722,0.004975124378109453
10,0.5,1.0,1,mutation_frequency,0.7540647635916735,381,0.03787949351583286,-0.005235861434110589,-0.10006058015938063,0.09482471872527004,0.014925373134328358
10,0.5,1.0,1,division_gate:mCherry-low,0.7540647635916735,381,0.164139675354932,0.18899884705567316,-0.08540220477172963,0.2744010518274028,0.004975124378109453
10,0.5,1.0,1,zone_gate:DZ,0.7540647635916735,87,0.13347234754250004,0.03562268491158582,-0.1099454853401464,0.14556817025173224,0.014925373134328358
10,0.5,1.0,1,rbd_bait:RBD+,0.7540647635916735,294,0.010782823153957732,-0.0740425554480646,-0.10040395296301362,0.026361397514949023,0.208955223880597
10,0.5,1.0,1,dark zone / cycling,0.7540647635916735,381,0.7241638382997914,0.7344662772372503,-0.10300573739009795,0.8374720146273483,0.004975124378109453
10,0.5,1.0,1,light zone,0.7540647635916735,381,0.3731031282135454,0.36861621501420616,-0.09343767422349156,0.46205388923769775,0.004975124378109453
10,0.5,1.0,1,LZ minus DZ,0.7540647635916735,381,0.7079791405579943,0.7279841477939096,-0.09985474473175543,0.827838892525665,0.004975124378109453
10,0.5,1.0,1,germinal centre,0.7540647635916735,381,0.2196105120353532,0.2602631238166504,-0.07664500576159772,0.3369081295782481,0.004975124378109453
10,0.5,1.0,1,plasma cell,0.7540647635916735,381,0.1890498237766315,0.4726484417636092,-0.09224478961482266,0.5648932313784318,0.004975124378109453
10,0.5,1.0,1,memory,0.7540647635916735,381,0.27228096852667927,0.4972233165168627,-0.09825041094442442,0.5954737274612871,0.004975124378109453
10,0.9,1.0,0,mutation_frequency,0.7653117504650673,381,0.03476518137634532,0.013901747490583594,-0.0978937462109463,0.1117954937015299,0.009950248756218905
10,0.9,1.0,0,division_gate:mCherry-low,0.7653117504650673,381,0.1623245520953921,0.189222633383482,-0.08481874522093001,0.274041378604412,0.004975124378109453
10,0.9,1.0,0,zone_gate:DZ,0.7653117504650673,87,0.14332788957116027,0.09285322592781298,-0.1221381722149243,0.21499139814273727,0.004975124378109453
10,0.9,1.0,0,rbd_bait:RBD+,0.7653117504650673,294,0.010577845487330095,-0.046887178645981464,-0.10031823957327851,0.05343106092729705,0.09950248756218906
10,0.9,1.0,0,dark zone / cycling,0.7653117504650673,381,0.7267226853325299,0.723094331298828,-0.10336524817644971,0.8264595794752778,0.004975124378109453
10,0.9,1.0,0,light zone,0.7653117504650673,381,0.37248008999719706,0.36663940714876064,-0.08729997036124314,0.4539393775100038,0.004975124378109453
10,0.9,1.0,0,LZ minus DZ,0.7653117504650673,381,0.7082553738977878,0.7202613684033541,-0.10003494596398842,0.8202963143673425,0.004975124378109453
10,0.9,1.0,0,germinal centre,0.7653117504650673,381,0.20776169311282122,0.2595807253867445,-0.08012660553512571,0.3397073309218702,0.004975124378109453
10,0.9,1.0,0,plasma cell,0.7653117504650673,381,0.17259879022862812,0.3910781162421494,-0.09623337136856364,0.487311487610713,0.004975124378109453
10,0.9,1.0,0,memory,0.7653117504650673,381,0.2531069628705759,0.4628449334656103,-0.09936831291513107,0.5622132463807413,0.004975124378109453
10,0.9,1.0,1,mutation_frequency,0.7789561356455833,381,0.03534687826776006,-0.0018895342296556539,-0.10404250247999947,0.10215296825034381,0.004975124378109453
10,0.9,1.0,1,division_gate:mCherry-low,0.7789561356455833,381,0.16190418278859076,0.1599316682692652,-0.0892029485242574,0.2491346167935226,0.004975124378109453
10,0.9,1.0,1,zone_gate:DZ,0.7789561356455833,87,0.14506488355405678,0.03804115537288433,-0.1115298142753052,0.14957096964818953,0.014925373134328358
10,0.9,1.0,1,rbd_bait:RBD+,0.7789561356455833,294,0.010875620510361395,-0.07655099874893012,-0.0989643659179828,0.022413367169052678,0.2935323383084577
10,0.9,1.0,1,dark zone / cycling,0.7789561356455833,381,0.7291574098830904,0.7148004158844152,-0.10288172553424921,0.8176821414186645,0.004975124378109453
10,0.9,1.0,1,light zone,0.7789561356455833,381,0.37256639118696944,0.35308250473368596,-0.08644795867040894,0.4395304634040949,0.004975124378109453
10,0.9,1.0,1,LZ minus DZ,0.7789561356455833,381,0.7104204400659595,0.7093338541971437,-0.10072354010521717,0.8100573943023608,0.004975124378109453
10,0.9,1.0,1,germinal centre,0.7789561356455833,381,0.21928601757244148,0.2650876296026272,-0.08098355975162004,0.34607118935424724,0.004975124378109453
10,0.9,1.0,1,plasma cell,0.7789561356455833,381,0.18430882763759548,0.4021511243564776,-0.09642738753479538,0.498578511891273,0.004975124378109453
10,0.9,1.0,1,memory,0.7789561356455833,381,0.2659715367317784,0.49254313945816885,-0.10438041918390621,0.596923558642075,0.004975124378109453
15,0.0,1.0,0,mutation_frequency,0.7259196492308492,381,0.026621615032541346,-0.010863032602046685,-0.0957182136194583,0.08485518101741162,0.024875621890547265
15,0.0,1.0,0,division_gate:mCherry-low,0.7259196492308492,381,0.15851599784366344,0.16605722205801665,-0.07198539720812379,0.23804261926614045,0.004975124378109453
15,0.0,1.0,0,zone_gate:DZ,0.7259196492308492,87,0.13642368769624713,0.12587528877381748,-0.10470525103122905,0.23058053980504653,0.004975124378109453
15,0.0,1.0,0,rbd_bait:RBD+,0.7259196492308492,294,0.008710117786353666,-0.09005226016015322,-0.09638668154102721,0.006334421380873992,0.3781094527363184
15,0.0,1.0,0,dark zone / cycling,0.7259196492308492,381,0.7047173528664934,0.7173836962818578,-0.1035273588662215,0.8209110551480794,0.004975124378109453
15,0.0,1.0,0,light zone,0.7259196492308492,381,0.35616238750822615,0.40940861835020037,-0.07695137319506022,0.4863599915452606,0.004975124378109453
15,0.0,1.0,0,LZ minus DZ,0.7259196492308492,381,0.6877817485612461,0.7138380395283517,-0.09608062302791992,0.8099186625562715,0.004975124378109453
15,0.0,1.0,0,germinal centre,0.7259196492308492,381,0.18640008180871592,0.2985546344344008,-0.052966271180703794,0.3515209056151046,0.004975124378109453
15,0.0,1.0,0,plasma cell,0.7259196492308492,381,0.15645342951890262,0.4224564555277188,-0.08128004929286042,0.5037365048205793,0.004975124378109453
15,0.0,1.0,0,memory,0.7259196492308492,381,0.26230019255833015,0.45649028225562016,-0.10086869641849618,0.5573589786741163,0.004975124378109453
15,0.0,1.0,1,mutation_frequency,0.714997127408545,381,0.03074300073927627,-0.019759055420396354,-0.09465308639688652,0.07489403097649017,0.029850746268656716
15,0.0,1.0,1,division_gate:mCherry-low,0.714997127408545,381,0.15305625022944436,0.16704946726941228,-0.07859843475360233,0.24564790202301462,0.004975124378109453
15,0.0,1.0,1,zone_gate:DZ,0.714997127408545,87,0.1144742518308316,0.06981870970422643,-0.11252550535479836,0.1823442150590248,0.009950248756218905
15,0.0,1.0,1,rbd_bait:RBD+,0.714997127408545,294,0.007411196045519874,-0.05905142653717421,-0.10123127531845405,0.04217984878127984,0.11940298507462686
15,0.0,1.0,1,dark zone / cycling,0.714997127408545,381,0.7052768824954403,0.7344485499500655,-0.1017660521520989,0.8362146021021644,0.004975124378109453
15,0.0,1.0,1,light zone,0.714997127408545,381,0.3505425792423805,0.3827418523716608,-0.07411260584122223,0.45685445821288306,0.004975124378109453
15,0.0,1.0,1,LZ minus DZ,0.714997127408545,381,0.6850295060118807,0.7190266399109635,-0.09828389063246976,0.8173105305434333,0.004975124378109453
15,0.0,1.0,1,germinal centre,0.714997127408545,381,0.18209383142657376,0.2822051464010047,-0.061206708117998006,0.3434118545190027,0.004975124378109453
15,0.0,1.0,1,plasma cell,0.714997127408545,381,0.15283033022437253,0.400460367284842,-0.0817391839857544,0.48219955127059644,0.004975124378109453
15,0.0,1.0,1,memory,0.714997127408545,381,0.24750257718769963,0.475746558689919,-0.09971522030321822,0.5754617789931372,0.004975124378109453
15,0.1,1.0,0,mutation_frequency,0.7278635343219156,381,0.032804760148388845,0.0017942786379100406,-0.09558095855351531,0.09737523719142535,0.014925373134328358
15,0.1,1.0,0,division_gate:mCherry-low,0.7278635343219156,381,0.16084851517162924,0.17306034097936485,-0.07812618439966494,0.2511865253790298,0.004975124378109453
15,0.1,1.0,0,zone_gate:DZ,0.7278635343219156,87,0.12787883460934157,0.05645665978907799,-0.11593521837775599,0.172391878166834,0.014925373134328358
15,0.1,1.0,0,rbd_bait:RBD+,0.7278635343219156,294,0.008554955323263225,-0.08115015432539807,-0.09567742417789299,0.014527269852494917,0.29850746268656714
15,0.1,1.0,0,dark zone / cycling,0.7278635343219156,381,0.7072988362850621,0.72804910272111,-0.10019184137447402,0.828240944095584,0.004975124378109453
15,0.1,1.0,0,light zone,0.7278635343219156,381,0.37295078406923643,0.36383580999044496,-0.08200738008953362,0.4458431900799786,0.004975124378109453
15,0.1,1.0,0,LZ minus DZ,0.7278635343219156,381,0.6958503072303789,0.7196017305562876,-0.10005031433058768,0.8196520448868753,0.004975124378109453
15,0.1,1.0,0,germinal centre,0.7278635343219156,381,0.1885279067217115,0.27558255134692944,-0.0687698893073584,0.34435244065428783,0.004975124378109453
15,0.1,1.0,0,plasma cell,0.7278635343219156,381,0.1526273350819234,0.43866291217253817,-0.08327984966802189,0.5219427618405601,0.004975124378109453
15,0.1,1.0,0,memory,0.7278635343219156,381,0.25704015807807257,0.47651641450902704,-0.10157900205638543,0.5780954165654124,0.004975124378109453
15,0.1,1.0,1,mutation_frequency,0.7224636927294622,381,0.035238738902914624,0.040771354745901656,-0.09595508921035281,0.13672644395625447,0.004975124378109453
15,0.1,1.0,1,division_gate:mCherry-low,0.7224636927294622,381,0.1547145282918415,0.16173911927796292,-0.07623961069680885,0.23797872997477176,0.004975124378109453
15,0.1,1.0,1,zone_gate:DZ,0.7224636927294622,87,0.13370670285137365,0.0993401663269583,-0.11069928742999476,0.21003945375695304,0.004975124378109453
15,0.1,1.0,1,rbd_bait:RBD+,0.7224636927294622,294,0.007097643244615259,-0.06647349074708253,-0.092369040532177,0.025895549785094465,0.23880597014925373
15,0.1,1.0,1,dark zone / cycling,0.7224636927294622,381,0.7103850608290085,0.731291234592115,-0.1056542864364533,0.8369455210285683,0.004975124378109453
15,0.1,1.0,1,light zone,0.7224636927294622,381,0.35746118507652813,0.40242822531795663,-0.06998455182491044,0.47241277714286706,0.004975124378109453
15,0.1,1.0,1,LZ minus DZ,0.7224636927294622,381,0.6910252869563687,0.7238186447669424,-0.09274410501956865,0.816562749786511,0.004975124378109453
15,0.1,1.0,1,germinal centre,0.7224636927294622,381,0.18905364115999435,0.28136722659795366,-0.05434492565153571,0.33571215224948936,0.004975124378109453
15,0.1,1.0,1,plasma cell,0.7224636927294622,381,0.1533309836887874,0.3994471001822111,-0.08498403336322494,0.484431133545436,0.004975124378109453
15,0.1,1.0,1,memory,0.7224636927294622,381,0.25678243499587994,0.47864750910924825,-0.09711261093641965,0.5757601200456679,0.004975124378109453
15,0.25,1.0,0,mutation_frequency,0.7448354327881799,381,0.03479460915457522,-0.009268264226070855,-0.09876151204286146,0.0894932478167906,0.004975124378109453
15,0.25,1.0,0,division_gate:mCherry-low,0.7448354327881799,381,0.1590323625964043,0.15590666766782468,-0.07764563047251766,0.23355229814034234,0.004975124378109453
15,0.25,1.0,0,zone_gate:DZ,0.7448354327881799,87,0.13859140920026936,0.10674727404403939,-0.11865292797506324,0.22540020201910263,0.004975124378109453
15,0.25,1.0,0,rbd_bait:RBD+,0.7448354327881799,294,0.008891110277573722,-0.08962117827689031,-0.10668615566986828,0.017064977392977965,0.32338308457711445
15,0.25,1.0,0,dark zone / cycling,0.7448354327881799,381,0.7181181434272166,0.72503947260483,-0.09966439794403334,0.8247038705488634,0.004975124378109453
15,0.25,1.0,0,light zone,0.7448354327881799,381,0.37116229485856855,0.3700184497450858,-0.07428083453794583,0.4442992842830316,0.004975124378109453
15,0.25,1.0,0,LZ minus DZ,0.7448354327881799,381,0.7030609111019357,0.7136484077170474,-0.09306175236239848,0.8067101600794458,0.004975124378109453
15,0.25,1.0,0,germinal centre,0.7448354327881799,381,0.2009296805186096,0.26611053417801944,-0.06659680567157154,0.332707339849591,0.004975124378109453
15,0.25,1.0,0,plasma cell,0.7448354327881799,381,0.16622047324326084,0.43118498958990625,-0.08350765684398795,0.5146926464338942,0.004975124378109453
15,0.25,1.0,0,memory,0.7448354327881799,381,0.2607447786525461,0.5036241354356263,-0.1006042930227061,0.6042284284583325,0.004975124378109453
15,0.25,1.0,1,mutation_frequency,0.7496415030101544,381,0.029831908382838335,-0.01048887573900159,-0.09669953630884563,0.08621066056984404,0.009950248756218905
15,0.25,1.0,1,division_gate:mCherry-low,0.7496415030101544,381,0.1591048433500598,0.1694935725174096,-0.07750035294235606,0.24699392545976567,0.004975124378109453
15,0.25,1.0,1,zone_gate:DZ,0.7496415030101544,87,0.14563072613482575,0.10349309902526027,-0.11059108209665114,0.2140841811219114,0.004975124378109453
15,0.25,1.0,1,rbd_bait:RBD+,0.7496415030101544,294,0.00896044154211506,-0.058654629900570576,-0.09971891439988184,0.041064284499311265,0.11940298507462686
15,0.25,1.0,1,dark zone / cycling,0.7496415030101544,381,0.7286810435072875,0.73035381450908,-0.09924291913336296,0.8295967336424429,0.004975124378109453
15,0.25,1.0,1,light zone,0.7496415030101544,381,0.35916275934386277,0.3690509167628294,-0.0837786739566246,0.452829590719454,0.004975124378109453
15,0.25,1.0,1,LZ minus DZ,0.7496415030101544,381,0.7050938545521945,0.7209183256115608,-0.09360766859555855,0.8145259942071194,0.004975124378109453
15,0.25,1.0,1,germinal centre,0.7496415030101544,381,0.19984767956476357,0.2915677778563026,-0.07013912624137797,0.3617069040976806,0.004975124378109453
15,0.25,1.0,1,plasma cell,0.7496415030101544,381,0.16700031296686324,0.4083303398252488,-0.0845673433511049,0.4928976831763537,0.004975124378109453
15,0.25,1.0,1,memory,0.7496415030101544,381,0.2648921294421791,0.49801265470703593,-0.09579346604113205,0.593806120748168,0.004975124378109453
15,0.5,1.0,0,mutation_frequency,0.7567198535617498,381,0.034237887168406256,0.00034423010729400794,-0.09761756772996298,0.09796179783725699,0.004975124378109453
15,0.5,1.0,0,division_gate:mCherry-low,0.7567198535617498,381,0.15877900996609917,0.17483236933983304,-0.08188162079657862,0.25671399013641166,0.004975124378109453
15,0.5,1.0,0,zone_gate:DZ,0.7567198535617498,87,0.13914114814671086,0.06614194469665502,-0.1074404069991203,0.17358235169577532,0.004975124378109453
15,0.5,1.0,0,rbd_bait:RBD+,0.7567198535617498,294,0.008104704507981841,-0.0715957458245915,-0.09507879359249091,0.023483047767899418,0.25870646766169153
15,0.5,1.0,0,dark zone / cycling,0.7567198535617498,381,0.7254560755452799,0.7213598534635519,-0.1040316229500919,0.8253914764136439,0.004975124378109453
15,0.5,1.0,0,light zone,0.7567198535617498,381,0.3699938230971398,0.3689394149893601,-0.08062978691651419,0.4495692019058743,0.004975124378109453
15,0.5,1.0,0,LZ minus DZ,0.7567198535617498,381,0.707595799676767,0.7146550346162854,-0.09874758376717736,0.8134026183834628,0.004975124378109453
15,0.5,1.0,0,germinal centre,0.7567198535617498,381,0.20544619967209532,0.2999358952150982,-0.06796899363367005,0.36790488884876826,0.004975124378109453
15,0.5,1.0,0,plasma cell,0.7567198535617498,381,0.1617328011629935,0.4354531111935489,-0.08437141314969233,0.5198245243432412,0.004975124378109453
15,0.5,1.0,0,memory,0.7567198535617498,381,0.2547150275319534,0.4899798737464591,-0.1016270303009178,0.5916069040473769,0.004975124378109453
15,0.5,1.0,1,mutation_frequency,0.7563283590818001,381,0.03386685020871527,0.0026279665266213392,-0.09942364588988838,0.10205161241650972,0.014925373134328358
15,0.5,1.0,1,division_gate:mCherry-low,0.7563283590818001,381,0.1572014396968281,0.17831848360706481,-0.08032699258829445,0.25864547619535927,0.004975124378109453
15,0.5,1.0,1,zone_gate:DZ,0.7563283590818001,87,0.140356496877436,0.05427998290142988,-0.10525737694279974,0.15953735984422962,0.004975124378109453
15,0.5,1.0,1,rbd_bait:RBD+,0.7563283590818001,294,0.009050165296257573,-0.06407060933733066,-0.10061181548995808,0.03654120615262742,0.15920398009950248
15,0.5,1.0,1,dark zone / cycling,0.7563283590818001,381,0.7293340752501312,0.7270882672363691,-0.10544790114242472,0.8325361683787939,0.004975124378109453
15,0.5,1.0,1,light zone,0.7563283590818001,381,0.3629140042552945,0.376559328843904,-0.09074596319563376,0.46730529203953775,0.004975124378109453
15,0.5,1.0,1,LZ minus DZ,0.7563283590818001,381,0.7051284632533822,0.7171193496170458,-0.09532257472883042,0.8124419243458763,0.004975124378109453
15,0.5,1.0,1,germinal centre,0.7563283590818001,381,0.20758125966760765,0.28192447861986236,-0.07335484372449522,0.35527932234435755,0.004975124378109453
15,0.5,1.0,1,plasma cell,0.7563283590818001,381,0.16423822806433286,0.4131900253070263,-0.08974392457838984,0.5029339498854162,0.004975124378109453
15,0.5,1.0,1,memory,0.7563283590818001,381,0.2613540974988323,0.48449480367045705,-0.09739884516639076,0.5818936488368478,0.004975124378109453
15,0.9,1.0,0,mutation_frequency,0.7843024573771123,381,0.0369282968357979,0.0008116617532941683,-0.10540299824693715,0.10621466000023132,0.014925373134328358
15,0.9,1.0,0,division_gate:mCherry-low,0.7843024573771123,381,0.16414740455343713,0.20140497598946194,-0.08053380751974874,0.2819387835092107,0.004975124378109453
15,0.9,1.0,0,zone_gate:DZ,0.7843024573771123,87,0.15156758821867455,0.08118091668168625,-0.11366936412394853,0.19485028080563477,0.009950248756218905
15,0.9,1.0,0,rbd_bait:RBD+,0.7843024573771123,294,0.00942363419581238,-0.04525321548709704,-0.09760528701254119,0.05235207152544415,0.07960199004975124
15,0.9,1.0,0,dark zone / cycling,0.7843024573771123,381,0.7326291588545171,0.7197254055569896,-0.10057208127510991,0.8202974868320996,0.004975124378109453
15,0.9,1.0,0,light zone,0.7843024573771123,381,0.3813725665988269,0.361201449646287,-0.08430454499276326,0.4455059946390502,0.004975124378109453
15,0.9,1.0,0,LZ minus DZ,0.7843024573771123,381,0.7167805196256232,0.7100933478918792,-0.0987938594758519,0.8088872073677311,0.004975124378109453
15,0.9,1.0,0,germinal centre,0.7843024573771123,381,0.21703348312100124,0.26281173831320637,-0.08127134209262046,0.3440830804058268,0.004975124378109453
15,0.9,1.0,0,plasma cell,0.7843024573771123,381,0.17252535874356434,0.341018841455599,-0.08547513779068874,0.42649397924628774,0.004975124378109453
15,0.9,1.0,0,memory,0.7843024573771123,381,0.2692420963597296,0.4708925584410045,-0.10142386333875063,0.5723164217797552,0.004975124378109453
15,0.9,1.0,1,mutation_frequency,0.7780637741706674,381,0.03845998901165404,0.008260665289136937,-0.10085714961348849,0.10911781490262543,0.004975124378109453
15,0.9,1.0,1,division_gate:mCherry-low,0.7780637741706674,381,0.16130096360469792,0.1515609471816327,-0.08269576887573658,0.2342567160573693,0.004975124378109453
15,0.9,1.0,1,zone_gate:DZ,0.7780637741706674,87,0.16862511044889683,0.07148589220394919,-0.10983759503334298,0.18132348723729216,0.014925373134328358
15,0.9,1.0,1,rbd_bait:RBD+,0.7780637741706674,294,0.01100564774581525,-0.044771694160789854,-0.09226576467574436,0.04749407051495451,0.1044776119402985
15,0.9,1.0,1,dark zone / cycling,0.7780637741706674,381,0.743973033004159,0.7231227585826611,-0.10232220715339388,0.825444965736055,0.004975124378109453
15,0.9,1.0,1,light zone,0.7780637741706674,381,0.3743588545012896,0.3641762353545728,-0.08880788391682236,0.45298411927139515,0.004975124378109453
15,0.9,1.0,1,LZ minus DZ,0.7780637741706674,381,0.7213105968778175,0.708627969059705,-0.10302419826207204,0.8116521673217771,0.004975124378109453
15,0.9,1.0,1,germinal centre,0.7780637741706674,381,0.21502592372375962,0.24651289184802128,-0.08719987956120571,0.333712771409227,0.004975124378109453
15,0.9,1.0,1,plasma cell,0.7780637741706674,381,0.17480070850367702,0.34882026501603625,-0.08535330794156495,0.4341735729576012,0.004975124378109453
15,0.9,1.0,1,memory,0.7780637741706674,381,0.27286676307628455,0.4347672766129008,-0.10123606923050996,0.5360033458434108,0.004975124378109453
25,0.0,1.0,0,mutation_frequency,0.7243492455898779,381,0.03305293331332315,0.006228212068966843,-0.09935394766472327,0.10558215973369012,0.004975124378109453
25,0.0,1.0,0,division_gate:mCherry-low,0.7243492455898779,381,0.15995832552887246,0.16327239728313847,-0.0792121404685213,0.2424845377516598,0.004975124378109453
25,0.0,1.0,0,zone_gate:DZ,0.7243492455898779,87,0.13557580726100305,0.11480972519289834,-0.11295509981053779,0.22776482500343614,0.004975124378109453
25,0.0,1.0,0,rbd_bait:RBD+,0.7243492455898779,294,0.0090397904282844,-0.09172273728573721,-0.09687632658984714,0.005153589304109932,0.39800995024875624
25,0.0,1.0,0,dark zone / cycling,0.7243492455898779,381,0.7030834834516368,0.7199337751099457,-0.09934075668769342,0.8192745317976391,0.004975124378109453
25,0.0,1.0,0,light zone,0.7243492455898779,381,0.3614696142739481,0.38717123106691154,-0.0738660452871529,0.46103727635406444,0.004975124378109453
25,0.0,1.0,0,LZ minus DZ,0.7243492455898779,381,0.6884384811754629,0.702613996837073,-0.09468612358444581,0.7973001204215189,0.004975124378109453
25,0.0,1.0,0,germinal centre,0.7243492455898779,381,0.18976819247617205,0.2929050960479027,-0.059311758434361914,0.35221685448226464,0.004975124378109453
25,0.0,1.0,0,plasma cell,0.7243492455898779,381,0.15248426022194195,0.3376251988904587,-0.08636853443423556,0.42399373332469426,0.004975124378109453
25,0.0,1.0,0,memory,0.7243492455898779,381,0.26028910070834954,0.4719731402729619,-0.09444078257792761,0.5664139228508895,0.004975124378109453
25,0.0,1.0,1,mutation_frequency,0.728587244926136,381,0.028941396000998654,-0.02222757415692822,-0.09846065305683531,0.07623307889990709,0.029850746268656716
25,0.0,1.0,1,division_gate:mCherry-low,0.728587244926136,381,0.1620025869581896,0.15459761403210204,-0.07763804391484092,0.23223565794694295,0.004975124378109453
25,0.0,1.0,1,zone_gate:DZ,0.728587244926136,87,0.1371356485951717,0.08411561279822888,-0.10857566079090226,0.19269127358913113,0.004975124378109453
25,0.0,1.0,1,rbd_bait:RBD+,0.728587244926136,294,0.008072987901634021,-0.06182611611796851,-0.10152982306175279,0.03970370694378428,0.12437810945273632
25,0.0,1.0,1,dark zone / cycling,0.728587244926136,381,0.7104468788477182,0.7272632641572198,-0.10007811481324708,0.8273413789704669,0.004975124378109453
25,0.0,1.0,1,light zone,0.728587244926136,381,0.35936754340934074,0.3483269613526103,-0.08553110206321791,0.4338580634158282,0.004975124378109453
25,0.0,1.0,1,LZ minus DZ,0.728587244926136,381,0.6932403824019908,0.7145884715893356,-0.09843730553130083,0.8130257771206364,0.004975124378109453
25,0.0,1.0,1,germinal centre,0.728587244926136,381,0.18818549796957185,0.2751238178909824,-0.06805625588416393,0.3431800737751463,0.004975124378109453
25,0.0,1.0,1,plasma cell,0.728587244926136,381,0.16109656627156388,0.3703542568053072,-0.08661175863609745,0.45696601544140464,0.004975124378109453
25,0.0,1.0,1,memory,0.728587244926136,381,0.26616473414034414,0.46556718904101557,-0.09760857734578565,0.5631757663868012,0.004975124378109453
25,0.1,1.0,0,mutation_frequency,0.7472395096054675,381,0.03304160075750173,-0.005556026400939995,-0.10114417873454831,0.09558815233360832,0.004975124378109453
25,0.1,1.0,0,division_gate:mCherry-low,0.7472395096054675,381,0.15881969390304762,0.16448961734446432,-0.07115767959440515,0.2356472969388695,0.004975124378109453
25,0.1,1.0,0,zone_gate:DZ,0.7472395096054675,87,0.151533651032284,0.09871452130645064,-0.10629188596319343,0.2050064072696441,0.009950248756218905
25,0.1,1.0,0,rbd_bait:RBD+,0.7472395096054675,294,0.009206015553086533,-0.034214500054376096,-0.09995503639679387,0.06574053634241778,0.029850746268656716
25,0.1,1.0,0,dark zone / cycling,0.7472395096054675,381,0.7150578838852717,0.7256946331867995,-0.10199458076310723,0.8276892139499067,0.004975124378109453
25,0.1,1.0,0,light zone,0.7472395096054675,381,0.36137457379758364,0.3930923978525295,-0.08032399077103428,0.4734163886235637,0.004975124378109453
25,0.1,1.0,0,LZ minus DZ,0.7472395096054675,381,0.6977825073076829,0.7152579455483352,-0.09316942611580106,0.8084273716641363,0.004975124378109453
25,0.1,1.0,0,germinal centre,0.7472395096054675,381,0.20104504903968667,0.27188504836882854,-0.06420188171053529,0.33608693007936385,0.004975124378109453
25,0.1,1.0,0,plasma cell,0.7472395096054675,381,0.1677603309437926,0.3410585558421121,-0.0859880199283164,0.4270465757704285,0.004975124378109453
25,0.1,1.0,0,memory,0.7472395096054675,381,0.2711903593493068,0.47669477182055997,-0.10047425532052767,0.5771690271410876,0.004975124378109453
25,0.1,1.0,1,mutation_frequency,0.7334648753868234,381,0.030249519287629867,0.01704991023296698,-0.10291799702299041,0.11996790725595739,0.004975124378109453
25,0.1,1.0,1,division_gate:mCherry-low,0.7334648753868234,381,0.1577284640554395,0.16966331679425561,-0.07937957348126894,0.24904289027552456,0.004975124378109453
25,0.1,1.0,1,zone_gate:DZ,0.7334648753868234,87,0.12746685935598234,0.08938526319683904,-0.1019678632729883,0.19135312646982733,0.009950248756218905
25,0.1,1.0,1,rbd_bait:RBD+,0.7334648753868234,294,0.009075752142596927,-0.06066358094304092,-0.09890964483585257,0.038246063892811655,0.13930348258706468
25,0.1,1.0,1,dark zone / cycling,0.7334648753868234,381,0.7165557135360879,0.7290328752212322,-0.1019882966888909,0.831021171910123,0.004975124378109453
25,0.1,1.0,1,light zone,0.7334648753868234,381,0.3596987208708181,0.36561105444899233,-0.08386792439608437,0.4494789788450767,0.004975124378109453
25,0.1,1.0,1,LZ minus DZ,0.7334648753868234,381,0.6967439450077217,0.7161100481999998,-0.09534700062665202,0.8114570488266518,0.004975124378109453
25,0.1,1.0,1,germinal centre,0.7334648753868234,381,0.18621098106492096,0.2802233936995596,-0.06797921586670315,0.34820260956626276,0.004975124378109453
25,0.1,1.0,1,plasma cell,0.7334648753868234,381,0.15460646925707278,0.35571212172802624,-0.09053543783894591,0.44624755956697215,0.004975124378109453
25,0.1,1.0,1,memory,0.7334648753868234,381,0.25280793463552964,0.47485182124835423,-0.09516205061356019,0.5700138718619144,0.004975124378109453
25,0.25,1.0,0,mutation_frequency,0.7582490808431963,381,0.033266649786093394,0.012377075537468807,-0.09704503644065281,0.10942211197812161,0.009950248756218905
25,0.25,1.0,0,division_gate:mCherry-low,0.7582490808431963,381,0.15695502329695932,0.14433356433687838,-0.07281652505997577,0.21715008939685415,0.004975124378109453
25,0.25,1.0,0,zone_gate:DZ,0.7582490808431963,87,0.1338673157495215,0.09114090683284382,-0.10797256970558333,0.19911347653842715,0.004975124378109453
25,0.25,1.0,0,rbd_bait:RBD+,0.7582490808431963,294,0.010174015185855811,-0.024380491194015086,-0.09592252804696001,0.07154203685294493,0.009950248756218905
25,0.25,1.0,0,dark zone / cycling,0.7582490808431963,381,0.7256282528935392,0.7138474756806601,-0.10156982251941261,0.8154172982000727,0.004975124378109453
25,0.25,1.0,0,light zone,0.7582490808431963,381,0.36822183078733617,0.35948083934197883,-0.08047952606949602,0.4399603654114749,0.004975124378109453
25,0.25,1.0,0,LZ minus DZ,0.7582490808431963,381,0.7058666832163455,0.7004038645477156,-0.09746434919141284,0.7978682137391284,0.004975124378109453
25,0.25,1.0,0,germinal centre,0.7582490808431963,381,0.20088220686668234,0.28923855956389943,-0.06228699145476559,0.351525551018665,0.004975124378109453
25,0.25,1.0,0,plasma cell,0.7582490808431963,381,0.15776992790071254,0.3303861397061194,-0.08486463331799018,0.4152507730241096,0.004975124378109453
25,0.25,1.0,0,memory,0.7582490808431963,381,0.25108212006908326,0.46919372922706826,-0.0965650914068759,0.5657588206339441,0.004975124378109453
25,0.25,1.0,1,mutation_frequency,0.7492405446175145,381,0.027621656914651682,-0.04808612693860437,-0.10044577752716552,0.05235965058856115,0.04477611940298507
25,0.25,1.0,1,division_gate:mCherry-low,0.7492405446175145,381,0.1586236546943608,0.18046647076246436,-0.07913611908321166,0.259602589845676,0.004975124378109453
25,0.25,1.0,1,zone_gate:DZ,0.7492405446175145,87,0.14168174710311754,0.09828878657908979,-0.1094708938328402,0.20775968041193,0.004975124378109453
25,0.25,1.0,1,rbd_bait:RBD+,0.7492405446175145,294,0.009085290323611939,-0.042654521236277,-0.09539194787654584,0.05273742664026884,0.10945273631840796
25,0.25,1.0,1,dark zone / cycling,0.7492405446175145,381,0.733126370285232,0.7317320675872474,-0.10485399754724821,0.8365860651344956,0.004975124378109453
25,0.25,1.0,1,light zone,0.7492405446175145,381,0.3612159350152442,0.35255123126680754,-0.08406401020674824,0.4366152414735558,0.004975124378109453
25,0.25,1.0,1,LZ minus DZ,0.7492405446175145,381,0.7102933302575543,0.7184514604667702,-0.09879209976176825,0.8172435602285385,0.004975124378109453
25,0.25,1.0,1,germinal centre,0.7492405446175145,381,0.18686699312621302,0.2871466103558744,-0.07636887828924585,0.3635154886451203,0.004975124378109453
25,0.25,1.0,1,plasma cell,0.7492405446175145,381,0.15730615351863242,0.3857234413556424,-0.08569005298651039,0.4714134943421528,0.004975124378109453
25,0.25,1.0,1,memory,0.7492405446175145,381,0.24870499534429136,0.5017198494105426,-0.10132992497153134,0.603049774382074,0.004975124378109453
25,0.5,1.0,0,mutation_frequency,0.768298318756679,381,0.034139581921719175,0.021160155618615284,-0.10174491933187226,0.12290507495048754,0.004975124378109453
25,0.5,1.0,0,division_gate:mCherry-low,0.768298318756679,381,0.16032457077870077,0.1831533439418177,-0.08403994416614494,0.2671932881079626,0.004975124378109453
25,0.5,1.0,0,zone_gate:DZ,0.768298318756679,87,0.13928529908363385,0.0955231859332547,-0.11692261879619754,0.21244580472945224,0.009950248756218905
25,0.5,1.0,0,rbd_bait:RBD+,0.768298318756679,294,0.010063912651230855,-0.027570555970270583,-0.09928749690712908,0.0717169409368585,0.04477611940298507
25,0.5,1.0,0,dark zone / cycling,0.768298318756679,381,0.7276305233491518,0.7111671972853366,-0.10286522846915476,0.8140324257544914,0.004975124378109453
25,0.5,1.0,0,light zone,0.768298318756679,381,0.37821363316993384,0.3745698613080092,-0.08701960480600889,0.4615894661140181,0.004975124378109453
25,0.5,1.0,0,LZ minus DZ,0.768298318756679,381,0.7109110725493213,0.698610519618861,-0.09896737633950249,0.7975778959583635,0.004975124378109453
25,0.5,1.0,0,germinal centre,0.768298318756679,381,0.2093820168195788,0.2748449883028645,-0.0780565643191465,0.352901552622011,0.004975124378109453
25,0.5,1.0,0,plasma cell,0.768298318756679,381,0.16576151169164488,0.3143020974161397,-0.0908871276846745,0.4051892251008142,0.004975124378109453
25,0.5,1.0,0,memory,0.768298318756679,381,0.2483123169142517,0.453573675978305,-0.09757884260628277,0.5511525185845878,0.004975124378109453
25,0.5,1.0,1,mutation_frequency,0.7686690788995375,381,0.02941117264162052,-0.08258971963139072,-0.09801958387172792,0.015429864240337196,0.2935323383084577
25,0.5,1.0,1,division_gate:mCherry-low,0.7686690788995375,381,0.160559240297789,0.1720307688704955,-0.08730113714758111,0.25933190601807665,0.004975124378109453
25,0.5,1.0,1,zone_gate:DZ,0.7686690788995375,87,0.15467919731201907,0.09982995949303208,-0.11014970537775856,0.20997966487079064,0.004975124378109453
25,0.5,1.0,1,rbd_bait:RBD+,0.7686690788995375,294,0.00989020391441342,-0.02239716706160877,-0.09947088209120569,0.07707371502959692,0.05472636815920398
25,0.5,1.0,1,dark zone / cycling,0.7686690788995375,381,0.7386606706225795,0.7381333192860388,-0.10520521404963983,0.8433385333356785,0.004975124378109453
25,0.5,1.0,1,light zone,0.7686690788995375,381,0.37157308240381914,0.32926458220969845,-0.09154843755585845,0.4208130197655569,0.004975124378109453
25,0.5,1.0,1,LZ minus DZ,0.7686690788995375,381,0.7178028732253036,0.7142475338800305,-0.10376229065351035,0.8180098245335409,0.004975124378109453
25,0.5,1.0,1,germinal centre,0.7686690788995375,381,0.20375672258599575,0.2655564635599065,-0.08234401167614919,0.34790047523605566,0.004975124378109453
25,0.5,1.0,1,plasma cell,0.7686690788995375,381,0.17083068064528462,0.350177081241393,-0.09382675542523505,0.44400383666662807,0.004975124378109453
25,0.5,1.0,1,memory,0.7686690788995375,381,0.261644222052712,0.4708459206794121,-0.10004119309562377,0.5708871137750359,0.004975124378109453
25,0.9,1.0,0,mutation_frequency,0.7809471743658511,381,0.03423996926078887,-0.00734712193155751,-0.09515984449537879,0.08781272256382128,0.024875621890547265
25,0.9,1.0,0,division_gate:mCherry-low,0.7809471743658511,381,0.16618231805407235,0.1803056882697891,-0.08291060439415605,0.26321629266394514,0.004975124378109453
25,0.9,1.0,0,zone_gate:DZ,0.7809471743658511,87,0.15201879092069093,0.1339460491428418,-0.10745959793829782,0.24140564708113962,0.004975124378109453
25,0.9,1.0,0,rbd_bait:RBD+,0.7809471743658511,294,0.011535209584183415,-0.04878339316375735,-0.09960565449196068,0.05082226132820333,0.09950248756218906
25,0.9,1.0,0,dark zone / cycling,0.7809471743658511,381,0.7360321118321504,0.7157809159058579,-0.10210891672798629,0.8178898326338442,0.004975124378109453
25,0.9,1.0,0,light zone,0.7809471743658511,381,0.3884746439510298,0.357953218112135,-0.0882505800301941,0.4462037981423291,0.004975124378109453
25,0.9,1.0,0,LZ minus DZ,0.7809471743658511,381,0.7214168863655084,0.7060514957186033,-0.09809842883615634,0.8041499245547596,0.004975124378109453
25,0.9,1.0,0,germinal centre,0.7809471743658511,381,0.21649428913530067,0.27417118528866946,-0.07788283076077052,0.35205401604944,0.004975124378109453
25,0.9,1.0,0,plasma cell,0.7809471743658511,381,0.16696267780644647,0.29175699395427257,-0.09125618846556305,0.3830131824198356,0.004975124378109453
25,0.9,1.0,0,memory,0.7809471743658511,381,0.2554738875585505,0.43565357998840426,-0.0948328360121629,0.5304864160005671,0.004975124378109453
25,0.9,1.0,1,mutation_frequency,0.7734164552645757,381,0.032534954421107654,-0.061188734150987134,-0.1045467908638911,0.043358056712903964,0.07960199004975124
25,0.9,1.0,1,division_gate:mCherry-low,0.7734164552645757,381,0.16624620180182192,0.14796696720405322,-0.08637561405976012,0.23434258126381335,0.004975124378109453
25,0.9,1.0,1,zone_gate:DZ,0.7734164552645757,87,0.16360499336960754,0.12186117464689739,-0.10164501419022301,0.2235061888371204,0.004975124378109453
25,0.9,1.0,1,rbd_bait:RBD+,0.7734164552645757,294,0.013246966125623705,-0.039502411169401785,-0.09346256604034445,0.05396015487094266,0.0945273631840796
25,0.9,1.0,1,dark zone / cycling,0.7734164552645757,381,0.7359698240949213,0.7162888239533663,-0.10256825065563141,0.8188570746089978,0.004975124378109453
25,0.9,1.0,1,light zone,0.7734164552645757,381,0.3812741547767059,0.32211316926154476,-0.09347345444850756,0.41558662371005234,0.004975124378109453
25,0.9,1.0,1,LZ minus DZ,0.7734164552645757,381,0.7191257404248278,0.6999412979371604,-0.09699524500113302,0.7969365429382934,0.004975124378109453
25,0.9,1.0,1,germinal centre,0.7734164552645757,381,0.2075387353841498,0.24328386451957573,-0.08627895821855949,0.3295628227381352,0.004975124378109453
25,0.9,1.0,1,plasma cell,0.7734164552645757,381,0.18003164426187612,0.29055041170877904,-0.09597085484211004,0.3865212665508891,0.004975124378109453
25,0.9,1.0,1,memory,0.7734164552645757,381,0.26088204738151777,0.43665201277748555,-0.10126992755660254,0.5379219403340881,0.004975124378109453
50,0.0,1.0,0,mutation_frequency,0.739067255006585,381,0.03415394421528406,0.006751668371142494,-0.0975617709486741,0.1043134393198166,0.009950248756218905
50,0.0,1.0,0,division_gate:mCherry-low,0.739067255006585,381,0.1633906111562462,0.172597106016661,-0.08041895423012253,0.2530160602467835,0.004975124378109453
50,0.0,1.0,0,zone_gate:DZ,0.739067255006585,87,0.1446222024524213,0.08373592217594683,-0.11392155765303988,0.1976574798289867,0.004975124378109453
50,0.0,1.0,0,rbd_bait:RBD+,0.739067255006585,294,0.009465748927287354,-0.04392837621091483,-0.09792509356482931,0.05399671735391448,0.07462686567164178
50,0.0,1.0,0,dark zone / cycling,0.739067255006585,381,0.7111748458366622,0.7141495335341848,-0.10322128711316023,0.817370820647345,0.004975124378109453
50,0.0,1.0,0,light zone,0.739067255006585,381,0.3603562339140153,0.35824478408844507,-0.08777397384971707,0.44601875793816215,0.004975124378109453
50,0.0,1.0,0,LZ minus DZ,0.739067255006585,381,0.6926417555016816,0.6993338021684843,-0.09675621746534166,0.796090019633826,0.004975124378109453
50,0.0,1.0,0,germinal centre,0.739067255006585,381,0.18820248387767846,0.26224489775928617,-0.0790570474887412,0.34130194524802737,0.004975124378109453
50,0.0,1.0,0,plasma cell,0.739067255006585,381,0.16206795922495232,0.3618541509976805,-0.09319289351297819,0.4550470445106587,0.004975124378109453
50,0.0,1.0,0,memory,0.739067255006585,381,0.26273239836711126,0.4765379140352549,-0.10304709614180396,0.5795850101770589,0.004975124378109453
50,0.0,1.0,1,mutation_frequency,0.7376801029389475,381,0.03763797560057436,0.025771499627247563,-0.10068478494679813,0.12645628457404567,0.004975124378109453
50,0.0,1.0,1,division_gate:mCherry-low,0.7376801029389475,381,0.1620671284599483,0.15558501958711746,-0.08016692194873017,0.2357519415358476,0.004975124378109453
50,0.0,1.0,1,zone_gate:DZ,0.7376801029389475,87,0.15697027757981752,0.07601475804939484,-0.10996744342162851,0.18598220147102335,0.004975124378109453
50,0.0,1.0,1,rbd_bait:RBD+,0.7376801029389475,294,0.008156792230944454,-0.05039554183996753,-0.0989441206492091,0.04854857880924157,0.1044776119402985
50,0.0,1.0,1,dark zone / cycling,0.7376801029389475,381,0.7152495308362254,0.7068204939246243,-0.1030957002142532,0.8099161941388775,0.004975124378109453
50,0.0,1.0,1,light zone,0.7376801029389475,381,0.3614624091113021,0.37430525208501464,-0.08602195267082216,0.46032720475583677,0.004975124378109453
50,0.0,1.0,1,LZ minus DZ,0.7376801029389475,381,0.6959695313793338,0.6939977346473108,-0.09928305872303031,0.7932807933703412,0.004975124378109453
50,0.0,1.0,1,germinal centre,0.7376801029389475,381,0.19764105071759253,0.28010672007498283,-0.0708137325192675,0.3509204525942503,0.004975124378109453
50,0.0,1.0,1,plasma cell,0.7376801029389475,381,0.16401590101568542,0.3410587458737575,-0.08446676180888428,0.4255255076826418,0.004975124378109453
50,0.0,1.0,1,memory,0.7376801029389475,381,0.2665995445928917,0.4651177036804133,-0.09975033506177096,0.5648680387421843,0.004975124378109453
50,0.1,1.0,0,mutation_frequency,0.7548870235373468,381,0.035482585511232956,-0.01101792592529649,-0.09973063982533781,0.08871271390004132,0.014925373134328358
50,0.1,1.0,0,division_gate:mCherry-low,0.7548870235373468,381,0.16192382343798506,0.18953047375025744,-0.08131664129722344,0.2708471150474809,0.004975124378109453
50,0.1,1.0,0,zone_gate:DZ,0.7548870235373468,87,0.15557443498223922,0.09064044223783929,-0.10587348335169143,0.19651392558953074,0.009950248756218905
50,0.1,1.0,0,rbd_bait:RBD+,0.7548870235373468,294,0.008940854991145941,-0.034547773490471556,-0.09546292149454202,0.06091514800407047,0.03980099502487562
50,0.1,1.0,0,dark zone / cycling,0.7548870235373468,381,0.7129104536464356,0.7064258564811281,-0.1062347598355543,0.8126606163166824,0.004975124378109453
50,0.1,1.0,0,light zone,0.7548870235373468,381,0.36053659294088125,0.3623622868092611,-0.0898180337324824,0.4521803205417435,0.004975124378109453
50,0.1,1.0,0,LZ minus DZ,0.7548870235373468,381,0.6938653648645585,0.6925976276622274,-0.10121670107366526,0.7938143287358927,0.004975124378109453
50,0.1,1.0,0,germinal centre,0.7548870235373468,381,0.19879471077817867,0.27284153738317485,-0.0701490074515496,0.34299054483472446,0.004975124378109453
50,0.1,1.0,0,plasma cell,0.7548870235373468,381,0.1677679945353141,0.35078337622717704,-0.08515896027455963,0.43594233650173664,0.004975124378109453
50,0.1,1.0,0,memory,0.7548870235373468,381,0.268104526795779,0.48280169859558686,-0.09528140846877438,0.5780831070643613,0.004975124378109453
50,0.1,1.0,1,mutation_frequency,0.7523732318451319,381,0.034675350821159356,0.020476178173115533,-0.10083302081723555,0.12130919899035109,0.004975124378109453
50,0.1,1.0,1,division_gate:mCherry-low,0.7523732318451319,381,0.15977030308595896,0.16553675912471588,-0.07279567773566374,0.23833243686037964,0.004975124378109453
50,0.1,1.0,1,zone_gate:DZ,0.7523732318451319,87,0.15862845215232102,0.08827710203304939,-0.11446716647768561,0.20274426851073502,0.004975124378109453
50,0.1,1.0,1,rbd_bait:RBD+,0.7523732318451319,294,0.008953493968579251,-0.0076341526662140335,-0.0976586666242843,0.09002451395807026,0.004975124378109453
50,0.1,1.0,1,dark zone / cycling,0.7523732318451319,381,0.7184024252731587,0.7202628134837388,-0.10129633915966135,0.8215591526434001,0.004975124378109453
50,0.1,1.0,1,light zone,0.7523732318451319,381,0.3626431856684411,0.37183455717490554,-0.08152074600002251,0.45335530317492806,0.004975124378109453
50,0.1,1.0,1,LZ minus DZ,0.7523732318451319,381,0.697592431515536,0.7065674240953677,-0.09627014660872742,0.8028375707040951,0.004975124378109453
50,0.1,1.0,1,germinal centre,0.7523732318451319,381,0.1958234970649585,0.2883647419635955,-0.06779999884429591,0.3561647408078914,0.004975124378109453
50,0.1,1.0,1,plasma cell,0.7523732318451319,381,0.1586102472149893,0.33642634031956886,-0.08026279097064312,0.416689131290212,0.004975124378109453
50,0.1,1.0,1,memory,0.7523732318451319,381,0.25750016319355107,0.4692333091964245,-0.09481288714414841,0.5640461963405728,0.004975124378109453
50,0.25,1.0,0,mutation_frequency,0.7652373891932629,381,0.03450569607838716,0.04905963702163185,-0.09949154951675904,0.1485511865383909,0.009950248756218905
50,0.25,1.0,0,division_gate:mCherry-low,0.7652373891932629,381,0.1622716933751467,0.1839879536025174,-0.08150332027575238,0.26549127387826976,0.004975124378109453
50,0.25,1.0,0,zone_gate:DZ,0.7652373891932629,87,0.1561860961275756,0.07753580024669915,-0.11621186987329944,0.1937476701199986,0.009950248756218905
50,0.25,1.0,0,rbd_bait:RBD+,0.7652373891932629,294,0.010871380563781119,-0.02981225625401529,-0.09591260552008464,0.06610034926606935,0.04477611940298507
50,0.25,1.0,0,dark zone / cycling,0.7652373891932629,381,0.721905676349903,0.7045753771895893,-0.09970728618114168,0.804282663370731,0.004975124378109453
50,0.25,1.0,0,light zone,0.7652373891932629,381,0.3682355996955953,0.3550886582057099,-0.08732273001396118,0.4424113882196711,0.004975124378109453
50,0.25,1.0,0,LZ minus DZ,0.7652373891932629,381,0.7029614677644654,0.6877921474780151,-0.1014778971085828,0.7892700445865979,0.004975124378109453
50,0.25,1.0,0,germinal centre,0.7652373891932629,381,0.2044357418709758,0.24121974893678066,-0.0771763954180487,0.3183961443548294,0.004975124378109453
50,0.25,1.0,0,plasma cell,0.7652373891932629,381,0.16403704769797578,0.29552277371536373,-0.08977916391162172,0.38530193762698545,0.004975124378109453
50,0.25,1.0,0,memory,0.7652373891932629,381,0.2703891478791268,0.4642544235615068,-0.09508116235037992,0.5593355859118867,0.004975124378109453
50,0.25,1.0,1,mutation_frequency,0.7599593367096434,381,0.03356450445646697,-0.004185132648875545,-0.10186395998344416,0.09767882733456862,0.01990049751243781
50,0.25,1.0,1,division_gate:mCherry-low,0.7599593367096434,381,0.15785674584297693,0.1305642634323786,-0.08223623287729444,0.21280049630967302,0.004975124378109453
50,0.25,1.0,1,zone_gate:DZ,0.7599593367096434,87,0.1580351819526925,0.06991160473180302,-0.1166489991583092,0.18656060389011223,0.009950248756218905
50,0.25,1.0,1,rbd_bait:RBD+,0.7599593367096434,294,0.009326691934983367,-0.010339432685293692,-0.09848606524122858,0.08814663255593488,0.014925373134328358
50,0.25,1.0,1,dark zone / cycling,0.7599593367096434,381,0.7246380221839077,0.7133516663381916,-0.10134907507942024,0.8147007414176118,0.004975124378109453
50,0.25,1.0,1,light zone,0.7599593367096434,381,0.36539314086218544,0.34860593450660504,-0.08563619563999544,0.4342421301466005,0.004975124378109453
50,0.25,1.0,1,LZ minus DZ,0.7599593367096434,381,0.7030764299492924,0.6955474829637285,-0.09697750405795533,0.7925249870216838,0.004975124378109453
50,0.25,1.0,1,germinal centre,0.7599593367096434,381,0.19785540252808675,0.27741127408778543,-0.07524465468450588,0.3526559287722913,0.004975124378109453
50,0.25,1.0,1,plasma cell,0.7599593367096434,381,0.15856294165457951,0.33548804855698244,-0.09135401506771285,0.4268420636246953,0.004975124378109453
50,0.25,1.0,1,memory,0.7599593367096434,381,0.2560535639855185,0.4740790155911758,-0.09949248523751933,0.5735715008286951,0.004975124378109453
50,0.5,1.0,0,mutation_frequency,0.7773493780293644,381,0.034976753858808385,0.039287805790555574,-0.09945470642678682,0.1387425122173424,0.004975124378109453
50,0.5,1.0,0,division_gate:mCherry-low,0.7773493780293644,381,0.16360730607200968,0.1913333362993751,-0.08476080858912088,0.276094144888496,0.004975124378109453
50,0.5,1.0,0,zone_gate:DZ,0.7773493780293644,87,0.1620738130771071,0.09735814456745118,-0.1021142756734482,0.1994724202408994,0.009950248756218905
50,0.5,1.0,0,rbd_bait:RBD+,0.7773493780293644,294,0.012084216732349051,-0.04093264318522816,-0.09686919049918387,0.05593654731395571,0.0845771144278607
50,0.5,1.0,0,dark zone / cycling,0.7773493780293644,381,0.7368750562978168,0.7130450745433898,-0.09947141269407389,0.8125164872374637,0.004975124378109453
50,0.5,1.0,0,light zone,0.7773493780293644,381,0.37434167369990345,0.32739755479550237,-0.09666673935857269,0.42406429415407504,0.004975124378109453
50,0.5,1.0,0,LZ minus DZ,0.7773493780293644,381,0.7164766661296069,0.6929503221501185,-0.09908842881935463,0.7920387509694732,0.004975124378109453
50,0.5,1.0,0,germinal centre,0.7773493780293644,381,0.2124684768818319,0.24766691359437043,-0.08352184377556346,0.3311887573699339,0.004975124378109453
50,0.5,1.0,0,plasma cell,0.7773493780293644,381,0.16779012570254992,0.2216427382638062,-0.08901442937127625,0.31065716763508244,0.004975124378109453
50,0.5,1.0,0,memory,0.7773493780293644,381,0.2713291174384761,0.44837374344094816,-0.099540365870424,0.5479141093113722,0.004975124378109453
50,0.5,1.0,1,mutation_frequency,0.7682863025703877,381,0.03392078301018275,-0.023769427199448412,-0.09697195875191841,0.07320253155247,0.01990049751243781
50,0.5,1.0,1,division_gate:mCherry-low,0.7682863025703877,381,0.16174922006954495,0.13911512726538033,-0.08024512365187114,0.21936025091725148,0.004975124378109453
50,0.5,1.0,1,zone_gate:DZ,0.7682863025703877,87,0.16620410235208782,0.09840285912418767,-0.10983747143397242,0.2082403305581601,0.009950248756218905
50,0.5,1.0,1,rbd_bait:RBD+,0.7682863025703877,294,0.011135141629763368,-0.05681311349542262,-0.09333964422949645,0.03652653073407383,0.14925373134328357
50,0.5,1.0,1,dark zone / cycling,0.7682863025703877,381,0.7280420698472869,0.7127481254505614,-0.10143751850316338,0.8141856439537248,0.004975124378109453
50,0.5,1.0,1,light zone,0.7682863025703877,381,0.3753515500102865,0.3296632450362519,-0.09093691841126196,0.42060016344751383,0.004975124378109453
50,0.5,1.0,1,LZ minus DZ,0.7682863025703877,381,0.7083316626691969,0.6943162619468823,-0.0998264636747352,0.7941427256216176,0.004975124378109453
50,0.5,1.0,1,germinal centre,0.7682863025703877,381,0.20509725893736486,0.26236198340301564,-0.0839491630608335,0.34631114646384914,0.004975124378109453
50,0.5,1.0,1,plasma cell,0.7682863025703877,381,0.16149980536471464,0.2444766348690266,-0.09294625115798837,0.337422886027015,0.004975124378109453
50,0.5,1.0,1,memory,0.7682863025703877,381,0.2538877544626289,0.4682708312345515,-0.09722039335124294,0.5654912245857944,0.004975124378109453
50,0.9,1.0,0,mutation_frequency,0.7816466385972337,381,0.03368116219803141,-0.006620465347335847,-0.09938656065823942,0.09276609531090357,0.024875621890547265
50,0.9,1.0,0,division_gate:mCherry-low,0.7816466385972337,381,0.16329994468485276,0.1527464530095235,-0.08519086761642619,0.2379373206259497,0.004975124378109453
50,0.9,1.0,0,zone_gate:DZ,0.7816466385972337,87,0.16026158204862695,0.10517347946192779,-0.10963950161991243,0.21481298108184022,0.009950248756218905
50,0.9,1.0,0,rbd_bait:RBD+,0.7816466385972337,294,0.014475815695938032,-0.042890831804549556,-0.09523919676333867,0.05234836495878911,0.07462686567164178
50,0.9,1.0,0,dark zone / cycling,0.7816466385972337,381,0.7384597103623185,0.7207205733728653,-0.10326499030159994,0.8239855636744653,0.004975124378109453
50,0.9,1.0,0,light zone,0.7816466385972337,381,0.3836825316136696,0.3487978202255929,-0.09157450101833749,0.4403723212439304,0.004975124378109453
50,0.9,1.0,0,LZ minus DZ,0.7816466385972337,381,0.7206885649275857,0.7034543881976114,-0.09904576754459328,0.8025001557422047,0.004975124378109453
50,0.9,1.0,0,germinal centre,0.7816466385972337,381,0.21484316058133757,0.2726037584613018,-0.08429397456376549,0.3568977330250673,0.004975124378109453
50,0.9,1.0,0,plasma cell,0.7816466385972337,381,0.16618862336613527,0.20449218319961626,-0.09427366020135333,0.29876584340096957,0.004975124378109453
50,0.9,1.0,0,memory,0.7816466385972337,381,0.2693677718125622,0.4552896285698067,-0.09725189668795274,0.5525415252577595,0.004975124378109453
50,0.9,1.0,1,mutation_frequency,0.7800442002289737,381,0.03350900964700021,-0.050818820975438994,-0.10184166352067239,0.0510228425452334,0.06965174129353234
50,0.9,1.0,1,division_gate:mCherry-low,0.7800442002289737,381,0.16435148329974114,0.15764695398107686,-0.09028896116414323,0.2479359151452201,0.004975124378109453
50,0.9,1.0,1,zone_gate:DZ,0.7800442002289737,87,0.17014916038861283,0.09924193092956646,-0.11362827992316916,0.2128702108527356,0.004975124378109453
50,0.9,1.0,1,rbd_bait:RBD+,0.7800442002289737,294,0.012760071892507385,-0.028048668346709826,-0.09870437115035834,0.07065570280364851,0.04477611940298507
50,0.9,1.0,1,dark zone / cycling,0.7800442002289737,381,0.7317477495780085,0.7180508679381059,-0.1023032856127206,0.8203541535508265,0.004975124378109453
50,0.9,1.0,1,light zone,0.7800442002289737,381,0.38282273359442676,0.33558650163336956,-0.09708284076051975,0.4326693423938893,0.004975124378109453
50,0.9,1.0,1,LZ minus DZ,0.7800442002289737,381,0.7126156862699986,0.6886156100896741,-0.10481211513749734,0.7934277252271714,0.004975124378109453
50,0.9,1.0,1,germinal centre,0.7800442002289737,381,0.21705715980676954,0.2543057992395139,-0.09293707037315724,0.34724286961267115,0.004975124378109453
50,0.9,1.0,1,plasma cell,0.7800442002289737,381,0.16461194846654725,0.19090621718059153,-0.08962680351217042,0.280533020692762,0.004975124378109453
50,0.9,1.0,1,memory,0.7800442002289737,381,0.2666114481625761,0.4712182114662825,-0.09993580906827082,0.5711540205345533,0.004975124378109453
100,0.0,1.0,0,mutation_frequency,0.7502438504225684,381,0.03621770674712477,-0.0335597040663842,-0.09465762185876138,0.06109791779237718,0.04477611940298507
100,0.0,1.0,0,division_gate:mCherry-low,0.7502438504225684,381,0.16199629795199644,0.15319036317422507,-0.07694433002333687,0.23013469319756194,0.004975124378109453
100,0.0,1.0,0,zone_gate:DZ,0.7502438504225684,87,0.14844606764801527,0.08043266800597293,-0.11822698498204064,0.19865965298801358,0.009950248756218905
100,0.0,1.0,0,rbd_bait:RBD+,0.7502438504225684,294,0.010045649659432665,-0.048048623842877,-0.09608904978177887,0.04804042593890187,0.09950248756218906
100,0.0,1.0,0,dark zone / cycling,0.7502438504225684,381,0.7213565745383334,0.7208430138630786,-0.10229318920296133,0.82313620306604,0.004975124378109453
100,0.0,1.0,0,light zone,0.7502438504225684,381,0.3495139205139449,0.338066278741711,-0.08395466180425387,0.4220209405459649,0.004975124378109453
100,0.0,1.0,0,LZ minus DZ,0.7502438504225684,381,0.694742143036216,0.6985218882417441,-0.09983774191016057,0.7983596301519047,0.004975124378109453
100,0.0,1.0,0,germinal centre,0.7502438504225684,381,0.20696933938068518,0.23488397280752848,-0.07548051789369749,0.31036449070122596,0.004975124378109453
100,0.0,1.0,0,plasma cell,0.7502438504225684,381,0.16567252851142444,0.3278703917018708,-0.08641630615506372,0.41428669785693456,0.004975124378109453
100,0.0,1.0,0,memory,0.7502438504225684,381,0.26971108114897313,0.4605750335253851,-0.09604686074415693,0.556621894269542,0.004975124378109453
100,0.0,1.0,1,mutation_frequency,0.7294282866147763,381,0.008474718440912854,0.0089000306405419,-0.10396460336697393,0.11286463400751583,0.004975124378109453
100,0.0,1.0,1,division_gate:mCherry-low,0.7294282866147763,381,0.1627334122062306,0.13551655649408967,-0.08413375813150772,0.2196503146255974,0.004975124378109453
100,0.0,1.0,1,zone_gate:DZ,0.7294282866147763,87,0.05716945606792179,0.10148835923562416,-0.10997499004563985,0.211463349281264,0.004975124378109453
100,0.0,1.0,1,rbd_bait:RBD+,0.7294282866147763,294,0.05224886065937884,-0.05241322926153291,-0.095349539712078,0.04293631045054509,0.15920398009950248
100,0.0,1.0,1,dark zone / cycling,0.7294282866147763,381,0.7114820343288837,0.7221540693945937,-0.10508314542989307,0.8272372148244868,0.004975124378109453
100,0.0,1.0,1,light zone,0.7294282866147763,381,0.29843951297117666,0.3508157987843885,-0.0842736547694606,0.4350894535538491,0.004975124378109453
100,0.0,1.0,1,LZ minus DZ,0.7294282866147763,381,0.6710442002267443,0.7004074698091167,-0.09477253298168675,0.7951800027908035,0.004975124378109453
100,0.0,1.0,1,germinal centre,0.7294282866147763,381,0.005589127345490441,0.2412664349186836,-0.07357281247036843,0.314839247389052,0.004975124378109453
100,0.0,1.0,1,plasma cell,0.7294282866147763,381,0.06542763784951222,0.2698288940679192,-0.10028984303218565,0.37011873710010484,0.004975124378109453
100,0.0,1.0,1,memory,0.7294282866147763,381,0.22595505246802083,0.46955924401395266,-0.09776341291323704,0.5673226569271896,0.004975124378109453
100,0.1,1.0,0,mutation_frequency,0.7600732311969862,381,0.03621045173610893,-0.023188951088847887,-0.09689589843221615,0.07370694734336826,0.01990049751243781
100,0.1,1.0,0,division_gate:mCherry-low,0.7600732311969862,381,0.1640966271446601,0.1502505039728652,-0.0763739906271474,0.2266244946000126,0.004975124378109453
100,0.1,1.0,0,zone_gate:DZ,0.7600732311969862,87,0.16895019225967312,0.06306963890128692,-0.12137945755645417,0.1844490964577411,0.004975124378109453
100,0.1,1.0,0,rbd_bait:RBD+,0.7600732311969862,294,0.01217025041967379,-0.044312370657201505,-0.09664764949320782,0.05233527883600632,0.07462686567164178
100,0.1,1.0,0,dark zone / cycling,0.7600732311969862,381,0.730215423682936,0.7212262422256299,-0.10330188287169037,0.8245281250973203,0.004975124378109453
100,0.1,1.0,0,light zone,0.7600732311969862,381,0.36680272371951594,0.3220084125332412,-0.08894734601926886,0.41095575855251004,0.004975124378109453
100,0.1,1.0,0,LZ minus DZ,0.7600732311969862,381,0.7071762474547059,0.6971252396079148,-0.09490995878065146,0.7920351983885663,0.004975124378109453
100,0.1,1.0,0,germinal centre,0.7600732311969862,381,0.19995372811241985,0.22857568646643023,-0.07476310895536126,0.3033387954217915,0.004975124378109453
100,0.1,1.0,0,plasma cell,0.7600732311969862,381,0.16394929407651526,0.35513879557739714,-0.08115055226899354,0.4362893478463907,0.004975124378109453
100,0.1,1.0,0,memory,0.7600732311969862,381,0.2699604797183748,0.4616827555400501,-0.09780268222879136,0.5594854377688415,0.004975124378109453
100,0.1,1.0,1,mutation_frequency,0.7566227397793789,381,0.028817584176089928,-0.017630635912179837,-0.09668238079747486,0.07905174488529502,0.009950248756218905
100,0.1,1.0,1,division_gate:mCherry-low,0.7566227397793789,381,0.16374662816863228,0.15273664438664636,-0.0794641288753174,0.23220077326196376,0.004975124378109453
100,0.1,1.0,1,zone_gate:DZ,0.7566227397793789,87,0.171751286742583,0.10939004291002852,-0.11507340088313671,0.22446344379316524,0.004975124378109453
100,0.1,1.0,1,rbd_bait:RBD+,0.7566227397793789,294,0.010340775624743892,-0.06357260123794428,-0.09522807123167859,0.03165546999373431,0.22388059701492538
100,0.1,1.0,1,dark zone / cycling,0.7566227397793789,381,0.7263698048694068,0.7169785074422199,-0.10650781278615465,0.8234863202283745,0.004975124378109453
100,0.1,1.0,1,light zone,0.7566227397793789,381,0.3600485770019245,0.3232482161772554,-0.08966177665763413,0.41290999283488955,0.004975124378109453
100,0.1,1.0,1,LZ minus DZ,0.7566227397793789,381,0.7036232168441647,0.6914263086153258,-0.10131160386881924,0.792737912484145,0.004975124378109453
100,0.1,1.0,1,germinal centre,0.7566227397793789,381,0.20217071082492766,0.24626241634154533,-0.07304980268241501,0.31931221902396034,0.004975124378109453
100,0.1,1.0,1,plasma cell,0.7566227397793789,381,0.15836548796440697,0.31063729412154395,-0.08548326682845665,0.3961205609500006,0.004975124378109453
100,0.1,1.0,1,memory,0.7566227397793789,381,0.28196457437305666,0.4833228288696252,-0.1054519025276302,0.5887747313972553,0.004975124378109453
100,0.25,1.0,0,mutation_frequency,0.7655441912922952,381,0.03636473610765689,-0.06697143356729551,-0.09548525326488212,0.02851381969758661,0.1791044776119403
100,0.25,1.0,0,division_gate:mCherry-low,0.7655441912922952,381,0.15963974073286136,0.14051046552254176,-0.08262794588620441,0.22313841140874618,0.004975124378109453
100,0.25,1.0,0,zone_gate:DZ,0.7655441912922952,87,0.15833063471579045,0.09597461936403329,-0.11210895339881724,0.20808357276285053,0.009950248756218905
100,0.25,1.0,0,rbd_bait:RBD+,0.7655441912922952,294,0.011536759381736816,-0.01539991735070978,-0.09793339182126737,0.08253347447055759,0.014925373134328358
100,0.25,1.0,0,dark zone / cycling,0.7655441912922952,381,0.7348905764529765,0.7172071451317947,-0.10101519224191073,0.8182223373737054,0.004975124378109453
100,0.25,1.0,0,light zone,0.7655441912922952,381,0.3621261432625008,0.31824558161409766,-0.09688799267039404,0.4151335742844917,0.004975124378109453
100,0.25,1.0,0,LZ minus DZ,0.7655441912922952,381,0.7086045236625618,0.6973094007658496,-0.10570495509940493,0.8030143558652545,0.004975124378109453
100,0.25,1.0,0,germinal centre,0.7655441912922952,381,0.2106304269482916,0.2113966110612383,-0.08369164476076098,0.29508825582199927,0.004975124378109453
100,0.25,1.0,0,plasma cell,0.7655441912922952,381,0.176099177929242,0.3145770577085123,-0.0861407417346285,0.4007177994431408,0.004975124378109453
100,0.25,1.0,0,memory,0.7655441912922952,381,0.26065748531522415,0.45613990534776183,-0.0985417936991016,0.5546816990468635,0.004975124378109453
100,0.25,1.0,1,mutation_frequency,0.7702473139874269,381,0.027464611498005387,-0.04372533398832612,-0.09983516626619365,0.05610983227786753,0.05970149253731343
100,0.25,1.0,1,division_gate:mCherry-low,0.7702473139874269,381,0.16879535729363515,0.14958810983591808,-0.08510784247968414,0.23469595231560222,0.004975124378109453
100,0.25,1.0,1,zone_gate:DZ,0.7702473139874269,87,0.1627379016934868,0.16548147055632068,-0.1129450717193043,0.27842654227562497,0.004975124378109453
100,0.25,1.0,1,rbd_bait:RBD+,0.7702473139874269,294,0.013512286833225695,-0.06964692110017223,-0.09326011911929452,0.02361319801912229,0.23880597014925373
100,0.25,1.0,1,dark zone / cycling,0.7702473139874269,381,0.7299125671512279,0.7259266501271459,-0.10110427275346463,0.8270309228806105,0.004975124378109453
100,0.25,1.0,1,light zone,0.7702473139874269,381,0.3715240122186092,0.3495985006811205,-0.09218706255988454,0.44178556324100504,0.004975124378109453
100,0.25,1.0,1,LZ minus DZ,0.7702473139874269,381,0.7100077267686602,0.7127618595244614,-0.10537687159958256,0.8181387311240439,0.004975124378109453
100,0.25,1.0,1,germinal centre,0.7702473139874269,381,0.20848435903446838,0.23754042098102313,-0.08572504800528687,0.32326546898631,0.004975124378109453
100,0.25,1.0,1,plasma cell,0.7702473139874269,381,0.1688432738410306,0.28251761357659855,-0.0883305507116188,0.3708481642882173,0.004975124378109453
100,0.25,1.0,1,memory,0.7702473139874269,381,0.28348881658798697,0.4791554066728565,-0.10057765816927318,0.5797330648421297,0.004975124378109453
100,0.5,1.0,0,mutation_frequency,0.7785577871757262,381,0.036960657434419564,-0.03909907121022638,-0.09394413140648354,0.054845060196257164,0.07960199004975124
100,0.5,1.0,0,division_gate:mCherry-low,0.7785577871757262,381,0.1624344532851767,0.1506014077994603,-0.08326602832108758,0.2338674361205479,0.004975124378109453
100,0.5,1.0,0,zone_gate:DZ,0.7785577871757262,87,0.17523580217906565,0.11716397467798889,-0.11166365538381408,0.22882763006180296,0.004975124378109453
100,0.5,1.0,0,rbd_bait:RBD+,0.7785577871757262,294,0.012317804757536188,-0.06443329745548021,-0.09829573630669369,0.03386243885121348,0.1691542288557214
100,0.5,1.0,0,dark zone / cycling,0.7785577871757262,381,0.7363502773801964,0.7128183421573304,-0.09881771211511921,0.8116360542724497,0.004975124378109453
100,0.5,1.0,0,light zone,0.7785577871757262,381,0.3712263092056366,0.3315031190641229,-0.09001710371769722,0.4215202227818201,0.004975124378109453
100,0.5,1.0,0,LZ minus DZ,0.7785577871757262,381,0.7145190119169975,0.6990042380706374,-0.10040092809354942,0.7994051661641868,0.004975124378109453
100,0.5,1.0,0,germinal centre,0.7785577871757262,381,0.20461247718362063,0.22401559297616536,-0.07624591070519701,0.3002615036813624,0.004975124378109453
100,0.5,1.0,0,plasma cell,0.7785577871757262,381,0.16815482571250917,0.27119355702574155,-0.0884887606787874,0.35968231770452896,0.004975124378109453
100,0.5,1.0,0,memory,0.7785577871757262,381,0.2713262462871715,0.4598401159065346,-0.09911443254920282,0.5589545484557374,0.004975124378109453
100,0.5,1.0,1,mutation_frequency,0.7788197042993266,381,0.03169603759189721,-0.08802463207795808,-0.10198446951564996,0.013959837437691885,0.27860696517412936
100,0.5,1.0,1,division_gate:mCherry-low,0.7788197042993266,381,0.16661885374581875,0.1254450745907616,-0.0870267950822917,0.21247186967305332,0.004975124378109453
100,0.5,1.0,1,zone_gate:DZ,0.7788197042993266,87,0.16061210539252924,0.1737518689005172,-0.11264372289534703,0.2863955917958642,0.004975124378109453
100,0.5,1.0,1,rbd_bait:RBD+,0.7788197042993266,294,0.016859316695381543,-0.055258351403492334,-0.09722896147822313,0.041970610074730796,0.13432835820895522
100,0.5,1.0,1,dark zone / cycling,0.7788197042993266,381,0.7327416386719086,0.7131075399700761,-0.1047200794432576,0.8178276194133337,0.004975124378109453
100,0.5,1.0,1,light zone,0.7788197042993266,381,0.37952586791222354,0.3490996036219014,-0.09197323403808606,0.44107283765998745,0.004975124378109453
100,0.5,1.0,1,LZ minus DZ,0.7788197042993266,381,0.7149467772238491,0.7013038576172839,-0.10103921920856788,0.8023430768258517,0.004975124378109453
100,0.5,1.0,1,germinal centre,0.7788197042993266,381,0.21572666202388624,0.24145127144845935,-0.08255926872767728,0.3240105401761366,0.004975124378109453
100,0.5,1.0,1,plasma cell,0.7788197042993266,381,0.1841139937334476,0.1957970409404466,-0.09615736893525041,0.291954409875697,0.004975124378109453
100,0.5,1.0,1,memory,0.7788197042993266,381,0.27604570140356066,0.4584567059036039,-0.1013019335550249,0.5597586394586288,0.004975124378109453
100,0.9,1.0,0,mutation_frequency,0.7860095183936496,381,0.03138015670429761,-0.035657911911300966,-0.09724844420226271,0.061590532290961744,0.04975124378109453
100,0.9,1.0,0,division_gate:mCherry-low,0.7860095183936496,381,0.16428679254786183,0.12513278924775195,-0.09174606796817766,0.21687885721592962,0.004975124378109453
100,0.9,1.0,0,zone_gate:DZ,0.7860095183936496,87,0.19238845844778507,0.1511094368359467,-0.11273190754029212,0.2638413443762388,0.004975124378109453
100,0.9,1.0,0,rbd_bait:RBD+,0.7860095183936496,294,0.017183747013454265,-0.06928924873683662,-0.09574012838933271,0.026450879652496095,0.27860696517412936
100,0.9,1.0,0,dark zone / cycling,0.7860095183936496,381,0.7427126953084295,0.7274615493682131,-0.10445747152931333,0.8319190208975263,0.004975124378109453
100,0.9,1.0,0,light zone,0.7860095183936496,381,0.38284555700418765,0.3237041410200826,-0.09756879279402872,0.42127293381411135,0.004975124378109453
100,0.9,1.0,0,LZ minus DZ,0.7860095183936496,381,0.7240379412955941,0.7115353340003067,-0.09696093950658577,0.8084962735068925,0.004975124378109453
100,0.9,1.0,0,germinal centre,0.7860095183936496,381,0.20637296011523343,0.21531366863421564,-0.09745339009948385,0.3127670587336995,0.004975124378109453
100,0.9,1.0,0,plasma cell,0.7860095183936496,381,0.1795631442551373,0.1850614054167854,-0.09099314620449427,0.2760545516212797,0.004975124378109453
100,0.9,1.0,0,memory,0.7860095183936496,381,0.27914520812990107,0.4605804463381782,-0.09927099758437069,0.5598514439225488,0.004975124378109453
100,0.9,1.0,1,mutation_frequency,0.7789970056581998,381,0.03167975867150208,-0.08203000366747082,-0.10251544863980797,0.020485444972337147,0.208955223880597
100,0.9,1.0,1,division_gate:mCherry-low,0.7789970056581998,381,0.1666901378219322,0.13411402595395427,-0.09042044030827093,0.2245344662622252,0.004975124378109453
100,0.9,1.0,1,zone_gate:DZ,0.7789970056581998,87,0.1911226191089167,0.13318057057162203,-0.11036806325720105,0.24354863382882308,0.004975124378109453
100,0.9,1.0,1,rbd_bait:RBD+,0.7789970056581998,294,0.015288776750091437,-0.08721943337059312,-0.10052532793473219,0.013305894564139067,0.35323383084577115
100,0.9,1.0,1,dark zone / cycling,0.7789970056581998,381,0.7375508907531143,0.717760188729068,-0.09833938495830231,0.8160995736873703,0.004975124378109453
100,0.9,1.0,1,light zone,0.7789970056581998,381,0.38975993726822067,0.3327383257110825,-0.10408598352724406,0.4368243092383266,0.004975124378109453
100,0.9,1.0,1,LZ minus DZ,0.7789970056581998,381,0.7225710959235379,0.7036618098599878,-0.09713674563962975,0.8007985554996175,0.004975124378109453
100,0.9,1.0,1,germinal centre,0.7789970056581998,381,0.21726443093454018,0.22213285826745233,-0.09306474485167895,0.31519760311913125,0.004975124378109453
100,0.9,1.0,1,plasma cell,0.7789970056581998,381,0.17146328479445816,0.15319300028575022,-0.09811065355699472,0.25130365384274495,0.004975124378109453
100,0.9,1.0,1,memory,0.7789970056581998,381,0.2800834705930564,0.45250191866272216,-0.09357582013745638,0.5460777388001785,0.004975124378109453
10,0.1,0.5,0,mutation_frequency,0.7313450796152684,381,0.028897102138975117,-0.05715706230872253,-0.09709314883172988,0.039936086523007355,0.13432835820895522
10,0.1,0.5,0,division_gate:mCherry-low,0.7313450796152684,381,0.16114642421073144,0.18453238815605932,-0.07514670807289381,0.25967909622895313,0.004975124378109453
10,0.1,0.5,0,zone_gate:DZ,0.7313450796152684,87,0.11908618456763842,0.05629723876535042,-0.11105290982338173,0.16735014858873215,0.009950248756218905
10,0.1,0.5,0,rbd_bait:RBD+,0.7313450796152684,294,0.008956370013594506,-0.07407671739091781,-0.09742382388734504,0.023347106496427225,0.2935323383084577
10,0.1,0.5,0,dark zone / cycling,0.7313450796152684,381,0.7219846804167454,0.7258974851248801,-0.10018726611530714,0.8260847512401872,0.004975124378109453
10,0.1,0.5,0,light zone,0.7313450796152684,381,0.3692164022163611,0.4112445213611765,-0.07448938541870433,0.4857339067798808,0.004975124378109453
10,0.1,0.5,0,LZ minus DZ,0.7313450796152684,381,0.7072133655936245,0.7278434964718503,-0.09569469515185475,0.823538191623705,0.004975124378109453
10,0.1,0.5,0,germinal centre,0.7313450796152684,381,0.19483773809823046,0.3074007265582942,-0.054492541870381224,0.3618932684286754,0.004975124378109453
10,0.1,0.5,0,plasma cell,0.7313450796152684,381,0.16888225115521804,0.4753265890594085,-0.09038672932086055,0.5657133183802691,0.004975124378109453
10,0.1,0.5,0,memory,0.7313450796152684,381,0.2422769975232304,0.4699286684611683,-0.09317725408267939,0.5631059225438477,0.004975124378109453
10,0.1,0.5,1,mutation_frequency,0.7237142685720461,381,0.03557154258198869,-0.004104026671073013,-0.09711246515577518,0.09300843848470217,0.004975124378109453
10,0.1,0.5,1,division_gate:mCherry-low,0.7237142685720461,381,0.14849314679435965,0.1721378846829612,-0.08009570579551252,0.2522335904784737,0.004975124378109453
10,0.1,0.5,1,zone_gate:DZ,0.7237142685720461,87,0.10973693047258004,0.03715606093087065,-0.11239466525374427,0.1495507261846149,0.009950248756218905
10,0.1,0.5,1,rbd_bait:RBD+,0.7237142685720461,294,0.00800656964363955,-0.08619629052505307,-0.09498653269499348,0.008790242169940413,0.4079601990049751
10,0.1,0.5,1,dark zone / cycling,0.7237142685720461,381,0.7071159617231608,0.7349322369899196,-0.10407340319465447,0.839005640184574,0.004975124378109453
10,0.1,0.5,1,light zone,0.7237142685720461,381,0.35170798210477117,0.39324406300591896,-0.08067599349090351,0.47392005649682245,0.004975124378109453
10,0.1,0.5,1,LZ minus DZ,0.7237142685720461,381,0.6847920246843588,0.7213072540243854,-0.09812760355116522,0.8194348575755507,0.004975124378109453
10,0.1,0.5,1,germinal centre,0.7237142685720461,381,0.1909000326888436,0.2499559221276747,-0.06508234906903859,0.3150382711967133,0.004975124378109453
10,0.1,0.5,1,plasma cell,0.7237142685720461,381,0.1570908476534968,0.45868699923939116,-0.08156309342257748,0.5402500926619687,0.004975124378109453
10,0.1,0.5,1,memory,0.7237142685720461,381,0.23891866647555204,0.46868963174615896,-0.09729708480163068,0.5659867165477896,0.004975124378109453
10,0.5,0.5,0,mutation_frequency,0.7691512883122293,381,0.03272663247817231,-0.035043002331530015,-0.10133086750097746,0.06628786516944744,0.03482587064676617
10,0.5,0.5,0,division_gate:mCherry-low,0.7691512883122293,381,0.16073580383435615,0.1799629075470459,-0.08848160006276172,0.26844450760980765,0.004975124378109453
10,0.5,0.5,0,zone_gate:DZ,0.7691512883122293,87,0.13078244463612654,0.048449794053168516,-0.10519266423346706,0.15364245828663559,0.024875621890547265
10,0.5,0.5,0,rbd_bait:RBD+,0.7691512883122293,294,0.008427892800849213,-0.06688322317898288,-0.0962156523959933,0.02933242921701043,0.21393034825870647
10,0.5,0.5,0,dark zone / cycling,0.7691512883122293,381,0.7297126807859904,0.7187095422879365,-0.10033698308794317,0.8190465253758796,0.004975124378109453
10,0.5,0.5,0,light zone,0.7691512883122293,381,0.3681941903692537,0.3540961279239795,-0.09325439099841326,0.44735051892239275,0.004975124378109453
10,0.5,0.5,0,LZ minus DZ,0.7691512883122293,381,0.7086920989658265,0.7061365587337565,-0.101155043967753,0.8072916027015095,0.004975124378109453
10,0.5,0.5,0,germinal centre,0.7691512883122293,381,0.20876307259739235,0.27924179896974466,-0.08955329368070362,0.3687950926504483,0.004975124378109453
10,0.5,0.5,0,plasma cell,0.7691512883122293,381,0.1638322735114922,0.29691032712598253,-0.10200144890350092,0.39891177602948347,0.004975124378109453
10,0.5,0.5,0,memory,0.7691512883122293,381,0.24724083915417672,0.4655819685428555,-0.10216450283329592,0.5677464713761514,0.004975124378109453
10,0.5,0.5,1,mutation_frequency,0.7769841718478778,381,0.03469637587665875,0.013102473303346573,-0.0994789991887842,0.11258147249213077,0.004975124378109453
10,0.5,0.5,1,division_gate:mCherry-low,0.7769841718478778,381,0.1626297262171037,0.16971748349913307,-0.08307319012811248,0.25279067362724555,0.004975124378109453
10,0.5,0.5,1,zone_gate:DZ,0.7769841718478778,87,0.17407361644684838,0.06225298319452188,-0.106106623249898,0.16835960644441988,0.009950248756218905
10,0.5,0.5,1,rbd_bait:RBD+,0.7769841718478778,294,0.010248897562163628,-0.07159776077983415,-0.09585772221386797,0.02425996143403382,0.24875621890547264
10,0.5,0.5,1,dark zone / cycling,0.7769841718478778,381,0.7296873901607195,0.723062429106418,-0.09898486415428516,0.8220472932607032,0.004975124378109453
10,0.5,0.5,1,light zone,0.7769841718478778,381,0.3790275058974637,0.3399028411627457,-0.09228989211220252,0.4321927332749482,0.004975124378109453
10,0.5,0.5,1,LZ minus DZ,0.7769841718478778,381,0.7142887768455269,0.7090433946849628,-0.10127482277352311,0.8103182174584859,0.004975124378109453
10,0.5,0.5,1,germinal centre,0.7769841718478778,381,0.21460288802815797,0.26525266574084716,-0.0822791624770056,0.3475318282178528,0.004975124378109453
10,0.5,0.5,1,plasma cell,0.7769841718478778,381,0.18067078582485607,0.30362645573476876,-0.09329549263162347,0.3969219483663922,0.004975124378109453
10,0.5,0.5,1,memory,0.7769841718478778,381,0.2747402899801693,0.47287819653208396,-0.09897044988474893,0.5718486464168329,0.004975124378109453
15,0.1,0.5,0,mutation_frequency,0.7397558903680845,381,0.036295933198545405,0.005235511590796049,-0.10119876670922634,0.10643427830002239,0.004975124378109453
15,0.1,0.5,0,division_gate:mCherry-low,0.7397558903680845,381,0.15802881532145607,0.17187001447481698,-0.0706543530426906,0.24252436751750758,0.004975124378109453
15,0.1,0.5,0,zone_gate:DZ,0.7397558903680845,87,0.14370715599104478,0.08542660385720446,-0.11187923612556179,0.19730583998276624,0.014925373134328358
15,0.1,0.5,0,rbd_bait:RBD+,0.7397558903680845,294,0.008618003835420995,-0.057821434849524955,-0.09878488465667568,0.04096344980715072,0.12437810945273632
15,0.1,0.5,0,dark zone / cycling,0.7397558903680845,381,0.7124865457464178,0.7284765165458662,-0.10065989901492284,0.829136415560789,0.004975124378109453
15,0.1,0.5,0,light zone,0.7397558903680845,381,0.37261905854713906,0.3639230720540543,-0.0776028548692715,0.44152592692332576,0.004975124378109453
15,0.1,0.5,0,LZ minus DZ,0.7397558903680845,381,0.6994599457021946,0.7138356672317466,-0.09466390457118498,0.8084995718029316,0.004975124378109453
15,0.1,0.5,0,germinal centre,0.7397558903680845,381,0.20543578464132062,0.2929969010975628,-0.0616332771486324,0.35463017824619525,0.004975124378109453
15,0.1,0.5,0,plasma cell,0.7397558903680845,381,0.16413580192998556,0.42200264242491603,-0.08820237461743838,0.5102050170423544,0.004975124378109453
15,0.1,0.5,0,memory,0.7397558903680845,381,0.27286887939300086,0.48038400389719793,-0.09767146134330634,0.5780554652405043,0.004975124378109453
15,0.1,0.5,1,mutation_frequency,0.7337802594563695,381,0.03120428974195888,0.002513181717644808,-0.09854964910629258,0.10106283082393738,0.004975124378109453
15,0.1,0.5,1,division_gate:mCherry-low,0.7337802594563695,381,0.15840027406751678,0.17777489047887207,-0.0793103910362892,0.2570852815151613,0.004975124378109453
15,0.1,0.5,1,zone_gate:DZ,0.7337802594563695,87,0.12352266911588772,0.1265577858541882,-0.10781084723305966,0.23436863308724787,0.004975124378109453
15,0.1,0.5,1,rbd_bait:RBD+,0.7337802594563695,294,0.007767477190695593,-0.053276928187629746,-0.09858193361757853,0.04530500542994878,0.08955223880597014
15,0.1,0.5,1,dark zone / cycling,0.7337802594563695,381,0.719717212762967,0.719020462891532,-0.10274179755957871,0.8217622604511107,0.004975124378109453
15,0.1,0.5,1,light zone,0.7337802594563695,381,0.36188436735224083,0.3846100012340996,-0.07906992692501387,0.46367992815911346,0.004975124378109453
15,0.1,0.5,1,LZ minus DZ,0.7337802594563695,381,0.7007696713241423,0.7168485391728681,-0.09596689524566546,0.8128154344185335,0.004975124378109453
15,0.1,0.5,1,germinal centre,0.7337802594563695,381,0.19390755286997285,0.27253505628617924,-0.06633080646329895,0.33886586274947816,0.004975124378109453
15,0.1,0.5,1,plasma cell,0.7337802594563695,381,0.15939070495248298,0.42227936722719883,-0.082525835923064,0.5048052031502628,0.004975124378109453
15,0.1,0.5,1,memory,0.7337802594563695,381,0.2591589898540474,0.48882674751849886,-0.09904147945317586,0.5878682269716747,0.004975124378109453
15,0.5,0.5,0,mutation_frequency,0.7860991330904618,381,0.03699978542100679,-0.033426481398352914,-0.10053058296184451,0.0671041015634916,0.029850746268656716
15,0.5,0.5,0,division_gate:mCherry-low,0.7860991330904618,381,0.16383489156428255,0.16601777645392157,-0.07796546192667417,0.24398323838059574,0.004975124378109453
15,0.5,0.5,0,zone_gate:DZ,0.7860991330904618,87,0.1799551017119253,0.0854366550830925,-0.11644195645108538,0.20187861153417788,0.004975124378109453
15,0.5,0.5,0,rbd_bait:RBD+,0.7860991330904618,294,0.010171095256685247,-0.045879582030158295,-0.09808131027738716,0.052201728247228865,0.05970149253731343
15,0.5,0.5,0,dark zone / cycling,0.7860991330904618,381,0.7320018118996392,0.7084151098767688,-0.10531189012895535,0.8137270000057242,0.004975124378109453
15,0.5,0.5,0,light zone,0.7860991330904618,381,0.38819260420940516,0.35280024578681934,-0.08808069307989257,0.4408809388667119,0.004975124378109453
15,0.5,0.5,0,LZ minus DZ,0.7860991330904618,381,0.7197830820273088,0.7031830659994729,-0.0941355669068281,0.797318632906301,0.004975124378109453
15,0.5,0.5,0,germinal centre,0.7860991330904618,381,0.22453782648554266,0.2773673978863124,-0.0754341131951974,0.35280151108150976,0.004975124378109453
15,0.5,0.5,0,plasma cell,0.7860991330904618,381,0.1774288095322627,0.307798160452011,-0.10000328673842244,0.4078014471904335,0.004975124378109453
15,0.5,0.5,0,memory,0.7860991330904618,381,0.28344628463165755,0.4546322984689942,-0.09828071570917318,0.5529130141781674,0.004975124378109453
15,0.5,0.5,1,mutation_frequency,0.7670705508870936,381,0.03842292865917618,0.036523322152044346,-0.0990679354583609,0.13559125761040525,0.004975124378109453
15,0.5,0.5,1,division_gate:mCherry-low,0.7670705508870936,381,0.15787854933911738,0.1602177130468797,-0.08675227801645136,0.24696999106333106,0.004975124378109453
15,0.5,0.5,1,zone_gate:DZ,0.7670705508870936,87,0.1466661783868073,0.0228410426985729,-0.10784437523571827,0.13068541793429117,0.014925373134328358
15,0.5,0.5,1,rbd_bait:RBD+,0.7670705508870936,294,0.008941746995815847,-0.044049114305008796,-0.09448572671345974,0.050436612408450945,0.12437810945273632
15,0.5,0.5,1,dark zone / cycling,0.7670705508870936,381,0.7287962854257325,0.7150018990461862,-0.09858689665283109,0.8135887956990172,0.004975124378109453
15,0.5,0.5,1,light zone,0.7670705508870936,381,0.3729861372511356,0.3480422909175489,-0.09216767904765508,0.440209969965204,0.004975124378109453
15,0.5,0.5,1,LZ minus DZ,0.7670705508870936,381,0.7083223238799632,0.7021855257687761,-0.09871139123382708,0.8008969170026032,0.004975124378109453
15,0.5,0.5,1,germinal centre,0.7670705508870936,381,0.2087450503533811,0.2619788226634744,-0.07857542867120987,0.34055425133468425,0.004975124378109453
15,0.5,0.5,1,plasma cell,0.7670705508870936,381,0.1623682849864142,0.30816103750999035,-0.09630266822662824,0.4044637057366186,0.004975124378109453
15,0.5,0.5,1,memory,0.7670705508870936,381,0.26068222706161603,0.48211035217366816,-0.09507713866604212,0.5771874908397103,0.004975124378109453
30,0.1,0.5,0,mutation_frequency,0.7594685717562084,381,0.03756817964741466,0.005681166302055396,-0.10010522881788225,0.10578639511993765,0.004975124378109453
30,0.1,0.5,0,division_gate:mCherry-low,0.7594685717562084,381,0.16145470414221375,0.14888820227981436,-0.07806644581685086,0.2269546480966652,0.004975124378109453
30,0.1,0.5,0,zone_gate:DZ,0.7594685717562084,87,0.1653792017787148,0.07704244626304668,-0.10829147226990507,0.18533391853295175,0.009950248756218905
30,0.1,0.5,0,rbd_bait:RBD+,0.7594685717562084,294,0.00939098902147939,-0.00444233882716194,-0.0981557549650056,0.09371341613784366,0.024875621890547265
30,0.1,0.5,0,dark zone / cycling,0.7594685717562084,381,0.7208230188652289,0.7084848908232836,-0.10389056264108083,0.8123754534643645,0.004975124378109453
30,0.1,0.5,0,light zone,0.7594685717562084,381,0.362787967864283,0.37117123448674283,-0.08535706009463528,0.4565282945813781,0.004975124378109453
30,0.1,0.5,0,LZ minus DZ,0.7594685717562084,381,0.6998073195956179,0.6984523193476553,-0.10394604011653115,0.8023983594641865,0.004975124378109453
30,0.1,0.5,0,germinal centre,0.7594685717562084,381,0.2007680927508676,0.2679016705674845,-0.08128784472908332,0.34918951529656783,0.004975124378109453
30,0.1,0.5,0,plasma cell,0.7594685717562084,381,0.15847239141801694,0.31384104096713916,-0.087783572724679,0.4016246136918182,0.004975124378109453
30,0.1,0.5,0,memory,0.7594685717562084,381,0.2767379765309548,0.48600916513195835,-0.0972153452890661,0.5832245104210244,0.004975124378109453
30,0.1,0.5,1,mutation_frequency,0.7577414035954719,381,0.03456104864699039,-0.02251717824480015,-0.0969759642271789,0.07445878598237875,0.024875621890547265
30,0.1,0.5,1,division_gate:mCherry-low,0.7577414035954719,381,0.16074821138024875,0.14980478439022427,-0.08543937711026564,0.2352441615004899,0.004975124378109453
30,0.1,0.5,1,zone_gate:DZ,0.7577414035954719,87,0.17859178037991352,0.09455641290994754,-0.09939927187214746,0.19395568478209502,0.004975124378109453
30,0.1,0.5,1,rbd_bait:RBD+,0.7577414035954719,294,0.010686521716872344,-0.033465442897500974,-0.09582425992284214,0.06235881702534117,0.06467661691542288
30,0.1,0.5,1,dark zone / cycling,0.7577414035954719,381,0.7275762431841072,0.7169977843181905,-0.10242995461714564,0.8194277389353362,0.004975124378109453
30,0.1,0.5,1,light zone,0.7577414035954719,381,0.35788195359747677,0.3436423263389887,-0.08826349269180044,0.4319058190307892,0.004975124378109453
30,0.1,0.5,1,LZ minus DZ,0.7577414035954719,381,0.7053255266985847,0.699000552885362,-0.10026952468452517,0.7992700775698872,0.004975124378109453
30,0.1,0.5,1,germinal centre,0.7577414035954719,381,0.19533145715918265,0.2510063007181983,-0.08031740283734905,0.33132370355554736,0.004975124378109453
30,0.1,0.5,1,plasma cell,0.7577414035954719,381,0.16048244850533255,0.3099146368598391,-0.0849846278963612,0.3948992647562003,0.004975124378109453
30,0.1,0.5,1,memory,0.7577414035954719,381,0.27817043407056297,0.48488250626804563,-0.10037730121851927,0.5852598074865649,0.004975124378109453
30,0.5,0.5,0,mutation_frequency,0.7709837219451671,381,0.03771173724015631,0.015592754417414478,-0.10484860583971636,0.12044136025713084,0.004975124378109453
30,0.5,0.5,0,division_gate:mCherry-low,0.7709837219451671,381,0.1630669660301468,0.15628029892731743,-0.08644229430285455,0.24272259323017198,0.004975124378109453
30,0.5,0.5,0,zone_gate:DZ,0.7709837219451671,87,0.1631036741735975,0.06896793004633794,-0.10618804033451434,0.1751559703808523,0.014925373134328358
30,0.5,0.5,0,rbd_bait:RBD+,0.7709837219451671,294,0.010107613530222936,-0.010994433635512113,-0.09276461789772422,0.08177018426221211,0.009950248756218905
30,0.5,0.5,0,dark zone / cycling,0.7709837219451671,381,0.7237305764392729,0.7050446725824437,-0.10029525599493788,0.8053399285773817,0.004975124378109453
30,0.5,0.5,0,light zone,0.7709837219451671,381,0.3837108436049701,0.37671363922641543,-0.08956324967486892,0.4662768889012844,0.004975124378109453
30,0.5,0.5,0,LZ minus DZ,0.7709837219451671,381,0.7091646195591141,0.703716693427102,-0.09821483961812674,0.8019315330452287,0.004975124378109453
30,0.5,0.5,0,germinal centre,0.7709837219451671,381,0.21130821190808335,0.2645192968706034,-0.09334937160069613,0.3578686684712995,0.004975124378109453
30,0.5,0.5,0,plasma cell,0.7709837219451671,381,0.15021151231786445,0.24117505878625067,-0.09610214091943478,0.3372771997056855,0.004975124378109453
30,0.5,0.5,0,memory,0.7709837219451671,381,0.25944959167683157,0.4216770942114987,-0.09629563165956614,0.5179727258710648,0.004975124378109453
30,0.5,0.5,1,mutation_frequency,0.7758105557589381,381,0.03832622515887829,-0.0336057092893538,-0.09949639601273529,0.06589068672338148,0.04975124378109453
30,0.5,0.5,1,division_gate:mCherry-low,0.7758105557589381,381,0.16420422152017944,0.14434221855845597,-0.09266069618924268,0.23700291474769863,0.004975124378109453
30,0.5,0.5,1,zone_gate:DZ,0.7758105557589381,87,0.17673734233961802,0.10301983383950197,-0.10986363268746067,0.21288346652696266,0.004975124378109453
30,0.5,0.5,1,rbd_bait:RBD+,0.7758105557589381,294,0.012118303183180301,-0.020198682051471017,-0.09558185618846916,0.07538317413699815,0.029850746268656716
30,0.5,0.5,1,dark zone / cycling,0.7758105557589381,381,0.7350922876116588,0.7153066299326731,-0.10315419820170268,0.8184608281343758,0.004975124378109453
30,0.5,0.5,1,light zone,0.7758105557589381,381,0.3841997926467323,0.3355000160587247,-0.09501873617008177,0.4305187522288065,0.004975124378109453
30,0.5,0.5,1,LZ minus DZ,0.7758105557589381,381,0.719190669679453,0.6987129105964435,-0.10146050713447631,0.8001734177309198,0.004975124378109453
30,0.5,0.5,1,germinal centre,0.7758105557589381,381,0.213857168655738,0.21442858668946396,-0.09172944995402321,0.3061580366434872,0.004975124378109453
30,0.5,0.5,1,plasma cell,0.7758105557589381,381,0.16584349140095056,0.25289560682152723,-0.09469395914297135,0.3475895659644986,0.004975124378109453
30,0.5,0.5,1,memory,0.7758105557589381,381,0.26934323991942155,0.43485239689977173,-0.10662220214587995,0.5414745990456517,0.004975124378109453
10,0.1,2.0,0,mutation_frequency,0.7052900213168647,381,0.025038192910065926,-0.027730805288255445,-0.09469888326811944,0.066968077979864,0.03482587064676617
10,0.1,2.0,0,division_gate:mCherry-low,0.7052900213168647,381,0.152115397483081,0.20149369027544184,-0.07659626076137405,0.2780899510368159,0.004975124378109453
10,0.1,2.0,0,zone_gate:DZ,0.7052900213168647,87,0.10231278421926815,0.029130076618920975,-0.10298327830946233,0.1321133549283833,0.01990049751243781
10,0.1,2.0,0,rbd_bait:RBD+,0.7052900213168647,294,0.010016057404416356,-0.05230398069363984,-0.09372793947688023,0.041423958783240386,0.10945273631840796
10,0.1,2.0,0,dark zone / cycling,0.7052900213168647,381,0.7048931958112226,0.7293780093070125,-0.10228163031394757,0.83165963962096,0.004975124378109453
10,0.1,2.0,0,light zone,0.7052900213168647,381,0.35854966247941633,0.416822122120621,-0.07556039969055962,0.4923825218111806,0.004975124378109453
10,0.1,2.0,0,LZ minus DZ,0.7052900213168647,381,0.6898247107554107,0.7262631955586853,-0.09655179381296607,0.8228149893716514,0.004975124378109453
10,0.1,2.0,0,germinal centre,0.7052900213168647,381,0.1751858144945705,0.2904876475354994,-0.05753628490467451,0.3480239324401739,0.004975124378109453
10,0.1,2.0,0,plasma cell,0.7052900213168647,381,0.1473711011019071,0.5132936614906876,-0.08705433853731911,0.6003480000280067,0.004975124378109453
10,0.1,2.0,0,memory,0.7052900213168647,381,0.23395410745471334,0.4715022748394866,-0.10111189326367304,0.5726141681031596,0.004975124378109453
10,0.1,2.0,1,mutation_frequency,0.7080038803494351,381,0.02939962614287872,-0.04054302680901234,-0.0958358666414584,0.05529283983244607,0.05472636815920398
10,0.1,2.0,1,division_gate:mCherry-low,0.7080038803494351,381,0.1485737305909084,0.14330155008301804,-0.08135423402847392,0.22465578411149195,0.004975124378109453
10,0.1,2.0,1,zone_gate:DZ,0.7080038803494351,87,0.09803019239164135,0.05360201869582881,-0.11262849540389511,0.16623051409972392,0.014925373134328358
10,0.1,2.0,1,rbd_bait:RBD+,0.7080038803494351,294,0.007332921835773276,-0.10111295113062191,-0.10146213474178496,0.00034918361116305363,0.48756218905472637
10,0.1,2.0,1,dark zone / cycling,0.7080038803494351,381,0.6989261272686105,0.7261433725620718,-0.10425161968532237,0.8303949922473942,0.004975124378109453
10,0.1,2.0,1,light zone,0.7080038803494351,381,0.3516914844938155,0.39015656253181574,-0.07796252722608042,0.4681190897578962,0.004975124378109453
10,0.1,2.0,1,LZ minus DZ,0.7080038803494351,381,0.6808456023816766,0.7206118721704375,-0.09663920092756964,0.8172510730980072,0.004975124378109453
10,0.1,2.0,1,germinal centre,0.7080038803494351,381,0.17520591395353713,0.2636326126125912,-0.05380651439733995,0.31743912700993115,0.004975124378109453
10,0.1,2.0,1,plasma cell,0.7080038803494351,381,0.13938226469599246,0.5077190392877372,-0.08917376627696878,0.596892805564706,0.004975124378109453
10,0.1,2.0,1,memory,0.7080038803494351,381,0.2380372159326657,0.4532457649501812,-0.09555957170288044,0.5488053366530616,0.004975124378109453
10,0.5,2.0,0,mutation_frequency,0.7102213329567328,381,0.02811783578697591,-0.03303108743648142,-0.09902432179155067,0.06599323435506925,0.04975124378109453
10,0.5,2.0,0,division_gate:mCherry-low,0.7102213329567328,381,0.158074503563157,0.1823231138092597,-0.08207911334716077,0.2644022271564205,0.004975124378109453
10,0.5,2.0,0,zone_gate:DZ,0.7102213329567328,87,0.11076355138956417,0.07050990003504576,-0.11315325328212021,0.18366315331716598,0.004975124378109453
10,0.5,2.0,0,rbd_bait:RBD+,0.7102213329567328,294,0.008091400230107237,-0.07265567116722016,-0.09514382318338167,0.022488152016161514,0.2835820895522388
10,0.5,2.0,0,dark zone / cycling,0.7102213329567328,381,0.6956005581145353,0.7188040151898261,-0.10305048497387378,0.8218545001636999,0.004975124378109453
10,0.5,2.0,0,light zone,0.7102213329567328,381,0.36023990081278123,0.4011452019393804,-0.07710738320220419,0.4782525851415846,0.004975124378109453
10,0.5,2.0,0,LZ minus DZ,0.7102213329567328,381,0.6817237066025374,0.7196394873727845,-0.0963450966514767,0.8159845840242612,0.004975124378109453
10,0.5,2.0,0,germinal centre,0.7102213329567328,381,0.18415691221498964,0.30798452234647533,-0.06553843067304778,0.3735229530195231,0.004975124378109453
10,0.5,2.0,0,plasma cell,0.7102213329567328,381,0.13623764720860976,0.5098068830344802,-0.08823388132693846,0.5980407643614186,0.004975124378109453
10,0.5,2.0,0,memory,0.7102213329567328,381,0.24241219509447565,0.48785203118499265,-0.0967279912584463,0.584580022443439,0.004975124378109453
10,0.5,2.0,1,mutation_frequency,0.7428955527867607,381,0.03162302910185766,-0.03779171467704412,-0.0967887805255856,0.058997065848541475,0.05472636815920398
10,0.5,2.0,1,division_gate:mCherry-low,0.7428955527867607,381,0.15202440127954442,0.17973847451861402,-0.07317640362395224,0.25291487814256625,0.004975124378109453
10,0.5,2.0,1,zone_gate:DZ,0.7428955527867607,87,0.11347190465647616,0.0356281686608485,-0.1104243904084235,0.146052559069272,0.01990049751243781
10,0.5,2.0,1,rbd_bait:RBD+,0.7428955527867607,294,0.008285776436267156,-0.10269701408183951,-0.09891502259814583,-0.0037819914836936808,0.5373134328358209
10,0.5,2.0,1,dark zone / cycling,0.7428955527867607,381,0.7205729496221935,0.726968717517811,-0.1003341873410508,0.8273029048588618,0.004975124378109453
10,0.5,2.0,1,light zone,0.7428955527867607,381,0.3547612414098913,0.40426978751392595,-0.07786310688316136,0.4821328943970873,0.004975124378109453
10,0.5,2.0,1,LZ minus DZ,0.7428955527867607,381,0.6978122039062613,0.7259196278302593,-0.0964574848303845,0.8223771126606438,0.004975124378109453
10,0.5,2.0,1,germinal centre,0.7428955527867607,381,0.20240650543012795,0.25958633889175153,-0.05659241030961391,0.31617874920136546,0.004975124378109453
10,0.5,2.0,1,plasma cell,0.7428955527867607,381,0.1665064215898543,0.4852209355513797,-0.08448419526868342,0.5697051308200631,0.004975124378109453
10,0.5,2.0,1,memory,0.7428955527867607,381,0.2534214135511891,0.4786119816797444,-0.09534347020562386,0.5739554518853682,0.004975124378109453
15,0.1,2.0,0,mutation_frequency,0.7217951017620804,381,0.03194937673845999,-0.015200634330959417,-0.09765588302893885,0.08245524869797943,0.03482587064676617
15,0.1,2.0,0,division_gate:mCherry-low,0.7217951017620804,381,0.1511344816384661,0.1693105111218628,-0.07129630694839834,0.24060681807026113,0.004975124378109453
15,0.1,2.0,0,zone_gate:DZ,0.7217951017620804,87,0.11477788547603007,0.09166347377118611,-0.10968701441683067,0.20135048818801676,0.004975124378109453
15,0.1,2.0,0,rbd_bait:RBD+,0.7217951017620804,294,0.008245184713215337,-0.1105454710336704,-0.09840580964334208,-0.012139661390328321,0.6069651741293532
15,0.1,2.0,0,dark zone / cycling,0.7217951017620804,381,0.7005619414980331,0.730212995696722,-0.09830727455925561,0.8285202702559776,0.004975124378109453
15,0.1,2.0,0,light zone,0.7217951017620804,381,0.3576031191819916,0.36087218233915797,-0.07929705546578393,0.4401692378049419,0.004975124378109453
15,0.1,2.0,0,LZ minus DZ,0.7217951017620804,381,0.6851239447464984,0.7131319073985742,-0.09582294374910666,0.808954851147681,0.004975124378109453
15,0.1,2.0,0,germinal centre,0.7217951017620804,381,0.18728035890986072,0.293909935693899,-0.059620249650454406,0.35353018534435343,0.004975124378109453
15,0.1,2.0,0,plasma cell,0.7217951017620804,381,0.16432420412945337,0.39428749963486864,-0.0835254966338553,0.477812996268724,0.004975124378109453
15,0.1,2.0,0,memory,0.7217951017620804,381,0.23495989586289712,0.4889192578247241,-0.09774622782664633,0.5866654856513704,0.004975124378109453
15,0.1,2.0,1,mutation_frequency,0.724331871365697,381,0.0317482895754263,-0.05190091418326048,-0.09684027777548071,0.04493936359222023,0.07462686567164178
15,0.1,2.0,1,division_gate:mCherry-low,0.724331871365697,381,0.1606931557273943,0.15522437978549308,-0.07029240456412678,0.22551678434961986,0.004975124378109453
15,0.1,2.0,1,zone_gate:DZ,0.724331871365697,87,0.15930521183336033,0.1448636156554336,-0.1091351010751121,0.2539987167305457,0.004975124378109453
15,0.1,2.0,1,rbd_bait:RBD+,0.724331871365697,294,0.008188410978313798,-0.10435215058910541,-0.09924682230927942,-0.005105328279825988,0.5522388059701493
15,0.1,2.0,1,dark zone / cycling,0.724331871365697,381,0.7004854034270083,0.7253224347924188,-0.10335249875460592,0.8286749335470247,0.004975124378109453
15,0.1,2.0,1,light zone,0.724331871365697,381,0.3589194600988649,0.38031358533114645,-0.07341450346666388,0.45372808879781035,0.004975124378109453
15,0.1,2.0,1,LZ minus DZ,0.724331871365697,381,0.6845024534779827,0.709903482831978,-0.09525935800019152,0.8051628408321695,0.004975124378109453
15,0.1,2.0,1,germinal centre,0.724331871365697,381,0.1964311049031665,0.27380523917746824,-0.0592884999499701,0.33309373912743834,0.004975124378109453
15,0.1,2.0,1,plasma cell,0.724331871365697,381,0.1668744202249568,0.40104798959493493,-0.08423053712241764,0.48527852671735255,0.004975124378109453
15,0.1,2.0,1,memory,0.724331871365697,381,0.2717362911479495,0.466807217074216,-0.09815542293739071,0.5649626400116068,0.004975124378109453
15,0.5,2.0,0,mutation_frequency,0.7512870437305146,381,0.032492480434131,-0.016869173368166734,-0.10084559864320285,0.08397642527503611,0.014925373134328358
15,0.5,2.0,0,division_gate:mCherry-low,0.7512870437305146,381,0.15586418099443977,0.16770511209333483,-0.08438474285520084,0.25208985494853564,0.004975124378109453
15,0.5,2.0,0,zone_gate:DZ,0.7512870437305146,87,0.13851610723473629,0.09677675049202827,-0.10858771642743062,0.2053644669194589,0.004975124378109453
15,0.5,2.0,0,rbd_bait:RBD+,0.7512870437305146,294,0.00787749836277507,-0.06760791530684185,-0.09734208638123959,0.02973417107439774,0.22388059701492538
15,0.5,2.0,0,dark zone / cycling,0.7512870437305146,381,0.7178609634245914,0.7296640758452149,-0.0983506988620731,0.8280147747072879,0.004975124378109453
15,0.5,2.0,0,light zone,0.7512870437305146,381,0.36566178940144933,0.3537494940991577,-0.08060033401151535,0.434349828110673,0.004975124378109453
15,0.5,2.0,0,LZ minus DZ,0.7512870437305146,381,0.7009010738762637,0.718069300102061,-0.09382125488548819,0.8118905549875493,0.004975124378109453
15,0.5,2.0,0,germinal centre,0.7512870437305146,381,0.19895419175974915,0.2892159232261786,-0.05765605431355227,0.34687197753973087,0.004975124378109453
15,0.5,2.0,0,plasma cell,0.7512870437305146,381,0.16375540533993282,0.4109349018462437,-0.08351387235079961,0.4944487741970433,0.004975124378109453
15,0.5,2.0,0,memory,0.7512870437305146,381,0.2553196794603474,0.4902106134392826,-0.09463437648347953,0.5848449899227621,0.004975124378109453
15,0.5,2.0,1,mutation_frequency,0.7393390054446405,381,0.034368019658026494,-0.01793781315038956,-0.09399965934473403,0.07606184619434447,0.024875621890547265
15,0.5,2.0,1,division_gate:mCherry-low,0.7393390054446405,381,0.1553510560579925,0.17643593749771258,-0.07595244427221552,0.2523883817699281,0.004975124378109453
15,0.5,2.0,1,zone_gate:DZ,0.7393390054446405,87,0.12652949373283118,0.10534221028642787,-0.11523275969635305,0.22057496998278092,0.004975124378109453
15,0.5,2.0,1,rbd_bait:RBD+,0.7393390054446405,294,0.009603581350089097,-0.04507100870677738,-0.0998041680261371,0.05473315931935972,0.06467661691542288
15,0.5,2.0,1,dark zone / cycling,0.7393390054446405,381,0.7171966941937724,0.7247691769706666,-0.10229791161540991,0.8270670885860765,0.004975124378109453
15,0.5,2.0,1,light zone,0.7393390054446405,381,0.35970305806984526,0.3829782492334295,-0.07358868410937108,0.4565669333428006,0.004975124378109453
15,0.5,2.0,1,LZ minus DZ,0.7393390054446405,381,0.69595637875761,0.7176552064385977,-0.09424512978262337,0.811900336221221,0.004975124378109453
15,0.5,2.0,1,germinal centre,0.7393390054446405,381,0.1965773145221097,0.2821847191887702,-0.06729577165638664,0.34948049084515687,0.004975124378109453
15,0.5,2.0,1,plasma cell,0.7393390054446405,381,0.15991932581086676,0.44463532085609137,-0.08724188770663656,0.5318772085627279,0.004975124378109453
15,0.5,2.0,1,memory,0.7393390054446405,381,0.24715370125239666,0.4893499888536367,-0.0975886388789495,0.5869386277325862,0.004975124378109453
30,0.1,2.0,0,mutation_frequency,0.7492081111980796,381,0.03416586235372321,-0.034727979076489834,-0.09488362456846393,0.060155645491974094,0.07462686567164178
30,0.1,2.0,0,division_gate:mCherry-low,0.7492081111980796,381,0.16102165707984983,0.1680171730695702,-0.06927200458237262,0.23728917765194282,0.004975124378109453
30,0.1,2.0,0,zone_gate:DZ,0.7492081111980796,87,0.1586453753391337,0.08456290950790801,-0.10808179551017837,0.1926447050180864,0.004975124378109453
30,0.1,2.0,0,rbd_bait:RBD+,0.7492081111980796,294,0.009635065315362179,-0.02338692172596346,-0.10286875486104272,0.07948183313507926,0.024875621890547265
30,0.1,2.0,0,dark zone / cycling,0.7492081111980796,381,0.7162285229198242,0.7221738516217324,-0.10258939555958115,0.8247632471813136,0.004975124378109453
30,0.1,2.0,0,light zone,0.7492081111980796,381,0.3575359755872577,0.3608110863425894,-0.08710784364832173,0.44791892999091115,0.004975124378109453
30,0.1,2.0,0,LZ minus DZ,0.7492081111980796,381,0.6951921532740915,0.7125346305963005,-0.10186685854180762,0.8144014891381082,0.004975124378109453
30,0.1,2.0,0,germinal centre,0.7492081111980796,381,0.2060469667831316,0.2626063105149862,-0.07073073944674642,0.3333370499617326,0.004975124378109453
30,0.1,2.0,0,plasma cell,0.7492081111980796,381,0.1577723787626748,0.3489235862049197,-0.0875133657026207,0.4364369519075404,0.004975124378109453
30,0.1,2.0,0,memory,0.7492081111980796,381,0.2753787649749476,0.48207978463236467,-0.09660779149081174,0.5786875761231765,0.004975124378109453
30,0.1,2.0,1,mutation_frequency,0.7510934627640425,381,0.03351570769111578,0.029782348324486896,-0.09906357527624249,0.12884592360072938,0.004975124378109453
30,0.1,2.0,1,division_gate:mCherry-low,0.7510934627640425,381,0.16195899918265333,0.1621068566360072,-0.07458514838821331,0.23669200502422053,0.004975124378109453
30,0.1,2.0,1,zone_gate:DZ,0.7510934627640425,87,0.1658814196821604,0.0568846853598628,-0.1104593919878546,0.1673440773477174,0.009950248756218905
30,0.1,2.0,1,rbd_bait:RBD+,0.7510934627640425,294,0.00988697592919674,-0.02810908314659266,-0.09815186641358141,0.07004278326698875,0.024875621890547265
30,0.1,2.0,1,dark zone / cycling,0.7510934627640425,381,0.7252205560249619,0.7252119053718988,-0.09769325867100416,0.822905164042903,0.004975124378109453
30,0.1,2.0,1,light zone,0.7510934627640425,381,0.35099862295072093,0.37188457965606636,-0.08422903449194337,0.4561136141480097,0.004975124378109453
30,0.1,2.0,1,LZ minus DZ,0.7510934627640425,381,0.7010753777160779,0.7048661743598854,-0.09900835341418636,0.8038745277740718,0.004975124378109453
30,0.1,2.0,1,germinal centre,0.7510934627640425,381,0.18928015318520053,0.249933133071086,-0.07260633719541433,0.3225394702665003,0.004975124378109453
30,0.1,2.0,1,plasma cell,0.7510934627640425,381,0.1594088030287102,0.36504809457677245,-0.08673456010483377,0.4517826546816062,0.004975124378109453
30,0.1,2.0,1,memory,0.7510934627640425,381,0.26984556776657687,0.4750079004276542,-0.10234155182537245,0.5773494522530266,0.004975124378109453
30,0.5,2.0,0,mutation_frequency,0.7575019628550557,381,0.03975185814721349,0.025465626139484776,-0.09751984161071561,0.12298546775020039,0.004975124378109453
30,0.5,2.0,0,division_gate:mCherry-low,0.7575019628550557,381,0.15774194869833447,0.1594526768702904,-0.07580638011537401,0.2352590569856644,0.004975124378109453
30,0.5,2.0,0,zone_gate:DZ,0.7575019628550557,87,0.14713621358755624,0.059209529145849094,-0.10606805301949468,0.16527758216534377,0.009950248756218905
30,0.5,2.0,0,rbd_bait:RBD+,0.7575019628550557,294,0.00958108519206824,-0.037848292823956076,-0.09384627781234613,0.05599798498839005,0.06965174129353234
30,0.5,2.0,0,dark zone / cycling,0.7575019628550557,381,0.719264904244675,0.7189473755591909,-0.10581991457222578,0.8247672901314167,0.004975124378109453
30,0.5,2.0,0,light zone,0.7575019628550557,381,0.3714726054102735,0.3664927966225934,-0.08804189518624998,0.45453469180884337,0.004975124378109453
30,0.5,2.0,0,LZ minus DZ,0.7575019628550557,381,0.7010107351199187,0.7044364822579108,-0.098820930281284,0.8032574125391948,0.004975124378109453
30,0.5,2.0,0,germinal centre,0.7575019628550557,381,0.20657626009474228,0.2613720874343505,-0.0746837556624586,0.3360558430968091,0.004975124378109453
30,0.5,2.0,0,plasma cell,0.7575019628550557,381,0.1580982845871458,0.32515031431647434,-0.08388141700679012,0.4090317313232645,0.004975124378109453
30,0.5,2.0,0,memory,0.7575019628550557,381,0.25450627635290657,0.45473565646415237,-0.09648725299911069,0.551222909463263,0.004975124378109453
30,0.5,2.0,1,mutation_frequency,0.7602713976615715,381,0.035886574135704064,0.03310233850217181,-0.0982855108636957,0.1313878493658675,0.004975124378109453
30,0.5,2.0,1,division_gate:mCherry-low,0.7602713976615715,381,0.15973550664725578,0.15517880252154925,-0.07455194620689044,0.22973074872843968,0.004975124378109453
30,0.5,2.0,1,zone_gate:DZ,0.7602713976615715,87,0.15276404464749682,0.04976037160334634,-0.11585456787412188,0.16561493947746822,0.004975124378109453
30,0.5,2.0,1,rbd_bait:RBD+,0.7602713976615715,294,0.009860234330863471,-0.029185139166124863,-0.09525877231688565,0.06607363315076079,0.04477611940298507
30,0.5,2.0,1,dark zone / cycling,0.7602713976615715,381,0.7231528634845256,0.721553344803892,-0.09927140667626892,0.8208247514801609,0.004975124378109453
30,0.5,2.0,1,light zone,0.7602713976615715,381,0.3684262032425264,0.3499118405878776,-0.08212229446329239,0.43203413505117,0.004975124378109453
30,0.5,2.0,1,LZ minus DZ,0.7602713976615715,381,0.7054431638820964,0.7027135786691677,-0.0978843327917241,0.8005979114608919,0.004975124378109453
30,0.5,2.0,1,germinal centre,0.7602713976615715,381,0.1962064077834309,0.27094603642579107,-0.07126868255046918,0.34221471897626027,0.004975124378109453
30,0.5,2.0,1,plasma cell,0.7602713976615715,381,0.16021513700065493,0.3401197723702861,-0.08645406070655355,0.42657383307683966,0.004975124378109453
30,0.5,2.0,1,memory,0.7602713976615715,381,0.2556478461457635,0.46612100922321154,-0.09914908120187305,0.5652700904250846,0.004975124378109453
15,0.1,1.0,2,mutation_frequency,0.7432589925410734,381,0.03128866042491463,0.0017969931535172234,-0.10192336026586225,0.10372035341937948,0.009950248756218905
15,0.1,1.0,2,division_gate:mCherry-low,0.7432589925410734,381,0.1607988293455409,0.1677984848515135,-0.07559030087693185,0.24338878572844536,0.004975124378109453
15,0.1,1.0,2,zone_gate:DZ,0.7432589925410734,87,0.13897152257526135,0.10977662143558675,-0.11567446991896833,0.2254510913545551,0.004975124378109453
15,0.1,1.0,2,rbd_bait:RBD+,0.7432589925410734,294,0.010084770687615707,-0.08739044401887974,-0.10231748134142357,0.014927037322543829,0.2935323383084577
15,0.1,1.0,2,dark zone / cycling,0.7432589925410734,381,0.7210208249915264,0.7177462390077154,-0.10329492839063892,0.8210411673983543,0.004975124378109453
15,0.1,1.0,2,light zone,0.7432589925410734,381,0.3659055973733123,0.38144668293352113,-0.07253973426841903,0.45398641720194016,0.004975124378109453
15,0.1,1.0,2,LZ minus DZ,0.7432589925410734,381,0.7041555837303197,0.7139439333117492,-0.09406839547213361,0.8080123287838828,0.004975124378109453
15,0.1,1.0,2,germinal centre,0.7432589925410734,381,0.2001205733771162,0.2898195343066563,-0.05736716999236986,0.34718670429902615,0.004975124378109453
15,0.1,1.0,2,plasma cell,0.7432589925410734,381,0.17881250901653656,0.38100268120474656,-0.0846146994037067,0.46561738060845326,0.004975124378109453
15,0.1,1.0,2,memory,0.7432589925410734,381,0.2608121365893479,0.4787991185225067,-0.09712633118893967,0.5759254497114463,0.004975124378109453
