clone,group,donor,file,mutations,window_length,depth,ancestral,germline,n_descendant_genotypes
M1|C00001,mCherry-high,M1,M1_C00001,7,351,7.0,False,False,0
M1|C00001,mCherry-low,M1,M1_C00001,8,351,8.0,False,False,0
M1|C00001,mCherry-high,M1,M1_C00001,7,351,7.0,False,False,0
M1|C00001,mCherry-low,M1,M1_C00001,8,351,8.0,True,False,1
M1|C00001,mCherry-low,M1,M1_C00001,9,351,9.0,False,False,0
M1|C00002,mCherry-low,M1,M1_C00002,7,351,7.0,False,False,0
M1|C00002,mCherry-high,M1,M1_C00002,6,351,6.0,False,False,0
M1|C00002,mCherry-high,M1,M1_C00002,5,351,5.0,False,False,0
M1|C00002,mCherry-high,M1,M1_C00002,6,351,6.0,False,False,0
M1|C00003,mCherry-low,M1,M1_C00003,9,351,9.0,False,False,0
M1|C00003,mCherry-low,M1,M1_C00003,8,351,8.0,False,False,0
M1|C00003,mCherry-low,M1,M1_C00003,6,351,6.0,True,False,3
M1|C00003,mCherry-low,M1,M1_C00003,7,351,7.0,False,False,0
M1|C00003,mCherry-low,M1,M1_C00003,5,351,6.0,False,False,0
M1|C00003,mCherry-low,M1,M1_C00003,10,351,10.0,False,False,0
M1|C00003,mCherry-low,M1,M1_C00003,8,351,8.0,False,False,0
M1|C00003,mCherry-low,M1,M1_C00003,7,351,7.0,False,False,0
M1|C00003,mCherry-low,M1,M1_C00003,4,351,4.0,False,False,0
M1|C00003,mCherry-low,M1,M1_C00003,4,351,4.0,False,False,0
M1|C00003,mCherry-low,M1,M1_C00003,5,351,5.0,False,False,0
M1|C00003,mCherry-high,M1,M1_C00003,4,351,4.0,False,False,0
M1|C00003,mCherry-low,M1,M1_C00003,5,351,5.0,True,False,1
M1|C00003,mCherry-high,M1,M1_C00003,6,351,7.0,False,False,0
M1|C00003,mCherry-low,M1,M1_C00003,91,351,91.0,False,False,0
M1|C00003,mCherry-low,M1,M1_C00003,7,351,7.0,False,False,0
M1|C00003,mCherry-low,M1,M1_C00003,5,351,5.0,False,False,0
M1|C00003,mCherry-low,M1,M1_C00003,12,351,12.0,False,False,0
M1|C00003,mCherry-low,M1,M1_C00003,6,351,6.0,False,False,0
M1|C00003,mCherry-low,M1,M1_C00003,7,351,7.0,False,False,0
M1|C00003,mCherry-low,M1,M1_C00003,11,351,11.0,False,False,0
M1|C00004,mCherry-high,M1,M1_C00004,2,351,2.0,False,False,0
M1|C00004,mCherry-high,M1,M1_C00004,5,351,5.0,False,False,0
M1|C00004,mCherry-high,M1,M1_C00004,3,351,3.0,False,False,0
M1|C00004,mCherry-high,M1,M1_C00004,6,351,6.0,False,False,0
M1|C00004,mCherry-low,M1,M1_C00004,5,351,5.0,False,False,0
M1|C00004,mCherry-high,M1,M1_C00004,6,351,6.0,True,False,10
M1|C00004,mCherry-low,M1,M1_C00004,9,351,9.0,False,False,0
M1|C00004,mCherry-high,M1,M1_C00004,9,351,9.0,False,False,0
M1|C00004,mCherry-high,M1,M1_C00004,8,351,8.0,False,False,0
M1|C00004,mCherry-high,M1,M1_C00004,7,351,7.0,False,False,0
M1|C00004,mCherry-low,M1,M1_C00004,7,351,7.0,False,False,0
M1|C00004,mCherry-low,M1,M1_C00004,7,351,7.0,True,False,6
M1|C00004,mCherry-high,M1,M1_C00004,9,351,9.0,False,False,0
M1|C00004,mCherry-high,M1,M1_C00004,11,351,11.0,False,False,0
M1|C00004,mCherry-high,M1,M1_C00004,9,351,9.0,False,False,0
M1|C00004,mCherry-high,M1,M1_C00004,10,351,10.0,False,False,0
M1|C00004,mCherry-high,M1,M1_C00004,8,351,8.0,True,False,1
M1|C00004,mCherry-low,M1,M1_C00004,14,351,14.0,False,False,0
M1|C00005,mCherry-low,M1,M1_C00005,6,351,6.0,False,False,0
M1|C00005,mCherry-high,M1,M1_C00005,9,351,9.0,False,False,0
M1|C00005,mCherry-high,M1,M1_C00005,5,351,5.0,False,False,0
M1|C00005,mCherry-low,M1,M1_C00005,5,351,7.0,False,False,0
M1|C00005,mCherry-low,M1,M1_C00005,5,351,7.0,False,False,0
M1|C00005,mCherry-low,M1,M1_C00005,8,351,10.0,False,False,0
M1|C00006,mCherry-high,M1,M1_C00006,8,356,8.0,False,False,0
M1|C00006,mCherry-low,M1,M1_C00006,7,356,7.0,False,False,0
M1|C00006,mCherry-high,M1,M1_C00006,6,356,6.0,False,False,0
M1|C00006,mCherry-high,M1,M1_C00006,9,356,9.0,False,False,0
M1|C00006,mCherry-high,M1,M1_C00006,5,356,5.0,True,False,2
M1|C00006,mCherry-high,M1,M1_C00006,8,356,8.0,False,False,0
M1|C00006,mCherry-high,M1,M1_C00006,7,356,7.0,False,False,0
M1|C00006,mCherry-high,M1,M1_C00006,10,356,10.0,False,False,0
M1|C00006,mCherry-high,M1,M1_C00006,7,356,9.0,False,False,0
M1|C00006,mCherry-high,M1,M1_C00006,10,356,12.0,False,False,0
M1|C00006,mCherry-high,M1,M1_C00006,6,356,8.0,False,False,0
M1|C00006,mCherry-low,M1,M1_C00006,4,356,7.0,False,False,0
M1|C00006,mCherry-high,M1,M1_C00006,7,356,10.0,False,False,0
M1|C00007,mCherry-high,M1,M1_C00007,1,351,1.0,True,False,12
M1|C00007,mCherry-low,M1,M1_C00007,3,351,3.0,True,False,11
M1|C00007,mCherry-low,M1,M1_C00007,8,351,8.0,False,False,0
M1|C00007,mCherry-low,M1,M1_C00007,5,351,5.0,False,False,0
M1|C00007,mCherry-low,M1,M1_C00007,6,351,6.0,False,False,0
M1|C00007,mCherry-low,M1,M1_C00007,5,351,5.0,False,False,0
M1|C00007,mCherry-low,M1,M1_C00007,5,351,5.0,False,False,0
M1|C00007,mCherry-low,M1,M1_C00007,4,351,4.0,False,False,0
M1|C00007,mCherry-high,M1,M1_C00007,6,351,6.0,False,False,0
M1|C00007,mCherry-low,M1,M1_C00007,4,351,4.0,False,False,0
M1|C00007,mCherry-low,M1,M1_C00007,6,351,6.0,False,False,0
M1|C00007,mCherry-high,M1,M1_C00007,8,351,8.0,False,False,0
M1|C00008,mCherry-high,M1,M1_C00008,0,351,0.0,False,True,8
M1|C00008,mCherry-high,M1,M1_C00008,0,351,0.0,False,True,8
M1|C00008,mCherry-low,M1,M1_C00008,0,351,0.0,False,True,8
M1|C00008,mCherry-low,M1,M1_C00008,0,351,0.0,False,True,8
M1|C00008,mCherry-low,M1,M1_C00008,4,351,4.0,False,False,0
M1|C00008,mCherry-high,M1,M1_C00008,2,351,2.0,False,False,0
M1|C00008,mCherry-low,M1,M1_C00008,1,351,1.0,True,False,2
M1|C00008,mCherry-low,M1,M1_C00008,2,351,2.0,False,False,0
M1|C00008,mCherry-low,M1,M1_C00008,2,351,2.0,False,False,0
M1|C00008,mCherry-low,M1,M1_C00008,7,351,7.0,False,False,0
M1|C00008,mCherry-low,M1,M1_C00008,2,351,2.0,False,False,0
M1|C00009,mCherry-high,M1,M1_C00009,3,351,3.0,False,False,0
M1|C00009,mCherry-high,M1,M1_C00009,10,351,10.0,False,False,0
M1|C00009,mCherry-high,M1,M1_C00009,7,351,7.0,False,False,0
M1|C00009,mCherry-high,M1,M1_C00009,4,351,4.0,True,False,6
M1|C00009,mCherry-low,M1,M1_C00009,5,351,5.0,False,False,0
M1|C00009,mCherry-high,M1,M1_C00009,5,351,5.0,False,False,0
M1|C00009,mCherry-high,M1,M1_C00009,7,351,7.0,False,False,0
M1|C00009,mCherry-low,M1,M1_C00009,4,351,5.0,False,False,0
M1|C00009,mCherry-high,M1,M1_C00009,7,351,7.0,False,False,0
M1|C00009,mCherry-high,M1,M1_C00009,8,351,8.0,False,False,0
M1|C00010,mCherry-low,M1,M1_C00010,8,351,8.0,False,False,0
M1|C00010,mCherry-high,M1,M1_C00010,5,351,5.0,False,False,0
M1|C00010,mCherry-low,M1,M1_C00010,7,351,8.0,False,False,0
M1|C00010,mCherry-low,M1,M1_C00010,4,351,4.0,False,False,0
M1|C00010,mCherry-high,M1,M1_C00010,8,351,8.0,False,False,0
M1|C00010,mCherry-low,M1,M1_C00010,9,351,9.0,False,False,0
M1|C00010,mCherry-low,M1,M1_C00010,5,351,5.0,True,False,1
M1|C00010,mCherry-low,M1,M1_C00010,6,351,6.0,False,False,0
M1|C00011,mCherry-low,M1,M1_C00011,2,351,2.0,True,False,2
M1|C00011,mCherry-low,M1,M1_C00011,3,351,3.0,False,False,0
M1|C00011,mCherry-high,M1,M1_C00011,3,351,5.0,False,False,0
M1|C00012,mCherry-high,M1,M1_C00012,3,351,3.0,False,False,0
M1|C00012,mCherry-low,M1,M1_C00012,7,351,7.0,False,False,0
M1|C00012,mCherry-high,M1,M1_C00012,2,351,2.0,False,False,0
M1|C00012,mCherry-low,M1,M1_C00012,7,351,7.0,False,False,0
M1|C00012,mCherry-low,M1,M1_C00012,3,351,3.0,False,False,0
M1|C00012,mCherry-high,M1,M1_C00012,5,351,5.0,False,False,0
M1|C00012,mCherry-high,M1,M1_C00012,4,351,4.0,False,False,0
M1|C00012,mCherry-high,M1,M1_C00012,4,351,4.0,False,False,0
M1|C00014,mCherry-low,M1,M1_C00014,6,358,6.0,False,False,0
M1|C00014,mCherry-low,M1,M1_C00014,7,358,7.0,False,False,0
M1|C00014,mCherry-low,M1,M1_C00014,5,358,5.0,False,False,0
M1|C00014,mCherry-high,M1,M1_C00014,5,358,5.0,False,False,0
M1|C00014,mCherry-high,M1,M1_C00014,6,358,6.0,False,False,0
M1|C00014,mCherry-low,M1,M1_C00014,8,358,8.0,True,False,2
M1|C00014,mCherry-low,M1,M1_C00014,9,358,9.0,False,False,0
M1|C00014,mCherry-low,M1,M1_C00014,10,358,10.0,False,False,0
M1|C00015,mCherry-low,M1,M1_C00015,4,353,4.0,False,False,0
M1|C00015,mCherry-low,M1,M1_C00015,5,353,5.0,False,False,0
M1|C00015,mCherry-low,M1,M1_C00015,1,353,1.0,False,False,0
M1|C00015,mCherry-low,M1,M1_C00015,1,353,1.0,False,False,0
M1|C00015,mCherry-low,M1,M1_C00015,2,353,2.0,False,False,0
M1|C00015,mCherry-low,M1,M1_C00015,3,353,3.0,False,False,0
M1|C00015,mCherry-low,M1,M1_C00015,4,353,4.0,False,False,0
M1|C00016,mCherry-low,M1,M1_C00016,6,351,6.0,False,False,0
M1|C00016,mCherry-low,M1,M1_C00016,5,351,5.0,False,False,0
M1|C00016,mCherry-high,M1,M1_C00016,8,351,8.0,False,False,0
M1|C00016,mCherry-low,M1,M1_C00016,4,351,4.0,False,False,0
M1|C00016,mCherry-low,M1,M1_C00016,7,351,7.0,False,False,0
M1|C00016,mCherry-high,M1,M1_C00016,5,351,7.0,False,False,0
M1|C00016,mCherry-low,M1,M1_C00016,6,351,6.0,False,False,0
M1|C00017,mCherry-high,M1,M1_C00017,2,359,2.0,True,False,4
M1|C00017,mCherry-low,M1,M1_C00017,2,359,2.0,True,False,4
M1|C00017,mCherry-low,M1,M1_C00017,4,359,4.0,False,False,0
M1|C00017,mCherry-low,M1,M1_C00017,7,359,7.0,False,False,0
M1|C00017,mCherry-low,M1,M1_C00017,3,359,3.0,True,False,1
M1|C00017,mCherry-low,M1,M1_C00017,4,359,4.0,False,False,0
M1|C00018,mCherry-low,M1,M1_C00018,6,351,6.0,True,False,4
M1|C00018,mCherry-low,M1,M1_C00018,6,351,6.0,True,False,4
M1|C00018,mCherry-low,M1,M1_C00018,7,351,8.0,False,False,0
M1|C00018,mCherry-low,M1,M1_C00018,10,351,10.0,False,False,0
M1|C00018,mCherry-low,M1,M1_C00018,9,351,9.0,False,False,0
M1|C00019,mCherry-low,M1,M1_C00019,5,353,5.0,False,False,0
M1|C00019,mCherry-low,M1,M1_C00019,5,353,5.0,False,False,0
M1|C00019,mCherry-low,M1,M1_C00019,1,353,1.0,True,False,2
M1|C00019,mCherry-low,M1,M1_C00019,2,353,2.0,False,False,0
M1|C00019,mCherry-high,M1,M1_C00019,5,353,5.0,False,False,0
M1|C00021,mCherry-high,M1,M1_C00021,1,353,1.0,True,False,3
M1|C00021,mCherry-low,M1,M1_C00021,1,353,1.0,True,False,3
M1|C00021,mCherry-low,M1,M1_C00021,2,353,2.0,False,False,0
M1|C00021,mCherry-low,M1,M1_C00021,2,353,2.0,False,False,0
M1|C00021,mCherry-high,M1,M1_C00021,3,353,3.0,False,False,0
M1|C00022,mCherry-high,M1,M1_C00022,0,351,0.0,False,True,3
M1|C00022,mCherry-low,M1,M1_C00022,4,351,4.0,False,False,0
M1|C00022,mCherry-low,M1,M1_C00022,2,351,2.0,False,False,0
M1|C00022,mCherry-low,M1,M1_C00022,3,351,3.0,False,False,0
M1|C00022,mCherry-low,M1,M1_C00022,3,351,3.0,False,False,0
M1|C00023,mCherry-low,M1,M1_C00023,1,351,1.0,False,False,0
M1|C00023,mCherry-low,M1,M1_C00023,2,351,2.0,False,False,0
M1|C00023,mCherry-low,M1,M1_C00023,5,351,5.0,False,False,0
M1|C00023,mCherry-low,M1,M1_C00023,3,351,3.0,False,False,0
M1|C00025,mCherry-high,M1,M1_C00025,8,351,9.0,False,False,0
M1|C00025,mCherry-high,M1,M1_C00025,8,351,8.0,False,False,0
M1|C00025,mCherry-low,M1,M1_C00025,10,351,10.0,False,False,0
M1|C00025,mCherry-low,M1,M1_C00025,4,351,6.0,False,False,0
M1|C00026,mCherry-high,M1,M1_C00026,8,351,8.0,False,False,0
M1|C00026,mCherry-low,M1,M1_C00026,7,351,7.0,False,False,0
M1|C00026,mCherry-low,M1,M1_C00026,9,351,9.0,False,False,0
M1|C00027,mCherry-low,M1,M1_C00027,6,351,6.0,False,False,0
M1|C00027,mCherry-low,M1,M1_C00027,4,351,4.0,True,False,2
M1|C00027,mCherry-low,M1,M1_C00027,6,351,6.0,False,False,0
M1|C00027,mCherry-low,M1,M1_C00027,11,351,11.0,False,False,0
M1|C00028,mCherry-low,M1,M1_C00028,5,351,5.0,False,False,0
M1|C00028,mCherry-low,M1,M1_C00028,7,351,7.0,False,False,0
M1|C00028,mCherry-low,M1,M1_C00028,7,351,7.0,False,False,0
M1|C00029,mCherry-low,M1,M1_C00029,1,351,1.0,False,False,0
M1|C00029,mCherry-low,M1,M1_C00029,4,351,4.0,False,False,0
M1|C00029,mCherry-low,M1,M1_C00029,6,351,6.0,False,False,0
M1|C00030,mCherry-high,M1,M1_C00030,5,351,5.0,False,False,0
M1|C00030,mCherry-high,M1,M1_C00030,5,351,5.0,False,False,0
M1|C00030,mCherry-low,M1,M1_C00030,5,351,5.0,False,False,0
M1|C00031,mCherry-low,M1,M1_C00031,5,351,5.0,False,False,0
M1|C00031,mCherry-low,M1,M1_C00031,7,351,7.0,False,False,0
M1|C00031,mCherry-low,M1,M1_C00031,6,351,6.0,False,False,0
M1|C00032,mCherry-low,M1,M1_C00032,6,351,6.0,False,False,0
M1|C00032,mCherry-low,M1,M1_C00032,3,351,3.0,False,False,0
M1|C00032,mCherry-low,M1,M1_C00032,5,351,5.0,False,False,0
M1|C00033,mCherry-high,M1,M1_C00033,4,351,4.0,False,False,0
M1|C00033,mCherry-low,M1,M1_C00033,1,351,1.0,False,False,0
M1|C00033,mCherry-high,M1,M1_C00033,2,351,2.0,False,False,0
M1|C00034,mCherry-high,M1,M1_C00034,7,361,7.0,False,False,0
M1|C00034,mCherry-high,M1,M1_C00034,6,361,6.0,False,False,0
M1|C00034,mCherry-high,M1,M1_C00034,8,361,8.0,False,False,0
M1|C00035,mCherry-low,M1,M1_C00035,1,351,1.0,True,False,2
M1|C00035,mCherry-low,M1,M1_C00035,2,351,2.0,False,False,0
M1|C00035,mCherry-low,M1,M1_C00035,2,351,2.0,False,False,0
M1|C00036,mCherry-low,M1,M1_C00036,9,351,9.0,False,False,0
M1|C00036,mCherry-high,M1,M1_C00036,10,351,10.0,False,False,0
M1|C00036,mCherry-low,M1,M1_C00036,6,351,6.0,False,False,0
M1|C00037,mCherry-low,M1,M1_C00037,3,351,3.0,False,False,0
M1|C00037,mCherry-low,M1,M1_C00037,9,351,9.0,False,False,0
M1|C00037,mCherry-low,M1,M1_C00037,9,351,9.0,False,False,0
M1|C00038,mCherry-low,M1,M1_C00038,9,341,9.0,False,False,0
M1|C00038,mCherry-high,M1,M1_C00038,99,341,101.0,False,False,0
M1|C00038,mCherry-low,M1,M1_C00038,8,341,10.0,False,False,0
M1|C00039,mCherry-low,M1,M1_C00039,0,350,0.0,False,True,2
M1|C00039,mCherry-high,M1,M1_C00039,1,350,1.0,False,False,0
M1|C00039,mCherry-low,M1,M1_C00039,1,350,1.0,False,False,0
M2|C00001,mCherry-low,M2,M2_C00001,3,351,3.0,True,False,1
M2|C00001,mCherry-high,M2,M2_C00001,2,351,2.0,True,False,2
M2|C00001,mCherry-low,M2,M2_C00001,7,351,7.0,True,False,1
M2|C00001,mCherry-low,M2,M2_C00001,7,351,7.0,True,False,1
M2|C00001,mCherry-low,M2,M2_C00001,2,351,2.0,True,False,13
M2|C00001,mCherry-low,M2,M2_C00001,4,351,4.0,False,False,0
M2|C00001,mCherry-high,M2,M2_C00001,6,351,6.0,False,False,0
M2|C00001,mCherry-high,M2,M2_C00001,12,351,12.0,False,False,0
M2|C00001,mCherry-low,M2,M2_C00001,10,351,10.0,False,False,0
M2|C00001,mCherry-low,M2,M2_C00001,9,351,9.0,False,False,0
M2|C00001,mCherry-low,M2,M2_C00001,5,351,5.0,False,False,0
M2|C00001,mCherry-low,M2,M2_C00001,4,351,4.0,False,False,0
M2|C00001,mCherry-low,M2,M2_C00001,3,351,3.0,False,False,0
M2|C00001,mCherry-low,M2,M2_C00001,3,351,3.0,True,False,1
M2|C00001,mCherry-low,M2,M2_C00001,6,351,6.0,True,False,6
M2|C00001,mCherry-low,M2,M2_C00001,7,351,7.0,False,False,0
M2|C00001,mCherry-low,M2,M2_C00001,7,351,7.0,False,False,0
M2|C00001,mCherry-low,M2,M2_C00001,7,351,8.0,False,False,0
M2|C00001,mCherry-low,M2,M2_C00001,8,351,8.0,False,False,0
M2|C00001,mCherry-low,M2,M2_C00001,7,351,7.0,True,False,2
M2|C00001,mCherry-low,M2,M2_C00001,8,351,8.0,False,False,0
M2|C00001,mCherry-low,M2,M2_C00001,7,351,8.0,False,False,0
M2|C00002,mCherry-high,M2,M2_C00002,3,351,3.0,False,False,0
M2|C00002,mCherry-low,M2,M2_C00002,1,351,1.0,True,False,43
M2|C00002,mCherry-low,M2,M2_C00002,4,351,4.0,False,False,0
M2|C00002,mCherry-high,M2,M2_C00002,6,351,6.0,False,False,0
M2|C00002,mCherry-high,M2,M2_C00002,4,351,4.0,False,False,0
M2|C00002,mCherry-low,M2,M2_C00002,7,351,7.0,False,False,0
M2|C00002,mCherry-low,M2,M2_C00002,5,351,5.0,False,False,0
M2|C00002,mCherry-low,M2,M2_C00002,3,351,3.0,True,False,1
M2|C00002,mCherry-high,M2,M2_C00002,6,351,6.0,False,False,0
M2|C00002,mCherry-high,M2,M2_C00002,2,351,4.0,False,False,0
M2|C00002,mCherry-high,M2,M2_C00002,3,351,3.0,True,False,1
M2|C00002,mCherry-low,M2,M2_C00002,5,351,5.0,True,False,1
M2|C00002,mCherry-low,M2,M2_C00002,5,351,5.0,True,False,1
M2|C00002,mCherry-low,M2,M2_C00002,5,351,5.0,False,False,0
M2|C00002,mCherry-high,M2,M2_C00002,6,351,6.0,False,False,0
M2|C00002,mCherry-low,M2,M2_C00002,5,351,5.0,True,False,19
M2|C00002,mCherry-low,M2,M2_C00002,5,351,5.0,True,False,19
M2|C00002,mCherry-low,M2,M2_C00002,5,351,5.0,True,False,19
M2|C00002,mCherry-low,M2,M2_C00002,6,351,6.0,False,False,0
M2|C00002,mCherry-high,M2,M2_C00002,5,351,5.0,False,False,0
M2|C00002,mCherry-low,M2,M2_C00002,7,351,7.0,False,False,0
M2|C00002,mCherry-low,M2,M2_C00002,7,351,7.0,False,False,0
M2|C00002,mCherry-high,M2,M2_C00002,4,351,4.0,False,False,0
M2|C00002,mCherry-low,M2,M2_C00002,8,351,8.0,False,False,0
M2|C00002,mCherry-low,M2,M2_C00002,9,351,9.0,False,False,0
M2|C00002,mCherry-low,M2,M2_C00002,8,351,8.0,False,False,0
M2|C00002,mCherry-high,M2,M2_C00002,7,351,7.0,False,False,0
M2|C00002,mCherry-low,M2,M2_C00002,7,351,7.0,False,False,0
M2|C00002,mCherry-low,M2,M2_C00002,6,351,6.0,False,False,0
M2|C00002,mCherry-low,M2,M2_C00002,11,351,12.0,False,False,0
M2|C00002,mCherry-low,M2,M2_C00002,8,351,8.0,False,False,0
M2|C00002,mCherry-low,M2,M2_C00002,7,351,7.0,False,False,0
M2|C00002,mCherry-low,M2,M2_C00002,6,351,6.0,False,False,0
M2|C00002,mCherry-low,M2,M2_C00002,6,351,6.0,False,False,0
M2|C00002,mCherry-low,M2,M2_C00002,9,351,9.0,False,False,0
M2|C00002,mCherry-high,M2,M2_C00002,5,351,7.0,False,False,0
M2|C00002,mCherry-low,M2,M2_C00002,10,351,12.0,False,False,0
M2|C00002,mCherry-low,M2,M2_C00002,8,351,8.0,False,False,0
M2|C00002,mCherry-low,M2,M2_C00002,8,351,8.0,False,False,0
M2|C00002,mCherry-low,M2,M2_C00002,10,351,11.0,False,False,0
M2|C00003,mCherry-high,M2,M2_C00003,0,351,0.0,False,True,21
M2|C00003,mCherry-low,M2,M2_C00003,0,351,0.0,False,True,21
M2|C00003,mCherry-low,M2,M2_C00003,0,351,0.0,False,True,21
M2|C00003,mCherry-low,M2,M2_C00003,4,351,4.0,False,False,0
M2|C00003,mCherry-low,M2,M2_C00003,7,351,7.0,False,False,0
M2|C00003,mCherry-low,M2,M2_C00003,3,351,3.0,False,False,0
M2|C00003,mCherry-high,M2,M2_C00003,2,351,2.0,True,False,3
M2|C00003,mCherry-high,M2,M2_C00003,6,351,6.0,False,False,0
M2|C00003,mCherry-high,M2,M2_C00003,5,351,5.0,False,False,0
M2|C00003,mCherry-high,M2,M2_C00003,5,351,5.0,False,False,0
M2|C00003,mCherry-high,M2,M2_C00003,5,351,5.0,False,False,0
M2|C00003,mCherry-low,M2,M2_C00003,3,351,3.0,False,False,0
M2|C00003,mCherry-low,M2,M2_C00003,5,351,5.0,False,False,0
M2|C00003,mCherry-low,M2,M2_C00003,3,351,3.0,False,False,0
M2|C00003,mCherry-low,M2,M2_C00003,3,351,3.0,False,False,0
M2|C00003,mCherry-low,M2,M2_C00003,4,351,4.0,False,False,0
M2|C00003,mCherry-low,M2,M2_C00003,4,351,4.0,False,False,0
M2|C00003,mCherry-low,M2,M2_C00003,5,351,5.0,False,False,0
M2|C00003,mCherry-low,M2,M2_C00003,6,351,6.0,False,False,0
M2|C00003,mCherry-low,M2,M2_C00003,5,351,5.0,False,False,0
M2|C00004,mCherry-high,M2,M2_C00004,1,351,1.0,True,False,10
M2|C00004,mCherry-low,M2,M2_C00004,4,351,4.0,False,False,0
M2|C00004,mCherry-low,M2,M2_C00004,3,351,3.0,False,False,0
M2|C00004,mCherry-low,M2,M2_C00004,2,351,2.0,False,False,0
M2|C00004,mCherry-low,M2,M2_C00004,4,351,4.0,False,False,0
M2|C00004,mCherry-high,M2,M2_C00004,5,351,5.0,False,False,0
M2|C00004,mCherry-high,M2,M2_C00004,2,351,2.0,False,False,0
M2|C00004,mCherry-low,M2,M2_C00004,3,351,3.0,False,False,0
M2|C00004,mCherry-high,M2,M2_C00004,2,351,2.0,True,False,2
M2|C00004,mCherry-high,M2,M2_C00004,4,351,4.0,False,False,0
M2|C00004,mCherry-low,M2,M2_C00004,6,351,6.0,False,False,0
M2|C00004,mCherry-low,M2,M2_C00004,6,351,6.0,False,False,0
M2|C00004,mCherry-high,M2,M2_C00004,4,351,4.0,False,False,0
M2|C00004,mCherry-high,M2,M2_C00004,6,351,7.0,False,False,0
M2|C00004,mCherry-high,M2,M2_C00004,9,351,11.0,False,False,0
M2|C00004,mCherry-high,M2,M2_C00004,6,351,7.0,False,False,0
M2|C00005,mCherry-low,M2,M2_C00005,2,356,2.0,False,False,0
M2|C00005,mCherry-high,M2,M2_C00005,3,356,3.0,False,False,0
M2|C00005,mCherry-high,M2,M2_C00005,6,356,6.0,False,False,0
M2|C00005,mCherry-low,M2,M2_C00005,6,356,8.0,False,False,0
M2|C00005,mCherry-low,M2,M2_C00005,6,356,8.0,False,False,0
M2|C00005,mCherry-high,M2,M2_C00005,4,356,6.0,False,False,0
M2|C00005,mCherry-high,M2,M2_C00005,2,356,4.0,True,False,3
M2|C00005,mCherry-high,M2,M2_C00005,4,356,6.0,False,False,0
M2|C00005,mCherry-high,M2,M2_C00005,4,356,6.0,False,False,0
M2|C00005,mCherry-high,M2,M2_C00005,8,356,10.0,False,False,0
M2|C00005,mCherry-high,M2,M2_C00005,6,356,8.0,False,False,0
M2|C00006,mCherry-high,M2,M2_C00006,1,359,1.0,True,False,6
M2|C00006,mCherry-low,M2,M2_C00006,1,359,1.0,True,False,6
M2|C00006,mCherry-low,M2,M2_C00006,1,359,1.0,True,False,6
M2|C00006,mCherry-low,M2,M2_C00006,2,359,2.0,False,False,0
M2|C00006,mCherry-low,M2,M2_C00006,4,359,4.0,False,False,0
M2|C00006,mCherry-high,M2,M2_C00006,2,359,2.0,False,False,0
M2|C00006,mCherry-low,M2,M2_C00006,3,359,3.0,False,False,0
M2|C00006,mCherry-high,M2,M2_C00006,2,359,2.0,False,False,0
M2|C00006,mCherry-low,M2,M2_C00006,2,359,2.0,False,False,0
M2|C00009,mCherry-high,M2,M2_C00009,6,351,6.0,False,False,0
M2|C00009,mCherry-low,M2,M2_C00009,2,351,2.0,False,False,0
M2|C00009,mCherry-high,M2,M2_C00009,10,351,10.0,False,False,0
M2|C00009,mCherry-high,M2,M2_C00009,3,351,3.0,True,False,1
M2|C00009,mCherry-high,M2,M2_C00009,5,351,5.0,False,False,0
M2|C00010,mCherry-low,M2,M2_C00010,142,354,142.0,False,False,0
M2|C00010,mCherry-low,M2,M2_C00010,141,354,141.0,True,False,4
M2|C00010,mCherry-low,M2,M2_C00010,143,354,145.0,False,False,0
M2|C00010,mCherry-low,M2,M2_C00010,142,354,144.0,False,False,0
M2|C00010,mCherry-low,M2,M2_C00010,142,354,144.0,False,False,0
M2|C00012,mCherry-low,M2,M2_C00012,2,351,2.0,False,False,0
M2|C00012,mCherry-low,M2,M2_C00012,2,351,2.0,False,False,0
M2|C00012,mCherry-low,M2,M2_C00012,5,351,5.0,False,False,0
M2|C00012,mCherry-low,M2,M2_C00012,2,351,2.0,False,False,0
M2|C00013,mCherry-low,M2,M2_C00013,1,353,1.0,False,False,0
M2|C00013,mCherry-low,M2,M2_C00013,2,353,2.0,True,False,2
M2|C00013,mCherry-low,M2,M2_C00013,3,353,3.0,False,False,0
M2|C00013,mCherry-low,M2,M2_C00013,5,353,5.0,False,False,0
M2|C00014,mCherry-low,M2,M2_C00014,2,351,2.0,True,False,2
M2|C00014,mCherry-low,M2,M2_C00014,2,351,2.0,True,False,2
M2|C00014,mCherry-low,M2,M2_C00014,4,351,4.0,False,False,0
M2|C00014,mCherry-low,M2,M2_C00014,3,351,3.0,False,False,0
M2|C00015,mCherry-high,M2,M2_C00015,5,351,5.0,False,False,0
M2|C00015,mCherry-high,M2,M2_C00015,1,351,1.0,True,False,2
M2|C00015,mCherry-low,M2,M2_C00015,5,351,5.0,False,False,0
M2|C00015,mCherry-high,M2,M2_C00015,5,351,5.0,False,False,0
M2|C00016,mCherry-high,M2,M2_C00016,3,351,3.0,False,False,0
M2|C00016,mCherry-low,M2,M2_C00016,4,351,4.0,False,False,0
M2|C00016,mCherry-low,M2,M2_C00016,4,351,4.0,False,False,0
M2|C00016,mCherry-low,M2,M2_C00016,4,351,4.0,False,False,0
M2|C00017,mCherry-low,M2,M2_C00017,0,351,0.0,False,True,2
M2|C00017,mCherry-low,M2,M2_C00017,0,351,0.0,False,True,2
M2|C00017,mCherry-high,M2,M2_C00017,1,351,1.0,False,False,0
M2|C00017,mCherry-low,M2,M2_C00017,4,351,4.0,False,False,0
M2|C00018,mCherry-high,M2,M2_C00018,2,351,2.0,False,False,0
M2|C00018,mCherry-high,M2,M2_C00018,4,351,4.0,False,False,0
M2|C00018,mCherry-high,M2,M2_C00018,6,351,6.0,False,False,0
M2|C00019,mCherry-low,M2,M2_C00019,2,351,2.0,True,False,2
M2|C00019,mCherry-low,M2,M2_C00019,3,351,3.0,False,False,0
M2|C00019,mCherry-low,M2,M2_C00019,3,351,3.0,False,False,0
M2|C00022,mCherry-low,M2,M2_C00022,6,351,6.0,True,False,2
M2|C00022,mCherry-low,M2,M2_C00022,7,351,7.0,False,False,0
M2|C00022,mCherry-low,M2,M2_C00022,8,351,8.0,False,False,0
M2|C00023,mCherry-high,M2,M2_C00023,1,351,1.0,False,False,0
M2|C00023,mCherry-high,M2,M2_C00023,2,351,2.0,False,False,0
M2|C00023,mCherry-high,M2,M2_C00023,4,351,4.0,False,False,0
M3|C00001,mCherry-low,M3,M3_C00001,1,345,1.0,True,False,64
M3|C00001,mCherry-low,M3,M3_C00001,4,345,4.0,False,False,0
M3|C00001,mCherry-low,M3,M3_C00001,11,345,11.0,False,False,0
M3|C00001,mCherry-low,M3,M3_C00001,7,345,7.0,False,False,0
M3|C00001,mCherry-low,M3,M3_C00001,3,345,3.0,False,False,0
M3|C00001,mCherry-low,M3,M3_C00001,2,345,2.0,False,False,0
M3|C00001,mCherry-low,M3,M3_C00001,2,345,2.0,False,False,0
M3|C00001,mCherry-low,M3,M3_C00001,2,345,2.0,True,False,29
M3|C00001,mCherry-low,M3,M3_C00001,5,345,5.0,False,False,0
M3|C00001,mCherry-low,M3,M3_C00001,5,345,5.0,False,False,0
M3|C00001,mCherry-low,M3,M3_C00001,4,345,4.0,False,False,0
M3|C00001,mCherry-low,M3,M3_C00001,4,345,4.0,False,False,0
M3|C00001,mCherry-low,M3,M3_C00001,5,345,5.0,False,False,0
M3|C00001,mCherry-low,M3,M3_C00001,1,345,3.0,True,False,17
M3|C00001,mCherry-low,M3,M3_C00001,7,345,9.0,False,False,0
M3|C00001,mCherry-low,M3,M3_C00001,9,345,9.0,False,False,0
M3|C00001,mCherry-low,M3,M3_C00001,4,345,4.0,False,False,0
M3|C00001,mCherry-low,M3,M3_C00001,6,345,6.0,False,False,0
M3|C00001,mCherry-low,M3,M3_C00001,9,345,9.0,False,False,0
M3|C00001,mCherry-low,M3,M3_C00001,7,345,7.0,False,False,0
M3|C00001,mCherry-low,M3,M3_C00001,4,345,4.0,False,False,0
M3|C00001,mCherry-low,M3,M3_C00001,9,345,9.0,False,False,0
M3|C00001,mCherry-low,M3,M3_C00001,9,345,9.0,False,False,0
M3|C00001,mCherry-low,M3,M3_C00001,4,345,4.0,False,False,0
M3|C00001,mCherry-low,M3,M3_C00001,6,345,6.0,False,False,0
M3|C00001,mCherry-low,M3,M3_C00001,5,345,5.0,False,False,0
M3|C00001,mCherry-low,M3,M3_C00001,9,345,9.0,False,False,0
M3|C00001,mCherry-high,M3,M3_C00001,10,345,12.0,False,False,0
M3|C00001,mCherry-low,M3,M3_C00001,6,345,8.0,False,False,0
M3|C00001,mCherry-low,M3,M3_C00001,3,345,5.0,False,False,0
M3|C00001,mCherry-low,M3,M3_C00001,6,345,8.0,False,False,0
M3|C00001,mCherry-low,M3,M3_C00001,5,345,5.0,False,False,0
M3|C00001,mCherry-low,M3,M3_C00001,4,345,5.0,False,False,0
M3|C00001,mCherry-low,M3,M3_C00001,9,345,9.0,False,False,0
M3|C00001,mCherry-low,M3,M3_C00001,4,345,6.0,True,False,1
M3|C00001,mCherry-low,M3,M3_C00001,7,345,9.0,False,False,0
M3|C00001,mCherry-low,M3,M3_C00001,7,345,9.0,False,False,0
M3|C00001,mCherry-low,M3,M3_C00001,4,345,6.0,False,False,0
M3|C00001,mCherry-low,M3,M3_C00001,5,345,7.0,False,False,0
M3|C00001,mCherry-high,M3,M3_C00001,5,345,7.0,False,False,0
M3|C00001,mCherry-high,M3,M3_C00001,7,345,9.0,False,False,0
M3|C00001,mCherry-low,M3,M3_C00001,7,345,9.0,False,False,0
M3|C00001,mCherry-low,M3,M3_C00001,5,345,7.0,False,False,0
M3|C00001,mCherry-high,M3,M3_C00001,7,345,10.0,False,False,0
M3|C00001,mCherry-low,M3,M3_C00001,5,345,7.0,True,False,1
M3|C00001,mCherry-low,M3,M3_C00001,74,345,77.0,False,False,0
M3|C00001,mCherry-low,M3,M3_C00001,7,345,9.0,False,False,0
M3|C00001,mCherry-low,M3,M3_C00001,12,345,14.0,False,False,0
M3|C00001,mCherry-low,M3,M3_C00001,13,345,15.0,False,False,0
M3|C00002,mCherry-low,M3,M3_C00002,0,351,0.0,False,True,52
M3|C00002,mCherry-low,M3,M3_C00002,0,351,0.0,False,True,52
M3|C00002,mCherry-low,M3,M3_C00002,2,351,2.0,False,False,0
M3|C00002,mCherry-high,M3,M3_C00002,4,351,4.0,False,False,0
M3|C00002,mCherry-high,M3,M3_C00002,3,351,3.0,False,False,0
M3|C00002,mCherry-low,M3,M3_C00002,2,351,2.0,False,False,0
M3|C00002,mCherry-low,M3,M3_C00002,1,351,1.0,False,False,0
M3|C00002,mCherry-low,M3,M3_C00002,4,351,4.0,False,False,0
M3|C00002,mCherry-low,M3,M3_C00002,1,351,1.0,False,False,0
M3|C00002,mCherry-low,M3,M3_C00002,2,351,2.0,False,False,0
M3|C00002,mCherry-low,M3,M3_C00002,2,351,2.0,False,False,0
M3|C00002,mCherry-low,M3,M3_C00002,1,351,1.0,True,False,6
M3|C00002,mCherry-low,M3,M3_C00002,3,351,3.0,False,False,0
M3|C00002,mCherry-high,M3,M3_C00002,2,351,2.0,False,False,0
M3|C00002,mCherry-low,M3,M3_C00002,3,351,3.0,False,False,0
M3|C00002,mCherry-high,M3,M3_C00002,2,351,2.0,False,False,0
M3|C00002,mCherry-low,M3,M3_C00002,2,351,2.0,False,False,0
M3|C00002,mCherry-high,M3,M3_C00002,6,351,6.0,False,False,0
M3|C00002,mCherry-high,M3,M3_C00002,3,351,3.0,False,False,0
M3|C00002,mCherry-low,M3,M3_C00002,2,351,2.0,True,False,1
M3|C00002,mCherry-low,M3,M3_C00002,4,351,4.0,False,False,0
M3|C00002,mCherry-low,M3,M3_C00002,5,351,5.0,False,False,0
M3|C00002,mCherry-high,M3,M3_C00002,11,351,11.0,False,False,0
M3|C00002,mCherry-high,M3,M3_C00002,4,351,4.0,False,False,0
M3|C00002,mCherry-low,M3,M3_C00002,2,351,2.0,False,False,0
M3|C00002,mCherry-low,M3,M3_C00002,4,351,4.0,False,False,0
M3|C00002,mCherry-low,M3,M3_C00002,4,351,4.0,False,False,0
M3|C00002,mCherry-low,M3,M3_C00002,6,351,6.0,False,False,0
M3|C00002,mCherry-low,M3,M3_C00002,5,351,5.0,False,False,0
M3|C00002,mCherry-low,M3,M3_C00002,8,351,8.0,False,False,0
M3|C00002,mCherry-low,M3,M3_C00002,8,351,8.0,False,False,0
M3|C00002,mCherry-low,M3,M3_C00002,3,351,3.0,False,False,0
M3|C00002,mCherry-low,M3,M3_C00002,8,351,8.0,False,False,0
M3|C00002,mCherry-low,M3,M3_C00002,8,351,8.0,False,False,0
M3|C00002,mCherry-low,M3,M3_C00002,7,351,7.0,False,False,0
M3|C00002,mCherry-low,M3,M3_C00002,8,351,8.0,False,False,0
M3|C00002,mCherry-low,M3,M3_C00002,6,351,6.0,False,False,0
M3|C00002,mCherry-low,M3,M3_C00002,10,351,10.0,False,False,0
M3|C00002,mCherry-low,M3,M3_C00002,11,351,11.0,False,False,0
M3|C00002,mCherry-low,M3,M3_C00002,10,351,10.0,False,False,0
M3|C00002,mCherry-low,M3,M3_C00002,7,351,8.0,False,False,0
M3|C00002,mCherry-low,M3,M3_C00002,5,351,6.0,False,False,0
M3|C00003,mCherry-low,M3,M3_C00003,0,351,0.0,False,True,42
M3|C00003,mCherry-low,M3,M3_C00003,1,351,1.0,False,False,0
M3|C00003,mCherry-low,M3,M3_C00003,5,351,5.0,False,False,0
M3|C00003,mCherry-low,M3,M3_C00003,1,351,1.0,False,False,0
M3|C00003,mCherry-low,M3,M3_C00003,2,351,2.0,False,False,0
M3|C00003,mCherry-low,M3,M3_C00003,1,351,1.0,False,False,0
M3|C00003,mCherry-low,M3,M3_C00003,2,351,2.0,False,False,0
M3|C00003,mCherry-low,M3,M3_C00003,1,351,1.0,False,False,0
M3|C00003,mCherry-low,M3,M3_C00003,3,351,3.0,False,False,0
M3|C00003,mCherry-low,M3,M3_C00003,6,351,6.0,False,False,0
M3|C00003,mCherry-high,M3,M3_C00003,5,351,5.0,False,False,0
M3|C00003,mCherry-low,M3,M3_C00003,7,351,8.0,False,False,0
M3|C00003,mCherry-low,M3,M3_C00003,10,351,10.0,False,False,0
M3|C00003,mCherry-low,M3,M3_C00003,5,351,5.0,False,False,0
M3|C00003,mCherry-low,M3,M3_C00003,3,351,3.0,False,False,0
M3|C00003,mCherry-low,M3,M3_C00003,3,351,3.0,False,False,0
M3|C00003,mCherry-low,M3,M3_C00003,6,351,7.0,False,False,0
M3|C00003,mCherry-low,M3,M3_C00003,5,351,5.0,False,False,0
M3|C00003,mCherry-low,M3,M3_C00003,4,351,4.0,False,False,0
M3|C00003,mCherry-low,M3,M3_C00003,4,351,4.0,False,False,0
M3|C00003,mCherry-low,M3,M3_C00003,6,351,6.0,False,False,0
M3|C00003,mCherry-low,M3,M3_C00003,7,351,7.0,False,False,0
M3|C00003,mCherry-high,M3,M3_C00003,7,351,7.0,False,False,0
M3|C00003,mCherry-high,M3,M3_C00003,4,351,4.0,True,False,1
M3|C00003,mCherry-low,M3,M3_C00003,5,351,5.0,False,False,0
M3|C00003,mCherry-low,M3,M3_C00003,6,351,6.0,True,False,1
M3|C00003,mCherry-low,M3,M3_C00003,8,351,8.0,False,False,0
M3|C00003,mCherry-low,M3,M3_C00003,11,351,11.0,False,False,0
M3|C00003,mCherry-low,M3,M3_C00003,9,351,9.0,False,False,0
M3|C00003,mCherry-low,M3,M3_C00003,7,351,7.0,False,False,0
M3|C00003,mCherry-low,M3,M3_C00003,6,351,6.0,False,False,0
M3|C00004,mCherry-low,M3,M3_C00004,4,351,4.0,False,False,0
M3|C00004,mCherry-high,M3,M3_C00004,2,351,2.0,False,False,0
M3|C00004,mCherry-low,M3,M3_C00004,1,351,1.0,False,False,0
M3|C00004,mCherry-low,M3,M3_C00004,4,351,4.0,False,False,0
M3|C00004,mCherry-low,M3,M3_C00004,8,351,8.0,False,False,0
M3|C00004,mCherry-low,M3,M3_C00004,1,351,1.0,True,False,12
M3|C00004,mCherry-low,M3,M3_C00004,2,351,2.0,False,False,0
M3|C00004,mCherry-low,M3,M3_C00004,5,351,5.0,False,False,0
M3|C00004,mCherry-high,M3,M3_C00004,6,351,6.0,False,False,0
M3|C00004,mCherry-low,M3,M3_C00004,4,351,4.0,False,False,0
M3|C00004,mCherry-low,M3,M3_C00004,4,351,4.0,False,False,0
M3|C00004,mCherry-high,M3,M3_C00004,2,351,2.0,False,False,0
M3|C00004,mCherry-low,M3,M3_C00004,2,351,2.0,False,False,0
M3|C00004,mCherry-low,M3,M3_C00004,6,351,7.0,False,False,0
M3|C00004,mCherry-low,M3,M3_C00004,7,351,8.0,False,False,0
M3|C00004,mCherry-high,M3,M3_C00004,6,351,7.0,False,False,0
M3|C00004,mCherry-low,M3,M3_C00004,5,351,5.0,False,False,0
M3|C00004,mCherry-low,M3,M3_C00004,3,351,3.0,False,False,0
M3|C00004,mCherry-low,M3,M3_C00004,3,351,3.0,False,False,0
M3|C00004,mCherry-low,M3,M3_C00004,6,351,6.0,False,False,0
M3|C00004,mCherry-low,M3,M3_C00004,4,351,4.0,False,False,0
M3|C00005,mCherry-high,M3,M3_C00005,1,359,1.0,True,False,24
M3|C00005,mCherry-low,M3,M3_C00005,1,359,1.0,True,False,24
M3|C00005,mCherry-low,M3,M3_C00005,1,359,1.0,True,False,24
M3|C00005,mCherry-low,M3,M3_C00005,1,359,1.0,True,False,24
M3|C00005,mCherry-low,M3,M3_C00005,1,359,1.0,True,False,24
M3|C00005,mCherry-low,M3,M3_C00005,1,359,1.0,True,False,24
M3|C00005,mCherry-low,M3,M3_C00005,3,359,3.0,False,False,0
M3|C00005,mCherry-low,M3,M3_C00005,4,359,4.0,False,False,0
M3|C00005,mCherry-low,M3,M3_C00005,2,359,2.0,False,False,0
M3|C00005,mCherry-low,M3,M3_C00005,2,359,2.0,False,False,0
M3|C00005,mCherry-low,M3,M3_C00005,2,359,2.0,False,False,0
M3|C00005,mCherry-high,M3,M3_C00005,2,359,2.0,False,False,0
M3|C00005,mCherry-low,M3,M3_C00005,2,359,2.0,False,False,0
M3|C00005,mCherry-low,M3,M3_C00005,3,359,3.0,False,False,0
M3|C00005,mCherry-high,M3,M3_C00005,4,359,4.0,False,False,0
M3|C00005,mCherry-low,M3,M3_C00005,2,359,2.0,False,False,0
M3|C00005,mCherry-low,M3,M3_C00005,3,359,3.0,False,False,0
M3|C00005,mCherry-low,M3,M3_C00005,2,359,2.0,False,False,0
M3|C00005,mCherry-low,M3,M3_C00005,2,359,2.0,True,False,1
M3|C00005,mCherry-high,M3,M3_C00005,2,359,2.0,True,False,1
M3|C00005,mCherry-high,M3,M3_C00005,2,359,2.0,True,False,1
M3|C00005,mCherry-low,M3,M3_C00005,3,359,3.0,False,False,0
M3|C00005,mCherry-low,M3,M3_C00005,5,359,5.0,False,False,0
M3|C00005,mCherry-high,M3,M3_C00005,3,359,3.0,False,False,0
M3|C00005,mCherry-low,M3,M3_C00005,3,359,3.0,False,False,0
M3|C00005,mCherry-high,M3,M3_C00005,3,359,3.0,False,False,0
M3|C00005,mCherry-high,M3,M3_C00005,5,359,5.0,False,False,0
M3|C00005,mCherry-high,M3,M3_C00005,5,359,5.0,False,False,0
M3|C00006,mCherry-high,M3,M3_C00006,2,351,2.0,False,False,0
M3|C00006,mCherry-high,M3,M3_C00006,1,351,1.0,False,False,0
M3|C00006,mCherry-high,M3,M3_C00006,6,351,6.0,False,False,0
M3|C00006,mCherry-low,M3,M3_C00006,4,351,4.0,False,False,0
M3|C00006,mCherry-low,M3,M3_C00006,10,351,10.0,False,False,0
M3|C00006,mCherry-low,M3,M3_C00006,11,351,11.0,False,False,0
M3|C00006,mCherry-high,M3,M3_C00006,8,351,9.0,False,False,0
M3|C00006,mCherry-high,M3,M3_C00006,7,351,7.0,False,False,0
M3|C00006,mCherry-low,M3,M3_C00006,4,351,4.0,False,False,0
M3|C00006,mCherry-low,M3,M3_C00006,8,351,8.0,False,False,0
M3|C00006,mCherry-high,M3,M3_C00006,8,351,8.0,False,False,0
M3|C00006,mCherry-low,M3,M3_C00006,5,351,5.0,False,False,0
M3|C00006,mCherry-high,M3,M3_C00006,3,351,3.0,False,False,0
M3|C00006,mCherry-low,M3,M3_C00006,4,351,4.0,False,False,0
M3|C00006,mCherry-low,M3,M3_C00006,4,351,4.0,True,False,2
M3|C00006,mCherry-low,M3,M3_C00006,4,351,4.0,True,False,2
M3|C00006,mCherry-low,M3,M3_C00006,4,351,4.0,True,False,2
M3|C00006,mCherry-low,M3,M3_C00006,7,351,7.0,False,False,0
M3|C00006,mCherry-low,M3,M3_C00006,5,351,5.0,True,False,1
M3|C00006,mCherry-low,M3,M3_C00006,6,351,6.0,True,False,1
M3|C00006,mCherry-low,M3,M3_C00006,6,351,6.0,True,False,1
M3|C00006,mCherry-low,M3,M3_C00006,8,351,8.0,False,False,0
M3|C00006,mCherry-low,M3,M3_C00006,8,351,8.0,False,False,0
M3|C00007,mCherry-low,M3,M3_C00007,0,351,0.0,False,True,14
M3|C00007,mCherry-low,M3,M3_C00007,0,351,0.0,False,True,14
M3|C00007,mCherry-low,M3,M3_C00007,0,351,0.0,False,True,14
M3|C00007,mCherry-low,M3,M3_C00007,0,351,0.0,False,True,14
M3|C00007,mCherry-low,M3,M3_C00007,0,351,0.0,False,True,14
M3|C00007,mCherry-low,M3,M3_C00007,0,351,0.0,False,True,14
M3|C00007,mCherry-low,M3,M3_C00007,0,351,0.0,False,True,14
M3|C00007,mCherry-low,M3,M3_C00007,0,351,0.0,False,True,14
M3|C00007,mCherry-low,M3,M3_C00007,2,351,2.0,False,False,0
M3|C00007,mCherry-low,M3,M3_C00007,1,351,1.0,False,False,0
M3|C00007,mCherry-low,M3,M3_C00007,1,351,1.0,False,False,0
M3|C00007,mCherry-low,M3,M3_C00007,1,351,1.0,False,False,0
M3|C00007,mCherry-low,M3,M3_C00007,1,351,1.0,False,False,0
M3|C00007,mCherry-low,M3,M3_C00007,1,351,1.0,False,False,0
M3|C00007,mCherry-low,M3,M3_C00007,2,351,2.0,False,False,0
M3|C00007,mCherry-low,M3,M3_C00007,1,351,1.0,False,False,0
M3|C00007,mCherry-low,M3,M3_C00007,3,351,3.0,False,False,0
M3|C00007,mCherry-low,M3,M3_C00007,1,351,1.0,False,False,0
M3|C00007,mCherry-low,M3,M3_C00007,2,351,2.0,False,False,0
M3|C00007,mCherry-low,M3,M3_C00007,2,351,2.0,False,False,0
M3|C00007,mCherry-low,M3,M3_C00007,2,351,2.0,False,False,0
M3|C00008,mCherry-high,M3,M3_C00008,1,359,1.0,True,False,16
M3|C00008,mCherry-high,M3,M3_C00008,1,359,1.0,True,False,16
M3|C00008,mCherry-low,M3,M3_C00008,1,359,1.0,True,False,16
M3|C00008,mCherry-low,M3,M3_C00008,1,359,1.0,True,False,16
M3|C00008,mCherry-high,M3,M3_C00008,2,359,2.0,False,False,0
M3|C00008,mCherry-high,M3,M3_C00008,2,359,2.0,False,False,0
M3|C00008,mCherry-low,M3,M3_C00008,7,359,7.0,False,False,0
M3|C00008,mCherry-low,M3,M3_C00008,3,359,3.0,False,False,0
M3|C00008,mCherry-low,M3,M3_C00008,2,359,2.0,False,False,0
M3|C00008,mCherry-high,M3,M3_C00008,8,359,8.0,False,False,0
M3|C00008,mCherry-low,M3,M3_C00008,2,359,2.0,True,False,2
M3|C00008,mCherry-low,M3,M3_C00008,5,359,5.0,False,False,0
M3|C00008,mCherry-low,M3,M3_C00008,3,359,3.0,False,False,0
M3|C00008,mCherry-high,M3,M3_C00008,6,359,6.0,False,False,0
M3|C00008,mCherry-high,M3,M3_C00008,4,359,4.0,True,False,1
M3|C00008,mCherry-low,M3,M3_C00008,4,359,4.0,True,False,1
M3|C00008,mCherry-low,M3,M3_C00008,4,359,4.0,True,False,1
M3|C00008,mCherry-low,M3,M3_C00008,5,359,5.0,False,False,0
M3|C00008,mCherry-low,M3,M3_C00008,6,359,6.0,False,False,0
M3|C00008,mCherry-low,M3,M3_C00008,6,359,6.0,False,False,0
M3|C00009,mCherry-low,M3,M3_C00009,4,351,4.0,True,False,3
M3|C00009,mCherry-low,M3,M3_C00009,5,351,5.0,False,False,0
M3|C00009,mCherry-low,M3,M3_C00009,8,351,8.0,False,False,0
M3|C00009,mCherry-high,M3,M3_C00009,6,351,6.0,False,False,0
M3|C00009,mCherry-high,M3,M3_C00009,1,351,2.0,False,False,0
M3|C00009,mCherry-high,M3,M3_C00009,7,351,7.0,False,False,0
M3|C00009,mCherry-high,M3,M3_C00009,3,351,3.0,False,False,0
M3|C00009,mCherry-low,M3,M3_C00009,7,351,7.0,False,False,0
M3|C00010,mCherry-low,M3,M3_C00010,5,348,5.0,False,False,0
M3|C00010,mCherry-low,M3,M3_C00010,2,348,2.0,False,False,0
M3|C00010,mCherry-high,M3,M3_C00010,2,348,2.0,False,False,0
M3|C00010,mCherry-low,M3,M3_C00010,7,348,7.0,False,False,0
M3|C00010,mCherry-low,M3,M3_C00010,6,348,6.0,False,False,0
M3|C00010,mCherry-low,M3,M3_C00010,7,348,7.0,False,False,0
M3|C00010,mCherry-low,M3,M3_C00010,2,348,3.0,False,False,0
M3|C00010,mCherry-low,M3,M3_C00010,2,348,3.0,False,False,0
M3|C00010,mCherry-high,M3,M3_C00010,8,348,9.0,False,False,0
M3|C00010,mCherry-low,M3,M3_C00010,8,348,9.0,False,False,0
M3|C00010,mCherry-low,M3,M3_C00010,6,348,6.0,False,False,0
M3|C00010,mCherry-low,M3,M3_C00010,6,348,6.0,False,False,0
M3|C00010,mCherry-low,M3,M3_C00010,5,348,5.0,False,False,0
M3|C00010,mCherry-high,M3,M3_C00010,84,348,84.0,False,False,0
M3|C00010,mCherry-low,M3,M3_C00010,10,348,12.0,False,False,0
M3|C00010,mCherry-low,M3,M3_C00010,7,348,9.0,False,False,0
M3|C00010,mCherry-low,M3,M3_C00010,5,348,8.0,False,False,0
M3|C00010,mCherry-low,M3,M3_C00010,5,348,8.0,False,False,0
M3|C00012,mCherry-low,M3,M3_C00012,7,351,7.0,False,False,0
M3|C00012,mCherry-low,M3,M3_C00012,10,351,10.0,False,False,0
M3|C00012,mCherry-high,M3,M3_C00012,9,351,9.0,False,False,0
M3|C00012,mCherry-low,M3,M3_C00012,6,351,6.0,False,False,0
M3|C00012,mCherry-high,M3,M3_C00012,3,351,5.0,False,False,0
M3|C00012,mCherry-low,M3,M3_C00012,4,351,4.0,False,False,0
M3|C00012,mCherry-high,M3,M3_C00012,6,351,6.0,False,False,0
M3|C00012,mCherry-high,M3,M3_C00012,4,351,4.0,False,False,0
M3|C00012,mCherry-high,M3,M3_C00012,4,351,4.0,False,False,0
M3|C00012,mCherry-high,M3,M3_C00012,5,351,7.0,False,False,0
M3|C00012,mCherry-high,M3,M3_C00012,6,351,6.0,False,False,0
M3|C00012,mCherry-high,M3,M3_C00012,6,351,6.0,False,False,0
M3|C00013,mCherry-high,M3,M3_C00013,0,351,0.0,False,True,13
M3|C00013,mCherry-high,M3,M3_C00013,2,351,2.0,False,False,0
M3|C00013,mCherry-high,M3,M3_C00013,1,351,1.0,False,False,0
M3|C00013,mCherry-high,M3,M3_C00013,1,351,1.0,False,False,0
M3|C00013,mCherry-high,M3,M3_C00013,6,351,6.0,False,False,0
M3|C00013,mCherry-high,M3,M3_C00013,1,351,1.0,False,False,0
M3|C00013,mCherry-high,M3,M3_C00013,3,351,3.0,False,False,0
M3|C00013,mCherry-high,M3,M3_C00013,6,351,6.0,False,False,0
M3|C00013,mCherry-high,M3,M3_C00013,3,351,3.0,False,False,0
M3|C00013,mCherry-high,M3,M3_C00013,3,351,3.0,False,False,0
M3|C00013,mCherry-low,M3,M3_C00013,2,351,2.0,True,False,1
M3|C00013,mCherry-low,M3,M3_C00013,4,351,4.0,False,False,0
M3|C00014,mCherry-low,M3,M3_C00014,1,359,1.0,True,False,11
M3|C00014,mCherry-high,M3,M3_C00014,2,359,2.0,False,False,0
M3|C00014,mCherry-low,M3,M3_C00014,2,359,2.0,False,False,0
M3|C00014,mCherry-low,M3,M3_C00014,3,359,3.0,False,False,0
M3|C00014,mCherry-high,M3,M3_C00014,4,359,4.0,False,False,0
M3|C00014,mCherry-high,M3,M3_C00014,4,359,4.0,False,False,0
M3|C00014,mCherry-low,M3,M3_C00014,2,359,2.0,True,False,2
M3|C00014,mCherry-low,M3,M3_C00014,2,359,2.0,True,False,2
M3|C00014,mCherry-high,M3,M3_C00014,3,359,3.0,True,False,1
M3|C00014,mCherry-high,M3,M3_C00014,3,359,3.0,False,False,0
M3|C00014,mCherry-low,M3,M3_C00014,6,359,6.0,False,False,0
M3|C00014,mCherry-low,M3,M3_C00014,4,359,4.0,False,False,0
M3|C00015,mCherry-low,M3,M3_C00015,5,351,5.0,False,False,0
M3|C00015,mCherry-low,M3,M3_C00015,4,351,4.0,False,False,0
M3|C00015,mCherry-low,M3,M3_C00015,6,351,6.0,False,False,0
M3|C00015,mCherry-low,M3,M3_C00015,6,351,6.0,False,False,0
M3|C00015,mCherry-high,M3,M3_C00015,5,351,5.0,False,False,0
M3|C00015,mCherry-low,M3,M3_C00015,8,351,8.0,False,False,0
M3|C00015,mCherry-high,M3,M3_C00015,3,351,3.0,True,False,1
M3|C00015,mCherry-high,M3,M3_C00015,3,351,3.0,False,False,0
M3|C00015,mCherry-high,M3,M3_C00015,3,351,3.0,False,False,0
M3|C00015,mCherry-high,M3,M3_C00015,7,351,7.0,False,False,0
M3|C00016,mCherry-high,M3,M3_C00016,5,351,5.0,False,False,0
M3|C00016,mCherry-low,M3,M3_C00016,6,351,6.0,False,False,0
M3|C00016,mCherry-low,M3,M3_C00016,10,351,10.0,True,False,4
M3|C00016,mCherry-low,M3,M3_C00016,10,351,10.0,True,False,4
M3|C00016,mCherry-low,M3,M3_C00016,16,351,16.0,False,False,0
M3|C00016,mCherry-low,M3,M3_C00016,13,351,13.0,False,False,0
M3|C00016,mCherry-low,M3,M3_C00016,13,351,13.0,False,False,0
M3|C00016,mCherry-low,M3,M3_C00016,13,351,13.0,False,False,0
M3|C00016,mCherry-low,M3,M3_C00016,13,351,13.0,False,False,0
M3|C00017,mCherry-high,M3,M3_C00017,5,351,5.0,False,False,0
M3|C00017,mCherry-high,M3,M3_C00017,2,351,2.0,False,False,0
M3|C00017,mCherry-low,M3,M3_C00017,2,351,2.0,False,False,0
M3|C00017,mCherry-high,M3,M3_C00017,3,351,3.0,False,False,0
M3|C00017,mCherry-low,M3,M3_C00017,3,351,5.0,False,False,0
M3|C00017,mCherry-high,M3,M3_C00017,3,351,5.0,False,False,0
M3|C00018,mCherry-low,M3,M3_C00018,4,351,5.0,False,False,0
M3|C00018,mCherry-high,M3,M3_C00018,5,351,5.0,False,False,0
M3|C00018,mCherry-high,M3,M3_C00018,9,351,9.0,False,False,0
M3|C00018,mCherry-high,M3,M3_C00018,2,351,2.0,False,False,0
M3|C00018,mCherry-high,M3,M3_C00018,5,351,5.0,False,False,0
M3|C00018,mCherry-high,M3,M3_C00018,8,351,8.0,False,False,0
M3|C00018,mCherry-low,M3,M3_C00018,6,351,6.0,False,False,0
M3|C00018,mCherry-low,M3,M3_C00018,10,351,10.0,False,False,0
M3|C00019,mCherry-high,M3,M3_C00019,4,351,4.0,False,False,0
M3|C00019,mCherry-high,M3,M3_C00019,5,351,5.0,False,False,0
M3|C00019,mCherry-low,M3,M3_C00019,2,351,3.0,False,False,0
M3|C00019,mCherry-high,M3,M3_C00019,2,351,2.0,False,False,0
M3|C00019,mCherry-low,M3,M3_C00019,3,351,3.0,True,False,4
M3|C00019,mCherry-high,M3,M3_C00019,9,351,9.0,False,False,0
M3|C00019,mCherry-low,M3,M3_C00019,7,351,7.0,False,False,0
M3|C00019,mCherry-low,M3,M3_C00019,5,351,5.0,False,False,0
M3|C00020,mCherry-low,M3,M3_C00020,3,351,3.0,False,False,0
M3|C00020,mCherry-low,M3,M3_C00020,3,351,3.0,False,False,0
M3|C00020,mCherry-high,M3,M3_C00020,8,351,8.0,False,False,0
M3|C00020,mCherry-high,M3,M3_C00020,4,351,4.0,False,False,0
M3|C00020,mCherry-low,M3,M3_C00020,2,351,2.0,False,False,0
M3|C00020,mCherry-low,M3,M3_C00020,2,351,2.0,False,False,0
M3|C00021,mCherry-low,M3,M3_C00021,7,351,7.0,False,False,0
M3|C00021,mCherry-low,M3,M3_C00021,4,351,4.0,False,False,0
M3|C00021,mCherry-high,M3,M3_C00021,5,351,5.0,False,False,0
M3|C00021,mCherry-high,M3,M3_C00021,3,351,3.0,True,False,1
M3|C00021,mCherry-high,M3,M3_C00021,5,351,5.0,False,False,0
M3|C00022,mCherry-low,M3,M3_C00022,2,351,2.0,True,False,3
M3|C00022,mCherry-low,M3,M3_C00022,2,351,2.0,True,False,3
M3|C00022,mCherry-low,M3,M3_C00022,3,351,3.0,False,False,0
M3|C00022,mCherry-high,M3,M3_C00022,4,351,4.0,True,False,1
M3|C00022,mCherry-high,M3,M3_C00022,172,351,175.0,False,False,0
M3|C00023,mCherry-low,M3,M3_C00023,1,350,1.0,True,False,4
M3|C00023,mCherry-low,M3,M3_C00023,3,350,3.0,False,False,0
M3|C00023,mCherry-high,M3,M3_C00023,2,350,2.0,False,False,0
M3|C00023,mCherry-high,M3,M3_C00023,7,350,7.0,False,False,0
M3|C00023,mCherry-low,M3,M3_C00023,5,350,5.0,False,False,0
M3|C00024,mCherry-low,M3,M3_C00024,8,359,8.0,False,False,0
M3|C00024,mCherry-low,M3,M3_C00024,3,359,3.0,False,False,0
M3|C00024,mCherry-low,M3,M3_C00024,4,359,4.0,False,False,0
M3|C00024,mCherry-low,M3,M3_C00024,6,359,6.0,True,False,1
M3|C00024,mCherry-low,M3,M3_C00024,8,359,8.0,False,False,0
M3|C00025,mCherry-low,M3,M3_C00025,0,350,0.0,False,True,3
M3|C00025,mCherry-low,M3,M3_C00025,3,350,3.0,False,False,0
M3|C00025,mCherry-low,M3,M3_C00025,2,350,2.0,True,False,1
M3|C00025,mCherry-low,M3,M3_C00025,2,350,2.0,True,False,1
M3|C00025,mCherry-low,M3,M3_C00025,3,350,3.0,False,False,0
M3|C00028,mCherry-high,M3,M3_C00028,2,351,2.0,False,False,0
M3|C00028,mCherry-high,M3,M3_C00028,2,351,2.0,True,False,2
M3|C00028,mCherry-low,M3,M3_C00028,10,351,10.0,False,False,0
M3|C00028,mCherry-high,M3,M3_C00028,7,351,7.0,False,False,0
M3|C00029,mCherry-low,M3,M3_C00029,5,351,5.0,False,False,0
M3|C00029,mCherry-high,M3,M3_C00029,4,351,4.0,False,False,0
M3|C00029,mCherry-low,M3,M3_C00029,6,351,6.0,False,False,0
M3|C00029,mCherry-low,M3,M3_C00029,4,351,4.0,False,False,0
M3|C00031,mCherry-high,M3,M3_C00031,5,351,5.0,False,False,0
M3|C00031,mCherry-high,M3,M3_C00031,3,351,3.0,False,False,0
M3|C00031,mCherry-high,M3,M3_C00031,5,351,5.0,False,False,0
M3|C00032,mCherry-low,M3,M3_C00032,3,351,3.0,True,False,1
M3|C00032,mCherry-low,M3,M3_C00032,3,351,3.0,True,False,1
M3|C00032,mCherry-low,M3,M3_C00032,6,351,6.0,False,False,0
M3|C00033,mCherry-high,M3,M3_C00033,3,358,3.0,True,False,1
M3|C00033,mCherry-low,M3,M3_C00033,3,358,3.0,True,False,1
M3|C00033,mCherry-low,M3,M3_C00033,6,358,6.0,False,False,0
M3|C00034,mCherry-high,M3,M3_C00034,4,358,4.0,True,False,1
M3|C00034,mCherry-high,M3,M3_C00034,5,358,5.0,False,False,0
M3|C00034,mCherry-high,M3,M3_C00034,5,358,5.0,False,False,0
M3|C00035,mCherry-low,M3,M3_C00035,3,351,3.0,True,False,2
M3|C00035,mCherry-low,M3,M3_C00035,4,351,4.0,False,False,0
M3|C00035,mCherry-high,M3,M3_C00035,4,351,4.0,False,False,0
M3|C00041,mCherry-low,M3,M3_C00041,0,353,0.0,False,True,2
M3|C00041,mCherry-high,M3,M3_C00041,1,353,1.0,False,False,0
M3|C00041,mCherry-high,M3,M3_C00041,4,353,4.0,False,False,0
M3|C00042,mCherry-low,M3,M3_C00042,1,351,1.0,True,False,1
M3|C00042,mCherry-low,M3,M3_C00042,1,351,1.0,True,False,1
M3|C00042,mCherry-low,M3,M3_C00042,4,351,4.0,False,False,0
M3|C00045,mCherry-high,M3,M3_C00045,1,351,1.0,False,False,0
M3|C00045,mCherry-high,M3,M3_C00045,2,351,2.0,False,False,0
M3|C00045,mCherry-high,M3,M3_C00045,4,351,4.0,False,False,0
M3|C00046,mCherry-low,M3,M3_C00046,3,351,3.0,False,False,0
M3|C00046,mCherry-low,M3,M3_C00046,12,351,14.0,False,False,0
M3|C00046,mCherry-low,M3,M3_C00046,9,351,9.0,False,False,0
M3|C00047,mCherry-low,M3,M3_C00047,3,351,3.0,False,False,0
M3|C00047,mCherry-low,M3,M3_C00047,2,351,2.0,True,False,1
M3|C00047,mCherry-low,M3,M3_C00047,3,351,3.0,False,False,0
M3|C00048,mCherry-low,M3,M3_C00048,1,353,1.0,True,False,2
M3|C00048,mCherry-low,M3,M3_C00048,2,353,2.0,False,False,0
M3|C00048,mCherry-low,M3,M3_C00048,2,353,2.0,False,False,0
M3|C00049,mCherry-high,M3,M3_C00049,2,351,2.0,False,False,0
M3|C00049,mCherry-low,M3,M3_C00049,8,351,8.0,False,False,0
M3|C00049,mCherry-high,M3,M3_C00049,8,351,8.0,False,False,0
M4|C00001,mCherry-high,M4,M4_C00001,3,351,3.0,True,False,56
M4|C00001,mCherry-high,M4,M4_C00001,9,351,9.0,False,False,0
M4|C00001,mCherry-high,M4,M4_C00001,12,351,12.0,False,False,0
M4|C00001,mCherry-low,M4,M4_C00001,5,351,5.0,False,False,0
M4|C00001,mCherry-low,M4,M4_C00001,4,351,4.0,False,False,0
M4|C00001,mCherry-low,M4,M4_C00001,5,351,5.0,False,False,0
M4|C00001,mCherry-low,M4,M4_C00001,5,351,5.0,True,False,1
M4|C00001,mCherry-low,M4,M4_C00001,5,351,5.0,True,False,1
M4|C00001,mCherry-low,M4,M4_C00001,5,351,5.0,True,False,1
M4|C00001,mCherry-low,M4,M4_C00001,4,351,4.0,True,False,2
M4|C00001,mCherry-low,M4,M4_C00001,6,351,6.0,True,False,2
M4|C00001,mCherry-low,M4,M4_C00001,4,351,4.0,True,False,3
M4|C00001,mCherry-low,M4,M4_C00001,4,351,4.0,True,False,4
M4|C00001,mCherry-low,M4,M4_C00001,4,351,4.0,True,False,4
M4|C00001,mCherry-low,M4,M4_C00001,4,351,4.0,True,False,6
M4|C00001,mCherry-low,M4,M4_C00001,4,351,4.0,True,False,6
M4|C00001,mCherry-low,M4,M4_C00001,10,351,10.0,False,False,0
M4|C00001,mCherry-low,M4,M4_C00001,9,351,9.0,False,False,0
M4|C00001,mCherry-low,M4,M4_C00001,5,351,5.0,False,False,0
M4|C00001,mCherry-high,M4,M4_C00001,10,351,10.0,False,False,0
M4|C00001,mCherry-low,M4,M4_C00001,8,351,9.0,False,False,0
M4|C00001,mCherry-low,M4,M4_C00001,6,351,6.0,False,False,0
M4|C00001,mCherry-low,M4,M4_C00001,5,351,5.0,False,False,0
M4|C00001,mCherry-low,M4,M4_C00001,5,351,5.0,False,False,0
M4|C00001,mCherry-low,M4,M4_C00001,12,351,12.0,False,False,0
M4|C00001,mCherry-high,M4,M4_C00001,13,351,14.0,False,False,0
M4|C00001,mCherry-high,M4,M4_C00001,6,351,6.0,False,False,0
M4|C00001,mCherry-low,M4,M4_C00001,5,351,5.0,False,False,0
M4|C00001,mCherry-low,M4,M4_C00001,9,351,10.0,False,False,0
M4|C00001,mCherry-low,M4,M4_C00001,9,351,9.0,False,False,0
M4|C00001,mCherry-low,M4,M4_C00001,5,351,5.0,False,False,0
M4|C00001,mCherry-low,M4,M4_C00001,6,351,6.0,False,False,0
M4|C00001,mCherry-low,M4,M4_C00001,5,351,5.0,False,False,0
M4|C00001,mCherry-low,M4,M4_C00001,9,351,9.0,False,False,0
M4|C00001,mCherry-low,M4,M4_C00001,5,351,5.0,False,False,0
M4|C00001,mCherry-low,M4,M4_C00001,7,351,7.0,True,False,2
M4|C00001,mCherry-high,M4,M4_C00001,5,351,5.0,False,False,0
M4|C00001,mCherry-low,M4,M4_C00001,5,351,5.0,True,False,2
M4|C00001,mCherry-low,M4,M4_C00001,5,351,5.0,True,False,2
M4|C00001,mCherry-low,M4,M4_C00001,6,351,6.0,False,False,0
M4|C00001,mCherry-low,M4,M4_C00001,5,351,5.0,False,False,0
M4|C00001,mCherry-low,M4,M4_C00001,5,351,5.0,False,False,0
M4|C00001,mCherry-low,M4,M4_C00001,6,351,6.0,False,False,0
M4|C00001,mCherry-low,M4,M4_C00001,5,351,5.0,False,False,0
M4|C00001,mCherry-low,M4,M4_C00001,6,351,6.0,False,False,0
M4|C00001,mCherry-low,M4,M4_C00001,5,351,5.0,False,False,0
M4|C00001,mCherry-low,M4,M4_C00001,6,351,6.0,False,False,0
M4|C00001,mCherry-low,M4,M4_C00001,5,351,5.0,False,False,0
M4|C00001,mCherry-low,M4,M4_C00001,8,351,8.0,False,False,0
M4|C00001,mCherry-high,M4,M4_C00001,10,351,10.0,False,False,0
M4|C00001,mCherry-low,M4,M4_C00001,8,351,8.0,False,False,0
M4|C00001,mCherry-low,M4,M4_C00001,10,351,10.0,False,False,0
M4|C00001,mCherry-low,M4,M4_C00001,6,351,6.0,False,False,0
M4|C00001,mCherry-low,M4,M4_C00001,7,351,7.0,False,False,0
M4|C00001,mCherry-low,M4,M4_C00001,9,351,9.0,False,False,0
M4|C00001,mCherry-low,M4,M4_C00001,9,351,9.0,False,False,0
M4|C00002,mCherry-low,M4,M4_C00002,0,351,0.0,False,True,36
M4|C00002,mCherry-low,M4,M4_C00002,0,351,0.0,False,True,36
M4|C00002,mCherry-low,M4,M4_C00002,0,351,0.0,False,True,36
M4|C00002,mCherry-low,M4,M4_C00002,0,351,0.0,False,True,36
M4|C00002,mCherry-high,M4,M4_C00002,2,351,2.0,False,False,0
M4|C00002,mCherry-low,M4,M4_C00002,2,351,2.0,False,False,0
M4|C00002,mCherry-low,M4,M4_C00002,2,351,2.0,False,False,0
M4|C00002,mCherry-high,M4,M4_C00002,2,351,2.0,False,False,0
M4|C00002,mCherry-low,M4,M4_C00002,2,351,2.0,False,False,0
M4|C00002,mCherry-high,M4,M4_C00002,1,351,1.0,False,False,0
M4|C00002,mCherry-low,M4,M4_C00002,3,351,3.0,False,False,0
M4|C00002,mCherry-high,M4,M4_C00002,2,351,2.0,False,False,0
M4|C00002,mCherry-low,M4,M4_C00002,2,351,2.0,False,False,0
M4|C00002,mCherry-high,M4,M4_C00002,3,351,3.0,False,False,0
M4|C00002,mCherry-low,M4,M4_C00002,1,351,1.0,True,False,1
M4|C00002,mCherry-low,M4,M4_C00002,1,351,1.0,True,False,1
M4|C00002,mCherry-low,M4,M4_C00002,1,351,1.0,True,False,2
M4|C00002,mCherry-high,M4,M4_C00002,1,351,1.0,True,False,6
M4|C00002,mCherry-low,M4,M4_C00002,2,351,2.0,False,False,0
M4|C00002,mCherry-low,M4,M4_C00002,5,351,5.0,False,False,0
M4|C00002,mCherry-low,M4,M4_C00002,4,351,4.0,False,False,0
M4|C00002,mCherry-low,M4,M4_C00002,2,351,2.0,False,False,0
M4|C00002,mCherry-low,M4,M4_C00002,2,351,2.0,False,False,0
M4|C00002,mCherry-low,M4,M4_C00002,7,351,7.0,False,False,0
M4|C00002,mCherry-low,M4,M4_C00002,3,351,3.0,False,False,0
M4|C00002,mCherry-high,M4,M4_C00002,3,351,3.0,False,False,0
M4|C00002,mCherry-low,M4,M4_C00002,2,351,2.0,False,False,0
M4|C00002,mCherry-high,M4,M4_C00002,7,351,7.0,False,False,0
M4|C00002,mCherry-low,M4,M4_C00002,5,351,5.0,False,False,0
M4|C00002,mCherry-low,M4,M4_C00002,3,351,3.0,True,False,1
M4|C00002,mCherry-low,M4,M4_C00002,2,351,2.0,False,False,0
M4|C00002,mCherry-low,M4,M4_C00002,2,351,2.0,False,False,0
M4|C00002,mCherry-low,M4,M4_C00002,3,351,3.0,False,False,0
M4|C00002,mCherry-low,M4,M4_C00002,4,351,4.0,False,False,0
M4|C00002,mCherry-low,M4,M4_C00002,3,351,3.0,True,False,1
M4|C00002,mCherry-low,M4,M4_C00002,4,351,4.0,False,False,0
M4|C00002,mCherry-low,M4,M4_C00002,4,351,5.0,False,False,0
M4|C00003,mCherry-high,M4,M4_C00003,2,351,2.0,False,False,0
M4|C00003,mCherry-high,M4,M4_C00003,5,351,5.0,False,False,0
M4|C00003,mCherry-low,M4,M4_C00003,5,351,5.0,False,False,0
M4|C00003,mCherry-low,M4,M4_C00003,6,351,6.0,False,False,0
M4|C00003,mCherry-low,M4,M4_C00003,2,351,2.0,False,False,0
M4|C00005,mCherry-high,M4,M4_C00005,6,351,7.0,False,False,0
M4|C00005,mCherry-high,M4,M4_C00005,9,351,9.0,False,False,0
M4|C00005,mCherry-low,M4,M4_C00005,6,351,6.0,False,False,0
M4|C00005,mCherry-high,M4,M4_C00005,7,351,7.0,False,False,0
M4|C00005,mCherry-low,M4,M4_C00005,9,351,9.0,False,False,0
M4|C00005,mCherry-low,M4,M4_C00005,4,351,4.0,False,False,0
M4|C00005,mCherry-low,M4,M4_C00005,4,351,4.0,False,False,0
M4|C00005,mCherry-low,M4,M4_C00005,6,351,6.0,False,False,0
M4|C00005,mCherry-low,M4,M4_C00005,7,351,7.0,False,False,0
M4|C00005,mCherry-low,M4,M4_C00005,8,351,8.0,False,False,0
M4|C00005,mCherry-low,M4,M4_C00005,9,351,9.0,False,False,0
M4|C00005,mCherry-high,M4,M4_C00005,4,351,5.0,False,False,0
M4|C00005,mCherry-low,M4,M4_C00005,6,351,7.0,False,False,0
M4|C00005,mCherry-high,M4,M4_C00005,7,351,7.0,False,False,0
M4|C00005,mCherry-low,M4,M4_C00005,5,351,6.0,False,False,0
M4|C00005,mCherry-low,M4,M4_C00005,7,351,7.0,False,False,0
M4|C00005,mCherry-low,M4,M4_C00005,8,351,8.0,False,False,0
M4|C00005,mCherry-low,M4,M4_C00005,8,351,8.0,False,False,0
M4|C00005,mCherry-low,M4,M4_C00005,4,351,4.0,True,False,1
M4|C00005,mCherry-low,M4,M4_C00005,7,351,7.0,False,False,0
M4|C00005,mCherry-low,M4,M4_C00005,8,351,8.0,False,False,0
M4|C00005,mCherry-low,M4,M4_C00005,5,351,5.0,False,False,0
M4|C00006,mCherry-high,M4,M4_C00006,5,351,5.0,False,False,0
M4|C00006,mCherry-low,M4,M4_C00006,5,351,5.0,False,False,0
M4|C00006,mCherry-low,M4,M4_C00006,5,351,5.0,False,False,0
M4|C00006,mCherry-high,M4,M4_C00006,4,351,4.0,False,False,0
M4|C00006,mCherry-low,M4,M4_C00006,7,351,7.0,False,False,0
M4|C00006,mCherry-low,M4,M4_C00006,5,351,7.0,False,False,0
M4|C00006,mCherry-low,M4,M4_C00006,9,351,9.0,False,False,0
M4|C00006,mCherry-low,M4,M4_C00006,9,351,9.0,False,False,0
M4|C00006,mCherry-low,M4,M4_C00006,5,351,5.0,False,False,0
M4|C00006,mCherry-low,M4,M4_C00006,7,351,7.0,False,False,0
M4|C00006,mCherry-low,M4,M4_C00006,4,351,4.0,False,False,0
M4|C00006,mCherry-low,M4,M4_C00006,8,351,8.0,False,False,0
M4|C00006,mCherry-low,M4,M4_C00006,8,351,8.0,False,False,0
M4|C00006,mCherry-high,M4,M4_C00006,5,351,6.0,False,False,0
M4|C00006,mCherry-low,M4,M4_C00006,6,351,8.0,False,False,0
M4|C00006,mCherry-high,M4,M4_C00006,6,351,8.0,False,False,0
M4|C00006,mCherry-high,M4,M4_C00006,12,351,13.0,False,False,0
M4|C00006,mCherry-high,M4,M4_C00006,3,351,6.0,False,False,0
M4|C00007,mCherry-high,M4,M4_C00007,8,351,8.0,False,False,0
M4|C00007,mCherry-high,M4,M4_C00007,4,351,4.0,False,False,0
M4|C00007,mCherry-high,M4,M4_C00007,5,351,5.0,False,False,0
M4|C00007,mCherry-low,M4,M4_C00007,2,351,2.0,True,False,1
M4|C00007,mCherry-low,M4,M4_C00007,2,351,2.0,True,False,1
M4|C00007,mCherry-low,M4,M4_C00007,5,351,5.0,False,False,0
M4|C00007,mCherry-high,M4,M4_C00007,8,351,8.0,False,False,0
M4|C00007,mCherry-low,M4,M4_C00007,4,351,4.0,False,False,0
M4|C00007,mCherry-high,M4,M4_C00007,6,351,6.0,False,False,0
M4|C00007,mCherry-high,M4,M4_C00007,7,351,7.0,False,False,0
M4|C00007,mCherry-high,M4,M4_C00007,4,351,4.0,False,False,0
M4|C00007,mCherry-high,M4,M4_C00007,4,351,4.0,False,False,0
M4|C00007,mCherry-high,M4,M4_C00007,5,351,5.0,False,False,0
M4|C00007,mCherry-low,M4,M4_C00007,4,351,4.0,False,False,0
M4|C00007,mCherry-low,M4,M4_C00007,4,351,4.0,False,False,0
M4|C00007,mCherry-low,M4,M4_C00007,4,351,4.0,False,False,0
M4|C00007,mCherry-low,M4,M4_C00007,5,351,5.0,False,False,0
M4|C00007,mCherry-low,M4,M4_C00007,5,351,5.0,False,False,0
M4|C00009,mCherry-low,M4,M4_C00009,0,359,0.0,False,True,12
M4|C00009,mCherry-low,M4,M4_C00009,0,359,0.0,False,True,12
M4|C00009,mCherry-low,M4,M4_C00009,1,359,1.0,False,False,0
M4|C00009,mCherry-low,M4,M4_C00009,1,359,1.0,False,False,0
M4|C00009,mCherry-low,M4,M4_C00009,1,359,1.0,False,False,0
M4|C00009,mCherry-low,M4,M4_C00009,1,359,1.0,False,False,0
M4|C00009,mCherry-low,M4,M4_C00009,4,359,4.0,False,False,0
M4|C00009,mCherry-low,M4,M4_C00009,1,359,1.0,True,False,1
M4|C00009,mCherry-high,M4,M4_C00009,2,359,2.0,True,False,4
M4|C00009,mCherry-low,M4,M4_C00009,3,359,3.0,False,False,0
M4|C00009,mCherry-low,M4,M4_C00009,3,359,3.0,False,False,0
M4|C00009,mCherry-low,M4,M4_C00009,3,359,3.0,False,False,0
M4|C00009,mCherry-high,M4,M4_C00009,3,359,3.0,False,False,0
M4|C00009,mCherry-low,M4,M4_C00009,3,359,3.0,False,False,0
M4|C00009,mCherry-high,M4,M4_C00009,4,359,4.0,False,False,0
M4|C00010,mCherry-low,M4,M4_C00010,5,351,5.0,False,False,0
M4|C00010,mCherry-low,M4,M4_C00010,2,351,2.0,False,False,0
M4|C00010,mCherry-low,M4,M4_C00010,6,351,6.0,True,False,1
M4|C00010,mCherry-low,M4,M4_C00010,2,351,2.0,True,False,13
M4|C00010,mCherry-low,M4,M4_C00010,7,351,7.0,False,False,0
M4|C00010,mCherry-low,M4,M4_C00010,4,351,4.0,False,False,0
M4|C00010,mCherry-low,M4,M4_C00010,6,351,8.0,False,False,0
M4|C00010,mCherry-low,M4,M4_C00010,5,351,7.0,True,False,1
M4|C00010,mCherry-high,M4,M4_C00010,6,351,8.0,False,False,0
M4|C00010,mCherry-low,M4,M4_C00010,6,351,8.0,False,False,0
M4|C00010,mCherry-low,M4,M4_C00010,6,351,10.0,False,False,0
M4|C00010,mCherry-high,M4,M4_C00010,5,351,9.0,False,False,0
M4|C00010,mCherry-low,M4,M4_C00010,4,351,10.0,False,False,0
M4|C00011,mCherry-low,M4,M4_C00011,5,351,5.0,False,False,0
M4|C00011,mCherry-low,M4,M4_C00011,5,351,5.0,False,False,0
M4|C00011,mCherry-low,M4,M4_C00011,6,351,6.0,False,False,0
M4|C00011,mCherry-high,M4,M4_C00011,7,351,7.0,False,False,0
M4|C00011,mCherry-low,M4,M4_C00011,3,351,3.0,False,False,0
M4|C00011,mCherry-low,M4,M4_C00011,3,351,3.0,False,False,0
M4|C00011,mCherry-low,M4,M4_C00011,5,351,7.0,False,False,0
M4|C00011,mCherry-low,M4,M4_C00011,6,351,8.0,False,False,0
M4|C00012,mCherry-low,M4,M4_C00012,0,351,0.0,False,True,6
M4|C00012,mCherry-low,M4,M4_C00012,2,351,2.0,False,False,0
M4|C00012,mCherry-low,M4,M4_C00012,2,351,2.0,False,False,0
M4|C00012,mCherry-low,M4,M4_C00012,1,351,1.0,False,False,0
M4|C00012,mCherry-low,M4,M4_C00012,4,351,4.0,False,False,0
M4|C00012,mCherry-low,M4,M4_C00012,3,351,3.0,False,False,0
M4|C00013,mCherry-low,M4,M4_C00013,0,353,0.0,False,True,10
M4|C00013,mCherry-high,M4,M4_C00013,3,353,3.0,False,False,0
M4|C00013,mCherry-low,M4,M4_C00013,1,353,1.0,False,False,0
M4|C00013,mCherry-low,M4,M4_C00013,1,353,1.0,False,False,0
M4|C00013,mCherry-high,M4,M4_C00013,5,353,5.0,False,False,0
M4|C00013,mCherry-low,M4,M4_C00013,4,353,4.0,False,False,0
M4|C00013,mCherry-low,M4,M4_C00013,2,353,2.0,False,False,0
M4|C00013,mCherry-low,M4,M4_C00013,5,353,5.0,False,False,0
M4|C00013,mCherry-low,M4,M4_C00013,4,353,4.0,False,False,0
M4|C00013,mCherry-low,M4,M4_C00013,3,353,3.0,False,False,0
M4|C00013,mCherry-low,M4,M4_C00013,2,353,2.0,False,False,0
M4|C00014,mCherry-high,M4,M4_C00014,0,351,0.0,False,True,7
M4|C00014,mCherry-low,M4,M4_C00014,0,351,0.0,False,True,7
M4|C00014,mCherry-low,M4,M4_C00014,0,351,0.0,False,True,7
M4|C00014,mCherry-high,M4,M4_C00014,3,351,3.0,False,False,0
M4|C00014,mCherry-high,M4,M4_C00014,3,351,3.0,False,False,0
M4|C00014,mCherry-low,M4,M4_C00014,2,351,2.0,False,False,0
M4|C00014,mCherry-high,M4,M4_C00014,2,351,2.0,False,False,0
M4|C00014,mCherry-low,M4,M4_C00014,1,351,1.0,True,False,2
M4|C00014,mCherry-low,M4,M4_C00014,3,351,3.0,False,False,0
M4|C00014,mCherry-high,M4,M4_C00014,2,351,2.0,False,False,0
M4|C00017,mCherry-low,M4,M4_C00017,0,356,0.0,False,True,8
M4|C00017,mCherry-low,M4,M4_C00017,10,356,10.0,False,False,0
M4|C00017,mCherry-low,M4,M4_C00017,4,356,4.0,False,False,0
M4|C00017,mCherry-low,M4,M4_C00017,7,356,7.0,False,False,0
M4|C00017,mCherry-high,M4,M4_C00017,8,356,8.0,False,False,0
M4|C00017,mCherry-low,M4,M4_C00017,5,356,5.0,False,False,0
M4|C00017,mCherry-low,M4,M4_C00017,8,356,8.0,False,False,0
M4|C00018,mCherry-high,M4,M4_C00018,5,351,5.0,False,False,0
M4|C00018,mCherry-high,M4,M4_C00018,2,351,2.0,False,False,0
M4|C00018,mCherry-low,M4,M4_C00018,3,351,3.0,False,False,0
M4|C00018,mCherry-low,M4,M4_C00018,2,351,2.0,False,False,0
M4|C00018,mCherry-low,M4,M4_C00018,2,351,2.0,True,False,1
M4|C00018,mCherry-low,M4,M4_C00018,2,351,2.0,True,False,1
M4|C00018,mCherry-low,M4,M4_C00018,4,351,4.0,False,False,0
M4|C00019,mCherry-low,M4,M4_C00019,0,351,0.0,False,True,3
M4|C00019,mCherry-low,M4,M4_C00019,0,351,0.0,False,True,3
M4|C00019,mCherry-low,M4,M4_C00019,4,351,4.0,False,False,0
M4|C00019,mCherry-low,M4,M4_C00019,9,351,9.0,False,False,0
M4|C00019,mCherry-low,M4,M4_C00019,6,351,6.0,False,False,0
M4|C00020,mCherry-low,M4,M4_C00020,10,351,10.0,False,False,0
M4|C00020,mCherry-high,M4,M4_C00020,6,351,6.0,False,False,0
M4|C00020,mCherry-high,M4,M4_C00020,4,351,4.0,False,False,0
M4|C00020,mCherry-high,M4,M4_C00020,5,351,5.0,False,False,0
M4|C00021,mCherry-high,M4,M4_C00021,9,351,9.0,False,False,0
M4|C00021,mCherry-high,M4,M4_C00021,5,351,5.0,False,False,0
M4|C00021,mCherry-low,M4,M4_C00021,6,351,6.0,False,False,0
M4|C00021,mCherry-low,M4,M4_C00021,7,351,7.0,False,False,0
M4|C00022,mCherry-low,M4,M4_C00022,4,351,4.0,False,False,0
M4|C00022,mCherry-high,M4,M4_C00022,6,351,7.0,False,False,0
M4|C00022,mCherry-low,M4,M4_C00022,7,351,7.0,False,False,0
M4|C00022,mCherry-high,M4,M4_C00022,6,351,6.0,False,False,0
M4|C00022,mCherry-high,M4,M4_C00022,7,351,9.0,False,False,0
M4|C00023,mCherry-low,M4,M4_C00023,9,351,9.0,False,False,0
M4|C00023,mCherry-low,M4,M4_C00023,8,351,8.0,False,False,0
M4|C00023,mCherry-low,M4,M4_C00023,8,351,8.0,False,False,0
M4|C00023,mCherry-high,M4,M4_C00023,8,351,8.0,False,False,0
M4|C00023,mCherry-low,M4,M4_C00023,11,351,11.0,False,False,0
M4|C00023,mCherry-low,M4,M4_C00023,7,351,7.0,False,False,0
M4|C00024,mCherry-low,M4,M4_C00024,2,359,2.0,True,False,6
M4|C00024,mCherry-low,M4,M4_C00024,3,359,3.0,False,False,0
M4|C00024,mCherry-high,M4,M4_C00024,3,359,3.0,False,False,0
M4|C00024,mCherry-high,M4,M4_C00024,6,359,6.0,False,False,0
M4|C00024,mCherry-low,M4,M4_C00024,6,359,6.0,False,False,0
M4|C00024,mCherry-low,M4,M4_C00024,6,359,6.0,False,False,0
M4|C00025,mCherry-low,M4,M4_C00025,0,351,0.0,False,True,2
M4|C00025,mCherry-low,M4,M4_C00025,0,351,0.0,False,True,2
M4|C00025,mCherry-low,M4,M4_C00025,2,351,2.0,False,False,0
M4|C00025,mCherry-low,M4,M4_C00025,1,351,1.0,False,False,0
M4|C00026,mCherry-low,M4,M4_C00026,3,353,3.0,False,False,0
M4|C00026,mCherry-low,M4,M4_C00026,10,353,10.0,False,False,0
M4|C00026,mCherry-high,M4,M4_C00026,1,353,1.0,False,False,0
M4|C00026,mCherry-low,M4,M4_C00026,2,353,3.0,False,False,0
M4|C00026,mCherry-low,M4,M4_C00026,7,353,7.0,False,False,0
M4|C00027,mCherry-low,M4,M4_C00027,5,359,5.0,False,False,0
M4|C00027,mCherry-high,M4,M4_C00027,9,359,9.0,False,False,0
M4|C00027,mCherry-low,M4,M4_C00027,5,359,5.0,True,False,1
M4|C00027,mCherry-low,M4,M4_C00027,7,359,7.0,False,False,0
M4|C00028,mCherry-low,M4,M4_C00028,7,358,7.0,True,False,2
M4|C00028,mCherry-low,M4,M4_C00028,7,358,7.0,True,False,2
M4|C00028,mCherry-low,M4,M4_C00028,8,358,8.0,False,False,0
M4|C00028,mCherry-low,M4,M4_C00028,8,358,8.0,False,False,0
M4|C00029,mCherry-high,M4,M4_C00029,3,351,3.0,False,False,0
M4|C00029,mCherry-high,M4,M4_C00029,8,351,9.0,False,False,0
M4|C00029,mCherry-high,M4,M4_C00029,5,351,5.0,False,False,0
M4|C00030,mCherry-low,M4,M4_C00030,1,359,1.0,False,False,0
M4|C00030,mCherry-high,M4,M4_C00030,3,359,3.0,False,False,0
M4|C00030,mCherry-high,M4,M4_C00030,4,359,4.0,False,False,0
M5|C00001,mCherry-high,M5,M5_C00001,5,351,5.0,False,False,0
M5|C00001,mCherry-low,M5,M5_C00001,1,351,1.0,False,False,0
M5|C00001,mCherry-low,M5,M5_C00001,5,351,5.0,False,False,0
M5|C00001,mCherry-low,M5,M5_C00001,4,351,4.0,False,False,0
M5|C00001,mCherry-low,M5,M5_C00001,3,351,3.0,False,False,0
M5|C00001,mCherry-low,M5,M5_C00001,2,351,2.0,True,False,3
M5|C00001,mCherry-high,M5,M5_C00001,7,351,7.0,False,False,0
M5|C00001,mCherry-low,M5,M5_C00001,7,351,7.0,False,False,0
M5|C00001,mCherry-high,M5,M5_C00001,4,351,4.0,False,False,0
M5|C00001,mCherry-high,M5,M5_C00001,3,351,3.0,False,False,0
M5|C00001,mCherry-low,M5,M5_C00001,4,351,4.0,True,False,1
M5|C00001,mCherry-low,M5,M5_C00001,4,351,4.0,True,False,1
M5|C00001,mCherry-high,M5,M5_C00001,4,351,4.0,False,False,0
M5|C00001,mCherry-low,M5,M5_C00001,4,351,4.0,True,False,1
M5|C00001,mCherry-high,M5,M5_C00001,6,351,6.0,False,False,0
M5|C00001,mCherry-high,M5,M5_C00001,8,351,8.0,False,False,0
M5|C00001,mCherry-low,M5,M5_C00001,4,351,4.0,False,False,0
M5|C00001,mCherry-high,M5,M5_C00001,4,351,4.0,False,False,0
M5|C00001,mCherry-high,M5,M5_C00001,5,351,5.0,False,False,0
M5|C00001,mCherry-low,M5,M5_C00001,7,351,7.0,False,False,0
M5|C00001,mCherry-low,M5,M5_C00001,5,351,5.0,False,False,0
M5|C00001,mCherry-low,M5,M5_C00001,9,351,9.0,False,False,0
M5|C00001,mCherry-high,M5,M5_C00001,6,351,6.0,False,False,0
M5|C00001,mCherry-high,M5,M5_C00001,4,351,4.0,False,False,0
M5|C00001,mCherry-low,M5,M5_C00001,4,351,4.0,False,False,0
M5|C00001,mCherry-low,M5,M5_C00001,5,351,5.0,False,False,0
M5|C00001,mCherry-low,M5,M5_C00001,6,351,6.0,False,False,0
M5|C00001,mCherry-high,M5,M5_C00001,9,351,9.0,False,False,0
M5|C00001,mCherry-low,M5,M5_C00001,7,351,9.0,False,False,0
M5|C00001,mCherry-low,M5,M5_C00001,4,351,4.0,False,False,0
M5|C00001,mCherry-low,M5,M5_C00001,9,351,9.0,False,False,0
M5|C00001,mCherry-low,M5,M5_C00001,7,351,7.0,True,False,1
M5|C00001,mCherry-low,M5,M5_C00001,7,351,7.0,True,False,1
M5|C00001,mCherry-low,M5,M5_C00001,4,351,4.0,True,False,2
M5|C00001,mCherry-low,M5,M5_C00001,4,351,4.0,True,False,2
M5|C00001,mCherry-low,M5,M5_C00001,7,351,7.0,False,False,0
M5|C00001,mCherry-low,M5,M5_C00001,6,351,7.0,True,False,2
M5|C00001,mCherry-low,M5,M5_C00001,9,351,9.0,False,False,0
M5|C00001,mCherry-low,M5,M5_C00001,6,351,6.0,False,False,0
M5|C00001,mCherry-low,M5,M5_C00001,6,351,6.0,False,False,0
M5|C00001,mCherry-low,M5,M5_C00001,10,351,11.0,False,False,0
M5|C00001,mCherry-low,M5,M5_C00001,7,351,8.0,False,False,0
M5|C00002,mCherry-high,M5,M5_C00002,0,351,0.0,False,True,19
M5|C00002,mCherry-low,M5,M5_C00002,0,351,0.0,False,True,19
M5|C00002,mCherry-high,M5,M5_C00002,6,351,6.0,False,False,0
M5|C00002,mCherry-low,M5,M5_C00002,4,351,4.0,False,False,0
M5|C00002,mCherry-low,M5,M5_C00002,3,351,3.0,False,False,0
M5|C00002,mCherry-low,M5,M5_C00002,1,351,1.0,False,False,0
M5|C00002,mCherry-low,M5,M5_C00002,3,351,3.0,False,False,0
M5|C00002,mCherry-low,M5,M5_C00002,3,351,3.0,False,False,0
M5|C00002,mCherry-low,M5,M5_C00002,6,351,6.0,False,False,0
M5|C00002,mCherry-high,M5,M5_C00002,5,351,5.0,False,False,0
M5|C00002,mCherry-high,M5,M5_C00002,5,351,5.0,False,False,0
M5|C00002,mCherry-low,M5,M5_C00002,6,351,6.0,False,False,0
M5|C00002,mCherry-high,M5,M5_C00002,2,351,2.0,True,False,1
M5|C00002,mCherry-low,M5,M5_C00002,2,351,2.0,False,False,0
M5|C00002,mCherry-high,M5,M5_C00002,3,351,3.0,False,False,0
M5|C00002,mCherry-high,M5,M5_C00002,6,351,6.0,False,False,0
M5|C00002,mCherry-high,M5,M5_C00002,3,351,3.0,False,False,0
M5|C00003,mCherry-high,M5,M5_C00003,8,351,8.0,False,False,0
M5|C00003,mCherry-high,M5,M5_C00003,9,351,9.0,False,False,0
M5|C00003,mCherry-high,M5,M5_C00003,5,351,5.0,False,False,0
M5|C00003,mCherry-low,M5,M5_C00003,8,351,8.0,False,False,0
M5|C00003,mCherry-low,M5,M5_C00003,6,351,6.0,False,False,0
M5|C00003,mCherry-low,M5,M5_C00003,6,351,6.0,False,False,0
M5|C00003,mCherry-low,M5,M5_C00003,10,351,10.0,False,False,0
M5|C00003,mCherry-high,M5,M5_C00003,6,351,8.0,False,False,0
M5|C00003,mCherry-low,M5,M5_C00003,4,351,4.0,True,False,3
M5|C00003,mCherry-low,M5,M5_C00003,9,351,9.0,False,False,0
M5|C00003,mCherry-low,M5,M5_C00003,5,351,5.0,False,False,0
M5|C00003,mCherry-low,M5,M5_C00003,5,351,5.0,False,False,0
M5|C00004,mCherry-low,M5,M5_C00004,3,351,3.0,False,False,0
M5|C00004,mCherry-high,M5,M5_C00004,9,351,9.0,False,False,0
M5|C00004,mCherry-high,M5,M5_C00004,4,351,4.0,False,False,0
M5|C00004,mCherry-high,M5,M5_C00004,3,351,3.0,True,False,1
M5|C00004,mCherry-low,M5,M5_C00004,4,351,4.0,True,False,1
M5|C00004,mCherry-low,M5,M5_C00004,9,351,9.0,False,False,0
M5|C00004,mCherry-low,M5,M5_C00004,6,351,6.0,False,False,0
M5|C00005,mCherry-high,M5,M5_C00005,1,359,1.0,True,False,6
M5|C00005,mCherry-high,M5,M5_C00005,2,359,2.0,False,False,0
M5|C00005,mCherry-high,M5,M5_C00005,2,359,2.0,False,False,0
M5|C00005,mCherry-low,M5,M5_C00005,2,359,2.0,True,False,1
M5|C00005,mCherry-high,M5,M5_C00005,2,359,2.0,True,False,1
M5|C00005,mCherry-low,M5,M5_C00005,4,359,4.0,False,False,0
M5|C00005,mCherry-high,M5,M5_C00005,3,359,3.0,False,False,0
M5|C00006,mCherry-low,M5,M5_C00006,10,351,10.0,False,False,0
M5|C00006,mCherry-high,M5,M5_C00006,10,351,10.0,False,False,0
M5|C00006,mCherry-low,M5,M5_C00006,8,351,8.0,False,False,0
M5|C00006,mCherry-low,M5,M5_C00006,7,351,7.0,False,False,0
M5|C00007,mCherry-low,M5,M5_C00007,11,351,11.0,False,False,0
M5|C00007,mCherry-low,M5,M5_C00007,11,351,11.0,False,False,0
M5|C00007,mCherry-low,M5,M5_C00007,5,351,5.0,False,False,0
M5|C00007,mCherry-low,M5,M5_C00007,8,351,8.0,False,False,0
M5|C00008,mCherry-high,M5,M5_C00008,3,351,3.0,False,False,0
M5|C00008,mCherry-high,M5,M5_C00008,9,351,9.0,False,False,0
M5|C00008,mCherry-high,M5,M5_C00008,4,351,4.0,False,False,0
M5|C00008,mCherry-high,M5,M5_C00008,7,351,8.0,False,False,0
M5|C00009,mCherry-low,M5,M5_C00009,2,351,2.0,True,False,2
M5|C00009,mCherry-low,M5,M5_C00009,4,351,4.0,False,False,0
M5|C00009,mCherry-high,M5,M5_C00009,7,351,7.0,False,False,0
M6|C00001,mCherry-low,M6,M6_C00001,7,351,7.0,False,False,0
M6|C00001,mCherry-high,M6,M6_C00001,2,351,2.0,False,False,0
M6|C00001,mCherry-high,M6,M6_C00001,2,351,2.0,False,False,0
M6|C00001,mCherry-low,M6,M6_C00001,2,351,2.0,False,False,0
M6|C00001,mCherry-low,M6,M6_C00001,6,351,7.0,False,False,0
M6|C00001,mCherry-high,M6,M6_C00001,11,351,11.0,False,False,0
M6|C00001,mCherry-low,M6,M6_C00001,7,351,7.0,False,False,0
M6|C00001,mCherry-low,M6,M6_C00001,7,351,7.0,False,False,0
M6|C00001,mCherry-low,M6,M6_C00001,7,351,7.0,False,False,0
M6|C00001,mCherry-low,M6,M6_C00001,3,351,3.0,False,False,0
M6|C00001,mCherry-low,M6,M6_C00001,2,351,2.0,False,False,0
M6|C00001,mCherry-low,M6,M6_C00001,2,351,2.0,False,False,0
M6|C00001,mCherry-high,M6,M6_C00001,5,351,5.0,False,False,0
M6|C00001,mCherry-low,M6,M6_C00001,5,351,5.0,False,False,0
M6|C00001,mCherry-low,M6,M6_C00001,4,351,4.0,False,False,0
M6|C00001,mCherry-low,M6,M6_C00001,4,351,4.0,False,False,0
M6|C00001,mCherry-low,M6,M6_C00001,2,351,2.0,True,False,5
M6|C00001,mCherry-low,M6,M6_C00001,6,351,6.0,False,False,0
M6|C00001,mCherry-low,M6,M6_C00001,8,351,8.0,False,False,0
M6|C00001,mCherry-high,M6,M6_C00001,12,351,14.0,False,False,0
M6|C00001,mCherry-low,M6,M6_C00001,6,351,6.0,False,False,0
M6|C00001,mCherry-low,M6,M6_C00001,6,351,6.0,False,False,0
M6|C00001,mCherry-low,M6,M6_C00001,5,351,5.0,True,False,1
M6|C00001,mCherry-low,M6,M6_C00001,5,351,5.0,True,False,1
M6|C00001,mCherry-high,M6,M6_C00001,5,351,5.0,False,False,0
M6|C00001,mCherry-low,M6,M6_C00001,5,351,5.0,False,False,0
M6|C00001,mCherry-low,M6,M6_C00001,4,351,4.0,False,False,0
M6|C00001,mCherry-low,M6,M6_C00001,4,351,4.0,False,False,0
M6|C00001,mCherry-high,M6,M6_C00001,4,351,4.0,False,False,0
M6|C00001,mCherry-low,M6,M6_C00001,5,351,5.0,False,False,0
M6|C00001,mCherry-high,M6,M6_C00001,5,351,5.0,False,False,0
M6|C00001,mCherry-high,M6,M6_C00001,6,351,6.0,False,False,0
M6|C00001,mCherry-low,M6,M6_C00001,7,351,7.0,False,False,0
M6|C00001,mCherry-low,M6,M6_C00001,5,351,5.0,False,False,0
M6|C00001,mCherry-low,M6,M6_C00001,4,351,4.0,False,False,0
M6|C00001,mCherry-low,M6,M6_C00001,4,351,4.0,False,False,0
M6|C00001,mCherry-low,M6,M6_C00001,9,351,9.0,False,False,0
M6|C00001,mCherry-low,M6,M6_C00001,9,351,9.0,False,False,0
M6|C00002,mCherry-low,M6,M6_C00002,0,351,0.0,False,True,18
M6|C00002,mCherry-low,M6,M6_C00002,0,351,0.0,False,True,18
M6|C00002,mCherry-low,M6,M6_C00002,0,351,0.0,False,True,18
M6|C00002,mCherry-low,M6,M6_C00002,1,351,1.0,False,False,0
M6|C00002,mCherry-high,M6,M6_C00002,1,351,1.0,False,False,0
M6|C00002,mCherry-high,M6,M6_C00002,8,351,8.0,False,False,0
M6|C00002,mCherry-low,M6,M6_C00002,2,351,2.0,True,False,1
M6|C00002,mCherry-low,M6,M6_C00002,6,351,6.0,True,False,2
M6|C00002,mCherry-low,M6,M6_C00002,2,351,2.0,True,False,3
M6|C00002,mCherry-low,M6,M6_C00002,4,351,4.0,False,False,0
M6|C00002,mCherry-low,M6,M6_C00002,8,351,8.0,False,False,0
M6|C00002,mCherry-low,M6,M6_C00002,8,351,8.0,False,False,0
M6|C00002,mCherry-low,M6,M6_C00002,6,351,6.0,False,False,0
M6|C00002,mCherry-low,M6,M6_C00002,3,351,3.0,False,False,0
M6|C00002,mCherry-low,M6,M6_C00002,6,351,6.0,False,False,0
M6|C00002,mCherry-low,M6,M6_C00002,4,351,4.0,False,False,0
M6|C00002,mCherry-low,M6,M6_C00002,8,351,8.0,False,False,0
M6|C00002,mCherry-low,M6,M6_C00002,6,351,7.0,False,False,0
M6|C00002,mCherry-high,M6,M6_C00002,11,351,11.0,False,False,0
M6|C00003,mCherry-low,M6,M6_C00003,2,351,2.0,True,False,10
M6|C00003,mCherry-low,M6,M6_C00003,4,351,4.0,False,False,0
M6|C00003,mCherry-low,M6,M6_C00003,3,351,3.0,False,False,0
M6|C00003,mCherry-low,M6,M6_C00003,3,351,3.0,False,False,0
M6|C00003,mCherry-low,M6,M6_C00003,4,351,4.0,False,False,0
M6|C00003,mCherry-high,M6,M6_C00003,5,351,6.0,False,False,0
M6|C00003,mCherry-high,M6,M6_C00003,3,351,3.0,False,False,0
M6|C00003,mCherry-low,M6,M6_C00003,5,351,5.0,False,False,0
M6|C00003,mCherry-low,M6,M6_C00003,3,351,3.0,False,False,0
M6|C00003,mCherry-high,M6,M6_C00003,7,351,8.0,False,False,0
M6|C00003,mCherry-low,M6,M6_C00003,7,351,7.0,False,False,0
M6|C00003,mCherry-low,M6,M6_C00003,7,351,7.0,False,False,0
M6|C00005,mCherry-high,M6,M6_C00005,7,351,7.0,False,False,0
M6|C00005,mCherry-low,M6,M6_C00005,7,351,7.0,True,False,1
M6|C00005,mCherry-low,M6,M6_C00005,9,351,9.0,False,False,0
M6|C00006,mCherry-high,M6,M6_C00006,0,351,0.0,False,True,9
M6|C00006,mCherry-high,M6,M6_C00006,3,351,3.0,True,False,1
M6|C00006,mCherry-low,M6,M6_C00006,5,351,5.0,False,False,0
M6|C00006,mCherry-high,M6,M6_C00006,4,351,4.0,False,False,0
M6|C00006,mCherry-high,M6,M6_C00006,7,351,7.0,False,False,0
M6|C00006,mCherry-high,M6,M6_C00006,10,351,10.0,False,False,0
M6|C00006,mCherry-high,M6,M6_C00006,12,351,13.0,False,False,0
M6|C00007,mCherry-low,M6,M6_C00007,5,351,5.0,False,False,0
M6|C00007,mCherry-high,M6,M6_C00007,147,351,149.0,False,False,0
M6|C00007,mCherry-high,M6,M6_C00007,9,351,9.0,False,False,0
M6|C00007,mCherry-high,M6,M6_C00007,9,351,9.0,False,False,0
M6|C00007,mCherry-low,M6,M6_C00007,6,351,6.0,False,False,0
M6|C00007,mCherry-low,M6,M6_C00007,9,351,9.0,False,False,0
M6|C00007,mCherry-low,M6,M6_C00007,7,351,7.0,False,False,0
M6|C00007,mCherry-low,M6,M6_C00007,7,351,7.0,False,False,0
M6|C00007,mCherry-low,M6,M6_C00007,7,351,7.0,False,False,0
M6|C00007,mCherry-low,M6,M6_C00007,7,351,7.0,False,False,0
M6|C00007,mCherry-low,M6,M6_C00007,8,351,8.0,False,False,0
M6|C00008,mCherry-high,M6,M6_C00008,5,351,5.0,False,False,0
M6|C00008,mCherry-low,M6,M6_C00008,7,351,7.0,False,False,0
M6|C00008,mCherry-low,M6,M6_C00008,3,351,3.0,False,False,0
M6|C00008,mCherry-low,M6,M6_C00008,4,351,4.0,False,False,0
M6|C00008,mCherry-high,M6,M6_C00008,5,351,5.0,True,False,1
M6|C00008,mCherry-high,M6,M6_C00008,2,351,2.0,True,False,2
M6|C00008,mCherry-high,M6,M6_C00008,6,351,6.0,False,False,0
M6|C00008,mCherry-high,M6,M6_C00008,5,351,5.0,False,False,0
M6|C00008,mCherry-low,M6,M6_C00008,3,351,3.0,False,False,0
M6|C00008,mCherry-low,M6,M6_C00008,3,351,3.0,False,False,0
M6|C00009,mCherry-high,M6,M6_C00009,6,351,6.0,False,False,0
M6|C00009,mCherry-high,M6,M6_C00009,3,351,3.0,False,False,0
M6|C00009,mCherry-high,M6,M6_C00009,9,351,9.0,False,False,0
M6|C00009,mCherry-high,M6,M6_C00009,5,351,5.0,False,False,0
M6|C00009,mCherry-low,M6,M6_C00009,4,351,6.0,False,False,0
M6|C00009,mCherry-high,M6,M6_C00009,6,351,8.0,False,False,0
M6|C00009,mCherry-low,M6,M6_C00009,6,351,6.0,False,False,0
M6|C00009,mCherry-low,M6,M6_C00009,15,351,15.0,False,False,0
M6|C00009,mCherry-low,M6,M6_C00009,9,351,9.0,False,False,0
M6|C00011,mCherry-low,M6,M6_C00011,12,351,12.0,False,False,0
M6|C00011,mCherry-high,M6,M6_C00011,10,351,10.0,False,False,0
M6|C00011,mCherry-high,M6,M6_C00011,5,351,5.0,True,False,5
M6|C00011,mCherry-high,M6,M6_C00011,10,351,10.0,False,False,0
M6|C00011,mCherry-high,M6,M6_C00011,7,351,7.0,False,False,0
M6|C00011,mCherry-high,M6,M6_C00011,7,351,7.0,False,False,0
M6|C00011,mCherry-high,M6,M6_C00011,6,351,6.0,False,False,0
M6|C00011,mCherry-low,M6,M6_C00011,7,351,7.0,False,False,0
M6|C00012,mCherry-high,M6,M6_C00012,4,351,4.0,False,False,0
M6|C00012,mCherry-low,M6,M6_C00012,2,351,2.0,True,False,6
M6|C00012,mCherry-high,M6,M6_C00012,6,351,6.0,False,False,0
M6|C00012,mCherry-high,M6,M6_C00012,8,351,8.0,False,False,0
M6|C00012,mCherry-low,M6,M6_C00012,4,351,4.0,False,False,0
M6|C00012,mCherry-low,M6,M6_C00012,4,351,4.0,True,False,1
M6|C00012,mCherry-high,M6,M6_C00012,9,351,10.0,False,False,0
M6|C00013,mCherry-high,M6,M6_C00013,10,359,10.0,False,False,0
M6|C00013,mCherry-high,M6,M6_C00013,13,359,14.0,False,False,0
M6|C00013,mCherry-low,M6,M6_C00013,9,359,9.0,False,False,0
M6|C00013,mCherry-low,M6,M6_C00013,11,359,11.0,False,False,0
M6|C00013,mCherry-low,M6,M6_C00013,10,359,10.0,False,False,0
M6|C00013,mCherry-low,M6,M6_C00013,10,359,12.0,False,False,0
M6|C00013,mCherry-high,M6,M6_C00013,9,359,9.0,False,False,0
M6|C00014,mCherry-low,M6,M6_C00014,9,351,9.0,False,False,0
M6|C00014,mCherry-low,M6,M6_C00014,11,351,11.0,False,False,0
M6|C00014,mCherry-low,M6,M6_C00014,7,351,7.0,False,False,0
M6|C00014,mCherry-high,M6,M6_C00014,11,351,11.0,False,False,0
M6|C00014,mCherry-low,M6,M6_C00014,12,351,12.0,False,False,0
M6|C00014,mCherry-low,M6,M6_C00014,11,351,11.0,False,False,0
M6|C00014,mCherry-low,M6,M6_C00014,10,351,10.0,False,False,0
M6|C00015,mCherry-low,M6,M6_C00015,3,351,3.0,True,False,6
M6|C00015,mCherry-low,M6,M6_C00015,4,351,4.0,False,False,0
M6|C00015,mCherry-low,M6,M6_C00015,7,351,9.0,False,False,0
M6|C00015,mCherry-low,M6,M6_C00015,6,351,6.0,True,False,2
M6|C00015,mCherry-low,M6,M6_C00015,11,351,11.0,False,False,0
M6|C00015,mCherry-low,M6,M6_C00015,9,351,9.0,False,False,0
M6|C00016,mCherry-low,M6,M6_C00016,7,351,7.0,False,False,0
M6|C00016,mCherry-low,M6,M6_C00016,5,351,5.0,False,False,0
M6|C00016,mCherry-low,M6,M6_C00016,5,351,5.0,False,False,0
M6|C00017,mCherry-low,M6,M6_C00017,3,351,3.0,True,False,3
M6|C00017,mCherry-low,M6,M6_C00017,7,351,7.0,False,False,0
M6|C00017,mCherry-low,M6,M6_C00017,4,351,4.0,False,False,0
M6|C00017,mCherry-low,M6,M6_C00017,5,351,5.0,False,False,0
M6|C00018,mCherry-high,M6,M6_C00018,2,351,2.0,False,False,0
M6|C00018,mCherry-high,M6,M6_C00018,1,351,1.0,True,False,3
M6|C00018,mCherry-high,M6,M6_C00018,5,351,5.0,False,False,0
M6|C00018,mCherry-high,M6,M6_C00018,3,351,3.0,False,False,0
M6|C00018,mCherry-high,M6,M6_C00018,7,351,7.0,False,False,0
M6|C00019,mCherry-low,M6,M6_C00019,11,351,11.0,False,False,0
M6|C00019,mCherry-low,M6,M6_C00019,8,351,8.0,False,False,0
M6|C00019,mCherry-low,M6,M6_C00019,5,351,5.0,False,False,0
M6|C00019,mCherry-low,M6,M6_C00019,7,351,7.0,False,False,0
M6|C00020,mCherry-low,M6,M6_C00020,10,351,10.0,False,False,0
M6|C00020,mCherry-low,M6,M6_C00020,8,351,8.0,False,False,0
M6|C00020,mCherry-low,M6,M6_C00020,13,351,14.0,False,False,0
M6|C00020,mCherry-low,M6,M6_C00020,13,351,13.0,False,False,0
M6|C00021,mCherry-high,M6,M6_C00021,6,351,6.0,False,False,0
M6|C00021,mCherry-high,M6,M6_C00021,9,351,9.0,False,False,0
M6|C00021,mCherry-high,M6,M6_C00021,5,351,5.0,False,False,0
M6|C00023,mCherry-low,M6,M6_C00023,5,351,5.0,False,False,0
M6|C00023,mCherry-high,M6,M6_C00023,4,351,4.0,False,False,0
M6|C00023,mCherry-low,M6,M6_C00023,7,351,7.0,False,False,0
M6|C00023,mCherry-low,M6,M6_C00023,3,351,5.0,False,False,0
M6|C00024,mCherry-high,M6,M6_C00024,0,351,0.0,False,True,2
M6|C00024,mCherry-high,M6,M6_C00024,4,351,4.0,False,False,0
M6|C00024,mCherry-low,M6,M6_C00024,1,351,1.0,False,False,0
M6|C00024,mCherry-low,M6,M6_C00024,1,351,1.0,False,False,0
M6|C00025,mCherry-low,M6,M6_C00025,9,351,9.0,False,False,0
M6|C00025,mCherry-low,M6,M6_C00025,13,351,13.0,False,False,0
M6|C00025,mCherry-high,M6,M6_C00025,10,351,10.0,False,False,0
M6|C00026,mCherry-low,M6,M6_C00026,0,351,0.0,False,True,2
M6|C00026,mCherry-low,M6,M6_C00026,1,351,1.0,False,False,0
M6|C00026,mCherry-low,M6,M6_C00026,1,351,1.0,False,False,0
M6|C00027,mCherry-low,M6,M6_C00027,1,356,1.0,False,False,0
M6|C00027,mCherry-low,M6,M6_C00027,2,356,2.0,False,False,0
M6|C00027,mCherry-low,M6,M6_C00027,2,356,2.0,False,False,0
M6|C00028,mCherry-high,M6,M6_C00028,3,351,3.0,False,False,0
M6|C00028,mCherry-high,M6,M6_C00028,4,351,4.0,False,False,0
M6|C00028,mCherry-high,M6,M6_C00028,5,351,5.0,False,False,0
M6|C00030,mCherry-low,M6,M6_C00030,10,351,11.0,False,False,0
M6|C00030,mCherry-high,M6,M6_C00030,10,351,12.0,False,False,0
M6|C00030,mCherry-high,M6,M6_C00030,13,351,13.0,False,False,0
M7|C00001,mCherry-low,M7,M7_C00001,2,351,2.0,False,False,0
M7|C00001,mCherry-low,M7,M7_C00001,5,351,5.0,False,False,0
M7|C00001,mCherry-low,M7,M7_C00001,5,351,5.0,False,False,0
M7|C00001,mCherry-high,M7,M7_C00001,4,351,4.0,False,False,0
M7|C00001,mCherry-high,M7,M7_C00001,4,351,4.0,False,False,0
M7|C00001,mCherry-low,M7,M7_C00001,3,351,3.0,True,False,3
M7|C00001,mCherry-high,M7,M7_C00001,3,351,3.0,True,False,3
M7|C00001,mCherry-low,M7,M7_C00001,3,351,3.0,True,False,3
M7|C00001,mCherry-low,M7,M7_C00001,4,351,4.0,False,False,0
M7|C00001,mCherry-low,M7,M7_C00001,4,351,4.0,False,False,0
M7|C00001,mCherry-low,M7,M7_C00001,4,351,4.0,False,False,0
M7|C00001,mCherry-low,M7,M7_C00001,6,351,6.0,True,False,1
M7|C00001,mCherry-low,M7,M7_C00001,6,351,6.0,True,False,1
M7|C00001,mCherry-low,M7,M7_C00001,6,351,6.0,True,False,1
M7|C00001,mCherry-high,M7,M7_C00001,5,351,5.0,False,False,0
M7|C00001,mCherry-high,M7,M7_C00001,6,351,6.0,False,False,0
M7|C00001,mCherry-low,M7,M7_C00001,8,351,8.0,False,False,0
M7|C00001,mCherry-low,M7,M7_C00001,7,351,7.0,False,False,0
M7|C00001,mCherry-low,M7,M7_C00001,4,351,4.0,True,False,3
M7|C00001,mCherry-low,M7,M7_C00001,8,351,8.0,False,False,0
M7|C00001,mCherry-low,M7,M7_C00001,10,351,10.0,False,False,0
M7|C00001,mCherry-low,M7,M7_C00001,6,351,6.0,False,False,0
M7|C00001,mCherry-low,M7,M7_C00001,6,351,6.0,False,False,0
M7|C00001,mCherry-high,M7,M7_C00001,6,351,6.0,False,False,0
M7|C00001,mCherry-low,M7,M7_C00001,6,351,6.0,False,False,0
M7|C00001,mCherry-low,M7,M7_C00001,7,351,7.0,False,False,0
M7|C00001,mCherry-low,M7,M7_C00001,6,351,7.0,False,False,0
M7|C00001,mCherry-low,M7,M7_C00001,9,351,10.0,False,False,0
M7|C00001,mCherry-low,M7,M7_C00001,4,351,5.0,True,False,20
M7|C00001,mCherry-high,M7,M7_C00001,9,351,10.0,False,False,0
M7|C00001,mCherry-high,M7,M7_C00001,9,351,9.0,False,False,0
M7|C00001,mCherry-low,M7,M7_C00001,10,351,10.0,False,False,0
M7|C00001,mCherry-low,M7,M7_C00001,8,351,8.0,False,False,0
M7|C00001,mCherry-low,M7,M7_C00001,6,351,7.0,False,False,0
M7|C00001,mCherry-low,M7,M7_C00001,7,351,8.0,False,False,0
M7|C00001,mCherry-low,M7,M7_C00001,6,351,7.0,True,False,7
M7|C00001,mCherry-high,M7,M7_C00001,5,351,8.0,False,False,0
M7|C00001,mCherry-high,M7,M7_C00001,4,351,7.0,False,False,0
M7|C00001,mCherry-low,M7,M7_C00001,8,351,9.0,False,False,0
M7|C00001,mCherry-low,M7,M7_C00001,8,351,9.0,False,False,0
M7|C00001,mCherry-low,M7,M7_C00001,9,351,10.0,False,False,0
M7|C00001,mCherry-low,M7,M7_C00001,8,351,9.0,False,False,0
M7|C00001,mCherry-low,M7,M7_C00001,10,351,11.0,False,False,0
M7|C00001,mCherry-low,M7,M7_C00001,10,351,11.0,False,False,0
M7|C00001,mCherry-low,M7,M7_C00001,9,351,10.0,False,False,0
M7|C00001,mCherry-low,M7,M7_C00001,11,351,12.0,False,False,0
M7|C00001,mCherry-low,M7,M7_C00001,9,351,10.0,False,False,0
M7|C00001,mCherry-high,M7,M7_C00001,11,351,12.0,False,False,0
M7|C00001,mCherry-low,M7,M7_C00001,10,351,11.0,False,False,0
M7|C00001,mCherry-low,M7,M7_C00001,9,351,10.0,False,False,0
M7|C00002,mCherry-high,M7,M7_C00002,4,351,4.0,False,False,0
M7|C00002,mCherry-high,M7,M7_C00002,6,351,6.0,False,False,0
M7|C00002,mCherry-high,M7,M7_C00002,6,351,6.0,False,False,0
M7|C00002,mCherry-high,M7,M7_C00002,2,351,2.0,False,False,0
M7|C00002,mCherry-high,M7,M7_C00002,3,351,3.0,False,False,0
M7|C00003,mCherry-high,M7,M7_C00003,5,353,5.0,False,False,0
M7|C00003,mCherry-low,M7,M7_C00003,5,353,5.0,False,False,0
M7|C00003,mCherry-high,M7,M7_C00003,4,353,4.0,True,False,5
M7|C00003,mCherry-low,M7,M7_C00003,3,353,3.0,True,False,6
M7|C00003,mCherry-low,M7,M7_C00003,5,353,5.0,False,False,0
M7|C00003,mCherry-high,M7,M7_C00003,6,353,6.0,False,False,0
M7|C00003,mCherry-low,M7,M7_C00003,5,353,5.0,False,False,0
M7|C00003,mCherry-low,M7,M7_C00003,5,353,5.0,False,False,0
M7|C00003,mCherry-low,M7,M7_C00003,5,353,5.0,False,False,0
M7|C00003,mCherry-low,M7,M7_C00003,5,353,5.0,False,False,0
M7|C00003,mCherry-low,M7,M7_C00003,12,353,12.0,False,False,0
M7|C00003,mCherry-low,M7,M7_C00003,5,353,5.0,True,False,8
M7|C00003,mCherry-low,M7,M7_C00003,5,353,5.0,True,False,8
M7|C00003,mCherry-low,M7,M7_C00003,5,353,5.0,True,False,8
M7|C00003,mCherry-low,M7,M7_C00003,7,353,8.0,False,False,0
M7|C00003,mCherry-high,M7,M7_C00003,6,353,7.0,False,False,0
M7|C00003,mCherry-low,M7,M7_C00003,11,353,11.0,False,False,0
M7|C00003,mCherry-low,M7,M7_C00003,9,353,11.0,False,False,0
M7|C00003,mCherry-high,M7,M7_C00003,8,353,8.0,False,False,0
M7|C00003,mCherry-low,M7,M7_C00003,6,353,6.0,False,False,0
M7|C00003,mCherry-low,M7,M7_C00003,7,353,7.0,False,False,0
M7|C00003,mCherry-low,M7,M7_C00003,6,353,6.0,False,False,0
M7|C00003,mCherry-low,M7,M7_C00003,6,353,6.0,False,False,0
M7|C00003,mCherry-high,M7,M7_C00003,6,353,6.0,True,False,2
M7|C00003,mCherry-high,M7,M7_C00003,6,353,6.0,True,False,2
M7|C00003,mCherry-low,M7,M7_C00003,8,353,8.0,False,False,0
M7|C00003,mCherry-low,M7,M7_C00003,6,353,6.0,False,False,0
M7|C00003,mCherry-low,M7,M7_C00003,6,353,6.0,False,False,0
M7|C00003,mCherry-high,M7,M7_C00003,7,353,7.0,False,False,0
M7|C00003,mCherry-low,M7,M7_C00003,7,353,7.0,False,False,0
M7|C00003,mCherry-low,M7,M7_C00003,11,353,11.0,False,False,0
M7|C00003,mCherry-low,M7,M7_C00003,9,353,9.0,False,False,0
M7|C00003,mCherry-low,M7,M7_C00003,9,353,9.0,False,False,0
M7|C00003,mCherry-low,M7,M7_C00003,9,353,9.0,False,False,0
M7|C00004,mCherry-low,M7,M7_C00004,4,351,4.0,False,False,0
M7|C00004,mCherry-high,M7,M7_C00004,2,351,2.0,False,False,0
M7|C00004,mCherry-low,M7,M7_C00004,10,351,11.0,False,False,0
M7|C00004,mCherry-low,M7,M7_C00004,5,351,5.0,False,False,0
M7|C00004,mCherry-low,M7,M7_C00004,4,351,4.0,False,False,0
M7|C00004,mCherry-low,M7,M7_C00004,3,351,3.0,False,False,0
M7|C00004,mCherry-low,M7,M7_C00004,3,351,3.0,False,False,0
M7|C00004,mCherry-low,M7,M7_C00004,5,351,5.0,False,False,0
M7|C00004,mCherry-high,M7,M7_C00004,5,351,5.0,False,False,0
M7|C00004,mCherry-high,M7,M7_C00004,4,351,4.0,False,False,0
M7|C00004,mCherry-low,M7,M7_C00004,4,351,6.0,False,False,0
M7|C00004,mCherry-high,M7,M7_C00004,8,351,8.0,False,False,0
M7|C00004,mCherry-low,M7,M7_C00004,2,351,3.0,False,False,0
M7|C00004,mCherry-high,M7,M7_C00004,6,351,7.0,False,False,0
M7|C00004,mCherry-high,M7,M7_C00004,3,351,3.0,False,False,0
M7|C00004,mCherry-low,M7,M7_C00004,5,351,5.0,False,False,0
M7|C00004,mCherry-low,M7,M7_C00004,7,351,10.0,False,False,0
M7|C00004,mCherry-low,M7,M7_C00004,12,351,12.0,False,False,0
M7|C00004,mCherry-high,M7,M7_C00004,5,351,6.0,False,False,0
M7|C00004,mCherry-low,M7,M7_C00004,6,351,6.0,False,False,0
M7|C00004,mCherry-low,M7,M7_C00004,6,351,6.0,False,False,0
M7|C00004,mCherry-low,M7,M7_C00004,7,351,7.0,False,False,0
M7|C00004,mCherry-low,M7,M7_C00004,6,351,6.0,False,False,0
M7|C00004,mCherry-low,M7,M7_C00004,6,351,6.0,False,False,0
M7|C00004,mCherry-low,M7,M7_C00004,10,351,11.0,False,False,0
M7|C00004,mCherry-low,M7,M7_C00004,7,351,10.0,False,False,0
M7|C00004,mCherry-high,M7,M7_C00004,4,351,6.0,False,False,0
M7|C00004,mCherry-high,M7,M7_C00004,8,351,10.0,False,False,0
M7|C00004,mCherry-low,M7,M7_C00004,7,351,10.0,True,False,2
M7|C00004,mCherry-low,M7,M7_C00004,8,351,11.0,True,False,1
M7|C00004,mCherry-low,M7,M7_C00004,9,351,13.0,False,False,0
M7|C00005,mCherry-high,M7,M7_C00005,6,351,6.0,False,False,0
M7|C00005,mCherry-low,M7,M7_C00005,3,351,3.0,False,False,0
M7|C00005,mCherry-low,M7,M7_C00005,2,351,2.0,False,False,0
M7|C00005,mCherry-low,M7,M7_C00005,1,351,1.0,True,False,20
M7|C00005,mCherry-low,M7,M7_C00005,4,351,4.0,False,False,0
M7|C00005,mCherry-high,M7,M7_C00005,3,351,3.0,False,False,0
M7|C00005,mCherry-low,M7,M7_C00005,3,351,3.0,False,False,0
M7|C00005,mCherry-high,M7,M7_C00005,4,351,4.0,False,False,0
M7|C00005,mCherry-low,M7,M7_C00005,3,351,3.0,True,False,12
M7|C00005,mCherry-low,M7,M7_C00005,4,351,4.0,False,False,0
M7|C00005,mCherry-high,M7,M7_C00005,6,351,6.0,False,False,0
M7|C00005,mCherry-low,M7,M7_C00005,5,351,5.0,True,False,10
M7|C00005,mCherry-high,M7,M7_C00005,8,351,8.0,False,False,0
M7|C00005,mCherry-low,M7,M7_C00005,5,351,5.0,False,False,0
M7|C00005,mCherry-low,M7,M7_C00005,9,351,9.0,False,False,0
M7|C00005,mCherry-low,M7,M7_C00005,7,351,7.0,False,False,0
M7|C00005,mCherry-low,M7,M7_C00005,6,351,8.0,False,False,0
M7|C00005,mCherry-high,M7,M7_C00005,9,351,12.0,False,False,0
M7|C00005,mCherry-low,M7,M7_C00005,9,351,11.0,False,False,0
M7|C00005,mCherry-high,M7,M7_C00005,10,351,12.0,False,False,0
M7|C00005,mCherry-high,M7,M7_C00005,7,351,9.0,False,False,0
M7|C00006,mCherry-low,M7,M7_C00006,1,351,1.0,True,False,22
M7|C00006,mCherry-low,M7,M7_C00006,1,351,1.0,True,False,22
M7|C00006,mCherry-low,M7,M7_C00006,1,351,1.0,True,False,22
M7|C00006,mCherry-low,M7,M7_C00006,1,351,1.0,True,False,22
M7|C00006,mCherry-low,M7,M7_C00006,2,351,2.0,False,False,0
M7|C00006,mCherry-low,M7,M7_C00006,4,351,4.0,False,False,0
M7|C00006,mCherry-low,M7,M7_C00006,2,351,2.0,False,False,0
M7|C00006,mCherry-low,M7,M7_C00006,3,351,3.0,False,False,0
M7|C00006,mCherry-low,M7,M7_C00006,4,351,4.0,False,False,0
M7|C00006,mCherry-low,M7,M7_C00006,3,351,3.0,False,False,0
M7|C00006,mCherry-low,M7,M7_C00006,5,351,5.0,False,False,0
M7|C00006,mCherry-low,M7,M7_C00006,3,351,3.0,False,False,0
M7|C00006,mCherry-low,M7,M7_C00006,2,351,2.0,False,False,0
M7|C00006,mCherry-high,M7,M7_C00006,2,351,2.0,True,False,1
M7|C00006,mCherry-low,M7,M7_C00006,3,351,3.0,True,False,2
M7|C00006,mCherry-low,M7,M7_C00006,2,351,2.0,True,False,4
M7|C00006,mCherry-low,M7,M7_C00006,2,351,2.0,True,False,4
M7|C00006,mCherry-low,M7,M7_C00006,4,351,4.0,False,False,0
M7|C00006,mCherry-high,M7,M7_C00006,6,351,6.0,False,False,0
M7|C00006,mCherry-low,M7,M7_C00006,5,351,5.0,False,False,0
M7|C00006,mCherry-low,M7,M7_C00006,6,351,6.0,False,False,0
M7|C00006,mCherry-low,M7,M7_C00006,4,351,4.0,False,False,0
M7|C00006,mCherry-low,M7,M7_C00006,5,351,5.0,False,False,0
M7|C00006,mCherry-low,M7,M7_C00006,3,351,3.0,False,False,0
M7|C00006,mCherry-low,M7,M7_C00006,4,351,4.0,False,False,0
M7|C00006,mCherry-low,M7,M7_C00006,5,351,5.0,False,False,0
M7|C00007,mCherry-high,M7,M7_C00007,5,351,5.0,False,False,0
M7|C00007,mCherry-high,M7,M7_C00007,4,351,4.0,False,False,0
M7|C00007,mCherry-high,M7,M7_C00007,3,351,3.0,False,False,0
M7|C00007,mCherry-high,M7,M7_C00007,1,351,1.0,False,False,0
M7|C00007,mCherry-high,M7,M7_C00007,3,351,3.0,False,False,0
M7|C00007,mCherry-high,M7,M7_C00007,4,351,4.0,False,False,0
M7|C00007,mCherry-high,M7,M7_C00007,4,351,4.0,False,False,0
M7|C00007,mCherry-high,M7,M7_C00007,2,351,2.0,False,False,0
M7|C00007,mCherry-low,M7,M7_C00007,2,351,2.0,True,False,1
M7|C00007,mCherry-low,M7,M7_C00007,2,351,2.0,True,False,1
M7|C00007,mCherry-low,M7,M7_C00007,2,351,2.0,True,False,4
M7|C00007,mCherry-high,M7,M7_C00007,5,351,5.0,False,False,0
M7|C00007,mCherry-high,M7,M7_C00007,6,351,6.0,False,False,0
M7|C00007,mCherry-low,M7,M7_C00007,3,351,3.0,False,False,0
M7|C00007,mCherry-high,M7,M7_C00007,4,351,4.0,False,False,0
M7|C00007,mCherry-low,M7,M7_C00007,3,351,3.0,False,False,0
M7|C00007,mCherry-high,M7,M7_C00007,9,351,9.0,False,False,0
M7|C00007,mCherry-low,M7,M7_C00007,4,351,4.0,False,False,0
M7|C00007,mCherry-low,M7,M7_C00007,5,351,5.0,False,False,0
M7|C00007,mCherry-low,M7,M7_C00007,6,351,6.0,False,False,0
M7|C00008,mCherry-high,M7,M7_C00008,3,356,3.0,True,False,25
M7|C00008,mCherry-high,M7,M7_C00008,8,356,8.0,False,False,0
M7|C00008,mCherry-high,M7,M7_C00008,5,356,5.0,False,False,0
M7|C00008,mCherry-high,M7,M7_C00008,4,356,4.0,True,False,3
M7|C00008,mCherry-low,M7,M7_C00008,9,356,9.0,False,False,0
M7|C00008,mCherry-low,M7,M7_C00008,10,356,10.0,False,False,0
M7|C00008,mCherry-low,M7,M7_C00008,11,356,11.0,False,False,0
M7|C00008,mCherry-low,M7,M7_C00008,7,356,9.0,False,False,0
M7|C00008,mCherry-low,M7,M7_C00008,6,356,6.0,False,False,0
M7|C00008,mCherry-high,M7,M7_C00008,6,356,6.0,False,False,0
M7|C00008,mCherry-high,M7,M7_C00008,7,356,7.0,False,False,0
M7|C00008,mCherry-low,M7,M7_C00008,7,356,7.0,False,False,0
M7|C00008,mCherry-low,M7,M7_C00008,8,356,8.0,False,False,0
M7|C00008,mCherry-low,M7,M7_C00008,8,356,8.0,False,False,0
M7|C00008,mCherry-low,M7,M7_C00008,7,356,7.0,False,False,0
M7|C00008,mCherry-low,M7,M7_C00008,6,356,6.0,False,False,0
M7|C00008,mCherry-high,M7,M7_C00008,9,356,9.0,False,False,0
M7|C00008,mCherry-high,M7,M7_C00008,6,356,6.0,False,False,0
M7|C00008,mCherry-low,M7,M7_C00008,9,356,9.0,False,False,0
M7|C00008,mCherry-high,M7,M7_C00008,11,356,11.0,False,False,0
M7|C00009,mCherry-low,M7,M7_C00009,0,351,0.0,False,True,13
M7|C00009,mCherry-low,M7,M7_C00009,1,351,1.0,False,False,0
M7|C00009,mCherry-low,M7,M7_C00009,3,351,3.0,False,False,0
M7|C00009,mCherry-low,M7,M7_C00009,2,351,2.0,False,False,0
M7|C00009,mCherry-low,M7,M7_C00009,3,351,3.0,False,False,0
M7|C00009,mCherry-low,M7,M7_C00009,1,351,1.0,True,False,1
M7|C00009,mCherry-low,M7,M7_C00009,5,351,5.0,False,False,0
M7|C00009,mCherry-low,M7,M7_C00009,5,351,5.0,False,False,0
M7|C00009,mCherry-low,M7,M7_C00009,4,351,4.0,True,False,4
M7|C00009,mCherry-low,M7,M7_C00009,4,351,4.0,True,False,4
M7|C00009,mCherry-low,M7,M7_C00009,6,351,6.0,False,False,0
M7|C00009,mCherry-low,M7,M7_C00009,5,351,5.0,False,False,0
M7|C00009,mCherry-low,M7,M7_C00009,5,351,5.0,False,False,0
M7|C00009,mCherry-low,M7,M7_C00009,6,351,7.0,False,False,0
M7|C00010,mCherry-low,M7,M7_C00010,4,353,4.0,False,False,0
M7|C00010,mCherry-high,M7,M7_C00010,1,353,1.0,False,False,0
M7|C00010,mCherry-high,M7,M7_C00010,3,353,3.0,False,False,0
M7|C00010,mCherry-high,M7,M7_C00010,2,353,2.0,True,False,1
M7|C00010,mCherry-high,M7,M7_C00010,1,353,1.0,True,False,2
M7|C00010,mCherry-high,M7,M7_C00010,4,353,5.0,False,False,0
M7|C00010,mCherry-low,M7,M7_C00010,3,353,3.0,False,False,0
M7|C00010,mCherry-low,M7,M7_C00010,2,353,2.0,False,False,0
M7|C00010,mCherry-low,M7,M7_C00010,34,353,34.0,False,False,0
M7|C00010,mCherry-low,M7,M7_C00010,3,353,3.0,False,False,0
M7|C00010,mCherry-low,M7,M7_C00010,3,353,3.0,True,False,3
M7|C00010,mCherry-low,M7,M7_C00010,3,353,3.0,True,False,3
M7|C00010,mCherry-low,M7,M7_C00010,3,353,3.0,True,False,3
M7|C00010,mCherry-low,M7,M7_C00010,3,353,3.0,True,False,3
M7|C00010,mCherry-high,M7,M7_C00010,6,353,6.0,False,False,0
M7|C00010,mCherry-high,M7,M7_C00010,8,353,10.0,True,False,1
M7|C00010,mCherry-low,M7,M7_C00010,4,353,4.0,False,False,0
M7|C00010,mCherry-low,M7,M7_C00010,4,353,4.0,False,False,0
M7|C00010,mCherry-low,M7,M7_C00010,4,353,4.0,False,False,0
M7|C00010,mCherry-high,M7,M7_C00010,11,353,13.0,False,False,0
M7|C00012,mCherry-high,M7,M7_C00012,7,351,7.0,False,False,0
M7|C00012,mCherry-high,M7,M7_C00012,1,351,1.0,True,False,7
M7|C00012,mCherry-low,M7,M7_C00012,1,351,1.0,True,False,7
M7|C00012,mCherry-low,M7,M7_C00012,1,351,1.0,True,False,7
M7|C00012,mCherry-high,M7,M7_C00012,3,351,3.0,False,False,0
M7|C00012,mCherry-high,M7,M7_C00012,2,351,2.0,False,False,0
M7|C00012,mCherry-high,M7,M7_C00012,4,351,4.0,False,False,0
M7|C00012,mCherry-low,M7,M7_C00012,3,351,3.0,False,False,0
M7|C00012,mCherry-low,M7,M7_C00012,2,351,2.0,False,False,0
M7|C00012,mCherry-low,M7,M7_C00012,4,351,4.0,False,False,0
M7|C00012,mCherry-low,M7,M7_C00012,2,351,2.0,True,False,1
M7|C00012,mCherry-low,M7,M7_C00012,12,351,12.0,False,False,0
M7|C00012,mCherry-low,M7,M7_C00012,3,351,3.0,False,False,0
M7|C00012,mCherry-high,M7,M7_C00012,2,351,2.0,False,False,0
M7|C00012,mCherry-high,M7,M7_C00012,4,351,4.0,False,False,0
M7|C00012,mCherry-high,M7,M7_C00012,2,351,2.0,False,False,0
M7|C00012,mCherry-low,M7,M7_C00012,2,351,2.0,True,False,1
M7|C00012,mCherry-low,M7,M7_C00012,8,351,8.0,False,False,0
M7|C00012,mCherry-low,M7,M7_C00012,3,351,3.0,False,False,0
M7|C00013,mCherry-low,M7,M7_C00013,5,351,5.0,True,False,3
M7|C00013,mCherry-high,M7,M7_C00013,11,351,11.0,False,False,0
M7|C00013,mCherry-low,M7,M7_C00013,7,351,7.0,False,False,0
M7|C00013,mCherry-low,M7,M7_C00013,7,351,7.0,False,False,0
M7|C00014,mCherry-low,M7,M7_C00014,7,351,7.0,False,False,0
M7|C00014,mCherry-high,M7,M7_C00014,3,351,3.0,False,False,0
M7|C00014,mCherry-low,M7,M7_C00014,6,351,6.0,False,False,0
M7|C00014,mCherry-low,M7,M7_C00014,3,351,3.0,False,False,0
M7|C00014,mCherry-low,M7,M7_C00014,4,351,4.0,False,False,0
M7|C00014,mCherry-low,M7,M7_C00014,6,351,6.0,False,False,0
M7|C00014,mCherry-low,M7,M7_C00014,3,351,3.0,True,False,9
M7|C00014,mCherry-low,M7,M7_C00014,3,351,3.0,True,False,9
M7|C00014,mCherry-low,M7,M7_C00014,6,351,6.0,False,False,0
M7|C00014,mCherry-high,M7,M7_C00014,6,351,6.0,False,False,0
M7|C00014,mCherry-high,M7,M7_C00014,8,351,8.0,False,False,0
M7|C00014,mCherry-low,M7,M7_C00014,4,351,4.0,True,False,1
M7|C00014,mCherry-low,M7,M7_C00014,11,351,12.0,False,False,0
M7|C00014,mCherry-high,M7,M7_C00014,6,351,6.0,False,False,0
M7|C00014,mCherry-high,M7,M7_C00014,5,351,5.0,False,False,0
M7|C00014,mCherry-high,M7,M7_C00014,8,351,8.0,False,False,0
M7|C00014,mCherry-high,M7,M7_C00014,7,351,7.0,False,False,0
M7|C00015,mCherry-high,M7,M7_C00015,7,351,7.0,False,False,0
M7|C00015,mCherry-low,M7,M7_C00015,8,351,8.0,False,False,0
M7|C00015,mCherry-low,M7,M7_C00015,7,351,7.0,False,False,0
M7|C00015,mCherry-low,M7,M7_C00015,10,351,10.0,False,False,0
M7|C00016,mCherry-low,M7,M7_C00016,3,351,3.0,False,False,0
M7|C00016,mCherry-low,M7,M7_C00016,6,351,6.0,False,False,0
M7|C00016,mCherry-low,M7,M7_C00016,5,351,5.0,False,False,0
M7|C00016,mCherry-low,M7,M7_C00016,5,351,5.0,False,False,0
M7|C00016,mCherry-low,M7,M7_C00016,4,351,4.0,False,False,0
M7|C00016,mCherry-low,M7,M7_C00016,6,351,6.0,False,False,0
M7|C00016,mCherry-low,M7,M7_C00016,10,351,10.0,False,False,0
M7|C00016,mCherry-low,M7,M7_C00016,9,351,9.0,False,False,0
M7|C00016,mCherry-high,M7,M7_C00016,10,351,12.0,False,False,0
M7|C00016,mCherry-low,M7,M7_C00016,6,351,6.0,False,False,0
M7|C00016,mCherry-low,M7,M7_C00016,8,351,12.0,False,False,0
M7|C00016,mCherry-low,M7,M7_C00016,8,351,8.0,False,False,0
M7|C00017,mCherry-low,M7,M7_C00017,4,353,4.0,False,False,0
M7|C00017,mCherry-high,M7,M7_C00017,2,353,2.0,False,False,0
M7|C00017,mCherry-high,M7,M7_C00017,1,353,1.0,False,False,0
M7|C00017,mCherry-low,M7,M7_C00017,1,353,1.0,True,False,6
M7|C00017,mCherry-low,M7,M7_C00017,1,353,1.0,True,False,6
M7|C00017,mCherry-high,M7,M7_C00017,6,353,6.0,False,False,0
M7|C00017,mCherry-high,M7,M7_C00017,8,353,8.0,False,False,0
M7|C00017,mCherry-high,M7,M7_C00017,8,353,8.0,False,False,0
M7|C00017,mCherry-high,M7,M7_C00017,3,353,3.0,False,False,0
M7|C00017,mCherry-high,M7,M7_C00017,2,353,2.0,True,False,2
M7|C00017,mCherry-high,M7,M7_C00017,2,353,3.0,True,False,2
M7|C00017,mCherry-low,M7,M7_C00017,8,353,8.0,False,False,0
M7|C00017,mCherry-low,M7,M7_C00017,4,353,4.0,False,False,0
M7|C00017,mCherry-high,M7,M7_C00017,5,353,6.0,False,False,0
M7|C00017,mCherry-high,M7,M7_C00017,6,353,7.0,False,False,0
M7|C00018,mCherry-high,M7,M7_C00018,1,351,1.0,True,False,11
M7|C00018,mCherry-low,M7,M7_C00018,1,351,1.0,True,False,11
M7|C00018,mCherry-low,M7,M7_C00018,1,351,1.0,True,False,11
M7|C00018,mCherry-low,M7,M7_C00018,1,351,1.0,True,False,11
M7|C00018,mCherry-high,M7,M7_C00018,2,351,2.0,False,False,0
M7|C00018,mCherry-high,M7,M7_C00018,2,351,2.0,False,False,0
M7|C00018,mCherry-high,M7,M7_C00018,2,351,2.0,False,False,0
M7|C00018,mCherry-high,M7,M7_C00018,2,351,2.0,False,False,0
M7|C00018,mCherry-high,M7,M7_C00018,5,351,5.0,False,False,0
M7|C00018,mCherry-high,M7,M7_C00018,4,351,4.0,False,False,0
M7|C00018,mCherry-low,M7,M7_C00018,5,351,5.0,False,False,0
M7|C00018,mCherry-high,M7,M7_C00018,2,351,2.0,True,False,1
M7|C00018,mCherry-high,M7,M7_C00018,2,351,2.0,True,False,1
M7|C00018,mCherry-high,M7,M7_C00018,4,351,4.0,False,False,0
M7|C00018,mCherry-low,M7,M7_C00018,6,351,6.0,False,False,0
M7|C00019,mCherry-high,M7,M7_C00019,1,351,1.0,True,False,11
M7|C00019,mCherry-low,M7,M7_C00019,3,351,3.0,False,False,0
M7|C00019,mCherry-high,M7,M7_C00019,2,351,2.0,False,False,0
M7|C00019,mCherry-high,M7,M7_C00019,4,351,4.0,False,False,0
M7|C00019,mCherry-high,M7,M7_C00019,5,351,5.0,False,False,0
M7|C00019,mCherry-high,M7,M7_C00019,5,351,5.0,False,False,0
M7|C00019,mCherry-low,M7,M7_C00019,5,351,5.0,False,False,0
M7|C00019,mCherry-high,M7,M7_C00019,4,351,4.0,False,False,0
M7|C00019,mCherry-high,M7,M7_C00019,4,351,4.0,False,False,0
M7|C00019,mCherry-high,M7,M7_C00019,6,351,6.0,False,False,0
M7|C00019,mCherry-low,M7,M7_C00019,5,351,5.0,True,False,1
M7|C00019,mCherry-low,M7,M7_C00019,5,351,5.0,True,False,1
M7|C00019,mCherry-low,M7,M7_C00019,5,351,6.0,False,False,0
M7|C00020,mCherry-low,M7,M7_C00020,0,351,0.0,False,True,11
M7|C00020,mCherry-low,M7,M7_C00020,0,351,0.0,False,True,11
M7|C00020,mCherry-low,M7,M7_C00020,2,351,2.0,False,False,0
M7|C00020,mCherry-low,M7,M7_C00020,3,351,3.0,False,False,0
M7|C00020,mCherry-low,M7,M7_C00020,1,351,1.0,False,False,0
M7|C00020,mCherry-low,M7,M7_C00020,1,351,1.0,False,False,0
M7|C00020,mCherry-low,M7,M7_C00020,1,351,1.0,False,False,0
M7|C00020,mCherry-low,M7,M7_C00020,1,351,1.0,False,False,0
M7|C00020,mCherry-low,M7,M7_C00020,1,351,1.0,False,False,0
M7|C00020,mCherry-low,M7,M7_C00020,2,351,2.0,False,False,0
M7|C00020,mCherry-low,M7,M7_C00020,3,351,3.0,False,False,0
M7|C00020,mCherry-low,M7,M7_C00020,1,351,1.0,True,False,1
M7|C00020,mCherry-low,M7,M7_C00020,3,351,3.0,False,False,0
M7|C00021,mCherry-low,M7,M7_C00021,0,351,0.0,False,True,8
M7|C00021,mCherry-low,M7,M7_C00021,0,351,0.0,False,True,8
M7|C00021,mCherry-low,M7,M7_C00021,0,351,0.0,False,True,8
M7|C00021,mCherry-low,M7,M7_C00021,0,351,0.0,False,True,8
M7|C00021,mCherry-low,M7,M7_C00021,0,351,0.0,False,True,8
M7|C00021,mCherry-low,M7,M7_C00021,4,351,4.0,False,False,0
M7|C00021,mCherry-high,M7,M7_C00021,3,351,3.0,False,False,0
M7|C00021,mCherry-low,M7,M7_C00021,3,351,3.0,False,False,0
M7|C00021,mCherry-low,M7,M7_C00021,1,351,1.0,False,False,0
M7|C00021,mCherry-low,M7,M7_C00021,2,351,2.0,False,False,0
M7|C00021,mCherry-low,M7,M7_C00021,3,351,3.0,False,False,0
M7|C00021,mCherry-low,M7,M7_C00021,2,351,2.0,False,False,0
M7|C00021,mCherry-low,M7,M7_C00021,1,351,1.0,False,False,0
M7|C00022,mCherry-high,M7,M7_C00022,1,351,1.0,False,False,0
M7|C00022,mCherry-low,M7,M7_C00022,1,351,1.0,True,False,8
M7|C00022,mCherry-low,M7,M7_C00022,8,351,8.0,False,False,0
M7|C00022,mCherry-low,M7,M7_C00022,3,351,3.0,False,False,0
M7|C00022,mCherry-low,M7,M7_C00022,4,351,4.0,False,False,0
M7|C00022,mCherry-high,M7,M7_C00022,6,351,6.0,False,False,0
M7|C00022,mCherry-high,M7,M7_C00022,8,351,8.0,False,False,0
M7|C00022,mCherry-high,M7,M7_C00022,8,351,8.0,False,False,0
M7|C00022,mCherry-low,M7,M7_C00022,3,351,3.0,False,False,0
M7|C00022,mCherry-low,M7,M7_C00022,5,351,5.0,False,False,0
M7|C00022,mCherry-low,M7,M7_C00022,6,351,6.0,False,False,0
M7|C00022,mCherry-high,M7,M7_C00022,5,351,5.0,False,False,0
M7|C00023,mCherry-low,M7,M7_C00023,5,351,5.0,True,False,7
M7|C00023,mCherry-low,M7,M7_C00023,5,351,5.0,True,False,7
M7|C00023,mCherry-low,M7,M7_C00023,5,351,5.0,True,False,7
M7|C00023,mCherry-low,M7,M7_C00023,6,351,6.0,False,False,0
M7|C00023,mCherry-low,M7,M7_C00023,6,351,6.0,False,False,0
M7|C00023,mCherry-low,M7,M7_C00023,10,351,10.0,False,False,0
M7|C00023,mCherry-low,M7,M7_C00023,10,351,11.0,False,False,0
M7|C00023,mCherry-low,M7,M7_C00023,6,351,6.0,False,False,0
M7|C00023,mCherry-low,M7,M7_C00023,7,351,7.0,True,False,1
M7|C00023,mCherry-low,M7,M7_C00023,7,351,7.0,True,False,1
M7|C00023,mCherry-low,M7,M7_C00023,9,351,9.0,False,False,0
M7|C00024,mCherry-low,M7,M7_C00024,5,339,5.0,True,False,1
M7|C00024,mCherry-high,M7,M7_C00024,6,339,6.0,False,False,0
M7|C00024,mCherry-high,M7,M7_C00024,7,339,7.0,False,False,0
M7|C00024,mCherry-high,M7,M7_C00024,45,339,45.0,False,False,0
M7|C00024,mCherry-low,M7,M7_C00024,6,339,6.0,False,False,0
M7|C00024,mCherry-high,M7,M7_C00024,5,339,5.0,True,False,1
M7|C00024,mCherry-low,M7,M7_C00024,5,339,5.0,True,False,1
M7|C00024,mCherry-high,M7,M7_C00024,8,339,10.0,False,False,0
M7|C00024,mCherry-low,M7,M7_C00024,9,339,9.0,False,False,0
M7|C00024,mCherry-low,M7,M7_C00024,6,339,6.0,False,False,0
M7|C00025,mCherry-low,M7,M7_C00025,0,353,0.0,False,True,4
M7|C00025,mCherry-low,M7,M7_C00025,0,353,0.0,False,True,4
M7|C00025,mCherry-low,M7,M7_C00025,0,353,0.0,False,True,4
M7|C00025,mCherry-low,M7,M7_C00025,0,353,0.0,False,True,4
M7|C00025,mCherry-low,M7,M7_C00025,0,353,0.0,False,True,4
M7|C00025,mCherry-low,M7,M7_C00025,0,353,0.0,False,True,4
M7|C00025,mCherry-low,M7,M7_C00025,3,353,3.0,False,False,0
M7|C00025,mCherry-low,M7,M7_C00025,1,353,1.0,False,False,0
M7|C00025,mCherry-low,M7,M7_C00025,1,353,1.0,False,False,0
M7|C00025,mCherry-low,M7,M7_C00025,1,353,1.0,False,False,0
M7|C00026,mCherry-low,M7,M7_C00026,0,351,0.0,False,True,6
M7|C00026,mCherry-low,M7,M7_C00026,0,351,0.0,False,True,6
M7|C00026,mCherry-low,M7,M7_C00026,0,351,0.0,False,True,6
M7|C00026,mCherry-low,M7,M7_C00026,3,351,3.0,False,False,0
M7|C00026,mCherry-low,M7,M7_C00026,3,351,3.0,False,False,0
M7|C00026,mCherry-low,M7,M7_C00026,1,351,1.0,False,False,0
M7|C00026,mCherry-low,M7,M7_C00026,3,351,3.0,False,False,0
M7|C00026,mCherry-low,M7,M7_C00026,4,351,4.0,False,False,0
M7|C00026,mCherry-low,M7,M7_C00026,1,351,1.0,False,False,0
M7|C00027,mCherry-high,M7,M7_C00027,2,351,2.0,True,False,4
M7|C00027,mCherry-high,M7,M7_C00027,7,351,7.0,False,False,0
M7|C00027,mCherry-high,M7,M7_C00027,8,351,8.0,False,False,0
M7|C00027,mCherry-high,M7,M7_C00027,6,351,6.0,False,False,0
M7|C00027,mCherry-high,M7,M7_C00027,7,351,7.0,False,False,0
M7|C00027,mCherry-high,M7,M7_C00027,3,351,3.0,False,False,0
M7|C00027,mCherry-high,M7,M7_C00027,4,351,4.0,False,False,0
M7|C00028,mCherry-low,M7,M7_C00028,7,351,7.0,False,False,0
M7|C00028,mCherry-low,M7,M7_C00028,8,351,8.0,True,False,7
M7|C00028,mCherry-low,M7,M7_C00028,11,351,11.0,False,False,0
M7|C00028,mCherry-low,M7,M7_C00028,10,351,12.0,False,False,0
M7|C00028,mCherry-low,M7,M7_C00028,11,351,11.0,False,False,0
M7|C00028,mCherry-high,M7,M7_C00028,13,351,13.0,False,False,0
M7|C00028,mCherry-low,M7,M7_C00028,14,351,14.0,False,False,0
M7|C00028,mCherry-low,M7,M7_C00028,14,351,14.0,False,False,0
M7|C00029,mCherry-high,M7,M7_C00029,0,351,0.0,False,True,5
M7|C00029,mCherry-low,M7,M7_C00029,0,351,0.0,False,True,5
M7|C00029,mCherry-low,M7,M7_C00029,0,351,0.0,False,True,5
M7|C00029,mCherry-low,M7,M7_C00029,2,351,2.0,False,False,0
M7|C00029,mCherry-low,M7,M7_C00029,4,351,4.0,False,False,0
M7|C00029,mCherry-low,M7,M7_C00029,3,351,3.0,False,False,0
M7|C00029,mCherry-high,M7,M7_C00029,2,351,2.0,False,False,0
M7|C00029,mCherry-low,M7,M7_C00029,2,351,2.0,False,False,0
M7|C00030,mCherry-low,M7,M7_C00030,0,351,0.0,False,True,3
M7|C00030,mCherry-low,M7,M7_C00030,0,351,0.0,False,True,3
M7|C00030,mCherry-high,M7,M7_C00030,2,351,2.0,False,False,0
M7|C00030,mCherry-low,M7,M7_C00030,1,351,1.0,False,False,0
M7|C00030,mCherry-high,M7,M7_C00030,2,351,2.0,False,False,0
M7|C00032,mCherry-high,M7,M7_C00032,1,351,1.0,True,False,5
M7|C00032,mCherry-low,M7,M7_C00032,3,351,3.0,False,False,0
M7|C00032,mCherry-high,M7,M7_C00032,2,351,2.0,True,False,3
M7|C00032,mCherry-high,M7,M7_C00032,3,351,3.0,False,False,0
M7|C00032,mCherry-high,M7,M7_C00032,3,351,3.0,False,False,0
M7|C00032,mCherry-high,M7,M7_C00032,3,351,3.0,False,False,0
M7|C00033,mCherry-low,M7,M7_C00033,2,350,2.0,False,False,0
M7|C00033,mCherry-low,M7,M7_C00033,2,350,2.0,False,False,0
M7|C00033,mCherry-low,M7,M7_C00033,3,350,3.0,False,False,0
M7|C00033,mCherry-low,M7,M7_C00033,4,350,4.0,False,False,0
M7|C00033,mCherry-high,M7,M7_C00033,1,350,1.0,True,False,1
M7|C00033,mCherry-low,M7,M7_C00033,4,350,4.0,False,False,0
M7|C00034,mCherry-high,M7,M7_C00034,6,359,6.0,False,False,0
M7|C00034,mCherry-high,M7,M7_C00034,2,359,2.0,True,False,2
M7|C00034,mCherry-high,M7,M7_C00034,3,359,3.0,False,False,0
M7|C00034,mCherry-low,M7,M7_C00034,3,359,3.0,False,False,0
M7|C00034,mCherry-high,M7,M7_C00034,3,359,3.0,False,False,0
M7|C00034,mCherry-low,M7,M7_C00034,3,359,3.0,False,False,0
M7|C00035,mCherry-low,M7,M7_C00035,2,351,2.0,False,False,0
M7|C00035,mCherry-high,M7,M7_C00035,3,351,3.0,False,False,0
M7|C00035,mCherry-low,M7,M7_C00035,1,351,1.0,False,False,0
M7|C00035,mCherry-low,M7,M7_C00035,3,351,3.0,False,False,0
M7|C00035,mCherry-high,M7,M7_C00035,1,351,1.0,True,False,1
M7|C00035,mCherry-high,M7,M7_C00035,4,351,4.0,False,False,0
M7|C00036,mCherry-low,M7,M7_C00036,9,351,9.0,False,False,0
M7|C00036,mCherry-low,M7,M7_C00036,8,351,8.0,False,False,0
M7|C00036,mCherry-low,M7,M7_C00036,11,351,11.0,False,False,0
M7|C00036,mCherry-high,M7,M7_C00036,13,351,13.0,False,False,0
M7|C00036,mCherry-low,M7,M7_C00036,8,351,8.0,True,False,1
M7|C00036,mCherry-low,M7,M7_C00036,11,351,12.0,False,False,0
M7|C00037,mCherry-low,M7,M7_C00037,4,351,4.0,False,False,0
M7|C00037,mCherry-low,M7,M7_C00037,6,351,6.0,False,False,0
M7|C00037,mCherry-low,M7,M7_C00037,6,351,7.0,False,False,0
M7|C00037,mCherry-high,M7,M7_C00037,6,351,6.0,False,False,0
M7|C00037,mCherry-low,M7,M7_C00037,10,351,11.0,False,False,0
M7|C00037,mCherry-low,M7,M7_C00037,10,351,10.0,False,False,0
M7|C00038,mCherry-high,M7,M7_C00038,6,351,6.0,False,False,0
M7|C00038,mCherry-high,M7,M7_C00038,7,351,7.0,False,False,0
M7|C00038,mCherry-high,M7,M7_C00038,4,351,4.0,False,False,0
M7|C00038,mCherry-low,M7,M7_C00038,4,351,4.0,True,False,1
M7|C00038,mCherry-low,M7,M7_C00038,6,351,6.0,False,False,0
M7|C00039,mCherry-low,M7,M7_C00039,1,351,1.0,True,False,5
M7|C00039,mCherry-low,M7,M7_C00039,4,351,4.0,False,False,0
M7|C00039,mCherry-low,M7,M7_C00039,4,351,4.0,False,False,0
M7|C00039,mCherry-low,M7,M7_C00039,5,351,5.0,False,False,0
M7|C00039,mCherry-low,M7,M7_C00039,6,351,6.0,False,False,0
M7|C00040,mCherry-low,M7,M7_C00040,14,351,14.0,False,False,0
M7|C00040,mCherry-low,M7,M7_C00040,7,351,7.0,False,False,0
M7|C00040,mCherry-low,M7,M7_C00040,7,351,7.0,False,False,0
M7|C00040,mCherry-low,M7,M7_C00040,7,351,7.0,False,False,0
M7|C00040,mCherry-low,M7,M7_C00040,7,351,7.0,False,False,0
M7|C00041,mCherry-high,M7,M7_C00041,5,351,5.0,False,False,0
M7|C00041,mCherry-high,M7,M7_C00041,11,351,11.0,False,False,0
M7|C00041,mCherry-low,M7,M7_C00041,5,351,6.0,True,False,2
M7|C00041,mCherry-low,M7,M7_C00041,7,351,8.0,False,False,0
M7|C00041,mCherry-high,M7,M7_C00041,8,351,9.0,False,False,0
M7|C00043,mCherry-high,M7,M7_C00043,0,351,0.0,False,True,3
M7|C00043,mCherry-low,M7,M7_C00043,0,351,0.0,False,True,3
M7|C00043,mCherry-low,M7,M7_C00043,2,351,2.0,False,False,0
M7|C00043,mCherry-low,M7,M7_C00043,12,351,12.0,False,False,0
M7|C00043,mCherry-high,M7,M7_C00043,7,351,7.0,False,False,0
M7|C00044,mCherry-high,M7,M7_C00044,4,351,4.0,False,False,0
M7|C00044,mCherry-high,M7,M7_C00044,5,351,5.0,False,False,0
M7|C00044,mCherry-high,M7,M7_C00044,6,351,6.0,False,False,0
M7|C00044,mCherry-high,M7,M7_C00044,6,351,6.0,False,False,0
M7|C00044,mCherry-high,M7,M7_C00044,5,351,5.0,False,False,0
M7|C00047,mCherry-low,M7,M7_C00047,2,351,2.0,False,False,0
M7|C00047,mCherry-high,M7,M7_C00047,4,351,4.0,False,False,0
M7|C00047,mCherry-low,M7,M7_C00047,6,351,6.0,False,False,0
M7|C00047,mCherry-high,M7,M7_C00047,3,351,3.0,False,False,0
M7|C00048,mCherry-low,M7,M7_C00048,0,351,0.0,False,True,2
M7|C00048,mCherry-low,M7,M7_C00048,0,351,0.0,False,True,2
M7|C00048,mCherry-low,M7,M7_C00048,1,351,1.0,False,False,0
M7|C00048,mCherry-low,M7,M7_C00048,1,351,1.0,False,False,0
M7|C00049,mCherry-low,M7,M7_C00049,6,351,6.0,False,False,0
M7|C00049,mCherry-low,M7,M7_C00049,11,351,11.0,False,False,0
M7|C00049,mCherry-high,M7,M7_C00049,7,351,7.0,False,False,0
M7|C00049,mCherry-low,M7,M7_C00049,9,351,9.0,False,False,0
M7|C00050,mCherry-low,M7,M7_C00050,13,351,13.0,False,False,0
M7|C00050,mCherry-low,M7,M7_C00050,7,351,7.0,False,False,0
M7|C00050,mCherry-low,M7,M7_C00050,7,351,7.0,False,False,0
M7|C00050,mCherry-low,M7,M7_C00050,10,351,10.0,False,False,0
M7|C00051,mCherry-low,M7,M7_C00051,0,351,0.0,False,True,3
M7|C00051,mCherry-high,M7,M7_C00051,7,351,7.0,False,False,0
M7|C00051,mCherry-high,M7,M7_C00051,2,351,2.0,False,False,0
M7|C00051,mCherry-low,M7,M7_C00051,4,351,4.0,False,False,0
M7|C00052,mCherry-high,M7,M7_C00052,9,351,9.0,False,False,0
M7|C00052,mCherry-high,M7,M7_C00052,7,351,7.0,False,False,0
M7|C00052,mCherry-low,M7,M7_C00052,10,351,10.0,False,False,0
M7|C00053,mCherry-high,M7,M7_C00053,2,351,2.0,True,False,2
M7|C00053,mCherry-low,M7,M7_C00053,3,351,3.0,False,False,0
M7|C00053,mCherry-low,M7,M7_C00053,5,351,5.0,False,False,0
M7|C00054,mCherry-low,M7,M7_C00054,2,351,2.0,True,False,2
M7|C00054,mCherry-low,M7,M7_C00054,5,351,5.0,False,False,0
M7|C00054,mCherry-low,M7,M7_C00054,4,351,4.0,False,False,0
M7|C00056,mCherry-low,M7,M7_C00056,1,351,1.0,False,False,0
M7|C00056,mCherry-low,M7,M7_C00056,6,351,6.0,False,False,0
M7|C00056,mCherry-low,M7,M7_C00056,8,351,8.0,False,False,0
M7|C00057,mCherry-low,M7,M7_C00057,1,351,1.0,False,False,0
M7|C00057,mCherry-low,M7,M7_C00057,3,351,3.0,True,False,1
M7|C00057,mCherry-low,M7,M7_C00057,6,351,6.0,False,False,0
M7|C00058,mCherry-low,M7,M7_C00058,0,351,0.0,False,True,3
M7|C00058,mCherry-low,M7,M7_C00058,6,351,6.0,False,False,0
M7|C00058,mCherry-low,M7,M7_C00058,5,351,5.0,False,False,0
M7|C00059,mCherry-high,M7,M7_C00059,1,351,1.0,False,False,0
M7|C00059,mCherry-high,M7,M7_C00059,2,351,2.0,False,False,0
M7|C00059,mCherry-high,M7,M7_C00059,5,351,5.0,False,False,0
M7|C00060,mCherry-low,M7,M7_C00060,7,351,7.0,False,False,0
M7|C00060,mCherry-high,M7,M7_C00060,5,351,5.0,False,False,0
M7|C00060,mCherry-high,M7,M7_C00060,9,351,9.0,False,False,0
M7|C00061,mCherry-low,M7,M7_C00061,3,351,3.0,False,False,0
M7|C00061,mCherry-low,M7,M7_C00061,4,351,4.0,False,False,0
M7|C00061,mCherry-low,M7,M7_C00061,3,351,3.0,False,False,0
M7|C00063,mCherry-high,M7,M7_C00063,5,350,5.0,False,False,0
M7|C00063,mCherry-high,M7,M7_C00063,7,350,7.0,False,False,0
M7|C00063,mCherry-low,M7,M7_C00063,7,350,7.0,False,False,0
M7|C00065,mCherry-high,M7,M7_C00065,2,359,2.0,True,False,2
M7|C00065,mCherry-high,M7,M7_C00065,3,359,3.0,False,False,0
M7|C00065,mCherry-high,M7,M7_C00065,3,359,3.0,False,False,0
M7|C00066,mCherry-low,M7,M7_C00066,2,351,2.0,True,False,1
M7|C00066,mCherry-low,M7,M7_C00066,2,351,2.0,True,False,1
M7|C00066,mCherry-low,M7,M7_C00066,3,351,3.0,False,False,0
M7|C00067,mCherry-low,M7,M7_C00067,9,351,9.0,False,False,0
M7|C00067,mCherry-low,M7,M7_C00067,6,351,6.0,False,False,0
M7|C00067,mCherry-high,M7,M7_C00067,6,351,6.0,False,False,0
M7|C00069,mCherry-high,M7,M7_C00069,2,351,2.0,False,False,0
M7|C00069,mCherry-high,M7,M7_C00069,5,351,5.0,False,False,0
M7|C00069,mCherry-high,M7,M7_C00069,3,351,3.0,False,False,0
