clone_id,kpc0,kpc1,kpc2,kpc3,kpc4,kpc5,kpc6,kpc7,kpc8,kpc9,kpc10,kpc11,kpc12,kpc13,kpc14,kpc15,kpc16,kpc17,kpc18,kpc19,kpc20,kpc21,kpc22,kpc23,kpc24,kpc25,kpc26,kpc27,kpc28,kpc29
M10|C00001,-0.28054714801579583,-0.16834207353973699,0.22718273612515028,-0.13387172687312077,-0.09968143402943723,0.045405188866064344,-0.046268127320221515,0.0349069135513657,0.0633054439924595,-0.09423480225794023,0.03919159922695402,0.026038761406897943,0.05809344076792284,-0.06540903000712384,-0.010157127847416125,0.033671583994654745,-0.010119478933963326,0.035794780736288355,-0.03925397198066853,-0.00990624959239452,-0.009909153451580936,-0.013809710654157838,-0.020384272326613013,0.021253563803223928,-0.01802358207478585,-0.005090358847080117,-0.014413112104982721,0.018454246786612248,0.028180668653568927,-0.011941566921510475
M10|C00002,0.14305848330445248,-0.006953076364943434,-0.023966400782211347,0.06500026411399376,0.017489225784474604,-0.02523709039231188,0.02435568908035246,-0.003826808832313964,-0.014669548000823249,0.00326860997154538,-0.000574239751654698,-0.00029629131128368515,-0.00815690186634782,0.020328244959899912,-0.0005810997090231344,-0.006950393266849313,-0.004294236076983868,-0.008176546821379619,0.0036047447525801757,0.00625226590229755,0.0017374909715773862,-0.0010196856486761633,0.00563852379629657,0.011939673877136982,0.0049528785022847225,0.00017384249895360674,-0.0017154301169852817,-0.005145423266585526,-0.003442875993217291,0.0005532389628009783
M10|C00003,0.053825343244112464,0.0361933138990858,-0.1025101375550832,-0.006381789013723677,0.0280403880565693,0.022016340070472262,-0.006782224091622101,-0.049656314657219036,-0.02188226957451138,0.008426241148445616,-0.01446993518818715,0.004759779979146807,-0.012228861295451596,0.011465177327639898,0.003094224640455582,0.001880926813528686,-0.0021563266119411567,-0.005064055421145822,0.0034232231087640685,0.009262718108117286,0.011493613068803716,0.0016095873690785264,0.0014905218620583274,-0.0005857821164074368,0.0013408403091812002,0.012261958435367483,0.01136990633401738,-0.0041124704614455615,-0.010632113441925653,-0.0019849814831472867
M10|C00004,0.1279207712299525,-0.041702286719049485,-0.04658789082563953,0.03192420701567755,0.020406192458235963,-0.030534019291577525,0.03279747541764074,0.020297230985256588,-0.0065796338564017695,0.009305820454489171,-0.010525722836050072,-0.0008398644888483372,-0.005304660586634679,0.01639516867489027,0.0028009041529253164,-0.004590960195409662,0.0025575393871584244,0.0005180286476637165,0.003663226581107987,-0.005010844472224138,0.001197165469431437,0.0075552891130179645,0.004031065402043672,0.003681061403169933,0.006492133845211573,0.005064421852210523,-0.002064445357482379,-0.008093434867834167,0.0013943982443953256,0.0064172718306099545
M10|C00005,0.029506044344841807,0.0030627520306572282,0.019245273616399463,0.025705611862317398,0.0237289280519464,-0.007704239570237353,0.005311611749176819,-0.02835018283075639,-0.03301834248525258,0.02672796004468828,0.003604774635112148,0.0018926402488989636,-0.0005761015389637605,0.0074469356733842425,0.005544987368744433,0.005981827362722454,-0.0038093686256024262,-0.007490002684909038,0.017791251985640685,-0.005780333278836184,0.007484848909291096,1.5360070091264012e-05,0.009287414776415648,-0.0034684363284569015,0.01123464065752567,-0.0031684666690326327,0.005798106966265594,0.004454236046560426,0.001670922661023733,0.004057147909772416
M10|C00006,0.06914949437861435,0.04663753942961082,-0.0662820248803482,0.017878891466469347,0.011906511568498163,0.004202154391334559,0.024390602733896365,-0.00117068046397342,0.008814899838238383,0.0009781942081399492,-0.010899491031913214,-0.027134762809356082,-0.024903997685123823,0.013243338646055921,-0.0013002912744888493,0.005584023254593409,-0.004271656442211408,-0.000781475306953093,0.0071592204380736294,0.015067887186097039,0.0013140675505517623,0.006270969943856041,0.003324906939345241,-0.0019220945645323528,0.006404410571848331,0.010331942168626847,-0.0028297766829744565,-0.001671353796548949,-0.0038701308137732105,-0.003697658785065039
M10|C00007,0.10223635971948113,-0.0570778809371711,-0.052370632875958105,0.024237642024803708,0.0028425672731624226,-0.04430767725940208,0.013227191323430537,-0.010830023048100481,0.010610522665913398,0.010310887964901722,0.007351951877594466,-0.011431244147947661,-0.001370412728249594,0.006466248989376251,-0.0037380149559454205,0.002113679348362135,-0.0014472196866701491,-0.0168586144193453,0.0012664128894679277,-0.0020203454517435386,5.1093924541009885e-05,0.005423265121612063,0.011751697533770231,0.004403122938241593,-0.002989594831339682,0.0037997970188250792,0.005338547018867551,0.0003108585637245628,0.002468313192322204,-0.005792019338753843
M10|C00008,-0.051042371451875394,0.0863627086719177,0.07534648006181534,0.04947632470803851,0.028644826833696495,0.008267809657199147,-0.014453352413393164,-0.014067962302753721,-0.03359965004524598,0.013516336955671674,0.006750659929151667,-0.015405359695325716,-0.01915604221024531,0.0078107756774024135,-0.008510093299305596,-0.008989447656135446,-0.004736672512057984,-0.0016243802106065913,0.010595782443207418,-0.005545948076778448,-0.022146694158191396,-0.005262885628595717,0.02739694827174586,-0.015538112379758228,0.0054880675304006185,0.005317962067946493,-0.010229115245479004,-0.0061774758294390626,0.0035900756818621326,-0.001713843041379158
M10|C00009,0.010262983434495068,0.06907316496901468,-0.027036827859241774,0.006873281787362638,0.026105253122864637,0.019264573437765827,-0.0015238495941338086,-0.022849602604554688,-0.043601776766784645,-0.007225744122274611,0.0013770884805645123,0.004516277085244897,-0.00703636820680422,0.010720250914721174,0.0029296088298575804,-0.0002321487937739113,-0.00889561637925182,-0.018355836863087362,0.010267180679842036,0.006910030193954225,-0.011162977934725727,-0.00010662118178671897,0.00915060653834691,-0.012950177569324685,0.006408668741824363,0.006466823427080347,-0.00266296734754652,-0.011069967350968705,-0.0015926174951260339,0.003333125218402733
M10|C00010,0.011836591972542328,0.019613903351000574,0.05216288576544714,0.0480431946999299,0.05321520321259732,0.019743228917133683,-0.016614823357245206,-0.02574344501347951,-0.021451247174770583,-0.0026841321749423563,-0.0004524198957103107,-0.016085448489326228,0.013785457497709694,0.012261938280609772,0.00025609949000519986,-0.008598434030076466,0.010801212367137016,-0.003381674485051646,0.014478588567947327,-0.01902434784906963,-0.006739344460971901,-0.003563115241757658,0.006460828458196045,-0.018142059437151005,0.005170687091487677,0.005543296776257039,-0.004303098509324242,-0.0008800727751889824,0.002858477698735175,0.0021048960899178694
M10|C00011,-0.027079208650079532,0.0399116233652313,-0.093676809281401,0.0029323770344191423,-0.001491772866200888,-0.010254353008043438,-0.01721331173289266,-0.0009016775730979462,0.00039979991296222296,0.03452830686228405,-0.008604404260861365,-0.03637194882111602,0.007060622938674255,0.00955717429196779,0.0027301425123954864,-0.001240714116663106,-0.011091301448198934,-0.002663474270012725,-0.0014247671796066984,-7.506094544226803e-05,0.004219520446584958,-0.010229784124197044,-0.0010853498002607828,-0.009775866739956392,0.007085130304526987,0.003071417238135813,0.005625589100416324,-0.010163448386730617,-0.003192393604871767,0.0051234140702241535
M10|C00012,-0.027379057568621905,0.09803250820482531,-0.028361895725421873,0.027373644369143954,-0.0111749656918001,0.013123638418450228,-0.004533152897397072,0.009055027392151777,-0.012017031198159377,0.01590904164453706,0.008386909352032762,0.0022576882687961237,0.008209388530404593,0.006812564131447781,0.010322907349126465,0.0052244636546095,0.008393720177998151,-0.004189322726612008,0.005762162294339707,-0.007296413327098352,0.0015854562042808705,0.009360522685182053,0.01188737338812568,0.004583752728063565,0.016076078733685353,0.006685546016257031,0.0005086045527698318,0.006692091868566144,-0.005439218031140966,-0.0001649940132728129
M10|C00013,0.07039521315107715,-0.02839160468852563,-0.009890850507677742,0.004491870380511653,0.03542644815884363,-0.01024379140570433,0.009885359026391323,-0.004124705629420125,0.0032863291007604626,0.021211366789736362,0.000542167824593954,-0.015764574669008477,-0.004615137723237514,0.012643047604688673,0.00956355547004413,-0.004878005067631139,0.00833678416551777,-0.0031958866358155176,0.010828201182270928,0.003978957603285989,0.007575855788902703,0.007356674123545545,-0.004822988121084599,0.0006398877827675309,0.004236219067023148,0.009588385494215828,0.00913642249002891,0.0007653520268433487,-0.0021019458798017484,-0.001954593874899648
M10|C00014,0.03259490414246029,-0.07027770912397581,-0.047310920316487995,0.031322365405009565,0.06750711574865839,-0.018573305000248362,0.011399414398897014,0.025341947925549682,-0.009250333585969684,0.00364544601432515,-0.01439320648239143,-0.026253312151887708,-0.002712965925601293,-0.007418099927137479,0.011425171381645048,-0.002351776271437138,0.006313738373074668,0.013355059969188128,-0.003069001468461355,-0.0065155498546083275,0.010551016281532847,0.005134110250082438,0.01402196481034129,0.01433978685257063,0.00022624538003264687,-0.002455821598083937,0.006018311055277338,-0.011070144585368053,-0.0032233971165966926,0.007046868362617299
M10|C00015,0.059140867119773864,0.015931947057573195,-0.057619764338731026,0.010739106233034148,0.02422239295406355,-0.0199683206287332,0.02094499631386142,-0.011413841184443692,0.0013983383623463737,-0.005193068758628395,-0.007662711538417367,0.005806924107125615,-0.01771528879458408,0.01684347206570207,-0.013331143842360298,0.016634967393035358,-0.0012528033155656108,-0.0062890912613231984,0.007946663239049266,-0.005492456081702422,0.00025640085474882364,0.0007397533909103692,0.012447309350441759,0.00986917623079105,-0.006070092692085196,-0.0003263925922885058,-0.002425720322118105,0.003530951610295311,0.005858935660061505,-0.0025311350269484494
M10|C00016,0.05499624619790975,0.015121134352002985,-0.07079706025211105,-0.008916061045918402,0.019296932517893117,-0.004555165163114765,0.013478945190431043,-0.01191363387427553,-0.0053843870303214815,0.011337897413616491,0.005964508453565789,0.007610253599059821,-0.009399661160637384,0.008487194410290642,0.01033933754308633,-0.004463791628668775,-0.009359079132542398,-0.0018150035254840466,0.006000126078072451,-0.013524143306324158,-0.0015105971506728733,-0.008178245167150556,-0.012607367911178042,-0.005038905657658984,-2.3367337255009925e-05,0.010412753902226521,0.0013971275212079364,-0.0014554024736082333,-0.0015587523157060048,0.0023678891663153545
M10|C00017,0.18547213962524822,-0.08768971496534363,-0.07387030898504306,0.04060658701379049,-0.0047057176731465766,-0.03466979253779971,0.008362677686154065,-0.02250930461987083,0.04689163900941835,-0.010311968961792987,-0.017584757229093983,-0.022467503591862455,-0.016215114936214227,0.020354142664519632,-0.0002759942220028886,-0.018426093522485025,-0.003626669530368919,0.01023225428030279,0.014138546373204455,0.023638376658898588,-0.0006386714377785819,0.009164906802421687,0.003761804340859208,-0.005426037297271501,-0.0038156726297623508,0.010102091686998677,-0.0040973228570142135,-0.0038448625548125363,0.005684135695154372,-0.0022994340229550722
M10|C00018,-0.03323733718596879,0.014438829625886754,-0.04565125581952446,-0.026843435197093427,0.012327812410381793,-0.0009410842481095812,0.033437587786516274,0.003081077002832412,0.006494110150038961,0.0008096085744912183,0.011919009605469448,-0.004323791580479345,0.019372415031989394,0.003164853100349849,-0.00941237260834238,-0.003475768405106169,0.008392584738928234,-0.0003593144852848045,0.004409741216562276,0.009584892695096492,0.0045010741964281375,0.00813256111920985,0.01084147178732549,0.0021581269893233496,0.0062118811699008545,0.0014995303330586167,-0.004302658377759367,-0.005141998354647926,0.0009539904936777465,-0.0009158988232868034
M10|C00019,0.05070388448379332,0.07642281587033908,-0.031729968585820445,0.03520126279326547,0.0009747597672619092,0.03660583740250201,0.01222233690767978,0.017957608541504022,-0.021321837302897776,0.02868266493357365,-0.0003114411464244927,0.010429786501043163,0.008682213569044911,0.012220377002820545,0.015026966538887314,-0.00835517695205322,-0.008443821026443083,-0.0022132497604618016,0.0053611825329852765,0.005823244882515557,0.008120709299573075,0.003330941700956614,0.00015394336268275687,0.0023073356214004855,-0.001554784601636911,0.009076529514471899,0.010505454854922387,-0.0030497651225995267,-0.0033485418394457165,0.004913265298733624
M10|C00020,0.011944851535104536,0.06901297017275568,0.022401516287171273,0.02175337762992239,0.0317600869521093,-0.023143575302133512,0.027043520225979212,-0.022798828471937378,-0.01860781705157094,-0.010804850580828902,0.002743751653388913,-0.003183709576213137,-0.005015667014648656,0.011591405942511014,0.006112917739548325,0.0046523683620152785,-0.00040448964603649216,0.0008953203300944289,0.00899833171936316,0.009337069112694996,0.00037773835831837895,0.01179564667917046,0.00926858952729156,0.010735506835019771,-0.0031793839700958205,0.0013118591834900004,-0.001716639861269891,0.0026810290495790554,0.0002861039108786911,-0.00484323244109695
M10|C00021,-0.023750090646069345,0.05621083950321625,-0.049391618484057105,0.012119133247170576,0.005584332044667027,-0.013143215809866684,-0.00330674382869494,-0.009072735795946323,-0.0028744726608350485,0.007238438679020542,0.003355652155886353,0.015243255387614736,0.009629024479925904,0.008079283777484028,0.0014236807487356562,0.006370776460844807,0.0036245411599037107,0.001364096168153512,0.010142881495570355,-0.010713598082960445,0.002000140223527784,0.005641702827075085,0.010456125374748637,-0.0011261926019447252,0.008017744287295337,0.002913292994673014,0.0043453395045133965,0.005649534474711403,0.00322592674256301,-0.001377627162554644
M10|C00022,0.08646944193830149,-0.029748161679881174,-0.040071791276270544,-0.0008841462755046034,0.002408689987523196,0.00618833452313293,0.005208119266343095,0.014317354207759526,-0.03186190263442481,-0.0102144588595176,0.027687090911553514,0.041073798355722974,0.015070137680645456,-0.003774967983575406,-0.0177762238224645,0.011707207764551397,0.0007991779532088143,-0.029710737504495984,0.00686938701213627,-0.023213188289995326,0.006526142357909509,0.005364356419565184,0.006553121433841267,-0.001564495847845825,0.005432603460434504,-0.014374557424276818,0.016015436451150757,-0.0025510314982605856,0.0108342039308564,0.004899411960436602
M10|C00023,0.06195076197938082,-0.01964251480760833,-0.038494289559854074,0.008817781746935014,-0.008225188288626317,-0.027149725394170616,-0.006020887902603737,-0.007559533133095324,-0.030916605214161518,0.020573090144353413,-0.007660860941509083,-0.012236074969142755,-0.011495367454252592,0.014281685753494653,0.0002672784977603906,0.007351121781769953,-0.017122606542552966,-0.006883180140642412,-0.0045457924588596784,-0.0005908841581769883,0.012829320265638829,-0.00046542698440121306,0.004087869303443632,-0.009178989374885047,-0.016952704678080747,0.0003774340798414239,0.000637504576123901,-0.0021851639037034575,-0.0005220690040209151,0.0007855010084280833
M10|C00024,0.10840372680028612,-0.07868398078319472,-0.06388344461314824,-0.03005471096631509,0.019599152240003408,0.02301012464883077,0.03614196436937217,0.08463985872466713,-0.006712745790255437,0.013253412790503865,0.017227464314101788,0.02149439940936285,0.011691321601069065,-0.0038045224841566053,0.029984079029456556,0.0002405198331645172,0.01776694083255424,0.0009290762622171061,0.017067956215300127,-0.041630361657136156,-0.01019670445870367,0.014276486012849084,-0.013843871839478786,0.002336800094463389,0.006738973531811905,0.005915201034622336,0.005339905807257547,-0.004503641565563803,0.009248611460095068,0.014677526531125633
M10|C00025,0.1370586400214369,-0.07593857112179633,-0.03962340683260772,0.07008728774768268,-0.03954495594432339,-0.01091696410012024,-0.017531013813705712,-0.03553465836326378,0.03791374269140107,-0.030874099940022038,0.0332041722057849,-0.0060283820482860675,0.005974861888513629,-0.009312540143207393,0.02761838432435474,-0.01499363851758265,0.008967788671603433,-0.00450022510766694,0.02393207328833958,-0.0022722270612519605,0.0060432961278784544,0.006311519881624648,-0.003924685080345186,-0.02106637011030068,0.0010400111536300028,0.002112150907923685,0.012341814712316332,0.005514611850275081,-0.00164850847334752,0.000867410576153001
M10|C00026,0.07413314911027362,-0.02600243861653409,-0.09818340070670806,0.013377153836239917,-0.014068226478310436,-0.008984131394362884,-0.02337111902045808,-0.005590412379224472,0.01244906893648948,-0.01486301992463628,-0.009208913807965432,-0.033619936174641214,-0.007837661473843037,0.022891584664901505,-0.0044382529919860855,-0.017380931222623474,-0.012431720104513436,-0.0008649446896445388,0.006649930787260456,0.006282254061924522,-0.0047101489634718005,0.004926134017151848,-0.006558371191420073,-0.004468179735010597,-0.0027050526101880714,0.0016750793850260003,0.008949733009392589,-0.004230455864968597,0.006485973805115078,0.002284883086794894
M10|C00027,0.08936766234957824,0.0218464342157523,-0.042843072679487886,0.025945607335115084,-0.01293491415706036,0.01707772107686033,-0.003622690143139234,0.005831606557356045,0.005766995364899016,0.0037395249501675065,-0.006531272937990291,-0.020425290120729446,-0.020275498643555642,0.00868942144569309,-0.009359642395864589,0.0012199682884188995,-0.0063705682985836795,-0.005184011806449518,-0.00526736608607718,0.010186587431632865,-0.0021903945961809224,0.00806077583994972,-0.0009587855530344096,0.00489646467433157,0.012283242967168592,-0.0028819464948739762,-0.005478156993495874,-0.004827236719706593,-0.0035167470858314598,-0.006689128495709666
M10|C00028,0.1013855152613807,-0.11161388352971774,0.04158463436642077,0.04574344589644984,0.043517025491399804,-0.019678534837278695,-0.04673272192357634,-0.016499509642200354,0.0038126640837247705,0.02536720644477925,0.0304438687063264,0.0030841819701819605,-0.003680525203113368,0.005737049896941325,0.01251875285110182,-0.016496318359832462,0.006948079536474014,-0.01066798267110208,-0.0011077648208378357,-0.0026869209588611023,0.015687202387796806,-0.0044773058132570095,-0.01196591538730233,0.006150287566650896,0.0005341963529542397,0.0005120564877307807,0.007897491837293765,0.0037020180220655964,-0.00449023818994804,0.0027013734643341015
M10|C00029,-0.04624894926297361,0.08196777970864857,-0.03193113792733784,0.002974853269824982,0.020445235863116213,-0.00999996975090143,0.008533722222181983,-0.018465262684049695,-0.00031173572659333215,0.002008538281097193,0.00851715907705265,-0.009859019831987162,-0.02044829331208651,0.005312938608706068,-0.01502171535558642,0.018307194557453183,-0.003989267997723256,0.004123112653362824,0.008879543744263868,-0.013892278480592858,-0.0007788207112809697,-0.01068707156605899,0.0020912799831216255,-0.0072530974229490595,0.007865586192526919,0.0011845064978149625,0.005658492218556031,0.0034524754630235483,-0.003918103195324921,0.0020016209034113006
M10|C00030,-0.04013163256522217,0.029926888866245303,-0.0019778218896336305,-0.0007115762371305861,0.016763375155107008,-0.04470995231381845,0.0024225539970561334,-0.010441560468014184,0.0032148174175637406,0.01409157898228779,0.01964747440796525,-0.020357124238534783,-0.020862692146666403,0.001394591697339965,0.013374026830811299,0.01862556670730331,-0.003423787392509913,0.008059203253382144,0.0030951311778970023,-0.0028404381374627376,-0.006384666710092367,-0.008551371070535895,0.0035324951687058055,-0.016063670621024147,0.0057720554639035275,0.002213536989314312,0.007921979587064622,0.004252888898090475,-0.0017274631432185397,0.002695888339727214
M10|C00031,0.11086365676636743,-0.028661876162917394,-0.06685112769605489,-0.008948260329515397,0.014095036110997957,-0.007231500150071574,0.026963150198625555,-0.016009593008638894,0.00558530021522685,0.006122324654401273,-0.02313195454558281,-0.013858163119027385,0.00445956276493489,0.006182589219270929,0.0008637363704313222,0.010648384270057782,-0.006805854534013608,0.0039042657308286256,-9.303694417996332e-05,0.005455216564025463,0.005674038140094133,0.011072530280098032,0.016095548490405523,0.0013310927524279102,-0.0013117185859572288,0.004567512517583429,-0.007321085394504926,0.0013891178024993088,0.007420039076312322,-0.011017567353316778
M10|C00032,0.007155713057692274,0.07502820385120597,-0.020689965832354017,-0.01351817827345791,0.010986962805058497,0.029719187752486678,0.019392510699800556,-0.012578389091042162,-0.023827169601964196,0.0033573824767047372,0.023329875632593314,0.018745149789640356,0.0017032128398896376,-0.0006490455911756621,-0.0032881550240455295,-0.004459496772319754,2.5382399319194863e-05,-0.015894721485249366,0.0028998667162882202,0.002341830790072879,0.005404840115241297,0.0125219408778083,0.0029093093533688217,0.006051866853017722,0.005351742629660337,-0.002589139225050686,0.008264131220881628,-0.0011061679674520292,0.0013247525607094732,-0.01000027690792091
M10|C00033,0.05776383870072331,0.0774753874805407,-0.037958654471408844,0.021913368919245967,-0.007735115130527578,0.028211135318310248,-0.012802503773472989,-0.017889639332631532,-0.028388091394931137,0.011373212781416352,-0.004051862008267819,0.006114429581599936,-0.0034447224609878498,0.002818086132319228,-0.007452160107060808,0.00037194499099121273,-0.01103915870937332,-0.006877770415749214,-0.005476203010916032,0.005912416852950484,0.005137103836836419,-0.005555011429335591,0.0033512175041225147,-0.0037497563444514287,0.0008239269014576995,-0.0013841044504886233,0.005464277607079838,-0.0018629106310756225,-0.006447254032094975,-0.0002825128026278388
M10|C00034,-0.00809897350663918,0.04682284721920178,-0.048961443491637294,0.0017326846616887175,-0.007232359303798098,-0.005805249232416873,-0.015238773932637128,-0.016220342584904412,-0.01856989676104185,0.0024918757568975296,-0.0013395340611168927,-0.0025616968007412108,0.0011451021718612605,0.009061545518176489,-0.016526381034452024,0.006494198888161278,-0.004620914871528654,-0.003916975281853749,0.002053182927608352,-0.0013505148649865803,-0.0014951082417214484,0.010293804151546137,0.0029923550475127103,0.00017296130959715733,0.00556279266998235,-0.0033886252627363523,0.01033167750158597,0.0014126548576209356,-0.0014362485228390047,-0.004889123462294766
M10|C00035,0.02231466411751443,0.06557151035199249,-0.013718164227941062,0.021604991271121195,-0.005810379731332736,-0.005162018937623916,-0.006138860076661919,-0.023686927844106462,-0.01101427474778546,0.005836385732754482,-0.015441545959840573,-0.02754724304143822,6.653811442212979e-05,0.0015782514230116879,-0.003516409943572535,0.01690707350279352,-0.0013002556451632535,-0.00830076772937236,-0.00015429977895169118,-0.0038518210536555423,-0.00373126403292399,0.005544426976663203,-0.005663442245297197,0.0045571553392200525,-0.002869308579993822,0.004884519249758115,-0.0025692082310712827,-0.004001775185873235,-0.0025455348837788243,0.0037314383821692196
M10|C00036,0.10735079393000153,-0.03155946919942565,-0.021505945947062236,0.027471123358782306,-0.0044287871507848395,-0.03308892702715729,-0.016807126106414598,-0.024778139445522,0.007541664418103998,0.0046981446372011725,0.00990919456821062,-0.007180509066503967,-0.004858786195983144,0.008321509396859208,0.006067855226180622,-0.007692345596608442,-0.004837465236707803,-0.0003297541479525085,-0.010452528321819452,-0.003502265772605583,0.00030191708251186774,0.0015839795520186345,-0.004591985938910099,-0.0003957456044170925,0.0007534581707621839,0.009047880664065444,-0.0011598463389730037,0.005330624166309249,-0.00216885343866345,-0.0019925298557508424
M10|C00037,-0.14098658080540713,-0.1516012244323323,-0.0638266423357588,0.0511326371780464,-0.025418301009611868,0.012402242380009679,0.010703575284832775,-0.012537457460954162,-0.020432090295009257,0.00867768194394226,0.030311318496858197,0.0005499276192417419,0.02037495622524286,0.02131495773928947,0.0018927931937789838,0.019799040351556964,-0.0012621250933843914,0.012949461355086091,0.0036432280434736584,0.00544696316390272,-0.007990532814268057,-0.005156040756562431,0.002498748112551987,-0.0043491396373608136,0.0050682622086144725,-0.008528859711025629,0.004858744453566096,-0.006756770748793665,0.0025619977767261967,0.0016030575469779067
M10|C00038,-0.01074011127935416,0.06557143580363509,-0.031600569975893326,0.0009959711682073023,0.006176253701870456,0.003250728725549818,-0.01121202683010456,-0.024930373217443118,-0.02164908580259967,-0.0036512378991311904,0.012187686051934652,0.01092584810797931,-0.002623247124209376,-0.002815013836228623,-0.014765901892924073,0.001282602545464551,-0.0008247282977502835,-0.006887276164930297,-0.0027596414562077987,-0.001600440564188077,-0.004696696375706656,0.002314282991233423,-0.0013163001633950872,0.0061558790430794865,-0.0007650033178685873,-0.005391700908702706,-0.0013677143084827575,-0.0005385844315714932,-0.013947560815604968,0.00366524043363388
M10|C00039,-0.08681275133534794,0.06805576339955759,-0.06602910370779512,0.01308465777934758,0.013421727341181449,-0.017035212049866254,-0.010576202907985695,0.0005975547192641578,0.020234837960291067,0.021318030627334478,0.003687326407154108,0.0025701089593646964,-0.0022167895986471434,0.007245472320414244,-0.007565044117365257,0.0090251705837666,-0.006510076845541328,0.001212722897391072,0.009140559562130402,-0.004512842497215333,0.00015297393228215042,-0.00980304551734419,-0.0003982367993666557,0.001475677986054558,0.003431957250819979,0.0015863587933596158,0.00555686922043072,0.002830004375143813,7.763571454670656e-06,0.001313132611425343
M10|C00040,0.018398213612614258,0.037574122127986394,-0.0781208710803965,-0.021844994346851783,0.007965433562602367,0.031592293502170306,0.002879109985369406,-0.0009756764430367245,-0.006788783278565271,0.011266249046697116,0.008051707469661516,0.009232954651275944,0.010927313987240075,0.0035456788054239576,-0.001474815981092995,-0.007131054830153158,-0.007312644298766689,-0.00220369794868086,0.005441270085660724,-0.004314673072953491,-0.0007904369054331329,-0.00923714689469806,-0.0004396164414621512,-0.0028369016024835133,0.004609180924835896,-0.002978806627275054,0.00020065339714220784,0.00457662879855289,-0.002129554904103444,0.0039035400194398656
M10|C00041,-0.04116141434394211,-0.09806950779919311,0.09146424849766696,-0.0046286035375862795,0.08384212470026138,0.056961797195007165,-0.046190654198038736,0.02869027549055375,-0.004277986292605075,-0.007945931371543232,-0.018917103165464837,0.00993331063206672,0.011938042642083129,0.012723416597725313,-0.018988697616474717,-0.004735315373554255,-0.0003353540129996563,-0.006522643940945956,-0.005220095548283594,-0.009753915348578444,-0.049648551370550915,-0.011021092772092842,0.037577176868948285,-0.04240819602424979,0.009721687823688454,0.004650216191139639,-0.023529667012610136,-0.02445209058562416,0.01974238633942596,-0.009960463470724004
M10|C00042,-0.04694661244381491,0.05488811426821412,-0.04341120515021525,-0.001015535893498304,0.0044520846890927996,-0.012802218074301158,-0.011661303361162589,0.0021274280967367026,0.005936822222235212,0.01099683104601275,0.00767416006351082,-0.003212763654020436,-0.01356533266615783,0.010943940358454795,-0.012507399102480827,0.011003168549394838,-0.0071970078630114905,0.004026169004841708,0.0054577568865241555,-0.006393787586158346,-0.0032308428340457117,-0.00553761547047097,-0.0006209494119600138,0.001803292331359443,0.005393695613561886,-0.00037357063451835105,0.007026154512637828,0.0005437209851683572,0.002072734085304413,0.0019644138447612956
M10|C00043,-0.09120481986876157,-0.015058572204578383,0.058373864067466835,-0.03125980264768714,-0.03499697047498732,-0.0024658579414632764,0.016175600187990993,0.00045444241501175255,0.004329673636465243,-0.02520097442988857,-0.002239276401727395,0.013674196166379575,0.0032590620357520364,-0.0059890873438628,-0.00175073594238655,-0.00012840895422076284,0.019834843676668008,-0.0023196832264679268,-0.008454744159674002,0.007337102167656516,0.003979826397092578,0.004543870599321174,-0.006369856034846212,0.0030185387579092374,0.0018618787119406182,-0.002718219184597795,0.002914589215314517,-0.008249191549710403,-0.00023773384284788692,0.003375417750150928
M10|C00044,0.05634735673315578,-0.04980957519865527,0.00031518856797874384,0.0061457095374149225,0.05781584304979622,0.02535872475830875,-0.03280798455774633,-0.025458907475253614,-0.007370246676679069,0.016605096315903775,0.0002499779337194028,-0.0025126636171393566,-0.00440343712691897,0.008668429341276847,0.007114315677914659,0.009708938304421764,0.016369157493050002,-0.008619024053596267,0.008511455518157143,0.00563790018574771,0.01845180545550302,-0.002421434389790169,-0.004503443827890935,0.007809627198581354,-0.007788738299488681,0.0037400720757149665,0.001660728910799575,0.005874832164295134,-0.011703297722059382,-0.002674754688440833
M10|C00045,0.03172009868931614,-0.020952964165842535,-0.03424531447140146,0.002992023389623364,-6.66204457629086e-05,-0.013639489978985453,-0.009668782024175723,0.04782456557686545,-0.02700783031846996,-0.01111028373076804,0.003484220102043321,9.430842348393842e-05,0.007689484149574489,0.0007068326126917718,0.0015539551291275605,0.0011214934176273892,0.004199289972378488,0.0020891287224557545,0.004976743054377391,0.004182487294533471,-0.006846290528409922,0.016627392658916548,-9.353430320968802e-06,-0.00046159807528141334,0.0063965045031960125,0.008330233884334447,0.007284234775218251,0.009012078703217075,-0.004731655003448373,-0.00999979302989125
M10|C00046,-0.0003735506053703417,0.04492417061429204,-0.020526488842350043,0.015560528975790815,0.015085854322468941,-0.014520846334351873,0.001283612971853397,-0.007016866170748335,-0.017523187305223484,0.002576427325433435,-0.001489896113308591,0.027411340729241396,0.004186911598299531,0.001203203586472882,0.0029316788620672852,0.01440887045453423,-0.0007889260432401768,0.00041466355114641443,0.010495141007611938,-0.0034089524545244825,-0.001771985720554945,0.0016771912138390276,-0.000810513829038313,-0.0010461445836408556,-0.00048028897396229416,-0.007549316122980689,0.003580886446039089,0.002363455275248731,-0.0005694914702569963,-0.00021777269515786113
M10|C00047,-0.0013032932564027132,-0.07548140195791953,0.026786812833688306,-0.01192365453041784,0.05970236525375953,0.04939450594845616,-0.02676387505983025,0.014922217616848105,-0.011282257283681226,0.006022416876081506,0.010602417692087616,0.016729924254749215,0.012296601251812518,0.004481792102977523,-0.0024445849365070517,-0.0035378043000333145,0.01391146416676025,-0.004814427942933867,0.009039705397933204,-0.017785236233732394,-0.013765023760043325,-0.001470139160863397,0.007644469435516843,-0.01502355292946353,-0.0009362894246178428,0.002868389207700398,-0.00402421351279627,-0.00034600243846569413,0.018261998689520505,0.0017828507124617219
M10|C00048,-0.10728783444519202,0.06468076470043407,0.05377935498621666,0.017719593745415957,0.06851317822970229,-0.018282577945111463,0.03190257381024229,0.01804618933233627,0.01949671836493391,-0.017548626920697367,-0.00660079698921963,-0.023814714158849337,-0.002941087569768247,0.0241856205568983,0.03001037058724493,0.004166665000368211,-0.004940644266194709,-0.0064138732789710265,0.007086918453414048,0.01651308708467768,-0.006959817818157543,-0.015870526984547176,0.011463984674833111,-0.0010351342080181442,0.007434059365042785,-0.020445472206050655,0.012830377850217036,0.004886952821931782,0.0022132060909012246,0.006215423390538941
M10|C00049,0.045074663533255344,0.028319025360161204,-0.029335819784497192,0.013514654201337692,-0.014458059353621842,0.015142273709024313,-0.01446131694168065,-0.008293944492663552,0.0030675294422609902,0.0004543320977433062,-0.004125242922340995,-0.007581389199671764,0.008607481981737445,0.005783736870160448,0.005137406819125443,-0.009417037070370891,0.0024262521292763104,0.0024105618002911874,-0.0005086315974180429,-0.0056999092567381155,0.004955731153399559,0.0010791922362879745,-0.0010872735730359287,-0.002635081426376169,0.013248007792028109,-0.0011738496589618216,0.004670265721678325,-0.002419837992466202,0.004603983441506398,0.00396088362825116
M10|C00050,0.01055053806866329,0.05271647916886595,-0.02577662280629619,0.014703829365514256,0.00028050446321511877,0.022740654145208133,-0.008536731251934148,0.017759904172471842,-0.005762270267859586,0.008672447685224398,0.01475116251856335,0.004925254341783321,0.0002989733447266414,-0.004014808055354633,-0.00022071981843268466,-0.0015454416466040089,-0.003825990340741628,-0.008373265244560137,-0.0008130315284581287,0.0011086300742722236,0.011548770475307018,-0.0020708341287599464,0.008346035526497063,-0.0015564465030294447,0.0017956366600028035,0.003411159206398204,0.0016819750612520666,-0.003472179547175021,-0.0020198576537123936,0.0011925293207683484
M10|C00051,0.07809288673288854,0.0056792498053328064,-0.03986227656240912,-0.005478088911726349,0.009459542424329101,0.009915856618952824,0.012328284848806275,-0.0074612073039664745,-0.015671785716879993,0.004081600324751183,-0.003399841759486515,0.015572788534790272,0.00691767731950626,0.0003416625185152077,0.002335158158729848,0.006109546091479804,-0.005161269179989406,-0.00688712093098115,0.009899985796268102,-0.009785768322688689,0.0017089344447598473,-0.0028067577624185554,0.00042280328413571574,-0.004280672271674624,-0.003685856973907403,0.0011321683783329039,0.0013838102598115085,0.0022719259544924006,0.0027026002731009354,0.0030982407382193263
M10|C00052,-0.09881502304622716,-0.02525330557171874,0.08587649441484878,-0.030331698215060703,-0.02704905483098217,-0.002295584494608624,0.019004659029682677,0.004853367205041006,0.003521402429026671,-0.03929079055414277,-0.011135286133670388,0.005258272806071931,0.00453034640029353,-0.0006227477294952485,0.004947353869509541,-0.006209214255011478,0.017829696785289277,-0.008520257085948104,-0.013361032621775796,0.0043292815274756456,0.0011117451066023124,-0.001117070325703416,0.00306504171659055,-0.003048340721830344,-0.0006134392605322317,-0.002913870090258696,0.00847806741191351,0.0023735794318022617,-0.007631279724256666,-0.003163831879325386
M10|C00053,0.07352081979548747,0.0025897348872949734,0.011432247831982484,0.02964160055358869,0.001392002509242654,0.0012406975395196896,0.020920470222832648,-0.0030920539772674913,-0.0007615358116899464,0.010869876590142241,-0.005374244811894797,0.009968877683910452,0.02181131752836001,0.0014227062091250213,-0.0012171944193808686,-0.0030353997953075753,0.0010494651231907376,0.005680933112742579,0.006398439078352284,-0.00879930076008958,0.006214576940041623,0.013804218283449788,0.0072963368450523905,0.0030031376163290576,0.006389549671604014,-0.006519912000275435,0.004158546585992833,-0.0015160127870317156,0.0021279937076692256,-0.001752469129057222
M10|C00054,-0.02509854727466947,0.0037505992192695486,-0.06167709220977618,-0.015219423307337289,0.0016736978681163152,-0.018760434590870696,-0.020124281178638997,0.008889876474130204,-0.021618951283786502,-0.01559354192351474,-0.003263314011655404,-0.007697526717819069,-0.0005714069534318522,0.014448515900459688,-0.019369280209343538,-0.006253782808788673,0.0003419339899901868,0.004437989507471116,-0.0018165778757167732,-0.01198676179454475,0.0032413253587980882,0.01497528925094195,-0.001394390029849061,-0.004959935012373718,0.0028917664458267683,0.0013469990881726113,0.0034266172203414338,0.007994360048213465,-0.004602456331354431,-0.0009371199064154567
M10|C00055,0.059959235260314867,0.018970726942188276,-0.06616714128086104,-0.020628184890162084,0.007806519202781616,0.016452204032190883,0.0075965376059594185,-0.011464473540839551,-0.003152979455168477,0.004370491935779506,-0.014242429587860412,-0.011140140200939841,0.002348259916957941,0.005665714831186608,0.00399710444539889,-0.0017181175713331341,-0.009096277987611836,0.004204822874879437,-0.004122016181199264,-0.0007580558654942786,0.005103937393196887,-0.0070194950538543435,-0.000781373495236299,-0.0062337784002937805,0.00011459475357235097,0.0027743386232180565,-0.0011981754694631967,-0.001987881225730987,-0.001695493470626245,0.0006600844085073024
M10|C00056,-0.10992418983851844,-0.05794140131261395,0.08736096319905867,-0.029648457804301094,-0.042422600945459375,-0.004562298501645641,0.016632987707125596,0.00734067229851255,0.0036131539445594927,-0.03369177002463316,-0.016833585390722862,0.006725782897721646,-0.00046426989677002603,-0.0006756172973910066,0.006690154711779993,-0.007186836157768485,0.015224201829400864,0.0013682526394380304,-0.012872985693506651,0.0068066290136916075,0.0013602851391966882,-0.006267176523935721,0.0019326228489952193,-0.0009881725598474731,0.00039016689608829125,-0.002943191193826808,0.008519241635213615,0.0036422392404581055,-0.01006757816201682,-0.0028522189364804614
M10|C00057,0.032606911264397756,0.012943907142651399,-0.061358542115459394,-0.02288996767172609,0.01251427554015497,0.014533274691517013,0.010840868566148434,-0.01371045456077457,-0.00089055237746505,0.005314326225058726,-0.0028259564315196183,-0.008562753400857579,0.006106470180150678,0.008082912179887918,-0.0029904231670282123,-0.011892650062107202,-0.009509251283482107,0.001837372380791914,-0.00032737220533694985,0.0022093391824222087,0.005458007691835593,0.001157239576336761,0.004604608516228654,0.0012578860182467025,-0.002251308769796069,0.00011032142533172826,-0.0008634459347298451,-0.0022601481172154496,0.002844293620064551,-0.004557540364082047
M10|C00058,0.002598705382219327,-0.05863121835605562,-0.035427963275621636,-0.029710649925090173,-0.023946513007228904,-0.02762921193871527,-0.005570304549653373,-0.0019616805441076495,-0.0104413289877094,0.032331989509572716,0.005524853754685544,-0.020206405182917726,-0.007296599093273651,0.0035936560356412345,0.0025600373350369078,-0.0019523544658530906,-0.009203628306999173,-0.009458621083260586,0.0005023029580693937,0.002058575229870265,-0.0061223781245797635,8.507123341131789e-06,0.000948889696432267,-0.007964874899813975,-0.0017875274311385829,-0.004347231256285586,0.0065899767013603795,0.0017432896969369104,0.003738063675818037,0.0034775396825220406
M10|C00059,0.03171493223618874,-0.013437697608290953,-0.08290401169038311,-0.021065296977620326,0.00557763333046159,0.001847186729089681,0.0016510416932326352,0.00627367992668735,0.0008058846855824631,0.00921350734755906,-0.013536104415148235,-0.022252166826048726,0.013217858878557105,0.011493454390740405,-0.00415929639935277,-0.01077770360728182,-0.0135397734284747,0.002776953497047883,0.0009060036054915139,0.0003291373514686036,-0.00028737176028694676,0.0020846148252559272,0.0017151511949699268,-0.003698100266825954,0.005271313884236295,0.0011281039047678527,0.002697254851891282,5.655331536184935e-06,0.0013377436153450095,0.0053363550315060435
M10|C00060,0.061861113096432364,0.01565025273122185,-0.044255660265509915,-0.012588339806896071,0.01668501461703448,0.018025939083743996,0.013565050681663565,0.01534154134817688,-0.01065952054587995,0.005523059124271267,-0.0019288273920306926,0.006332327259285408,-0.002343348087772487,0.0041445474276036644,-6.336250759813514e-05,-0.00318349154203905,-0.002417642727576875,0.004200836508600339,0.000971615774275485,-0.00653041374086612,-0.004290879563614584,0.0007226034337078429,0.001671169104152606,0.0036551253779897102,0.006084344360928854,0.0015709013999347006,0.008292002025490273,-0.0007699454083629157,-0.0007325382465131753,-0.0006696189008345322
M10|C00061,0.04749459813047737,0.01989847756232093,-0.036232436838054584,0.021727705725374975,-0.022429734757177203,0.00762966462894841,-0.017168061663776164,-0.019925727077778517,0.009006566254823527,-0.0004137233726046096,0.004923529607823676,-0.0044459341598481125,0.0021393127359574746,0.0019740625914724448,0.0015497506538290566,9.434075703303977e-05,-0.002927310190962992,-0.009906792193492362,0.008806325217227509,-0.001962333293396127,0.007449816553158499,0.0024701525414132677,0.005436265698548097,-0.0027366726507194175,0.006754847820355773,-0.0036977719660518816,0.0029845725988707993,0.0022274969401825037,0.0035331294626186134,0.002991102870745358
M10|C00062,0.08785247685945774,-0.10840204849137958,0.010031050019587382,0.005378057511134001,0.010364435553816023,-0.0679937610191785,-0.008126124844716493,-0.002501748828145525,-0.010123229240377842,0.01681763749429534,0.030512112663994496,-0.0016601082955510506,-0.005094670997710715,0.00027479309426309766,0.0034571124010234168,-0.003874221160669681,-0.012106951431597597,-0.007738591656101641,-0.01889420308749711,-0.008543736121819885,0.00527872413988483,-0.008820109722663541,-0.006211544822440047,0.005037286941872256,-0.0018289086570816419,0.000559385017032592,-0.004757598112270738,0.0009322595120454109,0.0015575183564215567,0.002253368334478156
M10|C00063,0.03172871574640731,0.028326973335082786,-0.028097375864235382,0.006590838304187246,-0.0048630898944567215,0.022524429102912323,-0.0010387124202534746,0.02132681585131475,-0.002886338059590801,0.02270000115067682,0.011882018360182227,-0.0076734120918369895,0.008937683767191562,0.006082548356236348,-0.011671733441574338,-0.006056595799956002,-0.009460613894404857,-0.006294491095888236,-0.0019915832093965954,0.004991583367902519,0.009545064673521127,-0.0002168665549425333,0.008516236438960281,-0.004885252149716415,-5.575020083917584e-05,-0.0021887830711650367,0.006936516978031997,0.00038866777063170714,0.0014765637704302862,0.0041971617130095226
M10|C00064,0.01659225932987711,0.024282856826130496,-0.03492255493078045,-0.02108598615915853,0.01394299403830799,0.015515947263045442,0.017818282355543755,0.011129487940464386,-0.007446864026849426,0.003010013042498917,0.0159754573088809,0.011279023096916451,0.0036499426003989434,0.0018636221300790507,0.002532239332086179,-0.011672784312637699,0.0024248188244168707,0.00019521665916283752,0.010658408016252428,-0.01417681744595094,0.001968964772039081,0.0005835247945802308,0.0025955127287366686,0.006977186563233235,0.009406653042881935,0.007174748309694409,0.00044620316669418493,0.00014114178490262871,0.005529322685826915,0.0013533315534625281
M10|C00065,0.05211898829224794,0.011612891713024154,-0.03101084897163702,-0.007886315150345635,0.025601961620904997,-2.6295150171250924e-05,0.024592977369409703,-0.014721885236151025,0.0019770915221308232,0.0069738891472198505,0.0031835076858315035,0.009726173423705126,0.003172706487067698,0.005519417935241358,-0.0010964894782904669,-0.007529542545126597,-0.0015571690285325981,0.008764682628597219,0.0043183108368199455,0.004923368733663875,0.0032947929016958516,0.005855367773572538,0.008293615400763817,0.006445790350675684,0.001774135266812464,-0.0018160205408721116,-0.00048756981119226585,-0.0012157401926534278,-0.0014504312379242522,-0.0014971905085980548
M10|C00066,0.07824495497787796,-0.004896079764808469,-0.04323558890962826,0.010103655423024237,-0.004598493536871604,0.0035015529870043027,-0.0023816209360039207,0.027328752587558486,0.002945531781691593,0.0046085949624318735,-0.014082531401870315,-0.013948412925751946,-0.00859011124412558,0.006624712907830284,0.0003937401904921458,0.01654491694019682,-0.006563287961382583,-0.011957622847235446,0.0039989375019704515,0.013308283082137272,-0.0034626443287666436,0.009296997505388599,0.0020670390101497696,0.0033310561635598547,0.005750278863851683,0.005591855348741742,-0.006566772677894605,-0.003989158510021987,0.0004852811705686688,-0.00022792670208501053
M1|C00001,0.0026841652536007173,0.04595947080320576,-0.03433766404816841,-0.022394080056380536,-0.013407097306174343,0.011844886300043538,-0.016788312214865535,0.003981352453970644,-0.0054286104639778435,-0.004502814650566598,-0.011707289770309392,-0.012486364819467615,-0.008019191314047821,0.007049193811919051,-0.0031248878086174987,0.0072256685573206195,-0.0018405820155140459,0.0019180178914426627,-0.0074245522465500756,-0.006702116821666173,-0.0024919760774465586,0.0033183236192468523,-0.007305548473894322,-0.0017217992852311033,0.004466089126478691,0.010438159703521518,0.007064711928903208,-0.0038731294110564145,0.005019893248609079,0.0042723146893314905
M1|C00002,0.20726677730445378,-0.11514288807738893,0.02053573523242341,0.018637705555151745,0.020754780658873304,-0.038309654159918646,0.020187319237674257,-0.001974997178145368,0.008658671163383607,-0.0034380288295335947,0.0016779213331378834,0.023042741890673634,0.002863644196727132,0.006366438082426948,-0.02464463922343505,-0.008112650422161118,-0.006731164843978442,0.004870527669224862,-0.011550273830747974,0.005878536398275226,9.401372033269655e-05,0.0018838972417849174,0.005249911539387699,0.008115440499292265,0.008628197154112314,-0.00992907573258592,0.002816241930951719,-0.005687603180700733,-0.0005523455348917526,0.006376725952139156
M1|C00003,0.09639803247183,-0.005192595227598238,-0.03803093395036089,-0.03864099568098465,0.012732965668393572,0.012746329754477669,0.03605475731968746,-0.0067599110023275595,0.0011545340297727266,0.005801623213321458,-0.019752668809728022,0.002682980637115757,0.0037307602180775595,0.006836077293254079,-0.00347996661997177,-0.0007264848869321899,-0.0031295218451972743,0.012796204471800576,-0.011296627042621018,0.0034114591400258177,0.0015406605232792154,0.0020386103101138003,-0.011481738612776253,-0.005727187841162303,0.00413107674708152,0.0031171407312194773,0.009643089194157212,-0.009648821167484774,0.0016255845150782051,0.002229878400971247
M1|C00004,-0.17521425182365538,0.15015576847320153,0.09416262891565065,0.029854531827579696,0.0299980116415326,-0.04281411939289957,0.0011048605212662845,0.014381071040719623,-0.005389761983410344,0.009173299660469992,0.02328028227113776,-0.02344887257678356,0.015822405591258356,0.013209726243728149,0.015561771335869879,0.006485552909078468,0.0005367083180397255,0.010940212794043261,0.018931730579820786,0.005357737264637895,-0.008686046893371492,-0.009574469451315508,0.007027734650409309,-0.004766482285002633,-0.012662036337240612,0.010269102903199271,-0.0019401237371781679,0.015017913153653122,0.00014721978127608926,0.0164704494385472
M1|C00005,0.0966287958326654,-0.006902844504585056,-0.004297378473562203,-0.003859543753570291,-0.01461430180599324,0.036853392012536124,-0.002071987171835623,-0.006708478153670689,0.003763669107801691,-0.0004020252565443095,-0.006198778006697439,0.021424086782966065,0.012898183979263702,0.002652219192941836,-0.008504282639904406,-0.0029931839863968366,0.004407762473224989,-0.0013197621839765197,0.001572046787629268,0.005792155650193901,-0.007720862707942791,-0.005824601362054629,0.006583643534844063,-0.011665132705628795,0.005725317639818339,-0.0076906055201945,-0.00827517667934057,0.006523931287952541,-0.0035126177216033903,-0.00856046738338029
M1|C00006,-0.02060741209050544,0.052402355518637936,0.019480589468508357,-0.015867550456763094,-0.013762116654895603,0.011236858705749824,-0.0026409406645796787,-0.004581870246555599,-0.0013145444132836486,-0.002225634566569317,0.016155321476504537,-0.013430889798209054,-0.014427256706205446,-0.001395681161026428,-0.002177861683345862,0.004455916407679232,-0.0012611124267345457,-0.002109777025380559,0.006270303019858535,-0.014736538531110855,-0.009027023805964677,0.0007028675013875025,-0.00172046946623215,-0.005581525244110598,-0.0016020541858611033,0.00190624962385727,0.002635450841241544,0.0050520206826270685,0.0052033677592438115,-0.0034934328008269125
M1|C00007,0.05185452309566915,0.037998156266244205,-0.008352584446735855,-0.02264359904473304,-0.0062927538566213,0.03409786401401765,0.010041083175286281,-0.018752469891780702,-0.013664960299603707,0.006558499677137574,0.0022285592018498777,0.012485978982799064,-0.003803599593282266,0.002278806219515329,-0.0028310173374138624,-0.009033451083716056,-0.004183207933416827,0.006973091066214262,-0.0020200429635753455,0.008817604330548002,-0.00015028508933402515,0.0077775294447551095,-0.005896837150379868,0.003099475227359402,0.007732827316030545,-0.004320526446552892,0.0021709414260456263,-0.005350756032239651,-0.0029432665249918694,-0.007305163558285611
M1|C00008,-0.004249971991492337,0.10539379810494594,0.022971224539878588,0.0010629163544644844,-0.021106416908271024,0.022086513384249398,-0.007864617904550834,-0.006694619270153829,-0.012326778621922161,0.004621275705803449,0.012126211622676065,-0.0006482696551171039,-0.012566381021274426,0.002643807696830727,-0.004207358810350836,0.009169240257776328,-0.0036599540168900093,0.0006147616342299919,-0.0015930027632484259,0.0007620821471956481,0.0015687677701155932,-0.0014847271604883252,-0.0027876435888495466,-0.0012666923507146095,0.00323092233589439,0.006237899621026355,-0.001554429847009112,0.0025585708008070466,0.0017670978939294492,0.004740275559022958
M1|C00009,0.04037436254425749,0.05551609134502494,0.03801205423091356,0.00010346847213880957,-0.007170867779496214,-0.003970646678700123,0.011963316182250907,-0.023625183722390735,-0.01440587050027323,0.006260130518749239,0.014630520193711607,-0.003976398211880728,0.002896081751733561,0.004112130454518577,-0.00621452201921335,-0.005825895748017109,-0.008006928206177148,0.0061039780318108035,-3.104693338949697e-05,0.00427207020040282,0.004065113927485417,0.007651309998272734,0.0003746952755938803,0.0009357432896235763,0.006150412269304687,0.006209579058980665,0.005214858944564985,0.0018349959520933892,0.004708148067507999,0.00425144493637967
M1|C00010,0.009765552018250101,0.03394239038200729,0.010758600251992054,-0.008621658478272735,0.007644755862564553,0.018097577329087552,-0.017470184305475735,0.01023710889105303,-0.012752500580555468,0.006622346010245792,-0.005012058301339306,0.0027519025081356157,0.009209662147437415,0.0062955572076387285,-0.00030624240736248746,0.0033772839768426138,-0.00024678839560307196,-0.003252221524740633,-0.0026178111425468054,-0.0026181997835128257,-0.006798795828461696,-0.0023550030164211817,0.004080200348039448,-0.002028456049170891,0.003224917793328989,0.00511958843434611,-0.0048563484858664616,0.000728304489496483,0.0017636417897656442,0.005256751424144055
M1|C00011,0.0060065453475224885,0.01184341311030424,-0.01950461239542441,-0.007047394696339615,-0.008027439123120303,-0.00716930395400602,-0.01138017930675417,0.021897266545101636,0.010269808683499151,0.0020298680500283844,-0.004260960479911406,-0.024566319765753047,0.0004964520876229018,0.00881690748843762,-6.289974875387412e-05,0.001882220814286811,0.0006713377260727649,0.001497589781055796,-0.0034241264676154277,0.007437603680945511,-0.002204133179621413,0.0014852044214178652,-0.0018426862915861778,-0.0026637819379991567,-2.330972256711442e-06,0.0023908856975453975,-0.0008750009886023513,-0.005716425760319679,0.0022956299917007207,0.004461710165411386
M1|C00012,0.1624859379766362,-0.12309918284025034,-0.040682028606635785,0.007532739475509746,0.010726742725435558,-0.031673331091358496,0.00016923211949455881,0.033791423710411564,0.015280954367984349,-0.01286481770231011,-0.005544398268606343,0.0010649759743601524,0.0019292369487730434,0.0013822863322679607,-0.005695055318206285,-0.002913518227189436,-0.0023345385123610327,-0.006038117856709038,-0.015309925143165011,0.012686694431294852,0.005920557699279697,-1.6481511699904898e-05,0.00762476264439279,0.010612701295430262,0.0045177548946484635,-0.0016986469455128092,-0.0026579204385616855,-0.010696056373843205,3.476829656352341e-05,0.002364185142974834
M1|C00013,-0.002137838060360719,0.011806264317833569,-0.021283010070723137,-0.0025945699331743396,-0.015543955144609193,-0.012278717406444636,-0.017303109293551323,-0.016903312268752056,0.01064791709247381,-0.013018950670302438,-0.012815119879911756,-0.015771693422726833,-0.0092810784474537,0.0045616899355788755,0.0010296082473844575,-0.004689296118194519,-0.0006596965085438907,0.0006195134007915909,-0.00624788322484867,-0.0027787044711914894,0.007169218032591637,0.0033689995183571204,-0.0025891404647372376,-0.006581520860863013,-0.0037202665528206906,0.004625196980585843,0.00509611326703873,-0.003486895959842114,0.01010898077573427,0.005665407486536832
M1|C00014,-0.04256718961346475,0.044570839287105646,-0.048791262800892354,-0.059565544836216205,0.014752176865529138,0.018809440246127292,-0.012744256355321138,-0.012455335073976871,0.0076400478867290214,-0.008225075672228518,-0.001772353779783796,-0.008418787180321359,0.004637820239898092,0.007949143719996945,-0.0026897679858769665,0.00446362123220755,-0.0021034254918892202,-0.008075247342246043,-0.008005379273460773,0.006935428092462589,0.0027991944514892835,-0.0004099199463348134,-0.0014922398876943436,-0.004880805998378191,0.004146816568533902,0.006487342606642135,0.0008657621589551416,-0.00747626641697928,0.002326202690641544,-0.0008304465060010289
M1|C00015,0.0759695627511257,0.01749684975987572,-0.0016752553155948637,-0.010593638267099713,0.014522257891931633,0.016767708014522497,0.025363231768090765,-0.002378105843457946,-0.0205426425805436,0.010032623142058023,-0.009356588104380325,0.0043161645410658925,0.012097473061063341,-0.0009189229014683931,-0.001115797495519946,-0.006796276258490161,-0.0047240793373410014,0.017427225946638977,-0.014736571644732665,-0.007949743633879437,0.002640338756748672,-0.001262604635877727,-0.005906236949692668,0.0018402696547132145,0.003999393959999728,6.062257924149884e-05,0.005472168433729279,-0.005001430228972891,0.006387094740223055,0.00421344028423216
M1|C00016,0.08709432814731645,0.004643729983059219,0.03018360536322749,0.06684789590187762,-0.013725316955752067,0.005603117700783895,-0.029496432802240874,0.029884908614594818,0.005707643717568601,0.0014879043204323406,0.010270985025971813,-0.0006275561231784286,-0.015214427313954613,0.010975164727510752,-0.0018626229354755388,0.003151738469332096,-0.0036363092534737297,-0.011415026522221594,-0.0033163419611997725,-0.0009354601211605578,0.0006761944110474637,-0.006721651652137766,0.002717744894159646,0.017267008872013226,-0.004234170057812156,0.0001395117890930425,-0.002473624893592324,-0.0024307227423544814,0.0021928528127382113,0.0015348998749641536
M1|C00017,0.03719642769306015,0.062332604553437525,0.008495234776798213,-0.001668640199041875,-0.00879371340050074,0.014277447230581875,0.008009040432369855,-0.014304553316201377,-0.003983990298572927,0.005461154389286078,0.01604543723888151,0.007616050789277325,-0.011510085093605417,0.0021637055721142103,-0.0035080524786072044,0.006105352745351852,-0.0052737059620346525,-0.002449361117969115,-0.0032096374704737194,0.0038664176902120876,-0.004310711468144433,0.005198735897938553,0.001914029468088895,0.005787469296442488,0.009534513360859092,-0.0006980823380818676,0.004833590916245044,-0.005825270169087709,-0.007896228034027666,-0.004900867007482666
M1|C00018,0.17559806250358467,-0.09151491836099869,0.03625586441958625,0.015767829628491374,0.002207623986439595,-0.011082920161848562,0.000592876497920811,0.024967799676772033,0.007797348690343977,0.023850890409543746,0.010427897889637999,-0.0014659947680318345,-0.0017669605974143822,0.004202127868693913,-0.010134515192811095,0.015765063960876083,-0.0043646144858757036,-0.010929249692557652,-0.0157357024715828,0.007105436899322329,-0.0017103770703790317,0.0027944758574115582,-0.00020263470995973001,0.00708665972556667,0.00033490481519757504,-0.009653191448085428,-0.006474857665339434,0.0037978129660437183,0.0028975293533387713,-0.00705834456239204
M1|C00019,0.18953496845130943,-0.09911261307295756,0.006494816371316802,0.06561246927690968,-0.01002883688905503,-0.007743736446269645,0.01059092297059625,-0.004336763215375918,0.030339910118124407,-0.03180031267354974,-0.0008116750742759887,-0.003909061677748168,-0.00994846627062529,-0.010309504510597544,-0.0024319638242628785,-0.01704200150289998,0.00763290010413546,0.014382603483246659,0.017691991873121485,-0.0009893793684881886,-0.008659726222982922,-0.003795651971137273,0.003506945748259095,0.005854626934719782,-0.008552394884430915,-0.00522297683426171,0.007559808826948413,-0.006923277620419824,-0.0013285443613709294,-0.0030715131756068464
M1|C00020,0.026904983898956722,0.034803310080059914,0.17265730546225275,0.05613791751657295,-0.004105469385577669,-0.021746060068225336,0.01527523276701683,0.004385926452554795,-0.005060853983241939,0.024947939865186942,0.007331427079323739,-0.04645017370008828,0.018090900364320935,0.007980090295058681,-0.01580933818771548,-0.005643237587216209,0.00126599238227532,-0.012664977943847508,0.004987743567148518,-0.0038924883224646803,-0.02765317704436153,0.0019411281657208256,0.004194996131560246,-0.014313240889409603,-0.008922027420023184,-0.005375353161120521,-0.00351432212346609,0.008265760294017585,0.00682885216304595,0.0036412182518835517
M1|C00021,0.05152143765474474,0.017248920298996925,-0.0015165944771239244,0.003114201337210692,-0.0175973735843849,0.021300787491611593,0.008630134383014692,0.022090524981923338,0.006464137377005288,0.008646401024000595,-0.0004908421764292653,0.0064357820397462386,0.00010852435885380663,-0.0013275801457521207,-0.001737917032491982,0.0015902377574110655,0.0052733266104825,0.0016079796549538375,-0.001541777025295932,-0.005594838736512128,-0.0009203261531612989,-0.00014465919482073815,-0.0009279141825763749,-0.006045374226205946,0.004984679224750519,0.0034391741251652633,0.004725879286503524,-0.002953124812911242,-0.0030223655970085072,-0.001198354480415747
M1|C00022,0.1206193446780104,-0.09252829323809264,0.0234324025064405,0.014686272618766986,0.010003091998929087,0.016612647928006586,0.023663309188821098,0.011414011678140722,0.008698729960541557,0.017296158840774938,7.941642341618033e-05,-0.0060417648768823825,0.004752229930582627,-0.006248176359979701,-0.019785376646430836,0.01885066508757658,0.0015979969607938028,0.0009007653613995552,-0.008839577508645868,0.014444521494634906,-0.006372321582506687,0.01651868972056773,0.014347316128237657,0.0011633863109335714,0.013095665446808777,-0.01668798417608766,0.0004210438240327115,-0.0013255750199561876,-0.008365708224521281,-0.005461232399015961
M1|C00023,0.023951533553937768,0.0061687147115892255,0.003799178324977215,-0.019915935639548132,0.021133568652412584,0.029534276536829704,0.012585629554924633,-0.033039242629864414,-0.034099452203249406,0.0028767515525011567,-0.00045951283353138354,0.03160224212877252,0.027323542977779156,0.0008432685376673089,0.00012945027797605786,0.005292702963284515,0.003943434849556941,-0.013888524469437467,0.01713398339929282,0.00938148569541085,0.001395510725633834,0.005990814158005773,-0.004373059697195439,-0.004010919268299999,0.002598088300207067,-0.0021188477890982113,0.0016397623165597514,0.003476315444376925,0.003249617269573558,0.003689156385094585
M1|C00024,0.14687667629032145,-0.0056469178400929245,-0.03670228155007598,-0.0044453859921720195,-0.007812814228503473,0.02023186385351147,0.020193994454693588,-0.0176321533898999,0.008639047680326273,-0.0018230048676924192,-0.024297327495803437,0.008312381517126165,-0.011704274132784865,0.0060135776427497544,-0.008951468884874426,0.002608748071714951,-0.0022061928554796685,0.00546154597116196,-0.0009557780394636218,0.009724636097139024,-0.006915132939304719,-0.0010084367694308473,-0.006810789126046863,-0.0012788340043010788,0.005800499621679863,-0.004751431464772917,-0.003590118776081022,-0.007633497673505587,-0.007657662534978157,-0.002296502313474627
M1|C00025,0.009993868609076677,0.04738336416765732,0.015533790773307576,-0.03329453135361252,0.03290415392192013,0.0009139771326015704,0.04060709569291587,-0.014545462376254592,-0.011008964164760503,-0.0006652311172541607,0.018234967807415337,0.006066761354299628,0.01429156974783354,0.006054413060785688,-0.007544058446190724,-0.0026207063064973887,-0.0025931061894998494,0.004653918116959952,-0.0026533621118598407,0.002007212893550121,-0.0005475545903874615,0.003940631048261736,0.001276984268222498,0.009444086205964288,0.0029692166241801396,-0.004864413519276631,-0.0011371871168960417,-0.009112764551428199,-0.0031075949971012427,-0.0020327369172720563
M1|C00026,-0.019504099246943022,0.11194724649143109,0.10501398969473899,0.008090999727183856,0.0305963752171952,-0.007244068230090176,0.058215932099843166,-0.022811263135654666,-0.008644051706750063,-0.0022510465520277742,0.0045306324725377465,-0.0451669054495291,0.013288129836345785,0.008853537983052006,-0.008262681178846721,0.01136135752568267,-0.0004961541454046461,-0.003955076649988963,0.007946428671144338,0.007004969197236906,-0.0016059398451314473,-0.00540788422197849,-0.012277852629774969,-0.009952827796159936,-0.012003181381381574,0.00214301498842053,-0.007537901377843488,0.007436232871585478,-0.008401784653934034,0.01011856028613057
M1|C00027,0.015569030989365192,-0.039051447063074715,0.009751998145562513,-0.045939995456786904,-0.016724886704430602,-0.01503467675999338,0.011549176181981789,-0.018623999116764278,0.010012501240590978,0.022628222872181004,0.005794498942271737,-0.0130036108835728,-0.015270905437207523,-0.012036425413626527,0.001577143317398624,-0.016442297252667125,0.0010096020474007492,0.007454916967680003,-0.006749084442049274,-0.00940766662638271,-0.009500015365359948,0.01594259913419086,0.0047860051006492965,-0.003881235149001514,0.013356642179886608,-0.001977372854757685,0.012131440442463497,-0.004783178888148062,0.008288552586208014,-0.011779896540267065
M1|C00028,-0.11485572202293039,0.00379432765612111,-0.06652152516173346,-0.009185923942879858,0.014454376222438716,-0.05693506020613456,-0.04608797371951805,0.02435002969248805,0.003983812570635275,-0.015421843852379095,0.006540505092997656,0.010691434088991227,0.015404541663316318,0.006654015201415348,-0.0011048082713460083,-0.0027571963244615782,-0.0007611838254441255,0.002270545928936617,-0.0012090912338882358,0.010243697111747671,-0.0012302378456482098,0.006225966314151087,0.008850562973189638,0.004736514494979058,-0.004074992509847707,0.011596170311553404,0.006067908366007345,-0.0008777258394924749,0.0002867378273929596,-0.0010259359954700557
M1|C00029,0.12715055948786896,-0.028772622730666244,0.024843657244199475,0.03991320167627541,0.0003655562810744056,-0.02063018835826534,0.010154326024885849,-0.022029019002202666,-0.0023807622382459193,-0.021809380215843114,0.0046059717973833,0.01486811277792795,-0.013243930140287975,-0.005884474898834686,-0.015950271821826824,0.0026808145858097537,0.002595326577508433,0.009330162644633655,0.0032120131896774236,-0.007232258730259701,-0.01661054095463422,0.0017884459407422997,0.006202784509759331,0.011300575981614665,-0.0033389831313358257,-0.008074116604611698,-0.0006034128323175635,0.0073330076269621704,0.0018075990504263326,-0.0022502530072404034
M1|C00030,-0.12965316041625585,0.022962610161296675,-0.04164617416503848,-0.00465017793044703,0.006473488476565477,-0.012551450489241734,-0.009637135931393346,0.020367300154446214,0.03658355768330577,0.0007349671777467221,0.010380839778549185,0.013469966716181869,-0.0011530222071575935,0.008134971297128299,-0.0003470993611686603,0.0017712703960904613,0.0017593771720060623,-0.0067523172890375785,-0.0004815243819170744,-0.017315286522547137,0.004193404919824682,0.0016330174677139583,0.012159739344082304,0.009636217439941693,-0.0028434054154424827,0.01260795222771499,0.011779599163429674,0.0007515553333219,-0.0004695306031145392,-0.0021764305554198555
M1|C00031,-0.10096945338521668,0.08077211010655151,-0.00022387337935356728,0.01356976830391316,0.014674799896394258,-0.01200205355284107,-0.01412818373859574,0.03525208067514478,0.0027032791704928593,0.002309056196230208,0.0138958714956616,0.006872110984495588,-0.003447205243994908,0.011606878933847811,0.0075751683842354475,-0.00023474486356219276,-0.0018220580923445277,0.003303701301596944,0.006532039315888396,-0.002685303214190396,-0.0036436130016160016,-0.003293363022504456,-0.0023311152763188653,0.0017696766481543587,-0.014907292701470494,0.006434259084078654,0.0029599849184991163,-0.0005385821598959611,0.003502350939551172,0.00023171618391874447
M1|C00032,-0.04215057481622468,0.03707410084853143,-0.021651394309952905,-0.013535129027549242,-0.020899307667965644,0.015258868553450029,-0.017719606076547958,0.009548049534088832,-0.00016437245210375057,0.013418001005334673,-0.0035546503477088998,0.02519808682455811,-0.0034182395259622603,0.005911887162488615,0.019487691956083894,-0.012246492861716383,0.006109510886962243,-0.004673538631275641,0.009425703699431054,-0.00038659027225146424,-0.0029258265974159555,0.002696307871224651,0.0029368019800026864,0.009559105473500583,-0.011372370321749528,7.001825284743507e-05,0.00039144728116664407,-0.002998885092382846,0.0007676240301527206,-0.0035003654619760217
M1|C00033,-0.028996441816786674,0.06417778838231146,0.09313101026001289,-0.0063806225708167765,-0.00782333268942779,-0.005180951279043917,0.02297439110044121,-0.03179394413419401,-0.010009334021779972,0.003455245909056132,0.025234369624468355,-0.007361096398946424,0.005107012118229125,0.0038146413207532453,-0.012715874495280619,-0.0159270511287937,-0.004670214722745352,-0.011213799428805115,0.014381510574044814,0.004188986555395647,-0.001178391036737908,0.006563821206412505,0.002145192639057214,0.011981008355272217,0.0043673300894534455,0.001557987213350252,0.005775183108791861,0.0006663703081385505,0.008462850457044398,-0.004434203657503077
M1|C00034,-0.0261005490945756,0.02230299146836257,-0.081670623147686,-0.04714286874836835,-0.017394866202029378,0.02552125109385318,-0.027857434226160785,-0.004452961087159101,0.007035701710168779,-0.00125601370289512,0.009678001566360098,-0.017727286263816727,0.011872725760277482,0.010499694990022165,-0.007144561137224807,-0.01937936014832806,0.00045521194979646746,-9.100005255318262e-05,-0.0033880535233415396,0.0030812806797527515,0.004889861331978347,-0.0013708406654971304,0.003334731718357499,0.0035315638952386707,0.008158216317000935,-0.006274551050180437,0.0036364665611214363,-0.003967562577966288,0.002127705487608245,-0.0032098525789070356
M1|C00035,0.07405800104729181,0.020034170110448408,-0.00011736937862502973,0.00025523560972893453,-0.016083416524841635,0.008462851870000761,0.008138024487385377,-0.021737041374933548,0.009951790738298959,-0.004924646466871395,-0.013631170082405348,-0.0038094918386780974,0.006566524835843621,0.004855173372699668,-0.005856632447401399,0.007919258972197194,-0.003643968806169685,0.0060434007348968396,-0.008153468418104246,0.004476249760677591,0.013780054776219722,0.00016229349981473513,0.0007124075208682495,-0.016784295401217546,-0.013756817836151005,0.0025055815786365833,-0.0002543652325975476,0.0057733649725508025,0.007904763899966605,-0.0005882568881397544
M1|C00036,0.017866301627718677,0.012046374975652932,-0.08575812191615811,-0.04698023392337396,-0.012982391311207497,0.03765313299834444,-0.012608699619185693,0.005756698761597035,0.010870335321497681,-0.007111820551985577,-0.00012793245923015505,-0.007079514211079337,-0.003365572379973862,0.00598505204912608,-0.00926340301935428,-0.00964453456415285,0.001681912537401816,0.0009397998118857999,-0.0032517339623916435,-0.014433532815844675,-0.00049612395543228,-0.007513415312921593,-0.006582933420396252,-0.0034428281922851468,0.0003369078627184994,-0.007162371170738371,0.004730068991578656,-0.004071119790653804,-0.0009351452220196191,-0.009587368668817906
M1|C00037,-0.03744020750933429,0.09776917800944052,0.023596258508337943,0.02101037454598116,-0.022574075917796112,0.008155548780453785,-0.014810108053115216,-0.010815266494382894,0.001818824193389983,0.01569998260133807,-0.004630485352200994,-0.024428723977934077,0.01298513241955829,0.011853346448395094,-0.006816314826503019,-0.001519050556950527,-0.0018732567501179593,0.009398926343569872,-0.004097910012335859,-0.007951319155992655,0.0024641798961355073,0.0025836250727449724,0.0008741156871890594,0.008263357814439178,0.004375776096469541,0.0009836189502266171,0.0011254396260230773,5.620402984509366e-05,0.00566489189447837,0.0075867416309633355
M1|C00038,-0.026308504493491282,-0.02824582266686065,-0.07530227807803731,-0.03966627386024127,0.019912539948635205,-0.004936085118898331,-0.007564926415228909,0.028910226359667827,-0.02259788581614522,-0.021232347187886188,-0.011829070237634949,0.014735869518905672,0.018315571400373366,0.00019426517696750925,0.013773418862485011,-0.009820587505208972,-0.0012860914192426164,-0.00038774558495823506,-0.0012218729237908153,-0.0006162614407817947,-0.007324793294603197,0.012290972836112348,-0.006845360292493318,-0.0003917604381118413,-0.007935821215509353,0.006533988807403471,0.0037704106870108255,0.0015850600953236497,0.004113251675049003,-0.003829388658661464
M1|C00039,-0.01649579541888875,-0.07291642414259722,0.010299213767645506,-0.01174987173517136,-0.01101402093395403,-0.05402843830065113,-0.009584540437906694,-0.006673852353250478,0.009842012394555432,0.020552605146263166,0.02806975225254513,0.003753778925605655,-0.017288260016583738,-0.017618675180925664,0.0012503047406563273,-0.010629427111407009,-0.004413344972614386,-0.0029072648916633193,0.0001786953904721023,-0.0018681254725162475,0.0015078669590832283,-0.006785044160847215,0.008874083055614069,-0.0017084369706208196,-0.005808343215511833,0.004547600807654665,0.006072726769188876,0.0016515909823767157,0.00019177577405482874,-0.004907856422700521
M1|C00040,-0.0881289621299167,0.034192674253462826,-0.07137491519868315,-0.028505886729319415,0.013343003010831357,-0.01101365956684812,-0.029016417110938317,0.02852040930923302,-0.011568332130065662,-0.007035512909221825,-0.003614296836633432,0.008855952630026939,0.02451992884255903,0.003958155048369283,0.01151917453200354,-0.007354059666921162,-0.0018984588842876733,0.0015819578366681178,0.006107568945640422,0.008442457384749495,-0.005690297960551881,-0.0014825278037500658,-0.010197501688177539,-0.007389551525612476,-0.013770982208767352,0.004112344438438954,0.009163716263235906,-0.0058769733845210744,0.0011408526451483117,0.0008753606903630443
M1|C00041,-0.04441563726426176,-0.07178399793763807,-0.04827305562240072,0.01250783562497692,0.01941354495481081,0.009224191284619081,0.003456715195741255,0.018507846584733697,-0.018201158031610026,-0.027841727248504193,0.004795675305121144,-0.014176951463550127,-0.02234073455401358,-0.039797931052370256,-0.002260005245287543,-0.016713103805522853,0.0017355909367203263,0.00044669702581857305,-0.011450164354722757,-0.0087468794130345,0.0004201125864215827,0.010255210413425895,0.013552364720594049,0.0066062392384843086,-0.0036278697562373086,0.0024847634510676746,0.009563370803869703,0.002990459678881383,-0.006913360559512664,0.008813672665543086
M1|C00042,0.09195809106491364,0.03363650117774761,-0.011697457965603182,0.002406608049633379,-0.01973774100152448,0.019142673781305488,-0.0019084083758257478,-0.020318471621196172,-0.003641861999613399,-0.0046817555909855375,-0.003144425171201174,0.004026639285830975,-0.003559137839023394,0.004162295678929907,0.007156910460574026,0.0071680759488733006,-6.739945286767694e-05,-0.009439303362573264,0.007536519491049308,0.01219075577485335,-0.0077747255920211054,0.0015723549387914944,0.0042345081633061755,0.003420167279100028,0.0029673255738980196,0.0018344044118317128,-0.00912336477641446,0.00025429799359517105,-0.002230647802214991,-0.0023929681620043835
M1|C00043,-0.004709198718855145,-0.0006539614744643434,0.004238607229345145,-0.008557291104944255,-0.02221914851082766,-0.02036376911993929,-0.03246347118305653,0.021524358925320623,-0.007505832863290678,-0.002289845207934123,0.014445146073798371,-0.0008430119663917807,-0.009692916890103547,0.007578730347506279,0.00023894028716831272,-0.011247384268243973,-0.01214387198641596,-0.006368175737354936,-0.008729007975359743,-8.706978705129183e-05,0.010474060578699942,-0.005180563939589372,-0.0017479806492403662,-0.01113641681335542,-0.005043903426414478,2.1812360627675116e-05,0.0014074560686397188,0.0011096876474736438,0.006542320670981455,0.0006568686590083555
M1|C00044,-0.030390563996540804,0.046236218053091034,0.07588818816973046,-0.014476763045780975,-0.01222213013545052,0.033312738343360286,-0.02480752682313647,0.0045777865927890725,-0.015010196454712372,-0.009911374452355954,-0.0027426460860921252,0.005373898123893864,-0.024913644846374493,0.009087412515290771,-0.024175642625186882,0.0073985721910018775,-0.014291069541124328,-0.0029829293517278192,-0.006147339016402922,-0.009847125926739067,-0.0160388072645706,-0.010975062265193092,0.017028435495744284,-0.016262619508146992,0.0034868345766221045,0.003326966032132197,-0.006651085842195789,-0.007363162981151929,0.005609841829852379,-0.006757473633275653
M1|C00045,-0.04116082670850095,0.03855101593253308,-0.03702386090848122,0.023684122270945383,-0.018877365434642406,-0.016839442891364718,-0.044357214147317,0.017547482526146085,0.00486062127025473,0.00010516538434404716,-0.0025312810819016806,0.002220737641877651,0.016723154958600894,0.006235514042181492,0.009548222086947422,0.004623140206199544,-0.0027915239027798064,-0.01292829769638658,0.01225521915451077,0.021646845744103315,0.0021749699708459727,-0.005257013528726652,0.00536640020131404,0.004715298026805696,2.9159465469981284e-05,0.0006921056646681171,-0.004253501778465908,-0.004838436848229936,0.007504971056859157,0.00013880166312818813
M1|C00046,-0.02698452190272033,-0.04098862117138161,-0.0013710028390825735,0.024954998417798076,0.02551109565018445,0.028491499010912615,-0.03617387891643212,-0.009760736292774312,-0.017039163972342314,3.7188557423090542e-06,0.002296104718488948,0.005767660299516112,0.0049950991834940145,0.0004238644957066382,0.01546178579286207,0.009517508713606217,0.0049082643452067745,0.004192317643219788,0.001132716413745301,-0.0036747628557419585,-0.0038831316623869168,0.0021369117663234973,0.011204992396677002,0.0002684527739252906,0.0025930014134213485,-0.005604993571835462,-0.005466249702701417,0.013044552423230882,0.0064289458919672,0.0050468871108461716
M1|C00047,0.09302158124557092,-0.11532043942708729,0.09828419526064874,0.00970558777110882,0.055518856461516455,-0.018936706542972803,-0.05001701789928723,-0.02902247100635937,-0.009504104611401014,0.024161523724633715,0.03501309610065241,0.006124948748744361,0.004862084864659475,0.006137215528373031,-0.0052975763237256565,-0.00892156440620789,0.0019435146322822323,-0.00960229332143645,-0.018683191856515423,-0.007435644357517671,0.0015522217157022142,0.002572333967269244,-0.004636699512399573,0.009582766712185772,0.004880731726134529,-0.006572165498048675,0.004752343232416177,0.007834036532635232,0.007854291656662873,-0.004069117735015217
M1|C00048,-0.037984333308915964,0.04157883088402666,-0.027415964996081656,0.013225746805285614,0.005522964052874715,-0.0048704142324974475,-0.016612491432696185,0.017297989079023215,0.01756755830541486,-0.006693387613038054,0.007216006569427198,0.005171281686270783,-0.02193576125974467,0.007064640878972173,-0.0036192307937615415,0.017915188607655272,-0.007540100443201162,-0.00582835821538683,-0.007652071336424164,-0.0030666020305179695,0.004451610783183006,-0.006030040003071642,0.006264040385588743,0.010375949853636771,-0.0003837030416842279,-0.00024849727650816687,-0.004029672325708061,-0.007351650065355931,-0.001966398025829082,-0.01270936103489274
M1|C00049,-0.07716639632199421,0.08765248109313818,0.0434481141201124,0.03442566540757938,0.015056783824637607,0.010274355335765924,0.005701893777385475,0.02437053908234742,-0.004524845361378971,0.010697452018360558,0.0038540092534432423,0.01455585749506909,0.006914009278114013,0.002760842913946535,0.0033132064706849697,-0.0025324016487423937,-0.0009030362450793328,0.006086314134449534,0.00015198125914172927,-0.008220426458841926,-0.00793673501947535,-0.007553303182482243,-0.005885445441322737,-0.0005079421702919146,-0.01396951375077824,-0.0013242271729311233,0.0023013083998634507,-0.00482419634010737,2.7466136706506556e-05,0.0030462900117224617
M1|C00050,-0.06870193100529477,0.09021976435347476,-0.005070631706213185,0.0006202533205003147,-0.0006299550785154944,0.008735161610881764,-0.021056162296979628,-0.007900600147854204,-0.014835750040796914,2.4061468917332165e-05,-0.0029053871725344127,0.003728720481584088,0.002999375231116388,0.009161601465968927,0.013827424948034872,-0.0046012021021576,0.0017100621051418263,0.00441042430855572,-0.004095287485759945,-0.014527934974648441,-0.006596493013291094,0.005765922633619248,-0.00243258293310625,0.020671882590058,-0.007074256540362354,0.000566926811019672,0.003137372818288226,-0.003395960264921902,-0.0023531427082699734,-0.009005562702583464
M1|C00051,-0.004797261249561588,0.09843222894558186,0.11410862570407121,0.029966842857224573,-0.04279278109135031,0.04025758439515234,-0.005508224629365655,-0.008367503513761362,-0.020648387056902334,-0.0028469041525588656,0.019260874108748858,0.012298158415233346,0.014780166717380415,-0.004310004276806303,-0.005552830522186528,-0.004787587662428895,-0.0058955963854828985,0.005222146666913654,-0.004945239501526566,0.001581975415442047,-0.0003560269827487516,0.0035136114889860507,-0.00793580387333025,0.0017301774167656759,-0.00488041557387983,-0.000838256671925626,0.004409578153545592,-0.0013530642240915385,0.0013010657736415056,-0.000728834726178381
M1|C00052,0.07137500035613613,0.046736963478563515,-0.00430615310763638,-0.004340824477939247,-0.007610522966908374,0.0361997842788328,0.010160161870044303,-0.007392125356985195,-0.018733755416087215,-0.0028971317033816006,0.015852160979838565,0.023426080308778355,-0.011338599806842231,-0.006478492256741986,-0.0019669431671575843,0.0066848871987383205,-0.0011047069884938985,-0.008868171027183933,0.005134132090383918,-0.00014054809424407828,0.0013292659400762025,-0.0016185806053773933,-0.004524515612717144,-0.0021718528825094303,0.0010852084387513387,-0.011505091773188134,-0.0066277902561036476,0.0013522393609046847,-0.009131324970176068,-0.005690939776514597
M1|C00053,0.10929470535557209,-0.0357245153109557,-0.019942064015699038,-0.037595008395711955,0.0045730758229761,0.0075877453929420425,0.01696425396626533,0.023022666133835454,-0.0016042673151981414,0.015296089066855988,0.012156558811474493,0.012374608986362478,-0.0030605369280871965,-0.0071456146338999705,0.0018147781396866728,0.009478096583402448,-0.004358046100519936,-0.009455542153506254,-0.014026998809989756,0.012836805331233955,-0.004281933345265919,0.006695720010959559,0.005897084505277114,0.007402322965585909,0.014731633512175548,0.004431920133364159,0.0032789763238150523,-0.007545732697691112,-0.006315242788858851,-0.011218921715044282
M1|C00054,0.056655192117880074,-0.06066814281513393,-0.041341303917121715,-0.056268095549612346,-0.004957602961199497,-0.004608023126648255,0.020193948066780362,0.02261299970681114,0.010167825852578822,0.02548699399295003,-0.0283774764438162,0.0057542932038679336,0.0035508338580762548,-0.0013904458113132838,0.008458256159327679,0.007457752729715936,0.0030689590279532743,0.0005980794338713102,0.0069706606195395395,0.0017218707635967975,-0.010121590086659792,0.012756483222481532,0.004919661884076429,0.01013702047066002,-0.0005640066438238166,0.0008420612769741304,0.008224154770339378,0.003138880113870294,0.0007830045144637442,-0.00458010284173706
M1|C00055,0.21844408488261097,-0.1629519822046392,-0.008457329112789645,-0.003417786725582737,0.031071924310049598,-0.057445259003759276,0.05151563855585823,-0.016057849734472877,0.03627408094101559,0.001794606129622893,0.003616124542928255,0.013859654276209861,0.016330238290622322,-0.0024584935355929254,0.009674436372385633,0.01638593791694587,-0.0012349143899731405,0.012120815147361335,0.012251049383625558,-0.0017661711092150487,0.004362441131575593,-0.0023254585604405645,0.011929854559253173,-0.0025654406564571946,-0.01504227216053313,-0.0031789436192944413,-0.00366211340582729,0.004013580268364656,-0.0018187761080920293,-0.0041363273164162105
M1|C00056,-0.02456707889517785,-0.12732302803459578,-0.0229301536274157,0.008230494769424635,0.046745599963216346,-0.04213713209201451,0.00865037974979772,0.028921203346956123,-0.06441398749945605,-0.038007687139243275,-0.015746422608197745,-0.03128534226650969,0.021476619872838495,-0.03699441127214974,-0.006475163374492656,-0.009987039468840926,0.004645403141679122,0.009204361849120999,-0.00577240940770995,-0.00775536791801387,0.009641039768082222,4.737546400967885e-05,0.010972131605619169,0.005410844922000369,0.004206246717449346,-0.0049145279743741015,0.008710726319339905,-0.005807319800684504,-0.0005405931996436423,0.001650608865070754
M1|C00057,0.15728717772874642,-0.04150405023277384,0.043548833903148974,0.03605603346871763,0.013045098450324451,-0.029801546795837037,0.020595077096040817,-0.02382308226522267,-0.005637505545984183,0.016203632251952635,0.0151123694838303,0.03271798932515518,0.01496214818909791,-4.244002373253216e-05,-0.014915975333392862,0.00537063922453679,-0.014797328768178348,0.0005254059910744498,-0.002093832280165765,-0.00140834417596163,0.0074910292509981396,-0.001112403195373757,0.013263606019277297,-0.0021019035554312748,-0.01578287788401988,-0.0120958873579787,0.005548775371129271,0.007263559690473267,-0.0032824776105162268,-0.0006170258460821145
M1|C00058,0.08555132406140685,-0.02428947324398749,-0.03518629031718753,-0.021358550395630924,-0.01891547797533168,0.028263367561672893,-0.0015478119836486069,0.010878069702140778,0.03736262983757892,-0.005660550059738609,0.021551418517660802,-0.012579424566012477,0.004650859043893567,0.0019723145655632305,0.01708948529031852,-0.02533151273880146,0.00989233558831059,0.005305746185576086,0.009835400056417335,0.0068738648303157505,0.005735252336597968,-0.0021944003734358725,0.00526087859504787,-0.006580641007527033,0.016813404767033847,-0.0032956597414927854,-0.019718828946612976,0.0031602636618191316,0.0010000031351102042,-0.0023781132793973666
M1|C00059,-0.10978008327810097,0.03869358109007392,0.0002640946611262618,0.02085381481287774,-0.008237351680110779,-0.02706545097152618,-0.022708302865606093,0.0014604993513410963,0.032340402829359995,0.02249154134487957,0.0040347630907620535,-0.00012517912407804843,-0.005792265975453046,-0.005827177622729666,0.013508151335034378,-0.00787811285876464,0.001443336948322273,0.0033783331118598285,-0.010121421697047947,-0.012511629276148982,-0.0014535990265587143,-0.0002496565238241608,-0.0033017361107792386,-0.002390481590491856,-0.004783302202036962,0.0021212236941873337,0.0009373149767102186,0.0022265336319491776,-0.004308980482882317,-0.005183839360452929
M1|C00060,0.04105760651663696,0.026891616738520335,-0.004004402790853606,-0.0007545281842356203,-0.020851943925192795,0.00557047387282338,-0.0021868221785385595,-0.022944863328321352,0.011073915687047726,-0.004750861605845073,0.0047794971914124455,-0.022970919890192076,-0.004221398658488534,0.0008672880536841509,0.004740067025480472,0.0034925305117104303,0.003166763606700598,-0.000540828276949398,0.004741248070731525,-0.010150854334714183,-0.0069334325441534035,0.0005974106657945424,0.002852030267558532,0.0028819386761638906,0.01303483465166434,-0.003284614628394385,-0.002342473691385622,0.002923833708219426,0.0006070169758655132,-0.0031577956776114966
M1|C00061,-0.08517464574915698,0.04709924155052825,-0.08152382538271069,-0.03759861727024117,0.0033594357212777953,-0.01609399045677702,-0.029824417152034675,-0.0019855543345582683,0.010646512147994556,-0.0010636822811347882,-0.002532323858211333,-0.002576035570402524,0.006363384224592772,0.01435386271599322,-0.002494269843645427,0.006586822557361265,-0.008993006946978013,0.0021739450279913276,-0.0018167617592877666,0.01022987000531807,-0.006405109406934344,0.00047188104698986995,0.00023382704892600554,0.0004309927371917875,-0.0014420704648515689,-0.006651447248290393,0.007643352019504316,-0.006052375080050893,0.0019634233681221835,0.0002730919321272694
M1|C00062,-0.10887603582084017,-0.0008896434305662806,-0.03494566164718369,-0.03977057706377831,0.010565984425940067,-0.006767629264522192,0.006094863463915107,0.001231489707550203,-0.011750534427990079,-0.009041151866502378,0.031103055287129405,-0.003919661990811129,0.02474187028227233,-0.0062905183191858186,-0.013559884601198032,-0.013584236324824814,0.013309247787579836,7.643205149862408e-05,0.007106748002565499,0.00950214376258996,0.0050477704743814725,-0.0009739992872308287,0.011284901192649039,0.0025954342871348703,-0.0020108873133330156,0.006582347505433034,-0.0027205029312167275,0.0013172953634061329,0.003195081656677954,0.0013459136726700876
M1|C00063,0.02003498967271285,-0.042708241566978854,-0.049650872791612115,-0.04220756676486187,0.010312373361304372,-0.03630269325131741,-0.030470499353552186,0.021908501396562724,-0.016341737877555784,-0.02624944260862351,0.00494295600189617,-0.028604456063961402,-0.0010073840278358916,0.021242595145138335,-0.0010409319804401138,-0.001428872776057906,-0.007721396163040582,-0.004479823787459458,-0.004705012822258265,0.00883246059921488,-0.0009610291296538715,0.016143307525478275,0.0033455093433237978,0.0009183766585056486,0.005061763515662174,-0.0067106143793466445,-0.009712356500049701,-0.006717098836245086,0.008806856816964043,0.007461197823764435
M1|C00064,-0.052133155605900795,0.010763726967616122,-0.01594536333521741,-0.024473729048190097,-0.010435847841635863,-0.03988351643752513,-0.01671838023075516,-0.017485866324500707,-0.008229103641205705,0.017247338719681697,0.0035266855104054366,-4.621397599214124e-05,0.007365097856786523,-0.0097462224000675,0.018478844002265512,0.013124903296676748,-0.0012380881834137677,-0.010563181974622296,-0.002896433449045941,0.0083807514216457,0.0012560357572637096,0.0011496920069532994,0.00470841492486302,-0.0023429702391612192,0.0042149753366755695,-0.004201459849446494,-0.008497657546362962,-0.0019178626927714862,-0.0006544183971128657,-0.0013234877589734548
M1|C00065,0.0126613721014821,0.057344833018941305,0.020012492782505546,0.007413123645663937,-0.021283743703192047,0.016060457795011567,-0.005650685745772772,-0.007353244529324237,-0.0224346627979771,-0.0072034943621417935,-0.0023457939733506207,-0.022059750142631073,0.013166295606251393,0.002886072287753979,-0.024159134839739197,-0.012791552393032419,-0.0014185152613143677,0.007586111822849457,-0.012182258075780574,-0.008875912309953136,0.0012474042419281116,0.007401553799740347,-0.009847741887329816,0.0026528613790244063,-0.0018427636837770884,-0.006902515529905122,0.001287310355562347,-0.0036672191218307874,-0.006987949997101764,-0.0035971127999907524
M1|C00066,-0.03612979061632414,0.08033644194119305,0.022438605617504388,0.049744324556767604,-0.031913931846796015,-0.023296631398021114,-0.03836629085775281,-0.0274186786812546,0.01925408129010078,-0.004535012371410567,-0.008371548951306838,0.001214214895737186,-0.003935997284856624,0.0065577905483708045,0.023329326265692528,0.008942337369688021,0.009811736896968333,0.002549430699805319,0.01332692929747485,-0.005022714336202276,-0.0011954554361002239,0.0006014228530500501,0.003803205668472399,0.005559652316277816,0.011483073644324184,0.004358975508904024,-0.008111449176441353,0.006590472199770121,7.642590200775465e-05,7.148586850045227e-05
M1|C00067,0.1040113066504718,0.038104103076608976,0.010839666176338397,0.04286926687226798,-0.0378272255908992,0.04208858787905554,-0.019644858814136537,0.05062790009969829,0.010046682726920527,-0.005334440486839122,0.011309758134871513,0.004257154702793324,-0.027133351955900005,0.0024800340410902275,0.005808119318151183,0.008816200558340932,0.003438677290488389,-0.010492211305219023,0.0055510475667715714,-0.008682004124516893,0.0024255176982105023,-0.006732145957561683,-0.0024651515458441096,0.0041625465217821865,0.0054265753518924,-0.0014705875140980137,-0.005126345343634605,0.004916768751765286,0.0027018180020294165,-0.007072533593972095
M1|C00068,-0.021553736319910678,-0.154478662224652,-0.005691102682203307,0.05255967962700093,-0.038428612258184607,0.013552755535439422,-0.004845561719271447,0.002235216060288626,0.011869559596180027,-0.009061014157695831,0.011928007672569726,-0.03187776584305218,-0.024862418967212793,-0.041936322202589985,0.02762952575148156,-0.010388385672433465,0.009495212122415577,-0.005378398259376226,0.015115361242885417,-0.0118858766070542,0.0070242860473588185,0.0009493476387102466,0.015377922567173411,-0.0017530340007175765,-0.0020852215477197753,0.0017474711954026285,-0.0040795551076337,-0.004187194189078115,-0.010757633987883706,0.006326946144268138
M1|C00069,0.09097813081942682,-0.04940865176955472,-0.024059843076745174,0.0010280339218486161,0.007104728064975393,-0.0019033357984670483,-0.00789336851503585,0.036821519051088256,-0.016203606225217267,-0.016186884995251026,0.006144022442871565,0.0029195348192414036,-3.717518504143563e-05,0.010438169773901695,0.017909564080250583,-0.00960982139816474,-0.00042491502085844225,0.003575647628753939,0.0034809105209857153,-0.0012833208125069022,0.004101327102437955,-0.001982340779292921,-0.003838226977398686,0.0034640059982919812,0.00783761081345972,-0.0005814392880518295,-0.01169352572020267,-0.009529689605064619,-0.0028547124554659502,-0.005094742842978351
M1|C00070,0.0580404778382459,-0.047666601365530734,-0.02826772040172658,-0.04503364340876774,0.009773076700521,-0.030859578939192778,0.010181751044399329,-0.01243900618888285,0.010202904669418231,-0.0010361443829979536,0.01091230536655157,-0.014456782471356308,0.009551288135708652,0.004565363175221901,0.0012394787829795434,0.0026443314381578552,-0.009570104966218233,-0.005435455564861686,-0.007928497795997325,0.00011465186366384075,0.005690369772998711,-0.004217811056310177,-0.00249247063147002,-0.006442890578101744,0.0002516693225313777,0.002641923527643157,-0.00592861525653998,0.002591940279798645,0.005381708652417298,0.0019878579352897875
M1|C00071,0.09616619713754268,-0.003328001641643299,-0.01678187142089048,0.012423413292690111,-0.027313087395390092,0.033110131307541556,-0.006330846065696486,-0.0030215794959538257,0.020407046816069852,-0.005505556753637584,0.01133973737654194,0.007089284734359127,0.00021420714537248708,0.0025457233768110153,0.010344528417363745,-0.0169778968583918,0.005053711605271833,-0.00508801092079383,0.01360095557049085,-0.0016158469155126858,-0.0025773270057621203,-0.0042853971976418055,-0.0007056773289674809,0.005602072243082608,0.001332403405721925,-0.0029983413297347663,-0.0043220295361833,-0.000740321789487007,0.0021009906164805216,-0.005482433332820201
M1|C00072,0.1315489079814422,-0.00885906028637397,0.014710305414785284,0.022232828567561338,-0.0008799755040961182,0.0007083405478861072,0.013647071185616982,-0.010907903772264079,-0.005085003638285084,-0.002976140910082322,-0.0011217252564977751,0.029695073055689174,0.003635420161947558,-0.007959064616199683,-0.01400588823765712,0.013081114331455264,-0.0018043022359297313,-0.00018963194535170713,0.0012149629995560237,-0.007285149919615544,0.00039198987738939256,-0.0009551336822079108,0.01048418524782853,-0.006776633234260818,-0.004704039540822499,-0.004702744625804081,0.005307530435976018,0.005699283490526862,0.0005438696172702613,0.002290217560214259
M1|C00073,-0.002060735370188918,0.01960466439252154,-0.030538428131317377,0.014874477881049232,-0.016019036630170378,0.026269917782177733,-0.0032752169773863087,-0.015014269381364664,0.006152596092814551,0.007274219818170057,-0.007789891502763787,0.023775866064651895,0.016216371434611767,0.0017226472646534308,0.01447893492153316,-0.020626233187563667,-0.0004698492142839039,-0.00337700099349872,0.010097434929186142,-0.014388285813959428,-0.006939026725110282,-0.005237163769515768,-0.006631779843632659,0.0057632704416847,0.00402846612027997,0.0035331219895642658,0.004045054700535222,-0.0029971976773206063,-0.005206551661833181,0.0024905974238767464
M1|C00074,-0.006007989420252481,0.02893243857571248,0.024630508084291874,-0.0053341267296734135,-0.04518274630540659,0.022237804028962176,-0.012451702220934828,-0.0046172678905740195,-0.0033276007844052903,0.017824700819779587,0.0030282753277630853,-7.987115514578943e-05,-0.016541723756966973,0.006102123486127835,0.007371910373645049,-0.0037980750527636313,0.0020327552349655473,-0.005652073130554912,0.005568592500290087,-0.00010233897691262994,0.014429584628405871,-0.00032288095262417057,0.012077625697524593,0.0005199059728222769,-0.008406546553629029,-0.008718024328713493,-0.010229692380097955,0.002594635226920758,0.004029626040111928,-0.009114970004526346
M1|C00075,0.10088562594744582,-0.13334281399030168,0.005894167276055613,0.004523864697014348,0.0017587616759955121,-0.04287957773862794,0.027107851546441557,-0.01041441215933284,0.008677647996944909,0.01100933544195258,-0.0041073925827327384,0.00615089703946787,-0.005525266341979149,-0.010288067165490335,-0.011652962706678423,0.001183177924082291,0.007373321704777477,0.01341285498185161,0.0062550668600801825,0.00017759373728330923,-0.008066820221541692,0.011653527627053916,0.014606351702124981,0.006233206427734795,-0.012344300356633277,-0.013973303957350804,0.011820403986206618,0.005388636697925025,0.007279107997120719,-0.0026218442569194704
M1|C00076,-0.06860259179882511,-0.013587290904898843,-0.007638788857173697,-0.019292785248035384,-0.023431526599537362,0.004933136372917902,-0.008163723489336621,-0.019727456020993284,0.003990615064779144,0.022754484967024417,-0.02121559025167081,-0.0034787192361536577,-0.011823176220033734,0.004828919230416027,0.0021775406669684296,-0.009097955514687082,-0.006292416177804746,-0.012797015615494806,0.01723476743110271,0.0010243242070377035,0.0015417302755988906,0.0008346455500761343,0.007757372649078904,0.016519747498360854,-0.008182485458078368,-0.004713469876061306,-0.0033184563880564173,0.0003301607068491222,0.008441216455611286,-0.012958627984089323
M1|C00077,0.10886610536863957,-0.146432510227517,-0.05596570605713748,0.008836162152365287,0.02294256643964447,-0.009681824031043304,0.03566374817724207,-0.024736320256252255,0.027527648418751875,-0.019125816448775434,0.0034767572648132235,-0.024957898992949572,0.006732255881103877,-0.03850786607733907,0.020332221595113484,0.004308971690249601,0.0035149696300021548,0.011860472409432953,0.01813380591354066,-0.0017802076965130914,0.00472876142058045,-0.0016523053643036332,0.023011688411058828,-0.005772879032107162,-0.01189680917120277,-0.0019323064153254942,0.015432449720452362,-0.0009268813202302211,-0.007747802569914215,0.004645127589507134
M1|C00078,-0.02908606251267722,0.014089748298693722,-0.03393577574971807,-0.03739130313847018,0.025907907731519946,0.025285182780909073,0.02764534091283433,0.002078895194062,-0.008870801988631138,-0.005052052504973433,0.002486409054198265,0.03943950425974369,0.02520551793446992,-0.009835372464116055,0.02827972988063544,-0.020063036380247194,0.005499358225259128,0.00973138143226952,0.009093672670429532,-0.008087204007604213,0.0029103516142434823,-0.005221291060217621,-0.00202772248925128,-0.0043503574235132705,0.0020921112222807526,0.005401977745970756,-0.013086430243014851,0.006051049304800884,0.0037533848861454906,0.0036526213156840644
M1|C00079,0.050908793806125355,0.039576225708674174,-0.013378874918212507,0.0047217367989391325,-0.009199278980269017,0.001902259526458305,-0.008534833334667891,-0.03058014985287338,0.00022140390050504782,0.003203987012197272,-0.0016580174521813559,-0.0034179203144451852,-0.005185304406827155,-0.00022926360069092878,-0.0036864161860064564,0.011513111381942255,-0.010088295062323723,-0.0041348977018010906,-0.0016733273664682252,0.0017499578138853006,0.0023853457234139478,-0.007702443915677476,0.003042268268655651,-0.0011394813421229384,-0.0034725313341612664,0.004051211951251324,-0.00018515619742704714,0.003906707312641036,0.0004505964184711485,0.0009088169718032017
M1|C00080,0.15698946278958048,-0.07272074383992341,0.04306704971162176,0.01199995803342163,-0.04804259006393068,0.020085884661276702,0.0034760805522820455,0.056459099897566506,0.05337870569409342,0.00217609092188459,0.06475317366348314,0.0005888405727862383,-0.00395024500432525,-0.020105925538488674,-0.024121271013388974,0.015241623073737375,-0.002471584118380693,-0.0124542495584803,-0.008423073795132305,0.002949254222975857,0.007813491655156473,0.011953443957542421,0.0024073704323881633,-0.034530726930026755,0.023034619131820873,-0.008739967610292568,0.012084332494593432,0.00492262186122411,-0.014216588053907818,-0.007836840054133886
M1|C00081,0.06985952181640502,-0.03014471302499712,0.00943274245207211,0.042610928799127215,0.007497630303728647,0.021175725962459018,0.00010046082040965633,0.03359002818774464,-0.005500268185007106,-0.01560001755356265,0.011481952223641371,-0.001704439043717158,-0.029364873837207078,-0.008130610284073915,-7.637965053113462e-05,-0.008810774504868269,-0.002619660299465123,0.0003347305434984476,0.0007048707953937928,-0.0014739010146076607,-0.005402737242978022,0.0013190519145329634,-0.003258577302810402,0.004363243020949087,-0.02030330350710395,0.0048028482542270216,0.010731883005376877,0.0004912340423685639,-0.0006976644118635466,0.0007903499485168321
M1|C00082,0.1365201325237545,-0.1080813228313538,-0.016390251219608964,-0.013564589114840118,-4.2625179735559084e-05,-0.03942380192791881,-0.003266201393809986,0.003393037971549876,0.006436474994645329,-0.001295528406583068,0.004111286676464826,-0.011943671444180752,0.01019133974305174,-0.003229972398185447,0.02959002048769476,-0.009139886944435904,-0.005700427536873597,-0.0033330291679327505,-0.006123957017157399,0.00032218469828035426,0.00718564907881454,-0.0022291316440547215,0.0006849834741235593,-0.008055955984404799,0.0036268296176556135,0.008233320960186039,-0.011617239103615092,0.001406636489885419,0.003577354035966133,0.0011032324513603022
M1|C00083,-0.06628705516062525,-0.015433172243726482,-0.0036767715077479883,-0.027707404258457528,0.008398300947490738,-0.0022720829122029338,0.0045531279957106395,-0.025982967492275875,-0.017405174386016103,0.009879779688812002,0.000490493030230622,0.007991262172039743,-0.018236960353061334,-0.02682083263912796,0.004474002547598257,-0.002751715002253503,5.9254906081416425e-05,-0.005856049354815789,0.0057052873313169165,0.021196161618650268,0.006355421570235959,-0.00016076628164975139,0.009777605588155677,0.005185032945226213,-0.0014829623831922331,-0.002700962040375755,0.0024082625479442408,0.0005966638546876724,0.008757822354568257,-0.00247586506414085
M1|C00084,-0.0024836577773889187,0.10907706057867333,0.06614477456139273,0.041195074547174144,-0.022239078684703373,0.03165789569281983,-0.005333146217138012,0.008662100278795175,-0.008148040951248488,0.018828834593998294,-0.0050630942839467305,0.0008563358874912686,0.009422714797870848,0.005228728047469056,-0.0066482546269780885,-0.005465988489139027,-0.0038843343800819257,0.020735166167276393,-0.011619182496964954,-0.020020433278005727,0.010719341277740392,-0.008808294984100561,0.0012195408834021807,-0.009351325901159476,-0.005088528305437278,0.0005728370834473771,0.0003672625189135596,0.004813007108307737,0.002938313196643731,0.0019128261025259355
M1|C00085,0.035788947714105776,0.06826423006552618,0.05596203819628456,0.06226181638999724,-0.033645314222731516,0.006973526871918449,-0.02928435796356883,-0.0004698237303373541,-0.0016385081107249389,-0.002687956182919316,0.005326809955609716,0.0020261252165673337,0.0019324066284472257,-0.0015589648383550958,4.970866695482291e-05,0.0026600807475374135,0.004476468570567846,-0.0009507154481456223,0.0004909094976928331,-0.0022940683039953612,-0.0014398424542343324,-0.002656169672339091,0.011916497957817879,0.006765389516582174,0.011187905580425438,0.00362088668064249,-0.0026788129251615494,-0.006524374317775411,0.002513988787165161,0.00529336234013109
M1|C00086,-0.154497691657207,-0.12710516932487964,0.1887544607261172,-0.10292153311002007,-0.07057904654112321,0.018798528362342668,-0.004924509915589851,0.008766918204294148,0.026909105258214987,-0.04761217763247634,-0.017853724987587104,0.014692707394616956,0.008328267373929693,-0.011430695844165565,0.0030107894716014418,0.016220162789512358,-0.008809311119052681,0.00793276179399712,-0.013586122091812008,0.006164377240803813,-0.0036865391415269928,-0.012120630696972522,-0.007592087885676221,0.01446900948196911,-0.0048265193251850426,-0.0019961426298352103,0.0006109176507364941,-0.003951524206353285,0.003491767531502265,-0.00196484465997344
M1|C00087,0.02719620045925501,-0.020772884698347444,0.03676243305916561,-0.013175836118901784,-0.026210844708838374,-0.027896359144707027,-0.005511174674023328,-0.03069853955551779,-0.013883408839168344,0.0030644896742322092,0.004424611527866264,0.0004955247737867221,-0.006483723434450605,0.0077537842830094385,0.003991563522355095,0.010763761643290393,-0.00942743789164239,-0.010991055245702847,0.00749890784631879,-7.61781987147226e-05,-0.002115130781346583,0.007785730257431342,0.009867547430813715,0.003557498873943946,-0.0004203867231258739,0.001156174928412685,-0.0015724753669707017,-0.003165001232976764,0.0045391794567009305,-0.005800837798602234
M1|C00088,0.0014787591601522704,0.08080485932668928,0.14887629468475075,0.04127669699220558,-0.049438239276839026,0.03406607603712665,0.009139847755111232,0.02894258794111479,-0.003501241431892207,-0.012372582328637598,0.005300872312144413,0.0006492505174523601,0.042994484769792014,-0.003165091621568178,-0.01696361155275811,0.0016070424779796972,-0.004433079770138003,-0.017754635886349044,-0.0034391915929380765,0.0015355669291055119,0.02933014412339608,0.009115595345697149,-0.0059133193831426584,-0.016965881877276646,-0.004894501191610166,0.007094522029245934,0.011858955315146379,-0.00024587023140232246,0.01671513022282645,-0.0016039585884084747
M1|C00089,-0.051377343042295576,-0.021331396042393404,-0.0806561845765528,0.0028461818870731156,-0.017231847708714554,0.01351288253587775,-0.01760067206943313,-0.007755544448442059,0.03409948608618408,0.004274574978742111,0.004067720350253636,-0.017678577456964346,0.010693778000034003,0.0047518511290579055,0.003501285219976812,-0.007046441334161682,-0.0015591936661488604,-0.011484236941458855,0.009467266285019205,0.00095276601219622,-0.004264628531324659,-0.0036682832555584815,0.0019383605590407998,0.011254459745251223,-0.005228645752740062,-0.010855167289393779,0.0003498976422958667,-0.0004181492380613001,-0.001971543700671061,0.00152454221621928
M1|C00090,-0.009755221526313165,0.015168958252972799,-0.06878820110735799,-0.048822068901298775,0.0032827800118448718,0.008397775522805578,-0.0008579194218520884,-0.012592768946021857,0.014671203377682103,0.004704394360459001,-0.00021882420133089543,-0.006004971712830239,0.012343901657376713,0.009021159918611804,-0.001716037118940036,0.0035106111977541233,-0.0040070102651441255,-0.0021475081783879626,-0.0027063288823937744,-0.000343358749099262,0.0028213874236371816,-0.008176478176227454,0.004900678115136515,-0.0020321596437570147,0.0017802573894398618,-0.004113754614230177,-0.0007526169193331032,-0.0029846549836012926,0.007141253795300705,0.0006477181190878018
M1|C00091,0.020072961888705127,0.000627754559802266,0.06433095618558497,0.002247442418049069,-0.014795944521896842,0.000957416620071592,-0.007521905768116624,0.036841412849562875,-0.01837375287106723,0.018881658107114032,0.01638299913393231,0.0024852116436207858,-0.013228535172773496,-0.007087968527752095,0.008833228660878769,0.003808779854506409,-0.008264963329408126,-0.012067725670391041,-0.003501901040370107,-0.010639437185496186,0.0021538991495269077,-0.000772957085655974,-0.004392911980868693,-0.0008569567010348881,-0.00831202036638587,0.0023635009303225223,0.0028650694444419616,0.00028027824373345883,0.00558971857561021,-0.009679518420847945
M1|C00092,-0.05675537771561202,0.005306935339029157,-0.07151126109530072,-0.016528718313374817,-0.011374166487449896,0.002546114312854299,-0.021640987858625896,-0.01449662436755786,-0.003491570095889945,-0.014369894987970073,-0.013141645708871292,-0.023211043823039904,-0.015673236089636326,-0.014096086500079296,-0.01018728672460517,0.01768715453932279,-0.0013086163564969568,-0.010248578673190907,-0.0011858785421743185,-0.007293010130474975,0.0017859907860498163,0.0024617215865730805,0.0052123436621663,0.004780118803977098,-0.004247442961945078,-0.007395007144171489,0.008683106910785575,0.0043052050901894795,-0.0016181265924626734,-0.0048732097229261424
M1|C00093,-0.05895142298777288,0.04541622457486516,0.026868627832021874,0.02773507939975353,0.024451451974233197,-0.015492114643691506,0.012982542185408027,-0.020284446757360394,0.007412738199840589,-0.0040679991526803684,-0.018268547510574728,0.021932705596180394,0.0032928517492336706,0.0007073751907425249,0.02089262240517222,0.003162747244709928,-0.0032789717233925055,0.010160628098094385,-0.0021839055944268193,0.0014352721982456146,1.627628365663007e-05,-0.0016865567486783978,0.001948729278598578,-0.011985268592969557,0.009193340007606155,-0.010812659873539809,2.951301631010889e-05,0.0029357428108655642,0.0005245992489308272,-0.0016253462511517847
M1|C00094,0.0043715753355528285,0.03900704543286795,-0.010632387289987291,-0.02010653285693326,-0.0034798070266051123,0.020390972286814645,0.01300857148587478,-0.01507775419089975,0.0012523333628525104,0.016958039495199802,-0.0070711044016696385,-0.021321488007634684,0.033441659243927654,0.0027350573848287218,-0.003898652020965202,-0.009141145489348515,-0.0028819029406717002,0.0009468756459348772,-0.006053772789361626,0.0031267658146988046,0.0007964350950731921,0.003776967559316074,0.0021223561960781573,0.009934576492455757,-0.0014590925683932757,-0.007262061621447027,0.00028222398401334673,-0.006591907086024661,-0.0031487162672501055,-0.003075265607053472
M1|C00095,-0.09825760380932326,0.08165730555262601,0.027863627255390065,0.017290322172227864,0.012363617673447807,-0.024504465302760677,-0.004597405057491685,-0.0003380444883893284,0.008729389932274638,0.013663897963915586,-0.002477224518296428,-0.00868797024878711,0.024364188161290823,0.010575113590752278,0.007003266033984764,0.00627713717944465,0.003516813234755509,0.011102422442980871,0.0008339855691367364,0.004772327702220194,-0.01123484284306525,-0.006925660513827666,-0.0009235713325733949,0.011951361730099622,0.0032628872401315513,-0.007613446068206741,-0.006735915904898793,-0.008833883673741515,-0.005692143574805785,0.0035182030291869316
M1|C00096,0.00959781142493144,-0.06834958153962353,-0.014156547391662598,0.004754116751811035,-0.0024859894104340727,-0.006266806907108994,-0.006179424558285887,-0.0038153305939288857,0.008686740154714684,0.013104292942057387,0.028302769898028927,-0.0115122302575641,-0.005968101026214394,-0.015621571131015342,0.003594465158098558,-0.01961815679926948,-0.01026337804178394,-0.016893342799971754,-0.019903512849114093,-0.00944303447845175,0.012896973501993949,-0.0059356990413231055,0.004482960664689017,0.002624901305702856,0.008402663900864736,0.001007192082606401,-0.007591925498340435,0.0027643916637181505,-0.0042701208765417425,-0.0006398861271631798
M1|C00097,0.02122025307466348,-0.0054058438909408285,-0.0469207625355707,-0.023605331263071766,0.0007206870559012122,-0.017584897435550216,-0.031640957974596394,0.04112666207487088,-0.03165514707248346,-0.017709673434319072,-0.002661712235830171,-0.010101109388157791,-0.006254138635923478,0.01877949957465089,-0.002699490644202924,0.0051016971888763725,-0.010295413870727388,-0.0048436264214135,-0.011460461486505973,0.00886921051560274,0.0002936471593226295,0.014092481201615112,-0.004698504270473284,-0.0015133872727369126,-0.0024983556853509677,0.001352671548618636,0.0062610485277102635,-0.004554160871184158,0.002242419916760252,0.0023331436164967076
M1|C00098,0.1108467452407168,0.008502771826585273,0.026287112741506163,0.03612631097958951,-0.025889363497007507,0.029132726085828398,-0.009960576146188047,0.05802585564485248,0.008223589084854698,-0.0047211869280228596,0.014872788914393864,0.014066487648429061,-0.00047857171435528023,-0.001931218239251193,-0.004051086173263271,0.016577338318516734,0.0006605458676291049,-0.005610718374666091,-0.00797611996595787,0.01066894798487219,0.01216120984198036,0.009310693243816517,0.020769132201871324,-0.0018686514256103972,-0.0012300639525319292,-0.005638004849819525,-0.006228272295958022,0.0024289430707442605,0.0006105903735405465,-0.007712287119817171
M1|C00099,-0.028667915516414993,-0.054638312194533994,0.06015329920869753,-0.041228715022731136,0.018980433505310756,-0.024143686463153968,-0.016222458038580172,0.010606408967401889,-0.013858150558452631,-0.015489808325469928,-0.015447702250358592,-0.007124859363510728,-0.02755630913077576,0.014001548392855244,-0.008836900804761709,-0.017415837689016198,-0.03712498328882721,-0.00858004714803184,-0.0028187589624752364,-0.018606906238662728,0.005845054225414814,-0.017667176213406178,0.004478752889987992,0.015688262083096767,0.006145021077602254,-0.009103112906232794,0.0028957478268196273,0.010106316917977502,-0.001392563080548524,-0.006128903615694866
M1|C00100,-0.14596759911810556,0.00922548195047355,-0.04161813906892587,0.0035337995682799355,0.008244026107911544,-0.03350254673719772,-0.015237727439986724,0.007835646394676498,0.008585207126716416,-0.009566185671752755,-0.005817974173084099,0.007022099288462266,-0.0002807250699552792,0.010510756264489505,-0.005262104502870166,0.0009127896538781205,-0.0020254487683995935,0.006220771712940416,0.0022360549726589025,-0.01174236713158215,-0.0043875222549010365,0.00978721069104436,0.0014303157249992953,-0.001448274789502005,-0.002144248529727649,0.006305166330214861,0.005271578567631847,0.004955405717693657,-0.007854649900565858,-0.003908069849137625
M1|C00101,-0.03939461504473305,0.06952673651478455,-0.025172808610655947,-0.020006857661718842,0.0006954554846248168,0.011762415160319034,-0.004710726971418965,-0.020185682135726035,0.00521467369004383,0.003534961378946392,0.004668878117229455,-0.01024037530850828,-0.004734654407975453,0.003196606103317703,-0.0038640315526738685,0.0026323499943067367,-0.010782365358992988,-0.005608133880276301,-0.005725106906515348,0.00087379846690639,-0.002580879439355748,0.00155311312713484,0.007245980383079519,0.012236401923966767,3.842422473531036e-05,-0.003846873082528947,0.0013664447783796648,-0.0006926561524254589,0.006733417882595707,-0.005513117078307195
M1|C00102,-0.01897339849704514,0.08406868278327805,0.03503788257006512,0.006067099388542245,0.003221946353627906,0.022109636758810874,0.005826939565223191,0.035916049741480854,0.0029177011395559206,0.0074535145291217755,0.015304983944504785,-0.0025371371701369684,-0.008787830583495198,0.0032385429054320484,0.002545971498286016,0.010502471421665912,-0.004774491464657542,-5.17893417312075e-06,-0.006109196147891516,0.008241100849100104,0.006603243435349461,0.007102092392383232,0.011403246662547164,0.0008942820707915191,-0.01168300056379042,0.001958939723503471,-0.0015597269101876566,-0.002112063493970173,0.0027039726709000194,-0.006290118712773676
M1|C00103,0.01295523579048857,0.05728718435964434,-0.019959837615336554,-0.016003373331463077,-0.011365380993634032,0.019441488665284064,-0.008776717302999684,-0.04074893680487138,0.0051548063788969655,-0.007807997319191185,0.005563245301877086,-0.0018040900385347966,-0.0013564524133565568,-0.0014544372151635222,0.007358260284091042,0.002249205242975226,-0.002319909180888479,-0.006542746184356873,0.0023238795721080264,-0.00021307939316885907,0.00316742450921326,-0.0033579658802365135,0.008135312509819293,0.006317218146443367,-0.0055340395024786404,-0.007220947637509039,-0.009115644158152697,0.002150840527916496,0.0020655653242087563,-0.005364197572665004
M1|C00104,0.006225515532060573,-0.10969596189471477,-0.006385983471350803,-0.030461747031927236,-0.0005448370964474381,-0.051270191927430035,-0.027200017115396782,0.0036523127833800674,-0.0523751989570001,-0.022634193234624615,-0.015619719240105938,-0.007682948005978544,-0.008948784825111886,-0.004368315014312837,0.015436445815511504,-0.00889394137921901,-0.008361781639916006,0.004456098051163983,0.010390424037232792,0.00817553426785993,0.002290533855620402,0.0028005993147725335,-0.0018107279517253889,-0.00179329792969618,-0.016324797596233433,-0.0031799732593758316,0.007307856713679557,-0.012614062112374508,0.0056661287097265235,-0.005594510365591419
M1|C00105,-0.12396882062418052,-0.09736486219943241,0.185221874980412,-0.0746076327875616,-0.056110158276642286,0.021672746139606455,-0.0027706624409100833,-0.00034043156528072667,0.0202817445204814,-0.03558540246803844,-0.02715050968032491,0.01786403676498471,0.009602700891054179,-0.01530805816790492,0.0009805863859325922,0.005133661847716839,-0.010680027418550108,0.001955989283871812,-0.004561285342532218,0.004548627125127999,0.00758792940431112,0.00022087579183850692,-0.0029276225195521343,0.008416352832557338,0.0010923270645206266,0.013652875753059991,0.005575628697776973,-0.004541948359187944,0.0036371899856455746,6.132720391481993e-05
M1|C00106,0.02603299769812715,0.05380124946889579,0.01469427308778241,0.006770801211008634,-0.020867610596090193,0.03361174078650982,-0.003290470469573509,0.0011357566021400556,0.002614413944475161,0.013236872691770997,0.0036140736924442,-0.009142880560576569,0.020644366686756316,0.0009700234025964195,0.0008415683508617888,-0.018592377730332045,-0.0033363057538389664,0.012526298383961637,-0.009851131517272236,-0.008903173712130822,0.018592500622252525,0.0013559008366493893,0.01060392659774709,-0.005830142205792439,0.0016548943917704627,-0.004247666192785858,-0.0035936303673403222,0.004947640784789898,0.008970752551928527,-0.0057435220171578915
M1|C00107,-0.06324771392441542,-0.057591989532701726,-0.04587831213462194,0.029816792153753,-0.011318131508485955,-0.005669012112420546,-0.028294574071029217,0.01797806480794529,-0.004905249168674831,-0.003670811762018287,0.007410843457744641,0.0061212633656805085,0.017539285356951758,0.009703846452146375,-0.0062927681505091475,-0.0027742193936290383,-0.0034010557228972274,0.004434410139853983,0.009576779262228604,0.017810957322818625,-0.002154729575175614,-0.010932106421470302,0.00024047860388269875,0.0004869737594135899,0.009958985353943477,-0.0002461448158334596,-0.0032183145469278874,0.0017228455342839526,0.006984691731612043,-0.0046908782386683
M1|C00108,0.09998028357636714,-0.022859651875301326,-0.020550707469741747,-0.0022497327526535367,-0.014618737247257827,0.02323456544292977,-0.0012605605225894094,-0.0035177085128015526,0.01929988105105962,-0.009778828107618655,0.003950538410704215,-0.010750849756278354,-0.00047906777497047246,0.0052202294907177085,0.006629253085305302,-0.020384277361457856,-0.0016147221477466698,0.008144693754339549,0.005588133587541584,-0.014546911780909439,-0.0023818784834608226,-0.005631437336112497,-0.00791248243939982,-0.004017674091005961,0.0021649896407887185,0.0016084451075140968,0.0023963170209506664,0.0013252291203335307,0.008947506541469974,-0.0032981090687431596
M1|C00109,0.06220747511804744,0.04956060510073768,0.028575136257690953,0.02183587872775987,-0.016793697214354503,0.0224975480806727,-0.005643321775351157,-0.014650956491460403,-0.007162218145781093,-0.002006690263754562,0.004009709242979731,0.012982434592925498,0.0014383397620383578,0.00022882705446468677,0.01172782890730997,-0.012460610579319952,0.004997423996806477,0.005702016155088553,0.0054253350274659886,-0.004574770402263212,-0.006733742829639113,-0.0004084214387236781,-0.00944093152970694,0.007790194633576459,0.001853527412106738,-0.002256585543751114,-0.0011074817885960548,-0.002979897600451277,0.0034038527301846824,0.004316366821079413
M1|C00110,-0.01877123395577464,0.024247782977899323,0.05947994505829694,-0.020081764395661644,-0.039792849052301085,-0.01006865576228716,-0.013165401243852213,-0.020700985859911727,-0.013123603180639874,0.013627369813420326,-0.00200090552889433,0.004710760924526399,-0.02098941105233431,-0.004639312256224152,0.008029866315658201,-0.007686786198405658,0.009279504330048056,-0.008750552167764263,0.008465614979159005,0.013667496304000036,-0.006520394383368303,0.01143846543452658,0.006226751562976435,0.011212704969830015,-0.0012423875493292424,-0.0038405121761291234,-0.005557870835592897,-0.0005442334033668654,0.00761074889954494,0.0025711414798674317
M1|C00111,-0.04594287581770645,0.0906710375201828,0.03790194086516262,-0.03512862754989961,0.023679193536375983,0.0009637067254271162,0.0345414973335097,-0.013684931729114575,-0.013476832727051049,-0.009309466062865113,0.017861262245419483,-0.0094646867035544,-0.005330867520163766,0.0008653850243611132,-0.004640483726745838,0.0013982667453169171,-0.0018980402100199022,0.001359252590883268,0.00423199195140197,-0.002241894791706486,-0.0017639382766029756,0.00239913326264434,-0.005676484013261502,-4.527601023909941e-05,0.009672132520885127,0.0084476294030463,-0.002405191717463513,-0.002482960780175568,0.001065253351208676,0.0016214095284183992
M1|C00112,0.04210578937440715,0.03834901598592893,0.015391430097309255,0.005732729392974001,-0.0019075100472185954,0.036437301095351454,0.01074075346049052,0.06921691347353724,0.003211424130766308,0.014355988218225459,0.01975041749072068,0.0049753064873633256,-0.0007920895014031672,0.0031169092259477594,-0.0006536082683433106,0.01597469759228562,0.0008030672087854946,-0.008472016973385045,-0.004892632762463191,0.015479468465719012,0.004976510008492662,0.008333066737904784,0.010667443612960915,0.0034512053158061063,-0.009672995502361153,0.006283864282914384,-0.0002992094439120381,-0.0055698924311963225,-0.008018099029823936,-0.006543298592628297
M1|C00113,0.012043368571571504,0.03961735311673101,-0.030194425859089064,-0.046069602017586406,0.014860760868228004,0.02037202214804077,0.0117481459460094,-0.029695137451057965,0.002162076371071354,-0.010276853680181825,0.005034273347703599,-0.016309315255691716,-0.010007506331403581,-0.0018265087766180645,0.004698372924334958,-0.0011272714231256365,-0.00819851511051859,0.009760701309127822,-0.005305829364280494,-0.0056928492792034146,0.0009369790126468242,-0.00029056980107880845,0.006475274401125695,0.0033261546116631967,-0.012002013942995002,-0.008757266671147849,-0.009315083280910557,0.001508768642730508,0.0017565881938458009,-0.01482508909763124
M1|C00114,-0.03383682392863688,0.008141362019323469,-0.046825738336762936,-0.022530301991636414,0.011692542376504399,0.023139168069283192,0.009114911362372788,-0.026300875944670503,-0.00948065003375243,0.0017903382335700837,0.0023457776713550877,0.0013527344090884974,0.006556141293889417,-0.014168588436942589,-0.008339120361285575,-0.0043862540555203505,-0.0042652287202825,-0.004427644883178622,-0.006858322621349037,0.009455987539387733,0.0065176088039596404,-0.00479659151170957,0.003070175636181294,0.006191613159098801,0.007342820581252653,0.010527364724949995,0.006610069978909362,-0.0023229702058405848,0.005470139539063589,-0.0034816981689734915
M1|C00115,-0.16346118607250615,0.044641562150487715,0.03418793504260021,0.049844914785347236,0.03279574491329481,-0.03444743440156462,0.006567645091571547,-0.0034709905707065954,0.014635480456842853,0.010966324256438023,-0.021301707407391905,-0.0019210059647785972,0.013691943591433714,-0.0060153520045940125,0.013050708740734296,0.0018355734881406625,0.0024205449270067116,0.0020084476284158315,-0.005243128879267513,-0.0037426491492640024,-0.010051453159410731,0.001676355657123484,-0.006772219090313006,0.003490696017621254,0.0032137720554100075,-0.004341701629733299,-0.00034061046712581734,-0.011944028606636788,-0.007569419313399166,-0.002374071521554441
M1|C00116,0.03620085726762621,0.04302322452220033,-0.008332471830267568,-0.002840351093261888,-0.010253068198556828,0.025982136604802357,0.004999540759078608,0.004580944019116428,-0.015476405502810979,0.014418676689980543,-0.0032024265695894576,0.021366493984782027,0.020582652848242258,0.003557425253920192,0.001788800624347086,-0.003975212731531223,-0.00368751873328712,-0.0023166504403486494,0.0036333489305711837,-0.01772969845320584,2.6416639467348925e-05,-0.007702986453579241,-0.0014164754804234475,-0.0019141067174946937,-0.0019725635855428296,0.00011242996381580062,0.0004956492889535537,0.009641353165771286,0.005745478940471651,0.0030779185218390128
M1|C00117,-0.033320143026214694,-0.03448179173666767,-0.04118562949728848,0.02432714826294421,-0.0007858035557295843,0.011579800513952451,-0.010635515471635798,-0.0014367549846366985,-0.0004650572468358818,-0.008324516547812057,-0.003870124598972313,0.0018381072142432812,0.004102077580687595,-0.029384882528527747,0.008647149942482694,-0.014381197500670793,0.006989335362217966,-0.004293673210820582,0.0063474809430368855,0.008486565322710173,-0.0014381963050595368,-0.003808054049021538,0.0016888359152579906,0.0010186712071965623,0.0015262391767122327,-0.004423122841952379,5.2042716886192425e-05,-0.001227482006971081,-0.004088559106466481,0.009932333925600976
M1|C00118,0.09867418648986463,-0.09647782341733123,-0.036558494198694606,0.011147288374840966,0.015261712344983717,-0.0032043718269204277,0.03343528378964071,-0.027751058437081512,0.021492540252445957,-0.016803290174406127,-0.005175844990914213,-0.015632191906054402,-0.004249014217350516,-0.022647679172164408,0.0019518776548617428,0.0031553932259316022,0.00042659946325430216,0.011313047246650117,0.005542464287593634,-0.0006834607505799546,0.002143137799226215,0.0031254816279861234,0.009366520852919212,-0.005580140247359763,-0.011988845886372257,0.002117188882480329,0.007888810779524054,0.0043398709066217326,-0.004771454704958747,-0.0018186189446953867
M1|C00119,0.11561867826310937,-0.032645515543230044,-0.00924954796390699,0.0031887282038130962,-0.010428184138927165,0.009800783833950581,-0.00660696585859883,0.030958492332009334,-0.0020335758359800848,-0.011298766700852383,-0.00534876507906214,-0.007337876816450097,-0.001340477392213148,0.004601037533452279,0.00739333040936192,0.0064122002335026615,0.0016986735196863137,0.004570622436609109,-0.004234130537757768,-0.007595489854350677,-0.008594518280123808,0.007221205886779104,0.009308212852003965,0.01140328824158785,0.005884782930353428,0.0024134540116033196,-0.0020751681702464797,-0.0015048171992304083,0.007032926496797578,-0.009708585708615462
M1|C00120,0.13169854164422548,-0.05202323300473393,-0.018569368345176362,-0.014924344978729017,0.0066626540008421,-0.004555048407196178,0.014525549608129969,0.003934092660120206,0.026990178881095117,-0.0007574679897414528,0.015080408479165568,0.0037322016893727022,0.0045532357954569,0.002672636795369298,-0.011618170827746592,-0.0008992616072651053,-0.006944186202242411,0.00993382077543124,-0.004594753415460531,0.007079974370418893,0.0021611561843473143,0.002577772640274793,0.010940359721602544,0.001105416698581474,0.013417973549211083,0.002099678113412258,0.006543548895144242,-0.0004569619033056424,0.00693515663527046,-0.003934282397111034
M1|C00121,0.09284679703350869,-0.03830893146136019,-0.00594765352137166,0.035317072482916975,-0.030056574854621612,-0.013413793286895528,-0.02600439863383696,-0.011490444420813786,0.009334262180802117,-0.021461808293532524,0.009877483449502513,-0.008203725851442478,0.005707521719390543,0.008431681534292195,0.0026435890600327726,-0.01453986872225452,0.001974150668992533,0.007587500050917198,0.009797512318728023,0.006544532063605936,-0.003975545524346763,0.007140348201470691,0.0023568213262388287,0.0022701646478956914,0.006373247357337123,-0.00579331243973696,0.0036784565087952374,0.006523500716327576,-0.00249873661981393,-0.013147638855470246
M1|C00122,0.0771980251082217,-0.00024391864046135415,-0.017744362193335052,-0.00018246428389862712,-0.008060448835142774,0.023985833158536207,0.009087360024011577,-0.02324033611379335,0.0025444963737291447,-0.001847175072361674,-0.007198278134646653,-0.006191129446460334,0.008995650686614662,-0.0038729880477897257,-0.004609396438633094,-0.013123504223179918,-0.0028171080304666848,0.01260327582975971,-0.0007008132447582494,-0.015401551557297211,-0.004328633076566568,-0.007998982625614244,0.002910171825787872,-0.0023192343453984944,0.0018921727825487096,-0.004938209136196381,0.004590179080851447,-0.0024297216530367303,-0.004685370166099915,-0.0023731026586137865
M1|C00123,-0.158191129498773,0.028692161838393734,-0.02365659995548519,0.0247555289905128,0.026820352715686266,-0.008608647411862017,0.0033164196074826325,-0.0050761503596994904,0.03884092627076628,0.010936638034129196,-0.014995637435365292,0.01689892490666011,-0.010627070668356362,-0.004802557093591354,0.009281303265449415,-0.007024238604679602,-0.009959570702775268,-0.012320561712708468,-0.00979786920415952,-0.013008367030917466,0.006512128738610254,0.009212059511303935,0.0015079999907926286,-0.0004694673026534201,-0.004271408231243632,0.0013935153938053316,-0.002148477452972561,-0.009013848644345108,8.875745069302339e-05,0.0032461389662683704
M1|C00124,0.02936489235261575,-0.05805299049996972,-0.026710735559578827,-0.030068597421989814,-0.018373822994707373,-0.01769228145872425,-0.0026462796974999676,0.02014362424166555,0.02346480726688208,0.032199703998467104,0.0032391363241461727,-0.014478152075787603,-0.000999956812803838,-0.011955301125299108,-0.008140725471992218,0.003489129280464774,0.0011244553495695674,-0.007187974449822962,-0.0023500208056480222,0.013412433050995995,-0.017564994271135975,0.009162242767269312,0.007725383059958363,0.003979031287402612,0.010012096714954542,-0.008679542197284009,0.007543913717499448,0.003412847626047825,0.004455814836377632,0.002849544895662277
M1|C00125,0.00945137358876919,-0.0016351226008295573,-0.03745328340043849,-0.026141382856001563,0.013043774295957614,-0.010740610026614422,0.004469569409024074,0.012354451957737331,0.0020342867808920205,-0.003395454778449242,-0.0007365090452209165,0.006413489992258879,0.011566270792224774,0.004138863748450485,5.67716924631116e-05,-0.005308962726999196,0.0017340988686096505,0.007345984597809655,0.004405461832118774,-0.0016251039522545833,-0.003756269321420457,0.013752213806061312,0.007223901188920789,0.008710256123698417,-0.002274000460528757,-0.000708942539310536,5.313599603809025e-06,0.0047708367491061335,-0.0028535705791024627,-0.0005329155132252389
M1|C00126,-0.0013184377732216807,-0.16762697159056592,0.0159148139419088,0.04540320792769595,-0.021523888717542992,-0.01717495766742314,-0.011039935449406141,-0.026076198960266403,-0.006302084061364224,-0.02619467756780202,0.01606677057354877,-0.012891231250308692,-0.001307731426591657,-0.033446321573212194,0.0447609319231941,0.03230196319410164,0.015997839665961387,0.007141895564696384,0.03564062904818525,-0.002014938278817948,0.020497356847293955,-0.02377862055320803,-0.0026617520142576973,-0.006113310052718052,-0.0011008635785220923,0.0021285496965557783,0.008061652729651385,-0.025851329003840413,-0.008175285691738709,0.006648955163472733
M1|C00127,-0.132958022945192,0.04449480808656308,-0.022423721507081492,0.012438966164726202,0.02747696035935631,0.005314584392532761,0.009481212725579925,-0.010439367998978313,0.02693617242754711,0.008485163928846446,0.005177540365115849,0.008736705780970667,-0.015477304257244067,-0.00606166388184881,0.008674340137991003,-0.012001696105942634,-0.01253606906706896,-0.0106999817931543,-0.009133053577721338,-0.005939421623677089,-0.0014374429128723785,0.012311512293815998,0.0039195719313652915,0.006771055553113613,-0.009624993708149896,0.005845046865749175,-0.00225274631376313,-0.006933045957136596,-0.0022644888511383693,-0.001646675915537292
M1|C00128,-0.12309698103584298,0.03694925384782324,-0.054155821025376215,0.01027060750692366,0.007572412224825838,-0.029947071322128163,-0.021850438671640205,0.0017701590824493422,0.013993005859959577,0.004271476514559666,-0.009496176429258627,0.01980837639841234,0.008796458490458004,-0.001282874277698843,-0.006100424490122296,0.0008642659239762793,0.0006830666298604045,0.0022090943140150453,0.0052151248224859975,0.0032661632654951474,-0.002686720989371294,-0.00029530574099862286,-0.0050729584920176755,-0.001201543665352026,-0.0026511507432631603,0.0019245944005743358,0.006484737093828915,-0.0019657891610200583,-0.005789992681853604,-0.0043780207257030695
M1|C00129,-0.02791083106262671,-0.01013604924256723,-0.055472504539937836,-0.02305752270318051,0.008790074831467792,-0.015242075744864407,-0.0023534795860767482,0.01817271420295945,-0.001799981452206359,0.0011279385229439032,-0.008394197562642227,0.008684195759741935,0.022832777836580692,0.00026959084875689826,0.002743606246042595,-0.010263079255568684,0.0013366306461004278,0.012010873796063092,0.004379645392532289,-0.007737265834106949,-0.001091110521852169,0.002661093622944336,0.0030620565987345286,-0.005584233633222301,0.0028690887618061994,0.01276589596304696,0.008978931573771025,0.015268439840600785,-0.005505628223894053,-0.002410943063187238
M1|C00130,0.02010391446763386,-0.0040101229655229945,-0.04271146422127635,-0.038583358239066605,0.007859140913457947,-0.023354007159941285,-0.017071479840943895,0.004831811853076199,-0.012022401062565642,-0.013565582180497467,-0.006147333548034865,-0.007223476997708209,0.0019552355141964337,0.011404846605375383,0.0002567249107634821,0.0013711199541352455,-0.006754679935485668,0.004903657414487948,-0.006514839727574184,-0.006875318040713197,0.0004638822714821215,0.005949735933119669,0.0016130908166109774,0.0010046833481316898,-0.0020120419128090115,0.00215125279982339,-0.002734783581878426,0.004628541512171711,0.00814860090592338,0.005428908075254024
M1|C00131,0.018388993376395435,0.06355309058113402,0.0921774760201419,0.039006535181263395,0.0005277917476470642,-0.0036207631762634447,0.02742029729403236,-0.01713818736089009,-0.01932011414514436,0.01734775486046948,-0.021246624912887264,-0.01755791531276527,0.03693374613423744,-0.005204228371714871,0.0029162738634695507,0.011294935829941895,0.007653117913031912,-0.0038860611708972296,-0.004289808771733258,-0.012176126114754387,-0.015660337705338458,0.003736616607717353,-0.004027322625720991,0.017128827270602175,0.003886968320848197,-0.004963689637954642,-0.0008889368493881159,-0.006216349726171338,-0.009464004763053969,-0.004829082297276108
M1|C00132,-0.007757578965301985,-0.03368225440912063,0.0059310683964681745,0.034532250512386564,0.00578541186546101,0.017067610654507778,0.029182516640619254,0.0011430872114076944,-0.001681301509303784,0.01955561483914208,-0.015342973432632946,-0.014408713305503699,0.01708936567547713,-0.015792379797147774,-0.005567068681225824,0.0014817929050777456,-0.005896863401249721,0.012679024105030719,-0.005623895201022211,-0.01310910963675209,0.004265090575857451,-0.002122909522561735,-0.001807258243143928,-0.004701099141997475,-0.0064545847483997235,-0.001756389992702884,-0.0019729868693119925,0.0033369942043835975,0.003528629788469347,0.006697825432195607
M1|C00133,0.09232813434274337,0.024784971749962477,-0.03472490222133812,-0.02540599987712791,0.003647504078324918,0.020863809886700238,0.02224951547989053,-0.040470034585887785,-0.004007594243214619,-0.009725379573139287,-0.015454440651696294,-0.007365227043898968,0.004262393331230966,-0.004799466766169756,0.008890959175823004,0.015862448432098428,-0.0015275534552937333,0.0016534312969442046,-0.002965146086082681,0.0056718138548900844,0.008052281316515218,-0.008459848386445153,-0.00845951129889175,-0.007510591990176594,-0.011157776285200625,0.0018264893105648856,-0.007167216544640803,-0.0009064606907990191,-0.010382103004324303,-0.009359639421904558
M1|C00134,0.16240625547846307,-0.08723456430143665,0.014675995420005286,0.027351656666227943,0.004490797895544127,-0.03789723293390567,-0.013117689068668404,-0.008519996935058264,0.02890872009690446,-0.03110652723669593,0.02543622764800491,0.001004154501363907,-0.008706966526425245,0.011315975895027013,-0.0085586505307311,-0.015509366650259608,-0.0065228811830050915,0.0047114732281267275,0.0019196989487752028,-0.002922082600854674,-0.003734672295125443,-0.002525036057242659,-0.0012591778789182075,0.005818716046375217,-0.006073730018994643,0.006655947059018359,0.00570759906182128,-0.005604702954591114,0.005267746968957272,0.0019392797014696058
M1|C00135,-0.023372557276331207,-0.019548004464908092,-0.022421172379297426,-0.04236040269688397,-0.016873435552687836,-0.0025740710782283013,-0.003140021150416066,0.014651948587025117,-0.014165190303865951,0.01968298270974865,0.013452853377950692,-0.005049473743136451,-0.0005869790314025394,0.004362262533668188,-0.0029916454770197087,-0.006890666257129702,0.004470000255921467,-0.011705048327045144,0.00904859302025603,-0.016187740969519183,-0.010673202515748744,-0.005610872863684291,-0.011396862889873485,-0.004977298425030562,-0.012016428176598521,-0.009821797458010194,-0.0027371087414158,0.0011946501673829701,-0.0029711952582309794,0.003522288280401536
M1|C00136,0.08280344546931397,0.003353731577251488,0.0059166587194723775,-0.0034522880055309147,0.004789224565883153,0.00969996772008501,0.015894721531582636,-0.0010089630321982609,-0.010595057759563495,-0.009328399067450087,-0.0024396052315142484,0.011389848090724016,-0.001910180572760461,-0.002830316170188231,0.012942594806235597,0.016832703039103107,0.0013218645279350788,-0.007027733677628688,0.006143956105813597,-0.0024108228668582466,-0.007314655963759434,0.004730474869791573,-0.0018010880717854014,0.004893377526398984,-0.011001660154797597,0.005268455762257166,0.00039820343425434355,0.001812576558544547,0.0010730187389839604,-0.0112922179263352
M1|C00137,0.0553807526619831,0.025439233023934964,0.032712169574220185,0.005158127998431204,0.015575154365949338,0.0063136099398825125,0.02948446167250721,0.015230348821492053,-0.006639624564802067,0.005093713243769586,-0.008417057363800303,0.003384173426966115,0.004583238619117885,0.0017207328116139496,0.013954457833147287,0.01493986504695078,0.006202142694436195,0.004128670852461448,0.005517032745959807,-0.009783593489023594,-0.017299301308718883,0.0026211460402490103,-0.001388879347481109,0.012290753386389268,0.007020630416876872,0.0039050738496752314,-0.0029233168398499283,0.00048405802945563194,-0.0024787939295903938,-0.0070841656408643615
M1|C00138,-0.10083637841020571,0.02801642706976485,0.009316914148855437,0.036124952151301064,0.005252916629307153,-0.009436883625810726,-0.0019410510743810597,-0.009581234183240264,-0.0014306594157566606,0.0035303628359544897,-0.013007121647917699,-0.008886778451604876,0.004643397950991243,-0.017386266956919992,0.008284788319953955,0.011271567091532793,0.00863967185454896,0.008522065942807267,-0.002875822438791764,-0.006824524879960348,-0.005560280036863737,-0.002168830156449861,0.002490713204003432,0.009667405269255205,0.0034725995502727734,-0.0038992978545484935,-0.005696904266383655,0.00024151909813568064,-0.006311388493934458,-0.0031967148647270524
M1|C00139,0.14658004518264622,-0.07214543846100932,0.02011258137034695,0.0020697187242511776,0.0015244749451880143,-0.012021280692775353,0.021772841041804884,0.029874410092994026,0.021117149126367578,0.019341599019078837,0.008923212398318564,0.005603709081534588,-0.008939440958671097,-0.007519849959972585,0.007254363594928092,0.007432959039096599,0.0009638079563078897,0.001842838114620354,-0.0036061755827291745,-0.001168644519919642,-0.02098911462141064,0.007217337247875397,-0.0008706006489448411,0.0024526855681854306,0.005496880131529867,-0.0031391355686278466,0.006511609949376752,0.006245673752064723,-0.0021445095790067923,-0.012291440747134074
M1|C00140,-0.13461181111788487,-0.21136520875582077,0.002236856463571798,0.005966997178096684,-0.043067733405534,-0.00046526571466849016,0.011548863032251753,-0.002544679768837332,-0.030713962895529447,0.002470255329165354,0.026835869417181062,-0.009084537915849643,0.009534420581883371,0.04690825853555144,-0.001715421069535489,0.0252630322999349,0.011670820179753133,0.02263626972681208,0.006302739351432756,0.007240026941367808,0.0014724796298737001,-0.015792797921514386,0.0016851393845195967,-0.0020710425353695537,0.003124760963055219,-0.009388003252802826,0.004717550871734523,-0.011445537946929327,-0.0003426436109178535,0.000624783235131598
M1|C00141,-0.05836062688542284,-0.031168599450145173,-0.02878583022654332,0.0410183180387787,-0.0040405168188780115,0.0052911815739635675,-0.0016273442047086935,-0.01916677934873951,0.025387423922739426,-0.00878868807276406,-0.0018538480355967198,-0.002889457862100905,-0.012452427976797145,-0.0020502193005918065,0.005037106166546417,-0.0005400523144732629,0.001078150303237105,-0.006586306473120414,0.012527807886410086,-0.007426891817192788,0.0015852390895301292,-0.0019513361014369102,-0.008168939396317194,0.005451230265845629,-0.0006012865286503782,-0.0023512642590870683,0.0004450155133542125,-0.00146772650321714,0.0033853819084976766,-0.002277713226507471
M1|C00142,0.11369654743163397,-0.06261422374604743,0.00317549283344974,0.002221060473529468,-0.023191340833995974,0.0138951161918826,0.0012910414065560995,0.051140125029520124,0.025265939206626,-0.0066965246646457505,0.036805818292842504,-0.0058106516409177494,0.0034392836716926885,-0.008022038978887609,0.00675412801847664,0.01364722910083597,0.0063279283966775094,-0.0034907381055767103,0.0024673650936300837,-0.0043114863948735685,0.005878877947402846,0.008511269955462149,0.009839659898504924,-0.00927505932563567,0.012522450571153705,-0.00173513047000283,0.0031332346744071776,0.002647562724573806,-0.004039671822891553,-0.004319057489212717
M1|C00143,-0.036260793000955874,-0.05218897772276814,-0.048829147720302106,0.032780360202140764,-0.003937800519825443,0.005564524074767716,-0.014600661514422896,0.024097597791686215,0.00023710704371061634,-0.010207296447898308,0.005544110010142305,-0.012615970474852231,0.003580620921074765,-0.011854336311450591,-0.005029273170775716,-0.0036408313196754985,-0.004340022478141259,0.003127120226873185,0.006091565088540251,0.00951573099337222,-0.00175754444246931,-0.0036082772634824195,-0.0024553528333076734,-0.0018387709607279917,0.003873543766026316,0.00164093928137866,-0.003349082394093697,0.01005504002946216,0.0029481370701579827,-0.010334585951528358
M1|C00144,-0.05013269973818399,-0.09396778503972812,-0.06794074045557331,0.0133526258560119,0.00814175234583092,0.007266676308840228,0.002914014098142555,-0.006610364359700714,-0.014468734094381158,-0.012546432911311129,-0.005679247386089838,-0.022584234539758666,0.0019980125942654072,-0.03725780966066121,-0.006893854649279286,0.015706868308860564,0.003202570364648622,0.002210670244581426,0.013878071560280524,0.006482161191258646,0.0028977383362486717,-0.022289999140927597,0.004491143025201824,0.009181805980873068,-0.003189772347921428,-0.005235418612914558,0.0008143527018567791,-0.005821723341107521,0.005825150051196596,0.0013760814497827663
M1|C00145,-0.06749052097073528,-0.031496909492617055,-0.03604732219491668,-0.01660281400414906,-0.011769055988560331,-0.011530720070684397,-0.008572185993357725,-0.0071036292982811595,-0.021547939002989364,0.0004960998511377226,0.010954367625837338,0.0044413827581962564,0.013827851921505385,0.011075197685328643,-0.005929145312069373,-0.006355747100174175,0.0022006630200515575,0.008112313269955061,0.003104142680558042,0.004913109936809804,-0.0029669235152853337,-0.0020617140562446128,0.007190509835414527,0.0012811056627177974,-0.005870267208272904,0.004826777685171932,-0.006335803566157839,0.012497803550128844,-0.01663915213189396,-0.003974573820256938
M1|C00146,-0.003100744503373039,-0.010832796898050948,-0.035803190956770044,0.0033896560639005554,0.009953773436120156,0.02498519109135915,0.009059039273993269,0.0004382292961384373,0.006952181357010853,-0.006370877061601811,0.004384145896888205,-0.009127422979236263,-0.013842172526961518,-0.025202129208713397,0.016129202542206778,0.001600508905407759,-0.0012346995593124756,3.680778842765052e-05,0.002587632831648742,-0.009112725522784252,0.009462439106256975,-0.00869445305678705,0.012687036120137852,0.00189239718091299,-0.0039620331120552525,0.002517716249892926,-0.003522646145874914,-0.005766762571747136,-0.010366847262229284,-0.0013545298475347981
M1|C00147,-0.1712298480662676,0.012991181521576859,-0.004314212112926263,0.03283617162508081,0.036309297577048344,-0.018563337321863993,0.008863216612786076,-0.0004980360332551059,0.024519114125494092,-0.0011484755514711929,-0.013703283938671049,0.015335684592360533,-0.008178530554145151,0.0030351639752554875,0.013792758092972597,-0.0035200003677636313,-0.010138420222928771,-0.0013698343881220017,-0.0027263776793653646,-0.0014958775412413645,0.002044608057611395,0.007447893945701698,-0.0022318803756234276,-0.008276274670111241,0.0020425903505559323,-0.011438805975361628,-0.0011879099001008105,-0.004818721886517603,-0.0006383391172025779,0.0010272426016209551
M1|C00148,0.029640518273890932,-0.013247599705158267,-0.04442186858792791,-0.044401802300347855,0.0021009571630471974,0.03254314607955255,0.01968888188289646,0.01990020563145111,0.0165980651031432,0.011183375837431044,0.014937924413862366,0.0037674508981091347,0.020454316233254832,0.004237784041337221,0.000799982994404714,-0.010567489164531638,0.005775760670780068,-0.011104529250623899,0.000581614758194583,0.008343100823855983,-0.001918618885319072,0.00830769551471078,0.007094000419751584,0.014784800224917075,0.006198041916141679,-0.002088874127432255,-0.0002184727717250345,-9.62973527176723e-05,5.172230382301404e-05,-0.001617686283878915
M1|C00149,-0.016710875772713494,-0.14001986711747774,0.017707250990712707,0.00859684158955804,0.07231878441506058,0.018714809392627138,-0.039617739547104826,-0.0036516139985177023,-0.0345251595719893,-0.020536419796879618,-0.0018508585046801823,-0.013180712707723774,-0.009999524479012046,-0.013478974100036921,-0.0005036931594394404,-0.01689486573364151,0.011363347707486765,0.0023322758133861627,-0.008642594828814463,-0.007285852965356754,0.003242546982295962,0.005019027708817149,0.012207455813619258,0.001157277255170768,-0.0006942699956992731,-0.005364376161347763,0.0016402895273832678,0.00710114479365562,0.0032164311407375545,0.01626475551039969
M1|C00150,-0.031275841377557845,-0.014143062622628816,0.005527532757237435,-0.01807710567746802,-0.005642367702678335,-0.0439912087372377,-0.008042635152358498,-0.023692105732712757,-0.010673390073874855,0.022291419388293307,0.012565899276654196,0.008889988030917707,0.0025141167927821358,-0.004122125705728982,0.013511080330900095,0.011256052510496342,-0.004387818030093628,-0.006550422087245394,-0.002891494318254415,0.0062567452567863285,0.0017753335711350046,0.0006883296292726322,-0.0008748629074989857,-0.0076932087100169515,0.005969479710788708,-0.00993827177243291,-0.001022383863120648,-0.004150926795300773,-0.004324686677785915,-0.002852679689874262
M1|C00151,-0.14710473495876927,0.047300817995075364,0.02937669812032433,0.01611197932932399,0.043727189794165226,-0.04176491163731582,0.010019981857629121,0.012545168892981415,0.015070284718419336,-0.008675264026443998,-0.009428093510882514,0.004770960770126505,-0.0056106255102854555,0.007615356795739101,0.02518817502917011,0.0016853920287547188,-0.0026150921685220954,0.011827896950553952,-0.0015827263415491922,0.013987217199179634,0.004860156326134973,0.0042252268100477245,0.0009586847468751511,-0.012789002504489649,0.0021901075924846266,-0.010544124466311226,0.0022950784021195303,-0.0041803022810204,-0.0032183952428723036,0.00550237426854726
M1|C00152,0.09189159863883299,-0.06528069438154739,-0.008746409843908386,-0.038684372895386836,-0.002752469027198188,-0.009760359983946114,0.017277262281038045,0.017943984290283342,-0.006695793610646976,0.019996640096758903,0.011304774383370804,0.00993107978097362,0.006521256328965066,-0.005930818028675783,0.02791794099229574,0.005111958529062035,0.005055975304619245,-0.007019202824214038,0.00513058278564646,-0.015204640449596607,-0.014421835197860245,0.00023113688656264028,-0.004233181899753666,-0.001977824191325982,-0.0034550651983559777,-0.00078230231748862,0.0011717169427121372,0.0046425788437610286,0.006399553021719364,0.004120872325316303
M1|C00153,-0.030920535363428626,0.059930154584948006,0.032308185988532384,0.06327920485690355,-0.021555602225973493,0.001163061631327562,-0.024847023863340742,0.015501917769527042,-0.006673806181663262,0.014523222738132292,-0.010207027244301335,0.008401808415573376,0.021738628534061426,0.0022685370246619888,0.002828179456276391,-0.004595680792028079,0.001025429048250724,0.012494512361908081,-0.003076447460027268,0.006429660084368807,0.016877402705005193,-0.0010389976894419762,0.0004665608783995061,-0.013455704007543628,-0.006069856343718913,-0.0017074405532525548,-0.0036011233163037513,-0.002697701786422005,0.004139572983909357,-0.00046265804309261944
M1|C00154,0.05100558136584365,0.026436236403384203,-0.0027328341345395986,-5.112553406009963e-05,-0.008227143843155605,0.003314950636075042,-0.0020712944048398465,-0.0026032422920956844,-0.002023191345581961,-0.010417728831576486,-0.0037083639307435774,0.003448079051711512,-0.0025983462780464757,-0.0030217677997978892,0.015523133217440524,0.028554941217716203,0.004232839513389122,-0.00850558872716379,0.009241908461207376,-0.00232874780000276,-0.009908920889367233,0.005233736007826071,0.007289258259243212,0.008938315860652775,-0.00331460108268952,-0.002610009425322671,-0.008037622778444359,0.008826901898105428,-0.0010637449882471147,-0.01053102452415903
M1|C00155,-0.08425556113747953,0.02064846042552337,-0.03875923889955848,0.0014792125157523798,0.008436019974860275,-0.0202325696226548,-0.013231666322301244,-0.007311335189956138,-0.006529246763061453,-0.006633404169587193,-0.00483857313103805,0.013958421267048505,0.009603767708752636,0.0017634746074565353,-0.0036636425008217954,-0.0014874619203690044,-0.006005304563833705,-0.004429826535088595,-0.0007531842664560717,0.0018675130525949279,0.002514888856994652,0.00896269482605066,-0.0029325260293032616,-0.0035131258311898103,0.0009140948995570373,0.0014222592195084034,8.078470167004694e-06,0.002237279236230297,-0.0017147047998944817,-0.006997219601585196
M1|C00156,-0.07572021312229758,0.014512437859341988,0.04619242152042812,-0.04812200289432312,-0.007564168140636978,-0.010838641642464222,0.018098967378953418,-0.014636020346931448,-0.01627252195328944,0.02862836077968677,0.01860091343296063,0.0094503104863304,-0.018283871610926244,0.0022449761437354516,0.00323256268179872,-0.02029043553442382,0.0025120824201422163,0.0034995061578098896,0.009785766311325666,0.01752680701972152,-0.0015338342160687178,0.009653632770922141,0.01163329855796592,0.013107900369656015,-0.006186359874305927,0.0004583207141770793,-0.0054135210418720875,-0.008312064475583822,0.006933287643868009,-0.005008912566522783
M1|C00157,0.09417779331520382,-0.00035320792031738103,-0.01611169124237225,-0.022796350225978087,0.014735196424846782,0.013471579248909056,0.026825429900671514,-0.009107156165694831,-0.00314962703617136,-0.004730203577742115,-0.0050335579603327475,0.015078681267433627,0.0014005433308228918,-0.00043201934168233646,0.0011277832137728792,0.008681922013251691,0.0021425438859212806,0.002448691074107285,0.0006141054411625946,-0.0006054999399478046,-0.004147795317258583,0.0014218739277848027,-0.006591800655926476,-0.004300707770067396,-0.002766504520243301,0.000682685984754875,-0.002037162395785408,-0.0011284271364183824,-0.0019019468737024668,0.002334024384437694
M1|C00158,0.07903650435411973,-0.0028300788142551353,-0.04141045689594482,-0.03398624925942014,0.014304354644462424,0.02950115556617771,0.027904854960975285,-0.007706603211688064,0.0009764716155964748,-0.0007541248716534885,-0.007955141975251273,0.004733548217223866,0.013864527856092101,0.0011615254506064149,0.02211796323933633,-0.005684352704120321,-0.002873916306686368,0.00455306953213221,0.010051374351982839,-0.011598408743908549,0.000600287857719252,-0.009956686942290583,-0.0031156046362961006,-0.003331899537727371,-0.012768767988521019,0.003120383853324228,-0.007922041931309276,0.004664207458415795,0.0006729560146719108,-0.008822885445784672
M1|C00159,0.027606888386835896,-0.014557567784057732,0.03531546712516703,-0.0052897658880809075,-0.000528981595065586,-0.04774067782775055,-0.011193627783683775,-0.01941345781088064,-0.006901196813865843,0.011796362345282552,0.013222845317041675,-0.01454190721972165,0.0031117265040764984,-0.004127777969551916,0.015972247638248095,0.016029195135729677,-0.01304058410540495,-0.016549945837433418,-0.021333786170642553,-0.0026045877855158557,-0.0060033755831321286,-0.0035587581483379547,-0.0031948866061391745,0.007880755235315798,0.00397586318956309,-0.0004536204206080964,-0.006430241033791241,0.0011820026628267615,-0.0038487318826010033,-0.005037157831263501
M1|C00160,0.08793267606894065,0.029825276795868598,0.027511506954705646,0.037941962708333166,-0.020804078207241724,0.0044889005965895665,-0.002943666736299124,-0.04358138859094809,-0.00871470652161082,-0.0039003658207565394,-0.012485117854258687,0.001496335701234449,0.011316002938212772,-0.004669464979526442,-0.0006630692467442772,0.009818559515249653,0.0027219819676144764,0.0004910193505762661,0.004616554623172289,-0.005810150534947188,-0.006879937748503867,-0.0032397014014605204,0.0004660650116876476,0.003587254824585511,-0.007903184823513957,-0.0024958953416773046,-0.002029391670349825,0.005091965781428448,-0.008749373366859135,-0.006726784244314604
M1|C00161,0.054277545527887015,0.0346800116533052,-0.01697371057989247,-0.015445819854432243,0.0029960425775150453,0.015820849360861224,0.007460030417978633,-0.03723389743991163,-0.020794389057644153,0.0021440652559387187,-0.0027145341050912957,0.022882739844113268,0.0112760634509789,-0.01059441708365065,0.009301867788665385,0.009419416538117991,-0.001240684381674181,-0.005878032441792647,0.003914376265494101,-0.0006376127048043486,0.0038897550012976993,-0.00727597137311836,0.007518581819273752,-0.005316823159846383,-0.0021223312024274583,-0.004370432773185745,-0.005004531702274507,0.007987216974456143,-0.011942471716158393,-0.0018247950123744493
M1|C00162,-0.11128166496087999,0.003248357819894006,-0.03543842235244388,0.01433480247275241,0.007904332873723852,-0.004377616720145938,-0.0009387515765559395,-0.0021861494064623977,0.024091512005753175,0.0062859454541361204,-0.006472149087431212,0.012075111680869924,-0.0012881740457735486,0.00409083863013971,-0.008498031360589998,0.00036975016112034175,-0.0009476822983454868,-0.012202826833605367,0.001693292972492651,-0.008785674037420744,0.007456112331235468,0.005169147692992572,-0.0010712040070248302,0.0009113088294571655,-0.0007463518906535596,0.0007197183234771415,1.6269072482985032e-06,-0.005685959776933679,-0.0006695283123335724,-0.0005330462994026123
M1|C00163,-0.08501146031850638,-0.07018083797840713,0.006650396446336236,-0.023833810412900343,-0.029442279160213584,-0.030394019652106884,-0.0016262036685687957,0.004009763793325969,0.0035739353333120384,0.04100405606986186,-0.007842798726341027,0.005260124936345381,-0.01116493069524387,-0.005535051108578437,-0.0011673135076627325,-0.010092094807825339,0.01140399006730405,-0.005476908788916213,0.008390733789010897,0.014293385537189382,-0.011493540533218683,0.006495559459350846,-0.00042106794571852656,-0.001713628940223966,-0.010691316588037424,-0.004182943171113879,-0.000367902639407723,-0.00012659066938351584,0.0029247974784334363,0.0020990436499020277
M1|C00164,0.02095890176974377,0.022796594174407797,-0.009000301763658163,-0.019707094722819035,-0.009560760973817837,0.01891341342968871,0.0005551307122076304,0.024091663482993683,0.006146989299542571,0.004729624472468752,0.01781052855397518,0.008860772326494291,0.0017643672302941182,-0.0005899100115848429,-0.007369665627722542,0.01040088274597642,0.003706645577127594,-0.007357846981122839,-0.004144606387063736,0.004166917973574092,0.0011801307910036345,0.00414093802443647,0.013411450153560716,0.006916141603861871,0.006483299652677328,0.00507864439621998,-0.0023021025640460073,0.0017990571851899304,0.00034538393722258014,-0.003196949213811801
M1|C00165,-0.01695180691648235,0.006200238651593168,0.005714226508847992,0.03697888772331378,-0.0013231739701258652,-0.013730210254555092,-0.014661777877384883,-0.007930399967590665,0.02164803295982081,-0.01105355593487218,-0.006570346317119165,0.0108549637790702,-0.0005247684921076468,0.007704466540344289,0.014437304803860386,-0.010757682532861247,0.0030250550101184118,0.0005893840224452725,0.0038918604640227343,0.002889500158464688,0.0010560829910458327,0.0001857325487787608,-0.012064074668645782,0.001723372041370214,0.0006895017627627332,-0.004339487128196212,-0.007614327436111454,-0.005596487202102053,0.0019572192800219757,-0.003257018461996627
M1|C00166,0.09782367867758505,-0.03128225627847303,-0.03813519263144078,-0.039655349751201885,0.010340033842382176,0.0006415847421198999,0.020515031850942587,-0.015893259748545358,0.00819248077643608,0.0023526817167262206,-0.015376572973086707,-0.01682628862605712,0.012493324884161137,0.00013374945319222882,-0.0017729432929843307,-0.0001616239621854972,-0.007657653160890613,0.009331757377265004,-0.009464235236546804,-0.0025965297362921585,0.0075967752086680985,-0.0023614646540393597,0.004606920379907083,-0.0095181882132927,0.002074111222723222,0.007554317278839921,0.0029138678809687408,-0.001393888081210092,0.010123388783111456,-0.00325042378233264
M1|C00167,0.011768740036448233,0.050773184123691854,-0.010423076341520631,-0.02132121418121926,0.0003145772539653315,0.009168378354404124,0.0044427484293365505,-0.029121418712573555,-0.004649734371647888,-0.0015287270913135725,0.007049956805637524,-0.008466522326341023,-0.004251129077974202,-0.005420717571909391,0.006700648355135663,0.009329836847588854,-0.004898034855089412,-0.002891624694916404,-0.00023819812650407936,0.0027364337163123796,0.0011288696984469593,0.0011254874412697726,0.003881206692397983,0.0022639490091470715,-0.00687009537383356,-0.003122303402277074,-0.005722062731347213,-0.0018602330174254894,-0.0019143434050419217,-0.0068980532217700905
M1|C00168,0.08051093942836321,-0.008565229485028188,-0.02071549972188851,0.0006435052805328355,-0.006976056806536357,0.02281195038695811,0.003683967486038126,0.023304304245539604,0.015557580841788156,0.0019485007697290435,0.0022744723727048787,-0.0033612489336877272,0.006861997981164852,0.0013478442662883934,0.012907936666580123,-0.012401240458261418,-0.00165041983768374,0.004684700196314361,0.007424140719189011,0.0018057296746907734,0.007367179223036501,-0.005942830762642786,-0.0009343201919640464,-0.003148945302145584,0.016401752035683042,0.006128408825959828,-0.005923095663971238,0.0005421622521332086,0.0014786393173169226,0.0034274932694183277
M1|C00169,-0.04687027194360127,-0.059393866038402125,-0.020796073660190095,-0.03990795460415164,-0.03585104048110592,-0.02228739339163145,-0.007676118001149832,0.004795272440925463,0.006907980556471332,0.03988658860908932,-0.0025301010918407653,-0.011108703945805164,-0.004394467196754532,-0.01013642677179182,-0.012088428555178504,-0.007482305594912964,0.015887127747042963,-0.006552594436075201,0.0028810838278315386,0.007151970450699513,-0.014695137122707804,0.0015279231776214506,0.0022728302214229204,0.000923000332555523,-0.005283079754595248,-0.006513784922031879,0.004452581426411878,0.004303628765059737,0.0017079758447255677,0.008924880149934493
M1|C00170,-0.04936610232038745,0.03490796435931499,0.017022661085054205,0.0502376043437369,-9.946312010544597e-05,0.017591874318065786,-0.00465481034184025,0.0019178473091878325,0.013539451386638224,0.006189409108867653,-0.007686361709845612,0.008121841080647946,-0.00826149646500616,-0.00012597201663871002,0.009058706172858328,-0.012438904088670625,-0.00792069953234971,-0.0033424579466788556,-0.012027057999411415,-0.0029267999195574787,0.010402897679364842,0.006098850676879518,-0.0026934574648074497,-0.005529925918086762,-0.0021367747205246613,-0.005437280915916103,-0.004230500369474893,0.0016586632385826008,0.0019362353044558192,-0.0026571779166220904
M1|C00171,-0.07262173103585273,-0.07103290688187439,-0.049644044814346706,0.01364305998824459,0.012114686559757488,-0.028155754305475088,-0.011804743132828182,0.015159008572859062,-0.02807961238296196,-0.011569167395019432,0.0008077780356122806,-0.005658616788262228,0.007956326138928561,-0.005113960888500734,-0.014322783261838477,-0.0021583870234585067,-0.0009590940323517484,-0.0017705042316601143,0.00817124063376836,-0.002945442045048265,0.0006214285258620518,-0.007599079222280777,-0.0034675662923854393,-0.005657134870678415,0.0029126281437406106,-0.0011303665884764306,0.0032283720284313993,-0.0002904046598832128,-0.0045657191326409635,-0.015804634726637092
M1|C00172,0.061515218647751536,0.0025414723174471254,0.045941003035627065,0.027325888288745295,0.006974738899911903,-0.023551952570748217,0.01945382506709683,-0.019359064641095977,0.007149949366278563,0.013781440411752537,-0.01654514528632166,-0.012748642785924571,0.02122623852816205,0.0006257770978360991,0.005957959300122632,0.010470057549272794,0.003671667456137622,0.008729780490639714,-0.007564314795315436,-0.007031085155067969,-0.006249004583516133,0.0022008540685586877,0.006575317313226019,0.012485571750559206,0.0039323645563040365,0.0007992628208926271,-0.0007857255232911013,-0.002387715943135768,0.0018282886897665813,-0.0010631285745939913
M1|C00173,-0.02593361634816224,-0.010667689020401803,0.009858964641977002,0.0018133069801353344,0.00865389946700921,-0.031114403682062548,-0.003421787045440347,-0.0006918427365750655,-0.042430895177309205,-0.011149334295603098,0.007969485123141173,-0.005815967410597486,0.010469825595847939,-0.011760364826919953,-0.007174557907592724,0.010208910455483751,0.006083188266754563,0.00521024553305524,0.004866797481597067,0.010500523609494442,0.0013072559918643227,-0.004833752787643457,0.002076849480089053,-0.0021250666168411854,0.011983473493213917,-0.001491662414659903,-0.0017820098797976449,-0.00862717991202657,-0.007293633679728872,-0.013317581107196271
M1|C00174,-0.08775826725322754,-0.06279070641026155,-0.05795439677739807,0.028081808200349286,0.010955108266173503,0.005129636866652052,0.002337871077382871,0.004066610627030086,0.003102170267938377,-0.0017897052485779533,-0.0036753788243945778,-0.008136964073127608,0.004318470288827343,-0.005573844742300223,-0.0035446256284652113,0.0002627104475002147,-0.012012807999385294,-0.011405229827723701,0.003474208795009624,0.004105170180525696,-0.0071953369127016695,0.006387228827222837,-0.007505636708850666,-0.0028757213951199944,-0.0010119168849636996,-0.00686205965428247,-2.8439896676069018e-05,-0.006258790451923767,0.0023491626731901127,0.004952238261688286
M1|C00175,0.07710183428330476,-0.013984485248909972,-0.015982444328876376,-0.0059906424141429266,-0.0019728514839339214,0.008051275205297522,-0.004619447764104626,-0.007974459030578706,0.0024945856479848126,-0.019826423842094248,-0.0008141697769868027,0.002318184560267579,0.0032537501916862356,0.009187159772617816,0.019352530014788438,-0.01457986353718278,0.0021690616066445583,0.0008338297138630523,0.009543854769783935,-0.005193286983424482,-0.003673322299389353,-0.0024217795050362214,-0.004704875308602638,-0.00020007617382489546,-0.0054956148567072835,0.004450151186954575,-0.006089437353005176,0.0033979435733904506,0.0012350598061762511,0.0003943546966736682
M1|C00176,-0.10961084917932609,-0.10621620604335891,-0.04419779736249365,0.021544336972051364,-0.0039676485417985494,0.001059584015318097,0.012145880900396902,0.00812532382899837,-0.015073687379145476,0.0005295030689580028,-0.0003516724795731532,-0.011529068083565424,-7.100417237754598e-05,-0.029533074239731654,-0.01855037002792445,0.00105456821320934,0.018006235867353244,0.004071697765487263,0.005121194984177183,0.004060598265491133,0.002535690172048887,0.0006002040408657341,-0.006083196518421287,-0.003927425291557428,0.00046586376762245893,-0.009547853913695961,-0.0015884536285261886,0.00825624816367658,-0.006504561394285767,0.007712996404821955
M1|C00177,-0.10722013187601653,-0.08381379929823934,-0.04641851051360735,0.047340427625770794,0.021324688121745504,0.006150797688460932,0.0039866454655028,0.0001757377875920457,-0.011195081938934672,6.902620037551166e-05,0.0024343196488011243,0.000938607834135814,0.004184538798624028,-0.01805579800566616,-0.010621672942866523,-0.0017202422700686878,-0.011741169377804084,-0.006347950589167241,0.0025808903127064915,0.009306591688079811,-0.006310240668023358,-0.015385256182007517,-0.012767924060399843,0.004500243604142098,0.0050015270038860655,0.006393030344630626,-0.003968752037784969,0.004216725954814286,0.006477905831465977,-0.010646530009993306
M1|C00178,-0.013184120329727041,0.016990043858144874,0.0012254972574861829,-0.019659696847282575,0.0206337576547822,-0.02334431172580954,-0.01230311558211213,0.0013302494474359968,-0.039470524258297536,-0.024312432754374554,0.009655790309147505,-0.003419709105555969,-0.002553459507098449,-0.001978886477356105,0.0013045567912123087,0.000563766800452005,-0.005711928849619043,0.012371470084883826,-0.003994194699322306,0.0014047291042620686,0.0006700080232824604,0.004244262492624003,0.008515822358425316,-0.0005881042717800361,2.7290531380641838e-05,0.00474507900296463,0.003424171484483239,0.004212074610392568,0.0026800237192065248,-0.002128813964802846
M1|C00179,-0.07654052026824729,-0.12734358279044072,-0.03758539952600905,0.028640925959699106,-0.0014593999036558395,0.0176824392710037,0.003648418111852089,-0.003924079835054239,-0.01551153860872783,-0.006587361008686375,0.02266727514186463,-0.012046130354204248,0.008896511272460373,0.02475097480046862,0.0027784269775266296,0.00948845952242478,-0.011836355295338231,0.007996631103297616,-0.0003560223799136526,0.0004928229063853837,-0.005601886441193081,0.005198564628089711,-0.002884269475401613,-0.0028158767747978636,0.003384324929465732,-0.011177128051067995,-0.00021615824865075167,-0.004972068540526635,0.001022446651892174,-0.0023991733717638546
M1|C00180,-0.015894163066566935,-0.10121422872715474,-0.031833390303653016,0.010485462338004388,-0.003850385803984629,0.016474859203718197,0.01447962751801219,-0.016094538498846147,0.008791210487479731,0.007418078870683468,0.0031118058578044967,-0.011056720060948145,0.010566756681406277,0.007089016287575721,0.00753320823772352,0.006285245501485187,-0.00929931673178736,0.004661709833464334,-0.002695205633573365,0.0014593526964541586,-0.005684348812540524,-0.004401549161490169,0.005710470648584605,0.0018788920672493125,-0.004452171359209364,0.0061717114755714805,-0.006097469432984291,0.009798368730313164,0.0056241877786140145,0.003427916696358485
M1|C00181,-0.029805899170680255,-0.026291685375807314,-0.013195198116979098,0.03386961084892933,0.003050992464191063,0.032539361980011325,0.005278245632873586,0.019450225090050222,-0.009063988695969534,0.00416364508177171,0.010640738968022399,-0.0027567275501065693,-0.0060499576687766034,-0.02003516033023624,-0.0051289750224294385,0.0048373473871044185,-0.006070742162417567,-0.011107340312103484,-0.00801774129583849,0.008817263976066478,0.006865323263377864,-0.0036500977905075988,0.009447363628900925,0.0046800461083429746,-0.0033351837315395557,0.012661788963145522,0.00037360163485629307,0.0006074414299843934,0.00036240093453624285,-0.0008906347747416912
M1|C00182,-0.09680755883051426,0.03791976317812403,-0.020454719963336847,0.011153818163547501,0.00929097518380262,-0.031191301628909044,-0.011201255212706257,0.004897878291368939,0.012412363720401156,0.004961175162043659,-0.00543462009906413,0.014575562005696636,0.01025060165725063,0.002909617492970622,-0.0033762059392395526,-0.0007410467436589738,0.0024669082258101257,0.014418569017745526,0.0017589419677196533,0.0003114281573961629,-0.005439731441156512,0.0027990864776129437,-0.0042623781589632885,-0.0017482149967527427,7.013098492758771e-05,0.003012050226439883,0.002556101233346832,0.005591375733275671,-0.004586049240473397,-0.007831389846058358
M1|C00183,-0.12602330268012066,-0.11026934597828235,-0.03500485585769465,0.05082909480869054,0.011547158790357037,0.022975110275997798,0.009850784497505708,-0.008916161316598361,-0.0065802983005962615,0.014457370793158094,0.0008593599589261006,0.007863730118495544,0.008701778178981733,-0.023257464714857682,-0.018730220238762394,0.006450912616462098,-0.004048316408943925,-0.0009066930341287039,0.005660826223322349,0.017030638966873676,-0.00855311291676688,-0.02955610452517963,-0.009745911132599943,0.012375087513392285,0.005266604992035335,0.01282063779071354,-0.011426235609277647,0.0015820513162638225,0.017515925993673718,0.0019831285563389647
M1|C00184,-0.10653671641488126,0.06980788491096394,0.016475694392259793,0.007709962305435628,0.023866777151128702,-0.030192456628314386,0.002507048386892041,-0.00024129820654776287,0.014490293331083001,0.0007908227583969639,0.004471678384017825,0.016147908827123948,-0.002094199818683347,0.0006905507620441301,0.008945056961348615,0.0016515173100095462,0.0033396715488724685,0.021645043139666757,-0.0010797206054055349,0.005108860594397398,-0.0009582476371972834,0.005117870047370021,-0.0028501622812659878,0.0013152268869900986,0.002798165476323738,-0.0020317183724184425,0.0007212937107419611,-0.005102067779909573,0.0001231470422442777,-0.0039441456542538295
M1|C00185,0.05939158307473149,0.014097429692131886,-0.021006229086771473,-0.03201912149831531,0.012706925410293184,0.0248183137052168,0.019762490278841284,0.0008985469451461496,-0.01633549471477393,0.006856281767884966,-0.000564020363637728,0.016584889603935674,0.009436656800145285,-0.0021134912902920563,0.005230541313878957,-0.00930446106261316,-0.004350108102542094,0.003737739094087951,0.002303967312975629,-0.009963492882982615,-0.0008369814112906186,-0.007209857352484196,-0.007078956015640076,-0.0075695856753864605,0.004361453202295093,0.0006313032969125101,0.0018800993181690238,0.0019004037358158875,-0.0005181721667816746,0.0053086437927151375
M1|C00186,0.03952919527420573,0.008745506397437059,-0.024017215201085917,0.009844917231909018,-0.02331751233073379,0.0017666529870897984,-0.02584232645700567,-0.0007895673179004855,0.014989883892706704,-0.008682296171519305,0.0016803608620242268,-0.006131351952324624,-0.006538347807804864,0.010999579833937933,-0.010153302957972067,-0.002216151683430016,9.460214182505531e-05,-0.0024298315134777225,0.003848058492317467,-0.0017898925534672724,-0.0035507120730423,-0.004250681356886383,-0.007334100296922696,6.41658228436694e-05,0.0032361831551512665,-0.0026576716876070693,0.0002942318457334526,-0.00015364553119646618,0.00304644404584724,0.005872607880297109
M1|C00187,-0.0933527097650519,-0.1248371687739532,-0.016681121312424784,0.011071204589205512,-0.005443878738050541,-0.001338095286183233,0.013273297061192572,0.005850751703024856,-0.029951745009968913,-0.004950700357443424,-0.004567366730316005,-0.00878209909646845,-0.00954188812384661,-0.030079641785727744,-0.017138669550266782,0.0012966808949345498,0.016920322980909744,0.011982937821908814,0.006180711060745741,0.005534102399749612,0.007653412998752937,-0.01655783254056788,0.006666220025930295,0.004713463222677225,0.0015952210107995012,0.008829372119224617,0.00523701918127606,-0.005602166855556148,-0.003611921840021261,0.006488586402916688
M1|C00188,-0.053352302266252656,-0.04750787553260846,-0.015661370153049373,-0.011186190212286298,-0.019372267886249822,0.01398670804339293,0.009513837324042894,-0.006986382092368523,0.00041332914363259517,0.0005905811091725178,0.002076218886805688,-0.002557265159706247,0.004621550158384572,0.016059738667989654,-0.012600915764242706,-0.00468165644909147,-0.004820277415128188,-0.002952310686524712,-0.012203753946693896,-0.0035948151612649718,-0.0002579832863071991,-0.003975876103018302,0.005193320300385382,0.003993678150207345,-0.0006038810870101105,0.009392142210406665,-0.0008211520275352185,0.002832118446640867,-0.002963704337797058,-0.0011493597939576635
M1|C00189,-0.017490141850339452,0.07218861431925527,0.0012145811254348658,-0.034462726296206954,0.015133534544239007,0.02485277017935404,0.013823635948353542,-0.022531159812133238,-0.010522911483535832,-0.0024877568353699605,0.02479784721021251,0.014298956893524057,-0.0015750907770740192,-0.0068330656208928425,5.070423095036555e-05,-0.011486944853950779,-0.0015447122160564125,0.003922641174919886,-0.002831811292727008,0.007888668781268315,0.00022842855935463553,0.0015555109194623868,0.0043640620883863245,0.006197253108919567,-0.0026867659103155346,-0.005022675563501548,-0.002709098851721992,-0.008861353931510206,0.0005178962063612472,-0.004708176302597364
M1|C00190,-0.03375371269190949,-0.14214702460810943,0.08824921690951501,-0.04604815405125807,0.03803248858356052,0.015591740741992276,-0.03679511254889432,-0.014178896042066453,-0.01864885914178342,0.047436259965010066,-0.013703898022824713,-0.0010593715491073901,-0.029503896256669524,0.006864106483327316,0.010669434316244614,-0.004000362261745589,0.02746568998718809,-0.004679629809057151,0.006013646121785339,0.006492069110171672,-0.0001068356902786492,0.008247173521416748,0.0005926261920312125,-0.004374317555552442,-0.0032590732564760005,-0.004179936317870096,0.005529879228988145,0.0066607596248068265,0.020128973886862717,0.0007578889879331381
M1|C00191,-0.08943819223833188,-0.05435046954365024,-0.05310308847243677,0.022890117774427968,0.007980926341136296,-0.007563959729180784,-0.006468693337312322,0.006651235544959236,-0.0058801839565328015,-0.005706457656902849,0.002662294307372645,-0.005302097942156152,0.007178950155012613,-0.001974363689451882,-0.000782965577347768,0.006568146177729705,-0.004589775342576788,0.000137604734441759,0.009089045377269638,0.009053504579498089,-0.002941015215074781,0.0053344549027868355,-0.00796365127134227,-0.004218792035515794,-0.0036261415228474774,-0.014515082425069369,0.003822101137687679,-0.0035132719291681783,0.002472182924068539,-0.004326921517080783
M1|C00192,-0.01883950508829838,-0.02936325736739178,-0.032805462311935846,-0.028372089813410942,-0.023735592905416457,-0.014847449342768618,-0.01256147376262652,-0.005182038348849737,-0.004037670457505506,-0.002882458651165633,-0.009048407651894142,-0.007403454152335153,0.0032634861535917837,0.008663560808925429,-0.01135379391819596,0.008779831550578291,0.007313109989060882,-0.005739156726058775,0.0033702141214287094,-0.0009676942335878761,-0.0010711821102941158,0.003034422123977505,0.002071789171591262,-0.005445934987756315,-0.0065765137067469144,-0.002609271175895911,-0.00043017789010574157,0.0009993501775787611,-0.0016495314685024058,0.0041978542127022525
M1|C00193,-0.10833580107572843,-0.14425210897238516,-0.011202458688584882,0.025661138076038186,-0.02706656112571618,0.02600367089389321,0.021410540349173807,-0.013656654693922918,-0.005217289919364875,0.004234438039466178,0.020980533249284308,-0.008702169394994417,0.00046706422090016665,0.04255413598317292,0.0022158733303031296,0.007591980154838517,-0.008275186017037276,0.0065215630973679195,-0.007828554448944355,-0.0026408709749362446,-0.007932784993112363,-0.00031085865059940845,0.004124492330979371,0.0008920931111309182,-0.0009134450403679852,0.01055309725701045,0.00587257207349629,-0.0025686772252558852,-0.0022974670651176275,0.009720417768592542
M1|C00194,-0.11132898464733837,-0.03858261530572357,-0.03994830008352244,0.026798896718352172,0.017012649570439523,0.009879633587923658,0.010107963314356618,-0.005286686832256304,0.009141449825211242,0.0008035928659038662,-0.003482162753015242,-0.0019312910981603769,-0.013333875876087519,-0.011431808042679294,-0.0016027299491302442,-0.0014924235614418783,-0.007048754174065948,-0.010432073939123572,-0.0014942077961735268,-0.0055288633527267915,0.0016822392242798305,0.01113459341260765,-0.005806559742801351,-0.0007540939272732061,-0.001970153685409107,-0.007024291475646747,-0.001674417589381614,-0.00021429203316598546,0.0003084880470300907,0.0008212499476267279
M1|C00195,-0.08749075574627495,-0.08296221210161356,-0.03301053252147034,0.027992066807392052,0.0049413034502106745,0.03156426491932699,0.005249164046040628,-0.011223746614626866,-0.010030124526993204,-0.02178577109565779,0.02328804538224714,-0.004835462740248118,-0.006163656247809829,0.02045951433956545,0.0074728132623467025,0.018578713931560277,-0.01058003366883808,0.007914049855157212,0.003836165172604224,0.0017583976768081684,-0.006093005441651104,0.0067855902860951955,-0.01085024212601257,6.281478723987377e-05,0.002671644227464813,-0.01898337805252915,0.009747115494839281,-0.016207398337065543,0.013539922294199072,-0.0005064406424814727
M1|C00196,-0.06699035699317196,-0.0860653895408912,-0.014562144029205958,-0.004880707072404069,-0.009797683066418128,-0.01729286789762219,-0.0020730308126090486,0.0031204763646829146,-0.01994665512387281,0.007072616832488807,0.007177777891188329,-0.007239714274394184,-0.00015340581762448741,-0.014914785139143948,-0.0015799155094699323,-0.0113346421622784,0.0009078981426517273,-0.007372150139454996,-0.009981207102426257,-0.0005963073804546079,-0.008793685142656233,0.008206038727406427,-0.011834168715713253,-0.009942240013505962,0.005463262434089474,-0.0075633325638215145,-0.0038210674399312915,0.007013303769405566,-0.003040275708643003,-0.001718404108692807
M1|C00197,-0.04308393640756716,-0.07533873788735078,-0.03265402804975082,0.00419281727090651,0.01758472228142189,-0.026763975061799963,-0.017910764111647565,0.01958941752892459,-0.05222300999125963,-0.026223401568294856,-0.005337854025281627,-0.0031321434620941663,0.00938376880271348,-0.007152961502993677,-0.009247875045895002,-0.01838420216246625,0.0018683296219329957,0.008958424379247503,-0.005931482802667079,0.008494822977596659,0.004704576783872893,0.006936438481086441,-0.0021833459925871116,-0.00044125890849577816,0.0033085182564871604,0.009487157776488614,0.00040167353471556156,0.013110506354686021,-0.002152955184034506,-0.0009461937735752808
M1|C00198,-0.12475987746743074,-0.12015902482731643,-0.019274082551653016,0.030061742934804354,-0.008566730033320896,0.022997742334006022,0.0249598841620779,-0.00716758507621381,-0.007467905393983418,-0.005846492979526551,0.006337214113085908,-0.004828380901373558,-0.003467122307541052,0.009380871675007282,-0.0026438704012348812,0.0016451005891847219,0.0007635312010925278,-0.002534257183189907,-0.01109553633576563,-0.00033215221835685365,-0.0009749928213167401,0.011186859787371571,-0.003998798074775488,-0.006004853599149892,-0.0007919459245024244,-0.0008408240295289287,-0.0019004438351118552,0.004077440500307553,-0.007812176891560728,0.004870329031490542
M1|C00199,-0.012644548908339237,-0.015223990238669787,0.045235270331035395,-0.028662207456143115,-0.01559208189527171,-0.02729862387277378,-0.0018528965168734105,-0.009405246430511603,-0.00987663186514416,0.015829345654428496,0.026981009934388116,-0.0015306496365347787,-0.004073611761977445,-0.004163625614918863,0.021210233678004627,-0.0008060046495024129,-0.003353795298804593,0.00045426554728898423,-0.003112647173924955,-0.000500987640472187,0.0027103805974861978,-0.0008808258428888227,-0.00017681339307013628,-0.008827412510398036,0.001776745686639376,7.183190274842848e-05,-0.00481441964473617,-0.004670102791481553,-0.006307282613109236,0.001995249467812818
M1|C00200,-0.0761667173731748,0.04463506773214123,0.024419633308753505,0.002395235092883,0.032093928178204854,0.008861724339758513,0.018905935773596224,-0.010597779712308675,0.0014652330083497448,-0.007367270870620612,-0.008632227833313761,0.011692452505955133,-0.014598250600165284,0.0011605527237362708,0.01675930970930383,-0.00974176725926835,-0.008942875952578616,0.003569545983506183,-0.012317644103887748,0.005678573459828359,0.005544200653930427,-0.001390575201359615,0.004668976000652322,-0.007945951751789564,0.005024108512170891,-0.01044188694594955,0.0038385212514957614,0.0016216662944434858,0.0005662988642413531,0.001532632270693778
M1|C00201,-0.12560629373613458,-0.14683319622865634,-0.0024893491965856033,0.031598543370474415,-0.023880117944977648,0.02825870208372467,0.02391895398306085,-0.015243172037325723,-0.004937294530017267,-0.0009917125278396416,0.016414359307705597,-0.001220344455668039,-0.0009707917373509665,0.04716230260637148,0.006214133174143759,0.007204534970143149,-0.008753949225872942,0.0075113243357620985,-0.006183072546529375,-0.00034506347139798033,-0.010622910903335753,0.0033530615877064626,0.0019427067710826584,0.0014184743235767842,-0.0005039060663029083,0.004734280524437015,0.0029127070732461523,-0.0049657368932935495,-0.0036838401684350917,0.006106105463960735
M1|C00202,0.1296193937348469,-0.060630634464865885,0.002407564715643675,0.02364667925534742,-0.005786739384107202,-0.014294177185563889,0.008240006704233123,-0.022816062113434836,0.03994236906080786,-0.013173454016891966,0.01674537232097667,-0.0031464073186441358,0.0005253187810913179,-0.001311085634188116,0.008276211410339178,-0.006709872821369094,0.001384815017665681,0.010701138520971504,0.01727708096513723,0.0032238084796785684,-0.0003518877782806442,-0.0009877899200572834,0.005036545218535777,-0.008299945685012437,-0.004757535114560928,0.006282689895607932,0.014836708792658583,0.007945126418108097,-0.002183341306437346,-0.007385585741110936
M1|C00203,-0.04502289224844767,0.05116387943936386,-0.014181065865706938,-0.021581231477239414,0.00495527284133402,0.0014704864314320659,-0.0036204244257461867,-0.01485210319867901,0.003484219764249248,-0.006377077044004542,0.009978312787277331,0.009460240405950834,-0.006508197849823167,0.005879735678956412,-0.0068995396603532735,0.0007445411435110593,0.0008238326106559179,0.0039100587309809105,0.0007889972057561105,-0.0069301156271293855,0.00270234952247582,0.005032836721887819,0.006338347606055625,0.00046227592897705506,0.003246576151054554,-0.002208715661454689,0.0039285684850446905,0.0010157558200396023,-0.0003948390760073097,-0.006055812340092469
M1|C00204,-0.028457559478185294,0.04266149998970878,0.04041351128496884,-0.020002178364657206,-0.027592615509280882,-0.008841251838847026,-0.00805477964682615,-0.020806737558754344,-0.0006323201760788598,-0.018582446725696113,-0.0013167538482531027,0.0032597208692155114,-0.010287608197423387,-0.011217192672256734,-0.00813736620457048,0.03247928568873158,0.016326914939989497,-0.014466756396997626,-0.0063280694438173045,-0.012889382535286353,-0.006532953038471038,0.011929919825620845,0.000679057450500675,-0.01005850251596679,0.016909850204047856,0.00039090400806783066,-0.005213710778352333,-0.005549124515179742,-0.0038507450858527967,-0.0003435481516787844
M1|C00205,-0.13223169459004167,0.026845210284671368,-0.011570902847611173,0.036399649194079516,0.024276413475185405,-0.02545746233608109,0.0015890351126633627,0.0023174377228446725,0.024437179210268178,0.018243156610674906,-0.012283772943478799,0.02416305459731338,0.006154728040885298,-0.0022756356182328944,-0.004858769562219756,0.004163232963971091,-0.006197496355417325,0.0023419892619327763,0.002798227714242732,0.008512277593779132,-0.001066284376234513,-0.006999709367729392,-0.014743347174474467,-0.0022954424719913973,0.004682594433516344,-0.0018154702543708493,0.00020012095509949613,-0.006107540599839999,0.010535530077293869,-0.00307678568716574
M1|C00206,0.11740875225627244,-0.040569314739118664,-0.007958807495266564,0.004009159967948786,0.005339999440985561,-0.014244845523609852,0.012219588817664396,-0.023521133932348136,0.011725590806504352,-0.012478836606936529,-0.003643689100991859,0.005994007197447423,0.00709861270865332,-0.0005241515303710476,0.004042115811401031,0.0041244598555828325,0.001387830324731366,0.0015071672758248447,0.00788140157083292,-0.0024572134476532346,0.0019654705801748712,-0.0036597461800179807,0.004930030832946571,-0.002589670168975912,-0.011730773756634203,0.002765270159021395,-0.00027475081435385414,0.00430769141264202,-0.0001732677797520644,0.0009360777372562004
M1|C00207,-0.12058130129272664,-0.03533271309255852,0.12703607967828406,-0.01646735721881811,0.03025123116672696,0.018059848215033036,0.02952178988885105,0.008315641997686873,0.010603170478203423,-0.03065391426462751,-0.046649289794324526,-0.014124182773892189,0.0036334489981079063,0.06296959534334846,0.0613131426430595,-0.026202692623845683,-0.02228843789068013,-0.03004307315679978,-0.03134014180263552,0.03089465184741572,-0.02545702006795789,-0.06421327402283178,0.028165499929914066,0.020072878912210285,-0.0013423610354775734,-0.032025881691284216,0.04303214480161983,0.0395653836346499,-0.02919645029980682,0.016851627299593937
M1|C00208,0.009383669058949726,-0.02680479016641074,0.06015253852538112,-0.038666322473495225,-0.018988185182478055,-0.01805986492194285,0.00856679564157446,-0.013935428236630229,-0.018220554858152358,0.027703044871562287,0.015613973613024875,0.010542477212547894,-0.010180234296786298,-0.01956304615531944,0.02773119081928491,-0.006015922579370888,-0.005616025761337617,-0.016346452060379508,-0.002435391611658991,0.003117998388366557,-0.006703617177670922,-0.0003266944098855947,-0.012610341455208243,-0.006535430633957099,-0.00022198853959855467,0.002840042030427927,0.004636442938993314,0.0011900512261939704,0.0029911755328240843,-0.005329058546839774
M1|C00209,-0.10431391598125235,-0.042983708117151645,-0.029052625045937388,0.02077980789572409,0.014850871147222772,-0.029046965351170136,-0.009301486003004181,0.012146221766228274,-0.024001103583008086,-0.016021203143186866,-0.009309371161904714,0.011038139016013235,0.004788057023203153,0.0014967091297243937,-0.010552642287449725,-0.005358856962754572,-0.0006679036090748128,0.012565646530602702,0.003583002728208344,-0.014242441989913134,-0.0011443031263773484,0.003933229613105976,-0.003712079427960717,-0.01378366773939151,0.005821179815957948,0.005489513429626829,0.00334021380438853,0.005015974259788675,-0.008175511826434594,-0.018786378131926375
M1|C00210,0.05429525332027364,0.05962722905685776,0.04179810769246918,0.03904323808322769,-0.010580800801058549,0.0345340893353652,-0.001272286649737922,0.03211901559370084,-0.009093893216726007,0.01713425017914028,0.012848030781796048,0.003084259046651757,-0.0023128375238293,-0.0022207388146561974,-0.009256050614783119,0.00509544205122906,-0.011781482716065887,-0.003999509383530217,-0.003838364142647157,0.010031062343874547,0.01375141243285846,-0.004338032487633709,0.0066179309135885435,-0.009304135129609658,-0.014962795574183821,-0.00043309460414705077,0.009509536485464917,-0.0030241500719594876,-0.00214206443167405,-0.005110753488840209
M1|C00211,-0.12357938381988905,0.03320116496550961,-0.014154693221520753,0.022583737319874685,0.020930500620165778,-0.019815717568913226,0.000256103254401261,-0.0010071201928510214,0.02695010899314428,0.012158459056184755,-0.012447787944630818,0.01847410599829172,-0.008094211111560553,-0.0020386234995326937,0.0012341508987532836,0.00402556592428558,-0.002503651618932776,3.4760566177120926e-05,-0.0021163156252580664,-0.0028149559424344448,0.0019051423141259096,-0.0020914363929835497,-0.006494921383628619,-0.0008413817032092784,0.0005605238172527957,-0.0022652642870750832,-0.0016138566540879105,-0.010216992736471614,-0.002177074848077892,0.0007681697129905931
M1|C00212,-0.03043742059545741,0.03385647736582091,0.01543163234141048,0.023514496307219405,0.02076023893696874,0.0152527230540419,0.010529106878438837,0.03239693494810876,0.017491477588494193,0.00686009506993177,-0.004567401008050576,0.006462219281473118,-0.023767152978845654,-0.0018535687760301352,0.016237884690843644,0.006832567267212341,-0.009143940143879115,-0.0045542680186953085,-0.00938317822674448,0.006514751248099045,-0.00013787910423906612,0.009327085452406117,0.0020576331419286335,-0.0010565818078745114,0.0020120262708086096,-0.005513688527554621,-0.005087565127160277,-0.009081728526278657,-0.011163499533226812,-0.0033741389043625875
M1|C00213,-0.08909025800613819,0.02422750628956884,-0.02177643917905755,0.002765575921786822,0.013891526540656235,-0.029449503889966977,-0.008162613530594229,0.010235383180783073,0.013848709445695157,0.0031484912496548573,-0.00992062172386233,0.0023373933611904388,8.642054263565728e-05,0.004288940595624464,0.00449456891432467,0.0007311722930965954,-0.0013423937397794837,0.00967173621962872,0.0009268112466273496,-0.00039460680374205743,-0.0019337005829630472,0.005258769758463578,-0.0016640246653629967,-0.0016148122563113434,-0.001080923840473443,0.002833595798195501,0.00548993110429438,0.0024720838803122523,-0.004918543901067092,0.001558109195462623
M1|C00214,-0.05103310469531375,0.02202802622848763,0.014787102663217045,0.038019515326292386,-0.00504772492308372,-0.0060286888594047105,-0.002215756369043898,0.004953558511379259,0.004823256437839226,0.01618507614189911,-0.015932643269758587,-0.018407190125712312,0.02137402185630027,-0.0033935784719814335,0.0012826398365314185,4.020805939407544e-05,0.0023732438092889285,0.0064058026038932275,-0.0015725287326504443,-0.0030042540316244297,-0.007702401657372984,0.0007680286949684518,-0.00984283871854662,0.00534558453702832,-0.003326676411225219,-0.006860027055648827,-0.0033132699002937317,-0.0015380093845224977,-0.0029269286238772685,-0.0025573076330382928
M1|C00215,-0.08700532596267413,0.013009388525924908,-0.051524746451913774,0.004451654242399954,0.000683574716806642,-0.01302498755376466,-0.010561805760095674,0.0038223000963486155,0.024713359187257297,0.01280021413591741,-0.00728688732100389,0.009397662933665438,0.009283236911122346,0.0021431282826862804,-0.010516804009755985,0.0003240031534959657,-0.0004424983387063213,-0.010286987010662493,0.007588219489063603,-0.0013776763573312954,0.0010038885080380755,-0.003276671201809269,-0.0020623200960235176,0.00312041438005413,-0.003707680700024369,-0.0018327245748695736,-0.0017323539977908173,-0.0009300713954461162,-0.0009182871797670534,0.00210696734801054
M1|C00216,-0.014978642766132111,0.0966781992386796,0.06056753718586332,0.030907243087524964,0.01029602180595559,0.004746724501608286,-0.0007809208468154876,0.01588660435854333,-0.010342360211139162,0.016394355885634065,0.0050158420040213696,-0.014133073156762153,0.006438754407453872,-0.0033634138289601145,0.018115642139021382,0.008794378401971758,0.0005535804044088183,0.01226920216182147,-0.011132715909541511,0.01429881465951439,0.0018092842613660143,0.002774127117782857,0.007431218268577788,-0.0037745500223220507,-0.026499930338105066,0.006754069193881486,0.0074782272396696926,0.00025314199680285236,0.0015922990053248084,0.0027053905350495145
M1|C00217,-0.14494367342062864,-0.1347659588802564,0.01171592790704296,0.024620886112366992,-0.025856053923046848,0.006395683809174366,0.025728362100137122,-0.0011671528952631946,-0.011958897613847127,0.016883604595307862,-0.015194458544330523,0.009763931299820117,-0.009509775215365564,0.004945272023756766,-0.01191684897159005,0.0020981331104884906,0.00534535210565263,0.009622678229766573,0.0035001364939113554,0.007362711756516793,0.0012460163154604951,-0.013658696697223978,-0.006274879031199341,0.002404992239244608,-0.005458802752169988,0.00826424052084535,-0.012200169235212659,0.006897403402897078,-0.00523412282775165,0.003985796999613625
M1|C00218,-0.060276924865087185,0.02920419103480402,0.04267812306971172,0.04060984806371549,-0.001189915409992901,0.02017240445770778,0.008152768252464524,-0.0025491238584308797,0.0028647181601262187,-0.00450396535721871,-0.012704404159096518,0.007455960104578447,-0.008726888359526024,-0.005832374912769404,0.00646212625881628,-0.010316944750398151,-0.004576750386684912,0.005152231543545542,-0.016634943863472595,-0.012799728753263937,0.014392678108156975,0.012013875010356957,0.006088760761288518,-0.015660980169209603,0.002696512601715089,-0.008489285611621681,-0.005487056408068346,0.0037492921847607896,0.0055671724706464155,0.003834866929541651
M1|C00219,-0.00963244911360726,0.06658806221069719,0.00019981173918921655,0.005458456188299562,-0.004270704896663521,-0.0005930768577969796,-0.013213057818402032,-0.01659985339188255,-0.0003153161862193621,0.009536631829803533,-0.01074668024500495,-0.0056414047911459795,-0.0003098574462145221,0.0007975378299455538,0.015737451099177988,0.008846819248719436,-0.004405705322239448,-0.004052548590172411,-0.00719801361841173,0.004270190205964362,-0.005185352736126283,-0.0022530072644365387,0.007083323884537316,0.011293925985981538,0.0052974567387447736,0.007642227310870677,0.006330669612795671,0.0007406451572200253,0.00020900101002396137,-0.002379701791651523
M1|C00220,0.023421425492526928,-0.05629027286227132,-0.019039357089291914,-0.033247546326421525,-0.0026967256078203896,-0.0228951755684501,-0.011981116516836865,-0.0016119263557822013,-0.020783897855880355,0.00030762419208056336,0.009705921821995101,-0.02441292103106246,-0.00833505019071209,-0.00447274318785466,-0.0020423977354452035,0.010478146982493936,-0.004398573193726912,-0.00030471090576174336,-0.008081597664174343,-0.0026440232757574665,0.005072403431127112,-0.008766943540827991,-0.008603201214770645,-0.009637402563084044,-0.002804219067838056,-0.0175918602128356,-0.005174985792473137,-0.007255643283710872,-0.007635109537002586,-0.0027022478442293336
M1|C00221,-0.09855750074177781,-0.11394956058361706,-0.0486975957404925,0.04640212899534588,0.013772822134086149,0.034860376110885744,0.016350708048225734,-0.009087944589255437,-0.01109649318200603,-0.0058859330110135576,0.013952335081648337,-0.010234443360207556,-0.0060176716861518155,-0.00829335013324145,-0.0016691196869344329,0.0061788984450573785,-0.013648581476359346,0.003706116310517469,0.0004117400248333404,0.000757378974673415,-0.00882638159324344,-0.00434694643960905,-0.002527607254019383,0.009495401934028723,0.0055111918615369715,0.0003556117958202803,0.004361445259906163,-0.007954508929225841,0.007539379240044732,0.005202472301123537
M1|C00222,-0.03167171381536449,0.010115673135068273,-0.010373284529703085,0.04789157655602725,-0.01754940124908451,0.007794892568828341,-0.015347756141596792,0.00903634480271612,0.007961678540427937,0.01515870759951949,-0.00558235079553705,0.001018858105340748,0.010645553639804822,0.0002792628835979732,-0.0025808496478347317,-0.011723887198828708,-0.0019150706137291825,0.0021885439548650428,0.0005519897587796084,0.0021582952895246015,0.0036713787666177384,-0.0003334316215966822,-0.0025888678988978805,-0.0015639842266775275,-0.0010803424459286876,-7.331180949571542e-05,-0.006476234415001701,0.006483318978388749,-0.0016785631077005448,-0.003019471248132997
M1|C00223,0.10876663361020421,-0.030723853602688617,-0.0076237512620008835,0.005469009797885892,-0.0031518590222415297,-0.008042923679107668,0.005323368899282098,-0.03168313742779077,0.009033118683107995,-0.01383705041144937,-0.003771659791626733,0.001199309048099518,0.0035414166915213843,-0.0011571311155216233,0.004631975343129846,0.010383985372310093,0.00036690477985664046,-0.0008370560250161958,0.007200696599094537,-0.00466469555301069,0.004071570594434559,-0.0025265276556178697,0.007053925334973675,-0.00663869355501656,-0.008981879267804834,0.0037254010975740458,0.001587116839606611,0.004764774021606753,0.003847966355813396,-0.00324706303176861
M1|C00224,0.05313144862962785,-0.008428554094996323,0.04827512696342111,0.023606817491276574,0.003775392943444594,-0.027787954771008063,-0.026705660732749797,0.0025259761990070215,-0.03698561526477832,-0.027598090219909294,-0.0019753225715628017,0.009521810418750314,0.012728531855190073,-0.0005255602007648953,-0.002092074794464954,-0.01677506646930304,-0.005022081841865263,-0.0038226627153234937,-0.015432865456926077,-0.015146240634333468,0.0020112991212260897,0.0043560489988518775,0.007887808425149896,0.006223284370003578,-0.00034654113032451877,0.005142454904385985,0.007518765409858752,0.00036764290557774853,0.0003757179394333745,0.005467755397394371
M1|C00225,-0.10616798359112675,-0.13937583727404815,-0.03404943347039608,0.039629726380255643,-0.00864045773916934,0.02638882773071607,0.01497850868082505,-0.010549872930355185,-0.011605042437080888,0.0036048701790602797,0.021448812375331833,-0.006251906623182587,0.005123140015009304,0.029069568436443656,0.007062340749796957,0.008604603168280545,-0.01088260956074899,0.006505576712509389,-0.0021547816766151135,-0.0008596903463321641,-0.010283389080306096,0.003148563831434599,-0.0037482643695335174,0.002251874772072679,0.005766366616056779,0.0034207591265917442,0.00656097880779148,-0.00023687704057118275,0.000385779758707954,0.0017699964714846736
M1|C00226,-0.13163829376705705,-0.05930927028336,-0.01763240352250973,0.03711829036750356,0.011250528070162661,0.022304202610872126,0.01425399225967654,-0.014468363774782356,0.013061830015716196,0.0016140731773479737,-0.0010528016781952434,0.012340817335164218,-0.008512800137065945,0.0028050805094141113,0.0028541336957375292,0.002212002305518804,-0.00639549530913158,-0.009052745555424391,-0.008678231243073618,-0.006170377791229873,0.0047011947534303265,0.008621406439953521,-0.004899823824295788,-0.0038344565183397457,0.0018396427532482147,-0.001996754124766523,-0.0037149742827851428,-0.005226516511420613,0.004336073771026601,0.00042021643989821877
M1|C00227,0.00253238247251201,0.028835358702523402,-0.031757476232976985,-0.03689835057620618,0.013416464539509985,0.031246013755061926,0.01696085453142896,-0.006736822043475003,0.0010079733360322328,0.003702767392313759,0.009897142150791417,0.013246730339313107,0.010046121927870197,0.004925715032300212,0.004890492586854848,-0.020011860483248493,0.00013581793633923365,0.004433620434000778,0.0003796360621391023,0.0017451224016754514,0.0024555455029251303,-0.0009793411191459868,-0.0004709315334376489,0.00378356347622783,0.003040893828167119,-0.0010585564257437241,-0.003936153634499302,-0.0031884916266338255,-0.006615153908684892,0.001168500914666736
M1|C00228,0.11375575560663141,-0.03227190477974853,-0.015184126701257314,0.00797390845608044,-0.003183556339522369,0.002542818811954399,0.011846377699742592,-0.019742732285045247,0.024971290084204477,-0.009201176499289337,-0.0009063824287339512,-0.004123442713470669,0.004086834755969024,-9.930259758055641e-05,0.009353905606596918,-0.0019252347028833536,-0.0004125989642765023,0.010141723625666862,0.01051204304278626,0.002312723391614808,0.002463296450068829,-0.00391192881495699,0.004086117820495772,-0.005519647423521682,-0.003929119882019938,0.00482110445545021,0.0007842611152239471,0.00480525423193441,-0.0003752188475812949,-0.00632040962408933
M1|C00229,0.02038759730985498,-0.040877415130568154,-0.008425810866208059,0.03134095325486573,-0.005113688679134293,0.027242244560191503,0.0016329028878393095,0.00351950603141612,-0.009090654672674524,-0.014491570346037297,0.008599727979430578,-0.008867340002315495,-0.010899722043255292,-0.027289733584965666,0.00042942178323760984,-0.01477689383818632,0.005681285492904143,0.0031750338491358097,0.0029587188537177783,-0.011638187382610951,0.0018754349131363068,-0.0008162518766733597,0.010141822134065366,0.0021566769014201145,-0.001716151063532449,-0.0033327220801207366,0.007541327750541183,-0.005797202390576223,-0.006414180657747205,0.008854083066448018
M1|C00230,0.0035591764653861977,-0.11853535469651191,0.0340441657606794,0.012132633376354672,-0.034917771607067355,-0.027537677502899687,-0.012087716710384732,-0.020095663826345447,-0.01053692267062517,0.010211331999801478,0.004031546906074127,-0.006117672477308849,-0.011881623481197248,-0.017218125240116743,0.038250451416906694,0.006824072641827283,0.0065275795693427955,-0.0027625568805654164,0.022064036739239377,0.0025292915405137812,0.008970860949003075,-0.007130487307340604,-0.00345659547701906,-0.006020712851515745,-0.0051415660379312104,-0.0003221244445390466,0.008026476615664208,-0.008857258721350647,-0.0031781915007521792,-0.0004487121891441208
M1|C00231,0.1115308788239627,-0.028102636065589912,-0.017812272883574815,-0.004265883086993322,-0.0014755499305279857,-0.007028982341750357,0.012285059379661092,-0.03252494007373989,0.012452773683908073,-0.011099583943817338,-0.012107950306482337,-0.005343548973538461,0.004497573807426128,0.0007792380957388023,0.01063324016142297,0.01946329275683211,0.0007105653527723001,-0.003929645308103325,0.006320277316405156,0.0050723341615121365,0.003035808404497917,0.0020084604352599966,0.004940375860248388,-0.005590894317519922,-0.011451807238191794,0.004399673116760769,-0.002568807905026571,0.0067815629805744225,0.004236967204793411,-0.008281933123954777
M1|C00232,-0.02896322030928164,-0.029144567279323387,0.05867130459468567,-0.01811890354328937,0.07147337634777844,0.03945535613507296,-0.034963750043142824,-0.024871657203035816,-0.010707201008032904,0.01571638752947922,0.013466748658380238,-0.0025747669625187436,-0.005529675480051249,0.005255690186701754,0.00048610298852172485,0.00822632507018055,0.013258357190114286,0.004458727891026521,-0.002230911049121664,0.008925861997372114,-0.0030977142352779504,0.007689763581915601,0.0008443907690784815,-0.0005769033984267998,0.002373879208448318,-0.007462425268017096,-0.003966339482977936,0.0038589583480361403,0.0076817605317050655,0.0028093009743274406
M1|C00233,-0.07463930747533862,-0.005343212689580091,-0.03732726066233914,-0.005482894050649366,0.0012809976710441895,0.009026975033573513,-0.0041942586828727394,-0.0045334176330584265,0.0030737350271423966,-0.015568927360435537,0.016562012562849036,0.00311919671305637,0.00654001420528238,0.01642328745337189,-0.00679123556061463,0.007553309183657556,0.0024131197153078993,0.003782227423177626,0.0015372767172826638,0.0038040565828703424,-0.0009120047055524276,0.010536107362426838,-0.009012733141790292,8.167391119761762e-05,-0.0010767212602517664,-0.017820321455060836,0.0020665693175535276,-0.008495280316975386,0.0006735193572212435,-0.0036277546180147314
M1|C00234,0.11512461992782598,-0.04697246299926421,-0.020156217622647552,-0.011188104762882392,0.019565933275215625,-0.006486581155234178,0.031136106711377502,-0.0003505445561931751,0.014504437634693902,0.00391181285248772,-0.01514269609637021,0.007878410046651031,0.012374159631018476,0.0013146971850133678,0.009159341138242688,0.007076832904764205,0.0011947613605957591,0.012091122411289379,0.006933278200160135,-0.007076406274006829,-0.00017153442812921618,0.0025595156817666627,0.004982943757346569,-0.002606227299192295,-0.001847224627479239,0.0023142225952404866,-0.003930688921553668,0.005026521299267001,0.0021443238192382884,0.0015793353424554066
M1|C00235,-0.11894923698713375,-0.14573230771533843,-0.011855378434731324,0.03196736371365742,-0.01944264656300867,0.02644884420334286,0.015507664933290328,-0.015883080952975283,-0.007316352904872417,0.010856127587157836,0.008755933077288683,0.0030217876968097177,2.3310058127067936e-05,0.02285519985446173,-0.004517949012167445,0.017867246832217423,-0.00119590315222826,0.006845790338482899,-0.0007910844062286917,0.006666528300413514,-0.0007486794497764858,-0.019099438373787418,-0.005062986331392746,0.009146775501295851,0.010498802379062132,0.01399895093777726,0.004771205495326972,0.002028349006481979,0.012702149577840322,0.006358181287648028
M1|C00236,0.11936870784041573,-0.034889441422525896,-0.0037433387577884957,0.009453438798935742,0.004026498517707652,0.00207155286750865,0.01654726718613474,0.023368210309355035,0.025518357190211602,0.0033597873436581275,-0.002211398963141578,-0.0003688959629469611,-0.0033076107639860037,-0.0034092200698436076,-0.005965917985337595,0.008303798839959823,-0.00018328732588258014,0.00750083014870625,0.0018652426646029931,0.002991437329364247,0.0002683633495352018,0.004413119690351953,0.008837031799953836,0.0007235065658882961,0.008065579122707665,-0.0011171216136095553,-0.004253531367466932,0.003220203687974415,-0.0013790151734952795,-0.00434714889895075
M1|C00237,-0.15274928311775443,-0.10417731352423083,0.02636735340739694,0.025186874846949307,-0.01832255021857336,0.011894015861057795,0.028479308564647008,-0.006575308230842981,0.0005107825897745973,0.001387807337790027,-0.012322944952262294,0.015402619121698435,-0.012080717738667477,0.0110034221493053,0.0013510589727082766,-0.005371192703436964,0.004342707630636535,-0.004149588411338636,-0.012658583160841601,0.008135293796588571,0.0009634265134703021,0.0011371013477472797,-0.012649596304107282,-0.0016945777397234494,-0.002227009259499387,0.0037774206868524756,-0.009229843848371784,0.0064891393572890504,-0.008626285138131346,-0.001383248710568855
M1|C00238,0.0320870458557803,-0.008402293213701123,0.04694726063759925,0.05400472796818411,-0.0060936645727048,0.0002965827342888735,-0.008906912076795247,-0.00806600412229696,-0.0075503444433156885,-0.012038761941029357,-0.006217325156425356,-0.014521132817879059,0.01506447119640303,-0.008002088489535328,0.00927017619474152,0.008891199621530585,0.0008712142768967888,0.007533875036232782,0.012286542854209982,-0.006771876118525203,0.009821137016260263,-0.0065440448606183905,-0.004112577119525131,-0.0035551346483226544,-0.014303460989731093,0.00131104230872482,0.006015463016148048,-0.013909681964088701,0.0024891322812338116,-0.0034114248614454503
M1|C00239,-0.07330789509721523,-0.028838845411068646,-0.0589317932051132,0.00799927270780106,0.004930733925984387,-0.008171838449655047,-0.004786900319128121,0.0074941968447176195,0.012121446905652587,0.005855285930982458,-0.005002323330087247,-0.004915747980357705,0.009977476573514317,0.002668986964565905,-0.007891558746291395,-0.0017376209580333949,-0.010677602337684994,-0.011228356798239008,0.004876367103736844,0.0027013306474035783,-0.0035929903719703884,0.003688439442249394,-0.00841978383061318,-0.00034480631201231704,-0.00046208648280339926,-0.007864483944691301,-0.0012242465250864828,-0.004101549300296429,0.003196197158788983,0.0023184988513797874
M1|C00240,-0.0019601229719505564,-0.07328995717962364,-0.02901105276485034,0.03222706662169185,0.0009650114381868696,0.0040180226291105835,0.013450769656224403,-0.011758059089511655,0.008366226499623384,-0.0060319528142428434,-0.00344009454971733,-0.007784656087459464,-0.0009419359915439914,-0.019856001069597885,-0.00391482802243426,-0.000550206238535338,0.0027903219887822914,0.0026373767100615077,0.008838717349841426,0.002494573493914189,-0.00045112676028928725,-0.0050641913703473864,-0.001396386134215241,-0.003979431122411428,-0.0063880897329563775,0.0015903796415498341,0.0013286202177017214,0.009376013938614002,-0.005513170810844081,0.003823253229338622
M1|C00241,-0.0195983388879612,0.07146416271574411,0.03268092418875149,-0.010518609346402884,0.006898828620787641,-0.003386684058717028,0.007862636240899647,-0.017721681057686848,-0.004256240048360174,-0.01538203257744838,0.002833723956311693,-0.011652736609831502,-0.02018721555255394,-0.0014980501530830995,0.0017325871004680617,0.015971155916187748,0.0007614924124240984,0.0014257593900276028,0.0015433446915503076,-0.00449644214986119,-0.00587533899583713,-0.0031164547026973346,0.004355970394769298,-0.00018847068750802947,-0.0005697905254113129,0.00042769536480957016,-0.008183913909152804,0.006854206857687495,-0.002367517426716295,-0.005940398456577276
M1|C00242,0.03465621212469005,-0.004601619223449959,-0.024305257814614747,0.0029063634526339467,-0.0171306301839529,0.002172403825095237,-0.03397578626773823,0.007587345626394289,0.000474088489236932,-0.015727692202602218,-0.003948730096054428,-0.013787802981473704,0.006472820572368954,0.004254964223729251,0.008902073785011797,-0.007638025928312237,0.001662257920821279,-0.001333685733500216,0.0017299405360109417,0.0008706661861127655,0.00019364875661508134,-0.0017455488257712968,0.004566745635200586,-0.0013172435950591175,-0.0005916549580258703,-0.0035667500002259183,-0.003990402464065664,0.0019123958112254658,-0.0006059403656259217,-0.0018302075068698685
M1|C00243,-0.12224520822560583,-0.16068253828028128,-0.009027859512926294,0.03372686878455508,-0.02353436488715983,0.022507525831280017,0.01761463267795312,-0.012187966585940293,-0.008231261883968702,0.009894221466078849,0.013909503516391952,-0.0002923084736037544,-0.00011515774879497903,0.03540049092862122,0.0017266616508256345,0.016672394159565878,-0.005305435242776238,0.012212904755748537,0.0004887383224047461,0.006032092161990199,-0.007927291362642142,-0.011460536733967366,0.001110533018196306,0.006652918060755406,0.00661139300074611,0.007121370506162053,0.004241270376383672,-0.004871247412276355,0.004587040545213572,0.010546563018199446
M1|C00244,0.01687472348151895,0.03160046810822209,-0.007033045688376274,0.0019025150789919291,-0.007576893537771867,-0.0034564838502834662,-0.03202641978731723,0.004293885508891986,-0.019782810272439198,-0.020394423681142252,-0.0010345521072744651,0.0072790801198428425,-0.011932443143424185,0.0058228623187642084,0.0004343604162678622,-0.004336673399161332,-0.001046069849211429,0.00318976420740387,-0.0061854711937037316,-0.005923109109905616,-0.0002862055425979301,0.007599964951881843,0.006456438682033292,0.0024132798997115587,0.0017078558464409272,0.005123913554944464,0.006704712538933485,0.006086293577469559,0.0013443051352302123,0.00014023999940658547
M1|C00245,-0.14624624775876258,-0.10323716449648516,-0.020638418768524295,0.04785296665636834,0.007811310823295793,0.02460779783738521,0.022574488013206873,-0.009425148225837732,-5.320447250231113e-05,-0.005402653799908398,3.915152705025816e-05,0.004841913015452384,-0.0052788481224524415,-0.004801852950156952,0.0017608688474092346,-0.003290630944824064,-0.001951459901149653,-0.009805022047364446,-0.010211020392470448,0.007763599073339019,-0.002434144756421255,0.013447550942319565,-0.012468525720818507,-0.00359394659003041,0.0002241003419015642,-0.0013938713962330773,-0.008147552808516716,0.009578819000603048,-0.00291327056430974,0.003890393656655307
M1|C00246,-0.002967885619384516,0.020272757543389842,0.0024055709327300344,-0.03033553076797123,0.02359632326137006,0.0053435769556756845,0.02559409353745623,0.01338806871847673,0.01242998802970887,-0.0008755066662769691,0.005950799539517256,0.0015453781742287103,0.0025552548241111264,0.004099423105650972,0.014549300340381979,-0.007949211843016902,0.002117760811488053,0.013296028464943129,0.007048373799010546,-0.004920904210558194,0.0020785416744393257,0.0005762089599854578,0.003747798413312011,0.0043679992356213644,0.0056831445230755735,0.00025524076010258174,-0.006337113702819325,0.0008410703866747429,0.005536143518354432,0.0021798878327754473
M1|C00247,0.11422935290753398,-0.03372081251796388,0.002326474269089192,0.013193995559120191,-0.0040726296150284755,-0.009539849168943617,-0.0008040700549124476,0.0017167349822682406,0.01198323218496339,-0.015709645104452736,-0.00819154400079484,-0.00045168178359404854,-0.0022487321764504556,0.006619010371474425,0.00668784680917113,0.004390751265843846,0.003783455056925184,-0.00267203206689711,0.004859323895937328,0.0014711401767876066,-0.00871376644622619,0.010507096893810965,0.003456054767950358,0.008839502591343907,-0.0032084101034716497,-0.0015006997739956602,-0.002894873428383583,0.003145676972217924,0.0053518862239896325,-0.0026298353214797014
M1|C00248,-0.06898341849630978,0.04069892034948023,0.054396243587517844,0.03945251816250706,0.030719301815630155,0.020997951431431766,0.021690010209106173,0.024433559285275564,-0.00015363013184898342,-6.776188329069622e-05,-0.006140373546436745,0.007431718754546788,-0.015472815360995908,0.0004543015918324944,0.018767490644898136,0.0012356595529704215,-0.013304302510479335,-0.002974286920906608,-0.010301708524659576,0.008009986186034662,0.012535630853853117,0.005455790193626628,0.0032740875749586768,-0.01774148135058609,-0.0121041583987985,-0.009070850236390109,0.009584161965789772,0.003955616950946754,0.004115997632035741,0.00157343609136054
M1|C00249,-0.13166410694329422,-0.12818524665350473,-0.020966216333773175,0.0416183575476235,-0.00758578163525393,0.03290759778369712,0.028260571264557385,-0.016477676852304144,0.0013972797962941976,0.011444173056924141,0.009421604023602526,-0.0004459232012465024,0.0024186896938863025,-0.0025773964039472624,-0.006478857353463639,-0.009600990122674409,-0.004687284752479808,-0.008705740695565413,-0.018258446540923748,0.00735610484791166,-0.009053955954986315,0.009852309290158035,-0.0016815974707012292,-0.0002492085359191706,-0.0005743698078309601,0.013211967672000719,-0.0176970333730018,0.010202204543062018,-0.009531145805558899,0.009325646970807377
M1|C00250,-0.09276142748818038,-0.08961267124295536,-0.0006200447575702394,-0.02095729831638536,-0.03080360604549658,-0.019828019745813,0.005214697945405983,0.006663323926762741,-0.008676248746695037,0.020792679616637003,-0.01006721962384493,-0.001172666451383197,-0.004226369149682955,0.01535431555154426,-0.01187418266168044,-0.004604389605219827,0.007495513876815455,-0.002516929097912503,0.010999071097264229,-0.005891322866408607,0.0025941294613646363,-0.0023265385090151473,-0.0007392897469627743,-0.006824209582650147,-0.01087515703226687,-0.004119574706436689,-0.014448796534545926,-0.001765115950533276,-0.010268746248650321,0.0012534703238896172
M1|C00251,-0.11122631210030573,-0.055808920108398205,-0.039113026436003805,0.03249517142819039,0.01754178156946918,0.002523727931463015,0.008836375415474773,0.0016727347240824966,-0.0044341065502021835,-0.003779295242685954,-0.009806656091686657,-0.002273084492340036,-0.00966277338286897,-0.03184064134936446,-0.010649220532969026,-0.0029745417559431378,0.00388435032778296,-0.0016644242274798803,-0.0012514070293408082,0.004859270249893654,0.004478133553555337,0.006749712497923868,-0.0008094438526837664,-0.0020971051529112524,0.0025891266027059275,-0.0024943714777453424,0.005758981706618801,0.003291849910047094,0.0008161212357802195,0.003421454302463827
M1|C00252,0.12480019628444175,-0.05237360665797906,-0.003473744326125401,-0.002599903591592854,0.01881923524851668,-0.004483674848225838,0.02901145047012207,0.028755397758742866,0.01666788776430297,0.0017598085583534343,-0.008879003811864546,0.004659946671093806,0.0021769313195476136,-0.00027042880586548553,-0.00014707882398983318,0.01798192742392272,0.005190584873533424,0.008712478327243228,0.0048011390634233155,-0.0010575987054938867,-0.006410792075000621,0.01177777003095503,0.014105011700619872,0.012811777724244912,-7.344512178684084e-05,-0.003778492821440319,-0.003752737767547662,0.00452728440018396,0.002579630898576391,-0.008956723545289483
M1|C00253,-0.11476350954701235,-0.026524233691839157,-0.01818738808953299,0.02076035464430724,0.019334282820782145,-0.008035592578356251,0.007782717332523954,0.005911268689683644,0.008400892910526182,0.0010318111029111539,-0.007879992834576136,0.006718331775103697,0.0024486048141439285,-0.0015813140524795664,0.002490597914259571,-0.007131012270659191,-0.004417529457121986,-0.0015599295260879996,-0.0016189131208484253,0.0016976601144417646,0.0014264133106021558,0.00830858424541055,-0.0050479585358794024,-0.012196785981767171,0.00308695599380279,-0.01627097562615688,-0.007423274531420099,0.0027307548804967026,-0.003617737266089185,0.0013954130457849634
M1|C00254,0.08015240971760228,-0.014702941801684362,-0.012403263437275639,0.017859551065011765,-0.020796662999901818,-0.0005437249585204437,-0.017285083306631872,-0.012084766896318197,0.013885561928145539,-0.010599839073775734,-0.00011048836869300228,-0.003229903826180243,0.006855942415761929,-0.002314977821298587,0.015117601141196573,0.004186482101348869,0.004733236116756691,-0.008194603052845636,0.013109215421715734,0.006551492657796561,0.01159708220079355,-0.00425485037055327,0.007564133093283305,-0.001819770260235714,0.0014315055507486349,-0.0007579803068689053,-0.009166485130353116,0.0013393024433158262,0.003314912230243696,0.003796596027007151
M1|C00255,0.03669328531001024,0.07259073351867715,0.06322594814494364,0.051020473591713376,-0.025762879443428536,0.02565340928500031,-0.01384952156989016,0.00956667756296946,-0.008795493181116306,0.009394795904305189,-0.003530453012482723,-0.0018522451601812927,0.008781329454993866,0.0003059071520839473,-0.00671256134805729,-0.005269176557533201,-0.006443659620776721,0.01171102939195225,-0.00826849330559195,-0.0065541878595726626,0.013154294325737967,0.0025105781318199936,0.006211744301934253,-0.006790840737031696,-0.012016557018282465,-0.005457463643704583,0.006993109478032896,0.0012222409911000097,0.002913310292983182,-0.00859968595099474
M1|C00256,-0.13533920795644447,-0.10266498676939773,-0.03669213810580541,0.05554659170716948,0.011435074795305117,0.03008572760942979,0.018901122416344743,-0.010931792858409624,0.002905841153480579,0.007499946042976915,0.0004290099417708055,0.0029608506110580194,-0.0049866891695856345,-0.014259932035558687,0.0011341728327077915,0.0020030098540193687,-0.01333466699283015,-0.008623042563784452,-0.004285584036071583,0.004594909766722999,-0.009880245894835589,0.002993303260747926,-0.011062557481825675,0.0034456077403837446,0.0022335147898574375,0.0017690667625078016,-0.009720346768978391,0.004356439509384213,0.00636329305555741,0.008214089646821743
M1|C00257,-0.03525711669448651,-0.1272699926775964,0.001107810177048682,0.010798942862274312,-0.02456009003788661,-0.006647487464194812,0.001125714330832005,-0.013616059766570932,-0.008422897239524814,0.010604363326804544,0.027043223556653888,-0.017716738658526656,-0.004502418610507912,0.0008661381083437942,0.01930608339483868,0.004131124676826837,-0.006422083124287882,0.0013621839098458416,-0.004951085418639649,-0.006288889558540675,-0.005737101340827776,0.0037085615521828927,-0.0011142030898717561,-0.013504198171241303,0.0014238634597687466,0.0006886696039332945,0.0060818371095571816,-0.00043718454091603854,-0.011799663487370122,-0.0013332284742412282
M1|C00258,0.0933774045766189,-0.018957033712952525,-0.01823069308099232,-0.007840184165932405,0.008674814338164864,0.017150041224766384,0.01894717633259769,0.01695229248517004,0.0023048676908974863,0.0010958928196193722,-0.005740270685592014,0.007746807460236141,0.004699445831589718,-0.0020600806710502333,0.015200736741653781,0.009553200657805398,0.0022162168754642072,0.002173722900065284,0.011552925360503024,-0.005006521674117952,-0.0052375393299592165,-0.0029656792212074744,0.0032452946606513233,0.004382805836516623,-0.009360129353183992,0.0021319411334566503,-0.0031526192144894494,0.006352501968642977,-0.002050042297586855,-0.008569557843088889
M1|C00259,0.046059386926393206,-0.0027272458746140965,-0.05068840944971996,-0.03646626796186006,0.0011305142481106204,0.0165043546450206,0.01109018595035385,-0.014762490176472246,0.011967512864991576,0.004149437548754231,-0.0039014241179714283,-0.014847602400604851,0.011946954735228065,0.0020741442786858,-0.0042873869390842095,-0.002023557832241593,-0.004996925233105997,-0.000859747436865355,-0.0033212922453670865,0.0018374860698934855,0.003937809455179106,-0.0006876310671346274,0.005880660160396759,-0.0007108787870794223,-0.0025943158347199752,-0.004457726929134822,-0.00261018498530003,0.004889544353042949,0.0018334121748162836,-0.005108350657592328
M1|C00260,-0.02286025242834382,0.014639606867279635,-0.019328521422918642,0.02430916954134859,-0.002982643308861867,0.011384254993148168,-0.006870406249923458,0.03611259377516028,-0.0005230791877004496,0.009040030893508988,0.005038871621924494,0.005736590838628137,0.004606633722538825,-0.002128745608774642,-0.002808400929872328,0.010788150150554919,-0.006437046275855182,-0.011726028263324634,0.004019742940682302,0.01433300059573055,0.0037348293809597254,-0.0025197621456646635,0.000221226275714036,-0.004195061372565044,-0.008469425873777855,0.0002167002512043269,0.0017306961579221793,-0.0049961528585205275,-0.0029803711316652793,-0.0029893033801474227
M1|C00261,-0.08298922066540584,-0.033030272328019104,-0.0381271644911426,0.016287366560889915,0.0010411610676552435,0.017376179568314293,-0.002528573268108335,-0.00839862161377849,0.002684254680184489,-0.010590807617509908,0.009616003255100819,0.004985591763892927,0.010590828201513663,0.005461739223651907,-0.0005205696693334471,0.0032442624628091594,-0.0032934364765121443,-0.0006052211008047465,-0.0029871393001902834,6.787452545684388e-05,-0.005262523331273996,0.011516672503736291,-0.009442003729905491,-0.005794136052372153,0.00026671111280610196,-0.005668473382023219,0.000845042454020691,-0.003015659833546707,-0.0027550767793490263,-0.008455454479594258
M1|C00262,-0.0339521784654071,-0.026908536199272946,-0.024292460310773718,0.010757891579110227,0.01348679282488883,0.02179221279327345,0.015343215050780928,0.019852847974272073,0.007141803537436078,0.0024964199627317825,0.0024489305397791504,0.014694898928277597,-0.0034231720625817227,-0.0014488282960902585,0.010581441990064847,-0.006126158544168542,-0.006211181620060969,-0.012826163801117686,0.009787814672991259,-0.016881358633728756,-0.008882854158953539,0.005853518781663192,-0.004286440360576869,0.007138513187752151,-0.007160140300139931,0.0016998692880683456,-0.002021317365727002,0.00033005753884931426,0.0021159572911964,0.0006370259208223855
M1|C00263,-0.05886523216503743,-0.012935855248001095,-0.014488786244264508,0.02989842766666734,0.0015901754023528135,0.012809134912080298,0.0029086996234666384,-0.023170978659464814,-0.004767759339996088,-0.008573893371241667,-0.00355968632837617,0.0004588170826872989,-0.0010867661553993864,-0.009239452890819998,0.011822703224415415,0.011157448398228758,-0.004704013140952969,-0.013982026578577918,-0.005162565499656426,0.0011009140805052352,-0.001966392352936663,0.010182629674894113,-0.0033196506645181514,0.0007853366328642305,0.002624090459269437,-0.006717046192256541,-0.0025636976219075417,0.012110267173879752,-0.00347870881004827,-0.011409389739908547
M1|C00264,-0.0950789507978933,-0.020575071377246065,-0.05581578019909083,0.009807172055811752,-0.0025216610037647595,-0.011713086961482396,-0.008313807155137581,0.0048516991363430914,0.01953271874457303,0.012557628780461924,-0.003917589789535874,0.0055634741748630005,0.013923569543220578,0.0015997701321487435,-0.014650314515888016,-0.0029234802031609004,0.0008813709773786597,-0.009981856506656162,0.008117126310577786,-0.0022366204666273213,-0.003535059220966209,-0.0009966086579390977,-0.00541385891511906,-0.0007449608554556927,-0.005198996665825481,-0.0038495365209453474,-0.00583395642989378,0.004901715925620195,-0.006069200904076565,-0.0010307600073906375
M1|C00265,-0.1385430795097516,-0.029338365695358148,-0.006070878133892704,0.040444565065551503,0.027846916976008797,0.011518142045367727,0.02336305679840421,-0.008730583910298864,0.0155545402603945,4.7748716089556864e-05,-0.008432997280782126,0.010353552143158666,-0.0165574876800488,-0.012067647450140684,0.01204338165821451,-0.011614414168949266,-0.011761283132014997,-0.009876690186212709,-0.014878876812464586,-0.008022043304279889,-0.0015287059183905858,0.016991017508726777,-0.0016188269045022848,-0.005763965645032911,-0.0016189261332530242,-0.005737048925679415,-0.008655043706136139,0.0014239488337533896,-0.0022847004529898394,0.0036706371488396702
M1|C00266,-0.14364662153632685,-0.07684180488731816,-0.01123196057262478,0.03615265203659102,0.007367970041950502,0.013565843696037654,0.019039683667192858,-0.008881512587973385,0.0007270313212319936,-0.006210496466978213,-0.009392914831884695,0.013931246359957999,-0.00073243958386597,-0.023369542881104075,-0.0051754445808743325,-0.0007011498363851719,0.013597566761793604,-0.006837200574350021,-0.009947609716517251,0.006172034234174161,0.005213176223903453,0.007752348196080815,-0.014073072993840552,-0.009534267620582796,0.002572581331423931,-0.008388275703535656,-0.01305412140058178,0.003593823151935246,-0.002509579908647255,0.0017015333290879163
M1|C00267,-0.05478156468772675,0.05104926610835147,-0.022177915579150366,-0.013132826571700338,0.005409759776598748,0.0004564387676020851,-0.004559560128161168,-0.008796850700459723,0.0043503875803611695,0.004651261217947346,0.013676580995728398,0.013279398040215551,0.008218333490407823,0.003048684386813615,-0.001573500216045757,-0.004598253935816562,-0.0013965347668965379,0.0034955981996306696,0.0026087486433785095,0.0038050860856869606,-0.002644307360585835,-0.0015811206708055904,0.000429996857439621,0.0036489796752594643,-0.005280056058865173,-0.007529907030004387,-0.012834438807317808,0.004620831721029674,-0.004635183382400855,-0.00470263375793403
M1|C00268,0.09653183436130362,-0.026578213918237115,0.007760934052925031,0.001620448289911919,-0.0010450086480803993,0.00546680890529879,0.005944704935564112,0.016364969530008423,0.0066850325660731255,-0.009533941434575524,0.007602824400629109,0.00233998498705842,-0.00926891343269071,0.002044206283323055,0.007413581929193693,-0.0018631826443005998,0.00046090851398168436,-0.006580031766213575,0.008308057064701356,-0.006341422215574179,-0.00863236534734143,0.004614822867722799,-0.0067247708148645054,-0.0007989300934894966,-0.01056277418351789,0.00873979127794367,0.004521266149130226,0.0024979826043038827,0.007671303804522115,-0.006208605095210181
M1|C00269,-0.07912629942296887,-0.022031864427609207,-0.024167336220441333,0.04676249866029181,0.005686001884024987,0.018606657072290447,-0.0008144667555009433,-0.016523752057357195,-0.004027953908733894,-0.00017041538261324568,-0.0011842263313859415,0.003127682332373004,-0.0015238408634716634,-0.0044583830135772945,0.013502947380579895,0.011864953952134594,-0.008964606745513578,-0.006930691033266443,-0.0006831423770121168,0.008704889741170847,0.0010950443020204363,0.005595690010632708,-0.01533418117400957,0.0018504191406472545,0.00010360129308090929,0.0021731308144948796,-0.0008660240726872994,-0.0008673231681409442,0.0037774282618295114,-0.0019298765175146358
M1|C00270,-0.041875454609505564,-0.07426296053169086,0.021351745264520394,-0.048306948602245756,-0.027062246318821575,-0.008057705122136967,0.0049171345228907854,0.0028077540534623127,-0.0132566645543415,0.027450022038239194,-0.027903866456004553,-0.011777131421186283,-0.036109883038857205,-0.00029023098902820644,-0.008548195675690415,-0.011169843803524052,0.006504680972778846,0.006010449384050745,0.006216639103645744,0.006027616000347629,0.0017473736540940983,0.0015195096936560456,-7.007262408161818e-06,0.0043170825931392485,-0.009100030697144972,-0.0016072045171606414,0.002272548637755929,-0.006524954209318133,0.004260114570521283,-0.0033134457122642983
M1|C00271,0.0012011143401448377,0.04217983837825051,-0.039851406407041344,-0.035527217984989534,0.003579750575247008,0.02195461399704293,-0.002176058407545372,-0.016060909521561754,0.0008600543608411384,0.00034950035065703546,0.005670549391223114,-0.0018272173706402855,-0.0004777504677526064,0.004385960634570821,-0.005801064947258133,-0.004850675125201542,-0.006165889661132925,-0.004129114438114644,-0.004102796381879968,-0.000643389021299347,0.0021235423627235565,-0.003601780859188091,0.0047705145144623295,0.005229959231567365,-0.0013085989832134915,-0.0016757404078397273,0.001659748481889946,-0.002702984072302721,0.00017217482463213445,-0.0017156149265349701
M1|C00272,0.06004442861948616,0.016826599349095448,-0.011201168995590384,-0.011610718270666748,-0.014588751738598542,0.0036249642431974436,-0.010213322621206805,-0.03151220466429684,-0.0006658617967623416,-0.016909055386367357,-0.006215008019431569,-0.0035789765940972846,0.002902733892694947,-0.003959516431060946,0.007152419042228434,0.028269597426766394,0.005526756729550854,-0.017573726125419863,0.003347015942161283,0.0040521106839105075,-0.0018682025571370813,0.008405733587621282,-0.0022807028179915186,-0.0025278486586246683,-0.0055950605199166295,-0.005790806298619476,-0.0019347820840154887,-0.003034381401577711,-0.005007784239638493,-0.0016581762059673254
M1|C00273,0.07566790421314099,-0.024402141868158027,-0.016235115465057928,-1.0471768818784223e-05,-0.006744464662266329,-0.0009395158562157827,-0.01984493485536508,0.012272752415104232,-0.010384609595202921,-0.024280336036756597,-0.0014546891489026965,-0.004636787868228251,0.00400006244194342,0.008976100647161665,0.01923244880610697,-0.016732159029372216,0.002759509366954598,0.004112695813717988,0.003130413567627861,-0.002715596521701751,0.0034008411627715583,0.005820147764342672,-0.0003113882174852425,0.0008073851753924642,0.0011995593456344423,-1.7763196231225265e-05,-0.006744260870256574,0.0026948559837,0.0034064219205650836,0.00677382796263999
M1|C00274,-0.09275978800018124,-0.01310626364853429,-0.009572028075927936,0.010175693723110838,0.026774897038928904,-0.03179344114118835,-0.006005201170409125,0.012902910286066193,-0.01912706681763683,-0.02148708317017867,-0.013251457614482067,0.010740785718499998,-0.002846331770546697,0.00020756056088407519,0.008922571859988106,-0.012362808448338371,-0.003688490506531935,0.010220793465031424,-0.006830922946377622,-0.004657779226181147,0.004434646114698225,0.019803791004269895,0.00031243398434721846,-0.01602674137115195,-4.401690087233073e-05,-0.00041451463821888485,0.004728865390392757,0.005245689574560452,-0.008981886552037896,-0.0066878513579460876
M1|C00275,0.06065313116987938,-0.116276894480663,0.005696656183107018,0.022783875843592167,0.0048628912257100195,-0.031981390702561965,-0.01879937132165075,0.0021894066394312515,-0.006390886349441817,-0.024023814782979734,0.027090964919656665,-0.017609357390140492,-0.00020904409402125842,-0.019223863075360625,0.018628124894113914,0.0028968916638599605,0.003196608855909221,0.0012329270563218209,0.011736941190223631,-0.009332331314296356,0.014593248986393302,-0.014243682501923559,-0.0019117251649681144,-0.007063824008882521,-0.0027691308238764825,-0.002776294249875233,0.0028782999007664215,-0.02109805993694707,-0.012100433576394756,0.003806027382023301
M1|C00276,-0.021111464915021222,-0.06289496799006619,-0.040140147742687426,0.011659095534313907,0.011476884572122429,0.018468770509512445,0.020208406438091728,-0.012986261700680965,0.0031792754032873567,-3.232511459037766e-05,-0.011886123583896133,-0.011979636549802112,-0.00816377042910869,-0.018213661910344923,0.002121844692905218,0.003447942036559717,-0.0033264956229912216,0.0014953735968174491,-0.0008044845803448523,-0.0022224164816378707,-0.0010634484005942032,-0.002577809158759486,-0.004740853572130279,0.0025727505467767206,-0.008232309458421305,0.0011905973216374526,-0.007399928566202406,0.003939193967405676,0.0022184734896605204,0.0008395694173427929
M1|C00277,-0.017155769075145787,0.009175827842894087,0.002185483785098587,0.033241357083003666,0.0010064160487646921,-0.008737301020832162,-0.010837186343915414,-0.0028524138503312774,0.03029148888158183,-0.0007814664563651785,0.0016362846528710378,0.009354887200563365,-0.0037776830611841758,0.001956311343556329,0.013002507917705883,-0.008869774380300071,-0.0005495183091825632,-0.00339964031653149,0.006930363687731289,0.0025297944773972074,0.005985077391540968,-0.0014834643381565098,-0.0011356087893747778,0.001277972852715445,0.0026455111389346074,-0.0026225752584394945,-0.00993216538760226,-0.0073141082097251614,0.005229182250381114,0.0033898840561559173
M1|C00278,-0.14225251824338533,-0.10613447657441027,0.011385301791921985,0.009956246130377102,-0.01991097479812496,0.005863070838889899,0.019311039297147895,-0.007018153709693777,-0.0030393577407898846,0.0011243251003236602,-0.010036045741798333,0.0093720684307755,-0.005695961154931148,0.0016398491324586745,-0.0037094601317478547,0.003955490386481184,0.02114554500851666,-0.003350902427181977,-0.006161845443066276,0.0065455263062304935,0.004274555519632664,0.0026861185621018207,-0.010094101192287338,-0.008836518563134048,-0.0009636669604300472,-0.007447074867914981,-0.011650398537891463,-0.00063843527163654,-0.01225254277012101,0.004161712747612195
M1|C00279,0.02289875442039063,-0.02080768120319886,-0.05191344014858712,-0.02830905993694249,0.003483770937143964,0.004075492119416533,0.008245449327338908,0.019814608902982613,0.0070723455463678345,0.008353979954982422,-0.008728443083295383,-0.0021581215113325256,0.017159492016656952,0.006783602871990088,0.0009699761082624673,-0.0043291971008667844,-0.0007669229944417276,0.0057723555386779216,0.008379639011825653,-0.007467000731407284,-0.003822544817377836,-0.003384379930397742,-0.0065300613521735865,-0.004223347812448913,0.006112676005781724,0.0036856599284667514,0.0006378119414245905,0.005886566260193432,-0.0013735613130372042,0.005528677690372584
M1|C00280,-0.13391832374714488,-0.04802455399635404,-0.030190815516760415,0.04480852008134838,0.011331901642293375,0.013972912802122884,0.01073864040575718,-0.007412981815475193,0.013229514994403849,-0.0014391440651040281,-0.0010499052978649984,0.010828165271637357,0.002195914393283562,-0.0024021366312471097,-0.0008539545747112541,0.0014705204431272514,-0.010730867158546802,-0.015081919574386054,-0.004550081120889569,0.007120795786485971,-0.0012876216379294734,0.00537332552149105,-0.020902979142936907,-0.003991423571972322,0.0018920033762135288,-0.0063170262597602896,-0.008248970435920095,0.0017833490319219606,0.003605594007313405,-0.0025464319860360797
M1|C00281,-0.0013104704133845933,-0.133254274407227,-0.005877153013847677,-0.010084856305436873,0.02139911566960969,-0.06496986061727085,-0.020541330002229102,0.019317592561431236,-0.06498599071501053,-0.01081343234554727,0.03172499926104407,-0.008927942551100377,0.019645043850137923,0.021598364145971997,-0.006064037918240842,0.0051795668620316145,-0.013320133828638468,0.015512718267048392,-0.0019380810458207547,-0.006994827225614423,0.02387780553550722,-0.02284217071673734,-0.011841030460224182,-0.017349380616195634,0.022129307764693226,-0.02166715127947011,-0.014457400585394896,-0.00559830056719363,-0.005579400024466989,-0.027655500549106392
M1|C00282,-0.09748678593713975,-0.10800745155518235,-0.048896318902301124,0.03319023167793835,0.001018556928090051,0.018995153838029355,0.008672107713481071,-0.0011778883429781593,-0.00732831510447066,-0.00813104084904637,0.016688111938829155,-0.015521722635001536,0.006416537599783788,0.008092869185612809,-0.0016341132672092772,-2.447214651493826e-05,-0.006817361937868583,-0.003133021053595101,-0.0005248768783006406,-0.0014215939340925109,-0.006873510931164303,0.01631106381369525,-0.010750687681676382,-0.0042198665663905725,-0.0007725870388989904,-0.01198372860304934,-0.0031009156055268154,0.003905628300771156,-0.008571434283775568,-0.00033408633298997743
M1|C00283,-0.12550020066108775,-0.09279418058411731,0.015964655994438453,0.003946782197413087,-0.017330546459497928,-0.006881105461231027,0.020985531729996672,-0.004070954829365297,-0.011110656328825236,0.017026140668814818,-0.01653008673461931,0.005160486457596995,-0.019467672048033836,0.012641483089537074,-0.007114692910913092,-0.008566184732028278,0.002544885092881036,8.757267950696379e-05,-3.9602214690787004e-05,-0.008986340792462025,0.00938462764715736,0.007907513404269413,0.0011690058469334189,-0.00737857959098834,-0.007343018109816301,0.004706946086128546,-0.015091851830650385,-0.006208503478529517,-0.014682647993510094,-0.0003824519261203368
M1|C00284,0.1324947908917218,-0.07092465775671705,0.0027701146388695573,0.0041930161786647956,0.02274339591986629,-0.035685308599729626,0.02641118717983002,-0.02102435445610444,0.02481844702193882,0.0004496453655097552,0.0027703444689985246,0.010686650073078167,0.00835976820404106,0.003660407405377446,-0.008034031124368544,0.0036643307458349827,-0.0059408038589141175,0.00899311261022928,0.0014060365837865658,-0.0017131402918626872,-0.00036082353850799457,0.004230009023550737,0.009343630118917515,-0.002140458347189284,-0.005749238904775529,0.002191228690654664,0.0065993875723203985,0.00633887501426279,0.00204123947951106,0.002305593573191568
M1|C00285,0.1344891702568444,-0.05401880387572545,0.013089900302490019,0.028552183508481474,-0.004084998391594416,-0.017819592215977526,0.00953574498442362,-0.012423092480800223,0.03481732179769603,-0.01063484326569481,0.01833072484063117,0.00720674703065488,-0.009617466656103099,0.007622344627941422,-0.01772267452794258,-0.019679355651324393,-0.006581823425176905,0.015862620601721448,0.011529342146679113,0.009796764963864396,-0.004854579121848532,0.0026793254727882077,-0.001467549454960065,-0.0022651655340693,0.004428675426281708,-0.0004565803288009338,0.01874995579755939,0.0019479526705045104,-0.0017809375471739889,-0.003261409691712582
M1|C00286,-0.04719046563179254,0.041227627977924626,-0.032690754662475965,-0.022447083740082984,0.003951330052769443,-0.0011787116152097877,-0.009835565046214639,-0.004938132854041007,0.006117299685886064,0.001130598609171798,0.0064449361649177184,0.00904537736563398,0.006974086424502213,0.005222788702944717,-0.004442773132859377,-0.007730668670515041,0.0011406824494675175,7.076229017104591e-05,0.00411364667984017,0.0019387736886295674,0.0005635480392555066,0.004597745997661578,0.0012675155473453306,0.005610748276510327,0.00029850900362760584,0.0029451266402238216,0.002992923245359877,0.0014433490526651197,-0.0022720612108074406,0.0020580192698924156
M1|C00287,-0.03354274003623392,0.05573436291182495,-0.019232686297960384,-0.022170439899023564,0.005645419164436936,0.007422386062242857,0.00032594756199723324,-0.013808118097052369,-0.0005702289166195169,-6.130379222922442e-05,0.006748982224738025,0.009394662674060972,-0.00638736844886551,0.0024913018833071328,-0.0065614120733803166,0.00012322515037537743,-0.004463381706271547,-0.0005767899265557554,0.0035604910693575807,-0.001345919649926651,0.002039834215589698,-0.002164816969060286,0.003220037553782266,0.0022888338770454706,0.002259411562261861,-0.001736828343471371,0.003565951779795365,-0.0017441585840219486,0.0021401927924371974,-0.00507707490197425
M1|C00288,-0.07229120759585189,0.051565820362588534,-0.02136848776361207,-0.006122905537976563,0.0046804158274420206,-0.013501974570051912,-0.012524097890154266,-0.006172533320790237,0.013390301794392835,-0.0010567024620038081,-0.0021172780517140564,0.007644896455060889,-0.013728822489762258,0.011436325452601221,-0.007213184809590895,0.008995038388002837,-0.0007409857943500036,0.009420786909061285,-0.0012459434690733164,-0.008865479195552538,-0.0018635436927884655,0.0013380681748132181,-0.0012229534069361284,0.00024022493099459046,0.0009338747001423143,-0.0027486781121809855,0.005991978361092876,0.0016951946967965713,-0.00313839089850777,-0.007084026219869635
M1|C00289,-0.005277853142132035,-0.024592885014181564,0.020898725316888484,-0.0012417792286332704,-0.013864264600827797,-0.026486823729822456,-0.012902554460292337,-0.0070226104972176,0.027644019818006346,0.01823443301735233,0.012508094066528048,-0.005298729005260072,-0.02020280137716875,-0.0049953993864695,0.01879581095864818,-0.003533414595465201,-0.001481065742938212,-0.0044865140635885785,-0.005527516084143885,-0.013216301448623811,-0.012559894957129399,-0.0035479484987538247,-0.012018140583317483,-0.00998786494276219,0.0025438029665343555,-0.0030925193054859783,0.009164026741657618,0.0008076092805466461,-0.005163591716958677,-0.007917709937593104
M1|C00290,-0.11051973042898547,-0.10707216962630878,-0.04216616593265977,0.04365877877579639,0.01862402912565307,0.004098566523548883,0.00593250805392471,0.0009985531983214453,-0.025623906941448074,0.0015746425999605795,0.002108352229567641,-0.0004520566486991479,0.0037831055549954733,-0.03253800794793889,-0.028181720296151954,-0.002300347917493139,0.0018305612423724306,0.0014384370289261825,0.0033572346712019917,0.012474618127146135,-0.0022104147925400565,-0.028904639440893134,-0.0036640825045562916,0.009865197890865946,0.007719954217834677,0.015048476748306791,-0.004716099253392216,0.0030374950248423494,0.00510418905274862,-0.009925842273192539
M1|C00291,-0.08784324069885789,-0.04452990901390059,-0.06289014565586815,0.013667978983584165,-0.001613259134116787,-0.0031574740436375046,-0.0020390523387231263,0.00575703178752604,0.012669743920894561,0.008842370305146134,0.004984841104134174,-0.007923530758322061,0.012834169246295343,0.001102294080108515,-0.01003841356656338,-0.00824813253287007,-0.0014708011294872622,-0.01195000540061292,0.004360892633952228,0.0012618553035647665,-0.008364589446204634,0.009741194392172014,-0.004513347926120458,0.0016787338415733095,-0.008198809227124938,-0.0041583745935410265,-0.004170220240648912,0.00623251443719147,-0.006314116877082531,-0.005484026443013848
M1|C00292,-0.028699920255018125,-0.0335387208920518,-0.012885887396201891,0.01558651019023571,0.014525195984053807,-0.007043641655837657,0.0006788730112313517,0.025606781705373328,-0.008262971108540556,-0.014357475553139301,-0.00470924928460892,0.011642246029387557,-0.013966429684462225,0.002623346869708159,0.005145477474288809,-0.0032391442990798817,0.0003306582695380882,-0.007544989000784343,-0.013124947156392633,-0.009089328814314332,0.0028239130981231545,0.01752756177805504,0.002388297608452689,0.0015226040863046007,0.0027578928272492522,0.0013039525372823095,-0.0033377538883279474,-0.00400555177755171,0.000388771030054148,0.0023620869134868354
M1|C00293,-0.10865791559568364,0.06163848815236309,0.0053323671717656436,0.011598480359544895,0.023231539523368486,-0.02933008825266586,-0.0015633369391811335,0.0005290777901185155,0.02184698621961924,0.009746102225504226,-0.0009797792437083713,0.02402483115750037,0.0007960900431386253,0.011593515018836532,0.0020764743337549863,0.010638514614277486,0.001680525242231699,0.010174615084618754,0.004443575600096031,0.001739768463696157,0.0063760489415611065,-0.003892084817747951,-0.0029050161587777733,-0.001726102923897832,0.0038506172409474133,0.004891600161673187,0.0014780904929931318,-0.004157151589765833,0.004807330115302026,-0.0006847806799291252
M1|C00294,0.03480249284488115,0.03509357615659684,0.009609801493237362,0.00230651143189692,-0.01569518217372979,0.017736826777866754,0.0011363853021119058,-0.040722131508866805,-0.0071164152701549644,-0.0025006123640937774,0.00914034193728718,0.014451218329210737,0.014319728526129075,-0.0032155297134875854,0.002545678778583099,-0.00159691395215722,-0.0014256433818689326,-0.011886869875189726,0.004422154734873431,0.005272764474154345,0.005876573959005992,0.007627575211510927,0.009236426329275385,0.00391826066520124,0.006301729582281485,-0.0045984706349555225,0.008579304525322243,-0.005201268028223798,-0.0015611174400732696,-0.00416396588221087
M1|C00295,-0.11069582751425186,-0.05065739383339891,-0.052001997870996686,0.033162038574732135,0.008963696156850436,0.003191581727071217,0.004375826189670642,0.002794136280393828,0.006959123118500717,0.00554244923229044,-0.0012339511528637764,-0.0009530116641457188,0.005804291757043554,-0.011079596236899162,-0.004245401012848993,-0.003217148909353251,-0.006307976538038865,-0.009007824995269427,0.00046193694626824836,0.005705932631749732,-0.005116804248795977,0.00732999428136357,-0.007557599760416337,-0.00033090646411915853,-0.004456343035758364,-0.004405073638652337,-0.006585001685784643,0.0024465035062784138,-0.0031098564282394416,0.0018443396551419498
M1|C00296,0.05536418339879793,0.033296000697422425,-0.005228222344319841,-0.008536102754151743,0.00429513635304007,0.0130195288417591,0.0060213271491872285,-0.02294891073898119,-0.021452734499493073,0.002873054810489034,0.002385699727962398,0.023533375420780697,0.004964999705737886,-0.0015397539674785095,0.009429864444496712,0.01064244428413704,-0.003767359026908961,-0.014985557087528719,0.006847165312870075,-0.0020366519542526908,-0.00193148554772924,0.0013622096924612824,0.004031163247078545,0.006734642816191156,-0.007897190631361758,-0.007648766725608785,0.0002431949814896368,0.001766171890062231,0.00022881771679298394,-0.002200773081354503
M1|C00297,-0.12224251547166715,-0.028653232784996954,-0.032598243495250215,0.032805500325464844,0.016524468793359802,-0.005495211494554814,-0.00043825117876337673,-0.0014157582031450039,0.0034940456563691156,-0.0037270886026374473,-0.006759158928159072,0.012930127280475039,-0.004125615717644218,-0.001985447488461305,-0.0034442556120647416,0.007087569111952231,-0.002163322559752446,0.002848384827893295,0.004602196462643465,0.0029772178480556057,5.582403133937629e-05,0.0011030749871666057,-0.01648431188490757,-0.002164208723755262,0.0033994215185444874,-0.005317660160630141,0.002685826646006868,-0.004263757134965863,0.004538361335368151,-0.009269143330594
M1|C00298,-0.1124896788305914,-0.02545575983680048,-0.04548393820581285,0.023353373824084558,0.007933589787460199,0.006938964870234488,0.007621876196696987,-0.004066770360657928,0.022423636521316622,0.006269434016518916,-0.00625796705266252,0.0012343904686110438,-0.006544231648452976,-0.005872923995283771,-0.006064702142661369,-0.009373010593913423,-0.005509960237960087,-0.02121050629426135,-0.00662198139858622,-0.012460791247940008,-0.0023763310582209343,0.014704841141712655,0.0018594358642112403,0.0016080918481123944,-0.006754067937893867,0.003591959101984357,-0.004428536682588378,-0.003850960110638864,-0.0053563454790878755,0.0020513929989431873
M1|C00299,-0.046094738898990587,-0.10783150184144272,-0.02998665864749828,0.05962705618698985,0.008695344474146802,0.020943485000958814,0.002066874344488952,0.007116170824610817,-0.011789640983398877,-0.014488869954918241,0.008124433669733581,-0.013271481229415764,-0.00732603057075692,-0.045028882782567635,0.01460670177474854,0.007179673243896704,0.0031777495581488515,0.0041211534706695795,0.014313940816912655,0.0027750895214411295,0.005359519744836957,-0.015135968905322622,0.0008857759860567054,0.004893672764741292,0.0022099056184275542,0.004945891021316521,0.00012122350858380592,-0.011303085749574001,-0.0021634318932998685,0.006222097061733793
M1|C00300,-0.007468554380975909,0.02451673963082629,-0.014487152554574827,0.031953074292237024,-0.020658693098589875,0.010830133085788297,-0.01915715361563193,-0.009967976867246781,0.017253030816761234,0.00255702234746448,-0.006536904376954316,-0.0010136340135479256,-0.002795011706237596,0.0033597625180062504,0.00020043555243318617,-0.005367031768162757,-0.0014070368821881751,-0.0020609855862640056,0.0032394972721911217,-0.00985486990977316,0.00116706253218109,-0.006665337754624242,-0.004823366298579086,0.006211151885833961,0.0003683375523781648,-0.011002062199274085,-0.00046644122401929563,-0.0035722940194536294,0.0006829480924487087,-0.002970469443738563
M1|C00301,0.04997447236630712,-0.015364154149571443,0.0859669277711352,0.03374440719223677,-0.0010656498640117292,-0.031925555530624844,0.008423952993856072,-0.00584193401838703,0.015521611014550572,0.028668985313233884,0.001861045304741403,-0.03233785836432678,0.01218845505599369,-0.005970844504242436,0.007348951702060997,-0.0007806505646131526,0.001897485503318443,-0.0003744108054437358,-0.02344883095494533,-0.007510049684010002,-0.020052039345309133,-0.004976951377801807,-0.010317486143118566,0.010344714931401974,0.008932671671799258,0.005438527616100191,0.006908000824958936,-0.005370969394923246,-0.00909249334442387,-0.0072178721100329395
M1|C00302,-0.06846013558811188,-0.052163648680799424,-0.06836367191730663,0.006350910466543522,-0.0033634136569496717,-0.00027335072268387184,-0.002227184013995727,0.005023626770406138,0.008468823505233,0.00902744809745953,0.0020184541513836034,-0.01188430835618844,0.010824820967193428,-0.0006085671163964657,-0.012902415729428768,-0.0011742442423842603,-0.00395775695618373,-0.006941064103114843,0.0066844290729794675,-0.001782492566001313,-0.006092520746352635,0.0016008428390873939,-0.002840663997252813,0.00025443560143694876,-0.004715837532884521,-0.004330337087154522,-0.0019348926827863133,0.004262684282524493,-0.0024353642674627956,0.0005313717332950251
M2|C00001,0.06958612950253137,0.08068001769284855,0.06166376334891594,-0.01587434147573488,0.013729448275457167,-0.0009612292061297974,-0.0028121144332121564,-0.0233032231682711,-0.026023004889667772,0.016132488721524587,-0.004551911237313498,0.01196185593917895,-0.007403376095600935,-0.00032469673608619116,-0.02383678309263324,0.0031156497111325568,-0.0023651813214684353,-0.0036885779705604217,0.00476314988695815,0.011566921382099497,-0.010064150796212812,0.0001390292555513754,-0.007534204284179751,-0.010027938435733992,0.009395559977287067,0.0019072446418493553,-0.008524304519393252,0.0036475534357646045,-0.007339316526659132,0.008779618818814986
M2|C00002,0.026527617536519086,0.0836743228825953,0.058643225819863816,-0.024747023528450273,0.00217625747401518,-0.017345957888842172,0.019869294906484092,0.010407990710163465,0.01584557049567894,0.017768001080848642,0.0023704327963247214,-0.02938238977450608,-0.008002445175176466,0.0033515072719069333,-0.008747638127079762,-0.008125404362143101,0.0033729765070853847,-0.004554156229195877,0.007942173124952689,0.012156431487285433,0.0026713142253618764,0.0013400690673155032,-0.011601196432679059,-0.013873138605350608,0.0017679338854548865,-0.0012313570630007357,-0.00835135534333607,0.009419851792823961,3.1328997034403405e-05,0.009760276846281299
M2|C00003,0.22761196508395204,-0.03843705325652111,0.03483109513867389,0.04294677197621049,0.013882922234708764,-0.022102456496045524,-0.012924156118875029,0.002839398671304708,0.0027613158300732847,-0.018281169067971895,-0.02298134517101439,-0.00042425601589481457,-0.03742121370335169,-0.000529310514293226,-0.04363678233868545,-0.008446318168114027,0.002904630311059997,0.008683245530048228,-0.014547755163985794,0.006987231064342514,0.0017304659732940632,-0.0007686940311899703,-0.010986528459911996,0.008813229664977974,-0.010462446948227096,-0.009629598533742345,0.0005477513074574016,-0.009284447724880903,-0.010516213754448531,0.006178932748096714
M2|C00004,-0.008825055496694701,0.11905928181120236,-0.024020035113124477,7.75748485308111e-05,-0.008359763864034605,-0.025595012682958624,-0.03816252111052599,0.026947606832259503,0.014630476523834559,0.01706700535517411,-0.028092218249918977,-0.012343167425984522,-0.007736707523971704,0.0064617486309685584,-0.0009723999273500257,0.006019401810869158,-0.00012224113072127347,0.002230251324796978,-0.007113844357908711,0.0005497730916959831,0.00438205597629866,-0.0073393554871845346,-0.006620908873764444,0.002177001720933692,0.0015983100249862907,0.015996133781723088,0.006755986680808784,0.0049148144851007885,0.0029083681122951486,0.017876244351786426
M2|C00005,0.15327743723540632,0.011179516190699693,0.04586084959145851,0.0007029124802092432,0.01454651527354462,-0.04273420640012389,0.02363803997553172,0.02420312586946881,0.01039812684283704,0.018933212362221574,-0.004103558758351195,0.007772059866668957,-0.011347383714672536,0.0002475198133174152,-0.015569900385769525,0.00752846449903136,0.0006168983793254191,-0.005302060739388626,-0.0139720269264975,0.005479029441290836,-0.008738398426780493,0.001951375155651813,-0.0026861361448512456,0.013133073387414675,0.015257710569126089,-0.002786661317137798,-0.011762643806337023,0.0037857618402402553,-0.003540919978056527,0.006420472967407056
M2|C00006,0.008052325027070874,0.11547250848244404,0.07094244045950611,0.04015745194046828,-0.016373735137742165,-0.02045507639779853,-0.04235662753172597,-0.0036609724562788877,-0.01749914865345005,0.018479515324522706,-0.011374656123506707,-0.005349303404629513,-0.0072633708688704035,0.0030503396291861598,0.00154749063457241,-0.003623851652422024,0.00875130625322269,0.007124356244733795,0.0010801844869042262,-0.01115230863764893,-0.01009983970757489,-0.004773273569982804,-0.010544963788426245,0.007102140545866249,0.010954792274213027,-0.0011021398659418623,-0.0070213334045275775,0.007287764915425702,-0.0006784077906654838,0.01755310092716659
M2|C00007,-0.033328451296516695,0.09975320564696344,-0.001270124228178396,0.00411382937564756,-0.011941109428184007,-0.03865832285004758,-0.035084480711596,-0.00401618540370342,0.02222500200856041,0.008748335934325075,-0.006028699441888394,0.008504986635591662,-0.018982013318768202,-0.001101200154325533,-0.00381254813079437,7.794794379666137e-05,-0.004349751698264784,-0.0037837166864323345,-0.00489174461442413,-0.012558072532963229,0.012684012296293564,-0.01175141169431369,-0.003372381999811045,0.0006598551479786736,0.002357383627275546,0.009456460020962584,-0.0014827728157363928,0.004383079323483061,0.0021405143550526965,0.013622941298394928
M2|C00008,-0.03930042579124698,0.1263992740811356,0.04544544109932751,-0.0023118182164203,0.006421695544656967,-0.06726117483516919,-0.0329345716137505,-0.006859004107124717,-0.025642304682769065,-0.004765402392716655,0.0036671286961700517,-0.006433271789752366,-0.010017425862131437,-0.012419018097253792,0.016858017629736405,0.016896347249982752,0.002984409716393609,0.004343839058423942,-0.0013655553984990181,0.008856309860763207,-0.009950874753731973,0.005599521069429254,0.00457656184829644,0.004374539996970272,0.013587294916098775,0.0154420453090781,-0.012181937373579942,0.011044892269411749,-0.003966093409122845,0.018656208131809637
M2|C00009,0.13602807252956456,0.04809709600259903,0.04778372146304451,0.015988372654215915,0.026212462600325784,0.02500364111098347,-0.03064357281746846,0.026918284904983675,-0.00951126557739964,-0.005124514328768139,-0.0025309582720305776,0.022303938824990578,-0.042633544968210056,0.003812037604563594,-0.017280665318101174,0.01308153334027821,0.013302741773826112,0.0025798396592270905,-0.0011920170900871034,0.010877239269232179,-0.013150556532288193,0.0035374254871268934,-0.01214252384239968,0.014246337381117226,0.011366813384376949,-0.00190827991833607,-0.01120267948900946,0.0022871750685991774,-0.019318303424026722,0.005652153524107345
M2|C00010,0.05621222099764803,0.07038151400712325,0.050011212165526175,-0.025286196914507633,0.0019270773784781077,-0.031870995443922134,0.021885673866523292,-0.018419085453684467,-0.0042326825773490746,0.03765535890531823,-0.0014089167922727885,-0.014501833214406207,0.003434335643611004,-0.007499871451413195,0.002506465934250308,-0.004538027222979185,-0.010157087071878805,-0.004705065424834341,-0.0037838052565832845,0.007318483961139752,0.0048131830170039655,-0.0013390709204577874,-0.012154945385279963,-0.004172804593478906,0.0054199170351351906,0.0011908642019917137,-0.0045415183657529406,0.0010211335165107708,-0.0024756923623656516,0.01055478881816326
M2|C00011,0.035089492699453405,0.08260845257159814,-0.00033420429387147577,-0.03382127670744624,0.020388822081850725,0.013250188875170665,-0.030807456888099473,-0.037820173780881615,-0.01117810018872877,-0.008863506270656622,-0.030992375922917578,-0.02137843420116405,-0.018901032147259467,0.010781303869140328,-0.00044231508116708996,0.010330645892982366,0.004930347606476883,-0.004786928576522312,-0.009235280083429215,0.008489980921944756,0.0007473521580846133,0.007493042327905872,-0.012585639650943628,-0.006709260977334323,0.004616858537798824,0.00624204312293771,-0.0022133248343333897,0.0070135669023074386,0.0018295152666218573,0.0036748447377156616
M2|C00012,0.1873026131412304,-0.03789796839834099,0.0009352380822748364,-0.012555227818403271,0.04226598044019029,-0.023683551928659966,0.0213326894559516,-0.0027281714338434314,-0.004154553949332885,-0.013151348231108261,-0.018795723538443432,0.01969055116808551,-0.024407632119832025,-0.005943343761858022,-0.018032224888282225,-0.0007689304373245492,0.008090552907417474,0.01117136981169345,-0.00057314810642805,-0.00626780746644221,-0.008025305778892447,-0.00368132494880865,-0.013109829929850639,0.007678577239373786,-0.007133080592991768,-0.01063240051613262,0.00429812211736967,-0.006797800793114672,-0.003509383670381998,0.00345540338729584
M2|C00013,0.06479749726718347,0.08076192558823311,0.05483771680891263,-0.01962741474030751,0.004049591499878515,0.01859747957886123,-0.0020392665042105215,-0.003344054267369529,-0.02633439638490525,0.015344939154808966,-0.002625467141865865,0.009052925923724994,0.006688009143975209,0.0014528545917766363,-0.008680128949998775,-0.0022425327095446455,0.008060171548762495,-0.002071707084884826,0.001725542683326164,0.0033357934186156353,-0.0018455217055506374,0.01019618352127578,-0.01140392198595159,-0.004985690424907868,0.0019482965740845169,-0.005112676404312496,0.0007598411044140445,0.0045002846503805986,-0.00028003033250205173,0.003945459147860969
M2|C00014,0.1993784339122007,-0.03766659727464462,0.03137389724554071,0.017812663567348487,0.008845459191329176,-0.026302224501757954,0.003076358354198821,0.020831533802040555,0.03306338736953234,-0.0064702954660782,-0.009663066430339408,0.01305817704895339,-0.013695999993157485,0.010638690305654107,-0.01599261260503539,-0.008757524875228198,0.008262447425568328,-0.0009971103724807661,0.0071070522508072135,0.016260054081139348,0.0038619778695011225,0.002500655546214457,-0.004157445548744609,0.00274480612186801,0.009457248940239036,-0.005626270571767409,-0.008408562538928964,0.0015703871482619684,0.007268355759789535,0.013733432886355338
M2|C00015,0.024622332695981432,0.09719345654401948,0.09920610468447319,-0.04246506480019497,0.008793375854285254,0.0012753603015437658,0.046272878135380946,-0.005984241267211208,-0.023366201861284186,0.029394445478207104,0.02908849261272426,-0.015709134571221677,-0.007226265450548485,-0.014936724480434945,-0.008798442242756754,-0.02005719572886534,0.0001164696519773884,-0.005792362762344643,0.009778670835811649,0.00574430716653559,-0.015445253546396611,0.010045544611592561,-0.025999935600520333,-0.0005975645931967463,-0.0004251921893359246,-0.001682440865751978,0.006381519091770369,-0.00478896892717314,-0.006274207654888741,-0.0011538934947643092
M2|C00016,0.23358199743648658,-0.06775063788889475,0.05953695596539821,0.026669578176627358,0.006086947682259214,-0.05322614230597526,0.03585483422381127,0.02111708750338962,0.026761993151553615,0.01872485614722875,-0.023783531870420982,0.03654387667152627,-0.01772694109686354,-0.001436972987381137,-0.026732018689117027,-0.0017646606887672552,0.00024004132101416894,0.01256135293401533,-0.007174952780215277,-0.00031503825202858964,-0.013167549741336984,0.005347880232284079,-0.004518428562633514,0.011198089634419874,0.008407921415466414,-0.013745257353061419,-0.006541557466648978,-0.0009241487951564542,-0.0007620856264693811,0.0057927295334131365
M2|C00017,0.16549418862989632,0.060941871393665734,0.0540840454857594,0.04050769394659295,0.0020037129686614223,0.022631107663194386,-0.011908624260730274,0.025937212127172135,-0.011013880526658838,0.022387874656196658,0.00012401001280964123,0.03952585471424067,-0.030717947823701255,0.003056937583388998,-0.03440848533310359,0.009101588895537515,-0.0011802042564571732,0.007265767456841569,-0.0060678937265112405,0.007899833403488148,-0.0023051187854444015,-0.0014331625193505487,0.0014801575647236454,0.002647164223530984,0.004253263472992444,-0.012720377730564295,-0.0005199301596495213,0.010615257296171203,-0.0026900414839067313,0.004830408187870989
M2|C00018,0.1615855964994085,0.024287568132107307,0.007349687287496221,0.012660384849516482,-0.03518745938913266,0.004747414860563659,-0.010058865046791534,-0.0014178394047417667,0.001848666137928545,-0.004529267297048127,-0.01547164459628746,0.04017118173201621,-0.021369370463902474,-0.003834155393440811,-0.028431196152134314,-0.0036630139806033443,0.003452451452144489,-0.009005832217154565,0.0010453735208142425,0.006176808751974619,-0.010556189753703439,-0.0011082755531771017,-0.0026757419071445454,0.0009717091770015695,0.0013591550434288308,-0.004846891874937342,0.008117207472020778,-0.0011977404588525808,-0.0033029944477768617,-0.003262480877527835
M2|C00019,0.04696316031984503,0.06767508352334221,0.024528366157905174,-0.024041727078292243,0.007936105203578616,-0.022720796271320908,0.01669512539842418,0.014147187860610151,-0.004642035672206669,0.015428111691680827,-0.012810087679730551,0.012582734896434074,-0.0047019893297218385,-0.0021442087677720277,0.006291839393141893,0.008603792023942167,0.0015051511570700771,0.00822359735440809,0.001497417980089719,0.009178231743282448,-0.008961725356487274,0.007513401496707776,-0.008882227559903944,-0.004206592592502407,-0.004638503868446147,0.0030050342117765635,-0.0010951092963436685,0.007693346300755222,0.00025385321404826713,0.0013015771367333568
M2|C00020,-0.0072407180139732455,0.1520143525816295,0.08976274499596801,0.010809778242214503,0.0010470408326530283,-0.013266495305364695,-0.0032686555785545767,0.006386806415940473,-0.03637608779606138,0.007634300857722724,0.008826800060896336,-0.0064298517162048215,-0.011134780931107516,0.002102942488520407,-0.01598712513345095,0.00768415932385398,-0.0017227571162834001,0.004191986871411209,0.003702819893084189,-0.014068800589793085,-0.007041294585442245,-0.00334969472518121,-0.018781519430161132,-0.004786420606606986,-0.0004914343860392923,0.010774262417482496,-0.0010574556387023513,0.006186291497858354,0.00214739902483317,0.015369107118161005
M2|C00021,0.007673026645481354,0.0692188951207634,0.050795400849334774,0.0038258035238489924,-0.014782573575701922,-0.03244831344238084,-0.008446551893418017,0.02772080169051989,-0.0022024973129830244,0.014995364915875735,-0.013876674771309203,-0.029753486306320822,0.0036212738777122552,0.0031402128762194025,-0.005932745726243852,0.01577594232630618,0.004003761253976673,-0.022976241484370427,-0.0007205166045133683,0.005983520090068871,-0.0005816923404241949,0.002327584000452288,0.00040694211969830176,0.00722483684267589,0.0018168664247781756,0.005141876907797342,-0.003906160407990162,0.006657417182437504,-0.001707958273967745,0.0117522055319155
M2|C00022,0.20272246311539763,0.056772344240735864,0.0006223398679629542,0.04127532026364623,-0.033658524681553226,0.02607307791563541,-0.009268231522559931,-0.012063544663324453,-0.00044490541536204966,-0.010442344105936923,-0.028239311665119823,0.022407488017158,-0.03040997339028801,0.0030731415130504547,-0.010535463690323807,-0.004275189384984303,0.005142920454029534,0.004729356393497431,3.1092111865000796e-05,0.007484360967121225,-0.003726764752169967,-0.009698665866073876,-0.01697169206871557,-0.005667588238687558,-0.005674775338774053,-0.0062226362394116564,-0.006810335979140658,-0.000620330749311213,-0.009444906189787246,-0.0017722269067188049
M2|C00023,0.004328744467455308,0.012511549469113195,-0.0016512598213079743,-0.05319737080031913,0.018507589518371784,-0.01410148101218372,0.025932862382964057,0.0013006446529968505,-0.0001103739611008767,0.005134367426898719,-0.006033764268437719,-0.026806909698370837,-0.008471860143711901,-0.01609857578453282,-0.01105773296607646,-0.003939341070190172,-0.0022338633508330627,-0.004004509566876268,-0.010879010971669916,-0.005880143322942863,0.011677283060267945,-0.00942275854945419,-0.005463129167780281,-0.00465629694351433,-0.0028203913768146886,0.006981727897009603,0.001781253523954154,0.007777849066975525,-0.005509423015088826,0.0073323958433783865
M2|C00024,-0.06664103734970764,0.15960513689162384,0.006200634068594949,-0.0014396457020532263,0.021351574433187838,-0.034673864484406916,-0.017585696863698888,-0.0004261479469499912,0.0029874150406114203,0.010627962649025992,-0.013776341892220132,0.009626285688332166,-0.012373201663133713,-0.007658502063888831,0.021608637730014698,0.01903234698867554,-0.0007149217324670191,0.023641501057061837,-0.0018017227575107583,0.00895989338560931,-0.008997170166446728,0.0004249556883041604,0.00409220223806179,0.006528559563667973,0.008607972091098301,0.014298196514216207,0.003357926439422352,0.001417507280489945,-0.007540099444942967,0.008120366395734534
M2|C00025,0.13808503897404606,0.027631768175586918,0.01474963975536492,0.0017098939422754479,-0.02944837037323058,0.0026120190127012647,-0.008684702748181606,0.025959342840782027,-0.009683470938077704,0.025751166327048373,-0.021976119964691926,0.000846008710764633,-0.014373619974804727,-0.0037018807045841313,-0.0032093352301199793,-0.000890894441847317,0.0016666686667257142,0.0038900022534870083,-0.013137667393670022,0.006534666845373514,-0.008956830074605217,0.009108878339250505,0.0014850408071165446,0.002525113126513013,0.002345365813153332,-0.004022661676063265,0.0007898429771527798,0.002290555572640011,-0.0012237427705979736,-0.0053057526512792575
M2|C00026,0.17759804841780516,0.02885002238315691,0.008985235631676478,0.008678504177659458,-0.0001811987626991046,0.013060720984087415,0.02632295091414856,0.012869655776812485,0.015207141375878827,-0.007991611161168404,-0.006983035131625932,0.021869939257990075,-0.024735458580731447,0.0021921245418864525,-0.0026508845627423346,-0.005354478190292898,0.0028793451740788886,0.004995345356199785,0.011515569172206846,0.008712085649020129,-0.0069205653184220475,-0.0002705734910306432,-0.016609532483317608,-0.0012581347050997249,-0.004595580021047867,-0.00024186237624257393,-0.01116520297938733,0.0011413624943194516,-0.0006384942190616234,-0.0012362760088796927
M2|C00027,0.1881999556947922,-0.01279394867188629,0.020237976297387075,-0.012932359718675138,0.03459665325506778,-0.0230983803459734,0.05718203594300006,0.001013978355388462,-0.0031489699384678934,0.02565066400161892,-0.038909214319688905,-0.0055278256618547395,0.02170939526203055,0.003742257191363279,-0.02766983049678198,0.00042663170447887434,-0.006098330511410438,0.016504130968533943,-0.022973426591797876,-0.013979825850895987,0.00911283249022639,0.0006378296759042691,-0.015401725920111423,-0.00012893645752141131,-0.012156739280359118,-0.006141826636527192,0.005453921173191694,-0.0044774896379154334,0.0027605705764859605,0.007573960400330976
M2|C00028,0.06560718905564378,0.09891645506018341,0.05051404840150358,0.00319390570974565,0.003703404917905731,-0.0062095956389060765,0.013192823434911407,0.0043516768988876775,-0.0016897465749585556,-0.01451358182477334,-0.004652987082294793,-0.00948190510848476,-0.016613879238104815,-0.0014058933261229488,-0.014148167173567879,-0.004999459911199083,0.0023845003505141315,0.016168724422688116,-0.0038199966207312303,-0.0010964056625723045,-0.00928426382583903,0.005824081130170461,-0.014370753359622198,-0.000827048464989344,0.006031936596390689,0.0012278957617714796,-0.011279196728261144,0.0037684270312054015,-0.010519681784687785,0.005858525652888394
M2|C00029,0.03314190074166167,0.046770414024627865,0.020546136121479437,-0.04921818535881017,0.01621574759481097,-0.0038141949725902465,0.03513613456627426,-0.01941800958424539,-0.015553568323439305,0.012064656826059651,0.00032813726358474295,-0.003112043355945024,-0.013827281050307614,-0.01709984785782896,-0.0006381767627413254,-0.006767896471996971,-0.0014819186026645266,0.00782955176223727,0.01520437741128245,0.020210824646049327,0.007438556194079313,0.006943161564423607,0.00735642752754592,0.0014367138091703044,0.0014896706891029629,-2.1261083424543076e-05,-0.006620249091613542,-0.008458679551508917,-0.007796577762662293,0.002449576853937148
M2|C00030,-0.01925170180541445,0.1489707912388441,0.0715178010715029,0.01760776187592345,0.001341742071617222,-0.019127842019716217,0.010660562307203983,-0.0005103352281990212,0.021750532457618682,0.002370249252844186,-0.006614934901526756,-0.03519420863835761,-0.01330428873892642,0.0026416406963722444,-0.015780336215869644,0.00880102595993066,0.005726096028447281,0.010152396335134846,0.0037495393174726225,-0.015039008659917573,-0.0019062036523432551,-0.012595003030737626,-0.006215669070353912,0.0006898967350792556,0.005647179894679754,0.008515931590260017,-0.004322491664140805,0.009207982814080045,-0.009414445351782623,0.005683975332823868
M2|C00031,-0.015924211546744983,0.02424411723943584,-0.08372236068569175,-0.040496982497982975,-0.0337919490703435,-0.03474518604245597,-0.06867086098041639,0.021753619716775478,-0.01175312098194596,-0.005484126884411905,-0.01884952868109566,-0.012000925964842864,0.01190958470513821,0.01314287460912602,-0.010365175163374133,-0.009649290946286264,-0.002290036835546162,-0.003837005825433356,-0.004853040406044291,0.008132049348738514,0.0007962625421104394,0.004663007999959663,-0.006087788701538597,-0.004129418739900331,0.0036835175736747634,-0.0006885703061925091,0.0008421014058518288,0.0022004458785316546,-0.0037386857941014776,0.004418495192253347
M2|C00032,0.030486181151151214,0.17011220280559441,0.042594309452239534,0.03260108863629075,-0.050217048383878096,0.02628712627681306,-0.035357035376373226,-0.03266628699871411,-0.016343634631774684,0.0058049709898594405,-0.012966328409761457,0.007803903711910517,-0.012362215273645942,-0.0029861405911195357,-0.01715122894860787,-0.0024776370090582823,0.009510683805498625,0.006141169528850914,-0.0069638102473339215,-0.013013791848172303,0.007972993517575343,-0.008044170623485693,-0.002904124496142188,-0.0013357130196734353,0.010128444538541228,-0.003002595925855939,-0.013027817664047352,0.008761097463715046,-0.006205720971846993,0.006428602932882545
M2|C00033,0.20839251535839523,-0.025987182982145408,0.010652825222785926,-0.007140693626657799,-0.03791232197515147,0.012946001895672207,0.02346485540911862,-0.027985771949528452,0.03265788639753125,-0.018143478344394233,0.024525597409580796,0.05050010988865805,0.021793619924419035,-0.023023628096690816,-0.009243669795080815,-0.013427416682769235,0.01373178984263275,-0.012843103251426517,0.017549542757719746,0.001696392237114213,-0.0036872150137143285,-0.0007272986005071928,-0.028394569896418642,-0.03252760713433037,0.00810608477084771,-0.0015150756140576668,0.021202588295843927,-0.0011550989887339847,-0.01128853567033232,0.012831403262125786
M2|C00034,-0.027320859210450868,0.15508312135851973,0.05303275176361691,0.005769889990959762,0.002687068820401851,0.0044912898394997135,-0.007527399064564228,0.02858986170329801,-0.0354912589454126,-0.007888107239859804,0.01865779191220668,0.005486349079534511,-0.020828673177036988,-0.006279676744380187,-0.002395440376613666,0.02683055899254562,-0.0064723251648537445,-0.007902797709974133,0.007593633612758584,0.008266603501664792,-0.005333682512449782,-0.0024576425245534115,-0.007571074206436194,-0.00862046873881024,-0.015200638687024036,0.006507262042647233,-0.005598339600283178,0.009044850167260404,-0.004466646033819657,-4.4386408101695515e-05
M2|C00035,0.01900519660468887,0.0734836974721755,0.005797715036591859,0.007339618182152398,-0.006704334926459891,0.006432950109226724,-0.0013606558328638032,0.013922537779145896,0.008307741827070692,0.007624593889540477,-0.032829960545967644,-0.031956634104610825,-0.0018999784567109847,-0.0073442158850892635,-0.019360213435723535,0.009576167025336188,0.005306317314530681,-0.005693213529288283,-0.009959960639216461,-0.002486350556603133,0.003800814774429046,-0.0023743988135441346,0.0003553385628535954,0.004440494152999561,0.003987037691106289,0.0031956411793465497,0.00745625983840398,0.001245186747064474,-0.0055168987617946015,0.0012076603289852981
M2|C00036,-0.05550352535363951,0.11817523453944934,0.0383151257649406,-0.027460475832889263,0.02359300807381352,0.006420986198530124,0.022992176148071804,-0.006223843705615011,-0.007880842018482917,-0.014753273155574469,0.028758040695628904,-0.011345423525374505,-0.005686739915066121,0.0006596954258099411,-0.004666282143432474,-0.02865350459577688,-0.0012627584943088104,0.00867953345829349,0.005260195333325019,0.004864257500027343,0.006277012417839508,0.013908298758278568,-0.004892111757485835,0.00039252671692134946,-0.005758492003345501,0.011395838339196636,-0.004775263964664897,0.009451390769764026,0.0002805870266467073,0.0030193594581740687
M2|C00037,0.01985542723252573,-0.012277048952481275,-0.05564132850041471,-0.007650227552509126,0.02849823339413608,-0.03317745181175755,0.0002029638259564504,-0.01859715590213775,0.022937049172909337,0.004634124341756624,-0.013106001776569608,0.03588171198387777,0.013657879207055126,-0.009859790073258193,-0.005812961435481579,-0.010756726045442037,0.001240388920419413,-0.009055196545574873,0.0010449523842741902,-0.005632451832580797,0.008639213469747066,-0.0024509583234980613,-0.0030257804996227837,0.002908494956123462,-0.01043247912134822,0.005566899748425936,0.002660487203117824,-0.0019314849280399758,-0.013071612884169843,-0.001805012961685512
M2|C00038,0.060291730144233384,-0.04941781666895457,0.0268793785861175,-0.01693936977198662,0.038602836879882065,-0.10023477260222456,-0.001547525659451052,-0.0013607008512014178,0.019151329092648956,0.0266445488038131,0.019684664491772627,0.015067639871460212,-0.009195908232988523,-0.007863238566205345,0.011731553006305304,0.012602350303016659,-0.02251075011884911,-0.01031220296034848,-0.0330569397128381,-0.018626745956630258,0.011624453868300267,-0.009700853595923537,0.0004742225942712387,0.013026848652738402,0.000655855718745323,-0.006064850242265292,-0.012914426941596802,0.004807460231316108,0.0030599092255032554,0.004045540814336459
M2|C00039,0.05270215536538649,0.09340634928893567,-0.0302991845286261,-0.0414447892651537,-0.012526861087118353,0.018693986383878498,-0.0063520590888908645,-0.023147401307035586,-0.00670096261637828,0.003935600651589574,-0.006289333983381915,-0.009033616616365816,-0.014215805190700476,-0.006237495780921887,-0.005676860184157551,0.003157604897121109,-0.004604925858594925,0.000532109712439639,-0.008350685174167108,-0.0026221160580911364,0.004637969663678752,-0.007022917975493006,0.0003246154012774967,-0.0041488923898445355,0.012751796901906498,0.004405065587433563,0.0005342240295162406,0.0011567031253662265,0.003638404938225903,0.0006556077012327134
M2|C00040,0.045051139047545936,0.11411913418760902,0.004646816865453724,-0.005976072100835131,-0.008038936924471024,0.011442051330248216,0.0015393769716897786,-0.03977159631001998,-0.0053714345418526925,0.0003946800734939352,-0.0029823365446330586,0.001202285318698608,-0.01390814874686963,-0.005341310761008957,0.0023774155796723547,-0.002414165665904711,0.0012479496818109486,0.007025336458481922,0.005819772455952487,0.0029663825583528328,-0.0033755365329132194,-0.00358969657887202,-0.00475280843143443,0.003863241024191982,0.0018648411570825899,-0.0018895654367649544,-0.0018338192689703265,0.0006941656404525128,-0.005642794635440929,-0.003978553342116881
M2|C00041,0.022453504789779016,0.011440382435902424,-0.05635751905898155,-0.05897810568893344,-0.024758465034613705,0.02490220601951078,-0.005402077794449702,-0.023095513713604042,0.0054307796721127614,0.014237277471093449,-0.005469244560539496,0.008727761469852921,0.008337989986831001,-0.008884359143238985,-0.005814122859099021,-0.007798847552449445,0.0008961795558427902,-0.007455677816524439,-0.010443710495544862,-0.00016918732262153493,-0.007842186223408895,-0.0021174527347900263,-0.006543235151475171,-0.0024042102038845186,0.010394671847963576,-0.0012485279737733269,0.006424904585679674,-0.00642817210886943,0.004576523488256941,0.006502904435209827
M2|C00042,-0.06296454508007109,0.10062091297278304,0.00442418578205259,-0.04607664569842249,0.03214541569349539,-0.029864127317173587,-0.0026456793384550905,0.004590208312939164,-0.0017532074976109042,-0.013019466410299479,0.015345028793830272,-0.0006952505363817656,-0.014125580411153839,0.003790285586877974,-0.0015642394209435142,-0.003317858904797803,-0.0019288584208558388,0.008310973964814792,-0.007816434079573397,-0.010264873498624438,0.01079876206917314,-0.012729729749497525,0.0035621955966309415,-0.0019384168322389736,0.0008237854027785841,0.0008258313966060471,-0.009069146834125817,0.0059013363661314785,-0.0033754751133194183,0.0020244956583894973
M2|C00043,-0.017615705187714346,0.1413453334458526,0.09856639482203328,-0.020130004367066405,0.03338610642651445,0.022224531056104904,0.052019345120140004,0.008959673690669872,-0.018088283194629597,0.008228232221786817,0.01928458295837001,-0.02509950280210733,0.018818558282616575,0.005935844747804925,-0.0210951223099711,-0.019785981873924476,-0.003602687059148102,-0.006404837990423179,0.008691599311879168,0.008955752131259494,0.002229788506028161,-0.0003500692188529778,-0.017469365743746783,-0.0034722351997408863,-0.011351515399954323,0.004271653169990263,-0.0031021154150131197,-0.0017503750046374451,-0.005236460522033448,0.005435256762559231
M2|C00044,0.07582293574622546,0.006460803154064393,0.06318004708125487,0.027728630949763935,-0.006543122206609565,-0.016428401269998186,0.003128821386732418,0.023766001265319546,-0.012109836793970806,0.02119892790542025,-0.00335985230962871,0.008737260045699236,-0.015021034603723789,-0.028654079928638044,0.013707215979285035,0.009609369422780822,-0.007650695169325611,-0.010178765758662582,-0.0015159275370782,-0.004246838622795784,0.0008860820444711276,-0.006310599982277184,0.0013341178373978137,-0.0012293482749253196,-0.006605454209099704,0.005018845129806063,0.005076111648659564,-0.006136098083759681,-0.003235239835706054,0.008247930214408332
M2|C00045,0.1874072121938904,-0.06289404653635651,0.02754174459349546,0.025037256618594832,0.020680491104786262,-0.003768483771674099,-0.03336333289262541,-0.011060265406143091,0.03610911751828501,0.00342116033188514,-0.0022817114095174218,-0.001300064718034687,-0.023798185280774455,0.007380835398305469,-0.008594583915208074,-0.015381242124293251,0.005693840247024601,0.00040997473008189854,-3.8671865521981644e-05,0.015108132457710732,0.009414534048905831,-0.006586697322362022,-0.014867301321393647,-0.005321474438772409,0.0015095160966696148,0.006796105851212438,-0.004138377746824801,0.0037747113911979035,-0.005838055797493383,-0.0020259908514293763
M2|C00046,-0.11626557262121537,-0.044320214391832966,-0.1061468428576693,-0.0028543125337288666,0.01140396616454041,-0.014692393424225687,-0.012509030854036507,0.017871766552761945,0.006120642068552752,5.666903383415697e-05,-0.012462016457491495,-0.011598256983963403,0.014925496614950176,-0.032437027891305925,-0.01125496077462881,-0.011339931120970927,-0.0004945449825972474,-0.011367461688569603,0.007511661927320873,-0.000759627331372566,-0.0005650980924459062,-0.012284555699412567,0.008080958145122337,0.008436815474871986,0.002511304869023352,-0.0019299155865821606,0.007634351327243503,-0.006759780120770387,0.005749073054061798,-0.0032883536621802867
M2|C00047,-0.027368678993264832,0.045543045771667075,-0.03356214229188234,-0.0016743631679584903,0.004154286082029913,-0.043333933106384497,-0.04450842838050803,0.022892480947123615,-0.01473177067323788,-0.012781915923088402,-0.001006174890987526,0.0002948218261162643,0.0022478203361386145,0.0030748331316966023,-0.009925287865895895,-0.012305137639915038,-0.010573944934930843,0.010045266340591242,-0.004169567164232082,0.004029043510927632,0.0035384551058166448,-0.005368376122752891,-0.0004732056826828673,0.0004343941752623977,-0.009689988556342118,0.0024902757150893416,0.0007074334520134304,0.00849684702965978,-0.00286176842310324,0.006826167563095371
M2|C00048,0.164784484132463,-0.09018844794208293,0.06689871576772367,0.016169544093290335,0.07868393746060927,0.024728840520812204,-0.03155040112485024,-0.0029416534737845878,0.01777591834479579,0.010913480542366806,-0.00910116276000777,0.024610188397413916,-0.00884144990025602,0.011244892518191399,0.0007099422605521049,-0.005530208448905522,0.022832037876828335,0.004397599608185308,0.012698500867591278,-0.0022650283188978943,4.944241732562213e-05,0.005492499042409529,-0.01804557276642328,0.012643391753881076,-0.005046477504524011,0.0053687342948268565,0.010946198806966411,0.0012179417315001562,-0.009698336609669901,-0.002560869263035928
M2|C00049,0.01936196027185922,0.0635703247251908,0.06621330215916794,0.05776187547651993,1.1563250182615961e-05,0.004701749538901156,0.012805927461176527,0.022037130685222367,0.0075636975533741975,0.009038686234729379,-0.019122509986123404,-0.03172132947344194,0.0013779538098208095,-0.009161540006667319,-0.004834428046637987,-0.008606978462871473,0.013168824408899263,0.01023230699049189,-0.0009067669421508731,-0.012755750409830686,0.007756744503654321,-0.00146077144492744,-0.010177842919252526,0.004672633033070981,-0.006115296311591003,-0.006375017720708229,0.0015937539191806032,-0.0033170129409521723,-0.000700113984768406,0.01670266916855565
M2|C00050,0.13422494032641266,0.022164874615125625,-0.005703765702639147,-0.008068813939665041,-0.008500204278219861,0.0033302044730403693,0.0009186587056746069,0.010894789663559631,0.004203428721799731,-0.010840350178900861,-0.03186961059130236,-0.013010594001085108,-0.016763584271025186,0.004751459240798939,-0.001722142478467906,0.009662599794069424,0.0039699115902591545,-0.004624125296513453,-0.0031843282100237685,-0.013023025193370865,-0.013694252574381926,0.00558972667459485,-0.015595835068461985,0.006087432259999866,0.0004963164189826565,0.0036760842655950638,-0.00277921725039917,-0.004242839082242522,0.005526902931371881,-0.002024982897601237
M2|C00051,0.07132903541637271,-0.006962335798812349,-0.008472448310195514,-0.0292018309203811,0.01744250412881378,0.011514929590596601,0.027008137843848697,0.024937838134198424,0.00037076203472448193,-0.019831753382825418,0.003794368203281868,0.009169649813268973,4.0818463258676084e-05,0.012130685429487342,0.00011191002648200736,-0.0032976614780469457,-0.0012219106792406532,-0.001561757029378836,0.01088653056826727,-0.007851935484535968,-0.004558999670752568,0.004870976617590835,-0.016368684820179995,0.0005584995218241823,-0.012798172777237469,-0.011559056825059354,-0.0008879001323668621,0.0007605906869865179,0.005010060519392707,-0.005488980219614873
M2|C00052,0.00517201841667927,0.06664728710980171,-0.0653425509203383,-0.0576717353832819,0.011821512564489014,0.016622308308890534,0.0006038964577265849,-0.0028210464978284965,0.015807988482921937,-0.0063864847824312045,-0.019445554362231963,-0.026061174355601357,-0.010227796753646917,0.0034012905604372283,-0.0007734472767382787,-0.0023331545591342203,-0.007713292897338506,0.000869499463460416,-0.008235368086477488,-0.004185435076134353,-9.339065786848477e-05,-0.010098753191439715,-0.008116910912964022,-0.004101322027022615,-0.005357216402568985,-0.0008531911395792088,0.0021239196159489504,0.0031830002865210444,-0.0058730498379673405,-0.004570970954907543
M2|C00053,-0.08380497254109523,0.08973665696037206,-0.05070543906243881,-0.02644692464925761,0.010422555392434814,-0.027540918752930695,-0.02013592303165202,0.00408281964455797,0.02018784826538993,0.001760567503238418,-0.016076563131768255,0.009410431415830065,-0.005735624278922228,-0.0007003618259722997,-1.0825933073235957e-05,0.008115167106870087,-0.004378366279627883,0.010040434993258275,-0.001255389950491785,0.001019870216281682,0.0023765088062011517,-0.006380147938326208,0.0038490533585316443,-0.002750315548705983,0.004276882928838854,0.008344192894342425,0.008818782581452383,-0.000272818671314133,0.0019064901169437351,-0.00045774553816488024
M2|C00054,0.005364871362187805,0.052731002116177594,-0.004045832716282491,0.01786501176335288,-0.019372405147922635,-0.03801604360706369,-0.03504443176088162,-0.003520365050584541,-0.008556371882317811,-0.015365693931744473,-0.020160775452702156,-0.012831413401621803,0.01252374663345218,0.005962411583784791,0.013738621996784852,-0.0072937819396990036,0.007963026391599438,0.005601925829460107,0.004434366017797748,0.006860443528397271,-0.008160841915326096,0.009390494550194408,0.0003505454304682271,0.00825504855289434,0.005790713381521566,0.00466028357043586,-0.003358226243279514,0.005867169238604043,-0.003895385865448671,0.001658226267781713
M2|C00055,0.07194072812770153,0.04266569273721958,-0.02008078199120508,-0.006620498179546775,0.0031542903539292827,-0.005911358742012845,-0.010702513924514672,-0.012883046321973872,-0.009382059494721583,-0.017297462719485197,-0.024487255103274517,0.009211227579473635,-0.019250445940247447,-0.003110007048466584,0.00861982180828201,0.012870300975361793,-0.008978727832275567,-0.01746668717763644,-0.00910263902150671,0.009640579055535668,0.012823996567641006,0.00806649795840988,0.0015403682016709996,-0.007370012061619459,-0.007225186024231895,-0.00048526949140794106,-0.00014045795503814048,-0.004332931241224097,-0.0008694782144874482,0.002737069002939986
M2|C00056,0.04638448163666243,0.06470009915223054,-0.02915127939204423,0.004676017643139099,-0.028346821273180035,0.005201293405492118,-0.027501647135520554,-0.02341290076710403,0.012010026006252858,-0.001776892845329136,-0.0248097480991799,-0.015546150355684484,-0.015102207518695544,0.0026063256401203665,-0.0006529550113663378,-4.2935995037982126e-05,-0.0025956654474939304,0.0009447168807830864,-0.0006354982158281052,-0.0024140148889565493,-0.005923291570018925,-0.005659347340165118,-0.00527474716089496,0.006480361907818396,-0.004645085358015491,-0.004339471565561819,-0.007438476355800544,-0.0016423834940587929,0.0013917267227649553,0.0027603561473398047
M2|C00057,0.09308202119426,-0.053910246504718845,0.06232067976115694,-0.009644524163504085,-0.06317382700774668,-0.043899223159604775,-0.01963336588103774,-0.008030203490700698,0.006744529391987473,0.01767331297413843,0.013397956527036292,0.005958171641684896,-0.007068905406526567,-0.009542809621536774,0.02572336668477266,-0.01095537668971061,-0.007374292919505677,-0.018142438674380947,-0.0022709171750613373,-0.0019962556656679953,0.012549067365382097,-0.013486026874172262,0.0025929297477722867,-0.0014713635520414963,0.015451011928857915,0.007108418304944698,-0.0059296197571784,0.013653838338022061,0.008538314387722715,-0.005895050679447473
M2|C00058,0.01582100914149797,0.07473220326585105,0.0026693909082726505,-0.025953457859535452,-0.00290342584393025,-0.0031433460753821007,-0.0006408081901197484,0.002144677516579567,-0.01298997543062454,-0.0014655918582395023,-0.002364212519346647,-0.017264720574343553,0.00528894923600913,0.0011254464639418728,-0.0035688548338185895,-0.008987185627947996,-0.00528590440508829,0.01213473533886474,-0.0058943855346777,0.005044555616883559,0.006401179337949227,0.0070955151509590085,0.005086253145642831,-0.0050646724588184104,-0.006479310712768113,0.002522999487882531,-0.001992996468520654,0.008061058786115101,0.0032855993053550487,-0.00014999517593805464
M2|C00059,-0.008012745971064477,0.04843063550298926,-0.035837065184980185,-0.019686133157808927,-0.032391574049559564,-0.009096961408467047,-0.025712575338114954,-0.011637369581879055,0.012395661496714576,0.0011857754050350246,-0.016753187764560893,0.006351895804563684,-0.0009149855784898696,0.002567607432194365,-0.020803553465937565,0.0021005428102374075,0.004936116228407905,-0.005574254111226471,-0.00044193413125539067,-0.007574745691147587,0.004443722826053728,-0.004239983554462969,0.00040731563107119026,0.0010982816193928124,0.00047390934672053125,0.0057084987234017545,0.01061219084458968,-0.0019142720952741166,0.011704380014469752,-0.0003207644849210062
M2|C00060,0.025898228211301947,0.09044144704504417,0.06771143538973252,-0.004306981656725402,0.024329355990215032,-0.017537694713720398,0.029845427932240418,-0.02252727927127441,0.01183928191349246,-0.02852774230364565,0.01380159036669111,-0.02808788198960199,-0.02107145749576573,0.00807949804011784,0.0025471745575776743,-0.012808549085680063,0.0019211686154806582,-0.0019557794636706487,0.016935688212761618,0.0202269624632235,-0.007046655175080674,-0.0024284881096173308,-0.0077498165580980735,0.0009544144376690039,-0.016696649434323137,0.005418080854793462,-0.015569914695684655,0.0025514970861538998,-0.0034577280684172473,0.0059753794561603155
M2|C00061,0.1633034900923849,-0.023385895230962517,-0.02366015593646449,-0.03041508523130183,0.0009366861917488903,0.018920895634693773,0.016643741282930617,0.07797470188737887,0.007843129399246198,0.0038118965896963347,-0.015496357367251273,0.010209012747674514,-0.007173482364595563,-0.002073226058407862,0.003130326991218535,0.016258594894922478,0.0037160707024147385,0.003463741584727083,-0.0109455748474762,0.006412798679180864,-0.0018020380437732467,0.009109819735349129,-0.0012550011118250787,0.005261451967630552,0.022957756840935623,0.00702581866776791,-0.007867139902980906,-0.008546853570640993,-0.003933466091077729,0.005584740765355359
M2|C00062,0.10844798279194896,-0.027144206439193536,-0.03232466571014944,-0.02214119431147286,0.016667407958625674,-0.029179010616038573,0.007694286112870603,0.0008732630093497608,0.02134812377445292,0.0009009518049667125,-0.0062050548596031384,0.010095307908608856,0.007464224311828343,-0.0017596671374937578,-0.024268105041302286,0.0002914556270660878,-0.0016969329198311582,0.014779287684443953,-0.0077788136159857935,0.014504398277269381,-0.001632176672316212,-0.00026769980624985555,0.011360828420660024,0.00421520179023137,-0.00027455388382633446,-0.003622430781320404,-0.006012275708262835,0.0065161915406579535,-0.0033759538709190544,-0.002668893557167019
M2|C00063,-0.08482097489236937,0.05657696803233834,-0.008295497266228476,-0.04594373231110707,0.011702967220486632,-0.008853939684959256,0.014346051244300552,0.00689780192842379,0.020274572943301435,-0.011591965314509917,0.0041971133373300855,-0.003532499482361898,0.005844479504558465,0.005706503471496616,-0.015519071873249229,-0.00836971229039783,0.0011192257065402395,-0.014671109071138421,0.013423485083816175,0.007544355776333041,0.009807339118167155,-0.00444868798547666,0.005090119453758989,0.0017763428074213813,0.003175569341161883,0.004327163239000941,0.0013860279474513714,0.004191277816565806,0.004527528009116078,0.0064633864628474095
M2|C00064,0.03427676206510268,-0.13314059116345747,0.09844048618088999,-0.015949718203956978,0.15763861854868674,0.09630634674943264,-0.10583824243416833,-0.004289568127214111,-0.0015907079913436938,0.04075013275828874,0.00238983939410485,-0.002392895618043241,-0.012356358307627166,0.025726110097721782,0.007912748736589438,0.020681602932334057,0.044327352382914485,-0.005617217281660533,-0.004798362224281625,0.007513314335288014,0.01345093124667822,0.00533993599049652,-0.005472099961979557,-0.0077037468668211696,-0.0001917472302413223,-0.006352968479115299,0.003307477658542456,0.019836632882800617,0.014064704966109304,6.168899155424017e-05
M2|C00065,0.08852312879127665,0.019887724379152222,0.018631862103000076,-0.006160085228241294,0.013291856497147031,-0.020729818085644797,0.013776591245338027,-0.015666015849714315,0.03245977317937428,-0.023236628185500253,0.010133063169399955,-0.012588777184811096,-0.020368726709013754,0.011447977001000044,-0.013751303385434326,-0.018168800397536853,-0.006178405784449391,0.006804683785536916,0.004944774888912157,0.007509502068748373,-0.00642240354820947,-0.0004167360369075733,-0.006363322876947446,0.0006282123372400774,-0.01078919323582213,0.003729026086237883,-0.00039069849419530196,0.00245557582483469,-0.000937254002876321,0.0017683591297448997
M2|C00066,0.0885877730884919,-0.03823512700956161,-3.287636919679387e-05,-0.03962857228874699,0.058975790025943144,0.030089700089003416,-0.02124906535409718,-0.02736719951598244,0.0024694282747108054,0.014565854801541045,-0.019447224923005373,-0.01181936322038085,0.0019090900727983314,0.0005345456590768353,0.007285030966097647,0.00900592458173236,0.011974115550125251,0.007489153358407654,-0.005542811557870044,-0.002252642714555691,0.01215963570649284,-0.0007493864858476238,0.0012506285327127632,-0.0035458781976215486,0.0010063240118274447,0.003237863427051544,-0.0006803537434387726,0.00969731428783984,0.00492659971211915,-0.009407119906885109
M2|C00067,-0.08693757549225763,0.1333955289686116,0.06888215596944557,-0.025606671009759004,0.040867698697142775,-0.022842742127483603,0.03273301588025803,-0.007580798925594132,-0.0012411691510132788,-0.013733430764176087,0.022492539121662217,-0.012478387506120408,-0.0025419757083858553,-0.007938224801213107,-0.004675194143964837,-0.006852824664182518,0.006730413886476813,0.008845697568445107,0.004095693473694537,0.015005969392228364,-0.006791275687472354,0.006535633086346297,-0.0009470453430840668,0.0026248656194573956,0.002982006363557477,0.0016920063688748077,-0.005872909576672836,-0.0007619830186916571,-0.005071995703138614,-0.0031995479460582617
M2|C00068,0.09317618649917754,-0.0030634693343293867,0.05131395815244258,-0.006508562250121145,-0.012719550256417233,-0.029311837941906102,-0.010384670073618598,-0.018135538811958892,-0.009478725504926039,0.01355121327682555,0.025846447846086907,0.006176721729070391,-0.0029377421221929187,-0.011142107512266944,0.005374801193781608,-0.019271162236307253,-0.007076260090897286,-0.008321818009511343,-0.010556520983034525,0.00027677775261432483,-0.0069990201106378755,0.0005666417507192053,-0.007162473506961463,0.00589364720793605,0.010813802413224554,0.0023951398743872,0.004896659851624949,-0.007508048405812017,-0.0009611133685126186,-0.005062123879515284
M2|C00069,0.13046067986437618,-0.04651859473332965,-0.03209230709846578,-0.005797270237788856,0.0004135983834818371,-0.005323779491287344,-0.007996613955392336,-0.012985684921215322,0.016933576730813908,-0.02350733828870544,-0.006266084905216525,-0.01498303597222959,-0.00962917136880746,-0.014744532382285918,0.0094218039950056,0.004948307408567741,-0.0007455997362591585,0.0006382557655640224,0.00966726084168388,0.006973197251418106,0.01055929686571619,-0.00024289193075915995,0.007787565993734265,0.0012027222790730787,-0.001559072434381202,2.920693543512818e-05,0.002675491211614515,-0.013464293611993566,-0.0008971432362552505,0.0008897055303881171
M2|C00070,-0.024824053935351587,0.023398934389393063,0.0667425827745652,-0.06750511215644872,-0.02024153848214639,-0.013732577032711472,0.02159326609459339,-0.018688544332079234,0.002381875355085487,0.009277569196823515,0.02566040018385801,0.005233637396251624,-0.006946809902272965,-0.013570216823501294,0.011363765114811828,-0.011925059835546847,0.010481030014998397,-0.012563040809450927,-0.0026473272381489664,0.011470554341106377,-0.0012606562534745432,0.018958848385488135,0.0007979041541881336,-0.00026921682898462505,-0.003391181890207931,-0.008466753566580597,-0.00022853428170180616,-0.005331017444787226,0.0038121621644666174,-0.0030570635643048768
M2|C00071,0.06771004145567193,0.04805878533110172,0.007043394602366945,0.021530939417699662,-0.047801139391937766,0.009453011646976161,-0.032567066505905025,-0.01736327926313018,0.004473643735598069,0.0002944217403464329,-0.01409771976885914,-0.014051317586149904,0.0073069190091812385,0.0037340262838883812,0.00044094396118041245,-0.012633214613151011,0.007434100818973332,0.004803034108851839,-0.003716446636273067,-0.010434130131033956,-0.0023886640476592402,0.0016639903625671212,-0.00032732444604036506,0.008164007086618769,0.00908670877459066,-0.007362487294758006,-0.0004039719009113336,0.002133429690238772,0.004696890337348555,0.003758851524655094
M2|C00072,-0.00661236866500698,0.08793301955133112,-0.0031156376617664165,-0.00988505493885865,0.004549144057758198,-0.004205451213211327,-0.011100587363767763,-0.0012386558646109139,-0.02294997944294201,-0.007267408389838729,-0.005400365593261572,0.01606111826116479,-0.0018999050012461249,-0.009312641559143527,0.012569932925859334,-0.00036547712715324297,-0.0009244760044118112,0.02021890159369928,-0.005465968569259165,0.002935388485303501,-0.0029309012700774804,0.0066006352195621424,0.00011684280075996313,-0.0019736973710972323,-0.004997834189816459,0.011375355244994272,0.006404412727168972,0.008679635127539224,-0.002209198374891454,0.0004030547535825716
M2|C00073,0.019098666736977847,-0.15826367258930982,-0.017113577779711273,-0.023127572885784816,0.0057155900655657624,-0.07003251884472478,-0.026054976829782733,0.017691191350744102,-0.05834141689902252,-0.02058851692483852,0.03452200609551888,-0.019824257687725274,0.02581959302525892,0.013046561360726931,0.013522638445703023,0.01944126660321116,-0.008563156806070301,0.010609595327490664,0.00597625723582541,-0.008437256321924628,0.027380372467864917,-0.017559405972832565,-0.009267735206827875,-0.014665654711455698,0.009445615432247671,-0.03362724014389945,-0.007156492194075151,-0.016830701973882395,-0.005480878557053185,-0.0116241921223247
M2|C00074,-0.02029427254470243,-0.0004337240712888627,0.04052792232609872,-0.0381586665380404,0.0628252008979599,0.01603985015409907,-0.03656593555711379,-0.011491129554502879,-0.0029902799050910097,-0.0009168129073157449,0.012812502397956858,0.008470093359192696,-0.007616326557029036,0.007978829132155491,-0.0037885771023141598,0.002109563829193314,0.020088193437706067,0.0015543001318589374,0.0031292192187842858,0.009027098754938668,0.012578598493242363,0.010661357388225708,-0.0036041251732191098,0.007503586739645192,-0.002307249868834083,0.00498210838185776,0.002637612442513423,0.0007897222271300938,0.00043700426033473907,-0.005825590256122102
M2|C00075,0.058105079590995416,0.03789130244312256,-0.04111952737404031,-0.023663356898633726,-0.003901845195154814,0.01388671684358086,-0.0051281868208737326,0.019337205579305534,0.008808175892641814,0.007924913840673176,-0.009125424496860459,0.0065931151268196885,0.0032290909265021766,-0.004057207752866274,-0.007478671829072174,0.009665701194963386,-8.677482133486983e-05,-0.0012116163742492171,-0.004498172618814776,0.00938052461513393,-0.004095446597370871,-0.003441955103452796,0.005961498746234796,0.004348323099018128,0.007067331474263218,0.0010748010540297232,-0.005400485652949187,0.004341518464096599,-0.007324537116115065,-0.00529512664296264
M2|C00076,0.00914905986185151,0.08676396289493805,0.027793606996233046,-0.015260213689185752,0.024062862416453078,0.004049222861648377,0.015328738158181752,0.028597666443074255,0.00845422280573692,-4.837850748735222e-06,0.004202000325822122,-0.006399885529722148,-0.025065038391141197,0.00152696268665522,0.004425303658947191,0.011226756507118301,0.00318004373163259,0.009901624249383697,-0.00402676207285866,0.01332359402919101,-0.004990114866501801,-0.0024715403694161625,-0.0014709047211227636,0.002932244505224015,0.006840493467340715,0.0042475194444537455,-0.0059927457982067115,-0.004266780119514232,-0.009608805913635486,-0.0021917839360231645
M2|C00077,-0.13145871175406998,-0.16884423545279523,-0.01297692691797019,0.019396357724536267,-0.038547656730564525,0.017547046989472036,0.018273387393346788,-0.012347344116216075,-0.006084164578535807,0.01454966395698329,0.005881382313833906,0.0025578815439294507,0.004513225352265112,0.027757782247942144,-0.012278348133801057,0.012920523573983649,0.006855885254825564,0.010351277327805884,-0.0029981951935468074,0.0036738894557658995,0.00540876884200155,-0.023724239250846293,0.002724884344831005,0.01078456401544113,0.008739995522215787,0.031026351155729433,0.006371529018399201,0.004077025348654873,0.01433960299800877,0.0046763038974753325
M2|C00078,0.011625457721464248,0.09880542797203261,0.10990255219030724,0.032765520179998876,-0.014313453971133136,0.0029650454317365223,0.00502987923328852,0.00818120648602404,-0.016761993656739364,0.005814586246663304,-0.02202107891442376,-0.01785846592018685,0.026359157200651913,-0.003542310324828302,-0.01274459940687343,0.0071488507005890165,-0.00046663950614092304,-0.015372557905279298,-0.004470040769092004,-0.0033249744861720476,0.0018098830458584375,0.004793085804944099,-0.002492538092374122,0.0019351346159828906,0.0007863899605852246,0.00647410925156686,0.0066352686274907145,-0.0011842073452177657,0.0017878690827442395,-0.005636610949661105
M2|C00079,0.06225877210108043,0.003957429068556184,0.001189397685753772,-0.03999939014984639,-0.026155416422960372,-0.01043632008687445,-0.007764656018118139,-0.025998110089149942,-0.0034513175924415908,0.012629483271302795,0.004224128804881395,0.004543354198942224,-0.015375511597588331,-0.01665353445464399,-0.0059448626209535164,-0.007609640833693473,0.008588543146370808,-0.005111866676156671,-0.0017267365567576732,0.004321694116469552,-0.015070963575752118,-0.0004672753355135389,-0.0009105909367662809,-0.005365400450931208,-0.008392402864826997,-0.006696171732882189,0.0035820642491689986,0.0015429841729783854,-0.005145039331485338,0.006268535125374219
M2|C00080,0.06470956332647469,0.06908383051747952,-0.017777593144122136,-0.029609845670170234,0.0036142920739548187,0.021397115081409582,0.0010886355579809701,-0.01752106603947306,-0.01573155442440267,-0.006476106964707687,-0.014914605359201284,-0.006421692729056806,-0.01826903109435769,0.00013645664180367344,0.005228265411428126,0.004860781836732411,-0.007800770602478669,-0.0021368538281457444,-0.002163970560260499,-0.0005273777246667218,-0.004683091278780242,-0.005347320462473962,-0.02045710818199094,-0.002271821753396939,-0.016413425677558387,0.00841889178169025,-0.005555986490468614,-0.003937003917309492,-0.0010275968696965888,-0.00399888883016373
M2|C00081,-0.015675376619479996,0.07700743842722262,-0.02096421083414587,-0.0464481636861015,-0.00015562359318154495,0.002578676558647488,-0.012452157888093427,0.0011602440535084797,-0.019794047835350947,-0.021041701278920612,0.0010058483076028125,0.004511477601514686,-0.009256048421198848,-0.0006723753910552588,-0.0070056652229463275,-0.010303958823087924,0.002707254159185821,0.0070370193957345045,-0.002662002291396993,-0.013030293409996726,-0.0038394168566833514,0.0012496211681117047,-0.007819702870089585,-0.004893157146044635,-0.0024857316498934764,0.006183911063436483,-0.006371731153823542,0.00840839553056904,-0.00554486674514348,-0.0007258247702698462
M2|C00082,-0.11333818358743229,-0.1157276051303837,0.0703306775174488,-0.06470034045601598,-0.06978125218830178,-0.005370076178456579,0.024838001786783758,-0.0018334925640003457,-0.0008337006922597118,-0.013446043004300377,-0.013263837291939692,0.015765891965565233,2.025463723376639e-06,0.02030569648505645,0.002273014979090033,0.0010662430617436164,0.03297921992793019,0.0030910425161255403,-0.0011483395971235689,-0.007041237814913978,0.018097017807860046,0.01002380822123736,0.012589188452707298,-0.009052942948686098,-0.0052039195572264356,0.005312539711565494,0.007121519767957629,-0.01035823055110527,-0.002054532284678025,0.005705131773139982
M2|C00083,0.05123565501683993,-0.0568052437338162,-0.010834812414031522,0.003005183924898889,-0.024069882507605604,0.008149331879938004,0.004243135597824818,0.03388804333714399,0.005970261436511139,0.015077242961060411,-0.005483498573511898,-0.003688498419996943,-0.004468186462000058,-0.0060488092832264966,0.00021049381275049174,-0.008859439369624415,0.018373124974329153,0.009125242630996639,0.012560892879926035,-0.0015254136713814352,0.003512933029581966,-0.007765652185055736,0.0005427398475263459,0.00385273210624557,0.008366049241119892,0.0028295428299534536,-0.012139898213916115,0.003588706208891159,-0.004387759106048111,0.0028348976244684174
M2|C00084,0.06053607234466561,0.025121752132589208,0.04551970109864701,-0.019642962494244468,-0.03937138049426013,-0.004079717469651475,-0.009743415284278125,-0.038270805246649144,-0.022061268546902744,-0.0065148196210659945,-0.00619964540843353,0.016160588957532078,-0.0006827287105970683,-0.017106815130549735,0.003587355352723181,0.019446376060764263,-0.00045846043577198837,-0.024802491684377728,-0.005795729087718509,-0.0007386628444676994,-0.005186784281209525,0.00479898506586964,-0.002272226601387643,-0.0031339532080586264,0.00029960882881356957,0.0020307356481788627,-0.002310785806981282,0.00025381226238256654,-0.0020513896084771023,-0.00014086915727013364
M2|C00085,0.11173837825498978,0.011041827467128847,-0.0007486373940302187,-0.006786034131185435,0.001137588988561026,0.006846466799868729,0.006778776927648843,0.0010152046321731088,0.006370617359119378,-0.008257270778368379,0.00554433065897333,0.011667823869157044,-0.0071335987384481036,-0.005901493907021089,0.004776220805610242,-0.0013772031257548332,0.002603042078607722,0.004544809242079909,0.007962911953460883,-0.0028572014235631526,-0.004636158609548338,0.0026896538706319218,0.005051977106587789,2.1014826638007532e-05,-0.0018527378931912292,0.0045242001073539165,0.005139611834654858,0.0037921009040502713,0.0016079817854881891,-0.007885433766320966
M2|C00086,-0.05489578876390147,-0.05018376630287394,0.0265177653183989,0.014699452448478744,-0.019616144330420755,0.017220115596341887,0.010705100180820064,0.01512352402799841,-0.024451614189891127,0.011747527860878347,-0.0159258675270145,-0.014622739443232311,-0.026921654926828777,-0.029814831051898152,-0.017874444231049752,-0.010584899336896719,0.010459893093160743,0.011791791032933811,-0.0014679001926899895,-0.007228245469305037,0.010044500540239316,-0.0019030785930441334,0.014270565630377702,5.0724130925743504e-05,-0.0127974226944619,0.0010181103836752717,0.00564584033163281,-0.0012450633713600402,-0.004472323785925565,0.012393061432964148
M2|C00087,0.05525210310009465,0.030295610958244172,0.020116287005689414,-0.019710251947856073,0.010506597856041069,0.0052461629367076806,0.0227314346342999,0.032403018512739114,0.018599525242660956,-0.009378519427361984,-0.009391271155254965,-0.01771873905947351,-0.0019317379960878832,-0.00022933087057191613,-0.0017053231837448515,-0.0057772885877644805,0.0013785988237025883,-0.004379027647273556,0.0024626140797239585,0.00045635973229843504,0.004708764810282707,-0.006921406979586616,0.0031782744185914298,-0.008386228835601754,0.02260477983817531,0.008781050646998202,-0.00542915475448805,0.0025917636766026255,-0.003691332508615723,0.0038484412413292107
M2|C00088,0.08777452815197787,0.0024760663634198522,0.04839088438333452,0.014345007511724952,-0.03559489367074714,-0.03261855751566276,-0.01899439008185242,-0.02493591305745374,0.01511960718024809,0.006881374841189183,0.0025427786808096303,-0.01922268336543973,-0.01683077600048437,-0.014068349205765919,0.02161754753702415,-0.0006842991203393643,0.004426209576302256,-0.012210675861133181,-0.002378814979177087,-0.003240456121822483,-0.01925063485673928,0.0021886974351705384,-0.01400407124747078,-0.008112388893938593,0.010126482931694459,0.008713495875470012,0.0005846901874320738,0.002006268685450626,0.002537994419441277,-0.004229379617848821
M2|C00089,-0.0634436110857693,-0.0018594796946128306,0.006781808283951335,-0.04174508916381689,-0.014246122432716009,-0.041647413300754756,-0.009953657401373349,0.010204177455531349,-0.016537661419103504,0.011486529019041925,0.004068707224160497,-0.0006249727183018604,-0.003463135769833884,-0.0168019877049693,-0.010152802584936192,-0.011276629375290228,0.015674316638134574,0.008785630540754305,0.007575594735635586,0.014424989038690411,-0.00985584602629687,0.004304897072364399,0.0010207659462259308,-0.006976709238333743,-0.0056406863132073114,0.0011327980668986567,-0.0009503982361736005,-0.000406678738692982,-0.001288005914841594,-0.0017141846814941277
M2|C00090,0.1131861043701466,0.02575179992029545,-0.03003485995610741,-0.02206415495830764,0.010773222003046246,0.013034857216944893,0.02501127349257143,-0.030228138347364802,-0.016463908482524846,0.004595418481800013,-0.02048708518526344,0.02753937018982938,0.009536373907345179,-0.009803295049903633,0.009083604107511929,0.0071617371694898315,0.00041704794670923274,0.003794281217590798,0.005091711215481939,-0.006013176843903861,0.0048878170774618,-0.007907326816303767,0.00051398698687154,-0.010612407890209593,-0.0013082495566351911,-0.0030263114631484777,-0.00368089154419501,0.00887061081996251,-0.010147714521576631,-0.00019723175677679197
M2|C00091,0.004650214031006534,0.031460614537224756,0.04473904448309772,-0.011619304996791084,0.02821927346082044,-0.03803107629640644,0.020092786584542034,0.002988631100466488,0.03321600790244816,-0.009921720519422052,0.02073968428311918,-0.015510304839206247,-0.014086502732884981,0.007248797562985448,-0.02047949638152542,-0.0045330120252613055,0.0004599696848497569,-0.004357071278717783,0.003824301372441327,-0.007741256784118728,-0.0004545862336794538,-0.007822643841698897,0.0022537280749559503,0.005449812335978124,-0.0009920938239633837,0.003102023569069959,-0.0007986994460797643,0.0037233023335048526,-0.00313756973255863,-0.003748113626994073
M2|C00092,-0.045371512247964874,0.049568218138909236,-0.023943964939739385,-0.025253006873778808,0.016185169437392753,0.003415179192666212,-0.0020429374613708017,-0.00329181269757815,-0.01927134923195659,-0.01092649810907078,0.015338914282262599,0.0006212256259926773,-0.01026410468572929,-0.01997538486107392,-0.01015151956355767,-0.00962148587096147,0.006043804628911242,0.013570497904042064,-0.0008416271864677865,0.0030146480556296727,0.0036304766756545853,-0.003640602274620588,0.004511713526264477,0.004565501629321033,0.004664312366645972,0.004691200936005036,0.0023545017451035706,0.0015623170419209514,0.0006187844658187107,-0.0024667594702247513
M2|C00093,-0.029172005982989087,0.07100778639901893,-0.023063736290110153,-0.0448457370814078,0.011609564460271993,0.010471720376477221,-0.004593674482614716,-0.009969915920695916,-0.007963681200899441,-0.013247455783361896,0.01590353965389534,0.02103490198755266,0.012528888851535462,-0.0007837494552239427,-0.010406846906395846,-0.017731114340100086,0.006239398625277571,0.0014042728317782424,-0.0010648655676842366,0.014373403952723412,0.004035574106727659,0.003987529648342165,0.004098417549132186,0.009701865619495912,-0.003976151086881071,-0.008711730469426112,-0.0054626300341111475,-0.003040504023962444,-0.000830186454122376,-0.003841506231419156
M2|C00094,0.17511845307972496,-0.050455027199456444,-0.005280263652540755,0.000303205699864012,0.01620506576183912,-0.022059806474429854,0.022249868615144587,0.008635004446194503,0.02451110538475093,-0.00876661361535195,-0.011573842813027166,0.013098549492600815,-0.0038750628067363256,0.0025064928003516963,-0.007245657042425798,0.006073509154017692,0.00374833880993117,0.010711710131356763,0.0030795748520195667,0.0004939437779246715,-0.006114912263835211,0.00566582555730674,0.007637063495518203,0.0058915405873757026,-0.001544129192931876,-0.0010691110513785568,-0.001589758403276401,0.0031768556456389942,0.006081443327070938,-0.004043458694247016
M2|C00095,0.12336346419273138,0.0020295488211426946,-0.013016279795953153,-0.0070839102422916205,-0.0008364848561330769,0.015540369569937621,0.008202988681257562,0.012257135903988293,0.018606087239238914,-0.006841534869235758,0.004359323565714557,0.003792163731012067,-0.0111454151574488,-0.0025917283717494413,0.002957047305870719,-0.002388936307186811,0.0015577875221820477,0.00663573091733283,0.006577930816961671,-0.003294974724212795,-0.0030889238185389735,0.0007360812799812661,0.0038940368503936284,0.003895486654758053,0.0005129609427101512,0.001620117176194809,0.0033739347737319013,0.004857548006736346,-0.0017926147172396207,-0.010644866257810241
M2|C00096,-0.08884891355617398,0.013440962588392542,0.012771804062675578,-0.047154280651058623,-0.027320915592548612,0.001779697649181735,0.008838525315211898,-0.0036289391722102546,0.01565611424268751,-0.008244744609050626,-0.013540404534965623,0.028567065481565738,0.005223903555949677,0.012415974667620266,-0.015474901484953285,-0.009486360632748752,0.02115266822952232,0.0010847482261543062,-0.007306858802860544,-0.0029232586112637442,0.014481992331468763,-0.007910381685713959,0.004477379023344885,5.1585651991636415e-05,-0.00010051954910332371,0.0058797683149028005,-0.0015246312039069849,0.002123236490608025,-0.0031908864778245815,-0.00043987368752308856
M2|C00097,0.03845804871799998,0.016257697167996462,0.011992079129780826,0.020173418398175755,0.004204446072179547,-0.007221334722175868,-0.011602809761795067,0.06018927273285336,-0.031067204620122274,0.0025172638533609596,-0.005151775478033652,-0.007418600071093568,0.01102887907949121,-0.007937667928920096,-0.003908606445438776,0.006364120157702598,0.004059818747731555,0.00784894541447052,-0.0022247392976076064,0.013985596637857636,0.00773469517552836,-0.004777838856524591,0.006265608162645884,-0.009511402463079261,-0.004447714098565264,0.005825361468480493,0.0009745343726540349,-0.003449843937939475,-0.006038850759356246,-0.009179457932586014
M2|C00098,-0.02340701078488284,0.0480661363892042,-0.02219700637902188,-0.015136263306390715,0.005036668432319504,0.011853687309761496,-0.002120195878119588,0.005207179413912126,0.004486231048232658,0.004719647788952286,-0.0007777047976751769,0.02540158141632448,-0.00027750021646633436,-0.004294489558008428,0.005070044744448326,-0.004091045360613073,-0.0057914962393569944,-0.019098043832427285,0.0014766275186117214,-0.01363032077236929,-0.0005911128448866826,-0.0012080492564805442,-0.004229796920901757,0.001460128614852494,-0.008006938076994192,0.007331572265914436,-0.00812344691090599,0.0007774135005928817,0.0023742839855926965,0.003437500368673598
M2|C00099,0.11226976889752673,0.04530700250735166,0.01000684545658367,0.009011436831293074,-0.0016783903545475856,0.034927680386816054,0.008626965058801445,0.04822124986621656,-0.009114717263966602,0.0076745762735279666,-0.009381958662736483,0.017037226472682795,-0.010835063749194247,4.608554445590448e-05,0.0012036850944944152,0.005395426349465017,-0.001123568736350891,0.0011535498766194557,-0.0004389168774062996,-0.00569428143116319,0.0025960811661523706,-0.004880952041211814,-0.008467585244087115,-0.0005773165355299256,-0.011219335605650131,0.00021991248497295874,0.002365660766301487,0.0021754097828196625,-0.0024041309828420647,-0.004176695068699417
M2|C00100,-0.10973935612260033,0.04509502563735457,0.06387863600516355,0.04289624002596581,0.0465754725168336,0.004246462431552874,0.025307263792921586,0.016536900858218382,-0.005344338836473847,-0.012833172543961121,-0.029923203223407444,0.0029478175448754865,-0.007649475944115954,-0.022488534922923454,0.0007119657524059729,-0.005052441858755532,-0.00015196302000597775,0.007715574224685588,-0.0068841781865553444,0.004527142352799971,0.01605188417959424,-0.0007001023114772094,0.0033590098563118682,-0.022658100483991674,-0.008999321217020701,-0.00814935070659607,0.017453226361018283,0.004080710584715581,0.010697394762060351,-0.0009198804510090103
M2|C00101,-0.11792040196898163,-0.0600205891502869,-0.057683312942803995,0.027137854281627516,0.007001542382650571,0.002677639880796045,-0.0010470244167832161,0.006258356760305552,0.004585523909062045,-0.007483707892479446,0.004133674193684637,-0.006179835341627369,0.007147400535184426,0.00688475611875952,0.006755295528647571,-0.01007329547338392,-0.008929815756658273,-0.006085830760493985,-0.0014926737325500182,-0.01410753176310682,-0.007368575075183559,0.020112349048076305,-0.007528305889181975,-0.0037389244114550014,-0.0035114486490019936,-0.003382998417738221,0.0011584392149288699,0.003645174545775809,-0.0065756069022663045,-0.012664844607917815
M2|C00102,-0.08396764203862367,0.010545519175932667,0.008113680503029448,0.04844237642827659,0.011753825747296694,-0.0021522884642234475,-0.0016163029181878797,0.01199331069772692,-0.015140529996904392,-0.0036892155093085468,-0.023018516796683354,-0.003345880870915153,0.00582274005488496,-0.030983195921316882,-0.010760672728301812,0.000506402153894018,0.0060850157123341865,0.016982426321261526,-0.0013970650437480929,-0.0026149366214762056,0.008865329870951956,-0.0019470877971277784,-0.006384550043970009,-0.007562171349778657,0.000624791206233988,-0.0005066831301942628,0.0063511293173577205,0.004025554939496651,0.008294882290438597,-0.005418230447720879
M2|C00103,0.08424894249508758,0.047884565985792056,0.014244992620808323,-0.003453838232361036,0.009714849241450997,0.016066387099855677,0.020050204962924516,0.021208811530597928,-0.0015181052493746267,0.013774776607499902,-0.022307475869996877,-0.0015017881295154747,0.002883254166543465,0.006130342969214421,0.006012703531758673,0.007471322176245802,0.0012409089027669198,0.007918454440535605,-0.005698808285884244,0.00511125227046331,0.004257409678993026,-0.0027146831714914277,-0.012708219204239634,-0.013220308459312833,-0.025168443586264192,0.008592091709984755,-0.0010843318972343892,-0.003032026725167921,-0.004862962874407298,0.006248888802068589
M2|C00104,0.08344440079863644,0.05194616003825264,0.05990971739784354,0.060542678358931415,-0.037192079210724295,0.009143025815290412,-0.01595293535069464,0.0007269356832364211,0.005197485318190036,0.012803190806367073,-0.010483813995379366,-0.012690521815732467,0.014518621598995599,0.0018755500168691583,-0.006052788813685893,-0.01837263163252685,0.004091201082983726,0.014637912335145279,-0.001787483579435001,-0.006454278542264391,0.0011742174445330876,0.0016780389329742115,-0.004144969698025294,0.005031054516634103,0.0011443905055176296,-0.005577929745195215,-0.0035285837913864313,0.0004164387645615134,0.0022811364697139878,0.0001931689316078881
M2|C00105,-0.09746495442785776,-0.10279975493186529,-0.010537384193165099,0.013283397158074174,-0.017582697798400312,0.02401716337152264,0.00925579779970599,-0.010651529513747888,-0.007900706952577845,-0.025111205849326718,0.014599833851995226,-0.004615095202629899,-0.012482349733564919,0.026468908545430544,0.005253624432550245,0.01998628532977363,0.00819493071046301,0.013643345639487275,0.005771912328083822,-0.004897539505944245,-0.002114531517958243,0.009262498370202023,-0.006985416768406652,-0.005405717812739558,0.004210428526968555,-0.02485821582175024,0.012951414464513934,-0.01133374980177001,0.0036066452578528154,0.006916486864935806
M2|C00106,-0.06534100671961778,-0.07239741871916273,-0.032116856447785454,0.015849524737833777,-0.013983223513778084,0.019504327969592228,0.005713474046096781,-0.00678023338853462,-0.004413167597760361,-0.012340280612583134,0.022261251861087253,0.0034900397166295785,0.008072337521295232,0.01476466395412597,0.00870861924727216,0.01879110319968268,-0.002822170969784112,0.0063114420708471255,0.0013033912136338457,0.0062485866841932285,-0.00408269989195591,0.002434249838602981,-0.0020075644318578757,0.0020796027075784397,-0.0014687476696662847,-0.008676468264908916,0.007191775286080381,-0.01383541083387043,0.009207034549554212,0.007172997636047115
M2|C00107,0.0616647762740193,0.035106462571588476,-0.010443699318134776,-0.0358816544173884,0.003919001551135369,0.019884271706922568,0.0011438721276065872,0.005829823631912754,-0.017483680481180222,-0.002054682391356261,0.0036960579961225768,0.020542262871618186,0.005269178890796742,-0.002101857534135587,-0.005026807104042697,-0.006386286519735797,-0.002759117554189627,-0.01152242617005916,0.0005972540960527211,-0.0063199206877535595,-0.0023607076425140854,0.00042325443135059426,-0.003960445387739829,0.002538448803911691,0.00018057416166993972,-0.0018005934031627467,0.00587323508392971,0.0009813986039513682,0.0062915624354996655,0.00305221072572193
M2|C00108,-0.07458503291221805,0.04099319718521499,-0.04416878326551084,0.003861426352135718,0.0021438920757910827,-0.01557517956563622,-0.014470511001438745,0.004896078936810516,0.02289858871770187,0.011992605217823768,-0.008862718229494507,0.018571269916173336,0.008985646028969417,-0.0015739787906227834,-0.009174303783774082,0.0013384133084855092,0.0018983895793464529,-0.004384997958662649,0.005376716516958447,-0.0023324490749031565,0.0013319909222394414,-0.006111745479476519,-0.0035194681247440462,-0.0009508112415975309,-0.0043457700083546985,0.00013811426602691705,-0.005184349881903824,0.0022408696191759947,-0.0028434018734814588,0.0015730043286250298
M2|C00109,-0.08153075670328687,0.042225092397149167,0.08263477229867934,-0.044489137722811614,0.007066733646017515,-0.026386956206704937,0.019964322665952546,0.01364280709550938,0.0059974903105901416,-0.03960628594593251,-0.014252785935984233,0.0022747023921733914,-0.006653914283268525,0.001054509914574907,0.0022244564047238617,0.005476179672548851,0.01722317937005213,-0.005456645787076562,0.004395594632823518,-0.0035420115038191807,-0.0028413971428497896,-0.0029113421357937733,0.004242029407621426,-0.007019749245640746,0.011584651534030295,-0.003446384631616959,0.007757280857644406,0.0058752195427741296,-0.001874827273953459,-0.0065508969108038755
M2|C00110,0.03857427172077257,-0.025329657925709195,-0.02447256024338118,0.016569937384322733,-0.002871876695905542,-0.014733329507386957,-0.0210359144260613,0.03803185092838878,-0.02269801263503719,-0.023609407551370393,-0.0018282737414875732,-0.008271635675780147,0.00085721592699884,-0.011070460750495099,-0.0016584148950392348,-0.008184130306925046,0.004089368141773173,0.012132061907659522,0.007185223288403042,0.009839587809180341,0.00768182266871273,0.00358100115000956,0.004176750479220032,-0.010987925443077582,0.010676747108946711,0.005598398238740185,0.001710018475985601,0.004740945981914287,-0.0069643496307216736,-0.012478434213787849
M2|C00111,-0.08134956787720504,-0.09341192116582742,-0.037113946938798825,0.02998838588159557,-0.008409055217713016,0.03392847316379571,0.012965254442323626,-0.01182549797479155,0.0018374135111757462,-0.0004350063315072194,0.01847229011447947,-0.0009864993075899896,0.005709983779598508,0.01999968775228775,0.008041616804981068,0.004913501395248656,-0.013000674681826039,0.0011100207084664261,-0.007374799444380268,0.004114459309190743,-0.008814961076381985,0.005915067638491608,-0.0011525458602953573,0.0001101770093803311,-0.00021862443573987279,-0.0022156469166605903,0.0027630099693626304,-0.000696386408425812,0.004499405573636117,0.0011825572792693937
M2|C00112,-0.024230287274193487,-0.02184398969376448,-0.024400334401685445,-0.03919082898090635,-0.027733037920923725,-0.03161359745401358,-0.018072548801915528,0.009266169217064845,0.003986734002215278,0.027602423428754103,-0.0020497470532796743,-0.01019594310295182,-0.0035392086671207695,-0.004834291679712213,-0.001009057287839873,-0.010203163498024337,0.00973596184843505,-0.0007739284632621735,0.0005646256402363467,0.005316205824795083,-0.021262571045081963,0.010087987990504213,-0.002743127634890817,-0.003210977303981825,-0.00424720929638497,-0.0032604518512293836,0.010477710786579247,0.008404762824609762,0.001347742706503129,0.0021815396079855704
M2|C00113,0.01865192503995541,0.014027884408849792,0.0201825120716761,-0.0048116160180247235,0.01670483328470759,-0.012049570416708037,-0.005735544780289116,0.0012244874424629899,-0.003190696214566311,-0.02670292059354745,0.01988635958900908,-0.005678573080853937,-0.007870312132890385,-0.0098425045666089,0.015796001370553363,-0.013273083218718446,0.004234901870713656,0.008574733616481799,0.006355587879707379,0.003399123453416957,0.011149158292179762,0.005295528579531068,0.008458025330587295,0.004480853249679376,-0.006718576884930459,0.0030663956779107904,-0.003856705697839352,-0.012063748910622606,-0.0025288258140895195,0.0034780795266086857
M2|C00114,-0.08598859935001027,0.01648258166925786,0.005737433890691573,0.015084092128967037,0.03242865631077217,-0.010748534545627532,0.020115899740816713,0.008555376616442009,0.008370127025018877,-0.007584613007263894,-0.0071848283157588694,-0.007685320079775181,-0.0060338353617358865,-0.020966524620002126,0.001431740989628623,-0.000711452049681565,0.0022846089198296483,0.003312758405252913,0.0024014329537789896,0.010501907723421714,0.002913651884351833,-0.008226668223443236,0.0014144061309379916,0.0006785942564588338,0.0011169794287170937,-0.001063983706688954,-0.005550515169326224,-0.0003073997945162763,0.0043477871577884495,0.004870726140515859
M2|C00115,-0.0631165130136583,0.02486533674183763,-0.017005671576662593,0.007179105733362784,0.022008824110969796,-0.0033824738439822847,0.0013662709141182808,0.004836679877555522,0.011042473379017963,0.0024660839104089223,-0.023060965578254586,0.007049106112073938,-0.0042753862743066095,-0.016170433515585853,-0.004670474046150162,-0.004166050713888274,-0.0007036556349462227,0.0019079133066968747,-0.006425842515955837,0.009319531230170642,0.0023018651533086468,-0.010102471342082323,-0.002548270414757745,-0.006684122064904309,0.010338837069200602,-0.002330463307786575,0.008240099088428007,0.007118256577044628,0.009802150268848316,-0.004121623189026255
M2|C00116,-0.09224232699734249,-0.014683514048273259,0.06282704445430899,0.00480645032354517,0.056146826199430955,0.02567363792954706,-0.010327715926660612,0.002473664155543072,0.014685916207402188,-0.0054766311444478105,-0.02957411409501354,0.011928132714926501,0.0037994878926533643,-0.000823973430177701,-0.008335048989314057,-0.022365683641609246,-0.004723379225244016,-0.019541555976929754,-0.012141947533332389,-0.0064678839252329525,-0.033196164632952434,-0.010111645057668175,0.026228957216848873,-0.026947355427077924,-0.003935201375687851,0.005815502817778171,-0.017861527962583373,-0.019626633705718696,0.005616027652960291,-0.00480515454895206
M2|C00117,0.055532040754187405,0.0638244616762744,0.0500493726156218,0.021827930515037633,-0.006741783390136777,0.001259826702886762,0.01930733566095736,-0.031707743266328955,-0.021016993044561106,0.011865535424347718,-0.017689873794947956,-0.0012022008461652304,0.02496668360477704,-0.0060654897656269935,-0.01190341354387926,0.0011918215774044285,-0.0003694834507921506,-0.005634628151510829,0.0024315633212102735,0.00428850376245389,-0.002180213458598407,0.006915846653522213,-0.004937047202455707,0.006849095765839536,-0.000742817354197895,-0.0010921447427496521,0.0029713897883180116,-0.008433588877344541,-0.009779440810182755,-0.0036213082584554677
M2|C00118,-0.0066913212859699,0.02789725381992347,-0.04862691903786957,-0.046121327568013584,-0.0064652591752682185,0.00956502286521217,-0.00733990492847518,-0.0021025243874462363,0.00623542109399911,-0.0010833949061909585,0.010374737852834676,0.0013469653517523218,0.011448649651234075,0.005017325474186785,-0.013387704921868871,-0.007980780443858934,0.004321950331962116,-0.0005914199725576212,-0.00047940644277928485,-0.0043682901628713106,0.0027264714451787583,0.0028924298817621444,0.008640297090116033,0.006567098660746338,0.0011963564068343281,-0.0071282577761378535,-0.005581877605297506,0.006552650938027375,-0.0027450371907299514,0.0014847593379278387
M2|C00119,-0.027357576027573046,-0.0058953277890498165,-0.06160410126483322,-0.009502811416456276,-0.0013769668325391772,0.00411338268989415,-0.005155688644352419,0.01359171296489795,0.002268966143865664,0.005574467068261604,-0.005623768334583575,-0.0062584975068867175,0.021681625411592645,-0.010623811637329414,-0.011922815906957608,-0.005599683233514199,-0.00414670665155805,-0.0058004240034300976,0.013391307607203529,0.007510511729540839,-0.009246704657015482,-0.011186961280963175,-0.004836484138106793,0.004285761839564428,0.00033166775279293965,-0.00819730902971989,-0.000145200361421897,0.0030040597259500556,0.011747609483631455,0.007294727323566694
M2|C00120,0.08025754596327649,-0.053620844549721235,-0.015578873566051027,0.015199008676477312,0.01683636847410003,0.011004203795549044,0.018006836894059488,0.025683535929611877,0.004926082792778718,-0.009834640178706977,-0.006466672092229015,-0.004247822799560211,-0.005123457764398354,-0.03695757925425546,0.019286465569358768,0.0022684890652241306,0.002592823157899063,0.004587130141494028,0.008787076692312351,-0.00896092333560933,0.008397154608050012,-0.0009966288670678425,0.01342672930582057,0.002330571780537002,0.0036570790066066026,0.0028784070568637537,0.0015943395081730346,-0.005599662530008749,-0.004751467962501902,0.009018777725334947
M2|C00121,-0.07784029335198937,-0.10536317161203443,-0.04818636222466813,0.03110295177180486,0.00046170576869493347,0.021500051021349626,0.0022482662571570583,-0.005231834748592475,-0.008834337912866766,-0.0018021434469332987,0.011955910407403514,-0.0075588422001151515,-0.0014193342389549066,0.010200277258830725,-0.002276375291475668,0.013465686577497978,-0.012634257855132223,0.010986828605718988,0.008933282577853894,0.000404875431674852,-0.007660444238842896,-0.010155275829151196,-0.007423502458443307,0.0065161956542887246,0.007518529244578623,3.237535943342332e-05,0.007196123905738193,-0.0015856886477853501,0.013573099659626563,-0.006285274743719415
M2|C00122,-0.0017065305337684489,-0.07556335795306841,-0.02574844146950069,0.009176739174812336,0.027432961239462355,-0.01903705368996946,-0.010065013102084481,0.004696120507240247,-0.028733341005001738,-0.02165267719128878,0.005494038501802662,0.00036872326187090593,-0.0006866158209130182,0.007933339301542155,0.008784872193337553,0.0011057957765098802,-0.018609758989117337,-0.0014619493406063419,-0.009152768567797669,-0.0026732534557677586,0.010994964716205056,-0.0011415558095896681,-0.005604953773063839,0.004823345673626036,0.003470634439890719,-0.008606632282295437,-0.0011980856378465668,-0.008771608633561901,0.014606763624098231,0.002566691245636394
M2|C00123,-0.010729073793653635,0.03497462031438165,0.013433894560121971,-0.0322577571226949,0.02018763338908818,-0.024763704704726552,0.0015398950556687319,0.011443787988849702,-0.020684896250554842,-0.02263577779570059,0.00935611947771222,-0.01188061416437587,0.007452374397209568,0.013393775073810336,-0.00828383394162348,-0.010364377214741085,-0.0044107478126197116,-0.0025979129754417803,0.005158570846781538,0.01927419686838133,-0.0010808661116226104,0.013360700205367414,-0.004471829487848065,0.0009377870131762895,-0.0020147418422060246,-0.0006676371858397743,-0.00773826439287322,-0.005978275564438984,0.0068615645799610745,0.00270472186494198
M2|C00124,-0.07617274723559318,-0.007321663825572036,0.044989110088396324,-0.038086246409182595,-0.01924449604246324,-0.036907246136905526,0.0042973127945198945,0.007282674871776976,0.00994415685357066,0.023717487495334578,-0.012636036443275366,0.0026483218705777183,-0.027420726083823493,-0.005986251370571172,0.003148803607501045,-0.0029436297173457745,0.022124980857623155,0.007087017903080076,0.003974406726046615,0.007897260495141934,-0.004615588731259909,0.0011453253366564302,0.00812207121851871,-0.006237070443414941,-0.0032490339329500732,-0.001661827035510288,0.0033496463802199948,-0.002748355399739609,0.0006221249799065326,0.004364345750731129
M2|C00125,-0.08491630064103926,0.04384064918635162,-0.02954138278368613,-0.012985600601868862,-0.0008053738932931038,-0.007985554830082914,-0.005984717263945521,-0.00043932777532337515,0.03438671438531607,0.005650349862552878,-0.005535912291541281,0.01780057975050763,0.0020773635799571076,0.006557281974163879,-0.00972643615892818,0.001901869010580187,0.010933032753704417,-0.010201506303914486,0.003547552389559575,-0.007207526683974893,0.009566461116212333,-0.0010725147204838925,-0.0007642730558554586,0.0029622738990537955,-0.002941407024339316,-0.006558707429064518,-0.006172459623927161,-0.005910994424272984,-0.0054050993485168725,0.004778082202953687
M2|C00126,-0.03305684849050165,0.0027774527902199764,-0.06504102209117822,-0.015923692236714453,0.004438142065200031,0.00924573674639507,-0.0030115721659478693,0.007227503849408967,0.020470843831344822,0.008373810625479452,-0.0073162480872955744,-0.006519002539869771,0.005498362771319249,-0.005473408806149867,-0.006062169511592302,-0.008817632984564281,-0.0039254571891641854,-0.009324182151255354,0.0020703587515073715,-0.008528665861792514,4.1056037203991415e-05,-0.0026394450984988456,0.0008187126770345686,0.003307176429435747,-0.003843002858879257,-0.005999846700368906,-0.006684089992396466,-0.0012333203608774768,-0.0025514827694296588,0.005171854385580468
M2|C00127,-0.09667457012683149,0.0697652780704342,0.005080851806822382,0.009060810257648818,0.02660064710367997,-0.024570156734619156,0.0017067395512997616,0.006121004627717441,0.02827902049459327,0.012485298109894032,-0.010867253430877319,0.016989842823119952,-0.004483781806649351,0.00023142046666607002,0.010157700268142528,0.0013756817372540691,5.473009174046275e-05,0.0066407742482612895,-0.00013791461183868027,0.004686463616896851,0.0046748584356080996,-0.007459249971028242,-0.0028126317808045975,-0.0012832436697495862,0.004444527235212611,-0.007745102060264617,-0.0009163374280940739,-0.007761481603386571,0.004710403231311703,0.0034024667826916873
M2|C00128,-0.05382314094093839,-0.1048525681717372,0.07720014494131457,-0.08021023258358678,-0.0625719615200887,-0.039820436908431865,0.007796307498642976,0.008000909947076746,-0.019215742102092256,0.04548843038135472,-0.026144708241933753,0.00579887678124778,-0.03690274349592896,0.002146339602562968,0.005054485402537513,-0.019817710845281427,0.019193071543565813,-0.006135502961310672,0.01245808581274952,0.00017871169542687653,-0.0029164302098557086,0.004751374787164738,0.00978488814649531,-0.003256900118880792,-0.010910604030819282,-0.0016077704961461417,-0.0026517526608089374,-0.007335110141230414,0.0068876937236238625,0.001178792378359919
M2|C00129,0.07693783169003529,-0.011131255126712212,-0.03614643414550733,-0.03439899347475593,-0.0014096166134155944,-0.014030612570841773,-0.01330562010487644,-0.0018254121443243914,-0.011360088678366352,-0.023643106011257242,-0.025238719549699175,-0.02289883747944798,-0.008934197690794139,0.011218940986038924,-0.0032101811754230375,0.0004852478928237348,-0.0031338147422084943,0.0032481382621748728,-0.00996952108779545,-0.0023253925453450954,-0.0007268677277159681,0.013660048328107749,-0.00462476748569505,-0.005026934241990321,-0.011298087173378286,0.005343817291220944,-0.0022844608575084985,0.0025412742752080894,0.0030966669523763246,-0.0014662457981948387
M2|C00130,-0.07900717478377146,-0.08371711883866638,-0.05771565159231323,0.01203159314918003,-0.004986558241845343,-0.004937376742629369,0.0032183133428176193,0.013578580043454408,-0.010527501403569272,0.0030375733950378644,0.0036239422395372366,-0.011214882927427458,0.009009839530826132,-0.014360974456050259,-0.015067249087265621,-0.0047425931515224585,0.010378976261323,-0.002741006277808074,0.00924199842215852,0.0009926067517109307,0.0011257616736770292,0.0065887628257693875,-0.002413505358463177,-0.00531409434678786,0.0010417827586488978,-0.006218477730104952,-0.003077983997739358,0.005822351585744131,-0.008470525946817149,0.005518476372519109
M2|C00131,-0.07634534365181467,0.08626521758085026,0.06739936931964502,-0.016736558545214685,0.039411244875010576,-0.0229849853999338,0.029893499273906967,0.0053386169513867845,0.019625653926206993,-0.011382684138727037,0.012925347751733323,-0.01571742346748539,-0.011669283837407115,0.004056955943888368,0.002514196237911413,0.006256612068794922,0.009724909641911715,0.0034896755248427403,0.005020716415873516,0.014523637343319728,0.0014705316142326053,-0.0025058502528539062,-0.0006817428522116537,-0.006732526526797031,-0.001975935143526593,-0.0032467630976579834,-0.00356182867754413,-0.008125471898261237,-0.002928093695511596,0.008657602674074939
M2|C00132,0.02740636248933682,0.04157116864697558,-0.012032282109685766,0.01068297625088943,-0.032512344430916724,0.0015008437289985002,-0.02851963854001251,-0.006032886583118802,0.009813940205253776,0.00962167309031985,-0.013461871514985856,0.0005720595418200222,0.014276650876500294,0.0037413663596386833,-0.004708557885962567,-0.009471600220519141,0.005370591214191403,-0.0016233641916174406,0.0013779009634813332,-0.0051385264379667835,-0.0020065581981921848,-0.005392624408501816,0.003359036820974459,0.008961380124973784,0.005820408886796659,-0.004995001997565914,-0.0017709413603193595,0.0019937706340446316,0.0024283567704043527,0.004754257715756377
M2|C00133,0.013776669193488708,-0.07209800595154928,0.07320753720784169,-0.04353629244168803,0.005794152332863281,-0.0043151529721319375,0.004711628010653186,0.0441275748394121,-0.024334881287886034,-0.012604910847112316,-0.03791256981470298,0.01917934551234232,-0.018691540526711323,0.026654016286241946,0.014079223879642704,-0.022436169191924288,-0.021844888373589836,-0.016465901709103736,0.012521460732320475,-0.021617073946260834,0.0069836460833559875,-0.015259145623382491,0.0019972169771606918,0.015163492733211482,0.015935497597038464,-0.011706614199834956,-0.0012349016061596633,0.005458794138043533,0.0034784557182438217,-0.004923110557418591
M2|C00134,0.11897113066810262,-0.025582893958647466,-0.0035750074019690057,-0.015351356672617233,0.016095339923285743,-0.0009997136382707183,0.020567591121501565,0.0250805378455365,-0.0027403219918992546,0.00027787561762314877,-0.006227501922445038,0.019764399329561023,0.005158844096927602,-0.005403578407029064,0.00155533846363786,0.010247247801554631,0.002472228259827481,-0.0029815295263290395,0.006831582240521415,-0.01263764555442526,-0.007021096734391263,0.007649891080356567,0.0010787955634930285,0.008197041692396698,-0.0014858675995523358,-0.0052820657845838994,0.002055040818583423,0.002673084482232299,0.002173618634080881,0.0031985259422964724
M2|C00135,-0.11745387996753757,-0.0660963688211396,-0.032456142060214986,0.03934802749095559,0.013239601219917461,0.017129628952666443,0.007888584077966068,-0.004417415426151775,0.0016972275250175686,-0.011980492192418004,-0.004436661523517639,0.0047383880154223375,-0.006676804696485395,-0.005168256665627173,0.004596687354353886,0.007365999641983458,-0.0020963059824772225,-0.008827190718890085,-0.0010014159503440431,0.0028002129415650974,0.004883055980675336,0.005416978590873672,-0.021257780839431677,-0.0060189133692216115,0.006278659498537652,-0.004840528320074693,-0.0025063814024448854,0.002896894742920846,0.004337352434487412,-0.004739800965206747
M2|C00136,-0.0009444242750664488,-0.005752764008399257,-0.008627857900198144,0.039174957912818206,-0.016764432346314063,0.015484681879149111,-0.007606323910358552,-0.006192292878456298,-0.004066518951648535,-0.0027441872298664773,-0.010037090462516425,-0.01144703231434008,-0.009539122504777614,-0.023285949384694894,-0.0019121237505614,-0.01283078842081214,0.006453556021988973,0.004163202430221836,-0.0034860748024237707,-0.00503585021594689,0.0029579441265234815,0.0023811351068526642,0.0011715128000591908,0.008199283077417376,0.004014698600714563,-0.0013344079642725961,0.0011889838072133491,0.0038702972872640923,-0.0012782357388103143,0.005898352906032375
M2|C00137,-0.02108758918177769,-0.032865498102626484,0.0776525432027969,-0.02857231265718141,0.06851219315584332,0.03575585149615023,-0.02409923509175807,-0.01898053944948458,-0.003427720199956523,0.0006560716595784399,0.003264087190460413,-0.004962717957220416,0.000669463550979423,0.005845697013065903,-0.008974663733182033,0.005623135556826435,0.020659986036377496,-0.006560072377691729,-0.0018428090624639777,-0.0007340050997566525,0.004828042969047799,0.009217510347316781,0.00010684223150280993,-0.0076816853590967625,0.009946223308043109,-0.007801324915857772,-0.008229962853144488,0.010399242488001217,0.010756442754287741,0.0024676953119265573
M2|C00138,0.022177561821493396,-0.04915324312350895,-0.026639481784661634,0.01986478245974404,0.003425309337186374,0.0019309712063848938,0.006956358501911264,-0.01010038919285849,-0.005945548362871028,-0.010761954171336774,-0.004792709755415888,-0.006405415791185003,-0.007717620458958981,-0.025894530245075823,-0.010635902125538105,-0.005290975982369106,0.003036682740447063,-0.0026045925871981427,0.0029848174780391485,-0.007435554993909816,-0.003359759889160521,-0.0031643326903658723,0.007362712195141582,0.0009957316063874961,-0.007616083697122535,-0.0008730809616958337,0.004089750952606103,0.00669250847052491,-0.010361363395155048,0.009918067187218715
M2|C00139,-0.11129006688005333,-0.10752665248147092,-0.013739211191254512,0.033199245548348445,-0.013803720681058,0.027105995643731597,0.016918541348445407,-0.014137300977447198,-0.0013562002285827548,0.006420638469008008,0.004302491379758254,0.00852987317403817,-0.0027834878326800723,0.018186172861588704,-0.0016851258106637137,0.011870080756388656,-0.005583673904200112,-0.0006279038965430941,-0.0029776690749854628,0.004361349085538461,0.0014193990541670912,-0.005835060701661883,-0.006731868257125434,0.0054440682252091645,0.006988610851783356,0.015981030711016465,0.005641107788940827,-0.0010457181467871098,0.014012607978435093,0.0014685481744786332
M2|C00140,-0.10664810953041019,-0.11029797634774248,0.019418262242923888,-0.0060777655640859626,-0.026428777296448696,-0.00045375273023276393,0.018415635882988782,0.0019423136349484458,-0.015069382085795177,0.010116192153814143,-0.024590035655945617,0.003419132622088094,-0.023150357289034227,0.0062475427407389815,-0.011112713576952569,-0.002541247437841883,0.008681368445888819,0.0015458888375166925,0.01110687673616621,0.0011387480151429116,0.013266734832647351,-0.002741089568795163,-0.00610878236532762,0.0018933706896617733,-0.0014070103520972712,0.002879545005250011,-0.005344708278935049,0.000986650123738904,-0.0016360549518462705,-0.004060709137076243
M2|C00141,-0.0609625306028446,0.06946335766252386,0.02720226840038612,-0.02219359338929135,0.01471156356369031,-0.02988428469974715,0.00544692741700005,0.009451317086785435,0.007536036678195411,-0.02072276015147734,-0.007026209581480514,-0.009771567306659144,-0.011599330570249476,0.002333032828380596,-0.003946418057530243,-0.000511395056941847,0.00608738316444756,0.003689340009887846,0.0012004873860610825,-0.003292586082763971,-0.005046282922428553,0.0010881022847484677,0.003309924979236867,-0.0028606564076635995,0.0024566711807140506,0.0041355745661462405,0.0030196366048194914,0.014577625405065325,-0.006992425267429392,-0.0027195682007268396
M2|C00142,-0.0573085817346168,-0.1123823900822773,-0.02349556544624191,-0.0011472782350740256,-0.02832810872635578,0.018071914726086113,0.011186079085114773,-0.008765810773074728,-0.005849020227140664,-0.003961845948354786,0.022819509072073415,-0.011469875196485079,0.002868030376639241,0.028387054608597632,0.00475554076104348,0.010528779124291216,0.0017863517043110355,0.004561476219310982,0.0009736680183077556,-0.013023580691653517,-0.0002941198713282886,0.002043896674148502,0.008994437680865263,-0.005511191228838412,0.00043479855218046164,-0.0011191700103183148,0.0051238397766215915,-0.006574929846395702,-0.0007116985261187359,0.006793375677900763
M2|C00143,-0.08020747699147755,-0.07217862022443909,-0.04939462014304431,0.038306916753638995,0.013522841062073444,0.02875457605052696,0.006758294471551212,-0.008257401688772686,-0.002266823935615319,-0.007922033203154632,0.005495606867346923,-0.0031307266572346546,-0.009331933121803554,-0.003568103616980461,0.004721273316510301,0.009539292408003823,-0.013204440215385175,-0.001943640238895376,0.003398991437901129,-0.0024241042575466206,-0.000858416142519157,0.0018450834476334312,-0.009485558423678018,-0.0002092469011720069,0.003930527863230372,-0.0025471904388136104,0.003687849422866797,-0.0003112338439322903,0.011044100562479573,-0.005974341785816829
M2|C00144,-0.016151423877573307,0.0835561141844681,-0.004601291951551109,-0.040287242051338594,0.008141606352494212,0.014222997945811083,0.004160477931968929,-0.01164375360091323,-0.002880666147996718,-0.007125258480573914,0.01350291389104165,0.013139663229483782,-0.01096121922243452,-0.003409944142379303,-0.009780474028807917,-0.007145382973187395,0.001457219392956747,0.009390396821410282,-0.00037502021779851815,-0.004998717497278659,0.005863970095895024,-0.0016660874513461327,0.006677637307758337,0.002055639024033524,0.0017178297240892414,0.00016066232911305674,-0.0022767377372518304,0.004709713997923914,0.001120774919746066,-0.00585559639767645
M2|C00145,-0.08518554153755652,-0.12989591417178867,0.02795656842815268,-0.025452490907907785,-0.04306964945407658,0.00322354708802649,0.02202637740741485,-0.0009378886618554419,-0.017917742737126787,-0.001193429831941979,0.0011171648686606282,-0.006447513167775008,-0.008951873528846507,0.050243729338727054,-0.005344861705067071,-0.0019973191461979648,0.01107917331036585,0.005510371709767814,0.004069154502232886,-0.0183670005834707,0.013016929204889461,0.005617385996956228,0.011813333368205422,-0.010428487710728863,-0.0028910201038140544,0.00533781404837733,-0.006004667845882171,-0.003353965586143037,-0.016645993443559468,0.007932057979597246
M2|C00146,-0.09914839227764279,-0.021512660546562798,-0.032557496492080014,0.02362511446154144,0.015822044226690264,-0.0009056697882426434,0.007890821504331036,0.0029430848653126023,0.005174404399011478,0.004731888869259792,-0.009727036447154372,0.003931953431240539,-0.005449298044298569,-0.023259415118635024,-0.006738055169842147,-0.006669462590240433,2.3391865201894436e-05,-0.004791135248275705,-0.0013596818739582566,-0.0025240774594872295,0.006092543229333417,0.00365385033312353,-0.0005727820943014236,0.0025004638534278523,-6.207045833549789e-05,0.004076614480320643,-0.0011916573024140268,0.0007203363940623218,-0.0007617288694511952,0.0044191103964207785
M2|C00147,0.13808051345921687,-0.06242257812910394,0.02514684649829045,-0.004796332938381524,0.012054013800282435,-0.03972616265547691,0.011398010615406275,0.013647807110412215,0.019615766549309837,0.015287157626642853,0.013111019059420751,0.004437901076469973,-0.005934151996236838,-0.0070412026127318235,-0.003449143294938025,0.002916013413079604,-0.004943586256020584,-0.0021997253052479003,-0.016625704897469132,-0.006755969630856199,-0.012039105798340218,0.002343502961322644,0.0008135783677846529,0.007165528722714438,0.0032167854805513147,0.0027819574814736325,0.0013795815787943162,0.00598690908763656,0.001398182337160339,-0.006768610048329209
M2|C00148,-0.09371157374035467,-0.07404125996183356,-0.0413906444893459,0.027482181159107468,-0.0041654619833535935,0.017236751979469764,0.012091813048281013,-0.005440252777496724,-0.0014603292284942218,-0.0042479639584204745,0.006302351426077557,-0.007663662094952945,0.003137734099414181,0.0015767486925528707,-0.003164876894041007,-0.0017438610741812978,-0.0010077854717206096,-0.006255720117888356,-0.005668954382230634,-0.004287529231226823,-0.00020336873545575104,0.015513859869430813,-0.008711581344145491,-0.006371422352302858,0.000995529949005319,0.0032645513793576083,-0.0014739424158413481,0.014297081883144665,-0.004658161270718862,-0.006213832889510471
M2|C00149,-0.06291234687276996,-0.07963163765535107,-0.05126345662823312,0.022420292447514683,0.02407942619829148,-0.006992234028417132,-0.0007270954096485042,0.014001398389445485,-0.030369088608476386,-0.015449867045251276,-0.010691387656730104,-0.008316977844057733,-0.003530741539731133,-0.04355084130888086,-0.019506922463053755,-0.0018886008701236598,0.007268067497252384,0.006315276658359626,0.010489950831736256,0.012187784501371516,0.007292715509216229,-0.020945767488448924,-0.0021317975663490067,0.006571796908196379,0.0075977247641695455,0.003336853435183259,0.008727873163747802,-0.001989001548823133,0.008788626355589529,-0.002816752130792572
M2|C00150,0.03227413006547248,-0.006345251087717427,-0.024727887250378323,0.007067108356805732,0.0067348625705185945,-0.02071910546053742,-0.028440291236655958,0.03200894086734023,-0.02854991675533564,-0.02273767028871633,-0.007064312701862051,0.011393673214341331,0.005667500746399352,0.005163237294803895,0.0031020078894851808,-0.003228189537536309,-0.0002488212288510518,-0.0030611281056662208,0.002127911042589887,0.02030314662281533,-0.0010058896645410095,0.0027324784208520828,0.00071904037462771,0.00476356317175378,-0.00010847466028896953,0.001449812677744948,-0.003999480368774371,-0.005491029690232922,0.003364709238313078,0.002410693824768856
M2|C00151,0.11993614797943924,-0.024048081527635577,0.008123159704052542,0.0030822794332299058,-0.010808390294638419,-0.005522084939006564,-0.005285350527203185,0.0316209183106636,0.0247450016690715,0.007979963177987187,0.016739427849257832,-0.0016233849990185283,-0.005035665734828531,-0.008402165478379504,0.004172363337492114,0.005769443614439464,0.003066557837704043,-0.007596518003059398,-0.0007577338163062172,0.008385960152458094,-0.0053995182946139884,0.0004426658112826631,0.004901305406136186,-0.0018110716081361437,0.009231443432220356,0.010474186930775392,0.003949221431432379,0.00044408716203054704,-0.004207417994100071,-0.004889442104580875
M2|C00152,-0.05376667344963307,0.031033083778939315,0.027115481840365753,-0.0281571116217188,-0.0029719207477139128,0.010726448358401662,0.016065585727742675,-0.0007785019256625946,0.00732031164236686,-0.025017326381176513,0.00045853988740113136,0.001957907626723799,-0.006154502707245115,0.004633990231297399,0.005894976813481079,-0.00034532307876987623,0.006075190075616048,-0.002215345772634836,0.0004591820864895444,0.003218945006837533,0.005375416024335776,0.0013178329969048268,-0.0007039180422114242,0.002806934698661964,0.0009660177541364589,-0.005725902355606201,0.003667680697132728,-0.005880042051159948,0.005894316600159757,0.0027486680774566315
M2|C00153,0.044023505519009326,0.04381599263123266,0.010991368439615706,-0.005824789237405527,-0.004117123069841111,0.004449156974943377,-0.004599404136116408,0.018831857316060834,-0.005121443624865523,0.009849857270101528,-0.0036620427859468093,-0.01505855372477381,0.0003804517851157409,0.009275510465956755,-0.0017669358811500783,0.013429658082622213,-0.007609308037544399,-0.002736738414712943,-0.0042065851899673766,0.005237024537946377,0.005321572110509029,0.003102684207673385,-0.002403086489733713,-0.011272675975760421,-0.024224552337395497,0.004457717507550632,0.005921670025832093,0.0007609701674726518,0.007431428879526386,0.004206627389536998
M2|C00154,-0.0004823768418990144,0.05532444599840048,-0.009420207865335088,0.021807609856163306,-0.01857527833437182,0.002564231742060399,-0.026054551560433407,0.012945661567484085,0.0016440419545498968,0.008285047088843096,-0.00655894599653304,0.004624250210395528,0.012502296727050896,0.0015433543299549891,0.00014207002397156302,-0.013370890754420973,0.0022022481355668836,0.007654198887614521,-0.00497186843200362,-0.00027379456485963476,0.002795325291749237,0.004082847461823935,0.0024549236877787328,0.0008506227950925987,-0.007893067217035131,-0.0061830709341242985,-0.003765928912039151,0.014959154789833638,-0.004219429121809731,-0.004903142590399271
M2|C00155,-0.051122069209708,-0.09117052037522487,-0.009786511976651799,0.054041368417223186,-0.01460048094660303,0.03249619622727654,0.01034818249420925,0.013847459783555586,-0.00023107624156946642,-0.007236958524308537,0.011415806539067675,-0.004244523591079799,-0.007266252964475709,-0.019044281727940586,0.025887496158451626,0.01164239595515586,-0.005690214777661594,-0.004810517913185005,-0.0003988196830350617,0.003265536022133519,0.0001375811409085771,-0.0038786127679864605,0.006107893532544641,0.00046803499243438563,-0.004683833126680875,0.009970552723855813,-0.0039729242626304236,-0.007343866543223283,-0.004029282028158249,0.009002713753802113
M2|C00156,0.008852684625693172,0.059889100687854455,0.057284031476499186,-0.003017119057975659,-0.01705760042666599,0.010475072203106691,0.001459917619278381,0.0017409322448298493,0.006541770116344435,-0.019773056563334755,0.0021075123562149484,-0.003936380322276997,-0.006342824948333469,0.0019101993782942653,-0.0042301744573134585,-0.005181645783547753,0.005287261334984675,-0.005392039220087563,-0.00045983855516280755,-0.007591310982271135,0.01120641589221991,-0.0009631022607278609,0.0005018521876694032,-0.0026288097689796132,0.0037728501670088893,-0.0011012211776249316,-0.004626264644783622,0.0014736317889440557,0.009931857967248247,-0.00020861789356103522
M2|C00157,-0.08068690004591107,-0.12003293396343974,-0.02030353615246455,0.010032585213849594,-0.0266366279947343,0.019196985669977303,0.01722844902711464,-0.008486157178277146,-0.007804745579377157,-0.0009823233087298644,0.014656041766470064,-0.0065544673346725445,-0.006541831569582838,0.02855459842424251,0.000765374458414284,0.013001224279770181,-0.0004912248422891258,0.007338177667014889,0.0023148031374380183,-0.007618275946081058,-0.0006401035900773503,0.0021021807168886395,0.003184553085695538,-0.0031889666642385484,0.0035982683165392392,0.0012256905920621187,0.010109922291940627,-0.0032012406667865628,0.0024384436430566073,0.0052126750783341195
M2|C00158,0.053066303314552865,0.08478107427305846,0.0454224311400677,0.034321677499244786,-0.011584629294556075,0.0333657920643172,-0.007326051607515073,0.04415806242912665,-0.013132756301659105,0.022219602791476677,0.005443116107521886,0.009379102117815128,-0.004392581522602777,-0.0005638960556908586,-0.006686598792920032,0.007882666332197792,-0.010032214918236894,-0.007093901453176818,-0.0070082645119649775,0.014309813343428257,0.013152591929844297,-0.0006956763992526036,0.005129875751357537,-0.008244529980439837,-0.019350038902137174,0.0024572141858134914,0.008967661695340709,-0.00553638951130406,-0.0017994387971788728,-0.002694145343371497
M2|C00159,0.13434345610642837,-0.004042053036021238,0.004849342189598517,0.028652235483328195,-0.022313169485596654,0.002149595124900816,-0.00629069875387047,0.003521449507508891,0.03080814970268676,-0.013458282539795672,0.0031020461002870666,-0.008696589579330699,-0.022572185100974296,0.005257182224629149,-0.013158293611629939,-0.019115977262404545,-1.981776030971908e-05,0.005832287085097121,0.0036839864888196807,0.008460460829370933,-0.0008455586998419373,-0.0028070158195795036,-0.009328923890945912,-0.00225294064493471,0.004969770715919549,0.004166542939665813,-0.003353256870202934,-0.0011163968336764135,-0.0011314047339830277,-0.0020500995055294804
M2|C00160,0.07996470774862487,0.05786622093878983,0.02729404471067889,0.04079851959462655,-0.04461460745256854,0.010352696810904317,-0.030733181926647684,-0.027012830247122924,-0.0011271068136903064,-0.007804492771844459,-0.008133337243568345,0.004382238006846515,-0.00348143581330798,-0.0013604312938776634,0.0010107469509728598,-0.0035765422899139854,0.005131076747607205,0.0003709520447466616,0.0016226737431820372,-0.00701117959941864,-0.005241396911686478,-0.002410671111221623,-0.002347067919675052,0.0022380356120323595,0.0014906647553586203,-0.003292231298666503,-0.0006650661428667548,0.0012306407547372062,0.0003221751154492237,-0.0009461426943133158
M2|C00161,-0.10239714653295129,0.033253167439458504,-0.026584447620710702,0.0033860386364784464,0.004822624620669144,-0.013139493272321267,-0.0029455332747910187,-0.001226013802086234,0.030293458211621157,0.004715676870244951,-0.011603478660123826,0.020794528962792658,-0.00279721509898776,0.00014895270820902592,-0.009448568164121832,-0.003711942703062441,0.008985933253450385,-0.007917740962068303,-0.003028160632578642,-0.01606498025708709,0.011630635706395184,0.007483177281988212,0.003017077145357389,-0.0021027350898875246,-0.002911925214468211,0.005408359289612794,-0.0014890720521783707,-0.0037996114153709794,-0.007404581671532411,-0.001493873789865698
M2|C00162,0.07757399617974467,-0.011684098244234584,-0.03847746292126718,-0.038166274294904275,-0.001736760329503981,-0.009591818134197861,-0.004057543265602745,-0.0043239891300779956,-0.008492668845596725,-0.014982405769326239,-0.004559963964781375,-0.001587097092775026,0.008345824818434143,-0.0011040111618039435,0.004751125943321927,0.012627855660269968,-0.0016743563319876933,-0.005672171710722251,-0.006337008506127617,-0.004804361567648134,0.006123705040178399,0.0025310237775667084,0.0006156517114971627,-0.006623656855142818,0.001442966482345478,-0.0022703121232769503,-0.004040681977682882,-0.00367929156368297,0.010431747853958957,0.007660845668667639
M2|C00163,-0.1025335521660897,-0.07881835979932912,-0.05297045684115324,0.032112161921374636,0.005124474439951051,0.007532195364480509,0.012450949689193318,0.004859883838689204,-0.003757995482988371,0.005106005905883837,-0.008632407874895177,-0.0021968191334545213,0.00493402737352627,-0.033097182539240655,-0.016671864679349578,-0.003376091299854571,0.00578853841503429,-0.003035061065881531,0.0019106783247323442,0.0018107400617993364,-7.000252973909987e-05,-0.0018265536694620614,-0.005639451690640188,-0.00356180904862192,-0.0009602954024832172,-0.0013130206960885067,-0.010408875037697022,0.011785468879502119,-0.006766719894287212,0.008140034075141385
M2|C00164,0.09955730657165032,0.009861234481895536,-0.03274026262869993,-0.02837999063884684,0.009479740159246935,0.008283902168450812,0.02026554217356137,-0.007611027415978604,0.002402042384564281,0.002123277072930433,-0.020339078923846995,0.00438891472283178,0.004668664949238862,-0.0010897925185608334,0.0027271807729679054,0.004018550906260097,-0.0034379105118920433,0.004074489750016694,-0.0009625528567364984,-0.001163981751783671,0.0032632318258557116,-0.0024892836288114297,0.0016885378161443896,-0.003374625863394841,-0.0005296890118908659,0.0031939053967679053,0.0004878075968411822,-0.0010229655675951142,0.0010776688711044838,-0.00037929976021541844
M2|C00165,-0.04547444456125523,0.05851404121776316,0.038432617670111247,0.05600009391407611,0.008660821992345382,0.010155781968078918,-0.0025503947877351376,0.004948152447827761,0.006974800882797372,0.007742318921174099,-0.019305950078899112,0.009669078224394938,-0.002243898004257741,-0.0059666765264855155,0.016159884465809633,-0.009969400209959796,-0.006445150132290393,0.011521370818341939,-0.009055727680122637,0.0019283297879235221,0.013556660923795436,0.0025011984229128025,-0.006701134319944278,-0.008825517783669634,0.001613142736635713,-0.014679188488213441,-0.0007658371003384991,0.002085830038287008,0.008110897333157367,-0.005299336889001309
M2|C00166,-0.06439177601933628,0.04876637510664118,-0.026305077494330135,-0.011243436040895595,0.004461859652848804,0.003084676786096061,-0.0029262379931302694,-0.005426802463384038,0.021017473819356338,0.00449100387985822,0.0024099038590828944,0.00845861993003368,-0.007194639570681909,-0.0006360558651790975,-0.006954266057378386,-0.002072891763017156,0.0005229291577889678,-0.0031106312277005867,-0.0010778708077678449,-0.009439759539247087,0.0024239696378888366,0.0004104047819830361,0.007120263396891019,0.004333281227736718,-0.0030380423619957506,-0.002258238087008663,-0.005737098668114562,-0.002807720726376667,-0.002227133432481305,-0.00021595059802718947
M2|C00167,-0.0039240548448885235,0.06185096505760506,-0.025483216949129767,-0.02696025432651772,0.00025672879147279297,-0.006802678749571907,-0.016030621650472036,0.001385721461350825,0.001298555477191986,0.0025132492021471384,0.003743930449285758,-0.008657373851126781,-0.006522792191182741,0.0030699133474918704,-0.004045770488481622,0.006446024518902801,-0.005003287225408355,0.00439248096544403,-0.0024867683684308924,0.004757373620434652,-0.007244479344294837,-0.0024124480907545694,0.0011604047224389208,0.0020730371992592773,-0.0013793072239422408,-0.003881517411911621,-0.0040863561941189746,0.0011798586937387238,-0.00045016945171840367,0.0027355504046010504
M2|C00168,-0.011992718292819999,0.05904566741457386,-0.03936192527684287,-0.02352113817406047,-0.009129329268960618,-0.0096435296718906,-0.02329600284152843,-0.00248318122380544,0.008510290428057002,0.004286097272371421,-0.0036847842643084236,-0.0032934527614366165,-0.00295826732238558,0.0002732978435946432,-0.007001804730828463,0.009852209319867807,-0.0008197710903138968,-0.006534414160949435,-0.00023101976549918057,-0.003773459084360809,-0.0024838671480835943,-0.006041837707703584,0.0012202644309288152,0.004745344917329996,-0.0014633116364030964,-0.0017187518639312752,-0.004015751738576257,0.003994435808158823,-0.004345725201948286,0.004629708199676137
M2|C00169,-0.05224389374663692,0.00989003555040107,-0.03686338081255231,-0.0043857064398726935,0.0061914131226065115,-0.04975471847807545,-0.030484755954641684,0.019909297283585252,-0.034900321243222295,-0.02736787027067547,-0.01006976710437336,0.014677278678868656,0.016898217994734403,0.003508294892863509,-0.005292727344337538,-0.003709116617757167,0.0033288626507810295,0.014972427387586905,0.005863717728758637,0.011529317560642351,-0.002639803155342455,0.013543111722513755,-0.004630616792919896,-0.012475488746861413,0.0008228766805555458,0.00873015061567937,0.010641730668504325,0.010325488095064098,-0.008770162713571438,-0.017643140467638905
M2|C00170,-0.08609143053582548,-0.08512753330166459,-0.04461346691042999,0.018459873964113395,0.007166589894771046,0.010980049738085366,0.012099837369083377,-0.00018123009915844244,-0.009458038011376634,-0.0023299913008301212,-0.003662831653770848,-0.009415245442453793,-0.00971926042253336,-0.032677536466764905,-0.018077486005958272,-0.0008717200326235785,0.013351623511625613,-0.00562988710767106,0.002557263646325718,0.006640301006013801,0.012424956961940872,0.0026957569027660395,-0.0030302869199325295,0.005169973968810376,0.00844011375877292,0.002864049811509844,0.006376535455583705,0.009317897690513543,0.00593192206711599,0.002824066241604141
M2|C00171,0.12425411754084108,-0.014425713027983879,0.0017917761480527024,0.010684521601550569,-0.0024227498434947884,0.004293525068502944,0.001854536104357487,0.02041796468043071,0.01427507757249529,-0.012240223317405633,0.005078821010144373,0.007944753334583748,-0.010252836517904377,0.00101954834331088,0.0054993876081813105,-0.005685883282877151,0.004078046377957052,0.0035585052114523313,0.012195590394735467,-0.001898268887598975,-0.009984607472630897,-0.0008775073096047484,-0.0014043563303605346,0.004637650671820284,-0.006783378187634844,0.0047525806890183556,0.005726919428013225,0.00354517845993507,0.0036026171288627445,-0.008575938013156731
M2|C00172,-0.09434228157201661,0.05243568901835411,-0.01552258114661537,0.011162028564983297,0.015602646765395295,-0.025831048266076132,-0.00369626158768144,0.005489620212737577,0.027547524371586002,0.01499733484602485,-0.012502940158738816,0.01823949693329674,0.000921288242310083,-0.004067506260247468,-0.0017228663311852131,0.003183351593459053,0.0013292033046458744,1.168932088290308e-05,-0.00044003574061124174,0.005563230720942383,0.003988665356664391,-0.005227781675185922,-0.008890031695778447,-0.0019595703214949647,0.0005731515657415795,-0.001895317395791041,-0.0007942730307479131,-0.008630978949753494,0.006213532598785549,-0.0006208584981593284
M2|C00173,-0.02490960096636884,0.05588361845231345,-0.013161290502903948,-0.006650491903706094,0.009997624397818958,0.018604391646063225,0.0034100300370912403,-0.010733111938705625,-0.007998231628428307,-0.014116908768301899,0.010718352926250514,0.004179997658621265,-0.0017829206079328817,0.003132714731866087,0.00942203274227633,0.002221976585517694,-0.003862109342680467,0.006465926532528572,-0.003964837689184223,0.0051340358627006855,0.004542793965177884,0.003747367000190006,-0.00018073738172780381,0.003617840854486101,-0.0029150341207098236,0.006484818391870347,0.005416082294484261,-0.0030503400626549896,0.006893275766414171,-0.008133611600993898
M2|C00174,0.08745763636190101,0.020616606844455983,-0.012042788123101418,-0.004564164717200144,-0.009222506336286549,0.02037501443004646,0.013259158324049027,-0.01943826797937331,0.005927198281407789,0.003279781553186839,-0.0023938376478644273,0.0145254612943862,0.011634997678732318,-0.002060969627399722,0.005399214773202106,-0.01980896578671649,-0.00034605094882083926,0.0055874973674364635,0.009976903299959598,0.0027778268107980057,0.005228462105683697,-0.0030838728386866276,-0.0017876419361146333,-0.004734752890376412,0.007450015459530718,-0.004354655317972825,0.007453692098591708,-0.00043582835565717843,-0.006671167974472171,-0.002437858587438127
M2|C00175,-0.03727606671150337,0.019464106922954416,0.007449365975885768,0.038217372943593814,0.015266567885135985,0.017262209362154318,0.004037627366676178,0.029991805418962094,-0.01046689150557271,0.007105157236832612,-0.005259520087082876,-0.004269982185068486,0.00115715637161435,-0.017239314581829892,-0.005726256578826522,0.005359748640881642,-0.005162587889500067,-0.00018838004531967272,-0.0006511999479443073,0.01037272674443085,0.004973884293219928,-0.003560863461576088,-0.005496868908044732,-0.007892915412436766,-0.023664420180228185,-0.0008952865979509253,0.004133520452872647,0.005794988716856056,0.0009569817568004603,0.0028288059767061875
M2|C00176,-0.021131236389554765,0.05506517803148878,-0.004153336624080554,-0.024600504817085454,0.010925460027974874,-0.0377033996772674,-0.02712159340649913,0.011945759504752674,-0.03659545913588209,-0.02366074606933271,-0.0027989302541193157,0.017670096496613767,0.00011922992767138316,0.0006877013970671241,-0.0031860141127940016,-0.009496193945183305,0.002452636200085202,0.022269107233442473,-0.0053247255646709565,0.0057119860486706244,-0.006451714604004248,0.008851015145994203,0.00318500041062116,-0.00422478360204664,0.0013884069883386598,0.006623961882476866,-0.0018572183970100643,0.012461696403355057,-0.0024198275438407327,-0.00542066390587883
M2|C00177,0.11471179170690363,-0.01284669249583479,-0.03153862611869779,-0.02822549414911344,0.014544442170516397,0.002344223204113391,0.02760592697858426,-0.010974596494462686,0.008378449922222435,0.0012565590571961968,-0.026505350495560406,0.0006353130813001427,0.008079332371673123,-0.0035371732424253287,0.008278363984946637,0.0026679779640249594,-0.0018693479717603462,0.014434586192155263,-0.0033599618599491495,-0.009678229998389756,0.008814828694076784,-0.0051383216501649405,-0.0021173591502090185,-0.00988926301913073,-0.003177199307538664,0.006695758176414154,-0.009043929767393849,0.004216672333093554,6.484269830627962e-05,7.506437657929264e-05
M2|C00178,-0.07863350464002072,-0.07621688157724008,-0.05007843748124682,0.01967530129829405,-0.004083554802980922,0.003860963094606527,0.002193124347613921,0.008476847529957565,-0.006774796762197173,-0.0061544284539564245,0.0060248390038274285,-0.009666689242331574,0.009339390392092979,-0.006849377499117818,0.0014518914228451836,0.0012443052319065639,0.0014230974344505308,-0.0003013400794041807,0.007140588842590276,0.002068920104229468,-0.0018973573070688158,0.01007416265675052,-0.0063198468174194425,-0.003548878338710776,-0.003319185630345768,-0.008177847814740426,-0.0014762079555254602,0.011311932558213326,-0.006682986625382329,-0.0011868473221186245
M2|C00179,0.03386748931474331,0.09609521475137908,0.04150051162304009,0.025639924586612288,-0.01371112759157505,0.013257960104593547,-0.00930587884265265,-0.0014553019815351437,-0.011340212762193757,0.012035614270185815,-0.002951071344369228,0.00033438306641557855,-0.005562015426554896,-0.009391733434020706,0.0015744522626494463,0.00979409628207673,-0.0025141762969505665,0.002863018047947847,-0.011037387863482783,0.0007043177533286604,0.007032959445845076,-0.0014817792311380808,0.007554334050922391,-0.005873779851162641,-0.003925217377358809,0.0025659364483575217,-0.005368219495524201,0.0027830752083746785,-0.004416027718462089,-0.004995465246254198
M2|C00180,0.0017593268580869588,0.03876341021907844,-0.026641846404340003,-0.0024598767319065798,-0.01796036576428417,-0.008585092508711787,-0.018617236103373458,-0.009565842049559835,0.0011382321363275292,0.004924430856359288,-0.008671514406679145,-0.0057584682700944365,0.005150152437625222,-0.0022866535713729993,-0.00596386591582605,0.014859778440524085,-0.001129705741567521,-0.01121165659776376,0.0037765224190618447,-0.0023354909997693953,-0.007353765727944388,-0.0007578351514769006,-1.5250974996888052e-05,0.0036291002492987445,0.004175471429208835,0.0009790958749847387,-0.005727865229996373,0.0020499073199345412,0.00011090755053404848,0.00213762385121787
M2|C00181,-0.04708960996851669,0.08617289483880627,0.044613889948791806,0.02114059271105217,0.017077049067359983,-0.008015151158477002,0.004216313444615485,0.025986448960576457,0.0064914069354241105,0.01756746263560264,0.001372968519988041,0.0062864656138075315,0.003145172446798122,0.005425553995280436,0.0043012348155753765,0.01137978048997836,-0.0030972350910007797,0.010485255257815884,-0.0012960924082317644,0.011861549808030749,0.009078495885128674,-0.006526479883394633,-0.003380282144251134,-0.013623290279009987,-0.017897254053883534,0.0019276299891466408,0.004319848838482871,-0.006761180834474877,0.0030027877992957032,0.0043178218845177484
M2|C00182,-0.10911310999279251,-0.10186628483862982,-0.010856867946324894,0.03404291676522329,-0.016797055591616043,0.037193624324739,0.021833722625760766,-0.019792443034966453,0.008512621135623814,0.0035328250294336607,0.015856389427601966,0.007898962668690395,0.009498905894543214,0.02229673870246265,0.006422881080493529,-0.005327134903308781,-0.011365775289342113,-0.010566167382056292,-0.021255650994149503,0.00709016586955542,-0.0069814322309428726,0.017428418594808173,0.0018901234705150653,0.0005687656715079112,0.001679706280421503,0.011581478800878736,-0.009664663604037239,0.0011902511218760952,-0.004480214429610428,0.006819604584174401
M2|C00183,-0.08213305570412974,-0.10585273431647668,-0.02203099695006791,0.010703079250841508,-0.016816592600335294,0.026650496523940918,0.012378727530701983,-0.012437684124386911,-0.003958761636371296,-0.0053357601166379495,0.01514731159168691,-0.002515820246852701,-0.002285405905880889,0.020366718888971312,-0.00042143656896907934,0.01604902856835282,0.0021936822172635333,0.002487809175786889,-0.0007269190367663096,-0.011719382215557949,0.0037483452982656077,-0.0006495289014949923,-0.0001010673108102934,-0.0027692299068350482,0.005177236033091534,-0.0003210385475861218,0.005762218926792173,-0.009951760298869029,0.007284268489183712,0.003402058743911461
M2|C00184,-0.09370870517543321,-0.08608100300985778,0.04347674189872552,-0.027268761294134573,-0.030508066917108514,0.008631651583568194,0.006353447703106737,0.003915138392534053,-0.0026183801826582657,-0.01572187626717616,-0.011384980557371567,0.009070730374454066,-0.0067297869151273036,0.01056709054262256,0.010329640110916907,0.0019017488093260853,0.00831821858402015,0.003065796937720734,0.002740817093828727,-0.0007940893590142193,0.003620733024927757,-0.00560917505146941,-0.006023795673213307,0.003922494378038929,-0.000909406209201062,-0.012261820869052814,0.0018942396015083755,-0.0063027981817128055,-0.0039054049932468,-0.007155964106807745
M2|C00185,-0.0886096008280562,-0.03595898899925981,-0.04992474900824637,0.02262051725780484,0.014237128700831438,-0.009743168045594676,-0.005783734557202477,0.01271637920298751,-0.01889287745289568,-0.017115142199218305,-0.013466234853263306,-0.002320251706758316,-0.0002866842820756719,-0.014639193981953492,-0.005297059773324822,-0.007129935476915608,-0.0030199320846976455,0.010466133446946295,0.002195515666314999,-0.0004731960368170722,-0.0016823359298902155,0.010295243381202055,-0.011217565161185059,-0.004348359470034063,0.0014254549170431982,0.007378030240870552,0.00442197288391605,0.015376963513569953,-0.0039041610870968976,-0.010396478179311766
M2|C00186,-0.0951242406723888,-0.04984400203489104,0.02646157193072023,0.016630645594197295,0.034620763625861,0.014226209198208975,0.02286489977067101,0.006573027431157503,0.0031495396276417136,-0.019533825498828337,-0.012649117178459351,-0.011272161667298733,0.00046142693478742896,0.009607458985709331,0.016839495065955747,-0.004144757034009614,-0.008284637510678022,-0.00999509194190309,-0.003160596353510684,0.01734708259960334,-0.0064644157506040445,-0.032138781433216704,0.011453474132330731,0.010917143494008505,0.006644929494216089,-0.011659168043905611,0.017087417973742736,0.00490680701663454,0.0023446181104875767,0.0035061245596071625
M2|C00187,-0.0819248632377692,-0.12354872884306939,0.013983773960148918,-0.01547607024295834,-0.04147760633992565,0.013078817147612045,0.022994892952351107,-0.006853071499876618,-0.007758272950429374,-0.00697596286582218,0.00993754435523208,-0.004774821628019891,-0.005094564974536438,0.04575481470785181,0.0023007869098652517,0.008557453512067296,0.010231742668403931,0.0032709423216427938,0.00010103260077187815,-0.016770684189175773,0.010431075589169992,0.005870106129782346,0.010411464327814413,-0.006753139921233351,-0.0004012005357430066,0.005708343314350589,0.006229009110648621,-0.005259514261449063,-0.006816975493363449,0.009412812849118955
M3|C00001,0.08946988864531556,0.008606803678184644,-0.027400449672604778,-0.02871156884262858,0.00785224282218171,0.030390714743098773,0.013783416711404624,0.020671607152360747,-0.009698444015162677,0.0035983032068058183,-0.009093357403433497,0.008478792087544915,-0.0016618614170193888,0.007039870845487284,0.001541346612619959,0.004465033477319777,-0.0012206717562541752,0.005399151919339162,-0.005130428025210546,0.005693320691545963,-0.00839729558656267,0.0014955105323877069,-0.011647368533332047,-0.0015302200124450473,0.004598160497248274,-0.0003223053952022583,-0.0007203431946983052,-0.0017213843956993369,-0.0008333736121500309,0.00204647103499418
M3|C00002,0.16214629411714457,-0.07550305157670228,0.011350219843465095,-0.007809640973648398,0.03859997538034456,-0.015846370970732455,0.036204669169020265,-0.001246574306162296,0.014138433780337384,0.0029835382115728564,0.0007228447001442986,0.00197285251792494,0.0040550705743720465,0.0058491372086516315,-0.01872770101374117,-0.000581847455055379,-0.0010238685485246585,0.009791123579410841,-0.005282635403050534,0.0030934227746899825,-0.0020040514329618397,-0.004893132894013524,-0.008564050281371475,-0.00024130005458851539,0.002525423284891022,-0.0005457010424227608,0.006477100846573583,-0.0028993840203778284,-0.0013134638819209908,0.00639723149481311
M3|C00003,0.06699428485755207,0.03154575268337308,0.03632662382060436,0.02617869331606739,-0.017902774962587763,-0.023200509397226836,-0.0015258141224882915,-0.01794637475345619,-0.008504009135987136,0.0019626060878523604,-0.002327645235050282,-0.01496348215550421,0.001103765772492947,0.002672806771894511,-0.013335441802810414,0.011154345363856092,8.650154611169179e-05,0.005066062877798776,-0.003346837190058462,-0.005564102201835619,-0.00534995257211438,-0.0007535183348648395,0.001330362601926561,0.00023032268783341185,0.009942431715964718,0.0003776152457870759,-0.003933487913244171,0.005026878632302998,0.003393189316174839,0.011767250011588716
M3|C00004,-0.020037320479228713,0.09703332732668606,0.07137494918397781,0.003032844642647171,-0.011060548862261611,-0.005078008337162434,0.025978610191298622,-0.03508476452546804,-0.028236425815512216,0.013549819273422754,0.03146704008545243,-0.012484606220062268,-0.003620702627326245,-0.011514529937928555,-0.005679451563692873,-0.010954490011185128,-0.0060144203680786565,0.011660181819683733,0.012104937030228094,0.006507313784793834,-0.005751105704178738,0.006491857975342981,0.004050375493397398,-0.00030049687336143225,0.005982895831012976,0.002849937355828606,0.0075163611927307195,0.0017052351733658482,0.0037465400352079715,0.008636877566605207
M3|C00005,0.081923626720956,0.012731016350449414,0.015659312415601038,-0.014982410765366876,-0.01491989472559572,-0.002264295717303754,0.03047727540607035,-0.019899552735604693,-0.02060238513895695,0.01294194669428318,0.002639635518345612,0.010768136929091,-0.0028791844141931146,-0.0025853045629865468,-0.009059724119039238,0.004012204429577135,-0.006604579833732452,0.0034157432239356007,0.006801277004707189,0.0082943294281076,-0.0057817074259705475,0.007153030086563113,0.001222437218162967,0.0032917569665929397,0.0014363123392297818,-0.001189455083636668,0.003466148722023926,-0.005179025970242684,0.002052214470420595,-0.0009211775119019883
M3|C00006,0.05858818197225648,0.006516050836506935,-0.1043365512845149,-0.09294356528855809,-0.00580416320600577,0.03906644889450661,0.024699383568967854,-0.0069528679842801415,0.01189751181738298,0.008806887487732111,-0.022839586146157102,-0.006780505439023278,0.01890148832736643,0.004038327863484719,0.009186495527554574,-0.01122615115148549,-0.004075106635297633,0.004575084453820826,-0.013609430396814708,0.019886066982713307,0.007971682358384382,-0.0016500234250168195,-0.011098587174679483,-0.010537199346730189,0.016578019798208984,0.009599033221896189,0.009634226874871985,-0.01335013854856692,-0.004592776845727245,-0.0031032880958303216
M3|C00007,-0.003618657268108636,0.03304854518441588,-0.07026814160091018,-0.020559949710252302,-0.022628049466936234,-0.0007675265913032431,-0.042113480009454314,0.007554451892553319,-0.00409575965400567,-0.023659865360754723,-0.022522213919717614,-0.010661992666392834,-0.016151267201872276,0.015618753606060092,0.0028822031797119526,0.014710437507625032,-0.00576078127247742,-0.012423394623710546,-0.002117382341748395,0.006035805148762008,-0.007539821088765296,0.007897025910035086,-0.005668483629346776,-0.0009509804766672975,-0.008640831194354498,0.009357206991282382,0.0038941633565395557,-0.006424699495983433,0.005376416083478389,0.0017531779153030815
M3|C00008,0.012819483501803923,-0.010783141115278201,0.01860149043573671,-0.04122434351961236,0.061100270313068104,0.02940603461604487,-0.03455042768436651,0.0034970639143550534,-0.01005681891135413,0.003593961166537433,0.009643847113879486,-0.022296578109457912,-0.024210033498555817,0.010613219931099564,-0.005445191128951115,0.012280548500877076,0.0030529895984029373,0.006729371458954215,-0.009852063727657758,0.007051320750254021,-0.00478756405299208,0.004287692678548105,-0.003148427739849291,0.005996061033324912,0.005124140392285845,-0.002943190128653484,-0.0075941495972771675,-4.4590038662623896e-05,0.0021249995288563812,0.004332390262495852
M3|C00009,0.14749321806416543,-0.030557643044087524,0.06727181678661343,0.055914751727720875,-9.612700060542246e-05,-0.005404158959748039,-0.0020156403139107324,-0.011124360279357832,-0.007329234158164525,0.0027682608910290876,0.0009848501977016077,0.008058907747506066,-0.0004641187362523321,0.005763728917622457,-0.03654929367837181,0.009062274296670626,0.0014347876877839904,-0.0010548776230316556,0.0004253424717674517,0.0005150886198815672,-0.0024952761579125284,-0.0015091048064116443,0.008977322506743783,0.0052247891122519305,-0.0013741830267831846,-0.014398681121847896,0.0038223191723939375,0.004229638278995047,0.003095728861930497,0.009535961246838049
M3|C00010,-0.009878668119541564,0.036574500690747726,0.04424225921531875,0.006967822962069927,0.02299292124685408,0.025365364085214212,-0.02292081719348889,-0.00985627921472913,-0.016215220635284123,0.007660724204800459,0.01428561784653039,0.015897715995903665,0.00787339046016667,0.0010085453748794222,0.011835861931649072,-0.0035351078302995062,0.0006174818845852925,0.004175855452973145,0.0019152885512803241,-0.014115733957497071,-0.004678047978622592,-0.0010449227132406558,0.002280283926868062,0.0009555496667209663,0.001492315420927127,0.001770765576260578,0.0012492151556139956,-0.003521592377049123,0.0038045296081309675,0.0038297372650288298
M3|C00011,0.08328437357560363,0.014132182568537264,-0.01152084981115314,-0.002245999118037604,-0.031907041060660925,0.00180781273532067,-0.01587968032171474,-0.033604986047983725,0.004947618730433041,-0.007983618150101643,-0.011651731984930757,0.0007911763553680714,-0.0068550598317203585,-0.002222196887359018,-0.013194131448518864,0.0025983828575134047,0.0026998047884940943,0.00014854080164999203,-0.0024668362435867454,0.005511148745967788,-0.009761713043039391,0.00033765753340764677,0.0046659172905930595,-0.011055675845643997,0.012456538926640297,0.004764789822995218,0.0058745090466295205,-0.002045419358727961,0.0006507491043292383,0.00392838758657534
M3|C00012,0.020425436883048285,0.05063172318560786,-0.0053696770195478015,-0.004146617857445083,-0.03592912214521785,0.006209979619845791,-0.011248438954598015,0.008227852734041672,-0.006195641862615917,0.013577804780912464,-0.005962302871351702,-0.007976734339483168,1.0157463547793062e-05,-0.0001906854822985852,0.003603814587827744,0.005429317313569031,0.004895317555469373,0.0008296062152364899,-0.003638568005084134,0.005018992186261827,0.006237823235435021,0.003696949615708215,0.0023470410673199376,-0.004808271982978677,-0.0008961029954932731,0.0032305865475086544,0.0024629339051657367,-0.0003142877593209164,0.002497919163628291,0.004016586463656171
M3|C00013,0.1699727529070401,-0.12147367817107393,0.012091753694843613,0.011528520739272647,0.034266813232957605,-0.013306020849859294,-0.03711498128537871,0.004806349528261011,0.02233827207418765,0.0025974751285947587,0.004941291442154222,-0.0034520200985451136,-0.009968873403804458,0.020361044748091545,-0.009912795614672372,-0.013446883290425912,0.003946959946473221,-0.0009107974162648535,-0.008092830901419068,0.008832509996041765,0.011788884852501562,-0.0037244039770097633,-0.01591098201866482,0.003052173640956234,-0.0014952515926585819,0.0031350564553055196,0.011282497164346247,-0.004276420798589386,-0.003790886701593992,0.0008730832250258389
M3|C00014,-0.023325377518403002,0.09014856727321079,0.07149015243785341,-0.002373107051167153,-0.006072869200299531,-0.005582744918230924,0.028341930501766623,-0.02928122635740758,-0.007001311400169787,0.02188953455590524,0.027695365743067534,-0.019413345219134685,-0.0003200490535947002,-0.0028231518610468426,-0.012216868548160767,-0.012073447453053988,-0.008267958469635121,0.00345122066299504,0.005302880692603773,0.007056224300975315,0.0018575756288995303,0.0013247036390100508,-0.004011141442203437,0.004165757440276678,0.002237010245989088,0.0029198230862096,0.0009288127131470578,-0.0038040132306194183,-0.002322957472752289,-0.0005125664993893347
M3|C00015,0.07571981745713648,-0.00762552014461436,0.019521797411069998,0.01579157543051442,0.011027466438519677,0.016615480158324748,-0.01800715940715126,-0.002721839011908222,0.009894836029128126,0.00307737755930263,0.01306993846383266,0.0014755686716531602,-0.0025163022690136263,-0.001821993098686901,-0.005176190888891305,0.011487822002094165,-0.0021572433923426255,1.6785669848965632e-05,0.002403593283946341,0.010159450799862855,0.007657449898508548,-0.00042820358195652734,0.00741937180262846,0.0016548627613300834,0.007650798510069112,-0.000993437389823271,-0.001986322945927646,0.0027710158906662664,-0.005445773914638121,-0.005735728395815298
M3|C00016,0.02787396206842342,0.03735146208966143,-0.000669218301928003,0.012864835168602748,-0.028259882422837963,0.003495139151811724,-0.009298347002350231,0.011321223108604925,-0.013772022310939564,-0.0014484070803153647,-0.009715162687069932,-0.006197741038970737,0.007236821352013836,-0.0060586668885968895,-0.007542240123054855,0.01689349892070913,0.0011501408118654338,-0.00024914296486838175,-0.0011695123670318846,-0.0010514669060701068,-0.005684701318768128,0.0008013875869959529,0.0017874011643141997,-5.257759782203895e-05,0.008076409529136143,0.00043392312557888677,0.005848996605229163,0.0019391818144983955,0.008283573607585413,0.007243568710897231
M3|C00017,-0.011662791072997648,0.07796414026812329,-0.04090527534836237,-0.02970413182896289,-0.01088954015040179,0.020331948912294492,-0.00023405646264101532,-0.01219048875542993,-0.010822604339683075,0.006431029453161065,-0.0036389062903542267,0.013158892343831725,-0.0028020635297224916,-0.0025956089640269218,-0.009521854199932291,-4.242026612301597e-05,-0.004471818671237432,0.009974406071851868,-0.008885494630154868,-0.0074947148541438515,0.002387994509610811,-0.007996062198271064,-0.00277196779673962,-0.004233415925194901,0.002678624326516367,0.00353644491040617,0.013497207804719843,-0.006378216433427089,-0.0026806257658024838,-0.0025571139725053594
M3|C00018,0.07517591996950614,-0.10159232347700872,0.026172325453917306,0.00714787977733553,0.040618318788860644,0.0032064759152798396,-0.04993630625381888,0.023002899280713227,0.015222881130919637,-0.0033882574939723006,0.008968998406607455,9.832683423347467e-06,-0.012494811461429306,0.012517479549629826,0.010879963452360284,-0.011549881477454357,0.007179766786084426,-0.007631919022367413,0.004423457842660924,-0.008029879674721681,-0.006007270565596786,-0.0013624093067411262,-0.0023633676072701147,0.008025584961690117,0.0014843020331636678,0.007519818365774821,-0.002291269198232182,-0.005621705091887903,-0.0011177507105652332,-0.003847976202691514
M3|C00019,-0.021624223325426312,0.004473905961348491,0.021870174194017326,-0.047730375096287934,0.0120712400735109,0.007587413610854379,-0.00880874513468186,0.020152584665864646,-0.021215381410676623,0.012344567769698236,-0.0010469421538547646,-0.01082823953734853,-0.027764818086457862,0.004037392428393874,0.00920026014962034,0.002753318365970899,0.0013992111816178772,0.016558879389307668,0.0020646362832410304,0.0015955195506242802,-0.003778203130016382,0.006639321814820066,-0.001817018424912317,-0.003438980771838225,0.010869797094543039,0.007925816129854725,-0.003094722985104444,0.0038814284778292524,0.00044751487598622235,-0.0005902241211855585
M3|C00020,0.03698741853405945,0.03205970854057466,-0.057466872743651184,-0.04984316998489349,0.0003001183493074088,0.015157299533132624,0.010637198194570274,-0.007410611766470985,0.012100178243838886,-0.01170105581191924,0.005105699914409909,-0.015623233552784655,0.0011080477832625217,0.0004792067695716967,0.0020516176729624986,0.003196292748543852,-0.0011121265477265412,0.008789930252236561,-0.0062731943592144075,0.01295300203327898,0.0011130476121663326,0.00487854415853941,-0.0008550243840611219,-0.005464167715498156,-0.006360466818651623,0.0010277124903160081,0.0007089238838423138,0.000949808225161473,-0.0011739834135743588,-0.0037704862231037538
M3|C00021,-0.0035789028052933803,0.10065973716446391,0.057085203908712155,0.033364994280642525,0.000139408130669391,0.007442356976180203,0.022820631460511255,0.014208072301239277,0.0032818853731400328,0.003370334483449774,0.007335850473251633,-0.0232211171069188,-0.008618836036556065,0.00300066048058478,-0.003128238079476731,0.013342860019115927,0.0005161370319842034,0.02603486190680702,0.005614699065207338,-0.022413962306110438,-0.004034126237103085,-0.00550577921187624,-0.004369782828804015,0.002110062059510265,0.004992876660834646,-0.0001609977732566907,-0.0049394797631505255,0.0052531060727038234,0.004043222744493057,0.0026117889597756564
M3|C00022,-0.007541942355751564,-0.01835108679550258,0.05537086108553971,0.030535801899344718,0.05423422016330853,-0.01276370120916394,-0.0714504716398352,-0.01727113557138817,-0.017666894836854793,-0.007298786575758565,0.0029357999805918623,0.010411948680308526,-0.007779955532048825,0.005948154873276799,0.001719190581992123,0.012969862580380607,0.004730294604558155,-0.004561184137517869,-0.005778077003764595,0.008092116358324382,0.007993178316852428,0.012195379224150064,-0.0014303641560230332,0.011238301213952268,0.00039664892710396303,0.009507058951552114,0.009603006197440162,0.003938730548157232,-0.005247377677782358,0.0015470921203647587
M3|C00023,-0.1164037350704669,0.08630306400454375,-0.050786461000367086,-0.01966771572030774,-0.008690642664288203,-0.005022439709609048,-0.017523362749984617,0.023446651848204294,0.014874214768127374,0.0005640359246896278,0.016395059966915763,-0.013245394767534448,-0.004861973579620367,0.003561030994378893,-0.014510716127601296,0.012094385147929014,-0.0009410583582598758,0.0020547099224277345,0.007746219377616121,-0.004137051394584463,-0.007461988224829321,-0.004660325291495137,0.0026225427232651134,0.005732266386963247,-0.004046909304235193,-0.004679242552892041,0.0026328876210013194,0.00020632569630549418,-0.00025369372278602866,0.004170957646329607
M3|C00024,0.1946010923700687,-0.07140339677717467,-0.0446943183684385,-0.0025132099299838818,0.0020523018829691595,-0.011390242998344173,0.01618551960505891,-0.008179069334068357,0.013230021572182312,-0.024085092587621426,-0.022444025741074597,-0.005372408496798317,-0.005915395678791683,0.007926488743183323,0.001221511553966977,0.0015838886850371844,-0.004787990345191206,0.008799347448080258,-0.007270980723081131,0.007975409866872618,0.008887726617680275,-0.0011202497165562096,-0.0057533418367406285,0.0015053964272288098,-0.0067011686169808115,-0.0035733931765877668,-0.0073995630397799324,-0.011232213347155615,0.00152935666850853,0.0020586732425702022
M3|C00025,0.03141125757610647,0.020556970497901193,0.01295059490724969,0.03416476286692218,-0.016864694877409908,-0.020902580142277083,-0.024723260639145535,0.004957883952460208,-0.024735852560458876,-0.00916255081498012,-0.015273755223414617,0.009452583130660606,0.02493328402477823,0.0024621802868328483,0.0072855433616541,-0.015649005891885465,0.0006430430819816535,0.018091852222761596,-0.004687656884620689,-0.003010959827103102,0.003803671708002776,-0.00015733993092796272,-0.0006630250313337319,-0.0012592982259142414,-0.0019974455196301506,0.0029864033984513434,0.005041634429343321,0.0009910475949775584,-0.0002290233701069108,0.00915451086141603
M3|C00026,0.0522834120711517,0.01582793562650864,-0.03378952982123131,0.012644847551471826,-0.019423293301410755,-0.02695184264347509,-0.036018932940104484,-0.02038095757389886,-0.011148485044591061,-0.02232407004129671,-0.0030143888015036675,0.007613896563450431,0.005218870580710111,0.006484085041517579,0.002879370007923252,-0.0027314434511824747,-0.0036067806398101085,-0.012518626384794574,-7.982816082411257e-05,0.012834819095855772,-0.00021479787317872846,-0.004796183337844278,0.0015068106769437464,0.0023953965639878136,-0.0005245063800115014,0.0024449796054780235,-0.013408617723367447,0.0021806095857174117,0.002161941103174358,0.009666275951156362
M3|C00027,0.06147101009157329,0.05182827533828932,0.03292174692905649,0.008900745227957344,0.007586671667790262,-0.00226170026391211,0.02328608014428734,-0.008572330998163655,-0.012061165420339227,0.020519469743511067,0.015563007297587828,0.004171332317041548,0.009724851319703924,-0.0033063368939413858,-0.005430706136655747,-0.004996254088995596,-0.010088585262609619,0.011619540090721565,-0.014828231917262562,0.008996042027669574,0.006338139820715811,0.0011876592068195881,-0.00048123512267981986,0.003304339451466666,-0.002125468440430517,0.0003634237289341227,-0.004003013258855584,-0.004588411733330912,-0.007400497026298436,0.0043164506006912115
M3|C00028,0.10907862245560368,0.045004248851013576,0.059321996895219005,0.0665173490818428,-0.021854857120038217,0.007051140128227532,0.018198971548324134,-0.023254652484835724,-0.0030350657528436078,0.004635168395417109,-0.008345669108569782,-0.0010084174751046132,0.0105022820961413,-0.0008087449896904586,0.0026629885551840106,-0.004960054667505764,0.0010640759784713428,0.018698400246499224,0.007110427293015443,-0.0030225921625900306,-0.001955326731032302,0.0005566459587131734,-0.006078828904383763,0.004214879699295859,-0.009688139772113977,-0.007054112662101728,-0.007294338700404358,0.005218414650435643,-0.0025169579499673697,-0.010021309240899202
M3|C00029,0.01166523800134316,0.031702750489869355,-0.0563592596430114,-0.046674952578800076,0.004449125050164494,0.006662748526042717,-0.0008473939417423549,-0.012222710328276744,0.008963679258787358,-0.016572448264209897,-0.003471725722927457,-0.031263189288618626,-0.012960226648938504,0.009250726401541936,0.005828681853896903,-0.008850941487160783,-0.003998449187849197,0.009789615577608528,-0.00422303974506933,-0.002359377864722306,0.0030349378783325566,0.0031412013133340715,0.0003151975702994633,0.0016002297475364105,-0.0012746602352791676,0.0007626055549850302,-0.0024764566604500767,-0.0021447451902652133,0.003953483111300287,-0.006733703768153707
M3|C00030,-0.006600031417787868,-0.030819106703643746,0.026569574728996615,-0.041143209794460026,0.01308681069665352,0.02208372652416031,-0.015515134502583362,-0.02640055500977723,-0.018578264616529894,0.017898173410460547,0.013121335537456355,0.0071030514821849335,0.01852278946341296,-0.00024067121859189063,-0.010776145037669507,-0.0032295623166752434,-0.004393838976257173,-0.012935543520455617,-0.0017768390093278782,0.004307705885943873,0.009131237909038694,-0.003939308486435269,0.0018698221100733727,-0.01088410102362187,0.012278755487325604,-0.009660489869923846,-0.003443739774361,0.006618173872803627,0.0011308354985546266,0.0020125462742866243
M3|C00031,0.06120069713448164,-0.1026251386955875,-0.042872547986311765,-0.06332045954787775,0.013376358525425087,0.002889319988811013,-0.015737134800045797,-0.01702241895964197,0.006987064367718896,0.018652529442501294,-0.023717426139565474,-0.026925086549078818,0.0025220734784074067,-0.00016007887532027521,0.010694318296571883,0.0034181830517449802,0.009888367815457919,-0.0020149805065845343,0.0006702021331162755,0.005132871265726958,0.003069471487255169,0.006564557198935518,-0.007882888404620496,-0.007528697594513661,-0.0019922290726034943,0.005261947663802524,0.006683153189490843,-0.0021456796118243773,0.0038256088885722643,-0.0011149247618241036
M3|C00032,0.13008172211020635,-0.1380108789366415,0.022217130826217117,-0.04199358705978398,0.04450253200968093,-0.0032588665870942313,0.012826172644711512,0.011629910859206942,0.004444667507033467,0.023702234921123513,-0.005991840603959787,0.01230335635227154,0.0053738723040714954,-0.004164938126576279,0.009666909379385814,0.006404864707772173,-0.00048113278741013655,1.0341493434464542e-05,-0.003827914689741919,-0.0032777466412726784,-0.004762794290246773,0.005216485212408673,-0.005336376981007583,-0.004510777652581898,0.009351978160474225,-0.0038750204438898566,-0.001780430854746688,-0.00046648936433864,0.008770427296089381,0.0008722084889158199
M3|C00033,0.1255697020115583,-0.015014887999990621,-0.019482376895063238,-0.02311458784339765,0.015641315400289717,0.021049858646702564,0.04922461243174174,0.0315590285942578,0.005429008186392887,-0.002626225619662353,-0.011667368637801762,-0.0018370062880750527,0.0012299238866764746,-0.0012620833025369662,0.006187550241106817,0.016031490120965813,0.003297764745788454,-0.0005685976416859507,0.008486593090924473,0.006642445088508205,-0.009856318717981115,0.0018310645294171727,-0.004956218502578415,0.0009907970252133554,0.0010689470070928957,0.0035773541864718354,-0.008959002319512811,0.0012711242990608347,-0.002007655946642534,-0.008789023135093386
M3|C00034,-0.05678922902499811,0.07030247688069756,0.0056432089243356656,0.005635646302572161,0.006024069860556878,0.018697856321930943,0.01338790122891746,-0.011555454332819723,-0.009690639412001557,0.005590868452807731,0.02694184831077012,0.002938196303298879,0.006518135000692211,-0.005331562618008471,-0.005662635815386921,-0.008445209115232577,-0.00305722079297624,0.00629930523386054,0.004614008094470975,0.0025635084292812667,-0.004046122577672499,0.003615582205067644,0.005523061505204863,0.0051823810524781865,-0.0011405491064394764,-0.0015064391288704003,0.0024853823637047993,-0.002702681488383658,-0.002673201714264345,0.008863359510062951
M3|C00035,-0.023091924131680805,-0.01770638941661259,-0.06603002227798774,-0.038362262606189156,-0.0003856279600693097,-0.008978514343620349,-0.010443355734844997,-0.014324334072121412,-0.025526362772378523,-0.023712377851010196,0.006686817897794013,0.0038585838439821065,0.00984303081987461,-0.01257332307023,-0.01572134971781946,-0.0031712091756111787,0.0023802295518695954,-0.009052498253735667,-0.007603112307058907,-0.0011497099064530572,0.0032520680230867104,0.014062374941777768,0.01725346715247897,0.005468904894452877,-0.001215622801589223,-0.0039860722332958325,0.005395194145200378,0.0030307016590319807,-0.0014713218415937607,0.012533207643534529
M3|C00036,-0.06725345007521888,0.07248274949749683,-0.0632368951926394,-0.011896686567727275,-0.015612340741076036,0.0013618687846782649,-0.02690598727283858,0.011027505564130556,0.009762474945296494,0.014611129599927442,0.002395648958956504,0.006808579671228469,0.00441700054341652,-0.001975628552884305,-2.8833874181099406e-05,0.013832218385168673,-0.0024625917489680287,-0.01916724808709566,-0.00036411057486495805,0.011606783561199825,-0.00395350024765278,0.0010275178690050128,0.007751278801637371,0.010413802070374125,0.00034672547951258224,0.009524239805970256,0.00943149318218557,0.0012206312603734017,-0.002295067766237862,-0.0005150235201820674
M3|C00037,0.010970778474011462,-0.04255099491916582,0.11188834656682642,0.023337458781592334,0.011109901472172405,0.019474778177240998,-0.05509245536493292,-0.014136454564185984,0.008034493733296585,-0.0003292551768553439,-0.008745057223844624,0.0018710650535394,-0.012877919632692771,0.013089290306632665,-0.006479731771647371,0.0017607554351653757,-0.012303588655273114,0.0076321958622382275,0.007233417890571853,-0.006582488798233449,-0.004519333399669324,-0.0031331401054162235,-0.005621538431345828,-0.005714764721747102,0.005794821117271024,-0.0018009073725809542,0.008752634519600754,0.008649945046506758,0.01135344327724368,0.003176965829873392
M3|C00038,0.09220814415697885,-0.04243675125285195,-0.0008550611033319502,0.022882668874520996,-0.01418321247413631,-0.03727624870065956,-0.008887807156205102,-0.035662421598121656,-0.004071531959167763,-0.00401033147591421,0.012793039070300743,0.0047094899860211205,0.022822479654177222,-0.0034754647944488693,-0.009086644407005915,-0.009191301904417429,-0.006463453138176506,-0.006262523138760492,0.0020031420147705327,0.007473195162839835,-0.0002502292856498629,-0.0024026454853990084,0.003593809445006085,-0.0034076962487015984,0.004430100251864796,0.002727514477464765,0.008456468570701365,-0.00473640418630645,-0.0006933917208936702,0.000505544771889251
M3|C00039,0.0655820386909863,-0.13391323887098863,0.05722048206180627,-0.023590656438995973,0.11816504319924707,0.0169813909355389,-0.04885674020769672,-0.004813500467637523,0.004471880044731083,0.01190604962248595,0.023340814893585488,-0.002827623233142788,-0.004521245587014348,0.0168649929081262,0.005091417538256457,0.006485823118735473,0.022225196444258133,0.004088239950101128,0.0020599811033507076,0.003429533278969654,0.014813187871726518,0.00025672571353698364,-0.004738651222320667,0.018971579089929715,-0.00913112329254644,-0.002083832218285348,0.0009722400958968953,0.0035920173184956134,-0.013268722720458221,-4.7516341047049485e-05
M3|C00040,0.04769058351199455,0.05554539207074033,-0.03057637432977257,-6.138450117850163e-05,-0.03363252840613922,0.02800141606625928,-0.02849830560383425,0.011856149387932427,-0.0018315813433655717,0.0006068750986543369,-0.011553436441238423,-0.019136257106448482,-0.016143338671996757,0.011606550789411781,0.0010287992737716763,0.00751419690364307,-0.00290549508940271,0.0002043436435396225,-0.005719025872332691,-0.009227709781084987,-0.00588365487736623,7.060776762724028e-05,-0.004368799389060544,0.008404277453640146,0.00944466960996736,-0.0021564394722774893,0.0009168165388093436,-0.0010387325995236535,0.0030101979113940592,0.004691091078996998
M3|C00041,0.018737252209646345,-0.012676917594838178,0.0656062778964769,0.005677031334763521,0.020525771075775547,-0.0063081859260754256,-0.04490578861611652,-0.013047472771901112,-0.009776771436884478,0.011292486797343697,0.00609711174989066,0.009414891807869587,0.011917435813500769,0.0033577567962397017,0.0021761492123031348,-0.013214682684540308,-0.005948645477726756,-0.005360605188318385,-0.013336887726213123,0.00641505599832324,-0.024956964973785987,-0.007824837341915258,0.00593415024799972,-0.018354856999588987,-0.0055520023791118586,0.007544607124260999,-0.0012048529729632058,-0.007892970170568028,0.008635205815746365,0.006526690813115586
M3|C00042,0.03812435632367253,0.06435498045181028,0.028549342042092262,0.02321479375876365,-0.015823298741826197,0.007020838737823111,-0.004916758325474191,-0.0007957643276390223,0.008976405573626316,-0.017182206303425842,0.016778563306392328,-0.00020162774471467443,-0.024567947994511934,-0.0015680362903562257,-0.00040807521067891934,0.008071046077045249,0.004540953391455398,0.007349025175457766,0.0049533135362087545,-0.01045017085569809,-0.010587976271340466,-0.007541905299928352,-0.004884803467698534,0.007383753228555993,0.006238092895631612,0.0006887318254564867,-0.004575254004546756,-0.0018117978980108761,-0.00031628105997012605,-0.0007479921917958802
M3|C00043,-0.005532918936058364,0.007946282555274726,-0.03453522538105266,0.011837010778797726,-0.0057281542889810475,-0.013301935178951296,-0.021164507462009065,-0.004017050531768636,0.0052141197119223775,-0.011202168302403871,-0.014127659036911844,-0.015395463604725951,0.0006938063607253982,-0.006024199900985604,0.00855388334769354,0.015748138147702883,-0.006531896024136988,-0.002335001761161046,0.0010022321417126436,0.008898000887404195,0.006021805282146105,-0.006220406392634029,0.004228816463228193,-0.007413261076477844,-0.009885354280430829,-0.0026133041647342144,0.0017462668216939089,-0.00846626514856586,0.0018916462642210525,0.003835745775568109
M3|C00044,0.05110338098927101,-0.002971216928909219,-0.023279615111772876,0.018952713260814203,-0.01320831267909408,0.00025859640650589355,-0.006134671221973902,0.01976541170790553,-0.008589006314600332,0.0069971840911039794,-0.023362204535128713,-0.01391562045518431,0.019312405668045297,0.0037046694808805605,3.091446436014589e-05,-0.002306936124484056,-0.001369697539951947,0.01466313375724709,-0.0014810167428443452,-0.010256195909101642,-0.0038610954476960917,-0.004993271883970855,-0.004538558996232831,0.0023890233671838316,-0.0012668012960689457,-0.0058451102904866535,-0.006160707843015303,-0.0004950656970696922,0.004323411663669735,0.01090394678608509
M3|C00045,-0.11030424404930718,0.08105832427056482,-0.03159565363463016,0.006588466646852214,-0.007825483737731079,-0.008311242331258961,-0.017463231322974702,0.007495761886397125,0.02871563290420622,0.01708712128105367,0.004980941627538571,-0.00335620302998846,0.009780207083090117,0.005726430517302606,0.0026552575940566757,-0.006563577637699416,-0.0008690936210550433,0.0048140240438082765,0.002736927285261172,0.007259044851444939,0.0012367486251121753,-0.002691217989545,0.006972267613196158,0.007350541318650915,-0.0044308293533538295,-0.007463975197495375,-0.004111868029043129,0.0001246910058810468,0.0029406661503758066,0.005920581940690172
M3|C00046,-0.07770186724590741,0.06960187182542567,0.02850137637641329,0.04109897037393792,0.0026044509857614537,-0.032203820601940526,-0.013674759214822134,-0.005421797038693995,0.010398340977504547,-0.0038044443412483817,-0.02762529522060855,-0.01800848005648217,0.012704382804259784,0.0028404422555521175,0.01866490398302,0.012761075161844404,0.0028653881038744108,0.009431336603115906,-0.005395922129928024,-0.0021371091263620253,0.0025576716910929113,0.009645416044207236,-0.005201303448750778,-0.001818622197472977,0.006557906997718854,0.0023347547963652256,0.0038713286684041648,-0.0054754424770856,0.007774745326291968,0.001856451302299163
M3|C00047,-0.11812422011599083,-0.01816309373148477,0.007097924115979588,0.0016256693549108487,-0.01789587425405337,-0.02914430253911735,-0.007849028312248804,0.00018056682695866138,0.01298335650340117,0.008951843807505008,-0.01306740152322137,-0.0027065712622422722,-0.021423147771419834,-0.0021786628921020195,0.0023237829740962914,-0.009769201814101899,-0.0032317319801734973,-0.004009964474223769,0.02372673167649212,0.0020834778231623705,-0.0005166647975447125,0.007436427107224786,0.000412072079975792,0.006470779284477008,-0.004145316588179467,0.006450491366415166,-0.004487609951819417,0.0008252462727340312,0.008010815045795571,-0.008414208567182769
M3|C00048,-0.02931023236233162,0.05092314862360819,-0.043767336867201696,-0.03413005059598699,0.012904391802104249,-0.006537467336215737,9.523260038359797e-05,0.016203030481231413,0.01599128298546976,-0.006220967755487481,-0.017782684823571756,-0.025171442083857867,-0.018015018417875988,0.004780441925449523,0.004334673923507958,0.013053143177674625,-0.0022521405786347522,0.015369321696659909,-0.0057586330421480645,-0.007753747851568456,-0.011164405991711058,-0.004363224082355056,-0.011585432669335465,-0.006325396596416752,0.0006567678333763702,-0.0009577970016221934,0.003536932053369918,0.0014539306084832527,-0.005966865496479468,0.0025553816556515524
M3|C00049,0.05485789206001645,-0.022356820040962594,-0.040049347040722875,-0.058617745849290394,-0.011195044324051393,0.024732152432289503,0.0105229329710046,0.015855279482279428,0.008331355758896142,-0.005196843922491448,-0.0029128773589911063,-0.005465938455503227,0.011591542985554657,-0.004570919080308709,0.007600596025479724,0.004780510172944332,-0.0011799536852714826,-0.0005172559949313727,-0.009792749817066676,0.004771706754404197,0.0030338369993222294,0.00013169299931968604,0.004841050287637864,-0.0003937795930986238,0.004530827282911745,-0.00024138416679589763,-0.00183324624202434,-0.007860729839261225,0.0025522445272909374,-0.0020523954042277323
M3|C00050,0.1172950625076509,-0.046438334965162614,-0.01710400914883771,-0.020939727629027058,-0.01199902168482664,-0.01928674280320807,-0.0054461193815754545,-0.029370468660911715,0.01977842069349239,-0.0044054595827919315,0.01196879259985289,-0.01687261584175602,-0.01597405760453051,-0.009911732847827821,0.0035106232219627056,-0.006875863126380891,-0.006874646604270697,-0.0001860028785304575,-0.010263145234218955,-0.008521009839408268,-0.008593450353381235,-0.006411119163874183,-0.011523208408357646,-0.012944496014192694,-0.0004252463518658293,0.005909879822880895,0.004512716652934274,-0.0001741683837450515,0.003996394499116813,-0.0012740510978617521
M3|C00051,0.05745076331688029,0.05875886826774604,-0.007106394325278752,0.004456440024662341,-0.011656332229162795,0.03999995021316717,0.0022909464462959944,0.023892560327510585,-0.01064394081278026,0.011113891784412477,-0.003050864973252001,0.0018586659482963124,-0.001457025684919936,0.000910977037573922,0.008712479283200727,0.003370882587027621,-0.007098349051299248,0.002527161386842596,-0.001772832401245174,-0.000607562299767676,0.00023000152165152365,-0.0029997114128471718,-0.0020001817718540912,-0.00038906923028006354,-0.01347923654642417,-0.004207207182155963,0.001740116043247596,0.002324435574842262,-0.0022721017917581156,-0.005099590426508479
M3|C00052,0.15109187145627084,-0.06309065644890677,-0.021303307733171323,-0.008427278488560152,0.012688829582377548,-0.029678903294989938,0.0031268937204830625,0.018401711333308837,-0.018356498235815772,-0.027187955037090275,0.00044391912882327044,0.012014867218130151,0.0009947363560839154,0.008515529359698433,0.010215842061568585,-0.00616040611012199,-0.0029744311460429655,-0.00010048395079691019,-0.009850142394493926,-0.003115676037731044,0.0031789494877465926,0.004527519056803622,-0.003663966130842774,0.001209067352232771,0.0036586689722634563,0.00501612506912705,-0.011569305661036347,0.002229186657750092,0.0067307762665881525,0.012727756052310357
M3|C00053,0.033790043547700425,0.023320518325855997,0.05807128496118475,5.2335657351812035e-05,-0.028239457743132048,0.010332275597271807,-0.0012627097982208938,0.02271361601280382,-0.013687301769770642,0.006342448172630212,0.0031029685014943927,-0.0009423264315398758,-0.006675743750885777,-0.002804858557665512,0.012455312245121948,-0.0026059661923902386,-0.006010656252651244,-0.01589334120377688,0.005716329457870882,-0.014925818300839154,-0.01241973524680978,-0.004278976130985677,-0.01806478779021462,-0.00799451925439135,-0.004122721732875631,-0.0010497220199393786,0.0036983026163208907,0.0014942699333640363,0.0020259303021387056,-0.004119391138503247
M3|C00054,-0.11421676580132764,0.021166792501038822,-0.03346627862376458,-0.010026253057949972,0.02119247890357885,-0.024141852550960446,0.012390281407269806,0.015819304005977346,0.027825204848287582,-0.000604221565043717,-0.009467992174859179,-0.0030046359573428117,0.0064122051585525095,-0.0006395882635095743,-9.208618446134792e-05,0.001818359139300318,-0.0005974108307989906,-0.0051458456121044995,0.006204051216180316,-0.002144007010943637,0.0007205161358336439,-0.004427368956040642,-0.0008332546705385428,-0.002464728392137069,0.007347096643041976,0.005280525176898743,0.004291493511435224,0.0038084020863183294,0.0012797549318256359,0.007026754006391866
M3|C00055,0.12366734116725307,-0.049465269711850404,0.03049738474248667,0.032923193476778474,-0.061913833974389446,-0.002182199463580781,-0.02976931337741144,0.011760758782428637,0.03430031357104639,-0.028680273500537493,0.024764149985096864,-0.008302794728119735,-0.0061556467358273,-0.011385831466133782,0.0017628819374924925,-0.005326588304655733,0.010397329883620729,-0.01829197356527006,0.004084400904443109,-0.0002565973827071637,0.0031935003870941533,-0.0014931945466560275,-0.010102063724787358,-0.015819463687105916,0.011800848707967632,-0.002662713419027497,-0.008252352962868938,-0.0051697860013707716,-0.005869465295074417,0.005837328736910432
M3|C00056,-0.13795176062081763,0.04816353428352303,-0.019013690472335254,0.002585336750836746,0.023975227234355277,-0.045678773408437796,-0.015278115594947017,0.012398485000873257,-0.016506464253333922,-0.014952040945661094,0.010946353974900456,-0.0007477595826150801,0.005585074730359442,-0.00019783861564599885,0.00031017034924179593,0.005348289437889865,-0.0006333597932680534,0.014384510447294106,0.008659012070437644,0.01074231213359744,-0.004940742430586793,0.000958552340889455,0.0022506365400407863,-0.005818663442855958,0.00024088854321507836,0.004325420698838631,0.0020898147074535677,-0.0041875881769556,-0.0027081549062855487,-0.009565882389426735
M3|C00057,-0.03613094228580721,0.13232982646367536,0.0560429678826475,0.01596812679718508,-0.007668464892600173,0.026671032193267958,-0.004912485794718345,-0.014743459669396893,-0.013620796515473977,-0.007733599840960266,0.03017449851581261,-0.0015658480112119458,-0.011841112405471,-0.004765064049632141,0.011628647541919208,-0.011869385266090954,-0.0014183768749733425,0.01929568966803659,0.0004898422766399951,-0.007761281853852949,0.003460093756617995,0.0012301130584558002,-0.0035277443769237884,0.0015750802232322465,0.0007683212316959721,-0.003378419485140318,-0.01037913220237851,0.0002818674898063843,0.0021319365214414864,-0.002317290498895755
M3|C00058,0.09007445779232226,0.05912712371713627,0.009663999122817912,0.044734823055784856,-0.03658599990686415,0.037821573582968386,-0.01723347179569416,0.011423845989911297,0.004520988091431754,-0.0046270250719465155,0.01996662009526558,0.016586887134763584,-0.013376270193570763,0.005411812510330141,-0.00025216371109897107,0.002460449682045142,-0.001740013052844349,-0.00559299167764277,0.0027806714692798335,0.013671746752667841,0.006854201994918383,-0.005867574924334642,0.005800704753106315,-0.002103059106791588,-0.006606557622627287,-0.0015039485225570772,0.004156878189265952,0.0004420941010292616,-0.0012423498278511353,-0.0018952505237921984
M3|C00059,0.03908176296593434,0.006966021723679926,0.02722235977230777,0.030066454145404844,0.012910710113654772,0.0025061686849556096,-0.019750624500147834,0.006290165016861182,-0.0031707401816500986,-0.003736083638445266,0.0040958614702021195,0.027837110963567446,0.002267035844160528,-0.00339635101744714,-0.010064792747376115,0.008408526293298408,-0.0015812212133298061,-0.011521225105976517,0.003996372987828082,-0.003478869817121837,-0.006764260559153393,-0.006196097773169549,0.0008595495906579097,-0.002419647379617613,-0.014167324591277494,-0.0010244454335355604,0.007897827590212597,-0.00852094486208334,0.00026092939229413817,0.002045029857914205
M3|C00060,-0.12529601643335556,-0.024475393879572316,0.00960654287796643,-0.0009703711256029272,0.017925552050740468,0.02439478062234356,-0.010357063812661526,0.03248099937493489,0.030065463555518895,0.0011063270394724776,-0.01602719909095642,0.003917924740101149,-0.0006031305662515097,0.004392950203861748,-0.020549929666708246,-0.004130862748129386,0.0049289437655104535,-0.03225761641818471,-0.005500315341980661,-0.014461795476094916,-0.021057674177430923,-0.007840119876282019,0.025934054608813498,-0.015139349284452241,-0.0022274584046046205,0.001975437727030153,-0.008388574274939758,-0.020385242025852738,-0.006113738670300452,-0.004840121111476485
M3|C00061,-0.013928813472320575,0.07779788620207916,0.04584849954866462,0.002607914794188718,0.01462197563587299,-0.002938397930054545,0.029260957129814625,-0.017479552958646276,0.012701714943714233,-0.014925901432738978,0.018623954148435824,-0.01650967420450814,-0.0013648156866146453,0.009599125560967979,0.011626926567788631,-0.00178453392598022,0.003796125120580753,0.008164474030893043,0.010285516385364773,0.015465146967862886,-0.0005946438440222204,-0.002391125573387184,0.0018756303268260626,0.0038840756236625936,-0.008154236723685074,-0.00790981463970073,-0.013792794433373794,0.003228928261268667,-0.0017489313473903422,0.0035177973338643667
M3|C00062,0.04615207342787453,0.0032125624191602607,-0.0456359988575126,-0.006292697805908048,-0.022400861106541214,0.010359486637399494,-0.019564930643618864,0.04969160180824198,0.0015123690061951288,-0.010563773068165106,9.913812959349392e-05,-0.0052746475052554325,0.003529826896006079,0.005186779495299583,0.00799917536451926,0.017287962495644984,0.00910658843507221,-0.018257955288937457,0.00034241131252369435,0.017977939341475502,-0.00803152962707258,0.010208781515643736,0.003448494177265429,0.011234687799908771,-0.0032595349635857304,0.004770524548642499,-0.013116831141801994,-0.0002707855395903363,-0.011158032430233377,-0.0019477681818639166
M3|C00063,-0.1213358598249059,0.08798473876389801,-0.044590996447254005,-0.008418866508642412,-0.00029036540699712025,-0.015837050314939573,-0.021556870328624772,-0.014091949200736507,0.011834697411413344,0.0013940793829009483,0.0033795181280739522,0.021966982917012438,0.003127157017348358,0.0027386630435740113,-0.002782575688733973,0.009683389199714893,0.0031196104478883042,-0.005903202405411772,0.005406441589678344,-0.0016228596621970298,0.0047212255748003504,-0.0034273166758376984,0.006262105598798701,0.004306887393611299,0.00335754072029233,0.00792472245719105,0.0033516381986348123,0.001548986790127899,-0.0008884818442124107,-0.0033057775518327164
M3|C00064,0.12607806190975138,-0.049129013183583904,0.03131202044997293,0.018683617245536674,0.007699537642568415,0.0009427782253845725,0.02192663540689152,0.003941891017478912,0.01912823172677891,-0.024250161681005345,-0.01291825580292571,0.00454712280261175,0.00849916712123229,-0.002889418082068802,-0.010990170004803236,0.0005991332213225359,0.004364762342677302,-0.005906594879746816,0.010448088072738317,-9.667456977166442e-05,-0.01073844708749255,0.0002409452126309136,0.007579430527351061,-0.003719696116749037,0.002186812970851332,0.0058802052308079625,0.009349448422180688,-0.0025095935495506897,-0.0033236970083576644,-0.00655889489754684
M3|C00065,0.1080914568842781,-0.030603970381469725,0.0064531136693864385,0.03218744048619764,-0.04365324477434744,0.011838546075853116,-0.0188623423031751,0.004090712115662483,0.02998937221577609,-0.021847812863034152,0.03082589343273091,-0.021031756868864014,-0.0015636472375410383,-0.003401840609826587,0.02321311354039715,0.0005215535936962249,0.008750630494480424,-0.0016431113080374884,0.012515053783764532,-0.0006046630798603205,0.00995255462141497,0.009543852659924147,0.007045442557611534,-0.0050681640798341,0.015361345121174382,-0.0057978854167665605,-0.004314564545472148,0.008865777414483016,-0.0023711237291518077,-0.010085959338278643
M3|C00066,0.09504103526557836,-0.11766021766409937,0.029764217897336194,-0.023759308172956177,0.006324988817086204,-0.06366854033200406,0.005566643766166471,-0.003065215249873633,-0.021180952561793094,0.034771362872283405,0.023360483266153552,0.008090585497248781,-0.002654547222244609,-0.01773607774959516,0.015114140582196673,0.009625121779102075,-0.02514336767001819,-0.018353822357466895,-0.018627435907491944,-0.012388989365302926,0.006618747208337456,-0.018071524982469202,-0.01079322820636708,-0.0023533864052753158,0.0069216587899816094,-0.004366147124041284,-0.009098175632730965,0.006477391135779308,-0.003832315521727488,-0.0049362799544869825
M3|C00067,0.017731381108165543,-0.028129518460749677,0.048603524559609895,-0.014101780690232081,-0.029811101342137644,-0.0057979617902487405,0.013600500458938194,-0.013611934846280316,-0.01514733072396566,0.030753440779147045,-0.038129699041093285,-0.007202437907567268,-0.009754051661696442,0.0010877733238099196,0.004734235384890858,-0.004003636504455211,-0.006068381559435718,0.0038064407734170057,0.010860658037483505,0.01245518187961018,0.01454822828376319,0.004628415810483806,0.00043444460750587615,0.0014166330005075446,-0.010130653071763956,-0.0007554143547151953,-0.00176278747057599,-0.004086564592580159,0.007667890733623503,-0.008336840077288443
M3|C00068,0.11863544957975182,-0.04659217255628969,0.023479047726781308,0.007888712051122251,-0.014786023277407053,-0.0266265732857262,0.004022976396443516,0.00140191980476288,0.014677703547404997,0.015191392339939633,0.014340167626482974,-0.008360790703035586,-0.009877096207811534,-0.003975480938938071,0.008811123631757782,0.005037841834840567,-0.007547324151795908,-0.005644928331569889,-0.009164603301216746,0.012158767316193956,-0.0054007076779433606,0.0007691696502117901,-0.0016241162323387289,-0.012427567812206983,-0.016644210422110787,0.004127543014784308,0.007417470412143102,0.0014162856736609295,0.002676935061781076,-0.0015018930308651872
M3|C00069,0.07700080589858464,0.01781392434106721,-0.040086466289575025,-0.03167131839030269,0.003387554799418777,0.022480437922038368,0.015402110843387917,-0.003189524204821093,-0.009216659118696638,-0.005763075008381231,-0.004614316100189069,-0.006293035002992898,-0.006148835853231709,-0.00656195777082814,0.0084048894432566,0.01236848893296626,-0.001660858369085387,0.0012881871799072522,-0.0004994551968990688,-0.002634627187557192,-0.0011228019946948227,-0.0023604936108943832,0.0018752691531696783,0.0015278619965236717,-0.003532583712469137,0.004635162009889578,-0.0006612046036209769,0.004431360986960206,-0.0009614290547436134,-0.0061924906002615975
M3|C00070,0.011260994020728696,-0.06849506757751965,0.02397751011085633,-0.0661221397998022,-0.048662176315374985,-0.020593950632101295,-0.0005837147388313292,-0.014532037590637164,-0.0133438598383836,0.01931804382949303,-0.006529804747134706,-0.0034304557889649045,-0.013079767220859994,-0.013792983945244407,0.015251855085067503,0.007891009739808767,0.007373927170392309,-0.012711677929270826,0.00423265328186953,-0.003346608166163397,-0.005175214037499631,0.0021571977077753206,0.004869223245722182,-0.007331106600478374,-0.008987732612996338,-0.006792877961450618,-0.0013862530072434058,0.0010084872501449535,0.007197745973290063,-0.003993236373066749
M3|C00071,0.017304462572733582,0.0019917414805149594,0.0010373517386394256,0.0059146397951027755,0.010695637345577338,-0.005076280659763229,0.013672047474536545,0.026509226485168152,0.0067716270706844545,-0.016168086909347457,0.012549698357212204,-0.011060034173915035,0.002988774144475093,0.003961938256750572,0.00013745301826305846,-0.0036338426444508984,0.0028903896570225693,-0.0073850093410286,0.0195624684642216,0.012519785677611315,-0.017218824538080376,-0.0024813977236811877,-0.01459589478105477,0.0063114420412958335,-0.013216103877245188,-0.001385125970026818,-0.008848629838803797,0.0001268249336140596,0.0036790689481325414,-0.004886150730428736
M3|C00072,0.058487189026997365,0.03768064236197257,-0.012093307793614463,0.013986774258498012,-0.013047263169548112,0.013669218812933565,-0.00847434831511773,-0.010021315437806955,0.0013320463354716727,-0.001103839782824354,0.004424062003070787,-0.0033681687973141083,-0.004974298473137167,0.0024822203749529717,-0.00787495121148898,0.004469825916106106,-0.011804649892277107,-0.003337221618827598,-0.0026761070718557146,0.00117442877757911,0.00690142264839028,-0.008831832600889123,0.0057820745681671365,-0.0012430689863703547,-0.013103557972385542,-0.0015069059467376692,0.0027829864179586632,0.0018226119075824745,0.0004871875015042927,-0.0004956299350761548
M3|C00073,-0.0029452837764839426,-0.08601621101162191,-0.06108561140148252,0.013117795701887383,0.01719978558729998,0.01168392060821968,0.021313410326166245,-0.007733820541053394,-0.023758577197303957,-0.016988433378734565,-0.014263506967263759,-0.017433824207276724,-0.006285538941231106,-0.038306783106927235,-0.0062702110080369924,0.007050258235668678,0.0024838324771129894,0.0012828014555564386,0.004422613649384177,-0.0041785021121690325,-0.0012410433751253642,-0.006188047458249342,0.006646582860903387,0.006236206770297188,-0.009275132107779235,-0.007082397387163492,0.002888094636865348,-0.0019156625265458005,-0.005918152390842095,0.010040441533182254
M3|C00074,-0.04285151846497932,0.030027214722750155,-0.05942698093827114,-0.05969567385396716,0.004379712253253625,0.013271420287522824,-0.0020116124759290933,0.0035905682605741947,-0.0005951640198218695,-0.012149352046368368,0.014757456412180878,0.0014157989306350304,0.01128122265528315,0.007429228250573079,-0.00404943384335724,-0.015421035756396535,0.006351377837818724,0.006615977238712872,-0.005117526915793269,-0.0012754086841555744,0.0047566888174596055,0.0038001313751326706,-0.0006230383478089536,-0.006971384695633085,0.0032843131089712063,-0.0028085940743902238,0.005658862817466956,0.0013065534145396956,-0.001275757675248055,-0.005216715655019681
M3|C00075,0.026439229822007346,-0.016545658565754143,-0.014626661620003357,-0.056949558781441485,-0.010669247175734512,0.004000277378183984,0.012575326512130535,0.02175995681161357,-0.013635696899266579,0.01572478248057379,0.007816496079012782,0.01484053630535067,0.00347803677057568,-0.0014084804332666523,0.012388705837100817,-0.006093002557838922,0.007816893510305194,0.0030712474666312944,0.005721182342093797,-0.0112889934282708,-0.010917863922782177,-0.001086559125613615,-0.0022444869803569766,-0.0054768412401955254,-0.00040732876181353173,-0.0012637486522345223,-0.003779973143955279,0.001988780110806842,-0.0035113484961075032,0.008621000383436671
M3|C00076,0.02678902070029315,0.020712438399589393,-0.01295569445909004,0.0030231578655376605,0.0005445646857027189,-0.014232248437166242,-0.009282943548272936,0.010411370717088971,-0.025586464708099853,-0.002449317453583379,-0.021632641734883516,-0.004234173029688434,0.020123098814745,0.004324218753777265,0.010422541073920624,0.009120949828056113,-0.000537687784318592,0.0013262838350201701,-0.00617028611944293,0.003857786663132556,-0.009901746438254871,0.002260050279470203,0.001453847527713973,0.007920531794738278,0.008373406323185425,0.0002333534748553689,0.007077041613888265,-0.003959148738924069,0.002907625249412835,-0.00222355047219064
M3|C00077,0.0726746832965458,0.024383401011911693,-0.011433743471072002,0.01295327155645714,-0.031032420730482027,0.016626040422050813,-0.011865449219838151,-0.023853116131041765,0.003854883770530677,-0.008802047460961608,-0.008833483589635375,-0.0022134838016094243,0.006284611019802707,0.0023548498006837554,0.01373614999703167,-0.004589559239414589,0.0027032972201883627,-0.0009591826230529316,0.008491778695735008,-0.004951100486481557,-0.003610972201354076,0.00010320273940823317,-0.003993138636447325,0.0008356387530441994,0.003954150713173202,-0.0001811191123042088,-0.001417326898328822,0.0011914334791900305,-0.002829523511308578,0.0015124609615571939
M3|C00078,-0.1364089287554434,-0.06743116994273692,-0.025029852431060862,0.015539612072106086,-0.008709987839357777,-0.039488842706327285,-0.010866915645643536,0.005976574880733861,0.016133002684766008,0.03309067524507777,0.005636587739471044,0.009135774056513845,0.006372573082445764,-0.022265815247764383,0.003526954098948344,-0.0009275904064265612,-0.0025393821535013533,-0.011163604493953344,0.004142692472934269,0.004257222985067217,-0.0006490478574675574,-0.009981407908024882,-0.005901283745151008,-0.004559849014295867,-0.0023757947357730667,0.004221954750308897,0.0012102679125801656,-0.0024003422174238903,-0.0016155909410770053,0.0004088751693757606
M3|C00079,-0.10281518647491726,-0.07433343155358123,-0.03833190863058984,0.021790085760486282,0.019951059377255633,-0.03568827061314651,-0.0003267287780780926,0.0055033671343512145,-0.02106519631017713,-0.012449829084661196,0.00971421614372316,-0.011510338927303148,0.027995813148859492,-0.02121765192310275,-0.007102846664007789,0.01965846739236922,0.0013711439559945882,0.006450276525457413,0.026051587838111297,0.016719207082652836,-0.0017443900537444687,-0.044066019995428383,0.006001283688223075,0.0031307083033049977,0.003125721344917159,-0.005795178282413612,-0.006494961713475155,-0.011216645161489184,0.006655374894739667,0.0007801227290936831
M3|C00080,-0.03946702113961827,0.01852470322830684,-0.00048604415490497343,-0.05563331861893648,-0.01244485534077144,-0.008021737096417314,0.005576854726770173,-0.0015712893921257447,-0.014707153955562411,0.020811145143234955,0.01512395238011589,-0.001943837304140933,-0.0005064869428177389,-0.009307087258984567,0.008514384692293911,-0.016777492411947377,0.006896773951341149,0.005595325687151227,0.009871437159121529,0.017652480745260067,-0.012467528315616337,0.0020523942978851717,0.0002957205744013375,-0.000996836604403464,-0.006300027142219463,0.0002869756534738736,-0.00784308568585542,0.006354835692191552,0.0024660624066595517,0.007430577686907596
M3|C00081,0.0636343309509209,0.016628585525555156,0.00011933841541643285,0.025117474420860327,-0.03806340787338404,0.02114772016444588,-0.02495563648323523,-0.021292321258702725,0.021746274439469606,-0.017820021688238295,0.016222456116895812,-0.005017934180135701,-0.0006693765723362282,0.0002105664267803248,0.015523270894517733,-0.00903770858026435,0.007639351457199812,-0.008955088951403732,0.007000396816353992,-0.008890249823404398,0.0029378787024629126,-0.0019366411986990015,-0.009776060101471109,-0.0015701644120792923,0.00802532630012566,-0.009410345672823082,-0.005293220864834347,-0.005618066178443328,-0.0026548591045831996,0.0006827495891315503
M3|C00082,0.02442893761047113,0.05607373561967224,0.008387590177248758,0.004264167901207639,-0.009177657185463726,0.016969699793230816,-0.006613934434016754,0.004932947551421524,-0.0027546849431162417,-0.0022169650787544288,0.006672433868203165,0.0200358507739274,-0.0018877778368724322,0.004457922950703939,0.014534560036036199,-0.01170801922110475,0.00403950695622143,0.012222155689426063,0.005751931513153867,-0.004890432949112837,-0.006164189644574221,-0.001354195741270211,-0.0013516221640779969,0.00926966795139082,0.00014274253939730038,-0.0025207529293367983,0.0002023390578750966,-0.00035690296567273045,0.0005777182006491857,0.002732277272504599
M3|C00083,-0.05098189770558252,-0.06592544326381228,0.09663483824347963,-0.06492825115888305,-0.06761226891310125,0.009837370195960624,-0.00027301772736182487,0.003996070645435037,0.01146171713028479,-0.021546276456961756,0.01172180943865897,0.018602679067532706,0.021243636739874824,-0.024784381245276637,0.006770544275999578,0.013487617513548267,0.013371434965604652,-0.017820351675276146,-0.016854661877744963,0.005416249538202814,-0.007849637469243685,-0.003221700785231489,-0.00973776561551317,-0.0016939084259583797,-0.003111828405557823,0.00394180307112263,0.0018500512932171618,-0.011530795071538069,0.0014305059553521644,0.009161785851128375
M3|C00084,-0.11271085737953714,0.042904588621794595,-0.0247447112138427,0.0025654417186900718,0.008946850694433283,-0.023863200614701627,-0.010205467453062455,0.005380486207256386,0.008158133213656908,-0.003387577257402646,0.00437732890622301,0.00046490043873326854,-0.01385708200130671,-0.0008926197896186076,-0.008431655190467943,0.01770969327551615,-0.002397794243859507,0.007546955665323757,0.0043216597149178925,0.0011480899434803183,-0.00916020004207848,-0.00358415072216485,-0.0018561000880845386,-0.0020413090076744035,0.000439097450242734,-0.003948722181266261,0.004857999351843585,-0.00035443053088963,0.0014655450344331674,0.0023125791935957756
M3|C00085,0.08524772881443327,0.04045088474034568,0.014972799007796725,0.0314360945051007,-0.028468418067934077,0.003599211868250108,-0.006149615342209086,-0.03746469127816384,-0.004343037800589328,-0.0073499539998399185,-0.006533761983320071,0.002027794395468464,-0.002296474839769252,-0.0017628844265380795,0.0005789643354502271,0.015858717423649308,-0.00014999801337036624,-0.0026422212611634105,0.0033135432764584585,0.0021466866705637426,-0.0036716155976237908,-0.0007881088743883847,0.0037924900771644514,0.0006574987814969297,0.0016524313249184426,0.0007562380862025088,0.0006482708553635362,0.004581492608696461,0.000699281553467795,-0.007420966471536014
M3|C00086,0.03479874541647899,0.0020256973784444866,-0.010940221158635233,-0.030489997853884863,0.008807586971624927,-0.011460919873311286,0.012103307460391309,-0.013694594212497524,0.01309553486598271,-0.02110255113311494,-0.006149427814149192,-0.03306555140905913,-0.008359492343255162,0.0012589045676387695,0.006723815357073082,0.0178644804092909,-0.000824381474098049,0.004504955540355351,0.001636721732368487,-0.003441230147185482,-0.0003659537965878275,0.002337754232482809,0.0036798613305856365,-0.005423277072561306,-0.011302629611901068,0.0004954010244853604,-0.010849154902743081,0.005418936084110014,0.007407042321018107,-0.005843340827508668
M3|C00087,0.01576481093400344,-0.05089626144024784,-0.03352941789891813,0.005411549470216933,-0.011675352627066513,0.007839084945847572,0.009708175138507247,-0.028812801793234564,-0.003896160726521807,-0.013537431530547034,-0.004063155614471402,-0.015848360553756557,-0.00016236357161652354,-0.02129089253156384,-0.000572744456515043,0.020215942516728255,0.009396833681686718,-0.01839963061392713,0.002948204635029239,-0.0029404932780875,0.004354244493751229,0.006678612745455636,0.007638022654607806,-0.001331807294305833,-0.002603063839389158,0.0009236962400995031,-0.0003677351516641798,0.008706704854998379,-0.0035476965182417905,0.002872004831457416
M3|C00088,-0.024538033773585134,0.09026788513027002,0.03811180138775382,0.019650084969999638,-0.007836150439311098,0.01297593392310428,0.0017228278553536654,-0.0033700850202945474,0.0017505192940590923,-0.003187450008858568,0.011308537448199188,0.005276345425055727,-0.011855583787272006,-0.003980862441982736,0.009966055262592848,0.0072152331600694114,-0.003590562186938438,-0.004191610755120509,-0.0021977218320798635,0.004498628673395959,0.013391152000285927,0.005987944624208142,0.014636894194163377,0.0004431699721759935,0.0037044536307264645,-0.004264157208885227,-0.004001546872715699,-0.0016921820928807482,0.0011426102447187495,-0.004040824177153793
M3|C00089,-0.08516282588216746,0.04799976705035438,-0.04777151961349624,-0.006164495588793668,0.017528527987796118,-0.011206387932123234,-0.008284024947532368,0.005038658720927019,0.011930740648468488,0.00837979692936818,-0.002503124175381613,0.00703655626400561,0.006404818903013773,0.002272750383494284,0.007997209093505962,-8.902004168599337e-05,-0.0055208993527595404,0.0036621362459906587,0.002480875864893399,0.008132399660954293,-0.003189347704782752,-0.007907904508306066,-0.009376211660360675,-0.00036309484255986357,0.0026794974699949977,-0.0012241543763462303,0.0031038836621041207,-0.013275404563338644,-0.00025358177086450137,0.005216569701633738
M3|C00090,0.1310596126371399,-0.03304775962354848,-0.024019751060269448,-0.009945288989720592,0.015847165316779252,0.00039185296404064076,0.03835243148612886,-0.010212283138620621,0.0019631508548114927,0.0037473815317667068,-0.012540905058006712,0.022420078218110817,0.016499036728989006,-0.0034753181266507266,0.005463430401859335,0.015351106679717544,-0.0006629435903849092,0.0017279772471768535,0.013927638843380953,-0.0029440927209868593,-0.00025299714422280344,-0.0007350499375526948,0.004264275289542595,-0.004257420066459325,-0.005124795572676616,-0.0023932344411813186,-7.074517306306735e-05,0.008506514931860453,-0.00171567204863949,0.0015855589942156258
M3|C00091,-0.03991422721055558,0.08739519034449399,-0.016888415353191365,-0.022789627299724453,0.004628631436414968,0.01394413786290201,-0.0023141359022412085,-0.023749125641455125,-0.0029497830527399032,-0.00558172752772606,0.009417124349969984,0.00012405585985742913,-0.017799467014620193,-0.0014317698912855448,-0.0009339001057179874,0.006614937860436653,-0.009643828309563202,0.0010920567145087333,-0.0016530585636312877,-0.0015228174308527212,-0.0007621981797069721,-0.0008821070038567199,0.007188612784817944,0.007262296465851812,-0.0031865363396277268,-0.006428799440139548,-0.004077438694636802,-0.0007917409992142797,0.0016929526724457254,-0.006902267214661369
M3|C00092,0.07484623523569411,-0.07402835115443641,0.016734419152102106,-0.022091039561366065,-0.03180255271914592,-0.029755260541443895,-0.015090098192231373,-0.00382109673900229,-0.0013516850114689844,-0.007634490885804521,-0.000614682674449643,0.0008263636905664498,0.004231910818427801,-0.0012307359068857604,0.009498177453049443,-0.002580972453159848,-0.005340484639429935,-0.009705789426145143,0.0005610805083220593,0.00922754667897138,0.006545139101569246,-0.005243325491621125,-0.0004838119066489892,-0.0025159369245188598,-0.003394447708216212,0.008534080773336158,-0.001154317040126859,-0.007210892698561433,0.013088479613225013,0.00716481764048098
M3|C00093,-0.07470784210009453,-0.06710520228949167,0.015379255109321628,0.007593975306162065,-0.03654914905236665,-0.011233017192708316,-0.005314694637275492,-0.0011446008902005645,-0.025058933212553584,0.025155084641337273,-0.011089686640052356,-0.00608948348132574,-0.00797704915129843,-0.03088836368679287,-0.0034871784959354148,-0.015636164141860153,0.0194485863270364,0.003978943489904315,-0.0022084440977267594,0.0035545879366370428,-0.013131502712667541,0.006274617955077109,0.012260903354798434,0.00820012955430888,-0.005449764633186559,-0.0009679664270950584,5.944044027548696e-05,0.00153946257900474,-0.0054130442732581415,0.005766762739802826
M3|C00094,-0.16429618884145916,0.04007110853050232,-0.024790569361989073,0.030736928322414946,0.027974640622024854,-0.025696757947289487,-0.007043201304618698,0.003784408283343707,0.022824287160582008,0.00012541036667574026,-0.013281037541551346,0.017669322637859915,-0.008291874209500815,0.0039717149495165196,0.015130098015223272,0.003311571771512526,-0.010337571529853044,0.0030594600168481765,-0.0005783517642398986,7.590945531775505e-05,-0.002080855376889616,0.010180178849571708,-0.008323016470413079,-0.0043994118747074295,-0.002288250292856653,-0.00805328179242778,0.007618561687891052,-0.0034213618193037073,0.0005161413021223647,-0.00448959231860342
M3|C00095,0.06044679214240136,-0.004737352996543782,-0.05215577923309379,-0.023199553943931098,-0.01633949999728064,0.02448598674839195,-0.0003901557532761133,-0.0042936461768509895,0.030671905918827805,0.0036191950875300444,0.0031404622641940617,-0.018898001706720097,0.013145446572498009,0.0043931660792343825,0.008945663256565142,-0.019063532519670013,0.001524027351079689,-0.001698019790280341,0.0014973566490528666,0.010626884322958855,0.005424978273882293,-0.0031327674371316758,0.004781783350068423,0.0024873885420445443,0.009556751872186811,-0.004727704882711313,-0.005052807658996204,0.005259429572766464,0.0009152877865446959,-0.0006977022277590821
M3|C00096,0.06481687532860095,0.044482393456046466,-0.014424535749781664,0.027960960071684804,-0.03475283689515795,0.030277430558879114,-0.028387709072252104,0.022711809200769765,0.01071091650093376,0.0013938932592838734,0.000885197764597277,-0.019926070080335638,-0.01223753723402441,0.007254715946348246,-0.003949788968464329,-0.004660599096706943,-0.003970694514193605,0.0027901946929560577,-0.004894435290523481,0.0005631922634631645,0.008161214269968048,-0.005714188660310622,0.00037653838453849875,-0.007221624478379068,0.0022661508268255457,-0.006807112800859046,-0.006337698765799125,0.004996513438551474,0.001169685147511819,-0.0015410855032900227
M3|C00097,0.004631963304775226,0.04972098368497931,0.00902786261918164,0.018546380180055434,-0.013473810091944967,0.020514766041337815,-0.004687340726021338,0.023621145169482518,0.00498474699429175,0.004161844588654321,0.0013014605458943416,0.009255095874415612,-0.006506344545287625,0.0077049519915279585,0.00463936724064648,0.0006242735677377101,0.0023076965603450517,0.004610784550506713,0.008335507340209495,-0.02704525060145849,-0.004846694713395208,-0.005523925463372696,-0.0036970481565359236,0.007165313591367358,-0.006582221692481045,-0.0008888085172148072,0.000807286193211624,0.002771274819058248,0.002398443762055845,-0.006267589572633202
M3|C00098,0.023494251790635346,-0.04845766947654757,-0.03565451141464627,0.02237504272841848,0.008600618064677648,-0.0065032746134572345,-0.0027681859436361734,-0.010136754419977904,-0.012765990537550521,-0.029298836537029724,-0.019558083158887067,-0.004233009015964254,-0.0023604738430955006,-0.013544776982154932,0.008851522848465946,-0.00734394118451936,0.0006116476599290272,-0.0008363474980465272,0.0028347607818196073,0.002623450906954046,0.0046038351830801575,0.0008362873252527512,-0.004156027408136868,-0.0005638258200766504,-0.005359098944573315,0.005324103216139325,-0.00320597598860358,0.00571921392894484,0.0031595666334696083,0.006261281276542708
M3|C00099,0.04286529139266897,0.02213444811481216,-0.008161967499726967,-0.01416492079807122,-0.008980751288974262,0.02653918191362327,0.017275593829260933,-0.0022812013974331555,-0.0016969216166915293,0.01541032363363578,0.0019403896529288645,0.002622742647839253,0.02675208707129806,-0.0023218157230433557,0.0029341093205814206,-0.017270306222162968,0.0005549461252086462,0.01040388705974855,-0.0016261856137877065,-0.005755928341772091,-0.0004390976006003969,0.001365099335482564,-0.002054783960571666,0.00523488532210811,0.008213005851702954,-0.0040259520913356675,-0.0009211261774231095,-0.0033217506242512133,-0.003937341334670188,0.0013380708786789612
M3|C00100,0.03285984572565285,0.059996931583449195,0.012000055582427583,-0.002046337199850677,-0.006166794363156852,0.01314989635183572,0.012275141424062734,-0.007718573114466083,-0.003303272727862797,0.004165491412839729,0.010117619287745435,-2.116634745420264e-05,0.012242172712003658,-0.0012286521225866004,0.005283211453138429,-0.001561159353146254,-0.0097950710426112,-0.003728597867691896,-0.0002974308347386704,0.017774213487890263,0.009808689274273003,0.004857430079054457,0.009920996283070896,-0.0005036416308173453,0.0030528742313154834,0.000514323634211963,-0.001379271932311695,-0.0030105590606169462,0.003792314943357852,-0.002986057098589543
M3|C00101,-0.12067402321077285,-0.1399836239915514,0.15917847571188967,-0.0816004564428548,-0.05620003559357025,0.012098258011005034,-0.01406580240012873,0.005933810432152811,0.013186582436600943,-0.0031454987179140395,-0.035154035928924535,0.010880274042307425,-0.009947886025294743,-0.01162134089417201,0.003068187906028179,0.0032830726761811416,-0.011015635092494376,0.009246555554019159,0.0015785543724863205,0.01048472754726471,0.0019080236009069668,-0.005515550100409991,-0.00011741860594406869,0.007151594382290422,-0.0020997550246170398,0.0053318955668285725,0.008978099591662349,-0.006253005869200725,0.0005038557668556458,-0.0018369486952397745
M3|C00102,0.020992664761304403,-0.020888493863732205,0.005304255684483805,0.032105413927284804,0.004866535809825976,0.01147665940712801,0.01300592560824123,0.005079762391421472,-0.0031844832573500663,-0.006374932258565531,-0.013228138896438032,-0.03406244772482013,-0.0014441942651327272,-0.02623819332532176,-0.006916257546642544,0.0023703646855719332,-0.0003847994432241917,0.010703575958345068,-0.0011365569249868741,-0.0070322340684435295,0.004532150357576792,0.00024801367013439985,0.00550075680468203,-0.0029152603371990294,-0.011951060004063131,0.0016686938646962369,0.0067429527829138535,-0.002163842329007312,0.00692870591700699,0.006783579937641388
M3|C00103,0.09647290557645329,-0.029795861104267587,-0.054124109025938096,-0.047840034145572606,0.015756994664899455,0.017114362735342024,0.029241340337121714,0.014485614928055252,0.0091321725405219,0.004823380726415054,-0.015691497406265065,-0.009625933122177863,0.011184604210499705,0.00015687784018740352,-0.0018816172224434783,-0.0032007760614773642,-0.004762451572673416,0.013748650208256882,-0.004792924645365398,-0.006305256348804666,0.0004439286579146529,-0.0028139321389666267,0.0011461088454198147,-0.0017844099343461226,0.007781083200721124,-0.0006731036193684716,0.004446736583854311,-0.0016128636278495993,0.004830662130304261,0.0016847108070384266
M3|C00104,0.06508772655835972,0.024845634621481625,-0.0022960101230990533,0.022013217284368333,-0.016477203686841836,0.019079827599858046,-0.020128158767660075,0.010502459913739728,-0.011773591308092411,-0.014897330540878878,0.002725463236853276,0.007311298811380914,0.0005333222438252526,0.007515707236151525,0.01563651540282838,-0.01721582671919051,-0.0009917147939827971,-0.0016971291871396047,0.008149829456416253,-0.0034437029563710035,0.004373094250635947,-0.00582169551941141,-0.005976009494975982,-0.0021344217989814037,-0.004209375116024587,0.0035547684779229207,-0.006682851918643351,-0.0012295116530279375,0.0003362237377098745,0.007931608474325799
M3|C00105,0.14275153665448947,-0.06393606749237699,-0.019990470597818052,-0.015008067111194267,0.024221196917514072,-0.004961022853496259,0.041696882046358706,0.03919898635278721,0.009385025929248239,0.004355869067902488,-0.01037364441752431,0.014628674775528623,0.010310913232020357,0.0005141703952365194,0.0038990823373702727,0.0162217600800195,0.005365498431195735,0.010810050771846162,0.005091011467525497,-0.012757914009256573,-0.00742140574926455,0.010910446063308194,0.007533413449437673,0.010222052237545083,0.0021977659648131204,-0.003029047888664459,0.0013669593654007596,0.005667207291535478,0.006781041505711055,0.002256836130637593
M3|C00106,0.07305741236840596,0.011607580413754027,0.0004442613537142776,0.019425539850717023,-0.008913485459049955,-0.010926017373080233,-0.008445999282056811,-0.007342139562780986,-0.0067330723878486,-0.01053417137844146,-0.016625098142611046,0.006889648268614531,0.015094086647319507,0.0031349167460706547,0.0017046599308120033,0.00396091849631707,-0.00011509681483028111,0.00961855384119247,-0.003721651306056388,0.00329735409628928,0.0015580734350486656,0.002994548113533082,0.003926525098088565,-0.0017849148460789169,-0.01008105520752163,-0.005782405959831292,-0.008847236556144632,0.00630909412143573,1.30593619342423e-05,0.0008688974380592865
M3|C00107,0.025427394741427543,0.03079861326246217,-0.04126376615093068,-0.021243465483442303,-0.0035441813118364624,0.017763555474650215,0.0031283879424577614,-0.02232842504469176,-0.002486933712223262,0.0011470723183381766,-0.007541063628512836,-0.01646507717223266,0.004421577781765353,-0.0013158200351084746,0.007805182890813975,0.0019827693245318585,-0.006239738049773767,4.216642564464349e-05,-0.007745095143432218,-0.003597156846130483,-2.880943768017996e-05,0.0009932357364773356,0.008443322201023003,0.005559596029275355,0.00149107006770911,4.0774319659414715e-05,-0.0019529841818695477,-0.0008363376706040024,0.0026894854585256564,-0.005161190813512254
M3|C00108,0.02883768983021409,0.006743121734724373,-0.016092396714902407,-0.0012585495157020985,-0.008960328831742935,-0.0021388622131509076,0.00573347010534295,-0.006086242222444066,0.006918129343202308,0.016102208665531203,-0.019808896569138548,-0.03905177787552304,0.01888034264319728,0.0037346338767757494,0.003357118901410305,0.00574939655581354,0.0008843690945813534,0.010336189460203617,-0.005768843923524907,-0.013226386382858906,-0.010184195273932672,-0.003989230314011778,0.001351800643428394,0.0070995275887672385,0.005311079026987733,-0.002846663501481186,-0.0019571700356591118,0.0013520369368935714,0.001969210647284138,-0.0008551461630011138
M3|C00109,0.05601129358230107,0.02667510629842668,0.024403272904290407,0.022743311598433458,-0.0266400765457963,0.012382970234663568,-0.0029912221497094046,-0.019391309115563683,0.012752820575612188,-0.021471794072196706,0.013260545600027701,0.0044216302441378655,0.002056268078685955,0.004016782903972863,0.010017532510924373,-0.02012725047494307,0.005669682548058828,0.004027664451538245,0.013027806388465978,-0.0038442229569790307,-0.002807778310841445,-0.003970399287978796,-0.007314856924953721,0.00300330486232693,-0.004461907735982054,0.0015230484923628898,-0.005923820622494865,0.0024419491367003304,0.006231295511305139,-0.006235397293192147
M3|C00110,0.10351260339067866,0.004610825221654287,-0.00859612180856376,0.03892457717612927,-0.02781073503374996,0.014137791613007643,-0.019163800866176275,-0.006648778622086655,0.00705666206119964,-0.01453672333483363,-0.00013568378381017255,0.010796962960425588,0.0031512045299640686,0.00540211598260595,0.018035483358208,-0.007640059842473751,0.002678151717157378,-0.0007525363720105151,0.011542162897268927,0.002938501344936223,-0.0008163501176950402,-0.008621454288447551,0.0012453515323456877,0.0020256725513896068,-2.119945432515964e-05,-0.0041372389454726235,-0.005357933811721853,-0.000671657240738538,-0.0012920913812470988,0.0004426931170715274
M3|C00111,-0.0031903029840127553,0.010696418269786996,-0.028066196144718204,0.013317942142079478,-0.005047705747991335,-0.022758738497301326,-0.03924388493804947,0.029712228732936958,-0.02838034654818984,-0.013187810394777429,-0.007391594248460689,0.0008368892015740097,0.00569440220490855,0.0059092414322730455,0.0033882083513771134,-0.015236219968819808,-0.006826255721580742,0.0031715218607892303,-0.009470817508695616,0.004398400108981902,0.012844641351649035,0.007254772082048567,0.0038168836693187034,-0.004766860112249935,4.151697276097453e-05,0.006073613074986792,0.00249056029077518,0.007319226539727342,0.0009802795654652624,0.0059550708601375695
M3|C00112,0.0008142931620277391,0.023066236998040102,0.02855425648096384,-0.036627578262860255,-0.015134651410952644,0.000893054586146721,0.025617472581313076,-0.02896463295252764,-0.0009881636930519691,-0.015603736324924745,-0.009258662859417286,0.003850395303616951,0.0032146045766388094,-0.007309831687087907,0.002279221760871824,0.014205306234693372,0.0071197476734189925,0.00037364849991823503,-0.009156341402256678,-0.0038437446673880264,0.006351369873149273,0.003190600127299033,0.006582423440675867,-0.0047426831875286264,0.002235741700363662,0.003557035670940231,-0.0038165210885505773,0.002636629419674527,0.0012763508019165517,-0.006650476030825855
M3|C00113,-0.12421540056321152,-0.015220057480770266,-0.06370809481820228,0.000548271609557119,0.0022750191493554994,-0.03498791317999589,-0.017462734460596884,0.01721078618845722,0.0010792943583917602,-0.016555689700218434,-0.004821375881631148,0.0005544925397415012,0.008441746304996884,0.012807663373071826,-0.009105411613368662,-0.0034953708041641344,0.008485245884583914,-0.0039799471012584246,0.00958668705269368,-0.004892003536596721,0.0016130262488409782,0.014068135891070244,-0.0008718512911703079,-0.0032949274688562086,-0.0021933308841186458,0.003147705092438994,0.01622858485553167,0.0020540065842882473,-0.005748082972950688,-0.014076113367846334
M3|C00114,0.06401923884815272,-0.03892889392986051,0.06542492074153157,-0.0020864451773565025,-0.002746134785724615,-0.019495101565629766,0.03471062696241575,0.029432446747159103,0.0013768239968735736,0.0097970976917811,-0.004101016915060118,-0.017294302148650135,0.025026092578334273,-0.00200098305358735,3.901936504512009e-05,0.022610602245845785,0.0058118480407720295,-0.013719701814892677,-0.004813117691960541,-0.008443934612634638,-0.008658315239649307,0.005071543690241208,0.004110456468567599,0.011169812366571486,0.009653838530368582,0.001050646619578166,0.005145570348821409,0.0063490456108438,0.0012180361498033913,-0.0026229111308829324
M3|C00115,0.07398623852915097,-0.008358752197760576,0.052897764553303625,0.038754124309565555,-0.023180357601985103,-0.014834660141462537,-0.022199708422421777,-0.020154733124329853,-0.018890185729712284,-0.0023756330016452645,0.0208425439044027,0.020811065866407043,0.01280413043283291,-0.00584935022582901,-0.013553457535432587,-0.010255664247128883,-0.010049465741125162,-0.00997346929568081,-0.009217319217518722,-0.010026911113342658,0.004191634652865595,-0.004383891244133728,0.0018924768078755695,0.004149031641976767,0.0008139480587521104,-0.012140841732387381,0.010114058271796709,-0.010266235773482442,-0.007794401621876663,9.189007599937468e-05
M3|C00116,-0.19261906772584655,-0.1618388017510768,-0.015256710897716531,0.04691568229922032,-0.01542342763527196,0.030118605219175885,0.02502736790631171,-0.012028474956499599,-0.0019001283788223162,0.000803313312829865,0.0024949506869177294,0.004954420626324409,-0.004302743376564514,-0.01023203183771369,-0.010196017867697745,0.0019648394213066566,0.0061280256159800175,0.003202251251359329,-0.009595613361634916,0.007496103557158293,-0.005994827551916198,-0.00803897552489344,-0.00782361051035809,0.008905345306468877,0.003822103451326007,0.010324540003996243,-0.009461988273292535,0.006960806308613775,0.002001383849383174,0.006329119933356655
M3|C00117,-0.07104271750938924,0.0384656380043541,-0.02769245957639711,-0.021910379573873078,0.014864196979769161,-0.0014870519953526144,0.0020563364730567407,-0.004659849287403302,0.016172573852747087,0.004808799557584494,-0.0010513530569797867,-0.003459944271141355,-0.009520196858399697,0.0021843463153657116,0.002493384667811961,-0.003936382571552133,-0.007648891036229229,0.0002653238107638816,-0.006447776111375749,-0.0062137800439078985,0.0029835710771558854,0.0036030693536448126,0.00289339123665774,0.0018241655797677967,0.0036459607166297037,-0.00579052227724734,0.0034814787220632235,-0.008866813392953579,0.0053780441194326645,0.003526584588890852
M3|C00118,0.04570016938368922,-0.008216493408247679,-0.05292078349843717,-0.017679067655011774,-0.0012887073125122021,0.003357859131643207,-0.005290881521677723,-0.013181241384614361,0.0014137969285788685,-0.008727913076023733,-0.005346918154509578,-0.004438853083697828,0.017985210450797276,0.0003397783662503968,0.008194779925676793,0.005132044590783176,-0.004883972398759627,-0.003396156867312894,0.006194805044691745,0.012346339971759154,0.0025050889942452395,-0.0014799489780793673,0.0015623052267230047,0.0014850049741864677,-0.004830728384769506,-0.0017154141528640753,-0.003468356022172763,-0.006845030690648182,0.007567556642603189,0.001987996624490139
M3|C00119,-0.08629085023338451,0.020848444923039364,-0.041396770126657066,-0.009458243638616396,0.011351781825907441,0.00687853877811966,0.0030412365938028117,-0.006011154663146054,0.012078986904886927,-0.0011820242770716183,0.0027605246059754615,0.0031481109226619056,0.0003103349848278641,0.002958602466163743,0.0022724105825307215,-0.00815424492839738,-0.01090352865406257,-0.008256714626971308,-0.007319346185513683,-0.0018860513055977699,0.0018964630315576022,0.01390103108985512,0.0027675349171337577,0.002298466858596064,0.0010564715522719701,-0.003115594583265532,-0.0007219766806078948,-0.003545258235404626,0.003715850171783763,0.0016760471681738
M3|C00120,0.052900781973853096,-0.05406259809102903,-0.03710138727056315,0.020331523384832535,0.010504731265290541,0.017987682277448864,0.01363956060620459,0.013673602418045508,0.0026137203654087704,-0.017789846817327478,-0.011069025012371447,-0.017088383035084205,-0.01454777825627489,-0.026319178620993044,0.0076912217989999945,-0.006653949242010359,0.003728787652141638,0.00637865673844824,0.0032541864017204074,0.00035061017907115564,0.003098215255146588,0.004790021197153718,0.010440348748263153,0.0035351716130896634,-0.0015963403443983355,-0.002866549163202643,-0.006840170124946449,-0.0013848370752144036,-0.00826199513479916,0.010741409234140393
M3|C00121,0.14459584486330282,-0.122777721163443,0.019902139865427083,-9.104001462814132e-05,0.04783096586031688,-0.0646131585440786,-0.0026429813024301313,-0.005453017155240446,0.009113459864535413,-0.012149627634516193,0.025774154135205826,0.007012100184331716,0.006607020424306555,0.010234218075695734,-0.014210958568786104,-0.0014844240930422508,-0.009394038182896027,-0.0035634959554789215,-0.013428106210986722,-0.016121323542109406,0.014066463236171623,-0.008038707829159178,0.0038780091738247523,0.022144909546018172,-0.0125978812450468,0.0005322582257705702,-0.00561202018738799,-0.0022808781024232323,-0.002532416250980731,0.0027964567631141475
M3|C00122,-0.14655450881840876,0.02768649309047948,-0.00384780332514658,0.03186875699608401,0.01936417561717665,-0.026419626412284007,0.0014042816101817372,-0.0018458426177651408,0.023983982015837783,0.005309950006029648,-0.01574771199099567,0.02892982503078596,-0.0011012490174655836,0.0035189085484777193,0.004372945524543608,0.00024516748167691777,-0.0038246100907412526,0.0008096057209833293,-0.004976928592683456,0.0042726294188791866,0.0031044570654070918,0.0049640147980994755,-0.010834313593581519,-0.005654596921750468,0.004299220479130687,-0.004468605535041351,-0.0017134951024720664,-0.008485012058543313,0.0018441211844934314,-0.003238156387287268
M3|C00123,0.08284654422923755,-0.04920139721432306,-0.0219943757804526,-0.018772253193041582,0.013331799395576703,-0.03049472497013263,-0.002079515370890134,-0.004659607576885083,0.00042004238339689363,-0.010912672033468452,0.00327253385857025,-0.011203817768849374,0.007741516249691298,0.006067095353380387,-0.0028219671077664094,0.005794411453333756,-0.010026428615280731,-0.004960060513033418,-0.011446921976334772,-0.010060683764940273,0.008123474842884686,-0.005339578091706996,0.005233568097787411,0.009443284841759943,-0.008362988841237474,-0.002680575461301068,-0.010567173399093306,0.004715988879388973,0.008481549990528947,0.0008985593113633299
M3|C00124,-0.002197833476477117,0.056324418762988354,-0.02319988102934389,-0.03272573784108172,0.009047705294242885,0.018395491565117716,0.0013699625915728256,-0.0009544052036648099,-0.010344684043217376,0.0007951854089988865,0.010606300188043061,0.014892660126156199,-0.00132706353371252,0.0006878994144737776,0.007142710714259973,-0.00667228265755003,-0.0037643413982963616,0.005585259640842022,0.0006887893226709261,-0.006585337825143492,-0.0017627536190717615,-0.009534478260206607,-0.002417769095277641,-0.0012551890053069212,0.005043309613547984,0.006491763869454053,0.0009063300793812935,-0.0032503494251730934,0.0006677962877136061,0.006766891398354313
M3|C00125,0.09061512638481536,0.0007333229021023186,0.007156871118969301,0.022954382712553532,-0.013591020902595834,-0.0032809315820374906,-0.0049981888851116036,-0.02002754992911536,0.003765878887387594,-0.009427377841482646,-0.0085534718670511,0.005760768664576525,0.00429639401662836,0.0018082197035337712,0.003171369825539014,0.0047726483463416975,0.0037899585271363757,0.004722735351349978,0.0010488904716677348,-0.007052000248544132,-0.003946769699658636,-0.0024044291566723704,0.0020564785974570066,0.0034201006077186394,-0.003875448930685724,-0.0035222143546714225,-0.005822263612573685,0.0006428630204901689,0.0014432332418034888,0.0002044241896678375
M3|C00126,0.03666390516100321,-0.010953850919376763,-0.03971359668460481,-0.015819051707374177,-0.004584038556934802,0.003103190258260265,-0.010775047985104732,0.04156922420284649,-0.005019656005720451,-0.004779264472038789,-0.0007167107860914597,-0.007854179280465641,-0.0010681360980289612,0.007329566799756175,-0.002194655854671773,0.005517894966030093,-0.0007409276230493117,-0.006279386991469646,0.0059916067996130685,-0.0032971975870674597,-0.011162018702138374,0.00418028101210854,-0.004047943388256157,0.0066762021018787684,-0.001324552232642991,-0.002636466978212097,0.004215929678021283,0.002492720367633385,0.0037824066217760906,0.00020550571771946977
M3|C00127,-0.02984251523900025,0.08037266249437731,0.03026386452823347,0.0277268419466809,0.0003992248679818725,0.00779400135400915,-0.004388831884838416,0.011160760105581195,0.011169755749734606,0.013701602299509336,0.008705734930516938,0.006566351292010879,-0.0027329819677259677,0.0006055355471788816,0.009450903637043482,-0.0039244917535183775,-0.006264534668013607,0.010005314061864756,-0.006828767484187037,0.010469101372742191,0.015250789058197899,-0.002151424704127905,0.007160709615002044,-0.0002627744971225737,-0.0025253644284577363,-0.0018062079485968155,-0.0051518022828963405,-0.0054346901389989415,0.008307830021782054,0.000602170850241093
M3|C00128,0.10059412290903497,-0.0070496128951347235,-0.013787559846866618,0.0049501559411101155,-0.009606032954954024,0.008137619230107158,0.0031298440018233905,-0.0033239504162257743,0.020176255520079258,-0.012580713056235973,-0.0035923578938610824,-0.01684402681119022,-0.014107010756748596,-0.0008033432568647099,-0.003972649309155082,0.0022578458646750903,-0.0025680762038215103,0.005483809653582068,0.0005027875368788798,0.0032320821089729668,0.0017522740796760718,-0.00373537146009463,-0.0028962952322496875,-0.003022242726498109,-0.0034439493603739624,0.0002814109482661851,-0.008722811397401773,-0.0007091109919031263,-0.0014533696661217506,-0.0061582293640532835
M3|C00129,0.04074088048618308,0.06152626956466241,0.02617665975125554,0.026739623436365798,-0.02205108937221368,0.013458293301016949,-0.0020768180044809727,-0.026898183640679238,-0.0158553814632571,0.009486998646246322,-0.013463364676660447,-0.0020458457339582047,0.012435256126104266,-0.0021447304500494713,0.002445772451845153,0.0006011348996601522,-0.003759412577345597,0.0036871533693496037,-0.0032404554446392683,0.0031958825554062906,0.003317141245073334,0.0032449439301873127,-0.0016680246937875285,0.004614229614530013,-0.004406782151438106,-0.004713046305558727,0.0015931727335297572,-0.0031569823849642454,-0.00524126664595962,-0.0032582342181629678
M3|C00130,0.044876674531444435,-0.01558798798438767,0.03419335747363282,-0.014127939889500434,-0.031563319365883635,0.020665207885869237,0.009879295094488962,0.06037239533987824,0.0021055495662864387,0.00957156399109132,0.01590678770270927,0.009322382162020117,0.001435396277656062,-0.006141733253255941,0.00873032680800793,0.014753605046247936,-0.0018886742552039516,-0.014441206217036392,-0.0032998401497505107,0.016410042464221394,-0.0005121294369961637,0.002018096211460687,0.0015695584353207143,-5.800178856638259e-06,0.0016996946048946947,0.011937789862828745,-0.0005242054375133034,0.0006513086829270181,-0.0037832911706634363,-0.0021059759668785294
M3|C00131,-0.03797636105318189,0.06797418947388553,-0.02516002509966191,-0.022483384703675578,0.0005814417909756378,-0.0034000657880640653,-0.01094726156569565,-0.004198689177643278,0.0021232707359107677,-0.0015619415552750053,0.009023049178276675,-0.0016470048055584406,-0.005188002513223531,0.002710776051899839,-0.003768553601936477,0.003113465099672228,-0.003420290668627448,0.0031691822253471892,-0.0007821921296852017,0.0016343164309928447,-0.005073032786428378,-0.0007790592958228046,0.0016568316227317,0.005593613423144601,-0.004010209515047686,-0.0013662827134018937,-0.002903618266157967,0.0013629788683856437,-0.0024063830258080677,0.0031991294744394844
M3|C00132,-0.10855659579884891,-0.07062238428134074,-0.045175350966631854,0.03948809560296163,0.016556884275039745,0.02225651928194393,0.013428669311344163,0.000141652143069738,-0.007961201159759027,-0.015479266544875513,0.012539561662613354,-0.007638305402318815,0.003287614615956175,-0.0013338107606344074,0.007830331772657512,-0.013526541716133983,-0.012415790526495888,-0.009976911087119488,-0.0075257623452624454,0.003984523805926404,-0.010530034691427421,0.023208614517832574,-0.014262101724587332,-0.003242552811021588,4.7649144505813156e-05,-0.01288851991275586,-0.005386137490404419,0.012630567263582798,-0.007182906505714975,-0.006465479110438961
M3|C00133,-0.03622213835071951,0.029684592978200967,-0.04204059865085127,-0.023913779101665224,0.0033595604823743234,0.00682547504300824,-0.0010196973357981254,0.0013285627030336868,0.017735346792992036,0.0025323008157727787,0.004305657748906505,-0.0020078456556567323,0.0032909825341491963,0.009114652145491673,-0.004841354976510115,-0.0033676141693092993,-0.001427958187805206,0.003934564047696636,2.3485738109060918e-05,-0.0012445080876404785,0.0003012845096803516,-0.0017689720184736447,0.002844002113062584,0.0024991989554893857,-0.004197336473362291,-0.010804150819503465,-0.00394459729056001,0.0011397978905053976,0.0014849789490204441,-0.0026682196744858347
M3|C00134,-0.050424374226586334,0.06086898192371348,-0.005759188917547679,-0.008472171440145317,0.01899491563237186,0.007404908497339602,0.009242395674776588,0.0033493375884380283,-0.00014274871410308073,0.005619018474425862,0.008632082367400054,0.023822887147205447,-0.0013236763752138066,-0.00327474280355758,0.020254071468665123,-0.004721902772371676,-0.0018117896561933556,-0.0009077055651358093,0.0038065385354144913,0.0011789776475452946,-0.003843969843710762,-0.006335208521888405,-0.01187335108336652,-0.001193220229849027,-0.004484024469236903,4.611177319007843e-05,-0.0060773865781690445,-0.007064452275416563,-0.0014238724543375039,0.006773381604818759
M3|C00135,-0.14083371554869112,0.006221488619703692,-0.009776616577394712,0.03215581242272968,0.027645390310333254,0.004059491422830631,0.016643152981885474,-0.0060124192030173215,0.025351402179073876,-0.0033581042089848357,-0.01281543508437487,0.012128420819562911,-0.01878919703260278,-0.0049866380520851294,0.012875679651441761,-0.008809900987726169,-0.013290092507835598,-0.0120872802596636,-0.013623800050538412,-0.014144502267842692,0.003583356421197907,0.01968086709425218,-0.0010157946209602285,-0.006142346277769434,-0.0014775790969361947,-0.005865237176999869,-0.0012202902798210686,-0.00606094584464572,-0.0028412627251364693,0.0021127865508583188
M3|C00136,-0.1015196862940235,-0.15468628472635482,0.03285965867457581,-0.013032847619707298,-0.03771538443053144,-0.006315783799742325,0.014775638309750708,0.0045445482992368,-0.02684757652049821,0.012044822511883699,-0.007274550879752688,-0.004623298408313593,-0.017274018017876897,0.035132445430521124,-0.005618234560973544,0.003600012719458881,-0.004630088112741443,0.014440259300639054,0.022485443927832145,-0.0024587882233061222,0.0062309869173307955,-0.006078864822180285,0.00023412218129124262,0.004045768841974786,-0.0009688553473518368,-0.004090172298442962,-0.0031692677674401396,-0.007450412699191215,0.0011677892795323606,-0.0055200775141343575
M3|C00137,-0.009762295322279364,-0.07154363441533144,-0.027734648753557856,0.01822679333731651,0.009388283291895344,0.022384756011999216,0.02243786229670653,0.03278659656653809,-0.006335103534737024,0.0046103212283298695,0.0032821459246696405,-0.0031890915027785825,0.0016561477181347797,-0.027523223125222505,-0.009118436791535917,0.0029609029185101313,0.00419638857009076,-0.001650248061904931,0.004519687679819442,0.0029832398622673642,-0.007482615662739968,-0.005730184352068988,0.002013450057068447,0.01120398928444323,0.003273306561629313,0.007264039090539879,-0.0024314523681875128,0.0013897008862163891,-0.006575473736625548,-0.0005839321846561142
M3|C00138,-0.023646957766031335,-0.0008852264681560881,0.09934348993121381,0.023313646323532288,0.027176819718546224,0.04629649098587837,-0.024445089158172867,0.00042850736302976907,-0.0033448742237344323,-0.0007868548410756188,-0.01992593285627756,0.0063060087266759305,0.0174734745993806,0.0014574999063824547,-0.008003425037733857,-0.024180528955094087,-0.0014737286311327625,-0.0014062281724312978,-0.009071053950329058,-0.006149713437193048,-0.024954368451410407,-0.004139402715091726,0.023279269741915243,-0.023352027596436585,-0.005582097200007969,-0.0016340467911396199,-0.01299133948100958,-0.017842216776182605,0.006105270647335082,-0.006875608141424177
M3|C00139,-0.08609762589015502,-0.0741718194989978,0.12781289916303118,-0.06883582151661362,-0.049854945799484615,-0.002446184371629019,0.010337302222048943,0.007458434608251114,0.0006683808754291367,-0.01428772263169858,-0.03559929414378244,0.018765667071504375,-0.010917717121704723,0.0011888255482878003,0.006135124871029537,-0.0068148038427877,-0.007853721280842173,-0.01434163949480271,0.005611107405644767,0.00020296968985637125,0.0028124328219165185,-0.005194614185128048,-0.0041419609536998405,0.009939361920119101,0.0050228798346555635,-0.0007104256963554097,-0.00041287410716781166,-0.002579256474948417,-0.0029138221203025357,0.00023663796719327444
M3|C00140,0.04466397610860349,0.05798625079089767,0.031999484567496524,0.06032815294213272,-0.028601628160828264,0.019405036163658906,-0.016565898625873352,0.012776461897321253,0.006675943995036621,0.012885150374662415,-0.005336056510117288,-0.005025002863107429,0.00025626176332728965,-0.00037979856609997244,0.015519086742181738,-0.005771770853325396,2.9869628474840188e-05,0.007607422970268608,-0.005141099540565705,0.004045027741645603,0.012504059847063929,-0.0025951177605871593,-0.001136819590925531,-0.0016045964765600425,0.0050236837675262935,-0.007128768725409334,-0.008068268385287212,-0.005756635297245987,-0.004051064224183498,0.0007611320502427547
M3|C00141,-0.11009114490416712,-0.05308862165907275,0.06596660256099614,0.011278715423302428,0.008202270333029506,0.009805924374470065,0.020773785338004617,0.006686103640679831,0.00023124075661149873,-0.01534320333939787,-0.03570980508727948,-0.0009298172549956025,0.0062394060673584655,-0.01552597655604429,-0.008440740556883791,-0.015368725235481408,-0.008936434392181896,-0.029355448410593878,-0.006782823274504304,-0.008093842030183353,-0.004420056649310169,-0.005039990614540653,-0.010316057840653956,-0.0025525203046661946,0.006343169762523534,0.010242739484348376,0.00407121866169722,0.005593564072369875,-0.0078044278352047015,-0.006487390801599105
M3|C00142,-0.06863614270868014,-0.0064712257713979435,-0.017518305111271,0.0013609372503387688,0.01572417660915156,-0.03346605117522781,-0.009619249115561774,0.01312526228270046,-0.01909660233694157,-0.012930483631284068,0.004458277176563911,-0.0030471740251656046,-0.008292779653748247,-0.00983097755083371,-0.013918005119817424,0.012330501338247798,0.006148635913949753,0.01558880152336247,0.010759393503746807,0.002111578342213165,0.001830711678737638,-0.01689531544651472,0.0010359920883303726,-0.0035188719325639933,0.009804051018331806,-0.0018557186847200644,0.0046631289466498235,-0.0028700582965361333,0.00012832752832583167,-0.009847408731330685
M3|C00143,0.006520371400802709,0.015158752724067,-0.062432341910290505,-0.03801293801777664,-0.003038669335018009,0.016339627900548315,-0.00034135121592878125,0.0005891810374806812,0.010645229452810741,0.007951049428598677,0.0010907321888020507,-0.012443912155439971,0.011881605697911574,0.004505677680132669,-0.0105473653529031,-0.009637602612995254,-0.004552572326468435,-0.002566750152822309,-0.005204855618355931,-0.0012842401457764678,-0.0015687317914298172,-0.007479598060928709,0.004185739584104481,0.00298283652124755,0.007758866130417253,0.0030598424339824395,0.008879060866526147,0.0020558601888040645,0.004585980385365654,0.004316240792098635
M3|C00144,-0.02098788757561977,0.04432014473570595,-0.015228447721769869,-0.02169508588199921,0.017035016221235568,0.000756077419326526,0.010659101033942908,0.006248442163823865,0.016651335628586512,0.005585054635490605,-0.0069944170712728775,-0.0008909857742531367,-0.005711198223959442,0.0049778454106280245,0.005833963216655658,0.0004961163596718825,-0.001768629587064751,0.016498069164464738,-7.85545275741198e-05,-0.009491131224475067,0.00022045264714506613,-0.011570204372741234,-0.001636954179893644,-0.007848361395857255,0.005599854829891458,-0.0005179249143119992,-0.0033671617111187217,-0.0006374600146789413,-0.0035733382779768847,0.004993209962837819
M3|C00145,-0.07216651350613111,0.04749833318550174,-0.028070074075794045,-0.013733619920044541,-0.0026145533146552584,-0.013767778151155591,-0.01609229051101274,0.004124035313777209,0.0027532699951945305,-0.0021043102580075817,0.010996246125087587,0.02426881514088078,0.02196516694047337,0.004116676210652684,-0.009276706134570493,-0.000779543311781286,0.009584794676158378,0.005988592518749561,0.0022749915737318408,0.016955224893446884,-0.004427511102558255,0.0009546147267535971,-0.00487435636866298,0.0019202587303243596,0.001259327979103214,-0.01386486444402354,-0.013478492438532219,-0.0032875584060541975,-0.006873188492811103,0.004713677937936288
M3|C00146,0.09705019377936837,-0.022734920924036776,-0.011352562334802798,-0.009399439720065569,0.02152060118259141,0.0018213915098094294,0.030082171520875372,0.00836269442956716,0.0003503537631226972,0.003564112904987204,-0.003732070440079424,0.023878697280463785,0.008873076036922837,0.0014431283038710309,0.003959862538961157,0.004952946246956848,-0.0034484537222473875,0.004844754301946218,0.00788794338558829,-0.008935556749954717,-0.004836708592666574,-0.0015335659351005733,0.0005891847414148399,0.0029990092720234957,-0.0055077338019934455,-0.0021370007477449723,0.0010035781227291773,0.0016500406818775728,0.0016541558643366947,0.003429237247105096
M3|C00147,-0.004112779809469989,0.07429955162404626,-0.003038834628698811,-0.019654852907476036,0.00634087014293342,0.010813732952126566,-0.0033134759437512683,-0.027098852209595358,-0.015167278455763636,-0.0065298288672110405,0.008317893840228126,0.0021212143119251864,-0.015253642165337962,-0.00825128922209102,0.0014204212490927543,0.011250953894642696,-0.00712693035710468,0.0037045714308118387,-0.0050493037832935956,-0.0072244970551121265,-0.0003149312765801181,-0.00476888283166578,0.00799026190187221,0.002038129736961596,-0.000647629980998814,-0.0029556330323566617,-0.0041661623637072095,0.0061289116300572355,0.00028590403817171917,-0.010378349278352343
M3|C00148,-0.006558524783622795,-0.04586247276886217,0.08407657110216628,0.0004835174189411541,0.06234335849247332,0.02942359273497778,-0.010824608409876825,0.00611884552494995,0.00016959462116332725,-3.060536102032022e-05,-0.013186718570504631,-0.02764602097360816,0.027556318997622904,0.002105292435275337,-0.002753641466526859,-0.00014330896719709976,0.021673618620763488,-0.014592289429545163,0.008097165484883937,-0.0011191270512123364,0.012111269921987793,0.0011303868288807192,-0.0059250831796671885,0.010446494658820232,-0.00614246467375911,-0.0028948668793190267,0.007265207860769862,-0.005049559395788082,-0.007849752587142196,-0.004120543468340592
M3|C00149,0.032590986832980576,0.06515886516396609,0.04101557667021014,0.04393265084377614,-0.023578700735314914,0.019648387308225285,-0.013043528309229798,0.01648068996586004,-0.004898217986271931,0.010728648368268047,-0.00014087596746983067,-0.005413553309573102,0.004668126900931035,-0.004591236957240207,0.00878013597836771,0.010292697596505317,-0.001692687132539815,-0.0041722255146205275,-0.007631019647442568,-0.002028598483788689,0.0006586323660786485,0.0005049738743113292,0.007928075342842128,0.0034654467491967446,0.005310490827451249,0.0058593164190187935,-0.00020480945707066503,-0.0031191994178807647,-0.00030893973997861635,-0.00627476828821567
M3|C00150,0.07500777306487273,-0.015764464559517195,0.020318882300305104,0.01817517446040847,0.007329986830452149,-0.017805168921078193,-0.012866820992204294,0.01679861057027596,-0.023343359963340974,-0.010670183716082028,0.015071623101015863,0.011552693788258317,0.0019134697808477394,0.0002223754442235585,-0.0076869414067517,-0.008303757241983928,-0.01608306021894744,-0.012043317727353767,-0.01623604442053474,-0.0011286073034563133,0.017199323655141697,-0.004337136067615801,0.005807760830813584,0.002667986518762878,-0.005748951419188577,-0.000902454471952682,-0.003707106022274375,-0.005701769644916519,-0.0028104758940921313,0.0022945808619913347
M3|C00151,-0.059347563731216135,-0.005827875119129482,-0.016542639568476458,0.02996133734960833,0.007114399895341136,0.01595689407006276,0.011542943043963583,-0.020576936092681436,-0.013673483367277296,-0.005728021340432141,-0.0051561642670791405,-0.00422217657316519,-0.0140746230187952,-0.0328139467873338,0.00018437142254738685,0.007049502894018373,-0.0019411108115857546,-0.00888607223869802,-0.006129669791740025,0.001565390122501546,0.0026778068737076033,0.009411681904208035,0.004537468774878647,0.006873489935663344,0.0033102635045300847,-0.0029079496139488223,0.0015611040483363469,0.00327810434535141,0.0026437514556846113,-0.000564691226819365
M3|C00152,-0.13058478966495898,-0.11846275693484676,-0.002795983726401382,0.02802268250325155,-0.01258785254230342,0.025969465574650907,0.02573897927042984,-0.009904403290477504,-0.006302941463292806,-0.009259192276757564,0.005633943810939998,0.00036056551044868714,-0.013574590094718437,0.01649646248894805,0.004001694158497233,0.005789122067547913,-0.003440154218098238,0.0022653202302828006,-0.0049256152639526474,0.0030760598997061047,-0.0074275344529071054,0.0032485893354057523,-0.004062342555779395,0.0025108055372634625,0.0007062668314288014,-0.0020484263426874157,0.000656353272639493,-0.0044705550069176776,-0.000919157978586668,0.005872636389063638
M3|C00153,-0.012835001441165932,0.08236320713723762,0.051175448666834884,0.013481089196608424,-0.004493848877970298,0.008050268173878963,0.0030942753622568986,0.010990193124481741,-0.008177045525335377,0.006223759534677815,0.005234981998337032,-0.007155242146700438,-0.0064763189929460075,-0.0038961710959310447,-0.004296848424387878,0.012361979233274973,-0.005863136297138113,0.0010262182281784108,-0.007217218624403719,-0.0019091855322476603,0.005874167913709434,-0.0010249874889560833,0.004728374032843276,-0.009577575337362261,-0.006985673264720148,0.002512023287631998,0.0034127391709785726,0.0009292837736430131,0.0035405740155049705,-0.0012845270595558274
M3|C00154,0.05586348630104026,0.0056711521915390715,-0.018841814833807095,0.000983217502490888,-0.002118477931488058,0.00014968784015999736,-0.015476487430124674,0.029416081642911995,-0.027066493832223665,-0.016654308431413602,-0.0005686849126895471,0.003065665564554834,-0.0018815319289677474,0.002470401393728148,0.005420317928732077,0.009075065608217336,-0.0063353856705936715,-0.0030975688723707466,-0.004148281311903922,0.011843394351492897,0.00025508702756650315,0.010922675330605678,0.010680242250138177,0.003227903867280837,-0.0023865582514986986,0.004783923340998989,0.0021184157050215804,0.00342648049711166,-0.0027700939460064133,-0.003728138487814408
M3|C00155,-0.025259659835839984,-0.056513159689999655,-0.02173134010943399,-0.052483059154226824,-0.03663217171039514,-0.015478619851742467,-0.008988931511259167,0.008717600660255145,0.0030343719686753345,0.03329303597722016,-0.005328181048232442,-0.020826006445920146,-0.011363336521450853,-0.005640031210799884,-0.01057146701195589,-0.0069286932916369035,0.012258760132839138,-0.0012398772954641485,-3.840594290980797e-05,0.007397389809856642,-0.014317583028879895,0.002531828814646946,0.003328802674953262,-0.0012639895747032848,-0.007108696581527506,-0.013189320586487252,0.0026719605827427878,0.00427200326309745,0.0025235925278010185,0.0048756289609563404
M3|C00156,-0.10058723930856076,-0.12328965899207917,-0.011839577034235433,0.002316817390302763,-0.015897278458705057,-0.00015931357180450843,0.01940806742893793,0.0019175958693346212,-0.02513512158104224,0.01907390910488422,-0.006219764468731639,-0.01395880341995255,-0.021476134463300836,-0.02168814636273737,-0.021742943925465046,-0.005722727028609233,0.016752138249683853,0.004428875289656236,0.001438281788025982,0.0012161712311547397,0.006396901613842883,-0.0009319722912833071,0.007257142173814114,0.0014833724975045958,-0.0017325481903629485,0.0061300815916634525,-0.004326489798298799,0.003472160300166497,-0.008775415878755688,0.00924640376372788
M3|C00157,0.08848788723736815,-0.043705266303271664,0.007618444482236839,0.00804094797008103,-0.04015996714769969,-0.012288383477337891,-0.010735223845622803,-0.0179340804160421,0.028143344248036654,-0.007041587523191298,0.00948132314395354,-0.012329568466326438,0.004227604924788496,-0.0015483826449028027,0.02337915609936721,-0.001005739563403563,0.004965018029589054,-0.004874155993932991,0.009742809172329246,0.0020504203673473716,-0.004444354751336835,-0.00379699025739701,-0.004234887899652333,-0.008066694475774617,0.0010786665777971027,0.008036482986343199,0.00036497259717016616,0.008651996732110673,0.001922891729636966,0.0007195121539407322
M3|C00158,-0.047115395685017145,0.03544039848972267,0.008399316488932017,-0.0015418188186855101,0.02021694128173506,-0.013083550014381865,0.0022557909329512936,0.02020357842269218,-0.008313658020397664,-0.0007796689524672154,0.0027991427934597377,0.02778344110641291,0.0022835892849469045,0.001435164510777386,0.012865987643376962,-0.0012305250679116096,0.003871542586675017,0.005602121255513196,0.004571344332664184,-0.002969674180369744,-0.005527683410881344,0.00019210729341642233,-0.01492994197120103,-0.002759509746216893,0.0017247348461177615,-0.005817400082391357,-0.0007043247355425693,-0.004442054573207961,0.0063603423988066975,0.004075872634723607
M3|C00159,0.0007644789420293612,0.05748724959960657,0.01221063892286098,0.02195655929544449,-0.015486934795497382,0.005333754036894832,-0.015938744700672063,0.007390049575736379,-0.010462432009352547,0.007175615034444125,-0.0041952209839242645,-0.007287127348492909,0.0051833224752887465,0.0062129770556103,0.0011146098341527797,0.011923943255991607,-0.006545371757455002,0.0032933427544060657,-0.004206037323136016,0.0008555804965610401,0.010605926656482757,0.0005901909627667326,0.000961737377412648,-0.007611833762822184,-0.011769357709618391,-0.005597081412541467,-0.0003898110792862185,-0.000983896846785978,0.002992552838134221,-0.0006183346268947957
M3|C00160,-0.05003948689928664,0.06129602945184952,-0.019897445297369767,-0.010035878032150704,0.0061882104008696695,0.0029012114442282465,-0.003262730088314763,-0.015123522998087053,0.009113870185881424,0.0019235106724061278,0.0008428936592344545,0.006169546879638645,-0.015063461464835944,0.0015136502417297012,-0.00152555374305312,0.006973619286692613,-0.004691930621296646,-0.000981074072039382,0.00029910055023170596,-0.014976156902771083,0.0016187033998514276,-0.0038016903364052773,0.004736885856715023,0.0011781133833902566,-0.0030604886032859924,-0.0013936657774045536,-0.0013435931643625276,-6.766816098754199e-05,-0.0030782361761889847,-0.005388337208221761
M3|C00161,0.03589411528108911,0.025219673975558732,-0.019950116495320924,-0.01825130671411931,-0.013107306381464668,0.007593040268800035,-0.005965520005259441,-0.012777281923153068,-0.003830337243817478,-0.00260292446763751,-0.006025091175647587,-0.01849276784752399,0.00010751362775946244,-0.0020920388482904904,-0.004229571693673903,0.009145843024481985,-0.001879321699827024,-0.0015627298674374432,-0.008062787131903008,-0.004731140443045242,-0.0037427723483138497,0.001733313740140773,0.00561827477917259,1.9358312213912923e-05,0.006436213127219123,-0.0034841240680840426,0.00035317891438542924,-0.0005531361524614494,0.004115642442872433,-0.004352815077122804
M3|C00162,0.0063123210019541956,-0.1543376345847305,0.08083522249854128,-0.005311845164634873,0.1248812548958959,0.06622111358194628,-0.08242280593385279,-0.021883753031419498,0.007943358594710554,0.03277511014323806,0.004509186377687636,-0.009379165937095068,-0.008784587016790149,0.019742786571740518,0.009031207584649611,0.005467599027987256,0.033647090657764306,-0.006742424350686385,0.006304844474769794,0.005281193568103927,0.017353487845087338,0.002868575011516044,-0.010735405142234419,0.0035338705408522477,0.006099998021773952,0.0015127011184612313,0.011573654392330924,0.011428044428286606,0.0013786147562559572,0.001266989551795399
M3|C00163,0.02645242507216201,0.028006998100365575,0.018222604222542016,0.00013436333741821782,0.008499197596124995,-0.013774340176978293,-0.006940564055336282,-0.011969812078691806,-0.002369957040725664,-0.026859726634464606,0.012800987959149916,-0.004893910778548625,-0.008543530756788112,0.0030535789124555217,0.008439886922745334,-0.013394068165862527,-0.0007969511698059394,0.004741164763250248,0.0014980989005916664,0.0074784826167786315,-0.005674743421421408,0.009853406441446578,-0.0011185828267621042,0.0066803119109013764,-0.010168352532049355,0.0009107659363766723,-0.004779751208068002,-0.002320215949552349,0.0026534768335500854,0.0031905567991919693
M3|C00164,-0.0752285745037777,0.021143157905250006,-0.053802871988699034,-0.005097771065455473,-0.002356074813391148,-0.007559032322053863,-0.008557457327217062,0.004890612542907717,0.02205906702661317,0.012129121057832152,0.004836271558320059,0.003122705758300709,0.015489315674020957,0.009330597931054794,-0.014652373649094282,-0.002983389801412434,0.0003840298174708547,-0.0028835847987796516,0.002822731296183684,-0.004822191562926816,-0.0006453345964061269,-0.002657384618564224,-9.363746786412246e-05,0.0055720957315762145,-0.006728400758453077,-0.0060013048143253344,-0.007970190514626132,0.006121924303018206,-0.004445012609838553,-0.0024732847530071255
M3|C00165,0.04739410589239518,0.034866190982075655,0.010968701704934086,0.009412888019120243,-0.010335966244169593,0.027135856898423672,0.013649044030944676,-0.0017513867406503507,-0.006665442038783437,0.010866267529112303,-0.010332484174211612,-1.6956361093227623e-05,0.01703747376637823,-0.0006221223331734823,0.007140648259247876,-0.015334750167666967,-0.003975770688778409,0.013239888141521428,-0.0023999470635870847,-0.004317500932736784,0.006252241860952051,0.001326614146003982,-0.008243942861896923,3.33086519249136e-05,0.006189073535817617,-0.00190667645467901,0.002371877667239808,-0.007223366508720886,-0.004960095339819851,0.003012722202345685
M3|C00166,-0.031046503829136225,-0.009023478503193141,-0.005576174648567632,0.03392183623513295,-0.012244823559121938,-0.0036881029335416042,-0.01834115509148689,-0.0005591399517269832,-0.019696239591393022,-0.006181096956434121,-0.008941242823008833,-3.801758758676919e-05,0.008020392780601224,-0.02202230870833307,0.0027177292353513156,-0.007979061081818277,0.012897660216232149,0.004219615956551959,-0.0027700402147406355,0.005000041289769723,0.001982123423844759,0.004029244659815955,0.007117043816849854,0.004696437198615859,0.006300533632972245,0.000699362377232619,0.0032103738191721167,0.0014969566937431474,-0.00213214197580014,0.0006611093061069549
M3|C00167,-0.12360264233976208,-0.010019007012375031,-0.03857136839914756,0.03355271741653933,0.01311706386533052,-0.02350118745025529,-0.005136908182719216,0.009360116635808087,0.004995860598411792,0.006031052756141419,-0.008256344555763273,0.0082585958915573,0.009464755642662758,-0.007946216151082163,-0.003413221082530542,-0.006708461897414466,-0.003610393338678321,0.0011777090481422212,0.0018521681418079846,0.0016334239929164018,-0.009092632495635926,0.007895037022666461,-0.010616803198932054,-0.004542505219350974,-0.0002033872901261698,0.001972594970379814,0.0014444451461069333,0.0016019577849712876,-0.0041163961208375835,-0.005659590105461463
M3|C00168,-0.051744707822573045,0.06595098200244416,0.016981612182347706,-0.02523357902347486,0.012764305170684803,-0.001513788552872946,0.01214508615768558,-0.002857951465431523,0.0013038856325185498,-0.009009093490546322,0.019856345661033156,-0.007230231191156463,-0.01441476397679096,0.0028505412260535438,-0.01508440497540999,-0.002710386605540077,-0.003194111567236704,0.0016734055397703992,0.006446357371401544,-0.0034970852081100904,-0.0008022314621733619,0.0010899571614675625,-0.0013695548168319027,0.002318045669163421,-0.001984486972828478,-0.0005236111007288309,-0.0018039957265295694,-0.0018572511302603334,0.006581098088526056,-0.0005836369786047963
M3|C00169,0.026118428271494323,0.06556503651717797,0.0215074796767239,0.021521308894543758,-0.01611536871067331,0.013550638317952376,-0.014429804237189417,0.009921001471294837,-0.012366216551160054,0.0031125402507325086,0.0006260124071272345,-0.0011148847217166318,-0.006823716792150874,0.003101676117463851,0.005722591418539366,0.02596645043125031,-0.005711499334057219,-0.013663973958576549,-0.0026501074947755396,0.005341106034597982,0.00631698958157858,0.0024046265755071337,0.005829759107722932,-0.003941183132436599,-0.015565276488953271,0.0002626830169448475,0.0026616501671506226,0.0050100734222171504,-0.0025285198022044,-0.0045444131254775075
M3|C00170,-0.13920427399443863,0.03697830193159863,0.010466956256462977,0.014986243129559956,0.02438527694170282,-0.022514098317775073,0.004719294496292065,-0.00036830652576766817,0.030323203235820356,0.007325381132090513,-0.008470721198722978,0.023620641752532187,-0.0032686926620589863,-0.007297195603780992,0.003945894186397943,0.005209496717430569,0.00955063616956215,-0.003003405032363047,-0.004463189965737545,0.01524836445381425,0.003887751751728498,0.00028445827510589625,-0.010815656713369171,-0.002117267958005335,2.708751963781536e-06,-0.0074029279496546935,0.001146801432477049,-0.018389472909337404,0.010215471265751013,0.0018193015165255413
M3|C00171,0.08342088837422366,-0.03732375680773034,0.0018439539076604773,0.015945500063321745,0.0013797358075422251,-0.03662517705374274,-0.012503263740816575,-0.010743167691001348,0.0027557352950489033,-0.009890866795780764,-0.00021950057708162456,-0.000459328203277227,0.012816510732397453,0.005202154199224634,0.011573394379223313,0.006414144394468333,-0.005254014015369244,-0.01378861405851596,-0.0014565548361014132,-0.001658846616452383,0.01040077185333184,-0.002359564994059094,0.006261315543793186,0.01452893868922635,-0.0038561658498502457,0.0013444739941292632,-0.01077055019476864,0.0046165889967570055,0.008041564435438235,0.006356838502293994
M3|C00172,-0.057329092993496894,0.08485722595965133,0.06620116626059262,-0.026085260447096078,0.035524741800185285,-0.0008629973003407329,0.04210571886243767,-0.0046774944999141005,-0.0021097982193845617,-0.010983685065792132,0.034908280206871894,-0.017224095072657493,-0.0010273908059966524,0.005742651807674507,-0.007918740146160813,-0.015738724195958575,-0.0009936890945695309,0.003463904065555803,0.012707321574570435,0.01932769241206626,-0.00037927612500720853,0.009553145464886082,0.0004645455959706245,0.011675490273728627,-0.0038784788277575013,0.0032336010264414758,-0.0071257599449969615,-0.0038282698092395,0.009120452009207719,-0.0026598147521448784
M3|C00173,0.08571959823205158,0.008516766716920953,-0.02644990492943131,-0.008077184263690293,0.0034892420213642394,0.007336450259264198,0.016538875249123144,-0.03251454324395419,-0.010762520192834343,-0.006786547713479629,-0.0122897558039537,0.010416578077083042,0.01046151305770307,-0.005898559864244864,0.014597334320704121,0.013216441714642889,0.0009453144912417575,-0.002265080081136248,0.007772438892007789,-0.0013539241971658902,0.0046499748879262415,-0.005900934857047428,0.004070195602615585,-0.0036385154702163964,-0.009494148892931485,-0.0016524063611363046,-0.004957211949810586,0.008541523911099646,-0.00726824675226735,-0.002990276211662802
M3|C00174,0.06168953237139356,0.0686142080588395,0.036328463514721486,0.045306911979961104,-0.030491867028369802,0.029578733219095023,-0.020636334392235434,0.020568949909563167,-0.008917578789371026,0.010470200638179937,0.006187647378218593,0.0027662049012326597,-0.004800462402361464,-0.002296509049655086,-0.019079977018271327,0.003002383062435412,-0.009578396520119038,0.0011578661767536248,-0.007855941263270716,0.0009842497979214175,0.011275857208892818,-0.009382814195760923,0.007371063496178913,-0.011239470296314145,-0.004638025602811216,-0.004310370125569854,0.006273024235341097,0.002226552864764583,0.0037931995366695384,0.0014979260392661731
M3|C00175,-0.0842574127990023,-0.08466190370077452,0.027447489674937972,-0.014546955319873421,-0.03964126176432721,0.01059024249043574,0.01752502471594361,-0.005392232693366879,-0.0004985988854166238,-0.006241835222844233,0.012402616575506935,0.004583102674100555,0.014486678873040016,0.008905642277022058,-0.0022115997848734946,-0.000489498078804168,0.0046277441507153756,-0.004824512812937724,-0.0160292223554199,0.005966039713809692,-0.007386899852925658,0.00740381158627425,-0.00020028674759987847,-0.0010509953145630612,-0.004312418571843419,0.0100889129768037,-0.004272359212593832,0.0042333052434101485,-0.012356506539545613,0.006347218250497775
M3|C00176,0.10578378210662964,-0.05155747646499583,-0.008480282998514868,0.009399838570510927,0.0032560132338647334,-0.017056942067124162,0.0005161561193480279,0.020736212723403945,-0.000948709352206313,-0.020967194537884242,0.009071514489208789,0.0034977348158958177,-0.004082464302919783,0.0103605711286452,0.009263297933867598,-0.010127624633793282,0.002189851604926856,0.006462572417996491,0.0053637254543836554,-0.0007704731648256254,-0.003358043430806127,0.006984176144460484,-0.0014344588593871723,0.006070683639865031,0.0009954619070210691,0.00292312247326826,0.0025292187989639984,-0.0020550787250004565,0.005003500312747584,0.0018492178375698937
M3|C00177,-0.047843311770529834,0.01940342300062946,-0.06418749966036004,-0.017344048247031223,-0.007828257379899197,-0.0025882709802107027,-0.012579151089997194,0.009505067533667396,0.022392985687969824,0.007026865696867519,-0.0033435524343504337,-0.017146336264036575,-0.00440372520174544,0.01110540102905093,-0.013449515578751296,0.0038283720673936055,-0.005605172182256986,-0.005986659725711467,0.003895582510774731,-0.012478015076583013,-0.004571452911281255,-0.006751843736416392,-0.0010529601513124221,0.004237639462349173,-0.005581243895615316,-0.011591638612558994,0.0026600919950003146,0.0057655398279018,-0.001494415387901057,-0.0018971697627533496
M3|C00178,-0.002891779953033515,0.007138366501340586,-0.05993838704017881,-0.039115054323030495,-0.0010993781835763681,0.01168539160952175,-0.0029137954301546904,0.0019345137552659146,0.00507976072707105,0.0035293900863475787,0.007222522673718442,-0.010513818593677908,0.012221539005894066,0.011998448420805727,-0.008430357609757994,-0.009391280044280076,-0.006886042635708152,-0.0035158954022008553,-1.6780769101336232e-05,0.006751198684582931,-0.002970430047817118,0.003779588462852194,-0.0005725027563550486,0.006246747880716227,0.0016577555686361116,-0.011829315998516683,0.0006346645289479393,-0.0012900522004075758,0.0027435093424951294,0.0011271570879384596
M3|C00179,-0.1429322263154128,-0.13538231334577075,-0.017476422163764962,0.04852788163474986,-0.018091815300412366,0.019291044630911892,0.016411712564545274,-0.011328721517112056,-0.00534635767645761,0.02093318863207163,0.011418157744260457,0.011159562459959319,0.008077508328431755,0.008953723885470933,-0.01643293376730099,0.0024281786474453465,-0.003954138847717547,0.005822836970301113,-0.012766815594632846,0.009284938496700458,-0.009897348016247932,-0.02480859818133724,0.0011565766303546978,0.007813033719598027,0.002049432148640786,0.029685318213826587,-0.004114355054450386,0.006467472682490814,-0.0020476829717831152,0.0025679531646423215
M3|C00180,-0.12699682819775507,-0.08776983939010956,-0.048485251332379874,0.04894758862172299,0.017910358808983617,0.01808371936031514,0.016580968677218675,-0.0009620694076908255,-0.009748905738415168,-0.007225092616169116,-0.004646492934925436,-0.01003097082835427,-0.012368582741015908,-0.01997487716855746,-0.010442786136259631,0.0008520327445333759,-0.003707238618505107,-0.00705553234431267,-0.002445199304679537,0.0028221682106306214,0.005884272634566502,0.006919737785608018,-0.012812377634150364,0.0005933052694760486,0.008038564871895243,0.005399766706773062,0.004501492426880844,0.01014357593795273,0.007645746650442106,-0.0005294022444850274
M3|C00181,0.05934338355102455,0.005569587757122211,-0.012019122604366961,0.012452920171976963,-0.026183617288298267,0.005625421870371858,-0.014098211995725737,-0.011940653798548105,0.000887611186951566,-0.011300146951677444,-0.00025214293145172295,-0.012006185117738254,0.004661125222523381,0.002844287319110104,-0.0020990884915037663,-0.00026896363380891447,-0.00292015387288882,0.004531820899836433,0.0011452801909109989,-0.0062344804418967255,0.004522188965579239,-0.0020454414793668186,0.001833427424771074,0.0003388320581196606,-0.004411413088136478,-0.00938162842092314,0.0014876652077733072,0.0036435956660620145,0.0059996624972021104,-0.00467335998741902
M3|C00182,-0.04582858390456951,-0.07715809987023065,0.05398011116901256,0.00884494857218463,0.053205540363106395,0.041402450413795776,-0.009194822975029165,0.025323476581150046,-0.008215426936661899,-0.02124367696085405,-0.01860644495145832,-0.006012171102871451,-0.001965833488855869,-0.01990078316074877,0.003755112217101099,-0.016512860502503477,0.0007621742983410542,-0.014647675340128102,-0.003463243930630464,-0.010529080768805254,-0.03998981378914011,-0.014207755973729625,0.032886304392486285,-0.022446808668064262,-0.0047882406965166525,0.014021914462208287,-0.016389801070374306,-0.027987186484258332,-0.0036499090780437457,-0.0002539650633567375
M3|C00183,0.133595290249854,-0.06252108389634621,0.0015331594730102892,0.012269875321578414,0.010707276251686614,-0.029238575774942897,0.015648638549225345,-0.01654584848214655,0.024697707964805558,-0.012365230510368294,0.00989472399697998,0.004905271620947453,0.003277378414137143,0.002831859062410509,-0.007214863777872458,-0.0010526029199956037,-0.004205176046516185,0.010253349361905695,0.007170653274784887,-0.0010262961091456403,0.00027225257319530454,0.0006765910632951626,0.007881580739252532,0.0009023248360941856,-0.007895481354375867,0.0029330667257951226,0.007694098969988379,0.0030847522716553792,0.0037636213696737165,0.001062436890265705
M3|C00184,-0.1411976694230892,0.017961907076889515,0.0014394155105523822,0.03588411656383932,0.037923053033424574,6.061939765699873e-05,0.020317326056389005,-0.004282066356443203,0.024846573961981522,0.00033790624506508787,-0.015924984831698772,0.012717180012274565,-0.01936684795175508,-0.004398693046244584,0.016494070711853215,-0.009917368857069396,-0.01901376215139545,-0.007632854041507176,-0.012846294127568835,-0.011598537672260538,0.0031307518943966325,0.013549862922085432,-0.0024115044403879076,-0.007476324060214503,0.0007648677419875594,-0.006837727600226825,-0.003278277403407502,-0.002093635437956468,-0.0001477922352710092,0.003673527060959941
M3|C00185,-0.0006371494254119782,0.0641378887835854,0.02520784322228125,0.01491585680739494,-0.011938764499383213,0.012367036252707037,-0.005412290984124974,-0.01962412986163316,0.0034199769721222567,-0.008703636966896057,0.011672020801176823,0.007673607095907547,-0.0020882763317313893,0.0016099357958169408,0.005309850493149991,-0.01141741871834077,0.0007997455321349775,0.0073981329961144955,-0.00033592323523652174,0.0011612016130861662,-0.002408552113063983,0.00039401148188386885,0.005305370975673102,0.010617719439195329,-0.0031035677320213695,-0.005043647380747627,-0.0036697410884761555,-0.0056675316870352785,0.0038649442964819912,-0.005794323608491531
M3|C00186,-0.1073254408231621,-0.1052493261889504,-0.04899589895619714,0.04239308968874552,0.017238650928105753,0.006979751296863858,0.006995207207401151,0.0026466358973329072,-0.02259745467731808,-0.0019202718183511129,-0.0005418212774053071,-0.004752174776330786,0.0007449872935986558,-0.03217540300211187,-0.019900002550943357,0.004688942729395711,0.0008739357172107886,0.0033501918874657144,0.006053317801414353,0.01105844018024579,-0.0018244948198705864,-0.022464303237287035,-0.00894700871233989,0.00849577543474468,0.0076827761493084915,0.00568260540453742,0.0006484596944471447,0.0024215861497577794,0.008906679157304068,-0.003201696025496366
M3|C00187,-0.12035370500109376,-0.103211694186889,-0.04095317174386524,0.05038876624770187,0.006559599134139722,0.03317360804440431,0.020610590322207672,-0.008179618489895674,0.0003308404539901745,-0.0020280758432066693,0.010237833228993085,-0.006046833480322605,-0.006177133483848866,0.0029729775324784215,0.004991488275209495,0.0016261951989655398,-0.018047678827900638,-0.005315699692316702,-0.005933934975545076,-0.001602180780103629,-0.008126510058460098,0.010198456763564616,-0.004317923208834312,-0.000518702967711654,0.0033160592998439575,-0.000991646786808351,-0.0019871601320995704,0.0019675422173450544,0.0008647789080942815,0.00813498449323716
M3|C00188,-0.11439112905681167,0.030756331020526058,-0.020957117608800726,0.022469484273731615,0.0222878882071237,-0.021096901504846825,0.001285793367187771,0.00753662172966376,0.02708436642529915,0.011870423251955706,-0.013068547600885085,0.009512903896230884,-6.919513727775425e-05,0.001331047557576675,0.005329630080271229,0.003632530795656069,-0.007589779140884633,0.0006974913962010908,0.0003856332330584343,0.008358842946618084,0.0007588632486425937,-0.0016923642700865966,-0.009030577555104124,-0.001149971122176166,0.004383737979119217,-0.004101914319045736,0.0037125940365161344,-0.0012119692656718851,0.00352054019105306,0.0003101027978622214
M3|C00189,0.05433713611248829,0.04127660964724524,0.00924167626876033,0.023438877886869557,-0.009187419084223797,0.032454965435260844,-0.0023047595098847867,0.02117365200124266,-0.005226203118596965,0.005491347970663127,0.0025502486531069238,0.016317761820462177,0.00615521852937593,0.001150353961904405,0.017835969678943582,-0.009481068183003863,-0.000571856454235092,0.0022100584664330497,0.007844950893290775,-0.009056679411816891,0.0024144725688545316,-0.006184824090301671,-0.003283683334077923,0.002658280872997715,-0.0034948428925681376,-0.0016372952236341596,-0.0013533894440155418,-0.0009638539122542164,0.0012673049758211196,-0.0009558627160861071
M3|C00190,0.029788500380367375,0.046708338179464556,-0.0008965796720006345,0.008865135894450558,-0.00912710074071253,0.02201829878433049,-0.00648436126877151,-0.02150139038450999,0.0004925417809760165,-0.006212303202375712,0.014108798955227974,0.00913318449973487,-0.0012688539511849927,0.00442399936876575,-0.0009008396799118556,-0.014549066875259037,-0.004026403473611913,0.0036697289065144544,0.0009237936181194973,-0.00046020299654896916,-0.00319422597503378,-0.004496929018259059,0.001634446963732988,0.0070334123496270965,-0.0015762156383337341,-0.0026393679438259173,0.004079803482800498,-0.0027223674339363997,-0.0015374025763407282,-0.00647141180998877
M3|C00191,0.015396918505760363,0.05101108211995424,0.005711537230967186,0.013741212496313788,-0.016117597507890664,0.011698873654230207,-0.013758781653770777,0.013191372236452838,0.013305108192712616,-0.003190533499763673,0.010088236183634181,-0.00866500682297034,-0.019930320583356458,-0.00301704559045353,-0.007870464698356174,0.006000059711772652,-0.0008160085493231479,0.005601443543370994,0.001681512043308969,-0.005619731005345118,0.007854349679583036,-0.007492087625625014,0.004714981880279928,-0.0044886973578631565,0.009870205192012262,0.0014459694883756273,-0.00587658467519934,0.0020549486103509903,0.0012291131005879473,-0.005472399524390896
M3|C00192,-0.044680117605199327,0.016583860166609066,-0.06789375970659667,-0.020939027009293034,-0.009936198699341647,-0.0029067437358815153,-0.015052483290601897,0.007546642469875169,0.01495134452209305,0.004513003891710481,-0.002223897744319887,-0.013561812845258737,0.000312021004577245,0.010276267407161125,-0.017259630972969228,0.000313013385323327,-0.0022360372264302116,-0.007324282867840195,0.0023772168448961215,-0.010834363675290726,-0.004407142669578099,-0.0024317680236180168,-0.0003419941849390525,0.0071960839516831835,-0.00804210378993233,-0.00778110990748341,0.002119139254566447,0.007101018957340807,-0.006002072977618852,0.0003357406280958127
M3|C00193,-0.07291449916575478,0.034232895200423524,-0.04055079238043214,-0.01600694730556487,-0.008324731154875281,-0.008850360613809718,-0.012687525050659227,0.002486765631507771,0.023229762816397756,0.0020009457145446,-0.0009341348702775809,0.005009281511734551,-0.006472161966491307,0.014116034973182152,-0.02135981761620044,0.009801852747692765,0.0062234311205437475,-0.006108701727220579,0.007427395670269185,-0.02020303550686481,0.004863031058079613,-0.008814713528968692,0.0012683111620157485,0.0021909486260393903,-0.0016675340848511092,-0.001500433488860584,0.0025444244039193042,0.0010702015361671007,-0.0019005681864458141,-0.00048548170153700704
M3|C00194,-0.10046484919414445,-0.020594876853971263,-0.027450320500473677,0.020835421719533134,0.013549655150486152,-0.05339239260442468,-0.01947038160967954,0.02005446414935048,-0.026191592401786937,-0.01207860667642633,-0.010206432124541,0.019995885615954154,0.019846298842302688,-0.00036569846657427603,-0.009812103504619809,-0.0025116672931607383,0.0031499777809502667,0.015656447320408693,0.004847728937143238,0.010434979485616308,-0.0017600382584945528,0.0013067971364793128,-0.011592404190311698,-0.015403061487342837,0.008359169740682,-0.0006631680560846356,0.0017418425457436805,-0.002409675833282422,-0.005574169596328178,-0.015003825130572426
M3|C00195,-0.003523643303873589,-0.04137403296232698,-0.030657690156516804,0.01756750301686269,0.018321821542769352,0.014688264569515053,0.01829528474658934,0.0016013702261972636,-0.02127867246975974,-0.007985620834676146,-0.005795333027572481,0.0058617449142681745,-0.007848702171477184,-0.03137074201015306,-0.0050943625076773575,0.00420628221273101,-0.0011308118852524176,-0.006112964451279302,0.00412789621243166,-0.011567351569094369,-0.005502521977377352,-0.0029039114681963063,0.0063172044449551585,0.007440880943240138,-0.00715850250851805,-0.011800843972638458,0.004015304833251395,0.0004559650065039917,-0.004100052782734102,0.012308716306158962
M3|C00196,0.07037416727842916,0.007474460388293192,-0.032231349122088644,-0.02456784949717508,-0.0014408128803858628,0.009879908787362864,0.004982133128671046,-0.011480891896754185,-0.007366078199827267,-0.00974647553857985,-0.01421307139227909,-0.004451445352901688,-0.001258086990315654,0.0051461613997978006,0.009671645309756652,0.0047509109221892075,-0.0020269203361097466,-0.00024920371967518455,-0.0018987505204805034,-0.0005317409557294861,0.00021782606648309346,-0.0003593529003956241,-0.007966205684999885,-0.00586946598163841,-0.005554255062173989,0.005286514192044291,-0.004862014707790937,0.0006165339131247114,-0.001115527186020239,0.00034101399443244924
M3|C00197,0.06761073779255743,0.027065907394478433,0.023009722347591625,0.04109841957660405,-0.023525677293981556,0.012420100345051123,-0.025856552340278935,0.02201116132713357,0.009848783778104003,-0.004201852130011749,0.005765687010993155,-0.008892099140207672,-0.003636856966274273,0.005893032489123486,0.012142574423375964,-0.002622832896471955,-0.003588532025995774,0.0023461025022627306,-0.0004107492712342559,0.0015628626814172708,0.011217676045233787,-0.0038714579567053014,0.004811164316045529,-0.0078662250176133,-0.0037695469176330545,-0.00041356443835341796,-0.0032337584722579075,0.0011140027775821452,0.006049094946356533,0.000528203858744479
M3|C00198,0.016769549563290673,0.02995781089968104,0.023701205501363596,-0.0223340383375512,0.01779046708777002,0.011269979822119006,0.02366700497838062,0.03777943790155889,0.009047558948835986,-0.01220846840305901,0.010146892085669927,-0.0047342230278831715,-0.0032148290675574577,0.0043522137305943825,0.004795594132731376,0.00065583421635278,0.0034812019025562365,-0.0041866491240437126,0.005964170188869372,0.0064019050768628445,-0.0077594058288315585,0.004268679025818217,8.834614927364244e-05,0.0077526253701179155,0.001761566569263079,0.0018507532900435433,-0.005956711653195786,-0.0009754800025132779,0.0001321791452172318,0.0006053877634576073
M3|C00199,-0.08442592586201833,0.07045236247896337,-0.014145471607979888,-0.009542609965776444,0.008111443142691646,-0.01458187542063859,-0.006880996666039469,-0.0010342125541087461,0.01443764013768592,-0.0030507133892173736,0.008790277454208892,0.010350989470111928,-0.01108826495896133,0.010172039145055734,-0.0023170349528378814,0.006063438660461515,0.0005968973063791169,0.010949588131854555,0.0014293117732857817,-0.0021698903368625633,-0.0033562094797488277,0.0019871893123708153,-0.0011530189775414291,0.004283694741219408,-0.0037154130526977666,-0.005726965322148635,-9.443105500204974e-05,-0.0033802523635670144,-0.0022352054574289186,-0.0040128534123371265
M3|C00200,0.12020406342226034,-0.03727225311877741,-0.008384341500568436,0.015536674550547646,-0.012226303228712486,-0.013162274095314987,0.00023299902165147357,-0.023384150233924296,0.028372373420816308,-0.019346126414180584,-0.0021211996882543323,-0.011830154530598257,-0.0037895679383859304,0.003764743988398261,0.008888381503094078,0.00022791281488317836,0.002599121430259582,0.0007896617378498891,0.010382093705765802,0.005371564104070257,-0.003610117573458372,-0.0013650050711676797,-0.0040302798544040635,-0.0038609313206111563,-0.008459937981273499,0.006384596729846214,-0.0031980767689685375,0.00524106541298975,0.005500049610160157,-0.006782579266597366
M3|C00201,0.048381619290504836,-0.001897222169178911,-0.050726476806568,-0.03837399118749596,-0.008488930249997554,0.008624723090212222,0.0014164792444903427,-0.016027388662574915,0.01360066031982457,-0.006891618177615701,-0.008004913578647129,-0.029412872225424845,-0.0002355889397717536,-0.005412984473637725,-0.002165163649040304,0.011688716651337234,0.0006886327955895173,-0.0020733534869239612,-0.003264947313339794,-0.010253026974494501,0.0050555021424537995,-0.0026817803182225294,0.0017909383326243167,-0.004935802476357055,-0.00908140386465808,-0.006343433498715485,-0.0038469190928786413,0.003999626787056753,0.0003787113466692117,-0.005466043661854219
M3|C00202,0.026091198933491586,0.05550738613367861,0.020313590477378313,0.006179215329645911,-0.01937736020567486,0.017882928573112036,-0.005057848249505349,-0.00907060604395414,-0.012849111646904735,-0.004542427542795397,0.011632817012627696,0.009471386351003171,-0.0023029266804521355,-0.0034450648459042133,-0.020543734836878297,-0.002241158219377596,-0.004257266441785049,0.003475447761025692,-0.005260740294781185,-0.008374936310769042,0.005161435027129784,-0.0007138881492790092,0.007228259475531617,-0.003214006398038476,0.0021421100826112273,-0.003094776553946929,0.0029435609124706537,0.0022340905100987868,0.0044139215878639055,-0.0007744407328212976
M3|C00203,0.08832742540288423,-0.0005735316647355849,0.01691721103062273,0.036114650005256835,-0.013119362961251156,0.00682634475955851,-0.010164862994878492,0.015558425155299326,0.01854287897484148,-0.005633973109540713,0.020376156294805967,0.0006046112144668385,-0.003390862592051003,-0.0003575418905304398,-0.001472322325293774,-0.005443641864126409,-0.008652986956298575,0.0013372696256299717,-0.0022922214604987473,0.004053016760723493,0.009317858520340032,-0.0025204623948864727,0.010264861437919347,-0.0009159565902555906,-0.006434079937625149,0.008146490009077073,0.004747769265242437,0.0002951997726575645,0.004285120025200251,-0.005055075271379279
M3|C00204,0.006171021433537818,0.03000831996758055,-0.004578039244019125,0.01676766655176082,-0.024472011107213525,0.006774092459770894,-0.01542663715979498,0.0025746018400895107,0.006336261654386469,0.00964795701503242,-0.012788476920663705,-0.027894548252603908,0.008541421836269911,0.008825306507869226,0.002361024407080995,-0.003495655460950165,-0.002652031590971175,0.012892539117370155,-0.00555250357244834,-0.012711381457790705,-0.0061970994159489794,-0.0005212880508752003,-0.004688161317182827,0.008551080642687883,0.001887390506436954,-0.012053774694527284,-0.000427590323717735,0.0038508751558916574,0.0037273813697205,-0.0035901501178104544
M3|C00205,-0.0992430457908116,0.05348995451875301,0.0038004516858605804,0.0015722293189077484,0.015524660885565431,-0.00821207742482109,0.005486162606291429,-0.005656255204614217,0.014385713439810875,0.0018790950856802937,0.0018216558898729981,0.02352645383465937,-0.0028034327812102764,0.0027050071150246523,0.0022726876757220723,-0.007250819645715676,0.0005433715999972048,0.0035925461756721945,-0.003165129201745293,0.005463865135139231,0.004231202554318465,0.0034430455784823615,-0.0007140256065918994,0.0014954267330836246,0.0019078416518969175,-0.00028206064875274585,-0.002025761796028718,-0.004269944726787172,0.00385846865838081,-0.0013385149831882752
M3|C00206,-0.0031409366229551393,0.06719697207185843,0.06268530329974403,0.0331250270805904,-0.004157189531281462,-0.0030453957668651406,0.002560477470982621,0.0035126737247259897,-0.00984655816789359,0.0017062926156093158,-0.019855694608563748,-0.026175239072425915,0.02162840995642036,0.005378996439803449,-0.002078395877504541,0.00673248509254862,0.004844897925806812,-0.008745267926813433,0.0003575914095198632,0.0008207018684074656,-0.0001853228396122296,0.0029337027591647235,-0.0035634411910448393,0.001975507258400591,-0.009533658688390257,0.003479326159030914,0.0030856995043146537,-0.002035305511587511,-0.0044145844376445136,0.0010742192983539127
M3|C00207,0.09621331625057579,-0.019200848350457995,-0.0039662037967051625,-0.010859991931778197,0.012231533580554073,0.029211352072111472,0.029529420407151584,0.048373401782661876,-0.002698131462114994,0.002616031852109536,0.003943321441091044,0.016774835792606635,0.001116557545937224,-0.0027699384514296714,0.005227329851230538,0.009691107120922913,0.006129667065107891,-0.004424806360589783,0.010915288950589174,-0.010931611662296706,-0.00891832222650536,0.009043130937663419,-0.0027178317622067513,0.011351697028307515,-0.002442222397666444,-0.0009623868554391694,0.009933840946009987,-0.0001972144515546664,-0.005432383431974133,-0.0023886537513805677
M3|C00208,0.08449598919208089,-0.016187708693319057,-0.030699819945251075,-0.01911083625412042,0.0016398750274648436,0.015743052964207898,0.018441593712116355,0.017612394510208414,0.0028809354855487976,0.0036869969656398226,-0.0028943309523971044,1.3502104687177295e-05,0.01193418778222251,-0.004390882821391374,0.0114799535341238,0.008399217930015622,0.003184086774296732,0.0006442987564706147,0.0052110025583047845,-0.004751873336346993,-0.0016236181184148294,-0.0008538088607392285,0.007691212922631109,0.002662197720020377,0.0015616581492680567,0.002364872675802473,-0.004638178915143046,0.007985050507729722,-0.0012682604866736406,-0.0038956259366988173
M3|C00209,-0.09303731437174505,-0.07721152833018848,-0.042399336437180093,0.032651036742301666,0.018564716114389854,-0.017958518737291373,-0.005874005951712461,0.011278972951315504,-0.030691886979508795,-0.017741415833422976,0.0020450113187231115,-0.0004676698980629331,0.010306692191522424,-0.007437410708630695,-0.007937505841878474,0.0007427947972635588,-0.005436595421275866,0.0039256598707792245,0.002030286497018283,0.008196070578810374,0.0026552679299196476,-0.0019151495868905209,-0.01283164185276142,-0.0077883889493974585,0.006694513400413661,-0.0023207876552913324,0.0045758540219121525,0.006427766893712881,0.004330802255821961,-0.015169017939408017
M3|C00210,0.050226671707525705,0.01742014478215874,-0.016843286493882247,-0.02052974896760732,-0.002004074807976476,0.006562447174413096,0.0069728294157629074,-0.02574171328458829,-0.007089546721234121,0.0020666174227830197,-0.0004952601995152706,-0.012766911807466922,0.0059632113105577665,-0.0006837521647374877,0.004335187019291047,0.005440720082043287,-0.0074224103062022475,-0.0009505923731557781,-0.0018015147767584602,0.0022410794487292395,0.001737454334303654,0.005406359499841947,0.008583841493855363,0.0014304924319485251,-0.0006822725190294345,-0.0014052655161543755,-8.88610515805841e-05,-0.0012633647637855696,0.005199437801480992,-0.006604727138040995
M3|C00211,-0.09421993656375277,0.022275941252375857,-0.0508226264414093,0.00835457979220685,0.0030701202044940584,-0.01907928096610887,-0.011449987448658785,0.005823538582814924,0.018024650353132412,0.005668926975778119,-0.0073403825611008805,0.005867777097811828,-0.0003498818260376745,0.005913257749317785,-0.010723416147460309,0.008996273838267411,-0.00443660402248965,-0.004351976054703859,0.011931193998580716,-0.005637912488030591,-0.000989033656532701,-0.00548787129792141,-0.006308816340102098,0.0009669510573485356,-0.002058293435076382,-0.0035132479298618778,0.00139665230177443,-0.003032716364250207,-0.002449273781655373,0.0005167247636089016
M3|C00212,-0.057598893861835525,-0.04794546188705767,-0.023091508608572068,-0.037599912821684,-0.03375903418321876,-0.022683051982440375,-0.010774652534762633,0.00804641814849535,0.0032507077436455187,0.03000555338558738,7.560854518763868e-05,-0.010832595398804242,-0.006135606601709136,-0.0029326836929785033,-0.005394330275677962,-0.010683085949270383,0.013317011045429832,-0.0022808804934388847,0.0029991870462087213,0.008293495500529713,-0.017808648463752973,0.005797515548372725,0.0004988386130939143,0.0011771775176834336,-0.012085121681107687,-0.012405786216724661,0.0013309306299976694,0.006767275652724472,-0.0023837314103426913,0.0007103178297134922
M3|C00213,-0.02477315720117691,-0.08372614740975134,0.02913476839777023,-0.059225785417551226,-0.029037489935407206,-0.037381187269081004,-0.00964270945552631,0.017091959517199072,-0.037195733191929495,0.009206930346431117,-0.026754007494698966,-0.0089252993667766,-0.02718854521305702,0.002821409356572236,0.004117454238177195,-0.01901601510008789,-0.0005591735675260561,0.0020576287427040425,0.0051305773270673,0.0043538094972400965,-0.005622935400252432,0.01552840279371058,-0.00018546076814048533,0.0001491846271994928,-0.00744697439373143,0.002373691195337305,0.005769844903663046,0.003603558906706867,0.010777892295691632,-0.0036551471479527742
M3|C00214,-0.11411145418794003,0.044274113837714506,-0.021896539500107278,0.014563500624484482,0.014708720713131765,-0.023999582220824305,-0.005848361111968638,0.004459151117216847,0.02448770052841374,0.010933593009096066,-0.0067702537466200596,0.02230999895313216,0.00354537043092195,-0.001567323886091737,-0.0024337855578584807,0.0011869356837042014,0.003410142529336749,-0.002618514385768988,0.0014893695663869531,0.004280997369891227,0.004701972664444093,-0.0026632967815582624,-0.006247253606384684,-0.0011771308809200459,0.001070803958473468,0.002280089522239035,-0.003109202977512812,-0.008457312023287217,-0.0007565050650084248,0.0029364243386242354
M3|C00215,0.08133590035891008,0.018956110699326918,0.009524255485411498,0.020152895149724036,-0.0040768249448798095,0.013566509926199274,0.004696948225878506,0.020218565386808784,-0.0010634338455528726,0.006207534326737034,-0.002658215233748791,0.010912413433418271,0.0023988772490301726,-0.0009434715802921888,-0.0008065464601549928,0.009181230500025901,-0.005399977941135685,0.005067560207006087,-0.0020329092639790776,-0.004082183384145586,0.005312346861619919,-0.002518773158184591,0.009673511489801065,-0.004153180031650805,-0.006172987371186331,-0.003883226290082933,0.0029494743907052617,0.004207799113983523,0.006193549874828347,0.0007431160016680586
M3|C00216,-0.06822330111157109,0.07301822700376166,0.006653811964771045,-0.012558244940212097,0.016841437690204488,-0.0034347045572667924,0.003308006834632606,-0.009997594110104183,0.0071565096928057565,-0.004437658202559626,0.009446503633622151,0.0017933634269235678,-0.025123672633054848,-0.004156130417611848,-0.0014937695504644898,0.005972868010955323,-0.0025349299573155276,0.011358787328731362,-0.0049178695675426536,-0.014085881530030663,0.0005639034789853886,-0.0008083442455722344,0.00951076857504854,0.0017457548563656264,0.001809404145435606,0.0015600900850576281,-0.0005006082205719583,-0.002492912434086572,0.0018007401387999192,-0.003652299715923975
M3|C00217,0.010819853750012726,0.07600699859640066,0.05573273205409319,0.03293091692948716,-0.00889937280816576,-0.002712451149931451,0.0045019014717006655,-0.03049114538943205,-0.018328993384027444,0.01787995909851058,-0.014792064944669656,-0.016265931222855554,0.017537603600684622,-0.0030704504300678986,0.017074253319965246,0.010248246996210023,0.005041133836331932,0.0024125937961076297,-0.007115546894944979,0.00032761013221939335,-0.012552835843743016,0.0010820257941566843,0.0014266794022213534,0.01925021259870183,0.008915223624183644,8.088813569645664e-05,-0.00039786424760292807,-0.007915691185884411,-0.006625481274425491,-0.005829075118079145
M3|C00218,-0.07643691961788622,0.022407660801331126,0.007253602849935771,-0.009019512958214012,0.021817608111605546,0.0059148075185096426,0.023170215320427068,-0.0015811119065987258,0.018395937186148268,-0.0050776936539511,-0.009563592728724925,0.0051260697809438005,0.003664247532314288,0.009298914646942545,0.013846794881897639,-0.0148445633422977,-0.003672193241753519,-0.006644953432847153,-0.010776663099280843,0.0059800450703116174,0.006901086390124463,0.0028786274923836377,0.006897885401948207,-0.002923782214315217,0.008682850687101689,-0.009896405234177175,-0.000325742625002224,0.00331567261897126,0.00021457174795366698,0.004197281313634012
M3|C00219,0.04020489369723423,0.010190021513780548,-0.05667731147265023,-0.043669883844077204,0.003924887489113413,0.02527106475392091,0.007211500709621249,-0.0015085607447968892,0.004543898514815651,0.004364963504435638,-0.002475778612097445,-0.004192631544044345,0.013887212379029833,0.0002015363580688432,0.0035683120569328947,-0.009396695181437018,-0.0017836352340646613,0.007361382253657332,-0.002620500961805644,-0.005147652526970884,0.0006897985667693421,-0.011582668234959844,0.0049550168320792315,-0.004105227575540968,0.004578566496056857,-0.003447830892208994,-0.0062108563803107515,0.004970600569238631,-0.0008815044781908208,0.0029232492751513316
M3|C00220,-0.10144950388102021,-0.11242141946375472,0.01977400687463444,-0.019157305539068647,-0.02705892153982963,-0.01739277250106406,0.008289354599353869,0.008478144244686844,-0.015453535626907539,0.026219732586669663,-0.014259737994780242,-0.0008186424731128586,-0.018628533547690982,-0.021117808447991163,-0.004325952401831664,-0.01167494034866082,0.016729492647773975,-0.0013396465840339728,0.010673833094535337,0.01366874351461495,-0.007377649792158796,0.0005273286602695718,0.0010413467365516117,0.0035893026849435536,-0.005220025307395099,-0.0031647566108355864,-0.0005546050812913026,0.0021921600154767894,0.0002583667463064329,0.000854580637579811
M3|C00221,-0.1141701966363269,-0.12873352992538775,-0.016053661823883816,0.02489044292588066,-0.026736116691375066,0.026929153961999325,0.0228878775600382,-0.016339847257822452,0.0005740228275585357,0.006136244753397138,0.020070110617943046,-0.004145902977785724,0.002100790047913663,0.036814782450311216,-0.0009994977834560494,0.007267981551755827,-0.0028436904912709105,-0.00014446949035071879,-0.01390360403505946,-0.007985594804090815,-0.0065179800872655095,0.007228165119351962,0.0059281569809015566,-0.003264674731861259,0.0019887457474328596,0.018234100019677263,0.003482493382876228,-0.0034444703267733296,-0.001909240199591668,0.0053314712344809684
M3|C00222,0.07977185544621504,0.032404952669528975,0.027484735682619374,0.04093147492375183,-0.022914573396764285,0.017384617181108713,-0.014819422683870457,0.014723227210980419,0.0002211991983568771,-0.001033715480989371,0.013928724530436577,0.008861478453203318,-0.00236876923347504,-0.0005743299797358218,-0.012450189595416298,-0.0028502080209015616,-0.005204776663934618,0.0005101683069002073,-0.003522403886947114,0.00624736963698487,0.013676460266849442,-0.0015107635166274585,0.008607202878555608,-0.0010793359523668582,-0.0031955488332698107,-0.006909888725904058,0.0033335687399076914,-0.004232328706978236,0.0013935531557237016,0.00035691922975172814
M3|C00223,0.05476968095775648,0.008874159108336404,-0.028828136940986827,-0.005327791826793259,-0.0137744787300973,0.014511525958679966,-0.011908745427040122,-0.01572113089440636,0.00753691324386062,-0.008573012182054482,-0.001095175025175277,-0.008591196174444,0.0009835044138177438,0.0013295821952452394,0.005015176069101023,-0.005356774853652051,1.2389298476981262e-05,-0.0026284389417403522,0.0036634134564730745,-0.0032075120270581106,-0.002639443003740123,-0.005808416009348148,-0.0007184200868692398,-0.000724464524250898,0.002690251107173326,-0.0015234856372994244,0.0013918302366874,-0.001243962571619127,0.0023235037044949634,0.003972970556059333
M3|C00224,0.011768460185171404,-0.037815573584261894,-0.026713522886302403,0.03353331840632649,-0.00624547187253538,0.02076306575166693,-0.0013630516579140846,0.010939586855210764,0.003610724115746122,-0.016073028491105864,0.0005483902250052878,-0.022229055493900567,-0.01900549580221516,-0.02799843950091794,-0.0003680464470301304,-0.01240843027239626,0.004612722420049141,0.0037753686134252736,0.0016146566104202648,0.0005534556713879624,0.0018427041659084202,-0.0018807304377578182,0.006086251477872645,0.006109547189765974,0.00756709479642384,-0.008815651432343202,-0.002863160439894381,-0.001807582184273725,-0.003954503288271698,0.01032541886567758
M3|C00225,0.05652079777568991,0.012116675118543696,-0.02601915423341002,-0.005154470643197755,-0.012838849319291341,0.016852304862970055,-9.011125214031239e-06,-0.021020937816742573,0.006340502525446375,-0.005516057792158648,0.004939431886891823,-0.001941878291966984,0.006600766936615296,0.0028993112795732256,0.0009897615148729347,-0.007625044598637316,0.0011967856472310469,-0.0007663563999374869,0.007067946813619842,0.0012698830261567802,0.0019706990937126286,-0.004185020498006694,0.0030020481213030806,0.00018942077031161044,-0.003104425883709999,-0.00469466029409151,0.0010674707902374708,0.0038945939715444764,-0.0024336324550002,-0.0019261073926889857
M3|C00226,0.0877632909776782,0.015852655049660182,-0.005141835383400806,0.016321137287512895,-0.01168746582669001,0.019408730439901455,0.0011407737457082665,-0.0021913171684172137,-0.002767065148213657,-0.004615557471715875,0.004459412009404395,0.007846533125029758,0.00022468651274802195,-0.004629150887529786,0.00214578553317189,0.015099399491455634,-0.003449481781596391,-0.008480417055756466,0.006421775931572252,0.007017851270829862,0.007616684047994826,-0.0018639284417608286,0.012515123415892736,-0.0032320784276222416,-0.0008259728607413903,-0.002373211038021996,0.001500678645223361,0.0016843541847594914,-0.005882219304039085,-0.005990556034565071
M3|C00227,0.08391955643147692,0.02033152850878651,0.020383233343154315,0.04377765825139313,-0.024509816435494866,0.01529700474004173,-0.014324864007346939,0.007112299224424063,0.01601175480653351,-0.004672537640565403,0.01387949781109248,-0.00044681501499827653,-0.005583531614802296,0.0011288224723552697,-0.00043246463561333,-0.006727942508110778,-0.005391331619906892,0.005891280744115615,-0.001032847502110898,0.000888645616698729,0.011213175566991638,-0.003122430871235243,0.0059476298238571096,-0.007479482155682938,-0.0039937872698302835,0.000722257308347204,0.0072266721825846435,0.0019415693487861018,0.004908101640374471,-0.002811991240416913
M3|C00228,0.01686412079049502,0.07033646929847366,0.01748564129633951,0.005253425569715102,-0.01344180486138265,0.017909701839302707,-0.007186639268851368,0.0019285816507844844,-0.0016681553664446476,-0.00038575183839418685,0.0188807297234829,0.009393714227081849,0.0005120671703920454,0.00119961588210268,-0.004504168235922411,-0.0130277899150982,-0.001770534007823071,0.003773030586534373,0.0012544017963246816,0.008118637606447399,0.010388397163899037,0.0016586846612846855,0.004685092233802553,0.0009128712109635891,0.005558283310233861,0.001332601391805408,-0.004096342270300224,0.0036071686323242706,0.004605595148420476,0.002049267071999731
M3|C00229,0.011842812931722778,0.019221079715591113,-0.027377296925866972,-0.023783408406230066,0.0013940710639390697,0.022870898129745142,0.00017570313046914485,0.024905457145163117,-0.008994097736577675,-0.0015787920521664544,0.010144575307024787,0.008112702888337013,0.0012738880625116418,0.008873889426433156,-0.0005936496751807539,-0.005844161475253005,-0.0032132881868726457,-0.010577423275549804,0.009404186410879898,-0.01369688646021547,-0.008000308150680235,-0.0041249117405696605,-0.009497063775547083,0.008870266435097439,-0.009671389645675217,0.0011277000316257328,0.006562291154633926,-0.00015787548444935382,0.007278118880773643,-0.0016366571714769597
M3|C00230,0.004747017583551563,0.07622992194609515,0.03558670136490098,0.010143868190013184,-0.015896481877193697,0.015780626593028108,-0.0024609507274662742,-0.011306185863218387,-0.013728588484509727,0.003681708476742513,0.005360335003832678,0.003729479710077802,0.00728592029613404,-0.0009280962586339459,-0.007049700301882725,-0.00781897497358377,-0.0038035069788324174,0.010948064877097381,-0.006131826464430292,-0.0013348263306442601,0.00676442763346145,0.009465743634380623,0.004329570950754932,0.002899279495232846,-0.0014472714546641355,-0.004141447014620258,0.002234131755257908,-0.0005876561979204195,0.0021596581297592915,-0.0037248365924687755
M3|C00231,-0.12882270710824237,-0.14875521937567954,0.03811964990353922,0.004266709096419042,-0.03359516560074418,0.0021685574732922103,0.02556492803483766,-0.004323790934746555,-0.022948016802032293,0.020877649388798755,-0.022296378656439683,0.010101685752940629,-0.023520385876859912,0.027008469270190252,-0.009885657255290852,0.007551006250338592,-0.0030154636590643733,0.010130611532133842,0.016722909123847083,0.0008496547554143766,0.010461382281417634,-0.012408651846166118,-0.004266878331768391,0.005598918040267584,0.004586602045312055,0.013135842764652045,-0.004567418581942741,-0.0017115689707031436,0.0056106533512645645,-0.007548003321141484
M3|C00232,-0.12884398479443937,-0.04471390756403037,-0.03595172460141664,0.038516660613624104,0.01791597126522901,0.0021526564687909225,0.0077716648254762015,-0.0015637894043425194,0.0009850352270350418,-0.002410918177914699,-0.002983641761972954,0.005022718651001713,-0.0059796723727492665,-0.01074369124062247,-0.006797006524591412,0.002689572894665799,-0.00421131088128599,-0.005374338949209188,-0.0024532148403943682,0.0015739680733024201,0.0033662316276078454,-0.0011850026726257766,-0.012509142473704134,0.0013222416214206873,0.005506309375012697,0.0009233178625393105,0.004480271799283856,0.001180426982731686,0.010023071266823324,-0.006368300398382094
M3|C00233,-0.05452222711442355,0.03779927244008791,-0.029054250560597166,-0.011591367141070398,0.0028659161833331846,-0.024552639063488407,-0.011104477319932068,0.008594262174303926,0.0022492175023966377,-0.002231235071947042,0.0014754366363906165,-0.003570929121015136,-0.0010824218671080417,0.009827738797741584,-0.00541961755514807,0.008033416167214471,-0.002733552143614029,0.0069952158963747435,0.0027833641111520515,0.0024897058755016803,-0.00354686916940506,0.000452094008327796,-0.002051721690898234,-8.514181185928317e-05,0.0002579716054759381,0.0004201414229564063,0.001896280391033326,-0.0013392000936583329,0.001153983037782548,0.0030357371287664725
M3|C00234,0.009369563879064595,0.06038107300189941,-0.026816386065030208,-0.03064633154775609,0.004901407929950452,0.023657477506641465,0.0005949644430199287,-0.020881790871261633,-0.013100416567060359,-0.0003060339652293669,0.008081817585328038,0.0113226885092848,0.0017452192074035497,-0.00465013596840957,0.007945165261742703,-0.0036330514867412606,-0.004675989085141438,0.00011560168659158223,-0.0024525282436138936,0.0014852812345616168,0.0007515827958625368,-0.006825118352842886,0.0029944369883353555,0.001954386098714379,-0.0003462497024665112,-0.005047362681983303,-0.003728191577963513,0.0012259779698745089,-0.006652182695137383,-0.00022120246904819442
M3|C00235,0.0015134168689405936,0.03885351209770705,-0.023730789437453166,-0.01612083608377369,0.0029896620669036785,0.017032812304581736,-0.0030548451579008023,0.013514195033168117,-0.015570158128723852,-0.006860549373376462,0.006852337194763629,0.014207059811571153,-0.006027674786622371,0.007860732459407079,-0.0009773919523751744,0.0027606677418125377,-0.005545380925667047,-0.0012224682474414135,0.01107657393386068,-0.014664981136246943,-0.007138788136876895,-0.005207385037420215,-0.010980255204475115,0.0004960099615430168,-0.006709580447556917,-0.00407499527559557,0.005598411531344847,0.0018631674629537268,0.0006505440083712682,-0.003043674605478212
M3|C00236,-0.12618629792080713,-0.06874929083024496,-0.04472960877267184,0.05177309269128062,0.0283203930645896,0.01945236453733796,0.01964736293082494,0.0004391248639144353,-0.0104458972185516,-0.009620961722049251,-0.010062750902385915,-0.00810547934283491,-0.020045182635578907,-0.0401946032930138,-0.007553267230236788,-0.009052120632041574,-0.006881043246986542,-0.006858448780302261,-0.009302102546701978,0.0037596674950618513,0.004847709726110519,0.010389178609338986,-0.007829218926755895,0.0009313368772581104,0.006220107580240878,0.002066715489615935,0.0013598183442382037,0.010341937478110215,0.0062203187504974375,0.002369773204483551
M4|C00001,0.2040308360115661,-0.06232985942141039,-0.03146737655323443,0.01869311676562006,-0.021962029218178514,-0.02091633117116976,-0.0001590999422994286,0.005405494789269867,0.027401640090943535,-0.018060849491236708,-0.015231678154629143,-0.006900287635271281,-0.016154117358679585,0.00527452162622985,-0.027930001494205905,-0.0037219795632283913,-0.0011835346527028499,-0.0006931105398680042,-0.005173138012063835,0.018269768284824475,-0.004726797647364076,0.004458084850862043,-0.0003975606066786959,-0.00015253746490392968,0.009046191055846942,-0.004351730045087236,0.0032476428912812253,-0.004786541411973178,0.00037270513598602916,0.011185880050985371
M4|C00002,0.09215503495794529,0.02053604699060539,-0.07479848849217063,-0.04914470676916469,-0.007974953369809112,0.012353122698391802,0.007385547028730494,-0.012878941871808457,-0.007007807328363021,-0.007808484611685782,-0.03571585919284295,-0.01540847299484732,-0.006617000596528723,0.005259630700760448,-0.0033241279880408315,0.006615014854212097,-0.0021061804217458783,-0.0016304975909743143,-0.01481674446202502,0.005995930551133672,0.004890997619962788,0.0024480838115829924,-0.02096456141251265,-0.00340509998795015,0.0007604663487312132,0.008632353162620506,0.005609975959606355,-0.012860701750391218,-0.0033534999739343605,0.006624805081363027
M4|C00003,0.06030017762864796,-0.0110509612968095,-0.025425817240866094,-0.024939522562580096,0.00550779264706028,-0.0014398934074689115,-0.022885726615470506,0.002094726976468005,0.0005191712341083306,-0.00653817942543586,-0.005126043349679037,-0.020205899897576613,-0.0020259926409325842,0.004628165483733915,-0.002138536414646737,-0.003570082051816903,0.002362753314916986,8.756276578151791e-05,-0.0054609907370680695,0.006786414407219945,-0.0020731802467501073,0.007586601244598645,-0.004268498463290553,-0.0007170003615073031,0.007871837335424943,-0.0011828583968638063,-0.0032207728808089473,-0.002422634655665063,0.0043305115273576935,0.004191250424059602
M4|C00004,0.1852146450082667,-0.07841773752408557,-0.0140779605765275,-0.019230898082749748,0.01556221098023292,-0.043726894121829604,0.046206379995987354,-0.014771456007018695,0.011917876714451384,0.0008475680283573403,-0.011006696367421657,0.006115503136507077,0.007901221991298526,0.00020520480365770753,-0.02385065325818547,0.007784159154704509,-0.00609890246270272,0.00956490045807771,-0.010621297694790074,-0.0011837224048236602,0.0010621022154030206,0.0037531029502512257,-0.003617009252559922,-0.00627409158815742,-0.0016009983915111256,-0.007637841563393515,0.00699485832625838,-0.0020507359413698216,0.005218859916296399,0.002308739086068411
M4|C00005,0.10489925926634898,-0.04012778747514948,0.00988914465604011,-0.009072737060615527,-0.0009754742169688957,-0.024944060358570865,-0.015415624831696244,-0.003825798187349904,-0.002733895412049959,0.013359729185895996,-0.01226456139849443,-0.002899227769700898,0.015232474705808074,0.0015681034183575471,-0.007319401118273199,0.008301805164893691,-0.0039969456260777235,-0.00530966273090415,-0.003229002069730068,0.010399243110757675,-0.0014864450467350595,0.0030970080259961306,-0.0012710679593618283,-0.0007170116871746027,0.002387639647481777,-0.004383439818197367,-3.1522461611107624e-06,0.0019901283853063214,0.01119090153803436,0.011477610921640813
M4|C00006,0.11843148393216316,-0.02256949481609641,-0.020176233590202472,-0.01930161546784135,-0.02026790021111365,-0.00353837960409335,-0.004744264282121242,0.010825728990850814,-0.010582209358279082,0.0024981376191736864,-0.017224242603652025,-0.016000121241781864,-0.0030862675265985206,0.0017620061621195107,-0.0067698445200670716,0.008901215170926709,0.0006592435396229417,-0.003908553849682991,-0.007352698794152606,0.005079750911481088,-0.0011758115718033028,0.008766957639700864,-0.003375810505723092,-0.002572148417420417,0.00908851351295385,-0.00027847287357749337,-0.000585264773399152,-0.002241694715234703,0.00342811771251386,-0.0002750762416602556
M4|C00007,0.09608836792849726,-0.007099640856183162,0.02546746098518112,0.002574710200554605,0.02338683138879055,-0.013556516034433955,-0.02411467144145063,-0.03709092705031072,-0.019417790837919117,-0.008265791681611828,-0.007083071758675991,0.002247659658913428,-0.0063902434146909425,-0.001937008528222689,0.00036820936252847375,0.015859330734155345,0.0061481773199008275,0.0007958353931325878,0.0006651961485916025,0.004328603456014674,-0.01267582292482615,0.006147847350809396,-0.0015392658300160508,0.004400336663811205,-0.009021660603971483,-0.009748809620836995,-0.0027722665159596823,0.00843651926007003,-0.005741338042916823,0.00433414720489279
M4|C00008,0.13542034099059128,-0.011382535637012862,0.0077886626211791515,-0.008404300115123194,0.02484862310710135,0.032893151470593435,-0.011152773811783657,-0.0007870406523120643,-0.019073646776137057,0.007512084584457741,-0.006949284673632308,0.004143395412880442,-0.0035623181789306373,0.003176207911949571,-0.006016478233386948,0.009965560183698222,0.0039369910922540064,-0.006724980743692573,0.005885053593017767,0.004372125328142248,-0.004010180004682323,-0.006394014541783974,-0.011985415380767781,0.003828522571607146,-0.0030489990934934783,0.0013098678542850547,0.0016329820699356923,-0.0022682017980848535,-0.0036506827973778904,0.0006775490995589581
M4|C00009,-0.009570709399662444,0.06178893847315571,-0.05801480227703099,-0.06886271713631044,-0.00019607428106414222,0.04328141992360114,0.010843647408321342,0.004241976094613412,-0.017720569571875486,0.010751944040388105,0.010058698413573352,-0.012055821613273886,-0.0036765998753825256,-0.010534656118863606,-0.007473220742261634,-0.011200666646763129,-4.912300169130463e-05,0.009445392925134098,-0.01306799887364551,-0.003883025249829366,0.002612140799244208,-0.005627150661069148,-0.0049063993859256244,-0.0005874172088715251,0.005787718558622972,0.0016056012099102414,0.011153883116981976,-0.006044180343020998,-0.006136939735283925,-0.004181124174004412
M4|C00010,0.14011886836752468,-0.08893375448635873,0.05762871158906847,0.022076870846356764,-0.0073972664629187584,-0.05862089763496811,0.023949067657335277,0.021100347669965616,0.015376600625888153,0.014578998317604381,0.014262285636525106,0.02746791020041116,-0.00869703688237921,0.00015683380477276874,-0.028582986085372977,-0.004785624518719442,-0.012170494255390992,-0.01107093821955049,-0.0011943009202275189,-0.0008104455274113694,-0.004394283474060425,-0.001647660006951522,0.004428148085918924,0.0014943941197592726,-0.00139096058950569,-0.01449126460281767,0.006898293689468501,0.0012855294099220886,-0.0021239846266271336,0.00021918589961732917
M4|C00011,0.1361993835564431,-0.02888873871688371,-0.03886632509117205,-0.020633670999142765,-0.014547295684549922,0.016159537600702104,0.014615210399240935,0.050477026657699334,0.02517264530462998,0.007604955397079952,0.003425862425558527,-0.031258398494280415,-0.019262222509570548,-0.006547401069801675,-0.000346650249161112,0.0010834391455594803,0.0008470681524027102,0.0021348241513526366,-0.012151207786734284,0.006835214565107303,-0.002487313937134212,0.004607192079970694,-0.0040335129058553035,0.0030469142885306477,0.023311592280004036,-0.001871673364667219,-0.0054524980807700825,-0.005334086769608702,-0.006875782304689136,-0.00595936369512426
M4|C00012,0.22026834206075332,-0.12063512800981441,0.02677159244782197,0.0021696129432049694,0.062339157401808266,0.002104410290183323,-0.0026248702702234266,-0.009861278741506125,0.02090555183287907,-0.010608826843478145,-0.011230535185117027,0.0015822148938314285,-0.008153471860088773,0.010229271518592346,-0.021174148440504973,-0.00047988119133803454,0.0078026434255481355,0.009672271833012478,-0.0035719934991064574,0.010795350827138646,-0.006371177989368992,0.00026760128087532404,-0.01231833362329209,-0.006786115270263997,-0.0001375135029160036,-0.002866168198994353,-0.005610074302117054,-0.00802957872287431,-0.004071423353290152,0.00014753997222433673
M4|C00013,0.031430734897786396,0.04332103246029731,0.07806901421811767,-0.006170103067886291,0.002198400177040467,-0.05096869281352833,0.01404794994065815,-0.025140474967518728,-0.026248276331224847,0.02182136878882403,0.03257664643527278,-0.03134543552619535,-0.008922634617236693,-0.0124489251215627,0.0027130390876057616,0.005699393033106197,-0.009410349269268868,0.005480916552318203,-0.0031423331432751857,0.0033579795618655394,-0.007031841341334357,0.0013273187833143245,-0.005018296958853781,-0.009410611172989903,0.0011072328569192817,0.0031958817451789826,-0.00010321807956952346,0.0041543279626709735,-0.0016378781694176088,0.005375956210489515
M4|C00014,0.007590403462623347,0.037708932693653184,-0.04422702015895997,-0.017012304068887873,-0.012819654089211796,-0.010368608257838786,-0.02674231463016192,0.010598698520422861,-0.025127304022938463,-0.021057427821360112,-0.009952253372932533,-0.01034599940303525,0.008066448618397858,-0.002330683020960021,-0.001375685357471094,0.008474858596124155,0.000985717567154652,-0.0010987197964112418,-0.005966970584463832,0.005906639663440947,0.002240104580606813,0.006042936713845369,-0.001993724928373907,-0.0006007683169046476,-0.004362869713085526,0.0007608627361100815,-0.00020346555982665856,0.002660243334403189,0.0005525457911836751,0.009960764151736487
M4|C00015,-0.03482238095069036,0.09656502855628811,-0.0283783169196458,-0.011669660646406965,-0.023802057683406555,0.006923108731297373,-0.02697036173711343,-0.0009981121220519241,-0.024220195359748738,0.006994392987150644,-0.0032755045065344167,-0.01685293841555486,0.01956149634599478,-0.0052526229398463554,-0.007923572482519254,-0.002775428369579881,0.0016639022922853447,-0.005820345551677046,-0.008544879816430853,0.002798124320789479,0.0022799678382085468,-0.00261837137727785,0.003044555074099624,0.0036072144795525423,-0.004318891218680334,0.0029801830783916326,0.0015958008225406368,0.002681196366902782,-0.003679170529694948,0.010747347119128005
M4|C00016,0.17674424419145948,-0.008499701856696287,-0.016870076888489075,-0.008008451728569265,0.009437867858438606,-0.007863730976104686,0.04655071758112409,-0.0429656895172704,0.008031264525598618,-0.0038723340191194966,-0.00941763214203497,0.010952955735136691,0.004599077558118547,0.0008760182464198047,-0.0066800408358020326,0.003129803718767603,-0.006186515933123621,0.014061350721241912,0.0041829876794837895,0.01921431183001661,0.003982785592294815,0.0009047134141757152,-0.0025471706637600435,-0.015765821124423023,-0.00167841847321802,0.00687447361228097,0.007182623268402913,-0.00340112838172951,-0.0012022543106650619,0.0026945703322479512
M4|C00017,-0.02632369836207487,0.05327371402671851,-0.04484268131653951,-0.038989811484705775,-0.015983532839270956,-0.0031088155713989,-0.021962116157363154,-0.008663340717791599,0.005089777191189868,0.001495151235038445,-0.008389160279124272,0.00317675361741697,-0.0020317321381713616,-0.0003495729510068194,0.005617654161960077,0.012869450505021075,-0.003320063617068363,-0.008008178398478654,0.0011878545438500595,0.00013838934618072912,0.009371249723737006,-0.0068634305474999605,0.0037301631125177793,0.005722326153481635,0.005336824358014397,0.008945496761887219,0.0020575329068539504,-0.005187941337405396,-0.0034468779045903177,-0.0010990130143630336
M4|C00018,0.1612544404545417,0.019548078521106297,0.00948580229180824,0.039312168784440736,-0.02169346761302568,0.019112372767898532,0.008842360520704175,0.028596824394936438,0.005099319342689167,-0.006321966631268366,-0.01850102183496702,-0.012745494076263224,-0.022025762217187064,0.006419700508564454,-0.014162753896399176,0.013608643391965733,0.0030230653558049312,0.011171551327650126,-0.004558699449213437,0.003283752358115554,-0.013425272362891524,0.0031157762915562342,-0.009147794845705142,0.004947001352839008,0.0031959677459762604,-0.008583064172503615,-0.005953204018338525,-0.007924957603769975,-0.00885194459181053,-0.001886684684101013
M4|C00019,-0.20729308756741738,0.07239276552887929,-0.025273339181554343,-0.017681829147266848,-0.003476059403054592,-0.04297664914412435,-0.017169788786617006,-0.0012021006116230127,0.02938758822507519,0.037606815365623256,0.003536186437936582,0.010081171250257344,0.0035200214945566113,-0.00101422902338562,0.017664222501518285,-0.0068780344977064,0.005885025831932494,0.0042888207182355505,0.005382849079284971,-0.016248742314039076,0.005989775171250383,-0.003559670844764859,0.010070953341891578,-0.0011686198450153223,0.0006323089106409385,0.006716564015609315,0.005372611627647402,-0.006416367613024421,-0.0012395835520461285,0.005579761729329421
M4|C00020,0.09435486305350349,0.024185676635501762,0.025776547482604266,-0.01421309252187409,0.004288776015794714,-0.0007247498722243174,0.03948093171960532,-0.006600637178641107,-0.028651366605359333,0.014240051365850123,-0.009687392078655082,-0.003754541597443781,0.012809525861860365,0.003978837087971299,0.0010296108494648802,-0.006153157848512186,-0.0017247719087817956,0.009259045737229866,0.009744310961304663,0.004604099534230366,-0.0044930620608582585,0.005396448694018715,-0.01551901956545534,-0.008617009430350773,-0.012030174786041322,6.0560044631045e-05,0.004114845930785886,0.00011776184296647058,0.000899264791733543,0.006585829509957609
M4|C00021,-0.08260100659437725,0.07149761094181398,-0.00994740540049515,-0.056634739204733144,-0.013266578008613668,0.011336120989953388,0.003387903527529103,0.0076269493066239615,0.004014633779376993,0.03329550050785516,0.005991850908224807,-0.020164180223526208,-0.009070012340561592,-0.012848560085209937,-0.00531272186550299,-0.004982801832717395,0.001856077837749956,0.006438538104050126,-0.0026519716835716684,-0.006779093140329969,0.00017323839200656562,0.0004492482348140601,0.002379950025791387,-0.004927638282825372,-0.00510169883459635,-0.009115033115124219,0.00883826959880636,-0.004712980560276883,0.0014806588085123425,0.0032319508754747907
M4|C00022,0.08909619328717265,0.028680838581360356,-0.015082993687546927,-0.014910309881356592,-0.032101334323427835,0.01274604279511371,-0.01612062761344608,-0.0019544869336376,0.0004644570496915059,-0.015135871304557182,-0.020075827969174523,-0.03297483016301126,-0.012683087945142831,0.007601248330882365,-0.007488970180385972,-0.004075253774501892,0.005526375718487026,0.00042301353682395527,-0.010170730894307095,0.0030181308931633297,-0.0017910268147911701,0.006667422874704456,-0.012753546971783263,-0.004290420045428753,-4.611081000055498e-05,-0.0029050756274624874,-0.006962532889131506,-0.001567366067462364,-0.0015471429932760214,0.0019031906572704387
M4|C00023,0.18056767464953252,-0.020723582289896757,-0.051384664320457386,-0.024439238175758275,-0.01418995529726612,0.027627648104337016,0.021192463572524328,0.019278300801841945,0.01446638987440013,0.004803603643738864,-0.02057754861265922,-0.014180212697015492,-0.011514228558238757,0.0008128026483330053,0.0027308899693956014,0.00520785082160332,0.0010061446862727717,0.0029353784423235955,-0.010467250873987411,0.01243532216421877,0.0007076957411631374,-0.0027149052763950983,-0.012479429218094636,-0.011540806331822424,0.015965002207186114,0.004675577253197267,-0.006784877833533043,-0.006729955663358162,-0.007537580073957558,-0.00210299696104974
M4|C00024,-0.07527912279356275,0.03626368204363928,0.060693348488604575,-0.05811601673743087,-0.03651322569349181,-0.010705816494529532,-1.5981980923469704e-05,0.005902719527182989,-0.030900979290010153,0.055621115157961885,0.007873464858058636,-0.01406285181882193,-0.010238584113349762,-0.006403008351348657,0.005451789138091534,-0.01913994816387731,0.009814839089285618,0.010703945155993159,0.0078107366174529885,-0.00016757600239564313,-0.007283928960250326,0.01085685840145056,0.00486910098718652,0.007344530881103561,-0.010873176880805724,-0.0034733019584728786,0.009571600958351438,-0.003902341111122004,0.009340517076429529,-0.0008841997836925166
M4|C00025,0.05853388812751781,0.0332270870145992,-0.07167102699610933,-0.01849212856346669,-0.01811172622917954,0.026697645752654545,0.00048187940026105287,0.012364109139960664,0.015850993901502627,0.009695532066759587,-0.01010835616477995,0.004727371656550416,0.012085481109397627,-0.0007280593499470391,0.006876847580154425,0.0002089231719378209,-0.00010677227439803027,-0.004659494376377321,0.009077560887539764,0.0024639013072352907,0.005705988320506811,-0.007653778635657716,-0.00024532916922858787,0.0004424264520845609,0.011889766109040996,0.003964856842998649,0.003114779833638533,-0.0006295364992987805,-0.0018476742792719377,0.003646332284747116
M4|C00026,0.09083286453925327,0.0475219669519212,0.017129065851529957,0.039194169130330546,-0.01450627142145927,-0.011482997945615558,-0.0026372911536451417,-0.0028434022692740077,0.014021357605564297,0.0007962730693030954,0.007120763243096618,0.009873062135318685,-0.005510989613203829,0.008412001749969754,-0.01502322772126157,0.0040136142574960405,-0.0024950919152914967,0.0047514179387375104,0.0034706721862799326,0.012020136030978632,0.003013320702225672,-0.0065141354529031316,0.005710048957973475,-0.007967228956049852,-0.011580599357327553,-0.00011147109142061122,0.001062870964243493,0.00613586415266422,-0.00018714235164487558,0.007029493601583206
M4|C00027,-0.028800855361845797,0.0787126912675634,-0.06157617369880144,-0.034803872425730645,0.016134034806398058,0.016817921463935594,0.0022316676857525057,0.01088991730985567,-0.005270793665559998,-0.006367252699499281,-0.007265984932765916,-0.010427836439025817,-0.01824935601258771,-0.001701097919410671,0.014533513819290524,0.012952168803350062,-0.003872310025315805,0.005236664017136124,-0.0012780684425936538,-0.005688646735964853,-0.0064110460168661084,-0.0031983517883199574,-0.011184097930081408,0.002796894593625597,-0.012770378978791942,0.005768359710293871,0.004170146386190424,-0.008158532512243528,-0.004267416634505601,-0.0024114957941596383
M4|C00028,-0.0402487330503236,0.07222377973893827,-0.07291215502509557,-0.028402077383176856,-0.007781877246771291,0.006531265205252686,-0.0103260825206087,-0.0012924216589511252,0.011998760098751787,0.005795982913274177,-0.008088283366105904,-0.0038621408935477428,0.006588041573385536,-0.0017029116830668317,-0.0036325137278862786,0.00698805499322361,-1.4643983991603729e-05,-0.01095924466179787,0.002660791413202353,0.004296937661123741,0.0038398407873046366,-0.005330267811825152,0.004061693164676404,0.0041253114536673775,-0.0016550028844440144,0.012356885148624614,0.000953512596309252,0.0013231923833035087,-0.004970375028123051,0.0005417955986913031
M4|C00029,0.18043406478213447,-0.12228691770417811,0.05400034181666105,0.0187621853580073,0.05478012238905767,0.004240213717477704,-0.04222526852535213,0.013529770977748986,0.023854783204622976,0.004549187543154994,0.005997689543519488,0.00543374087064882,-0.015525900279141832,0.014541122085007416,-0.012969861762731804,0.002680136882801648,0.011263185350707444,-0.0026731866315770824,0.004020083731503478,0.01965821608758776,-0.007054630510602577,0.006564597072010603,-0.003600733176747309,0.0006122434519665374,0.006195623800090842,0.0003278260497197041,0.0017322248937906798,0.007888429744744395,0.0006923548529575306,-0.0007995701002257447
M4|C00030,-0.07499856378584527,0.11309661749587598,-0.0008339834204489475,-0.0029361837260395347,0.0137441837742499,-0.008389850528131551,0.003508965749839437,-0.0011290444990287242,0.008542032548064278,0.02052816889368166,0.011429855047838158,-0.007433699008130765,0.01717160692362711,0.0027209423221843812,0.00318702409018157,-0.0008595073216319482,-0.007363133227384216,0.020447938302869607,0.0032134211553210743,-0.00011743166436194955,0.005482588909094326,-0.001595995137640485,0.004379824400721222,-0.00039994034061658517,-0.0065549324080777065,0.006500996648602381,0.010659211767736293,0.004258595660284465,0.0059141659035780066,0.007103023820321495
M4|C00031,-0.012103896776455608,-0.035118696957190054,-0.0018431337348807282,-0.04424092764696891,0.03837209939424235,0.03289303959446186,-0.03442901495053658,0.03470385154579695,0.01188100270172113,0.0008658515079797606,-0.010409751805735449,-0.003432490546992752,0.00939276635063533,-0.005240830731979436,-0.0003185263929917737,0.007820808840890451,0.003775028147683326,0.004272752250797181,-0.0047151040556294615,-0.002078132879803497,-0.014342894335155692,-0.005320857433889745,-0.004238253933570618,-0.005912136437666098,0.0052347026609049635,0.01080571785177205,-0.009572744433807977,-0.012443743615876928,-0.010696569533758322,-0.008029996403298892
M4|C00032,-0.2215033119647031,0.1071479264407053,0.027016772243334368,-0.030512344716007486,-0.020242503308892882,-0.036030457740954584,-0.01571775168839961,0.0077768061391341615,0.02993641669683585,-0.014306531635517072,0.005692901349088811,0.004952232533966532,0.0035439083564319435,0.007842439205921094,-0.0003981247222964839,0.006235000186675895,0.025603476016859777,0.009644654510870323,-0.003192323731223162,-0.012701768847823543,0.01015968056889022,0.004882570457102747,0.0067920917293975615,0.00012823316905144833,-0.007044958785478163,0.007621704949286539,0.008800299889541967,-0.0018754723249910284,-0.01105415990278538,0.003420691610062617
M4|C00033,0.009278052036160974,0.07490500701144251,-0.028173171066363842,-0.029389180350638585,-0.023107580959322655,0.017297177518123086,-0.02999065134700518,0.010434288532313422,-0.018907075293052827,-0.01993097976157561,0.0061495418460561745,-0.02295804344573948,-0.008629082848364628,0.010542642319989486,-0.014173735488089837,-0.002005149702013833,-0.0012146283346993146,0.0027943792667031405,-0.009145228709575782,-0.006985989991187874,0.0012996817941061426,0.0008465774520617866,-0.0016383074743216233,-0.004559310299538889,-0.0050810314563963874,-0.0008890505055296457,-0.0014816053914261569,0.004644959581348368,0.0038728301786431787,0.0032780926836507673
M4|C00034,0.0718106229018127,0.07498037193307483,-0.001306541922322985,0.02633635804094282,-0.035053573238283724,0.029320671734921585,-0.0168766405919642,0.009852455195969617,0.0033015061894757732,-0.006174370022140233,-0.003743503723213,-0.017121468339340484,-0.01411032306608841,0.008971849771390095,-0.004008355534741823,-0.008059874631618212,-0.00273106116062336,-0.0023608458898688226,0.009083281715173775,-0.004996693249713538,-0.0009162077237164368,-0.010411102085616483,-0.007976865344565976,0.001472193837987021,0.0010278306729468222,0.0038724648427753954,0.0001828589407488667,0.004455981868505987,0.00231226109479954,0.002266745763468028
M4|C00035,0.011057671278045769,0.07835952010890554,-0.019867509313394757,0.0045835854809736665,-0.016953807325737542,-0.004605263120175941,-0.02381357450714117,-0.0014716706255178144,-0.03420874009707188,0.0033636873527885447,-0.007091199648479809,0.00660002792858799,0.014039310041977284,0.005193881157177953,-0.004835798787081099,3.3726255980418125e-05,-0.0030459943541849494,-3.8233377071214386e-05,0.0003948662612492746,-0.0003664337886764445,-0.003421146941188886,-0.0050697761440745915,0.0004183528920786749,0.00901596463767675,0.007390302790624799,0.004774901103946185,-0.0007656571864091416,-0.0023969026066331667,-0.006017146341359891,0.011063039117381417
M4|C00036,-0.10680427856834508,0.028859296061231773,-0.010552731206522087,-0.03811043394547119,-0.02369778155347884,-0.03223648423327843,-0.008254302953303812,-0.004508780063564298,0.015879722519937994,0.03435401400798896,0.0010316396556839516,-0.01606167921070423,0.006547134785458561,-0.004083163006587723,0.01265219905069881,-0.003534461448741641,0.002462327636953714,-0.007556412691521007,0.007514547753830612,-0.008634275645780157,0.0007712191986014522,0.0007346507784278189,0.009563137830945099,0.0017344854789525304,0.007417676015832626,0.010244627978263605,0.01093159823744711,-0.0006608611972635434,0.0032388637124176637,0.00030100560498036227
M4|C00037,0.06057217019327325,0.05358091122294258,-0.016147329501650733,0.007388182571882443,-0.00165480427941406,-0.007262801540182108,0.006375804780785554,-0.022009291066365358,0.010726194665451478,-0.006182743309517584,-0.008230945141899313,-0.01492153528906588,-0.009749589934285556,0.003194533764116127,-0.003986969729139118,0.017101105331986347,-0.004470186734263723,0.0060142495234724175,0.00101863444801115,0.010949659671830092,0.0019386798188927178,-0.0018983521856893336,0.00013999457815018647,-0.005768345083983309,-0.01092494951534248,0.0006765162690929052,-0.010379252325143055,0.001547826758076492,0.001384647733382335,-0.005589141962425563
M4|C00038,0.044241490287010174,0.028756288021171618,0.002780145118529755,0.04983755421570636,-0.023690979812693833,0.004163289787958111,-0.019699781616407196,-0.005338778885631465,-0.008767969140028654,-0.02224120997888013,0.011012827425973783,-0.002773234054088279,-0.01295723827793527,-0.01169323133037529,-0.009127390754681941,-0.002707708006053744,0.0074571598785583455,0.002462986990962201,0.009791072769897007,0.0005319388766344947,0.006674042114697625,-0.011676698426375766,0.008503601621959095,0.006506546371740035,0.00785029758080104,-0.0022477206046675273,-0.0005185616453281167,-0.0021594700012015073,0.002259820374266482,0.004549149924066402
M4|C00039,0.045231486994710135,0.0013327721356043958,-0.06422321262016992,-0.04799633553549012,0.020597539739304487,0.012923047952605772,0.021064117313219142,0.007760414449697583,-0.0011998113800838863,0.005110948878936296,-0.01691060524234109,0.0012704601994065641,0.01581730241932987,-0.005850723598315775,0.0035296846738774802,-0.006623714954593586,-0.005338376873262347,0.007872749634333211,-0.00018400193263056313,-0.00606126268057418,0.001794231758307888,-0.012246503552201925,-0.007578346599266129,-0.0015555539336450596,0.00410208810492637,0.003990387001058255,0.003156263787270114,-0.0037760226607224754,0.0006753167976608181,0.004017172575539708
M4|C00040,0.07751458921122736,0.007442216399939527,0.001012073004025575,-0.023490888053678792,0.015319700595053875,0.03275326043435619,0.012121743945556318,0.013525969758634298,-0.012888503415548749,-0.005100353102464782,-0.014488440562681578,0.026138401046733054,0.01613528646840372,0.0023747829102371528,-0.001462096633490431,0.0053243410599894065,0.0012918989164359873,-0.011091580329903273,0.007000557744553543,0.004265735091220175,-0.02265591315495415,-0.012380510933410941,0.010188153967547965,-0.006480228160659154,0.005990660991416665,-0.003850731314983302,-0.004817728784994252,-0.0027524885717604823,-0.006176694889934949,-0.0027144476355395407
M4|C00041,-0.03195928871564482,0.032610523503553396,-0.0657271026764222,-0.0510407679117387,-0.015618862246898488,0.02637642649996867,-0.002246464451247633,-0.0006681078996601409,0.015838625234589288,0.005629268123277921,-0.01859224086105872,-0.03962781173837454,0.0071041720972913015,-0.013053495587544352,-0.010137546383907561,-0.006323154181223855,0.006518963094448215,0.0019811631223409683,-0.01798748225734128,-0.011222512393257809,0.002395232832694147,-0.003992252273270712,-0.004027694101528798,-0.0009201295079475514,0.0006381653627984125,-0.006156994176559304,0.007749379246250023,-0.0071944246705739545,-0.0025464251448172825,0.00018900193191549822
M4|C00042,-0.019296592659318736,0.09931618465750452,0.008877957728641205,0.010150141017763936,-0.003274075534488147,-0.027341966615626156,-0.04549983530983943,-0.008234763400185906,-0.053081765457501685,-0.01272995092755681,0.002044022137823813,0.006405478019132234,0.00406202656673852,-0.0015017669720339812,0.0017575720490577633,0.0007553300176598008,-0.008846478583489794,-0.0043377048406352476,-0.01565581912347849,-0.00212817612349492,-0.0005592016808956201,0.0031461052873398717,0.008270732252346558,0.008266344606100172,0.0008948426850730432,0.007242420138951634,0.0018213798868591034,0.006878228327170974,-0.006494936948786525,0.012076691729726355
M4|C00043,0.16977923625835667,0.025322133860511638,0.03831799309930716,0.04772513109436338,-0.021095861205719827,0.008591768342509775,0.014151011883701381,0.006134231437108972,-0.007189361818024157,0.005879233170016246,-0.020485999266050995,0.009506248546378257,6.128793692140802e-05,0.00498670753065275,-0.02708976113206376,0.008348729933236751,0.0003674734418639418,0.010157096345181233,-0.007343508650711815,-0.001860333469285331,-0.01164551416787634,0.0026742009524728105,-1.733439610677325e-06,0.008219441949630287,-0.00226957558539109,-0.01341907985243225,-0.0012500544127754861,0.002828872561602868,-0.0007739036933192456,0.0006283027406577381
M4|C00044,0.11176868058339907,-0.05660183340891393,-0.0006760855342469935,-0.018294287727711935,0.00938471541587123,0.008544616213211011,-0.03424525122435674,-0.001669342792934856,-0.004889442957900985,-0.00552608992512323,0.0008995735238417835,-0.01402761735347193,-0.009666025614319571,0.0064535394795439335,0.013937404245773935,-0.013568921020609989,0.005660967525079176,-0.0010218125324169768,0.0017289294825649905,0.0027012886626609435,0.003095829790965093,0.0019974714805331335,-0.011119201817437451,-0.004777796669662566,0.0036012411338127532,0.00868351268116895,-0.0006206116078043468,0.0027055284351163514,-0.0010237217135081983,0.00011627271326398606
M4|C00045,0.09683829960492345,-0.020608907482128132,0.017502029097255057,0.028261381159398434,0.01735070741945736,0.02559887141963483,-0.008416139187413988,-0.010072914022367598,0.011276192742527131,-0.005764145554345009,0.003114698055019745,-0.0031098209674789283,-0.008535532322093031,-0.009895903345155502,-0.006016806619216346,-0.006449564206758788,0.004810154020575361,0.011914447402587033,0.0020350328458230388,0.002768897740045258,0.01678841107965276,-0.006841428801709368,-0.002703408409394849,-0.008618017331705669,-0.006142904537469337,0.001287170206464674,0.0048501421003096365,0.002625746733879032,0.0017699001210366473,-0.0023556003181217067
M4|C00046,0.09132420888263103,-0.0042296661807392924,0.0240136852256697,-0.011834818105226056,0.01705020663981035,-0.017014887156450026,0.019171216694623433,0.025692402417891246,0.00890012411326424,0.01296642642599443,0.02506716058855863,0.005367277506982168,-0.021970172524730245,-0.0020978517499787804,0.007613574098372193,0.005225490477370641,-0.005334026688056229,0.0019726216746139323,-0.010054970752873373,-0.005657218573232123,-0.012590655949412043,-0.003480185656925718,-0.012873428418689006,-0.0024114705791512445,-0.0037390920696252507,0.0034567530933467872,0.00598022210683751,-0.0047356841635004315,-0.008731833022403478,-0.0030109457983102093
M4|C00047,-0.030607972590547133,0.13639451348277612,0.04607198064706336,0.05985236906474233,-0.017999222317620852,0.00236749671226201,-0.028506130509503347,0.03086334232456902,-0.007555475168804092,0.004070599533831954,0.016300482166015283,0.022290168354985325,-0.010573799448009876,-0.0019802089401052838,0.005535594596495798,0.0048134988273838535,0.001375888618661648,0.007566129693211216,0.004129005307799721,0.013738598726517158,0.00576417150194124,-0.0007917905260052956,0.006855117608793297,-0.0035422338223816048,0.004333359415512677,-0.002372749983397599,-0.006783612524248211,0.007172872610755532,-0.000420525387605569,0.004463368993053194
M4|C00048,-0.07039062127303954,-0.002289173071195339,-0.0064991169216666094,-0.016807171691083592,0.0154682872406511,0.015623274685122432,0.03193660127720757,0.018787084079248725,-0.006415674792051596,-0.008485589285633095,-0.007908192708969062,-0.03127913598244063,-0.03219002917411911,-0.017407707226202496,-0.007900678244485934,-0.009665663436459027,0.003209511207250958,0.0037634929160694926,-0.0036556494466225904,-0.0008084704091295933,0.0072998878036012,-0.004046209767479694,6.733008267515713e-05,0.002610403912216142,-0.0023983633989106577,0.009072934598495657,0.003942225977598748,-0.004272621917692612,-0.007458466897929783,-0.0015260913875671258
M4|C00049,0.14402921102878644,-0.02079638776436875,-0.0038337443103588745,0.0016345693358949002,-0.0295876907962562,-0.0006693942118466687,0.0019586326237627863,-0.013618212733674001,0.004687974015484973,0.0018994875318393578,-0.004467202312622705,0.00781972206576926,-0.017005242678929743,0.0001510775252213482,-0.015914744836914997,-0.019213660079990494,0.0020852174909790234,0.0026614841180657447,0.004747477723722232,0.014855508526388976,-0.004988495849725978,-0.001414714461695345,-0.004013730784455644,-0.008593355437563214,-0.0015384325244238398,-0.006288051281879856,0.009337331520786222,-0.0018623150750513402,-0.0017306869058300795,0.008292748451967723
M4|C00050,-0.0903857235997695,0.015658760163618758,-0.08015008417202887,-0.04641731623636133,-0.00045363839692024984,-0.031241793384557175,-0.03620864607223263,0.014551486606504984,-0.02305257002828068,-0.013540839839983816,-0.013446546757732932,-0.003226148595516953,0.023102708733624685,0.0010410686130211822,-0.00118834451246041,-0.008835104009859897,0.003759414163380289,0.005733713435936226,-0.0004734821041285943,0.00016508016416137125,-0.002713580311060716,0.0063326778821665595,8.224219343443373e-05,-0.006895628311465976,-0.0006180343124046486,0.0038627176058410413,0.006804402938834945,0.001174923910540599,-0.002765460982765881,0.0023276198892247385
M4|C00051,-0.056238014070513515,-0.0214179416848064,-0.004089563445401221,0.02335835175495958,0.039749813168650526,-0.0035429641723133585,-0.022904566501525076,-0.00906584186506467,0.01292027312031433,-0.004567562857208903,0.0013279167735747387,0.0032115059361218787,0.0018423772856265021,-0.01127814923639554,0.0167975782770111,-0.013874070533718108,0.00805875240332774,0.0029652216362487083,0.0043056390580102815,-0.00340595231368812,0.004473318333182746,0.007952151992593765,3.702272057551851e-05,0.012670723782459616,-0.001013882641111765,0.0019503278965443398,0.006395935355413324,-0.011106263154857944,-0.00906575094425697,0.0013107779943238296
M4|C00052,0.039714823675884754,0.03771540584038569,-0.03898980252110871,-0.00045205129143856455,-0.04497144943980735,-0.0033765819352635463,-0.028755520375212475,-0.006026970773000781,0.006324279788328404,0.0031959031365216863,-0.004028411316270411,-0.0022856501109580147,0.002410223136233279,0.0030157942279053413,-0.005372154184965677,0.010289781822193327,0.00501449352614425,-0.017386609945245376,0.007543906748065139,0.00665454265510827,-0.0012180699833013251,-0.00024286050838397312,0.008060282156596998,-0.004450218098435093,0.0026837401687385834,0.0015957146307094066,-0.0024454452742738403,0.009799186524677752,-0.0045566032948687425,0.005978713077215319
M4|C00053,0.01696592116979752,0.08803890349538634,-0.019157278877726083,0.020454386535615005,-0.03979759493745675,0.021582383427582293,-0.025443189191092983,-0.007961556211878008,0.01029320199867556,0.0033905408023164434,-0.005114469341553134,-0.0003708999931332064,0.00029151032696989927,0.002938514752250253,-0.0072861966984631,-0.0036649202992074794,0.003793061711992041,-0.005295440945576187,0.006595779513169504,-0.0024393869889700625,0.008012205830191627,-0.009368485636061154,-0.0021258420706831765,-0.0001532234682999865,0.010215235712400036,0.004106714119991034,-0.003645788627912668,0.00029011375676430437,0.0006955129829148046,0.009335438557522006
M4|C00054,-0.04612182921548714,0.05731329650334771,0.002299591301427429,-0.03450108011336783,-0.02775753601594311,0.008506105774384763,-0.009128121210300594,-0.0066538022484657795,-0.0014908686618583273,-0.001534225571107565,0.015211894873921336,1.573721137237304e-05,0.004171784555072145,0.008978128899266687,0.0020190866013732405,-0.015667049901232244,0.009867433786369999,-0.001711330372846461,0.015765309235332897,0.0024738716839988184,0.007150106620626271,0.0036204555763378683,0.0019800997565932437,0.003652478164887377,0.0001661019407510815,0.004152012640204255,-0.008301393842678837,0.0007906170898462993,0.0011147924504065732,0.004273526027828425
M4|C00055,0.08856783829367566,0.08848883747483129,0.042916686717113836,0.04868708878650048,-0.0239711576572163,0.021506189579895606,-0.007182793728472877,-0.003982470812428398,-0.01844806141279323,0.01805943204248722,0.013763199719089843,0.012472491183074565,0.0005600919123844792,0.011924245265629078,-0.02456285651596305,-0.0021929333546009014,-0.013457090350167539,-0.00274277235684606,-0.001977175808195665,0.014835446297975926,0.00014248429195106403,-0.006114578665147977,0.002547077519144376,-0.004322420575164554,-0.022017852116993253,-0.0028899823565536327,0.017199614594448062,-0.0003569041852312347,-0.005257861722012929,0.004220595261966199
M4|C00056,0.13663338719520793,-0.04094693046132711,0.029791813782812884,0.014323165426416304,0.00925805763560883,0.015226158979444899,-0.030044436833211424,0.011378989786566556,0.018784401735838903,0.000538343944737805,-0.007481444953562042,-0.03159401498082585,-0.009067671182411589,0.012876196822608066,-0.0032776829307256373,0.012691864734653006,0.005502241920414788,-0.0020141793600661393,-0.0016747321683581692,0.014900398152218353,0.006506617548179138,0.009346531017453294,-0.008932830331973477,-0.00280459678772426,-0.002286113210878549,0.004402384900542961,-0.0042927200114474,0.0008324813434155695,0.003203943301549202,-0.0019076386646470357
M4|C00057,0.007725764369239662,0.05834024846252478,0.07853940207508564,-0.018676752185199715,-0.0017153994668124093,-0.0314879517210012,0.028737982585056415,-0.03143546078923117,0.001798322003658467,-0.0031967902023227845,0.031056810717992607,-0.011485943807525741,-0.016078992280721485,-0.01396169693508352,-0.0021818510192197636,0.0050516716881632995,-0.004678821046077074,0.00400159098228346,0.008285822424994916,0.007855021039982625,-0.006681524410942854,0.00237183245902246,0.002051381632868056,-0.007413246941712803,-0.0009856131285667124,0.007726183873474432,-0.0004102496975653595,-0.0006060377554854937,-0.0020375350926048743,0.00433427367263234
M4|C00058,-0.029859756509709404,-0.03213691463263271,0.0035234872810218686,0.012329551496584028,-0.01918115657670395,-0.0017972035501038722,0.0009727028533154825,0.003129860064158208,-0.0009887198151896928,-0.00900793718421049,0.003497926299298955,-0.017134115347088766,-0.032202913576670635,-0.02732435425350339,-0.012883794882254747,-0.009986327202341211,0.006526580793839234,0.00983236617638485,0.006245965919743623,-0.019572320624213196,0.0036922493690859435,-0.0009343096401396775,0.01842835954400685,0.006249772305581539,-0.004958118525074381,-0.007994188806949966,0.006442705165748784,-0.003871769761098107,0.0014207959032712545,0.00045002928049082535
M4|C00059,-0.014301092138224166,0.11261696384012632,0.009818158087483663,0.03599958449901818,-0.019073309260410606,-0.008779530083669548,-0.044235467517550975,0.032754599076807674,-0.023200973406530098,-0.0002584952459256824,0.005756003440917675,0.009012261828287097,-0.010522151829045786,0.005858610111372203,0.005627159386713338,0.020688144649369553,-0.009240427111980672,0.0027428925838096983,-0.00027179689148167774,0.01608222388157882,0.00960813828611164,-0.0006912700430128743,0.01426461148500405,-0.005531424849182512,-0.00034871560602880807,0.007382707289359622,0.0012222308158136486,0.005077280254625371,-0.0011676226286057231,0.003305773069287332
M4|C00060,0.05571249636024605,0.022788321530182676,0.04027898530740782,0.019524237122831047,0.01495914432192372,0.004893693030197506,-0.033111429122152175,0.012116920118183957,-0.018986518523585367,0.004349122488449966,-0.012656027694936135,0.007721612860469799,0.013627864501144936,0.0017896190478884889,-0.0005250110044372552,0.002780474049640416,0.009711767599118844,0.01918734533493336,-0.0019133609294935162,-0.002433764255386761,-0.00256094665555033,0.008421256940839082,0.003505130901044189,0.0008140925670316348,0.003111582311948003,0.0015731503074297797,-0.002360203802137441,0.008473441770535328,-0.006920910565175452,0.005481584659384146
M4|C00061,0.0026462210054009304,-0.0994090528460489,0.07405789091535224,0.010209244834773807,0.08307659083800409,-0.018650505099596565,-0.013187070728548828,-0.0006331923072202933,0.004313381676163719,-0.027817627280038157,-0.011540472975131643,0.009098670474947198,0.017853758893169192,-0.0016123050398537595,-0.010375283352250478,-0.009390514762771316,-0.006331752051286727,0.01464124355723216,0.004650137546270088,-0.0016812226159703618,-0.03535803317054534,-0.008832301793006108,0.02954162652411307,-0.03543697156037517,-0.005217158763749147,-0.0012366997802188797,-0.00870252433225302,-0.019835072124889802,0.002313878853542624,0.0003664460346456384
M4|C00062,-0.024268798714289493,0.03998626953368205,0.014110426893272528,0.00500967033898152,-0.03608350458326075,0.0023813656216959377,-0.018689661139328382,0.005906441685512834,-0.01871680741676469,0.0020702279136136158,-0.0026185864585152336,-0.0006189654275611003,0.00659290311632873,0.009244201892358361,0.0009767300654045246,-0.015240412089092414,0.006064135276222335,0.007447982807963527,0.005284915036592838,-0.00831391656283861,0.017529434627958005,-0.00025938164296273204,0.007058322394491222,-0.004758260200449604,-0.007746104320632728,0.0032272917328549744,-0.014164346454667902,0.003883438473787388,-0.002098136506725154,0.0010627830303432603
M4|C00063,0.1580721524793699,-0.023722297346524347,0.04044427482982403,0.03945949071050039,0.013959659751080203,0.03716984863708386,-0.01698818557241274,0.008252939897164652,0.011326088245668373,0.008794609786717615,0.008841959381221396,0.011316360926368145,-0.013495665457327726,0.005623942236740829,-0.016211933542936163,-0.00011475127025281787,0.005222914459329419,0.00013638782330114129,0.008149574447846778,0.020054816901791103,0.012769159851662585,0.0003809031849070958,0.001211725903185767,-0.003077318626646349,0.008202566377108027,-0.004224484441597481,0.0054879905314591864,0.000587725729951054,-0.012337902354244179,-0.0017362902652229163
M4|C00064,0.1139762451455405,0.020516341642545514,-0.04524397978842486,-0.051005090757546126,0.004971541708569437,0.034336753251159244,0.03275327199801415,-0.0015355779774646496,0.004204885874911971,-0.0031595250730512836,-0.01671248208632915,-0.012536258183167316,-0.003745971260902891,-0.007023686474117484,-0.004435472187001093,0.010625951737697313,0.0013452052908784593,0.008746607271193342,-0.014654525995027637,0.007711398994903995,0.0012508038945132308,-0.0008629416433624776,-0.015792314131256577,-0.013303613387451896,0.0062547292844363275,0.0029233323298858125,-0.00724858207431511,-0.007320498374670488,-0.008481824527678289,0.0013794824789307544
M4|C00065,0.10430727926032081,-0.12543748264871524,0.10078803299941078,-0.011610557958546451,-0.0265474362114046,-0.06423832888485846,0.013196901689181188,-0.015195393685027729,-0.012205227823442473,0.01794713737689776,0.011529297322583234,0.013189077816969983,-0.012500766474786923,0.0022424734316099284,-0.005016803414910172,-0.01049461076905362,-0.02459391054447081,-0.014384882504292757,0.009076648475007444,-0.004183464045473387,0.0062296853152571455,-0.005340652266592452,0.001047973508639954,-0.0064408145783081934,0.007501594578186902,-0.0029085015111089585,-0.001537565321884768,-0.006860634056906799,0.00015507002423009072,-0.012849736662993856
M4|C00066,0.06066739234944213,0.06823165756524242,-0.0058683394969055,0.028549037591284167,-0.02533388053122807,0.024080693761867854,-0.024688342231445844,0.013832905840728877,-0.0023847236205456605,-0.008953597451660614,0.005556893197670996,0.011953907004269605,-0.012597252788615393,0.0025249460455710544,0.012698599366257307,-0.006611916574709949,0.005175538222554909,-0.011722501126559502,0.008316617609068521,0.0075669808634598115,0.006606032117402147,0.002360717365171684,0.00935861828596755,0.010454453974024643,-0.0009058414816478952,0.0010815882046738578,-0.0065505616813237326,0.00440797551601534,-0.00463640276764341,-0.001335757195764861
M4|C00067,-0.07462416007848079,0.13461725509838277,-0.012285596794081735,-0.03876535016378753,0.020968688069660228,0.011840391809701027,0.010123715580694439,-0.016448805000229837,0.001990747765688039,0.007693746171609637,0.018618235580263497,-0.007354453347893035,-0.0006656512994376066,-0.0003244547423568491,0.007420098430871031,-0.005012630424081618,-0.008645576976383804,0.003447262779256705,-0.0031373794107268757,0.0127812958990036,0.0023723053648982305,-0.005671260952951126,0.006058319340696097,0.011625961146389332,-0.0007487251871943396,0.006477471298676568,0.0032133563072097994,0.004309072775177492,0.0016637409297539049,0.0027543004115119876
M4|C00068,-0.16094177413264085,0.06354403153523983,-0.07267037258997705,-0.010382715635102987,0.006043190724328297,-0.023585913644354015,-0.02206462663826456,0.0074144413123246565,0.037327124737528555,0.009642073688409096,-0.006917776496907842,-0.0027341057534225684,0.0056370546258632795,-0.0066868755466066845,-0.003677644347829129,-0.007528238582881385,-0.0004416165672342104,-0.00929625156314042,-0.004925775395320227,-0.0012534919105795235,-0.002304323954939714,0.009337172253214406,0.00435069634118418,0.005118922427738131,-0.00885037395209461,0.001693030635225036,0.012988198967770441,-0.0003855833982977156,-0.0027385917746543193,0.00014433883267227004
M4|C00069,0.06887461901990417,0.033480886432259764,0.04986105897608363,0.02592161509921385,-0.04995974503795652,0.0035848843469744964,-0.013073290212881864,-0.028180256151646932,-0.015278703339597221,0.0006598395340673293,-0.007970917678858203,-0.013257481338976685,0.0013539522060876943,0.005341657843418667,-0.014246046954290999,-0.006491392669567239,0.006656323226618861,0.003996519378507728,0.006187025368329411,-0.015159012008696909,-0.0023323937493255884,-0.0017427032751178865,-0.007193271662035706,-0.00817406286403536,-0.011776615886214467,-0.0026667545633670374,-7.045297806440923e-05,-0.003579587552601957,0.003562937681317767,0.0018128003163517966
M4|C00070,0.05184169521345412,0.05147714663780045,-0.008252831539266335,-0.008242613042935637,-0.00023328283690692163,0.03433032055666361,0.015086947458843796,0.07075040471072061,0.0003758081090633805,0.009765082496978095,0.014832226229671475,0.009963926409272341,-0.0036246218484290663,-0.004689057373679197,0.015211961290768187,0.011858019933306799,0.0030105592290844427,0.0028436316408621863,-0.0029550441298869016,0.022475388842830447,-0.00501771034451797,0.008033299301227564,-0.003594273015449512,-0.0002186461738673206,0.009149923448014527,0.006927526093082863,-0.006412504144946252,-0.0048941087213553195,-0.01953995249193592,-0.008918722580278747
M4|C00071,0.11913470882414974,-0.025255717368732472,0.06076856173762137,0.01193637567979512,0.020273230259141208,-0.021225044840995026,0.028898981034477238,0.02952259052234948,-0.017383117182091522,0.02987396448211847,0.026953441917477016,0.012988945719921537,0.009205990964849736,-0.007744928534330953,-0.005666441464058493,-0.0019297509050771136,-0.012886390463290067,-0.008189589904328434,-0.009136585297537378,-0.02103617136114262,-0.00429312535862304,-0.008327473066173291,-0.021411055801698966,-0.002901567755509462,-0.010918275212691324,-0.004607704987620184,0.00011204812431063707,0.0020951450786624985,0.0012110857149896918,0.001777767509502507
M4|C00072,-0.05925994490572925,-0.00018581859228410824,0.03552256620126101,-0.03963909819975744,0.06841672967617192,0.040173558363062814,-0.049756275325539855,-0.011426471837360163,0.015849571315747206,-0.0005779217425761863,-0.0015915660695938903,-0.011924143522830695,-0.006067756562920182,0.00940668798974527,-0.015588043999015009,-0.003313401836419849,0.010222366745347492,-0.007630889124321318,-0.004354225204409268,-0.007427380143550566,-0.017594124068644516,-0.014818984650386016,0.00984765398605404,-0.01214267661803237,-0.004500805992656046,0.004186362773771899,-0.009576682919160334,-0.014795057343372824,-0.006725648778918082,-0.006034465233413016
M4|C00073,0.04332259112334337,0.08795359301249836,-0.007076053316254665,-0.008594209818477607,-0.013586716947995292,0.041692043028543894,-0.00591742897757132,-0.027634564230081,-0.0038593495387865755,-0.012674845831101351,0.02013213199116021,0.007046925371545671,-0.013057329971468261,0.004651731055814182,0.003170678170339864,-0.021339738813205656,0.0032589735804148708,0.003941174209532675,0.003452538593700457,-0.0004989996445276469,-0.0007183672654061371,-0.004575556187298316,-0.01318645951327959,0.005447674396475664,0.0013578195951724841,-9.764131526721951e-05,0.0021177433100354782,-0.006508286389045672,-0.00570207431918631,-0.0001221216324492063
M4|C00074,0.11532329656463162,-0.05274344597084227,-0.010922778935585072,-0.05023922697962508,0.010386564818457346,-0.01810197090911653,0.02566918342923214,-0.009308036510143754,-0.035881835206102636,0.01589153070990382,-0.010854485928213786,0.02275955771713257,0.010171291749452931,-0.008653840682846537,0.017329251061163408,-0.007617097262136095,-0.010623147068484044,0.0034815644245400935,-0.005170092925422164,-0.001849184846014903,0.005445640791222373,-0.002976502411376218,-0.008882727215525719,-0.010281101364999446,0.0040514426730484015,0.0005731177655168106,0.0029507295442292277,0.002904026671039024,-0.0018949196586351953,0.004179214146730393
M4|C00075,0.000942170819697677,-0.020683506566640447,0.029181863361419327,-0.01628909472404262,-0.04796803929697771,0.0034309077370563486,-0.008600577652875176,0.007384595974349691,-0.006745886584145988,0.03381753502722358,0.007345178142341268,-0.029107049784440946,-0.0008586107833000755,-0.01883721348674708,-0.0028824803831520754,-0.017725522600938338,0.008483359044751745,0.004006187041590017,0.0063583340079302235,-0.010791435703533508,-0.010161853745530554,-0.0007369353963392225,0.006725028762405281,-0.0036231309864321044,0.008165712369679848,-0.020092644872113475,-0.003778715328942055,0.005929790291804759,0.011350248867936952,-0.0009909903895492188
M4|C00076,-0.0037074155443475743,0.03956609243229181,0.04229868454691129,-0.014001076499174278,-0.028411135527205884,0.01754600559384878,-0.010518888608931139,0.01687909104916421,-0.00796994533534506,0.013467191713263727,-0.013209478343323118,-0.008997584211755212,-0.02351725284744232,0.015041122041009717,0.00030590811052168433,0.001000927776208778,-0.02135561444308388,-0.007664746128887688,0.009667773045139858,0.0023586898298796405,0.014456545252541222,-0.008196897512084774,0.004817197192403569,-0.0012284646648229264,-0.007098686030313033,-0.005329854759896355,-0.003319960232414972,0.005216308736892533,0.005455119038443169,-0.010293089278906334
M4|C00077,-0.0109594077692247,0.052205363105459486,-0.010484806112863605,-0.06538456908987596,-0.002691256789972803,0.008038046472681602,0.0022195533188701347,-0.029863803274186775,-0.03390535102019948,0.017144686564847522,0.021836597578386605,0.0045186808126797765,-0.004010949280544016,-0.013926983847315732,0.0007215553883110282,-0.0031462833866276498,-0.007743297912170924,-0.000437057006239536,-0.006915909379069955,0.008033779922379207,0.0024136733431367164,-0.003328456297025149,0.001200490296373537,-0.0034237046737393994,0.00749726693755474,-0.007892218667616023,0.002459545078910602,-0.005994729986226546,-0.005833633671106948,-0.010313333629044933
M4|C00078,0.1217315435220433,-0.019198000818102533,-0.018214791562176376,-0.03068488059222317,0.018340818130374296,-0.010268009493815816,0.038456036974231174,-0.015217927139600004,-0.004137975725143018,0.00013539960054726008,0.0030574616957065467,0.011429682992644281,0.0157235185181259,-0.010060818069142847,-0.0026421781623065087,0.011371987221041003,-0.0017589848546559236,0.006987516180358213,-0.002646577747841317,-0.00482969754205921,0.008141170023544668,0.008421041879089802,0.009223183009368901,-0.003972763228028652,0.008280058545736033,-0.0014001810150974998,0.0017196184522817104,0.004849084576893826,0.0034010513384120904,0.0004710419360529561
M4|C00079,0.14137682295015153,-0.09159027249045462,-0.013500574167502229,-0.0054088155824523546,0.02188959569775981,-0.057202550598019396,-0.02476528762347741,0.035994731509765454,-0.04777887037103334,-0.04861024164468353,0.0033254382310460716,0.0017779445083595015,0.01016355141539114,0.011679620077234639,0.015742563645685995,-0.011367300692734826,-0.00813645948920312,-0.0068577056916970984,-0.01592010827691706,-0.0024217407489284365,0.01728573199624474,0.012011604173544311,0.010450884063371453,0.013982496244390272,-0.0009485181842006156,0.0024684592610640915,-0.00940251708288783,-0.0029960237847878155,0.014530280018500626,0.01665705892563269
M4|C00080,0.04276336925664349,-0.03249141599517251,-0.030510089877966554,0.008981050371960514,0.01920469320893526,-0.015100346127867023,0.02791117219688915,0.0030344125119377507,0.023167759669897363,0.004500509015057011,-0.010449028897678198,0.01980086721049668,0.010938136682194273,-0.004752640045626023,-0.007627949021389659,0.008451179955320597,0.0003797446218485743,-0.00833728143063976,0.005967420843642793,-0.00968090657006619,-0.0017047087469185965,0.005745780464524035,0.0027395677314857253,0.0051177490057268986,-0.005191427573764209,-0.0007247494682897634,0.0016752214559355406,0.0024722946854944202,0.0037950401937117966,0.001755993348993831
M4|C00081,0.11170410753096525,-0.01750403170995229,-0.0032303034654106674,0.06258092299208232,-0.03311221816764387,-0.004159593245204298,-0.026240732340957636,-0.014775580844949657,0.0165042469432605,-0.034702569651303874,0.005046079770769156,-0.011698142209723672,-0.015091744215979627,0.008299338426435498,0.0010767560381583336,-0.02546488928309828,0.0026975658860861123,-4.807954738551855e-06,0.013401023587892675,0.005644442269091341,-0.014061883236309185,0.0012959749875432406,-0.027357208009850083,0.001669093182133465,-0.0009117858985478877,-0.0001735996499844064,-0.004174158544963151,-0.0025743041293851848,-0.00874265199579132,0.004343648765815574
M4|C00082,-0.07520296711676834,0.0010741553869602122,0.0857688885577331,-0.0007931501683270749,0.03596308578086108,0.00111950279123528,-0.026135507065328172,-0.018874960402478897,-0.00990712377944251,0.051370463134088176,-0.008053324223975603,-0.017075491894398522,0.00794555159042062,-0.005834392245343862,0.007005838541675239,0.006630581563143992,0.024683627474382852,0.014683634584501917,-0.007014974497363164,0.00166562798577317,-0.01230991801744292,0.0064864413675149845,-0.0010443604904901483,0.00015921668371225232,0.0029114729708730703,-0.011709152954726201,-0.005020218488635992,0.0034572646303640494,0.008643205782536002,0.0019678800878637193
M4|C00083,0.10954033159784689,-0.002907065727492101,-0.021990559469336667,0.00692675735152789,-0.014804420628540645,0.012834492499692091,-0.028000327014157597,0.03410907937602342,-0.009535546608485927,-0.028180923070494225,-0.003908333883884071,-0.009735853405472755,-0.0077121060877962345,0.009489554900878092,0.016416852292660603,-0.005704103020971596,0.0014305715465530908,-0.003239364641638348,0.001100175125416349,0.0057796078492362915,0.001569076517719283,0.007221493262415215,-0.0016249612170539884,0.003538489983256439,0.009346454228594737,0.0021973432742842876,-0.008870128709861426,-0.008522364430113592,0.00039248615479252867,0.00520683680227643
M4|C00084,0.10267761183808916,0.009361090842113132,0.041171963382806175,0.008778278939190143,-0.034871127677856543,0.03296785778178076,0.021597535683441003,0.049133229193781706,0.002094124189168754,-0.003083682862102599,0.02540723947545978,0.012923406562409883,0.008194863808188103,-0.009168522907085424,0.00478113097209315,0.012110116773390193,0.013028683769173979,-0.012684194911403802,0.011059617995965382,-0.005175288351250245,0.0012214668192104504,0.008888034098022676,-0.011279068899293051,-0.0017622429620544153,-0.007506847352251256,-0.007439633009423395,0.004316285627673353,0.0008824529664658053,-0.000934918629878789,0.002065144930535881
M4|C00085,0.0008681974536695811,-0.052115624468986245,-0.013201134205684313,-0.027183107826105363,-0.01596429270559221,-0.032536309945671964,-0.0033292629823839124,0.018137426133514364,-0.0025718540988105107,0.010309969180413922,0.009365143799256577,0.0002838565482948858,0.0026614757060519955,0.0015132177467353423,0.004220810542051996,-0.007717698453268361,0.0025077208372298624,0.005515279757506763,0.01157858029452134,0.0006532557972067762,-0.003434441003187095,-0.005398643436692048,-0.0018563898120117807,-0.0006674769365641447,0.0018967094098322468,-0.007284280755815382,0.004696722221093496,-0.0066048741009622864,0.007135702288234703,-0.006558970422769358
M4|C00086,-0.1966584692094146,0.02518970534146885,-0.04043028110539457,0.04210392270393411,0.034326141361574934,-0.03782998888211363,-0.01018675685924112,0.01226426953134446,0.013725756158176235,-0.00015669005778887145,-0.01321875514082149,0.013520805833654437,0.012490699217084273,-0.01926442219940167,0.0042521705503296,0.001831296939607373,-0.0038780644513704836,0.009512678357200304,0.0054498432581194176,0.011158652216032228,-0.0007464139061083261,-0.0029719514391647254,-0.004760084219565927,-0.0024035292858191662,0.0036932722796041107,0.0034858848196875638,0.007704177846412582,-0.0010897056287630308,0.004578964513451258,-0.004986521793611875
M4|C00087,-0.16644416684101052,0.14516273897149992,0.04969329539039208,0.004058825727629037,0.033357514179302945,-0.04650717037889322,0.007532677643661198,-0.004170736830762811,0.01109479105977183,-0.005140427092929379,0.013827429136455686,0.012139969272175024,-0.0036769021264905005,0.0004460092740271134,0.016793606226161013,0.010276979924580177,0.005570023584566151,0.029106905089020287,0.005069187936615136,0.0006296955373471247,-0.002803000088200619,0.00711395823316216,0.007398271568093407,0.0024181810163064832,0.00697655883342249,0.009952024190638438,-0.0051571955543269505,0.007976973080826108,-0.0036171384474911797,-0.008528580216830091
M4|C00088,-0.0653659648090016,0.056296794715861916,-0.04231775754082818,-0.006799475896763579,-0.011425283652733258,-0.01723574315474528,-0.03647802536687594,-0.0013768225329486626,-8.944491378056857e-05,-0.00920571188728005,-0.009391068080813535,-0.012436099911696545,0.0059146982021718,0.0019006531386663744,-0.004209276090405095,-0.0073684269536716095,0.00047065517496858573,0.0025339766121745366,-0.004873289155778141,-0.01337833564272791,-0.007591893386391127,0.011466415627905725,0.0048163337800552364,0.0054335516325392285,0.0006213366554030501,0.005800746315444028,0.013256360407521726,0.008260812495739244,-0.01058056857985626,0.0003925057423123157
M4|C00089,0.14388056149181824,-0.023262428820970606,-0.02491945058419285,-0.011345068285290394,0.011829966487321717,0.008103941657431026,0.03583908940999472,0.006172467778548184,0.010805553998286,0.0019166753611754126,-0.018971040443831574,0.010659536056738332,0.012751610251114587,-0.000568833573493622,0.0035321687096446534,0.004391468407644423,0.0038618063909609665,0.01095649405178976,0.004150893717390147,-0.006821872279576171,-0.002021242564975608,-0.001731703892922974,-0.0024911152212171994,0.0030117191463213647,0.004425934771887104,-0.0059399833456487625,-0.003495214997698987,0.00268734619931586,-0.0003454730592792723,0.0036793279182827524
M4|C00090,0.026791197292465794,-0.006063664211833215,-0.06274084434868214,-0.03101879612054142,0.015041584745707132,0.03758465638908971,0.03203913818965277,-0.007407851261088172,0.002440849164140879,0.006598574559898865,-0.007216422839655887,-0.008693911954171706,0.01140296801266954,-0.015927394068697906,0.010548754581710932,-0.004869482845230856,-0.0051918159560557274,-0.0029672275056740697,-0.003808893427892993,-0.0018153447803246129,0.0042705862992366865,0.005165665530342293,0.007085760093171791,0.0010567288988111612,0.0028357849784719277,-0.002621078555386495,-0.003122317546715149,0.001019381062216734,-0.0006182408882802879,-0.0032796915459995337
M4|C00091,0.08135695902080647,0.014054558643599635,-0.05304613207718276,-0.0400681372454399,0.0023259865405009265,0.010999532705482696,0.006776916202183834,-0.016517426458148698,0.009613154514466614,-0.006040545073747662,-0.01823603216236347,-0.014284780397330023,-0.0022083961243692224,0.0005577277118473116,-0.003069563334764661,-0.00046092806949970687,-0.003073707631462346,0.010849144109897004,-0.005395920929995629,-0.000177652988751085,0.0017318377161274785,-0.0072717002195690494,-0.004808257773035632,-0.010694940786252475,-0.0018845957392737557,0.005225280616381531,0.00030953696552308717,-0.0008202064267919639,-0.003533562258136509,0.0021757518469993097
M4|C00092,-0.04625959430816905,0.06553172874657087,0.008751088652435516,-0.024455752101316886,-0.0041677554520373195,0.0025992244430660927,-0.0015019871098492562,0.025298493819277467,-0.007950702843119432,0.026717462105788754,0.023770545507003256,0.00495421208294281,-0.01030239380126292,-0.005855503560730684,0.016501619083780235,0.0005031706137541326,0.0011607378773241409,0.0028732277425871995,0.000779077494841154,0.010574271622231419,-0.014450652894600157,0.0003424103733569486,0.00078877604297731,-0.002542403324051392,-0.008072436025546179,0.00044376757893302914,0.008233385132545994,0.0013273572956245838,0.005069471811121039,0.004259729318128627
M4|C00093,-0.09984770814272084,0.07767315833268265,-0.05227251880747435,-0.014403990585403379,0.016130048063448598,-0.016055452123338535,-0.01666682012398899,0.005064718659846121,0.013534519291573954,0.006459986350700883,-0.008706030459686808,0.005415250880723803,0.007117669742050544,0.0014691340606048256,0.004150957050271507,-0.004777150365750831,-0.002986779772279204,0.0084320912812886,-0.003840647343140044,0.003606652705698833,0.00045177160239712557,-0.004576786638995096,-0.006171417105962276,3.698253734141187e-05,-0.000507439807022113,0.005744168153377338,0.007086776633208362,-0.0027133729772285983,-0.005698525366717403,-0.0015735218811699931
M4|C00094,-0.16269530719351935,-0.0891633474597726,-0.06978825954442062,0.03120143374621987,0.017031153486289034,-0.007058711837755336,-0.0016713380489417034,0.006808580309934528,-0.008805638197014506,-0.0065744922211674545,-0.0017984735512462905,-0.006391968505393726,0.008668906634701367,-0.04485683335586399,-0.01579650063810682,0.0022829843614829244,0.011680359302380901,-0.0003525932261607477,0.015303699798466954,0.001432192173675988,0.0070548800653713935,-0.019712848887323012,0.008829297103700805,0.012971744672054844,-0.0012519801843625315,0.0034651780188053533,2.3833926900134544e-05,-0.0073626153261051805,0.0003549184669157621,-0.0017581150424154984
M4|C00095,0.07099852421731977,-0.12468076098980226,0.04258764784411738,-0.023822109188361824,0.08743873063706945,0.04321709626685565,-0.04371607434657579,-0.011827920187944976,-0.008145078067421947,0.010680066840172461,-0.007699270448696033,-0.0024795868346439787,0.007602498828451439,0.01527544089551452,0.006549927398793763,0.002419819979886538,0.018299009556293353,0.004950477594569325,0.007125718400422122,0.00028793628423641037,0.0019201814850852293,0.007830015764121923,-3.907857970558675e-06,-0.007560184472039803,-0.006335886295783684,-0.004798525891782745,-0.0009662610794876653,0.016295166087166232,0.012155148218296524,0.005933981502365776
M4|C00096,0.027544055828332983,-0.09298102934848512,0.15311048485233777,0.02231806135377567,0.09400048768843389,0.02586073621942652,-0.06297335781604474,-0.012874740142005497,-1.024425980478498e-05,-0.01187883358937728,-0.006787976420667445,0.0023857063530785573,0.017322347061054656,0.010443667332930572,-0.03621191228881685,-0.03162022307634986,0.0022765380661735777,-0.008790094800056344,-0.004709192728263549,-0.01530843761397116,-0.04527724585030035,-0.013581557763042918,0.02432905562020464,-0.011303398168289834,-0.01045067186228119,0.018854669704926025,-0.009721032118579916,-0.02742245520578516,-0.006346924433613509,-0.015345078512833614
M4|C00097,-0.0009295095667346666,0.019245001735599863,-0.060865384635953965,-0.03299267465296972,-0.0021818903112238363,0.0020235095182179388,-0.025826958947222003,0.028255112419968125,-0.0243352732073418,-0.017196924851563263,-0.0034364597792186325,-0.010246295752181053,0.0046316143255806935,0.008107898642726758,-0.0024093040726839055,0.0042621099475827744,-0.00572921619648684,-0.011572490948758956,0.002737840477712199,-0.002478444861764812,-0.007883449974378847,0.004496533378917473,-0.0065729196897393516,0.0044751237204519855,-0.012439655723995748,-0.0036358397910482344,0.009853436257777732,-0.0007241155484233231,0.0019424676889826286,-0.002077651023435413
M4|C00098,-0.025950064344129005,0.07457540786693515,-0.03445307147956868,-0.03328284908177123,0.01911449373919176,0.008853818328986664,0.011920479151062355,-0.021647132041165935,0.0034601687852506466,0.00564386643963232,-0.004608416590887503,0.0041286561236418585,0.0053943515625871005,-0.0007896782341678224,0.007755670432567784,-0.003821827943595145,-0.008162037637972918,0.003338449123395747,-0.010884707190994696,0.004837264883192133,0.008651196776263461,-0.0024317396051760664,0.004236571521953787,-0.002084407581752027,0.004115461006376125,-0.0028255575445418853,0.0006946199004174396,8.856990635691144e-05,-0.0014556708105934995,0.0020676069126620354
M4|C00099,0.01632642866263186,0.04917985067646056,-0.0443113815806694,-0.03610432890110066,0.0071307247221770445,0.002525770774666825,0.0031212631610944156,-0.006325456006937552,-0.018946576271781063,-0.001132122718245023,-0.006805892572327064,-0.0030276083325717425,0.0140764179495403,0.0007382649227276645,0.01719937508578514,0.003609862785125904,-0.008397718253624797,0.0008650722919384555,0.00560873908650362,0.007871096078589926,-0.0007243063315379098,-0.002143698849015937,-0.007522459825739428,0.0001109329011385247,0.0042414018139692216,0.00797046943578865,-0.0034171737484459974,-0.006008499120070865,0.0017643094652413076,0.009488409607016737
M4|C00100,0.09515445146437748,0.0087242934956103,-0.02953376968399202,-0.012940397090573178,-0.005065461193582273,0.004244427917081918,0.002800800809480011,-9.546248976198054e-05,-0.003991687480671175,-0.009324809523982985,-0.00025961265723995424,0.003225646221631555,0.003510259272067837,0.0033497939931842685,0.004854638561268156,0.0020533194567820437,-0.0020653534337584803,0.005545175911559748,0.00482591649713204,0.004735329978116305,-9.856845059915606e-05,-0.0008643687211338579,-0.006730724486682434,-0.006373338834641806,0.004361088014457594,0.0055555499049822436,0.0009213796668707782,-0.00014162783176245445,0.0009165803377619463,0.006144787422660314
M4|C00101,-0.07684213575892884,0.08561599364802618,-0.036290114193285254,-0.026587824754515984,0.009601487771098503,0.006253361269599172,-0.006228346295105255,-0.017807392153903014,0.0015432319160567465,-0.0055721440526586095,0.008324278677797052,-0.0030791346647025034,-0.011286263534022489,0.0015432567790456995,0.003921326739329315,0.0026435081801133276,-0.005761357570377699,-0.004198056203569053,0.0006863108809715172,-0.005359078265860891,0.005239234040740643,0.0009046731726458992,0.006700468519631163,0.008694550291476482,-0.005630018376819502,-9.554138300815382e-05,-0.0007476939486327682,-0.009877595062331504,-0.0010780629144761418,-0.0019165006870226584
M4|C00102,0.02078569912664468,0.08851407714677643,-0.014861464080945028,-0.0217472208554932,0.002113541824297537,0.027233549667526065,0.00483277156899838,-0.003705225822956169,-0.01457448136929707,0.009528111955406406,0.011230644394259921,0.011760268535509369,-0.007555729132544619,-0.003989981286165387,-0.00043797549524835937,0.01567484347675761,-0.007415260232321888,-0.0022598461479291063,-0.006087595537902097,0.005096596614507998,0.006895299637531211,-0.0035505900709119353,0.009179648333939765,-0.003797386852645049,-0.0019690917319990465,-0.0014942275890736626,0.0042881788943212725,-0.0013520362243386607,-0.005514816289281355,-0.004389847675943523
M4|C00103,-0.11136830701397633,0.07011559472663946,-0.010550000462763698,0.021885062113750974,0.00462732449330268,-0.03385779875485561,-0.028172638763080866,0.020068483418442692,4.851698046995029e-05,0.0033249096349344505,-0.004735698840947956,0.010777671725060946,0.01302844516026801,0.004603877463281576,0.008550209911252013,0.0025044690960332973,-0.00439014564746104,0.012721805067075796,-0.001603561782354246,0.011132204746065574,0.010737849467139734,0.008118773842073566,0.004372103539647075,-0.008812910682432167,-0.0024555371563122516,-0.005733814220430322,0.0036406487328020857,-0.007387814456594296,0.0010733836138864905,0.00718689140368216
M4|C00104,0.019477653401445767,0.06563335789172516,0.053871717848250046,0.025886251091986535,-0.03696728114089853,0.005974673989550249,-0.00843372125383819,-0.014797895824088409,0.010660326925702642,-0.012235483246150824,-0.01592461833147248,-0.013860580432442333,0.012276576037637571,0.0008619588872179241,0.008208388360118911,-0.008289948995487465,0.013158479203087685,0.013107360683339972,-0.0034586592646435256,-0.00940674716897931,0.005643206428788588,0.002062593978869467,-0.0018340625325342906,-0.0008625663574183162,0.005809929743518342,-0.0026308518651471428,-0.004596341998531552,0.0003236354515847859,0.00020021787223520177,-0.0022092423452934147
M4|C00105,0.0357700118132624,-0.11218157231476872,0.024191598693837076,-0.03620871325972144,-0.029236983342928242,-0.06400672867213732,-0.008439202962742335,-0.0042236066718208815,0.020634851086195997,0.057459606639311475,0.02549721503576754,-0.012091749670841324,-0.004711375756118653,-0.024228481793615066,0.006901871778765178,-0.0133125628693973,-0.00032502234137074434,-0.014709237997797386,-0.00984017656196727,0.0025088327025085686,-0.020966754132601826,-0.0025598596416105774,-0.004783902328039811,-0.0023126773916310552,-0.0018977352502030213,-0.0018013150509559835,0.010886483574625523,0.007778297006580513,0.005594226444795944,0.0014723015238289434
M4|C00106,0.0687911809760087,0.006552986566488688,-0.0045733598501968235,-0.004798901725928783,0.025757265950046602,-0.01158350878292929,0.01970704558888478,0.007205337916276749,0.0014219621174389142,0.005471038920916346,0.004365413104946934,0.03031102877778934,0.008599202069942692,0.004137689480130513,0.005133645655340873,0.005320765087367115,-0.0024437559445339633,0.005172968027599758,0.006128727178364149,-0.011694706459294978,-0.005363004076674677,-0.005941476674690742,-0.009147605537128976,0.0030396275578022922,-0.005272905163798763,0.0023580927085190616,0.0012298553697410457,-0.0018645855988849364,0.00048330146054328016,0.009545564600646206
M4|C00107,0.11584347810590236,-0.1314582346054182,0.039118186180375075,-0.018806701165663197,0.0680031929466463,-0.019552267704357383,-0.012988637519758681,-0.007467268993706556,0.004007656668659685,0.009712645860933474,0.006290408305913882,0.005548542509434662,0.010431396524867069,0.0022018776584211315,-0.00543686102363686,0.014503915180074734,0.005203587412290145,-0.005980177123227295,0.004359511715332849,-0.007977186442326478,0.018924292065287594,-0.006835761740118243,-0.013656215779442834,0.015869895848950398,-0.010364421512164112,-0.0003507197647540003,-0.009258108769153148,-0.008929947834638281,-0.02307174000925039,-0.0035221553192603993
M4|C00108,0.09058559254069283,-0.027355421716026517,0.0665463478840811,0.006435347614865513,-0.03312206418833688,-0.01195919963525205,0.00362323936418167,-0.005252901083695395,0.010519186746138724,-0.011244225711004315,0.024586619867459362,0.004565078984670598,-0.003300444913619594,-0.011011722201720756,-0.008915530857239975,0.005861139123502582,-0.004960322935296174,-0.004599384577182354,0.0003879772490941996,0.002355687173577613,0.00034843567074282534,0.0026165569998111934,0.004612246001129154,-0.0035963816783571964,0.009169005702553192,0.002832187511345011,0.007126317117251894,-0.00145353947558684,-0.0015064576946384283,-0.007478853920706209
M4|C00109,0.07200929609056372,-0.0230374117531127,0.049977535233357025,0.007371088702586473,0.045551041381691665,0.037812437688402416,-0.0226620805428173,-0.030501542309636302,-0.02151106091330269,0.0008561713038338305,-0.00902876582100079,0.02136412689473141,0.002671779979934604,0.007476609513577197,0.004158628609208371,0.007966928028128002,0.012502195021231031,-0.006178556630553313,0.0050258331536291445,0.0021402154387825563,-0.012973640871761352,0.0048094248560973185,-0.010037416731670022,-0.010089166877853323,-0.0048346476548258134,-0.008905396456617642,-0.008048860604240562,0.005929267892960065,-0.00046322930586520784,0.004768509869370844
M4|C00110,-0.11454125109458024,-0.01799049355616922,-0.027561325688176673,0.05818866974626596,-0.005149029515849867,-0.023629532147420612,-0.0245520840262395,0.0076388041904318854,-0.013694947135893617,-0.01259612395880184,-0.0066488109652845856,0.011548124791494987,0.028512556003182157,-0.0088170893220703,0.0006285297213680931,-0.01144554002568412,-0.0005712828330760932,0.005249003328029199,0.007625209384092287,0.0008776998706779195,-0.0055735754541915,0.008378916393627195,-0.007355697150057457,-0.008979148997003623,0.005496166736101829,0.005536553254422008,0.0038977622986817026,0.008291928652422963,-0.000789108359351761,-0.013345777641283084
M4|C00111,0.11643008435619456,0.011475447836124184,-0.023992208503728834,-0.0035184547826699847,-0.014973612896675884,0.011892684304982885,0.0008301972162218906,-0.019836291696502195,0.0010586664420585783,-0.011305589210709685,-0.011063200497905556,0.002827733883076149,0.00474499124724819,-0.000826627407535418,0.01050061593834398,0.0002904253686331513,0.002108852477031204,0.0008435162778235816,0.0026846054611071044,0.007304676797289919,0.005642894345873405,-0.0048158131460029376,-0.006401526839574897,-0.007473880990144785,0.0037124313744603264,0.002823449339680767,-0.009226411581057947,0.004463412159833504,-0.0021392748361379024,0.006002053246360825
M4|C00112,0.0054588764146969605,0.06882591343826061,-0.023974282781924202,-0.03893823104423917,0.008949882932342302,0.026014389445164206,0.015467812521807034,-0.013984133481762468,-0.00855951591508211,0.00029890178278984994,0.010868490450570114,0.011388218244340935,0.002407674381471753,-0.0027904544191306004,0.003763935725674483,-0.0014195991613134597,0.002028197782698179,-0.0009277404035011983,0.0060923593178166145,-0.009751516873969527,0.0013734489758422804,-0.006672121416315268,-0.00812740976095401,-0.002572387483969098,-0.009185581994753321,-0.004139224091319668,-0.0055059339660509694,0.0009522320837106076,-0.0034903708329688627,-0.002556068665471059
M4|C00113,0.14293870879921586,-0.047760769116261016,0.052103516784906496,0.030911888652937026,0.011508351036678313,-0.05034676544005219,0.019238969697454464,-0.03247028886236059,0.01116709600091137,-0.009866620255390668,0.014413980750103039,-0.00655900822243413,0.01767172810775186,0.001520993501108065,-0.019461404978430734,-0.007450616588447022,-0.01001139301110435,0.002660084049777105,-0.0023330427986989165,-0.007769139776364841,-0.004925527750037469,0.0025653288123412043,0.0019271403665900803,0.0068382291684397035,-0.009283217895697552,0.007659305132417132,0.009862753292396775,-0.007076690425057835,0.0054930224435085625,0.003788510857009204
M4|C00114,-0.05099826171571527,0.06412265966895245,-0.04717497626833283,0.013693900590494025,-0.012855248020927785,-0.004341820887031474,-0.027517837590113118,0.017463694125691563,0.02542614126270291,0.014331435713194613,-0.004581566737946913,0.003357390857534714,0.0016439920431023103,-0.0018844607672203163,-0.0035976771786613206,0.004514685467110984,-0.0006862357204403965,-0.008865679031443087,0.007705087953979154,0.00024038169361030693,0.004854984231021853,-0.008522909477559775,0.008411158073731528,0.0024771929526655662,0.002521620975234661,0.007425487765956985,0.0005663847134676722,0.0033547795865427267,-0.005782924279413864,-0.0009487190427358307
M4|C00115,-0.05877073212235496,0.008127194769494347,-0.06907185455132209,-0.015786828081138505,-0.011704308996591806,0.002138188440412735,-0.008527141565542195,-0.004581226829857176,0.020409023994052283,-0.003933013114025904,-0.0049576014279349824,-0.016820585659399433,0.00536992107460668,0.0024684502651581945,-0.009170442087186918,0.006078622631780745,-0.0018023420898110587,-0.01739269137653758,0.002533983535038934,-0.008399527522404584,-0.0009690903939624053,0.004786215656514582,0.008013332616216956,0.008515391017397445,-0.012526610779299703,-0.005925518214961828,0.00010000211873653448,0.007229625907485067,-0.0036422902669242282,-0.0003681223372781342
M4|C00116,-0.11391153056040167,0.05756089547633529,-0.03929493143130684,-0.014283808541018498,0.01765938841082852,0.005230748112168239,0.010134387338705805,-0.003278272740981986,0.03171658849816911,0.011480045397452563,0.012377526091423782,-0.001537153868895057,0.006648555313938453,-0.0005518952953874713,0.0020151795200590242,-0.01339077941945871,-0.0038091589774651505,-0.004919028754298273,-0.00416399639542057,-0.0035607313818486535,0.006608577467793981,0.005818816491800283,0.008757408552485581,0.011735324381277465,-0.005396588194081633,-0.003931752361692473,-0.008964152471252616,-0.004498479626014227,0.0015814185990656096,-9.27486816775029e-05
M4|C00117,0.04896313163823645,0.0488958075451515,0.0015062207954341582,0.008113219239072858,0.0015970589026745676,0.019671459973759464,0.0017209678501526877,0.02333921783135256,-0.01800817233031772,1.1806736753837715e-06,-0.0007581121840521817,0.009651335138163296,0.004736662657443587,0.0037059182830764524,0.00535145911478887,0.003045073191031655,0.0010515053221688627,-0.006218665301745531,0.001846193495068331,0.0022200717133101797,0.0022574878985744747,0.0032937454158895522,-0.008262791401671004,-0.0008296768855605357,-0.02529538387526727,-0.0019346491553592685,-3.064264158921982e-05,0.00031768007244742044,-0.006894168564735954,-0.002537936987675057
M4|C00118,0.06178509573554108,0.05451155304755703,-0.007286567084364205,0.01142487771246168,-0.0209092763923809,0.03960417917745407,0.0008234417041707044,0.009773271178171982,0.012496420751937706,0.015097009851815498,0.007123955585970175,-0.005484334991105634,0.010743647642412034,0.00033389694850209314,0.0027550486572848537,-0.01491361297237826,-0.000962856147399097,0.006856303401874904,-0.003353752331003831,0.01012887969946545,0.01888043633734953,-0.00318553423392886,0.006721274965989094,-0.0028863076166525028,0.0030864328520626553,-0.009003130973978701,-0.010866408961570309,0.001870402914869578,-0.0028600285759424918,-0.006370833091017894
M4|C00119,0.10549450279080386,-0.01425251289473898,-0.009735222824115392,-0.005013586345909709,-0.007174707357665479,0.003297462310105992,0.002808719546850143,0.0005496161919191332,0.0055203553062024785,-0.02100745413966813,0.013508497522919027,0.00756331453821936,0.002232332990421577,0.0003977804506557158,0.008851955550708949,-0.011861814933634099,0.006265174105451898,-0.0007743491985372198,0.012984772863666809,-0.004916773279862102,-0.007165280061518221,-0.0034731484782164015,-0.002157333737359813,0.0016267127123207208,-0.009036645850828008,0.006579672030924079,-0.002181227634429596,0.008312878028548082,7.768123319198187e-05,0.001632030098116241
M4|C00120,0.035483102937750775,0.10480395962307218,0.08269382573694499,0.07647813217113104,-0.02521983196073923,0.024615924790124272,-0.01303248104009659,0.04939716517236266,0.0015788988368801297,0.03215093467727181,0.0025173836236947506,-0.016994295157335387,0.013982674087416335,0.003571126267587576,0.010781491414787488,-0.0012115908781379764,-0.0011907107251843709,0.013145622842401875,-0.008513294452598548,0.015367794850284187,0.023866738702972477,-0.0005337365890563622,0.009193274419979788,-0.015081465039224794,-0.02226538143229754,0.000932742251062542,-0.004759330593380453,0.0026518666682952695,0.0022930600248038642,0.005152793984881729
M4|C00121,0.12424818176951499,0.018115380135292843,0.0036482862701812013,0.037130368340629515,-0.02204784518552876,0.032426423080329385,-0.0066283164343101,0.04781353992438753,0.009915831279836074,-0.00021306461571620784,0.0001442730728091161,-0.0037723293880877356,-0.009673107842568586,0.0022487068473844595,0.014706695026066703,-0.0024797752982247687,0.0044704901034708505,0.005614596834097416,0.004833077786211988,0.008510592395730664,-0.0009543081339015858,0.0009754010107599706,8.565215526025883e-05,0.005739654534398675,0.010545312941848815,-0.00021789624736598114,-0.010907017383813843,-0.0032898676053638425,-0.008273838348344435,-0.005086845752109667
M4|C00122,-0.0693083750911286,-0.061873728179201656,-0.010528601508022012,0.012135864301053708,-0.029180555326961732,-0.028377209697704027,-0.02124778157831525,0.005842673341778988,-0.03268898883447811,-8.821619461867898e-05,-0.003126700597814378,-0.012344618267690222,0.016478172877341397,-0.01702769820285489,-0.010958467263182548,-0.004021479489599735,0.0073649446127458055,0.005641682906911869,0.008285288673628736,-0.006696830936791172,0.0034898802096452334,-0.006134181831930874,0.00013785517607546715,-0.0023565986011035043,0.008003314731497473,-0.009393499546884248,-0.003380905738135658,-0.001037829031357513,-0.0016012044482231688,0.0021427693785014738
M4|C00123,-0.0314133388971894,0.009402062274978808,0.03472244004998823,-0.0006645232043563143,-0.03296214833675995,-0.02626439596251549,-0.02297593654550776,-0.006569962581938485,0.008356353578379487,0.020456357539386776,-0.002114365324445608,-0.0017306036480573014,-0.005612336741717558,-0.0011128981065501803,0.029865076252682917,-0.008925646993518126,-0.004552410682514284,-0.004995057918700489,0.007076335205879367,-0.0004865915515436612,-0.002738188904400042,-5.538351414964545e-05,-0.0032979338523303624,0.0036639032565635825,0.0037996623562031305,-0.00035120460060106886,0.006981364627755446,-0.0012609045449367277,0.006099658518358311,-0.003366538140259768
M4|C00124,-0.11239136193752435,0.010737994497611494,0.027588145004014738,-0.009204015895080476,0.04723739653344044,0.030229929013657276,-0.02413055498667754,-0.007897915594086986,0.001986246996930005,-0.006830561200240108,-0.00966502465820468,0.004298524240132641,-0.004093773047365376,-0.004283351818973351,-0.0057107872663077815,-0.010933084689738783,-0.0075476433634992434,-0.002660865817553461,-0.011811776310771202,-0.01302754584070051,-0.029209917391702443,0.0003486287478878231,0.023494550536202186,-0.01978966329542722,-0.0020384089604519613,0.010887824941519927,-0.007925442544948223,-0.01025668239104304,0.0010110442660129653,-0.005176841780548365
M4|C00125,-0.08335490157469015,0.14758854268810048,0.07212027354108162,-0.009928191249413817,0.03507081723357571,-0.012657640421201322,0.024804887208810304,-0.012528080991093949,-0.012592634993091895,5.9906194805389734e-05,0.03184298513708906,-0.019654557245233507,-0.02650335710322178,-0.009030419667643636,0.007128193105269271,0.015259051509814677,-0.003754783381087312,0.024759578989858286,0.0052014906041275575,0.0006721489103179689,-0.009654585889065443,-0.004609652463263535,0.000863783049245791,0.0020667217443156405,0.004780119074319367,0.010178352638004382,-0.005749056663095948,-0.0008830272615670614,0.003759648922108336,-0.0015568349265862476
M4|C00126,-0.14366554708961465,-0.029951640011618926,-0.07176603737103249,0.015113813496736598,0.0031823947624886975,-0.023124488843208474,-0.010105311193458462,0.015311620621473055,0.0036165528854596556,-0.0006370031219797409,-0.0007884527597484556,-0.002384388950104383,0.024699007746043243,-0.00614245808779093,-0.008888302028461331,0.00041914732814034555,0.0035414271251552948,-0.0008689010149198216,0.010882707345101328,0.0038915865479584102,-8.690176969449457e-05,0.0022144368563576686,-0.0012264168446355713,-0.0025675808035377414,-0.0005716635794462107,-0.0073940458564666755,0.0022788181683125732,0.0023162271283368807,-0.004147980691160753,-0.00663991860605298
M4|C00127,0.05599181191246031,-0.016383794511743075,0.002896199648601094,0.02498498846058086,0.00011297283535008335,0.008994267435349852,0.025918269770311905,0.027330032444037318,0.0026774158566605422,0.016265430757092015,-0.0011472747948614995,0.007987607214436221,0.023844212454928914,-0.013105766292858327,-0.014304057205317173,0.009301000765382402,-0.0021065278001028147,0.002702564416777799,0.004196185825706205,-0.0017037668327498498,0.00024626239906892403,0.005565695149632374,0.008934029132260978,0.00022843242803179491,-0.0037998705736819083,-0.009664548200846033,-0.003954061937361833,0.0050218860824038,-0.0015574043851822547,-0.002749786470129651
M4|C00128,-0.19697675601395281,-0.18051303727676002,0.06572141684016733,-0.0013438184469151723,-0.06339877598823339,0.03015963919993135,0.04210762750684455,-0.015501198474476703,-0.001940016643457886,-0.028051878534602073,0.011033498298993631,-0.002006231447307257,-0.012070752124040168,0.06300249167831068,0.019900510500889826,0.014180937257204974,0.006544894597815979,0.008192537826168524,-0.007230631383192099,-0.012351893535189028,0.00366941645345987,0.0047591807643158875,0.012518913345682958,0.005847578587773961,-0.001882172034561022,-0.007362873617464531,0.0081403295144482,-0.009460683154683666,-0.004145655106971192,0.00642866817886176
M4|C00129,0.1190802827265993,-0.014053620240779285,-0.008406631858676496,-0.006629186107442311,0.011297836947082142,-0.011148049909832059,0.022471693150267237,-0.03280883734166494,-0.009361705110090558,0.0022328050142124962,-0.011628002231360934,0.021705472153842137,0.027099093561352167,-0.006311561940317316,-0.008913210126688066,0.005279382769845154,-0.004188941694537845,-0.0005817987037161281,0.0016406564503339053,0.0029538788142791554,-0.0029858504133457066,0.002222818440768113,0.012746484120043698,-0.0007995929992289057,0.0021525643461284554,-0.004933969033505293,0.003297435712021035,0.001980530892676313,-0.0012424955903481904,0.001965299257549151
M4|C00130,-0.1784284676158308,0.05658153268916379,0.00029655860049488975,0.020429090157866515,0.0380499086228046,-0.004612450802677753,0.02352436567668154,-0.009772515633970276,0.03594699786143378,0.006217974396109991,0.007150966795553607,0.007496345357601007,-0.011926966661185649,-0.0049619561188896846,0.01348577879422178,-0.013398653525168221,-0.014623021128948923,-0.009040700778672238,-0.005816786543352659,-0.010371476491612044,0.005206172698384443,0.01254735689961961,0.010853526587583168,0.010812255261695191,-0.003126260787608583,0.0033257480838969947,-0.0031944764865519263,-0.008103918592343875,0.006726212163597722,0.0005601973573712803
M4|C00131,0.11007373059402355,-0.020248955399846634,0.004359367845547585,0.004244517841236352,-0.026441126001250762,-0.0023947324440507524,-0.011635967176905137,0.012039956606096879,0.01103716972228061,0.00613047396595829,0.006179958975707322,-0.0020531512561036604,0.003310252708087189,-0.004270852708068649,0.01698543349008637,-0.009759893246274295,0.0068535988933201425,0.0023416495551514117,0.005464605774675182,-0.0014569637895360283,-0.007124929659061139,0.002413753839367685,-0.0030511267999793817,-0.0025264940331657863,0.01066401007154872,-0.006662459938627052,-0.00019010405829154238,-0.0033640027187165074,0.0052130801477808025,0.003972013497082051
M4|C00132,0.054450030841029805,-0.00390465195704864,0.06831884544881663,0.01705446629346568,0.017651377388502542,0.026921121544538056,-0.02509061102722015,-0.006663287840220963,-0.0017231357512896418,-0.011602065018808252,-0.01904175127827446,-0.003459349488471978,0.004916581721353133,0.008553401409417457,-0.01921794143483075,-0.012913178784577276,-0.004974647478088556,-0.0037074311563064424,-0.008084736110366489,-0.0012305105185453661,-0.025357544914286673,-0.013092353858667225,0.01654526570700182,-0.030190156305127083,-0.01029092868510729,0.0074686854007653325,-0.013013054609425184,-0.015488283301660103,0.010021445748252105,-0.002591205460608704
M4|C00133,-0.18222924943207092,0.011668780355208817,0.03829407771990068,0.028546392564645535,0.032307336468425873,-0.0037473756214361988,0.03168005705681752,-0.0041899199407398275,0.03148163088723854,-0.010313970485611591,-0.019869858672449198,0.011009611422111801,-0.014135887213970542,0.002088471994700937,0.02377985320439815,-0.009636094435774824,-0.0038966723709849623,-0.010085467393639679,-0.018463586078067896,-0.006716635269146521,0.00910294377084118,0.011611679000295706,0.00758303130763949,-0.00688153384720279,0.0053035193807207896,-0.006784690761537697,-0.003990114983438904,-0.0052983739412909,0.0012426696771578058,0.006677577789191679
M4|C00134,-0.10078811689518712,0.03128226268488425,-0.06226414923421846,-0.0035859356369091966,-0.0013362117035204885,-0.0060359973417688385,-0.015324765433632351,0.003805397973522383,0.023730067356282393,0.008379995480342104,-0.0026374127673049696,0.00300801958016186,0.008274116288964442,0.0019483910556919758,-0.013063947890314894,-0.003977795619942659,-0.0028420051350333954,-0.008847662518914015,-0.00016471002567259023,-0.00691443766231422,-0.0016155195444868334,0.0025894714008229173,-0.0021527617859733337,0.002324129334532583,-0.00585425428271958,-0.010640843993769952,-0.005933894744619679,-0.0013796193503835294,-0.005217084024155377,-0.00037246463399188674
M4|C00135,0.06424283639445949,0.03158216456673914,-0.005433987780006478,-0.027858106055060543,0.021309192117689578,0.0074307269812122385,0.031012926380037935,0.004550046473929527,-0.009851586998104971,0.005439742261109397,-0.0006285169004421799,0.0032987813019321995,0.0005964261119360075,-0.005344565575081074,0.010904359447836779,0.004644842771661712,-0.0010912120826414406,0.016597227000291214,0.0017644727060969804,-0.005732873180643408,-0.0039195726242147975,0.0007108012673044039,-0.0030536766304869838,-0.002521092397526318,0.002357625846124573,0.004296076949279329,-0.003105671529032996,-0.00019361346579796823,0.0012937798897890427,0.0011997933701003317
M4|C00136,0.08618266029865873,-0.07036953323921351,0.030395381909781725,-0.02458275640198982,-0.025899839711580195,-0.018626682536485986,-0.002088285092462293,1.2295913722625951e-05,0.0007069876909657063,0.008227602976178128,0.009900955216561693,-0.009894847240999725,-0.010781198793572255,-0.013249456367534301,0.013457768159069572,0.0020423875062117827,-0.009453816596651272,-0.00683468514145042,-0.0032470836762327,-0.0020018964525330175,0.0074753697343024,0.0005020992046181289,0.004664907881540066,-0.012796290393541621,0.002962399424396775,0.006571769172937267,0.0020385294215710128,0.0017419225110840463,0.002951538212465474,-0.008263036392707738
M4|C00137,0.00604952466181722,0.080069828594674,0.0008890475546846156,-0.03236021160955478,0.006932460603223495,0.010772939627873464,0.008577874664210056,-0.024080281130563368,-0.01622159705083869,0.008294527230396751,0.01603945326263003,-0.017349002739334228,-0.005051646105161028,-0.010267793128484153,0.002432006208424588,0.0016930450447510534,-0.006194004021749826,0.004042666478295381,-0.005327255111321069,0.007367461289050107,-0.004999483787089735,0.004336160719829416,0.008534669107483052,0.009834096534626215,0.004170073274359223,-0.0021042620793747034,-0.004486436542954446,-0.00396384852290408,-0.0012546095544584066,-0.0025357805606836996
M4|C00138,-0.10437253797461434,0.006057532015137259,-0.055082506812854405,0.010657838802868391,0.014443940944373061,0.020825416756851105,0.00477664665069116,-0.003853301804137949,0.009098461731211543,0.0007171012676701325,0.006039161879196243,-0.0012993052106644839,0.0011907784677223567,-0.008910690409561021,-0.00397041565902654,-0.009676113605054644,-0.012298965283872913,-0.007403845152853317,-0.006429328978451073,-0.0061273111455412265,-0.004227268194019322,0.003991091675482221,0.0009856555407501421,0.005019232312133712,-0.004673391967818418,-0.005115271416534604,-0.009801399574150688,0.0026780765356980785,-0.0024024672304673376,-0.006078207352800343
M4|C00139,0.008359721352090862,0.014727354926224765,0.012887434142653075,0.05798153315262978,-0.028020963061362827,0.023104917107633047,-0.016659484899979458,0.0036461549464682336,-0.010826992743206077,0.0018793941134162976,-0.0062067089979942905,-0.008928056252275628,-0.00572919913128138,-0.026603502193027897,-0.0014211176897762834,-0.01673400862695216,0.007900380553989512,0.002587157575797631,-0.0020914917612624554,0.003403543560588292,0.008110901516036056,-0.0010129210077569628,0.013006530637635974,0.007130747914298373,0.0020519784868083023,-0.007254892759641042,-0.0022973930055362325,0.0011935295443843868,-0.0025170068758594843,0.013694175045884575
M4|C00140,-0.11594369989747526,0.05156831597572593,-0.04810617862534455,-0.007539919183138338,0.005249422582655069,-0.00807452603748772,-0.01092343187708293,-0.0031975085799803085,0.030025779220368674,0.005709581247462139,0.0015547896984029045,0.00793739207420331,-0.010519460258977624,0.006310330689721646,-0.012266770477154092,0.006065116967197058,0.0015445321777529566,-0.008197977403300152,0.0028812483184947014,-0.01928724454728879,0.008897764372681567,-0.0003575354444056272,0.005089591951633688,0.0066116826566052405,-0.005698922765392249,-0.004654982228338989,0.003087004618877842,-0.008961632197737986,-0.0033322933285150056,-0.0019954475221815003
M4|C00141,0.02422549478992055,0.0731021661624644,0.05471612179117007,0.017690976775926893,0.0046443402871641564,0.013559985759758988,0.015689602754730716,0.011191370060990524,0.003449263433945707,0.012081784012400402,0.010064063148544158,-0.024188639933332083,0.002731631722445762,0.0021819280394367565,-0.015034535830171007,-0.003966118380582416,-0.000954066676544568,0.005144420166919715,-0.0038974460850554568,0.012950832683263478,0.00012520857633387111,-0.0014710324893884312,-0.0008459859128232552,0.0029909535740851984,-0.003474227044580185,0.004037735186078256,0.0040830861146281365,-0.0072521978916047876,0.0005541354695651488,0.0009895825171215105
M4|C00142,0.005760402612816083,-0.12671624150315144,0.022216877092498522,-0.03461384637819926,-0.020397147253682014,-0.045034638209763694,0.010659495739154548,0.029465429151285114,-0.03763121456927899,0.023788359478931407,0.0029433046434268325,-0.0064853137261778005,-0.00841434840428054,-0.0034130331537755047,-0.011850709840467141,0.0074819206216387825,0.012960768549320052,0.00829433724355741,0.0014962414437067195,0.0007809018406608498,0.006802205667546385,0.0018062060504369397,0.005666200120384212,-0.004988727104292844,0.0011277794601253703,-0.010533799843106562,-0.010255896208611988,-0.0053537377494207354,-0.004419315575406685,-0.002546262831231363
M4|C00143,-0.09221714130458002,0.015332869548709,-0.04799389527432618,0.004363274750989819,0.004522235972561003,0.014357437897703147,-0.00024125438970076305,-0.006578452438241729,0.010896119939171134,0.009912888008130604,0.0025876855387280974,8.170906766095702e-05,-0.002103681313976864,-0.008957357886198229,-0.005742067060856526,0.003248386454241736,-0.00425660885089161,-0.004729657939973139,0.001965698451441663,-0.001927476229281408,-0.001688101478462174,-0.008605712093449567,-0.0024895537408035667,0.008101199278089485,-0.0015423731255150808,-0.0004135275877303955,-0.0025881716440742017,0.005098967612968036,0.003538675236530098,0.0001006355453309227
M4|C00144,-8.94375312908583e-05,0.039715948638300365,-0.002945272522116781,0.010697620696197768,-0.004491271230651334,0.0009487923262910213,0.0028875133061079593,0.019761994971171506,-0.0006047659372587056,0.021520223018226665,-0.016431587590604497,-0.008656105462784941,0.03146289657939499,0.005830226681894421,0.008367175542466417,-0.0052779348430372665,-0.0012799901872237432,0.011692291205599262,-0.000629918175847178,-0.005883119523103229,0.0028974236422894734,-0.001580142076880044,-0.0018570799670141016,0.0014472623100485198,0.00555503627063854,0.004152422758059049,0.003912245075224023,-0.0005653974413462663,0.003377543387009567,0.008097831346414156
M4|C00145,0.03033344011015142,-0.04446639156577676,-0.03455852085439167,-0.00022596840976151788,0.022472047577936548,0.01113545122628923,0.027470566152625633,0.010430276362031346,-0.016267793696559223,-0.0070376638045307055,-0.004278266657270519,0.007805134245015549,0.0027651299762839537,-0.025052096582844994,0.008108418020621984,-0.0036474868112370312,0.004661360543070603,-9.86323026206248e-05,0.007993813129490952,-0.010283896436561796,-0.003211328020475215,0.0014001556023758046,0.004066553799596131,0.005135518037011405,-0.005090109596457192,-0.0015762678464257126,-7.626986046046599e-05,0.0004702044417545951,0.0007565672404451466,0.011020377224700529
M4|C00146,0.12772182801015622,0.002357434541048431,-0.007245238948805711,0.008019156770103616,-0.004119127249974426,0.015939641301221854,0.0179411706598868,-0.0017993344084785766,0.0018409801216334473,-0.0030796425942064016,-0.006987735260778758,0.013220314411403209,-0.00013220471605975562,-0.001308472086665607,-0.003204774162216035,0.002479222513741063,0.0016767651945956996,0.005676501004757685,0.006190693671363546,-0.008841482290775544,-0.006358253221578395,-0.006108637185130857,-0.0051330139751503915,-0.0030138250476262375,-0.0047540007650604815,-0.002683913151190125,0.003539442496401983,0.004424291461998598,-0.002903102759786653,-0.0020600340928125047
M4|C00147,-0.014518552577814613,0.022286191148429554,-0.06314898498630592,-0.014332522082851762,-0.014588716018683463,-0.016079078021561086,-0.025084313794090228,-0.0036622631981550672,0.0034394861490802753,-0.0016783772644309032,-0.007012552467980233,-0.00901706969367047,0.019103421780671655,0.005706762716150429,-0.004409648209477743,0.012161102889350434,-0.004787856646675472,-0.009595681010134938,0.006561889984851454,0.012624053893391475,-0.007896967095298201,-0.003779120424028469,-0.0022156438467227394,0.002435661222739961,-0.007339879679037737,-0.006355696683470709,-0.011851362531066655,0.0012640334048114289,0.0020856884261076106,-0.0007305304293433735
M4|C00148,-0.1511771734524844,0.08760303607962255,0.02840399828735215,0.012064490309475201,0.03659353293623771,-0.03032538114529331,0.017181021791519854,0.0034368590868431603,0.026725624608169483,0.003756956866048746,0.009087413131001598,0.007836716130533246,-0.0006156460480399828,0.006694750870009741,0.009753968467256558,0.0022060280714061202,-0.0024055196538666558,0.01016029382926635,0.004427226633696715,0.012870479410177436,0.0002719668252320458,0.003458491330133606,-0.001953940162162543,0.0035819043873998755,-0.00036952565579141065,-0.007209569980333879,-0.005047066881527945,-0.007004605351309644,0.004938931720503743,0.0019300986690026396
M4|C00149,0.07711026897261036,-0.0012306856324145637,-0.03394528382428494,-0.0036152010951949393,-0.0019387245367749769,0.0006690522026428659,-0.00022603473363617472,0.005995277981104988,0.014643476927757963,-0.008337688440715167,-0.00737275245750528,-0.008046181465498669,0.0008073800036210424,0.005746316609587186,0.015457029409009608,0.00047285810378136967,-0.0017132910442927956,-0.0006527269329981676,0.011534757756791046,-0.0033934787175761093,-0.008239862373259852,-0.0043401353581490375,-0.0029761262056670146,0.0037176883912671296,-0.00649504497312801,0.008213757380237408,-0.0026638576381633216,0.0018234102758648593,0.0038043158438378247,-0.00011328885803550684
M4|C00150,0.14086537363052848,-0.05771041913187188,0.01813750265600189,0.013842391619849303,0.012483481647888874,-0.028741174184651764,-0.001068188007909734,0.02177493974983591,0.007091952997725109,-0.015511307205374546,0.01807465691183833,0.003395517779475239,-0.007068238280492459,0.004602645534955095,-0.0073372261294297695,-0.00728563349970092,-0.0077024023436906555,-0.0043651162714198905,-0.007477667997183799,-0.0023052822066570674,-0.002343462715473599,-0.002428535311287695,-0.002431959803207959,0.010456624381006526,-0.0032363366166267282,0.006896440047350982,0.00329076178549932,-0.0018079023751280969,-0.0030950335366388775,-0.00011573938839539172
M4|C00151,0.09475878394691616,-0.06442990935802068,-0.0018149951509883677,-0.046230199128042715,-0.005025962794128525,0.012264996365982784,0.03375244215252136,0.06109426307282203,-0.0005483596388477616,0.011201449741785408,0.020393679764420674,0.014887436930041848,0.019033978468140107,-0.008966983408064122,0.01993462352711697,0.011128101529988653,0.011572201324182083,-0.002854434381226178,0.011390246008331991,-0.020903848435406696,-0.006876569830399338,0.00972989210743046,-0.0033774361286544163,0.0023856232088295477,-0.0013868234273440737,0.004338499395938427,0.004002771121824379,0.009405736288793567,0.006213443324899207,0.009454251102296632
M4|C00152,0.03199415661840084,-0.1870994820475784,0.0963956869205642,-0.02769562690922226,0.14234573434584305,0.049442568198447064,-0.1030578513998644,-0.02536231101033275,0.01723955881488975,0.023620381841999525,0.018273194814314133,-0.016403856714151593,-0.0001407965622327471,0.01138809066605858,0.006371685714927015,0.016410326562108595,0.02778430186480378,-0.012340456041857363,0.013989837044568422,-0.0032415456560318857,0.02912568866719652,-0.0011154779952211346,-0.022509289590190325,0.02304796157278836,-0.004345727309744733,0.013594862202710984,0.008378961099010693,-0.014827438820191515,-0.021673620226425626,-0.011494959608398234
M4|C00153,-0.09846211535475226,0.0915503910102363,0.026046981457682052,0.04350882438234528,0.001588736826162374,-0.01901021417731149,-0.012181785452135817,0.005102632608042318,0.015767663552217284,0.019595540921535516,-0.008780104213351353,0.01678125476547765,0.011571851736168872,0.00253001818810667,0.008820786276258952,0.00013148064424726798,0.004041342224782839,0.016549577645742483,-0.004000737710830704,-0.0018686130544340492,0.012266617528223174,-0.00306097763012008,-0.0014540548756337304,-0.0038763855819829076,0.00045682959203182446,-0.0043810768280308525,-0.0075477457166377195,-0.007921124662899112,-0.0010585354250697546,0.001075512145012136
M4|C00154,-0.11488045172284278,0.07936964858047378,0.02694540202452648,-0.001856580973122752,0.02921218128251426,-0.0044920255373290365,0.01788515428588038,-0.005606596907479004,0.014526406399246017,-0.005821485733740787,0.006410686898709419,-0.010565178413547031,-0.029746243679420217,-0.0006040681132192771,0.00019525567922864574,0.0033890237250721513,-0.004185021932219046,0.005945108310428511,-0.0049972454519471195,-0.01751075136587243,-0.0029885096039681805,0.0036857121500601404,0.00782529831269027,-0.0009475615196195857,-0.002952160923852515,-0.0006380194547849947,-0.00184462963183461,0.0025933077728279197,-0.005549231042695366,-0.005026894535424515
M4|C00155,0.060533879818380064,-0.004317583871378891,-0.005496221436309662,-0.04451437225231136,-0.006375876868517127,-0.008024273704556639,0.017087065746742007,-0.01784272593689066,-0.016071825424857883,0.0253993155096531,0.0031345508422362363,-0.005339320152073652,0.0008781475347176417,-0.015345352569739403,0.008679490684960033,-0.0009854091426558553,0.0013714716603544501,0.0011222904038242021,-0.00612991276256804,0.0015060419977726866,-0.011774720993714974,0.00292164776099227,-0.006240260087206375,-0.01060646952729279,0.00242342781152556,-0.0057293125760130344,0.001240522433832427,0.004486443613380813,0.0035273161310484373,0.002753802542088766
M4|C00156,-0.1980483299748648,-0.05639254165682722,0.027568951997025467,0.009244370880039467,-0.02148573413266897,-0.0006023960683721818,0.03136709253452701,-0.009554967527414774,0.027647092652100146,-0.00977363705240126,-0.02159850705268601,0.018491031756101044,-0.01629238462200467,0.01678691326526596,-0.004171172297755825,-0.006826014665234057,0.023279770674922495,-0.012260387780680476,-0.01655040863108369,-0.023576107010508354,0.011985953832377253,0.020954415672680353,0.013541646734002264,-0.010264976043354827,-0.008605088181729614,0.019062150482866646,0.002931269768914696,-0.002098992535581389,-0.014905200830067423,0.002755829308994905
M4|C00157,-0.052042605404214334,-0.1285703194779198,0.045058575905705146,-0.0723792973207928,-0.048028506657025925,-0.061465562338843864,-0.007854533785704623,0.013819695335281169,-0.04189239954505482,0.03777947032118343,-0.007254046031624958,-0.006621326711426963,-0.020170349060177836,-0.005208813165638859,-0.005950095013871042,-0.019559331538687365,0.02123997955622101,-0.0011479398188551995,0.0025275004377002066,0.006218709827691672,0.0022262415595163264,0.008626804248877091,0.008392945328263427,-0.008867508885094867,-0.00362754794154253,-0.010432545872947013,-0.008989290828424621,-0.003944629764799291,0.0021646284916787056,0.00048336818862896745
M4|C00158,-0.0398177019038851,-0.0007997472451202777,0.004020973157473601,-0.02740468257245269,0.0022440561437991864,-0.026781492807834918,-0.014631522246573332,-0.0008162615269299526,0.0006249708122445597,0.010446164193224316,0.027411695025657032,-0.006214038417773655,-0.008344327560648531,-0.008616446589860877,0.006544155963110041,0.003275442138737983,-0.009035345943046382,-0.00748597724499238,-0.00491359664981586,-0.007854925699686712,0.001588352696686896,-0.009464697359006454,-0.0070703055135125335,-0.008091137681743797,-0.004502281696593844,-0.006427280603284341,-0.0029452920347148004,-0.011021241992282342,-0.009700543158448626,0.0023384164974421095
M4|C00159,-0.008387846020312317,0.05466514227512705,-0.028556639160826923,-0.03769841144916346,0.011704004346695432,0.013367915368431002,0.0008991507582186539,0.012175591837163446,-0.011996880774572451,-0.006132514066146836,0.008814069453812955,-0.0038115609775302654,-0.0067919592934745894,0.005550230910696362,0.004789567966993158,-0.006380876437123612,-0.0016941296873165998,0.00958438741123372,0.0023878810833151244,-0.007920219024025066,-0.006893297019483665,-0.0012178149542554477,-0.004558289632093838,0.0012877806931014641,-0.005191248791646383,-0.0018494530097300469,-0.0006184862629167108,-0.0012931206572319004,-0.0016526697518857649,0.0019796185980810233
M4|C00160,0.10506585298601984,-0.012725278269771028,-0.01869049391196616,-0.0045272869147798085,-0.006500288301753444,0.011063226332563295,0.004303477042671194,0.019513146342626624,0.0033799538335183357,-0.003213066999634554,-0.005641184399597349,0.0035496498277308363,0.013181595059436937,0.0019440754919458365,0.01756114305998319,-0.0016704134038918455,0.005619422971679243,0.007475192824644454,0.009397482591131103,-0.007939561634659907,-0.002280693394380929,0.002854844308276122,0.0056122763023461805,0.002986397763396591,0.007124278697407157,0.0020483798680932174,-0.004398636671626869,0.005275378973317571,0.003782692180833363,0.0019579662647872553
M4|C00161,-0.1250673240209732,0.06004511153018481,-0.026261564657905693,0.011780489404868645,0.01439538577857547,-0.035096474736385094,-0.015453263726059204,0.00640887093700766,0.013197659615548911,0.00042040585963713887,-0.00514915294376722,0.014277819504537517,0.0069911350772351765,-0.0011149543869646663,0.0027856182979072506,0.001836967431690204,0.0010572277195658372,0.011554419095471896,0.0030027769296075485,-0.004769445563133681,-0.0024460365045262363,0.006052246416237527,-0.0019680850653483405,-0.0035300453432263,0.000627534213534586,0.007592348247526002,0.0028659613796830985,0.00569074780544989,-0.009218832302493924,-0.0037752281886287444
M4|C00162,-0.05559542849471153,0.004228877340695039,-0.047819940172821956,-0.04230768587248845,-0.021151718324685684,-0.011836803658626186,-0.021080687580953637,0.005258810595204863,0.004002907101940391,-0.005522374501025575,0.012670308921138773,0.0017520374087688084,0.02003735692773737,0.010852721887411291,-0.026406055760317362,0.005716319026751975,0.008192363531238695,-0.004568027892632677,0.006988840695332829,-0.00209180001023218,0.004256396090434983,-0.000773226697777403,0.004247393692471837,0.0014527679776445424,0.0007914162113462327,-0.011000880467399707,-0.0047922990067732,0.0019568028712498554,0.005089194668785765,0.0043429389704727015
M4|C00163,0.03573265437721966,-0.0190460697834317,-0.054393830023814885,-0.02314353737499541,-0.006295883995769423,-0.0010876354924736868,-0.009957390396707129,-0.007085179837368897,-0.012185859782743638,-0.020872407705026172,-0.017860979614895724,-0.034982684381409626,-0.010082933701427944,0.0007265018660853819,-0.007235742351717032,0.014812453139254058,-0.0054351377386221995,-0.002546558915021924,-0.004395266366552957,-0.002395627986682782,0.002578512588227873,0.0053398558978547134,-0.0022966691259163115,-0.003714143095890177,-0.008446535148741774,-0.0023411421652714784,0.0020256812111467794,-0.0009328751713416361,0.005560583103452057,-0.00601910420019061
M4|C00164,-0.034035645539184915,0.02338245134084891,-0.030902572822636715,-0.04856668082249527,-0.026124025280687007,-0.00761512352093853,-0.014924348796838105,-0.005593526989604745,0.012810851906980886,0.009736982054442855,0.003966978573074636,-0.012911857547177394,-0.00766468436517643,0.004135201310291594,-0.009935735191166618,0.006390929135911135,0.0034300290698524097,-0.009174323153111539,-0.0034915953118916827,-0.017978292677638678,-0.0031082195171334283,-0.003987424950641729,0.0014665780522971855,-0.005198388987340673,-0.0029379626204486015,-0.0069715080965375145,0.0040067235224864155,0.0025209760635968724,-0.0020499962007121263,-0.001067570123976537
M4|C00165,0.07857395689053555,0.023515009668077246,-0.006367831808690118,-0.020306004135853952,0.007329816461867703,0.021948587445926124,0.020704076598905635,0.030481169924975196,-0.0035385819602214443,0.0013878254966139514,0.007368994969238479,0.010027930800749795,0.00011558744391749558,-0.008974023339700248,0.005789164383362701,0.017728887778782017,0.0036197967940546703,0.002883967094495141,0.005606995338363345,-0.000658565655117841,-0.0031805325536312747,0.004055367016994616,0.00889924102678231,0.005312062878952567,0.00351649366465457,0.0001383421153437601,-1.1589059553775926e-06,0.006733712196473175,-0.0027113471652838077,-0.006812102995223531
M4|C00166,0.043832071081291765,0.01571329927879608,-0.049831314728760026,-0.023374770749473466,-0.0144084814550302,0.00921350563648081,-0.01355246735347729,-0.005241915103937628,0.02000988971212161,-0.004241947724645984,0.001639239325625915,-0.020237534711149103,0.004354163901263617,0.006035249736308964,-0.004312006938776999,-0.006352024224651483,-0.0007246251599028475,-0.0063605709184860115,0.004328971595484773,0.006108189690562167,-0.003838827288246552,-0.0022325200961575567,-0.00011044967394402205,0.0025779099854569155,1.6231423810797133e-05,-0.002548668293483751,0.00350057958640882,0.002216854801735183,0.002712193999872749,0.0018222324481277892
M4|C00167,-0.002026827380975661,0.013113212334769302,-0.03420354597746607,-0.003999290505112448,0.005431350347541545,0.015400340395988532,-0.009325882971487795,0.00024694448597672856,0.012379070697491869,-0.0077762965114175015,0.010855800060528458,-0.012701686524231056,-0.00807181255254009,-0.020614311383288737,0.010782321292535979,-0.011424380310411555,0.00416681995050236,-0.002217771165844938,0.00669879858150694,-6.829359535341333e-05,0.00799873741810408,-0.006030182473317011,0.00913347945884248,0.006257448692162484,-0.0018091301405624334,-0.0012913970878172195,0.008857757131900106,-0.012146822210418913,-0.005624233923924176,0.006233948249422817
M4|C00168,0.017883693958386526,0.041478106467254784,-0.007837378551989578,-0.011938820061022615,0.005713088988643541,0.00827460370242601,-0.010610958986618266,0.04202158031941346,-0.043403914442454,-0.012375723424720245,0.012481751716342667,0.011177461197402611,0.005469708127336553,0.007092198618176881,0.007315704230168309,-0.007382896334851211,-0.006178334518621954,0.0035461163478677136,-0.001820751407497381,0.00518595167218616,0.0005630888731298322,0.004353597546376432,-0.004257685146381193,-0.007694980066488498,-0.005046064239656855,0.009008711966138607,-0.00024679458636658755,0.0025539373223858203,-0.005083170546469947,-0.003104648670257661
M4|C00169,-0.01262816248894494,0.07536248393035079,-0.012023281024666236,-0.028348270932427623,0.01478876231337247,0.0074290735813912,0.013194067544152099,-0.004239799693555486,-8.117249123375454e-05,0.006470955586246132,0.005095737688023036,0.006335376589862938,-0.017629904955670978,-0.0007504995876491083,-0.005882363029997818,0.00618416024749881,-0.0036542698487559916,0.017530851749786826,0.00011581729485449593,-0.016016005022770233,-0.000840984493377025,-0.010238120514520858,0.0016161230698013044,3.633623988582049e-05,0.003282047513020168,0.00039763609623527505,0.0010162630539179201,0.0043912763448295655,-0.0029739872974174878,-0.004752174922216133
M4|C00170,-0.12716103003478893,0.05476595435177916,-0.030635528938943637,-0.011978820134085051,-0.0062444639634412725,-0.014528080779633443,-0.004813392162809984,-0.003405178521899801,0.03857453982904384,0.0005192034888663461,-0.004585595006986703,0.017054161603333298,0.005023361559937689,0.010332431311998538,-0.02004962544295524,0.005793473833521861,0.015676402656942385,-0.00574425740759296,0.004140921841531057,-0.013942672333160802,0.011216363203888734,-0.0004299135216045737,0.003767155265916249,0.006020504878191998,-0.003714954832708517,-0.00329777087410122,-0.001612650738920078,0.0008915483852952086,-0.007346308350894916,-0.0022631111274724726
M4|C00171,0.07351677906929385,0.006870682358433214,0.01903018341812383,-0.0006807691486205344,0.023333445226048008,-0.03352262938721268,-0.010875391248916155,-0.005108553565246513,-0.023630755413426397,-0.02670331108708226,0.01833920586096648,0.016818162752304557,-0.005737663914982565,0.0050024565734657555,-0.00043012924635663855,-0.01569614397002952,-0.010222959112831238,0.005024327264065355,-0.006679977751990867,0.0030450454101271585,-0.0007029879078775957,0.003755573982145727,0.008522806187293131,0.007450259144993052,-0.007070433442400439,0.007549546778904124,-9.144537386909024e-07,0.001071204733956167,0.0017487761285555452,0.010880033958567351
M4|C00172,-0.11951724785862076,-0.11691609662871633,0.06573227801625493,-0.007605857952884285,-0.029191221474714743,0.01554251037499543,0.025986868478267637,-0.005527940944265727,-0.012027608253896744,0.0044529002826674035,-0.021541189616574852,0.012923876756605824,-0.021549340130038567,0.023796225035258127,0.002768485960138351,-0.00661113012679611,-0.008551283711170714,-0.00203184522753298,0.007708800300317009,0.002439485863537094,0.006968175142549491,-0.0018019201480882457,0.0014273864598980431,0.007928935944513592,0.007850869231301839,-0.0009733671135610017,-0.0040857450272758266,0.00022846376634597378,0.0036851937071551654,-0.00827716239720878
M4|C00173,-0.09383323038370954,0.004906556142346534,-0.03232538930533973,0.023868489397224284,0.020217752823113135,0.0006373214431765718,0.00361258294971867,7.839698320705821e-05,0.0022014841772861385,0.004801367401973365,-0.002658104277421805,0.005672837717546554,-0.001867997601080255,-0.02315416057799319,-0.01249171296663271,-0.00026776072534395013,-0.0005264949771217928,0.0013136797091343976,0.0005867115069897985,0.0016662655438826573,0.0040552131884492885,-0.008002809458041759,-0.00185765139640753,0.005441268216615165,0.0012847537203618349,0.004204176316197005,0.0002340826386460374,0.0011065133959404733,0.005022031421917794,-4.6089423576310175e-05
M4|C00174,-0.14119104354971504,0.025409379559801503,-0.0022197137897249663,0.02667679324904193,0.024635538486837794,-0.009537571078008124,0.010456580308870431,-0.006011369202253396,0.024497464367325365,-0.0008942803487635954,-0.01271586703246493,0.02183230101032272,-0.011947952242315964,0.0029664131207082,0.008194699063911947,-0.0027194416009686255,-0.0056111026188125105,-0.0032644819389862734,-0.0063150609926577285,-0.011905728401973716,0.005652840748203129,0.012273384782949688,-0.0029606696374569644,-0.006983324329178104,0.00281111668652305,-0.006103362218992261,-0.0012560711330843804,-0.007461627813891528,-0.0024122171282578136,-0.0019462882503040178
M4|C00175,-0.1330572330323831,-0.10863778571506795,0.025486530490156374,0.022849752781746193,-0.027803791965341964,0.026511914603683635,0.031721557652955416,-0.013459284693256721,0.0036793938037522184,-0.006391025564046782,0.005712123589039969,0.005219249697297529,-0.005465183295221592,0.031993947740465024,0.0054434361661604876,0.00206875270892776,-0.0026316492290853173,-0.0009705145870102101,-0.01682587333280951,0.002598611294550344,-0.0048828540537553524,0.006067217117730973,0.001892128914679111,0.00043047634661303873,-0.0012961235959308875,0.011132937751915793,0.0033312375253751144,0.0005792265144061559,-0.0011839427886062655,0.0008999613930126527
M4|C00176,0.011917952382165945,0.07051545196976702,-0.007882714280789791,-0.015402761362753365,-0.005151920051063762,0.005978620681020503,-0.008146309473049328,-0.012128975505519514,-0.007874136489370787,0.0062722973736445324,-0.006418867108551317,-0.0018826162737229832,0.003243650427815951,-0.0009792728793634666,0.014477131762063968,0.006844186658106155,-0.0008031106418531821,-0.0009140882296374423,-0.00600778127310263,0.005136277942391681,-0.0019333605716253376,-0.0034362439613974667,0.0010039174082396437,0.004487713296259474,0.008706104409878785,0.006521361282534736,0.002357194162688731,-0.0018767679985217493,-0.004408590807628582,0.002685674543350827
M4|C00177,0.008714936185517864,0.06835604522271294,-0.017126162408127008,-0.03453583451925094,0.005553534722193115,0.0181871202103019,0.0030277349702239054,-0.01849394806549409,-0.00873634309643887,-0.0007747464424390036,0.007002148446162673,-0.0016834457910216074,-0.009665112305962849,-0.00368967769941209,-0.005839475429092911,-2.6665358201618276e-05,-0.0010418390973499394,0.0016527385393320332,-0.005959553437745112,0.0033605944737072004,0.0035070271541164954,-0.003723567718096694,-0.0016120787492963787,0.0036393695311871983,0.0011616709222431797,0.005002786081575242,0.002974137224469691,-0.004510158313839713,-0.004741982356061752,-0.0006648049242935505
M4|C00178,-0.12977378411171944,-0.01323112128266697,0.11453325941240179,-0.02211528369693141,0.015652470228551388,0.002218349758349979,0.032380965115871595,0.013457532778474106,0.006710446990331086,-0.04021858833596594,-0.0363070514113519,0.007268407133305862,0.0012098751418082323,0.04114371266396317,0.037609369969623864,-0.01414580164311116,-0.003211375060465877,-0.0203203492239641,-0.01917963934501386,0.02196750366691596,-0.012182194448634956,-0.041760474580112956,0.016904285723185565,0.008363897130212615,0.008125402956600107,-0.019513692435838798,0.02659683701102132,0.022456586578052898,-0.01827759310829607,0.0027929313782765314
M4|C00179,0.0683721836708886,0.03319544450038702,0.032174985839121546,0.02858694505544175,-0.009840156641013991,0.0010016146044580197,0.00894453069241076,-0.00899151420445002,0.0025404340628717055,0.011295206906776737,-0.01527110215238757,-0.009919964952100053,0.016897085433754892,-0.001137786749359673,0.005561327892722439,0.004044333915659103,0.0005022703934406676,0.01723670673434261,-0.0035429593608879138,-0.002444341625922645,0.00921895805112725,0.0014927011540070989,0.004383306642197256,-0.0039038075964026387,-0.006178333514328047,7.281972440478821e-05,-0.0031898305615782442,0.002523903511657114,0.0016259183811540576,-0.002019401127933615
M4|C00180,0.0036221025672868302,0.08214964242334136,0.02562870800110113,0.01216794369744267,-0.00960489828506897,0.022226895002443743,-0.005026531715137858,-0.005628557290136298,-0.0024830557403286066,0.00850522749963422,0.005720751090455543,0.0015276208416962814,0.0067240352761789215,-0.0005196011619057177,0.011076327730740358,-0.014782530420544674,0.0005981012171952672,0.00997622882505437,-0.009114589643176976,0.007226062006235137,0.012549974201754096,0.0046508024448433044,0.005925105547925982,0.0055709303516137555,-0.004137106988280759,-0.008960524802104478,-0.003657353235163963,-0.004741726069627521,-0.002303418247290512,-0.0014857216433231527
M4|C00181,0.08877681948444985,-0.023102501277828837,-0.015348052773374067,-0.020164715627037803,0.016406374921933163,0.003551670131287718,0.008487982309909912,0.048732363849932646,-0.02297589881069099,-0.010629341653979028,-0.0005736171844401865,0.012779383857960572,0.002711663712604495,0.007480552284620075,0.017772967372148698,-0.003131159692851373,0.003913327946462989,0.005014675127287803,0.004753854383471379,-0.01730110270117308,-0.007355545450302848,0.00418150525749069,-0.007458235763035612,0.012185875653585698,0.0017368254197947894,0.003046132875045682,-0.0010215727263250863,-0.002788926595359577,0.007887784878677593,0.007205993702071445
M4|C00182,-0.11426249868710572,-0.11915248700891262,0.0017979883583005012,0.01439295520072082,-0.0288950797967832,0.020964241221610162,0.014116589810846625,-0.009758734213743554,-0.011737698160424612,-0.018304903553211172,0.020937088089587587,-0.005888215396731508,-0.00037423213084863786,0.04042980596254065,0.0041926020634385115,0.01945080398391462,0.0078074168980710006,0.01302714653466235,-0.0005545688602906634,-0.0014768990408389185,1.4147450236471585e-05,0.00937386387219063,-0.0032062592085271135,-0.0053364865538874885,0.0029765748443727775,-0.02281208524454215,0.005487934385840359,-0.009984413806559143,-0.001961743678709487,0.007655245903161139
M4|C00183,-0.07563499825058385,0.012654383751778277,-0.049086987519544115,0.004676580876347993,0.00035459881679874016,-0.024102366015941717,-0.012724520354612669,0.012518021592744033,0.01181019202178449,0.011734966571002144,-0.0026020068628022286,0.00902732089199377,0.025755133978788036,-0.0009230846118967106,-0.014838326417026055,0.0014699862107272232,0.002233434971022128,-0.0023546009145424306,0.009706195987735963,0.012064909133050597,-0.004401885416710815,-0.006200107685889989,-0.0052532623532975066,-0.0003223503446674088,0.0030248203601662377,0.00025111038266943816,-0.0023043502269276947,-0.000645014613450137,-0.00021581192097231365,0.004599164586894568
M4|C00184,0.04002245663200942,-0.0014855067763089231,-0.03629179581518806,-0.03016688342872511,0.007727912306736949,-0.015555917476693212,-0.01085466250440492,0.01192327667272227,-0.03545921054285212,-0.02086309700337407,-0.01436970312125419,0.00020814858288438053,0.008068764826441758,0.007585702049652723,0.0019528047477253762,-0.007246643293654374,-0.0026912063690169947,0.011644644582656166,-0.0034736966055447993,-0.000698784072727099,-6.207498905018111e-05,0.007790772487333782,-0.0037432357259789993,-0.007935359763518692,0.003325813569459183,0.006749710049193868,0.0030029263022075593,0.0056770583588378835,-0.003923963001450853,0.005021608171728307
M4|C00185,-0.03429485435219473,-0.14902551215161158,0.08598200047881825,-0.016273838896281714,0.12519086517116695,0.07700925467324163,-0.07819226293970703,-0.023872718672358247,-0.005706019537051363,0.0316909152321168,-0.0006781062903273462,-0.005542901638374005,0.0004570213950040934,0.022652256216907724,-0.007696324557039506,0.015565398330424774,0.028719769613122177,0.004484413420112814,-0.0015448671881463504,0.0006906494371071631,-0.0008676486693903614,0.004812160235874425,0.003517971848113927,-0.016319681370396175,0.009660388507759722,-0.0171017257701218,-0.0020398274864013473,0.019155957847102247,0.02214458819365703,0.007511782490687722
M4|C00186,0.09153671474703903,-0.021855291486342254,-0.015901932600965688,-0.02630988501024819,0.016307809082733448,0.016813380289406606,0.02778482350184084,0.03804965673740286,0.0007245141112316495,0.011135693702806482,-0.002291391927094092,0.012148744776372247,0.012015304683977757,0.00032432722407181407,0.014800059520195603,0.00051318018447178,0.0010097098144400448,0.008453378269013509,0.011057727544614062,-0.016960076271402603,-0.006198180669374045,0.0017528858484266822,-0.0021670496577118037,0.004147568589643556,0.005843583843044355,0.0046923960691293495,0.0010715406757537277,0.0018314962186128387,0.002361806002973381,0.003419397546524898
M4|C00187,0.06327047258364846,-0.10195170700175883,0.00964788406301798,-0.008729347993691185,0.029064529371627856,-0.07459352285966304,-0.0175478343011615,0.008173462211984958,-0.03828464560536443,-0.01776836685703059,0.022324777270616738,-0.011725061456257251,0.00840683002071384,0.0040969402863629874,0.0050245254847204384,0.00329569550121575,-0.017039681714150504,-0.009359602634133319,-0.013956455952613757,-0.016661051975916098,0.027719690055837777,-0.016635112893138168,-0.0037279146162561695,-0.004014723307395516,-0.000270150427925784,-0.006490099468820786,-0.017124007590622815,-0.010075889032567465,-0.008408357623607886,-0.004243991102099067
M4|C00188,-0.03164562704778023,0.013064813175659704,-0.044699099505111244,-0.01350517290620918,0.0025967650871074844,-0.011866520253413696,-0.013658852697373337,0.010942944748940793,-0.009633673465596642,-0.011188062576754941,-0.008543786221857,-0.011931529571871163,0.0040801711384755015,0.0013599593665819935,-0.009234546658088491,-0.00028742188677793423,-0.005941281494016943,0.0070901030059203245,-0.0015766628335268603,0.001848315666135463,-0.0039952006948401585,0.004534889219868251,-0.001546173915466008,-0.004492387628704342,-0.0009029839942065677,0.00046644824073859654,0.0111673705703373,0.006276469521199988,-0.0006649169312372633,-0.00973936440747798
M4|C00189,0.12363243362371053,-0.004794512903446281,0.01351476684329741,0.03225440440015575,-0.021140960453409872,0.010900147602236614,-0.008011077169687792,0.014311748199897684,0.024395070785070083,-0.01272981644288558,0.020230825191215197,-0.005956347074330529,-0.01573614343477313,-0.0010516510940275937,-0.01956004184926971,-0.007432089576768212,-0.0043172918595538535,0.0076556748346607,0.003511863187331838,0.002717137748673544,0.0036093200179099882,-0.002739115369206124,0.0024295915115475878,-0.0035984460753989574,0.011096348526006536,-0.0033201871034314974,0.007427910588170983,-0.0008065590322627178,0.0008385488198662012,-0.0016453026339209658
M4|C00190,-0.0953576427101877,0.08033552239676084,0.0061034294711055925,0.006929481310825507,0.017458881321563504,-0.038591802963330916,-0.00924394807857147,0.004721509014918857,0.012795878552012752,0.005488946110491461,-0.0017596457411347252,0.016858489763343545,-0.0006063141270408061,-0.00031006439807780605,0.006395466290773635,0.009076258217889056,0.004511634305091685,0.021439223437395898,0.0002363710386442376,0.0029429003645935485,0.0017102853478414045,0.0006342347202365892,0.0002828628185354194,-0.0022110679485687393,0.005275034817882911,0.006837656474618143,0.006670675438199018,0.00028403346618634603,-0.005167966315256085,-0.004395604216206838
M4|C00191,-0.0396467170135896,-0.016014628509317244,-0.01315900130388141,0.02231446632635525,0.014628093178913072,0.02809224009695531,0.019223112696104338,0.018263643902413793,-0.016889992439977585,0.0029960353505391548,0.005952471367522751,0.016708017461073924,0.0013539142859605765,-0.00701038636722326,0.004681363967105848,-0.008536753865709084,-0.006446576113615995,-0.008419815090299673,0.005068077704559949,-0.004675359836248842,-0.009458613032202396,0.0012584150389895459,-0.01960549892001091,0.0012022915379153907,-0.006793307313125173,0.003126757188672315,-0.0018752528949295857,0.005154531292890195,-0.002571567803695766,0.0017869853591935619
M4|C00192,0.060769205897946224,-0.05881604797852379,0.04284583772445364,-0.02878249789533496,-0.02173666943970826,-0.021564479297986536,0.01662802324551782,0.0045672342421610446,-0.0018770334484069964,0.016309902713485785,0.0014383911021098894,0.010573495002718682,-0.0010198575010011085,-0.012372000928193372,0.01055186735803464,0.007966952812737455,0.0012584638487716808,-0.008747205057263582,-0.002385738392294407,-0.005499919046735501,-0.0036404973753628375,0.0014542107154775134,-0.005466956139207027,-0.013248446564790505,-0.003528138807915961,-0.003618263603830209,-0.0011395633448418826,-0.006070719383016927,-0.008839019293266772,0.003064988395604138
M4|C00193,-0.09553935805137337,-0.014099403367806504,0.04203292218084426,-0.029143117449475762,-0.017806457081396623,-0.032094747268948925,0.004393980556558931,0.0024233206031335766,0.00958127340288691,0.03430458148796571,-0.011441683246466973,0.009095006248216337,-0.02709935635653389,-0.004924887904153138,0.0022349287828643976,-0.004178351487503588,0.015646626214917213,0.005563800291942873,0.0005588663295188315,0.009057191958998125,-0.004495601698200063,0.004288503526221712,0.002573815725231004,0.0005069077391633138,-0.006233114395597449,-0.005742191879135282,0.001651307677725837,-0.010432274468681956,0.0061306504367818725,0.004122721533766209
M4|C00194,-0.05203129630227904,0.022813813275978305,-0.017854859653443897,-0.0017727177252139985,0.015414500846935837,-0.03713455694867465,-0.018245129895845504,0.010555087867855873,-0.00952267566506381,-0.0017430247804778515,0.00047072615180047674,0.007573379410975039,0.013757524383052373,0.009231977001411089,0.0024154847428330935,0.004847278710070875,-0.004922804252376568,0.003807198302348053,0.00257358152602552,0.018348690472337763,-0.0001303438609693811,0.0023634458337108187,-0.00917216375105404,-0.0030748502425393975,0.0025698424053959552,-0.00606710522216382,-0.004875768789886714,-0.011596059870123144,0.007425610374525889,0.0062169622553365144
M4|C00195,-0.019118180039760277,0.05304069170849557,-0.03180451405479765,-0.03314640176444004,0.0060180013823853,0.011500458961806247,-0.004775060769810501,-0.0002753362705493898,0.00813214557757243,0.00015261305570465723,0.005743973595212209,-0.017795967892429456,-0.014845223029880762,0.005070968991773405,-0.011224543111034173,-0.0014474355227325152,-0.007895645925892297,0.003713636487020774,-0.0026536784880060913,-0.012313193025581584,-0.0020164003695191278,-0.006837257563736603,0.005289077284639234,0.006896726926707524,-0.0018864194687829047,-0.008033240968661905,0.002081951678233967,0.0052522621980973,0.0027227808350482317,-0.005453257663672227
M4|C00196,-0.11034859933046,-0.10958011736925581,-0.022906594004152302,0.037686057682079215,-0.01073183621959043,0.028635514287064266,0.018083746517068205,-0.01398328441810785,-0.008954427364820253,-0.002554322652442125,0.021411451761601714,-0.004858094961867933,0.00890427227018229,0.026597312336682166,-0.00168437557335711,-0.001019596021415549,-0.009502267719093755,0.003258415803442824,-0.01323154631976346,-0.004129750660514594,-0.007341388991206385,0.01481972157032567,0.004220296579802498,0.00037636857645725354,0.003221358093753654,0.010262116840661112,0.002914358957011724,0.0038106841245586073,-0.0022780432577451104,-0.005154449182215383
M4|C00197,0.049548281863819675,-0.030108235066750023,-0.004909915326405296,0.04185929078723939,-0.007125734654597879,0.019815730235456446,0.0029660119739312427,0.0017991372580058614,-0.0007752484697387992,-0.015848888470128993,0.0077107034539915225,-0.010924182990174695,-0.00939787950984002,-0.03390556125184573,0.02008384932908362,-0.001995664174443126,0.004450481347439039,-0.009239880636324476,0.011188104139144821,0.001747254269605356,0.003548534988163535,-0.004103557849022546,0.009825529124193547,0.0042683785944473375,-0.004326829020911486,0.005062035931963312,0.0019283882236895103,-0.009182158781151186,-0.012932667699027062,0.006332196412877659
M4|C00198,-0.14334135798594455,-0.047785941244029115,-0.026871704696687034,0.05611314953087634,0.022861927703401883,0.012613639778724966,0.015272309717824303,-0.0023800766768904964,0.007171139863828187,0.0023234202232964127,-0.004362820052811844,0.009544934926911485,-0.0011429520617241456,-0.014584517787158729,0.003478262884513019,-0.006634525903582611,-0.013404146354499368,-0.013880059544572538,-0.005404963417895004,0.0030731184340662783,-0.005191568523787606,0.010230963150594671,-0.015306221601830565,-0.0029835367148103877,1.8265598301215648e-05,-0.00043838130401088987,-0.008435914696152095,0.008574840322830414,0.0011805633935037163,-0.0016108986512105242
M4|C00199,-0.13893740268793567,-0.12802999383477162,0.0730507177541018,-0.011893520315279951,-0.0432963305759255,-0.0008202804305078053,0.02881295199825378,-0.008396282468508204,-0.020548550972353516,0.010781017009782831,-0.026777763961704545,0.01704747607220383,-0.02619968998011745,0.02215040619070322,-0.009671743260595835,0.0017126623721731291,0.009725669331105665,0.0071583552621196055,0.008820531686642529,0.0021222111994761224,0.017561350223394383,-0.004450671134151922,-0.0003869980192018248,0.0013370524016793482,-0.0011307599873889185,0.0020963138392224292,-0.011090870788969297,-0.00560326251722,-0.0023823192983918814,-0.0057023649882723005
M4|C00200,-0.1369035926018791,-0.10397826054549933,-0.015647365437974858,0.0488458277312611,-0.013344006244399279,0.022657456230664043,0.022979535997361255,-0.009910185966836425,0.0009730167518477153,0.009952158026549356,0.010985501850146845,0.00791031148852812,0.011993201865476307,0.015889709603904435,-0.0039891263756336726,0.002863375617077154,-0.009433623542130723,0.0016691845942024054,-0.011162204582959802,0.00681637437650245,-0.010314432524118474,-0.0009994954060186594,0.0014333689059448907,0.00017048179721395237,-0.0005680894808033083,0.012637533658273366,-0.007853074626343843,0.0055379463368861554,-0.004352783832625789,0.006639773412905029
M4|C00201,-0.08296666468547184,0.03405120531148068,0.06603786456217785,-0.046999267927625564,-0.020139107893662526,-0.0006999926128124995,0.02187592454934467,-0.004796204523902472,0.009661593335877617,-0.025211377287408958,0.005283860868311574,0.011718980975412161,0.004278613951861376,-0.0043604725973700855,-0.005001445140901229,0.0022219188580449105,0.01997158434277227,-0.004906788831428956,-0.009296968280851694,0.008615965685156175,0.0041600158191631605,0.007217385928007807,-0.0012223831304725647,0.00573399197859673,-0.003911959024656753,0.0005227013810415585,-0.005240912867408693,-0.005923512621095417,0.001539909214949837,0.005594339191382946
M4|C00202,-0.009230454144927507,-0.020153916551850146,-0.05719445572623375,-0.02925482012231956,-0.008738202946624491,-0.024814513887796496,-0.02347578706838002,0.015226597653058437,-0.014252001660046722,-0.013493031986602696,-0.005154657179717935,-0.025024574862065208,0.011625105450302074,0.014131888089580871,-0.013044676538975085,-0.003288795841486545,-0.0058898902092557855,-0.00040090901832919734,0.0031474256538739287,-0.0037541557884388467,-0.0034057835082584283,0.011698502580657324,-0.0018043988061709087,-0.002223604677284202,0.00011783775137458403,-0.00457069786543142,0.0031451265815704947,0.0059265729232223915,0.0002443450083554188,0.004847838704797094
M4|C00203,-0.06260707068551874,0.06977143380817605,-0.001964201732892143,-0.017071621319656494,0.010583837111715098,-0.007394831437279866,0.0007111282306536432,-0.0011490708720408673,0.012876961706387509,-0.0009759483623141134,0.0055362323184497955,0.0029062215313689177,-0.008229736728321578,0.007881040338428706,-0.005336478410167896,0.003499616017543949,-0.0010400752518722875,0.010313961683891709,-0.0033331621102474073,-0.0013710697428197178,0.001367415935317933,-0.002167459383137685,0.0022283574191973247,0.003411927098293372,0.001586296961343472,-0.006801354431864588,0.0005314140057869765,-0.0004275367371608648,0.002303339539735091,-0.0008702491875893007
M4|C00204,-0.09580726367319965,0.02407527594129742,-0.030785540440642387,0.004558254020549089,0.00592874692215851,-0.022715266565805897,-0.00869643390319021,0.0067675616157629615,0.015388279983174923,0.006700589658136764,-0.0026235241003726745,0.015510215078434742,0.014750694590384871,0.0007810326392576854,-0.008416116487720933,0.0017979766228628498,0.004607564301026452,0.0008366039428295281,0.006236141023495597,0.005285724174588427,0.0009036081450824027,-0.0031806818031506314,-0.00202717375783668,-0.0013993741065452695,0.00044167761397529684,-0.006645799412202202,-0.007307822247935221,-0.006410891830492927,-0.0018465082183487856,0.0020581307400574555
M4|C00205,-0.11652978508249984,0.026512527991917216,-0.014870915801386043,0.019782170969100652,0.02543179368035008,-0.013092965316526166,0.0007278135513130892,0.0030422421558389296,0.019393186388781233,0.0012638678294096724,-0.013160599528556815,0.005649312349922197,-0.014062571102014436,1.5737076634557775e-05,0.008395586742397263,0.00293934066055586,-0.008153268266334774,-0.0035374270326587417,0.00016639450139420046,-0.003563522459477043,0.0028232399243884017,0.004552796023385777,-0.0039569586056891325,-0.005456319086459955,0.0005296005473060662,-0.012331250168104156,0.004085369130863714,-0.010561005601629942,0.0021238727427856847,0.0015616284090404244
M4|C00206,0.022942858629034873,0.018025360260512588,-0.031036255281210335,-0.02948963255524593,0.00018518482506815444,0.008244185685080287,0.0009466605811323441,-0.02047062204078322,-0.0021633535811551832,-0.007037104932721862,0.007785270854319272,-0.0020149391941319634,0.013245290477566575,0.0034767572253761423,0.003857474697541193,0.0017672115939700464,-0.0038104182949426565,-0.0071859842248753955,0.0016274898530760178,0.0064485983974716865,0.006282072433515582,0.008337539508776802,0.009270453006375553,0.006878136448514947,-0.004789897005041526,-0.007826095937897832,-0.006553001822200467,0.0018066905309329147,0.0009973926261244938,-0.0031570597799983075
M4|C00207,0.1028094197280348,-0.02559075206350146,-0.0029865569609024622,-0.005551956046657642,0.00805214715607607,-0.029142076228688172,-0.011499404278244856,-0.016386873881040827,-0.015675559253838373,-0.027864827447523822,-0.007375470213016712,-0.0037273865220529396,-0.0011817543476859676,0.003883127550859166,-0.0025782233976985275,0.0010220859914351554,-0.007665042741148682,-0.009651741814309101,-0.011236110727759735,0.00015024019323297286,0.004996363167043391,0.0007733244307783522,-0.004545856479448782,-0.00022448856807881908,-0.010176757344079182,0.006701294911163734,-0.004345678270389604,-0.006883208083518062,0.0024449855394509065,0.004030229499755112
M4|C00208,-0.0854077637263569,-0.1273463720347593,0.12760500306726077,-0.07460715580825687,-0.05353607608762917,-0.033078623850476205,0.012116747436870655,0.008235321573578862,-0.02843552403929431,0.046285580889583136,-0.050970382778637614,0.009583909700526217,-0.06087194378323357,-0.005160251214804908,0.008667241687787397,-0.02106505231709651,0.004413585707115163,-0.006909148042348751,0.028087615418960828,0.008530649296566694,-0.0014128511750812732,0.007556325730811791,0.009709708661654298,0.008187338772292416,-0.01221295610147179,0.002486392764182473,0.006689177332559137,-0.008814868475183254,0.018216690492598553,-0.014261675697499214
M4|C00209,-0.12705322827343735,-0.11912667047153201,0.026456837802012946,0.004235719643068937,-0.024021483211418893,-0.00044662238646286267,0.02995205166945,0.003381180436365528,-0.019367039369690805,0.01580517975439392,-0.025142992190576363,6.333350204361953e-05,-0.026707451856223665,0.002935486553913932,-0.016422373437357664,-0.008104651115121236,0.004379090483305459,-0.0003853371344736526,0.009005450622597253,-0.006404097522707295,0.010884896107010244,-0.00222109656533546,-0.0012141380407247084,-0.00029144663875368466,-0.004753915997923362,0.006997645734703972,-0.01235792153098827,0.003364743208048455,-0.010242267358626532,0.00010504353320174685
M4|C00210,0.014411814543332863,-0.11017944588916191,0.050748733020186315,-0.04636174543792523,0.04023738679617713,0.015173568517165252,-0.03926714580414095,-0.01816929744354151,-0.0041528690025397575,0.04445344785823982,0.011258530451926277,-0.014577070043928005,-0.002112081726264939,-0.003487970087748793,0.0106332249996165,0.0034646945718682758,0.018666477064930395,-0.008378447681870396,-0.005283891646176418,0.006513571038127954,-0.008462552865972668,0.008431042311953163,0.0005392454837025919,-0.008841078019673456,0.002919710660466045,-0.014264428127010375,0.0074522622976920415,0.014882433667057292,0.01060684552820602,0.004357907836258107
M4|C00211,0.03783587407819036,0.030163047066241788,-0.008116222098902483,-0.009510000662647998,-0.026003033196642517,-0.008108281438593799,-0.022438777693604205,-0.02595702742469454,-0.005729836985163501,-0.02042631299127122,-0.010943025681671102,-0.007304429142969416,-0.00423475191692924,-0.0026834900369259707,0.007901414772694616,0.033588754360030774,0.007047483468258637,-0.019876355440774953,0.003969646272762351,-0.002509523333724439,-0.00634179356120002,0.013916432405369246,-0.0025314446692047943,-0.0026439384631803168,1.888646252677939e-05,-0.0032326444382346875,-0.002388002274749898,0.002006598167621223,-0.00638747514297145,0.0006226685947557102
M4|C00212,-0.13120739022846603,-0.05667860550663273,-0.04121152834710542,0.05567591133192578,0.02957188849359162,0.015069463538508897,0.0153637602891969,0.0006499018273186869,-0.007626852110964121,-0.0064999785425001975,-0.011550742496165242,-0.0031800576583980535,-0.015698900812501648,-0.03370468205197399,-0.005622019323742471,-0.00029470516079877754,-0.009034707594448814,-0.002852519658026382,-0.001795935130731569,0.0070767785133790916,0.003354751936271032,0.005954343125011923,-0.016266345045803255,0.0013216822749895377,0.0038343218708833528,0.0005510258874172071,0.0018993702657771675,0.01105255981919827,0.009989302823743976,-0.0025083037063622186
M4|C00213,0.02327081173780296,-0.05853011270915043,0.0019615125316103112,-0.019483224993649614,0.04753953645690999,0.005420817031001545,-0.03820788491990788,-0.0014710147445097894,0.017267969493551957,0.011410154340536455,0.014461713254605204,-0.015502470277935759,-0.001460139334751888,0.012745231622604115,-0.007531406418049727,-0.005049536974497819,0.0077863637565897354,-0.009928501419007967,0.00513205042860691,-0.006330210292982711,0.013605620331802359,-0.00757588369990553,-0.010101853140629951,0.01767525161053211,-0.00450041219240089,0.006256737007589588,0.009180252441339517,-0.003370518808733181,-0.012068997564322679,-0.0036697661220600475
M4|C00214,-0.10680917745488033,0.045453603165099006,-0.012776035835759914,0.010632375617870633,0.013810069078908471,-0.019712071817392304,-0.002740684553649637,0.0003115565622359239,0.023109817183110167,0.010607947230516855,-0.009007730081949956,0.016813246618931358,-0.0032746334974979004,0.0007674253346354495,-0.0014920818591325738,0.003536851592972002,0.0006350330825567958,0.0016695985920002594,-0.0010078758344526037,-0.007448204961411369,0.007156220658825725,0.00295053381150259,-0.00343133598049593,-0.00015473626404231394,0.002113951416181206,0.002726038331913048,0.001528029028385718,-0.005914301420731575,-6.349418685213343e-05,0.0009590688215560711
M4|C00215,-0.0490730808736895,0.040402810997729716,-0.04574726557923062,-0.01578158010030891,0.002155709942665499,0.008205857800588958,-0.007587040482998115,-0.0025978640308913304,0.017997786831436956,0.008768202781835913,0.001375300458915589,-0.00010827980066966474,0.0013241097626834131,0.0031699480411950145,-0.011117006592252779,-0.0030996110659578047,-0.0038782379608987513,-0.005618686884593165,0.001437960445809011,-0.006361371928955135,0.0027224118153108064,-0.005147700600236426,0.0023157244651025527,0.005728602539586178,-0.00018569221120479576,-0.0023073495465182822,-0.00040561070648427656,0.0010711250733825657,0.0005284983620866291,0.0005247520728626695
M4|C00216,-0.023439674504928523,0.05178987774880848,-0.042649450607662565,-0.02892039727286495,-0.0027328713892650594,0.011374231500542393,-0.010671952231536188,9.39691871496305e-05,0.010163989959374313,1.8795059984742375e-05,0.00257591434656673,-0.007144543373206307,-0.005885192686845894,0.006531357308836773,-0.01729197167823853,-0.0003537930023156153,-0.0014023024261655302,0.0006997603877749746,-0.005126158974503831,-0.008114698285252936,0.0001721509746666075,-0.005557218710988827,0.0002137266336325926,0.0035548532969092925,-0.002936438207213312,-0.008094239840318419,0.0029852821809719537,0.005116435957757146,-0.005673065851562418,-0.002427631240022274
M4|C00217,-0.03553411643930739,0.04301709322446778,0.010773906867731211,0.038940125410312665,-0.013348277006780642,-0.021214539055501642,-0.022024927878433808,-0.013376649612899083,0.003226326354608128,-0.007297683373367322,-0.01046401086814007,0.013321447422545934,0.012645652938462527,0.0019377700691177824,0.01455442460575632,0.0014221789774606286,0.00609419732818055,0.0067224516953746675,0.006459368985157793,0.008040502004660879,-0.004025059271518425,-0.0020558748928643108,-0.007100680974289069,-0.00103695390911419,0.005443726342893087,-0.00577320154653328,-0.0040758115723616775,0.0004234902967075739,-0.00172400521806056,-0.012326954887288164
M4|C00218,-0.0012400370755906043,0.02696260740475698,-0.03977052963372095,-0.0223293554618869,0.005982825162819311,0.0029007804867817594,0.004462360113911924,-0.000534090139087661,0.005196938310488201,0.00305529337617777,-0.005755219168156611,-0.0014187675926840928,0.006963821960856435,-0.002508734080801689,0.0035085585931490387,-0.0014094938045215053,-0.0008754935988208474,0.003943374429376789,0.0018090077307097842,-0.012414169045777839,0.0017034649657315017,-0.0017078868922485147,-0.001008525093702963,-0.004091215373081055,0.0006383380253270979,0.0016648386559311261,0.001057896725848582,0.007397708654830141,-0.00558094282516383,0.0014393422795366006
M4|C00219,0.12360605446773829,-0.036910786177934175,-0.0025673800857140424,-0.0030429683254931494,0.009274592868351153,-0.019212517313249723,0.011773959422564899,-0.012268321833740655,0.008919790480330102,-0.010258130811657409,0.0038663598416499956,0.00487007203647933,0.005705450123024822,0.0007006730314277629,-0.01101522009967028,-0.003336861129137144,-0.007600737551526586,0.0054244062365346405,-0.0038742203998847107,-0.004992924644143027,-0.0004242277396596835,-0.0017000582303348265,0.002897443479825682,-0.0010741303197339344,-0.0030577972634964674,0.006521397527987914,0.0028702389650136413,0.0018159683226493918,0.00555875468477028,0.002564266035520042
M4|C00220,0.02038470948690292,0.045617009111727405,-0.013085329902908232,-0.015104498734127359,-0.00012441710322961275,0.021474099660989784,-0.004632942583712182,0.031169011059104884,-0.009540611034415999,-0.003949779820361115,0.007468508660319711,0.0043190144549722686,-0.006370950401044797,0.0028951268302139263,0.001603539137902356,0.0007668359658505213,-0.0024610605202354677,-0.001771325581904026,0.0016164642833503581,-0.004014867544507618,-0.011868809417142823,0.003335764526646326,-0.006951333493722411,0.009926780427959643,-0.01648554218229062,-0.0026920489547680513,0.0019651664701713025,0.007098887131601097,-0.004352425150951371,-0.006565182591018958
M4|C00221,0.08704881545439462,0.02479375751885044,0.017356106165513804,0.033964049942148265,-0.027381789310162566,0.008443579066761086,-0.022300887351954908,0.001440077400634069,0.0077142787247587155,-0.00971404420456389,-0.0009465663879528212,-0.008273432774118005,-0.006721310028468524,0.0038915769961981707,0.003602680756208706,-0.002819709878025263,0.0010680421479363842,0.002424150184803844,0.0006584614411937565,0.0023292583167880718,0.005949322852199242,0.003210991605133772,4.771763644677382e-05,-0.0061687545630837795,-0.004088627732499242,0.001980989862162159,-0.0016087249564700043,0.006276468423999982,0.002278455013299177,-0.00018162495357497424
M4|C00222,-0.030081815663529448,0.07039687005442481,-0.012659428784863947,-0.02700277519041923,0.010499239478599157,0.004062038008441741,-0.0009844762289407912,-0.003380247370947021,0.004580747749701301,0.00017394385819467995,0.00633742790077411,-0.0006877577024128222,-0.004853932955744171,0.0040283437743245725,0.0009667317429120343,-0.005367600831304061,-0.0006076320695205173,0.01655055533779795,-0.006966608256128338,-0.0007052490268697743,-0.0011869274377457263,-0.0003158970488316341,0.003752484249436874,0.0035006491107577365,0.00019066659435785396,0.0010786718054863155,-0.00045592155411018176,0.0013898424098015309,-0.007071936086803867,-0.0018460464617619282
M4|C00223,0.11980538024197204,-0.03616902502582243,-0.01082089621923131,-0.0029132067898064006,0.009724197486621811,-0.013741984891914123,0.015514162427823228,-0.020185642646256097,0.014645306478206062,-0.009983573343452467,0.0014802633601296053,0.001217369166868728,0.008883128989987436,-0.0008873637973009336,0.0026571654879821976,0.0005753621249873588,-0.0023699915212719003,0.008228439314820372,0.005440412655843544,-0.004473929698635701,0.000854973097773918,-0.005377614850644036,0.0032834553254168035,-0.002682039547401687,-0.008510941996115741,0.006928452135727696,-0.00013944037855302024,0.005638197858852572,-1.716143515194272e-05,-0.0019108894902642422
M4|C00224,-0.09241116115368679,-0.02021278358356688,-0.012423287161302414,0.015831846879084177,0.023581655142906378,-0.03362148816560006,-0.005791318351184978,0.012754363857169979,-0.027516506499001527,-0.021509043016974833,-0.006744611208908067,0.007667279464096842,0.005146559445437441,-0.0017440280804624677,0.0020312996006470008,-0.006485638215713885,-0.0001623968804383714,0.011037862115070142,-0.0025717680661512467,-0.006372075344674331,0.0044693720074045415,0.012531133201400244,-0.0029636187672836723,-0.012445633122889755,0.0033063721996674086,-0.0005222648310466749,0.0055465157244771746,0.0014631632582758041,-0.007307259972535571,-0.015687801664350118
M4|C00225,-0.13302818143579906,-0.013718511166734414,0.022313652367704773,-0.01573122606087001,-0.025593308882507545,-0.014329010664361735,0.01449810912061967,0.0005695275794252102,0.018473662719365756,-0.011892057589927937,-0.010588228794968041,0.02121599464537389,0.0035191689986057845,0.015263857960583114,-0.011053761222258398,-0.0038150510252368134,0.031272365140584596,0.0015555189142616582,-0.005012862819140998,-0.0055648775825914145,0.006021604878870323,0.007945247189720374,0.004180100343939086,-0.008581763219605132,-0.0027027403945257744,-0.0034198350683509967,-0.007852372655920328,-0.0036834832812297834,-0.01708921722607185,0.0005582519047457408
M4|C00226,-0.12868614536347814,-0.08627003163748341,-0.029013190351294803,0.05653030723428468,0.01868147212481552,0.023074562028417858,0.011458818162231326,-0.0057785112454028,-0.011545289496351705,0.004390425801034262,0.0008263403303245707,0.007499643333148837,0.006961260695548201,-0.026929207600252466,-0.017990985366878043,-0.0008131866849745224,-0.008521183434827436,-0.0020692518368382257,-0.0001483933654888043,0.014169513744590566,-0.00821817507882335,-0.018994903785739353,-0.011157176225708897,0.010329287215179735,0.006461948630576257,0.015424913338842498,-0.01208805380275009,0.0015269045768333564,0.016260400575858074,-0.004388944320219396
M4|C00227,-0.0979586412364593,0.0014619046728725175,-0.02148512017047944,0.012873626313130977,0.018220799906666873,-0.007898531299237104,0.008223875648082402,0.0028480385897233307,0.0038994112032260035,-0.00046672283138986736,-0.0038876780957205473,-0.0035354389672979138,-0.016713810295706483,-0.024247312288511992,-0.008658586963247972,0.0020949635488967575,0.007122892865921689,0.003578261622641962,-0.0028280934861474477,-0.005463567074247075,0.0062848384926761005,0.001934217581793511,0.006721061308724953,0.0033329137629507575,0.0026218314590403177,0.0006744323868032102,0.005908945234730269,-0.0014986514020751938,-0.0012077699010091948,0.0047156525832762535
M4|C00228,0.03508257421941489,-0.013752711068054882,0.03213865769300905,-0.021157509918896474,-0.023977436950710126,-0.01536828019954754,-0.008581483711531617,-0.023489587558695603,0.002741766352947508,0.02163955935249947,0.02480700704861202,-0.0021459813771132685,-0.0049716337783362674,-0.017892925748920853,0.02028160027599578,-0.011417434800773485,-0.00233446149269384,-0.012001595379781438,-0.009221691360609303,-0.0012465383250649502,-0.011221953184944514,-0.0008237174300791491,-0.0047265335280639535,-0.004885893973442245,0.006657843899360465,0.0015414829484102675,0.004983385608555407,-0.00203961034877371,-0.001940699338996307,-0.00614921774808378
M4|C00229,0.043518905580978325,0.03981585817311819,-0.042923736026631396,-0.04733836593600835,0.012781099952449151,0.029327296897908323,0.01278671749678323,-0.005111592227143139,-0.0005522306265595855,0.0062218965529981865,-0.002486615663186061,-0.008535067663903046,0.0033038097340827416,0.005436208219534683,0.005239504664588631,-0.019727720634260232,-0.00782249274864728,0.008931680947508226,-0.010395170192142837,0.007617109936717541,0.0003487853910981252,-0.005948124800462646,-0.005449223202429809,-0.0011728063299273504,0.010438508193612514,0.003926886759349123,0.008910457244474581,-0.00524140833807471,-0.005073001908316657,-0.003173879221390831
M4|C00230,-0.007454968527135316,0.06935943751620065,-0.02548822824803031,-0.02256100675174062,0.004874274653757408,0.011122541920152728,-0.011388794617553625,-0.007574245467494732,-0.0019678374277567,0.0005394458029786082,-6.074967325099491e-05,-0.002276911428796903,-0.016774558014107904,0.003169067200386756,4.3594317935823e-05,0.004964671467824521,-0.007814562625924821,0.005908937559535841,-0.004148670609688773,-0.005394091355701282,-0.0023426461880639957,-0.010958414241702111,-0.0004276882158136891,0.0024355278587171007,0.002721817873400091,-0.0004698632537310132,0.006583040729497088,-0.0001464260833391122,-0.0024536296323205554,-0.0010976322430114023
M4|C00231,-0.06332984439233127,-0.042065735362244575,-0.05369560246352092,0.006234813124636309,0.005355791925898404,0.003016450218625241,-0.003144220284087598,0.01012570796449844,-0.005619462121341009,0.00570871409770405,-0.0002644366652501619,-0.010978786751561853,0.009605487062744337,-0.016534614250468833,-0.02742624224511513,-0.0019332736410688674,0.0009075987464614586,0.00022298693021762357,0.006212029760722546,0.0034554409788824453,-0.002329286850667285,-0.025484283863813566,0.0011204809854493993,0.007604996910491387,0.003492767925619915,0.0008356475148559678,-0.004699815084805746,0.007181589868207755,0.0024657348983871527,-0.005949408351630109
M4|C00232,-0.07117262466351161,0.0734389021473516,0.09280299803871711,-0.017537823833270526,0.05047559837808022,-0.004376604918647574,0.06767945589883699,0.010683379757647228,0.0022820794674735696,-0.016077573460793495,0.035743898797745075,-0.03611151329914044,0.006845968313731713,0.019291539742831397,-0.009255195824781763,-0.016426055454635068,-0.0032737706738074513,-0.01320056801536788,0.022026881581733233,0.024446158881783534,-0.00819160688035715,4.413724901175356e-05,-0.012221076918420112,0.009440488396568912,-0.016316394329984055,-0.00706422205784435,-0.008547435221452657,0.005875553590212504,0.001080869376255499,0.0018064784658708014
M4|C00233,0.043665069101472366,0.03242490657697349,0.00022772533632109423,-0.0008665544627501968,-0.004602342054590727,0.004316886686797306,-0.013508876517240078,0.0079162261057202,0.006835616618051097,-0.012510965552718942,0.013487239999146933,-0.009725852631306323,-0.013565495416042699,0.0016090951261924537,0.0049103232024344115,0.0011243817446583975,-0.0010701505544801024,0.004667449549554397,0.0002816402735390834,-0.002335138993910197,0.003544680961791998,0.0009538912882590906,0.0062355188433165475,0.0022049415168915024,0.003674794029185008,-0.0002688009178098375,-0.006499873759415082,0.0009067777789216519,0.0033061398213000788,-0.005331177592072759
M4|C00234,0.10811030956490846,-0.009564389126135662,0.0036946513683322755,0.018516080712951417,-0.008075187915572598,0.006463058168261619,-0.001529707066595856,0.011513627497953236,0.011899526956486708,-0.012517655037662384,-0.0030382242272762533,-1.8585445447425154e-05,-0.0018620009786914184,0.0031372836523994346,0.015185359577078133,0.0009487558836054817,0.007425138368461822,-0.0030457244659578262,0.013675955251735747,-0.0020910370021330013,-0.007056711169481418,0.0013052613696071507,-0.004756655848879068,0.006648188900576845,-0.004707218490204543,-0.0032123001405251397,-0.003013580610988492,0.0005313455058945426,-0.0004353297384567374,-0.0030218129074902037
M4|C00235,-0.07335311008374487,0.058483168109830286,-0.03563614068631001,-0.004292608490627059,0.0041069528557764945,-0.01095889273155602,-0.011364225342139584,0.0022599520600204612,0.02082025132859518,0.007264810118874842,9.204346227392346e-05,0.001136937490803621,-0.01075968270888293,0.008391115792964985,-0.00963538450210809,0.008893152705844998,-0.005311285388857935,0.00253321585110757,0.003984197810862391,-0.010175909265846916,1.2835375908004965e-05,-0.005389473078655292,-0.0013380818985961702,0.0045619063291838235,-0.003452388628118576,-0.004506934843019163,0.0055427926120296565,0.0014391934184947266,-0.001294331232366293,-0.0033906954493664178
M4|C00236,0.01016708941088922,-0.11468275981596111,0.10796422858134297,0.007293540150198084,0.09575219237359019,0.0646597719601138,-0.09145713166564483,-0.02813854081192841,0.009534988947688497,0.001391810711901295,-0.005820519809038878,0.00522711360695731,0.006051160827433188,-0.0053912181577693025,-0.005572587106635497,-0.00813408464544641,0.016784557293981907,-0.010940395360317687,0.009303641300800148,-0.005154401707969239,-0.008551986125509056,-0.004050649437405289,0.00278825757230461,0.0001733139762309452,-0.008301880915145962,0.019386500744848687,0.01165442910250847,-0.01795590984238711,-0.0038810281925036306,-0.012487480693984044
M4|C00237,-0.04768379360895005,0.004752836947250587,-0.007798716016127886,-0.04558559642922365,-0.02031123584463305,-0.0036007920736030384,-0.0003936024027956932,-0.005484711348386755,0.004022646530939333,0.01802018463294012,0.014494271404130907,0.0037608303358887016,0.004716032545688046,0.0018152298804920257,-0.010366280175379999,-0.012885854128280248,0.01810092819137844,-0.0006596176459872674,0.0028009798820033604,0.0029964639241003076,0.0007107543625474139,0.00461216562081847,0.012151413803845268,0.0046227293201923135,-0.004649803495562028,-0.004016268956905798,-0.007293671977508297,0.0023243282721106635,-0.005484196730733643,0.00409581921305523
M4|C00238,-0.11524035357369504,-0.01854865779912322,0.133810554683559,-0.036156965422883616,0.009528568985382848,-0.0006011008232845193,0.03150280176743873,0.016309015817851536,0.0028194124913007578,-0.04294523617746385,-0.042098332456310304,-0.0008610251327227178,0.00708353363716069,0.042275394335762086,0.03723081221904446,-0.01883593583317895,-0.003115738234176521,-0.025995540846682662,-0.020860313983504037,0.024122581243496696,-0.019031111174124187,-0.044639294297260455,0.016495683378535055,0.010478546398567217,0.008578315494812059,-0.02231235943434989,0.03185282217199095,0.027369541311613562,-0.022473847031952328,-0.0006757826820179997
M4|C00239,-0.11799729825114523,-0.11083414531661508,0.0455600603608975,-0.0015262734199283068,-0.013849450720010556,0.002071771006090905,0.020924831964984975,0.0046269981111635525,-0.02293138741563826,0.00961860585800492,-0.033814571653425,0.0060531439478076435,-0.030519957978449034,-0.006515456014948097,-0.014993760421805289,-0.004957910510793704,-0.0032697810260018697,0.0026291918203136403,0.01782653292830859,0.0031330037784160856,0.012539076966614323,-0.016179926708057707,-0.004537974274182222,0.012224374294114949,0.005689628136336023,0.006864793321245883,-0.0015005597186024367,0.002686694543790115,0.011019037961196531,-0.011319473042242597
M4|C00240,0.02860543555293449,0.03181571797308249,-0.05180079026811511,-0.03878721902003476,0.0027396483694926677,0.020107203279065646,-0.002746191169803273,-0.0005003065709668422,0.0009884112667058504,-0.0016058017254987871,-0.0014483434348461389,-0.011392744976644503,0.009723435204719695,0.0015801691244460194,0.0027171836598649276,-0.006745601413086222,-0.0020012302747437517,0.003892396117772181,-0.0037366290674766384,0.0037992979154926184,-0.0005652135598927387,-0.004236333569425138,0.0025840256169355753,0.0013696923758589159,-0.001889183709351871,-0.0037743414931805694,-0.0002809786148222519,0.004026378381215354,-0.002713867945974248,-0.0007104892428734974
M4|C00241,0.09197651585400081,0.0056278581380000935,-0.002407844591679913,0.011471335152919973,-0.005324336385789754,0.02363967589006812,0.005501468568786763,0.04791314720884731,0.0036221954898585985,0.006172523117431992,0.007274117618081067,0.006196877351582438,0.0012058615376811536,-0.006376515191831342,0.007963310577530653,0.006657104810704084,0.0005770740807520243,-0.0034933232256621587,0.00588768104422603,0.004746145724146317,-0.000560287386468359,0.0011912161663891526,0.012379168821866864,0.006446312844259143,0.005652496354182877,0.0041222792541985315,-0.0022329109827066403,-0.0005581377651106841,-0.0014371610317752118,-0.002412156330424817
M4|C00242,0.06854947537319203,-0.06010128341560513,0.003947979456092067,-0.00329832178606298,-0.008672035821996257,-0.0334317671090135,-0.016405401250814213,-0.018515068469812043,0.0006811848498647888,-0.0010025659850576563,0.0186784864326466,-0.00824420949078652,0.007125966858785187,-0.017494724803766102,0.017671271250080042,0.01160443273370118,-0.0013074542246531585,-0.016215191556479915,0.0021701078865754347,-0.005732425571674941,0.001875205144926588,-0.006650078197426127,-0.000312772222747014,-0.010067943013974975,-0.004806544760255776,0.0019962097112567615,0.002655564977467032,-0.008057874957495034,-0.00525908332887084,0.006087907700077878
M4|C00243,-0.09425886039358573,-0.10960166400895413,0.06343974001381895,-0.017526253859880467,0.004828998404076035,0.011635728807710646,0.006241108371680436,0.007185162531186925,-0.01771022629568403,0.005921862095845529,-0.040529742540173094,-0.00387214880005585,-0.0412272943591962,-0.033233478965226,0.00019764342957186937,-0.01018741781830798,-0.01555202405231364,-0.00048792774047442687,0.011483108847029487,0.0017791488507986287,0.005000550565761387,5.377234304407312e-05,0.007594834911063632,0.014833650745977605,0.0019516861865831465,-0.002255417332661208,0.01183378888445037,0.0036511318421245955,0.0050739927305074595,-0.0006624513292663519
M4|C00244,-0.14654607213277765,-0.11001248052389632,0.0031606053946673937,0.043386160111291316,-0.017256974708146414,0.02504524372557155,0.028872485425584,-0.012234827083714253,0.002506062621738927,0.005775540066596646,0.012123110872068769,0.012038897828325484,0.007115058809939994,0.021161397952820987,-0.005385463966669498,-0.007657913115161632,-0.006133431751341206,-0.0008343826192062917,-0.021906874729389524,0.010950153953294718,-0.007748271939298313,0.0042197676880798675,-0.0006415559208113765,0.006492095324475908,-0.0016619040819287607,0.0200955357633631,-0.007828285039572655,0.007641206609016028,-0.001755460211622677,0.00010670514070990182
M4|C00245,0.08737541670500022,0.0027690177516418255,-0.0025191021727578914,0.0033397459649315933,-0.002920697280892556,0.016471061454061273,0.009516458026250944,0.007141683979527248,0.008921095610775961,-0.009151829897365491,0.01116155068422216,0.010352175786363023,-0.003839491163744546,0.004398187113448963,0.007756741082022108,-0.015961734187120182,0.0031180945579523745,0.0036913631815851484,0.015510121343690605,-0.004255866952869172,-0.005680345867559933,-0.0046011391498510575,-0.010191705930216443,-0.002437697148766067,-0.0002966686676032627,0.004803859541141334,0.003882984917908883,-0.0009931771884094808,0.0023087170428205766,0.0006494041842756406
M4|C00246,0.0510376299196253,0.05857900390413179,0.016147251868634836,0.026343145292891095,-0.0298909580194265,0.010329793257226673,-0.017042409574882893,-0.02863048381307454,-0.007206282193274023,0.003925579524481034,-0.008493233507478593,0.0063469634111280974,0.013727684620140745,-0.0024016597820352287,0.014133512258036785,0.003987750540493958,0.005673469254749053,-0.0037392237227732933,0.0034699491618398613,0.005772455720932336,0.004924865116221933,0.001589082684543563,0.006659275859803675,0.004728510700653482,0.003993312169606377,-0.0055873572274941045,-0.006366816199540336,0.0003151279036195513,-0.0017747019659851467,0.0016351574967035528
M4|C00247,0.06657732417229535,0.022139222546652428,-0.030936956394858692,-0.02229757417921397,0.0042500307636977805,0.00940035218580404,0.011296691301410049,-0.017780951279632643,-0.0054602361590019586,0.0011135438198480929,-0.011974949937741284,0.0033956949204804634,0.0029893975256272084,-0.00077808896544679,-0.008434193208924723,0.004017377911956413,-0.004119377609231694,0.003548359188125634,-0.003841252335378313,-0.001442911545953038,0.00042652197575947015,-0.005319977307989272,0.001431441599285864,-0.005318754768501472,0.0008029640207635788,-0.0027056785192332363,0.000495743649949277,0.006251206608610117,-0.0042904603868154,0.00013513859130251697
M4|C00248,-0.12332802412622663,-0.0329225716208628,-0.0347924331833837,0.040888595800869836,0.019872109244025157,0.018775164248626616,0.018275748998797203,-0.006833182364385821,0.01606153763037922,0.0011414288265274473,-0.007610382786971914,-0.004656541931034845,-0.014013024945167362,-0.01321897845215811,0.0054306558562900505,-0.010551263365958864,-0.01568636697901705,-0.022425424885605345,-0.013988279358206629,-0.009017001443561642,-0.004691211697996409,0.020058844629356712,-0.004060530587343592,-9.240286675783924e-06,-0.0026188234925928157,0.0031742586597700256,0.0010818338585227767,-0.0019763425298056137,0.0003135907870149085,-0.00024136305827626657
M4|C00249,0.12602569285849427,-0.03677123235469509,1.9781272624969314e-05,0.008240966888879956,0.0065376324947537204,-0.016172613670179165,0.011949159179675675,-0.013797983732050328,0.01594782038003077,-0.012398802160999924,0.007009009961265918,0.005458457576231909,0.007116932308697629,0.0015591711333110719,-0.002911943079544754,-8.665884217709217e-05,-0.0015442180330494438,0.006827975827825994,0.009817878149452999,0.0019904186354134917,-0.0007508111293973975,-0.0028493665667820877,0.005954897136517268,0.004003710116528362,-0.006900705330497841,0.0018336069512440644,8.474624901699479e-05,0.003685671048277488,0.0010923147984181504,-0.0023895305557150004
M4|C00250,0.11177948937208977,-0.05354854736038423,0.03778018788736158,0.008416676046436717,-0.02579224113149995,-0.028412247526045285,0.00012223852902376492,-0.018328003628872446,0.020482713041740735,0.015546765563378437,0.020982502228516144,-0.0016387256332370478,-0.006902863948237764,-0.013386800647321876,0.010925618024118774,-0.013862125238701768,-0.00385681770120457,-0.0044733451970814745,-0.003821778789043033,0.008688169840585264,-0.015446296040181436,-0.002865032532273603,-0.014127367922687668,-0.013238799553256011,0.0003960960034617297,0.007976942428199187,0.015444927627683479,0.0029194797809977916,-0.001917057060890634,-0.005978092553403255
M4|C00251,0.058250532684592536,-0.05014568731656441,0.03388544072635801,-0.033611450343924196,-0.02563675867208101,0.0031257585372835503,0.02120739780192597,0.04228772476283127,-0.0033982643235636904,0.012576575540489614,0.004414961328360064,0.011042389847377694,-0.0013687867913378118,-0.0028353212972475565,0.010060409425821067,0.007733456430191918,0.006966737477169311,-0.00651820582694195,0.004591094211234697,-0.0014290881199384476,-0.002464141364300281,0.005145114420775789,0.008282551013790117,-0.0013069900245765492,-0.0032891867913262167,0.006070553147279592,0.0026295939480890022,0.007948643699910794,0.0019211464043256204,-0.004472334985557795
M4|C00252,0.06573360934307955,0.006348093687352521,-0.030283401448029806,-0.031584053250488735,0.007042836988930537,0.0188967095314988,0.013698053711579667,0.01229548149592512,-0.004092743627118166,-0.0014227333142512813,-0.0039414438407243315,-0.005529632728618833,0.0035804168357023228,0.0003449482863433143,0.01058463915620823,-0.001179282681105355,-0.0029188524503501595,-0.0005736441682519116,0.005575293426690101,-0.011681967377190246,-0.0025401525902547088,-0.0035173774233101703,-0.008494816898940792,-0.0010950246354434743,-0.0033986339437717308,0.007418508255384077,0.0024645997999746126,-0.0014524686276895593,0.004849107647319277,0.0019034843984779212
M4|C00253,0.04944229598657053,-0.008445533886782954,-0.027118217591760745,-0.046430203258759205,0.005569594405468521,0.026430274939970327,0.020223892013774166,0.01861731617338889,-0.007710004639845999,0.004463688465917234,0.014727692373943127,0.019821891497378372,0.0239281623515824,-0.0029173388582693,0.013868523804210222,-0.00922496668311705,0.008351216418947987,-0.0016355544731467934,0.009280250373960203,-0.014372684357854668,0.003398933328919492,-0.0024820904710172605,-0.0025551094428991434,-0.004503183079567038,0.00931777777561137,0.00908938752264223,0.0008999430947935616,-0.001118147481391446,0.007074537184928882,0.013877651681769139
M4|C00254,0.06536531200607773,0.05466692767300202,0.03807133678444625,0.054182552469269195,-0.04846501649142682,0.010381261527939398,-0.030119142528056527,-0.025205563481676664,0.0005948936860736417,0.0028847761950933502,-0.0058708137102862126,0.0007124554897420843,0.009210419804674795,0.001594473547788083,0.003490369341384639,-0.013715714252414647,0.005913982425416614,0.007371342136216055,0.00184306454180169,-0.0007799693893413625,-0.0031653541642185845,-0.005235784475129759,-0.0029333668329653857,0.009437631798005679,0.007314753425427483,-0.007439490766217484,-0.002294108218473722,0.00010859655856270935,0.002069930898306367,0.0029549361825326596
M4|C00255,-0.10373032201655007,-0.013918998887625806,-0.042487489303647694,0.0178837021634368,0.009347148726903636,0.005282099646308831,0.005686358560716108,0.0004742177126338216,0.015550326429855946,0.0014174313427904616,-0.006910310460393386,-0.0031512164903347004,-0.007861698649121443,-0.008506723202344298,-0.004078858998603483,-0.005686633887034029,-0.0021429920870960793,-0.017696302766541085,-0.003623795055703262,-0.010416487010802942,0.003172865644879752,0.012219777448874156,-0.002943413511264159,-0.0006936980973145018,-0.0007517536147813902,-0.004028895383201654,0.0011993996871276415,0.00022568940928567713,-0.00024207906799909732,0.0003003110735937262
M4|C00256,0.062207117264857135,0.033869548494955395,0.01495161256857656,0.0005512125491379754,0.0012050158085146695,-0.0003657090613814807,0.015710524852687622,-0.02975661803033247,-0.01165560727485074,-0.0006498219286078644,-0.007010843787987563,-0.0017808904045078925,0.011349190232071605,-0.0095234862427304,0.00539535253865023,0.01468813998739458,0.0001499617827238898,-0.0005893923340547373,0.0008380387119807963,0.004354550193356727,-0.0020503714290344244,0.0019423300903610057,0.0022670979964783448,-0.0007831259164851303,-0.00345814843325817,0.002152534459573706,-0.004087551220798644,0.004361352038548996,-0.005560868222176496,-0.01040625472406679
M4|C00257,-0.052883403899588385,0.03648201190665536,-0.03893423537701137,-0.014918468179996305,-0.00736559497351177,-0.008460284035142521,-0.01373477738513174,0.003920544120290321,0.016048712819960367,0.005572535329878148,0.0004498366649204071,0.007477989681564837,0.01177268547484135,0.008139594817690395,-0.019079248973965724,0.004606220674417209,0.003397546693989371,-0.0039739607473012984,0.0034596780478662347,-0.0025787937028380627,0.0023125017442694362,-0.005860143527652411,-2.780136793174255e-05,0.0013756458040643552,-0.00031256798121807676,-0.004459716699108347,-0.0021021088260030963,0.001850629830468894,0.0011468916980277462,0.003679748850319249
M4|C00258,-0.09400951714828423,0.027294380039332114,-0.02634528393496191,0.010590094295602936,0.007508506847270228,-0.01793979787798794,-0.002850579503595368,0.004103300053511211,0.018314789584713904,0.012035695025527727,0.0014204755033669257,0.005238826790121487,0.005448351733986952,0.0015371043051147153,-0.005133206750234346,0.006357545711853053,0.001008065369308408,9.873006702164341e-05,0.005215065960842878,-0.0013970464906602708,6.304944852460431e-05,-0.0029988965631697765,-0.0026090597360119575,0.0013109259337318224,-0.0018949657009937762,-0.000899792429137882,-0.001736643772075401,-0.0031394947969009307,-0.00013095903366372333,0.001753537148802844
M4|C00259,0.026123914878136277,0.03239115284326845,0.00845373091341554,-0.039589310380778994,-0.005333146980112868,0.009043954041970826,0.01638170900574908,-0.020580973326168466,-0.003241437056840002,-0.013010521331641474,-0.003927687859180275,-0.009279063691651069,0.002186719522312003,-0.002435911612723183,-0.005222126563018327,0.0015670833677256645,0.0031216632098105385,-0.006304001260263426,-0.00633791496029154,-0.0024257833660114186,0.006552826890679579,0.01124568245228109,0.003068098671289734,-0.0020751443303273693,0.0016278628055644343,0.001154283222730837,-0.005304290797050782,-0.0013796075309987605,0.0007288576217866018,-0.003330387510697551
M4|C00260,-0.016341349605046105,0.05837089090871618,0.001065783351123193,0.027405767788137345,-0.012955539552270027,-0.006057985581437206,-0.021535751520091788,0.014362712222476991,-0.00407288791592027,0.009998414654794431,-0.008537013710047416,-0.0042074775494534405,0.015571765869283341,0.0009797387772295279,0.005142711778130866,-0.007968547926988544,-3.520610467767874e-05,0.010972602118576263,-0.0022517639635716165,0.0026796488853554675,0.007387682621107794,0.005226503410832769,0.0020929034796299062,-0.0022268332212067588,-0.006237261088468665,0.0013204508966623849,0.0010180105526663267,0.008444766817045165,-0.00289584959786929,0.0015958830375295279
M4|C00261,-0.08919192305727365,0.03808614033846153,-0.015260143340610623,0.006158218985819619,0.017408387341837483,-0.015789773576546772,0.000422743006320707,0.0054320062635036985,0.024318918562399292,0.012369293264933972,-0.01043937790557557,0.0015855436299687567,-0.0036579685988571238,0.003208725734723654,0.0027963705930946206,0.003637251119506946,-0.007832667374441115,-0.0007937631286464993,-0.00025517705205990965,-0.004194525886880144,0.0012271342910547722,-0.0015629609060574916,-0.002134194917673517,-0.0015854029059126748,0.002930397394951803,-0.004905989575952922,0.001662783098893066,-0.003155943560652204,0.003352361277746792,0.008107235127220962
M4|C00262,-0.13847535030974945,-0.1294520607202241,-0.0016968952412455423,0.03451733737654953,-0.036173992448802365,0.010961977746116666,0.027223269500923918,-0.00562096460221573,-0.006960728376792514,0.017598904353204964,0.011773798803076949,0.00825715335944875,0.01968368018592701,0.024409779952600876,-0.016923244435818788,-0.0010926120717639697,0.007775250138447627,0.008909038201592057,-0.014642835468783836,0.007209433210992385,-0.005327868240388093,-0.006886641246161698,0.0066920049484777335,-0.0018445041861536251,-0.003311058476332307,0.026314841174182476,-0.010630271405491172,0.010037522831121744,-0.020996169924986582,0.0063270472761192634
M4|C00263,-0.11231076082319347,0.045136195858990404,-0.01517325241282643,0.01635559038809065,0.016701648955716613,-0.02366437609137931,-0.00746053010324898,0.0010833005336546252,0.014646188285877862,0.0046498156731447846,-0.007001963606902062,0.020507101945406146,-0.0013129912801720775,0.002700046463235868,-0.0009135702112906792,0.007937703470566975,-0.0009955548181437965,0.005605402150087605,0.0022931468960451008,0.0016098900110864296,0.0040773570701272315,0.0018614303033710987,-0.007110168795929629,-0.001916633916267846,0.0048908299339065755,-0.005836867768505434,0.0035540028099165055,-0.011351896403888643,0.0034414377331489156,-0.0012870947382772038
M4|C00264,-0.12302759722755018,-0.1147727979078545,-0.020897722825891814,0.03317460759162207,-0.021983827800999202,0.020522288522667347,0.016160322620654487,-0.012870291713336611,-0.009331717269440406,0.0053652969709624306,0.014707003500125935,0.004781799144793673,-0.0002376959137147772,0.020298380448121045,0.0018331590486424711,0.018733146398964704,-0.0022741713958079075,0.009996124249099592,-0.00419854439753085,0.0013268232059536521,-0.007429593763443743,-0.006609583452096289,-0.0005686714871479239,0.0009567930233975994,0.0032714613411618174,0.0017241094990053775,0.004619476002802026,-0.0034715187851600137,0.004966043815483108,0.007259146156980882
M5|C00001,0.1657360273420127,-0.03984618396676854,-0.03405221264649921,-0.0013548171849583964,0.020563133479150578,-0.002388694365294034,-0.004428451241242357,-0.005933080162902808,-0.0013144966655105489,-0.0070655191725171726,-0.01818166905982928,-0.0022679204582159167,-0.011294462390889376,0.011448729434178172,-0.010835244057572533,-0.00013341481117996702,0.01019780814952591,0.00018882784365389696,-0.012332246472427505,0.012697525467850078,-0.0014202150450126874,0.0028549224468248507,-0.012288469984078822,0.0011137480899823789,0.0016517161996932818,-0.0034465365519893093,-0.0006395928337436565,-0.0077434780001594036,-0.00022269118498393343,0.006610773431697883
M5|C00002,0.07460745649838349,0.03062792412682307,-0.09061319927269923,-0.0526302766034716,-0.004466684319260598,0.022938792111646743,0.017012242847752785,0.011654391137866298,-0.013548082885001004,0.005327816742344234,-0.021270036169399088,-0.015891456513858475,0.006062840332203352,0.0011797369997692553,0.003392385948601817,-0.00835655210409105,0.001877984316689925,0.00257881106085824,-0.015909191256114234,0.0011393978545577556,0.0015798966194684409,-0.0063464756315765895,-0.009641843860561699,-0.0070793877940772305,0.002426453376053005,0.0073906225092914305,0.008021663204071744,-0.012175245941135138,0.0005562544800521269,-0.003152741579065619
M5|C00003,-0.23817349501664642,-0.34010247777410185,0.47675580166795994,-0.19220729334971076,0.006738277671125006,0.09757025485946998,-0.15693948483442455,0.0016558536314542254,0.08017779945413651,0.006789133699089165,-0.04736723911698455,-0.007480623489304952,0.05216596079287249,-0.05046015242596075,-0.03272200388635828,0.0257403519496485,-0.18340251182933234,0.047599324817792464,0.09670828642173944,-0.008693202161151508,0.01337457589567939,0.059447816034158524,0.003983095741091014,0.006664545400054435,0.019320743962973886,0.0046401549953853025,-0.004177859162063395,0.005093647954013451,-0.04425831221169456,0.03039564250273301
M5|C00004,-0.0087765273709701,0.11605752006833503,0.0007845585690128867,-0.010967889323303434,-0.004846545654589702,0.022377677900313735,0.03274099469630276,0.009390912373400047,-0.016465807502332837,0.023929807698812613,0.02346315405788428,0.011982915550516685,0.003123525711864409,-0.006975351537623147,0.006365906971316163,0.003304744227880921,0.00210497114113133,0.0016704076548954532,0.005972122205034117,0.009902515242661,-0.0005388010331453166,-0.005280831101705435,0.0007141475611574636,0.0003175339894459059,0.0036110531038188046,-0.002136441617124641,-0.004429163387998524,-0.004328746536968374,-0.003396667243916547,0.0014093201677101205
M5|C00005,0.04886220403599063,0.07953839465599184,-0.05389115190379072,-0.02544616462208174,-0.017631348193107337,0.03741964384789048,0.015248115487007895,-0.0005127185559130942,-0.025607999506316387,0.01434474339520048,0.0020953442540692256,-0.009152529030469697,-0.002381457489825792,0.0018737755487604477,0.0038165532053634084,-0.010970028085761148,-0.0011235464605664342,0.0036479232711262044,-0.0017409659735480195,0.0056257927223584015,-0.002902981724943938,-0.0015631720890952364,-0.00520766841417647,0.0028026014124486356,0.0031952029244940784,-0.006221109945003776,0.006801646898094054,-0.009304754829531477,-0.005787067648906527,-0.007808080584426388
M5|C00006,0.14434951044585073,-0.019969886754459664,0.01398383810169431,0.002275350100403579,-0.01552105435225028,0.01088157018514694,0.021594599198668338,0.04538871123024984,0.006964520640430584,0.014541160754943504,0.03989183245952508,0.01592515273487729,0.012648667808433404,-0.014883825600760724,-0.011842116393937323,0.01492843012347627,-0.0019397767648591808,-0.011346645085413904,-0.0007311220607799602,0.015522272762302442,0.0028388164678415564,0.007889485435486536,0.0006840060670833496,-0.007568654491878074,0.01400846582363065,-0.0068254675561266855,0.0028430763277663327,-0.0033826160394497687,-0.012782678429262378,-0.0002976477415759894
M5|C00007,-0.02087779102989667,0.02683275281070831,0.01132703612294882,0.01729389852983127,0.011063253692694319,-0.06063311300452256,-0.007833892602373842,0.02281461096381888,-0.004119193500877248,-0.0028579707178570633,0.02962855278697354,-0.009812369000698542,0.00906309567639887,0.000804578707092972,-0.004393538764153967,0.002363029748210068,0.0021656972474746934,0.000714505682283455,8.348036867060488e-05,0.0035503341505963722,-0.014697669975597944,-0.003933538378478551,0.005302977760028517,-0.0005725008375570347,-0.006680248261877524,-0.0065932230552977296,0.01486481042281126,0.0001788235585200793,0.007351228016005188,0.0064498327506837694
M5|C00008,0.004388931392101473,-0.01111935184215088,-0.0350937417507456,-0.03712719594770766,0.045812674997612234,0.030246209373492344,-0.01236511425422723,0.008527860845605828,0.0042559584154319196,-0.0024122071500541622,-0.006798428270112872,-0.024521394789203052,0.00017668544689602905,0.0038190618485613955,0.0037820236939070805,0.006594152265941623,0.008057863600288224,-0.0015355122820167794,-0.012819523514225434,0.011571669968541148,0.002760197913283706,-0.0007123460923287893,0.006583867527920788,-0.011566146648215547,0.00470720523201007,-0.010605864229839087,-0.0005134419803588312,0.005528178423108738,0.004449750133771112,-0.0027581678391382894
M5|C00009,-0.16216241117404814,0.10844344999547065,-0.01930309511903854,0.03964552742638738,0.012949572141307597,-0.03795069019024065,-0.019876402992965544,0.031097533592823263,0.01887940397471224,-0.003098978937384134,0.008097836934825985,-0.011028216650682189,0.007276345051323533,0.00692377858536633,0.02220944194485948,-0.002118433455396804,0.0043994540743230405,-0.00028417738178760976,0.011185027619112478,0.0075878938554574775,0.0014282762402830322,-0.0024526482918417734,0.012850793751560048,-0.007022564696267987,-0.010244745211299831,0.007860838041863695,0.007047740055145724,0.00801287853347684,-0.005517446155290997,0.002782388885937948
M5|C00010,0.09351883788041869,0.015846596192091385,-0.032827357467426786,-0.022531359297185524,-0.014682494959985852,-0.006588438312965454,0.02905840414881193,-0.029247325637285868,0.006646177100743457,-0.00040803811416351984,-0.01895163283374204,-0.00973713602630088,0.011499000603512109,-0.005330451707529073,-0.009363078807574466,0.005811611718702225,0.0019495538241893235,0.0013395321619962175,-0.00459561910610461,-0.0001545583631494491,-0.0007892080876219124,-0.0025775669439287224,-0.004092260405977376,-0.009997696266382123,0.0010826337533247307,0.004117031593579811,0.003176450637377228,-7.299882905569575e-05,0.00105048476972085,0.0021247855961996007
M5|C00011,0.044595521720064715,0.09169394028606419,-0.012948553228140935,-0.002550903685326252,-0.024178256171327274,0.032641626907888514,-0.004827854700867609,0.02128809387575422,-0.02081988387752714,0.0032238616263345417,0.014889730058812329,-0.00021021322069363129,-0.01693642370008856,0.0038573802865544426,0.013739237968193343,0.004868129981988437,-0.004226238489976285,-0.008009872794831879,-0.0004200325873176581,-0.0006485814780804062,0.0039584947511031605,-0.004611943409347344,-0.006865994555951363,-0.0024430820621219995,-0.011669503505724828,0.0009681045747706749,0.0021528938034147886,0.0017475690502321468,0.005806125087039861,-0.0015100791153323727
M5|C00012,0.005893839572290396,0.05160747803773717,-0.043120618296481346,-0.022772619102312975,-0.02026508606614387,0.027275449726463487,0.004028380368693376,0.007448808387503743,0.0018116667351400447,-0.004984849232473735,0.00429094599578416,-0.017117890656103286,0.005702578772394515,-0.01289441097843611,0.003771753854543581,0.0018358689644846376,0.009514959380007739,-0.0009757634854761388,-0.012866257718291585,-0.004113570587048708,0.007057303232667433,0.003819487776744404,0.01157403760114698,-0.0042562168003635785,0.00345798569022084,-0.008794844137862995,-0.005685103557414911,0.007336023069476044,-0.0014808004006284326,-0.0036237444159066498
M5|C00013,-0.043230803632428746,0.049134565354628984,-0.06024939654958927,0.005620055968719575,-0.005532943105419241,-0.03251130025736379,-0.014554489169387123,-0.0018976206818790697,0.01951540653728765,-0.005283225984116093,0.0060330588284449385,0.005969900723546348,0.00753754384079958,0.0031598108652722847,0.005429279703342057,0.008435850768554793,0.0007780356890497934,-0.0061050640420776065,0.0052795128565353636,0.004072507030977497,0.0024864337082913003,0.005637036409765409,0.014499860738377312,0.001298830576085247,-0.002909874455447608,0.00438921271058395,0.006710052276239608,0.006618844369785569,0.002444781994919532,-0.003132914950117908
M5|C00014,-0.04027547436679249,0.07716097869128478,-0.027767145879870662,-0.016234681397893004,0.027600449388849795,0.027696832465922756,-0.016593160256406413,0.0021092281843747606,-0.0006390116772411525,0.013371586456310505,0.013630333939022105,0.011385130286225911,-0.012862813060207819,-0.005339003972650083,0.006470815218692437,0.014315932692846117,0.00499799217272535,-0.002028163372291166,0.004527795087461384,-0.0017545201434044043,-0.0013703361106980412,-0.012251882554956085,-0.002274061595430728,0.003134678178571172,0.0009715288583238389,0.0045371030517086805,-0.0017201028175109839,0.0005690293268937596,-0.00960062282757413,-0.0029169939393173935
M5|C00015,0.006162599174211114,0.07706900208745265,-0.041346906957385895,-0.017534533096539066,0.0007212529027520724,0.020312226061850295,0.013749312144747745,0.027062908580734617,0.012627490380900112,0.013360940509455372,0.0201492020503507,0.012413288478356661,-0.011455919030514343,0.0006530444896816715,-0.003426302214754538,-0.0018312296607210267,0.001323101837226932,0.0006434035979376793,0.0015806855684967435,-0.0053707415586904984,0.0010501136641016154,-0.009984094107233266,0.002019998547933136,0.0002812415006421804,0.0022146947699591205,0.006206767270096586,0.005450079892029295,-0.0061838396154101005,-0.0004813004686743447,7.771264413492432e-05
M5|C00016,-0.13114934033375175,0.052656130818142736,-0.0514047147532703,-0.03019911751009197,-0.031042766142552747,-0.040671967199226264,-0.03481662332114306,-0.009779377255787427,0.0023799770359824797,0.012584580028892086,0.004590411115848771,0.014950236581158741,0.014300838986036011,-0.005921268949765576,0.011170663477075847,-0.011335918889573674,0.013351979763632893,-0.013589764609628628,0.009515003465599095,0.008783084875655283,-0.0059758021222130545,0.007111702184343107,0.0036017875605174024,-0.00016238406824761503,-0.0023009469390174527,-0.002039443307822313,0.004901120914198984,-0.0035409774802365552,-0.004290807245668456,-0.0057471045574707625
M5|C00017,-0.01731408449126187,-0.024133210792449084,0.06060309258795897,-0.0011173545007954777,-0.0010711673451324628,-0.05725965416134314,-0.02865595034079674,-0.008788345799761699,-0.012090098434734959,0.016739071310236085,0.016718495348142137,-0.005343719234797871,0.007706445185930238,-0.01565748720796419,0.014057935037042378,-0.024846310231882496,-0.0037945246325987096,-0.011838908672909609,-0.0052540377468881195,0.008177940109018149,-0.044736121683581286,-0.002558113938969727,0.0055175397376696165,-0.02201111888825281,0.009630934510687543,0.00564755362774651,0.004639154085251993,0.00023599949958119876,-0.006587780113690255,-0.015944121368980522
M5|C00018,-0.008258644050575406,0.056074459946402005,-0.04968563339490936,0.0007098563236883281,0.0003888718555324481,0.02840969471630242,0.006056512217338199,0.0073593930156960604,-0.009433351193353265,-0.013332981693763166,0.003904982682053186,-0.008799001043151544,-0.02252815605852251,-0.012407334084574752,0.011520448248240674,0.00022527451255958155,0.00026704741329673453,-0.007724798827227275,0.010728609491039945,-0.011102803549345237,-0.0063843484394472344,-0.006199530651681532,-0.007572112826383299,0.008524426885949796,-0.02432112637839092,-0.008162991642841828,-0.005968840214573952,-0.004191748916373198,-0.0030012501229845175,-0.007582841788113686
M5|C00019,-0.051280548706989955,0.09610364963908359,-0.03863084271733515,0.025535225934076457,-0.022387356664100123,-0.007459467438292813,-0.03499309433632794,-0.01715132445295087,0.001117178076516784,-0.0023092571137600312,0.001114850679116866,-0.009099503417975965,-0.006733397447875732,0.0015926171438319576,0.01295637602463147,0.006389168802657429,-0.0019117300084198214,-0.007148145209644997,0.0032481936693100747,-0.00445476654176269,0.002898065980615097,0.004374780626483567,0.00658890984746612,0.006273610095297652,-0.007707395962028598,-0.002721700553457739,-0.005170725737055604,-0.0024370459012189533,0.0019569911583336946,0.0005757928816088033
M5|C00020,-0.005715376721923305,0.1222465831420224,0.02475349581656382,0.04847611448505351,-0.019639070657633945,0.013976469214970337,-0.010207300324553425,0.010358440259561971,-0.01185531475376485,0.01767054129401013,0.0039360762200678695,-0.010028068596014232,0.007739329327161209,-0.0025596018370254584,0.01943017094102126,-0.00527665604137024,0.006059821113851853,0.011550913772897279,-0.0008346222079860838,-0.001110305704412273,-0.011856774775358394,-0.006789390796079767,-0.007547837382183461,0.01071851594168664,0.0022455342772240124,-0.0021987991860950777,-0.014203211086030811,-0.00015733733765432243,-0.006975653443267006,0.0012723343356385107
M5|C00021,-0.054864822530276504,0.11935755754352544,-0.014035976646860357,-0.02693239651024477,0.02502326542480929,0.0054617496844250775,0.01828196787030413,-0.01000672395476763,0.015328321412410114,0.005951203540184707,0.03608921540868079,-0.0001514965981074396,-0.013322491472668061,-0.0007535013538837192,0.012667248137392789,-0.019246535064601455,-0.0005702683093213,0.02531799577807928,-0.0002991206874024838,0.012570281569405244,-0.0006538907819545154,-0.0037050162535137324,-0.0013130730537003474,0.00045155395151482233,0.0024291268518159192,0.0019475421317900455,0.002258625131337136,-0.0040405541954252845,-0.0023996336065899293,7.185622548043533e-05
M5|C00022,-0.05214621418830557,-0.01727648450287164,-0.028660769521475376,0.009571395237073173,-0.00041441455340772117,-0.0021787291660168425,-0.0004569663207309642,-0.003972802243413847,-0.032464643006931596,0.013196321153739934,-0.00031599022020105134,-0.023183240904766398,-0.0015125960977152035,-0.019812594438432952,0.007978220000912216,0.007045593843572556,-0.015901339815696643,-0.012458752420357093,-0.007571408679836885,0.006132541304351209,0.017169885552110613,-0.006119843584502439,6.836546997124374e-05,-0.005268644412173132,-0.007542066115381488,0.001375715484223977,0.0010191874435569912,0.00192689195587844,0.011442298369267469,-0.007058954574632538
M5|C00023,-0.06311910700202408,0.04798861505056668,-0.06578809964108345,-0.005667993388123204,0.012882275547392491,-0.00855671899254114,-0.00011688896026990909,-0.004952937415331441,0.010028918760986008,0.003525404477562068,0.010875210430135455,0.011555317795991255,0.0011596143004583372,-0.002985427703732213,0.0009207985756127603,-0.007138514525850476,-0.005050425223406689,0.003500435776879498,0.0019369067456247704,-0.002498457642990715,0.0008187612794736612,-0.007156791573753885,0.00026975877875431374,0.0013037422760481662,0.0029150103276444723,0.007901848873342955,0.013268944652482871,3.6814698038874916e-05,0.00583805219294467,0.0017791229366327366
M5|C00024,-0.03711393875519078,0.05820142653298314,-0.022286895133632335,0.012307215567867222,0.011455512516547804,-0.03298570687846721,0.006213527479980351,-0.0076031452945838915,0.01508927616153845,0.009074699977880985,-0.00014133452805183505,0.014031522590886185,0.003795706640854738,0.0025391658862832485,0.00552483091624908,0.01026411060950564,5.959030241572756e-05,0.007082345147787056,-0.001436494249923292,-0.013958231178091461,0.0032048659614341674,0.0014101938201473204,0.00858384554916938,0.008762542267433681,-0.004181706872233869,-0.005478458677473472,-0.0019765773520994193,0.00045153183131188876,0.010052155848065583,0.0038364728751930774
M5|C00025,0.052909062574259993,0.08393469173366114,0.033544565687883776,0.020811604745077105,-0.0001624145449190556,0.014673887830953984,0.031299967749162175,-0.004986251800574929,-0.020070729405188458,0.017525786922707804,-0.0019632149440833614,-0.018000687115632456,0.017068642019748757,-0.010363311082066538,-0.001417322937186189,0.0028039918988264816,-0.0010430179870734378,0.020795523776317115,-0.0015695215429613058,-0.013018115420850794,-0.0014021765719939882,-0.0070140603964279555,0.0010276309178874747,-0.0020479209010237686,0.007280683818414026,-0.000310546220979625,0.00021371354267298235,0.0001665624545831303,-0.005762835533316176,-0.000822780511501302
M5|C00026,0.017325093874036555,0.08182606402273734,-0.029543109146409414,-0.016299137242654214,0.00037890437109723503,0.016042050258565792,0.01090850344145017,-0.0025841801892978666,-0.041637161453628,-0.003370009837295291,0.009159453017959483,0.029759204068390162,0.004415115966124054,-0.007251480917450821,0.01095869367967828,0.00997921476146032,0.005199879327287285,-0.0008464247596195002,0.012608804156943801,-0.01885163065585502,-0.013158046119056084,-0.0038622464300064334,-0.011038591341984172,0.0005270323038540487,-0.011054980380387902,-0.007079128919338932,-0.006071714695840675,0.014303122219603687,-0.006465061288974657,-0.004910466998853355
M5|C00027,-0.08417106666764534,-0.011356401219301277,0.020310706364761375,-0.04840895028993519,-0.03371411315811176,-0.0438130416932843,-0.024328984827086415,-0.001621612520132177,-0.017918698051984018,0.002628493681532102,0.012516065932475687,-0.0066968410373643575,0.003211100402725181,-0.013500556811359988,0.013126998797465435,0.01033686556812347,-0.0013841403213250016,0.0005424573440121727,0.00433688749188491,0.010456811715916213,-0.007969249152882813,0.003063349337098132,0.004623531605962719,0.004717208937936783,-0.0019558555867512937,-0.003220890094918493,0.0025772713669969713,0.003705294741619813,0.001917682106775906,-0.0014035061295894068
M5|C00028,-0.02726847804506956,0.11232758605472809,-0.06755388237177745,-0.03588898936452221,0.0013302389189675356,0.02278733555152837,-0.00531746971297002,-0.021375960714715214,-0.0011340869885273757,-0.000924528279054087,0.009940486319801758,-0.0074879645461454715,-0.006278479085140175,0.0021899519030197556,0.010012548398106464,0.0004669970634572019,-0.006022506692489494,0.003180692193801736,-0.010220475152427346,0.012436196445719569,-0.0031950771879588665,-0.002382066925852728,0.003191741509059999,0.010734553789721242,-0.00703427012231645,-0.0034220033732405013,0.006504097422346452,-0.00018852427584029898,-0.006562232620805457,-0.006032292233674391
M5|C00029,-0.07353365561153294,0.04245074479870768,-0.042651927875473235,-0.014518879540793133,-0.017706350633014307,0.031019339489877153,-0.0011220172366175891,0.019751742021485223,0.008274854872112906,0.000971050442888065,0.030887470450773433,0.007753406829127456,0.013656558657177248,0.002204036762682211,-0.004192941207465354,-0.00227202357569633,0.007719599339558548,-0.01511672692376115,-0.009993630692179019,0.008396558608763106,-0.0036669111263484522,0.005217004042017199,0.000677578509710752,0.005521761743141856,-0.00807909633253718,-0.006446919070100881,-0.006144865243467794,0.0037870993004375003,-0.004438804036839424,-0.0005927279205044438
M5|C00030,-0.05631153950077844,-0.02491430457160187,-0.04659085244307372,-0.019688057740316924,0.008807233418193427,0.012448907900581778,0.025643631628348658,0.00803110145857716,0.013618489335854208,-0.01834162614948936,-0.011487414786636561,-0.011537642841435589,-0.006282050753854705,-0.026310861216514665,0.006433963160088077,0.0016450394768009974,0.019201035013180774,0.00348634396258363,-0.0053366223101119345,-0.019551789557238186,0.00888262425080252,0.002120392991771954,0.009104828698754413,-0.0024392872551364697,-0.0025517950566022506,-0.004147257135189299,0.0001833174399306953,-0.01227890604760472,-0.005966333759986076,0.008634042869443076
M5|C00031,0.06536007791461364,-0.044856959318502275,-0.048649574700024116,0.027067924924889693,-0.00636253738122629,-0.01257476709029701,0.010552288884392268,-0.028761582899217673,0.01572663001942744,-0.01601996276612495,-0.0070263135245826145,-0.009627590905698537,-0.0024041145610583688,-0.008386275134141724,-0.0028540996739929384,-0.0004076154105801855,-0.003192313300845551,-0.0030375757331595364,0.001909735701408262,0.0037395817653501054,-0.0031148755753063534,0.0010654198934967399,-0.0008500033210283339,-0.006913764177511478,-0.010059139354594942,0.011180257017585911,-0.0009167416390595918,0.009671915154516285,0.004767700390950013,-0.003761338034258061
M5|C00032,-0.0380836601848495,0.09333925518726681,-0.036652821416331555,-0.01392858470876278,-0.010141709420470744,0.018093303886488842,-0.014363705740357375,0.025047493210273684,0.0058844859644470995,0.01018550321048245,0.016717420973745064,9.815485171524398e-05,-0.011617277037070438,0.0037288150641857022,-0.014181852301662757,0.009013944184632626,-0.00012459731208299259,-0.009779590340755777,-0.006547070428340303,-0.006309456523625549,0.004206828977809848,-0.005219798155179461,0.005284503637715411,0.003579323258424803,-0.007595713532260901,0.0016133167985356957,0.005620144519781406,0.0011501259339793371,-0.005724819170694329,-0.003244908343127962
M5|C00033,-0.15337278552501546,-0.06903920188299424,-0.0012482717859436812,-0.03438083458038143,-0.06064409906326262,-0.047587350218891565,0.0009752523531757481,0.0036646143000807103,-0.01214619436292262,-0.017302241026325747,0.005324994622592081,0.017191349918313295,0.027194840660203938,0.012591656321148934,-0.01550305861904763,0.016015008916821873,0.0450221296201408,-0.003605910013334578,0.008926910839152629,0.003435939652202412,0.007265088209879694,0.0051730057205050415,0.0009159264192107218,-0.013107564841123315,0.008493406840083336,-0.011328268510849296,0.006951776594110237,-0.01077964310581474,0.002627123887225137,-0.0006349503895628773
M5|C00034,0.02760855978543523,0.10093561421510067,0.09248147740074987,0.057856465934237156,-0.021491752452271355,0.0036626010163824723,0.017652245282269642,-0.02460154804550703,-0.02277071118872093,0.022027650347695275,-0.022541527756634466,-0.0343339585519908,0.034453053483451686,-0.006095617815516963,-0.005781442309258079,-0.00010253450789044535,0.0029805471122448125,0.017649622129415003,-0.010717920893052317,-0.011511166937071354,-0.003928503871079071,0.00784446006275201,-0.004797719762441398,0.010821374621904202,-0.0004731459806373001,0.00015644290130902288,0.0008352154038293346,-0.011410652783752182,-0.0013939851781441263,-0.009325868149438296
M5|C00035,0.05175547026636103,0.07238937414034362,0.007366478722170904,0.001798375691974929,0.006083493576426976,0.02704915450410115,0.019573320095474304,0.02013915404249137,-0.02091149889460559,0.015294165584000602,0.001216864016592919,0.011133012181109117,0.011458459204476152,-0.000457907212369353,0.0002473861683405495,0.003366234434650488,-0.0017157004011907437,0.004189475283625487,-0.00200369891675658,-0.0056049382798457,-0.003384821554200849,-0.006412133693949814,-0.003488436005464487,-0.0017422123331372718,-0.01214478697746678,-0.0036362749639900194,0.002262233204473424,-0.0005556259875229427,0.0007454455495426496,0.0018789197682530347
M5|C00036,-0.0532866876215976,0.06595352701501979,0.0009416270432219689,0.054180519772918025,-0.008634166729806353,0.017952327731723103,-0.0040436520307150165,0.027692308792087686,0.004807211481588246,0.011890059070589813,0.012708959951244075,0.006301115532691011,-0.008675428516087375,-0.003728903156933757,0.008167262540805386,0.002778273314384954,-0.006026822345908641,-0.006740182155689641,-0.009716122868173334,0.0011131213150757096,0.008989641209449242,0.007556079976780156,0.008314999144562686,-0.0014321615870567588,0.00020504616567697904,0.003595959753275589,-0.002677686172454691,0.00169730966641624,-0.00072865444282103,-0.002891178192995972
M5|C00037,-0.02750957272077336,0.01386711930687391,-0.06643051858184142,0.005483032246405168,-0.014927956219649367,0.007653972623205948,-0.0212903023099417,0.009245626216933261,0.021373616117222657,0.007155831903325048,0.007077313010252718,-0.0011620859470474673,0.025424841702986645,-0.0036889662932710556,-0.008324806979440269,-0.018133589754821315,0.008667678939829823,-0.004960068730534266,0.00935596676354247,0.008473411794228931,-0.0034887132318551493,-0.019525687620263847,0.005024358465777454,0.00417801829077987,-0.004005909881690098,-0.014134059556897637,-0.020982453997994078,0.015994133821005358,-0.0013001855343379087,-0.00010369591810747887
M5|C00038,-0.021512023394332135,0.05110341112264828,0.07352581119632703,0.004251188661803408,-0.043337345066384744,0.001019020839567574,0.010985039740327766,-0.0031694352132994137,-0.028747442237789345,0.04676095026048329,-0.002998201630243009,-0.004012080394843261,0.01431632174586238,0.00018768093643944773,0.0003480696755956953,-0.025138465918947684,0.0008146791630386281,0.010776301895558765,-0.000931763134405953,-0.0007811959005435485,0.008612037078107317,0.010269772678927171,-0.0008437373167346753,0.008616901007642109,-0.005104500430228009,-0.009832989174870032,0.002535666692978792,-0.008415993582903158,0.008712320621743302,-0.002220028116847438
M5|C00039,0.06893834969627298,0.013652049279531639,-0.011237713895658669,0.029304001948394578,-0.01513114662027571,-0.02778650625741401,-0.016733814276299167,-0.03240497215876332,0.011631538839897182,-0.012640606866483153,-0.0024457577564356886,0.015065522954584505,0.004728508531304479,0.003687290225854533,-0.00044643157776494294,0.001532788777584428,0.004076186973533625,-0.009592657195909425,0.006286435963509295,-0.001063803134067778,0.00038564464673522303,-0.004229854303819477,0.0034112918739211775,0.005896521956637243,-0.005996409341523164,0.0037864370518492043,-0.0029274616305583327,-0.0007853829957681042,0.00045377860059584124,0.005196825054731208
M5|C00040,-0.22692327714692284,-0.15452449755588749,0.025495658011083704,0.01926091198517639,-0.03868527917400565,-0.0008792164346219109,0.03183796719389729,-0.0017527354897648203,-0.019733028315354218,-0.019308154696693378,-0.004917964378387915,0.003464480503069676,-0.004204094651293595,0.01572370843424779,-0.009243058832727928,-0.0009746999746248711,0.028231124034603275,0.0011930331481531423,-0.005613296130123569,-0.0055237574898638776,0.015795829619096136,0.009281376582832263,-0.0052330813089821095,-0.011414549134348011,0.000658597385480629,0.010577386235206371,-0.008056260563423427,0.012368330530973947,-0.014217882452662948,-0.014507141959395712
M5|C00041,0.0025821333855482725,0.06398305402113307,-0.04483810870317197,-0.010688583369931077,0.002720063021585033,-0.020848835568984727,-0.011003072203314536,-0.01671674928628203,-0.0055165161168559945,-0.003354054004592972,-0.010444876225435771,0.001793313275912357,-0.001817163597214958,-0.004615675256337792,0.008439537984643407,0.014216205572924233,-0.000621233708913326,0.004900229498062182,0.0004199524469053757,-0.0014148378043176975,-0.0067685384835409566,0.0019874242731216358,0.002976310325464182,0.00010154937009819783,-0.009184161159156842,0.0027714718924061067,-0.0019506367650560135,0.011925427277694852,-0.009202744436937353,-0.001057609118094853
M5|C00042,0.08423741466334855,-0.03788088936115612,-0.014517443369249294,-0.011718715351527966,-0.05059150443248008,-0.014396524064900652,-0.0129747434986806,-0.016946401814070762,0.03644587320179722,0.005257429645173027,0.012523114252352668,-0.02485040666404899,-0.0012135555223306634,-0.009830097713934217,-0.0008332969831878806,-0.010967622017073266,0.024901650868859676,-0.012331917486222851,0.0069927874756795134,-0.008393323765763204,-0.006321397428010077,0.005328461184896455,-0.008820186758427263,-0.014433494383900479,0.007061067467213809,-0.0074515735324123325,-0.0026730975179047353,0.004416070575764582,0.0036287307180113376,0.006617448982816764
M5|C00043,-0.07072631659738532,-0.00013501551563587508,0.05212952837449183,-0.002157250264526589,-0.019952148030962086,-0.017741706340803246,0.019889891017944913,-0.0007849481751174176,-0.0054629153213095446,0.009043259003896492,-0.022206913281124722,0.009065676289058066,-0.0037013777913232956,0.005646355961134757,0.01786717206853821,-0.004354310068516027,0.019281932788046022,0.012363304194859438,0.004825399098278056,-0.010840754326916372,0.008508486499132245,0.0008264886650908429,0.008144932896984147,-0.002746385365225895,0.006532368172729343,-0.002660755990120889,-0.012461261478953338,-0.005808539111347163,-0.005564813700124419,-0.002374948923509836
M5|C00044,-0.08893996747186571,0.06690800799453533,0.0217113780736861,0.04786144515432692,0.004427027212111502,-0.0058115861295124395,-0.005663258071088356,0.001272055379267293,0.00715766781237493,0.0014232958857358527,-0.010100268214000606,0.011642770078451003,0.00618872485938843,-0.006664959123130472,0.00997167139875502,-0.010362000938064999,-0.0013658082708556721,0.01179024937201412,-0.007462608716786015,-0.005460080959005716,0.0005667561546225063,-0.001656578329179114,0.0004995214986754532,-0.008340744755901726,0.0021889082293563658,-0.019471210454230704,-0.009566177900001645,0.008433042428755212,0.004130593055371457,-0.004102820876645544
M5|C00045,-0.14179795841404721,0.050832378721106034,-0.033839672111833856,0.018640628740968737,0.016577442444282324,-0.04186974372199513,-0.011196092093426067,0.012228347232865432,0.019153837829713957,0.0071980737845467446,-0.004941250970991255,0.012000833313509178,0.006727788503611504,0.007806187590288575,-0.0017804075655565553,0.004814642215869287,-0.0007991809762239545,0.007501248978509264,0.00785686109890179,0.0007636093430397276,-0.003087773381058986,0.0020859348437572574,-0.006786263125299401,-0.003666941095203282,0.0028549377881456565,-0.006340443049415254,0.002318779225327976,-0.005634246221164885,0.00015281848443628968,-0.0003630739729816365
M5|C00046,-0.044630637706097966,-0.01290079084204147,-0.014990595074776712,-0.008754367418900335,-0.02851005437278807,-0.024879763363178004,-0.001410329676479617,-0.006532658803882477,0.011859751131375334,-0.010198321041992997,-0.017476834375959798,-0.002392316104421036,-0.003476571760099028,0.01308195197402631,0.000579380320749591,0.015477862013161052,0.013372128855307364,-0.0025779346588565163,0.009036069074186099,0.0042843933128246334,0.002373229937607048,-0.0038410459798583828,-0.0013112918670868292,-0.0038866301992825443,-0.005812374886015224,0.004033704978232021,0.0007965164204402934,-0.0006020549833766265,0.002624423818941963,-0.0031727215113139494
M5|C00047,0.047626030692529735,0.015023034948844898,-0.025870828996934856,-0.00026943829850491235,-0.00783655926102287,-0.009879215818197706,-0.018192325770337664,0.017713549599826753,-0.0263675191516066,-0.02306065635724538,-0.0034280097919945052,0.005692258079574542,6.583562032343216e-05,0.00547006655502864,0.00873725151854389,-0.01917031210282865,0.005745906054239935,0.014535175265370948,0.003184559718072119,-0.0026956641237076626,-0.00844615943417456,-0.00013350243764141082,-0.016892256965658197,-0.006661448192506247,0.005490632168707235,0.0053473005377971715,-0.007938689757307283,0.004145558190640217,-0.007411931021117846,0.0008894460008224737
M5|C00048,-0.05998148398103491,-0.048572671480997295,-0.05610626054308923,-0.003409074362676414,0.013821857281406162,-0.026193332200448397,-0.01521681275459815,0.01024008389122083,-0.05439627504964779,-0.018524440559119965,0.009236612546723198,-0.0007262263808920738,0.013745250930924212,-0.014249243653015999,-0.023046933502048554,-0.0012697377102652535,0.007465613542221511,0.008680304970235024,0.006590802711630335,0.0030763328363726215,0.0077217638242415634,-0.031734902172690066,0.003262145862907575,-0.00491790304515438,0.011409794823872664,0.005049124351039495,0.008253555030088981,0.002103655549872855,0.002174993923342654,-0.028166576732212047
M5|C00049,-0.08068141907625792,0.0888554695910667,-0.027452557439938394,-0.01997538879772834,0.007083774853374012,-0.009105871808862109,-0.007425127301360365,-0.0077303477859006434,0.000818837873537065,-0.0004870451855384085,0.017908958665749767,0.012309906816969482,-0.0033527372608766026,0.005624376470463888,-0.006000175221834062,-0.001847344250532054,0.0032449542402940503,0.009401184496701393,-0.00108915791510146,-0.0005452026070033133,-0.0026816756062815732,0.001494802914109177,0.002138843775077248,0.005432983194662418,0.0015616746423496254,-0.008873293246466707,-0.00046723863131325675,-0.0013422511505309113,-0.0027600863543908983,-0.006956923412090737
M5|C00050,0.09090993930376512,0.03481486720674899,-0.017059510597023736,0.0020428762924697887,-0.010060981880197753,0.026454683864865693,0.007599166787378214,-0.003383944184079753,-0.009256340858189618,-0.0055164842223395655,0.005178287986699441,0.01217828292618321,-0.0014163680321795282,-0.0002276496669057467,0.005019870896771319,-0.009704113306194183,0.00224352429037183,0.006313510414664386,0.0047609781667176014,-0.009324817320876021,-0.00314513409147662,-0.010731075383050728,-0.009222178416881504,-0.0055771418874293556,-0.005550349245868578,0.0005710643513612377,-0.0028291950933965588,0.00424660833025897,-0.004046835526265974,-0.0004001897140631514
M5|C00051,0.091928159805071,-0.031486332670312034,-0.004939354454533348,-0.012913950907860097,0.01418963595603424,-0.03592086799330244,0.0033892660161858185,-0.011773407845688963,-0.02604832191516185,0.0022520511359474483,0.015125168636217826,0.002613198437537288,0.0019074433454626997,0.0009581065761453759,0.0037027639093114174,0.0025085081140084424,-0.01303089206275509,-0.008983027164994141,-0.01348617281549074,-0.012646217819413474,0.01229169327665937,-0.011742004131188075,-0.010299266370782994,-0.006026722798175187,-0.002900867597081675,-0.000273602450718134,-0.012591241246396687,0.0047111931362316135,-0.0063481207358725604,-0.0018525442770411155
M5|C00052,-0.21194096019946695,0.013207800853017296,0.07409384383104939,0.049283196519612334,0.05463828880210622,-0.0073759221415856885,0.04514439416123949,0.0018111367456026227,0.018801369414266515,-0.02024773618996584,-0.02881799572102401,0.01948071714769723,-0.024061929238137873,-0.007052163855605969,0.037266305028548455,-0.01825837776101023,-0.00908330672595866,-0.0016147436139715102,-0.025255580402624794,0.016108289127108377,0.0015383895126127695,-0.0040268485071351156,0.0010671023842618217,-0.017359561283208255,0.014647616309228548,-0.027077948276749215,0.008214981702101708,0.019609002514779462,0.012549361324406472,-0.000962282263306081
M5|C00053,0.16055132113860457,-0.08320419905499254,0.01566755658697107,0.01308871291795056,0.007758388777550057,-0.04886024327727135,0.0068278585205101775,0.010402300846807069,0.029616948985487022,0.0014464480481961618,0.03749908457606493,-0.004928712692775315,-0.004840085396179172,-0.00448367551074709,-0.011398717015761742,0.004077047119592815,-0.006120260511660435,-0.0007795046108912434,-0.010626417226225907,-0.0018130950644562748,-0.00329477740979881,0.003642489878433544,0.010195850460447568,0.004012794547051586,0.0031500526930746207,0.00409011499606904,0.0018027466984266182,0.004030196487022333,0.0012056131562936023,-0.005254198270164483
M5|C00054,0.06871855312738617,-0.049273420408184575,0.04527626320404731,0.05950823440376651,-0.02290043774438508,-0.014710249443723544,-0.007495761058601156,-0.007634146029751572,0.008651372251249054,0.007321652454952322,0.02726563084668542,-0.013446248413463948,0.0019477963702722268,-0.02959119917179504,0.016328569550713375,-0.007109486622079102,0.001066090476341153,0.0006978910518579807,-0.003998403341471028,-0.015819770094335675,-0.002505394439154041,-0.003253049324533775,0.0011184078768742207,-0.004002567998864888,1.7541386080524688e-05,0.004602865728481881,0.004028406315631564,-0.001073460793006798,-0.0062479331406613365,-0.0028137941817951238
M5|C00055,-0.11213185476713439,0.02714035108005448,-0.04663773114388637,0.024256032945215687,0.01317507957451473,-0.03445264577106302,-0.01507390266275098,0.0020457689216294038,0.005645539203418141,-0.00011195587090202604,-0.012152743548782314,0.016102616217266948,0.011971517015647946,-0.0025862428940558674,0.005629984316229255,-0.0005210853217691232,-0.006164490191813511,-0.0012701995827954296,0.0015876189264458212,0.005860618205740337,-0.004843346527323574,0.007047345257231097,-0.010049903442681089,-0.0008683658677758825,-0.005662637085457333,-0.004159137897837532,-0.004580796816077209,-0.0011235110449596428,0.00030759986817959937,-0.0036656667841036207
M5|C00056,-0.04665387402472045,-0.041617961075466496,0.1401820416611154,-0.037425168377613026,-0.04568934940058162,0.005466746563939895,0.014180325659976704,0.04277472752932344,-0.009201086209132544,0.00015025012662148307,-0.033892660130056006,0.014359417804547487,-0.013167350966172482,0.021552937856593065,0.006310933354813984,-0.02251973889257078,-0.03161779609191418,-0.030139372742185443,0.013059071775875002,-0.006030712654930742,0.023090535918016193,-0.023051604691742226,0.004996283012047725,0.0008239692900967852,0.017489763132837597,-0.0057742984101724825,-0.010567734236552632,0.0044096333861335345,-0.0018149090254958604,-0.011544962025857045
M5|C00057,0.04142540785682025,0.035069420887747706,0.03335936900951774,0.0001642868863872451,0.008748217790353886,0.0008366791675994621,0.02720020494572346,0.016172797093127484,0.008361015691575813,-0.01549457839733296,0.014788852913060204,-0.011463295285967312,-0.0025560139116385236,0.006380445257651972,0.011873411155135157,-0.007059421477221969,0.009815345787461611,-0.008788266364884967,0.02198277700713577,0.0017169120231252484,-0.009732608964976597,0.0015441300058494634,-0.006771720878575946,0.007710579632692879,-0.008374240718183644,-0.00020729250824484818,-0.009522484506884662,0.0034546578096526985,0.0007524298823080971,-0.0016906250667324215
M5|C00058,-0.06899197513374984,0.08423860341052745,-0.035482842893906914,-0.03444451521320891,-0.00392460774913524,0.00037866843779951526,0.0011962566399819977,-0.008840293511308626,0.015581141343292715,-0.002072732560649318,0.024449746714832556,0.0030046311788602736,0.010499557501089274,-0.003748955705672876,-0.006931787778907924,-0.0009529888094057511,0.014398978288395911,-0.005336609743035405,-0.0030047719767361753,0.009510167874892964,0.0012836501109075354,0.00044198211992649706,0.0017002684196613116,0.01445315920341169,-0.003109678859717922,-0.005233276789717127,0.0012833841736664142,-0.007385641611588238,-0.00015080831484195516,0.004896342235301292
M5|C00059,-0.11282192916140579,-0.12749628385289707,0.010643722782681202,0.00487860701419538,-0.033856091024563585,-0.006359153409214747,0.015158209370858666,0.006359571544672377,-0.02286132960367944,0.004508959816437708,0.0005193597505855251,-0.003950690036317899,-0.006114518878663497,0.027585172148573766,-0.00842991825922962,-0.0018317581738061775,0.0007253813641671645,0.010558957771532502,0.011100848984471357,0.002035572398654332,0.0037071822043495406,-0.004165835267654499,-0.0008641105813271091,0.0059004857797273925,-0.002085707243618208,0.0024478290434783697,-0.0072843687659956404,7.942213741413072e-05,-0.008920367014836159,-0.0010984783085702919
M5|C00060,-0.10838799913673167,-0.026712403974817056,0.05298269556972587,-0.03436961261615735,-0.04454103584946554,-0.00606228862046021,0.012014455654121398,-0.001995112955329799,0.009208174395601799,-0.023647638937837986,-0.008553687582146328,0.012736852799665526,0.0023009255019293836,-0.0007722274520870389,-0.004222861994015741,0.00488305860898494,0.029960972950556913,0.0007803075762492482,-0.012354755191173931,0.00045205260212326237,0.005422058247179641,0.0011560205896961689,0.0017789378797343576,-0.0005741678606151798,-0.0018541445571644952,-0.0007681340962104882,0.0036064420318247647,-0.005826122948063422,-0.006012812179829387,0.0019358971320441974
M5|C00061,-0.06831672694695327,0.009768954962470265,-0.062781605416887,0.004244049227499765,0.0022135614590363404,-0.022541031959673795,-0.018766420588050975,0.018529226999205672,-0.0036950886593657343,-0.002113908973948792,-0.002165174518657802,-0.0023359121690366903,0.01971524616307657,0.0004992063539190108,-0.010178520196696208,-0.007910714837262987,-0.0009857817674351283,0.005685657085875134,0.00627952868341216,0.005391358185357416,-0.010368811688266774,-0.002112352677095903,-0.00482844114234843,-0.0023259721737295984,-0.0057522702658637645,-0.002224023761300547,-0.0006427293625781903,0.01396667791974307,-0.004747901314810187,-0.009425683373052818
M5|C00062,-0.10798431845020583,0.03474208832439511,-0.04001223128468767,0.01467953429558864,0.0024722580280086845,-0.02057591466469507,-0.00671973849075451,0.002932128946414775,0.02280481487959363,0.010867567423567974,-0.0035205979860329023,0.020032974189118938,0.009662571115833924,0.0017654549571765237,-0.010410429013950352,-0.0033241116581023845,0.00331570711702852,-0.0067059908424830445,0.0032901875319312312,-0.009518361968800286,0.002956076553859522,0.000325395081017504,-0.0001762126124728217,-0.0018131308939982485,-0.004479118168026777,0.0002455430364634785,-0.008134627494942943,-3.75979645672549e-05,-0.005751601245472828,-0.003481556273146183
M5|C00063,0.04261543001685541,0.04868625978332697,0.0483198386661066,0.04976784132277453,-0.034921998831560774,-0.0002229747010086485,-0.017228383746640704,-0.007202997316532877,0.006962326498622992,-0.00090712561980997,-0.01072611954919485,-0.018017125190590424,0.020441553884264784,-0.0004590306699021989,0.013805962654421439,-0.008321358064613486,0.009737052516119322,0.007419053054112091,0.0015923843414776709,-0.007795662025924996,0.001751420647129035,0.0001836070339382388,-0.002415640003483554,0.005980850473770474,0.007120929783386432,-0.003235884154705868,-0.008034161648145927,-0.00044846943732754663,0.002732025591217738,-0.0008488985672638955
M5|C00064,-0.1422912979389939,-0.07384677790375063,-0.024836763238330666,0.044887012758353516,-0.0025046422082674784,0.014352457589594724,0.022890312707368885,-0.008492744883070067,0.00842336149610554,0.007058875588869447,0.0010538231833350283,0.005938228850890384,-0.0006388121084590105,-0.0020614239962740482,-0.011756076955597647,-0.005939328017115858,-0.004779763887093851,-0.012477137541189166,-0.012202084239764847,-0.0006006200743595337,-0.002726084211350679,0.008178065686478409,-0.0054425624201249615,-0.001040602676395687,-0.0018937919822780147,0.014962329447670395,-0.009220736399496391,0.007085359740867269,-0.0035859305253725486,0.0016398712777438683
M5|C00065,-0.1458107996583631,-0.1212635025447562,0.008714882612969075,0.029845070018013824,-0.02886816769187277,0.02115046266474708,0.03209178406311903,-0.017588685622987377,-0.005864802486613541,0.0023922402080615666,0.009446724621305424,0.010974000000958523,-0.0005588241062431818,0.025418334699530667,-0.007890524509436473,0.00022584601393511934,0.007485485121239921,0.0010272077305791287,-0.01294763241490033,0.0040188233874110255,0.005253731756965126,0.0049506628743813015,0.0060160100122293135,0.0005049656769877116,-0.0008566721316896287,0.018623049024575844,-0.0037284160503500865,0.0008167259515078634,-0.0016764646465368374,0.002535125118762019
M5|C00066,-0.09813380306218725,0.020993929861446395,-0.056085488275234276,0.02001920993951754,0.006154125271272543,-0.018795923432153482,-0.007932665111180662,0.007049036199192706,0.018412338481562016,0.014670138204366023,-0.0010382461368637075,0.007744307278908002,0.012171703238841307,-0.0005299349215742216,-0.005742864272788667,0.00010277710221590609,-0.007085240603673449,-0.012356171156112749,0.0050664543814619226,0.00608107768534031,-0.002671049854342876,0.0004790848246542607,-0.005538405002961321,0.0035375292195995163,-0.006022635198689118,-0.0014463750028820815,-0.0010048692845313068,-0.006633293403335468,0.0009138799125271488,-0.0017194616524421964
M5|C00067,-0.13045127656110506,0.027435052366659964,-0.022975045701278982,0.03327360127977112,0.02220122698248183,-0.018531945170406707,0.0032648199190810413,0.0010178581400084267,0.015998472941860988,0.006053185974381261,-0.00923940979334488,0.01688070172877254,-0.007089382688855306,-0.0062371838959341674,0.0023230763638999014,-0.0024292700568110254,-0.004942474248702125,-0.0018995967773482079,-0.005757945550725002,-0.004700712410028479,0.00202007724133733,0.0080217780626281,-0.006200437609650429,-0.005241686184135892,-3.1527929577265726e-05,-0.002092691356379085,0.0017060867901631867,0.0019060097693118542,8.690397903521342e-05,-0.003102129247522965
M5|C00068,0.114817141492908,-0.020018076558185657,0.001025204214302536,0.012682415446919481,-0.0046350724810481055,-0.013127882385605335,0.00015928226946782691,0.005068988992302185,0.00022311531174628183,-0.015821694083360125,-0.004608048310496266,0.0028695936117897865,-0.003235755401649045,0.004054082967044232,0.0004890039924322281,-0.0018858482682402972,0.003213849004852009,0.00010278717769359353,0.0006445041313150851,-0.005366746858668404,-0.009499482240580781,0.010025270411241134,0.0013845956724332664,0.00623487632186143,0.0005357311015134916,-0.0019279537369251746,-0.0005991905435022165,0.0022089849246012504,0.005454545370831609,0.00512819609094859
M5|C00069,-0.0346543010645439,0.05127550219316171,-0.0056551056810436404,0.03556712691510779,-0.016305828771588798,0.0001831935981708466,-0.016997463376410456,0.00841011922060055,0.010576297028000111,0.013034270260043274,-0.005049355477624479,-0.003930739936819136,0.006120657042192122,0.0025092611576721566,0.007835751445863336,-0.0067693706627577465,0.001927182512135421,0.0037281091012366964,-0.002178176868630744,-0.008737283388742797,0.010931771921553493,0.001461384981102134,0.0026256269666129206,-0.0004261716683875116,-0.006074354460418346,-0.007840305751855115,-0.002084795392912935,0.001344693129286571,0.0006001713762426523,-0.0030651198340203236
M5|C00070,-0.142966746414167,-0.11120636147497404,0.005793435744896192,0.027651193673530854,-0.028070274423434446,0.02323206753473404,0.02873592801046839,-0.019027838494624853,-0.003213507261441712,-0.0009964850537928396,0.01131881652583845,0.010621290401101512,0.001866612929225663,0.020337735396910566,-0.005790855341287583,1.7786748167665478e-05,0.009638626905176716,0.0022586231851094334,-0.01635478832785976,0.0027211204325286193,0.0032647884920698543,0.007139641724206123,0.004893590466719993,-0.0033172860483334484,0.0005605047431446282,0.00866059864675801,-0.006460749398821355,0.00021260068272142203,-0.0050485500949195685,0.0043467365728545515
M5|C00071,-0.021102218035804858,0.08353459851911063,0.11347974822225587,0.0618042396850206,-0.00554951436295787,-0.010866043320423839,0.02056120995019718,0.00026612038532530303,-0.010727162794740834,0.03485349672974042,-0.03330305881495742,-0.045529943995156724,0.05275259523831728,-0.0017692398631714075,0.010959492117438468,-0.00406004566166488,0.013288163424616103,0.023030961867736455,-0.01905804442529141,-0.005253841819954953,-0.0032608222375337397,0.004443258378186453,-0.0054993616273077564,0.021127496482231948,0.0028973694484772466,-0.0053499871290666684,0.0017093744088524426,-0.011724879234479272,-0.0027964886171228842,-0.0052896272239318825
M5|C00072,-0.0726111285680551,-0.016289230882350354,-0.06341871429589373,0.010597787950376188,0.0037715769881392185,0.0030244447910668898,0.004426194054167278,0.006247524461689012,0.01325800692991914,0.0077489802245545684,-0.0036887190284357646,-0.013343812811940092,0.0030302237433722807,-0.0028924838181747813,-0.010765558099915374,-0.005022422019782278,-0.01255105922682985,-0.012629627861356478,-0.002046051801088768,-0.007960215351870433,-0.006544901010431415,0.0036363883023932484,-0.0030712165324312457,0.002301205485776598,-0.003432581787898674,-0.0039388957968362875,-0.004381766969112006,0.005077141087791634,0.002867506113579221,-0.0005625838772367034
M5|C00073,-0.037797999138855426,-0.0035991694782894637,0.0451853482082872,-0.044944205002248855,-0.023034238623515762,-0.001994801075885931,0.007835587813471729,0.01407252831713077,0.0069813900273058005,-0.010819613017308714,-0.01940190079972643,-0.015155373351910738,0.005373025672360229,0.007785132387073402,-0.011839883445571828,-0.004952730004756709,0.0019592121499315694,-0.020322645333856564,0.0003323113782548549,-0.007102272934184444,0.0015379179653575786,-0.003822715275662669,-0.0033511321271907186,-0.0029113571769171674,0.004963561444718677,-0.004950525050900625,0.007068416606215615,0.002585647512529887,-0.0036335686942379087,0.0005402901896646572
M5|C00074,-0.10683104796938003,0.03679124266953054,-0.0401868234468356,0.01823885072125983,0.007305667714889121,-0.027437490928236507,-0.009666543872960938,0.005522487513523961,0.02148079074987448,0.016313479138866608,-0.0045322965329212305,0.018743542193750563,0.012946194435932945,0.002672397833258474,-0.007294830465180215,0.0011798543291130566,0.0011119779664121678,-0.004610265507150001,0.005144866369830804,0.0018168531700790964,-0.0013695419295744902,-0.005006797380725251,-0.00658388008180356,-0.0008332421752052165,-0.0012729787515212171,-0.0033562082136087633,-0.005119194437909022,-0.0031935643274185474,0.0002330647268562678,-0.001793733663737608
M5|C00075,0.0712617045936256,-0.06066219112154672,0.017265512361576495,-0.013949397278687945,-0.0008434821647632317,-0.028905157981525216,0.007393914164584023,-0.00847551124255545,-0.00753127197789653,0.0034977360200030925,0.010962730447584775,0.01585093375115603,0.014034977300014271,-0.008636998824707526,0.002566621013495847,0.01089574404834105,-0.005792918731793625,-0.01304947476315843,0.0001633602672905577,-0.009110351513374864,0.007229554142886385,-0.007146456126754285,0.00451397778752853,-0.010648449971789575,-0.0008247387858486788,-0.0032184398053983214,-0.004299174576367519,0.002870116110107014,-0.006165858978914205,0.0011805507905290349
M5|C00076,-0.10701024773885266,0.05460980668898205,0.0024996163629893296,0.011741443292182071,0.016990411209386054,-0.033690711848946515,0.006044161501930057,0.009777596990121765,0.013979260175206487,0.007900739806466394,0.005886947641371644,0.006994827046170947,0.010130830034312551,0.0003640357484069847,0.003493662781391702,0.0019913280614554233,0.005734305509893842,0.012115471095253976,0.0024000455236302984,0.01300890616544247,-0.00697067185540548,-0.0022420926569093123,-0.0008901884077676879,-0.0013874451752116687,-0.0004838412277551775,-0.006378377624462208,-0.010852899663245921,-0.002926654426271629,-0.003525283063051599,0.0004440312404641692
M5|C00077,-0.11248627829157914,0.06264628876662964,-0.013598384408203962,0.018404969778233447,0.015476552649819005,-0.03984689653565336,-0.009703233691870672,0.005671136922870593,0.011553102097398635,0.005672492904085767,-0.0046424156247252156,0.02418784774042271,0.005465962168693062,0.0016150701826835915,0.00015395461308402976,0.0013173178639812766,0.003169226022590585,0.012812356131621978,0.001030246543605281,0.004303399145412264,-0.0015439024945356297,0.0024411937092174542,-0.00553104425754467,-0.0018975248443465688,0.0030982370377990623,0.0007774921089067262,0.002925546331982318,0.0019823627613871314,-0.0013214900464853464,-0.006774518952400719
M5|C00078,-0.10967244622820531,-0.13858610067877328,0.03791819360329131,-0.008188067601163553,-0.0395533943398258,-0.004301540856712839,0.022055837191519535,-0.00028047790461809517,-0.028714366520872975,0.01297927988146755,-0.006134661614913125,-0.0005818739398090685,-0.019436089054738367,0.03388354421372965,-0.005388378922331402,0.0016291043796261978,0.0008158715335251956,0.009778929751696025,0.016871876540606078,-0.007716902908963995,0.01042252459180451,-0.0006043545774924267,0.003058225982295395,0.0004366383343501385,-0.0010956128098318354,-0.004418339025079193,-0.004138639421550966,-0.005073614008713806,-0.002407185943931219,-0.006527145457878869
M5|C00079,0.023240091775050403,0.07847831361680135,0.06768722236584812,0.05333386405706953,-0.03685745314390408,0.005131819670314207,-0.009341967020823301,-0.02320443105890947,-0.012477934616445648,0.008077579335683273,-0.011285029186345242,-0.010983951887962204,0.025364774434000217,-0.007671995871715394,0.007653975934723451,-0.007346567089493397,0.005667849199799653,0.009149746690983453,-0.00765433777143202,-0.008162341707053444,-0.007736813656096243,0.005368853930082199,0.003806108197706424,0.013367088542510496,0.004317813912406886,-0.007051894086546205,0.0007125874285028466,-0.007519348945705816,-0.005257304783669187,-0.008245001439087624
M5|C00080,-0.08654535250970655,0.09839858419003819,0.02814015705509498,-0.010075516065929851,0.022744232057000456,-0.023778170897647045,0.010676353019144099,0.004602942044879077,0.009633565753027762,-0.003980787254476677,0.018915534334909348,0.0002023882953273662,-0.01582052331130286,0.0032441363690097085,0.005824921235731458,0.00818831764981712,0.007837853499928613,0.030451216975073046,0.0013558471309075715,0.0038263575456010043,-0.005281207288169802,0.002329765013620482,0.0067480062357912225,0.0017674971504651157,-0.0024546477368688367,-0.005707532716532117,-0.001594750575020555,0.0031989611872298086,0.0009422712327528018,-0.005421120150906276
M5|C00081,-0.03818023760512914,0.07589796131871261,0.041464767918697444,0.016408311754567324,0.004386101769553996,0.004833009871191999,0.009080138559643266,0.003713144473575928,-0.001802739878919125,0.010046842583040288,0.0024580658793855355,-0.01214413015422633,0.02459496099677244,0.0036886596122637167,0.0009599284155191966,-0.004756713583137079,0.0036776606323058215,0.005195674387165111,-0.005807749765268407,0.0012025819040879684,0.006821920625476645,0.004785667297629457,0.004942413771439521,0.0037022176879243046,-0.009350821539680552,-0.009498018623642315,-0.0011889408922019277,-0.00616536788053959,0.0011677543699030847,-0.0030198573127767714
M5|C00082,-0.1393554802002537,-0.10097238371682797,0.04485240802886502,0.016825892447669057,-0.015451649869243364,0.006575820992553538,0.023908115359673597,0.0015047480039717459,-0.008654150639004272,0.01361823781485892,-0.028940177265140105,0.016198745696764192,-0.031818817319681045,0.0072256584341310855,-0.0044951022239436145,-0.0017884388821876188,-0.010203111342174533,-0.0006963571144408022,0.011809689375714152,0.004181876015089132,0.0069607126957817326,-0.01719904490399625,-0.014401282194331616,0.011391672457720143,0.005796427821896868,0.0031613287986215675,-0.005443430707594919,0.007152962192402817,0.016099168750758133,-0.0121989075929046
M5|C00083,0.013523525141065881,-0.026122813226835732,-0.029509609657625883,0.008549860893834835,0.021631421457279254,0.01525704891951683,0.01739958811070633,0.0029374282766314536,-0.03169625249427986,-0.012374448139948781,-0.001374215288437474,0.00020044461098546042,-0.008030251069980706,-0.0349255073179694,-0.002869636414494624,-0.0014802417178715497,0.002935799078333465,-0.0027194311235092436,0.005450061983992104,-0.011888902583018605,-0.003543261170360359,-0.001696286801349539,0.010112718317868799,0.006474742179946675,-0.003914186151602056,-0.013171872386811287,0.007972745464048072,-0.002189264615752732,-0.005568173029198475,0.013779230196510135
M5|C00084,0.09827358186492499,0.008694967154623695,-0.01206315756929844,0.009731576995407429,-0.005494632344578002,0.005909138260074522,-0.0006212575397336862,0.004780448495277773,-0.00589592584272624,-0.007438723226734297,0.004351698232928166,0.0067917953485612335,-0.0002294002283932855,-0.0012703976707797622,0.005566328295569373,0.005543846495327072,0.0021446735879780557,-0.0017067070784999307,0.004395800757718561,2.8592671249342487e-05,0.002805040949460454,-0.002692398508481864,0.004756194950105873,-0.0015861795341192263,0.00251484202363772,-0.0038193232173426082,-0.008703162004908319,0.0027531955638923234,-0.002811084570833011,-0.001431659387210102
M5|C00085,0.10606562616846982,-0.022022873414874217,-0.015403623136158439,0.007920082826295761,-0.01429853877756243,-0.015288195150681362,-0.0031377243779725224,-0.013326723439197519,0.020513950468599038,-0.01162375917872902,0.0030614447915050086,-0.01345569465097152,-0.0034565938551430623,0.006255927964949742,-0.003321245886535051,0.0011596824402163965,-0.0047963369401547735,-5.783209290953971e-05,0.00951840472184394,0.005314198927721488,-0.0014556191978197216,0.004310739843751106,0.0017295918471919918,-0.004014130675865126,-0.0007563673336524144,0.002761866387594712,0.006598468257840381,0.00553007453474198,0.009168076074511722,-0.001550695199792403
M5|C00086,0.03072715937544255,-0.08485646863305771,0.06446003748561524,-0.043250730213610415,-0.05653153802252214,-0.03129090437147036,-0.007050098918053741,0.01405189372483577,-0.0061149216519792516,0.023003183866586077,0.0354494135365853,-0.0031124999617799095,-0.0024356169276912192,-0.017793212128504963,0.020518748839595816,0.007341633395241673,0.0014473814654770403,-0.02234060637127389,-0.011639399625233299,-0.007572916652428313,0.0006928257369163604,-0.0029268143500370755,-0.0017647881528497097,-0.026092624679975345,0.0010424887959609031,-0.0022778232123856976,0.0024343147840787858,-0.008647896729527942,-0.013129464721454332,0.003695680506065094
M5|C00087,-0.07419640073539815,0.05495611535417066,0.010063720054833218,0.017563909947410777,0.0052613533660048895,-0.028567962881838285,0.0059771700078442725,-0.0004092860705325641,-0.00013224008218578915,0.00948282216842963,-0.0019503310877421042,-0.0068844695598520335,0.006159132709616135,-0.009943810179974725,-0.003403773160362096,0.012595721866753937,0.0051410938185299905,-0.0029600609472606406,0.002553658791289134,0.0031110497427325567,-0.009589468957178271,0.0025642543019781623,-0.003150523166032583,0.0014289932009533407,0.006383444264001121,0.005563321100954787,-0.005172983552083052,0.00040698891323378883,-0.003950919621392433,-0.0030472214756192928
M5|C00088,0.03683326080407855,0.0332928864021652,-0.005436109785950624,-0.022104238986419274,0.010789210630089408,0.016217992329946723,0.01688398795503555,0.019786752252476683,-0.005423221480184559,0.005005132943345707,0.01887261060078781,0.008222711075574797,0.0011126777598336477,-0.00430523895855534,0.007229192400783182,-0.0011840315584875727,0.0025533476144054368,0.0027320002510962294,0.006973095016939264,0.0008115337520760311,-0.007243060526313384,0.007459801930731496,0.006363274307283754,0.010745433421062262,0.0027572206426090635,0.0025584893890040054,-0.00035358401916559125,-0.0008907710776061882,0.001358109308328155,-0.0030590995341235145
M5|C00089,-0.013762535802544074,-0.01323655137739909,-0.018160138578548278,0.03775371225042818,-0.0012300731552536074,0.01998451825317331,0.0036522094184987795,0.013720595039184654,0.007815038782296405,-0.010225013290665708,0.0030151874335921434,-0.006289514014120543,-0.02308438256367163,-0.02101838139510428,0.00026000159579592306,-0.006291059347225151,-0.0018339957072579954,-0.0013050949160888037,-0.0044619110186016496,-0.00273377451585582,0.008755420085203495,0.006894078253307646,0.00615244151421714,-0.007819602443108932,0.01026655383272372,-0.003227924156074488,-0.003766162335500948,0.003924481149666488,0.0015152619577076811,-0.001125565833470692
M5|C00090,-0.0315933337208847,0.06192442927148133,0.021412882190231183,-0.031417419805018894,0.02709946937195797,0.003962179351588024,0.03461506146317823,0.0031802640761586514,0.006574213962417862,-0.007405414104934368,0.0172251831096559,-0.021105119042128015,0.009005132879657932,0.011584383467423158,-0.004646627447767232,-0.01750112689344565,-0.0007568030974929011,-0.009689902749370939,0.007195460173988284,0.017808666769837722,-0.0004395317268726133,-0.0018829318908337117,0.0037210726553712913,0.004934035314739396,-0.004220585459732096,-0.005430243545264011,-0.003968510092565366,0.0007503003991750294,-0.0029275977091137158,0.001815570004274109
M5|C00091,-0.1024413391723508,-0.07104630233886393,-0.05426671014636635,0.027175622693480613,0.011482268346695053,0.0010078306657910002,0.010112181138140471,0.006866809384431309,-0.020091414481454368,-0.00965213192157551,-0.001466165293522478,-0.011724162025889025,-0.005656719867512371,-0.035481511048217194,-0.016158031704775085,-0.0022607316869590597,0.012477025053855338,0.0007075120435693906,0.002415781102921361,0.005182329773855614,0.0083087498092462,0.005852297148475437,-0.004693676783156993,0.001499930562900418,0.005588018785639725,-0.001526798218150997,0.003394978356209607,0.007236054687835687,0.0004892066833885253,0.000954048223626502
M5|C00092,-0.13312859223836424,-0.140252653241246,0.027122977405900785,-0.0012787527886805965,-0.04742504021191656,0.0010834474933058373,0.02541111717393973,-0.003634590545237078,-0.02089408075227128,0.0012519398805161373,0.007386876657710122,0.002894878058434833,-0.0050277403110236055,0.04208407335186522,-0.00611949428664768,0.012235287338063006,0.019270758010209183,0.01018611525016553,0.001215357879243037,-0.00014674110951538657,0.009685580332968584,-0.0007923728945177476,-0.00017817631066286118,-0.0056783616539869885,-0.0023735638414513456,-0.00300080811104369,0.002137887008246122,-0.005791594915670278,-0.009995713634405405,0.001763946762761115
M5|C00093,-0.06888491808376503,0.058424860435716215,0.019083503825520296,-0.033873738803163245,-0.0019884249701621424,-0.007069660211739378,0.013399572951236106,0.0045290410941057156,0.00615477465824087,-0.016184171698353025,0.009242672417778852,0.003630297633414497,-0.0033487239935568566,0.010603359414344218,-0.012600433378149112,-0.0025984227963069717,0.007985343588521723,0.0017764787871196019,0.002913852279759241,-0.008437599874516486,0.006370153064480051,0.0018574611732630794,0.006288707294869161,0.0003783725151031523,-0.001616562949870547,0.001022451072613511,-0.002936390193169922,0.007571724315952078,0.0018329235138165054,-0.003954630822955734
M5|C00094,-0.04435451078883501,0.04001992415145804,-0.05704554315929805,-0.01626893960556158,-0.0033805811935177983,0.000464172896440963,-0.006143318448517912,0.003879853136131848,0.020800401991937594,0.010008644776571372,0.004842350406132381,-0.006865706026371299,0.007927228200964987,0.004659098300322609,-0.011557839790217383,-0.000486333316274034,-0.00137078774828035,-0.008869396190148631,0.0016449710960584102,-0.0044207153638758595,-0.00045960202842213296,-0.006284040509380586,0.0006684357629368283,0.00577870325705005,-0.0028474879205603034,-0.006513346176002304,-0.0014630464725642418,0.004173468185729074,7.819520922289866e-05,0.001908139820122336
M5|C00095,0.11273093992584031,-0.013527284285013088,0.0167332600015468,0.03212977483085775,-0.016563189906790135,-0.011800108952712053,-0.014908111254415485,-0.005924755415605768,0.008240891788453695,-0.01455268449464705,0.020632407118241207,0.007581096814388372,-0.0012377077967996235,0.0033052840943153194,-0.013534103965490726,-0.010164932456985352,-0.002682033981156969,0.004680785407093462,0.0019816692529479128,0.0005442157456156582,-0.0009896265413312736,-0.0006565102541720319,0.008394982629400898,0.0065243060546694535,-0.0012173243151264094,-0.003634866448291513,0.008726936640724173,-0.002637375000492746,0.005616412295471161,-0.0006850090129289484
M5|C00096,-0.13265508679479573,-0.09341151511223617,0.02690357626509111,0.01133210446731703,-0.014592661439529092,-0.00046718396277458833,0.0236035962676643,0.005868352169602033,-0.016658086339486077,-0.002007398910118174,-0.024882667116878573,0.008215501056713283,-0.02596050475167374,-0.00011924537412184898,-0.01042955280994777,-0.004502654308640281,0.0023259183327480684,0.004268654174884401,0.005828165183903574,0.00687945422855971,0.014002276129669654,-0.007748352543011114,-0.006788657256864037,0.0053229740719047125,0.0011363709093935928,0.005639881110304931,0.0025060945590340807,0.00733976084514085,0.007614195487925845,-0.008203942989124184
M5|C00097,-0.11830382067324031,-0.03831270844661105,-0.049401146753161006,0.0388343515403418,0.014563716212766151,-0.005921795265512077,0.004235119035478099,0.006141523630107289,-0.0009978438144288353,0.0015593412985361584,-0.006379953126045156,0.002031807692315939,0.0031013704542088598,-0.022263412570956553,-0.016212824165210877,-0.0037869478461683833,-1.8482422270654563e-06,-0.006385551721911252,0.006103583542947676,0.0073758026516340435,0.0028889503153107527,-0.0009636916593511326,-0.005504946720562207,0.0027782119640005517,0.005344404657707862,0.006299002016531842,0.00046118009467287734,0.0036685040935573623,0.006527610660351083,-0.003925971009452422
M5|C00098,-0.07662431958478073,0.05943184898018948,0.0003042383458472182,-0.0005308778967262586,0.00860586383091244,-0.022903549452010463,0.0012302529197933151,0.002108066151989829,0.013721997513182852,-0.0013763094240895534,-0.003336759486384787,0.00431879977460636,-0.005766139399754347,0.008151759531788408,-0.0026851188520438268,0.013469092994674817,0.0019378362989135442,0.005123225361400494,0.0024459781577154645,-0.000811024911528913,0.0020189845308445083,-0.003554066125118271,-0.0004624363219142425,-0.004793049167763403,0.006589229931341498,-0.008120069487186306,-0.0011648995630667784,-0.00426149203584695,0.003840178938560944,0.0018179091901242995
M5|C00099,-0.035559316119828654,0.04493691919439447,0.021396619068742913,-0.03696972987418219,-0.007072269381243453,-0.007573662542667536,0.008778238617029059,-0.0100283325060997,-0.0031434760678061007,-0.019472613939995945,0.010651926332471,-0.003154523682985709,-0.00028938226565853133,-0.004721833955607128,-0.010749331806212882,0.00948247211851456,0.006694501013291027,-0.0108766240638362,0.0034332502411041316,-0.00864655105598616,0.00350149607518021,0.0056886303368438515,0.006794606706559509,-0.0009371247614361465,0.0036591256610101906,-0.004620859738102903,-0.008660335753687102,0.003174486099790863,0.002100751046664749,0.0014382524468811225
M5|C00100,-0.007867711400037898,-0.045407920123750806,-0.0556550665204721,0.010493376058686096,0.005535785282587359,0.011779257691454709,0.0042687548078302676,-0.005372822734545834,-0.0032032466806948797,-0.007323429974368742,0.0051221243054000816,-0.014957588828443188,0.010378494804643326,-0.01655247907286344,0.009558838261332225,0.004954375758809976,-0.001283970201389668,-0.003757823769428617,0.008044733313138725,0.0009132424274227465,-0.004089706101075558,-0.008183431623739648,0.00136938357931953,0.005142038616106591,-0.010248087672981637,-0.0013307878170810907,-0.011313412055793089,0.0005005187577446244,0.0028933586657061898,-8.031690007573009e-06
M5|C00101,-0.1214012180099907,-0.023072323803744233,-0.04363861132668081,0.031987711910512945,0.006946700417065771,0.004363708945342922,0.010831724650319697,-0.0032245383407845177,0.014527357791608516,0.006777884397977157,0.0006002804877998572,0.007561165728577761,0.0017441237725362925,-0.0043065954351449096,-0.008334644330928316,-0.006412497688510266,-0.003889860588139753,-0.016313200439775563,-0.005361372840253632,-0.008246946354901082,0.0019064179039722424,0.01189444013809214,-0.0011194225028821393,0.0008099263884782662,-9.6261877346579e-05,0.004608906836753787,-0.006968246645874993,-0.0037727927514573613,-0.001968335031165877,-0.0020122142941487882
M5|C00102,-0.12393886512948005,-0.04085579823427728,-0.04166603719008044,0.04753878591775923,0.022431167769413687,0.018178500977108672,0.019188222290835485,-0.004930569605440099,0.0038509442238502233,-0.002893659751181635,-0.0058800898745632844,-0.0024645690542128766,-0.013692787192364358,-0.020863617766167186,0.0012246424603058362,-0.008634748645124498,-0.01075269115768978,-0.017249326499194997,-0.012160672646613599,-0.0051864855453278855,0.0007932408484109436,0.01721127130447647,-0.007365387828494726,-0.003094716022599391,0.000443025986347101,0.0012291011547622005,-0.002016933397586842,0.008285750701591014,0.0036664885413507666,-0.0036002603125981163
M5|C00103,-0.02206511913607594,-0.009319016996790866,0.0037495156094537276,0.021449487805369226,0.033722046772170625,0.00452580488219913,0.03332043416886445,-0.009630858848990233,0.004017784765733561,-0.011184028633259853,-0.018276421072501277,0.011636753865667728,-0.008197124822612655,-0.015497885973817361,0.018157344964409326,0.0009252370647403372,-0.0013361388051762095,0.010189744801896673,-0.0016891304825639945,-0.0005805019854835552,0.009549402835935302,0.0027639612699724724,0.009493130588453014,-0.01396765797140566,0.002011697455905493,-0.010259752325507831,0.00233504131148592,0.010308008720091875,0.005000154108390019,0.0002754377525992092
M5|C00104,-0.04745379799069663,-0.06314020902494925,0.020179883066439565,-0.04500509811971127,-0.03200203242677759,-0.005639020408974776,0.016810571301600945,0.00013876853558033656,-0.011309677516232863,0.01674002494144927,-0.019547007856337853,-0.0021662587372986825,-0.013276302778005402,0.01269803878796503,-0.008721453126322918,-0.0074473804437417525,0.00460227016901204,0.0021044533127374623,0.012269912539363334,-0.0023439828632269614,0.011842801296460252,-0.0032541244667865735,0.00844814986320845,0.0014394624162930522,-0.004263677536961016,0.005020345598069371,-0.004019494678347165,0.007243643255396162,0.004352848387979799,-0.005686423198475677
M5|C00105,-0.10507294172148754,0.03589627693807463,-0.005443108730143543,0.021617941117166552,0.028874007389452082,-0.0048780455960935965,0.010315822187682289,0.0025498322891303175,0.007841971914009776,-0.0058867391753137386,-0.014769320355995728,0.008156637562050904,-0.02004987099411703,-0.014495005846321126,0.009491311393578908,-0.0022571021941920617,-0.0031296680981757197,0.004647635119507317,-0.008394246525409592,0.0022997953809353916,0.006774585903018978,-0.0009885306586571126,0.0009347968666355706,-0.01116674631775228,0.003340855851557036,-0.011710885286193068,0.006229102863733843,0.00616894169009218,0.004426347310880042,0.0014067434751569594
M5|C00106,0.035703806036462324,-0.046953051473353984,-0.014299207357927174,0.017179400404953096,-0.008031304510536469,0.01004950298133332,0.00121208868646136,0.027344863950025906,-0.008974969571974365,-0.0015148951315473035,0.010837378898454032,-0.02000732304940517,-0.003004253555365438,-0.02175605140504082,-0.0028087408634025995,-0.011315623993340978,-0.003019955153433206,0.0033013688498382088,0.016312697405815636,0.0037461973678446126,0.0015541404267579051,-0.008306964444791452,0.006120445544814525,0.0020618306020807635,0.01140583780684071,-0.010873455830799109,-0.009816931703700871,0.0013634082443260496,-0.0006743194768722047,-0.000865766184992379
M5|C00107,-0.1251887817328248,-0.1479916254988631,0.04896618490381985,0.003948064281462708,-0.03979438592993698,0.003368534462453831,0.029548243946316943,-0.004527406179782425,-0.023557782114324327,0.018714393996078355,-0.013577440078028516,0.008144305433057714,-0.02364119911670671,0.03900731902719167,-0.0065031249626430815,-0.0009320999141601598,-0.0049135837794492135,0.009282743166642243,0.014056830025592038,-0.002560072078677381,0.005504731406878982,-0.005384553362010342,0.0010040329192585857,0.008132025871487229,0.002200431527111752,0.0047578449611920615,-0.009103832614183299,0.002376345259120585,-6.56950502252099e-05,-0.005176678593782883
M5|C00108,-0.09947636541971622,-0.025658566249306163,-0.008899301415971523,-0.02678519519877256,-0.03242022233501699,-0.02170101013815225,-0.000869348836037082,0.0012424891790539317,0.010762923043508087,0.01690051698387316,-0.004851734833762449,0.008828160950588781,-0.004203991559143343,0.0014988295783869444,-0.018938607014579566,-0.00552756339211708,0.02372434352556728,-0.01062215946312285,0.0032354679789623675,-0.011193817831028761,0.005190744138026173,0.0009291894953806643,0.005468645322952366,-0.00479705267133416,-0.004199309769739091,-0.0017496450865826995,-0.009701359450776189,-0.008060040386528576,-0.010609556863407203,0.002808338252235672
M5|C00109,0.05658369910788956,0.05243042305518378,-0.007178971348795299,0.008446291061551,-0.014518798871958775,0.01924635734524295,-0.010143243109428686,0.00033779440497793973,-0.002829350553824003,-0.0015853056587914393,-0.005128561824677381,-0.014965906152936857,-0.006661648643174234,-0.0012469959545118243,0.004516024974869113,0.00044012750423543884,-0.0023193832095574234,0.005912271441849299,-0.008180418524678162,-0.008759978096367835,0.009391791852806206,-0.004425215747523731,0.000369030481640712,-0.007255412654008639,-0.006688360934514928,-0.003996786656905034,-0.0058122022389145815,0.003913596764969959,-0.0006172712117321175,-0.005519378121223211
M5|C00110,-0.14727838745857297,-0.08769642072888059,-0.02362055361302267,0.0536087299311173,0.0038727075439089933,0.02208269050397143,0.022266737346525768,-0.007653425813222335,-0.002436268629997578,-0.0016169104591072048,0.0015833952425389583,0.0052685993222437956,-0.002061961476137703,-0.012979364940791204,-0.005511766386534332,-0.005371199020980729,-0.0013319865822908129,-0.00632947935438181,-0.013057455908205031,0.006861481628528842,-0.002940588080225013,0.010866752369619611,-0.010373729572440286,-0.0028740061010757894,0.0032054437408618537,0.004469607808507616,-0.009361700250676817,0.011830444707583402,0.002773008998786018,0.0034965410748228555
M5|C00111,-0.11151833995309796,0.05439607852102387,-0.02560963188471433,0.01406677112595284,0.011629392820794568,-0.025020746649150948,-0.0068535537425578295,0.0014379329604307873,0.017241631528914083,0.006551688575282726,0.0004897032267239248,0.018352646581188313,0.00021987163728819472,0.004723659012587444,-0.0031826479148671736,-0.0002080422092037753,0.0026817059393070062,0.0066142128259715745,0.0023867762271206883,-0.005110656489296924,0.0010818532333980522,0.003837393307113768,-0.004166447098326589,5.2234945314340595e-05,-1.322235239766567e-07,0.0013313062808645902,0.0004226837352050997,-0.000492073089317907,-0.002739758895869899,-0.006716460528095997
M5|C00112,0.010541290982328172,-0.04390926841327484,0.057114906458405515,-0.0050043356195185506,0.04964710410963611,0.022938288144231045,0.0028754628743577434,-0.006354422808668192,0.007150316322972646,-0.010375686089998093,-0.02638433917569433,0.001537516605668646,0.014783810565207464,0.0021352416819723254,-0.001964617527993426,-0.00989612480766807,0.002660545082047149,-0.007087031747373469,0.0014186420492703908,-0.0019537815240386535,-0.033200705675423506,-0.015496694681282236,0.036736685026895734,-0.028038853974536513,-0.005527031774211721,0.003984682951208322,-0.016364355694076967,-0.009858285676659063,0.004755750641422305,-0.0058786290612544536
M5|C00113,0.042912971397793674,0.031078338725513893,-0.048645397712433855,-0.05200732885292077,0.00507938198079267,0.02691149670748291,0.011142068248950391,0.0022597998008950086,-0.00011554958729207902,0.005322460232087454,0.003621827612836849,-0.010163739434385794,0.005831775247007333,0.0033479518026510603,-0.0011578998129046427,-0.020357850513825878,-0.0016687802624914554,0.0063473612610032756,-0.009842894130371097,0.0022761211433028096,0.0008820341288423349,-0.002337899790049811,-0.004563429556391067,-0.006086726860198993,0.013728479217466321,0.001263093912017453,0.010838560658852536,-0.0024906910156112143,0.0009773877301915892,0.0011882877344388148
M5|C00114,-0.015456099502060163,-0.020339079511280746,-0.05462785225152509,0.00478365841974611,0.01160261081805529,0.004895741606462758,0.016399235581571664,0.005450416557863378,0.007703753058012478,0.007579848321634365,-0.0047386929302008895,-0.0017652232481350865,0.011869302595141072,-0.009277226358007599,0.005418761079888465,-0.0013709985253102983,-0.00751984228691238,-0.003258030097292574,0.006992331435483322,-0.006988636967207872,-0.001267491048256238,-0.0042470276367170415,-0.0014406547284563274,-0.0026983609232135923,0.0016618439799736943,0.0035659001448523826,-0.00591592266831438,0.00647480599948268,0.0042760057264451005,0.000661302226983337
M5|C00115,0.11656110721289166,-0.043971931049774635,-0.01123081767153337,-0.004267914406157811,0.016455200470686458,-0.01605424895662661,0.0174376174219165,0.005760626703743003,0.010676673153355324,-0.005592558572418189,0.009431349680027389,0.004784650306586054,0.007583509935656117,5.257219505859907e-05,0.0045305622916617366,-0.0004356737861394346,-0.0012626199306481317,0.007745382480110371,0.005090202691897168,-0.013277515851778696,-0.0024959272763249514,-0.0012281397127625205,0.0022161234546115897,0.0021992910436433675,-0.005681241443047558,0.0034894855985558096,0.0010019400279394277,0.002417128438637413,0.003523225500233717,0.0018855554030891522
M5|C00116,0.016413659114736225,0.024366146649014788,-0.053307177240602736,-0.02012978914027299,-0.003546240827119437,0.0014419047603264857,-0.0010528876419407304,-0.008788036301215742,0.006880577938089646,0.000941910306923719,-0.004025706716942867,-0.00996834018605734,0.008525194858701712,0.003915442778257346,2.2426403022360403e-05,0.0038365769650071666,-0.005445708183370483,0.0004959075061910793,0.00367195499164976,-0.003707458747087332,-2.8166871388186208e-05,-0.00040594316789580156,0.00520712872722331,-0.00031402871541370077,-0.004667345933248045,-0.00382316328447142,-1.0381701342621123e-05,0.009130409882222053,-0.00395310440328687,-0.005238439711917048
M5|C00117,-0.14869527414710143,-0.06403569470052928,0.062474716323303515,-0.011889949772289476,-0.05104226352098769,-0.009026281622906467,0.02743574158095097,-0.007396746247351657,0.0042558889991335235,-0.01831580793291964,-0.019597974609049305,0.017398202215808227,-0.010848292641604128,0.022290776139354918,-0.0007100414086511331,0.003116443561688841,0.030385231263984604,0.003435366591752793,-0.012066682928742252,-0.0004986112742038509,0.008213377208725095,0.0037608813716795424,0.0014940219722702128,-0.005072200700109891,-0.003864703751110886,0.008185782073069671,0.007517332767035487,-0.00293295479283384,-0.012253941426615081,0.002134213276759823
M6|C00001,0.07741182564255608,-0.011330491089222442,0.10038665863358369,0.019197877983146466,0.05175049922617887,-0.05488894298986827,0.01018620489831636,-0.013172617220113977,0.004382929098645004,-0.0135981809483391,-0.017798022582289765,-0.009355251283465371,0.023487520824283258,0.016518537939829603,-0.009884134979005981,0.0053771885003419725,0.007846024464763035,-0.017682899508654357,-0.004165453236847468,-0.010102241884190578,0.0034822218080163185,-0.0039523780857107635,0.0012673431501089892,0.011282705863603274,-0.0009972317118578725,0.0006328109451822364,-0.00947207200951904,0.0005508649979999574,0.002615554646775331,0.0026218438651076123
M6|C00002,0.10343862070255468,0.046915585303073444,-0.05521794053500369,-0.00417331986084595,-0.021220995045851884,0.030829720229125286,-0.007702519738535391,-0.017392162781954396,-0.022025991479405583,0.005581365318986583,-0.031481956563194836,0.03421674450760299,-0.017524818911738543,-0.013438130839849226,-0.004998195693766861,0.012226681033975888,-0.0035099515360473748,-0.005817790435102255,-0.00392844581097526,0.0021963498912923084,-0.002183646869224953,-0.003695828522914226,0.0021138597750653375,-0.0006725814225654851,0.008198754977328023,-0.00716007462861405,0.007526671548037951,-0.010374311818431837,-0.01334384828576904,0.009189730631762736
M6|C00003,-0.0457029379046051,0.1264664002770268,0.05369775062384402,-0.04089358511451389,0.035378825849463114,-0.011653663116505036,0.04276851107558061,-0.021575883411164277,0.007965311081090358,-0.022851944578275198,0.011108606090155728,-0.013068372468137305,-0.012845005770377218,0.0018828636216781886,-0.007940020293508104,0.013460404261378817,0.006601980959775713,-0.004199387320007521,0.013190469774134498,0.0014540042293552677,0.004226822136004983,-0.002631523650377221,-0.001539931115339813,-0.010761360012070165,0.009691663750130931,0.004993220102895673,-0.006945282792938295,0.006562088086072235,-0.004526169649398819,0.007137424006132249
M6|C00004,0.14779416543842952,-0.03021573300623219,-0.03505965164504838,0.005501100237617561,-0.006533126835538679,0.013167222816382662,-0.05170012447113506,-0.005080643523842555,-0.004524870645563737,-0.014813552591407854,-0.034236325261739385,0.012680896825957246,-0.020440044739481317,0.01672142860446064,-0.0017931291742747143,-0.014491694847321263,0.005963981682534253,0.005958076728682558,-0.0062487068206331185,0.0059769632572714984,-0.005689003973620849,0.003874455848056107,-0.011470513213179488,0.005898791450188901,0.001674155061336186,0.0057844685528246655,0.006443661747815975,-0.00577078796144894,-0.00422728277776949,0.0026918265333497698
M6|C00005,-0.03676511514236043,0.03244821282428577,-0.04438593639187841,0.004495340771598417,0.018512152477549604,0.026244481566464122,-0.011366133176312984,0.02904778317945017,-0.021102872933717348,-0.021973690474404527,-0.008685130109630144,0.0009413019619482449,-0.02913288283424319,-0.03781985529662683,0.0031955398860835644,-0.014932209851683436,0.0053482868349669765,0.012544390250078521,-0.007561064380702805,-0.0034859041274368186,-0.002240565778979289,-0.00755446516720445,0.01725931282901704,-9.751683854265761e-05,-0.0028483001931886138,-0.010786124812970347,0.009566381486239759,-0.004841697524560969,-0.01313318359714608,0.017702777331610325
M6|C00006,0.09545810620230928,-0.016570925010439205,0.04047683492527497,-0.018945261635016097,0.026091269962414978,-0.04683547194206121,0.019765286945004602,-0.026167267034924852,-0.01926405664665206,-0.010669568364372923,0.021632907164024207,0.03723723239072238,0.010487323897377939,0.0009581809477277971,-0.013610871839004085,-0.006049309215379678,-0.005880359597232449,-0.02158332605190291,-0.011399191485975017,-0.007103358737485701,0.009757596923999447,0.0001887809271497008,-0.0035695976905528834,0.0036042443970323713,0.0034314042596748483,-0.004856387238677324,-0.007436517360155394,0.003352135320574151,-0.0029076898295772964,0.003591686644967112
M6|C00007,-0.03784604973979403,0.07366836328248957,-0.01592704476058863,0.014941334599283918,-0.020266146193327318,-0.033338597248538125,-0.03846837980609308,-0.01063239674809648,-0.0027509877691316467,-0.02100158248222516,-0.014174382254083559,0.027516778411412795,-0.00607940195974615,0.007396746511579356,-0.011069092073845292,0.007682895480367419,0.006226909194466511,0.0014297290986723251,0.005544687548801996,-0.004288131995697172,-0.005583089659631654,0.0008999940181262472,-0.0011046569313190814,-0.003930526345657368,0.009198354222900936,0.006805028319570174,0.003964118217813968,0.0020725906598659297,-0.004483785454775346,-0.0005606117037415228
M6|C00008,-0.006808987685072132,0.08238615999627591,0.032495463311767454,-0.024109568430038423,0.01059354196263792,0.015339089634479634,0.008932242240923748,0.040675992937271865,-0.007588837277596772,-0.0067539489117812105,0.01317230026000208,0.01030546686701115,-0.012610205338108305,0.0017671353999219688,-0.007440473770084103,0.010528751825160198,0.004239247726404243,-0.005232727370347697,0.00956086968369863,-0.022921483719898925,3.776955297466174e-05,-0.003177282965783414,-0.008530811617238343,-0.007921732182947108,-0.006903231694381856,0.005151706764037022,0.007471505223039323,0.002164066062471455,0.00983925779431603,0.004616138295607625
M6|C00009,0.05572805417133546,0.06880258919753657,0.030083691980703157,0.005248150532918522,-0.0038765739601946195,0.013759737792953206,0.013029088441432086,-0.0024850238838494895,-0.0017993448731619293,-0.004366518547471079,0.000608971155708284,0.016135461298147656,-0.0011998583901941238,-0.0027385874256294304,-0.01831792186590878,0.006407497039382806,-0.0021783009348597788,-0.007698464560034133,0.004477809215244428,0.005815720000357766,0.008510889302802617,-0.011246893554905244,0.004155326001864658,-0.009368652537768555,0.0025878886187702733,-0.009842355902888206,-0.0007282698870159867,0.004027852414257992,-0.004767335699054242,0.0035813184690457827
M6|C00010,-0.08957562709352986,-0.08563523032424772,0.10589050079161458,-0.0793644337781326,-0.05666347575627576,0.03340072631894389,-0.03453255624751372,0.004430291411585352,0.04072857430325011,-0.031929668771422656,0.006529593685062422,0.016549162709139635,0.012826689922680256,-0.0375679658967704,0.005509816699875727,0.012700112290815637,0.012266878088703427,0.019227125973579912,-0.0362922184313026,0.01689757628679463,-0.005695040964015798,-0.014510812255752775,-0.01618279885842552,0.010079395947046014,-0.015114400545048633,-0.003835114121147373,-0.003604032345398376,-0.004425401106868447,0.009679110138695298,0.005107698095506157
M6|C00011,0.09186616544289847,0.010921670279907357,0.08235893176918659,0.054305258591014934,-0.005700435888138427,-0.03290387545786862,0.005290244837914173,-0.00287424136354739,0.021878578310210752,0.013518335173354708,-0.006067886313386387,-0.02430642588082651,0.01893672088436614,0.007263608809967819,-0.003125710633131857,-0.01298773176166916,0.004400352128553692,0.008532722752779354,-0.013304147336357722,-0.012343470290201719,0.005395222667294788,-0.0038106723237253137,-0.012998465960838222,0.002755651143253304,-0.005957163920120807,0.003054094118400197,0.0028134636977872884,0.0011487993519010197,-0.00560200869516959,-0.003157498777581859
M6|C00012,-0.006566897894022891,0.10339426494603368,0.04764216883307952,0.0026536422594785293,-0.005392297177324705,0.0132810095850781,0.007185464882788635,-0.019772911942049314,-0.011531370370568223,0.0030035154842156632,0.003920270851625422,-0.00629828806304267,0.005993983490566809,-0.01145459997809757,-0.00793961084953949,-0.00023435033308368217,0.005101887864877164,0.004284286657659138,-0.005320396416705015,-0.009864376034006268,0.000661378521920832,0.005313800394160959,-0.0005625193398299755,0.003627009016594703,0.007714771929897263,0.0026164052993761407,-0.006687177816478641,-0.0049777127334586745,-0.0039961532219375375,-0.004965970945788649
M6|C00013,0.10544437179788882,0.01253291893856283,0.02292036870455283,0.013447120967973217,-0.017124703683841544,0.010978993113120242,0.006020929566673177,0.035634043062790256,0.0008724164500434467,0.009274166991867661,-0.010997635735088778,0.014059329055067843,0.005434624665069735,-0.0010937339940998796,-0.004681728085465244,0.005866529221336984,0.004221816460038073,0.007827478054240528,-0.005500248535503988,0.00358946332770987,-0.0026112975536237365,0.015342614996880721,0.007037034343481984,0.01218476054857402,0.00772371874791348,-0.003972018029136235,0.0011975467409515914,-0.004249886223850752,0.0037173816962065512,-0.007231450643315233
M6|C00014,0.09145787845666678,-0.01814621134032274,0.014756689827345649,0.0010389046407539265,0.016261526034520378,-0.037648929895700144,-0.01214042554003525,0.02074116419486581,-0.037608705045829326,-0.016792260742761876,0.00671651881931049,0.011571539655221555,0.0049233969936020895,0.006226078383812733,0.011521727316474342,-0.006914830602634158,-0.0013435076984514153,-0.005124700086346826,-0.015281978550803588,-0.0020933496424742166,0.005519005152005473,0.007316960741719406,0.0009909953818049765,0.020189289612725946,0.007029199835481031,-0.0009863269043638215,-0.011858493696267139,-0.009694351725941176,0.0035346716416930356,0.006919886575652064
M6|C00015,0.013544316349048343,0.08464679328583705,-0.005847859014328321,-0.035270679133672364,0.01475897705286036,0.012604329117749023,0.012638306906395884,-0.023398695206536008,-0.011480638651371127,-0.006363879841545093,0.01110456941121311,0.00536869992402574,-0.014933655754805838,-0.009894146490014712,0.002725301039650096,-8.506383072290139e-05,-0.005327849907084686,0.013092693454957564,-0.004060667667466966,0.0010213507848915754,0.0029088512489047983,-0.0011023737426813934,0.0007841298298275775,0.0005638669009140738,0.002851269868627727,0.005758735931118668,-0.006747011246118185,-0.003946069447621777,0.005124464401419777,-0.002405421889164162
M6|C00016,0.02007181283857638,0.039090242520979916,-0.03805858158990995,-0.02780071660656132,-0.014799585687763572,0.0015347404483320494,-0.016877243096712336,-0.016944465363270534,0.004852007447407193,-0.014717921816252522,0.00012173904052966034,0.015331068976289624,-0.001276113489776674,0.005544794726263919,-0.005391408690120493,-0.008620764537010377,0.006496105395575314,-0.007301949161130229,-0.0006834745899412061,0.010146885861424513,-7.328136446739636e-05,0.006980876178084745,-0.002731222059146017,0.003319030627837877,0.0005679952236367385,0.0036221833491332667,-0.0019362309707449232,-0.006637482710408222,0.0034529041626919902,0.007737626386633996
M6|C00017,0.11178541469129799,-0.012454848154697017,0.01835293676066207,0.020507347969215998,0.007048216340503107,-0.016094050966304587,0.027652090742754303,-0.0007296980195818418,0.03228514166561648,0.013202998679078938,-0.02449553685734717,-0.0087598653903665,0.017114217828448387,0.007913450750536802,0.0012366475453328806,-0.002898645984074634,0.0029649438371136174,0.019627229451831034,0.004107232857222301,0.0038059716697561195,0.010951917103645,0.0005244868251584561,0.004961805367647515,-0.008918084089911129,-0.003723813258227887,0.007242925152080459,0.0010413338146517382,0.0023035240332637576,0.001807857695216872,-0.0006389401273301664
M6|C00018,-0.03453723739960296,-0.010497830153857876,0.02338343192044572,-0.052916830628276845,0.05530169211328011,0.043651522347698875,-0.03015514010909367,-0.02120857875136264,0.0038083370050381246,0.007813242763215482,0.019094595531940973,0.010322305108732072,-0.008317425038687916,0.009075483431319264,-0.012573784388327276,-0.0039065052669924934,0.021415517548526927,0.0013775934048110548,0.002628589500861429,-0.002475790458951792,0.0117642539238584,0.0069041825681709175,0.004096830124445053,0.0016327492628056995,0.009132469410841898,-0.004570693597091379,0.00024667171153781116,0.008421543551967668,0.012457579188758129,0.0022223688369965083
M6|C00019,0.08191344405212565,0.02591056283103194,0.023602377481963015,-0.0012728924886909478,0.010415690169905912,-0.0009412048126457754,0.020941908445700017,-0.00043292381489514755,0.007390448398875335,-0.008027421502165379,0.0051440342147626664,0.013080329907171478,-0.010713288615043729,-0.0013387511384331796,-0.016326495573747556,-0.004688588251886947,0.004803225304003857,0.007351747757752845,0.0015826667776037181,0.011875317491324831,-0.00656704279821913,0.007111574619637468,0.004506070685008089,0.006770992936713026,-0.0015968377124669516,-0.0034339686235486046,-0.0013386009954304491,-0.006182855858181426,-0.000985535548727008,-9.546773199524332e-05
M6|C00020,-0.10116865692782402,-0.10154723589892771,-0.04125916456919818,0.03649377283834383,-0.0029892462016360127,0.041661247624910254,0.013605616104183623,-0.012561205038963746,0.0059487375020351,-0.0013248568597948327,0.008631781241127857,-0.0045472262739272165,-0.011815698069231046,0.01323064051935243,0.009497193589821705,0.002941150456432678,-0.01653951336671117,-0.0039384812688589114,-0.010855672225059634,0.0002639399452064987,-0.005167515183745013,0.008915966197358833,-0.0018434942186893182,0.0025113616170569343,-5.445985592797125e-06,0.004232936541734303,0.002430703140677979,-0.0041126548343486625,0.005626988332386863,0.0037324487568145158
M6|C00021,-0.0368364346907118,0.06114696008226504,-0.0106228887801632,-0.03755068611651918,-0.011626576054968488,-0.0006782341140880683,-0.014699037961530468,0.0046175030786577784,0.012313857157236055,-0.012075448068795087,0.011790160845614833,0.0031354281350346094,-0.015044632218923274,0.0011405066785922496,-0.01111549793693391,0.011744181289527702,0.010619923984420123,0.0019227467968726865,-0.002748894467633493,-0.00865695799924255,-0.002379236836655728,-0.00021613912822098118,-0.002343270644928694,0.0008875337638596683,-0.0035267914475147614,-0.003578144786315043,0.003575877115954429,-0.001553543088379317,0.006110469604592965,0.0012240842896030129
M6|C00022,-0.025709494859228552,0.04169242732653335,-0.021625549554736462,-0.03295403796395853,0.0035426036041917366,-0.00590922343210835,-0.005581483339026878,0.004637735847294182,-0.002795410726240351,-0.014313686429840383,0.00869987768702052,0.00023786760901368844,0.0042700364789124146,0.010023455688249448,-0.00799687781926468,-0.01032534705295661,-0.003720168917231385,-0.00044702377456660184,0.005079478567591624,0.012322852516512762,0.001214397067757239,0.01108337558008246,-0.0028037921079724477,0.0035632663598234946,0.002432767996405433,-0.0009087743548877301,-0.002537477758753274,0.000526949542433091,0.006290630192112202,0.003892231032499849
M6|C00023,-0.08765704611603405,-0.08038169188988284,0.11923219933946612,-0.07277409996649341,-0.050748776707861515,0.007152330599725241,-0.0006132405749660914,0.015648219789047145,0.013913748388755472,-0.0224647617761953,-0.035540094162211384,0.017569197141290464,-0.006872180691039837,-0.010739094057278587,0.006912501292792318,-0.00804604388889426,-0.0034561121405741455,0.003411667483919701,-0.010491002405723824,0.010524081420067718,-0.0001600582063789005,-0.01807684281173596,-0.003190660011238112,0.011780383230270962,-0.002019532906766558,0.00421111286428699,0.00021164057685549685,0.004432477051106577,0.0031487333257239633,-4.100735086270273e-05
M6|C00024,-0.06887656003006794,0.02751766301497369,-0.0235516503821565,-0.006422655061232743,0.005723181623918396,-0.02731860787424678,-0.0084148157325194,0.0141616201986355,0.006505752360127014,-0.009797692319389801,-0.0030358268511647512,0.0036802347671178962,0.003627897375211343,0.003402530646971731,-0.009949892019425265,0.011279718511008013,0.002812509182072088,-0.0007177001199644569,0.014829478861514487,0.0035891116021224494,0.0020628321275790963,-0.007665428691630788,-0.008217654175588621,-0.009938102453997448,0.004182236593749891,0.0013630289893241559,-0.0014562812798594722,-0.00428777216029437,0.002735073129687899,0.0044611445033158085
M6|C00025,0.034421467435782525,0.04717779929627861,0.0048496690891202095,-0.023712465264138196,0.008636378662205665,-0.0013694543029127782,0.018320853722456665,-0.017662439775562453,-0.0009327771003402882,-0.011502620015902425,-0.004970355490762385,-0.0014102313681788785,-0.0039001815374701296,-0.0029943605457057876,0.0028655196950398004,0.0075272882799298025,-0.0008320739358476889,-0.002551794485378681,0.0012846425717019576,0.0015572534233462656,0.005681374695300588,-0.00025054125443892605,-8.311282607250672e-05,-0.005598788794082316,0.004118444167218917,0.0037263099069654924,-0.005326632468412112,0.0019914513435509255,0.005399348720320721,-0.0003104296351618638
M6|C00026,0.0620367347377467,-0.015422997928131208,0.023101321000672016,-0.01182530142777725,0.022078604475798586,-0.023695170995282743,0.00462309380272089,0.002725297316720706,-0.004381673590179815,0.008568222447907866,0.032174293422551244,0.010177571908641091,-0.001973377888313032,0.0024620981422040075,0.008731438381620868,-0.017706280006686986,-0.00867738250934328,0.0034507562042762146,-0.002248119554200086,-0.010610697665375033,-0.0013236323303163807,-0.007823121594856288,-0.020802923720497364,-0.00024211693995067083,-0.011325804715024838,0.013157980113938787,-0.0021127670805381744,0.004071604426533957,0.003620892093875881,-0.005458325229885902
M6|C00027,-0.012446112515876153,0.07391842794988428,0.003702076695927394,-0.044032694285616965,0.013085168362248876,0.016274048522817754,0.013236304833694498,-0.010743873148596166,-0.004823462308532413,-0.005721003937662817,0.021556232133185856,0.009174615760571757,-0.006622799175773282,-0.004006402001676745,-0.004584827882514483,-0.017736990558767606,0.00021680693802217992,0.005493857205739037,0.003236544851422395,0.0024410566261433516,0.005656942807728782,0.00309377791834939,-0.0002687642202872819,0.0009443822979879655,0.006419291686808715,0.007221163028489255,-0.0006137956955015115,-0.0017947855788706898,0.006959897115918542,-0.0018667870822540987
M6|C00028,0.08600076259672328,0.045001755147598785,-0.004035056575559493,0.004439915315163362,-0.005119499322067174,0.008640380343834467,0.005053633154948932,-0.031026001190597098,-0.023202631435093723,0.004499939057027904,-0.013238689119545092,0.026604217186350414,0.003659038397408736,-0.004641594609047048,0.002257900273959753,0.010662917008986455,-0.0015191017370881474,-0.0020458878964778045,-0.000302461925309838,0.0031901909091349274,-0.0029280016284476892,-0.0003642314970976819,0.0014007110999256075,-0.002591130414624431,-0.00014659087338280972,-0.002882311985972592,-0.0006319657093079975,0.0015227917387012706,-0.00711601817987787,-0.001381588269654674
M6|C00029,0.08492598706203557,0.016088215150306198,0.037930925318476395,0.016130612090272473,0.00523235100566313,-0.008963254674339623,0.005029060622151841,0.020508671803754132,-3.954014226827506e-05,0.00887815856823451,-0.0008199487796747614,-0.004223920822530427,0.0038147644808524737,-0.0012471635219456568,-0.014820492650620978,0.012054564629747067,6.442695239959945e-05,0.006514826407682067,-0.014109353128591622,0.0013251425838418946,0.003696593791832313,0.005406973570721241,0.00639873267795308,0.0029923315308963833,-0.00842434189511741,-0.0006071269340173747,-0.0009807815844404058,-0.002492758900771283,0.00811897510587601,-0.0023744035044470967
M6|C00030,-0.009050863583685231,0.08278645424168934,0.08543759238982926,0.014338147360698534,0.010635387419519672,0.0009668141750050842,0.025706381959716914,0.010440502812470042,-0.0024612528358553426,-0.00110919394101376,-0.004470351128605411,-0.025412709921033304,0.024638242127475268,0.001341284417128626,-0.00464015361704346,0.006596193894119283,0.003369670539436249,-0.019756781157519835,0.0034909859564290087,0.008508304780947802,0.009639408393350384,0.008115694139066277,-0.0077199837638606906,-0.002744875397755394,-0.005922826921725142,0.004043808067725273,0.008004148242195414,-0.005869382670834916,0.0013750591811294642,-0.001226054382577569
M6|C00031,0.08879614868453989,0.020596973956765824,0.029461342055074682,0.025651046819795797,-0.00536283345745915,0.00259218672600314,-0.0025422297691421914,0.018416028345377092,0.010389181280536005,0.00849509354635487,0.008444998392906532,0.0042102254688320346,-0.004098366240071162,0.0007697200662141698,-0.015706458653880383,-0.004687516400768188,-0.0068939991496474555,0.00777552584091382,-0.005110216699517741,0.013690907250700655,0.005368563835299949,0.0015035118860341242,0.006210295679171906,-0.001287986364581432,-0.008996168707062937,0.0011224027803963654,0.0049343488349424675,-0.005767607039948568,0.0005039023149168763,-0.001199239117233096
M6|C00032,0.02376893578415655,-0.011471053762976732,0.04644444139449054,-0.0180630695106879,-0.03403483684605394,-0.02974255578811351,-0.015700385228257924,-0.012579802170484015,-0.0018804665460165331,0.02133865450897119,0.011037965353713645,-0.002454694197791686,-0.021454227670235672,-0.02064268448681436,0.025621447193980795,0.007227185693862671,0.0008026905789140831,-0.007922941788646547,-0.006246000470295106,-0.004071240807529782,-0.014265252598775926,-0.00036606955611995874,-0.006299877172027428,-0.011545241087927226,0.01072730124904846,0.005548464211769116,0.004982587542841606,-0.000992744447001735,-0.001962137589828775,-0.00223549019078853
M6|C00033,-0.054327524313896494,0.038570970919322,-0.03265190770849857,-0.0019471328545508477,0.005389271047677389,-0.007273856847566273,-0.014066853154072063,-0.0009902094999996807,0.013733927397022979,0.006002047174914178,-0.017851583843829434,0.010137221624658112,-0.006977014433004512,0.0018350293591325331,-0.007851911052935902,0.007433099944274193,-0.006735597572145246,0.004527064677979145,-0.0045954219133803546,-0.0018308258359698798,0.00017920535906293492,-0.006583019945953007,-0.008295833526130255,-0.0055747938528439185,0.005305560500935564,-0.0027486937878578844,0.0029906684811283075,-0.0053557532331405845,0.005974216826829604,-0.0024571106312864634
M6|C00034,0.06559346658645597,0.008693222423337177,0.02465829424819013,0.005386544606788427,-0.0008430431411279868,-0.02162814324750846,0.006503311552747658,-0.0064930467252279096,0.00445704024631136,-0.005702172251660167,-0.017008172999710143,-0.001452826819429669,0.014071884659741853,-0.002030936221749127,0.006343612527434989,0.01188904805482617,0.0068684949486714185,-0.0022947102976314114,-0.0016828496890176118,-0.008624366341834354,-0.001384197925377311,0.003828129232805321,0.00598076589780832,0.008223797464078553,0.005974182922150339,0.001814365202190056,-0.007606127236002184,-0.0040352752862419855,0.005157226735372711,0.001136095939665653
M6|C00035,0.06239925848796971,-0.015767692616430188,0.056689637804722186,0.015754613027998333,0.005086002239049863,-0.037313706752042215,0.0009854755465256268,-0.008320015694985309,0.016469134692995917,0.011734532966216318,0.008812780448188895,-0.02238708091419548,0.013154059946293897,0.0003543502413375815,0.004857639405750739,-0.0042206273833783475,0.0023556893692363305,0.001262840202460368,-0.012977035969423178,-0.015350086602044002,-0.0026867629677035884,-0.0013544032317872807,-0.004791724339455874,0.0071105895150786105,0.00656377589056912,0.013167815513976092,0.006812800898703571,0.0014974104104710482,0.0006121248694998697,-0.006602699183991022
M6|C00036,-0.0434158324522029,-0.012608341259584594,-0.047335619711102256,-0.029837689863396098,-0.027157774027663506,-0.02180507634579121,-0.021912317224040925,0.005542987109260494,0.0026995165665417314,0.006034191507250687,-0.0038018390486256764,0.011652772964445154,0.009527956165202389,0.0099130836312244,-0.015048493174042018,0.007934826662846978,0.008928252154722541,-0.006892512098057355,0.008258857807045505,0.006106041487458979,-0.0009942521131358888,-0.004590046792073094,-0.004114581168848997,-0.0028090401444042334,0.0016234685009819708,-0.005350143673516531,0.002664137317149858,-0.009614394443905189,0.004831485269219761,0.006834201402685154
M6|C00037,0.06501580767984705,-0.011526783516652253,0.006823775672241513,-0.01418236958839124,0.012971069868447113,-0.033671662734762436,-0.004172295520827923,-0.019460507180220202,0.0022174758800406714,0.011021472788794383,0.027235981004817687,0.002047170188128453,-0.0048567128452221145,-0.0010507894992163105,0.011740485328664143,-0.00777045965161707,-0.01126966421192953,4.039326446107653e-05,-0.019221016412765857,-0.002787474576314787,0.004445697938676744,-0.003263935790177512,-0.0009970177572080632,0.00877537411596918,-0.0013179088335256313,0.006285293283775844,-0.008417639737872755,0.005812566876800465,-0.004715664820068753,-0.0073349091471066035
M6|C00038,0.02850328441560319,0.01805235367601093,0.04345944612448552,-0.02351484660076776,0.005572485498860986,0.011972466623417808,0.02495037719680556,-0.0024085726019253636,0.006446815487495063,-0.010855973776742835,-0.02858761604155138,-0.005175489891800317,0.02721607691934547,0.004207634333888809,-0.004794495503776287,-0.010823794566350456,-0.00135214405009997,-0.01852553502746177,0.0008212846328385397,0.003465440417230027,0.00893866942965335,0.0008598263758541342,-0.0072272431127600005,-0.0030562208985888814,0.008030538084582544,0.0042732421347949105,0.008907006586324213,-0.005284752748072172,-0.004556537175780749,-0.0077581591997898085
M6|C00039,-0.0072687317145656155,0.07464991649508876,0.09107252826607108,0.015974267998518425,0.007931033543180824,0.002997580079880151,0.025091235891660468,0.009032193759031021,0.0027014363913623195,-0.009712587032538078,-0.009166143428619619,-0.027748875182924182,0.033421885126476224,0.0032284884216576878,-0.0062847988775719165,0.0013889586423600953,0.008311070511159327,-0.021942160272813316,0.0063308078093094544,0.0009698001722560791,0.01108995861660561,0.010855030877017682,-0.006683066555012062,0.0003586063073150028,0.0024739693364908824,0.0007636593072332831,0.005831425938994423,-0.008360207758957402,0.00016814166825565637,-0.0043140719167875105
M6|C00040,0.05646641139130232,0.01534451886034961,0.03724153678506396,0.005083619964403981,0.019681238650921466,-0.001761095177980721,0.0305800037884695,0.013831685021185133,0.013892832565830262,0.0005282796960269448,-0.0216932256245974,-0.011194431879904867,0.021918521730392646,0.006394406601048218,-0.004330639761142368,0.0053936792553294565,0.004170485019221853,-0.00663970745210742,0.008241626683344539,0.0027313132404006043,0.01305883544916485,-1.0375366485147215e-05,0.002403732364514706,-0.008875435527206604,-0.009694742081506516,0.002357042785548421,0.006717854124574087,0.0007091632141920404,0.004622488838248312,0.0027859920632757576
M6|C00041,-0.0999172334672375,-0.1427028050696564,0.004545143505872525,0.004703753254682908,-0.031223959041663092,0.010959973909868104,0.013664431049155122,0.0010983569093427153,-0.014521233998444844,0.00574145001307779,-0.004377506125287244,-0.004196892966573276,-0.01994629873496729,0.035497437159958116,0.0026624619243144675,0.0006059460666366875,-0.004672565028862789,0.017319164640823212,0.016357865125158987,-0.001214466814832945,-0.0007285875001525131,0.0026464067973509735,-0.002652094166109028,0.001540829405978546,0.00040355688973539746,-0.006654152621041264,-0.0005673715495265933,-0.0043370300006477045,-0.0004640991138601269,-0.003038209732211945
M6|C00042,0.08413990854540011,-0.00942083988982031,0.04040040172022978,0.02200090274800801,-0.0025230473394680553,-0.030727501745660604,-0.011763314542961213,-0.0004891766260446135,0.004047018169398066,0.018825565453869365,0.01715283323212935,-0.006498563266630248,0.0025146345581489545,0.0011999073591364413,-0.007526740729256452,-0.010435982660411658,-0.008650108269512902,0.010187931755059946,-0.022302271636103342,-0.014442963141689186,0.003987132194811434,-0.005549676888004492,-0.005731114975512726,0.0029931994126523344,-0.0061193963034200044,0.007481457640393127,-0.0035259987610205593,0.004057700983085342,0.0005205155274992193,-0.004919186758662781
M7|C00001,0.10949639382554875,0.001608628677295722,0.026337695596493106,0.017622799123339077,0.011023134624186283,-0.010538232208789335,-0.010383687110526119,0.008361049117802144,0.004494479354372241,-0.004855173730318886,-0.015769213430941904,0.021656638267330584,-0.005923098900693944,0.010777196449269253,-0.014917511947521982,-0.00262196858179029,-0.007965617098686933,-0.001837814112559577,-0.00844747073555403,0.0028920300528031714,0.003966634384927699,-0.009156998219432708,-0.0004557081098545015,-0.014531339561869677,-0.015141202925032302,0.0048110779123182205,-0.002002869483261411,0.00345282910832833,0.010998664355118143,0.010383087087212115
M7|C00002,-0.036120369826514245,0.11400797318649317,0.0723927606633457,-0.016368071685593722,0.0022414033675620037,0.024526831678209255,0.027768558286269805,0.011515900594013891,-0.0002752569200118834,-0.024241941944370172,0.02500852444417232,0.016101829282199158,-0.006147209026823487,0.0022004482118252477,-0.01366297327144122,-0.006962781778688323,0.002550540018424405,-0.016771580216063803,0.014539327257900843,-0.009689796284329024,0.009202724867013559,-0.008411535392121557,-0.013734258199087784,-0.00880445331615552,0.008654533220732927,0.001523030371637942,0.0006090895120721009,0.005285542168722057,0.0084284032620514,0.007095779664662322
M7|C00003,0.011346908148634666,0.05532301567824505,0.02939098020235778,0.009212663199493917,-0.01714561361891517,-0.01234145411613041,-0.014218232645191464,-0.01621918118605937,-0.030436882066224993,-0.0063600855893988575,-0.0108851467622243,0.008570322989108876,0.005465737600072445,0.001992880325865149,0.005319551035505619,-0.0047527059724747365,0.0027998232052550234,-0.0186093405625461,0.007925960804695199,0.01299288762128433,-0.008148283462020607,0.00919436003566636,-0.0031652745849944206,0.00896741984455595,0.001681108619753682,0.0030792408953437653,0.00531627325482309,-0.0034589458703474913,-0.0021603128793166127,0.0007558331504495737
M7|C00004,0.01445385516612547,0.006767262698782824,0.08487287595518116,-0.017735534918421406,0.005788244756554696,-0.03850380543423648,0.03154659267861424,0.0027907956335963364,0.01724029882740322,0.011785038903079264,-0.0037179766020495842,-0.0027818281895995336,-0.009313539165507024,-0.0038935820639225955,0.0060566016463865086,0.006139031876599023,0.001728152658665926,-0.008437760861137057,0.008109679589925258,0.004177729581855469,0.006250459142118204,-0.0006915003619965667,0.003826005584449301,-0.0027737896247677844,0.01684336351574586,0.0014363348665207291,-0.0013060591955034021,0.004541997796799765,0.007824510896834403,-0.002162412648912498
M7|C00005,0.12480431278775629,0.028181390478065872,-0.015268504265856018,0.006709928200706655,-0.006430662152701224,0.0038644493037512506,0.012994735408643281,-0.03448037198946006,-0.02537654913220794,0.0067207244921723575,-0.03549317288484003,0.052959247489708365,0.00501247972071537,-0.004513931858797282,-0.00809361179456094,0.012276809070486231,-0.0010223900073628707,-0.002017562762020959,-0.0014651628531890419,-0.004153920945213053,-0.007567117135501696,-0.0008340213120468277,-0.00015236766431479365,-6.896797312865156e-05,0.003697280629142467,-0.0048943582200626804,0.006797760143356225,0.0016370758622730054,-0.004254919792493786,0.003559776033345239
M7|C00006,0.12412682156465993,0.061390593739458515,0.0028660467735462406,0.04438038452503538,-0.044227417864351144,0.030234384779224327,-0.031044570534906585,0.016443731359274728,-0.017070893954624272,-0.003968052176816626,-0.012224843738113772,0.03923517142184148,-0.028537892267746907,0.002067764463028648,-0.0008211283402598448,0.011751637790566944,5.5413893294708865e-06,-0.007826447329723239,-0.004295402045827167,-0.0077614186148809725,-0.008110257982279013,-0.006394185356144024,-0.009703933900577255,0.001666463263150712,0.00034566646840821375,-0.002679032807002853,0.0036685471645631295,-0.0022459882671404816,0.0052347447057746405,0.007723530004851673
M7|C00007,-0.0741230171710895,0.12248228912547891,-0.007833108578926806,-0.04562478933883086,0.014697436940441268,0.007810285791713206,-0.004570452038469506,-0.0013310666248171296,0.007135493757907382,-0.022248832381589482,0.01886815695901964,0.008696747282164706,-0.03270171611848267,0.0061582009137062825,-0.005068308950282281,-0.001702892883365106,-4.548325589670677e-05,0.009926498155414475,-0.0022642715361199843,0.002044687068063214,-0.0022304169498831455,-0.0049534974066540475,-0.009127254875777788,-0.003194296857807119,0.0018981614029259552,0.006121204072171236,0.002604367032303782,0.000977553530704752,-0.000546908075972731,7.344734129070374e-05
M7|C00008,0.0022184392536477673,0.08880713573587161,0.0655618509879163,0.01188068601076452,0.01089679331922238,-0.003756949773355713,0.03786093246139561,-0.014419643018884654,0.0016692896606280811,0.0017776519464804009,-0.008499268146523206,-0.020385472847290535,0.014176954801061431,-0.004145301121681204,-0.008432422061529431,0.017732675513181854,0.0067581474571117225,-0.006460067206314715,0.004287859336846018,-0.006008879709523007,-0.004849037689007312,-0.010378706068775055,-0.002585663467437053,0.003953735531316292,0.010020572705493771,-0.0015319491091216834,-0.00422437222114246,0.0022721126167570024,0.002621139628673125,-0.003423807545477151
M7|C00009,0.15139785840123535,-0.04528306764655766,-0.0057882886456709515,-0.001395914228127099,-0.004579417088380919,-0.011843662267323155,0.033647167471782764,-0.0038924134356349608,0.03721972869443573,-0.00022539511925444508,-0.015232539476599773,0.02935008194542535,0.004444929312222062,0.0018260846981443377,-0.01519083957856355,-0.0034597050507446853,0.0029595801038927146,0.0024255276098653624,0.0006061725213314778,0.011754210789788047,0.011140509971995331,0.005073150065847387,0.015424846188541463,-0.0027536570399978103,0.015493590424690815,-0.0016071776467907356,0.0021638849136371707,0.0015231253108822648,0.001733520074266531,0.00281567168858471
M7|C00010,0.03571837111327957,0.06306431057247615,0.006663294672550098,0.0033214822331583595,-0.01628930388554482,0.004502870845223641,-0.00888438364332534,0.008197716509144899,-0.0024424162737307995,-0.009128380508081353,0.00899798253227663,0.02774391394196979,-0.014059494031068544,-0.001596997702640592,-0.0025498976261922376,-0.0007484268909958701,-0.003039998978594901,1.2821196742811402e-05,0.004146001826130386,0.005942714775338223,-0.000928138516401428,0.0005886726690226614,0.0002954011950818857,-0.0020711886002562512,0.020147281643924847,0.003967686957280351,0.0012381415916303245,0.0019825985567191074,0.0012596418565572489,0.0027188792556852325
M7|C00011,-0.05242283215509848,0.03407233744425062,0.007337432180411325,0.003134817784775839,-0.026114191025133977,-0.022476550051478618,-0.03508878857222627,-0.004414273273718442,-0.014874924540424639,0.00015738562044625295,-0.027545149590220575,0.018118146289114335,0.026145058235218153,0.004787559816845098,0.008957194072086684,-0.00635999208921661,0.012026921291947318,-0.013916929260226809,0.011915369061370681,0.011907551060835424,0.0010357837126982901,-0.004178083477687779,-0.005750320011481784,-0.005801970465873333,-0.00600791808496785,0.0023695822076595053,-0.011644114633084495,0.0019441281882490503,-0.009093438762728605,0.002124854979924084
M7|C00012,0.017331818761903657,0.03268125841565244,-0.012426803832462311,-0.02229219270115608,0.00753539248219624,0.005380668901889161,0.022025601324038607,0.014888815292524773,0.01204574364646959,0.009399236309937558,-0.004716971056338475,0.009109841981466416,0.006045353909848881,0.0069088268982020785,-0.003773430316824576,0.0023222539956442825,-0.0032221951639498777,-0.0008271793916694867,0.0008541616593865368,-0.0023336995204412225,0.010426836184582938,0.0031236541338618647,0.0012608717945521701,0.00018527397275358782,-0.0038768619060096216,0.00011553806339446134,-0.0010143657033502434,0.0006164145876187631,0.011473382952302871,0.003132899208453853
M7|C00013,0.00589527290170424,0.1156198244928831,0.069020260321343,0.04515747795459404,-0.028419062003820893,0.006578048425967599,-0.013115706125797528,-0.009623400167511535,-0.002591613716904706,0.003969990909515122,-0.01805021027639503,-0.01953968019988678,0.0012270467673000669,-0.0025504152818697917,-0.0024251245400554707,0.015402912224676893,0.004788435715334234,-0.005785342026129125,-0.0036427455170123827,-0.008379612531223693,8.213834396881833e-05,-0.0010491093044110989,-0.009243137848487933,0.001286177457101938,0.017365441647834916,0.005797860717095743,-0.004185446105384707,-0.002198391332900171,-0.00323333628045124,0.0007764610727729973
M7|C00014,-0.08469750141927872,0.0902022348866818,0.10419389635043574,-0.03536405367441741,-0.0020601091603955953,-0.002659898721264755,0.03110708069002413,-0.004213162306388807,0.008491218844458165,-0.03515500365571354,-0.0033579807473622172,-0.014641987759763476,0.009276083463827235,0.004939103053513185,-0.02268837696297745,0.006335493143914421,0.005399739340017105,-0.0390522283319576,0.013998605032566221,-0.010181222427366894,0.019577967242372558,-0.00029764158133814393,-0.005501482481975175,-0.005918626938794352,0.009658413930918555,0.003856330287609386,-0.003645303083144049,0.012275907431526258,0.005930155950538343,-0.0007266793617683786
M7|C00015,0.08294050375228783,-0.2032893256380984,0.07255556940662387,-0.019705882101354665,0.15049191413239338,0.03710888968177512,-0.07923758739899255,-0.02793622580981752,0.012970320610658177,0.025837008446793028,-0.0008646032419580523,0.0101484234616248,0.005665905766023686,0.0132848562151132,0.0011420678858133154,-0.0001236055187020852,0.031075064823810707,0.0035043353000004094,0.0007521450182172583,0.0025448655085582297,0.011875522459186312,-0.008033359419121032,0.0014094923575829709,0.0019121846922553545,-0.010766092715119514,-0.000266562286728339,-0.0042518289464620425,0.004727711355593617,-0.00874019026158286,-0.006861326124136663
M7|C00016,-0.0009415793359204047,0.07425928629272108,0.07583060245591555,0.005827609618832861,0.010011436599579926,-0.020607734001627468,0.018285396376068935,-0.01903536947668933,0.006775849230115257,-0.02621368575492359,-0.010271402602053035,-0.020426098379210705,-0.007456802785231434,-0.0005118742786138597,-0.017820496394413646,0.017439525817284682,0.007503752926062501,-0.019239529812567168,0.00651803493807654,-0.0037663185098382483,-0.0054295791724825624,-0.002432940461318623,-0.0018552276985118593,-0.006112740970398039,0.008153365280326433,0.004870692900390705,0.0006676827647667086,0.009430523505000541,0.0003764090513841117,0.0018221581108666756
M7|C00017,0.017494414374623495,0.051714879703922675,0.024119254220323075,-0.012349891139424704,0.0179923105616793,-0.0026328243471771006,0.02645115375815614,-0.0022764609656344024,0.007802344424516507,-0.012177868747643199,-0.0041623159708460335,0.01096751553332369,-0.002432754793872127,0.0011404065524388417,-0.011280843793840326,0.0032862639736386534,0.0031886780108625157,-0.0024417776646597214,0.001536285358407438,0.0013609337124818046,-0.004748683110623911,-0.006619941114390941,0.0003939766497662119,-0.0008351436141428371,0.0009650844741061129,-0.004661517552985551,0.0004284467505882888,0.000905540177256975,0.001323514824423442,0.0011386769401852907
M7|C00018,0.050429475487249666,0.03707676040751707,0.008015892806466396,0.0018750406962846744,-0.0040052839427758445,0.007363262191039666,0.015057219081516228,0.012532737324688499,0.012917186348766367,0.00937268569447881,-0.01105649829314463,0.01555003124625244,0.006358394730474141,-4.459061992452099e-05,-0.009140059356993099,0.007107405517434242,0.003589941960349118,-0.00034576303691614827,-0.001236597015118793,0.002077869127265288,0.012579124740613006,0.004151121119899681,0.0067074328326713634,-0.0019008973393558263,0.006616087873221783,0.0036226635076792415,-0.00024223133626820206,-0.0036482121356856173,-0.0025354594297623623,-0.0006661147818779175
M7|C00019,-0.12186185878799534,-0.09036744674708583,0.1157790081876703,-0.08425637202725891,-0.05905462091899254,0.025985510989728844,-0.03277289601930861,0.009793259753280303,0.03519551277565783,-0.04448245422955723,0.0078003284052208886,0.01768911142901347,0.01692341939602505,-0.038547859473581435,0.0011197151661411474,0.01950155066225576,0.011714237136360522,0.017065294485084127,-0.041874713541145615,0.011609745868145558,-0.010761868722909728,-0.010928795662567662,-0.0188507911696974,0.013175615635272673,-0.01662042303883599,-0.006355727255763092,-0.003454009355014209,0.000534279148159284,0.009172504689500698,-0.0007545528107940092
M7|C00020,0.025834636665913954,0.012282567040557914,0.009686022916892727,0.006129750723726952,0.002005335057631196,-0.02573964976094908,-0.008261522070540681,0.018588704512870816,0.007247693009192564,-0.008307886595879197,-0.0018658832322714276,0.0038373540436926674,0.0035580684822431414,0.012441196560046747,-0.01013501804478016,-0.004509880684225376,0.010239015067015819,-0.0008764945009998137,-0.006607066260333589,-0.01001538881100911,0.005472708699144746,0.0007776421851103758,-0.003295450979869152,0.011017103454483413,-0.0020764319200017914,0.0053929289915457855,-0.0036069820867027894,-0.005779030317259154,0.0078638257439304,0.010467947473963521
M7|C00021,0.0633841601403698,-0.027239347955176643,0.03693950669947276,-0.023545430073131188,-0.015109941642986586,-0.007633343689311521,0.009353922188510486,0.0024346058775128947,-0.00042550626171480806,0.02837368538404018,-0.0011397439439542318,0.008845354949308416,-0.0022029738458939573,-0.011085050704250409,0.004765643771277822,-0.011725109815324517,-0.004023064817645783,0.0006313105159403722,-0.0022888812589339784,0.00327670628422375,0.004399486008577711,0.002334489628969842,-0.0011532988777087222,-0.004009580794006358,0.0008569411912787989,0.0062350435540698525,0.012693478594859737,-0.0014540826512435818,0.005576917233884225,-0.0026662279594901173
M7|C00022,0.06921082487162189,0.04545299911395489,0.00932598964224727,0.005878232212722171,-0.00036270161776644645,0.0027585209841041423,-0.011251319866611162,-0.02137514896170286,-0.023088123219128457,-0.005080083630301103,0.0007524768781443901,0.027616881541555408,-0.004001279242064242,-0.004692538119316803,-0.002648274544713753,0.0008623037746400016,-0.005182622473981025,-0.010679051046708174,-0.003734451889076997,-0.007843515764131396,-0.007138353956196751,-0.00469028379842014,-0.0077049753456050404,0.00979186590681236,-0.002557765755571955,-0.0011085104192105845,0.00971206149720847,-0.007738597661200459,-0.0005882315787235782,0.0047935031366422645
M7|C00023,0.04579735153822114,0.0670879422427359,0.03334572828900732,0.02683157556018111,-0.012745044770822436,0.010350724279365951,-0.004085023414856686,-0.010903485263782868,-0.012690696083835223,0.011328483782560668,-0.008655486062670893,0.008945166309488786,0.009034315997238895,-0.002149243641284253,-0.007485068169615715,-0.00473299157845422,0.005153646610756547,0.007811922825975827,-0.00601917730501726,-0.01821193649744198,-0.0048268516664529545,0.0012950696705418337,-0.0009032811419455892,0.013852062415867502,0.0037336731114494164,-0.003819974597164199,0.002779910377348467,-0.0006733680233011203,0.00281001548883666,6.251996543056526e-05
M7|C00024,0.16498662625716018,-0.0556292248634635,-0.01867428917910859,0.011280923975083816,0.014928062328156027,-0.028712321442839778,0.02347328077471016,-0.029366419482384932,0.017453332145129587,0.006026593621247494,-0.027634968324746333,0.029901957963614847,0.003954288793442841,0.003941921125958053,-0.0027559143415191436,0.002479169110641958,2.9235802038697216e-05,0.012592844051121897,-0.0010211785233124233,0.005537755885160822,-0.0017648974758332533,0.002946440184940223,0.007539985172020054,0.0022732297162097407,-0.004182047608076247,-0.00428542110781424,-0.0037142690136827312,0.005124518409323213,0.00030098422473522995,0.0026793334282483963
M7|C00025,0.0619240282103401,0.025543281045577206,0.008596788544201605,-0.009713006264913173,0.00730944621930871,-0.019286957711927226,0.001606212819913831,-0.01715834863185268,-0.02021885556914444,-0.0052192655668395396,-0.005326404906647704,0.027967661553864123,0.007588019003994836,-0.004715711743331778,-0.005504570647278476,0.008278580351808864,0.001174119286472875,-0.010946192841780184,-0.008883957874463765,0.005688875585307889,-0.003935416059462645,0.011700541149628332,0.012544021456384285,0.019573988052248314,0.005459683503558391,0.00046562342327210153,-0.005948952739653237,-0.005714766517420141,0.0012196869856223647,0.00497277129980805
M7|C00026,0.07081074786276177,-0.02165351594499731,-0.00528834337110581,0.004704927781150482,-0.0035965433050205746,-0.030226579842876,-0.020737321902648733,0.014675399101287729,0.028084945595679294,0.011876424085711204,0.02044719871041476,-0.0029004334106885192,-0.018877264326180664,0.0004380357250556448,-0.0034746844420066106,-0.0032770928163526414,-0.005622623043269511,0.007254792042438034,-0.016299355408297054,0.0014203137314506868,-0.0011711019975557105,-0.003109047687319165,0.001330936112374941,0.002917527366262253,0.010459840347662112,0.00783485491838485,-0.0033659968912044327,0.004444973661581106,-0.003575452053184326,-0.005384372902093349
M7|C00027,-0.02152167901147542,0.07864954774671225,-0.026403491190911066,-0.04066003153372569,0.004227932076767111,0.014082842789820593,-0.004922440444179647,-0.008691867826897489,-0.002485600694221456,-0.0015811816795248189,0.012060317301032145,0.012008982737337888,-0.00885283237719914,0.0002860626180730478,0.0023638717772616314,0.00044581954022857896,0.0007378575344525824,0.0014841669157098427,-0.0032879040339418106,-0.003219907605667764,0.0028231749533422965,-0.005507482895918408,-0.0037516012529460224,8.401228604715719e-05,0.011445799730391356,0.005114327706746849,0.0019051679500710354,-0.0036272515322598943,0.0009123937815952777,0.008079211413942447
M7|C00028,0.02544872004447441,0.005819796629401376,-0.049773258541615656,-0.014239617475866006,-0.02038243402096711,-0.011766429716919973,-0.03844899211105194,-0.009018447699082947,-0.017585688547069957,-0.012643668089827809,-0.004648528906473147,0.0027492257926787257,0.0035901670475985852,0.005710735001234431,-0.005879705073266025,-0.011480198360766615,-0.000453693151926796,-0.0018165084478551777,-0.004997419822321718,0.0026207190807246167,-0.0053460973026715555,0.0048264096395347,-0.00456759726683357,-0.002450456654630822,0.005924792039245979,0.0020652200269397035,0.003722088965797125,-0.0012537479170590332,9.359318232566133e-05,0.0033690936745409054
M7|C00029,-0.12509900639712243,0.0040659349551159145,-0.016973937381241304,0.03272268635454359,0.025864866673476573,0.016750859151321056,0.013327192256856642,-0.019109343438153167,-0.007599660155752776,-0.00819582672726886,-0.010025519767053641,0.017846493415230796,-0.023563384786717857,-0.04068929719777702,0.008537604031700084,-0.005052161829570643,-0.003803713100981147,-6.37986862441202e-05,-0.012887658480411188,0.005312980328645761,0.010076233185089318,0.01268238000207132,0.0014529359268454225,-0.002828906221831959,0.007218635253230356,-0.0014415770969677234,0.0042561326771042955,0.0024136298276365136,0.008151958737047951,-0.001419217788309054
M7|C00030,-0.051516711624471516,0.08800465577806026,0.04575940130071652,-0.029666403788874692,0.03198514184913631,-0.022358379604747635,0.011102246396134897,-0.005010507034629594,-0.023522041514919,-0.026910154433558254,0.019888047781116223,-0.004553534772001269,-0.0086730578862424,-0.005092976545754477,-0.0036054394603229414,-0.006148780655339475,0.002490722573056522,0.00536073428047909,-0.0014475997008627074,0.0179762968514895,-0.005064703791527717,0.011652261909147784,0.0003862800530269444,0.0004472547788979861,-0.0016948475959477586,0.0026507143047164563,-0.003368327288310852,-0.00046763529302857465,-0.0015113595882683764,0.0035228057380490294
M7|C00031,0.10519497161368802,-0.016144377505167107,-0.02916515877402745,-0.0021406925580552947,0.012167513209295338,-0.023273328207567508,0.012998865122913901,-0.009277275072268812,0.016418154025799773,0.004504648178851083,-0.028726250900554418,0.010122548938885681,-0.006912089139933207,0.001028383649896241,0.00991005467942986,0.014926329592992471,-0.00047879466567816336,0.006963962673686476,-0.001414074573616821,0.00890255087370013,-0.0025615177977454705,0.0007761772874626204,0.012724965174693213,0.01161581565676984,-0.009037339588084425,0.0030867951369437374,-0.011966047617597718,0.0015912198920661619,-0.002726921542623026,-0.000946842808100407
M7|C00032,-0.05679881257201059,0.06694414551888468,0.0530946563489932,-0.04707429542604169,0.01816128327700992,0.0019553806838123345,0.024891447388545495,0.012481629192694816,-0.0019701968494017603,-0.030024870862206437,0.018429398269708307,0.002987862786556537,-0.006379952966010849,-0.00047481925866646316,-0.0018988512392185684,-0.004009064190790539,0.007407184567086149,-0.013324204455489593,0.010415770400168913,-0.010363151739442416,0.0023095245521071416,0.0022817147400866823,-0.009653369260045152,-0.004805839557249295,0.005123005145687128,0.0016435523390252317,-0.0033931118592796217,0.003370479379350493,0.010137062077226705,0.005244724414787804
M7|C00033,0.04328197142233465,0.014300428842948661,-0.01280548601243244,0.0015849425296322196,-0.015423848368554106,-0.014585012532856458,-0.013057855985377247,-0.0018608077341082188,0.016523290648482052,0.0011959486499147,-0.0036382497039473003,-0.024030511869972213,-0.01302039035145228,-0.00021247980333527085,-0.009340986809256683,0.0085372724720481,-0.002035958716215263,-0.004456984122340566,-0.004014718802792782,-0.0025368419939164606,-0.012507255204856505,0.0010681394169946127,-0.0017243326113603886,0.0031050769055505764,0.010032083331587534,0.0031123579097713685,-0.0007744651174628895,-0.0017686778962944807,0.00120243844921618,0.004300676230636256
M7|C00034,0.07445175095346077,-0.016917919216875816,-0.02021693838238932,-0.014344321626768679,0.008112853294755832,-0.02202870404751448,0.009639414745829125,-0.027478864286373528,0.01309668682259954,0.00032113600999260865,-7.358630878891631e-05,0.023431225818562072,0.007068619262386054,0.002869402112088191,-0.005428407241907374,0.0006088984053428548,0.0003099761738906155,0.001454304280566755,-0.0033663529376360695,0.0014164427220250302,0.009788708164346165,-0.0014030331968233436,0.007476864372062869,0.0009609705425315588,-0.004174523431797092,0.005653305438352849,-0.00426414781578632,0.0027415256631206815,0.00017601498512994984,0.006442675007782002
M7|C00035,0.04612182007383969,-0.0005940781102992039,-0.029070888550555434,-0.035212346714635225,0.0067757896488433444,-0.017685264656859285,0.0002124893708425862,-0.007360605848700984,0.0037128949632158834,-0.0026404862304986107,-0.004515979779010929,0.00072304444904641,0.011184990627615866,-0.008037289595283886,0.016995238583678414,0.012482273079222974,0.0001939986613424483,0.0030859472395935407,0.0006961983957606789,-0.0015747803105076608,0.005420999651517528,-0.006066273023684356,0.0056296137174014025,-0.0026285792162518543,0.0012756343573601895,0.005568904327121169,-0.011645464723839871,0.003420178963708617,0.007657717051533325,0.01180988231895671
M7|C00036,0.02665163043012522,0.013499200915181505,-0.02537909623090537,-0.02868009472986106,0.014203587212006711,-0.01723427773666017,-0.0014266035492085853,-0.006845966907584519,0.01783705918512946,0.008834847326364668,0.0034258890929178996,0.0036713346398797677,-0.011423858881416265,0.002251261772419984,0.0012302190146781277,0.0015799041901631158,-0.0022755706946533355,0.008557080188816948,-0.01803080442598057,-0.006574649054085058,0.0039073897465645374,-0.005916552532995446,0.004661003193325232,0.00641259053036078,-0.0024581113715934385,0.004011142369791075,-0.0027045914571710438,0.002784274098048459,-0.00017287196264709968,-0.001044679181123189
M7|C00037,-0.07513874395709999,0.09902854218113566,0.08657577275269675,0.0014493223576764543,0.02660769924948711,-0.025194365084288316,0.025230053448468053,-0.00045261598084177213,0.008517706662190835,-0.010656738233643978,-0.00039017318589743845,-0.019719617517593803,0.011786842417687484,0.0037321569407670068,0.013991243022387887,0.0071258692898649315,0.009632595532975614,-0.005282214669459785,0.004709762849935068,0.011927866054628833,-0.0009100185146414405,-0.0017754913512891028,0.0007193032993407219,0.004318905748974676,0.012980739130877019,0.0032617541517958194,-0.0005549814059870315,-0.006631156843103161,0.005951060407743204,0.0026608457762131643
M7|C00038,-0.03206398798576866,0.06897284586509059,0.06174617762195819,-0.0013219068836770283,0.0115945750934427,0.002625754922837529,0.016500326658347983,0.009696152319805008,0.008268126212914615,-0.007108490511152907,-0.003107197991810318,-0.020274658677533836,0.0072493670141160664,-0.0029866058068313043,-0.014128580798449942,0.0019320804451472852,0.00958523207446219,-0.009919672813929676,9.749802577959332e-05,-0.0014830661653652856,0.00760540720497527,0.0032230620470974293,-0.010424886667166622,-0.003249300294547711,-0.006274421713065905,0.0010476516200788523,0.001144928403457472,-0.0052230992096257605,-0.0037619513246053577,-0.002204364087152883
M7|C00039,0.06187339561513844,0.018940600548033606,-0.046383423292245145,-0.03332554585723371,-0.0029905222559103535,0.009796885685196178,-0.004156923085793517,-0.017670015649133713,0.0008920156986778947,0.0013739010680287806,-0.017631744293219148,0.0004348478712692324,-0.0011528481439458452,-0.0005740938316919793,-0.0004012974797942039,0.0036204798908124674,-0.004380196917407522,0.000870571215596824,-0.008431176289542023,-0.0009482284517549308,0.0044315828939477196,-0.006836285760187309,0.0011808416965965471,-0.005006439066377835,0.0013447721630765704,0.0049730495889506055,-0.0015784121683745686,0.004466266218809797,0.0027243762022423263,0.0016093974106648448
M7|C00040,-0.00787862373761832,0.07212729062350538,0.020222391316987744,0.008095111032123464,-0.010014138490630977,0.013408835505122446,-0.0038632721585323613,-0.0019283867792880452,0.004138978343633077,0.01928211320251945,-5.693635730254443e-05,0.00021178262405003643,0.01695472694885049,0.002338787198335515,-0.0014476907467063478,-0.011567820226114703,0.002505725160919987,0.008142978434608704,-0.00878620668174793,-0.00029690360915229057,0.00832135966654113,0.00013488719163542745,0.0019170536146356195,0.006467156602053169,-0.003147394727261984,-0.00035601274536348947,-0.0054184316560400465,-0.0025980724818183,1.1726874214111997e-05,0.002484238870179533
M7|C00041,0.05425457556172504,0.025901728281063713,-0.019521643111383515,-0.010978395409486412,-0.004325661698518853,0.013943055187156456,-0.0017577940915068425,-0.029153284850772693,0.006557956615333056,-0.0007783419143106057,0.0064272702938191605,0.016515048511125268,0.0033858209604268816,0.0011080651821662936,-0.0009331140176820216,-0.015048025480224232,-0.002234332141227946,-0.0005842396977657111,0.0025478947417075497,0.010588965267159257,0.0009462584012992414,-0.002144770322966244,0.004427440007246293,0.002065943272630834,0.002256999949367706,0.000146110452408853,0.0054704821621071615,-0.0004435332636059974,-0.002049230243467628,-0.0022536276093211034
M7|C00042,-0.07470646689803839,-0.06697549541439976,0.09269125261718633,-0.05990757892086028,-0.044805985804072704,0.015008019619349661,-0.016230360661845505,0.007379333165958681,0.02236183966372281,-0.01810879443377111,-0.00868834105669012,0.014652370650239102,0.004819572327520537,-0.018200458619157957,0.004298890788772644,0.006866166701120587,0.0037481834497932165,0.012616381754377548,-0.02776756619456883,0.01275900861875075,-0.008320565923033763,-0.016116194279280766,-0.009558760224387855,0.009423695902340514,-0.009762776287865068,0.000876340778527899,-0.006755091970876972,-0.002696883221645807,0.00422345507651792,0.005623133590889645
M7|C00043,-0.11281777643267057,-0.12277287578306416,-0.040103974383287715,0.039376591678228656,-0.01900269593718615,0.020180733838725814,0.009377550990369537,-0.0137195805597334,-0.00910403740361258,0.013214586031370167,0.0138399560854534,0.009780480232626391,0.005860632287902613,0.014468614132598395,0.00044396197825121066,0.015031927185925342,-0.004982154471007541,0.010578914944452204,-0.006922148350822651,0.003543617431233906,-0.007096967286530753,-0.007904753071613703,-0.0028475677576420646,0.0028005409677640063,0.0035287582588709593,0.007000624713484858,0.005138987531206747,0.002236964352739488,0.009313716940547804,0.0033315885294710095
M7|C00044,0.026567126155071306,0.028761854196994927,0.036769179461358714,0.007869498340321537,0.01358276453303565,-0.025549123046827302,-0.005584118852687278,-0.012242158903793437,-0.002574916214889757,-0.014845438720051077,0.010045868827369082,0.0018256304294588523,0.0007368071626052286,-0.0036574552727407393,-0.000726747625444196,0.008884637771279095,-6.091846317746379e-05,-0.009294262525044778,-0.0022567863599354254,0.004935358635489989,-0.00725626151108625,-0.0029714676392683806,0.0036013083975508504,0.006446854805458301,0.0013823997011938787,-0.0006880838576625369,0.0059311588870169935,-0.005656044974407017,0.000665114211236063,0.01113392452959686
M7|C00045,-0.0931019481221763,-0.13590787512408747,-0.044697624725285,0.03293209273930841,-0.022077997658443614,0.017247828420620975,0.01002266427255087,-0.00712689819677708,-0.010269996929771322,0.017684396487916653,0.02297145503882574,-0.0034630787263458737,0.0199197881881001,0.01576423112447652,-0.004391790868371212,-0.00031712949285861783,-0.007413880379137876,0.0052288625706054135,-0.007537041817033525,0.0066451656987993515,-0.011067128667255956,-0.006843972435962177,0.0027940340926056765,0.0005118098885116309,-0.002429145742922484,0.011418073270138098,-0.01037968565362629,0.006912590844988166,-0.01387116104777025,0.002943950884343177
M7|C00046,0.029234081288815376,0.06074591406979313,-0.004546088508550153,0.001053335061507399,-0.013318671284130614,0.016395767109646606,-0.012969835692231759,-0.026963324028257563,-0.006100237092960923,0.002700397802173623,0.0035990848657745963,0.006899696025219519,-0.002029479425208876,-0.0003148625232108651,0.0019317824708043481,-0.007785813226585667,-0.0019020602518611644,1.8978636101025396e-05,-0.0035327070983644537,0.0013133104588285475,-0.005170092642651515,-0.003914967324900636,0.0005674815007322653,0.009156334359110877,0.005528716154507129,0.0006875307278904978,0.002037087418822233,-0.006766052628213682,0.0016643561274286632,-0.001740555551244404
M7|C00047,-0.1076862725128345,-0.15377371842230295,-0.005501210349744742,0.012774457747769733,-0.03730128998902288,0.012253751772482469,0.014636872437070299,-0.008810136411488503,-0.013666640575131223,0.021834216637694123,0.004305508496494211,0.001549127231471955,-0.006732392709877339,0.025872909981150168,-0.006591748018557773,0.004338057036839472,0.003955014234174411,0.012455623730423462,-0.0004125438550183021,0.005558719295438069,-0.0002865337800118423,-0.004623178283409281,-0.000822985593422997,0.002481799714039614,-0.00251695951915526,0.00962914773629581,-0.004667483956858444,-9.192823826059758e-05,-0.004184926863441341,0.004963741716662793
M7|C00048,-0.06303314194753734,-0.11550264566589159,-0.04746382179184114,0.016949530688934625,-0.02242857670074412,0.019188971943537456,-0.001237173064111384,-0.005506672500099123,-0.006620228668186439,-0.0057781290504002126,0.018403598005812385,-0.01653800895101145,-0.00145707624936127,0.011300803243264686,0.01041711926870107,0.015056069244432384,-0.00199838629020529,0.012238411127566023,-0.000734807926221216,-0.0017603400035880712,-0.007127203202987337,0.008724825041996205,-0.008874818989529017,-0.005762079049211915,-9.294735590613761e-05,-0.018512975148405126,0.005555245025531934,-0.006791241835095002,-0.0023510309123831057,0.001824466046921673
M7|C00049,-0.03220848732380483,0.04798041234491703,0.024894939610571248,-0.033113481959823755,0.005738681585354091,-0.0006009088635168593,0.012496482616115162,-0.006493698581594271,0.0020745157368746723,-0.01964654785750633,0.010987622256981622,-0.0005340002640201967,0.0032034170911465036,0.0010864812092885045,-0.005436087751683234,0.001268549618393583,0.00279205349061721,-0.014842811631904772,0.003953074713810445,0.012007444973651091,0.005698226467717196,0.004269338233946327,-0.0007557660328806585,-0.0022199140024078867,0.002508384535585434,-0.0038126564726626284,-0.004443454382391686,-0.004071604221977432,0.006635156185670289,0.006389711570919581
M7|C00050,0.013146352373403516,-0.01975682691850949,-0.04869938265568817,-0.014606486178064532,0.020753373673693603,0.02170294522737074,0.00679152434395134,-0.0011855282800274705,-0.017656944281090676,-0.0032341174170198543,0.00020320052219958168,-0.008226744791502403,-0.0074361507664150546,-0.03049248055696996,0.011773125363346926,-0.014475396647802523,-0.0025719019620191025,0.0018659532569874344,0.0012029466003860502,0.00015045045823724334,0.0005251057527052867,-0.0055061582774597224,0.011774643305958836,0.007945136569104031,0.0010404516450050177,0.001620976295000993,0.007305459116630504,-0.013149320494962556,-0.00875108706869566,0.010622618423192506
M7|C00051,0.03449304438469368,0.024445706561155113,-0.02037593212057116,-0.004097207646713375,-0.0268421539318884,0.0038008386582395236,-0.02243650589417042,-0.025654538210055266,0.005669980586180458,-0.005430095253548764,0.0006230471428096961,0.006808170438519292,-0.006487829667909726,0.0006931581100177881,-0.00992703817007346,0.004857858997169801,0.004663700993339693,-0.008547340558343813,-0.00033479488363411084,-0.008662807490245542,-0.0003767393116919371,0.000690816777269619,-0.0005714574324420222,-0.002200812531468922,0.0030199443671618752,0.002618434383477019,0.0008047655501586731,-0.00019092898591198184,0.00493175366941046,0.006239756882796632
M7|C00052,0.04448609173405052,0.03317812016601617,0.044365623866275496,0.019017440365156013,0.006434968520887062,0.013673052084272753,0.007933060914050487,0.050821643737582314,0.0043894249649701934,0.009906116193457114,-0.005958273959712325,-0.01934246329400407,0.013717975892205326,0.0025192740306034835,-0.002670482734755803,0.014186796259976193,0.006844179973816939,-0.012949451242588818,-0.0017153402589237532,0.008238954236976914,0.005511473983125111,0.00024403003568363414,0.0007611634288021961,-0.0015078986129156236,-0.004708472545742161,0.009027723586066605,0.010292045257258568,-0.004140602406362085,0.0020262962665327177,0.0003517967732825087
M7|C00053,-0.03525786903171091,0.07962299520533983,0.0358416245165238,0.016083577776866666,0.01058397992957492,-0.00034280693469295387,0.0015544743610076137,0.03235825603452686,0.009635447680107365,0.013275728242661199,0.007416476407188767,0.007099622284120149,-0.005849075374119418,0.005755207503574436,0.009602732343067018,0.013912809521497194,-0.0026819864128544003,0.0012856848671402524,-0.00391832922907973,0.012391683928080835,0.009072247091588439,-0.005619566398094689,-0.00023928483110781946,-0.008493004987086359,-0.011982891061811012,0.0013664239865567368,0.002561251495264886,-0.003001427895365617,0.0011386014303903993,0.004002401038427082
M7|C00054,-0.029293570952065605,0.0370508326771356,0.1120780404599033,0.010549072502295238,0.013277180283080068,-0.007446749844137261,0.019293938201527822,0.020994665295153286,0.000780252264585782,-0.021080801544411838,-0.03518655522239801,-0.030377560812788758,0.03269619155238162,0.0064196520300899935,-0.006295592733849074,-0.0025124604587544513,0.011934467532467114,-0.027489031005121286,0.005294871531086419,-0.011771837032556827,-0.0008463361854595912,0.005282055330403747,-0.008661388602382946,0.0025227067957586074,0.007356214769666735,0.008596787714877475,0.018286597239426522,-0.00019930568221403832,-0.0018469582225915586,-0.010857650752860437
M7|C00055,0.06220407726860997,-0.013098533175323952,0.04859716552221732,0.022352888075769715,-0.007371222948184296,-0.013946163641136725,0.0012703416854841305,-0.0017690921210725301,0.02578606505208113,-0.016915458472687963,-0.008875608857677087,-0.00945433353735147,0.008977920320785187,-0.001050043425913459,-0.001812434758410854,-0.00859351037509418,0.007328608088749254,0.0008455943151363539,0.0019329918795009235,-0.004819262229599481,0.004269408848922661,0.004214411014353441,0.0014855571480959808,0.00425376450646399,0.011478388678795552,0.004940844953929066,0.009256595199699026,-0.006152639982359565,0.005931402321579801,-0.006200428375344905
M7|C00056,0.130011276817326,-0.06051303786677858,-0.017558645199986282,-0.0021823120297177123,0.012649615344172969,-0.029460510382405172,0.017129693506293453,-0.019240443053707423,0.02883338110372689,0.0009217583143069639,-0.012546994746743978,-0.00019395599009749465,0.0010658683057725713,0.003426110662953982,0.002571877465570684,-0.0004617809416577303,-0.00490230950851442,0.014900601594304366,-0.0032433301243647043,0.0044154843361888865,0.005178641524617884,-0.00019079222280447367,0.007809146335230096,-0.0034096384266161794,-0.007878760759844068,0.012016444336822613,-0.0011207680154791254,0.003631692287505973,0.0026899766207043145,-0.003362359450654933
M7|C00057,0.03007880260468012,0.028866944939316484,-0.01396979565303216,-0.02032235245240073,0.0040022693122612335,-0.012457946153119749,0.0042942057114239195,-0.016588040017727075,0.006600310150798467,-0.001897733792927985,-0.0023763545839175335,-0.005377618032550426,-0.010071330274252282,-0.004456107357058445,0.0025506840874814076,0.017225085856820605,-0.002218820634471663,0.007107035103068158,-0.003921345641958868,-0.0006505911344685694,-0.00043106626871161174,-9.629547306399555e-05,0.00580074359252063,-0.004247091047575322,0.0004943666553578614,0.004686032786966147,-0.0008806097733836655,0.0026684462077879384,0.00037896120295801176,-0.000528406660483269
M7|C00058,-0.039010470987797835,0.07596992273910294,0.06217238099631231,0.014605690545216446,0.008412621815413824,-0.01701916699997516,0.004943899759342082,-0.006282274283241069,-0.00187628849034228,-0.00025387099543724674,-0.013711890795616865,-0.011330557630998403,0.01851575063571259,-0.0026455473299978175,0.017900695697516674,0.007949175562702767,0.011025567890063563,0.0006140400438950605,-0.003900974063638282,0.0012741520556092275,-0.008821297184219683,0.0037173827200151065,0.0018782410793379669,0.01006409674137282,0.014796910688799358,0.006801252123393797,0.0027884569965058504,-0.005423443864947398,0.0006305223113668639,-0.001954901178623073
M7|C00059,-0.023896580659614905,0.06992141607215561,0.0062733017023617705,-0.03488310599879252,0.01193641860781164,0.009106355538770317,0.009491015847948025,-0.0063491595338947705,0.0030173398285188308,-0.008787200567125512,0.012675194660568866,-0.006331658922061844,-0.009425002875631415,0.002589942090609437,-0.010345738388548194,-0.006622386208951278,-0.0012328710437671993,-0.0024573188913546134,-0.0012441441881495627,0.0022011568800787114,0.0033626361722958673,-0.0014823249814513073,0.00017044794935269057,0.0019719597887756244,0.0016852440967719507,0.00018318030348143783,-0.0027401695372795947,-0.0005377736075676688,0.004897569570819762,0.00033224467982355394
M7|C00060,-0.1073391910072241,-0.14117380121039982,-0.042529553994651484,0.03932048633532706,-0.017291588301845875,0.014224092855699193,0.00664474851531052,-0.006684058570641092,-0.008147101660864655,0.009934778979911463,0.02273303440039071,-0.006920651982509381,0.009588383423842375,0.02266198968863545,-0.0021132101711174643,0.0032264031657645146,-0.012258647986447234,0.00689819679470207,-0.005629650041509918,0.007415652034325025,-0.014048905584041638,-0.010187908845973695,0.0005032677090169478,0.006699666877328421,0.001007764498303887,0.004551822704848173,-0.002069036211405702,0.0010169354174779904,-0.005769337278823267,0.001460944456192688
M7|C00061,-0.008533571696987503,0.07033288094028164,0.05507404950707158,0.01260918012589159,-0.002916869033482679,0.010476517393342552,0.006487503623394415,-0.00015553562798551731,0.005027523134688827,-0.009934165896954469,0.004016259239787979,-0.005725886254731451,0.0023289037416739165,0.007423973235087549,0.007161083464008331,-0.01373264613623621,0.002905780061214171,0.002457272295876897,0.0006976212264174586,0.005896330058173733,0.006231466293035566,0.00037634453086040975,-0.002337426535246872,0.003413619836643344,-0.0009591981242152137,-0.0043631951280558535,-0.009038067137285407,-0.002724345967136025,0.011858605213885213,-0.0022016324430982038
M7|C00062,-0.09727402426994067,-0.12623800005722538,-0.03776531200685976,0.0422994134129946,-0.0006142358272274427,0.037263226021744096,0.0126087795682352,-0.00805371337132282,-0.004577657206021694,-0.020132248190043937,0.019927069663463796,-0.012517617805769836,-0.017687077768623244,0.03187138152176685,0.02521741523079526,0.012912642810078593,-0.024238646982875964,0.006906927659213573,0.004052610163456685,-0.0034885940497975873,-0.019195848865876664,0.017569521436985532,-0.01026852108588433,0.005243876697056439,0.004250951862869402,-0.01837339701745356,0.0076172079350993556,-0.010615950892243523,0.0005978288384493729,0.008587042259435157
M7|C00063,-0.0017265434381391553,0.018277508217367323,-0.015417259442179983,-0.02568352045274873,-0.0011850249260481804,0.008108518735645845,-0.002669062293525073,0.01997572610605517,-0.003974158240553575,-0.003104812334780924,0.011638895209834597,0.018249523452771046,-0.006956268338964375,0.0017221625246936077,-0.0029637525589107116,0.0016172690285910926,0.0018144576676058077,-0.006410647295000557,0.00488928806227526,-0.015545287722687798,-0.0004553304512872203,-0.0017728746605281133,-0.001104906456511502,0.005116644823865749,-0.0007567391571319637,0.0015843233375520637,0.006337160525474762,0.0013977053054430142,0.007340694285774403,0.0006365955241914134
M8|C00001,-0.12207725149319378,-0.21207212601017214,0.12223312591490086,-0.11021043828604564,-0.08662062692421335,0.053143852341407546,-0.06036126734622096,-0.021558281403350255,0.06846631831071898,-0.023189716859146902,0.03222225691310421,0.024215629637487756,0.04015619715283132,-0.06420468489846673,0.0060065523414428576,0.009957433844535216,0.023772999959045242,0.0346115867928324,-0.04256566949239466,0.011163407776944636,-0.005686953799537819,-1.9627319759941934e-05,-0.01796486742484866,0.005635213092440748,-0.023875569294877136,0.003439087131485386,0.0002420542716438028,0.003925815353548088,0.007045628261350844,-0.008012279402306453
M8|C00002,-0.0506846291585752,0.05083392537964758,0.05245744821394186,-0.008510525536884372,0.00013152808796726062,0.014552319101027115,0.022628465310930643,-0.017654783444095122,-0.026107142080409932,-0.002593452864213769,-0.012127463894400711,-0.015448552534051868,-0.005715225819415574,-0.0014211182752935075,-0.003399079792284171,0.007643826223293074,-0.015226124421354655,-0.015356081646093546,0.014813502590501942,0.00022242728611079484,0.003919477262895709,0.011234306571910256,-0.0028600893068107727,0.008339012478463751,-0.0005231803940257225,0.00437647357334468,0.006933129561594848,-0.0038117158972967424,0.010283307256565432,-0.014209553487966722
M8|C00003,0.04586421480848605,0.025486879974256048,0.005030870848591166,0.05370020065618288,-0.02542962617874185,-0.004912465338649398,-0.011914221486424247,-0.0019510802268624633,0.0066157207935835715,-0.0017832647105396867,-0.013038768133970268,0.0011688076027122818,0.02044155667437274,0.009051455423191211,0.009429382838854146,-0.022374986066829913,0.00647418148362163,0.006958083689639164,0.006079481699612836,0.007930286683759807,-0.0009104020888658718,0.009335155012976118,-0.002545433345415686,0.0033119105116431787,0.006421030925692406,0.003501247773665039,-0.006884748820657555,0.0021294614723091194,0.004499016772465056,0.0014964745398902855
M8|C00004,-0.039855704775336315,0.11246562931804449,0.03404828039927359,0.00031692170127414494,0.0013541838268464608,0.009097601618486603,0.004083859680366565,-0.00681470267729323,-0.0073075046226553295,-0.012771669163310111,0.03402565390357216,0.015575647000885099,-0.020683579435849846,0.0027520677526674036,-0.01367417948366644,0.005760886445412061,-0.007638151069186246,0.011192672660934122,-0.0011896761666850457,-0.01231720971386094,0.007194348728040036,0.0032387860288008072,0.00042021385328389234,-0.0068975032379720485,0.0009503602301966402,0.0099352498174781,0.003541197951646441,0.0008650703599564192,0.010544767115908144,0.0021134328421123787
M8|C00005,0.07794891936105638,-0.03968812686528949,-0.0559406366814437,-0.020972396425921226,-0.009397580795139086,-0.004258298292134166,0.00876252133906955,0.022683257306246978,0.008023708123948736,0.005898876522862202,-0.0014181095636285328,0.015016901173018456,0.01054840961891464,0.005649924675054895,0.012817798641745207,0.007402711470618646,0.0071824426570391625,0.0017839523660613558,0.005036796210513694,-0.006468400969897165,0.0006656063790527858,0.0003752720634700399,0.0011045335051809715,0.0005990955274493444,0.009258837155191296,0.004969308300931103,-0.01004305271922293,0.0012247545740825651,0.010351501291574099,0.0039129126894014415
M8|C00006,-0.10907921425072238,0.10677464271059502,-0.0054987526956033145,-0.006147534739127911,0.01894156917603173,-0.011884845396261305,0.003848244875410106,-0.013975578746166813,-0.001986572265936178,-0.011895815286592518,0.015994990584477013,0.023669311282094502,-0.00038239893941301216,0.006261466042791726,0.007741399139969952,0.008456018208856188,-0.0028656010356720436,-0.007312780178809969,0.010479284891650108,0.004375204672413976,-0.0015148910107956814,-0.008349810954506813,-0.0021133369689234926,-0.003179834172044316,0.008325913341034434,0.008966490253459927,0.0006337883304874427,-0.0046177333192881104,0.006909916967285325,0.004120029859038744
M8|C00007,-0.11600738891576672,0.14313719616306078,0.07750376991176386,-0.025756367193104594,0.03392667211224937,0.006510715612424129,0.044826867388844754,-0.01776799272831362,0.0023317942679429516,-0.024961883880485022,0.03458494426829135,-0.010822148152347416,-0.006555871595105003,0.011915374601992356,-0.006582004121211142,-0.004083020128635267,0.0017454537028448703,-0.001867766307553831,0.01256921429401389,0.0005032917214721227,0.004082871056825087,-0.0033743788295527706,-0.001115922069030881,-0.0010583775666788608,0.005607469531730048,0.004951702301529449,-0.002561233376860153,0.0053611061928630285,0.006235346190879622,0.0004273498840569279
M8|C00008,0.0023165664671722097,0.02310589838968821,0.04386916896811121,-0.0013840048739726684,-0.001992992748499324,-0.03788724646794809,0.005792180345917152,0.007393301049461989,0.015096634601055222,0.003030513305836764,0.026654925265422732,-0.012770670013729305,-0.02088059092388144,-0.0038946178090000913,-0.0038583728204168604,0.027071108503239905,0.0013684835012864349,-0.011994934909291195,0.00159479469781082,-0.003224607233122843,-0.007781230170559097,0.001089985723876998,0.005072502148408793,-0.01277195273720772,0.020392626164869667,0.0022588889699474055,-0.002067561927356231,0.006836594297837616,-0.0015757188497121572,0.004633265502354045
M8|C00009,0.04020453515787368,0.015322157384136982,0.013643775633960766,-0.007275282710975433,0.0008257544941132239,-0.005999826838558835,0.02708171518460671,-0.013270067530718363,-0.02505588910328277,0.012234844337045242,-0.019726946963383677,0.017703273302820757,0.004052509127887926,0.0027796973481768153,0.006263680583332083,0.012665761175999086,-0.0013983433320954926,-0.006252929982107789,0.002702991684629965,-0.007520562805086246,-0.0044244762375996735,-0.0025578398971291207,-0.0025889922918191643,0.0015009558759607256,-0.003209551818343584,0.005221988953690897,0.0024515189911979603,-0.0029409033900961497,-0.0022936573691802764,-0.0034206077734781
M8|C00010,-0.03328997626378987,0.08554254283658559,0.005910410586034784,0.0074388198790312395,-0.008121768738900234,-0.000575714917665412,-0.0004076993444902468,-0.025279303482410757,0.005907844645716336,-0.006119920718796859,-0.0031194469185469413,-0.01633325011870819,0.012616674049067241,0.009036752969915185,-0.012382668791646364,0.005244231674304102,0.0024504868615717636,-0.023400026828745746,0.006727109591245879,-0.002240092685537044,-0.001555872880213295,-0.0035536245015683646,0.002569497268106455,0.0024437704443115976,-0.0006703910630176848,0.007744357474882367,0.0019718505264315817,0.004290296263457283,0.004337062820491579,0.0005810653880428241
M8|C00011,-0.1456563588031484,-0.25982637186979074,-0.06775699668732145,-0.007822533933885064,-0.07923209370367491,0.02829000615098658,0.01706016057358954,-0.00886385645159355,0.00567380883072101,0.014739790430773303,0.04442065650370986,-0.025461362658826307,0.01996564690572109,0.029507982047136797,0.0013481242186987902,-0.001124182109774191,0.02206754168340948,0.015859013619136327,-0.0012280510647425052,-0.012892242135861647,-0.006225559021722134,0.006788072451948935,0.027473782838720602,-0.012424149111567364,-0.0122776585310274,0.003123679374845766,0.007457793647077686,0.014825933906594651,-0.010391017222496614,0.005933823354896765
M8|C00012,-0.06289108297438711,-0.04682756744523471,-0.017297509411673264,0.0035107233726749693,0.049349856417590585,0.028359039642144656,-0.019704056760618097,-0.03134597583732402,-0.026669183260370807,0.0016809567628799905,0.00527892062903916,-0.0025313867130618444,-0.006187552253262511,-0.03730855847578584,0.0037886344094534515,-0.0041892378893920975,0.017460805820920404,-0.0033794465517723747,-0.0032663195719397887,0.001719969244289513,0.010175892037485298,0.011612339572323504,0.014401331967583215,0.0122079300431465,0.0075606837669638565,0.0030509567252699874,0.005601245067559862,0.0007178682878798223,-0.002584640747771203,0.004977390138191767
M8|C00013,0.10329695557049574,-0.018837950571468906,-0.013247212969840829,0.014247204539647217,0.003466185089199554,-0.021255639433557315,-0.004834617208433671,-0.006807350141014584,0.007469814741522683,-0.024752817938504913,-0.00010156019044975689,0.0019790497339037282,-0.005372144938542089,0.01340708339544629,-0.003509410246136576,-0.0052902325329786705,-0.00315967028148414,-0.012978360148637753,-0.003873236006208444,0.013416802341831494,0.005438550751964531,-0.0041772460264750755,-0.001430164100277021,-0.002499859761756904,-0.001544037046619285,-0.0008214090326392855,-0.012020950158568286,-0.004127640441997035,-0.003418115795514482,0.01059910118335065
M8|C00014,0.0027276597546214516,0.0711075271948248,0.027568449896395047,0.0628600240295923,-0.030386885497861428,0.006347563118504248,-0.021678277707875573,-0.022755636706627044,0.008603600706088718,-0.004679747085413484,-0.012252505842893443,0.00023751885122933822,0.0025229898771495086,0.006748068289037978,0.004057182368477541,0.003756888419355335,-0.0005721918994000592,-0.0013622265677305891,0.0033273395319123916,-0.008086274195886511,0.0023897032847079256,-0.004521111310484035,0.003544062978014392,-0.005419770674912525,0.003141257976858772,-0.007319706403363101,-0.004083938537372578,0.0007849592788660643,0.0033871891616113576,-0.001427454375666006
M8|C00015,-0.015105591156747089,0.05615416369955754,-0.012745147000107726,-0.012711814460655209,-0.005345998382589209,0.00011781639736041622,-0.01966628250070771,-0.005413007867062179,-0.019763438008747535,-0.021464685383090834,-0.005235363662720868,0.0017224134602880617,0.0028107818844901418,0.00997539275596543,-0.008140792683504991,-0.011398251673620671,-0.0005635493195968377,0.0022138493127581605,-0.00632785836491568,-0.0031903718451548797,-0.001193769802889444,0.0019658631876789145,-9.965923080063697e-05,-0.0026808182177391077,0.015245703293424062,0.003168076806040346,0.008662229906758467,0.004449641654246978,0.004381426284976573,-0.003052223726359168
M8|C00016,0.1440858544161135,-0.09697025313529824,-0.044122845717719954,-0.020603168607788352,-0.014151897310714492,-0.03300069508247399,-0.0007392541833747279,-0.01162581827281877,0.023040455647092804,0.009885369554468327,-0.00493191087040932,-0.01779520851721117,-0.0004925524565037902,0.008872081894634903,0.007003689044366833,0.003982938564535788,-0.00843362886204284,-0.009158489914300249,-0.01674389952819747,0.005954686389323518,0.004191357191394378,0.00919864604332969,-0.0010000295737649851,-0.009097242550290574,-0.005641693681805248,0.005910415271467583,-0.0044640724726962375,-0.0015053105116970467,0.006623631104630713,-0.0021122148770839327
M8|C00017,0.024710256967185838,0.08901107486617182,0.03433277466742684,0.04320932081635553,-0.01006231675314117,0.03202254614688439,-0.003544968655502984,0.058195264669287594,-0.011043024797818856,0.03478339541332866,0.008429144177707754,-0.0012249215988395096,0.007843123233821752,0.0064221913646502786,-0.005269905673433383,0.011960554888538533,-0.005667279481669613,-0.0008139713398858138,-0.011804439699263293,0.015737411724686297,0.01000634587456652,0.0021617520715356098,0.00679729406642793,-0.009211905680862458,-0.017834476334985336,0.009828388930535344,0.009907662018917194,-0.0018814047733632954,0.004345956173957025,0.004377714423938928
M8|C00018,0.09438275092373838,-0.02023183739941613,-0.05055720492873183,-0.013236636429181154,0.0016501199438456989,-0.013178971315074837,-0.025424387229421065,0.024573035230221637,-0.04766285628844832,-0.022368226437647066,-0.010737053871902123,0.027439837667267677,-0.004253918505919699,0.011953480474087048,-0.0018186720222453606,0.007727297744161776,-0.009197410237154787,-0.008232975269933804,-0.011978992454222433,-0.001338490300730224,-0.005458083163331729,0.008870420783732413,0.0011697536714828918,0.003911120609167725,-0.0033218910081070988,0.005808680716912107,0.0013204988135094567,0.0004097304878097072,0.008648949245633135,0.003212586587779463
M8|C00019,0.06479108466026394,-0.08431228019155046,-0.009529792590736375,-0.014816342255358116,-0.021617472631068724,-0.019736033051359094,0.0009375821027438076,-0.01787014274919498,-0.013141861789618297,0.010376248604212277,-0.04132962659830146,0.011492926284141697,-0.02097222330140585,0.012404578284571718,0.0091259361718662,-0.008859098326799552,-0.006897759906824737,0.002387247313974208,0.019305571992322156,0.005004549187639195,0.005264670771309543,0.006984187920973778,0.00430046227729314,0.0022639526351169153,-0.009264163556126692,0.004054578369595064,-0.00858607902832971,-0.00040305752339058474,0.009172498827298736,-0.005311672412112947
M8|C00020,0.0483716448231421,0.01035997143143701,0.030193506161067953,0.010828523980420838,-0.00176844852457409,-0.006321830490462201,0.020535404753170096,0.024465198630383305,0.016268916314764063,0.001204879635026343,-0.003800155119301802,0.006176192432162793,0.008883862883472685,0.006966428282235229,-0.0015909431788780446,0.007687991303035968,0.0081526496558687,0.0039935619659434134,-0.005193710868896417,0.0007166787303070584,0.00501886660323878,0.012592376714942791,0.014159331369972692,0.0067810785397124365,0.013599287287340741,0.0075535445795902505,-0.0070774881554017816,0.00031100238288528164,0.007302439850335101,-0.0029574449028856847
M8|C00021,0.08615705208162606,0.008048577969827065,-0.05149696045909511,-0.00552914520267253,-0.0060121508666042805,0.02084124829602002,0.0036129465842688457,0.022526300237845995,-9.619706360184462e-05,0.013631948568616386,-0.012688954256400004,0.006965966163062875,-0.0057340263586922275,0.005624701750504876,-0.004735458247384528,0.012304549745998363,-0.010350139843868207,0.0014888877396038193,-0.0067980768814909056,0.001523407241928536,-0.004684057531503988,-0.002778026225404654,0.00560171973893303,0.001408723246129075,-0.006198131419985006,0.0002741962012721888,0.0003562883252036559,-0.00191735047174878,0.0005143434738289533,-0.002646989427266612
M8|C00022,0.018148758562008902,0.04530802307340226,-0.010546649922457872,-0.02237985720607514,-0.0044747360766638645,0.014679847296635122,0.008760540368145761,-0.029353505174415668,0.002529006040632938,-0.010301509045285245,0.024657083828937353,0.014099907282781328,-0.0011264850842204023,-2.6003900919387244e-05,-0.002092606160252972,-0.01074618542310826,0.004863286644991815,-0.0007140019014759442,0.0028409679268956074,0.005033303775783377,0.003867298082056148,0.007178289269585893,0.00032759462001635695,-0.0036524453665333885,0.006769158166312459,0.006031950815208307,0.0010414480107666336,-0.007215744803089012,0.007362984442917146,0.0016685757800921444
M8|C00023,0.03154434867614119,-0.0045115093542766,-0.07136526174790093,-0.029383679171023334,0.005307953547475419,0.020516206617313248,0.010246484229767842,0.01900624716724091,0.006720523381149722,0.01762417396967127,-0.004110932475367329,0.01774512537377268,0.015296943400168182,0.0034604259178828527,0.008290260198217568,-0.010323157828752566,-0.0019347557872609411,0.001818905641921802,0.00871223645132722,-0.014819017636295255,-0.003939322865932704,-0.010570623459759221,-0.006446786075035794,0.0005318636929038551,0.009387003674822066,0.006070689609640072,-0.00044472297444508944,0.0016992440789812971,0.002727010364098487,0.008822927517350476
M8|C00024,-0.03886798802093395,0.08805724829154955,0.02187958817230421,0.011322665784181162,0.006989783920202916,0.0008008442725832812,0.002473652453057826,0.0020285505703779108,0.005088041844647993,0.007689020333559385,-0.004236861626536679,-0.027676642074831264,-0.011950304190793189,0.006333104671984493,-0.01319428579109342,0.013488790084963202,-0.005031651790450012,0.002740847002107237,-0.002957302028479674,-0.01634081771874102,-0.0009820771260361158,-0.008095808925674039,-0.0038620693533882103,-0.0010690977205725662,-0.003974556086624193,0.003553955306712214,0.006584097727135096,0.0016021854828492039,-0.002466824374881842,-0.00281671967832381
M8|C00025,0.012458772884888447,0.03851991704039557,-0.042166425013286386,-0.018138337089821495,-0.005282977331904776,-0.012550404733586864,-0.03075469067704735,-0.019947889707011418,-0.03726179476311553,-0.015513695526373371,-0.0066841763187177276,0.014910936673420838,-0.002071877484253156,-0.002443637155797992,-0.00047121653932532534,0.007476183628527646,-0.009293284776447816,-0.004622527133383729,-0.007297201291614142,0.00569007797674321,-0.0005089641270688853,0.006089038480095333,0.006188744355457501,-0.0013333560783867682,-0.002095013469179319,0.0028331193812627348,-0.0014284292844658642,-0.0009593992111814619,-0.0013345847824741525,0.0025565778351295415
M8|C00026,-0.010236783814851163,-0.004244985104016224,0.08185869161867923,0.011214340159341737,0.030049653223255705,-0.04596286039549648,0.025114859493119916,0.015368810393540705,0.007832695799557771,0.0004654571929425594,0.01734483465565105,-0.03673624733247894,0.004596949902779819,0.009444897256901197,-0.0068632336453606215,-0.004224751390881434,-0.0014892086373304554,-0.01352006959747327,-0.013086340020902469,-0.017006537946022426,0.011217334997992351,-0.014418055016688046,-0.011098324908304338,0.003887415947780495,0.006886871852302883,0.0021720363497221102,-0.007815347707685947,0.0056127721377367025,-0.0028294483940087623,-0.0021479612569459267
M8|C00027,-0.03452105210484521,-0.022038266673409263,-0.015732273124374183,0.030560118034744288,0.010722172837877738,-0.016321981514624235,-0.007042574466548774,0.02420300926615286,-0.015192400747967271,-0.003209924469773669,0.015491028311929238,-0.00219092818702565,-0.008850958001170818,0.010791368480426416,0.01404649279291017,0.0057921601917637275,-0.005563721692540329,0.00901247120263801,-0.008026538284294808,0.010346061742743466,-0.01076620224661773,0.007191828058794331,0.004081354898847257,-0.00038614710694142727,0.0008048914835018251,0.004413547575207258,-0.004403316290663974,0.0008707916573206761,-0.0036610797514282337,0.01190389424660527
M8|C00028,0.06468615896055419,-0.013124317527336072,-0.04982111485268374,0.0047096710041574594,-0.013936557165441362,0.001506710063949727,-0.002695797786749015,-0.01039051787990974,0.0043166157328535385,0.006760036490015336,-0.0012273129470912068,0.019504996366775898,0.013202304965949532,0.00685331265889975,-0.015788942941981417,-0.0061567578757015014,-0.0054249347905786964,0.0029044307882617323,0.0040002652287100034,0.010504679856978888,0.0009463448980929056,0.00010835086543388,0.0055328663530887275,-0.003621661157309404,0.0022162243357848267,-0.004203446728777413,0.007717867571065344,-0.0009807722404204873,-0.005727294745400169,0.00038572994295830976
M8|C00029,-0.042308579111387905,0.023878270590194678,0.04570890026806632,-0.004931305471265581,0.02412750699526907,0.01456317341767343,0.03311872054345081,0.006582213631606675,-0.0028050919473934714,-0.023778296575470547,-0.001982607310730904,-0.008718160798558928,0.012256439928767661,-0.009775439738661976,0.0013683578821310596,-0.008940073445272196,0.005445554805772785,-0.020625101716936618,0.011618697142041352,-0.0031772262244891317,0.010242524578009187,0.0024459770663034703,5.536612508646477e-05,0.003765453715870255,-0.004022562991822727,0.005398257305822278,0.004644474015199678,-0.011741453832140829,0.0009092691092618403,0.0016967060938501539
M8|C00030,-0.005753253220945929,0.01957978254865091,-0.07171694747367778,-0.0004890981882088043,-0.019215180983785732,-0.007307007871786067,-0.025776864684923587,-0.009242867157418717,0.010211732291395513,0.0060606576496187005,-0.014864838312575552,-0.011265320987181584,-0.006173548282373066,0.009819491232906924,-0.004825755123593549,0.013175258324756947,-0.005670634905193484,-0.013325455009158332,0.0073606096460157935,0.0017663204540496987,-0.008886112975337793,-0.0014785989794865939,-0.00897536000414904,0.003008521019142219,-0.00468217329294588,-0.007335018306641683,-0.005066772202822993,-0.0025181201237555765,-0.003721461031974191,0.005893041525223752
M8|C00031,0.046444901960105874,-0.03669221719356208,0.004383002113914144,-0.010458978237231336,0.0021449630899812427,-0.02989983782344685,-0.010164545220201786,-0.018277956589910254,-0.018550311833506104,0.021802909470908533,0.027037801477937946,0.004119193838790055,-0.0015127108454951069,-0.004812069218752735,0.010346432418398327,-0.004545041793396357,-0.01974645257979359,-0.00850659402136641,-0.014521662955421944,-0.0015459120602729598,0.006580337171423985,-0.012822963607132266,-0.007149906789169893,-0.0027802377482073312,0.004143289263708981,0.002054037267675701,-0.0015769911560047172,-0.0018122555643105057,-0.008615782606267894,-0.0038660158548277108
M8|C00032,0.09638325565658502,0.01248471103095792,-0.020821670233384774,0.011012487145389648,-0.0041750167353398135,0.0028559297472167994,0.004657327807698724,-0.041575105887057866,-0.009476836985388313,0.0022114041587975824,-0.008540463103615845,0.02688213293871292,-0.000901076839335072,0.0009698440425918612,-0.0032753231378841135,0.00033585350316619675,-0.005370723318240708,0.0004411800739272914,0.0028492519768158115,0.009426612674142116,-0.0025439627175218465,-0.005195461765570268,0.0025452756158646467,-0.008429144288392698,-0.004413093138625985,0.002863966071890303,0.00890827993821034,-0.0002262010466889492,-0.011343341311896312,0.003709207642793795
M8|C00033,0.08991228608010116,-0.124584977871489,0.018184749369264553,-0.002499429955498248,0.05157149252732042,-0.051278781674139656,-0.022789175806070913,0.002407985185073251,0.003539693216285874,0.005370440526080913,0.03211700289387168,-0.011760913580221383,-0.002794229762403204,0.007346949285753464,0.0040246128301683155,-0.013042006068628294,-0.00016832548962238247,-0.002572828705913402,-0.018859814936914784,-0.0168268268766448,0.02335501416250161,-0.010995908973939976,-0.00520381644934977,0.019599507334907618,-0.004300146620267783,0.009726675778606518,-0.008859557691010506,-0.004069345484256815,-0.015705780696286725,-0.006224660620254582
M8|C00034,0.07051641531586979,-0.018610616991444295,-0.042672147723449794,-0.006707982792433438,-0.0058538257883232895,-0.00457160048317021,-0.008938057205925212,-0.012829298517105667,0.0010036063542845568,-0.005989987374040059,-0.013621958371448596,-0.003232165763144023,0.01555723470641419,0.00630645389142492,0.011856769382200608,-0.007700471117797543,-0.0069829271959932285,-0.0030650706159520316,0.003657063192749711,0.01061519731260878,0.001147020834841482,0.0036634138859493208,0.004133140193245565,0.00039762134612856875,0.0040958060932307664,0.0062510975520757815,-0.0008729609820445841,-0.00177831697604543,0.004956070603586582,0.00469968967226574
M8|C00035,-0.059920533368286524,0.02885653369112746,-0.033801182500064655,0.0031508445693191113,0.005437320488849672,-0.019570969769661613,-0.007476453571545222,0.008225875285926778,0.006653556653011067,0.004620141065714012,0.004681647258089398,0.004924530105361321,0.0061194807988953406,-0.0001342151309437088,-0.016662449553884986,0.010135139922200142,-0.004485156398810665,0.0039300886124896284,0.010091451690795072,0.007783834967791467,-0.004510910862678286,-0.014868325279834947,-0.003771522081156337,-0.002667682582266247,0.004585972535615223,-0.002056324387841011,-0.0025877019724748654,-0.0015689509093002106,0.00557068955813837,0.004911132014836717
M8|C00036,0.054873653666736154,-0.013972702099272198,-0.04095101238487121,0.003953414108519038,-0.019184029140495176,-0.003556290088465118,-0.02306811608245947,0.010441471235915144,0.008657446342625589,-0.015273391150742473,-0.005385741333018915,-0.016706952918913467,-0.015133076863187971,0.01369667877539871,-0.00503519705398177,-0.01232842011904826,0.0011868870224516878,0.007490761510037764,-0.0015733768749740668,0.003801973185625322,-0.003458896680628728,0.005689434424774249,-0.006315977393612101,-0.0021614626488233126,0.0009007139984564722,-0.0015714396649508658,-0.007633162576532217,0.0003288569204050116,-0.0014456306279910234,0.0016655302276660188
M8|C00037,0.0018713502664676807,-0.06630388045503272,-0.03993357264913822,0.01932716159496402,0.014234346872955776,-0.010576267655508896,0.008849591648529966,0.0073674605032076675,0.003150731083117941,-0.0003033976566855137,-0.005974101795797721,0.007055699046057333,0.002001694171078943,-0.005844039828578047,-0.0010017598611183909,-0.0012472427436654046,-0.002907084513636903,-0.007774632116516112,-0.005984474913102305,-0.007852418765480875,-0.0026682268615708647,0.009225201036451742,0.005227860434454154,0.009147224443684404,-0.007803150945691585,-0.00024019479239499272,-0.011574407743869792,-0.0027030947752354614,0.0018036407383000132,0.005043837947388602
M8|C00038,0.049633263353663734,0.020693015877425763,-0.030813688582699797,-0.020952886425156976,0.005224931559743035,0.024804427349411653,-0.0031425077645953737,0.02254481026329526,-0.014855352946342323,-0.0018564369029070618,0.004492161671264421,0.01616248604571248,-0.007834587695613487,0.002825011621990545,0.008068622905818256,-0.0036789178911040103,0.0016019642591353536,0.0019477581371387025,-0.000627027900728526,-0.008726807153703435,-0.008974271191149146,-0.0031319303835140493,-0.009115946430519644,0.0037771762456444203,-0.0022266684532726982,0.0023768298755267184,0.0029279776752244554,0.0006184272306561441,-0.00158473514001814,0.0033093527150711817
M8|C00039,0.010378451193041418,0.05271203253940843,0.02971710279936078,0.006171692368425669,0.0038077506911267088,0.015950012044865215,0.020515422163123388,-0.014507289110102529,-0.008604243628235876,0.007400778325615384,-0.010209545897041256,-0.01444731709353975,0.02721034566360315,-0.0006327364360914253,-0.011027658602040627,-0.0068104110758530545,0.00021836113332383397,-0.008004997353192822,-0.002658652408397368,0.0026264275447812515,6.19146028321753e-05,7.850579602062782e-06,-0.010285974561507562,0.008693929809531976,0.0042395465099046995,0.0004561535039335805,0.0069908506578973215,-0.012446903764045282,-0.004817893578605471,-0.006633268475334065
M8|C00040,0.058473158331472055,-0.09848264820516467,0.023993270986808313,-0.00267676173234913,0.07446444206319658,0.021673479336594657,-0.03503448895182599,-0.02115504436267537,-0.008742642298569263,0.020259665845988106,-0.0010236178775173028,0.012903303699727425,-0.0030957723097675073,0.016792182398162266,-0.003476581155507802,0.011728917038895717,0.015575246852116595,-0.004162451912713415,-0.0024574903161651844,-0.0008765285866303773,0.008729591227082131,0.003131951434140529,-0.0007780039824183985,0.00431163774408574,-0.000968287691364314,-0.011845648762980296,0.0040133512766293835,0.011113891358128044,0.006329043497695762,0.006782134888610824
M8|C00041,0.04646881383175635,0.021902216401357515,0.02977918531536304,0.018910674147006555,0.01237000793713988,0.011517199599635496,0.01925799953621857,0.03883325993246933,0.004884401698047459,0.012732959961416357,-0.012262081786522862,-0.01341845990276343,0.012141863475071377,0.006725810225526225,0.0035878071198145903,0.00673028182362778,0.0029459912799943934,0.0009283727942509179,0.0012858949246762927,-0.006533953187781481,0.002215485898110361,0.00048815569186794595,-0.0014897340426545413,-0.0008518246306441155,-0.0065077848473283325,0.005874178897564251,0.006117906921961873,-0.0011854016425451553,0.00206349897235148,0.0025400398875957187
M8|C00042,0.07277398977506859,0.039898647379698886,-0.00825536178286192,0.01063704681349171,-0.015368491554905248,0.02068178384506948,-0.009629239422117889,-0.013158323891878225,-0.013441321269092973,0.004845012163673508,-0.002082142497668133,0.01931225750204568,-0.000825941220554791,-0.0013657592259830455,-0.014313606276082406,-0.0025466628510800167,-0.008128850845133926,0.0030993402672726974,-0.008594286523438088,0.0027946277412346336,0.000820719950499438,-0.005782360730764045,0.0011549778073263112,-0.00799070912394678,-0.00018991892201258368,-0.0020292471245961672,0.006705342071296976,-0.0016362338438712725,-0.004285775439636939,0.0022606036805022695
M8|C00043,-0.04569419709720212,0.05007950526909479,-0.04027255552446755,-0.020530114713362847,-0.005126199686273654,-0.0024991769404520804,-0.01325839097315455,-0.002500774731616817,0.006913113801428393,-0.00238246555090319,0.007518874059042297,0.004508797980793867,-0.012406121453189237,0.006798639919927022,-0.017932863584971447,0.0052995643838180005,0.0011182534424640728,0.006259472710894031,-0.0008557760087497998,-0.013468072823982201,-0.0023090661133563545,-0.002112050507631045,-0.001486734319230831,-0.0006832108652312909,0.002688104547819471,-0.0005634400630669741,-0.0006808095098791904,0.002378628129223903,-0.0010769032806609861,0.00041828217367052346
M8|C00044,0.08657561226622171,-0.008987897082323826,-0.005619029210870547,0.03301315451215434,-0.040205240667828566,0.01634137374044584,-0.02853483549760462,0.02613794414235529,0.023469429058068106,-0.01123383285167015,0.018873647225988752,-0.008020510769129558,-0.0033769251532667264,-0.0010595624316837736,0.014128702861514469,-0.0022706920157204466,0.006414224800506531,-8.649936058666721e-05,0.00013084873322392564,0.005033622120540543,0.00870260125606349,0.0029955047588371784,0.00126606184989258,-0.00663137455578908,0.011737297191940997,0.0027358187056221177,-0.005147311516001895,0.004730635943004763,0.002929285737419996,-0.0036076879169430723
M8|C00045,-0.04202127271421164,-0.12494202091415112,0.002286636329433189,0.008599496948239437,0.07706967883182778,0.05156508303681036,-0.03246827941431282,-0.014204164309129297,-0.013383298336707414,0.016095803678810177,-0.0012783262761494817,-0.015363165001810954,-0.015815957913897137,-0.014607609159469308,-0.0028218140346789426,-0.0005221422621952841,0.0171303937900096,-0.0013983544419848915,-0.006430525790249181,-0.0010635925120703533,0.004585818814561855,0.008759396917451347,0.005536574677072219,-0.00028486336634924114,0.008456000319435077,-0.0076056351307601956,0.006895356464517497,0.009470025504459767,0.00936659281426289,0.01007447813101149
M8|C00046,0.01165986509987969,0.04526575826801665,0.07845436871097748,0.02936792069111303,-0.009755865814156252,0.016739878256841447,0.0033228082650595876,0.019041644711631025,-0.0021379732026364754,-0.003152280907509917,-0.016334710089393276,-0.006016144687612855,0.01884376807061314,0.005750831618691021,-0.015912483303609885,-0.003234349504462522,0.0001261437579456237,-0.018520599049684516,-0.0036759297336912944,6.780107214311758e-05,0.005130302048975754,-0.0002155670328129799,-0.0006805043483356871,-0.004305087679502131,-0.001124981545857383,0.0025396282355509307,0.013269049505042037,-0.002031557819890931,0.0012440843363160702,-0.007398601856130795
M8|C00047,-0.05382684077395296,-0.09511909682397353,-0.04975139844270195,0.04002573994481202,0.006347457356868276,0.05359596471400805,0.022126813741980195,-0.017905937971874057,0.003058212372651346,-0.0012596268655216758,0.026968833673143632,-0.004883349814534019,0.014997309354596979,0.0040367586126387285,0.0010739471234979849,-0.009109601171215728,-0.017136816759177033,0.004319823858564295,-0.0014367885585003593,4.385697210416127e-05,-0.011471143067977564,0.004286369117040898,0.00991538631520179,-0.0008263925527774586,-0.006214314293254449,-0.00035564838162428384,-0.003343095139908222,0.007146640111880948,-0.0013082679382764011,-0.0036281003028869395
M9|C00001,0.05580737217388738,-0.012828220284884848,-0.02750658525689114,0.007861743328691922,-0.02722537046255845,0.009085162745857462,0.008321372581489628,-0.024361542101404145,-0.00019966791578216226,-0.005648381379404828,-0.0007165138727718332,0.02274105267757258,0.007984787170471998,-0.003184747198198835,-0.0007337882437000451,0.006094860598723645,-0.003171432392995453,-0.0019366552424661104,0.000517196291779699,0.0031315080196660954,0.0022476391545173907,0.005224531224577965,0.008477048383117154,0.0009885953668049502,0.00556873941247184,0.0019731761281209827,0.0021657682421494656,-0.0017750096470797578,0.007123653568936389,-0.0035664698461311023
M9|C00002,0.055249474105222705,-0.09393689292150265,-0.0495833379088197,-0.03430035241215974,0.007604698221127478,0.014961918508580786,-0.00456703966948886,0.0014458400284696298,0.023867738418132032,0.013558691375389538,0.0005913347827772406,0.00520184118657537,-0.0007524128785714584,0.0034009931664840064,-0.00589965518565053,0.002366567543291317,-0.001348696610105584,-0.0021841545683250066,-0.012128438460275516,0.00012098479120192679,0.009687891464693654,-0.0004461665560809147,0.007947626562439492,0.0038702145188659496,0.0044235278985176275,0.001199144086330619,0.002031370460181247,-0.004821213926485016,0.005749740777102273,-0.010329924489351551
M9|C00003,-0.16584003300952915,0.08145153405656749,0.03574994658426834,0.01782629178396753,-0.017151894351494543,-0.007920013897392908,-0.02601998725029163,0.006556890402644391,0.0016273562210319063,-0.010369901721477224,0.002099685866148951,-0.0019228936288723415,-0.002807506509773206,0.0056849094512172816,0.0026618361064069318,-0.0016556829142817362,0.0017804280935622575,-0.004217438803307881,0.00983039597187284,-0.012464544440915767,-0.007677792601655352,0.0007176864069086453,0.007643180493109436,-0.011342341967889528,-0.0017198231636493494,0.010694626781089098,0.00657828959710994,0.009477354043969924,0.007230880687701327,0.000587863008118877
M9|C00004,-0.014150372234750875,-0.001702430958791499,-0.04067388062622427,0.00877335572177313,-0.024100888808110038,0.017685531433038346,-0.011575016292620834,-0.0038103004791398346,-0.00905703100903484,-0.004047214753074134,-0.0102064617121076,0.015464944267136013,0.02528036848319805,0.0015813102338389428,0.026239832188895522,-0.003991341177384343,-0.005480848091054465,0.0061545881079719,-0.0023053608858539325,-0.006026138283306197,0.008430655074447655,-0.00022405790382774962,0.0028941732534857128,-4.652140969877516e-05,-0.006835755554026724,0.0005536731620840859,-0.00429108338623281,-0.005196897832884557,0.00862905074628159,-0.004451282162050189
M9|C00005,-0.052926315794767066,0.09238549067243843,0.048195392125781854,0.021063155506509612,-0.008051695458459473,0.014330695786331095,0.003708380465459563,-0.01122825629474861,-0.0166244691970185,-0.018842054844282252,0.009220854285246657,-0.011086401898426324,-0.006472752028186248,0.003733423754065178,-0.008699412697265159,0.015219611796253836,-0.0005148205608505495,-0.010112756406303276,-0.0005245503182943159,-0.004879330029681098,-0.005162730238467062,0.005880136703240604,0.0016286800959966813,0.008902920258222013,0.00213101164344614,0.0009649167613477352,0.0028894504464564985,0.0017016342917671552,0.0033717390505371785,-0.0004453372703378837
M9|C00006,0.027054094491488226,-0.037255690370616656,0.08233307558120766,0.03258764232040893,0.03708203226795089,-0.04270579375979603,0.006991996444720138,0.025457759508231273,-0.009864733871604052,-0.03782663299044003,0.016970929982698318,-0.017543213944116492,0.003529097623240568,0.012288406498246248,-0.01634215546103139,-0.008188385231559563,-0.002734548922716293,-0.010569537013285868,-0.005063480294991486,-0.00843291852278298,0.0002623132839303185,-0.0018090044317830083,-0.003223744454323633,0.0049318293409456775,-0.00898279061129028,0.0018024937479504206,0.009949017413584697,-0.001409902539516426,0.0004289400666049405,0.010763803752015754
M9|C00007,0.014765021839428502,-0.06455619069979282,-0.0922707564668144,-0.02517726848262998,0.010447905411463938,0.044167974826457165,-0.017846323490619223,0.035821912157327294,-0.0012499696738939555,0.015759455687854775,-0.005305115139037376,-0.023634065255576812,0.011052920373792187,0.007213693804666748,0.007556626492095621,-0.001245129426576798,-0.005336341371267188,0.0020420352344701054,-0.009982971175667328,0.014962939057197866,-0.0001308336237421258,-0.0023350498337542107,0.010944329483204064,0.0015984051902696768,-0.007009635138247487,-0.004466605140816856,-0.010080388941160132,-0.006729393703746342,-0.002026273307558596,-0.015271600982944071
M9|C00008,-0.0010128590548585039,0.017077234596131047,0.00574248425108126,0.00982543259811186,-0.0027241452322673467,-0.007985024394074069,-0.020577748354083526,-0.012440790152986695,-0.028182773872433158,-0.03797902633626408,0.004786946282809437,0.011843826818999618,-0.004377718846964173,0.010921245398130467,0.012278246155586826,-0.01169044236398632,-0.003406726596639068,0.0026142440501081797,-0.011515037359496485,-0.010732489275472564,0.003956164535845751,0.0029269139404245284,-0.0076351065275701326,0.0044770499711710935,-0.0008556301800000727,-0.0009166517514406477,-0.005617806485789232,-0.0038168679040794457,0.008036917945565446,0.0026047163337963746
M9|C00009,-0.04889699146544229,-0.010876152075551525,-0.033194542594178165,-0.002525156509800547,-0.024314815758205863,-0.007681013634211139,-0.007683300697759499,0.019899498529028035,0.014766982461530615,0.010290808657452325,-0.0029334701377470743,-0.013946366200336789,-0.016058093577164183,0.00693928175787494,-0.008258569530627655,0.0027851009506062946,-0.0033182998527523256,0.009350953847418601,0.005052240924852728,-0.003731212254311661,-0.012639758316626136,-0.0038643315376471845,0.0034458554443907545,-0.0015298027084013983,-0.002155623034778518,0.0036513445504323273,0.0068003994794105386,-0.00020689177878782672,-0.002239761112363857,0.004351457506914586
M9|C00010,0.04961241330959112,-0.04491588413871971,-0.06667862991985762,0.0053499166985351366,-0.008841577265783886,0.00702504696530306,-0.01284542638673321,0.019227145197053583,-0.014580604585339666,-0.00749069997635801,-0.021710239380367605,-0.005948154470409237,-0.008682584827962848,0.00031038078030998147,0.017808379581460143,0.011941848105959897,-0.00571207649979251,-0.006401379533402711,-0.006446652238234846,0.012591290894939662,0.0007089727489998228,0.005718521778940361,0.0027615880690539736,0.00410895589984587,-0.005771532428372243,0.007699825704226523,-0.0051138954679464735,-0.0071438583910056275,0.004722794806407365,0.005813020755995255
M9|C00011,0.029938021712036092,-0.020355839621899303,-0.039948759319758706,7.238488353751858e-05,0.002082366295665395,0.033933804978646384,-0.002424813698789841,-0.01412347914700524,0.026472843403385377,0.011744406879801814,0.00024031798171132777,0.011779149615485056,0.0059915730292667176,0.004720427416808878,0.00857471353287357,-0.005686127826753614,0.0043681127853863735,0.005750701309445198,2.6158193241592425e-05,0.004516708031542986,0.015672758095936015,-0.008082768416454278,0.0005484490846650828,-0.0008516413229591461,0.0031462895290681656,0.0011541169591714102,0.002466861909246726,-0.004910691102263655,-0.00795013891457665,-0.0049817389077092145
M9|C00012,0.015512320127958187,-0.021466072059737742,-0.04764324350549268,0.0052910636746841605,-0.01305211341389845,0.012696736450862507,0.002139271493624261,-0.020214707836940064,0.001697633319036912,0.000565496047643794,-0.017002623399264276,-0.02338918158773303,0.011417037770999103,-0.004882777163393439,0.008348171545188873,0.009687134373183767,-0.00018206740783603757,-0.0006047515830566181,-0.003310010708049838,-0.01072842230961684,0.0003002645487748508,-0.0016304841604227892,0.007208895598368072,0.00863125278963985,-0.006676237329277652,-0.002994940937177142,-0.0017818329729067733,-0.006707186605090744,0.0038324934480492238,-0.0028142400571976407
M9|C00013,-0.024588097197849334,0.03403238570050105,0.002542560431808222,0.007614982314249576,-0.017993487664446785,0.035807575783138125,0.006187213447370755,0.011284155602512062,0.007479915226666417,0.002008889979663294,0.007911541246274136,-0.005795135986928429,0.01661245059858663,0.000872695269477723,0.0025915248850677695,-0.01316177524428498,-0.001966813999256586,-0.002915331748123194,0.007042313077230515,0.0008770276611868807,0.005236858791911335,-0.012640740528035106,-0.0034383620901762765,-0.00364817940292013,0.00851692238472594,-0.0010759467923715843,-0.008392128632056278,0.002106736933036056,0.00917120365107596,0.004618035929209669
M9|C00014,0.06545893884421693,-0.14348471342996758,0.07132397878776553,-0.0073932152416436485,0.06547568409599298,-0.03730104589469655,-0.009071859565332243,0.008087852736725496,0.00920870705312044,0.015327388264854544,0.020513420477594645,-0.008279155651868203,0.014533575998558488,0.008479967819748411,0.008604306775070202,-0.0015063150930542696,0.011578071624104565,-0.00806716389613344,-0.014852825609239296,-0.0084386971070921,0.01892566779845635,0.0002428130810201999,-0.008096759637709292,0.019043656807104486,-0.0025905018354217863,0.006098763204739566,0.0015735703782359502,-0.001957285648632293,-0.00032130164114301744,-0.008294415950333305
M9|C00015,0.005268851723558847,0.07753501060836855,0.060298732402741924,0.03452268221652188,-0.018712322733767852,0.03601795147386888,0.032261175407505116,-0.03087589259985093,-0.02171285662830376,0.004228966594622398,0.0027840509667779447,0.015129550940349868,0.01515706325846947,-0.0027413622966392624,-0.007690934788055394,-0.004070642394933338,-0.004686663065843421,-0.008387231507024537,0.01157160465509781,0.008319469493365907,0.0027979326896359464,0.010085877503771549,-0.007082431810659145,0.00713913172436091,-0.002487141456585568,-0.007956102030668318,0.013226788103290886,-0.006193912042919196,0.0011220558974131937,-0.01077106118990363
M9|C00016,-0.012936966620497654,0.03460914770752599,0.052015883910197805,-0.019722804048493782,0.024475885945869944,0.013277094229790596,0.050949194853175256,-0.01659192824085895,-0.0020504510637159197,-0.020304801668170044,0.0014635537724145401,0.003635098591247427,0.008365953390177488,0.001087002808361253,-0.004827243866621507,-0.0016100500129300828,0.0020275961876284015,-0.009560318821038574,0.005188298279002502,-0.003185053671589994,8.358333900551899e-06,-0.0036102546378926235,-0.00852296014226705,-0.004400458208158341,-0.0026609037467095298,0.0013648905003464044,-0.002251583809457936,0.002335063025716566,-0.001061057405054277,0.0018561943804543263
M9|C00017,-0.0011286158716658932,0.05277976860850583,0.09754855355209999,0.03339338412768272,0.01598643081023531,-0.0036231782614700287,0.04103900662241055,-0.01143599286484419,-0.01108448147200834,-0.0014316049209342028,0.021992833673935386,-0.002586184964579858,0.02534687514859844,0.004836363845422459,-0.009143699803531552,-0.005859519999062133,-0.004998729185824973,-0.009997920773047689,0.004836044188338087,0.008432670416213312,0.006202290571213843,0.005302098241103653,-0.0008451857294673265,0.00111587568788194,-0.00714975853003809,0.006344435118660396,0.007621229977029602,-0.004080971019861579,0.007898065626955292,0.0028077167504439644
M9|C00018,0.014090866846193647,0.01850325011072218,0.06049644076550632,0.04192468160416004,-0.00906101912830445,-0.0064618482012825705,0.013146134398633557,-0.013955668528375724,0.011630021115393527,-0.012847593218891569,0.014536709334385051,0.010848264569776505,0.008537894855584188,0.002424395186039042,-0.011933647754002802,0.002461883670540491,0.0016870094589929374,-0.003671689059390405,0.010756100945664296,-0.0030093489842439166,0.004800939880463114,-0.007617419361310968,0.004593802332146903,-0.012216873351558525,-0.0049079222332712195,-0.0008408470022955368,0.016897873291214876,0.00044702688399035607,0.002541388133175876,0.007420163700031224
M9|C00019,-0.05376713113319856,0.07638505567884248,0.03746881592678647,0.0305528536950299,-0.01443576029088549,-0.013305065220257607,-0.011019908818342883,-0.023604178514889457,0.00033041792518472457,-0.014945755459285942,0.003351448832274925,-0.006953484056691395,-0.014830103466362323,-0.00525490356848501,0.003500785454783056,0.016119418074520938,0.0054694671531687385,0.013023481349425875,0.001971678882725927,-0.010994357977506255,-0.014603458944566815,0.0003551849159853767,-0.002823451829210734,-0.0017644973969694413,0.012896018315744157,0.00630817413361317,0.013392786976599342,0.0013220737526942125,0.00028504525323097085,-0.004787230423203033
M9|C00020,-0.06963129630386347,0.05531891056064199,-0.011803856303435228,-0.005846601622018179,0.01619488548302122,0.020694786724506843,0.012909967954709145,0.016550377591889872,-0.002372750778382565,-0.006458708309935826,0.022644934071159264,-0.0016585024678712292,-0.0020808068894921706,0.00802170977058184,0.006697175171053802,0.0018937348249411276,-0.008772330349049954,0.0013053538078369154,-0.0034633339030744493,0.01435569884355221,0.005212530778154756,0.004123140217748024,-0.004450711200544472,-0.006806148821526951,-0.008683327030521356,0.004829087956662249,0.0003349798671004516,-0.004418096258985643,-0.002113425720320772,-0.0034066788898699254
M9|C00021,-0.022948830255422277,0.0393229030808117,0.05190104229088636,0.0033509417416651877,0.024848318302165925,-0.026042632166897676,0.03850607770989537,-0.01590202945837662,-0.013792488933846402,-0.01166299810119896,-0.0007698972572182596,-0.002571273314937785,0.004779856501314036,-0.004429936309813567,0.006457778866476938,0.028811499962006566,0.007121406530855415,-0.007972808728067647,0.006382990214951277,0.0024792293316158085,-0.008434410607208667,0.006115609259343855,-0.0023849891881313635,0.00574680000416665,0.003094072902314419,5.022138455549892e-05,-0.006244852987718604,-0.003762909986144712,-0.0027789727949599457,0.0025890880316684858
M9|C00022,-0.028905414807373443,-0.0010047424636171816,-0.04311138964269354,0.008932123189112394,-0.022920157620012992,-0.0035362095375221165,-0.02013680251473481,-0.0009751802829545954,0.012714842065057528,-0.005269983995626824,0.0015532844952786957,0.014079805355648206,0.00927440675623693,0.002011232505186077,-0.00651488121943985,-0.00516122997169192,-0.0026705606691485475,0.007859993267991238,-0.003351662003587267,0.005052510811010635,0.0016263088487216946,0.009374250115331278,0.002508553111749739,-0.0053628491323179294,0.000709956983165185,-0.0018838744279811126,0.007859038858227708,0.0013358080484570886,0.002568975480934608,0.001558492459340234
M9|C00023,0.018433245292819714,-0.03249893369678379,0.04443254030586853,0.00039866999378250376,-0.009272077112106106,0.028826177616334756,0.009442769975438846,0.043236729206675706,0.0007755998923466445,0.004440437296072438,-0.036744640969010235,-0.010502119924802166,-0.0028936754038841623,0.021884260334122985,0.005292692929991502,-0.0051519725786623284,-0.01694787707670404,-0.018101264816433902,0.013392685878528581,-0.004592546776482001,0.007142339093360022,-0.011553497373629037,-0.005624629635484558,-0.0020776308689658364,-0.0002169801827990139,-0.004943420696309706,0.00010208320880776927,0.006971925068283475,0.0015294786712485241,-0.0015830323493012254
M9|C00024,-0.0210268959231162,-0.04230407348657936,0.02095782187168713,0.0020921382230285122,-0.04954132893326896,-0.013486024838341985,-0.002347741444776916,-0.02520791923788263,0.003196090193138775,0.02007204272657552,-0.003003944366015591,0.005820241817759989,-0.002647939519568395,-0.004342924602077449,-0.009050043636145129,-0.0019034395862598755,0.01615048140725102,0.0015603254380381173,0.011520482908910586,-0.00624066575323676,0.0002542510078582649,0.005531275931138402,0.006920145439600899,0.0021156652268701035,0.005107850805059215,0.004521878645855918,0.0005771146327427247,-0.0017955415557243217,0.0053083070381524,0.00018137711875539452
M9|C00025,-0.00022890900516584576,0.023102189987690508,-0.07884844245219919,-0.026578932503779792,-0.016232553355042964,0.021676075966737377,-0.016433227763886265,-0.021692643631373174,0.011502464344789501,-0.0012651451727940214,-0.0035461093200288537,-0.013407720542741565,-0.021807605275383012,0.007085316614964302,0.005946639175325491,0.0036414255167093964,-0.010399072964385707,0.0017690885311551277,-0.0016717005672198637,0.002000249642709053,-0.004389789035412359,-0.0036286369929816333,-0.004965909851544107,0.004561887459357694,-0.006742012033693881,0.0020922079383633636,-0.0004174795527297581,-0.007230321638956784,0.004469467330420653,-0.001843972023818642
M9|C00026,0.04387282733312678,-0.05701339465589341,-0.007698198887390471,0.013385235519769063,0.034988532946675595,-0.0006671107992105766,-0.034067380373782964,-0.004837670411682896,0.003263806249810455,0.005521998201864367,-0.005665012554113454,0.014523916271318577,-0.0054500399115061824,0.007618283332408655,0.02108768279620855,0.0024378551970233283,0.01047658231557726,0.01133898119689073,0.0034589655175097395,0.014263045455888567,0.007449172010936189,0.004556718953671149,0.002704325563589841,-0.0015871435581056418,0.001091812500609679,0.011838316012631444,0.0036898054542091495,0.00792890943178754,-0.0087380193444551,0.002096180028288906
M9|C00027,-0.045637989819556024,0.04022053640176674,0.017631130608623046,0.005378472911346993,0.00721556686756798,-0.010453217928322536,0.00533940550154423,-0.007639986975640054,-0.004229967598510567,-0.01720799088936846,0.001039335407334543,0.02768763903315101,0.003178147564963798,0.0008357289748754633,0.01515509871311296,0.010492509154618409,0.006272239865683342,-0.004340351419166203,0.011263438303047237,-0.012778568942975774,-0.0029570813637863234,-0.004994667686930438,-0.0025154474822360745,-0.004597372504605615,0.00880171167199206,-0.002378437492458609,0.0013471734090311756,0.007877841121585287,-0.002040886737431687,0.004271650775221788
M9|C00028,0.03376846929201029,0.0030453978868966052,-0.0178273139874894,-0.012451469933174053,-0.00042259226222900886,0.03559740020576936,0.01462106735121893,0.019494878789505395,0.0012500581323692326,0.006997372485999244,0.004865236069984525,0.007980174416060018,0.01884285562667124,-6.169386155341713e-06,0.006683914072836919,0.00710779907263088,0.00416118984644722,-0.010609757444323827,0.004644362782828005,-0.007535018341943777,0.003508183397955599,-0.00616994549546265,-0.00016509145280794565,-0.008825231996058856,-0.003770395702641169,0.0071161186029669735,0.006240656273769316,0.004418697176138116,0.00901380673723663,0.005498446561247149
M9|C00029,0.09734520139256712,-0.06309221413296334,-0.0761977745048125,-0.021164498119129117,-0.005056188067513417,0.013731243325991705,0.012548697073672585,-0.010934415115043408,0.009928879792974068,-0.00029333183393959774,-0.0122028872010365,-0.0012717295891592584,0.009041786632810774,0.0016715314355122423,0.008987235643440818,0.0020377350519521944,-0.003927627203142637,0.00752083804757419,0.004892337948523026,-0.003575989404912069,-0.0030180040124857415,-0.0018244690966447352,-0.0013309031780978837,-0.003834421143080577,-0.009233800695803282,-0.0002944862674055479,-0.0003123969939714632,0.0009762751978984854,0.0016099590178062378,-0.0068380260643899895
M9|C00030,0.15306953747324017,-0.05308756713498849,0.020622958183257527,0.06377502033241267,-0.027941511364849878,-0.0025647879488992814,-0.017695282736698188,-0.002292203547573394,0.020847696589423922,-0.011545709737262643,0.025289050021548604,0.022134643763386017,-0.014254230741689187,0.0043479067527193195,-0.028343471673520217,-0.016869439809435054,-0.007115401465207758,0.017442837029879043,-0.006626599634371578,0.003369037189439561,-0.003821113323297787,-0.00040334253715516947,0.00912100439960583,0.003642913688363506,0.00045777306420024985,-0.003282023139534992,0.016087789631359466,-0.0016953799918556544,0.005761800720243028,-0.002825779569099149
M9|C00031,-0.13198057115463013,0.038066075208011814,0.018208895419937032,-0.018742651346777942,0.04472352701739467,-0.004618168971845265,0.030212938630017314,0.009029769586944947,-0.0006962374334276919,-0.03024220467572413,0.01683954472899773,-0.032000435489238144,-0.02989448135300699,-0.012957669540817568,-0.00587873723462071,0.007756191516675403,0.00434556333250052,0.005695003871641816,0.004983279284685239,-0.00038236017145671216,-0.0060357293340969195,-0.007102060183629435,0.008222392038312109,-0.0044765641432039805,-0.004328916125528891,-0.010898111806837061,0.0002823718591188037,0.002671157827254188,-0.006817004191018362,0.009840005735347993
M9|C00032,-0.12412813817142325,0.03428271496170077,0.036984574331944936,-0.06313891518353386,0.010752308604952633,-0.008361921359445447,0.02478127374231986,0.012211336933634152,-0.005659863167980339,-0.04333255838410919,0.01520115471791189,-0.0018063243581541689,-0.004271184445966124,0.013663240291926471,-0.018211228250475487,-0.015331241477102074,0.004345882625670383,-0.0032428079652759493,0.003380404683666001,-0.004842501166179202,0.007145684322122719,0.010357226729647917,0.001159091114598945,-0.003806315752105513,0.0013916912259474062,0.002939566404762134,-0.001631590699814451,0.013754193568743705,0.0031862228100142153,0.0033342609321304374
M9|C00033,-0.0028655427444222712,0.03790975502233532,-0.003162208261399325,-0.0041035051145580535,0.0029018303900294733,0.0053824154957376556,-0.002155051645646715,0.003069588521107222,-0.009552390813325595,-0.008697811799386721,0.019134595679330377,0.012580125851472175,-0.0209690271695431,-0.005791125129831959,-0.0035071066577821177,0.015218705230918221,-0.003548426422110399,0.009989399692523692,-0.00309400383134985,-0.0034710488416511897,-0.016101623650866717,0.0016235902187561756,0.0018042411316113976,0.0036642649716143783,-0.004432270299724307,-0.0015671115317933979,0.008952622786557143,0.0024052274130002323,-0.0025989657157972864,-0.0012166179886768812
M9|C00034,-0.10056409056606469,-0.025699654501570784,-0.07533270716923027,0.0036202737569306976,-0.0030469106907999857,-0.01331485002878807,-0.01789690757124261,-0.0018624280721348666,-0.015203332570693107,-0.0015821966102572442,-0.0003090883892111214,0.0019163089468556551,0.007267668457979985,-0.012623573269339522,-0.008976205391595061,0.007344474254489277,-0.004605071688619118,-0.0027475070444591865,0.005391804594388751,0.002317013814171712,-0.006175408735479515,-0.006775651094248806,0.0009807205772547531,0.0048547517077684255,0.0010462480249727553,0.002434604767095381,-0.006962535520764934,-0.004933946313662174,0.0012129795376449746,0.006749782568701155
M9|C00035,-0.024123574326647714,-0.06204323888824253,0.0188058177217236,0.03115560189108853,-0.05740055351885858,-0.015264702584122252,-0.03329285051350571,-0.02892393959382486,-0.010368690012956875,0.008898901129929549,-0.02086596483805539,0.016505878317257257,-0.007880408679730786,-0.009263337557199618,0.018282471216619783,-0.01803473147303372,0.005316793953759436,-0.01454089574467995,0.01146571330499128,0.00498226874163167,-0.017150901589945974,0.006479578054937444,-0.0011752773447565022,0.011192105051899541,-0.0027056180844287946,0.005124244028214187,-0.0018702199400206212,0.002001906503949738,0.010682254281681295,-0.001150913421675564
M9|C00036,-0.05730060697370282,0.08185988142214978,-0.016676699468674998,0.004697636622849233,-0.014652017170925536,0.0022694978076673233,-0.023795788284752786,-0.0010890054545114288,-0.007696608626384976,0.001000516775687766,0.00793462728136833,0.0062875457883676345,-0.018367937206203416,-0.0026371377353027704,0.004112298976678716,0.015698739593067428,-0.0036912742363506153,0.006592250338149855,-0.007976114224558814,0.0021516446928454094,-0.0026875528826207475,0.0009750270866649777,0.0032980455983676223,0.0021877759314530105,-0.00123520849450155,0.0018740283077733615,0.0041431698755713415,-0.004126342706003236,0.0005752455290494304,0.003854841268675134
M9|C00037,0.052315230202057056,-0.02660018979435889,0.036711786743437495,0.018899367256534304,0.02825498680948842,-0.04933978234335582,0.0066595045778318745,0.0036393094742953164,-0.03184237804628943,-0.006936117845859478,-0.02320367555868897,0.0088016120437066,0.026599334846626313,-0.006506149827054769,0.008089302314057278,-8.416486080375326e-05,0.008053570992715801,0.012437827135653019,-0.011014249417759978,-0.010573428724336165,-0.017907254373750806,0.012135280012379073,0.007723801205773303,0.02017768652664122,0.002919108453427843,0.008235671922880173,0.00381775574828933,0.009078472979270018,-0.0016499206696963162,-0.007193160766625794
M9|C00038,0.026970961744917057,0.03783602123918153,0.007339193159834078,0.005684449438775878,-0.005532951429321977,0.01683529514519002,0.005823937312762516,-0.00840080976151715,-9.510767114201875e-05,0.002539582275466733,0.009767078766893618,0.00010247909905270936,-0.009475011773127049,-0.006146578297888237,0.002488270640391643,0.009796248998899058,-0.006295381225438532,0.006685143824850046,-0.004625303395390017,0.007517425979677996,-0.006160440657979734,0.0030432319471922014,0.004614503389045543,0.0014362057573986129,0.017136560953318617,0.006085797675010147,0.007348175107917137,-0.0004064105365393584,-0.0052713729694597615,-0.006656753065036551
M9|C00039,0.038294692267278864,0.010492926600118947,0.03233482145455641,0.041273534252762485,-0.0013082492203017777,-0.02304949358201595,-0.006178961520784242,0.011294994821097491,0.004277971014081108,0.005772874732944222,0.00029795341124846746,-0.01562686383278138,-0.003752533018060997,0.000865236752585297,0.011215094832636765,0.012604268918311474,0.0008540249695589069,0.009384814503252474,-0.009950876763508754,-0.007917846158636464,-0.00038426854145558485,-0.002400755980540289,0.00432949141375917,0.013001933330626658,0.008449553092938536,0.002608490013884665,-0.014236935396452564,-0.004092479091408257,0.004331033139847074,0.002870836508364633
M9|C00040,0.029265417550600425,0.013726915375550167,0.006598105112213624,0.019379788162432708,-0.008179210504502973,0.01809294113428365,-0.00366908601376727,-0.007802655951847545,-0.0104543375794868,-0.005345575354727894,0.014165992309632081,0.036952813842250326,-0.004355076834472575,-0.0004096136481667363,-0.0036440157580269524,-0.0037596280478503223,-0.0023259247373628,-0.0032470231050699297,0.00595620267086889,-0.009065623717630934,-0.010695923413166506,-0.0011341565054076924,-0.00280725912824749,0.006788177449610262,-0.01290672138757359,0.0012297913280480749,0.01267342485825151,-0.00578186341259489,0.005541458146556799,-0.0003752762052558849
M9|C00041,0.04926674416894926,-0.09888663166347535,-0.04268683573778438,-0.036685014921603615,-0.00024153245218538476,-0.044520873890148124,-0.015069692884356384,-0.0029754990022542865,-0.03654168065763533,0.005390447284035034,0.008302775820585681,-0.004024577861015724,0.0071302057146275894,-0.0011268736564160838,0.015231024935191169,-0.0029634732116567315,-0.01941216035793144,-0.009846213163313276,-0.01743743831403452,-0.0005790057257065723,0.004178893217933675,0.0014241132393710827,-0.004300850369527767,-0.003448001978798205,0.00010701634801021618,0.0014618341997745267,-0.006581321559863257,0.003226042896071541,0.002987298777554617,0.006335484878429055
M9|C00042,-0.06143338920600578,-0.03431297411029689,0.07475308379144548,-0.02513092582135138,0.014104878075773835,-0.03674115146981958,0.014889584391640629,0.005840081443689227,-0.020554042505573043,-0.015122882762440526,0.031007913646992433,-0.008786770666454278,-0.008471904338230139,0.005606803583818829,-0.008751779662470944,0.0001354722250820686,-0.009019048233944652,-0.013310334696171718,0.0032789470066141337,-0.002818452920101178,0.009781817989566708,-0.011815865911609418,-0.00522213071570534,-0.012745197030883757,0.0035649599867908716,-0.010557723804543062,-0.007449578703025649,-0.00574825417682926,0.0011275924913558603,0.003972376356575034
M9|C00043,0.09892628394380226,-0.03365678443510113,-0.042592460316908436,-0.006192888267591108,0.002132052504033795,0.020328725426739788,0.01388924886594124,0.023677640831459495,0.007161708679495963,0.008779009891863476,-0.005892766123574732,0.01056751570183692,0.002310487151490185,-0.002474226448981189,0.01333772264463064,0.000598727123558874,-0.003283524531317174,0.011251111932329675,0.00015980501627200315,-0.0009993439478904115,-0.002705255055649349,-0.005638727486226614,0.0008469044628010592,-0.001336133058923047,0.012194872160081653,0.005215800934151064,-0.006546322110278958,0.0004991318245692005,-0.00020001336938491122,0.0034718313871203894
M9|C00044,-0.017623076226543244,-0.029813085389323507,-0.06139814136104105,-0.00760552950743984,0.004272750272166017,0.023190771631824706,0.01784094466175806,-0.025871737788329716,-0.013770331877582934,0.010755651791792224,-0.0015358699516058642,0.0026712906352331553,0.005691183979777593,-0.02049564243597838,-0.0004006364972396449,-0.000303730803004604,-0.005355318705681314,-0.00045568397860194397,-0.0014096775134853931,0.011605475702681995,0.0021196383379950274,0.0020576425451841332,0.005653173808335126,-0.000552778143445154,0.0063646999331042845,0.004223345124986769,0.003906434847696666,0.004407997403337523,-0.0036384614634272124,-0.0036853148942541606
M9|C00045,0.010294514764952557,0.028810894593221923,-0.006042266230172661,0.00318044023420598,-0.02298499028140177,0.01804077591612388,-0.0043993078823060085,-0.0022418727472488667,0.004263555328954583,-0.0015347374900038387,-0.0035435741899973536,-0.0005813521157642276,0.015267366024046655,0.0038915955945465967,0.0054277716896701,0.004486884517151733,0.0014369551462223823,-0.01486659135886473,0.00425133904607269,0.007473688400263434,0.008040261214871723,0.0023537560352159263,0.0047113316141724195,-0.006231074800987484,-0.003489175181358712,0.009894765487608643,0.0007553151191404213,0.00922644268710012,0.00756610358374722,0.003432925139240906
M9|C00046,-0.05201338008484999,-0.0017152070630498748,-0.07961993793302426,-0.007809148552372706,-0.016344491360539556,-0.0004794045675320131,-0.012030390464276985,-0.008399226949867911,0.022475807381593965,0.02355309440809106,-0.0077603026940863415,-0.0029375044786985965,0.009733759591322855,0.000614817053402489,-0.009859201610323956,0.009119444716834957,-0.005048533617571665,-0.016026931007887876,0.0034779488148555513,0.0006168032158688427,-0.0026511613577373623,-0.004903655998645385,-0.0001803885588240464,0.0054634392815330135,-0.001768000338049389,0.0024384076195525586,0.0016577809681160573,0.004202243439504504,0.0063770465445273485,0.002626113335667728
M9|C00047,0.02499261681873347,-0.007287577096610912,-0.028226555887270268,-0.04627973640561079,0.0162670429061849,0.019086375967047823,0.03686897042181503,-0.0036983429059266057,0.0065561067625531525,0.0026673276357381463,-0.006519889135322561,-0.003183254287084191,0.013230935267171267,-0.002559568951936913,0.007613141011746377,-0.00794117424195279,-0.0017437493478842288,0.007864914226941345,0.0009879502795101189,0.000575522064470253,0.005509243594925586,-0.004164847811861833,0.0036285431282311706,-0.006658409911810419,0.005670108972768647,0.005668734460333076,-0.006893267025594435,-0.0016327064027230904,0.0021568985050060088,0.0005299939957555809
M9|C00048,-0.04352776172791358,0.029197570511543428,0.039656872894358534,-0.010502814156480538,0.01836154385933479,-0.003391025781717408,0.021935219202745115,0.017207457445029765,-0.003811942141087429,-0.014468701345746177,-0.004232731335499921,-0.035213603122118325,0.01871745910639525,0.016072597687775456,-0.0026022542050506735,-0.011179964417532696,0.0017567031759378726,-0.004589783019798122,0.0007967184684025388,0.003931206945706587,0.00054535249206905,0.00834695800433647,-0.005040470546951894,0.00018921249067853168,-0.006043867066602021,0.0006736862586835104,0.0005330653027420492,0.00039583053082425083,0.00442784736530156,0.0004870490253493894
M9|C00049,-0.0022378421113057588,-0.06066035228643917,-0.009048055221424843,-0.03341780431522014,0.05449022139114147,0.04801511955317715,-0.02830600964443873,-0.023893946702639113,-0.001209399458612016,0.025313371907875103,-0.0034284538440699703,-0.009857056309215649,-0.009294682824543331,0.011358631265447387,-0.0014355649319238337,0.008177500975197718,0.012400079328126338,0.006829467288256899,-0.008485485079972236,-0.000301709357288303,0.006277412168427556,-0.0020306162463259348,-0.006371392249415236,-0.004407022438658666,0.009875902904109042,-0.00796127949522743,0.005043300925412188,0.007187078808932625,0.00390641550610087,-0.0003493059662221495
M9|C00050,0.01821584108960238,0.013410928860320425,0.015897829736308943,0.0250365087876174,-0.016453709413738086,0.00657911270764407,-0.0016064130739759912,-0.010011286885109808,-0.006700677147495003,-0.005617538569066185,-0.015396603704627702,-0.02063968470428855,0.02368741054563083,0.009774685229721426,0.0022515920369770223,-0.00622944766466511,-0.001110909830439708,-0.008327862356873118,0.0057885389661366,0.006906936511182506,-0.0014622314812145802,0.007276489268087218,-0.011782901482420043,0.005201260935818782,-0.002643862285194313,-0.00093476386685033,0.0013002242628555052,-0.00839108467842538,0.0038759694957677176,-0.0025336213665707154
M9|C00051,0.10249471909056597,-0.11819338682803196,-0.008832081499033953,-0.01952595028182545,-0.00026502478231902465,-0.04210658473740801,0.018237243058467283,-0.020503990037003806,0.00995230791737719,0.03275120088868294,0.004884080740298625,0.0010436086907869722,5.431006902075369e-05,-0.010803213069733425,0.01639804849192288,0.010532506644431915,-0.011900103635729407,0.0018380332675615554,-0.01313680452046992,0.0025247714622035435,0.00036604044111270586,-0.003154182689492064,-0.002006195120781862,-0.007685221440643243,-0.0023412636934336006,0.0069220716274220415,0.00013185748743102277,0.00643517740805182,0.0028315375673365873,-0.003053909055362312
M9|C00052,0.09884477163671801,-0.03210520416407351,-0.04226159856017941,0.008384565146097814,-0.01734373570020678,-0.005778274062140687,-0.00951732229321239,-0.03591748524605453,0.013298582079056672,-0.01307544430275798,-0.019261881739108276,-0.012185331233424506,-0.010243425801596194,0.008013506648120821,0.014651002805033581,0.013996084105022611,-0.005406487537593563,-0.006661331211769408,0.006866059463342786,0.010947111122960455,-0.005832687083731236,0.002894645840049082,-0.005901371259034429,-0.0004074814114747516,-0.018468177237229492,0.005118224608285117,-0.007642666573026853,0.0035187540866994413,0.005104127748255066,-0.006734426615672926
M9|C00053,0.01795019018238039,-0.02560761469916206,-0.04215997402729327,-0.019464048515126797,0.0016057606263777371,-0.016098355599761197,-0.013430065837071885,0.029158570425140373,-0.028758043725007457,-0.01563675055419111,-0.010808355608708822,0.003765589886795424,-0.007647457431242159,0.003550351603268128,-0.00504713570953661,0.006020544795463917,-0.0013620416080640245,0.01785101402844252,-0.0065925472921098596,-0.0095160076288076,-0.010724029201989966,0.013546579750690419,0.003511874125057548,0.0007455803871567409,0.005418402289960101,0.0023216519966519013,0.0031765246324393158,0.008739706676527135,-0.001740171381787498,-0.005318883862014224
M9|C00054,-0.06772349484646552,0.0632290383368756,0.1107525391764319,0.02643961481231023,0.010493914311171186,0.002021448032493343,0.02725753798448074,0.004790623714400486,0.013219256250077464,-0.020322902581470244,-0.013113599458900154,-0.03972901997710537,0.014955631268619273,-0.0005831544840570693,0.003652119742263058,0.00843892295563324,0.01444589257045431,-0.008017526320075723,0.001579889766218739,-0.02187173956863169,0.0006832113503125109,-0.00235159161069547,-0.006660782500944127,0.0014441810020571209,0.012351487964119027,-0.0014941658643154677,0.008366869351725297,-0.0030815298887327232,0.0012860030577076485,-0.00630754174918076
M9|C00055,-0.05271304888746143,0.03415774124258758,-0.032421993809269856,-0.03267626459488341,-0.001992176450566905,0.015238378805820477,0.004951956621757243,-0.01248788719574477,0.0072388944913669324,0.008741775510394819,0.018878179541804475,0.014635087689433758,-0.0002702680951313683,0.00515971610437219,-0.01988287945814601,-0.009907311782024728,0.004178122370228125,-0.001678595977977405,0.00023711590656120806,-0.001355281837371592,0.0014309473487577053,0.0036029636264187444,0.0008892431576464865,0.010579414054237775,0.0051778132517382195,0.0012559272429521517,0.00022941649931843968,-0.004954352325698132,-4.132456378646604e-05,0.002454295596785243
M9|C00056,-0.011307979894735665,-0.14154748426213246,0.06872739594247629,-0.030015081712191357,0.009264045059175701,0.046779485642297065,-0.050895936847088125,-0.01761003026099302,0.018930489838629234,0.004947755758762328,0.01740699882194541,-0.001070429155049107,0.0036079101465691338,-0.023728994841640337,0.012383551569337315,0.011647044931944527,0.008172427551684517,0.008207559182280359,-0.01273926483821834,0.004525038771111932,0.006558364519174387,-0.00408375573595887,-0.012482009879196874,-0.002301334800909747,-0.003368971434595888,0.002301173269745004,0.010103994771886731,-0.00970357653653205,-0.004584850737241415,0.004383990695719651
M9|C00057,-0.0750610597571217,0.060369930265046716,0.013056567014083347,-0.02186802925275201,0.011653780741075655,-0.0014260695802980688,0.01149074465067053,0.00022275032426882747,0.010712225103414654,-0.005235149565037011,0.018103864051881066,0.0002790909178096061,-0.014838030127758537,0.0037273694463016696,-0.015108233784185618,0.0039537270151128135,0.0017662078012615633,0.0038960959481319987,0.0031377987519627133,0.0006365151566576862,0.00023570105709130708,-0.00271741429842645,-0.0041035651073397785,-0.0009276800218235679,0.00018060874411103778,-0.0014964641426843768,-0.00328753262017638,-0.004161402184411622,0.0024587191218505616,0.0036045893166329526
M9|C00058,0.01071646872237515,0.0028650537223059457,-0.04779896689907489,0.017834890375185295,-0.019761014017529933,0.019687716575184047,-0.01689366564075402,0.01506348118214413,0.01685480721044267,0.012219662055923633,0.0032658368517458607,-0.006266061153170086,-0.0004276945818623546,0.0008891140979076572,-0.005122590128200419,-0.0020692234477042463,-0.008711368518490872,-0.007143055858950582,-0.0008705892025888387,0.0009655303561333468,-0.0013868180381399863,-0.0057479484437688525,0.0018499090807466095,0.002213115410803545,-0.001387981749869553,-0.0008528359207731275,-0.002599334949242163,0.002612366894013094,0.00014010839711666015,0.0019169665049304633
M9|C00059,-0.009125201516326654,-0.11978451187813888,0.06765830366358004,-0.03533409514119688,-0.0010335655104751686,-0.04070075574162166,-0.0010239124616339623,0.026927615660053954,-0.04427893877525718,-0.004023264566770615,-0.023527648263632493,0.012424364378443083,-0.02132306247481647,0.018968804435522246,0.014162776278755031,-0.026252284478599907,-0.025087997024608757,-0.006935718908579113,-0.0062192531947214205,-0.015573187634827849,0.020082734313514334,-0.007688444301963446,0.005696481235292568,0.006051548652398898,0.009508568922006428,0.0036849794113024644,-0.015418476556030318,-0.0017638857251087913,0.0026703122807048216,-0.0004796223208176734
M9|C00060,0.07761430244069664,-0.02942330067785766,0.015226363604186013,0.02460241867174651,-0.008171142830682408,-0.01794910617704414,-0.015259248659330317,-0.017902357493767177,-0.00987403239240393,-0.005929490744443992,0.012456992327735464,0.01071398932339772,0.005727200588427535,0.0008929543323586024,-0.004229244763371651,-0.004681445123520085,-0.00638759534610638,-0.001313642830151041,-0.007385767073242268,0.0003378140064112235,0.002576989925753141,-0.001611235402995898,0.005214007682884512,0.007947591596827477,0.002839557746317387,0.001596514413533841,0.00356050374125309,-0.005830797108805541,0.004014043795712704,5.701319801747649e-05
M9|C00061,0.02958105446736022,-0.0015373836743842206,-0.001024122636212873,0.020925214278098157,-0.03883366964078677,0.007883717389886073,-0.024592654690871327,-0.020821307027341064,0.007312017234108834,-0.003957665502731274,0.004846620260593302,0.0087969032949582,0.011250430311221004,-0.002405167676364758,0.004186516706938866,0.012287125534985807,0.007397544362343544,-0.014233009313699469,0.005255621962459179,-0.011831063479517236,0.008377369691547917,0.0023293792288977488,0.003489472244581108,-0.004875742411348729,0.011751779625139925,0.002179240926737603,0.0014523505059434916,0.001049684768461357,0.0070477989508213644,0.0049563640971968205
M9|C00062,0.02071913053793881,0.027289967501731432,0.016233868755216367,0.009611136456541764,-0.014197511245613114,0.013742976651861943,0.0039010467856466407,-0.008040662141119601,0.0056386290934353775,-0.005182081234029392,-0.0159196391184152,-0.016838172304832224,0.010202725689960414,4.9535872288201284e-05,0.001695338306878529,0.005694220155799697,0.002314600446555046,-0.0019252541135340725,-0.0031748523915675108,-0.009850838222335706,0.00968795368964455,0.003046342726339236,-0.0032905143136970007,-0.007369630934063836,0.0016116930550027161,0.00372221990522215,0.0053416050187448955,2.991906060181137e-05,0.00577650216280614,-0.005959112126598079
M9|C00063,-0.02541007556898799,-0.0797291716549253,-0.046114687615595555,-0.01623551306266695,-0.005468553655553086,-0.04284782539675971,-0.01590548607793597,0.01640347127770482,-0.016193135684916926,0.018090828814280025,0.018020150647420297,-0.007702494736703222,0.017460008399996254,-0.00038970983682331867,-0.00948454559614624,0.00242940403354452,-0.003347042824899666,-0.0027372846489147357,-0.0007563017798771606,-0.0006241399894783939,0.005860504991007019,-0.009279740266110599,-0.00934210559117841,-0.008368867074020363,0.00373822092089925,-0.011828338984044935,-0.009446429927893471,-0.0023007526140082493,-0.0017621807862801626,0.006577549213903986
M9|C00064,-0.13298519963663985,0.05480606116364891,0.03077714971115878,0.011919213476807022,0.038707755373418036,-0.03173902886101367,0.017854452564361602,0.0125074001267941,0.02770568649456631,-0.000893910070999234,-0.007384952783485555,0.007623775548431498,-0.012447358009801388,0.007757920927173382,0.01746586857493108,0.011892288980613676,0.0023305992999163344,0.015375409305517727,0.0018289349340015173,0.006654736357581363,-0.0011990133891011559,-0.006440582602771479,-0.005482262327385384,-0.011528362547545065,0.004851173214702075,-0.011586981846082155,-0.0005401776463154079,-0.006859310302224891,0.0020080693807495577,0.00406054615583558
M9|C00065,-0.07104349036623021,0.05073832024324047,0.020854559529230144,-0.025449048130505934,0.011192303667438605,-0.005057247405006269,0.01906746257794819,0.0013320340888437017,0.003320853276422437,-0.017139323767343662,0.013724897890637976,-0.00033045025179179345,-0.0036079638437057915,0.006925393870174858,-0.00794845779285098,-0.0013740058560067039,-0.0013652812016497708,0.0005673212902955685,0.006836552159656228,0.0037044553555044594,0.0008901066322378542,0.003726482828086644,0.000640391592510706,0.0028115305245854645,0.0017283460321332632,-0.002384771318855089,-0.005021561702894497,0.00654658019746791,0.004214798860963539,-0.0003762990422220615
M9|C00066,0.011368296355028304,0.007811206900157963,-0.0021766622994451013,0.002022090707150244,0.013729238449026644,-0.01765911375170362,0.011954148914615546,-0.011758866536139903,0.015240327320969728,0.003392679915476358,0.0038628676304163258,0.00340263542905516,-0.007728309287304029,0.00018021127986567336,0.003757649042242838,0.017527452443477646,-0.003281558833987065,0.013586100270455278,0.004686065749935451,0.003988546404058097,-0.004556059408827348,-0.005081576457544764,0.0033765135208580813,-0.008131607347203366,0.0010008204769428543,0.0019321264546817095,0.003918008157942126,-0.00018852920388955723,0.0015492685644447072,0.004137504672333579
M9|C00067,0.027544767672948025,-0.01180944230974996,-0.034127645142010485,0.00920667604720149,-0.026506437935626646,-0.001979510669485344,-0.02511132589974871,-0.0029320566855899426,0.007555619122563327,-0.008816110018587,0.0022526701404374933,-0.005413297454339081,0.0010155087824201738,0.0011557766895220764,0.005328816300932699,-0.0013653369774065073,-0.00030623854567298766,0.00047710168404134056,0.0011033702097153232,-0.0028406665464499625,-0.0033292399765060023,0.005623432816339797,-0.0027105205518433905,-0.004506865484582984,0.0016866871296151067,0.003187185090835759,0.005172006740946853,0.008979025437794346,-0.0015365431920015776,0.0014868746271479735
M9|C00068,-0.03454210672194581,-0.06475106830927196,-0.030093417677234818,-0.027754339657810143,-0.025094836205533006,-0.03349361642646162,-0.014005962496114095,0.007465791202417933,-0.010258744292438825,0.025115940489272816,0.011621448858164556,-0.008227268156630425,0.0039301518001758524,-0.0007258017893795602,0.005229684607441651,-0.003387099505935981,-0.0024041189459903037,-0.0011689894542669806,0.0008107415055180554,0.0007944588368606897,-0.0093833214882625,-0.0006053333799948933,-0.0026015059958331356,-0.01217549097941527,-0.005812117363812772,-0.00494538628359071,-0.0013069709397236496,0.0030873306817173936,-0.005646395569536089,0.004056841390278433
M9|C00069,-0.05384638464856973,0.06242312445302421,0.07926120855691275,0.01672653352401007,0.01723363589993092,-0.011299520203067131,0.022512334407310028,0.003636379699820979,0.005344023421164661,-0.007309929313167043,-0.008998774469609696,-0.03063649933733525,0.006491117471909627,-0.0006335312360262242,0.003254011283007487,0.016288138562762483,0.009728142102786731,-0.0028030387056130284,0.0010257502216256752,-0.004693556937412992,-0.006264493991421937,0.0006492347792562544,-0.0020655990547696276,0.003512817650118544,0.010264924284847052,0.003769212111265633,0.00999146273742872,-0.003472123298056191,0.002970081420309295,-0.0037483755871488373
M9|C00070,0.052969170969522965,0.022512789782780738,0.024144134579502645,0.042957243798238315,-0.030571887680579793,0.00589792321853858,-0.013095687931416989,-0.03163933043304564,-0.0039454289785404995,-0.003642335337905369,-0.008557002148609945,0.009813985950153696,0.005201636595590707,-0.00036859669441312103,0.002721477688878787,-0.0038008095808066446,0.0025638792078287545,0.004869794174953337,0.0029300991600498425,-0.0025046710113671533,-0.008548072523473829,-0.0002279911047883639,-0.0009714228536269077,0.0013673006536852697,0.007270067071499557,0.0037014102060617658,0.008804839508965717,-0.0065216548372219775,-0.001871962439189741,-0.000277027524975826
M9|C00071,-0.04336105188164784,0.03485208927155671,-0.004095002681152108,0.008545419967096686,-0.012311476502152804,-0.020416961083573035,-0.020592449706468847,-0.007146162311570789,-0.012141439018029842,-0.012224086191206686,-0.007916607165498704,0.019418766482406334,-0.005388431744590488,0.001452479669480917,-0.004986834367917653,0.004459440870720445,0.005056380654491645,0.00664210290038651,-0.0026622952516075623,-0.008685224640160027,-0.006535150454270921,0.00686337323618278,0.0012500588491778212,-0.0027121431802736946,0.00823501420929326,0.0063788250893024945,0.0012751751220943712,0.006904582176941764,-0.0035822491377448867,-0.0017052759007414274
M9|C00072,0.028403400268657366,0.006555325923209403,0.03542596195686803,0.008452608813640555,-0.00186108109382709,0.01850429859630579,0.015335679440148867,0.04551412419450491,0.007101094232535871,0.001981900733844888,-0.0041693108232449105,-0.006376496164075156,0.012842876660607015,0.0005926517914609367,0.0030402164529575192,0.013058499948199876,0.004338701467880727,-0.00992148440973459,0.0005225853187260157,0.0035107898760782805,0.006597848093740084,0.007704964326331203,0.007318767938391105,-0.0021751617965996926,0.0019347822426595551,0.009130437847725558,0.004457420229732876,0.0015141040557506604,0.004192012104190331,-0.0027679093409009588
M9|C00073,0.12997285481900658,-0.07571637321361327,0.0018292611177723015,0.02351099311361781,0.004906010714681198,-0.029489208474306427,0.006117552473779827,-0.014100095976644267,0.031093294906415735,-0.009261657832856904,0.017260168194316913,0.009983405764568926,-0.011388304553443432,0.0065319754754742,-0.015417472172391167,-0.016114350189377753,-0.007420169063870369,0.01631787257927993,0.002570102141597015,0.008226219469200581,-0.00933925451364177,-0.0007075372847973599,0.0039415323629069365,0.005924719343356639,-0.005200019297256068,0.007724028105209132,0.011372740317981614,-0.0031537614201540597,0.0005207742461759236,0.0002763707550766582
M9|C00074,-0.014935201247931002,-0.02976710818924103,0.05003466982109953,-0.00315114423604887,-0.04138190267989853,0.014793838037661638,0.004231130142713084,-0.006330565650193099,0.008264868459667502,-0.012899369040172222,-0.0008503270911711441,0.020005147416256537,0.0053982654893002455,-0.008106174373380695,0.0023453460396256364,-0.0077099843267533375,0.0077947471278471845,0.0036300669352598517,-0.003918094328473682,0.011668408929755666,0.0030214703051185832,-0.0047333289912847975,0.0012513277496749898,0.0039350457448890964,0.0017207498103489224,-0.0033432103424309804,0.009948209586245392,-0.0019531998921841734,0.00119046443828444,0.00023823064652726461
M9|C00075,-0.004365189851193344,0.023641029263995743,0.034713376596171366,-0.011026157399257441,0.010632405259098155,0.004823844813739844,0.033266017966037606,-0.014787542849890195,-0.00791123413018785,-0.001484826320777112,-0.0009531619676233881,-0.008637738070343433,0.029878691458424866,-0.001126368768818065,-0.0012448092254186206,0.002968629831641799,0.0060816132009087805,-0.02531149899027143,0.005149406220701641,0.006626140280652222,0.0031769145148435917,0.00642427159679552,-0.002778707747271131,0.002210526459485624,0.0038501572093929673,0.0024211830037524627,0.001111567363229609,-0.003953950653692145,-0.006070592657118089,0.00019508093598408815
M9|C00076,-0.05425605812730357,0.03332980940330487,0.10803364685817814,-0.0037544547152586105,0.022858334107992886,0.007535292320749671,0.05156694797733058,0.014034876365938592,0.007247323505519324,-0.018170563921038694,-0.010796837745280112,-0.026792705944242507,0.02979231599171287,0.00795948130718112,-0.012795847323179496,-0.009734400721083555,0.00605073479754375,-0.03518365703591956,0.008024373528315178,0.01651229223989666,0.007355048300030121,0.004726989346496164,-0.012003455397063935,0.0022588632179328426,-0.0034576988194849035,0.002517495957249636,0.005406087177692265,-0.0059086711994232955,0.002154843066920906,-0.007503925354290032
M9|C00077,0.03589283106041026,0.012184257044008044,-0.040746038809443365,-0.026676460057018982,0.0007503385661540887,0.01880587543637716,0.010444781189235646,-0.02763588926014426,-0.004696369712919721,0.0050966837021063725,-0.0023807628732187896,0.01199514556766103,0.0068039135664,-0.0019493922672370614,0.0014050185686037967,-0.001510061922513397,-0.003416265690112008,-0.0032865208742724034,-0.003137047354639561,0.005822612427558476,0.0027278255783136965,-0.0011223140273070192,0.003459467676275485,-0.00021348745228575935,-0.001476508865951378,0.0014979752786882647,-0.002161712364413189,-0.002119481086309948,-0.002507718975913163,0.002852625224137578
M9|C00078,-0.06712633912256588,-0.13950374053242418,-0.07854832879802441,0.03206006424166146,-0.0008934411560780995,0.0231450854321423,0.0044130179227171,0.0042934107815941576,-0.019613055023778643,0.0003841623683979789,0.028843570462793674,-0.034625029797559735,-0.002774600677765785,0.014411618700881156,0.0009890366901736888,0.0052813702600519735,-0.01992325268015403,0.022180940402019,0.00744431506490235,-0.00659248358568091,-0.01878237496896062,0.007533918169199669,-0.005510821675181036,0.0010345187773842734,-0.004899481260752804,-0.020956579192950877,0.0016001258247219958,-0.004755159157397227,-0.003248360598702024,-0.0019163213330734904
M9|C00079,0.018010770546012966,0.05140917432063757,0.007798451255219522,0.013768600467676634,-0.02502211740651553,0.019509570857645712,-0.011272381803463957,-0.01905648717045701,-0.0076298893299713705,0.007601958695951999,-0.004860453392042087,-0.004053958410013775,-0.0029338937649464906,-0.0023416069610565976,-0.004948494556873514,0.005056011552589691,-0.0068037228489783285,0.0042147552559210445,-0.009374131127992558,-0.00677345754723282,0.0014850854878319696,0.001464500274806326,-0.000514270216272702,-0.0005511830060850974,-0.0009431828616760412,-0.00389464003988672,0.0028938142246994346,-0.0023534949088744746,0.0018497957865694656,-0.005179740651346003
M9|C00080,-0.044200065020123386,0.06035367173133358,0.07305534707827564,0.003982096342395441,0.017335530183104044,0.0029480415239994404,0.029166904628536765,-0.0028470457682743654,-0.00014408996137704812,-0.010343638568602848,0.001871038453742631,-0.022973386240576453,0.013577873197983488,0.0008563377342692467,-0.002544866051879278,-0.0008272703854001605,0.008670524475811736,-0.009121259801329148,0.0029637884251256298,-0.0012859145292158673,-0.0018293626818786026,0.006078068587030975,-0.003390964036810559,0.007275625250865601,0.00704334053364144,0.005667316018256332,0.004143101819886561,-0.005538381836487662,0.005446750885207741,-0.004635339778314303
M9|C00081,0.10064679603894204,-0.0545506009089732,-0.006725208803037226,0.0016454239589022543,0.018765777169581034,-0.029323476039951692,0.013754701488736077,-0.01828861709907112,-0.012983222182422958,-0.0014487880832480993,-0.002670505972450975,0.024939233555134117,0.0062018296126166664,0.0022438858924254484,-0.006545820155403532,0.006876386504092338,-0.005206990301683455,-0.0010464462441004945,-0.010086104936588826,-0.0029382502963599543,-0.0002751992694731346,0.004813142124904723,0.008782257079585413,0.009929034579742063,-0.007726960180784556,-0.0073383356311834454,-0.006348118753182222,0.0014677027666040567,0.0022306116086713793,0.006373935000466259
M9|C00082,0.018719833793885983,0.038878328165048236,0.015747675327727216,0.009533834131644691,-0.007060439491247196,-0.009609072576667264,-0.007910962071270665,-0.029628353201063565,-0.026033363895394276,-0.0011639120137786497,-0.0025611201101262116,0.013011447852999005,0.00012096901850708382,-0.010494724391384358,0.007543646763402092,0.025705636622880505,-0.0009197613257548082,-0.01089045062164061,-0.004473176243126446,-0.0017843275240078983,-0.007913372248059262,0.0032336794652225286,0.006072351514339491,0.0033218585230858303,0.006013223985004268,0.002242135543064965,-0.002381904939296718,0.0012821363069801493,-0.0026960787859791296,0.00408396167054357
M9|C00083,-0.004833564244918921,-0.05195593107795796,0.023389949243905833,-0.013554152802816345,0.0007900172495784077,-0.03729935276498996,0.015476855795357632,-0.002332627488032863,0.019792659386147812,-0.012157689183061695,0.0005132240213867311,0.008849795573058624,-0.0062409480555350606,0.01340155115452007,-0.006033559586665058,-0.0017210573156982167,0.006077025049275111,0.006138515679982002,-0.0022770778861936217,-0.007256355034538754,0.005448477937030485,-0.0037956158987820544,0.0033284613347705806,-0.00011829807788346095,0.000795657740445023,0.00732937950563768,0.001338231739618204,0.00022025720626075976,0.0002271299994546121,0.004483530122298703
M9|C00084,0.003762848941957491,-0.062161427902961405,-0.022080070006883227,-0.004249593098420948,-0.0263024076776498,0.012274785467987362,0.008694238306868794,-0.019566338659054997,-0.0019429696450908333,0.00796101912913243,0.007385667684689112,0.0030613656301328143,0.012504686839907167,0.00609307953390134,0.014229345873376606,0.009861258444078579,-0.001914576118016603,-0.0016249826339990669,0.0004090213566194429,0.010978469428479184,-0.0007224621054455791,-0.004929253464484639,0.005195256981989048,0.0018228285853578345,-0.004858506942785845,0.008817671795879032,0.0037547445129991275,0.0021023592511207217,0.0012840346930779296,0.0007143408940355036
M9|C00085,0.039961635210692084,0.03794065030958133,0.009473730016615672,0.024255563996124833,-0.03127867679998498,0.011608851027320642,-0.019228628866743955,-0.03186416277611103,-0.011849140838079218,0.0007283182761300414,-0.007127813707599122,0.011684029177920328,0.006348073774372346,-0.004285753671725373,0.0087041196962058,0.006240402144021585,0.004829622873581039,-0.0019457834812109764,-0.0015008303243803929,-0.0008955740364607356,0.0026185698814872455,0.00607342365735983,0.0025981431849174557,-0.0017971988056659908,0.009953979303202635,-0.0017330931900761206,0.00039035418097739397,-0.0004059888132850671,0.0018998313292669482,0.003495154940012793
M9|C00086,-0.03410741481830531,0.01961176706799475,-0.0013783263205829777,-0.03963268232013886,0.021740448713292303,0.009874906575930745,0.030260493434264995,0.00965207313706721,0.01723657689480564,-0.0062452752832922835,0.007845076820135318,-0.01654304344635108,-0.0001451256480041014,0.00885354931524898,-0.0024979616587712337,-0.013949381513668844,-0.0016968483322925506,2.1007247868175204e-05,0.0013663585918655726,0.006955934505611759,0.0008422346138928506,-0.005109616194352999,0.004331473394315564,0.0004452794780437203,0.004638551297785634,0.0003123935488498385,8.838197877487078e-05,-0.0006860512527672635,0.004676746773235537,0.006715823933268975
M9|C00087,-0.06011875814689301,0.06554815166446436,0.04634744109217085,-0.01676255779878748,0.016836936613265636,0.0015267809221331426,0.02852066178223022,-0.007655489555500063,0.002753090117854888,-0.009501581006954973,0.016160624575292742,-0.00664656247486003,-0.0031849466255859816,-0.0014070882512302377,-0.00412670227400939,0.0007482627411846886,0.00011136390625748565,-0.006352935315742025,0.0015029094275421974,0.011337493085234253,0.0005297970982415626,0.004326556737824539,-0.0018661792724612317,0.005027394328926328,0.003870255248628365,0.0025067321090246984,-0.0011120711633874768,-0.00558756185141064,0.00367897776395383,-0.002102084022482283
M9|C00088,0.02907308023641229,-0.07713851009094168,0.006924690391990115,-0.01905756594192992,0.06513424208202662,0.048204798400089885,-0.03350558138791276,-0.007643295243266983,0.010564869487012591,0.023124811538257316,0.0024989204142687395,-0.0027681910043103348,-0.0014451534426947197,0.006298678420274048,0.015761971060847757,-0.010969024019762512,0.015604942544253193,0.003100083016925539,-0.0015966013746783524,0.004245443149802111,0.014565282505478075,-0.007715428004709535,-0.011205011109910047,0.0027428793669948526,0.005606085985981646,0.008804007591535113,0.0062900156584526174,0.002028359150649157,-0.010514275918496886,0.002762186675027631
M9|C00089,-0.06147584030302763,0.046723234620905975,-0.030256829775149322,-0.00892721494697708,-0.002815203244966536,0.003444089524610042,-0.008133175384514088,-0.00677834128900124,0.011327169088658759,0.008545767554700061,-0.00116237967165186,0.009674422813380323,-0.006180060188916482,0.004513982244782002,-0.00811072352034737,0.008265977187133046,-0.0026531941876458925,0.0022287403254027537,-0.005480487999471295,-0.001707877902140802,-0.00040563612428290105,-0.008284948366650592,-0.0030694172843366637,0.002229556969195093,0.0012474013357403723,-0.00023590414716353155,-0.0005024865380582819,-0.007937121058270593,-0.001592025667031612,0.0012685581947770109
M9|C00090,0.023801974054181885,-0.005435371336377873,0.051332862837250685,0.019684437629538098,0.008197854796504866,-0.00913926975399222,-0.001151828939657421,0.027108686391267435,-0.010666081049784988,-0.02005309152084949,-0.0106429481477352,-0.015474415441295498,0.012769786971439368,0.01282619282221961,0.0028556945472049925,4.484081430547124e-05,0.006164368901876172,-0.0163965012510281,-0.005337334672969309,0.0002343458694599972,-0.001141359910363992,0.008329237881705314,-0.0023265438734427846,0.00966981719081523,0.009492198682921924,0.004419927841082269,0.005290186989447571,-0.007838327342030577,0.0011660559330680528,-0.0027971055007112626
