clone_id,n_cells,reliability,donor,n_contexts,clone_programme,confidence,core,clone_programme_assigned,assignment_posterior,x,y,cell_state:GC,cell_state:PB,mutation_frequency,isotype,treatment
D10_Hashtag1|C00001,6,0.8096157047243099,D10_Hashtag1,1,P3,0.98,True,P3,0.9999999999912744,5.296382427215576,-1.8032972812652588,0.0,0.0,0.0,IGHM,Artesunate
D10_Hashtag1|C00002,3,0.6879296487615283,D10_Hashtag1,1,P1,0.84,True,P1,0.9999895264466486,11.903694152832031,7.38645076751709,0.0,1.0,0.0012345679012345,IGHG,Artesunate
D10_Hashtag1|C00003,3,0.6879296487615283,D10_Hashtag1,1,P1,1.0,True,P1,0.9999995233016676,12.200592041015623,8.028298377990723,0.0,1.0,0.0,IGHG,Artesunate
D10_Hashtag1|C00004,3,0.6879296487615283,D10_Hashtag1,1,P1,1.0,True,P1,0.999999848744392,12.069360733032228,7.878436088562012,0.0,1.0,0.0,IGHM,Artesunate
D10_Hashtag1|C00005,3,0.6879296487615283,D10_Hashtag1,1,P1,1.0,True,P1,0.999999013227612,12.730303764343262,7.16502857208252,0.0,1.0,0.0,IGHG,Artesunate
D10_Hashtag1|C00006,3,0.6879296487615283,D10_Hashtag1,1,P1,1.0,True,P1,0.9999937306835124,13.75880527496338,6.812643527984619,0.0,1.0,0.0,IGHM,Artesunate
D10_Hashtag1|C00007,2,0.6009291997818285,D10_Hashtag1,1,P1,1.0,True,P1,0.9999981451363888,12.83165168762207,7.260266304016113,0.0,1.0,0.0,,Artesunate
D10_Hashtag1|C00008,2,0.6009291997818285,D10_Hashtag1,1,P1,1.0,True,P1,0.9999998884967658,13.07996940612793,7.0492119789123535,0.0,1.0,0.0,IGHG,Artesunate
D10_Hashtag1|C00009,2,0.6009291997818285,D10_Hashtag1,1,P1,1.0,True,P1,0.9999958244332908,13.086522102355955,6.721622943878174,0.0,1.0,0.003731343283582,IGHG,Artesunate
D10_Hashtag1|C00010,2,0.6009291997818285,D10_Hashtag1,1,P1,1.0,True,P1,0.9999744648877008,12.876035690307615,7.41229772567749,0.0,1.0,0.0037037037037037,IGHG,Artesunate
D10_Hashtag1|C00011,2,0.6009291997818285,D10_Hashtag1,1,P1,1.0,True,P1,0.9999999395352166,13.399591445922852,6.824760437011719,0.0,1.0,0.0,IGHG,Artesunate
D10_Hashtag1|C00012,2,0.6009291997818285,D10_Hashtag1,1,P3,0.98,True,P3,0.9999999702203444,5.2162017822265625,-1.8555784225463867,0.0,0.0,0.0,IGHM,Artesunate
D10_Hashtag1|C00013,2,0.6009291997818285,D10_Hashtag1,1,P1,1.0,True,P1,0.9999979298289048,12.796745300292969,7.415231704711914,0.0,1.0,0.0,IGHM,Artesunate
D10_Hashtag1|C00014,2,0.6009291997818285,D10_Hashtag1,1,P1,1.0,True,P1,0.999997738327593,13.00069522857666,7.320156097412109,0.0,1.0,0.0,IGHG,Artesunate
D10_Hashtag1|C00015,2,0.6009291997818285,D10_Hashtag1,1,P3,0.98,True,P3,0.9999983829773242,5.1959638595581055,-1.854411005973816,0.0,0.0,0.0035714285714285,IGHM,Artesunate
D10_Hashtag1|C00016,2,0.6009291997818285,D10_Hashtag1,1,P1,1.0,True,P1,0.9999999684510076,13.191174507141112,6.971764087677002,0.0,1.0,0.0,IGHG,Artesunate
D10_Hashtag1|C00017,2,0.6009291997818285,D10_Hashtag1,1,P1,1.0,True,P1,0.9999999824612474,13.248610496520996,7.508302688598633,0.0,1.0,0.0,IGHG,Artesunate
D10_Hashtag1|C00018,2,0.6009291997818285,D10_Hashtag1,1,P3,1.0,True,P3,0.999999432811042,7.039857864379883,1.8681129217147827,0.0,0.0,0.0,,Artesunate
D10_Hashtag1|C00019,2,0.6009291997818285,D10_Hashtag1,1,P1,1.0,True,P1,0.9999999621840778,14.042630195617676,6.742304801940918,0.0,1.0,0.0,IGHG,Artesunate
D10_Hashtag1|C00020,2,0.6009291997818285,D10_Hashtag1,1,P1,1.0,True,P1,0.9998904021773056,13.193052291870115,7.04203987121582,0.0,1.0,0.0,IGHG,Artesunate
D10_Hashtag1|C00021,2,0.6009291997818285,D10_Hashtag1,1,P1,1.0,True,P1,0.9999053854211226,12.23456859588623,7.257307052612305,0.0,1.0,0.0,IGHG,Artesunate
D10_Hashtag1|C00022,2,0.6009291997818285,D10_Hashtag1,1,P1,1.0,True,P1,0.9999919039561178,12.27037239074707,6.925237655639648,0.0,1.0,0.0,IGHG,Artesunate
D10_Hashtag1|C00023,2,0.6009291997818285,D10_Hashtag1,1,P1,1.0,True,P1,0.9999987630988276,12.730786323547363,7.509313583374023,0.0,1.0,0.0,,Artesunate
D10_Hashtag1|C00024,2,0.6009291997818285,D10_Hashtag1,1,P1,1.0,True,P1,0.9999999973977792,13.234415054321287,7.431278228759766,0.0,1.0,0.0,IGHG,Artesunate
D10_Hashtag1|C00025,2,0.6009291997818285,D10_Hashtag1,1,P1,1.0,True,P1,0.9999999420581548,13.81879425048828,6.840889930725098,0.0,1.0,0.0,IGHG,Artesunate
D10_Hashtag1|C00026,2,0.6009291997818285,D10_Hashtag1,1,P1,0.92,True,P1,0.9999875802277424,11.79356575012207,7.676968574523926,0.0,1.0,0.0,IGHG,Artesunate
D10_Hashtag1|C00027,2,0.6009291997818285,D10_Hashtag1,1,P1,1.0,True,P1,0.999999760133804,13.963191032409668,6.690691947937012,0.0,1.0,0.0,IGHG,Artesunate
D10_Hashtag1|C00028,2,0.6009291997818285,D10_Hashtag1,1,P1,1.0,True,P1,0.9999509991149224,11.843271255493164,7.70403528213501,0.0,1.0,0.0,IGHG,Artesunate
D10_Hashtag1|C00029,2,0.6009291997818285,D10_Hashtag1,1,P1,1.0,True,P1,0.9999998417007544,13.084540367126465,7.252924919128418,0.0,1.0,0.0,IGHG,Artesunate
D10_Hashtag1|C00030,2,0.6009291997818285,D10_Hashtag1,1,P1,0.42,True,P1,0.8232680189683124,9.118919372558594,7.537100315093994,0.5,0.5,0.0017921146953405,IGHM,Artesunate
D10_Hashtag1|C00031,2,0.6009291997818285,D10_Hashtag1,1,P1,1.0,True,P1,0.999999985816956,13.88145923614502,6.957519054412842,0.0,1.0,0.0,IGHG,Artesunate
D10_Hashtag1|C00032,2,0.6009291997818285,D10_Hashtag1,1,P1,1.0,True,P1,0.9999915473111736,12.434928894042969,6.6371378898620605,0.0,1.0,0.0,IGHG,Artesunate
D10_Hashtag1|C00033,2,0.6009291997818285,D10_Hashtag1,1,P3,0.64,True,P3,0.9555554528578984,6.614425182342529,1.280314564704895,0.0,0.5,0.0,IGHG,Artesunate
D10_Hashtag1|C00034,2,0.6009291997818285,D10_Hashtag1,1,P1,1.0,True,P1,0.9999996338823068,14.123104095458984,6.633715152740479,0.0,1.0,0.0,IGHG,Artesunate
D10_Hashtag1|C00035,2,0.6009291997818285,D10_Hashtag1,1,P1,1.0,True,P1,0.9999873841153716,12.930994987487791,6.668886184692383,0.0,1.0,0.0,IGHG,Artesunate
D10_Hashtag1|C00036,2,0.6009291997818285,D10_Hashtag1,1,P1,1.0,True,P1,0.9999976453044054,12.860047340393066,7.319930076599121,0.0,1.0,0.0,IGHG,Artesunate
D10_Hashtag1|C00037,2,0.6009291997818285,D10_Hashtag1,1,P1,0.96,True,P1,0.9999731507040696,11.931196212768556,7.363576889038086,0.0,1.0,0.0,,Artesunate
D10_Hashtag1|C00038,2,0.6009291997818285,D10_Hashtag1,1,P1,1.0,True,P1,0.9999657390825082,12.190266609191896,7.277143955230713,0.0,1.0,0.0,IGHM,Artesunate
D10_Hashtag1|C00039,2,0.6009291997818285,D10_Hashtag1,1,P3,1.0,True,P3,0.999999789471084,6.983205318450928,1.8558499813079836,0.0,0.0,0.0,IGHM,Artesunate
D10_Hashtag1|C00040,2,0.6009291997818285,D10_Hashtag1,1,P1,1.0,True,P1,0.9999978227648936,12.94306755065918,7.079792022705078,0.0,1.0,0.0,IGHG,Artesunate
D10_Hashtag1|C00041,2,0.6009291997818285,D10_Hashtag1,1,P1,1.0,True,P1,0.9999997509333152,12.636866569519045,7.476629734039307,0.0,1.0,0.0111111111111111,IGHG,Artesunate
D10_Hashtag1|C00042,2,0.6009291997818285,D10_Hashtag1,1,P1,1.0,True,P1,0.9999997204239826,12.660662651062012,7.590020179748535,0.0,1.0,0.0,,Artesunate
D10_Hashtag1|C00043,2,0.6009291997818285,D10_Hashtag1,1,P2,0.64,True,P2,0.9965532140692396,-2.2467803955078125,10.50291633605957,1.0,0.0,0.0,IGHM,Artesunate
D10_Hashtag1|C00044,2,0.6009291997818285,D10_Hashtag1,1,P1,1.0,True,P1,0.9999993480903692,12.803919792175291,7.242805480957031,0.0,1.0,0.0,IGHM,Artesunate
D10_Hashtag1|C00045,2,0.6009291997818285,D10_Hashtag1,1,P1,1.0,True,P1,0.9999976070495432,13.771604537963867,6.733383655548096,0.0,1.0,0.0,IGHG,Artesunate
D10_Hashtag1|C00046,2,0.6009291997818285,D10_Hashtag1,1,P1,1.0,True,P1,0.9999993867565456,12.794180870056152,7.384509086608887,0.0,1.0,0.0,IGHG,Artesunate
D10_Hashtag1|C00047,2,0.6009291997818285,D10_Hashtag1,1,P1,1.0,True,P1,0.9999993477805584,13.103626251220703,7.686691284179687,0.0,1.0,0.0,IGHG,Artesunate
D10_Hashtag1|C00048,2,0.6009291997818285,D10_Hashtag1,1,P1,1.0,True,P1,0.9999977874469896,12.94775390625,7.746620178222656,0.0,1.0,0.0,IGHG,Artesunate
D10_Hashtag1|C00049,2,0.6009291997818285,D10_Hashtag1,1,P1,1.0,True,P1,1.0,13.44340991973877,7.329771041870117,0.0,1.0,0.0,IGHG,Artesunate
D10_Hashtag1|C00050,2,0.6009291997818285,D10_Hashtag1,1,P1,1.0,True,P1,0.9999983471793444,14.11098575592041,6.758086204528809,0.0,1.0,0.0,IGHG,Artesunate
D10_Hashtag1|C00051,2,0.6009291997818285,D10_Hashtag1,1,P1,1.0,True,P1,0.9999959755522362,12.735154151916504,7.306591033935547,0.0,1.0,0.0,,Artesunate
D10_Hashtag1|C00052,2,0.6009291997818285,D10_Hashtag1,1,P1,0.86,True,P1,0.999966542235456,11.75200366973877,7.763713836669922,0.0,1.0,0.0,IGHG,Artesunate
D10_Hashtag1|C00053,2,0.6009291997818285,D10_Hashtag1,1,P3,1.0,True,P3,0.9999999999999504,4.1652350425720215,3.023223876953125,0.0,0.0,0.0,,Artesunate
D10_Hashtag1|C00054,2,0.6009291997818285,D10_Hashtag1,1,P1,1.0,True,P1,0.9999996993203436,13.004895210266112,7.61386251449585,0.0,1.0,0.0,IGHG,Artesunate
D10_Hashtag1|C00055,2,0.6009291997818285,D10_Hashtag1,1,P1,1.0,True,P1,0.9999997767402782,12.108354568481444,7.360902309417725,0.0,1.0,0.0,,Artesunate
D10_Hashtag1|C00056,2,0.6009291997818285,D10_Hashtag1,1,P1,1.0,True,P1,0.9999695891795966,13.110191345214844,6.737374782562256,0.0,1.0,0.0,IGHG,Artesunate
D10_Hashtag2|C00001,7,0.8313036265891967,D10_Hashtag2,1,P1,1.0,True,P1,0.9999999030136496,13.444119453430176,8.225079536437988,0.0,1.0,0.0,IGHG,Artesunate
D10_Hashtag2|C00002,6,0.8096157047243099,D10_Hashtag2,1,P3,0.98,True,P3,0.999999999999858,5.322024822235107,-1.7825908660888672,0.0,0.0,0.0,IGHM,Artesunate
D10_Hashtag2|C00003,2,0.6009291997818285,D10_Hashtag2,1,P1,1.0,True,P1,0.999998990111804,14.074170112609863,6.764920234680176,0.0,1.0,0.0,IGHG,Artesunate
D10_Hashtag2|C00004,2,0.6009291997818285,D10_Hashtag2,1,P1,1.0,True,P1,0.9999999074533904,13.039224624633787,7.428905963897705,0.0,1.0,0.0,IGHG,Artesunate
D10_Hashtag2|C00005,2,0.6009291997818285,D10_Hashtag2,1,P1,1.0,True,P1,0.9999999914376616,13.24475383758545,7.398842334747314,0.0,1.0,0.0,IGHG,Artesunate
D10_Hashtag2|C00006,2,0.6009291997818285,D10_Hashtag2,1,P1,1.0,True,P1,0.9999994657779472,14.057541847229004,6.742071628570557,0.0,1.0,0.0,IGHG,Artesunate
D10_Hashtag2|C00007,2,0.6009291997818285,D10_Hashtag2,1,P3,0.98,True,P3,0.9999986956419612,5.217891693115234,-1.8333925008773804,0.0,0.0,0.0,IGHM,Artesunate
D10_Hashtag2|C00008,2,0.6009291997818285,D10_Hashtag2,1,P3,0.98,True,P3,0.9999990168288948,5.207984447479248,-1.86409854888916,0.0,0.0,0.0,,Artesunate
D10_Hashtag2|C00009,2,0.6009291997818285,D10_Hashtag2,1,P1,1.0,True,P1,0.9999997968524276,13.040616989135742,7.311659812927246,0.0,1.0,0.0,IGHG,Artesunate
D10_Hashtag2|C00010,2,0.6009291997818285,D10_Hashtag2,1,P1,0.36,True,P1,0.6974202007041108,8.767284393310547,7.282313823699951,0.5,0.5,0.0,,Artesunate
D10_Hashtag2|C00011,2,0.6009291997818285,D10_Hashtag2,1,P1,0.4,True,P1,0.9998944749906415,9.124133110046388,7.485846042633057,0.5,0.5,0.0018518518518518,IGHM,Artesunate
D10_Hashtag2|C00012,2,0.6009291997818285,D10_Hashtag2,1,P1,1.0,True,P1,0.9999997725602132,12.90588665008545,7.337211608886719,0.0,1.0,0.0,IGHG,Artesunate
D10_Hashtag2|C00013,2,0.6009291997818285,D10_Hashtag2,1,P3,0.98,True,P3,0.9999999994385504,5.223016262054443,-1.8476722240448,0.0,0.0,0.0,IGHM,Artesunate
D10_Hashtag2|C00014,2,0.6009291997818285,D10_Hashtag2,1,P1,1.0,True,P1,0.9999999918520928,13.16765308380127,8.193705558776855,0.0,1.0,0.0,IGHG,Artesunate
D10_Hashtag2|C00015,2,0.6009291997818285,D10_Hashtag2,1,P1,1.0,True,P1,0.9999988829622438,12.858036041259766,7.506579875946045,0.0,1.0,0.0,IGHG,Artesunate
D10_Hashtag3|C00001,7,0.8313036265891967,D10_Hashtag3,1,P3,0.98,True,P3,0.9999999998574084,5.322225093841553,-1.780923843383789,0.0,0.0,0.0,IGHM,Artesunate
D10_Hashtag3|C00002,3,0.6879296487615283,D10_Hashtag3,1,P1,0.96,True,P1,0.9999901149527806,13.115538597106934,6.706418514251709,0.0,1.0,0.0,IGHG,Artesunate
D10_Hashtag3|C00003,2,0.6009291997818285,D10_Hashtag3,1,P1,1.0,True,P1,0.9999999669858404,13.25449562072754,8.155671119689941,0.0,1.0,0.0,IGHG,Artesunate
D10_Hashtag3|C00004,2,0.6009291997818285,D10_Hashtag3,1,P1,1.0,True,P1,0.9999999616169368,13.317303657531738,8.080589294433594,0.0,1.0,0.0,IGHG,Artesunate
D10_Hashtag3|C00005,2,0.6009291997818285,D10_Hashtag3,1,P1,0.98,True,P1,0.918365991518206,13.241141319274902,6.621856689453125,0.0,1.0,0.0,IGHM,Artesunate
D10_Hashtag3|C00006,2,0.6009291997818285,D10_Hashtag3,1,P3,0.46,True,P3,0.6442935385563806,4.4897050857543945,4.428703784942627,0.5,0.0,0.007380073800738,IGHG,Artesunate
D10_Hashtag3|C00007,2,0.6009291997818285,D10_Hashtag3,1,P1,1.0,True,P1,0.999999680902911,14.145281791687012,6.77058744430542,0.0,1.0,0.0,IGHG,Artesunate
D10_Hashtag3|C00008,2,0.6009291997818285,D10_Hashtag3,1,P1,1.0,True,P1,0.9999999458349308,14.177691459655762,6.867203712463379,0.0,1.0,0.0,IGHG,Artesunate
D10_Hashtag3|C00009,2,0.6009291997818285,D10_Hashtag3,1,P1,1.0,True,P1,0.999999617816416,12.78842067718506,7.205996513366699,0.0,1.0,0.0,IGHG,Artesunate
D10_Hashtag3|C00010,2,0.6009291997818285,D10_Hashtag3,1,P1,1.0,True,P1,0.9999997150958088,11.968966484069824,7.932600021362305,0.0,1.0,0.0,IGHG,Artesunate
D10_Hashtag3|C00011,2,0.6009291997818285,D10_Hashtag3,1,P1,0.74,True,P1,0.9994319521699278,11.460150718688965,6.2927021980285645,0.0,1.0,0.0,IGHG,Artesunate
D10_Hashtag3|C00012,2,0.6009291997818285,D10_Hashtag3,1,P1,1.0,True,P1,0.9999967153115196,12.308990478515623,7.285618782043457,0.0,1.0,0.0,IGHG,Artesunate
D10_Hashtag3|C00013,2,0.6009291997818285,D10_Hashtag3,1,P1,1.0,True,P1,0.999999726278654,12.834765434265137,7.241313457489014,0.0,1.0,0.0,IGHG,Artesunate
D10_Hashtag3|C00014,2,0.6009291997818285,D10_Hashtag3,1,P1,1.0,True,P1,0.9999999999258335,14.064980506896973,6.754929542541504,0.0,1.0,0.0,IGHG,Artesunate
D10_Hashtag3|C00015,2,0.6009291997818285,D10_Hashtag3,1,P3,0.98,True,P3,0.9999998816737372,5.247159957885742,-1.8277974128723145,0.0,0.0,0.0,IGHM,Artesunate
D10_Hashtag3|C00016,2,0.6009291997818285,D10_Hashtag3,1,P3,0.98,True,P3,0.9999999992099902,5.255664348602295,-1.802134990692139,0.0,0.0,0.0,,Artesunate
D10_Hashtag3|C00017,2,0.6009291997818285,D10_Hashtag3,1,P1,1.0,True,P1,0.999999821772329,14.146933555603027,6.5818963050842285,0.0,1.0,0.0,IGHG,Artesunate
D10_Hashtag3|C00018,2,0.6009291997818285,D10_Hashtag3,1,P1,0.62,True,P1,0.9998317731753692,11.272217750549316,6.21919584274292,0.0,1.0,0.0,IGHG,Artesunate
D10_Hashtag3|C00019,2,0.6009291997818285,D10_Hashtag3,1,P1,1.0,True,P1,0.99999735705347,12.906028747558594,6.974746227264404,0.0,1.0,0.0,IGHG,Artesunate
D10_Hashtag3|C00020,2,0.6009291997818285,D10_Hashtag3,1,P1,0.54,True,P1,0.9698822304549682,8.593375205993652,7.240503311157227,0.5,0.5,0.0524344569288389,IGHG,Artesunate
D10_Hashtag4|C00001,7,0.8313036265891967,D10_Hashtag4,1,P1,0.62,True,P1,0.9965298211477316,10.88998317718506,5.284775733947754,0.0,1.0,0.0,IGHG,Saline
D10_Hashtag4|C00002,3,0.6879296487615283,D10_Hashtag4,1,P1,0.48,True,P1,0.9967540615438096,9.197123527526855,6.288522720336914,0.0,1.0,0.0,IGHG,Saline
D10_Hashtag4|C00003,3,0.6879296487615283,D10_Hashtag4,1,P1,0.62,True,P1,0.9970299847173274,10.40439796447754,5.596429347991943,0.0,1.0,0.0,IGHG,Saline
D10_Hashtag4|C00004,3,0.6879296487615283,D10_Hashtag4,1,P1,0.58,True,P1,0.951552119590239,10.33387565612793,5.510666370391846,0.0,1.0,0.0,IGHG,Saline
D10_Hashtag4|C00005,3,0.6879296487615283,D10_Hashtag4,1,P1,0.62,True,P1,0.9949166334277768,10.7621431350708,5.381680488586426,0.0,1.0,0.0,IGHG,Saline
D10_Hashtag4|C00006,3,0.6879296487615283,D10_Hashtag4,1,P1,0.5,True,P1,0.5608850774591075,10.545074462890623,5.032052993774414,0.0,0.6666666666666666,0.0,IGHG,Saline
D10_Hashtag4|C00007,2,0.6009291997818285,D10_Hashtag4,1,P1,0.62,True,P1,0.9987488695048272,10.427306175231934,5.793639183044434,0.0,1.0,0.0,IGHG,Saline
D10_Hashtag4|C00008,2,0.6009291997818285,D10_Hashtag4,1,P1,0.62,True,P1,0.9999187168189704,11.295384407043455,5.166030883789063,0.0,1.0,0.0,IGHG,Saline
D10_Hashtag4|C00009,2,0.6009291997818285,D10_Hashtag4,1,P1,0.62,True,P1,0.989165201552927,10.324115753173828,5.585257530212402,0.0,1.0,0.0,IGHG,Saline
D10_Hashtag4|C00010,2,0.6009291997818285,D10_Hashtag4,1,P1,0.62,True,P1,0.9999993464811008,10.14638328552246,5.518274307250977,0.0,1.0,0.0,IGHG,Saline
D10_Hashtag4|C00011,2,0.6009291997818285,D10_Hashtag4,1,P1,0.62,True,P1,0.999867653233723,10.50265884399414,5.820635318756104,0.0,1.0,0.0,IGHG,Saline
D10_Hashtag4|C00012,2,0.6009291997818285,D10_Hashtag4,1,P3,0.98,True,P3,0.9999999724444,4.986026763916016,-2.077392816543579,0.0,0.0,0.0,IGHM,Saline
D10_Hashtag4|C00013,2,0.6009291997818285,D10_Hashtag4,1,P2,0.32,True,P2,0.9024377963765188,9.04176902770996,6.35874605178833,0.0,1.0,0.0,,Saline
D10_Hashtag4|C00014,2,0.6009291997818285,D10_Hashtag4,1,P1,0.62,True,P1,0.9994033619173076,10.743412971496582,5.208413600921631,0.0,1.0,0.0,IGHG,Saline
D10_Hashtag4|C00015,2,0.6009291997818285,D10_Hashtag4,1,P1,0.62,True,P1,0.9827515483516774,10.947531700134276,5.140577793121338,0.0,1.0,0.0,IGHG,Saline
D10_Hashtag4|C00016,2,0.6009291997818285,D10_Hashtag4,1,P1,0.62,True,P1,0.995406057934918,10.942625999450684,4.9892449378967285,0.0,1.0,0.0,IGHG,Saline
D10_Hashtag4|C00017,2,0.6009291997818285,D10_Hashtag4,1,P1,0.62,True,P1,0.999870987648274,10.9703950881958,5.097004890441895,0.0,1.0,0.0,IGHG,Saline
D10_Hashtag4|C00018,2,0.6009291997818285,D10_Hashtag4,1,P1,0.62,True,P1,0.9948185454429804,10.90546417236328,5.200965404510498,0.0,1.0,0.0,IGHG,Saline
D10_Hashtag4|C00019,2,0.6009291997818285,D10_Hashtag4,1,P1,0.62,True,P1,0.9992060033691929,11.167985916137695,5.154989719390869,0.0,1.0,0.0,IGHG,Saline
D10_Hashtag4|C00020,2,0.6009291997818285,D10_Hashtag4,1,P1,0.62,True,P1,0.8615413547796643,10.950033187866213,5.087520122528076,0.0,1.0,0.0,IGHG,Saline
D10_Hashtag4|C00021,2,0.6009291997818285,D10_Hashtag4,1,P1,0.62,True,P1,0.8747075063548425,10.448471069335938,5.190229415893555,0.0,1.0,0.0,IGHG,Saline
D10_Hashtag4|C00022,2,0.6009291997818285,D10_Hashtag4,1,P1,0.62,True,P1,0.991540144072945,10.631969451904297,5.272128105163574,0.0,1.0,0.0,IGHG,Saline
D10_Hashtag4|C00023,2,0.6009291997818285,D10_Hashtag4,1,P1,0.62,True,P1,0.9993853218949236,10.506500244140623,5.80833911895752,0.0,1.0,0.0,,Saline
D10_Hashtag4|C00024,2,0.6009291997818285,D10_Hashtag4,1,P1,0.62,True,P1,0.9971479307316218,10.423783302307127,5.806375026702881,0.0,1.0,0.0,IGHG,Saline
D10_Hashtag4|C00025,2,0.6009291997818285,D10_Hashtag4,1,P1,0.62,True,P1,0.9974822604859056,10.598244667053224,5.531164169311523,0.0,1.0,0.0,IGHG,Saline
D10_Hashtag4|C00026,2,0.6009291997818285,D10_Hashtag4,1,P3,0.98,True,P3,0.9999999883043246,4.965762615203857,-2.0990631580352783,0.0,0.0,0.0,IGHM,Saline
D10_Hashtag4|C00027,2,0.6009291997818285,D10_Hashtag4,1,P1,0.62,True,P1,0.9980019229221188,10.179373741149902,5.657912254333496,0.0,1.0,0.0,IGHG,Saline
D10_Hashtag4|C00028,2,0.6009291997818285,D10_Hashtag4,1,P1,0.62,True,P1,0.9579120341454116,10.55580997467041,5.300782680511475,0.0,1.0,0.0,IGHG,Saline
D10_Hashtag4|C00029,2,0.6009291997818285,D10_Hashtag4,1,P1,0.5,True,P1,0.6629077246875058,10.242956161499023,5.492781162261963,0.0,1.0,0.0,IGHG,Saline
D10_Hashtag4|C00030,2,0.6009291997818285,D10_Hashtag4,1,P1,0.62,True,P1,0.983664695402785,10.641549110412598,5.477777004241943,0.0,1.0,0.0037174721189591,IGHG,Saline
D10_Hashtag4|C00031,2,0.6009291997818285,D10_Hashtag4,1,P1,0.62,True,P1,0.9999014982108092,11.28194522857666,5.173516273498535,0.0,1.0,0.0,IGHG,Saline
D10_Hashtag4|C00032,2,0.6009291997818285,D10_Hashtag4,1,P1,0.62,True,P1,0.9824776743770314,10.893460273742676,5.161219596862793,0.0,1.0,0.0,IGHG,Saline
D10_Hashtag5|C00001,4,0.7430974236898071,D10_Hashtag5,1,P3,0.98,True,P3,0.9999999656183226,4.976745128631592,-2.0882153511047363,0.0,0.25,0.0,IGHM,Saline
D10_Hashtag5|C00002,4,0.7430974236898071,D10_Hashtag5,1,P3,0.98,True,P3,0.9999999911966172,4.941839218139648,-2.1230387687683105,0.0,0.0,0.0,IGHM,Saline
D10_Hashtag5|C00003,3,0.6879296487615283,D10_Hashtag5,1,P1,0.62,True,P1,0.9997920700296098,10.370092391967772,5.707479000091553,0.0,1.0,0.0,IGHM,Saline
D10_Hashtag5|C00004,3,0.6879296487615283,D10_Hashtag5,1,P1,0.62,True,P1,0.9995461975533564,10.86194896697998,5.006120204925537,0.0,1.0,0.0,IGHG,Saline
D10_Hashtag5|C00005,3,0.6879296487615283,D10_Hashtag5,1,P1,0.62,True,P1,0.995965751474466,10.856805801391602,5.09135103225708,0.0,1.0,0.001230012300123,IGHG,Saline
D10_Hashtag5|C00006,3,0.6879296487615283,D10_Hashtag5,1,P1,0.62,True,P1,0.6463574752793633,10.122166633605955,5.485395431518555,0.0,1.0,0.0,IGHG,Saline
D10_Hashtag5|C00007,2,0.6009291997818285,D10_Hashtag5,1,P1,0.62,True,P1,0.9999914469054466,11.287803649902344,5.130796909332275,0.0,1.0,0.0,IGHG,Saline
D10_Hashtag5|C00008,2,0.6009291997818285,D10_Hashtag5,1,P1,0.62,True,P1,0.7938142502275558,10.098313331604004,5.537209987640381,0.0,1.0,0.0018796992481203,IGHG,Saline
D10_Hashtag5|C00009,2,0.6009291997818285,D10_Hashtag5,1,P1,0.62,True,P1,0.9908220905334916,10.12839126586914,5.6078877449035645,0.0,1.0,0.0071942446043165,IGHM,Saline
D10_Hashtag5|C00010,2,0.6009291997818285,D10_Hashtag5,1,P1,0.62,True,P1,0.9852204460245876,10.718690872192385,5.352872848510742,0.0,1.0,0.0,IGHG,Saline
D10_Hashtag5|C00011,2,0.6009291997818285,D10_Hashtag5,1,P1,0.62,True,P1,0.9535652791239788,10.604390144348145,4.99662446975708,0.0,1.0,0.0,IGHG,Saline
D10_Hashtag5|C00012,2,0.6009291997818285,D10_Hashtag5,1,P1,0.62,True,P1,0.9964246111825756,10.267090797424316,5.74669885635376,0.0,1.0,0.0,IGHG,Saline
D10_Hashtag5|C00013,2,0.6009291997818285,D10_Hashtag5,1,P1,0.46,True,P1,0.9963934942285568,10.558260917663574,5.001011371612549,0.0,1.0,0.0,IGHG,Saline
D10_Hashtag5|C00014,2,0.6009291997818285,D10_Hashtag5,1,P1,0.62,True,P1,0.9932392191318687,11.094898223876951,5.122588634490967,0.0,1.0,0.0,IGHG,Saline
D10_Hashtag5|C00015,2,0.6009291997818285,D10_Hashtag5,1,P1,0.62,True,P1,0.7852142993871167,10.60252285003662,5.253789901733398,0.0,1.0,0.0,IGHG,Saline
D10_Hashtag5|C00016,2,0.6009291997818285,D10_Hashtag5,1,P1,0.54,True,P1,0.6443232457966633,10.202467918395996,5.396708965301514,0.0,1.0,0.0,IGHG,Saline
D10_Hashtag5|C00017,2,0.6009291997818285,D10_Hashtag5,1,P2,0.18,True,P2,0.999990559506312,9.079061508178713,6.329331874847412,0.0,1.0,0.0,IGHG,Saline
D10_Hashtag5|C00018,2,0.6009291997818285,D10_Hashtag5,1,P1,0.62,True,P1,0.9999997480763588,11.385311126708984,5.212823867797852,0.0,1.0,0.0,IGHG,Saline
D10_Hashtag5|C00019,2,0.6009291997818285,D10_Hashtag5,1,P3,0.7,True,P3,0.999659743755568,6.072865009307861,2.8174169063568115,0.0,0.5,0.0018382352941176,IGHM,Saline
D10_Hashtag5|C00020,2,0.6009291997818285,D10_Hashtag5,1,P1,0.62,True,P1,0.9904133356144026,10.375828742980955,5.728011131286621,0.0,1.0,0.0,IGHG,Saline
D10_Hashtag5|C00021,2,0.6009291997818285,D10_Hashtag5,1,P1,0.62,True,P1,0.9999977967754148,11.331780433654783,5.17424201965332,0.0,1.0,0.0,IGHG,Saline
D10_Hashtag5|C00022,2,0.6009291997818285,D10_Hashtag5,1,P1,0.62,True,P1,0.9565098456369542,10.913722038269045,4.950793266296387,0.0,1.0,0.0,IGHG,Saline
D10_Hashtag5|C00023,2,0.6009291997818285,D10_Hashtag5,1,P1,0.62,True,P1,0.8631152688239102,10.530365943908691,5.1854424476623535,0.0,1.0,0.0,IGHG,Saline
D10_Hashtag5|C00024,2,0.6009291997818285,D10_Hashtag5,1,P3,0.88,True,P3,0.9779845052321372,7.125345706939697,2.432371139526367,0.0,1.0,0.0,IGHG,Saline
D10_Hashtag5|C00025,2,0.6009291997818285,D10_Hashtag5,1,P1,0.62,True,P1,0.9894800594978792,10.989786148071287,5.0574259757995605,0.0,1.0,0.0,IGHG,Saline
D10_Hashtag5|C00026,2,0.6009291997818285,D10_Hashtag5,1,P2,0.2,True,P2,0.9988354784042462,9.008235931396484,6.389515399932861,0.0,1.0,0.0,IGHG,Saline
D10_Hashtag5|C00027,2,0.6009291997818285,D10_Hashtag5,1,P1,0.62,True,P1,0.965583869706925,10.101040840148926,5.5802435874938965,0.0,1.0,0.0,IGHG,Saline
D10_Hashtag5|C00028,2,0.6009291997818285,D10_Hashtag5,1,P2,0.22,True,P2,0.637524957742675,4.127285957336426,4.910868167877197,0.5,0.5,0.0055555555555555,IGHG,Saline
D10_Hashtag5|C00029,2,0.6009291997818285,D10_Hashtag5,1,P1,0.62,True,P1,0.992387106592402,10.31307888031006,5.6201701164245605,0.0,1.0,0.0,IGHG,Saline
D10_Hashtag5|C00030,2,0.6009291997818285,D10_Hashtag5,1,P1,0.62,True,P1,0.9892037958827142,10.70952606201172,4.8958420753479,0.0,1.0,0.0,IGHG,Saline
D10_Hashtag5|C00031,2,0.6009291997818285,D10_Hashtag5,1,P1,0.62,True,P1,0.9975844312752564,10.643675804138184,5.370132446289063,0.0,1.0,0.0,IGHG,Saline
D10_Hashtag5|C00032,2,0.6009291997818285,D10_Hashtag5,1,P1,0.62,True,P1,0.989747578767452,10.796687126159668,4.907732009887695,0.0,1.0,0.0,IGHG,Saline
D10_Hashtag5|C00033,2,0.6009291997818285,D10_Hashtag5,1,P1,0.62,True,P1,0.9999999858606686,11.362990379333496,5.205504417419434,0.0,1.0,0.0,IGHG,Saline
D10_Hashtag5|C00034,2,0.6009291997818285,D10_Hashtag5,1,P2,0.1,True,P2,0.9999541222759536,9.036049842834473,6.373341083526611,0.0,1.0,0.0,IGHG,Saline
D10_Hashtag5|C00035,2,0.6009291997818285,D10_Hashtag5,1,P1,0.62,True,P1,0.999833079160766,11.260905265808104,5.148490905761719,0.0,1.0,0.0,IGHG,Saline
D10_Hashtag5|C00036,2,0.6009291997818285,D10_Hashtag5,1,P3,0.56,True,P3,0.9986235570348077,4.5295233726501465,4.399566173553467,0.5,0.5,0.0055555555555555,IGHG,Saline
D10_Hashtag5|C00037,2,0.6009291997818285,D10_Hashtag5,1,P1,0.62,True,P1,0.9940375367607732,10.903153419494627,5.1790947914123535,0.0,1.0,0.0,IGHG,Saline
D10_Hashtag5|C00038,2,0.6009291997818285,D10_Hashtag5,1,P3,0.98,True,P3,0.9999999940095704,4.965639591217041,-2.0974724292755127,0.0,0.0,0.0,IGHM,Saline
D10_Hashtag5|C00039,2,0.6009291997818285,D10_Hashtag5,1,P1,0.62,True,P1,0.998929896801621,10.50915813446045,5.783402919769287,0.0,1.0,0.0,IGHM,Saline
D10_Hashtag6|C00001,6,0.8096157047243099,D10_Hashtag6,1,P3,0.98,True,P3,0.999999999873978,5.257498741149902,-1.83755624294281,0.0,0.0,0.0,IGHM,Saline
D10_Hashtag6|C00002,3,0.6879296487615283,D10_Hashtag6,1,P1,1.0,True,P1,0.999807545473064,12.241948127746582,7.190316677093506,0.0,1.0,0.0,IGHG,Saline
D10_Hashtag6|C00003,3,0.6879296487615283,D10_Hashtag6,1,P1,1.0,True,P1,0.9999961921212754,13.213269233703612,7.018444061279297,0.0,1.0,0.0,IGHG,Saline
D10_Hashtag6|C00004,2,0.6009291997818285,D10_Hashtag6,1,P3,0.98,True,P3,0.9999999608460264,7.01312255859375,1.827120423316956,0.0,0.0,0.0142857142857142,IGHM,Saline
D10_Hashtag6|C00005,2,0.6009291997818285,D10_Hashtag6,1,P3,0.68,True,P3,0.9511153765005184,7.717881202697754,5.359480381011963,0.0,0.5,0.0,,Saline
D10_Hashtag6|C00006,2,0.6009291997818285,D10_Hashtag6,1,P1,1.0,True,P1,0.9999997531377024,13.17607879638672,6.805145263671875,0.0,1.0,0.0,IGHG,Saline
D10_Hashtag6|C00007,2,0.6009291997818285,D10_Hashtag6,1,P1,1.0,True,P1,0.9999998756026194,14.086057662963867,6.619976997375488,0.0,1.0,0.0,IGHG,Saline
D10_Hashtag6|C00008,2,0.6009291997818285,D10_Hashtag6,1,P1,0.62,True,P1,0.996208902857287,10.721552848815918,5.611398696899414,0.0,1.0,0.0,IGHG,Saline
D10_Hashtag6|C00009,2,0.6009291997818285,D10_Hashtag6,1,P2,0.64,True,P2,0.536240719580567,-2.1942856311798096,10.393643379211426,1.0,0.0,0.007380073800738,,Saline
D10_Hashtag6|C00010,2,0.6009291997818285,D10_Hashtag6,1,P3,0.98,True,P3,0.999999804856427,5.208303451538086,-1.866701364517212,0.0,0.0,0.0,IGHM,Saline
D10_Hashtag6|C00011,2,0.6009291997818285,D10_Hashtag6,1,P1,1.0,True,P1,0.9997715161200188,12.275309562683104,7.308746814727783,0.0,1.0,0.0,,Saline
D10_Hashtag6|C00012,2,0.6009291997818285,D10_Hashtag6,1,P1,0.92,True,P1,0.9999985789634998,11.86893081665039,7.087333679199219,0.0,1.0,0.0,IGHG,Saline
D10_Hashtag6|C00013,2,0.6009291997818285,D10_Hashtag6,1,P1,1.0,True,P1,0.9999909524749756,13.08184051513672,6.893075942993164,0.0,1.0,0.0,IGHG,Saline
D10_Hashtag6|C00014,2,0.6009291997818285,D10_Hashtag6,1,P1,0.62,True,P1,0.6432941968508938,10.50954818725586,5.417129993438721,0.0,1.0,0.0,IGHM,Saline
D10_Hashtag6|C00015,2,0.6009291997818285,D10_Hashtag6,1,P1,0.54,True,P1,0.6007005880817892,10.028152465820312,6.08699369430542,0.0,1.0,0.0,IGHG,Saline
D10_Hashtag6|C00016,2,0.6009291997818285,D10_Hashtag6,1,P1,1.0,True,P1,0.9999999998475744,11.81117343902588,7.60275411605835,0.0,1.0,0.0,IGHG,Saline
D10_Hashtag6|C00017,2,0.6009291997818285,D10_Hashtag6,1,P1,1.0,True,P1,0.9999595129723924,12.249988555908203,7.297169208526611,0.0,1.0,0.0,,Saline
D10_Hashtag6|C00018,2,0.6009291997818285,D10_Hashtag6,1,P1,0.54,True,P1,0.9983850272834822,8.986892700195312,7.2169671058654785,0.5,0.5,0.0,IGHG,Saline
D10_Hashtag6|C00019,2,0.6009291997818285,D10_Hashtag6,1,P1,0.72,True,P1,0.999999746141324,10.49183464050293,5.961090087890625,0.0,1.0,0.0,,Saline
D10_Hashtag6|C00020,2,0.6009291997818285,D10_Hashtag6,1,P1,0.66,True,P1,0.999999999995481,10.488775253295898,5.95444917678833,0.0,1.0,0.0,IGHG,Saline
D10_Hashtag6|C00021,2,0.6009291997818285,D10_Hashtag6,1,P1,1.0,True,P1,0.999996653263936,14.156726837158203,6.5598320960998535,0.0,1.0,0.0,IGHG,Saline
D10_Hashtag6|C00022,2,0.6009291997818285,D10_Hashtag6,1,P1,1.0,True,P1,0.9999570350458776,13.33783721923828,6.873336315155029,0.0,1.0,0.0,IGHG,Saline
D10_Hashtag6|C00023,2,0.6009291997818285,D10_Hashtag6,1,P1,1.0,True,P1,0.999998259561701,13.93708038330078,6.708775997161865,0.0,1.0,0.0,IGHG,Saline
D10_Hashtag6|C00024,2,0.6009291997818285,D10_Hashtag6,1,P1,1.0,True,P1,0.9999945948046184,13.895105361938477,6.610128402709961,0.0,1.0,0.0,IGHG,Saline
D10_Hashtag7|C00001,4,0.7430974236898071,D10_Hashtag7,1,P1,1.0,True,P1,0.9999999992531912,12.418415069580078,10.402332305908203,0.0,1.0,0.0,IGHG,Naive
D14_Hashtag1|C00001,9,0.8625031106882172,D14_Hashtag1,1,P3,0.98,True,P3,0.9991249236830188,7.115585803985596,-1.022200345993042,0.1111111111111111,0.0,0.0,IGHM,Artesunate
D14_Hashtag1|C00002,5,0.7813975773872784,D14_Hashtag1,1,P3,1.0,True,P3,0.999760358195741,6.433398723602295,0.8194960951805115,0.0,0.0,0.0088888888888888,IGHM,Artesunate
D14_Hashtag1|C00003,4,0.7430974236898071,D14_Hashtag1,1,P3,0.98,True,P3,0.99999999662613,6.670067310333252,-1.2471026182174685,0.0,0.0,0.0,IGHM,Artesunate
D14_Hashtag1|C00004,4,0.7430974236898071,D14_Hashtag1,1,P3,0.98,True,P3,0.991201492204108,6.993987560272217,-1.174496293067932,0.0,0.0,0.0,IGHM,Artesunate
D14_Hashtag1|C00005,4,0.7430974236898071,D14_Hashtag1,1,P3,0.98,True,P3,0.9991455454399818,6.82413387298584,-1.0534385442733765,0.0,0.0,0.0,IGHM,Artesunate
D14_Hashtag1|C00006,2,0.6009291997818285,D14_Hashtag1,1,P2,0.78,True,P2,0.9999883697530004,-3.402325391769409,8.416275978088379,1.0,0.0,0.0150375939849624,IGHG,Artesunate
D14_Hashtag1|C00007,2,0.6009291997818285,D14_Hashtag1,1,P3,0.98,True,P3,0.9987029160327182,6.779606342315674,-0.4164625704288482,0.0,0.0,0.0,IGHM,Artesunate
D14_Hashtag1|C00008,2,0.6009291997818285,D14_Hashtag1,1,P2,0.8,True,P2,0.999669921655686,-2.769784688949585,8.77158260345459,1.0,0.0,0.0017857142857142,,Artesunate
D14_Hashtag1|C00009,2,0.6009291997818285,D14_Hashtag1,1,P2,0.72,True,P2,0.9999908538284824,-2.2360527515411377,9.387019157409668,1.0,0.0,0.0203703703703703,IGHM,Artesunate
D14_Hashtag1|C00010,2,0.6009291997818285,D14_Hashtag1,1,P3,0.98,True,P3,0.9998141376625542,6.841031074523926,-0.5752050280570984,0.0,0.0,0.0,IGHM,Artesunate
D14_Hashtag1|C00011,2,0.6009291997818285,D14_Hashtag1,1,P1,0.74,True,P1,0.9999999998737792,8.484832763671875,8.274463653564453,0.5,0.5,0.0074074074074074,IGHG,Artesunate
D14_Hashtag1|C00012,2,0.6009291997818285,D14_Hashtag1,1,P1,1.0,True,P1,0.9999999999991332,13.4873685836792,9.880821228027344,0.0,1.0,0.0,IGHM,Artesunate
D14_Hashtag2|C00001,13,0.8995041531668229,D14_Hashtag2,1,P3,0.98,True,P3,0.9914159007796196,6.906585216522217,-1.1056125164031982,0.0,0.0,0.0,IGHM,Artesunate
D14_Hashtag2|C00002,7,0.8313036265891967,D14_Hashtag2,1,P3,0.94,True,P3,0.9991386497613186,6.700150966644287,-1.239360809326172,0.0,0.1428571428571428,0.0,IGHM,Artesunate
D14_Hashtag2|C00003,3,0.6879296487615283,D14_Hashtag2,1,P2,0.56,True,P2,0.9784957292041347,3.6433374881744394,4.998435497283936,0.6666666666666666,0.0,0.0086419753086419,IGHG,Artesunate
D14_Hashtag2|C00004,3,0.6879296487615283,D14_Hashtag2,1,P2,0.68,True,P2,0.9996703266871138,-2.5508854389190674,8.592488288879395,1.0,0.0,0.0050314465408805,IGHG,Artesunate
D14_Hashtag2|C00005,2,0.6009291997818285,D14_Hashtag2,1,P2,1.0,True,P2,0.9999978920578392,-1.2980948686599731,6.47145938873291,1.0,0.0,0.0222772958832438,IGHG,Artesunate
D14_Hashtag2|C00006,2,0.6009291997818285,D14_Hashtag2,1,P2,1.0,True,P2,0.9999683892277802,-3.863332271575928,5.788853645324707,1.0,0.0,0.0075757575757575,IGHG,Artesunate
D14_Hashtag2|C00007,2,0.6009291997818285,D14_Hashtag2,1,P3,1.0,True,P3,0.9999181475362212,7.350693225860596,2.3799614906311035,0.0,0.0,0.0,IGHM,Artesunate
D14_Hashtag2|C00008,2,0.6009291997818285,D14_Hashtag2,1,P2,1.0,True,P2,0.9999871000727724,-2.409815549850464,6.463227272033691,1.0,0.0,0.084766143299425,IGHG,Artesunate
D14_Hashtag2|C00009,2,0.6009291997818285,D14_Hashtag2,1,P2,0.72,True,P2,0.9998157742983398,-3.278692483901977,8.250904083251953,1.0,0.0,0.0075187969924812,IGHG,Artesunate
D14_Hashtag2|C00010,2,0.6009291997818285,D14_Hashtag2,1,P2,0.72,True,P2,0.9999948831801532,-4.283736705780029,8.67111587524414,1.0,0.0,0.018796992481203,IGHG,Artesunate
D14_Hashtag2|C00011,2,0.6009291997818285,D14_Hashtag2,1,P2,1.0,True,P2,0.9999749568555892,-1.6479296684265137,6.196508407592773,1.0,0.0,0.0169172932330827,IGHG,Artesunate
D14_Hashtag2|C00012,2,0.6009291997818285,D14_Hashtag2,1,P3,1.0,True,P3,0.99997984508168,7.1863694190979,2.477935075759888,0.0,0.0,0.0,IGHM,Artesunate
D14_Hashtag2|C00013,2,0.6009291997818285,D14_Hashtag2,1,P3,0.38,True,P3,0.9796818739410826,4.660287380218506,3.787677526473999,0.5,0.0,0.010948905109489,IGHG,Artesunate
D14_Hashtag2|C00014,2,0.6009291997818285,D14_Hashtag2,1,P2,0.64,True,P2,0.9999950461087572,-2.9103362560272217,10.471885681152344,1.0,0.0,0.0092592592592592,IGHG,Artesunate
D14_Hashtag2|C00015,2,0.6009291997818285,D14_Hashtag2,1,P2,1.0,True,P2,0.9999056069584088,-3.876361846923828,5.561382293701172,1.0,0.0,0.0166666666666666,IGHG,Artesunate
D14_Hashtag2|C00016,2,0.6009291997818285,D14_Hashtag2,1,P2,1.0,True,P2,0.9800829329629264,-3.824686765670776,5.352357387542725,1.0,0.0,0.0186014372581536,,Artesunate
D14_Hashtag2|C00017,2,0.6009291997818285,D14_Hashtag2,1,P3,1.0,True,P3,0.996352997719859,6.816511631011963,2.5978074073791504,0.0,0.0,0.0,IGHM,Artesunate
D14_Hashtag2|C00018,2,0.6009291997818285,D14_Hashtag2,1,P2,0.72,True,P2,0.9990287078131296,-2.829648017883301,8.198182106018066,1.0,0.0,0.0053763440860215,IGHM,Artesunate
D14_Hashtag2|C00019,2,0.6009291997818285,D14_Hashtag2,1,P2,1.0,True,P2,0.9214909983913172,-3.879005432128906,5.635084629058838,1.0,0.0,0.0074074074074074,IGHG,Artesunate
D14_Hashtag2|C00020,2,0.6009291997818285,D14_Hashtag2,1,P2,0.8,True,P2,0.9999954404886388,-4.179190635681152,8.366211891174316,1.0,0.0,0.0037037037037037,IGHG,Artesunate
D14_Hashtag2|C00021,2,0.6009291997818285,D14_Hashtag2,1,P3,1.0,True,P3,0.9997843239857452,6.367435932159424,1.0163518190383911,0.0,0.0,0.0,IGHM,Artesunate
D14_Hashtag2|C00022,2,0.6009291997818285,D14_Hashtag2,1,P1,0.68,True,P1,0.9999999500076284,7.999324798583984,7.416506767272949,0.5,0.5,0.0204185598237642,IGHG,Artesunate
D14_Hashtag2|C00023,2,0.6009291997818285,D14_Hashtag2,1,P3,0.54,True,P3,0.999968536800074,3.631145000457764,4.121384620666504,0.5,0.0,0.0037037037037037,IGHG,Artesunate
D14_Hashtag2|C00024,2,0.6009291997818285,D14_Hashtag2,1,P1,0.64,True,P1,0.9985833819241762,8.14531421661377,7.346192836761475,0.5,0.5,0.0074626865671641,IGHG,Artesunate
D14_Hashtag2|C00025,2,0.6009291997818285,D14_Hashtag2,1,P2,1.0,True,P2,0.9998277220458124,-3.7093989849090576,4.817140102386475,1.0,0.0,0.0055555555555555,IGHG,Artesunate
D14_Hashtag2|C00026,2,0.6009291997818285,D14_Hashtag2,1,P2,0.78,True,P2,0.9998254635094636,-2.3111932277679443,9.25473403930664,1.0,0.0,0.0074074074074074,IGHG,Artesunate
D14_Hashtag3|C00001,5,0.7813975773872784,D14_Hashtag3,1,P3,0.98,True,P3,0.999496102449536,6.712809085845947,-1.249018907546997,0.0,0.0,0.0,IGHM,Artesunate
D14_Hashtag3|C00002,3,0.6879296487615283,D14_Hashtag3,1,P3,0.96,True,P3,0.8807895481357123,6.581159114837647,-0.0581155307590961,0.3333333333333333,0.0,0.0,IGHM,Artesunate
D14_Hashtag3|C00003,2,0.6009291997818285,D14_Hashtag3,1,P3,0.42,True,P3,0.7835006706354418,4.521251201629639,4.205512046813965,0.5,0.0,0.0055555555555555,,Artesunate
D14_Hashtag3|C00004,2,0.6009291997818285,D14_Hashtag3,1,P3,0.6,True,P3,0.9997823052497916,4.634833335876465,3.841249465942383,0.5,0.0,0.0242537313432835,IGHG,Artesunate
D14_Hashtag3|C00005,2,0.6009291997818285,D14_Hashtag3,1,P3,0.98,True,P3,0.9967713867182846,6.454647064208984,-0.5465641617774963,0.0,0.0,0.0,IGHM,Artesunate
D14_Hashtag3|C00006,2,0.6009291997818285,D14_Hashtag3,1,P2,0.74,True,P2,0.9984731028414232,-2.7189154624938965,8.390612602233887,1.0,0.0,0.0148698884758364,IGHG,Artesunate
D14_Hashtag3|C00007,2,0.6009291997818285,D14_Hashtag3,1,P2,0.64,True,P2,0.9985959185402102,-2.691239356994629,10.449098587036133,1.0,0.0,0.0092592592592592,IGHG,Artesunate
D14_Hashtag3|C00008,2,0.6009291997818285,D14_Hashtag3,1,P3,1.0,True,P3,0.9999999937912208,7.26460075378418,2.3764071464538574,0.0,0.0,0.0,IGHM,Artesunate
D14_Hashtag3|C00009,2,0.6009291997818285,D14_Hashtag3,1,P3,0.98,True,P3,0.9992497730938597,6.910172939300537,-0.8255335092544556,0.0,0.0,0.0,IGHM,Artesunate
D14_Hashtag3|C00010,2,0.6009291997818285,D14_Hashtag3,1,P1,1.0,True,P1,0.9999999990988472,12.55177402496338,10.18593978881836,0.0,1.0,0.0037037037037037,IGHG,Artesunate
D14_Hashtag3|C00011,2,0.6009291997818285,D14_Hashtag3,1,P3,0.98,True,P3,0.9999235480528146,6.672900199890137,2.919315814971924,0.0,0.0,0.0,IGHM,Artesunate
D14_Hashtag3|C00012,2,0.6009291997818285,D14_Hashtag3,1,P3,1.0,True,P3,0.9999949594191684,6.726362705230713,1.977455139160156,0.0,0.0,0.0018587360594795,IGHM,Artesunate
D14_Hashtag3|C00013,2,0.6009291997818285,D14_Hashtag3,1,P2,0.64,True,P2,0.999950426878673,-2.727012157440185,10.371060371398926,1.0,0.0,0.0055555555555555,IGHG,Artesunate
D14_Hashtag3|C00014,2,0.6009291997818285,D14_Hashtag3,1,P1,0.9,True,P1,0.9997955700278724,11.59136199951172,6.359961032867432,0.0,1.0,0.0,IGHG,Artesunate
D14_Hashtag4|C00001,9,0.8625031106882172,D14_Hashtag4,1,P3,0.98,True,P3,0.9999998195522884,5.8436126708984375,-1.3318923711776731,0.0,0.1111111111111111,0.0,IGHM,Saline
D14_Hashtag4|C00002,6,0.8096157047243099,D14_Hashtag4,1,P1,0.88,True,P1,0.999999978845324,9.357352256774902,8.252705574035645,0.3333333333333333,0.6666666666666666,0.0017793594306049,IGHG,Saline
D14_Hashtag4|C00003,5,0.7813975773872784,D14_Hashtag4,1,P1,1.0,True,P1,0.9999999997472456,13.489718437194824,9.698073387145996,0.0,1.0,0.0,IGHG,Saline
D14_Hashtag4|C00004,4,0.7430974236898071,D14_Hashtag4,1,P1,0.48,True,P1,0.9999058182878404,8.940657615661621,8.019026756286621,0.5,0.5,0.0008960573476702,IGHG,Saline
D14_Hashtag4|C00005,4,0.7430974236898071,D14_Hashtag4,1,P1,1.0,True,P1,0.9999999868112752,13.566864967346191,9.24626922607422,0.0,1.0,0.0,,Saline
D14_Hashtag4|C00006,3,0.6879296487615283,D14_Hashtag4,1,P1,1.0,True,P1,0.9999999994990104,13.495391845703123,9.8714599609375,0.0,1.0,0.001199040767386,IGHM,Saline
D14_Hashtag4|C00007,3,0.6879296487615283,D14_Hashtag4,1,P1,1.0,True,P1,0.999999962193528,12.574987411499023,9.269829750061035,0.0,1.0,0.0,IGHG,Saline
D14_Hashtag4|C00008,3,0.6879296487615283,D14_Hashtag4,1,P3,0.98,True,P3,0.9999943246058408,5.91959810256958,-1.313244342803955,0.0,0.0,0.0,IGHM,Saline
D14_Hashtag4|C00009,2,0.6009291997818285,D14_Hashtag4,1,P1,0.66,True,P1,0.9999730447041344,9.081892013549805,7.860285758972168,0.5,0.5,0.0170454545454545,IGHG,Saline
D14_Hashtag4|C00010,2,0.6009291997818285,D14_Hashtag4,1,P3,1.0,True,P3,0.99990354286005,5.861536979675293,-1.2296968698501587,0.0,0.0,0.0,IGHM,Saline
D14_Hashtag4|C00011,2,0.6009291997818285,D14_Hashtag4,1,P3,0.26,True,P3,0.7338547264874631,4.338677883148193,4.619170665740967,0.5,0.0,0.0075757575757575,IGHG,Saline
D14_Hashtag4|C00012,2,0.6009291997818285,D14_Hashtag4,1,P1,0.72,True,P1,0.9999935671918928,9.013521194458008,8.105762481689453,0.5,0.5,0.0035714285714285,,Saline
D14_Hashtag4|C00013,2,0.6009291997818285,D14_Hashtag4,1,P2,0.5,True,P2,0.7082758789990913,8.54464340209961,6.238939762115479,0.5,0.5,0.0035587188612099,,Saline
D14_Hashtag4|C00014,2,0.6009291997818285,D14_Hashtag4,1,P1,0.42,True,P1,0.9994660263045608,8.330414772033691,7.005378723144531,0.5,0.5,0.0017857142857142,,Saline
D14_Hashtag4|C00015,2,0.6009291997818285,D14_Hashtag4,1,P1,1.0,True,P1,0.9999999955562942,13.619369506835938,9.441035270690918,0.0,1.0,0.0,IGHG,Saline
D14_Hashtag4|C00016,2,0.6009291997818285,D14_Hashtag4,1,P1,0.62,True,P1,0.9994989883449455,7.969762802124023,6.949151039123535,0.5,0.5,0.0018518518518518,IGHG,Saline
D14_Hashtag4|C00017,2,0.6009291997818285,D14_Hashtag4,1,P2,0.44,True,P2,0.5668011170626389,3.8355965614318848,4.96539831161499,0.5,0.0,0.0018518518518518,,Saline
D14_Hashtag4|C00018,2,0.6009291997818285,D14_Hashtag4,1,P1,1.0,True,P1,0.999999930393076,14.071703910827637,8.286914825439453,0.0,1.0,0.0,IGHG,Saline
D14_Hashtag4|C00019,2,0.6009291997818285,D14_Hashtag4,1,P1,1.0,True,P1,0.9999999993432738,13.432881355285645,9.4656343460083,0.0,1.0,0.0,IGHG,Saline
D14_Hashtag4|C00020,2,0.6009291997818285,D14_Hashtag4,1,P1,1.0,True,P1,0.999998631923345,12.0294828414917,8.100480079650879,0.0,1.0,0.0,,Saline
D14_Hashtag4|C00021,2,0.6009291997818285,D14_Hashtag4,1,P2,0.54,True,P2,0.9791114571145488,8.458390235900879,6.329653739929199,0.5,0.5,0.007168458781362,IGHG,Saline
D14_Hashtag4|C00022,2,0.6009291997818285,D14_Hashtag4,1,P1,1.0,True,P1,0.9999999958198202,13.540752410888672,9.409777641296388,0.0,1.0,0.0,IGHM,Saline
D14_Hashtag4|C00023,2,0.6009291997818285,D14_Hashtag4,1,P1,1.0,True,P1,0.9999999999966178,13.224303245544434,9.475996017456056,0.0,1.0,0.0,IGHG,Saline
D14_Hashtag4|C00024,2,0.6009291997818285,D14_Hashtag4,1,P1,1.0,True,P1,0.999999997840618,13.689720153808594,9.567852020263672,0.0,1.0,0.0,IGHG,Saline
D14_Hashtag4|C00025,2,0.6009291997818285,D14_Hashtag4,1,P2,0.8,True,P2,0.9992975557457592,-1.7097440958023071,8.586649894714355,1.0,0.0,0.0071942446043165,IGHM,Saline
D14_Hashtag4|C00026,2,0.6009291997818285,D14_Hashtag4,1,P1,1.0,True,P1,0.9999998972872728,12.558040618896484,6.698146343231201,0.0,1.0,0.0,IGHG,Saline
D14_Hashtag4|C00027,2,0.6009291997818285,D14_Hashtag4,1,P1,1.0,True,P1,0.9999999970803656,13.83583164215088,9.94892406463623,0.0,1.0,0.0,,Saline
D14_Hashtag4|C00028,2,0.6009291997818285,D14_Hashtag4,1,P1,1.0,True,P1,0.999999997709338,13.615316390991213,9.45878791809082,0.0,1.0,0.0,IGHM,Saline
D14_Hashtag4|C00029,2,0.6009291997818285,D14_Hashtag4,1,P1,1.0,True,P1,0.999999995507494,13.208986282348633,8.910848617553711,0.0,1.0,0.0,IGHM,Saline
D14_Hashtag4|C00030,2,0.6009291997818285,D14_Hashtag4,1,P1,1.0,True,P1,0.9999999994194012,13.747332572937012,8.844173431396484,0.0,1.0,0.0,IGHG,Saline
D14_Hashtag4|C00031,2,0.6009291997818285,D14_Hashtag4,1,P1,1.0,True,P1,0.999999998252136,13.515841484069824,9.513401985168455,0.0,1.0,0.0,IGHG,Saline
D14_Hashtag4|C00032,2,0.6009291997818285,D14_Hashtag4,1,P3,0.98,True,P3,0.999996274385486,5.719358444213867,-1.4324030876159668,0.0,0.0,0.0,IGHM,Saline
D14_Hashtag4|C00033,2,0.6009291997818285,D14_Hashtag4,1,P2,1.0,True,P2,0.9997053930166654,-3.973919153213501,5.372730255126953,1.0,0.0,0.0055555555555555,IGHG,Saline
D14_Hashtag4|C00034,2,0.6009291997818285,D14_Hashtag4,1,P2,1.0,True,P2,0.999428723857742,-3.976284503936768,5.285640239715576,1.0,0.0,0.0074074074074074,IGHG,Saline
D14_Hashtag4|C00035,2,0.6009291997818285,D14_Hashtag4,1,P1,1.0,True,P1,0.9999999997994422,13.578845024108888,9.909950256347656,0.0,1.0,0.0,IGHG,Saline
D14_Hashtag4|C00036,2,0.6009291997818285,D14_Hashtag4,1,P1,1.0,True,P1,0.9999999996328768,13.360419273376465,9.367620468139648,0.0,1.0,0.0,,Saline
D14_Hashtag4|C00037,2,0.6009291997818285,D14_Hashtag4,1,P1,1.0,True,P1,0.999999978582949,14.02253246307373,9.944049835205078,0.0,1.0,0.0,IGHG,Saline
D14_Hashtag4|C00038,2,0.6009291997818285,D14_Hashtag4,1,P2,0.64,True,P2,0.9791972166051304,-2.2107419967651367,10.500832557678224,1.0,0.0,0.0,IGHG,Saline
D14_Hashtag4|C00039,2,0.6009291997818285,D14_Hashtag4,1,P2,0.4,True,P2,0.9981587447780436,4.009734630584717,4.9268341064453125,0.5,0.0,0.0166666666666666,IGHG,Saline
D14_Hashtag4|C00040,2,0.6009291997818285,D14_Hashtag4,1,P1,1.0,True,P1,0.9999999959452452,13.513504981994627,9.402321815490724,0.0,1.0,0.0,,Saline
D14_Hashtag4|C00041,2,0.6009291997818285,D14_Hashtag4,1,P1,1.0,True,P1,1.0,13.763646125793455,7.55841064453125,0.0,1.0,0.0,,Saline
D14_Hashtag4|C00042,2,0.6009291997818285,D14_Hashtag4,1,P1,0.64,True,P1,0.5145772258539477,11.634182929992676,6.973090171813965,0.0,0.5,0.0,,Saline
D14_Hashtag4|C00043,2,0.6009291997818285,D14_Hashtag4,1,P1,1.0,True,P1,0.9999999990280202,13.247557640075684,9.831110954284668,0.0,1.0,0.0,IGHG,Saline
D14_Hashtag4|C00044,2,0.6009291997818285,D14_Hashtag4,1,P1,0.52,True,P1,0.999998016851313,9.044686317443848,8.083572387695312,0.5,0.5,0.0018587360594795,IGHG,Saline
D14_Hashtag4|C00045,2,0.6009291997818285,D14_Hashtag4,1,P3,0.98,True,P3,0.9999905390649012,5.911343574523926,-1.2852168083190918,0.0,0.0,0.0,IGHM,Saline
D14_Hashtag4|C00046,2,0.6009291997818285,D14_Hashtag4,1,P3,0.98,True,P3,0.9993564497633052,5.848365783691406,-1.288979172706604,0.0,0.0,0.0,IGHM,Saline
D14_Hashtag4|C00047,2,0.6009291997818285,D14_Hashtag4,1,P2,0.48,True,P2,0.9987418400967834,4.249481678009033,4.76295804977417,1.0,0.0,0.0037037037037037,IGHG,Saline
D14_Hashtag4|C00048,2,0.6009291997818285,D14_Hashtag4,1,P1,1.0,True,P1,0.9999997005873404,14.245585441589355,7.935859680175781,0.0,1.0,0.0,IGHG,Saline
D14_Hashtag4|C00049,2,0.6009291997818285,D14_Hashtag4,1,P1,0.48,True,P1,0.9998683307370128,8.072342872619629,6.830775260925293,0.5,0.5,0.0037037037037037,IGHG,Saline
D14_Hashtag5|C00001,10,0.8741114391437229,D14_Hashtag5,1,P1,1.0,True,P1,0.9999944249020216,12.287553787231444,7.601793766021728,0.1,0.9,0.0,,Saline
D14_Hashtag5|C00002,9,0.8625031106882172,D14_Hashtag5,1,P1,1.0,True,P1,0.999999990060914,13.813815116882324,8.396669387817383,0.0,1.0,0.0,IGHG,Saline
D14_Hashtag5|C00003,8,0.848510032690162,D14_Hashtag5,1,P3,0.98,True,P3,0.9999999999999148,5.352977752685547,-1.754502296447754,0.0,0.0,0.0,IGHM,Saline
D14_Hashtag5|C00004,6,0.8096157047243099,D14_Hashtag5,1,P1,0.9,True,P1,0.9999981407841236,13.73105525970459,6.732193470001221,0.1666666666666666,0.8333333333333334,0.0018050541516245,IGHG,Saline
D14_Hashtag5|C00005,6,0.8096157047243099,D14_Hashtag5,1,P1,1.0,True,P1,0.9999999956386888,13.745840072631836,8.375924110412598,0.0,1.0,0.0,IGHG,Saline
D14_Hashtag5|C00006,6,0.8096157047243099,D14_Hashtag5,1,P1,1.0,True,P1,0.9999999089270842,13.577644348144531,8.26235294342041,0.0,1.0,0.0,IGHG,Saline
D14_Hashtag5|C00007,5,0.7813975773872784,D14_Hashtag5,1,P1,1.0,True,P1,0.999999995833619,13.784972190856934,8.432635307312012,0.0,1.0,0.0,IGHG,Saline
D14_Hashtag5|C00008,5,0.7813975773872784,D14_Hashtag5,1,P1,1.0,True,P1,0.9999999952714802,13.635936737060549,8.298254013061523,0.0,1.0,0.0,IGHG,Saline
D14_Hashtag5|C00009,5,0.7813975773872784,D14_Hashtag5,1,P1,1.0,True,P1,0.9999998897919856,13.66205596923828,7.847774028778076,0.0,1.0,0.0,IGHG,Saline
D14_Hashtag5|C00010,4,0.7430974236898071,D14_Hashtag5,1,P1,1.0,True,P1,0.9999993873915998,12.578036308288574,7.392615795135498,0.0,1.0,0.0,IGHG,Saline
D14_Hashtag5|C00011,4,0.7430974236898071,D14_Hashtag5,1,P1,0.94,True,P1,0.9996532062268596,12.50057315826416,6.647558689117432,0.0,1.0,0.0,IGHG,Saline
D14_Hashtag5|C00012,4,0.7430974236898071,D14_Hashtag5,1,P1,1.0,True,P1,0.9999999689447212,13.942349433898926,8.252756118774414,0.0,1.0,0.0009259259259259,IGHG,Saline
D14_Hashtag5|C00013,4,0.7430974236898071,D14_Hashtag5,1,P2,0.62,True,P2,0.9961988031773358,-1.5887653827667236,8.537435531616211,0.75,0.25,0.0037278754924263,,Saline
D14_Hashtag5|C00014,4,0.7430974236898071,D14_Hashtag5,1,P1,0.96,True,P1,0.9998839128664248,13.505294799804688,6.523260116577148,0.0,1.0,0.0,IGHG,Saline
D14_Hashtag5|C00015,4,0.7430974236898071,D14_Hashtag5,1,P1,1.0,True,P1,0.9999997728575892,12.543959617614746,7.97767448425293,0.0,1.0,0.0,IGHG,Saline
D14_Hashtag5|C00016,4,0.7430974236898071,D14_Hashtag5,1,P1,1.0,True,P1,0.9999972314292008,12.671238899230955,7.877263069152832,0.0,1.0,0.0,IGHG,Saline
D14_Hashtag5|C00017,4,0.7430974236898071,D14_Hashtag5,1,P1,0.9,True,P1,0.9999999275912071,9.447176933288574,8.21907901763916,0.25,0.75,0.0009259259259259,IGHG,Saline
D14_Hashtag5|C00018,3,0.6879296487615283,D14_Hashtag5,1,P1,1.0,True,P1,0.9999577596090248,13.51006317138672,6.565835952758789,0.0,1.0,0.0,IGHG,Saline
D14_Hashtag5|C00019,3,0.6879296487615283,D14_Hashtag5,1,P1,1.0,True,P1,0.9999998336361028,12.615106582641602,6.765575408935547,0.0,1.0,0.0,IGHG,Saline
D14_Hashtag5|C00020,3,0.6879296487615283,D14_Hashtag5,1,P1,1.0,True,P1,0.9999998633413818,12.98027515411377,8.122078895568848,0.0,1.0,0.0,IGHM,Saline
D14_Hashtag5|C00021,3,0.6879296487615283,D14_Hashtag5,1,P1,1.0,True,P1,0.9999999971354612,13.331668853759766,8.365989685058594,0.0,1.0,0.0,IGHG,Saline
D14_Hashtag5|C00022,3,0.6879296487615283,D14_Hashtag5,1,P1,1.0,True,P1,0.9999994776831556,13.119440078735352,8.218859672546387,0.0,1.0,0.0,IGHG,Saline
D14_Hashtag5|C00023,3,0.6879296487615283,D14_Hashtag5,1,P1,1.0,True,P1,0.9999998904516818,13.660717964172363,8.145668983459473,0.0,1.0,0.0,IGHG,Saline
D14_Hashtag5|C00024,3,0.6879296487615283,D14_Hashtag5,1,P3,0.56,True,P3,0.6109587774075814,4.9833831787109375,3.752593517303467,0.3333333333333333,0.3333333333333333,0.0024875621890547,IGHG,Saline
D14_Hashtag5|C00025,3,0.6879296487615283,D14_Hashtag5,1,P1,0.8,True,P1,0.999997185009957,8.749642372131348,7.366569519042969,0.3333333333333333,0.6666666666666666,0.0,IGHG,Saline
D14_Hashtag5|C00026,3,0.6879296487615283,D14_Hashtag5,1,P1,0.82,True,P1,0.9998705570881936,11.815299987792969,7.154085636138916,0.3333333333333333,0.6666666666666666,0.0,IGHG,Saline
D14_Hashtag5|C00027,3,0.6879296487615283,D14_Hashtag5,1,P1,1.0,True,P1,0.9999984288477158,13.723126411437988,8.12332534790039,0.0,1.0,0.0,IGHM,Saline
D14_Hashtag5|C00028,3,0.6879296487615283,D14_Hashtag5,1,P1,1.0,True,P1,0.99999999305939,13.680624961853027,8.03878402709961,0.0,1.0,0.0099132589838909,IGHG,Saline
D14_Hashtag5|C00029,3,0.6879296487615283,D14_Hashtag5,1,P1,1.0,True,P1,0.9999999742144896,14.071142196655272,8.645476341247559,0.0,1.0,0.0,IGHG,Saline
D14_Hashtag5|C00030,3,0.6879296487615283,D14_Hashtag5,1,P1,0.86,True,P1,0.9999867431577412,9.388869285583496,7.61788272857666,0.3333333333333333,0.6666666666666666,0.0,IGHG,Saline
D14_Hashtag5|C00031,3,0.6879296487615283,D14_Hashtag5,1,P1,0.82,True,P1,0.9993815007215092,13.65570831298828,6.450040817260742,0.0,1.0,0.0,IGHG,Saline
D14_Hashtag5|C00032,3,0.6879296487615283,D14_Hashtag5,1,P3,0.98,True,P3,0.9999999924597772,5.278468608856201,-1.8133940696716309,0.0,0.0,0.0,IGHM,Saline
D14_Hashtag5|C00033,3,0.6879296487615283,D14_Hashtag5,1,P3,0.98,True,P3,0.9999999991957792,5.383917808532715,-1.7219085693359375,0.0,0.0,0.0,IGHM,Saline
D14_Hashtag5|C00034,3,0.6879296487615283,D14_Hashtag5,1,P1,0.78,True,P1,0.9998251363030444,8.028286933898926,6.728290557861328,0.3333333333333333,0.6666666666666666,0.0047449584816132,IGHG,Saline
D14_Hashtag5|C00035,3,0.6879296487615283,D14_Hashtag5,1,P1,1.0,True,P1,0.9999998452021236,13.709771156311035,8.172440528869629,0.0,1.0,0.0,IGHM,Saline
D14_Hashtag5|C00036,3,0.6879296487615283,D14_Hashtag5,1,P1,1.0,True,P1,0.9999993159785626,14.2638578414917,7.404389381408691,0.0,1.0,0.0,IGHG,Saline
D14_Hashtag5|C00037,3,0.6879296487615283,D14_Hashtag5,1,P1,0.82,True,P1,0.9999848656289888,11.74062728881836,7.223710536956787,0.3333333333333333,0.6666666666666666,0.0,IGHG,Saline
D14_Hashtag5|C00038,3,0.6879296487615283,D14_Hashtag5,1,P1,1.0,True,P1,0.9999999536229478,14.065274238586426,8.111175537109375,0.0,1.0,0.0,IGHG,Saline
D14_Hashtag5|C00039,3,0.6879296487615283,D14_Hashtag5,1,P1,1.0,True,P1,0.999997024933697,12.185025215148926,8.034363746643066,0.0,1.0,0.0,IGHG,Saline
D14_Hashtag5|C00040,3,0.6879296487615283,D14_Hashtag5,1,P1,1.0,True,P1,0.9999999038371687,13.493020057678224,7.716678619384766,0.0,1.0,0.0,IGHG,Saline
D14_Hashtag5|C00041,2,0.6009291997818285,D14_Hashtag5,1,P1,0.76,True,P1,0.9952890799733138,9.714702606201172,7.238091945648193,0.0,1.0,0.0,IGHG,Saline
D14_Hashtag5|C00042,2,0.6009291997818285,D14_Hashtag5,1,P1,0.62,True,P1,0.9992699040535964,9.080092430114746,7.490612983703613,0.5,0.5,0.0055555555555555,IGHG,Saline
D14_Hashtag5|C00043,2,0.6009291997818285,D14_Hashtag5,1,P1,0.54,True,P1,0.6984070881116777,9.184650421142578,5.753278255462647,0.5,0.5,0.0074349442379182,IGHG,Saline
D14_Hashtag5|C00044,2,0.6009291997818285,D14_Hashtag5,1,P2,0.82,True,P2,0.9997061702760822,-1.532332181930542,8.457585334777832,1.0,0.0,0.0167780562517404,IGHG,Saline
D14_Hashtag5|C00045,2,0.6009291997818285,D14_Hashtag5,1,P3,1.0,True,P3,0.9999999988333812,7.0500807762146,1.8258150815963743,0.0,0.0,0.0,IGHM,Saline
D14_Hashtag5|C00046,2,0.6009291997818285,D14_Hashtag5,1,P2,0.82,True,P2,0.999895985975502,-1.6142994165420532,8.517230987548828,1.0,0.0,0.0206766917293233,IGHG,Saline
D14_Hashtag5|C00047,2,0.6009291997818285,D14_Hashtag5,1,P1,1.0,True,P1,0.999998833746998,13.88917350769043,8.035737037658691,0.0,1.0,0.0,IGHG,Saline
D14_Hashtag5|C00048,2,0.6009291997818285,D14_Hashtag5,1,P1,1.0,True,P1,0.9999986705606458,13.767012596130373,8.020684242248535,0.0,1.0,0.0,IGHG,Saline
D14_Hashtag5|C00049,2,0.6009291997818285,D14_Hashtag5,1,P1,0.54,True,P1,0.9999638489541028,9.04513931274414,7.9937262535095215,0.5,0.5,0.0037037037037037,IGHG,Saline
D14_Hashtag5|C00050,2,0.6009291997818285,D14_Hashtag5,1,P1,1.0,True,P1,0.9999999999657376,13.24071216583252,8.714186668395996,0.0,1.0,0.0,IGHM,Saline
D14_Hashtag5|C00051,2,0.6009291997818285,D14_Hashtag5,1,P1,1.0,True,P1,0.999823927301388,12.317845344543455,7.258566856384277,0.0,1.0,0.0,IGHG,Saline
D14_Hashtag5|C00052,2,0.6009291997818285,D14_Hashtag5,1,P1,1.0,True,P1,0.9999998600839132,14.175142288208008,7.791871070861816,0.0,1.0,0.0,IGHG,Saline
D14_Hashtag5|C00053,2,0.6009291997818285,D14_Hashtag5,1,P1,1.0,True,P1,0.9999958764471196,12.395118713378906,7.417121410369873,0.0,1.0,0.0,IGHG,Saline
D14_Hashtag5|C00054,2,0.6009291997818285,D14_Hashtag5,1,P1,1.0,True,P1,0.9999999081352556,13.766798973083496,8.060077667236328,0.0,1.0,0.0,IGHG,Saline
D14_Hashtag5|C00055,2,0.6009291997818285,D14_Hashtag5,1,P1,1.0,True,P1,0.9999994471703068,12.955764770507812,8.112834930419922,0.0,1.0,0.0,IGHM,Saline
D14_Hashtag5|C00056,2,0.6009291997818285,D14_Hashtag5,1,P1,0.52,True,P1,0.9981698524424996,8.708525657653809,7.327081680297852,0.5,0.5,0.0018518518518518,IGHG,Saline
D14_Hashtag5|C00057,2,0.6009291997818285,D14_Hashtag5,1,P1,1.0,True,P1,0.9999999298090384,13.844852447509766,8.004714012145996,0.0,1.0,0.0,IGHG,Saline
D14_Hashtag5|C00058,2,0.6009291997818285,D14_Hashtag5,1,P1,0.48,True,P1,0.9991724042090334,9.14016819000244,7.557278156280518,0.5,0.5,0.0018518518518518,IGHG,Saline
D14_Hashtag5|C00059,2,0.6009291997818285,D14_Hashtag5,1,P1,1.0,True,P1,0.9999991816728278,13.568612098693848,8.007209777832031,0.0,1.0,0.0,,Saline
D14_Hashtag5|C00060,2,0.6009291997818285,D14_Hashtag5,1,P1,1.0,True,P1,0.9999948506962388,12.138989448547363,7.667727947235107,0.0,1.0,0.0,,Saline
D14_Hashtag5|C00061,2,0.6009291997818285,D14_Hashtag5,1,P1,1.0,True,P1,0.9999999991871248,12.976771354675291,8.2789888381958,0.0,1.0,0.0,IGHM,Saline
D14_Hashtag5|C00062,2,0.6009291997818285,D14_Hashtag5,1,P1,1.0,True,P1,0.9999999985666364,13.245505332946776,8.634824752807617,0.0,1.0,0.0,IGHM,Saline
D14_Hashtag5|C00063,2,0.6009291997818285,D14_Hashtag5,1,P1,0.54,True,P1,0.9840181299288498,7.967884540557861,5.856837272644043,0.0,0.5,0.0017857142857142,IGHM,Saline
D14_Hashtag5|C00064,2,0.6009291997818285,D14_Hashtag5,1,P1,0.98,True,P1,0.9999999850667152,11.836309432983398,7.771533489227295,0.0,1.0,0.0,,Saline
D14_Hashtag5|C00065,2,0.6009291997818285,D14_Hashtag5,1,P1,1.0,True,P1,0.999999998369688,13.297663688659668,8.591009140014648,0.0,1.0,0.0,,Saline
D14_Hashtag5|C00066,2,0.6009291997818285,D14_Hashtag5,1,P1,1.0,True,P1,0.9999994159583564,13.971794128417969,7.97702169418335,0.0,1.0,0.0,,Saline
D14_Hashtag5|C00067,2,0.6009291997818285,D14_Hashtag5,1,P1,1.0,True,P1,0.999999780377702,14.261090278625488,7.743804931640625,0.0,1.0,0.0,IGHG,Saline
D14_Hashtag5|C00068,2,0.6009291997818285,D14_Hashtag5,1,P1,0.8,True,P1,0.9772587218438472,11.322359085083008,6.280826091766357,0.0,1.0,0.0,IGHG,Saline
D14_Hashtag5|C00069,2,0.6009291997818285,D14_Hashtag5,1,P1,0.54,True,P1,0.9999598087748048,8.07267951965332,6.789966583251953,0.5,0.5,0.0,IGHM,Saline
D14_Hashtag5|C00070,2,0.6009291997818285,D14_Hashtag5,1,P1,1.0,True,P1,0.9999999539186044,14.232881546020508,7.8331403732299805,0.0,1.0,0.0,IGHG,Saline
D14_Hashtag5|C00071,2,0.6009291997818285,D14_Hashtag5,1,P1,1.0,True,P1,0.999999886678942,13.64133358001709,7.30534029006958,0.0,1.0,0.0,IGHG,Saline
D14_Hashtag5|C00072,2,0.6009291997818285,D14_Hashtag5,1,P1,1.0,True,P1,0.9999997695705056,14.275832176208496,6.987190246582031,0.0,1.0,0.0,IGHG,Saline
D14_Hashtag5|C00073,2,0.6009291997818285,D14_Hashtag5,1,P1,1.0,True,P1,0.9999999868428944,13.81284523010254,8.089017868041992,0.0,1.0,0.0,IGHG,Saline
D14_Hashtag5|C00074,2,0.6009291997818285,D14_Hashtag5,1,P1,1.0,True,P1,0.9999651700066772,12.030203819274902,7.9462890625,0.0,1.0,0.0,IGHM,Saline
D14_Hashtag5|C00075,2,0.6009291997818285,D14_Hashtag5,1,P1,1.0,True,P1,0.9999999999840554,13.41734790802002,7.556431293487549,0.0,1.0,0.0,IGHG,Saline
D14_Hashtag5|C00076,2,0.6009291997818285,D14_Hashtag5,1,P1,0.68,True,P1,0.9999771233238556,9.044425010681152,7.324653148651123,0.5,0.5,0.0017857142857142,IGHG,Saline
D14_Hashtag5|C00077,2,0.6009291997818285,D14_Hashtag5,1,P1,0.48,True,P1,0.9763312292435709,8.176040649414062,6.33927583694458,0.5,0.5,0.0017857142857142,IGHG,Saline
D14_Hashtag5|C00078,2,0.6009291997818285,D14_Hashtag5,1,P1,1.0,True,P1,0.9999999913143256,13.530336380004885,7.330443382263184,0.0,1.0,0.0,,Saline
D14_Hashtag5|C00079,2,0.6009291997818285,D14_Hashtag5,1,P1,1.0,True,P1,0.99999509619157,12.230679512023926,7.51362419128418,0.0,1.0,0.0,IGHG,Saline
D14_Hashtag5|C00080,2,0.6009291997818285,D14_Hashtag5,1,P1,0.36,True,P1,0.5340637886559779,7.850630760192871,5.740863800048828,0.0,0.5,0.0092592592592592,IGHG,Saline
D14_Hashtag5|C00081,2,0.6009291997818285,D14_Hashtag5,1,P1,0.8,True,P1,0.99988381901041,12.364723205566406,6.3129191398620605,0.0,1.0,0.0,IGHG,Saline
D14_Hashtag5|C00082,2,0.6009291997818285,D14_Hashtag5,1,P2,0.74,True,P2,0.9999986212639468,-1.4203335046768188,8.44936752319336,1.0,0.0,0.0037037037037037,IGHG,Saline
D14_Hashtag5|C00083,2,0.6009291997818285,D14_Hashtag5,1,P1,1.0,True,P1,0.9999999988315552,13.917327880859377,7.902865409851074,0.0,1.0,0.0092592592592592,,Saline
D14_Hashtag5|C00084,2,0.6009291997818285,D14_Hashtag5,1,P1,0.48,True,P1,0.8462337422646764,8.230445861816406,6.222636222839356,0.5,0.5,0.0,IGHG,Saline
D14_Hashtag5|C00085,2,0.6009291997818285,D14_Hashtag5,1,P1,0.52,True,P1,0.994608598449818,8.132546424865723,6.888395309448242,0.5,0.5,0.0,IGHG,Saline
D14_Hashtag5|C00086,2,0.6009291997818285,D14_Hashtag5,1,P2,0.7,True,P2,0.9959537998245424,4.269980430603027,4.758982658386231,1.0,0.0,0.0090252707581227,IGHG,Saline
D14_Hashtag5|C00087,2,0.6009291997818285,D14_Hashtag5,1,P1,1.0,True,P1,0.9999999999938324,13.482672691345217,7.572122097015381,0.0,1.0,0.0,IGHG,Saline
D14_Hashtag5|C00088,2,0.6009291997818285,D14_Hashtag5,1,P1,1.0,True,P1,0.9999738614466795,12.24382495880127,7.3381547927856445,0.0,1.0,0.0,IGHG,Saline
D14_Hashtag5|C00089,2,0.6009291997818285,D14_Hashtag5,1,P3,0.7,True,P3,0.9033704790971956,9.94344711303711,5.298512935638428,0.0,0.5,0.0074074074074074,IGHM,Saline
D14_Hashtag5|C00090,2,0.6009291997818285,D14_Hashtag5,1,P1,1.0,True,P1,0.9999999361409542,13.948609352111816,7.758972644805908,0.0,1.0,0.0,IGHG,Saline
D14_Hashtag5|C00091,2,0.6009291997818285,D14_Hashtag5,1,P1,1.0,True,P1,0.9999963321694216,12.541438102722168,6.594597816467285,0.0,1.0,0.0,IGHG,Saline
D14_Hashtag5|C00092,2,0.6009291997818285,D14_Hashtag5,1,P1,0.28,True,P1,0.6834359302229213,7.826417446136475,5.688061237335205,0.0,0.5,0.0055555555555555,IGHG,Saline
D14_Hashtag5|C00093,2,0.6009291997818285,D14_Hashtag5,1,P2,0.64,True,P2,0.9999701925450336,-2.2866761684417725,10.483423233032228,1.0,0.0,0.0,IGHG,Saline
D14_Hashtag5|C00094,2,0.6009291997818285,D14_Hashtag5,1,P1,1.0,True,P1,0.9999999715791862,12.896742820739746,8.022732734680176,0.0,1.0,0.0092592592592592,IGHG,Saline
D14_Hashtag5|C00095,2,0.6009291997818285,D14_Hashtag5,1,P1,0.42,True,P1,0.9994586593091316,9.122854232788086,7.692283630371094,0.5,0.5,0.0,IGHG,Saline
D14_Hashtag5|C00096,2,0.6009291997818285,D14_Hashtag5,1,P1,0.42,True,P1,0.870289045485346,8.590192794799805,6.016992092132568,0.5,0.5,0.0,IGHG,Saline
D14_Hashtag5|C00097,2,0.6009291997818285,D14_Hashtag5,1,P1,1.0,True,P1,1.0,13.577396392822266,7.36122465133667,0.0,1.0,0.0,IGHG,Saline
D14_Hashtag5|C00098,2,0.6009291997818285,D14_Hashtag5,1,P1,1.0,True,P1,0.9999999515296604,13.526347160339355,7.411432266235352,0.0,1.0,0.0,IGHG,Saline
D14_Hashtag5|C00099,2,0.6009291997818285,D14_Hashtag5,1,P1,1.0,True,P1,0.99999993896863,14.318389892578123,7.061901569366455,0.0,1.0,0.0,,Saline
D14_Hashtag5|C00100,2,0.6009291997818285,D14_Hashtag5,1,P3,1.0,True,P3,0.9999998582979784,7.001431941986084,1.8652470111846924,0.0,0.0,0.0,IGHM,Saline
D14_Hashtag5|C00101,2,0.6009291997818285,D14_Hashtag5,1,P1,0.82,True,P1,0.622602967159216,12.43820571899414,6.261514186859131,0.0,1.0,0.0,IGHG,Saline
D14_Hashtag5|C00102,2,0.6009291997818285,D14_Hashtag5,1,P2,0.64,True,P2,0.456208218717506,8.570530891418457,6.225749492645264,0.5,0.5,0.0111111111111111,IGHG,Saline
D14_Hashtag5|C00103,2,0.6009291997818285,D14_Hashtag5,1,P1,1.0,True,P1,0.999999999942304,13.192975997924805,8.693062782287598,0.0,1.0,0.0018518518518518,IGHM,Saline
D14_Hashtag5|C00104,2,0.6009291997818285,D14_Hashtag5,1,P2,0.82,True,P2,0.9999904711054448,-1.635745406150818,8.585457801818848,1.0,0.0,0.0,IGHG,Saline
D14_Hashtag5|C00105,2,0.6009291997818285,D14_Hashtag5,1,P1,0.94,True,P1,0.9737185573192612,13.361143112182615,6.531590461730957,0.0,1.0,0.0,IGHG,Saline
D14_Hashtag5|C00106,2,0.6009291997818285,D14_Hashtag5,1,P3,0.52,True,P3,0.9862012030326404,4.407378673553467,4.559253215789795,1.0,0.0,0.0166666666666666,IGHG,Saline
D14_Hashtag5|C00107,2,0.6009291997818285,D14_Hashtag5,1,P1,0.62,True,P1,0.9920314411863934,9.027976036071776,7.366125106811523,0.5,0.5,0.0018726591760299,IGHG,Saline
D14_Hashtag5|C00108,2,0.6009291997818285,D14_Hashtag5,1,P1,0.46,True,P1,0.99994665970794,8.536745071411133,6.84771728515625,0.5,0.5,0.0037174721189591,IGHG,Saline
D14_Hashtag5|C00109,2,0.6009291997818285,D14_Hashtag5,1,P1,0.8,True,P1,0.9961429594126362,12.3040132522583,6.383482933044434,0.0,1.0,0.0093632958801498,IGHG,Saline
D14_Hashtag5|C00110,2,0.6009291997818285,D14_Hashtag5,1,P1,0.56,True,P1,0.999949283934192,9.194709777832031,7.860445499420166,0.0,1.0,0.0,IGHG,Saline
D14_Hashtag5|C00111,2,0.6009291997818285,D14_Hashtag5,1,P1,1.0,True,P1,0.9999999490057276,14.312679290771484,7.219472408294678,0.0,1.0,0.0,IGHG,Saline
D14_Hashtag5|C00112,2,0.6009291997818285,D14_Hashtag5,1,P1,1.0,True,P1,0.9999999816989346,14.17916774749756,7.571122169494629,0.0,1.0,0.0,IGHG,Saline
D14_Hashtag5|C00113,2,0.6009291997818285,D14_Hashtag5,1,P1,0.44,True,P1,0.9994103283042908,9.042856216430664,7.164552211761475,0.5,0.5,0.0,IGHG,Saline
D14_Hashtag5|C00114,2,0.6009291997818285,D14_Hashtag5,1,P1,0.48,True,P1,0.9931226165502636,8.545329093933105,6.863095283508301,0.5,0.5,0.0055693753454947,IGHG,Saline
D14_Hashtag5|C00115,2,0.6009291997818285,D14_Hashtag5,1,P1,0.88,True,P1,0.9687273259040584,13.213964462280272,6.625246047973633,0.0,1.0,0.0,IGHM,Saline
D14_Hashtag5|C00116,2,0.6009291997818285,D14_Hashtag5,1,P1,1.0,True,P1,0.9999999969134734,14.30538272857666,7.100937843322754,0.0,1.0,0.0,IGHG,Saline
D14_Hashtag5|C00117,2,0.6009291997818285,D14_Hashtag5,1,P1,1.0,True,P1,0.9999999998546656,13.681536674499512,7.347805023193359,0.0,1.0,0.0,IGHG,Saline
D14_Hashtag5|C00118,2,0.6009291997818285,D14_Hashtag5,1,P1,1.0,True,P1,0.9999999433818249,14.259405136108398,7.868561267852783,0.0,1.0,0.0,IGHG,Saline
D14_Hashtag6|C00001,8,0.848510032690162,D14_Hashtag6,1,P1,1.0,True,P1,0.9999999986199412,13.644705772399902,9.765861511230469,0.0,1.0,0.0,IGHG,Saline
D14_Hashtag6|C00002,8,0.848510032690162,D14_Hashtag6,1,P3,0.98,True,P3,0.9999769328580989,5.838057518005371,-1.3415331840515137,0.0,0.0,0.0,IGHM,Saline
D14_Hashtag6|C00003,8,0.848510032690162,D14_Hashtag6,1,P1,1.0,True,P1,0.9999998857785708,13.455669403076172,9.395261764526367,0.0,0.875,0.0,IGHG,Saline
D14_Hashtag6|C00004,6,0.8096157047243099,D14_Hashtag6,1,P1,0.96,True,P1,0.9999999986161612,13.232510566711426,9.539555549621582,0.1666666666666666,0.8333333333333334,0.0,IGHG,Saline
D14_Hashtag6|C00005,6,0.8096157047243099,D14_Hashtag6,1,P3,0.92,True,P3,0.999852427958662,5.89762020111084,-1.277740240097046,0.0,0.1666666666666666,0.0,IGHM,Saline
D14_Hashtag6|C00006,5,0.7813975773872784,D14_Hashtag6,1,P1,0.98,True,P1,0.9999999963802112,13.62900733947754,9.98012924194336,0.0,1.0,0.0,IGHG,Saline
D14_Hashtag6|C00007,5,0.7813975773872784,D14_Hashtag6,1,P1,0.82,True,P1,0.9999976518054012,9.277512550354004,8.177815437316895,0.4,0.6,0.0051851851851851,IGHG,Saline
D14_Hashtag6|C00008,4,0.7430974236898071,D14_Hashtag6,1,P1,1.0,True,P1,0.9999999903928084,13.662604331970217,9.480257034301758,0.0,1.0,0.0,IGHM,Saline
D14_Hashtag6|C00009,4,0.7430974236898071,D14_Hashtag6,1,P1,0.9,True,P1,0.9999999393034232,13.46072006225586,9.88443374633789,0.0,0.75,0.0046296296296296,IGHM,Saline
D14_Hashtag6|C00010,3,0.6879296487615283,D14_Hashtag6,1,P1,1.0,True,P1,0.9999999999834444,13.630537033081056,9.948649406433104,0.0,1.0,0.0,IGHG,Saline
D14_Hashtag6|C00011,3,0.6879296487615283,D14_Hashtag6,1,P1,0.78,True,P1,0.9999990635191816,7.931069374084473,6.573977470397949,0.3333333333333333,0.6666666666666666,0.0025252525252525,IGHG,Saline
D14_Hashtag6|C00012,3,0.6879296487615283,D14_Hashtag6,1,P1,0.84,True,P1,0.9999999999061088,9.161028861999512,8.298870086669922,0.3333333333333333,0.6666666666666666,0.003610108303249,IGHM,Saline
D14_Hashtag6|C00013,3,0.6879296487615283,D14_Hashtag6,1,P1,1.0,True,P1,0.9999996913429976,13.534260749816896,9.253278732299805,0.0,1.0,0.0,IGHG,Saline
D14_Hashtag6|C00014,3,0.6879296487615283,D14_Hashtag6,1,P1,0.88,True,P1,0.8795175149760256,14.222820281982422,7.771768093109131,0.0,0.6666666666666666,0.0,IGHM,Saline
D14_Hashtag6|C00015,3,0.6879296487615283,D14_Hashtag6,1,P1,1.0,True,P1,0.9999999844479248,13.969758987426758,9.921875,0.0,1.0,0.0,IGHG,Saline
D14_Hashtag6|C00016,3,0.6879296487615283,D14_Hashtag6,1,P1,1.0,True,P1,0.9999999878403402,13.521068572998049,9.036270141601562,0.0,1.0,0.0,IGHG,Saline
D14_Hashtag6|C00017,3,0.6879296487615283,D14_Hashtag6,1,P1,0.78,True,P1,0.9926735355498458,11.78804874420166,6.998669147491455,0.0,0.6666666666666666,0.0,IGHG,Saline
D14_Hashtag6|C00018,3,0.6879296487615283,D14_Hashtag6,1,P1,1.0,True,P1,0.9999936306283728,12.255431175231934,8.230551719665527,0.0,1.0,0.0,IGHG,Saline
D14_Hashtag6|C00019,3,0.6879296487615283,D14_Hashtag6,1,P1,0.8,True,P1,0.999999905845958,9.201667785644531,8.329730033874512,0.3333333333333333,0.6666666666666666,0.0,IGHG,Saline
D14_Hashtag6|C00020,3,0.6879296487615283,D14_Hashtag6,1,P3,0.98,True,P3,0.999994248452494,5.851698875427246,-1.3117049932479858,0.0,0.0,0.0,IGHM,Saline
D14_Hashtag6|C00021,3,0.6879296487615283,D14_Hashtag6,1,P1,0.26,True,P1,0.8050580403487574,9.123490333557127,7.954321384429932,0.6666666666666666,0.3333333333333333,0.0061728395061728,IGHG,Saline
D14_Hashtag6|C00022,3,0.6879296487615283,D14_Hashtag6,1,P1,1.0,True,P1,0.9999999994056878,13.653462409973145,9.736384391784668,0.0,1.0,0.0,IGHG,Saline
D14_Hashtag6|C00023,3,0.6879296487615283,D14_Hashtag6,1,P1,0.26,True,P1,0.5815529795828424,9.13003635406494,7.887274742126465,0.6666666666666666,0.3333333333333333,0.0037037037037037,IGHG,Saline
D14_Hashtag6|C00024,3,0.6879296487615283,D14_Hashtag6,1,P1,0.86,True,P1,0.9999990116099208,9.56460189819336,7.485997200012207,0.3333333333333333,0.6666666666666666,0.0012484394506866,IGHG,Saline
D14_Hashtag6|C00025,3,0.6879296487615283,D14_Hashtag6,1,P1,1.0,True,P1,0.9999999838064328,13.940068244934082,9.957600593566896,0.0,1.0,0.0,IGHG,Saline
D14_Hashtag6|C00026,3,0.6879296487615283,D14_Hashtag6,1,P1,0.42,True,P1,0.9967937654762996,8.928668022155762,7.386621475219727,0.6666666666666666,0.3333333333333333,0.0024691358024691,IGHG,Saline
D14_Hashtag6|C00027,3,0.6879296487615283,D14_Hashtag6,1,P1,1.0,True,P1,0.9999999713169818,13.652297019958496,9.445716857910156,0.0,1.0,0.0,IGHG,Saline
D14_Hashtag6|C00028,3,0.6879296487615283,D14_Hashtag6,1,P1,1.0,True,P1,0.9999995477412426,12.254469871520996,8.278403282165527,0.0,1.0,0.0,IGHG,Saline
D14_Hashtag6|C00029,2,0.6009291997818285,D14_Hashtag6,1,P2,0.64,True,P2,0.9999028940625329,-2.2959442138671875,10.517765045166016,1.0,0.0,0.0074074074074074,IGHG,Saline
D14_Hashtag6|C00030,2,0.6009291997818285,D14_Hashtag6,1,P1,1.0,True,P1,0.999999986791636,13.47421932220459,9.274027824401855,0.0,1.0,0.0,IGHG,Saline
D14_Hashtag6|C00031,2,0.6009291997818285,D14_Hashtag6,1,P1,0.46,True,P1,0.6417531516795089,9.257125854492188,5.811217308044434,0.5,0.5,0.0132075471698113,IGHG,Saline
D14_Hashtag6|C00032,2,0.6009291997818285,D14_Hashtag6,1,P2,1.0,True,P2,0.9998360357862928,-3.671874284744263,4.76909875869751,1.0,0.0,0.0056390977443609,IGHG,Saline
D14_Hashtag6|C00033,2,0.6009291997818285,D14_Hashtag6,1,P2,0.42,True,P2,0.986141701672262,4.166098594665527,4.832982540130615,0.5,0.0,0.0114068441064638,IGHG,Saline
D14_Hashtag6|C00034,2,0.6009291997818285,D14_Hashtag6,1,P1,0.6,True,P1,0.9999999798166784,9.03080940246582,7.942038536071777,0.5,0.5,0.0056390977443609,IGHG,Saline
D14_Hashtag6|C00035,2,0.6009291997818285,D14_Hashtag6,1,P1,0.46,True,P1,0.822899227705891,7.805001258850098,5.851006984710693,0.0,0.5,0.0037878787878787,IGHG,Saline
D14_Hashtag6|C00036,2,0.6009291997818285,D14_Hashtag6,1,P2,0.28,True,P2,0.9876843899769584,3.850044250488281,4.996426582336426,0.5,0.0,0.0037593984962406,,Saline
D14_Hashtag6|C00037,2,0.6009291997818285,D14_Hashtag6,1,P1,0.64,True,P1,0.99849725813148,7.877989292144775,6.903275489807129,0.5,0.5,0.0075187969924812,IGHG,Saline
D14_Hashtag6|C00038,2,0.6009291997818285,D14_Hashtag6,1,P1,0.66,True,P1,0.9999531959016836,7.987647533416748,6.770758628845215,0.5,0.5,0.0,IGHM,Saline
D14_Hashtag6|C00039,2,0.6009291997818285,D14_Hashtag6,1,P1,1.0,True,P1,1.0,13.730234146118164,7.462644577026367,0.0,1.0,0.0074074074074074,IGHG,Saline
D14_Hashtag6|C00040,2,0.6009291997818285,D14_Hashtag6,1,P2,0.78,True,P2,0.9997376930829388,-1.6561070680618286,8.529484748840332,1.0,0.0,0.0093283582089552,IGHG,Saline
D14_Hashtag6|C00041,2,0.6009291997818285,D14_Hashtag6,1,P1,0.5,True,P1,0.9142848672518348,7.775322437286377,5.827798366546631,0.0,0.5,0.0055555555555555,,Saline
D14_Hashtag6|C00042,2,0.6009291997818285,D14_Hashtag6,1,P2,0.64,True,P2,0.9960238022140236,-2.2641327381134038,10.441451072692873,1.0,0.0,0.0089285714285714,IGHG,Saline
D14_Hashtag6|C00043,2,0.6009291997818285,D14_Hashtag6,1,P1,1.0,True,P1,0.9999999995933138,13.739110946655272,9.9765043258667,0.0,1.0,0.0,,Saline
D14_Hashtag6|C00044,2,0.6009291997818285,D14_Hashtag6,1,P1,0.5,True,P1,0.9999913513794888,8.943130493164062,8.172904968261719,0.5,0.5,0.0,IGHM,Saline
D14_Hashtag6|C00045,2,0.6009291997818285,D14_Hashtag6,1,P1,1.0,True,P1,0.9999999985562624,13.44801425933838,9.828743934631348,0.0,1.0,0.0,IGHM,Saline
D14_Hashtag6|C00046,2,0.6009291997818285,D14_Hashtag6,1,P1,0.76,True,P1,0.9696189169016858,11.59207820892334,6.975039958953857,0.0,0.5,0.0,IGHG,Saline
D14_Hashtag6|C00047,2,0.6009291997818285,D14_Hashtag6,1,P1,1.0,True,P1,0.9999999999857324,13.517633438110352,9.8081693649292,0.0,1.0,0.0,IGHM,Saline
D14_Hashtag6|C00048,2,0.6009291997818285,D14_Hashtag6,1,P1,1.0,True,P1,0.9999999999844676,13.274398803710938,9.615591049194336,0.0,1.0,0.0,IGHM,Saline
D14_Hashtag6|C00049,2,0.6009291997818285,D14_Hashtag6,1,P1,0.62,True,P1,0.9998933986465388,8.478116989135742,7.342559337615967,0.5,0.5,0.0107913669064748,IGHG,Saline
D14_Hashtag6|C00050,2,0.6009291997818285,D14_Hashtag6,1,P1,1.0,True,P1,0.9999999987629308,13.424479484558104,9.907933235168455,0.0,1.0,0.0,,Saline
D14_Hashtag6|C00051,2,0.6009291997818285,D14_Hashtag6,1,P1,1.0,True,P1,0.9999999996285708,13.634062767028809,9.95505428314209,0.0,1.0,0.0,,Saline
D14_Hashtag6|C00052,2,0.6009291997818285,D14_Hashtag6,1,P1,0.64,True,P1,0.9998529972136287,9.082329750061035,7.975768566131592,0.5,0.5,0.0017921146953405,IGHG,Saline
D14_Hashtag6|C00053,2,0.6009291997818285,D14_Hashtag6,1,P1,1.0,True,P1,0.999999936023132,12.117279052734377,8.155686378479004,0.0,1.0,0.0,IGHM,Saline
D14_Hashtag6|C00054,2,0.6009291997818285,D14_Hashtag6,1,P1,1.0,True,P1,0.999999986281594,13.851964950561523,9.51664924621582,0.0,1.0,0.0,,Saline
D14_Hashtag6|C00055,2,0.6009291997818285,D14_Hashtag6,1,P1,0.48,True,P1,0.737195842225455,8.115220069885254,6.23415470123291,0.5,0.5,0.0017857142857142,IGHG,Saline
D14_Hashtag6|C00056,2,0.6009291997818285,D14_Hashtag6,1,P1,1.0,True,P1,0.9999999977123082,13.55151653289795,9.790861129760742,0.0,1.0,0.0,IGHG,Saline
D14_Hashtag6|C00057,2,0.6009291997818285,D14_Hashtag6,1,P1,1.0,True,P1,0.999999973912438,13.521238327026367,8.188307762145996,0.0,1.0,0.0,IGHM,Saline
D14_Hashtag6|C00058,2,0.6009291997818285,D14_Hashtag6,1,P1,1.0,True,P1,0.9999938528926792,12.082749366760254,8.117683410644531,0.0,1.0,0.0,IGHG,Saline
D14_Hashtag6|C00059,2,0.6009291997818285,D14_Hashtag6,1,P1,0.7,True,P1,0.999991211306802,9.190017700195312,7.697426319122314,0.5,0.5,0.0018115942028985,IGHM,Saline
D14_Hashtag6|C00060,2,0.6009291997818285,D14_Hashtag6,1,P1,0.56,True,P1,0.7361900116202694,7.814995765686035,5.80785608291626,0.0,0.5,0.0017985611510791,IGHG,Saline
D14_Hashtag6|C00061,2,0.6009291997818285,D14_Hashtag6,1,P2,0.86,True,P2,0.9999918769607434,-1.5575189590454102,8.49925708770752,1.0,0.0,0.0074074074074074,IGHG,Saline
D14_Hashtag6|C00062,2,0.6009291997818285,D14_Hashtag6,1,P1,1.0,True,P1,0.999999944301736,13.927236557006836,9.969877243041992,0.0,1.0,0.0,IGHG,Saline
D14_Hashtag6|C00063,2,0.6009291997818285,D14_Hashtag6,1,P2,0.9,True,P2,0.9943421459944072,-1.6440072059631348,8.476661682128906,1.0,0.0,0.011070110701107,IGHG,Saline
D14_Hashtag6|C00064,2,0.6009291997818285,D14_Hashtag6,1,P3,1.0,True,P3,0.9999959904299892,6.804924011230469,1.721759557723999,0.0,0.0,0.0055762081784386,IGHM,Saline
D14_Hashtag6|C00065,2,0.6009291997818285,D14_Hashtag6,1,P1,0.62,True,P1,0.9138489540525738,7.747093200683594,5.911066055297852,0.0,0.5,0.0,,Saline
D14_Hashtag6|C00066,2,0.6009291997818285,D14_Hashtag6,1,P3,0.98,True,P3,0.9999778655435604,6.601467132568359,-1.1551377773284912,0.0,0.0,0.0,IGHM,Saline
D14_Hashtag6|C00067,2,0.6009291997818285,D14_Hashtag6,1,P1,1.0,True,P1,0.9999999997872492,13.244397163391112,8.718023300170898,0.0,1.0,0.0,IGHG,Saline
D14_Hashtag6|C00068,2,0.6009291997818285,D14_Hashtag6,1,P1,1.0,True,P1,0.9999999959475048,13.810412406921388,9.998679161071776,0.0,1.0,0.0,IGHG,Saline
D14_Hashtag6|C00069,2,0.6009291997818285,D14_Hashtag6,1,P1,0.72,True,P1,0.9999999999838564,9.162052154541016,7.892663478851318,0.5,0.5,0.0074074074074074,IGHG,Saline
D14_Hashtag6|C00070,2,0.6009291997818285,D14_Hashtag6,1,P1,0.66,True,P1,0.9984620334661684,8.017890930175781,6.785006046295166,0.5,0.5,0.0018518518518518,IGHG,Saline
D14_Hashtag6|C00071,2,0.6009291997818285,D14_Hashtag6,1,P1,0.58,True,P1,0.9999999942869096,9.056503295898438,7.890171051025391,0.5,0.5,0.0055555555555555,IGHG,Saline
D14_Hashtag6|C00072,2,0.6009291997818285,D14_Hashtag6,1,P1,0.7,True,P1,0.9977975081556192,8.196121215820312,6.936850070953369,0.5,0.5,0.0,IGHG,Saline
D14_Hashtag6|C00073,2,0.6009291997818285,D14_Hashtag6,1,P1,1.0,True,P1,0.9999999997718588,13.52769374847412,8.453506469726562,0.0,1.0,0.0,IGHG,Saline
D14_Hashtag6|C00074,2,0.6009291997818285,D14_Hashtag6,1,P1,0.5,True,P1,0.9992982463260288,7.999838352203369,6.6988396644592285,0.5,0.5,0.0074074074074074,IGHG,Saline
D14_Hashtag6|C00075,2,0.6009291997818285,D14_Hashtag6,1,P2,0.64,True,P2,0.9527711675752336,-2.282081127166748,10.474442481994627,1.0,0.0,0.0186567164179104,IGHG,Saline
D14_Hashtag6|C00076,2,0.6009291997818285,D14_Hashtag6,1,P2,0.62,True,P2,0.9964062511455116,4.241307735443115,4.795920848846436,0.5,0.0,0.0055555555555555,IGHG,Saline
D14_Hashtag6|C00077,2,0.6009291997818285,D14_Hashtag6,1,P3,1.0,True,P3,0.9999999998777724,4.313232898712158,2.894186019897461,0.0,0.0,0.0,IGHM,Saline
D14_Hashtag6|C00078,2,0.6009291997818285,D14_Hashtag6,1,P2,0.64,True,P2,0.9998564478725492,-2.403777599334717,10.495599746704102,1.0,0.0,0.0129629629629629,IGHG,Saline
D14_Hashtag6|C00079,2,0.6009291997818285,D14_Hashtag6,1,P1,1.0,True,P1,0.9999999988078656,13.525802612304688,9.88524341583252,0.0,1.0,0.0,,Saline
D14_Hashtag6|C00080,2,0.6009291997818285,D14_Hashtag6,1,P3,0.98,True,P3,1.0,4.267663478851318,2.8780198097229004,0.0,0.0,0.0,IGHG,Saline
D14_Hashtag6|C00081,2,0.6009291997818285,D14_Hashtag6,1,P1,0.62,True,P1,0.9999921580897776,7.827309608459473,6.989407539367676,0.5,0.5,0.0,IGHG,Saline
D14_Hashtag6|C00082,2,0.6009291997818285,D14_Hashtag6,1,P2,0.0,True,P2,0.9571659779630564,8.604907989501953,6.129025936126709,0.0,0.5,0.0074074074074074,IGHG,Saline
D14_Hashtag6|C00083,2,0.6009291997818285,D14_Hashtag6,1,P1,0.74,True,P1,0.9999651529572582,8.481244087219238,7.16327428817749,0.5,0.5,0.0111111111111111,IGHG,Saline
D14_Hashtag6|C00084,2,0.6009291997818285,D14_Hashtag6,1,P2,0.82,True,P2,0.999299118769252,-1.7045772075653076,8.487872123718262,1.0,0.0,0.0148148148148148,IGHG,Saline
D14_Hashtag6|C00085,2,0.6009291997818285,D14_Hashtag6,1,P1,0.62,True,P1,0.9999915534046444,9.049304008483888,8.056640625,0.5,0.5,0.0018518518518518,IGHG,Saline
D14_Hashtag6|C00086,2,0.6009291997818285,D14_Hashtag6,1,P2,0.68,True,P2,0.9998111134934516,-1.8302136659622192,8.707362174987793,1.0,0.0,0.0148148148148148,IGHG,Saline
D14_Hashtag6|C00087,2,0.6009291997818285,D14_Hashtag6,1,P2,1.0,True,P2,0.9999998437521052,-1.379518747329712,8.145403861999512,1.0,0.0,0.0148148148148148,IGHG,Saline
D14_Hashtag6|C00088,2,0.6009291997818285,D14_Hashtag6,1,P1,1.0,True,P1,0.9999999995802682,13.167804718017578,9.942242622375488,0.0,1.0,0.0,IGHG,Saline
D14_Hashtag6|C00089,2,0.6009291997818285,D14_Hashtag6,1,P3,0.68,True,P3,0.9999802715232902,4.820868015289307,3.879152536392212,0.5,0.0,0.0,,Saline
D14_Hashtag6|C00090,2,0.6009291997818285,D14_Hashtag6,1,P3,0.44,True,P3,0.7913855175169859,4.441465377807617,4.545876979827881,0.5,0.0,0.0074074074074074,IGHG,Saline
D14_Hashtag6|C00091,2,0.6009291997818285,D14_Hashtag6,1,P1,0.98,True,P1,0.8779045417851019,13.442851066589355,6.564697742462158,0.0,1.0,0.0,IGHG,Saline
D14_Hashtag6|C00092,2,0.6009291997818285,D14_Hashtag6,1,P2,0.84,True,P2,0.9999885847463736,-1.4443796873092651,8.436003684997559,1.0,0.0,0.0055970149253731,IGHG,Saline
D14_Hashtag6|C00093,2,0.6009291997818285,D14_Hashtag6,1,P3,0.98,True,P3,0.9999298002269652,6.737999439239502,-0.8457410335540771,0.0,0.0,0.0,IGHM,Saline
D14_Hashtag6|C00094,2,0.6009291997818285,D14_Hashtag6,1,P1,1.0,True,P1,0.9999999787867468,13.960585594177246,9.939679145812988,0.0,1.0,0.0,IGHG,Saline
D14_Hashtag6|C00095,2,0.6009291997818285,D14_Hashtag6,1,P2,0.04,True,P2,0.999875175944466,8.546156883239746,6.202673435211182,0.5,0.5,0.0018796992481203,IGHG,Saline
D14_Hashtag6|C00096,2,0.6009291997818285,D14_Hashtag6,1,P1,1.0,True,P1,0.9999998679243248,14.20521640777588,7.892140865325928,0.0,1.0,0.0,IGHG,Saline
D14_Hashtag6|C00097,2,0.6009291997818285,D14_Hashtag6,1,P2,0.94,True,P2,0.9999999477288396,-1.3892755508422852,8.359742164611816,1.0,0.0,0.0018796992481203,IGHG,Saline
D14_Hashtag6|C00098,2,0.6009291997818285,D14_Hashtag6,1,P1,1.0,True,P1,0.9999867503126696,12.094600677490234,8.082052230834961,0.0,1.0,0.0,IGHG,Saline
D14_Hashtag6|C00099,2,0.6009291997818285,D14_Hashtag6,1,P1,1.0,True,P1,0.9999999996260982,13.35676383972168,9.77761173248291,0.0,1.0,0.0,,Saline
D14_Hashtag6|C00100,2,0.6009291997818285,D14_Hashtag6,1,P2,0.76,True,P2,0.9999367981414908,-1.3874914646148682,8.407546043395996,1.0,0.0,0.0111111111111111,IGHG,Saline
D14_Hashtag6|C00101,2,0.6009291997818285,D14_Hashtag6,1,P1,0.58,True,P1,0.9999974921959914,9.181256294250488,7.912623882293701,0.5,0.5,0.0055555555555555,IGHG,Saline
D14_Hashtag6|C00102,2,0.6009291997818285,D14_Hashtag6,1,P1,1.0,True,P1,0.9999999818663952,13.51212215423584,9.807592391967772,0.0,1.0,0.0,IGHG,Saline
D14_Hashtag6|C00103,2,0.6009291997818285,D14_Hashtag6,1,P1,1.0,True,P1,0.999984265031676,12.191960334777832,7.864951133728027,0.0,1.0,0.0,IGHG,Saline
D14_Hashtag6|C00104,2,0.6009291997818285,D14_Hashtag6,1,P1,0.98,True,P1,0.999998971314614,13.418192863464355,7.576099395751953,0.0,1.0,0.0,IGHM,Saline
D14_Hashtag6|C00105,2,0.6009291997818285,D14_Hashtag6,1,P1,0.6,True,P1,0.7217379926861195,8.783757209777832,7.529375553131103,0.5,0.5,0.0,IGHG,Saline
D14_Hashtag6|C00106,2,0.6009291997818285,D14_Hashtag6,1,P2,0.8,True,P2,0.9999988991420514,-1.4191758632659912,8.43388557434082,1.0,0.0,0.0074074074074074,IGHG,Saline
D14_Hashtag6|C00107,2,0.6009291997818285,D14_Hashtag6,1,P1,0.68,True,P1,0.9999284220275148,7.925654411315918,6.95258092880249,0.5,0.5,0.0074074074074074,IGHG,Saline
D14_Hashtag6|C00108,2,0.6009291997818285,D14_Hashtag6,1,P1,1.0,True,P1,0.9999999988941396,13.511622428894045,9.56940460205078,0.0,1.0,0.0,IGHG,Saline
D14_Hashtag6|C00109,2,0.6009291997818285,D14_Hashtag6,1,P1,0.62,True,P1,0.9884449211189866,9.010059356689451,7.852535724639893,0.5,0.5,0.0092592592592592,IGHG,Saline
D14_Hashtag6|C00110,2,0.6009291997818285,D14_Hashtag6,1,P1,1.0,True,P1,0.99999998705961,13.883960723876951,9.859042167663574,0.0,1.0,0.0,IGHG,Saline
D14_Hashtag6|C00111,2,0.6009291997818285,D14_Hashtag6,1,P1,0.54,True,P1,0.6596770968115414,7.866758823394775,5.747938632965088,0.0,0.5,0.0055555555555555,IGHG,Saline
D21_Hashtag1|C00001,2,0.6009291997818285,D21_Hashtag1,1,P2,1.0,True,P2,0.9999787434193906,-3.3764727115631104,5.131394863128662,1.0,0.0,0.0270758122743682,IGHG,Artesunate
D21_Hashtag1|C00002,2,0.6009291997818285,D21_Hashtag1,1,P3,0.98,True,P3,0.9999755587615706,6.732656478881836,-0.199170246720314,0.0,0.0,0.0,IGHM,Artesunate
D21_Hashtag1|C00003,2,0.6009291997818285,D21_Hashtag1,1,P2,1.0,True,P2,0.999995025765622,-3.6302430629730233,5.729487895965576,1.0,0.0,0.0070422535211267,IGHG,Artesunate
D21_Hashtag1|C00004,2,0.6009291997818285,D21_Hashtag1,1,P3,1.0,True,P3,0.99998404923356,7.368894100189209,2.3459343910217285,0.0,0.0,0.0,IGHM,Artesunate
D21_Hashtag2|C00001,7,0.8313036265891967,D21_Hashtag2,1,P3,0.98,True,P3,0.9999998710445592,7.276690483093262,-1.110584735870361,0.0,0.0,0.0,IGHM,Artesunate
D21_Hashtag2|C00002,2,0.6009291997818285,D21_Hashtag2,1,P3,0.3,True,P3,0.9684928950908314,4.517308235168457,3.8879005908966064,0.5,0.0,0.018796992481203,IGHG,Artesunate
D21_Hashtag2|C00003,2,0.6009291997818285,D21_Hashtag2,1,P3,1.0,True,P3,0.9999991838368264,6.485784530639648,2.383126974105835,0.0,0.0,0.0,IGHM,Artesunate
D21_Hashtag2|C00004,2,0.6009291997818285,D21_Hashtag2,1,P3,1.0,True,P3,0.999922438150428,6.469204902648926,2.2928388118743896,0.0,0.0,0.0,,Artesunate
D21_Hashtag2|C00005,2,0.6009291997818285,D21_Hashtag2,1,P3,1.0,True,P3,0.9996771439994018,6.641357421875,2.5704569816589355,0.0,0.0,0.0,IGHM,Artesunate
D21_Hashtag3|C00001,7,0.8313036265891967,D21_Hashtag3,1,P3,0.98,True,P3,0.9991202407979884,7.25039005279541,-1.153847098350525,0.0,0.0,0.0,IGHM,Artesunate
D21_Hashtag3|C00002,2,0.6009291997818285,D21_Hashtag3,1,P3,0.3,True,P3,0.9885184072906088,3.71016001701355,3.823808670043945,0.5,0.0,0.0166666666666666,,Artesunate
D21_Hashtag3|C00003,2,0.6009291997818285,D21_Hashtag3,1,P3,1.0,True,P3,0.99999871195819,6.538188457489014,3.057567358016968,0.0,0.0,0.0,IGHM,Artesunate
D21_Hashtag3|C00004,2,0.6009291997818285,D21_Hashtag3,1,P2,1.0,True,P2,0.9999715676191924,-1.6818575859069824,7.026602745056152,1.0,0.0,0.0130597014925373,IGHG,Artesunate
D21_Hashtag3|C00005,2,0.6009291997818285,D21_Hashtag3,1,P2,0.72,True,P2,0.9997003352043294,-3.1326913833618164,8.639469146728516,1.0,0.0,0.0111111111111111,IGHG,Artesunate
D21_Hashtag3|C00006,2,0.6009291997818285,D21_Hashtag3,1,P3,1.0,True,P3,0.9999482523290726,6.369758129119873,1.2073320150375366,0.0,0.0,0.0,IGHM,Artesunate
D21_Hashtag3|C00007,2,0.6009291997818285,D21_Hashtag3,1,P3,1.0,True,P3,0.999906849623308,7.46027135848999,2.4215307235717773,0.0,0.0,0.0,IGHM,Artesunate
D21_Hashtag3|C00008,2,0.6009291997818285,D21_Hashtag3,1,P3,0.36,True,P3,0.5371674517355816,4.551349639892578,4.069804191589356,0.5,0.0,0.0037037037037037,,Artesunate
D21_Hashtag4|C00001,3,0.6879296487615283,D21_Hashtag4,1,P2,1.0,True,P2,0.9999999831033224,-1.349562406539917,6.775290489196777,1.0,0.0,0.0189798339264531,IGHM,Saline
D21_Hashtag4|C00002,2,0.6009291997818285,D21_Hashtag4,1,P3,1.0,True,P3,1.0,6.549533843994141,3.1715638637542725,0.0,0.0,0.0,IGHM,Saline
D21_Hashtag4|C00003,2,0.6009291997818285,D21_Hashtag4,1,P2,0.68,True,P2,0.9999548270876504,-3.7281956672668457,8.784985542297363,1.0,0.0,0.0125,,Saline
D21_Hashtag4|C00004,2,0.6009291997818285,D21_Hashtag4,1,P2,0.82,True,P2,0.9545438533804802,-3.569653987884521,8.301583290100098,1.0,0.0,0.0055970149253731,IGHG,Saline
D21_Hashtag4|C00005,2,0.6009291997818285,D21_Hashtag4,1,P2,0.7,True,P2,0.9998304345666296,-3.3297712802886963,8.720653533935547,1.0,0.0,0.0123674911660777,IGHG,Saline
D21_Hashtag4|C00006,2,0.6009291997818285,D21_Hashtag4,1,P1,0.62,True,P1,0.9999999999970868,7.416056156158447,7.51015567779541,0.5,0.5,0.0106007067137809,IGHG,Saline
D21_Hashtag4|C00007,2,0.6009291997818285,D21_Hashtag4,1,P2,1.0,True,P2,0.9993640048093884,-3.45692777633667,5.298396110534668,1.0,0.0,0.024074074074074,IGHG,Saline
D21_Hashtag4|C00008,2,0.6009291997818285,D21_Hashtag4,1,P3,1.0,True,P3,0.9999991816082964,7.532873630523682,2.569746494293213,0.0,0.0,0.0,IGHM,Saline
D21_Hashtag4|C00009,2,0.6009291997818285,D21_Hashtag4,1,P2,0.34,True,P2,0.4455396591725993,3.6941635608673096,5.105224609375,0.5,0.0,0.0129629629629629,,Saline
D21_Hashtag4|C00010,2,0.6009291997818285,D21_Hashtag4,1,P2,1.0,True,P2,0.9571409145548876,-3.0487520694732666,5.217120170593262,1.0,0.0,0.0259259259259259,IGHG,Saline
D21_Hashtag4|C00011,2,0.6009291997818285,D21_Hashtag4,1,P1,0.68,True,P1,0.9992695592982788,7.47312068939209,7.692774295806885,0.5,0.5,0.0222222222222222,IGHG,Saline
D21_Hashtag4|C00012,2,0.6009291997818285,D21_Hashtag4,1,P1,0.6,True,P1,0.9999657796521996,7.343752861022949,7.621833801269531,0.5,0.5,0.0351851851851851,IGHG,Saline
D21_Hashtag4|C00013,2,0.6009291997818285,D21_Hashtag4,1,P2,0.72,True,P2,0.9999888785991592,-2.544440031051636,9.551962852478027,1.0,0.0,0.0185185185185185,IGHG,Saline
D21_Hashtag4|C00014,2,0.6009291997818285,D21_Hashtag4,1,P2,1.0,True,P2,0.9757215138409354,-2.809741973876953,5.365572452545166,1.0,0.0,0.0129151291512915,IGHG,Saline
D21_Hashtag4|C00015,2,0.6009291997818285,D21_Hashtag4,1,P2,0.74,True,P2,0.9999340436508276,-3.8550171852111816,8.797674179077148,1.0,0.0,0.0140845070422535,IGHG,Saline
D21_Hashtag4|C00016,2,0.6009291997818285,D21_Hashtag4,1,P3,1.0,True,P3,0.9996410609399892,6.521866798400879,2.7725090980529785,0.0,0.0,0.0,IGHM,Saline
D21_Hashtag4|C00017,2,0.6009291997818285,D21_Hashtag4,1,P2,1.0,True,P2,0.9857177603819556,-3.0787723064422607,5.287947177886963,1.0,0.0,0.0351851851851851,IGHG,Saline
D21_Hashtag4|C00018,2,0.6009291997818285,D21_Hashtag4,1,P2,0.64,True,P2,0.9996170421616082,-3.558123111724853,10.202729225158691,1.0,0.0,0.0203703703703703,IGHG,Saline
D21_Hashtag4|C00019,2,0.6009291997818285,D21_Hashtag4,1,P3,1.0,True,P3,0.9999558672984384,6.361236095428467,1.1138659715652466,0.0,0.0,0.0,IGHM,Saline
D21_Hashtag4|C00020,2,0.6009291997818285,D21_Hashtag4,1,P2,0.74,True,P2,0.997021018321104,-3.8006458282470703,8.442086219787598,1.0,0.0,0.013101784311525,IGHG,Saline
D21_Hashtag4|C00021,2,0.6009291997818285,D21_Hashtag4,1,P1,0.52,True,P1,0.999070182201664,7.340250015258789,7.633955955505371,0.5,0.5,0.0055970149253731,IGHG,Saline
D21_Hashtag4|C00022,2,0.6009291997818285,D21_Hashtag4,1,P1,0.64,True,P1,0.9999576833722206,7.418831348419189,7.653263568878174,0.5,0.5,0.0168539325842696,IGHG,Saline
D21_Hashtag5|C00001,5,0.7813975773872784,D21_Hashtag5,1,P2,0.82,True,P2,0.9999421252627922,-1.769717812538147,7.327035903930664,1.0,0.0,0.0179856115107913,IGHM,Saline
D21_Hashtag5|C00002,4,0.7430974236898071,D21_Hashtag5,1,P2,1.0,True,P2,0.99793416691448,-3.47112250328064,6.49437952041626,1.0,0.0,0.0203703703703703,IGHG,Saline
D21_Hashtag5|C00003,3,0.6879296487615283,D21_Hashtag5,1,P2,1.0,True,P2,0.9998576391535842,-1.6309808492660522,6.314668655395508,1.0,0.0,0.0234567901234567,IGHG,Saline
D21_Hashtag5|C00004,2,0.6009291997818285,D21_Hashtag5,1,P3,1.0,True,P3,0.9999205432860478,7.469244003295898,2.6074674129486084,0.0,0.0,0.0,IGHM,Saline
D21_Hashtag5|C00005,2,0.6009291997818285,D21_Hashtag5,1,P3,1.0,True,P3,0.9999978727938512,7.478127479553223,2.5071730613708496,0.0,0.0,0.0,IGHM,Saline
D21_Hashtag5|C00006,2,0.6009291997818285,D21_Hashtag5,1,P3,0.5,True,P3,0.9999999999996448,6.5941481590271,3.282937526702881,0.0,0.0,0.0,IGHM,Saline
D21_Hashtag5|C00007,2,0.6009291997818285,D21_Hashtag5,1,P2,1.0,True,P2,0.9999449593065632,-3.4475643634796143,5.153062343597412,1.0,0.0,0.0089285714285714,IGHG,Saline
D21_Hashtag5|C00008,2,0.6009291997818285,D21_Hashtag5,1,P2,0.78,True,P2,0.9999962958396474,-2.443441390991211,9.597923278808594,1.0,0.0,0.0259259259259259,IGHG,Saline
D21_Hashtag5|C00009,2,0.6009291997818285,D21_Hashtag5,1,P3,1.0,True,P3,0.9999385161231624,7.52764892578125,2.577752590179444,0.0,0.0,0.0,IGHM,Saline
D21_Hashtag5|C00010,2,0.6009291997818285,D21_Hashtag5,1,P2,1.0,True,P2,0.9999834073241936,-3.537391185760498,6.310760021209717,1.0,0.0,0.0111111111111111,IGHG,Saline
D21_Hashtag5|C00011,2,0.6009291997818285,D21_Hashtag5,1,P2,0.78,True,P2,0.9999754019364128,-2.376527547836304,9.43724250793457,1.0,0.0,0.0129151291512915,IGHG,Saline
D21_Hashtag5|C00012,2,0.6009291997818285,D21_Hashtag5,1,P2,1.0,True,P2,0.9988897918261156,-3.233802795410156,5.14568567276001,1.0,0.0,0.0166666666666666,IGHG,Saline
D21_Hashtag5|C00013,2,0.6009291997818285,D21_Hashtag5,1,P2,0.74,True,P2,0.9999567560827664,-3.875963687896729,8.796192169189453,1.0,0.0,0.0148148148148148,IGHG,Saline
D21_Hashtag5|C00014,2,0.6009291997818285,D21_Hashtag5,1,P2,1.0,True,P2,0.999607967337952,-3.224921464920044,5.101373195648193,1.0,0.0,0.0242537313432835,IGHG,Saline
D21_Hashtag6|C00001,4,0.7430974236898071,D21_Hashtag6,1,P1,0.78,True,P1,0.9999958779828378,8.688238143920898,8.592835426330566,0.25,0.75,0.0037037037037037,IGHG,Saline
D21_Hashtag6|C00002,3,0.6879296487615283,D21_Hashtag6,1,P1,0.92,True,P1,0.999999998876028,8.66614818572998,8.586679458618164,0.3333333333333333,0.6666666666666666,0.0062421972534332,IGHG,Saline
D21_Hashtag6|C00003,3,0.6879296487615283,D21_Hashtag6,1,P2,0.46,True,P2,0.9957113431353593,-3.02022385597229,8.844792366027832,0.6666666666666666,0.3333333333333333,0.0047281323877068,IGHG,Saline
D21_Hashtag6|C00004,3,0.6879296487615283,D21_Hashtag6,1,P1,0.42,True,P1,0.6551416038300165,7.434194564819336,7.664102077484131,0.6666666666666666,0.3333333333333333,0.0111111111111111,IGHG,Saline
D21_Hashtag6|C00005,3,0.6879296487615283,D21_Hashtag6,1,P1,0.58,True,P1,0.9510233546368324,8.164695739746094,8.07596492767334,0.3333333333333333,0.3333333333333333,0.0070921985815602,IGHG,Saline
D21_Hashtag6|C00006,3,0.6879296487615283,D21_Hashtag6,1,P3,0.98,True,P3,0.9975497451289914,6.617701530456543,0.0593687929213047,0.0,0.0,0.0074074074074074,IGHM,Saline
D21_Hashtag6|C00007,2,0.6009291997818285,D21_Hashtag6,1,P1,0.7,True,P1,0.9999763194753024,7.415954113006592,7.603795528411865,0.5,0.5,0.0223880597014925,IGHG,Saline
D21_Hashtag6|C00008,2,0.6009291997818285,D21_Hashtag6,1,P3,1.0,True,P3,1.0,6.572504043579102,3.250352382659912,0.0,0.0,0.0,IGHM,Saline
D21_Hashtag6|C00009,2,0.6009291997818285,D21_Hashtag6,1,P3,0.4,True,P3,0.979430931715484,4.531575679779053,3.847256660461426,0.5,0.0,0.018796992481203,IGHG,Saline
D21_Hashtag6|C00010,2,0.6009291997818285,D21_Hashtag6,1,P1,0.78,True,P1,0.764328400070872,7.475759983062744,6.138511657714844,0.0,0.5,0.0037037037037037,IGHM,Saline
D21_Hashtag6|C00011,2,0.6009291997818285,D21_Hashtag6,1,P2,0.72,True,P2,0.9992618313843108,-3.078607082366944,8.814674377441406,1.0,0.0,0.0277777777777777,IGHG,Saline
D21_Hashtag6|C00012,2,0.6009291997818285,D21_Hashtag6,1,P3,1.0,True,P3,0.997362067469546,7.265730381011963,2.377180337905884,0.0,0.0,0.0,IGHM,Saline
D21_Hashtag6|C00013,2,0.6009291997818285,D21_Hashtag6,1,P2,0.44,True,P2,0.8800640856478832,3.789377450942993,5.011075973510742,0.5,0.0,0.0055555555555555,IGHG,Saline
D21_Hashtag6|C00014,2,0.6009291997818285,D21_Hashtag6,1,P2,0.64,True,P2,0.9999980193578896,-3.017082691192627,10.40984344482422,1.0,0.0,0.0111111111111111,IGHG,Saline
D21_Hashtag6|C00015,2,0.6009291997818285,D21_Hashtag6,1,P2,1.0,True,P2,0.999909347665468,-3.461900472640991,5.152975559234619,1.0,0.0,0.018796992481203,IGHG,Saline
D21_Hashtag6|C00016,2,0.6009291997818285,D21_Hashtag6,1,P3,0.98,True,P3,0.9999999999812133,3.9884984493255615,3.0509371757507324,0.0,0.0,0.0,,Saline
D21_Hashtag6|C00017,2,0.6009291997818285,D21_Hashtag6,1,P1,0.66,True,P1,0.9999547081307832,7.373729228973389,7.494639873504639,0.5,0.5,0.0035971223021582,IGHG,Saline
D21_Hashtag6|C00018,2,0.6009291997818285,D21_Hashtag6,1,P1,0.78,True,P1,0.9453787966106708,7.466225147247314,6.139618396759033,0.0,0.5,0.0,IGHM,Saline
D21_Hashtag6|C00019,2,0.6009291997818285,D21_Hashtag6,1,P2,1.0,True,P2,0.999932181977744,-3.3966732025146484,5.180019378662109,1.0,0.0,0.0326086956521739,IGHG,Saline
D21_Hashtag6|C00020,2,0.6009291997818285,D21_Hashtag6,1,P3,1.0,True,P3,0.8866017230465688,7.378144264221191,2.5423898696899414,0.0,0.0,0.0,IGHM,Saline
D21_Hashtag6|C00021,2,0.6009291997818285,D21_Hashtag6,1,P1,1.0,True,P1,0.999999993617223,12.267230033874512,10.24203395843506,0.0,1.0,0.0018518518518518,IGHG,Saline
D21_Hashtag6|C00022,2,0.6009291997818285,D21_Hashtag6,1,P2,0.64,True,P2,0.9999999809999028,-3.611924648284912,10.500602722167969,1.0,0.0,0.0130111524163568,,Saline
D21_Hashtag6|C00023,2,0.6009291997818285,D21_Hashtag6,1,P1,0.7,True,P1,0.9934407444678754,7.5544352531433105,6.060110092163086,0.0,0.5,0.0055555555555555,IGHG,Saline
D21_Hashtag6|C00024,2,0.6009291997818285,D21_Hashtag6,1,P2,0.64,True,P2,0.999947422937204,-3.532989501953125,10.55963134765625,1.0,0.0,0.0147058823529411,IGHG,Saline
D21_Hashtag6|C00025,2,0.6009291997818285,D21_Hashtag6,1,P3,0.98,True,P3,0.9988054746864522,7.2531657218933105,-0.8414984345436096,0.0,0.0,0.0,IGHM,Saline
D21_Hashtag6|C00026,2,0.6009291997818285,D21_Hashtag6,1,P2,0.74,True,P2,0.9997573539452592,-3.170258045196533,8.928248405456543,1.0,0.0,0.0074074074074074,IGHG,Saline
D21_Hashtag6|C00027,2,0.6009291997818285,D21_Hashtag6,1,P1,0.58,True,P1,0.9997098473201808,8.622361183166504,8.540666580200195,0.5,0.5,0.0092592592592592,IGHG,Saline
D21_Hashtag6|C00028,2,0.6009291997818285,D21_Hashtag6,1,P3,1.0,True,P3,0.9999556490901372,7.256014823913574,2.271678924560547,0.0,0.0,0.0,IGHM,Saline
D21_Hashtag6|C00029,2,0.6009291997818285,D21_Hashtag6,1,P3,0.6,True,P3,0.9998362093843284,3.933580875396729,3.537574529647827,0.5,0.0,0.0222222222222222,IGHG,Saline
D21_Hashtag6|C00030,2,0.6009291997818285,D21_Hashtag6,1,P2,1.0,True,P2,0.9998903954745956,-3.0882272720336914,4.931158542633057,1.0,0.0,0.0352540272614622,IGHG,Saline
D21_Hashtag6|C00031,2,0.6009291997818285,D21_Hashtag6,1,P2,1.0,True,P2,0.9998331504654132,-3.3645179271698,5.165409564971924,1.0,0.0,0.0074074074074074,IGHG,Saline
D21_Hashtag6|C00032,2,0.6009291997818285,D21_Hashtag6,1,P2,0.7,True,P2,0.9998105424377044,-3.296677350997925,8.747365951538086,1.0,0.0,0.0193661971830985,IGHG,Saline
D21_Hashtag6|C00033,2,0.6009291997818285,D21_Hashtag6,1,P3,1.0,True,P3,0.9999994708509355,5.926981449127197,1.844491958618164,0.0,0.0,0.0,IGHM,Saline
D21_Hashtag6|C00034,2,0.6009291997818285,D21_Hashtag6,1,P1,0.72,True,P1,0.9999697456192091,7.433450222015381,7.636491298675537,0.5,0.5,0.0203703703703703,IGHG,Saline
D21_Hashtag6|C00035,2,0.6009291997818285,D21_Hashtag6,1,P1,0.72,True,P1,0.9992028468045416,7.5072550773620605,6.074519157409668,0.0,0.5,0.0055555555555555,IGHG,Saline
D21_Hashtag6|C00036,2,0.6009291997818285,D21_Hashtag6,1,P1,0.62,True,P1,0.9999664691880557,7.962783813476562,8.003983497619629,0.5,0.5,0.0111111111111111,IGHG,Saline
D21_Hashtag6|C00037,2,0.6009291997818285,D21_Hashtag6,1,P2,0.76,True,P2,0.9999752996297336,-2.5001354217529297,8.904168128967285,1.0,0.0,0.0092592592592592,IGHG,Saline
D21_Hashtag6|C00038,2,0.6009291997818285,D21_Hashtag6,1,P2,1.0,True,P2,0.9999978831491584,-1.8716328144073489,6.975669860839844,1.0,0.0,0.0166666666666666,IGHG,Saline
D21_Hashtag6|C00039,2,0.6009291997818285,D21_Hashtag6,1,P3,0.28,True,P3,0.9999996250710472,3.607612848281861,4.155281066894531,0.5,0.0,0.0130111524163568,IGHG,Saline
D21_Hashtag6|C00040,2,0.6009291997818285,D21_Hashtag6,1,P2,0.66,True,P2,0.9999719383537334,-3.3821322917938232,8.606563568115234,1.0,0.0,0.0111111111111111,IGHG,Saline
D21_Hashtag6|C00041,2,0.6009291997818285,D21_Hashtag6,1,P3,0.44,True,P3,0.4942284473941641,4.445634365081787,4.211910724639893,0.5,0.0,0.0074074074074074,,Saline
D21_Hashtag6|C00042,2,0.6009291997818285,D21_Hashtag6,1,P2,0.64,True,P2,0.9999172653155496,-3.660633563995361,10.236944198608398,1.0,0.0,0.0111940298507462,IGHG,Saline
D21_Hashtag6|C00043,2,0.6009291997818285,D21_Hashtag6,1,P2,1.0,True,P2,0.9999365561171848,-3.495291233062744,5.1627373695373535,1.0,0.0,0.0129629629629629,IGHG,Saline
D21_Hashtag6|C00044,2,0.6009291997818285,D21_Hashtag6,1,P3,1.0,True,P3,0.9833076892385532,6.616167545318604,2.469661235809326,0.0,0.0,0.0,IGHM,Saline
D21_Hashtag6|C00045,2,0.6009291997818285,D21_Hashtag6,1,P1,0.7,True,P1,0.9953492750957746,8.666635513305664,8.551770210266113,0.0,0.5,0.0074074074074074,IGHM,Saline
D21_Hashtag6|C00046,2,0.6009291997818285,D21_Hashtag6,1,P3,1.0,True,P3,0.996228720120789,7.2929182052612305,2.328657865524292,0.0,0.0,0.0,IGHM,Saline
D21_Hashtag6|C00047,2,0.6009291997818285,D21_Hashtag6,1,P1,0.58,True,P1,0.99044288913421,7.982588768005371,8.043540954589844,0.5,0.5,0.0148148148148148,IGHG,Saline
D21_Hashtag6|C00048,2,0.6009291997818285,D21_Hashtag6,1,P2,1.0,True,P2,0.9992640777328728,-3.069634199142456,5.9706196784973145,1.0,0.0,0.0128676470588235,IGHG,Saline
D21_Hashtag6|C00049,2,0.6009291997818285,D21_Hashtag6,1,P2,1.0,True,P2,0.999865928765118,-1.860386610031128,6.0823259353637695,1.0,0.0,0.0055350553505535,IGHG,Saline
D21_Hashtag6|C00050,2,0.6009291997818285,D21_Hashtag6,1,P3,0.98,True,P3,0.9999991692110268,7.349233627319336,-1.055463194847107,0.0,0.0,0.0,IGHM,Saline
D21_Hashtag6|C00051,2,0.6009291997818285,D21_Hashtag6,1,P3,0.66,True,P3,0.9450722156871666,6.778007984161377,-0.0219212565571069,0.0,0.5,0.0,IGHM,Saline
D21_Hashtag6|C00052,2,0.6009291997818285,D21_Hashtag6,1,P2,0.78,True,P2,0.9996549509741476,-3.264537811279297,8.722498893737793,1.0,0.0,0.0141342756183745,IGHG,Saline
D21_Hashtag6|C00053,2,0.6009291997818285,D21_Hashtag6,1,P2,0.72,True,P2,0.9999788372002746,-3.487280368804932,8.713801383972168,1.0,0.0,0.0206766917293233,IGHG,Saline
D21_Hashtag6|C00054,2,0.6009291997818285,D21_Hashtag6,1,P2,0.64,True,P2,0.999874521337284,-2.929013729095459,10.419344902038574,1.0,0.0,0.0149253731343283,IGHG,Saline
D21_Hashtag6|C00055,2,0.6009291997818285,D21_Hashtag6,1,P3,0.74,True,P3,0.9999999926015236,5.91322135925293,2.166550397872925,0.0,0.0,0.0,IGHM,Saline
D21_Hashtag6|C00056,2,0.6009291997818285,D21_Hashtag6,1,P3,0.48,True,P3,0.9999947061280074,3.674419641494751,3.910436630249024,0.5,0.0,0.0111111111111111,IGHG,Saline
D21_Hashtag6|C00057,2,0.6009291997818285,D21_Hashtag6,1,P2,0.8,True,P2,0.99985775567428,-2.1919493675231934,8.634940147399902,1.0,0.0,0.0074074074074074,,Saline
D21_Hashtag6|C00058,2,0.6009291997818285,D21_Hashtag6,1,P2,1.0,True,P2,0.9999813146092656,-3.412081003189087,5.117839813232422,1.0,0.0,0.0166666666666666,IGHM,Saline
D21_Hashtag6|C00059,2,0.6009291997818285,D21_Hashtag6,1,P3,1.0,True,P3,0.9993855197265924,6.390799522399902,1.0622048377990725,0.0,0.0,0.0203703703703703,IGHM,Saline
D21_Hashtag6|C00060,2,0.6009291997818285,D21_Hashtag6,1,P1,1.0,True,P1,0.9999999358104664,12.250683784484863,10.451690673828123,0.0,1.0,0.0037037037037037,,Saline
D28_Hashtag1|C00001,2,0.6009291997818285,D28_Hashtag1,1,P3,1.0,True,P3,0.9999999999195452,6.506974220275879,0.9877222180366516,0.0,0.0,0.0107142857142857,,Artesunate
D28_Hashtag1|C00002,2,0.6009291997818285,D28_Hashtag1,1,P2,0.66,True,P2,0.9999692491768496,-3.3849055767059326,8.77463436126709,1.0,0.0,0.0181159420289855,IGHG,Artesunate
D28_Hashtag1|C00003,2,0.6009291997818285,D28_Hashtag1,1,P3,0.98,True,P3,0.9903704459009935,6.894111156463623,-0.4669055640697479,0.0,0.0,0.0,IGHM,Artesunate
D28_Hashtag1|C00004,2,0.6009291997818285,D28_Hashtag1,1,P2,0.64,True,P2,0.9999990806986678,-3.812239408493042,10.249317169189451,1.0,0.0,0.0053191489361702,IGHG,Artesunate
D28_Hashtag1|C00005,2,0.6009291997818285,D28_Hashtag1,1,P3,1.0,True,P3,0.9994116244715134,6.517308235168457,2.5140883922576904,0.0,0.0,0.0,IGHM,Artesunate
D28_Hashtag1|C00006,2,0.6009291997818285,D28_Hashtag1,1,P3,0.98,True,P3,0.999175089895113,7.188914299011231,-0.6424973011016846,0.0,0.0,0.0,IGHM,Artesunate
D28_Hashtag1|C00007,2,0.6009291997818285,D28_Hashtag1,1,P3,0.98,True,P3,0.9935003628111264,6.507095336914063,0.393903911113739,0.0,0.0,0.0,IGHM,Artesunate
D28_Hashtag1|C00008,2,0.6009291997818285,D28_Hashtag1,1,P3,0.98,True,P3,0.9997466511143864,6.704522609710693,-1.0346521139144895,0.0,0.0,0.0,IGHM,Artesunate
D28_Hashtag1|C00009,2,0.6009291997818285,D28_Hashtag1,1,P3,0.98,True,P3,0.9999940077473948,7.339141368865967,-0.935863196849823,0.0,0.0,0.0,IGHM,Artesunate
D28_Hashtag1|C00010,2,0.6009291997818285,D28_Hashtag1,1,P2,1.0,True,P2,0.9998925206901392,-1.844494700431824,6.023504257202148,1.0,0.0,0.0314814814814814,IGHG,Artesunate
D28_Hashtag1|C00011,2,0.6009291997818285,D28_Hashtag1,1,P3,1.0,True,P3,1.0,6.546258449554443,3.217374324798584,0.0,0.0,0.0,IGHM,Artesunate
D28_Hashtag2|C00001,5,0.7813975773872784,D28_Hashtag2,1,P3,0.98,True,P3,0.9757031132149556,6.862993240356445,-1.1957650184631348,0.0,0.0,0.0,IGHM,Artesunate
D28_Hashtag2|C00002,2,0.6009291997818285,D28_Hashtag2,1,P3,0.98,True,P3,0.9826246287209256,6.788938522338867,-0.1736111491918563,0.0,0.0,0.0,IGHM,Artesunate
D28_Hashtag2|C00003,2,0.6009291997818285,D28_Hashtag2,1,P2,0.7,True,P2,0.9999898623197084,-2.6436755657196045,9.538159370422363,1.0,0.0,0.0148148148148148,IGHG,Artesunate
D28_Hashtag2|C00004,2,0.6009291997818285,D28_Hashtag2,1,P3,1.0,True,P3,0.9999399721510034,6.516903400421143,2.3458476066589355,0.0,0.0,0.0,IGHM,Artesunate
D28_Hashtag2|C00005,2,0.6009291997818285,D28_Hashtag2,1,P3,0.98,True,P3,0.9591787964678914,6.545083999633789,0.2228783816099167,0.0,0.0,0.0,IGHM,Artesunate
D28_Hashtag2|C00006,2,0.6009291997818285,D28_Hashtag2,1,P3,0.98,True,P3,0.9962827989204192,6.836784362792969,-0.2380087226629257,0.0,0.0,0.0,IGHM,Artesunate
D28_Hashtag2|C00007,2,0.6009291997818285,D28_Hashtag2,1,P2,1.0,True,P2,0.9999455221775853,-3.792859315872192,5.68129825592041,1.0,0.0,0.0555555555555555,IGHG,Artesunate
D28_Hashtag2|C00008,2,0.6009291997818285,D28_Hashtag2,1,P2,0.72,True,P2,0.9999750107503996,-2.961404323577881,8.973456382751465,1.0,0.0,0.0335820895522388,IGHG,Artesunate
D28_Hashtag2|C00009,2,0.6009291997818285,D28_Hashtag2,1,P2,0.7,True,P2,0.9999811339577356,-2.889793634414673,8.806700706481934,1.0,0.0,0.0105633802816901,IGHG,Artesunate
D28_Hashtag2|C00010,2,0.6009291997818285,D28_Hashtag2,1,P2,1.0,True,P2,0.9999543728843212,-1.9023449420928955,6.930648326873779,1.0,0.0,0.0166666666666666,IGHG,Artesunate
D28_Hashtag2|C00011,2,0.6009291997818285,D28_Hashtag2,1,P3,1.0,True,P3,0.9779741701692034,6.483700752258301,2.139683485031128,0.0,0.0,0.0112781954887218,IGHM,Artesunate
D28_Hashtag2|C00012,2,0.6009291997818285,D28_Hashtag2,1,P3,0.98,True,P3,0.9999395502090652,7.363922595977783,-0.9241268038749696,0.0,0.0,0.0,IGHM,Artesunate
D28_Hashtag2|C00013,2,0.6009291997818285,D28_Hashtag2,1,P2,0.98,True,P2,0.9999338726954466,-3.307337760925293,6.407443046569824,1.0,0.0,0.0259259259259259,IGHG,Artesunate
D28_Hashtag2|C00014,2,0.6009291997818285,D28_Hashtag2,1,P3,1.0,True,P3,0.9999899654157052,6.538625717163086,2.375755071640014,0.0,0.0,0.0,,Artesunate
D28_Hashtag2|C00015,2,0.6009291997818285,D28_Hashtag2,1,P2,1.0,True,P2,0.999339107182668,-1.5934431552886963,6.367429256439209,1.0,0.0,0.0186567164179104,IGHG,Artesunate
D28_Hashtag2|C00016,2,0.6009291997818285,D28_Hashtag2,1,P2,0.68,True,P2,0.9999580704388784,-3.75324821472168,9.088831901550291,1.0,0.0,0.0280898876404494,IGHG,Artesunate
D28_Hashtag2|C00017,2,0.6009291997818285,D28_Hashtag2,1,P2,0.68,True,P2,0.9999923685216192,-3.904139280319214,9.036137580871582,1.0,0.0,0.0338345864661654,IGHG,Artesunate
D28_Hashtag3|C00001,2,0.6009291997818285,D28_Hashtag3,1,P2,1.0,True,P2,0.9998989177544044,-2.738215923309326,5.357651710510254,1.0,0.0,0.0444444444444444,IGHG,Artesunate
D28_Hashtag3|C00002,2,0.6009291997818285,D28_Hashtag3,1,P2,1.0,True,P2,0.9997831176516764,-2.0299861431121826,5.901689529418945,1.0,0.0,0.0071428571428571,IGHG,Artesunate
D28_Hashtag3|C00003,2,0.6009291997818285,D28_Hashtag3,1,P3,1.0,True,P3,0.9999998364622362,6.442996978759766,1.1178385019302368,0.0,0.0,0.0017482517482517,IGHA,Artesunate
D28_Hashtag3|C00004,2,0.6009291997818285,D28_Hashtag3,1,P2,1.0,True,P2,0.999946906268154,-2.841048240661621,5.900345325469971,1.0,0.0,0.03690036900369,IGHG,Artesunate
D28_Hashtag3|C00005,2,0.6009291997818285,D28_Hashtag3,1,P2,0.74,True,P2,0.9998356131914832,-2.881662368774414,8.885540008544922,1.0,0.0,0.0251798561151079,IGHG,Artesunate
D28_Hashtag3|C00006,2,0.6009291997818285,D28_Hashtag3,1,P3,0.98,True,P3,0.9991845874799417,7.153946876525879,-0.7402838468551636,0.0,0.0,0.0,IGHM,Artesunate
D28_Hashtag3|C00007,2,0.6009291997818285,D28_Hashtag3,1,P3,0.98,True,P3,0.999258605253193,6.5639967918396,0.0281230453401803,0.0,0.0,0.0,IGHM,Artesunate
D28_Hashtag3|C00008,2,0.6009291997818285,D28_Hashtag3,1,P2,0.76,True,P2,0.9999999956771148,-2.4538042545318604,9.898319244384766,1.0,0.0,0.0314814814814814,,Artesunate
D28_Hashtag3|C00009,2,0.6009291997818285,D28_Hashtag3,1,P3,0.98,True,P3,0.9993721793617638,6.727481365203857,-0.1935731619596481,0.0,0.0,0.0,IGHM,Artesunate
D28_Hashtag4|C00001,10,0.8741114391437229,D28_Hashtag4,1,P3,0.98,True,P3,0.9891525766581988,7.134259223937988,-1.1826773881912231,0.0,0.0,0.0,IGHM,Saline
D28_Hashtag4|C00002,8,0.848510032690162,D28_Hashtag4,1,P2,0.68,True,P2,0.9997961878356884,-3.203737497329712,8.781124114990234,1.0,0.0,0.0185185185185185,IGHG,Saline
D28_Hashtag4|C00003,4,0.7430974236898071,D28_Hashtag4,1,P2,0.84,True,P2,0.9999491737250312,-2.8383126258850098,8.482368469238281,1.0,0.0,0.028673835125448,IGHG,Saline
D28_Hashtag4|C00004,4,0.7430974236898071,D28_Hashtag4,1,P2,1.0,True,P2,0.999938211049568,-3.644921779632568,5.460971832275391,1.0,0.0,0.0333333333333333,IGHG,Saline
D28_Hashtag4|C00005,4,0.7430974236898071,D28_Hashtag4,1,P2,0.5,True,P2,0.789835004143704,-2.7882189750671387,10.117234230041504,0.75,0.25,0.0212962962962962,IGHG,Saline
D28_Hashtag4|C00006,3,0.6879296487615283,D28_Hashtag4,1,P3,1.0,True,P3,0.9999999608425306,6.416168689727783,2.3758416175842285,0.0,0.0,0.0,IGHM,Saline
D28_Hashtag4|C00007,3,0.6879296487615283,D28_Hashtag4,1,P2,0.8,True,P2,0.9998066305940094,-2.5972161293029785,8.07316780090332,1.0,0.0,0.0260223048327137,IGHG,Saline
D28_Hashtag4|C00008,2,0.6009291997818285,D28_Hashtag4,1,P1,0.58,True,P1,0.974248601425862,8.7033052444458,8.597929000854492,0.5,0.5,0.0185185185185185,IGHG,Saline
D28_Hashtag4|C00009,2,0.6009291997818285,D28_Hashtag4,1,P3,0.62,True,P3,0.9999999923577718,3.696040391921997,3.776782989501953,0.5,0.0,0.0189393939393939,IGHG,Saline
D28_Hashtag4|C00010,2,0.6009291997818285,D28_Hashtag4,1,P2,0.78,True,P2,0.9945328408443348,-2.8376002311706543,7.444038867950439,1.0,0.0,0.0131578947368421,IGHG,Saline
D28_Hashtag4|C00011,2,0.6009291997818285,D28_Hashtag4,1,P1,0.66,True,P1,0.9999876793469152,7.415400981903076,7.513184547424316,0.5,0.5,0.0267475851550584,IGHG,Saline
D28_Hashtag4|C00012,2,0.6009291997818285,D28_Hashtag4,1,P3,1.0,True,P3,0.9996110834614204,6.670742988586426,2.632840871810913,0.0,0.0,0.0,IGHM,Saline
D28_Hashtag4|C00013,2,0.6009291997818285,D28_Hashtag4,1,P2,0.76,True,P2,0.9996195397810684,-3.4781501293182373,8.339696884155273,1.0,0.0,0.0222222222222222,IGHG,Saline
D28_Hashtag4|C00014,2,0.6009291997818285,D28_Hashtag4,1,P3,0.66,True,P3,0.9999999990148608,3.724857807159424,3.624252796173096,0.5,0.0,0.0055555555555555,IGHG,Saline
D28_Hashtag4|C00015,2,0.6009291997818285,D28_Hashtag4,1,P3,1.0,True,P3,0.9999626779428012,6.107764720916748,2.0281991958618164,0.0,0.0,0.0,IGHM,Saline
D28_Hashtag4|C00016,2,0.6009291997818285,D28_Hashtag4,1,P1,0.5,True,P1,0.9949428110333032,7.880053997039795,7.279592990875244,0.5,0.5,0.021505376344086,IGHG,Saline
D28_Hashtag4|C00017,2,0.6009291997818285,D28_Hashtag4,1,P3,0.42,True,P3,0.9756963227612514,4.5314621925354,3.916760206222534,0.5,0.0,0.0160714285714285,IGHG,Saline
D28_Hashtag4|C00018,2,0.6009291997818285,D28_Hashtag4,1,P3,1.0,True,P3,0.9999993737314384,6.093330383300781,2.080690860748291,0.0,0.0,0.0,IGHM,Saline
D28_Hashtag4|C00019,2,0.6009291997818285,D28_Hashtag4,1,P2,0.96,True,P2,0.999979396123417,-1.731530785560608,7.321142196655273,1.0,0.0,0.014336917562724,IGHG,Saline
D28_Hashtag4|C00020,2,0.6009291997818285,D28_Hashtag4,1,P2,1.0,True,P2,0.9999878138950744,-1.7632371187210083,6.99653434753418,1.0,0.0,0.0,IGHG,Saline
D28_Hashtag4|C00021,2,0.6009291997818285,D28_Hashtag4,1,P2,0.64,True,P2,0.999999236686655,-3.8207526206970215,10.170927047729492,1.0,0.0,0.0129629629629629,IGHG,Saline
D28_Hashtag4|C00022,2,0.6009291997818285,D28_Hashtag4,1,P2,0.86,True,P2,0.9998715111947076,-4.056612968444824,8.284927368164062,1.0,0.0,0.0166666666666666,IGHG,Saline
D28_Hashtag4|C00023,2,0.6009291997818285,D28_Hashtag4,1,P3,1.0,True,P3,0.9838902762151884,7.321873188018799,2.462523460388184,0.0,0.0,0.0,IGHM,Saline
D28_Hashtag4|C00024,2,0.6009291997818285,D28_Hashtag4,1,P1,1.0,True,P1,1.0,12.382018089294434,10.38633632659912,0.0,1.0,0.0111111111111111,IGHG,Saline
D28_Hashtag4|C00025,2,0.6009291997818285,D28_Hashtag4,1,P2,0.74,True,P2,0.9996785072953774,-2.993473768234253,8.71854019165039,1.0,0.0,0.0111111111111111,IGHG,Saline
D28_Hashtag4|C00026,2,0.6009291997818285,D28_Hashtag4,1,P2,0.6,True,P2,0.9852378415210624,4.093678951263428,4.621027946472168,0.5,0.0,0.0333333333333333,IGHG,Saline
D28_Hashtag4|C00027,2,0.6009291997818285,D28_Hashtag4,1,P2,1.0,True,P2,0.9998202420574102,-3.063848733901977,4.771111488342285,1.0,0.0,0.037037037037037,IGHG,Saline
D28_Hashtag4|C00028,2,0.6009291997818285,D28_Hashtag4,1,P2,0.84,True,P2,0.9985377695243136,-3.5310287475585938,8.22901439666748,1.0,0.0,0.0354477611940298,IGHG,Saline
D28_Hashtag4|C00029,2,0.6009291997818285,D28_Hashtag4,1,P3,0.62,True,P3,0.9994906152511158,3.758388996124268,3.695403814315796,0.5,0.0,0.0111111111111111,,Saline
D28_Hashtag4|C00030,2,0.6009291997818285,D28_Hashtag4,1,P2,1.0,True,P2,0.9999862212114862,-3.706763505935669,6.011041164398193,1.0,0.0,0.0241635687732342,IGHG,Saline
D28_Hashtag4|C00031,2,0.6009291997818285,D28_Hashtag4,1,P3,0.46,True,P3,0.9775638898231916,4.567152976989746,3.840474128723145,0.5,0.0,0.0092592592592592,IGHG,Saline
D28_Hashtag4|C00032,2,0.6009291997818285,D28_Hashtag4,1,P2,0.76,True,P2,0.9999892551139332,-3.463087320327759,8.806382179260254,1.0,0.0,0.0222222222222222,IGHG,Saline
D28_Hashtag4|C00033,2,0.6009291997818285,D28_Hashtag4,1,P1,0.58,True,P1,0.9745517112623712,7.988874435424805,7.236620903015137,0.5,0.5,0.037037037037037,IGHG,Saline
D28_Hashtag4|C00034,2,0.6009291997818285,D28_Hashtag4,1,P2,0.9,True,P2,0.9999344480765272,-3.4493963718414307,7.285131931304932,1.0,0.0,0.0166666666666666,IGHG,Saline
D28_Hashtag4|C00035,2,0.6009291997818285,D28_Hashtag4,1,P2,1.0,True,P2,0.9998123007342236,-2.762649774551392,5.65031099319458,1.0,0.0,0.0296296296296296,IGHG,Saline
D28_Hashtag4|C00036,2,0.6009291997818285,D28_Hashtag4,1,P2,0.44,True,P2,0.978337445152998,-3.579982042312622,9.89663028717041,0.5,0.5,0.0092592592592592,IGHG,Saline
D28_Hashtag4|C00037,2,0.6009291997818285,D28_Hashtag4,1,P3,1.0,True,P3,0.9962668261750972,6.74176549911499,2.6808712482452397,0.0,0.0,0.0,IGHM,Saline
D28_Hashtag4|C00038,2,0.6009291997818285,D28_Hashtag4,1,P2,0.66,True,P2,0.9999988995262414,-2.679865598678589,10.204596519470217,1.0,0.0,0.0222222222222222,IGHG,Saline
D28_Hashtag4|C00039,2,0.6009291997818285,D28_Hashtag4,1,P2,1.0,True,P2,0.9999296817275491,-3.0418429374694824,6.01961612701416,1.0,0.0,0.0167910447761194,IGHM,Saline
D28_Hashtag4|C00040,2,0.6009291997818285,D28_Hashtag4,1,P1,0.66,True,P1,0.9998985705018312,7.523305892944336,7.6853179931640625,0.5,0.5,0.009314538419016,IGHG,Saline
D28_Hashtag4|C00041,2,0.6009291997818285,D28_Hashtag4,1,P2,0.8,True,P2,0.999979173801318,-2.673048734664917,9.470060348510742,1.0,0.0,0.0338345864661654,IGHG,Saline
D28_Hashtag4|C00042,2,0.6009291997818285,D28_Hashtag4,1,P2,1.0,True,P2,0.9999766768130424,-3.7518579959869385,5.347819805145264,1.0,0.0,0.0296296296296296,IGHG,Saline
D28_Hashtag4|C00043,2,0.6009291997818285,D28_Hashtag4,1,P3,1.0,True,P3,0.9999928420488364,7.494942665100098,2.5643789768218994,0.0,0.0,0.0,IGHM,Saline
D28_Hashtag4|C00044,2,0.6009291997818285,D28_Hashtag4,1,P2,1.0,True,P2,0.9997957404674448,-1.936634540557861,6.074281692504883,1.0,0.0,0.0296296296296296,IGHG,Saline
D28_Hashtag4|C00045,2,0.6009291997818285,D28_Hashtag4,1,P3,1.0,True,P3,0.937293353611896,7.290249347686768,2.5144975185394287,0.0,0.0,0.0,IGHM,Saline
D28_Hashtag4|C00046,2,0.6009291997818285,D28_Hashtag4,1,P3,1.0,True,P3,0.9981294800086368,7.568276882171631,2.5822629928588867,0.0,0.0,0.0,IGHM,Saline
D28_Hashtag4|C00047,2,0.6009291997818285,D28_Hashtag4,1,P2,1.0,True,P2,0.9998171890761426,-2.1402626037597656,6.754703998565674,1.0,0.0,0.0185873605947955,IGHG,Saline
D28_Hashtag5|C00001,4,0.7430974236898071,D28_Hashtag5,1,P2,0.32,True,P2,0.8769002341694506,3.660705327987671,4.690624237060547,0.5,0.25,0.0242363497518136,IGHG,Saline
D28_Hashtag5|C00002,4,0.7430974236898071,D28_Hashtag5,1,P1,0.48,True,P1,0.9999626840289269,8.57144832611084,8.021382331848145,0.5,0.5,0.0300537178399773,IGHG,Saline
D28_Hashtag5|C00003,3,0.6879296487615283,D28_Hashtag5,1,P2,0.8,True,P2,0.9693858704157476,3.945736169815064,4.528149127960205,0.6666666666666666,0.0,0.0246913580246913,IGHG,Saline
D28_Hashtag5|C00004,3,0.6879296487615283,D28_Hashtag5,1,P1,1.0,True,P1,0.9999999999984084,12.429038047790527,10.43753147125244,0.0,1.0,0.0049382716049382,IGHG,Saline
D28_Hashtag5|C00005,3,0.6879296487615283,D28_Hashtag5,1,P2,0.56,True,P2,0.7911082445245439,-3.214980363845825,7.943912506103516,0.6666666666666666,0.3333333333333333,0.0149253731343283,IGHG,Saline
D28_Hashtag5|C00006,3,0.6879296487615283,D28_Hashtag5,1,P1,1.0,True,P1,0.9999999961644191,12.330300331115724,10.446166038513184,0.0,1.0,0.007380073800738,IGHG,Saline
D28_Hashtag5|C00007,3,0.6879296487615283,D28_Hashtag5,1,P1,1.0,True,P1,0.9999988363054676,12.336355209350586,10.153816223144531,0.0,1.0,0.0061728395061728,IGHG,Saline
D28_Hashtag5|C00008,3,0.6879296487615283,D28_Hashtag5,1,P1,0.84,True,P1,0.99998534962607,8.711607933044434,8.586345672607422,0.3333333333333333,0.6666666666666666,0.0185185185185185,IGHG,Saline
D28_Hashtag5|C00009,3,0.6879296487615283,D28_Hashtag5,1,P2,0.86,True,P2,0.9999554455732133,-3.1280558109283447,7.63209867477417,0.6666666666666666,0.0,0.0222682881886862,IGHG,Saline
D28_Hashtag5|C00010,3,0.6879296487615283,D28_Hashtag5,1,P1,0.48,True,P1,0.5963934431735017,8.422889709472656,8.4948148727417,0.6666666666666666,0.3333333333333333,0.0173759455510551,IGHG,Saline
D28_Hashtag5|C00011,3,0.6879296487615283,D28_Hashtag5,1,P1,0.5,True,P1,0.9999966101913216,7.437448501586914,6.121035099029541,0.0,0.3333333333333333,0.0037037037037037,IGHG,Saline
D28_Hashtag5|C00012,2,0.6009291997818285,D28_Hashtag5,1,P3,1.0,True,P3,0.9999864202289134,6.553946495056152,2.290114164352417,0.0,0.0,0.0,,Saline
D28_Hashtag5|C00013,2,0.6009291997818285,D28_Hashtag5,1,P1,1.0,True,P1,0.9999999944495244,12.335866928100586,10.35975742340088,0.0,1.0,0.0148148148148148,IGHG,Saline
D28_Hashtag5|C00014,2,0.6009291997818285,D28_Hashtag5,1,P2,1.0,True,P2,0.9997643182652076,-1.9693069458007808,6.5839457511901855,1.0,0.0,0.0018587360594795,IGHG,Saline
D28_Hashtag5|C00015,2,0.6009291997818285,D28_Hashtag5,1,P1,1.0,True,P1,0.9999999853522468,12.285014152526855,10.395397186279297,0.0,1.0,0.0148148148148148,IGHG,Saline
D28_Hashtag5|C00016,2,0.6009291997818285,D28_Hashtag5,1,P2,1.0,True,P2,0.9999748672297072,-3.1002357006073,4.754626274108887,1.0,0.0,0.0111111111111111,IGHG,Saline
D28_Hashtag5|C00017,2,0.6009291997818285,D28_Hashtag5,1,P2,0.72,True,P2,0.9994147466076588,-2.857820510864258,8.575739860534668,1.0,0.0,0.0148492358529533,IGHG,Saline
D28_Hashtag5|C00018,2,0.6009291997818285,D28_Hashtag5,1,P1,1.0,True,P1,1.0,13.770977020263672,7.42806339263916,0.0,1.0,0.0111111111111111,IGHG,Saline
D28_Hashtag5|C00019,2,0.6009291997818285,D28_Hashtag5,1,P1,1.0,True,P1,0.9999999998953512,12.613927841186523,10.2869291305542,0.0,1.0,0.0333333333333333,IGHG,Saline
D28_Hashtag5|C00020,2,0.6009291997818285,D28_Hashtag5,1,P1,1.0,True,P1,0.9999999818834908,12.329225540161133,9.87829875946045,0.0,1.0,0.0018518518518518,IGHG,Saline
D28_Hashtag5|C00021,2,0.6009291997818285,D28_Hashtag5,1,P1,0.36,True,P1,0.966427493847394,7.91702127456665,7.147567272186279,0.5,0.5,0.0159574468085106,IGHG,Saline
D28_Hashtag5|C00022,2,0.6009291997818285,D28_Hashtag5,1,P1,1.0,True,P1,0.9999999985042508,12.496380805969238,10.315719604492188,0.0,1.0,0.0222222222222222,IGHG,Saline
D28_Hashtag5|C00023,2,0.6009291997818285,D28_Hashtag5,1,P1,1.0,True,P1,0.9999999938332635,12.282114028930664,10.315914154052734,0.0,1.0,0.0148148148148148,IGHG,Saline
D28_Hashtag5|C00024,2,0.6009291997818285,D28_Hashtag5,1,P2,0.64,True,P2,0.9999863519589924,-3.261608123779297,10.345988273620604,1.0,0.0,0.0088652482269503,IGHG,Saline
D28_Hashtag5|C00025,2,0.6009291997818285,D28_Hashtag5,1,P1,0.7,True,P1,0.9999994716376622,8.438697814941406,8.3350191116333,0.5,0.5,0.0185185185185185,IGHG,Saline
D28_Hashtag5|C00026,2,0.6009291997818285,D28_Hashtag5,1,P1,0.6,True,P1,0.9999546497570424,8.56794261932373,8.475741386413574,0.5,0.5,0.0297397769516728,IGHG,Saline
D28_Hashtag5|C00027,2,0.6009291997818285,D28_Hashtag5,1,P1,1.0,True,P1,0.9999999903473268,12.46657943725586,10.29090976715088,0.0,1.0,0.0205223880597014,IGHG,Saline
D28_Hashtag5|C00028,2,0.6009291997818285,D28_Hashtag5,1,P1,1.0,True,P1,0.9999999083344348,12.209600448608398,10.52035140991211,0.0,1.0,0.0148148148148148,IGHG,Saline
D28_Hashtag5|C00029,2,0.6009291997818285,D28_Hashtag5,1,P1,0.64,True,P1,0.999970643878013,7.427960872650146,7.567088603973389,0.5,0.5,0.020446096654275,IGHM,Saline
D28_Hashtag5|C00030,2,0.6009291997818285,D28_Hashtag5,1,P3,1.0,True,P3,1.0,6.46722412109375,3.1951029300689697,0.0,0.0,0.0,IGHM,Saline
D28_Hashtag5|C00031,2,0.6009291997818285,D28_Hashtag5,1,P2,1.0,True,P2,0.9999895653233036,-3.854960441589356,5.511031150817871,1.0,0.0,0.0241569928137092,IGHG,Saline
D28_Hashtag5|C00032,2,0.6009291997818285,D28_Hashtag5,1,P2,0.84,True,P2,0.9999930298842564,-4.293715476989746,8.444269180297852,1.0,0.0,0.0074074074074074,IGHG,Saline
D28_Hashtag5|C00033,2,0.6009291997818285,D28_Hashtag5,1,P1,1.0,True,P1,0.9999999978923596,12.314725875854492,10.239466667175291,0.0,1.0,0.0105633802816901,IGHG,Saline
D28_Hashtag5|C00034,2,0.6009291997818285,D28_Hashtag5,1,P1,0.58,True,P1,0.9983807410131802,8.516422271728516,8.478659629821777,0.5,0.5,0.0018518518518518,IGHG,Saline
D28_Hashtag5|C00035,2,0.6009291997818285,D28_Hashtag5,1,P1,0.72,True,P1,0.9899368315783036,7.486913681030273,6.117084980010986,0.0,0.5,0.0130597014925373,IGHG,Saline
D28_Hashtag5|C00036,2,0.6009291997818285,D28_Hashtag5,1,P1,0.48,True,P1,0.9998554603354634,7.765867233276367,7.744158267974853,0.5,0.5,0.0092592592592592,IGHG,Saline
D28_Hashtag5|C00037,2,0.6009291997818285,D28_Hashtag5,1,P1,0.98,True,P1,0.986386056851962,13.610371589660645,6.657804012298584,0.0,1.0,0.0037037037037037,IGHG,Saline
D28_Hashtag5|C00038,2,0.6009291997818285,D28_Hashtag5,1,P3,1.0,True,P3,0.9979903140129066,7.118492126464844,2.2301485538482666,0.0,0.0,0.0,IGHM,Saline
D28_Hashtag6|C00001,4,0.7430974236898071,D28_Hashtag6,1,P3,0.98,True,P3,0.9960855920243488,6.839425086975098,-1.0221296548843384,0.0,0.0,0.0,IGHM,Saline
D28_Hashtag6|C00002,4,0.7430974236898071,D28_Hashtag6,1,P1,0.36,True,P1,0.8473999814859012,7.775747776031494,6.851613521575928,0.5,0.25,0.0187265917602996,IGHG,Saline
D28_Hashtag6|C00003,3,0.6879296487615283,D28_Hashtag6,1,P3,0.38,True,P3,0.5264184107366059,4.105370998382568,3.766301870346069,0.6666666666666666,0.0,0.0308641975308641,IGHG,Saline
D28_Hashtag6|C00004,3,0.6879296487615283,D28_Hashtag6,1,P1,0.46,True,P1,0.9934849953432536,8.131576538085938,8.025551795959473,0.6666666666666666,0.3333333333333333,0.0236245468063422,IGHG,Saline
D28_Hashtag6|C00005,3,0.6879296487615283,D28_Hashtag6,1,P2,1.0,True,P2,0.9998997986069316,-1.5518794059753418,6.300804615020752,1.0,0.0,0.0148148148148148,IGHG,Saline
D28_Hashtag6|C00006,3,0.6879296487615283,D28_Hashtag6,1,P3,0.88,True,P3,1.0,3.944927453994751,3.1129868030548096,0.3333333333333333,0.0,0.0049751243781094,IGHM,Saline
D28_Hashtag6|C00007,2,0.6009291997818285,D28_Hashtag6,1,P3,0.64,True,P3,0.9999999999969588,3.84688138961792,3.4399898052215576,0.5,0.0,0.0171102661596958,IGHG,Saline
D28_Hashtag6|C00008,2,0.6009291997818285,D28_Hashtag6,1,P2,1.0,True,P2,0.999942058974415,-2.64159893989563,5.737837791442871,1.0,0.0,0.0427046263345195,IGHG,Saline
D28_Hashtag6|C00009,2,0.6009291997818285,D28_Hashtag6,1,P3,0.98,True,P3,0.971355831505944,6.6311516761779785,-0.3133098781108856,0.0,0.0,0.0,IGHM,Saline
D28_Hashtag6|C00010,2,0.6009291997818285,D28_Hashtag6,1,P1,0.58,True,P1,0.9999820246641158,8.612815856933594,8.501398086547852,0.5,0.5,0.0018518518518518,IGHM,Saline
D28_Hashtag6|C00011,2,0.6009291997818285,D28_Hashtag6,1,P2,1.0,True,P2,0.9997522791068602,-2.7643141746521,5.791136264801025,1.0,0.0,0.0222222222222222,IGHG,Saline
D28_Hashtag6|C00012,2,0.6009291997818285,D28_Hashtag6,1,P3,0.98,True,P3,0.9739436189394006,6.507940292358398,-0.0439790561795234,0.0,0.0,0.0,IGHM,Saline
D28_Hashtag6|C00013,2,0.6009291997818285,D28_Hashtag6,1,P3,0.88,True,P3,1.0,9.639561653137209,7.140852451324463,0.0,0.0,0.0,IGHM,Saline
D28_Hashtag6|C00014,2,0.6009291997818285,D28_Hashtag6,1,P2,1.0,True,P2,0.998683498526724,-3.4624953269958496,4.613691806793213,1.0,0.0,0.0129904997934737,IGHG,Saline
D28_Hashtag6|C00015,2,0.6009291997818285,D28_Hashtag6,1,P2,1.0,True,P2,0.9996976817806866,-3.815676689147949,4.990341663360596,1.0,0.0,0.0251798561151079,IGHG,Saline
D28_Hashtag6|C00016,2,0.6009291997818285,D28_Hashtag6,1,P1,0.56,True,P1,0.9998433076470876,8.029980659484863,8.04909610748291,0.5,0.5,0.019927536231884,IGHG,Saline
D28_Hashtag6|C00017,2,0.6009291997818285,D28_Hashtag6,1,P1,0.62,True,P1,0.999819359846651,8.5532808303833,8.519404411315918,0.5,0.5,0.0129629629629629,IGHG,Saline
D28_Hashtag6|C00018,2,0.6009291997818285,D28_Hashtag6,1,P2,0.72,True,P2,0.9999043903088044,-3.326298713684082,7.859210014343262,1.0,0.0,0.0449438202247191,IGHG,Saline
D28_Hashtag6|C00019,2,0.6009291997818285,D28_Hashtag6,1,P2,1.0,True,P2,0.9999765335783534,-1.8401663303375244,6.995005130767822,1.0,0.0,0.0425925925925925,IGHG,Saline
D28_Hashtag6|C00020,2,0.6009291997818285,D28_Hashtag6,1,P2,0.78,True,P2,0.9999842321083726,-2.408311128616333,8.891040802001953,1.0,0.0,0.0087108013937282,IGHG,Saline
D28_Hashtag6|C00021,2,0.6009291997818285,D28_Hashtag6,1,P2,0.8,True,P2,0.9998723876652352,-4.117844104766846,8.415999412536621,1.0,0.0,0.0242690058479532,IGHG,Saline
D28_Hashtag6|C00022,2,0.6009291997818285,D28_Hashtag6,1,P2,1.0,True,P2,0.9999512153153434,-3.11098575592041,4.670655250549316,1.0,0.0,0.0183823529411764,IGHG,Saline
D28_Hashtag6|C00023,2,0.6009291997818285,D28_Hashtag6,1,P3,1.0,True,P3,0.9928775554483862,7.348818778991699,2.3970305919647217,0.0,0.0,0.0,IGHM,Saline
D28_Hashtag6|C00024,2,0.6009291997818285,D28_Hashtag6,1,P1,1.0,True,P1,0.9999999768332446,12.239540100097656,10.502691268920898,0.0,1.0,0.0055555555555555,IGHG,Saline
D28_Hashtag6|C00025,2,0.6009291997818285,D28_Hashtag6,1,P2,0.76,True,P2,0.9998970355273422,-3.163010358810425,7.814178943634033,1.0,0.0,0.0203703703703703,IGHG,Saline
D28_Hashtag6|C00026,2,0.6009291997818285,D28_Hashtag6,1,P2,1.0,True,P2,0.9925740554048896,-3.513170003890991,4.88344144821167,1.0,0.0,0.0222222222222222,IGHG,Saline
D28_Hashtag6|C00027,2,0.6009291997818285,D28_Hashtag6,1,P2,0.76,True,P2,0.9999612037080284,-3.0859320163726807,8.072552680969238,1.0,0.0,0.0223880597014925,IGHG,Saline
D28_Hashtag6|C00028,2,0.6009291997818285,D28_Hashtag6,1,P2,0.88,True,P2,0.999412700473387,-3.1220500469207764,7.690556049346924,1.0,0.0,0.05,IGHG,Saline
D28_Hashtag6|C00029,2,0.6009291997818285,D28_Hashtag6,1,P2,1.0,True,P2,0.999315686752806,-1.7212125062942505,6.178608417510986,1.0,0.0,0.0203703703703703,IGHG,Saline
D28_Hashtag6|C00030,2,0.6009291997818285,D28_Hashtag6,1,P3,1.0,True,P3,0.999802831198354,6.099702835083008,2.66282320022583,0.0,0.0,0.0187265917602996,IGHM,Saline
D28_Hashtag6|C00031,2,0.6009291997818285,D28_Hashtag6,1,P2,0.76,True,P2,0.9996109322371224,-2.751742124557495,8.89340877532959,1.0,0.0,0.0388888888888888,IGHG,Saline
D28_Hashtag6|C00032,2,0.6009291997818285,D28_Hashtag6,1,P1,0.68,True,P1,0.99990393690266,7.41222620010376,7.236666679382324,0.5,0.5,0.0166666666666666,,Saline
D28_Hashtag6|C00033,2,0.6009291997818285,D28_Hashtag6,1,P2,0.64,True,P2,0.9970859646680276,-3.523507833480835,9.831242561340332,1.0,0.0,0.0149253731343283,IGHG,Saline
D28_Hashtag6|C00034,2,0.6009291997818285,D28_Hashtag6,1,P2,0.8,True,P2,0.9999869772675256,-2.825477361679077,8.975894927978516,1.0,0.0,0.0222222222222222,IGHG,Saline
D28_Hashtag6|C00035,2,0.6009291997818285,D28_Hashtag6,1,P2,1.0,True,P2,0.9999619613642904,-3.941291570663452,5.502837657928467,1.0,0.0,0.037174721189591,IGHG,Saline
D28_Hashtag6|C00036,2,0.6009291997818285,D28_Hashtag6,1,P3,1.0,True,P3,0.999606422715914,6.390097618103027,2.524437665939331,0.0,0.0,0.0,IGHD,Saline
D28_Hashtag6|C00037,2,0.6009291997818285,D28_Hashtag6,1,P3,0.7,True,P3,0.9999999934407952,3.841326951980591,3.473257541656494,0.5,0.0,0.0185185185185185,,Saline
D28_Hashtag6|C00038,2,0.6009291997818285,D28_Hashtag6,1,P3,1.0,True,P3,0.9995191270511714,6.879724502563477,2.337550163269043,0.0,0.0,0.0,IGHM,Saline
D28_Hashtag6|C00039,2,0.6009291997818285,D28_Hashtag6,1,P2,1.0,True,P2,0.999975379823986,-3.727760791778565,5.9817304611206055,1.0,0.0,0.0203703703703703,IGHG,Saline
D28_Hashtag6|C00040,2,0.6009291997818285,D28_Hashtag6,1,P2,1.0,True,P2,0.9987394453203704,-3.357371091842652,4.623317241668701,1.0,0.0,0.024074074074074,IGHG,Saline
D28_Hashtag6|C00041,2,0.6009291997818285,D28_Hashtag6,1,P2,1.0,True,P2,0.9983721161035972,-2.048722743988037,6.667141437530518,1.0,0.0,0.0351851851851851,IGHG,Saline
D28_Hashtag6|C00042,2,0.6009291997818285,D28_Hashtag6,1,P2,1.0,True,P2,0.998855437582886,-3.82477593421936,5.114157199859619,1.0,0.0,0.0444444444444444,IGHG,Saline
D28_Hashtag6|C00043,2,0.6009291997818285,D28_Hashtag6,1,P2,0.76,True,P2,0.9998926075977568,-2.700284719467163,8.89017391204834,1.0,0.0,0.0223880597014925,IGHG,Saline
D28_Hashtag6|C00044,2,0.6009291997818285,D28_Hashtag6,1,P2,1.0,True,P2,0.999929111765124,-2.0411853790283203,6.77566385269165,1.0,0.0,0.0261194029850746,IGHG,Saline
D28_Hashtag6|C00045,2,0.6009291997818285,D28_Hashtag6,1,P3,0.54,True,P3,0.9841358211507828,4.60057544708252,3.9483835697174072,0.5,0.0,0.0277777777777777,IGHG,Saline
D28_Hashtag6|C00046,2,0.6009291997818285,D28_Hashtag6,1,P2,1.0,True,P2,0.9994014165085872,-1.9206929206848145,6.4069037437438965,1.0,0.0,0.0205713007993739,,Saline
D28_Hashtag6|C00047,2,0.6009291997818285,D28_Hashtag6,1,P2,0.68,True,P2,0.9997196729215556,-3.172494411468506,8.205564498901367,1.0,0.0,0.0314814814814814,IGHG,Saline
D28_Hashtag6|C00048,2,0.6009291997818285,D28_Hashtag6,1,P1,0.74,True,P1,0.999703701517014,8.445067405700684,7.207376956939697,0.5,0.5,0.0203703703703703,IGHG,Saline
D28_Hashtag7|C00001,3,0.6879296487615283,D28_Hashtag7,1,P3,1.0,True,P3,0.6647547644623837,6.149721622467041,2.7608113288879395,0.0,0.0,0.0,IGHM,Naive
D28_Hashtag7|C00002,2,0.6009291997818285,D28_Hashtag7,1,P3,1.0,True,P3,0.8532346261696256,6.471155643463135,2.739631175994873,0.0,0.0,0.0,IGHM,Naive
D28_Hashtag7|C00003,2,0.6009291997818285,D28_Hashtag7,1,P3,1.0,True,P3,0.9866550721683915,6.584383964538574,1.8329448699951167,0.0,0.0,0.0,,Naive
D28_Hashtag7|C00004,2,0.6009291997818285,D28_Hashtag7,1,P3,1.0,True,P3,0.9906702166502084,6.64864444732666,2.27225661277771,0.0,0.0,0.0,IGHM,Naive
D28_Hashtag7|C00005,2,0.6009291997818285,D28_Hashtag7,1,P3,1.0,True,P3,0.9628737249063144,6.328004837036133,2.876011371612549,0.0,0.0,0.0,,Naive
D35_Hashtag1|C00001,9,0.8625031106882172,D35_Hashtag1,1,P3,0.98,True,P3,0.9998621920278496,7.367283344268799,-1.1275335550308228,0.0,0.0,0.0,IGHM,Artesunate
D35_Hashtag1|C00002,4,0.7430974236898071,D35_Hashtag1,1,P2,0.68,True,P2,0.9999984937270744,-3.0388028621673584,10.479331016540527,1.0,0.0,0.0583333333333333,IGHG,Artesunate
D35_Hashtag1|C00003,4,0.7430974236898071,D35_Hashtag1,1,P2,0.64,True,P2,0.9860028738841832,-2.5162296295166016,8.106966018676758,0.0,1.0,0.0333333333333333,IGHG,Artesunate
D35_Hashtag1|C00004,4,0.7430974236898071,D35_Hashtag1,1,P3,0.98,True,P3,0.999931516068258,7.376068592071533,-1.099911093711853,0.0,0.0,0.0,IGHM,Artesunate
D35_Hashtag1|C00005,3,0.6879296487615283,D35_Hashtag1,1,P3,1.0,True,P3,0.9988009930970372,6.348451137542725,0.9935468435287476,0.0,0.0,0.019047619047619,IGHM,Artesunate
D35_Hashtag1|C00006,3,0.6879296487615283,D35_Hashtag1,1,P2,1.0,True,P2,0.9999756210347444,-3.5147194862365723,6.496525287628174,1.0,0.0,0.045679012345679,IGHG,Artesunate
D35_Hashtag1|C00007,3,0.6879296487615283,D35_Hashtag1,1,P2,0.82,True,P2,0.999963245516802,-3.0086991786956787,8.684861183166504,1.0,0.0,0.0320987654320987,IGHG,Artesunate
D35_Hashtag1|C00008,3,0.6879296487615283,D35_Hashtag1,1,P2,1.0,True,P2,0.9999806772922688,-1.3210898637771606,6.524239540100098,1.0,0.0,0.0333333333333333,IGHG,Artesunate
D35_Hashtag1|C00009,3,0.6879296487615283,D35_Hashtag1,1,P3,0.98,True,P3,0.9925575887131176,6.892585754394531,-0.3972078263759613,0.0,0.0,0.0,IGHM,Artesunate
D35_Hashtag1|C00010,3,0.6879296487615283,D35_Hashtag1,1,P3,0.3,True,P3,0.5448830920074093,3.6861419677734375,3.842095136642456,0.6666666666666666,0.0,0.0247831474597273,IGHG,Artesunate
D35_Hashtag1|C00011,2,0.6009291997818285,D35_Hashtag1,1,P2,1.0,True,P2,0.9999517967725112,-3.036139249801636,4.906813621520996,1.0,0.0,0.0263157894736842,IGHG,Artesunate
D35_Hashtag1|C00012,2,0.6009291997818285,D35_Hashtag1,1,P2,0.8,True,P2,0.9999999715262368,-2.4644596576690674,9.942503929138184,1.0,0.0,0.0333333333333333,IGHG,Artesunate
D35_Hashtag1|C00013,2,0.6009291997818285,D35_Hashtag1,1,P2,0.74,True,P2,0.9999568516660048,-4.173510074615479,8.83115005493164,1.0,0.0,0.0161290322580645,IGHG,Artesunate
D35_Hashtag1|C00014,2,0.6009291997818285,D35_Hashtag1,1,P3,1.0,True,P3,0.9998904821625372,7.452895641326904,2.498643398284912,0.0,0.0,0.0,IGHM,Artesunate
D35_Hashtag1|C00015,2,0.6009291997818285,D35_Hashtag1,1,P2,1.0,True,P2,0.9999858755729224,-3.793107748031616,5.366755485534668,1.0,0.0,0.0071942446043165,IGHG,Artesunate
D35_Hashtag1|C00016,2,0.6009291997818285,D35_Hashtag1,1,P2,1.0,True,P2,0.9999975155397348,-1.340903639793396,6.509011745452881,1.0,0.0,0.0388888888888888,IGHG,Artesunate
D35_Hashtag1|C00017,2,0.6009291997818285,D35_Hashtag1,1,P3,1.0,True,P3,0.9999999876561532,5.925289154052734,1.9946064949035645,0.0,0.0,0.0074074074074074,,Artesunate
D35_Hashtag1|C00018,2,0.6009291997818285,D35_Hashtag1,1,P2,1.0,True,P2,0.999997741849859,-1.3184272050857544,6.530643463134766,1.0,0.0,0.0559701492537313,IGHG,Artesunate
D35_Hashtag1|C00019,2,0.6009291997818285,D35_Hashtag1,1,P3,1.0,True,P3,0.9996798863195214,7.278536796569824,2.406684875488281,0.0,0.0,0.0,IGHM,Artesunate
D35_Hashtag1|C00020,2,0.6009291997818285,D35_Hashtag1,1,P3,1.0,True,P3,0.9991911471424186,7.080403804779053,2.187063455581665,0.0,0.0,0.0,IGHM,Artesunate
D35_Hashtag1|C00021,2,0.6009291997818285,D35_Hashtag1,1,P2,1.0,True,P2,0.9999933334882724,-1.6484802961349487,7.096481800079346,1.0,0.0,0.0185185185185185,IGHG,Artesunate
D35_Hashtag1|C00022,2,0.6009291997818285,D35_Hashtag1,1,P3,1.0,True,P3,0.9643637356020128,6.766927719116211,2.6675233840942383,0.0,0.0,0.0,IGHM,Artesunate
D35_Hashtag1|C00023,2,0.6009291997818285,D35_Hashtag1,1,P2,1.0,True,P2,0.9999986811466384,-3.547175168991089,6.529033660888672,1.0,0.0,0.024074074074074,,Artesunate
D35_Hashtag1|C00024,2,0.6009291997818285,D35_Hashtag1,1,P3,1.0,True,P3,0.9999129189915148,6.345067977905273,1.1936308145523071,0.0,0.0,0.0,IGHM,Artesunate
D35_Hashtag1|C00025,2,0.6009291997818285,D35_Hashtag1,1,P3,0.98,True,P3,0.9982047856654748,7.227233409881592,-0.7627080678939819,0.0,0.0,0.0,IGHM,Artesunate
D35_Hashtag1|C00026,2,0.6009291997818285,D35_Hashtag1,1,P2,1.0,True,P2,0.9999883456520552,-3.422004222869873,6.417585372924805,1.0,0.0,0.0526315789473684,IGHG,Artesunate
D35_Hashtag1|C00027,2,0.6009291997818285,D35_Hashtag1,1,P2,0.78,True,P2,0.999946803709191,-4.268830299377441,8.540767669677734,1.0,0.0,0.0407407407407407,IGHG,Artesunate
D35_Hashtag1|C00028,2,0.6009291997818285,D35_Hashtag1,1,P2,0.76,True,P2,0.9944770307026484,3.7185232639312735,4.361420631408691,0.5,0.0,0.0222222222222222,IGHG,Artesunate
D35_Hashtag2|C00001,6,0.8096157047243099,D35_Hashtag2,1,P2,0.64,True,P2,0.9989756373965012,-2.4515905380249023,8.092926979064941,0.0,1.0,0.0333333333333333,IGHG,Artesunate
D35_Hashtag2|C00002,5,0.7813975773872784,D35_Hashtag2,1,P3,0.98,True,P3,0.999996446431301,7.379929542541504,-1.1580451726913452,0.0,0.0,0.0,IGHM,Artesunate
D35_Hashtag2|C00003,5,0.7813975773872784,D35_Hashtag2,1,P3,0.98,True,P3,0.999098255686788,7.256247520446777,-1.125015377998352,0.0,0.0,0.0,IGHM,Artesunate
D35_Hashtag2|C00004,3,0.6879296487615283,D35_Hashtag2,1,P3,0.98,True,P3,0.9999988904999856,6.055113792419434,1.4963147640228271,0.0,0.0,0.0071428571428571,IGHM,Artesunate
D35_Hashtag2|C00005,2,0.6009291997818285,D35_Hashtag2,1,P3,1.0,True,P3,0.9999998362698214,6.015647411346436,1.993817448616028,0.0,0.0,0.0,IGHM,Artesunate
D35_Hashtag2|C00006,2,0.6009291997818285,D35_Hashtag2,1,P3,0.98,True,P3,0.9999849016942572,7.217172622680664,-0.915965497493744,0.0,0.0,0.0,IGHM,Artesunate
D35_Hashtag2|C00007,2,0.6009291997818285,D35_Hashtag2,1,P2,1.0,True,P2,0.9999840314823968,-3.790081262588501,5.844539165496826,1.0,0.0,0.037037037037037,IGHG,Artesunate
D35_Hashtag2|C00008,2,0.6009291997818285,D35_Hashtag2,1,P2,1.0,True,P2,0.9999992610350746,-1.2644925117492676,6.668447971343994,1.0,0.0,0.029520295202952,IGHG,Artesunate
D35_Hashtag2|C00009,2,0.6009291997818285,D35_Hashtag2,1,P3,0.98,True,P3,0.999996919775268,7.381222724914551,-0.9013453125953674,0.0,0.0,0.0,IGHM,Artesunate
D35_Hashtag2|C00010,2,0.6009291997818285,D35_Hashtag2,1,P2,1.0,True,P2,0.9999460754384848,-2.991174697875977,5.739267826080322,1.0,0.0,0.037174721189591,IGHG,Artesunate
D35_Hashtag2|C00011,2,0.6009291997818285,D35_Hashtag2,1,P2,1.0,True,P2,0.999917038185992,-3.023574113845825,6.087586879730225,1.0,0.0,0.0314814814814814,IGHM,Artesunate
D35_Hashtag2|C00012,2,0.6009291997818285,D35_Hashtag2,1,P3,1.0,True,P3,0.9944205656259756,7.334460735321045,2.61336350440979,0.0,0.0,0.0,IGHM,Artesunate
D35_Hashtag2|C00013,2,0.6009291997818285,D35_Hashtag2,1,P2,0.68,True,P2,0.9999337100653842,-3.745049238204956,8.944445610046387,1.0,0.0,0.0296296296296296,IGHG,Artesunate
D35_Hashtag2|C00014,2,0.6009291997818285,D35_Hashtag2,1,P2,0.72,True,P2,0.9998773610541772,-3.433947801589966,8.507935523986816,1.0,0.0,0.0147058823529411,IGHG,Artesunate
D35_Hashtag2|C00015,2,0.6009291997818285,D35_Hashtag2,1,P3,0.98,True,P3,0.9999954333980516,7.366294384002685,-0.881352961063385,0.0,0.0,0.0,IGHM,Artesunate
D35_Hashtag2|C00016,2,0.6009291997818285,D35_Hashtag2,1,P3,1.0,True,P3,0.9999158958880752,6.407566547393799,2.331251382827759,0.0,0.0,0.0,IGHM,Artesunate
D35_Hashtag2|C00017,2,0.6009291997818285,D35_Hashtag2,1,P2,1.0,True,P2,0.9998902316889146,-2.004352807998657,6.182334899902344,1.0,0.0,0.0333333333333333,,Artesunate
D35_Hashtag2|C00018,2,0.6009291997818285,D35_Hashtag2,1,P1,1.0,True,P1,0.9999999935565568,12.462504386901855,10.224708557128906,0.0,1.0,0.0,IGHG,Artesunate
D35_Hashtag3|C00001,7,0.8313036265891967,D35_Hashtag3,1,P3,0.98,True,P3,0.9802165915980658,7.02304744720459,-0.7729384303092957,0.0,0.0,0.0,IGHM,Artesunate
D35_Hashtag3|C00002,6,0.8096157047243099,D35_Hashtag3,1,P3,1.0,True,P3,0.998926000300356,6.499711513519287,0.6985333561897278,0.0,0.0,0.0083333333333333,IGHM,Artesunate
D35_Hashtag3|C00003,6,0.8096157047243099,D35_Hashtag3,1,P3,0.98,True,P3,0.9999971681949112,7.44874095916748,-1.195141077041626,0.0,0.0,0.0006082725060827,IGHM,Artesunate
D35_Hashtag3|C00004,6,0.8096157047243099,D35_Hashtag3,1,P3,0.98,True,P3,0.9999991829858386,7.398898124694824,-1.093006253242493,0.0,0.0,0.0,IGHM,Artesunate
D35_Hashtag3|C00005,4,0.7430974236898071,D35_Hashtag3,1,P2,0.66,True,P2,0.969253450130704,-2.66413950920105,9.515053749084473,0.75,0.0,0.0171480144404332,IGHG,Artesunate
D35_Hashtag3|C00006,4,0.7430974236898071,D35_Hashtag3,1,P2,0.88,True,P2,0.9997881958333352,-2.9956116676330566,5.9765167236328125,0.75,0.0,0.0379629629629629,IGHG,Artesunate
D35_Hashtag3|C00007,4,0.7430974236898071,D35_Hashtag3,1,P3,1.0,True,P3,0.9617483161820098,6.505582809448242,0.6607387661933899,0.0,0.0,0.0,IGHM,Artesunate
D35_Hashtag3|C00008,3,0.6879296487615283,D35_Hashtag3,1,P3,0.98,True,P3,0.9929006511543382,7.004286766052246,-0.7270327210426331,0.0,0.0,0.0,IGHM,Artesunate
D35_Hashtag3|C00009,3,0.6879296487615283,D35_Hashtag3,1,P3,0.98,True,P3,0.9991149382413208,6.576184272766113,0.0011693153064697,0.0,0.0,0.0,IGHM,Artesunate
D35_Hashtag3|C00010,3,0.6879296487615283,D35_Hashtag3,1,P2,1.0,True,P2,0.9999511404322432,-1.9239592552185056,6.08200740814209,1.0,0.0,0.0435323383084577,IGHG,Artesunate
D35_Hashtag3|C00011,2,0.6009291997818285,D35_Hashtag3,1,P2,1.0,True,P2,0.9999085656033492,-3.6252498626708975,4.77821683883667,1.0,0.0,0.0296296296296296,IGHG,Artesunate
D35_Hashtag3|C00012,2,0.6009291997818285,D35_Hashtag3,1,P3,0.34,True,P3,0.7587283482129163,4.599404335021973,3.892792701721192,0.5,0.0,0.0226415094339622,IGHG,Artesunate
D35_Hashtag3|C00013,2,0.6009291997818285,D35_Hashtag3,1,P3,1.0,True,P3,0.9624911184096584,7.004360675811768,2.7503814697265625,0.0,0.0,0.0,IGHM,Artesunate
D35_Hashtag3|C00014,2,0.6009291997818285,D35_Hashtag3,1,P1,0.68,True,P1,0.999933375946456,7.517473220825195,6.06485652923584,0.0,0.5,0.0071428571428571,IGHM,Artesunate
D35_Hashtag3|C00015,2,0.6009291997818285,D35_Hashtag3,1,P2,1.0,True,P2,0.9999596659336416,-2.9753565788269043,4.877754211425781,1.0,0.0,0.0036363636363636,IGHG,Artesunate
D35_Hashtag3|C00016,2,0.6009291997818285,D35_Hashtag3,1,P2,0.42,True,P2,0.6132258782091823,3.9343652725219727,4.948809146881104,0.5,0.0,0.0259259259259259,IGHG,Artesunate
D35_Hashtag3|C00017,2,0.6009291997818285,D35_Hashtag3,1,P2,0.7,True,P2,0.9997874136626022,-2.474808931350708,9.36964988708496,1.0,0.0,0.0452898550724637,IGHG,Artesunate
D35_Hashtag3|C00018,2,0.6009291997818285,D35_Hashtag3,1,P2,1.0,True,P2,0.9999656498824416,-3.3373725414276123,6.156198501586914,1.0,0.0,0.0239852398523985,IGHG,Artesunate
D35_Hashtag3|C00019,2,0.6009291997818285,D35_Hashtag3,1,P2,0.98,True,P2,0.9988815150434128,-3.2505884170532227,6.80991268157959,1.0,0.0,0.0390334572490706,IGHG,Artesunate
D35_Hashtag3|C00020,2,0.6009291997818285,D35_Hashtag3,1,P2,1.0,True,P2,0.9999213559647114,-3.301887989044189,4.957716941833496,1.0,0.0,0.0425925925925926,,Artesunate
D35_Hashtag3|C00021,2,0.6009291997818285,D35_Hashtag3,1,P3,0.98,True,P3,0.9960547457670954,6.971590995788574,-0.479192703962326,0.0,0.0,0.0,IGHM,Artesunate
D35_Hashtag3|C00022,2,0.6009291997818285,D35_Hashtag3,1,P2,1.0,True,P2,0.9999908098885388,-2.822109699249268,4.997151374816895,1.0,0.0,0.0314814814814814,IGHG,Artesunate
D35_Hashtag3|C00023,2,0.6009291997818285,D35_Hashtag3,1,P3,1.0,True,P3,0.9998042108184793,6.588724613189697,1.2944951057434082,0.0,0.0,0.0,IGHM,Artesunate
D35_Hashtag3|C00024,2,0.6009291997818285,D35_Hashtag3,1,P2,1.0,True,P2,0.9997750291822164,-3.5405595302581787,5.055678367614746,1.0,0.0,0.042910447761194,IGHG,Artesunate
D35_Hashtag3|C00025,2,0.6009291997818285,D35_Hashtag3,1,P2,0.78,True,P2,0.9975151622786994,-3.1957008838653564,8.625492095947266,1.0,0.0,0.037037037037037,IGHG,Artesunate
D35_Hashtag3|C00026,2,0.6009291997818285,D35_Hashtag3,1,P2,1.0,True,P2,0.999945173221622,-3.795864343643189,5.435194969177246,1.0,0.0,0.0159574468085106,IGHG,Artesunate
D35_Hashtag3|C00027,2,0.6009291997818285,D35_Hashtag3,1,P2,1.0,True,P2,0.999942205950414,-2.8657448291778564,4.920159816741943,1.0,0.0,0.0481481481481481,IGHG,Artesunate
D35_Hashtag3|C00028,2,0.6009291997818285,D35_Hashtag3,1,P1,0.42,True,P1,0.8076779105320521,8.058069229125977,7.437512397766113,0.5,0.5,0.024074074074074,IGHG,Artesunate
D35_Hashtag3|C00029,2,0.6009291997818285,D35_Hashtag3,1,P2,0.76,True,P2,0.9999887968131002,-3.735943078994751,8.958921432495117,1.0,0.0,0.0388888888888888,IGHG,Artesunate
D35_Hashtag3|C00030,2,0.6009291997818285,D35_Hashtag3,1,P2,0.68,True,P2,0.9999146903203996,-2.5149216651916504,9.374192237854004,1.0,0.0,0.0462962962962962,IGHG,Artesunate
D35_Hashtag3|C00031,2,0.6009291997818285,D35_Hashtag3,1,P3,1.0,True,P3,0.993282936728482,6.335252285003662,1.0959416627883911,0.0,0.0,0.0,IGHM,Artesunate
D35_Hashtag3|C00032,2,0.6009291997818285,D35_Hashtag3,1,P2,0.64,True,P2,0.9999936223334503,-2.8890867233276367,10.316362380981444,1.0,0.0,0.0316901408450704,,Artesunate
D35_Hashtag3|C00033,2,0.6009291997818285,D35_Hashtag3,1,P3,0.98,True,P3,0.9999766158755636,4.2688069343566895,3.0554873943328857,0.0,0.0,0.0334572490706319,IGHG,Artesunate
D35_Hashtag3|C00034,2,0.6009291997818285,D35_Hashtag3,1,P2,1.0,True,P2,0.9999978392945688,-3.541931629180908,6.549616813659668,1.0,0.0,0.0518518518518518,IGHG,Artesunate
D35_Hashtag3|C00035,2,0.6009291997818285,D35_Hashtag3,1,P2,0.68,True,P2,0.9999833404255188,-3.284241199493408,9.128731727600098,1.0,0.0,0.0377358490566037,IGHG,Artesunate
D35_Hashtag3|C00036,2,0.6009291997818285,D35_Hashtag3,1,P2,1.0,True,P2,0.9999589135665188,-2.8739936351776123,5.803756237030029,1.0,0.0,0.0446096654275093,IGHG,Artesunate
D35_Hashtag4|C00001,8,0.848510032690162,D35_Hashtag4,1,P2,0.64,True,P2,0.9995719149453016,-2.9758081436157227,10.390583992004396,0.875,0.125,0.0252808988764044,IGHG,Saline
D35_Hashtag4|C00002,6,0.8096157047243099,D35_Hashtag4,1,P2,0.54,True,P2,0.9870480813805784,3.763031005859375,5.018223762512207,0.6666666666666666,0.0,0.0172839506172839,IGHG,Saline
D35_Hashtag4|C00003,5,0.7813975773872784,D35_Hashtag4,1,P2,0.7,True,P2,0.9418253177394263,-2.954591751098633,8.581218719482422,0.8,0.2,0.0385185185185185,IGHG,Saline
D35_Hashtag4|C00004,4,0.7430974236898071,D35_Hashtag4,1,P2,0.44,True,P2,0.769391245832543,-2.964361429214477,10.353851318359377,0.75,0.25,0.0072463768115942,IGHG,Saline
D35_Hashtag4|C00005,4,0.7430974236898071,D35_Hashtag4,1,P3,0.98,True,P3,0.9999996370219808,6.71046257019043,-1.2578970193862915,0.0,0.0,0.0,IGHM,Saline
D35_Hashtag4|C00006,4,0.7430974236898071,D35_Hashtag4,1,P3,0.98,True,P3,0.999989805549328,7.319355487823486,-1.0867674350738523,0.0,0.0,0.0,IGHM,Saline
D35_Hashtag4|C00007,4,0.7430974236898071,D35_Hashtag4,1,P2,0.88,True,P2,0.9998057013904532,-2.604950189590454,8.932445526123047,1.0,0.0,0.0194444444444444,IGHG,Saline
D35_Hashtag4|C00008,3,0.6879296487615283,D35_Hashtag4,1,P2,0.72,True,P2,0.9997043721080456,-2.9972994327545166,8.210906982421875,1.0,0.0,0.0135802469135802,IGHM,Saline
D35_Hashtag4|C00009,3,0.6879296487615283,D35_Hashtag4,1,P3,0.34,True,P3,0.8827642524251722,3.7210090160369873,3.937144279479981,0.6666666666666666,0.0,0.045510455104551,IGHG,Saline
D35_Hashtag4|C00010,3,0.6879296487615283,D35_Hashtag4,1,P1,0.62,True,P1,0.7864781982804241,7.5334696769714355,6.116650104522705,0.3333333333333333,0.3333333333333333,0.0037735849056603,IGHG,Saline
D35_Hashtag4|C00011,3,0.6879296487615283,D35_Hashtag4,1,P2,0.82,True,P2,0.9991577335306292,-2.8329031467437744,8.526373863220215,1.0,0.0,0.0358024691358024,IGHG,Saline
D35_Hashtag4|C00012,3,0.6879296487615283,D35_Hashtag4,1,P3,0.36,True,P3,0.8054902985067387,4.381041526794434,3.9604263305664062,0.6666666666666666,0.0,0.0071428571428571,IGHG,Saline
D35_Hashtag4|C00013,3,0.6879296487615283,D35_Hashtag4,1,P1,0.44,True,P1,0.9699300902655924,7.410327434539795,7.083914756774902,0.3333333333333333,0.3333333333333333,0.0062421972534332,IGHG,Saline
D35_Hashtag4|C00014,3,0.6879296487615283,D35_Hashtag4,1,P2,1.0,True,P2,0.9999149997240429,-2.9281911849975586,5.821413993835449,1.0,0.0,0.0497512437810945,IGHG,Saline
D35_Hashtag4|C00015,3,0.6879296487615283,D35_Hashtag4,1,P2,0.66,True,P2,0.999959581958441,-2.722289562225342,9.7868070602417,1.0,0.0,0.0320987654320987,IGHG,Saline
D35_Hashtag4|C00016,3,0.6879296487615283,D35_Hashtag4,1,P3,0.98,True,P3,0.9999999999999858,6.709641933441162,-1.2923887968063354,0.0,0.0,0.0,IGHM,Saline
D35_Hashtag4|C00017,3,0.6879296487615283,D35_Hashtag4,1,P2,0.66,True,P2,0.9999817062946325,-3.4852871894836426,10.452438354492188,1.0,0.0,0.0160493827160493,IGHG,Saline
D35_Hashtag4|C00018,3,0.6879296487615283,D35_Hashtag4,1,P2,0.54,True,P2,0.9932674653733412,3.751802921295166,5.041351318359375,0.6666666666666666,0.0,0.0297954694178744,IGHG,Saline
D35_Hashtag4|C00019,3,0.6879296487615283,D35_Hashtag4,1,P2,1.0,True,P2,0.9999534433430778,-1.7927075624465942,6.893351078033447,1.0,0.0,0.0209876543209876,IGHG,Saline
D35_Hashtag4|C00020,2,0.6009291997818285,D35_Hashtag4,1,P2,1.0,True,P2,0.9999426911094498,-3.848880052566528,5.711610317230225,1.0,0.0,0.0390334572490706,IGHG,Saline
D35_Hashtag4|C00021,2,0.6009291997818285,D35_Hashtag4,1,P2,0.76,True,P2,0.9999960160913224,-2.3324670791625977,9.336532592773438,1.0,0.0,0.0261487050960735,IGHG,Saline
D35_Hashtag4|C00022,2,0.6009291997818285,D35_Hashtag4,1,P2,1.0,True,P2,0.9993545770184868,-2.6800808906555176,5.81203556060791,1.0,0.0,0.0150943396226415,IGHG,Saline
D35_Hashtag4|C00023,2,0.6009291997818285,D35_Hashtag4,1,P2,1.0,True,P2,0.9985208286148436,-1.605061411857605,6.186241149902344,1.0,0.0,0.0574074074074074,IGHG,Saline
D35_Hashtag4|C00024,2,0.6009291997818285,D35_Hashtag4,1,P2,0.9,True,P2,0.9991973381719136,-2.7717113494873047,8.020459175109863,1.0,0.0,0.0281954887218045,IGHG,Saline
D35_Hashtag4|C00025,2,0.6009291997818285,D35_Hashtag4,1,P3,1.0,True,P3,0.999935316589362,7.490494728088379,2.5604782104492188,0.0,0.0,0.0,IGHM,Saline
D35_Hashtag4|C00026,2,0.6009291997818285,D35_Hashtag4,1,P3,0.98,True,P3,0.9998539456537772,6.754006385803223,0.0062421266920864,0.0,0.0,0.0089285714285714,IGHM,Saline
D35_Hashtag4|C00027,2,0.6009291997818285,D35_Hashtag4,1,P3,1.0,True,P3,0.9956015870809192,6.931632518768311,2.3296151161193848,0.0,0.0,0.0,IGHM,Saline
D35_Hashtag4|C00028,2,0.6009291997818285,D35_Hashtag4,1,P1,1.0,True,P1,0.9999999839639174,12.311928749084473,10.480891227722168,0.0,1.0,0.0074906367041198,IGHG,Saline
D35_Hashtag4|C00029,2,0.6009291997818285,D35_Hashtag4,1,P2,0.74,True,P2,0.9974587806389332,-2.33899474143982,8.458659172058105,1.0,0.0,0.0333333333333333,IGHG,Saline
D35_Hashtag4|C00030,2,0.6009291997818285,D35_Hashtag4,1,P3,0.36,True,P3,0.8122299491789725,4.413382530212402,4.141845703125,0.5,0.0,0.037037037037037,IGHG,Saline
D35_Hashtag4|C00031,2,0.6009291997818285,D35_Hashtag4,1,P2,1.0,True,P2,0.9999999999935908,-1.2423837184906006,6.911552906036377,1.0,0.0,0.024074074074074,IGHG,Saline
D35_Hashtag4|C00032,2,0.6009291997818285,D35_Hashtag4,1,P2,1.0,True,P2,0.9997989938204448,-2.635440826416016,5.999405384063721,1.0,0.0,0.028280929596719,IGHG,Saline
D35_Hashtag4|C00033,2,0.6009291997818285,D35_Hashtag4,1,P1,1.0,True,P1,0.9999999984539444,12.369951248168944,10.414483070373535,0.0,1.0,0.0089285714285714,IGHG,Saline
D35_Hashtag4|C00034,2,0.6009291997818285,D35_Hashtag4,1,P2,0.64,True,P2,0.999955349331153,-2.9203569889068604,10.406344413757324,1.0,0.0,0.019927536231884,IGHG,Saline
D35_Hashtag4|C00035,2,0.6009291997818285,D35_Hashtag4,1,P2,0.72,True,P2,0.9999465597415916,-4.1779866218566895,8.82548713684082,1.0,0.0,0.0197841726618705,IGHG,Saline
D35_Hashtag4|C00036,2,0.6009291997818285,D35_Hashtag4,1,P2,0.64,True,P2,0.9999921419991946,-3.861950874328613,9.895730018615724,1.0,0.0,0.0293040293040293,IGHG,Saline
D35_Hashtag4|C00037,2,0.6009291997818285,D35_Hashtag4,1,P2,1.0,True,P2,0.99999999999892,-1.2347908020019531,6.940856456756592,1.0,0.0,0.026978417266187,IGHG,Saline
D35_Hashtag4|C00038,2,0.6009291997818285,D35_Hashtag4,1,P2,1.0,True,P2,0.9999999999991688,-1.2046146392822266,6.855747222900391,1.0,0.0,0.0228070175438596,IGHG,Saline
D35_Hashtag4|C00039,2,0.6009291997818285,D35_Hashtag4,1,P2,0.7,True,P2,0.999937078173222,-3.5620620250701904,8.528996467590332,1.0,0.0,0.0425925925925926,,Saline
D35_Hashtag4|C00040,2,0.6009291997818285,D35_Hashtag4,1,P2,1.0,True,P2,0.999635146907224,-2.7007784843444824,5.76068925857544,1.0,0.0,0.024074074074074,,Saline
D35_Hashtag4|C00041,2,0.6009291997818285,D35_Hashtag4,1,P3,0.66,True,P3,0.999999999871207,3.926929235458374,3.5449697971343994,0.5,0.0,0.0018450184501845,IGHM,Saline
D35_Hashtag4|C00042,2,0.6009291997818285,D35_Hashtag4,1,P2,0.72,True,P2,0.9951395156546634,-3.089935302734375,8.163543701171875,1.0,0.0,0.0203703703703703,IGHG,Saline
D35_Hashtag4|C00043,2,0.6009291997818285,D35_Hashtag4,1,P3,0.64,True,P3,0.9999999999901804,3.901524543762207,3.311509609222412,0.5,0.0,0.0074074074074074,IGHG,Saline
D35_Hashtag4|C00044,2,0.6009291997818285,D35_Hashtag4,1,P3,0.98,True,P3,0.9999788734595269,6.699665546417236,-1.2569867372512815,0.0,0.0,0.0,IGHM,Saline
D35_Hashtag4|C00045,2,0.6009291997818285,D35_Hashtag4,1,P1,0.82,True,P1,0.9999993196806156,7.480473518371582,7.416536331176758,0.5,0.5,0.0351851851851851,IGHG,Saline
D35_Hashtag4|C00046,2,0.6009291997818285,D35_Hashtag4,1,P1,0.68,True,P1,0.9655801396016702,9.544557571411133,7.277507305145264,0.0,0.5,0.0,IGHM,Saline
D35_Hashtag4|C00047,2,0.6009291997818285,D35_Hashtag4,1,P2,0.64,True,P2,0.9999998874848608,-3.45156192779541,10.565510749816896,1.0,0.0,0.0444444444444444,IGHG,Saline
D35_Hashtag4|C00048,2,0.6009291997818285,D35_Hashtag4,1,P2,0.8,True,P2,0.9999735944555942,-2.420461177825928,9.403497695922852,1.0,0.0,0.0222222222222222,IGHG,Saline
D35_Hashtag4|C00049,2,0.6009291997818285,D35_Hashtag4,1,P2,1.0,True,P2,0.9999515837840164,-2.3071529865264893,6.808167457580566,1.0,0.0,0.0333333333333333,IGHG,Saline
D35_Hashtag4|C00050,2,0.6009291997818285,D35_Hashtag4,1,P2,0.44,True,P2,0.8970543915372633,-2.420837163925171,8.021246910095215,0.0,1.0,0.0333333333333333,IGHG,Saline
D35_Hashtag4|C00051,2,0.6009291997818285,D35_Hashtag4,1,P2,1.0,True,P2,0.9999136528500944,-3.919002056121826,5.669137954711914,1.0,0.0,0.0148148148148148,IGHG,Saline
D35_Hashtag4|C00052,2,0.6009291997818285,D35_Hashtag4,1,P2,1.0,True,P2,0.9998974392446266,-2.6971471309661865,5.442761898040772,1.0,0.0,0.0185185185185185,IGHG,Saline
D35_Hashtag4|C00053,2,0.6009291997818285,D35_Hashtag4,1,P3,1.0,True,P3,0.9999999938509204,5.973982810974121,1.9096413850784304,0.0,0.0,0.0,IGHM,Saline
D35_Hashtag4|C00054,2,0.6009291997818285,D35_Hashtag4,1,P2,0.76,True,P2,0.999987244360508,-3.408241271972656,8.909675598144531,1.0,0.0,0.0388888888888888,IGHG,Saline
D35_Hashtag4|C00055,2,0.6009291997818285,D35_Hashtag4,1,P2,1.0,True,P2,0.9999704986098504,-2.038954734802246,5.839676380157471,1.0,0.0,0.0223048327137546,,Saline
D35_Hashtag4|C00056,2,0.6009291997818285,D35_Hashtag4,1,P1,0.52,True,P1,0.9999999999999432,8.477014541625977,8.413762092590332,0.5,0.5,0.0352333746385791,IGHG,Saline
D35_Hashtag4|C00057,2,0.6009291997818285,D35_Hashtag4,1,P2,0.62,True,P2,0.7696036203161962,4.404882907867432,3.7592313289642334,1.0,0.0,0.0334572490706319,IGHG,Saline
D35_Hashtag4|C00058,2,0.6009291997818285,D35_Hashtag4,1,P1,0.58,True,P1,0.9996668898390888,7.444459915161133,7.301177978515625,0.5,0.5,0.0469924812030075,IGHG,Saline
D35_Hashtag4|C00059,2,0.6009291997818285,D35_Hashtag4,1,P1,0.72,True,P1,0.9999437768466702,7.362753868103027,7.3017802238464355,0.5,0.5,0.0185185185185185,IGHG,Saline
D35_Hashtag4|C00060,2,0.6009291997818285,D35_Hashtag4,1,P2,0.64,True,P2,0.999999702632424,-3.773170232772827,10.285061836242676,1.0,0.0,0.0615671641791044,IGHG,Saline
D35_Hashtag4|C00061,2,0.6009291997818285,D35_Hashtag4,1,P2,0.72,True,P2,0.9991475659306388,-2.9901719093322754,8.232202529907227,1.0,0.0,0.042910447761194,IGHG,Saline
D35_Hashtag4|C00062,2,0.6009291997818285,D35_Hashtag4,1,P2,0.78,True,P2,0.9997662903880284,-2.990333318710327,8.960295677185059,1.0,0.0,0.0259259259259259,IGHG,Saline
D35_Hashtag4|C00063,2,0.6009291997818285,D35_Hashtag4,1,P2,0.64,True,P2,0.9999946203267636,-3.759209394454956,10.208563804626465,1.0,0.0,0.0260223048327137,IGHG,Saline
D35_Hashtag4|C00064,2,0.6009291997818285,D35_Hashtag4,1,P2,0.68,True,P2,0.9999540927427047,-2.4783201217651367,8.852907180786133,1.0,0.0,0.0333333333333333,IGHG,Saline
D35_Hashtag4|C00065,2,0.6009291997818285,D35_Hashtag4,1,P2,0.28,True,P2,0.8018560159911403,3.783508539199829,5.065822601318359,0.5,0.0,0.0427509293680297,IGHG,Saline
D35_Hashtag4|C00066,2,0.6009291997818285,D35_Hashtag4,1,P3,0.98,True,P3,1.0,3.9605748653411865,3.041271209716797,0.0,0.0,0.0129629629629629,IGHM,Saline
D35_Hashtag4|C00067,2,0.6009291997818285,D35_Hashtag4,1,P2,0.64,True,P2,0.999998797647704,-3.81710147857666,10.248382568359377,1.0,0.0,0.0211267605633802,IGHG,Saline
D35_Hashtag4|C00068,2,0.6009291997818285,D35_Hashtag4,1,P3,0.98,True,P3,0.9999999998820216,4.061954498291016,2.997377872467041,0.0,0.0,0.0071174377224199,IGHG,Saline
D35_Hashtag4|C00069,2,0.6009291997818285,D35_Hashtag4,1,P2,1.0,True,P2,0.9995340699316544,-3.723440170288086,4.904149055480957,1.0,0.0,0.0279850746268656,IGHG,Saline
D35_Hashtag4|C00070,2,0.6009291997818285,D35_Hashtag4,1,P3,0.62,True,P3,0.9961416713210332,4.603170871734619,3.859606504440308,0.5,0.0,0.0388888888888888,IGHG,Saline
D35_Hashtag4|C00071,2,0.6009291997818285,D35_Hashtag4,1,P2,0.74,True,P2,0.99942720883183,-3.3664467334747314,8.205559730529785,1.0,0.0,0.0430381509328877,IGHG,Saline
D35_Hashtag4|C00072,2,0.6009291997818285,D35_Hashtag4,1,P2,0.72,True,P2,0.9999959381832112,-2.953446388244629,9.04947280883789,1.0,0.0,0.0185185185185185,IGHG,Saline
D35_Hashtag4|C00073,2,0.6009291997818285,D35_Hashtag4,1,P2,0.64,True,P2,0.9999997887614366,-3.8311288356781006,10.220540046691896,1.0,0.0,0.0222222222222222,IGHG,Saline
D35_Hashtag4|C00074,2,0.6009291997818285,D35_Hashtag4,1,P2,1.0,True,P2,0.9595851497058234,4.445837020874023,3.787916660308838,1.0,0.0,0.0148148148148148,IGHG,Saline
D35_Hashtag4|C00075,2,0.6009291997818285,D35_Hashtag4,1,P2,0.8,True,P2,0.9978647560989048,-3.286487579345703,8.067718505859375,1.0,0.0,0.037174721189591,IGHG,Saline
D35_Hashtag4|C00076,2,0.6009291997818285,D35_Hashtag4,1,P2,0.64,True,P2,0.9999867745329888,-3.716784715652466,10.223503112792969,1.0,0.0,0.0333333333333333,IGHG,Saline
D35_Hashtag4|C00077,2,0.6009291997818285,D35_Hashtag4,1,P1,0.62,True,P1,0.963739902568281,7.55782413482666,6.039445877075195,0.0,0.5,0.024074074074074,IGHG,Saline
D35_Hashtag4|C00078,2,0.6009291997818285,D35_Hashtag4,1,P2,0.72,True,P2,0.9999995139642168,-2.521562337875366,9.876117706298828,1.0,0.0,0.0259259259259259,IGHG,Saline
D35_Hashtag4|C00079,2,0.6009291997818285,D35_Hashtag4,1,P2,1.0,True,P2,0.9992022841913598,-3.290403366088867,4.675958633422852,1.0,0.0,0.0185185185185185,IGHG,Saline
D35_Hashtag4|C00080,2,0.6009291997818285,D35_Hashtag4,1,P2,1.0,True,P2,0.9999222638866851,-2.79677414894104,5.0295844078063965,1.0,0.0,0.0277777777777777,IGHG,Saline
D35_Hashtag4|C00081,2,0.6009291997818285,D35_Hashtag4,1,P2,1.0,True,P2,0.999342168778912,-2.449185848236084,5.879816055297852,1.0,0.0,0.0111524163568773,IGHG,Saline
D35_Hashtag4|C00082,2,0.6009291997818285,D35_Hashtag4,1,P3,0.22,True,P3,0.9832579730246775,4.547088146209717,3.88262152671814,0.5,0.0,0.0351851851851851,IGHG,Saline
D35_Hashtag4|C00083,2,0.6009291997818285,D35_Hashtag4,1,P2,0.8,True,P2,0.9999943565497,-2.5283682346343994,9.990713119506836,1.0,0.0,0.0296296296296296,IGHG,Saline
D35_Hashtag4|C00084,2,0.6009291997818285,D35_Hashtag4,1,P2,0.64,True,P2,0.9997460907998652,-3.600440263748169,10.039107322692873,1.0,0.0,0.0462962962962962,IGHG,Saline
D35_Hashtag4|C00085,2,0.6009291997818285,D35_Hashtag4,1,P3,1.0,True,P3,0.9995958030391514,7.409190654754639,2.4228475093841557,0.0,0.0,0.0,IGHM,Saline
D35_Hashtag4|C00086,2,0.6009291997818285,D35_Hashtag4,1,P1,0.7,True,P1,0.9999960524069464,7.400104522705078,7.436585426330566,0.5,0.5,0.0111111111111111,IGHG,Saline
D35_Hashtag4|C00087,2,0.6009291997818285,D35_Hashtag4,1,P2,1.0,True,P2,0.999997918320552,-1.216523051261902,6.572710037231445,1.0,0.0,0.0388888888888888,IGHG,Saline
D35_Hashtag4|C00088,2,0.6009291997818285,D35_Hashtag4,1,P2,0.76,True,P2,0.9999436018236458,-3.2486281394958496,9.139114379882812,1.0,0.0,0.0259259259259259,IGHG,Saline
D35_Hashtag5|C00001,6,0.8096157047243099,D35_Hashtag5,1,P3,0.98,True,P3,0.9998797933117562,6.702203273773193,-1.2488553524017334,0.0,0.0,0.0,IGHM,Saline
D35_Hashtag5|C00002,3,0.6879296487615283,D35_Hashtag5,1,P2,0.84,True,P2,0.9999293539859554,-4.206777095794678,8.330135345458984,1.0,0.0,0.0435323383084577,IGHG,Saline
D35_Hashtag5|C00003,3,0.6879296487615283,D35_Hashtag5,1,P1,0.86,True,P1,0.999514306902283,12.19312572479248,10.446855545043944,0.0,0.6666666666666666,0.0271604938271604,IGHG,Saline
D35_Hashtag5|C00004,2,0.6009291997818285,D35_Hashtag5,1,P1,0.62,True,P1,0.9820439447200678,10.26201343536377,5.959619045257568,1.0,0.0,0.0,IGHM,Saline
D35_Hashtag5|C00005,2,0.6009291997818285,D35_Hashtag5,1,P2,1.0,True,P2,0.9995070255375926,-2.246307849884033,5.936002254486084,1.0,0.0,0.0333333333333333,IGHG,Saline
D35_Hashtag5|C00006,2,0.6009291997818285,D35_Hashtag5,1,P2,1.0,True,P2,0.9999968209588074,-1.2640272378921509,6.575590133666992,1.0,0.0,0.0575539568345323,IGHG,Saline
D35_Hashtag5|C00007,2,0.6009291997818285,D35_Hashtag5,1,P2,1.0,True,P2,0.999996608200615,-1.200783610343933,6.634975433349609,1.0,0.0,0.0338345864661654,IGHG,Saline
D35_Hashtag5|C00008,2,0.6009291997818285,D35_Hashtag5,1,P2,0.78,True,P2,0.9999999988189644,-2.499671220779419,9.980649948120115,1.0,0.0,0.0314814814814814,IGHG,Saline
D35_Hashtag5|C00009,2,0.6009291997818285,D35_Hashtag5,1,P2,0.76,True,P2,0.9990734881256034,-3.488144636154175,8.283636093139648,1.0,0.0,0.0129629629629629,IGHG,Saline
D35_Hashtag5|C00010,2,0.6009291997818285,D35_Hashtag5,1,P2,0.74,True,P2,0.9998975756229068,-4.12731409072876,8.944985389709473,1.0,0.0,0.0555555555555555,IGHG,Saline
D35_Hashtag5|C00011,2,0.6009291997818285,D35_Hashtag5,1,P2,0.72,True,P2,0.9999543776833496,-2.91206693649292,8.682366371154785,1.0,0.0,0.0333333333333333,IGHG,Saline
D35_Hashtag5|C00012,2,0.6009291997818285,D35_Hashtag5,1,P2,0.78,True,P2,0.9999936699446696,-3.0444893836975098,9.183586120605469,1.0,0.0,0.0333333333333333,IGHG,Saline
D35_Hashtag5|C00013,2,0.6009291997818285,D35_Hashtag5,1,P3,0.28,True,P3,0.7357618873483316,4.096172332763672,4.418107986450195,0.5,0.0,0.0259259259259259,IGHG,Saline
D35_Hashtag5|C00014,2,0.6009291997818285,D35_Hashtag5,1,P2,0.64,True,P2,0.9999880104119088,-3.8361411094665527,9.81890106201172,1.0,0.0,0.0222222222222222,IGHG,Saline
D35_Hashtag5|C00015,2,0.6009291997818285,D35_Hashtag5,1,P2,1.0,True,P2,0.9992872807918092,-2.880364418029785,5.872000217437744,1.0,0.0,0.0296296296296296,IGHG,Saline
D35_Hashtag5|C00016,2,0.6009291997818285,D35_Hashtag5,1,P3,0.98,True,P3,0.999999969074992,4.1053009033203125,2.9691340923309326,0.0,0.0,0.0,IGHM,Saline
D35_Hashtag5|C00017,2,0.6009291997818285,D35_Hashtag5,1,P3,0.98,True,P3,0.9998905552945162,7.336391925811768,-0.9249737858772278,0.0,0.0,0.0,IGHM,Saline
D35_Hashtag5|C00018,2,0.6009291997818285,D35_Hashtag5,1,P3,0.98,True,P3,0.999997476539108,6.660459041595459,-1.1101723909378052,0.0,0.0,0.0,IGHM,Saline
D35_Hashtag5|C00019,2,0.6009291997818285,D35_Hashtag5,1,P2,0.72,True,P2,0.999978647749308,-2.713762044906616,9.195140838623049,1.0,0.0,0.0130597014925373,IGHG,Saline
D35_Hashtag5|C00020,2,0.6009291997818285,D35_Hashtag5,1,P2,0.64,True,P2,0.9999840395423274,-3.4653780460357666,10.560627937316896,1.0,0.0,0.0481481481481481,IGHG,Saline
D35_Hashtag5|C00021,2,0.6009291997818285,D35_Hashtag5,1,P3,1.0,True,P3,0.9999151027616074,7.226691246032715,2.298181295394897,0.0,0.0,0.0,IGHM,Saline
D35_Hashtag5|C00022,2,0.6009291997818285,D35_Hashtag5,1,P2,0.74,True,P2,0.9999451261070518,-4.282275676727295,8.677961349487305,1.0,0.0,0.0277777777777777,IGHG,Saline
D35_Hashtag6|C00001,6,0.8096157047243099,D35_Hashtag6,1,P2,1.0,True,P2,0.9997646117916318,-1.9506802558898928,6.0991411209106445,1.0,0.0,0.0222222222222222,IGHG,Saline
D35_Hashtag6|C00002,6,0.8096157047243099,D35_Hashtag6,1,P2,0.68,True,P2,0.9999072191158844,-2.980502128601074,9.471835136413574,1.0,0.0,0.026095561210065,IGHG,Saline
D35_Hashtag6|C00003,4,0.7430974236898071,D35_Hashtag6,1,P2,0.86,True,P2,0.9998586832566184,-3.1727311611175537,7.1710615158081055,1.0,0.0,0.0277777777777777,IGHG,Saline
D35_Hashtag6|C00004,4,0.7430974236898071,D35_Hashtag6,1,P3,0.98,True,P3,0.959663783636492,6.974467754364014,-0.7944203019142151,0.0,0.0,0.0,IGHM,Saline
D35_Hashtag6|C00005,3,0.6879296487615283,D35_Hashtag6,1,P2,0.72,True,P2,0.9998155619466458,-4.135776519775391,8.88852310180664,1.0,0.0,0.0087390761548064,IGHG,Saline
D35_Hashtag6|C00006,3,0.6879296487615283,D35_Hashtag6,1,P2,0.66,True,P2,0.992881099307982,3.6648082733154297,4.835358619689941,0.6666666666666666,0.0,0.0200501253132832,IGHM,Saline
D35_Hashtag6|C00007,3,0.6879296487615283,D35_Hashtag6,1,P3,0.36,True,P3,0.9821332883540652,3.786557674407959,3.71390438079834,0.6666666666666666,0.0,0.0251798561151079,IGHG,Saline
D35_Hashtag6|C00008,3,0.6879296487615283,D35_Hashtag6,1,P2,0.54,True,P2,0.8798401108514268,3.583836555480957,4.978931427001953,0.6666666666666666,0.0,0.0148148148148148,IGHG,Saline
D35_Hashtag6|C00009,3,0.6879296487615283,D35_Hashtag6,1,P2,0.76,True,P2,0.9999820046395342,-2.965869665145874,9.159139633178713,1.0,0.0,0.028395061728395,IGHG,Saline
D35_Hashtag6|C00010,3,0.6879296487615283,D35_Hashtag6,1,P2,0.8,True,P2,0.9999649889788744,-2.7811357975006104,8.732625007629395,1.0,0.0,0.0353535353535353,IGHG,Saline
D35_Hashtag6|C00011,3,0.6879296487615283,D35_Hashtag6,1,P2,1.0,True,P2,0.9998233351440318,-3.002915143966675,4.783607006072998,1.0,0.0,0.0320987654320987,IGHG,Saline
D35_Hashtag6|C00012,2,0.6009291997818285,D35_Hashtag6,1,P2,0.8,True,P2,0.9995803333401562,-3.2574234008789062,7.758498191833496,1.0,0.0,0.0195729537366548,IGHG,Saline
D35_Hashtag6|C00013,2,0.6009291997818285,D35_Hashtag6,1,P3,0.98,True,P3,0.995277379728966,6.463871479034424,0.7119993567466736,0.0,0.0,0.0092592592592592,IGHM,Saline
D35_Hashtag6|C00014,2,0.6009291997818285,D35_Hashtag6,1,P3,1.0,True,P3,0.9999999999840412,4.060059547424316,3.006075620651245,0.0,0.0,0.0,IGHM,Saline
D35_Hashtag6|C00015,2,0.6009291997818285,D35_Hashtag6,1,P3,1.0,True,P3,0.9993867232003016,6.651407718658447,2.6082639694213867,0.0,0.0,0.0,IGHM,Saline
D35_Hashtag6|C00016,2,0.6009291997818285,D35_Hashtag6,1,P3,1.0,True,P3,0.9999991440364052,6.41082763671875,2.3702709674835205,0.0,0.0,0.0,,Saline
D35_Hashtag6|C00017,2,0.6009291997818285,D35_Hashtag6,1,P2,0.8,True,P2,0.9999663892969998,-4.231945514678955,8.478653907775879,1.0,0.0,0.0344202898550724,IGHG,Saline
D35_Hashtag6|C00018,2,0.6009291997818285,D35_Hashtag6,1,P2,1.0,True,P2,0.995972423008641,-2.0914926528930664,6.402467727661133,1.0,0.0,0.0398550724637681,IGHG,Saline
D35_Hashtag6|C00019,2,0.6009291997818285,D35_Hashtag6,1,P2,0.8,True,P2,0.9999049344676983,-2.3041703701019287,9.301027297973633,1.0,0.0,0.0185185185185185,IGHG,Saline
D35_Hashtag6|C00020,2,0.6009291997818285,D35_Hashtag6,1,P3,0.74,True,P3,0.999953213913412,3.893178939819336,3.5190298557281494,0.5,0.0,0.0277777777777777,IGHG,Saline
D35_Hashtag6|C00021,2,0.6009291997818285,D35_Hashtag6,1,P2,0.72,True,P2,0.9999737646108524,-3.4839847087860107,8.76513385772705,1.0,0.0,0.0518518518518518,IGHG,Saline
D35_Hashtag6|C00022,2,0.6009291997818285,D35_Hashtag6,1,P2,0.46,True,P2,0.8275636561925109,3.86775279045105,4.965638637542725,0.5,0.0,0.0278810408921933,IGHG,Saline
D35_Hashtag6|C00023,2,0.6009291997818285,D35_Hashtag6,1,P2,0.76,True,P2,0.9992050944598724,-3.43124794960022,8.308563232421875,1.0,0.0,0.0481481481481481,IGHG,Saline
D35_Hashtag6|C00024,2,0.6009291997818285,D35_Hashtag6,1,P3,0.6,True,P3,0.9745213480569456,4.606685638427734,3.856420755386353,0.5,0.0,0.0206766917293233,IGHG,Saline
D35_Hashtag6|C00025,2,0.6009291997818285,D35_Hashtag6,1,P2,1.0,True,P2,0.9999782963624676,-2.0367987155914307,6.754323959350586,1.0,0.0,0.0123239436619718,IGHG,Saline
D35_Hashtag6|C00026,2,0.6009291997818285,D35_Hashtag6,1,P2,1.0,True,P2,0.9999999999999928,-1.2379487752914429,6.92672061920166,1.0,0.0,0.0222222222222222,IGHG,Saline
D35_Hashtag6|C00027,2,0.6009291997818285,D35_Hashtag6,1,P2,1.0,True,P2,0.999910785376881,-2.753081560134888,5.583566188812256,1.0,0.0,0.0223048327137546,IGHG,Saline
D35_Hashtag6|C00028,2,0.6009291997818285,D35_Hashtag6,1,P2,0.64,True,P2,0.7946497889354281,-2.4772098064422607,8.084986686706543,0.0,1.0,0.0333333333333333,IGHG,Saline
D35_Hashtag6|C00029,2,0.6009291997818285,D35_Hashtag6,1,P2,1.0,True,P2,0.9999817640473012,-1.4374158382415771,6.865708351135254,1.0,0.0,0.0296296296296296,IGHG,Saline
D35_Hashtag6|C00030,2,0.6009291997818285,D35_Hashtag6,1,P2,0.74,True,P2,0.9999682880734722,-4.162764072418213,8.858860969543457,1.0,0.0,0.0113636363636363,IGHG,Saline
D35_Hashtag6|C00031,2,0.6009291997818285,D35_Hashtag6,1,P1,0.6,True,P1,0.9934416660365736,8.526978492736816,8.412559509277344,0.5,0.5,0.0224935014115213,IGHG,Saline
D35_Hashtag6|C00032,2,0.6009291997818285,D35_Hashtag6,1,P2,1.0,True,P2,0.9999758648250672,-1.5112807750701904,6.222181797027588,1.0,0.0,0.0333333333333333,IGHG,Saline
D35_Hashtag6|C00033,2,0.6009291997818285,D35_Hashtag6,1,P2,0.76,True,P2,0.9997348736457856,-3.454768419265747,8.68593692779541,1.0,0.0,0.0283018867924528,IGHG,Saline
D35_Hashtag6|C00034,2,0.6009291997818285,D35_Hashtag6,1,P2,0.4,True,P2,0.9930388807761644,3.8449857234954834,4.890801429748535,0.5,0.0,0.0314814814814814,IGHG,Saline
D35_Hashtag6|C00035,2,0.6009291997818285,D35_Hashtag6,1,P3,0.98,True,P3,0.9989361006848088,6.955601215362549,-0.4056606590747833,0.0,0.0,0.0,IGHM,Saline
D35_Hashtag6|C00036,2,0.6009291997818285,D35_Hashtag6,1,P2,0.74,True,P2,0.9998356432256352,-2.8253397941589355,8.764592170715332,1.0,0.0,0.0248226950354609,IGHG,Saline
D35_Hashtag6|C00037,2,0.6009291997818285,D35_Hashtag6,1,P3,0.36,True,P3,0.729748946166873,4.372743129730225,4.196010589599609,0.5,0.0,0.0314814814814814,IGHG,Saline
D35_Hashtag6|C00038,2,0.6009291997818285,D35_Hashtag6,1,P3,1.0,True,P3,0.9999986127902104,6.499284744262695,2.400351524353028,0.0,0.0,0.0,,Saline
D35_Hashtag6|C00039,2,0.6009291997818285,D35_Hashtag6,1,P3,0.98,True,P3,0.9999999999814406,4.266983509063721,2.909395456314087,0.0,0.0,0.0353159851301115,IGHG,Saline
D35_Hashtag6|C00040,2,0.6009291997818285,D35_Hashtag6,1,P2,0.78,True,P2,0.9999005582852358,-2.2378122806549072,9.212935447692873,1.0,0.0,0.0130111524163568,IGHG,Saline
D35_Hashtag6|C00041,2,0.6009291997818285,D35_Hashtag6,1,P2,0.72,True,P2,0.9999788717099234,-2.3487777709960938,8.874177932739258,1.0,0.0,0.0241635687732342,IGHG,Saline
D35_Hashtag6|C00042,2,0.6009291997818285,D35_Hashtag6,1,P2,1.0,True,P2,0.999998645828079,-1.208818793296814,6.663886547088623,1.0,0.0,0.0185185185185185,IGHG,Saline
D35_Hashtag6|C00043,2,0.6009291997818285,D35_Hashtag6,1,P2,0.72,True,P2,0.999975739111584,-2.628512144088745,9.637405395507812,1.0,0.0,0.0259259259259259,IGHG,Saline
D35_Hashtag6|C00044,2,0.6009291997818285,D35_Hashtag6,1,P2,0.64,True,P2,0.9999986736496126,-2.973836898803711,10.40468978881836,1.0,0.0,0.037037037037037,IGHG,Saline
D35_Hashtag7|C00001,2,0.6009291997818285,D35_Hashtag7,1,P3,1.0,True,P3,0.9999999498228944,5.973419666290283,1.8966459035873413,0.0,0.0,0.0,IGHM,Naive
D42_Hashtag1|C00001,5,0.7813975773872784,D42_Hashtag1,1,P3,0.98,True,P3,0.9996958589798396,7.159327507019043,-0.9555172920227052,0.0,0.0,0.0,IGHM,Artesunate
D42_Hashtag1|C00002,4,0.7430974236898071,D42_Hashtag1,1,P2,0.48,True,P2,0.9895814889182292,-2.856334924697876,9.472877502441406,0.75,0.25,0.0169039145907473,IGHM,Artesunate
D42_Hashtag1|C00003,3,0.6879296487615283,D42_Hashtag1,1,P3,0.72,True,P3,0.9992234718097468,4.814481258392334,4.09578800201416,0.3333333333333333,0.0,0.0234567901234567,IGHM,Artesunate
D42_Hashtag1|C00004,2,0.6009291997818285,D42_Hashtag1,1,P1,1.0,True,P1,0.999999866884389,12.480523109436035,10.279245376586914,0.0,1.0,0.0259259259259259,,Artesunate
D42_Hashtag1|C00005,2,0.6009291997818285,D42_Hashtag1,1,P2,0.52,True,P2,0.98158159572542,3.6025521755218506,5.177311420440674,0.5,0.0,0.0390334572490706,,Artesunate
D42_Hashtag1|C00006,2,0.6009291997818285,D42_Hashtag1,1,P3,0.98,True,P3,0.886427181436552,6.295721530914307,0.8865158557891846,0.0,0.0,0.0,IGHM,Artesunate
D42_Hashtag1|C00007,2,0.6009291997818285,D42_Hashtag1,1,P2,0.4,True,P2,0.5977495435805673,3.871783494949341,5.076218128204346,0.5,0.0,0.0148148148148148,IGHM,Artesunate
D42_Hashtag1|C00008,2,0.6009291997818285,D42_Hashtag1,1,P3,0.98,True,P3,0.9934802366749432,7.098720550537109,-0.7389482259750366,0.0,0.0,0.0,IGHM,Artesunate
D42_Hashtag1|C00009,2,0.6009291997818285,D42_Hashtag1,1,P2,1.0,True,P2,0.999995825676096,-1.3739479780197144,6.7325119972229,1.0,0.0,0.0315985130111524,IGHG,Artesunate
D42_Hashtag1|C00010,2,0.6009291997818285,D42_Hashtag1,1,P1,0.76,True,P1,0.999998187657007,7.480838298797607,7.455940246582031,0.5,0.5,0.0222222222222222,IGHG,Artesunate
D42_Hashtag1|C00011,2,0.6009291997818285,D42_Hashtag1,1,P2,0.74,True,P2,0.9998595721624354,-3.1509151458740234,8.535057067871094,1.0,0.0,0.0483271375464684,IGHG,Artesunate
D42_Hashtag1|C00012,2,0.6009291997818285,D42_Hashtag1,1,P2,0.76,True,P2,0.9999588663775356,-4.157597541809082,8.844515800476074,1.0,0.0,0.0203703703703703,IGHM,Artesunate
D42_Hashtag2|C00001,5,0.7813975773872784,D42_Hashtag2,1,P3,0.98,True,P3,0.9702024071566684,6.94828987121582,-0.7083564400672913,0.0,0.0,0.0,IGHM,Artesunate
D42_Hashtag2|C00002,2,0.6009291997818285,D42_Hashtag2,1,P3,0.26,True,P3,0.9740699775417704,4.017303943634033,4.676334381103516,0.5,0.0,0.0433212996389891,IGHG,Artesunate
D42_Hashtag2|C00003,2,0.6009291997818285,D42_Hashtag2,1,P3,0.98,True,P3,0.999996924661229,6.620936870574951,-0.9607408046722412,0.0,0.0,0.0,IGHM,Artesunate
D42_Hashtag3|C00001,5,0.7813975773872784,D42_Hashtag3,1,P2,0.56,True,P2,0.9990227805562812,-2.5322251319885254,9.991239547729492,0.6,0.2,0.0105263157894736,IGHM,Artesunate
D42_Hashtag3|C00002,3,0.6879296487615283,D42_Hashtag3,1,P3,0.72,True,P3,0.8123127936143393,6.917048454284668,-0.1889722347259521,0.0,0.3333333333333333,0.0,IGHM,Artesunate
D42_Hashtag3|C00003,3,0.6879296487615283,D42_Hashtag3,1,P2,0.72,True,P2,0.9999617313707944,-4.011887550354004,9.32249355316162,1.0,0.0,0.0153664302600472,IGHG,Artesunate
D42_Hashtag3|C00004,3,0.6879296487615283,D42_Hashtag3,1,P3,0.98,True,P3,0.994093374597287,7.154433250427246,-0.7778341174125671,0.0,0.0,0.0,IGHM,Artesunate
D42_Hashtag3|C00005,3,0.6879296487615283,D42_Hashtag3,1,P1,0.64,True,P1,0.571604617098774,8.518826484680176,8.478768348693848,0.3333333333333333,0.3333333333333333,0.0024691358024691,IGHM,Artesunate
D42_Hashtag3|C00006,2,0.6009291997818285,D42_Hashtag3,1,P1,1.0,True,P1,1.0,13.760770797729492,7.756618499755859,0.0,1.0,0.0,IGHM,Artesunate
D42_Hashtag3|C00007,2,0.6009291997818285,D42_Hashtag3,1,P2,1.0,True,P2,0.99999311522593,-2.7481229305267334,5.370384693145752,1.0,0.0,0.0244360902255639,IGHG,Artesunate
D42_Hashtag3|C00008,2,0.6009291997818285,D42_Hashtag3,1,P2,0.64,True,P2,0.9999978134060786,-3.5239505767822266,10.57472324371338,1.0,0.0,0.0888888888888888,IGHG,Artesunate
D42_Hashtag3|C00009,2,0.6009291997818285,D42_Hashtag3,1,P2,1.0,True,P2,0.9999952540445703,-2.8959248065948486,4.929300308227539,1.0,0.0,0.0462962962962962,IGHG,Artesunate
D42_Hashtag3|C00010,2,0.6009291997818285,D42_Hashtag3,1,P1,0.58,True,P1,0.999983934381736,7.4553680419921875,7.5248942375183105,0.5,0.5,0.0131578947368421,IGHM,Artesunate
D42_Hashtag3|C00011,2,0.6009291997818285,D42_Hashtag3,1,P2,0.68,True,P2,0.9999648893777184,-4.175327301025391,8.917248725891113,1.0,0.0,0.0315985130111524,IGHG,Artesunate
D42_Hashtag3|C00012,2,0.6009291997818285,D42_Hashtag3,1,P3,1.0,True,P3,0.999625619571398,6.472871780395508,1.176218032836914,0.0,0.0,0.0055555555555555,IGHM,Artesunate
D42_Hashtag4|C00001,4,0.7430974236898071,D42_Hashtag4,1,P2,1.0,True,P2,0.9992351837555326,-2.288841962814331,5.82617712020874,1.0,0.0,0.0096830985915492,IGHG,Saline
D42_Hashtag4|C00002,3,0.6879296487615283,D42_Hashtag4,1,P2,0.76,True,P2,0.9998384015784572,-3.509037971496582,10.46848964691162,1.0,0.0,0.0355392156862745,IGHG,Saline
D42_Hashtag4|C00003,3,0.6879296487615283,D42_Hashtag4,1,P2,0.78,True,P2,0.9957888862869274,-2.614295482635498,9.586578369140623,1.0,0.0,0.0379901960784313,IGHG,Saline
D42_Hashtag4|C00004,3,0.6879296487615283,D42_Hashtag4,1,P2,0.82,True,P2,0.9997176389396518,-2.9332752227783203,8.471590995788574,1.0,0.0,0.0274656679151061,IGHG,Saline
D42_Hashtag4|C00005,3,0.6879296487615283,D42_Hashtag4,1,P2,0.68,True,P2,0.9999837912277468,-3.9779186248779297,9.33473300933838,1.0,0.0,0.0320987654320987,IGHG,Saline
D42_Hashtag4|C00006,2,0.6009291997818285,D42_Hashtag4,1,P2,1.0,True,P2,0.9998432215547126,-2.939295530319214,5.948956489562988,1.0,0.0,0.0462962962962962,IGHG,Saline
D42_Hashtag4|C00007,2,0.6009291997818285,D42_Hashtag4,1,P3,1.0,True,P3,0.9999999999996732,6.007071971893311,1.998727798461914,0.0,0.0,0.0,IGHM,Saline
D42_Hashtag4|C00008,2,0.6009291997818285,D42_Hashtag4,1,P1,0.7,True,P1,0.9999999999992896,8.408207893371582,8.288118362426758,0.5,0.5,0.0227272727272727,IGHG,Saline
D42_Hashtag4|C00009,2,0.6009291997818285,D42_Hashtag4,1,P2,1.0,True,P2,0.9999525250367696,-3.4281253814697266,6.436403751373291,1.0,0.0,0.0537037037037037,IGHG,Saline
D42_Hashtag4|C00010,2,0.6009291997818285,D42_Hashtag4,1,P3,0.54,True,P3,0.9705076606774482,4.547666549682617,3.926958560943604,0.5,0.0,0.0260223048327137,IGHG,Saline
D42_Hashtag4|C00011,2,0.6009291997818285,D42_Hashtag4,1,P2,0.8,True,P2,0.9997643594214676,-3.2993874549865723,7.738540172576904,1.0,0.0,0.0501858736059479,IGHG,Saline
D42_Hashtag4|C00012,2,0.6009291997818285,D42_Hashtag4,1,P3,0.98,True,P3,1.0,3.9923596382141113,3.0245509147644043,0.0,0.0,0.0,IGHM,Saline
D42_Hashtag4|C00013,2,0.6009291997818285,D42_Hashtag4,1,P2,1.0,True,P2,0.9990570833076908,-2.786676406860352,5.961336135864258,1.0,0.0,0.0281954887218045,IGHG,Saline
D42_Hashtag4|C00014,2,0.6009291997818285,D42_Hashtag4,1,P2,0.76,True,P2,0.9999979319398944,-3.9614548683166495,8.97765064239502,1.0,0.0,0.0481481481481481,IGHG,Saline
D42_Hashtag4|C00015,2,0.6009291997818285,D42_Hashtag4,1,P2,1.0,True,P2,0.9995386244300573,-2.0185158252716064,6.744147300720215,1.0,0.0,0.044776119402985,IGHG,Saline
D42_Hashtag4|C00016,2,0.6009291997818285,D42_Hashtag4,1,P2,1.0,True,P2,0.9999595836951788,-2.8934292793273926,5.927780628204346,1.0,0.0,0.0407407407407407,IGHG,Saline
D42_Hashtag4|C00017,2,0.6009291997818285,D42_Hashtag4,1,P2,1.0,True,P2,0.9958380646578524,-2.056114912033081,6.74785852432251,1.0,0.0,0.0407407407407407,IGHA,Saline
D42_Hashtag4|C00018,2,0.6009291997818285,D42_Hashtag4,1,P2,0.74,True,P2,0.9612506601050052,-3.5863029956817627,8.904523849487305,1.0,0.0,0.037037037037037,IGHG,Saline
D42_Hashtag4|C00019,2,0.6009291997818285,D42_Hashtag4,1,P3,1.0,True,P3,0.999974483071077,6.437244892120361,2.4068078994750977,0.0,0.0,0.0,IGHM,Saline
D42_Hashtag4|C00020,2,0.6009291997818285,D42_Hashtag4,1,P3,1.0,True,P3,0.9999966738789858,6.225725173950195,1.3956881761550903,0.0,0.0,0.0277777777777777,IGHG,Saline
D42_Hashtag4|C00021,2,0.6009291997818285,D42_Hashtag4,1,P2,1.0,True,P2,0.9998204964523688,-2.7094082832336426,5.655778408050537,1.0,0.0,0.0261194029850746,IGHG,Saline
D42_Hashtag4|C00022,2,0.6009291997818285,D42_Hashtag4,1,P3,0.62,True,P3,0.999298167431128,4.138178825378418,3.545663595199585,0.5,0.0,0.0351851851851851,IGHG,Saline
D42_Hashtag4|C00023,2,0.6009291997818285,D42_Hashtag4,1,P3,0.3,True,P3,0.8510322326280814,3.921368837356568,4.4772539138793945,0.5,0.0,0.0279850746268656,IGHG,Saline
D42_Hashtag4|C00024,2,0.6009291997818285,D42_Hashtag4,1,P2,0.68,True,P2,0.999996509661779,-3.3874495029449463,8.820412635803223,1.0,0.0,0.0481481481481481,IGHG,Saline
D42_Hashtag4|C00025,2,0.6009291997818285,D42_Hashtag4,1,P3,1.0,True,P3,0.988113367103931,7.147327423095703,2.306363821029663,0.0,0.0,0.0,IGHM,Saline
D42_Hashtag4|C00026,2,0.6009291997818285,D42_Hashtag4,1,P2,1.0,True,P2,0.99971491770526,-3.79888367652893,4.921814918518066,1.0,0.0,0.0333333333333333,IGHG,Saline
D42_Hashtag4|C00027,2,0.6009291997818285,D42_Hashtag4,1,P2,1.0,True,P2,0.9999618159524016,-2.824426651000977,4.998287677764893,1.0,0.0,0.0277777777777777,IGHG,Saline
D42_Hashtag5|C00001,7,0.8313036265891967,D42_Hashtag5,1,P2,0.98,True,P2,0.9993336549166044,-3.7167422771453857,4.819862842559815,1.0,0.0,0.038095238095238,IGHG,Saline
D42_Hashtag5|C00002,6,0.8096157047243099,D42_Hashtag5,1,P2,0.8,True,P2,0.8539798385741479,-2.342648506164551,6.486645698547363,0.8333333333333334,0.1666666666666666,0.0382716049382716,IGHG,Saline
D42_Hashtag5|C00003,5,0.7813975773872784,D42_Hashtag5,1,P2,1.0,True,P2,0.9975085827666892,-3.669113874435425,4.828178405761719,1.0,0.0,0.0177777777777777,IGHG,Saline
D42_Hashtag5|C00004,5,0.7813975773872784,D42_Hashtag5,1,P2,0.88,True,P2,0.999464268838452,-2.971865653991699,7.800686836242676,1.0,0.0,0.0337951653193288,IGHG,Saline
D42_Hashtag5|C00005,5,0.7813975773872784,D42_Hashtag5,1,P2,0.92,True,P2,0.9997512330617536,-3.648555040359497,4.7661452293396,1.0,0.0,0.049159756771697,IGHG,Saline
D42_Hashtag5|C00006,4,0.7430974236898071,D42_Hashtag5,1,P2,0.88,True,P2,0.9989066491091596,-2.393139362335205,8.225696563720703,1.0,0.0,0.0202464788732394,IGHG,Saline
D42_Hashtag5|C00007,4,0.7430974236898071,D42_Hashtag5,1,P1,0.36,True,P1,0.9151563653623952,8.154495239257812,8.002176284790039,0.75,0.25,0.0379629629629629,IGHG,Saline
D42_Hashtag5|C00008,3,0.6879296487615283,D42_Hashtag5,1,P2,0.84,True,P2,0.9997294415663212,-2.3419785499572754,7.003065586090088,1.0,0.0,0.0096969696969696,IGHG,Saline
D42_Hashtag5|C00009,3,0.6879296487615283,D42_Hashtag5,1,P2,1.0,True,P2,0.9997928415124192,-1.613190531730652,6.184279441833496,1.0,0.0,0.0049382716049382,IGHG,Saline
D42_Hashtag5|C00010,3,0.6879296487615283,D42_Hashtag5,1,P2,1.0,True,P2,0.9981203196923288,-3.553887128829956,4.656164169311523,1.0,0.0,0.035279805352798,IGHG,Saline
D42_Hashtag5|C00011,3,0.6879296487615283,D42_Hashtag5,1,P1,0.82,True,P1,0.9999962893596496,13.0325345993042,10.08808422088623,0.3333333333333333,0.6666666666666666,0.0288220551378446,IGHG,Saline
D42_Hashtag5|C00012,3,0.6879296487615283,D42_Hashtag5,1,P1,0.4,True,P1,0.9914651936413548,7.760234832763672,6.962958812713623,0.6666666666666666,0.3333333333333333,0.0345679012345679,IGHG,Saline
D42_Hashtag5|C00013,3,0.6879296487615283,D42_Hashtag5,1,P2,0.78,True,P2,0.9998920478321992,-3.10757064819336,8.108024597167969,1.0,0.0,0.028395061728395,IGHG,Saline
D42_Hashtag5|C00014,3,0.6879296487615283,D42_Hashtag5,1,P2,1.0,True,P2,0.9993934993674144,-3.875723600387573,5.033377170562744,1.0,0.0,0.0363408521303258,IGHG,Saline
D42_Hashtag5|C00015,3,0.6879296487615283,D42_Hashtag5,1,P2,0.74,True,P2,0.9995168931802242,-2.964078187942505,8.199491500854492,1.0,0.0,0.0411985018726591,IGHG,Saline
D42_Hashtag5|C00016,3,0.6879296487615283,D42_Hashtag5,1,P2,0.92,True,P2,0.9999939063609202,-2.185094356536865,8.88407039642334,1.0,0.0,0.0419753086419753,IGHG,Saline
D42_Hashtag5|C00017,3,0.6879296487615283,D42_Hashtag5,1,P2,1.0,True,P2,0.9998552858684568,-1.5664314031600952,6.417346954345703,1.0,0.0,0.0185873605947955,IGHG,Saline
D42_Hashtag5|C00018,2,0.6009291997818285,D42_Hashtag5,1,P3,0.72,True,P3,0.9982561449687096,4.70458984375,3.763887643814087,0.5,0.0,0.0244360902255639,IGHG,Saline
D42_Hashtag5|C00019,2,0.6009291997818285,D42_Hashtag5,1,P3,0.98,True,P3,1.0,4.000328540802002,3.0240962505340576,0.0,0.0,0.0037037037037037,IGHG,Saline
D42_Hashtag5|C00020,2,0.6009291997818285,D42_Hashtag5,1,P3,0.68,True,P3,0.9947539851372916,4.702708721160889,3.7461555004119873,0.5,0.0,0.0148698884758364,IGHG,Saline
D42_Hashtag5|C00021,2,0.6009291997818285,D42_Hashtag5,1,P2,1.0,True,P2,0.9999310798580716,-3.833562612533569,5.850015640258789,1.0,0.0,0.0314814814814814,IGHG,Saline
D42_Hashtag5|C00022,2,0.6009291997818285,D42_Hashtag5,1,P1,0.68,True,P1,0.9658204027955714,8.103612899780273,7.502963542938232,0.5,0.5,0.0197841726618705,IGHG,Saline
D42_Hashtag5|C00023,2,0.6009291997818285,D42_Hashtag5,1,P1,0.72,True,P1,0.9988862399789384,7.348964214324951,7.274197578430176,0.5,0.5,0.014388489208633,IGHG,Saline
D42_Hashtag5|C00024,2,0.6009291997818285,D42_Hashtag5,1,P2,0.76,True,P2,0.9999721123848112,-2.3539812564849854,8.84139633178711,1.0,0.0,0.0202952029520295,IGHG,Saline
D42_Hashtag5|C00025,2,0.6009291997818285,D42_Hashtag5,1,P2,1.0,True,P2,0.9954248212539648,-3.384876012802124,4.555706977844238,1.0,0.0,0.03690036900369,IGHG,Saline
D42_Hashtag5|C00026,2,0.6009291997818285,D42_Hashtag5,1,P1,1.0,True,P1,0.9999999999875656,12.464816093444824,10.46592903137207,0.0,1.0,0.0334572490706319,IGHG,Saline
D42_Hashtag5|C00027,2,0.6009291997818285,D42_Hashtag5,1,P1,0.7,True,P1,0.9976640804565434,8.767298698425293,8.522356986999512,0.5,0.5,0.020446096654275,IGHG,Saline
D42_Hashtag5|C00028,2,0.6009291997818285,D42_Hashtag5,1,P2,0.88,True,P2,0.999406285918994,-3.2006068229675293,7.637773990631103,1.0,0.0,0.044776119402985,IGHG,Saline
D42_Hashtag5|C00029,2,0.6009291997818285,D42_Hashtag5,1,P2,0.7,True,P2,0.999790161508696,-3.1030452251434326,8.131143569946289,1.0,0.0,0.0351851851851851,IGHG,Saline
D42_Hashtag5|C00030,2,0.6009291997818285,D42_Hashtag5,1,P3,0.98,True,P3,0.9987246601556364,6.650578498840332,-0.6164246201515198,0.0,0.0,0.0,IGHM,Saline
D42_Hashtag5|C00031,2,0.6009291997818285,D42_Hashtag5,1,P3,1.0,True,P3,0.9999866503328204,6.509108543395996,2.483917713165283,0.0,0.0,0.0,IGHM,Saline
D42_Hashtag5|C00032,2,0.6009291997818285,D42_Hashtag5,1,P2,1.0,True,P2,0.9982028246728204,-3.907002687454224,5.604413986206055,1.0,0.0,0.0259259259259259,IGHG,Saline
D42_Hashtag5|C00033,2,0.6009291997818285,D42_Hashtag5,1,P1,1.0,True,P1,0.999988576987165,14.32868480682373,7.869150161743164,0.0,1.0,0.0296296296296296,IGHG,Saline
D42_Hashtag5|C00034,2,0.6009291997818285,D42_Hashtag5,1,P1,0.54,True,P1,0.9818392828996916,7.824287414550781,5.784508228302002,0.0,0.5,0.0111524163568773,IGHG,Saline
D42_Hashtag5|C00035,2,0.6009291997818285,D42_Hashtag5,1,P2,0.7,True,P2,0.9995122451479502,-2.380190134048462,8.525567054748535,1.0,0.0,0.0185185185185185,IGHG,Saline
D42_Hashtag5|C00036,2,0.6009291997818285,D42_Hashtag5,1,P2,1.0,True,P2,0.9992331695131031,-1.506862998008728,6.199837684631348,1.0,0.0,0.0296296296296296,IGHG,Saline
D42_Hashtag5|C00037,2,0.6009291997818285,D42_Hashtag5,1,P2,0.8,True,P2,0.9999478885846996,-3.3368656635284424,7.636500358581543,1.0,0.0,0.0690298507462686,IGHG,Saline
D42_Hashtag5|C00038,2,0.6009291997818285,D42_Hashtag5,1,P2,1.0,True,P2,0.9973886595413308,-3.889089345932007,5.036589622497559,1.0,0.0,0.0222222222222222,IGHG,Saline
D42_Hashtag5|C00039,2,0.6009291997818285,D42_Hashtag5,1,P2,1.0,True,P2,0.999817329849046,-2.237698554992676,6.611200332641602,1.0,0.0,0.0314814814814814,IGHG,Saline
D42_Hashtag5|C00040,2,0.6009291997818285,D42_Hashtag5,1,P3,0.98,True,P3,0.990619693655865,6.577546119689941,-0.3259658217430115,0.0,0.0,0.0,IGHM,Saline
D42_Hashtag5|C00041,2,0.6009291997818285,D42_Hashtag5,1,P1,1.0,True,P1,0.9999999999710952,12.534457206726074,10.310441970825195,0.0,1.0,0.0018518518518518,IGHG,Saline
D42_Hashtag5|C00042,2,0.6009291997818285,D42_Hashtag5,1,P2,1.0,True,P2,0.9999864656010704,-1.1952122449874878,6.61783504486084,1.0,0.0,0.0391791044776119,IGHG,Saline
D42_Hashtag5|C00043,2,0.6009291997818285,D42_Hashtag5,1,P2,0.78,True,P2,0.9212817391545784,-2.830195665359497,7.829771995544434,1.0,0.0,0.0333333333333333,IGHG,Saline
D42_Hashtag5|C00044,2,0.6009291997818285,D42_Hashtag5,1,P2,1.0,True,P2,0.999981136377088,-3.8619658946990967,5.834694862365723,1.0,0.0,0.0203703703703703,IGHG,Saline
D42_Hashtag5|C00045,2,0.6009291997818285,D42_Hashtag5,1,P3,0.56,True,P3,0.7247174482439547,6.834503650665283,-0.1625454276800155,0.0,0.5,0.0,IGHM,Saline
D42_Hashtag5|C00046,2,0.6009291997818285,D42_Hashtag5,1,P2,0.74,True,P2,0.999971222940792,-2.444023847579956,8.886787414550781,1.0,0.0,0.0601503759398496,IGHG,Saline
D42_Hashtag5|C00047,2,0.6009291997818285,D42_Hashtag5,1,P2,0.76,True,P2,0.9992350494394644,-2.93949294090271,8.171805381774902,1.0,0.0,0.048689138576779,IGHG,Saline
D42_Hashtag5|C00048,2,0.6009291997818285,D42_Hashtag5,1,P2,0.4,True,P2,0.6175316339876811,3.809373140335083,5.068410873413086,0.5,0.0,0.0277777777777777,IGHG,Saline
D42_Hashtag5|C00049,2,0.6009291997818285,D42_Hashtag5,1,P2,1.0,True,P2,0.9995332184958188,-1.4962323904037476,6.204906940460205,1.0,0.0,0.044832229828302,IGHG,Saline
D42_Hashtag6|C00001,4,0.7430974236898071,D42_Hashtag6,1,P3,0.98,True,P3,0.9999354933845426,6.815733432769775,-1.2908368110656738,0.0,0.0,0.0,IGHM,Saline
D42_Hashtag6|C00002,4,0.7430974236898071,D42_Hashtag6,1,P2,0.86,True,P2,0.9998439181768864,-2.776358127593994,8.57517147064209,1.0,0.0,0.0404135338345864,IGHG,Saline
D42_Hashtag6|C00003,4,0.7430974236898071,D42_Hashtag6,1,P2,1.0,True,P2,0.9998754051858316,-2.036924123764038,5.844515323638916,1.0,0.0,0.0444444444444444,IGHG,Saline
D42_Hashtag6|C00004,3,0.6879296487615283,D42_Hashtag6,1,P2,0.8,True,P2,0.9999977216657588,-2.941134214401245,9.090765953063965,1.0,0.0,0.0495066317866813,IGHG,Saline
D42_Hashtag6|C00005,3,0.6879296487615283,D42_Hashtag6,1,P3,0.98,True,P3,0.999999786571189,7.452829837799072,-1.0654194355010986,0.0,0.0,0.0,IGHM,Saline
D42_Hashtag6|C00006,3,0.6879296487615283,D42_Hashtag6,1,P2,0.68,True,P2,0.9999981632380142,-2.938117742538452,10.378829956054688,1.0,0.0,0.018450184501845,IGHG,Saline
D42_Hashtag6|C00007,2,0.6009291997818285,D42_Hashtag6,1,P2,1.0,True,P2,0.9999978489041697,-1.1851500272750854,6.569001197814941,1.0,0.0,0.0444444444444444,IGHG,Saline
D42_Hashtag6|C00008,2,0.6009291997818285,D42_Hashtag6,1,P3,1.0,True,P3,0.9999947278237896,6.23798942565918,1.3691757917404177,0.0,0.0,0.0283521303258145,IGHG,Saline
D42_Hashtag6|C00009,2,0.6009291997818285,D42_Hashtag6,1,P3,1.0,True,P3,0.999954493148445,6.47731351852417,2.3069989681243896,0.0,0.0,0.0,,Saline
D42_Hashtag6|C00010,2,0.6009291997818285,D42_Hashtag6,1,P1,0.66,True,P1,0.9984165030370548,7.553715229034424,6.070977687835693,0.0,0.5,0.0178571428571428,IGHM,Saline
D42_Hashtag6|C00011,2,0.6009291997818285,D42_Hashtag6,1,P3,1.0,True,P3,0.9979414148500492,6.413108348846436,0.9276987314224244,0.0,0.0,0.0333333333333333,IGHM,Saline
D42_Hashtag6|C00012,2,0.6009291997818285,D42_Hashtag6,1,P3,0.98,True,P3,0.9998867986414244,6.686856269836426,0.1114609763026237,0.0,0.0,0.0074349442379182,IGHM,Saline
D42_Hashtag6|C00013,2,0.6009291997818285,D42_Hashtag6,1,P2,0.74,True,P2,0.9999830979845898,-2.6342644691467285,9.551957130432127,1.0,0.0,0.039426523297491,IGHG,Saline
D42_Hashtag6|C00014,2,0.6009291997818285,D42_Hashtag6,1,P1,0.6,True,P1,0.999989380236842,7.982248306274414,8.022974014282227,0.5,0.5,0.024261030589087,,Saline
D42_Hashtag6|C00015,2,0.6009291997818285,D42_Hashtag6,1,P2,0.64,True,P2,0.9999988457542468,-3.0554275512695312,10.47914218902588,1.0,0.0,0.0185185185185185,IGHG,Saline
D42_Hashtag6|C00016,2,0.6009291997818285,D42_Hashtag6,1,P2,1.0,True,P2,0.9999970135406756,-1.2731093168258667,6.695573806762695,1.0,0.0,0.0333333333333333,IGHG,Saline
D42_Hashtag6|C00017,2,0.6009291997818285,D42_Hashtag6,1,P2,1.0,True,P2,0.9999897870092118,-3.535307645797729,6.336783409118652,1.0,0.0,0.0359712230215827,IGHG,Saline
D42_Hashtag6|C00018,2,0.6009291997818285,D42_Hashtag6,1,P2,0.48,True,P2,0.9970990649495508,4.135058403015137,4.489891052246094,0.5,0.0,0.0244360902255639,IGHG,Saline
D42_Hashtag6|C00019,2,0.6009291997818285,D42_Hashtag6,1,P3,0.98,True,P3,0.9976849556136598,6.542253494262695,0.0979479625821113,0.0,0.0,0.0,IGHM,Saline
D42_Hashtag6|C00020,2,0.6009291997818285,D42_Hashtag6,1,P2,1.0,True,P2,0.99999456042248,-1.7088218927383425,6.214465618133545,1.0,0.0,0.0193798449612403,IGHG,Saline
D42_Hashtag6|C00021,2,0.6009291997818285,D42_Hashtag6,1,P2,0.76,True,P2,0.9999963183471848,-3.1871776580810547,8.965938568115234,1.0,0.0,0.0106382978723404,IGHG,Saline
D42_Hashtag6|C00022,2,0.6009291997818285,D42_Hashtag6,1,P2,0.68,True,P2,0.9998870019461296,-2.963728904724121,8.761720657348633,1.0,0.0,0.0388888888888888,IGHG,Saline
D42_Hashtag6|C00023,2,0.6009291997818285,D42_Hashtag6,1,P2,0.72,True,P2,0.9988527564291816,-2.460482120513916,8.437470436096191,1.0,0.0,0.024074074074074,IGHG,Saline
D42_Hashtag6|C00024,2,0.6009291997818285,D42_Hashtag6,1,P3,1.0,True,P3,0.9999992052050178,6.176799774169922,1.4582356214523315,0.0,0.0,0.0314814814814814,IGHA,Saline
D42_Hashtag6|C00025,2,0.6009291997818285,D42_Hashtag6,1,P2,0.8,True,P2,0.9999554456196096,-2.181615114212036,9.062721252441406,1.0,0.0,0.0481481481481481,IGHG,Saline
D42_Hashtag6|C00026,2,0.6009291997818285,D42_Hashtag6,1,P2,1.0,True,P2,0.9999604286648822,-1.9907599687576292,5.931905269622803,1.0,0.0,0.0351851851851851,IGHG,Saline
D42_Hashtag6|C00027,2,0.6009291997818285,D42_Hashtag6,1,P2,0.42,True,P2,0.9769104778428848,3.7477548122406006,5.1108832359313965,0.5,0.0,0.0333333333333333,IGHG,Saline
D42_Hashtag6|C00028,2,0.6009291997818285,D42_Hashtag6,1,P2,1.0,True,P2,0.9980318281371364,-2.413689613342285,6.214517116546631,1.0,0.0,0.037037037037037,IGHG,Saline
D42_Hashtag6|C00029,2,0.6009291997818285,D42_Hashtag6,1,P3,1.0,True,P3,0.9999900478499608,5.960424900054932,1.6853501796722412,0.0,0.0,0.0,IGHM,Saline
D42_Hashtag6|C00030,2,0.6009291997818285,D42_Hashtag6,1,P2,0.74,True,P2,0.9999226254290436,-3.4102344512939453,8.879097938537598,1.0,0.0,0.0318352059925093,IGHG,Saline
D42_Hashtag6|C00031,2,0.6009291997818285,D42_Hashtag6,1,P2,1.0,True,P2,0.9999053810874494,-3.732856035232544,4.79766321182251,1.0,0.0,0.0333333333333333,IGHG,Saline
D42_Hashtag6|C00032,2,0.6009291997818285,D42_Hashtag6,1,P3,0.42,True,P3,0.9743109882703817,4.5730977058410645,3.9295074939727774,0.5,0.0,0.0111111111111111,,Saline
D42_Hashtag6|C00033,2,0.6009291997818285,D42_Hashtag6,1,P3,1.0,True,P3,0.9990586852665932,7.100417137145996,2.338336944580078,0.0,0.0,0.0,IGHM,Saline
D42_Hashtag6|C00034,2,0.6009291997818285,D42_Hashtag6,1,P3,0.98,True,P3,0.9999482738390724,6.533607482910156,0.0925635620951652,0.0,0.0,0.0,IGHM,Saline
D42_Hashtag6|C00035,2,0.6009291997818285,D42_Hashtag6,1,P2,0.46,True,P2,0.4705579742430211,3.740844964981079,5.067451000213623,0.5,0.0,0.0187408820558859,IGHG,Saline
D42_Hashtag6|C00036,2,0.6009291997818285,D42_Hashtag6,1,P2,0.64,True,P2,0.9999952331777632,-3.770859241485596,10.203934669494627,1.0,0.0,0.0306859205776173,IGHG,Saline
D42_Hashtag7|C00001,2,0.6009291997818285,D42_Hashtag7,1,P3,1.0,True,P3,0.5610940417217204,6.2930827140808105,2.8452742099761963,0.0,0.0,0.0,IGHM,Naive
D42_Hashtag7|C00002,2,0.6009291997818285,D42_Hashtag7,1,P3,1.0,True,P3,0.9072599586379024,6.095408916473389,2.7842516899108887,0.0,0.0,0.0,IGHM,Naive
