clone_id,n_cells,reliability,donor,n_contexts,clone_programme,confidence,core,clone_programme_assigned,assignment_posterior,x,y,isotype,mutation_frequency,timepoint,age_group
120648|C00001,11,0.9326697786864134,120648,1,P2,0.98,True,P2,0.9999999999999858,13.485126495361328,-0.4070321023464203,IGHG,0.05750011652891354,0.36363636363636365,young
120648|C00002,9,0.9192617835628317,120648,1,P1,1.0,True,P1,1.0,12.336791038513184,5.33452844619751,IGHM,0.03339103320888835,0.4444444444444444,young
120648|C00003,7,0.8991434163867826,120648,1,P4,1.0,True,P4,1.0,-2.4806125164031982,5.805789947509766,IGHA,0.06718930420229122,1.0,young
120648|C00004,6,0.884755763798802,120648,1,P2,0.62,True,P2,0.9410154515558357,11.853486061096191,1.626299500465393,IGHG,0.07650273224043716,0.5,young
120648|C00005,6,0.884755763798802,120648,1,P4,0.86,True,P4,1.0,0.37547406554222107,6.564701080322266,IGHG,0.06167221141171301,1.0,young
120648|C00006,6,0.884755763798802,120648,1,P1,1.0,True,P1,0.9999999999956515,12.893254280090332,5.42546272277832,IGHM,0.035656251331698495,0.6666666666666666,young
120648|C00007,5,0.8655324330768077,120648,1,P2,0.9,True,P2,0.9999995973656255,11.903982162475586,1.5527887344360352,IGHG,0.039898577051165604,0.8,young
120648|C00008,5,0.8655324330768077,120648,1,P2,0.96,True,P2,0.9999999682602696,13.0137939453125,0.04016517102718353,IGHM,0.03651685393258427,0.2,young
120648|C00009,5,0.8655324330768077,120648,1,P1,1.0,True,P1,0.9999999975011775,12.441043853759766,6.773021221160889,IGHM,0.019444444444444445,0.4,young
120648|C00010,4,0.8385084386853215,120648,1,P1,1.0,True,P1,0.9999999073268427,13.424903869628906,7.22149133682251,IGHA,0.0508595988538682,0.75,young
120648|C00011,4,0.8385084386853215,120648,1,P1,1.0,True,P1,0.9999999996062741,11.373449325561523,7.368061542510986,IGHA,0.12789017341040462,0.75,young
120648|C00012,4,0.8385084386853215,120648,1,P2,1.0,True,P2,1.0,11.726970672607422,-0.8303254842758179,IGHM,0.055401662049861494,0.0,young
120648|C00013,4,0.8385084386853215,120648,1,P2,1.0,True,P2,1.0,11.7033052444458,-0.8064219355583191,IGHM,0.0,0.5,young
120648|C00014,4,0.8385084386853215,120648,1,P1,1.0,True,P1,0.999995916552801,12.368833541870117,5.554369926452637,IGHM,0.05575931232091691,0.75,young
120648|C00015,4,0.8385084386853215,120648,1,P2,0.36,True,P2,1.0,9.534504890441895,0.23021410405635834,IGHM,0.05307262569832402,0.0,young
120648|C00016,4,0.8385084386853215,120648,1,P1,1.0,True,P1,0.9999129797681525,12.298129081726074,5.313333034515381,IGHM,0.04336552939880275,0.5,young
120648|C00017,4,0.8385084386853215,120648,1,P1,1.0,True,P1,0.9999995462185359,13.309986114501953,7.437559604644775,IGHM,0.014542936288088643,0.75,young
120648|C00018,4,0.8385084386853215,120648,1,P2,0.86,True,P2,0.9999828750904012,12.367790222167969,1.2256659269332886,IGHM,0.02564102564102564,0.75,young
120648|C00019,4,0.8385084386853215,120648,1,P1,0.98,True,P1,0.9999681405580495,13.301337242126465,6.301121711730957,IGHM,0.0,1.0,young
120648|C00020,4,0.8385084386853215,120648,1,P1,1.0,True,P1,0.9999999271325235,12.311152458190918,5.78968620300293,IGHM,0.06897612302711453,0.25,young
120648|C00021,4,0.8385084386853215,120648,1,P2,1.0,True,P2,0.9999999999442224,12.904693603515625,-0.12864387035369873,IGHM,0.008356545961002786,0.25,young
120648|C00022,4,0.8385084386853215,120648,1,P1,1.0,True,P1,0.9999999968992626,12.292170524597168,5.892159461975098,IGHM,0.05482456140350877,0.5,young
120648|C00023,4,0.8385084386853215,120648,1,P1,1.0,True,P1,0.9999999997294111,12.097208976745605,5.783443450927734,IGHA,0.0856269113149847,0.25,young
120648|C00024,3,0.7976260126230478,120648,1,P1,1.0,True,P1,0.9999999870482413,13.08687973022461,7.4129204750061035,IGHM,0.029248891663065574,0.3333333333333333,young
120648|C00025,3,0.7976260126230478,120648,1,P1,1.0,True,P1,0.9999999905147092,8.861629486083984,6.0353522300720215,IGHA,0.11763582081819535,1.0,young
120648|C00026,3,0.7976260126230478,120648,1,P2,0.36,True,P2,0.9913865901372849,10.003039360046387,0.6664170026779175,IGHM,0.06105083851024634,0.3333333333333333,young
120648|C00027,3,0.7976260126230478,120648,1,P2,0.34,True,P2,0.758308062502579,10.036201477050781,0.742519736289978,IGHM,0.045845272206303724,0.0,young
120648|C00028,3,0.7976260126230478,120648,1,P1,1.0,True,P1,0.9999087054274156,11.43315315246582,5.335317134857178,IGHM,0.0057306590257879654,0.6666666666666666,young
120648|C00029,3,0.7976260126230478,120648,1,P3,0.54,True,P3,0.9814437111014082,13.656761169433594,11.42564868927002,IGHM,0.021917808219178086,0.0,young
120648|C00030,3,0.7976260126230478,120648,1,P1,0.78,True,P1,0.6823607881029876,13.947824478149414,6.35552453994751,IGHM,0.028089887640449437,1.0,young
120648|C00031,3,0.7976260126230478,120648,1,P1,1.0,True,P1,0.9999987415637537,11.145610809326172,6.969330310821533,IGHA,0.06497175141242938,0.6666666666666666,young
120648|C00032,3,0.7976260126230478,120648,1,P1,0.98,True,P1,0.999998087875918,12.741148948669434,6.712393283843994,IGHM,0.06766169154228856,0.0,young
120648|C00033,3,0.7976260126230478,120648,1,P1,1.0,True,P1,0.9999998792388498,11.588669776916504,7.450433254241943,IGHA,0.07580174927113703,1.0,young
120648|C00034,3,0.7976260126230478,120648,1,P2,0.66,True,P2,0.9285615452520618,13.397730827331543,1.4581938982009888,IGHM,0.056818181818181816,0.6666666666666666,young
120648|C00035,3,0.7976260126230478,120648,1,P2,0.34,True,P2,0.5923747410168774,10.126424789428711,0.5820875763893127,IGHM,0.01326259946949602,1.0,young
120648|C00036,3,0.7976260126230478,120648,1,P1,1.0,True,P1,0.9999997569033365,12.078795433044434,5.804243087768555,IGHA,0.055710306406685235,0.6666666666666666,young
120648|C00037,3,0.7976260126230478,120648,1,P3,1.0,True,P3,0.9999999999915303,13.514701843261719,12.318453788757324,IGHM,0.0,1.0,young
120648|C00038,3,0.7976260126230478,120648,1,P1,1.0,True,P1,0.9999999813230859,12.800283432006836,6.731297016143799,IGHM,0.03133804841584728,1.0,young
120648|C00039,3,0.7976260126230478,120648,1,P1,0.98,True,P1,0.9997342354867258,9.828654289245605,6.884317874908447,IGHA,0.04616143832693129,0.6666666666666666,young
120648|C00040,3,0.7976260126230478,120648,1,P3,1.0,True,P3,0.9999999999998437,14.014681816101074,13.000435829162598,IGHM,0.0,0.0,young
120648|C00041,3,0.7976260126230478,120648,1,P3,1.0,True,P3,0.9999992252291764,13.293417930603027,12.508358001708984,IGHM,0.0,0.0,young
120648|C00042,3,0.7976260126230478,120648,1,P1,1.0,True,P1,0.9999978683740646,12.662894248962402,7.127216339111328,IGHM,0.05135387488328665,0.0,young
120648|C00043,3,0.7976260126230478,120648,1,P4,1.0,True,P4,1.0,-2.6489806175231934,5.46394157409668,IGHG,0.08991825613079019,1.0,young
120648|C00044,3,0.7976260126230478,120648,1,P3,0.98,True,P3,0.9999999999993747,13.859349250793457,13.135320663452148,IGHM,0.0,0.0,young
120648|C00045,3,0.7976260126230478,120648,1,P1,1.0,True,P1,0.9978372225477499,12.87804889678955,7.759687900543213,IGHM,0.03320362320020406,1.0,young
120648|C00046,3,0.7976260126230478,120648,1,P2,0.94,True,P2,0.9995777517006947,13.394882202148438,1.0575920343399048,IGHM,0.0,0.3333333333333333,young
120648|C00047,3,0.7976260126230478,120648,1,P1,1.0,True,P1,0.9999999771724506,12.36160945892334,5.299951553344727,IGHM,0.05413105413105413,0.6666666666666666,young
120648|C00048,3,0.7976260126230478,120648,1,P1,1.0,True,P1,0.9999999969453341,12.610639572143555,7.333473205566406,IGHM,0.030303030303030304,0.6666666666666666,young
120648|C00049,3,0.7976260126230478,120648,1,P1,1.0,True,P1,0.9999992330064301,13.12467098236084,6.769517421722412,IGHA,0.05014005602240897,0.6666666666666666,young
120648|C00050,3,0.7976260126230478,120648,1,P1,1.0,True,P1,0.9999030841194266,13.096251487731934,7.184998989105225,IGHM,0.03496064513013666,0.6666666666666666,young
120648|C00051,3,0.7976260126230478,120648,1,P1,1.0,True,P1,0.9999999832800485,8.93640422821045,5.8955397605896,IGHA,0.023394421230000365,0.6666666666666666,young
120648|C00052,3,0.7976260126230478,120648,1,P1,1.0,True,P1,0.9999953525128398,9.10653305053711,6.074781894683838,IGHA,0.08384458077709611,0.3333333333333333,young
120648|C00053,3,0.7976260126230478,120648,1,P3,0.84,True,P3,0.999998387685728,14.368511199951172,12.487237930297852,IGHM,0.0,0.0,young
120648|C00054,3,0.7976260126230478,120648,1,P1,1.0,True,P1,0.9999965183024033,12.87109088897705,7.229194164276123,IGHM,0.07102272727272728,0.3333333333333333,young
120648|C00055,3,0.7976260126230478,120648,1,P2,0.34,True,P2,0.9998727984835137,9.88875675201416,0.5369835495948792,IGHA,0.07671232876712329,0.3333333333333333,young
120648|C00056,3,0.7976260126230478,120648,1,P1,1.0,True,P1,0.9999999965787509,13.175006866455078,6.4911932945251465,IGHM,0.06876790830945559,1.0,young
120648|C00057,3,0.7976260126230478,120648,1,P1,1.0,True,P1,0.9999763321009073,12.079851150512695,7.740002632141113,IGHM,0.07677356656948493,0.3333333333333333,young
120648|C00058,3,0.7976260126230478,120648,1,P2,1.0,True,P2,1.0,12.342822074890137,-0.8736176490783691,IGHM,0.03278688524590164,1.0,young
120648|C00059,3,0.7976260126230478,120648,1,P4,0.0,True,P4,0.999919308543819,10.046101570129395,1.8298262357711792,IGHM,0.028985507246376812,0.6666666666666666,young
120648|C00060,3,0.7976260126230478,120648,1,P1,1.0,True,P1,0.9999999948729652,12.128055572509766,7.5542521476745605,IGHM,0.05074626865671642,0.0,young
120648|C00061,3,0.7976260126230478,120648,1,P1,1.0,True,P1,0.9999999995710738,13.233499526977539,5.601534366607666,IGHA,0.04163750978047448,1.0,young
120648|C00062,3,0.7976260126230478,120648,1,P1,1.0,True,P1,0.9994377968259741,9.326791763305664,5.384381294250488,IGHA,0.014164305949008499,0.3333333333333333,young
120648|C00063,3,0.7976260126230478,120648,1,P1,1.0,True,P1,0.999994921659001,12.399876594543457,7.649467468261719,IGHA,0.03871102741159238,0.0,young
120648|C00064,3,0.7976260126230478,120648,1,P1,1.0,True,P1,0.9878784904872604,10.8754301071167,7.56919002532959,IGHA,0.08595988538681948,0.6666666666666666,young
120648|C00065,3,0.7976260126230478,120648,1,P1,1.0,True,P1,0.9999995840935737,12.835619926452637,7.644174098968506,IGHM,0.04178272980501393,1.0,young
120648|C00066,2,0.7281594966805268,120648,1,P3,1.0,True,P3,0.9999947843466988,15.215133666992188,11.4896821975708,IGHM,0.029239766081871343,1.0,young
120648|C00067,2,0.7281594966805268,120648,1,P1,1.0,True,P1,0.9999514922477399,13.043607711791992,7.32171630859375,IGHA,0.06017191977077364,0.5,young
120648|C00068,2,0.7281594966805268,120648,1,P4,0.52,True,P4,0.9921226482735852,1.077655553817749,6.268670558929443,IGHA,0.07358747993579454,0.0,young
120648|C00069,2,0.7281594966805268,120648,1,P1,1.0,True,P1,0.9887918654238559,12.75613021850586,6.841160774230957,IGHM,0.053049461376773514,0.0,young
120648|C00070,2,0.7281594966805268,120648,1,P1,1.0,True,P1,0.9999469082416812,11.226222038269043,7.556553840637207,IGHA,0.06579119727534713,1.0,young
120648|C00071,2,0.7281594966805268,120648,1,P1,1.0,True,P1,0.9999947268041944,13.268390655517578,7.492661952972412,IGHM,0.053824362606232294,0.0,young
120648|C00072,2,0.7281594966805268,120648,1,P3,1.0,True,P3,0.9999623955268695,13.862643241882324,12.027237892150879,IGHM,0.0,0.0,young
120648|C00073,2,0.7281594966805268,120648,1,P1,1.0,True,P1,0.9999963902593899,13.337021827697754,5.697011470794678,IGHA,0.10574184387629074,0.5,young
120648|C00074,2,0.7281594966805268,120648,1,P1,1.0,True,P1,0.9999778034363538,12.426107406616211,7.316188335418701,IGHM,0.06826805256263996,0.5,young
120648|C00075,2,0.7281594966805268,120648,1,P1,1.0,True,P1,0.9999988971883736,9.090678215026855,6.058438777923584,IGHA,0.0967741935483871,1.0,young
120648|C00076,2,0.7281594966805268,120648,1,P3,1.0,True,P3,0.9999999996539657,14.895129203796387,12.746190071105957,IGHM,0.0,0.0,young
120648|C00077,2,0.7281594966805268,120648,1,P1,1.0,True,P1,0.9999786455623753,12.62966537475586,7.1394243240356445,IGHM,0.07857142857142857,0.5,young
120648|C00078,2,0.7281594966805268,120648,1,P2,1.0,True,P2,0.9999999999980957,11.638057708740234,-0.7664909958839417,IGHM,0.028409090909090908,1.0,young
120648|C00079,2,0.7281594966805268,120648,1,P3,1.0,True,P3,0.9999998915737282,14.900566101074219,11.92482852935791,IGHM,0.0,0.0,young
120648|C00080,2,0.7281594966805268,120648,1,P1,1.0,True,P1,0.9981429007062466,11.98384952545166,5.1681413650512695,IGHM,0.06353591160220995,1.0,young
120648|C00081,2,0.7281594966805268,120648,1,P1,1.0,True,P1,0.9958166593040606,9.601738929748535,7.091838359832764,IGHA,0.09698339032730827,0.5,young
120648|C00082,2,0.7281594966805268,120648,1,P1,1.0,True,P1,0.998564112547768,12.433122634887695,7.505302906036377,IGHG,0.10755813953488372,1.0,young
120648|C00083,2,0.7281594966805268,120648,1,P2,0.76,True,P2,0.8960909455450327,11.897335052490234,1.307212471961975,IGHG,0.019943019943019943,1.0,young
120648|C00084,2,0.7281594966805268,120648,1,P2,0.48,True,P2,0.9827291419900027,12.50417709350586,1.8739153146743774,IGHG,0.06599314955702665,0.5,young
120648|C00085,2,0.7281594966805268,120648,1,P1,1.0,True,P1,0.9999854573784595,13.05556583404541,7.185178756713867,IGHM,0.024961186820769365,1.0,young
120648|C00086,2,0.7281594966805268,120648,1,P1,1.0,True,P1,0.999935099476186,12.397948265075684,7.419226169586182,IGHM,0.005681818181818182,0.0,young
120648|C00087,2,0.7281594966805268,120648,1,P1,1.0,True,P1,0.9971154212587642,11.183558464050293,7.642775058746338,IGHA,0.07369942196531792,0.5,young
120648|C00088,2,0.7281594966805268,120648,1,P1,1.0,True,P1,0.999965317421578,12.992776870727539,7.249692440032959,IGHM,0.05029585798816568,0.0,young
120648|C00089,2,0.7281594966805268,120648,1,P4,0.0,True,P4,0.999999977374401,10.059487342834473,1.8914735317230225,IGHA,0.09763313609467456,0.0,young
120648|C00090,2,0.7281594966805268,120648,1,P2,0.36,True,P2,0.9002469643642406,10.005001068115234,0.5321625471115112,IGHM,0.04815864022662889,0.0,young
120648|C00091,2,0.7281594966805268,120648,1,P4,0.02,True,P4,1.0,10.034812927246094,1.7486687898635864,IGHM,0.0,0.0,young
120648|C00092,2,0.7281594966805268,120648,1,P4,0.0,True,P4,0.692501212745674,10.07262134552002,1.774843454360962,IGHM,0.11080162402039467,0.5,young
120648|C00093,2,0.7281594966805268,120648,1,P1,1.0,True,P1,0.9997699174554419,11.991641998291016,7.774574279785156,IGHM,0.05730659025787966,0.5,young
120648|C00094,2,0.7281594966805268,120648,1,P1,1.0,True,P1,0.9966804859458022,10.888747215270996,7.6822381019592285,IGHA,0.07954545454545454,0.0,young
120648|C00095,2,0.7281594966805268,120648,1,P3,1.0,True,P3,0.9999995841516819,12.95966625213623,12.651326179504395,IGHM,0.0,0.0,young
120648|C00096,2,0.7281594966805268,120648,1,P1,1.0,True,P1,0.9951607463495068,13.583362579345703,7.162442684173584,IGHM,0.019943019943019943,0.5,young
120648|C00097,2,0.7281594966805268,120648,1,P1,1.0,True,P1,0.9999992082834418,12.265911102294922,7.471853256225586,IGHM,0.02023121387283237,0.5,young
120648|C00098,2,0.7281594966805268,120648,1,P1,1.0,True,P1,0.9998729605424261,13.058404922485352,7.387174129486084,IGHM,0.017045454545454544,0.5,young
120648|C00099,2,0.7281594966805268,120648,1,P1,1.0,True,P1,0.9997052700912468,12.201948165893555,7.674625396728516,IGHM,0.02,1.0,young
120648|C00100,2,0.7281594966805268,120648,1,P3,1.0,True,P3,0.9999999899877849,13.68525505065918,12.395368576049805,IGHM,0.0,0.0,young
120648|C00101,2,0.7281594966805268,120648,1,P3,1.0,True,P3,0.9999999997677094,14.620656967163086,12.977956771850586,IGHM,0.0,0.0,young
120648|C00102,2,0.7281594966805268,120648,1,P1,1.0,True,P1,0.999504150902134,13.921964645385742,5.127442359924316,IGHM,0.04335260115606936,0.0,young
120648|C00103,2,0.7281594966805268,120648,1,P1,1.0,True,P1,0.9927086693985591,14.020341873168945,6.340297698974609,IGHM,0.04285714285714286,0.0,young
120648|C00104,2,0.7281594966805268,120648,1,P2,0.8,True,P2,0.6831569260715752,12.995978355407715,1.385389804840088,IGHA,0.060941828254847646,1.0,young
120648|C00105,2,0.7281594966805268,120648,1,P3,1.0,True,P3,0.9999999999841265,13.803976058959961,13.509039878845215,IGHM,0.0,0.0,young
120648|C00106,2,0.7281594966805268,120648,1,P3,1.0,True,P3,0.9999999997662172,14.978008270263672,13.480986595153809,,0.0,0.0,young
120648|C00107,2,0.7281594966805268,120648,1,P4,1.0,True,P4,1.0,-0.5217342376708984,6.08817720413208,IGHA,0.15966386554621848,0.0,young
120648|C00108,2,0.7281594966805268,120648,1,P1,1.0,True,P1,0.9999902205142206,12.904925346374512,6.881425857543945,IGHM,0.029498525073746312,0.5,young
120648|C00109,2,0.7281594966805268,120648,1,P2,1.0,True,P2,0.9999999991167527,12.180563926696777,-0.7729727029800415,,0.04093567251461988,1.0,young
120648|C00110,2,0.7281594966805268,120648,1,P3,1.0,True,P3,0.9999986583229562,15.125823020935059,11.654074668884277,IGHM,0.0013966480446927375,0.5,young
120648|C00111,2,0.7281594966805268,120648,1,P1,1.0,True,P1,0.7295579227045937,11.13656997680664,7.777196884155273,IGHA,0.059189622121267826,0.0,young
120648|C00112,2,0.7281594966805268,120648,1,P1,1.0,True,P1,0.9999800845877778,12.933713912963867,7.5035400390625,IGHA,0.04154727793696275,0.0,young
120648|C00113,2,0.7281594966805268,120648,1,P1,1.0,True,P1,0.9999953171610736,12.795838356018066,5.277713775634766,IGHM,0.08092485549132948,0.0,young
120648|C00114,2,0.7281594966805268,120648,1,P4,1.0,True,P4,1.0,-0.5559506416320801,6.117568016052246,IGHA,0.13559322033898305,0.0,young
120648|C00115,2,0.7281594966805268,120648,1,P3,1.0,True,P3,0.9999999999940599,15.300491333007812,11.830937385559082,IGHM,0.0,1.0,young
120648|C00116,2,0.7281594966805268,120648,1,P1,0.98,True,P1,0.9991313860757384,8.865363121032715,3.7002663612365723,IGHM,0.0,0.0,young
120648|C00117,2,0.7281594966805268,120648,1,P1,1.0,True,P1,0.9998148534074311,10.374725341796875,7.245068073272705,,0.03977272727272727,1.0,young
120648|C00118,2,0.7281594966805268,120648,1,P1,1.0,True,P1,0.9999862143688265,12.231157302856445,7.354657173156738,,0.04843304843304843,0.5,young
120648|C00119,2,0.7281594966805268,120648,1,P1,1.0,True,P1,0.9999995987765923,12.194500923156738,7.624081134796143,,0.05128205128205128,0.0,young
120648|C00120,2,0.7281594966805268,120648,1,P1,1.0,True,P1,0.9997411346527281,13.193536758422852,7.562671184539795,IGHM,0.08450704225352113,1.0,young
120648|C00121,2,0.7281594966805268,120648,1,P1,1.0,True,P1,0.9999911462157925,12.001638412475586,7.497183322906494,IGHA,0.05373091328147508,0.0,young
120648|C00122,2,0.7281594966805268,120648,1,P1,1.0,True,P1,0.9996594606138305,13.049692153930664,7.372313499450684,IGHA,0.04795496140685923,0.5,young
120648|C00123,2,0.7281594966805268,120648,1,P3,1.0,True,P3,0.9999999998157705,14.637006759643555,12.262627601623535,,0.0,0.5,young
120648|C00124,2,0.7281594966805268,120648,1,P1,1.0,True,P1,0.9998305703415309,13.214031219482422,7.204473972320557,IGHM,0.03757350975674953,0.0,young
120648|C00125,2,0.7281594966805268,120648,1,P1,1.0,True,P1,0.9999987260212478,13.811758041381836,5.458581924438477,IGHA,0.06725146198830409,0.5,young
120648|C00126,2,0.7281594966805268,120648,1,P1,1.0,True,P1,0.956543573305412,11.87593936920166,7.831862449645996,IGHA,0.04519774011299435,1.0,young
120648|C00127,2,0.7281594966805268,120648,1,P1,1.0,True,P1,0.9999609019157042,13.42002010345459,6.936594009399414,IGHM,0.03731343283582089,0.0,young
120648|C00128,2,0.7281594966805268,120648,1,P1,1.0,True,P1,0.9999999059299443,13.827390670776367,5.339106559753418,IGHM,0.09451219512195122,0.5,young
120648|C00129,2,0.7281594966805268,120648,1,P1,1.0,True,P1,0.9998648177940797,12.867744445800781,7.721310138702393,IGHM,0.0469208211143695,1.0,young
120648|C00130,2,0.7281594966805268,120648,1,P1,1.0,True,P1,0.9999788805476235,12.630142211914062,7.187824249267578,IGHM,0.057803468208092484,0.0,young
120648|C00131,2,0.7281594966805268,120648,1,P2,0.56,True,P2,0.7112025865354689,13.097643852233887,1.539848804473877,IGHM,0.0463768115942029,0.5,young
120648|C00132,2,0.7281594966805268,120648,1,P1,1.0,True,P1,0.9999681532492174,12.0652437210083,5.72731351852417,IGHA,0.0463768115942029,0.5,young
120648|C00133,2,0.7281594966805268,120648,1,P1,1.0,True,P1,0.9999979772903338,12.168662071228027,6.131345748901367,IGHM,0.0651252408477842,0.0,young
120648|C00134,2,0.7281594966805268,120648,1,P1,1.0,True,P1,0.9999996645257164,9.698369979858398,6.601105690002441,IGHA,0.11572700296735905,0.5,young
120648|C00135,2,0.7281594966805268,120648,1,P1,1.0,True,P1,0.983193874991515,10.157437324523926,7.0366926193237305,IGHA,0.13274336283185842,0.0,young
120648|C00136,2,0.7281594966805268,120648,1,P1,1.0,True,P1,0.9999946738719402,11.106276512145996,7.012192249298096,IGHM,0.13994169096209913,0.5,young
120648|C00137,2,0.7281594966805268,120648,1,P1,1.0,True,P1,0.9999646404207717,10.767708778381348,7.202836513519287,IGHA,0.05727630285152409,0.0,young
120648|C00138,2,0.7281594966805268,120648,1,P2,0.78,True,P2,0.8387598765778116,13.60366153717041,0.35971659421920776,IGHM,0.06171469059990553,0.5,young
120648|C00139,2,0.7281594966805268,120648,1,P1,1.0,True,P1,0.9999992796193206,12.626243591308594,7.179651260375977,IGHM,0.0332409972299169,1.0,young
120648|C00140,2,0.7281594966805268,120648,1,P1,1.0,True,P1,0.9999903635746288,12.465201377868652,7.057044982910156,IGHM,0.03672316384180791,1.0,young
120648|C00141,2,0.7281594966805268,120648,1,P1,1.0,True,P1,0.99993139010983,12.429166793823242,7.938587665557861,IGHM,0.008547008547008548,0.0,young
120648|C00142,2,0.7281594966805268,120648,1,P1,1.0,True,P1,0.9999992503081611,11.964098930358887,5.899235725402832,IGHA,0.07183908045977011,0.0,young
120648|C00143,2,0.7281594966805268,120648,1,P3,0.34,True,P3,0.9997941769172071,13.905345916748047,10.55300521850586,IGHG,0.09375,0.0,young
120648|C00144,2,0.7281594966805268,120648,1,P4,1.0,True,P4,1.0,-1.5560438632965088,6.762908935546875,IGHA,0.07901907356948229,0.0,young
120648|C00145,2,0.7281594966805268,120648,1,P1,1.0,True,P1,0.9999969648448843,8.93498706817627,6.139492511749268,IGHA,0.1261127596439169,0.5,young
120648|C00146,2,0.7281594966805268,120648,1,P3,1.0,True,P3,0.99999999931606,13.636316299438477,13.104207992553711,,0.0,0.0,young
120648|C00147,2,0.7281594966805268,120648,1,P1,1.0,True,P1,0.999995983754467,13.250953674316406,7.301187992095947,IGHA,0.03774920372773387,1.0,young
120648|C00148,2,0.7281594966805268,120648,1,P1,1.0,True,P1,0.99999919274991,13.395635604858398,6.867254257202148,IGHM,0.030054644808743168,0.5,young
120648|C00149,2,0.7281594966805268,120648,1,P2,0.36,True,P2,0.9885183474166241,9.597700119018555,0.30070725083351135,IGHA,0.06285714285714286,0.0,young
120648|C00150,2,0.7281594966805268,120648,1,P2,1.0,True,P2,0.9958103765249244,13.419868469238281,1.0204975605010986,IGHM,0.07563025210084033,0.5,young
120648|C00151,2,0.7281594966805268,120648,1,P3,1.0,True,P3,0.9999999718327505,15.346343994140625,12.783306121826172,IGHM,0.0,0.0,young
120648|C00152,2,0.7281594966805268,120648,1,P3,1.0,True,P3,1.0,14.822501182556152,13.45014762878418,IGHM,0.0,0.0,young
120648|C00153,2,0.7281594966805268,120648,1,P1,1.0,True,P1,0.9999945076856613,13.305176734924316,6.765285491943359,IGHM,0.031791907514450865,0.5,young
120648|C00154,2,0.7281594966805268,120648,1,P1,1.0,True,P1,0.9999833751561135,12.765656471252441,6.913352012634277,IGHM,0.043227665706051875,1.0,young
120648|C00155,2,0.7281594966805268,120648,1,P2,1.0,True,P2,0.9997780603283069,13.29345703125,0.16862432658672333,IGHM,0.03783783783783784,0.5,young
120648|C00156,2,0.7281594966805268,120648,1,P4,0.64,True,P4,1.0,0.569869875907898,6.5624213218688965,IGHA,0.18228642029715436,0.5,young
120648|C00157,2,0.7281594966805268,120648,1,P1,1.0,True,P1,0.9899930911932775,13.126341819763184,7.172844886779785,IGHM,0.05217391304347826,0.0,young
120648|C00158,2,0.7281594966805268,120648,1,P1,0.98,True,P1,0.9997367721914486,12.225602149963379,5.601072311401367,IGHA,0.03651685393258427,0.5,young
120648|C00159,2,0.7281594966805268,120648,1,P3,1.0,True,P3,0.9999999999846665,15.319896697998047,11.692996978759766,,0.0,0.0,young
120648|C00160,2,0.7281594966805268,120648,1,P1,1.0,True,P1,0.9999481691033343,13.12938404083252,7.415811538696289,IGHM,0.03825136612021858,1.0,young
120648|C00161,2,0.7281594966805268,120648,1,P3,1.0,True,P3,0.971892946404839,12.834024429321289,12.221963882446289,IGHM,0.0,0.0,young
120648|C00162,2,0.7281594966805268,120648,1,P3,1.0,True,P3,0.9999910280131024,14.799699783325195,11.765273094177246,IGHM,0.0,0.0,young
120648|C00163,2,0.7281594966805268,120648,1,P3,0.92,True,P3,0.9967950125815279,14.733075141906738,12.025157928466797,IGHA,0.04986149584487535,0.0,young
120648|C00164,2,0.7281594966805268,120648,1,P3,1.0,True,P3,0.9999999989507558,13.564119338989258,12.3521146774292,,0.002770083102493075,0.0,young
120648|C00165,2,0.7281594966805268,120648,1,P3,1.0,True,P3,0.9999999999997016,15.356258392333984,11.774397850036621,,0.0,0.5,young
120648|C00166,2,0.7281594966805268,120648,1,P2,1.0,True,P2,0.9999999936908921,12.010653495788574,-0.8060311675071716,,0.03188405797101449,0.5,young
120648|C00167,2,0.7281594966805268,120648,1,P1,1.0,True,P1,0.9999978855505461,13.192285537719727,7.242302417755127,IGHM,0.05813953488372093,0.5,young
120648|C00168,2,0.7281594966805268,120648,1,P1,1.0,True,P1,0.9999832815353555,12.418976783752441,7.609555244445801,IGHA,0.05813953488372093,0.5,young
120648|C00169,2,0.7281594966805268,120648,1,P3,0.96,True,P3,0.9930041114348339,14.232197761535645,11.858914375305176,IGHM,0.0,0.0,young
120648|C00170,2,0.7281594966805268,120648,1,P1,1.0,True,P1,0.9999884344260491,11.800929069519043,7.427640438079834,IGHG,0.09705882352941177,1.0,young
120648|C00171,2,0.7281594966805268,120648,1,P3,1.0,True,P3,0.999999999999261,15.357596397399902,11.674798011779785,IGHM,0.0,1.0,young
120648|C00172,2,0.7281594966805268,120648,1,P1,1.0,True,P1,0.9999851561373221,11.008493423461914,7.230361461639404,IGHA,0.05099150141643059,0.5,young
120648|C00173,2,0.7281594966805268,120648,1,P1,1.0,True,P1,0.9999969269538023,12.206372261047363,7.3035078048706055,IGHA,0.0814414811549482,0.0,young
120648|C00174,2,0.7281594966805268,120648,1,P2,1.0,True,P2,0.9999999211360406,12.67048454284668,0.27241069078445435,IGHM,0.013297872340425532,0.5,young
120648|C00175,2,0.7281594966805268,120648,1,P2,0.86,True,P2,0.9372210100473538,13.133514404296875,1.4352890253067017,IGHG,0.03422619047619048,0.0,young
120648|C00176,2,0.7281594966805268,120648,1,P3,1.0,True,P3,0.9999980038575585,14.374898910522461,11.874756813049316,,0.0,1.0,young
120648|C00177,2,0.7281594966805268,120648,1,P1,0.96,True,P1,0.996516944852947,13.43626880645752,6.8777289390563965,IGHM,0.04899135446685879,1.0,young
120648|C00178,2,0.7281594966805268,120648,1,P3,1.0,True,P3,0.9999975038493464,15.243209838867188,11.46240234375,IGHM,0.0,1.0,young
120648|C00179,2,0.7281594966805268,120648,1,P2,1.0,True,P2,0.9999989242265133,12.144229888916016,0.5028444528579712,,0.06837606837606838,1.0,young
120648|C00180,2,0.7281594966805268,120648,1,P1,1.0,True,P1,0.999997933979844,12.151885032653809,7.629154682159424,IGHA,0.054945054945054944,0.5,young
120648|C00181,2,0.7281594966805268,120648,1,P1,1.0,True,P1,0.9999333960604672,13.129499435424805,7.422626495361328,IGHM,0.05635838150289017,0.5,young
120648|C00182,2,0.7281594966805268,120648,1,P1,1.0,True,P1,0.9997627124515405,12.687088966369629,7.811843395233154,IGHM,0.038011695906432746,0.5,young
120648|C00183,2,0.7281594966805268,120648,1,P2,0.82,True,P2,0.856219107753132,14.192992210388184,0.11823851615190506,IGHM,0.0,0.0,young
120648|C00184,2,0.7281594966805268,120648,1,P1,1.0,True,P1,0.9999996533907624,13.547579765319824,5.5790510177612305,,0.06277172523144596,0.5,young
120648|C00185,2,0.7281594966805268,120648,1,P1,0.82,True,P1,0.9996248794539941,13.4954252243042,6.9314961433410645,IGHM,0.028169014084507043,0.5,young
120648|C00186,2,0.7281594966805268,120648,1,P3,1.0,True,P3,0.9999997896347929,13.048591613769531,12.510429382324219,IGHM,0.0,0.0,young
120648|C00187,2,0.7281594966805268,120648,1,P1,1.0,True,P1,0.9999997187456668,11.87274169921875,6.0063676834106445,IGHM,0.06198093149956813,0.5,young
120648|C00188,2,0.7281594966805268,120648,1,P1,1.0,True,P1,0.9742259957504676,10.325272560119629,7.219571113586426,IGHA,0.08333333333333333,0.0,young
120648|C00189,2,0.7281594966805268,120648,1,P1,1.0,True,P1,0.9999999938289932,9.574095726013184,6.081188678741455,IGHG,0.09056151940545004,0.5,young
120648|C00190,2,0.7281594966805268,120648,1,P1,1.0,True,P1,0.9999910638246188,11.859325408935547,7.731204509735107,IGHA,0.028735632183908046,0.5,young
120648|C00191,2,0.7281594966805268,120648,1,P2,1.0,True,P2,0.9999999999986073,11.785134315490723,-0.8024284243583679,,0.018970189701897018,0.5,young
120648|C00192,2,0.7281594966805268,120648,1,P3,1.0,True,P3,0.9999999999997158,15.363828659057617,11.96774673461914,IGHM,0.0,1.0,young
120648|C00193,2,0.7281594966805268,120648,1,P3,1.0,True,P3,0.9999634107205696,12.831409454345703,12.23882007598877,IGHM,0.0,0.0,young
120648|C00194,2,0.7281594966805268,120648,1,P1,1.0,True,P1,0.9999975063752484,13.006365776062012,7.532355308532715,IGHM,0.03418803418803419,0.0,young
120648|C00195,2,0.7281594966805268,120648,1,P3,1.0,True,P3,0.9999999999974278,13.845131874084473,13.356624603271484,,0.0,0.0,young
120648|C00196,2,0.7281594966805268,120648,1,P3,1.0,True,P3,0.9999999998145626,13.83968448638916,12.975528717041016,,0.0,0.0,young
120648|C00197,2,0.7281594966805268,120648,1,P2,0.5,True,P2,0.9070100362526606,13.191142082214355,1.3240468502044678,IGHM,0.008902077151335312,0.5,young
120648|C00198,2,0.7281594966805268,120648,1,P2,0.72,True,P2,0.5897646795240837,12.945338249206543,1.3062584400177002,,0.03038674033149171,0.0,young
120648|C00199,2,0.7281594966805268,120648,1,P2,1.0,True,P2,0.9999999822724136,12.387057304382324,-0.4084412753582001,IGHM,0.0223463687150838,0.5,young
120648|C00200,2,0.7281594966805268,120648,1,P3,0.94,True,P3,0.9999633168683898,14.557239532470703,11.558093070983887,IGHM,0.0,0.5,young
120648|C00201,2,0.7281594966805268,120648,1,P2,0.82,True,P2,0.9873122624689347,14.184459686279297,-0.26427122950553894,IGHM,0.0,1.0,young
120648|C00202,2,0.7281594966805268,120648,1,P1,1.0,True,P1,0.9999980000161022,13.164551734924316,7.272510528564453,IGHM,0.04046242774566474,0.5,young
120648|C00203,2,0.7281594966805268,120648,1,P3,1.0,True,P3,0.999999999977419,13.875442504882812,12.998498916625977,,0.0,0.0,young
120648|C00204,2,0.7281594966805268,120648,1,P3,1.0,True,P3,0.9999999999981668,13.903491020202637,13.466887474060059,IGHM,0.0,0.0,young
120648|C00205,2,0.7281594966805268,120648,1,P2,0.84,True,P2,0.941046046345367,13.754963874816895,-0.3296712636947632,IGHM,0.024861878453038673,0.0,young
120648|C00206,2,0.7281594966805268,120648,1,P3,1.0,True,P3,0.9999999999991758,14.153523445129395,13.488116264343262,IGHM,0.0,0.0,young
120648|C00207,2,0.7281594966805268,120648,1,P3,0.54,True,P3,0.5967532371094587,14.447674751281738,11.595891952514648,IGHM,0.01977401129943503,0.0,young
120648|C00208,2,0.7281594966805268,120648,1,P1,1.0,True,P1,0.9999923266228263,12.660588264465332,6.883665084838867,IGHM,0.05521472392638037,1.0,young
120648|C00209,2,0.7281594966805268,120648,1,P1,1.0,True,P1,0.9998988017337723,10.356127738952637,7.024101257324219,IGHA,0.04956268221574344,0.5,young
120648|C00210,2,0.7281594966805268,120648,1,P3,1.0,True,P3,0.999999993845293,14.315375328063965,11.871752738952637,IGHM,0.0,0.0,young
120648|C00211,2,0.7281594966805268,120648,1,P1,1.0,True,P1,0.9974009392556715,13.058443069458008,7.484535217285156,IGHM,0.03954802259887006,0.5,young
120648|C00212,2,0.7281594966805268,120648,1,P3,1.0,True,P3,0.999999645851594,14.581480979919434,11.92349910736084,IGHM,0.0,0.5,young
120648|C00213,2,0.7281594966805268,120648,1,P3,1.0,True,P3,0.9999999992477058,14.739885330200195,13.332921028137207,IGHD,0.0,0.0,young
120648|C00214,2,0.7281594966805268,120648,1,P1,1.0,True,P1,0.9985055777166039,12.527255058288574,7.399738311767578,IGHM,0.026239067055393587,0.0,young
120648|C00215,2,0.7281594966805268,120648,1,P1,1.0,True,P1,0.999999395513681,9.419721603393555,6.180899620056152,IGHA,0.09118930908459431,0.5,young
120648|C00216,2,0.7281594966805268,120648,1,P1,1.0,True,P1,0.9999871565129281,12.108091354370117,5.392487049102783,IGHA,0.052486187845303865,0.0,young
120648|C00217,2,0.7281594966805268,120648,1,P1,1.0,True,P1,0.9996916365093966,12.438057899475098,7.8582987785339355,IGHM,0.014245014245014245,0.0,young
120648|C00218,2,0.7281594966805268,120648,1,P1,1.0,True,P1,0.9999874444057556,13.71523380279541,6.149723052978516,IGHM,0.058263412153572336,0.5,young
120648|C00219,2,0.7281594966805268,120648,1,P1,1.0,True,P1,0.9999998976599381,13.434277534484863,5.658163070678711,IGHM,0.06896551724137931,0.0,young
120648|C00220,2,0.7281594966805268,120648,1,P1,1.0,True,P1,0.9997848025023723,9.043862342834473,5.98464822769165,IGHA,0.0689149560117302,0.0,young
120648|C00221,2,0.7281594966805268,120648,1,P1,1.0,True,P1,0.9998887915120622,12.436342239379883,7.613818168640137,IGHM,0.0377906976744186,0.5,young
120648|C00222,2,0.7281594966805268,120648,1,P1,1.0,True,P1,0.9999963620677285,11.12207317352295,7.691653728485107,IGHA,0.06962758766000035,0.0,young
120648|C00223,2,0.7281594966805268,120648,1,P1,1.0,True,P1,0.9988853034465999,12.39522647857666,7.630584716796875,IGHM,0.04678362573099415,0.0,young
120648|C00224,2,0.7281594966805268,120648,1,P3,1.0,True,P3,0.9999987560349047,13.496092796325684,13.16954517364502,IGHD,0.0,0.0,young
120648|C00225,2,0.7281594966805268,120648,1,P1,1.0,True,P1,0.9999696666204199,12.66596794128418,7.4378862380981445,IGHA,0.07323943661971831,1.0,young
120648|C00226,2,0.7281594966805268,120648,1,P1,1.0,True,P1,0.7226809026914075,12.124808311462402,7.8225789070129395,,0.036414565826330535,0.0,young
120648|C00227,2,0.7281594966805268,120648,1,P1,1.0,True,P1,0.9995678572078124,12.788761138916016,7.5613508224487305,IGHD,0.0,1.0,young
120648|C00228,2,0.7281594966805268,120648,1,P4,1.0,True,P4,1.0,-2.49448299407959,6.48544979095459,IGHA,0.07352941176470588,0.0,young
120648|C00229,2,0.7281594966805268,120648,1,P1,1.0,True,P1,0.9998716566284758,12.440428733825684,5.532731533050537,IGHM,0.022408963585434174,1.0,young
120648|C00230,2,0.7281594966805268,120648,1,P2,1.0,True,P2,0.999945676761262,12.987584114074707,0.7784578204154968,IGHM,0.04507042253521127,1.0,young
120648|C00231,2,0.7281594966805268,120648,1,P3,1.0,True,P3,0.9999999997742179,14.752936363220215,13.389451026916504,IGHM,0.0,0.5,young
120648|C00232,2,0.7281594966805268,120648,1,P1,1.0,True,P1,0.9999998148519922,13.143349647521973,7.309005260467529,IGHM,0.028011204481792718,1.0,young
120648|C00233,2,0.7281594966805268,120648,1,P1,1.0,True,P1,0.9999995327137395,13.339716911315918,7.227219581604004,IGHA,0.03651685393258427,0.5,young
120648|C00234,2,0.7281594966805268,120648,1,P3,1.0,True,P3,0.9999999999966178,13.950461387634277,13.03874397277832,IGHM,0.0,0.0,young
120648|C00235,2,0.7281594966805268,120648,1,P1,1.0,True,P1,0.9999977201067037,13.214221000671387,6.584226131439209,IGHM,0.04081632653061224,0.5,young
120648|C00236,2,0.7281594966805268,120648,1,P1,1.0,True,P1,0.9998312748126641,12.540287017822266,7.459652423858643,IGHA,0.042735042735042736,0.5,young
120648|C00237,2,0.7281594966805268,120648,1,P1,1.0,True,P1,0.9999986358170571,13.129512786865234,6.5514397621154785,IGHM,0.04189944134078212,1.0,young
120648|C00238,2,0.7281594966805268,120648,1,P1,1.0,True,P1,0.9998709091835889,12.218147277832031,7.639688014984131,IGHM,0.06017191977077364,0.5,young
120648|C00239,2,0.7281594966805268,120648,1,P1,1.0,True,P1,0.9985479160761199,12.773458480834961,7.91156530380249,IGHM,0.028248587570621472,0.0,young
120648|C00240,2,0.7281594966805268,120648,1,P1,0.86,True,P1,0.9999962814321254,11.586395263671875,5.854295253753662,IGHM,0.05099150141643059,0.5,young
120648|C00241,2,0.7281594966805268,120648,1,P1,1.0,True,P1,0.9999989234352964,11.137203216552734,7.127995491027832,IGHA,0.1098776260284843,0.0,young
120648|C00242,2,0.7281594966805268,120648,1,P3,1.0,True,P3,0.9999999999972147,13.929579734802246,13.064138412475586,IGHD,0.0,0.0,young
120648|C00243,2,0.7281594966805268,120648,1,P4,0.66,True,P4,0.9999999999853912,0.4589681625366211,6.234924793243408,IGHA,0.10054569563443491,0.5,young
120648|C00244,2,0.7281594966805268,120648,1,P1,1.0,True,P1,0.9999999457723036,11.288314819335938,6.835451602935791,IGHA,0.052328745198463505,0.0,young
120648|C00245,2,0.7281594966805268,120648,1,P3,1.0,True,P3,0.9999998510139787,14.985255241394043,12.55739974975586,IGHD,0.0,1.0,young
120648|C00246,2,0.7281594966805268,120648,1,P1,0.92,True,P1,0.9372836656833488,12.352228164672852,5.181144714355469,IGHM,0.12926136363636365,1.0,young
120648|C00247,2,0.7281594966805268,120648,1,P1,1.0,True,P1,0.994569787647522,10.547532081604004,7.178053379058838,,0.08656716417910448,0.0,young
120648|C00248,2,0.7281594966805268,120648,1,P3,1.0,True,P3,0.9999998517338721,13.206110954284668,12.210184097290039,IGHD,0.0,1.0,young
120648|C00249,2,0.7281594966805268,120648,1,P1,1.0,True,P1,0.9999867917441527,12.591999053955078,7.049590587615967,IGHA,0.04722222222222222,0.0,young
120648|C00250,2,0.7281594966805268,120648,1,P2,0.36,True,P2,0.9976940330086971,10.008711814880371,0.5843098163604736,IGHM,0.03125,0.0,young
120648|C00251,2,0.7281594966805268,120648,1,P1,1.0,True,P1,0.9999954221250016,8.948068618774414,5.887479782104492,IGHA,0.06387948283823303,1.0,young
120648|C00252,2,0.7281594966805268,120648,1,P1,1.0,True,P1,0.9999948641861358,12.156394004821777,5.858994007110596,IGHA,0.047752808988764044,1.0,young
120648|C00253,2,0.7281594966805268,120648,1,P1,1.0,True,P1,0.9132303217548768,10.473109245300293,7.177369594573975,,0.0955056179775281,0.5,young
120648|C00254,2,0.7281594966805268,120648,1,P4,0.64,True,P4,0.9999261542758056,0.8351775407791138,6.307363510131836,IGHA,0.07152692537689234,0.0,young
120648|C00255,2,0.7281594966805268,120648,1,P1,1.0,True,P1,0.9999963625978483,9.390259742736816,6.307272434234619,IGHA,0.07102769189407178,0.5,young
120648|C00256,2,0.7281594966805268,120648,1,P3,1.0,True,P3,0.9999999999907203,14.962370872497559,12.573583602905273,IGHM,0.0,1.0,young
120648|C00257,2,0.7281594966805268,120648,1,P1,1.0,True,P1,0.9999383185249274,9.06839370727539,6.838061809539795,IGHA,0.10474860335195531,0.0,young
120648|C00258,2,0.7281594966805268,120648,1,P1,1.0,True,P1,0.9999976486725973,12.966033935546875,7.049293041229248,,0.03038674033149171,0.0,young
120648|C00259,2,0.7281594966805268,120648,1,P3,1.0,True,P3,0.9999994892823761,14.79763126373291,12.829815864562988,IGHD,0.0,1.0,young
120648|C00260,2,0.7281594966805268,120648,1,P1,1.0,True,P1,0.999689234481411,12.727731704711914,7.824565410614014,IGHM,0.030882352941176472,0.0,young
120648|C00261,2,0.7281594966805268,120648,1,P1,1.0,True,P1,0.9999999678438632,12.446390151977539,6.850614547729492,IGHM,0.014204545454545454,0.5,young
120648|C00262,2,0.7281594966805268,120648,1,P1,1.0,True,P1,0.9999972112943514,11.52916431427002,7.100826263427734,IGHM,0.047619047619047616,0.5,young
120648|C00263,2,0.7281594966805268,120648,1,P1,1.0,True,P1,0.9998510839095924,12.15433120727539,7.422947883605957,IGHA,0.07598512422851716,1.0,young
120648|C00264,2,0.7281594966805268,120648,1,P1,1.0,True,P1,0.9999974571584502,13.265229225158691,7.349607944488525,IGHM,0.05698005698005698,1.0,young
120648|C00265,2,0.7281594966805268,120648,1,P3,1.0,True,P3,0.9999999998451017,13.911188125610352,13.125924110412598,IGHM,0.002793296089385475,0.0,young
120648|C00266,2,0.7281594966805268,120648,1,P1,1.0,True,P1,0.9991758683393591,13.221508979797363,7.321582317352295,IGHM,0.05084745762711865,1.0,young
120648|C00267,2,0.7281594966805268,120648,1,P1,1.0,True,P1,0.9999812125840901,13.54525089263916,7.233474254608154,IGHM,0.03428571428571429,0.5,young
120648|C00268,2,0.7281594966805268,120648,1,P1,1.0,True,P1,0.9997961464550105,11.281912803649902,7.407817840576172,IGHA,0.06162464985994398,0.5,young
120648|C00269,2,0.7281594966805268,120648,1,P2,0.88,True,P2,0.9999851965811419,12.874728202819824,0.35805603861808777,IGHM,0.01713064713064713,0.5,young
120648|C00270,2,0.7281594966805268,120648,1,P4,1.0,True,P4,1.0,-2.4597458839416504,6.593879699707031,IGHA,0.07065217391304347,1.0,young
120648|C00271,2,0.7281594966805268,120648,1,P2,1.0,True,P2,0.999999999999261,11.867262840270996,-0.8527437448501587,,0.03713527851458886,0.0,young
120648|C00272,2,0.7281594966805268,120648,1,P2,0.68,True,P2,0.9995259285099781,13.887763977050781,-0.553764820098877,IGHD,0.0,0.5,young
120648|C00273,2,0.7281594966805268,120648,1,P1,0.88,True,P1,0.6329687369024183,11.8984956741333,7.964901924133301,IGHM,0.11815561959654179,0.0,young
120648|C00274,2,0.7281594966805268,120648,1,P1,1.0,True,P1,0.9996383066889638,13.24089241027832,7.31022310256958,IGHM,0.06515580736543909,1.0,young
120648|C00275,2,0.7281594966805268,120648,1,P1,1.0,True,P1,0.9999378843532208,13.200726509094238,7.199016094207764,IGHA,0.08022922636103152,1.0,young
120648|C00276,2,0.7281594966805268,120648,1,P1,1.0,True,P1,0.9999826785132147,11.281134605407715,7.3608269691467285,IGHA,0.04228034535297105,0.5,young
120648|C00277,2,0.7281594966805268,120648,1,P1,0.98,True,P1,0.6428373585079087,11.943305015563965,8.005285263061523,IGHA,0.0273972602739726,0.0,young
120648|C00278,2,0.7281594966805268,120648,1,P1,1.0,True,P1,0.9992030630278689,9.104186058044434,6.053473949432373,IGHA,0.06006006006006006,0.5,young
120648|C00279,2,0.7281594966805268,120648,1,P1,1.0,True,P1,0.9999167124428696,13.740727424621582,6.047913074493408,IGHM,0.08450704225352113,0.5,young
120648|C00280,2,0.7281594966805268,120648,1,P3,0.98,True,P3,0.9971805418830418,13.116787910461426,12.432992935180664,IGHM,0.0,0.0,young
120648|C00281,2,0.7281594966805268,120648,1,P1,1.0,True,P1,0.9999993941320456,12.245052337646484,7.369069576263428,IGHA,0.07428571428571429,0.5,young
120648|C00282,2,0.7281594966805268,120648,1,P1,1.0,True,P1,0.9999998060235856,12.435504913330078,6.875354766845703,IGHM,0.031791907514450865,0.5,young
120648|C00283,2,0.7281594966805268,120648,1,P1,1.0,True,P1,0.9998551060293908,13.20391845703125,7.342053413391113,IGHM,0.06005586592178771,1.0,young
120648|C00284,2,0.7281594966805268,120648,1,P3,1.0,True,P3,0.9999997598613537,13.419053077697754,13.269432067871094,,0.0,0.0,young
120648|C00285,2,0.7281594966805268,120648,1,P1,1.0,True,P1,0.9967995462763455,9.280378341674805,6.338094234466553,IGHA,0.02172103984093085,0.5,young
120648|C00286,2,0.7281594966805268,120648,1,P1,1.0,True,P1,0.9999193842671001,13.22842788696289,6.6626176834106445,IGHM,0.040697674418604654,0.5,young
120648|C00287,2,0.7281594966805268,120648,1,P1,1.0,True,P1,0.9981298081567974,12.591917037963867,5.217039585113525,IGHM,0.021865889212827987,0.5,young
120648|C00288,2,0.7281594966805268,120648,1,P1,1.0,True,P1,0.9997179059748591,13.160504341125488,7.5813307762146,IGHM,0.013774104683195593,1.0,young
120648|C00289,2,0.7281594966805268,120648,1,P1,1.0,True,P1,0.9168373671263755,13.216658592224121,7.626490116119385,IGHM,0.05307262569832402,0.0,young
120648|C00290,2,0.7281594966805268,120648,1,P1,1.0,True,P1,0.9986121657718677,9.119915962219238,6.942910194396973,IGHA,0.15281899109792285,0.5,young
120648|C00291,2,0.7281594966805268,120648,1,P1,1.0,True,P1,0.9994291908669954,12.22573471069336,7.998702526092529,IGHM,0.051630434782608696,0.5,young
120648|C00292,2,0.7281594966805268,120648,1,P2,0.38,True,P2,0.9207836040001954,12.083385467529297,1.3839166164398193,IGHM,0.0,0.0,young
120648|C00293,2,0.7281594966805268,120648,1,P2,0.88,True,P2,0.9998000209503838,12.823309898376465,1.485811471939087,IGHA,0.08689117199391172,0.0,young
120648|C00294,2,0.7281594966805268,120648,1,P3,1.0,True,P3,0.9999838792988058,13.10000228881836,12.288785934448242,IGHM,0.0,0.0,young
120648|C00295,2,0.7281594966805268,120648,1,P2,0.36,True,P2,0.9839021131163839,9.634332656860352,0.32592636346817017,IGHM,0.0026954177897574125,0.0,young
120648|C00296,2,0.7281594966805268,120648,1,P3,1.0,True,P3,0.9999999990893542,13.765873908996582,12.24112319946289,IGHM,0.002824858757062147,0.0,young
120648|C00297,2,0.7281594966805268,120648,1,P1,1.0,True,P1,0.9999802564425313,13.461273193359375,6.981203079223633,IGHM,0.02654867256637168,1.0,young
120648|C00298,2,0.7281594966805268,120648,1,P4,1.0,True,P4,1.0,-2.1855788230895996,5.663870334625244,IGHG,0.21176470588235294,1.0,young
120648|C00299,2,0.7281594966805268,120648,1,P2,1.0,True,P2,0.9999999944836588,12.346369743347168,-0.4380438029766083,IGHM,0.011428571428571429,1.0,young
120648|C00300,2,0.7281594966805268,120648,1,P3,1.0,True,P3,0.9999999999874518,14.069341659545898,12.988409042358398,IGHM,0.0,0.0,young
120648|C00301,2,0.7281594966805268,120648,1,P1,1.0,True,P1,0.9995425975755757,12.389872550964355,7.374501705169678,IGHM,0.05982905982905983,0.5,young
120648|C00302,2,0.7281594966805268,120648,1,P1,1.0,True,P1,0.9999905984538761,12.37552261352539,7.229212760925293,IGHM,0.07901907356948229,0.0,young
120648|C00303,2,0.7281594966805268,120648,1,P4,1.0,True,P4,1.0,-1.9028229713439941,6.828397274017334,IGHA,0.08857142857142856,0.5,young
120648|C00304,2,0.7281594966805268,120648,1,P1,1.0,True,P1,0.999728195612135,11.342652320861816,7.396669864654541,IGHA,0.08522727272727272,0.5,young
120648|C00305,2,0.7281594966805268,120648,1,P1,0.92,True,P1,0.9732073886288073,12.734781265258789,7.902517318725586,IGHM,0.06647398843930635,0.5,young
120648|C00306,2,0.7281594966805268,120648,1,P3,1.0,True,P3,0.9999999999530615,14.202664375305176,12.038285255432129,IGHM,0.0012987012987012987,0.0,young
120648|C00307,2,0.7281594966805268,120648,1,P3,1.0,True,P3,0.9999999337286476,14.260961532592773,12.424793243408203,,0.0,0.0,young
120648|C00308,2,0.7281594966805268,120648,1,P1,1.0,True,P1,0.9999983055058553,9.817962646484375,6.693995952606201,IGHA,0.07979337342104201,0.5,young
120648|C00309,2,0.7281594966805268,120648,1,P1,1.0,True,P1,0.999955036748491,10.990011215209961,7.6046462059021,IGHA,0.10434782608695652,0.5,young
120648|C00310,2,0.7281594966805268,120648,1,P1,1.0,True,P1,0.9998452541935338,13.319732666015625,7.2397661209106445,IGHM,0.05213903743315508,1.0,young
120648|C00311,2,0.7281594966805268,120648,1,P3,1.0,True,P3,0.9999752939913894,12.95799446105957,12.567445755004883,IGHM,0.0,0.0,young
120648|C00312,2,0.7281594966805268,120648,1,P3,1.0,True,P3,0.9999999967747328,13.55903148651123,13.137166976928711,,0.002824858757062147,0.0,young
120648|C00313,2,0.7281594966805268,120648,1,P1,1.0,True,P1,0.9999975329794941,13.752124786376953,6.014697551727295,IGHM,0.05232558139534884,0.5,young
120648|C00314,2,0.7281594966805268,120648,1,P4,0.74,True,P4,1.0,0.3688596487045288,6.4112629890441895,IGHG,0.044889073190959985,1.0,young
120648|C00315,2,0.7281594966805268,120648,1,P1,1.0,True,P1,0.9999599721252819,13.079669952392578,7.553193092346191,IGHM,0.02981029810298103,0.5,young
120648|C00316,2,0.7281594966805268,120648,1,P3,1.0,True,P3,0.9999999999245119,13.67176342010498,13.226679801940918,,0.0,0.0,young
120648|C00317,2,0.7281594966805268,120648,1,P3,0.84,True,P3,0.999999911486999,13.470786094665527,13.23117733001709,,0.002638522427440633,1.0,young
120648|C00318,2,0.7281594966805268,120648,1,P1,0.98,True,P1,0.9999990092967228,9.060029029846191,3.8369123935699463,IGHA,0.0659025787965616,0.0,young
120648|C00319,2,0.7281594966805268,120648,1,P1,1.0,True,P1,0.9999905059479408,12.786357879638672,6.993854999542236,IGHM,0.06370109742816453,0.5,young
120648|C00320,2,0.7281594966805268,120648,1,P1,0.74,True,P1,0.8735983212844798,13.481677055358887,7.373766899108887,IGHM,0.03133903133903134,1.0,young
120648|C00321,2,0.7281594966805268,120648,1,P1,1.0,True,P1,0.999882441913126,12.893595695495605,7.319365501403809,IGHM,0.02816901408450704,0.0,young
120648|C00322,2,0.7281594966805268,120648,1,P1,1.0,True,P1,0.9991653135543074,9.445700645446777,6.469421863555908,IGHA,0.03343023255813954,0.0,young
120648|C00323,2,0.7281594966805268,120648,1,P1,1.0,True,P1,0.9954096412823867,12.53044605255127,7.686532974243164,IGHM,0.050445103857566766,0.5,young
120648|C00324,2,0.7281594966805268,120648,1,P4,0.44,True,P4,0.9999998452487353,0.8869842290878296,5.2625932693481445,IGHA,0.06824925816023739,1.0,young
120648|C00325,2,0.7281594966805268,120648,1,P1,1.0,True,P1,0.9989920158697876,9.144609451293945,6.963657379150391,IGHA,0.1986923956955418,0.0,young
120648|C00326,2,0.7281594966805268,120648,1,P3,0.88,True,P3,0.9980650347853164,13.476298332214355,13.18021011352539,IGHM,0.0,0.0,young
120648|C00327,2,0.7281594966805268,120648,1,P1,1.0,True,P1,0.7512643442921294,9.260808944702148,7.0226006507873535,IGHG,0.14705882352941177,0.0,young
120648|C00328,2,0.7281594966805268,120648,1,P3,1.0,True,P3,0.999998782395013,13.140885353088379,12.270304679870605,,0.0,1.0,young
120648|C00329,2,0.7281594966805268,120648,1,P4,0.78,True,P4,1.0,0.2210933268070221,5.8261260986328125,IGHA,0.04007367990176013,1.0,young
120648|C00330,2,0.7281594966805268,120648,1,P4,0.72,True,P4,1.0,0.7432122826576233,5.746937274932861,IGHG,0.03813057586795983,1.0,young
120648|C00331,2,0.7281594966805268,120648,1,P3,1.0,True,P3,0.9998158832165429,13.114474296569824,12.268611907958984,IGHM,0.0,0.0,young
120648|C00332,2,0.7281594966805268,120648,1,P2,0.54,True,P2,0.6857681804025254,12.00027084350586,1.3437035083770752,IGHM,0.00554016620498615,0.5,young
120648|C00333,2,0.7281594966805268,120648,1,P1,1.0,True,P1,0.8661227623407265,12.26715087890625,7.905799388885498,IGHA,0.025139664804469275,0.5,young
120648|C00334,2,0.7281594966805268,120648,1,P1,1.0,True,P1,0.9998370719979931,9.146919250488281,6.159062385559082,IGHG,0.03856749311294766,0.5,young
120648|C00335,2,0.7281594966805268,120648,1,P1,1.0,True,P1,0.9999999580891634,12.842024803161621,6.809597969055176,IGHM,0.02247191011235955,0.0,young
120648|C00336,2,0.7281594966805268,120648,1,P4,0.0,True,P4,0.9999960030037315,10.067949295043945,1.7814476490020752,IGHA,0.0603448275862069,0.0,young
120648|C00337,2,0.7281594966805268,120648,1,P1,1.0,True,P1,0.9999073774171217,13.786212921142578,6.120547294616699,IGHM,0.0196078431372549,1.0,young
120648|C00338,2,0.7281594966805268,120648,1,P4,0.02,True,P4,0.9999999384011052,10.116780281066895,1.740437626838684,IGHM,0.01092896174863388,0.5,young
120648|C00339,2,0.7281594966805268,120648,1,P3,0.86,True,P3,0.999742224970217,14.70443058013916,11.425313949584961,IGHG,0.127515479876161,0.0,young
120648|C00340,2,0.7281594966805268,120648,1,P3,1.0,True,P3,0.9999672548581069,14.581551551818848,12.151712417602539,IGHM,0.0,0.0,young
120648|C00341,2,0.7281594966805268,120648,1,P1,1.0,True,P1,0.9999998531537352,13.142976760864258,6.612759113311768,IGHA,0.025714285714285714,0.5,young
120648|C00342,2,0.7281594966805268,120648,1,P1,1.0,True,P1,0.9999398257924731,11.177842140197754,7.594692230224609,,0.06412228686507049,0.5,young
120648|C00343,2,0.7281594966805268,120648,1,P3,1.0,True,P3,0.9999999999769926,15.11843490600586,12.888459205627441,,0.0,1.0,young
120648|C00344,2,0.7281594966805268,120648,1,P1,1.0,True,P1,0.9952933148616679,12.377730369567871,7.920834064483643,IGHM,0.03443526170798898,0.5,young
120648|C00345,2,0.7281594966805268,120648,1,P1,1.0,True,P1,0.9998626324591885,8.824052810668945,5.850396156311035,IGHA,0.09090909090909091,1.0,young
120648|C00346,2,0.7281594966805268,120648,1,P1,1.0,True,P1,0.9998177701825349,12.435102462768555,6.08468770980835,IGHM,0.028328611898016998,0.5,young
120648|C00347,2,0.7281594966805268,120648,1,P2,1.0,True,P2,0.999999628269135,13.05787181854248,-0.8913991451263428,IGHM,0.0,0.0,young
120648|C00348,2,0.7281594966805268,120648,1,P1,1.0,True,P1,0.9999493313018417,11.178544998168945,7.59494161605835,IGHM,0.069446227929374,1.0,young
120648|C00349,2,0.7281594966805268,120648,1,P1,1.0,True,P1,0.9999887768491054,13.17770004272461,7.414086818695068,IGHM,0.04310344827586207,1.0,young
120648|C00350,2,0.7281594966805268,120648,1,P1,1.0,True,P1,0.9788267677371523,11.749214172363281,7.83267068862915,IGHA,0.03468208092485549,0.5,young
120648|C00351,2,0.7281594966805268,120648,1,P1,1.0,True,P1,0.9999404354173859,12.616183280944824,7.402348041534424,IGHM,0.0,0.0,young
120648|C00352,2,0.7281594966805268,120648,1,P3,1.0,True,P3,0.9998985491609836,14.427839279174805,11.759760856628418,IGHM,0.0,0.5,young
120648|C00353,2,0.7281594966805268,120648,1,P3,1.0,True,P3,0.9999999987804955,15.206477165222168,12.648122787475586,IGHD,0.0,0.0,young
120648|C00354,2,0.7281594966805268,120648,1,P1,1.0,True,P1,0.9974212895570105,12.298381805419922,7.522530555725098,IGHA,0.05955678670360111,1.0,young
120648|C00355,2,0.7281594966805268,120648,1,P3,1.0,True,P3,0.9999999822077116,15.06686782836914,12.71162223815918,IGHM,0.0,1.0,young
120648|C00356,2,0.7281594966805268,120648,1,P4,0.0,True,P4,1.0,10.479172706604004,2.0679194927215576,IGHM,0.005714285714285714,0.0,young
120667|C00001,42,0.9811212774521364,120667,1,P4,1.0,True,P4,1.0,-2.8860981464385986,5.407049655914307,IGHG,0.0515576393290261,1.0,young
120667|C00002,27,0.971044746248075,120667,1,P4,0.18,True,P4,1.0,1.073089838027954,6.661818027496338,IGHG,0.06699922802903166,1.0,young
120667|C00003,14,0.9460841008005743,120667,1,P4,1.0,True,P4,1.0,-2.970457077026367,5.812699794769287,IGHM,0.023677842071577852,1.0,young
120667|C00004,13,0.9422502767866269,120667,1,P4,1.0,True,P4,1.0,-1.3855749368667603,5.768109321594238,IGHM,0.03679023569409254,1.0,young
120667|C00005,12,0.9378279053482508,120667,1,P2,0.56,True,P2,0.9825054355843875,11.70807933807373,1.447129726409912,IGHM,0.03343250618018409,0.75,young
120667|C00006,9,0.9192617835628317,120667,1,P4,1.0,True,P4,1.0,-1.6123194694519043,5.484963893890381,IGHM,0.056061564410710515,1.0,young
120667|C00007,9,0.9192617835628317,120667,1,P4,1.0,True,P4,1.0,-2.4146463871002197,6.033994674682617,IGHG,0.0532158927398092,1.0,young
120667|C00008,7,0.8991434163867826,120667,1,P4,1.0,True,P4,1.0,-2.8320064544677734,6.090495586395264,IGHM,0.031804342290275796,1.0,young
120667|C00009,7,0.8991434163867826,120667,1,P4,1.0,True,P4,1.0,-2.905841112136841,5.584133625030518,IGHA,0.06387831402455255,1.0,young
120667|C00010,6,0.884755763798802,120667,1,P4,0.96,True,P4,1.0,-0.11541926860809326,6.192513465881348,IGHM,0.05910219675262655,1.0,young
120667|C00011,6,0.884755763798802,120667,1,P4,1.0,True,P4,1.0,-1.7913974523544312,5.763542652130127,IGHM,0.061127029608404965,1.0,young
120667|C00012,6,0.884755763798802,120667,1,P4,1.0,True,P4,1.0,-0.6545990705490112,5.189194679260254,IGHA,0.06439322483465097,0.0,young
120667|C00013,6,0.884755763798802,120667,1,P4,1.0,True,P4,1.0,-2.874849557876587,5.783214569091797,IGHM,0.028607049756318715,1.0,young
120667|C00014,5,0.8655324330768077,120667,1,P4,0.98,True,P4,1.0,-0.5538153052330017,5.300570011138916,IGHM,0.03350602188869084,0.0,young
120667|C00015,5,0.8655324330768077,120667,1,P4,0.9,True,P4,1.0,-0.6716490983963013,5.284135341644287,IGHA,0.027246376811594204,0.2,young
120667|C00016,4,0.8385084386853215,120667,1,P4,1.0,True,P4,1.0,-2.8525662422180176,5.4343414306640625,IGHM,0.02608695652173913,1.0,young
120667|C00017,3,0.7976260126230478,120667,1,P4,1.0,True,P4,1.0,-0.6736471056938171,5.2619500160217285,IGHA,0.06415299444145599,0.0,young
120667|C00018,3,0.7976260126230478,120667,1,P1,1.0,True,P1,0.9978448939823176,12.295108795166016,5.346803188323975,IGHM,0.02865329512893983,0.3333333333333333,young
120667|C00019,3,0.7976260126230478,120667,1,P4,0.9,True,P4,1.0,-1.1797581911087036,5.747500896453857,IGHG,0.02334267040149393,1.0,young
120667|C00020,3,0.7976260126230478,120667,1,P4,1.0,True,P4,1.0,-2.197108745574951,6.817784786224365,IGHM,0.10422535211267607,1.0,young
120667|C00021,3,0.7976260126230478,120667,1,P4,1.0,True,P4,1.0,-1.8572872877120972,6.402123928070068,IGHM,0.025137787337007663,1.0,young
120667|C00022,3,0.7976260126230478,120667,1,P4,0.36,True,P4,0.9999999873420792,0.964065670967102,5.597579002380371,IGHA,0.04830917874396135,0.3333333333333333,young
120667|C00023,3,0.7976260126230478,120667,1,P4,0.64,True,P4,0.9996524234478014,0.878601610660553,5.329136848449707,IGHM,0.01882271207197023,1.0,young
120667|C00024,3,0.7976260126230478,120667,1,P4,1.0,True,P4,1.0,-1.5158785581588745,5.299530506134033,IGHM,0.0255104401642663,1.0,young
120667|C00025,3,0.7976260126230478,120667,1,P4,1.0,True,P4,1.0,-0.8352583050727844,5.224963665008545,IGHM,0.076162215628091,0.0,young
120667|C00026,3,0.7976260126230478,120667,1,P4,1.0,True,P4,1.0,-1.5216783285140991,5.463000297546387,IGHM,0.024975984630163303,1.0,young
120667|C00027,3,0.7976260126230478,120667,1,P4,1.0,True,P4,1.0,-2.8708412647247314,5.9076151847839355,IGHG,0.05522682445759369,1.0,young
120667|C00028,3,0.7976260126230478,120667,1,P4,1.0,True,P4,1.0,-2.2418878078460693,6.832596302032471,IGHM,0.057504873294346975,1.0,young
120667|C00029,3,0.7976260126230478,120667,1,P4,1.0,True,P4,1.0,-2.547253131866455,5.437925338745117,IGHM,0.024199528142905293,1.0,young
120667|C00030,3,0.7976260126230478,120667,1,P1,1.0,True,P1,0.9999999145314896,12.183540344238281,5.9148430824279785,IGHM,0.037142857142857144,0.3333333333333333,young
120667|C00031,3,0.7976260126230478,120667,1,P4,1.0,True,P4,1.0,-2.3409981727600098,5.183588027954102,IGHG,0.05590369226732863,1.0,young
120667|C00032,3,0.7976260126230478,120667,1,P4,1.0,True,P4,1.0,-2.964829444885254,5.776271343231201,IGHG,0.038461538461538464,1.0,young
120667|C00033,2,0.7281594966805268,120667,1,P1,1.0,True,P1,0.999963342759376,11.922627449035645,7.373441696166992,IGHM,0.035710495595882415,1.0,young
120667|C00034,2,0.7281594966805268,120667,1,P1,1.0,True,P1,0.9999877215076578,10.894901275634766,5.8219451904296875,IGHM,0.05907464763072031,0.0,young
120667|C00035,2,0.7281594966805268,120667,1,P1,1.0,True,P1,0.9727894234893337,11.390843391418457,4.962708950042725,IGHM,0.04536957640198937,0.5,young
120667|C00036,2,0.7281594966805268,120667,1,P1,1.0,True,P1,0.9995938420536646,11.248355865478516,6.654312610626221,IGHM,0.03571428571428571,0.5,young
120667|C00037,2,0.7281594966805268,120667,1,P1,1.0,True,P1,0.9994980772037619,8.801715850830078,6.394115447998047,IGHA,0.08739996922129886,0.0,young
120667|C00038,2,0.7281594966805268,120667,1,P4,0.88,True,P4,1.0,0.04558651149272919,5.922631740570068,IGHG,0.03977272727272727,1.0,young
120667|C00039,2,0.7281594966805268,120667,1,P3,1.0,True,P3,0.9999999295270523,13.906915664672852,13.264974594116211,IGHM,0.0,1.0,young
120667|C00040,2,0.7281594966805268,120667,1,P1,1.0,True,P1,0.9988546949355678,11.562631607055664,6.218441963195801,IGHM,0.027142857142857142,0.0,young
120667|C00041,2,0.7281594966805268,120667,1,P4,1.0,True,P4,1.0,-2.244364023208618,6.854540824890137,IGHG,0.01949921242735321,1.0,young
120667|C00042,2,0.7281594966805268,120667,1,P1,1.0,True,P1,0.9999873997607854,13.590555191040039,7.33891487121582,IGHM,0.02815013404825737,0.0,young
120667|C00043,2,0.7281594966805268,120667,1,P1,1.0,True,P1,0.9999677042917418,9.49862003326416,5.972558498382568,IGHM,0.014492753623188406,0.0,young
120667|C00044,2,0.7281594966805268,120667,1,P3,0.74,True,P3,0.5590890762726839,14.581352233886719,11.42465591430664,IGHM,0.0,0.5,young
120667|C00045,2,0.7281594966805268,120667,1,P1,1.0,True,P1,0.9994205432087914,13.81558895111084,4.996343612670898,IGHM,0.06340057636887608,0.0,young
120667|C00046,2,0.7281594966805268,120667,1,P4,1.0,True,P4,1.0,-0.6304426193237305,5.186325550079346,IGHA,0.058823529411764705,0.0,young
120667|C00047,2,0.7281594966805268,120667,1,P1,1.0,True,P1,0.9999998516787055,12.345355033874512,6.005673885345459,IGHM,0.06857142857142857,0.5,young
120667|C00048,2,0.7281594966805268,120667,1,P4,1.0,True,P4,1.0,-2.790524959564209,6.067471027374268,IGHG,0.0456989247311828,1.0,young
120667|C00049,2,0.7281594966805268,120667,1,P4,1.0,True,P4,1.0,-2.875490665435791,5.7869439125061035,IGHA,0.056657223796033995,1.0,young
120667|C00050,2,0.7281594966805268,120667,1,P4,1.0,True,P4,1.0,-2.575214147567749,5.184053897857666,IGHM,0.07627118644067797,1.0,young
120667|C00051,2,0.7281594966805268,120667,1,P1,1.0,True,P1,0.9999826203863846,10.284296035766602,6.7630438804626465,,0.10057471264367816,0.0,young
120667|C00052,2,0.7281594966805268,120667,1,P1,1.0,True,P1,0.9945374305277335,13.100457191467285,6.370841979980469,IGHM,0.05232558139534884,0.5,young
120667|C00053,2,0.7281594966805268,120667,1,P1,1.0,True,P1,0.9999399521336726,13.463079452514648,5.670414924621582,,0.05620058467875889,0.5,young
120667|C00054,2,0.7281594966805268,120667,1,P1,1.0,True,P1,0.9965871055928933,11.396512031555176,6.909963607788086,IGHM,0.02051983584131327,0.5,young
120667|C00055,2,0.7281594966805268,120667,1,P1,1.0,True,P1,0.9995748610255523,13.673779487609863,5.278820514678955,IGHM,0.045379707758798106,1.0,young
120667|C00056,2,0.7281594966805268,120667,1,P1,1.0,True,P1,0.9999968073896444,11.842022895812988,6.090065956115723,IGHM,0.03990271239242236,0.5,young
120667|C00057,2,0.7281594966805268,120667,1,P1,1.0,True,P1,0.9999913369561503,12.785677909851074,5.507815837860107,IGHM,0.08100558659217877,0.5,young
120667|C00058,2,0.7281594966805268,120667,1,P1,1.0,True,P1,0.73596396219674,11.429927825927734,5.02459716796875,IGHM,0.017857142857142856,0.5,young
120667|C00059,2,0.7281594966805268,120667,1,P3,1.0,True,P3,0.9998331006533269,15.055461883544922,11.881342887878418,IGHM,0.0014005602240896359,0.5,young
120667|C00060,2,0.7281594966805268,120667,1,P3,0.9,True,P3,0.8178508227916913,14.120647430419922,11.78619384765625,IGHM,0.0,0.5,young
120667|C00061,2,0.7281594966805268,120667,1,P1,1.0,True,P1,0.9994603501770403,10.149517059326172,6.632573127746582,IGHA,0.04415954415954416,0.5,young
120667|C00062,2,0.7281594966805268,120667,1,P4,1.0,True,P4,1.0,-2.152642250061035,5.809294700622559,IGHM,0.04154727793696275,1.0,young
120667|C00063,2,0.7281594966805268,120667,1,P4,1.0,True,P4,1.0,-2.0817813873291016,5.938964366912842,IGHG,0.03899721448467967,0.0,young
120667|C00064,2,0.7281594966805268,120667,1,P1,1.0,True,P1,0.9999780520943052,10.267036437988281,6.369461536407471,IGHM,0.012605042016806723,1.0,young
120667|C00065,2,0.7281594966805268,120667,1,P1,1.0,True,P1,0.9999058291962021,10.902192115783691,4.686385631561279,IGHM,0.024926686217008796,0.5,young
120667|C00066,2,0.7281594966805268,120667,1,P4,1.0,True,P4,1.0,-2.8082005977630615,5.678972244262695,IGHG,0.05465638866765275,1.0,young
120667|C00067,2,0.7281594966805268,120667,1,P3,1.0,True,P3,0.9999999711028384,15.26200008392334,11.834964752197266,,0.0,0.0,young
120667|C00068,2,0.7281594966805268,120667,1,P1,1.0,True,P1,0.9999717055918212,11.496893882751465,6.367130279541016,IGHM,0.05172413793103449,0.5,young
120667|C00069,2,0.7281594966805268,120667,1,P4,0.76,True,P4,0.9999997822584371,1.0508047342300415,6.0820393562316895,IGHM,0.07401291826526152,0.5,young
120667|C00070,2,0.7281594966805268,120667,1,P1,1.0,True,P1,0.9999737624730275,11.329507827758789,5.325842380523682,IGHM,0.02849002849002849,0.5,young
120667|C00071,2,0.7281594966805268,120667,1,P3,1.0,True,P3,0.9999999997765059,14.127870559692383,12.101075172424316,,0.0,1.0,young
120667|C00072,2,0.7281594966805268,120667,1,P3,1.0,True,P3,0.999558309674514,13.541671752929688,12.020339012145996,IGHM,0.0028735632183908046,1.0,young
120667|C00073,2,0.7281594966805268,120667,1,P1,1.0,True,P1,0.9999576025800131,11.25037956237793,4.497602939605713,IGHM,0.04804804804804805,1.0,young
120667|C00074,2,0.7281594966805268,120667,1,P3,1.0,True,P3,0.9999999972167188,14.343501091003418,13.29686450958252,,0.0,1.0,young
120667|C00075,2,0.7281594966805268,120667,1,P3,1.0,True,P3,0.9991553008672955,13.232463836669922,12.425116539001465,,0.0,1.0,young
120667|C00076,2,0.7281594966805268,120667,1,P1,1.0,True,P1,0.9988204269249648,13.376792907714844,6.555220127105713,IGHM,0.019367792604701575,1.0,young
120667|C00077,2,0.7281594966805268,120667,1,P1,1.0,True,P1,0.9984902551685902,11.632853507995605,5.65501070022583,IGHM,0.045845272206303724,0.5,young
120667|C00078,2,0.7281594966805268,120667,1,P2,0.56,True,P2,0.9576936742602671,12.442991256713867,0.7885826230049133,IGHA,0.04748603351955307,0.5,young
120667|C00079,2,0.7281594966805268,120667,1,P3,1.0,True,P3,0.9986088470600475,12.86055850982666,12.279770851135254,IGHM,0.002785515320334262,1.0,young
120667|C00080,2,0.7281594966805268,120667,1,P4,1.0,True,P4,1.0,-2.4441351890563965,5.554649353027344,IGHG,0.03949531298591674,1.0,young
120667|C00081,2,0.7281594966805268,120667,1,P3,1.0,True,P3,0.6914802455335342,15.334136009216309,12.569168090820312,IGHM,0.0,0.0,young
120667|C00082,2,0.7281594966805268,120667,1,P1,0.5,True,P1,0.9999879117741751,10.426393508911133,3.8672807216644287,IGHM,0.0196078431372549,1.0,young
120667|C00083,2,0.7281594966805268,120667,1,P4,1.0,True,P4,1.0,-2.970942497253418,5.862009048461914,IGHA,0.039240292390248024,1.0,young
120667|C00084,2,0.7281594966805268,120667,1,P1,1.0,True,P1,0.999931709513049,10.418538093566895,6.045648574829102,IGHM,0.10857142857142857,1.0,young
120667|C00085,2,0.7281594966805268,120667,1,P1,1.0,True,P1,0.9999995096643269,10.957841873168945,5.9024176597595215,IGHA,0.1072463768115942,1.0,young
120667|C00086,2,0.7281594966805268,120667,1,P4,1.0,True,P4,1.0,-2.9290716648101807,5.827117919921875,IGHG,0.05508474576271187,1.0,young
120667|C00087,2,0.7281594966805268,120667,1,P4,1.0,True,P4,1.0,-0.5897095203399658,5.2736358642578125,IGHA,0.05507246376811594,0.0,young
120667|C00088,2,0.7281594966805268,120667,1,P1,1.0,True,P1,0.9999997689519642,10.59287166595459,5.336523056030273,IGHM,0.050432276657060515,0.5,young
120667|C00089,2,0.7281594966805268,120667,1,P4,1.0,True,P4,1.0,-1.5864449739456177,5.554811000823975,IGHG,0.08732394366197183,1.0,young
120667|C00090,2,0.7281594966805268,120667,1,P4,1.0,True,P4,1.0,-2.8711934089660645,5.8664398193359375,IGHM,0.043731778425655975,1.0,young
120667|C00091,2,0.7281594966805268,120667,1,P4,0.26,True,P4,0.9999999886148885,10.360986709594727,2.699209690093994,IGHM,0.028777514616493034,0.5,young
120667|C00092,2,0.7281594966805268,120667,1,P1,1.0,True,P1,0.999998644671715,13.893902778625488,5.059110164642334,IGHM,0.04871060171919771,0.0,young
120667|C00093,2,0.7281594966805268,120667,1,P1,1.0,True,P1,0.999978253548679,9.103537559509277,6.5453901290893555,IGHA,0.091453807786186,0.5,young
120667|C00094,2,0.7281594966805268,120667,1,P3,0.78,True,P3,0.9978738230124924,14.521560668945312,11.037613868713379,IGHM,0.02745664739884393,0.0,young
120667|C00095,2,0.7281594966805268,120667,1,P1,1.0,True,P1,0.9999996804618774,9.212591171264648,5.947369575500488,IGHM,0.019830028328611898,0.5,young
120667|C00096,2,0.7281594966805268,120667,1,P1,1.0,True,P1,0.9997047054728394,9.283973693847656,5.251851558685303,IGHM,0.02839395835195281,0.5,young
120667|C00097,2,0.7281594966805268,120667,1,P2,0.84,True,P2,0.9950777726706664,13.485596656799316,0.9994636178016663,IGHM,0.02601156069364162,0.5,young
120667|C00098,2,0.7281594966805268,120667,1,P1,1.0,True,P1,0.9999879619966625,11.927961349487305,5.943196773529053,IGHM,0.0136986301369863,1.0,young
120667|C00099,2,0.7281594966805268,120667,1,P1,1.0,True,P1,0.9970720075836135,9.015816688537598,6.6636152267456055,IGHA,0.08036652131011873,1.0,young
120667|C00100,2,0.7281594966805268,120667,1,P1,1.0,True,P1,0.5984068071002346,10.534116744995117,3.8355467319488525,IGHM,0.03551136363636363,1.0,young
120667|C00101,2,0.7281594966805268,120667,1,P2,1.0,True,P2,0.9999555034498558,11.69229793548584,1.2622605562210083,IGHG,0.0463768115942029,1.0,young
120667|C00102,2,0.7281594966805268,120667,1,P1,0.92,True,P1,0.9884361058612866,10.470601081848145,5.859599590301514,,0.07407407407407407,1.0,young
120667|C00103,2,0.7281594966805268,120667,1,P3,1.0,True,P3,0.9999995488442887,15.080678939819336,12.166876792907715,IGHM,0.0,0.0,young
120667|C00104,2,0.7281594966805268,120667,1,P4,1.0,True,P4,1.0,-2.274963855743408,5.535848617553711,IGHG,0.021593249617965583,1.0,young
120667|C00105,2,0.7281594966805268,120667,1,P1,1.0,True,P1,0.9950405309852776,13.3247709274292,6.8440656661987305,IGHM,0.027168687570108437,0.5,young
120667|C00106,2,0.7281594966805268,120667,1,P3,1.0,True,P3,0.9999999997495337,14.633481979370117,12.322541236877441,IGHM,0.0,1.0,young
120667|C00107,2,0.7281594966805268,120667,1,P1,1.0,True,P1,0.9248926370004712,10.550657272338867,4.445907115936279,,0.07703488372093023,0.0,young
120667|C00108,2,0.7281594966805268,120667,1,P1,1.0,True,P1,0.9999275816394614,10.798347473144531,4.608999252319336,IGHM,0.0708215297450425,0.5,young
120667|C00109,2,0.7281594966805268,120667,1,P4,0.1,True,P4,0.9872005652953239,10.48604965209961,2.1582415103912354,IGHM,0.021917808219178082,1.0,young
120667|C00110,2,0.7281594966805268,120667,1,P4,1.0,True,P4,1.0,0.06411029398441315,5.920763969421387,IGHA,0.05554134697357204,1.0,young
120667|C00111,2,0.7281594966805268,120667,1,P1,1.0,True,P1,0.9999988344546125,11.159806251525879,5.623760223388672,IGHM,0.03823529411764706,0.5,young
120667|C00112,2,0.7281594966805268,120667,1,P4,0.62,True,P4,1.0,0.8732247948646545,5.262551307678223,,0.015895953757225433,0.0,young
120667|C00113,2,0.7281594966805268,120667,1,P4,1.0,True,P4,1.0,-2.5942039489746094,5.4880218505859375,IGHM,0.008426966292134831,1.0,young
120667|C00114,2,0.7281594966805268,120667,1,P4,0.04,True,P4,0.9999990828168648,10.43050479888916,2.3748836517333984,IGHM,0.024096385542168676,1.0,young
120667|C00115,2,0.7281594966805268,120667,1,P1,1.0,True,P1,0.9999988885690024,11.159872055053711,6.782094955444336,IGHM,0.040987320776655865,0.5,young
120667|C00116,2,0.7281594966805268,120667,1,P4,1.0,True,P4,1.0,-1.8113809823989868,6.383432865142822,IGHM,0.018072289156626505,1.0,young
120667|C00117,2,0.7281594966805268,120667,1,P1,1.0,True,P1,0.9999999399973536,10.672042846679688,5.864500999450684,IGHM,0.05505952380952381,1.0,young
120667|C00118,2,0.7281594966805268,120667,1,P4,1.0,True,P4,1.0,-2.6497631072998047,5.378236770629883,IGHM,0.028901734104046242,1.0,young
120667|C00119,2,0.7281594966805268,120667,1,P4,0.0,True,P4,0.994923526364411,10.280463218688965,3.6012396812438965,IGHM,0.040419161676646706,1.0,young
120667|C00120,2,0.7281594966805268,120667,1,P1,1.0,True,P1,0.9999847303662894,11.350507736206055,4.639677047729492,IGHM,0.03943661971830986,0.5,young
120667|C00121,2,0.7281594966805268,120667,1,P1,1.0,True,P1,0.9416002131999589,12.405961036682129,6.37965202331543,IGHM,0.026074390550389542,0.0,young
120667|C00122,2,0.7281594966805268,120667,1,P1,1.0,True,P1,0.9999997865111766,8.848517417907715,6.071064472198486,IGHM,0.03249489274770173,0.5,young
120667|C00123,2,0.7281594966805268,120667,1,P1,1.0,True,P1,0.9999933347120604,8.709946632385254,5.882768630981445,IGHA,0.06133496133496133,0.5,young
120667|C00124,2,0.7281594966805268,120667,1,P1,1.0,True,P1,0.9999998249747801,8.998091697692871,5.5674920082092285,IGHG,0.04815864022662889,1.0,young
120667|C00125,2,0.7281594966805268,120667,1,P1,1.0,True,P1,0.9777600669532706,13.566088676452637,4.859121799468994,IGHM,0.052924791086350974,0.5,young
120667|C00126,2,0.7281594966805268,120667,1,P4,1.0,True,P4,1.0,-3.018094301223755,5.797847270965576,IGHG,0.053824362606232294,1.0,young
120667|C00127,2,0.7281594966805268,120667,1,P1,1.0,True,P1,0.9952550324596696,12.742568969726562,6.707071781158447,,0.03906289733138618,0.5,young
120667|C00128,2,0.7281594966805268,120667,1,P4,1.0,True,P4,1.0,-2.687329053878784,6.016443729400635,IGHG,0.04973118279569892,1.0,young
120667|C00129,2,0.7281594966805268,120667,1,P1,1.0,True,P1,0.9999996343622215,10.704778671264648,5.905252456665039,IGHM,0.01282051282051282,0.5,young
120667|C00130,2,0.7281594966805268,120667,1,P3,1.0,True,P3,0.9999998734706503,14.592642784118652,12.539321899414062,IGHM,0.0,1.0,young
120667|C00131,2,0.7281594966805268,120667,1,P1,1.0,True,P1,0.9862074128017004,9.073554992675781,6.497756481170654,IGHG,0.024355300859598854,1.0,young
120667|C00132,2,0.7281594966805268,120667,1,P1,1.0,True,P1,0.9996548640148499,12.256805419921875,6.364978313446045,IGHM,0.025423728813559324,1.0,young
120667|C00133,2,0.7281594966805268,120667,1,P4,0.58,True,P4,0.9999991770957,1.1197394132614136,5.692089557647705,IGHA,0.05741392801251956,0.5,young
120667|C00134,2,0.7281594966805268,120667,1,P1,1.0,True,P1,0.999988590953391,8.812334060668945,6.385259628295898,IGHA,0.05913026367571822,1.0,young
120667|C00135,2,0.7281594966805268,120667,1,P1,1.0,True,P1,0.9999869088815225,11.642956733703613,7.725944519042969,IGHM,0.008595988538681949,0.0,young
120667|C00136,2,0.7281594966805268,120667,1,P1,1.0,True,P1,0.9999990550785528,8.780862808227539,6.203741073608398,IGHD,0.09077809798270894,1.0,young
120667|C00137,2,0.7281594966805268,120667,1,P1,1.0,True,P1,0.9999937140392242,11.772324562072754,5.199332237243652,IGHM,0.01848623520011622,1.0,young
120667|C00138,2,0.7281594966805268,120667,1,P4,1.0,True,P4,1.0,-2.2480106353759766,5.985733985900879,IGHG,0.06321839080459771,1.0,young
120667|C00139,2,0.7281594966805268,120667,1,P1,1.0,True,P1,0.9999435510868367,8.82223129272461,6.224100112915039,IGHA,0.0490621512218687,0.5,young
120667|C00140,2,0.7281594966805268,120667,1,P3,0.74,True,P3,0.9919488880786199,14.605398178100586,11.175795555114746,IGHM,0.0013774104683195593,0.0,young
120667|C00141,2,0.7281594966805268,120667,1,P4,1.0,True,P4,1.0,-1.205978512763977,5.892722129821777,IGHM,0.030726256983240222,0.0,young
120667|C00142,2,0.7281594966805268,120667,1,P2,0.74,True,P2,0.9987441378018259,13.105342864990234,1.5199484825134277,IGHM,0.004076086956521739,0.5,young
141393|C00001,66,0.9878722422940086,141393,1,P1,1.0,True,P1,1.0,11.007633209228516,7.711979389190674,IGHG,0.0601643020530129,0.4393939393939394,young
141393|C00002,26,0.96997610968797,141393,1,P4,1.0,True,P4,1.0,-2.1093711853027344,6.3951005935668945,IGHG,0.0847103541849403,0.5384615384615384,young
141393|C00003,18,0.9573919221687858,141393,1,P2,0.56,True,P2,0.9939834041574815,12.282955169677734,1.2700300216674805,IGHM,0.09746755951757226,0.6666666666666666,young
141393|C00004,11,0.9326697786864134,141393,1,P1,1.0,True,P1,0.999643872329389,9.443110466003418,5.024674415588379,IGHG,0.07492585283962955,1.0,young
141393|C00005,11,0.9326697786864134,141393,1,P1,1.0,True,P1,1.0,12.927906036376953,7.370548248291016,IGHG,0.07536231884057971,0.5454545454545454,young
141393|C00006,8,0.9103224608769878,141393,1,P4,0.4,True,P4,1.0,0.9065718054771423,5.246030330657959,IGHA,0.05150001694749435,0.25,young
141393|C00007,8,0.9103224608769878,141393,1,P1,1.0,True,P1,1.0,8.925905227661133,6.095961093902588,IGHM,0.05141912992326923,0.375,young
141393|C00008,8,0.9103224608769878,141393,1,P1,1.0,True,P1,0.9999999999999574,11.320952415466309,7.614497661590576,IGHG,0.0371614725095264,0.25,young
141393|C00009,6,0.884755763798802,141393,1,P1,1.0,True,P1,0.9999999999496225,9.081300735473633,6.04710054397583,IGHA,0.06406538254509178,0.5,young
141393|C00010,6,0.884755763798802,141393,1,P2,0.94,True,P2,0.9999999996577174,11.780954360961914,1.3041774034500122,IGHG,0.011764705882352941,0.5,young
141393|C00011,6,0.884755763798802,141393,1,P2,1.0,True,P2,1.0,11.886739730834961,-0.49716225266456604,IGHA,0.05307262569832402,0.3333333333333333,young
141393|C00012,6,0.884755763798802,141393,1,P4,0.98,True,P4,1.0,-2.3939547538757324,5.837247848510742,IGHA,0.030980296368669596,1.0,young
141393|C00013,6,0.884755763798802,141393,1,P2,1.0,True,P2,1.0,11.852108001708984,-1.0221412181854248,IGHM,0.0423728813559322,0.5,young
141393|C00014,6,0.884755763798802,141393,1,P2,1.0,True,P2,1.0,11.774221420288086,-0.7474618554115295,IGHM,0.017241379310344827,0.6666666666666666,young
141393|C00015,6,0.884755763798802,141393,1,P2,0.66,True,P2,0.9996988168095359,12.346088409423828,1.1438970565795898,IGHM,0.05946844814622013,0.5,young
141393|C00016,6,0.884755763798802,141393,1,P4,1.0,True,P4,1.0,-2.3452303409576416,6.73349666595459,IGHA,0.05142857142857143,0.6666666666666666,young
141393|C00017,5,0.8655324330768077,141393,1,P2,1.0,True,P2,1.0,12.793408393859863,-0.9124339818954468,IGHM,0.005763688760806916,0.6,young
141393|C00018,5,0.8655324330768077,141393,1,P1,1.0,True,P1,0.9999999999947988,12.741385459899902,6.530816078186035,IGHM,0.05352112676056338,0.8,young
141393|C00019,5,0.8655324330768077,141393,1,P2,1.0,True,P2,0.9999999999347438,13.454108238220215,-0.20866279304027557,IGHM,0.010771310842132373,0.4,young
141393|C00020,5,0.8655324330768077,141393,1,P1,1.0,True,P1,0.9999999999198792,13.331124305725098,6.815598487854004,IGHM,0.02318840579710145,0.4,young
141393|C00021,5,0.8655324330768077,141393,1,P4,0.74,True,P4,1.0,0.8483482003211975,5.78640079498291,IGHG,0.06264367816091955,0.4,young
141393|C00022,5,0.8655324330768077,141393,1,P2,0.8,True,P2,0.9999999999943725,10.760644912719727,0.42983731627464294,IGHM,0.02571428571428571,0.8,young
141393|C00023,5,0.8655324330768077,141393,1,P2,1.0,True,P2,1.0,11.756163597106934,-0.94301837682724,IGHM,0.054330001795439585,0.4,young
141393|C00024,5,0.8655324330768077,141393,1,P2,1.0,True,P2,1.0,11.699841499328613,-0.5889691114425659,IGHM,0.037037037037037035,0.6,young
141393|C00025,5,0.8655324330768077,141393,1,P2,0.76,True,P2,0.5540214157241682,12.064730644226074,1.7601488828659058,IGHG,0.056666666666666664,0.4,young
141393|C00026,4,0.8385084386853215,141393,1,P4,0.92,True,P4,1.0,-0.997994601726532,5.51309871673584,,0.04971181556195965,1.0,young
141393|C00027,4,0.8385084386853215,141393,1,P2,0.44,True,P2,0.9999995896790483,12.183111190795898,1.8813074827194214,IGHG,0.06459679901508156,0.5,young
141393|C00028,4,0.8385084386853215,141393,1,P1,0.88,True,P1,0.9999872552655942,10.505267143249512,3.8746092319488525,IGHM,0.04238505747126437,1.0,young
141393|C00029,4,0.8385084386853215,141393,1,P1,1.0,True,P1,0.9999999999773195,12.459189414978027,5.4091715812683105,IGHM,0.058997050147492625,1.0,young
141393|C00030,4,0.8385084386853215,141393,1,P1,0.72,True,P1,0.9361252340641761,1.2506558895111084,6.3679656982421875,IGHG,0.092075610122449,0.5,young
141393|C00031,4,0.8385084386853215,141393,1,P2,1.0,True,P2,0.9999999998460112,13.458133697509766,-0.3768393099308014,,0.016901408450704224,0.5,young
141393|C00032,4,0.8385084386853215,141393,1,P1,1.0,True,P1,0.9999999997431104,12.812466621398926,7.110809326171875,IGHM,0.0459191822591566,1.0,young
141393|C00033,4,0.8385084386853215,141393,1,P4,0.3,True,P4,0.9944966117294133,0.9134232401847839,5.8969550132751465,IGHG,0.08620689655172414,1.0,young
141393|C00034,4,0.8385084386853215,141393,1,P2,1.0,True,P2,0.9999999999552784,13.45802116394043,-0.42835262417793274,IGHM,0.03389830508474576,0.0,young
141393|C00035,4,0.8385084386853215,141393,1,P2,1.0,True,P2,1.0,12.312191009521484,-0.9500272274017334,IGHM,0.02865329512893983,0.25,young
141393|C00036,4,0.8385084386853215,141393,1,P3,0.72,True,P3,0.9999931939191504,14.72206974029541,11.713761329650879,IGHM,0.0007002801120448179,0.0,young
141393|C00037,4,0.8385084386853215,141393,1,P4,1.0,True,P4,1.0,-1.4921075105667114,5.32725191116333,IGHD,0.0953757225433526,1.0,young
141393|C00038,4,0.8385084386853215,141393,1,P2,1.0,True,P2,0.9999999999995595,13.51474666595459,-0.28098973631858826,IGHM,0.005813953488372093,0.25,young
141393|C00039,4,0.8385084386853215,141393,1,P2,0.98,True,P2,0.9999991286013699,13.93121337890625,-0.40170982480049133,IGHM,0.0,0.75,young
141393|C00040,4,0.8385084386853215,141393,1,P2,0.88,True,P2,0.9999999999998153,10.672786712646484,0.5364485383033752,,0.011494252873563218,0.75,young
141393|C00041,4,0.8385084386853215,141393,1,P2,0.92,True,P2,0.9999846012101742,14.227848052978516,0.1596193164587021,IGHM,0.01971830985915493,0.0,young
141393|C00042,4,0.8385084386853215,141393,1,P1,0.72,True,P1,0.928108069325628,9.39990520477295,6.951915740966797,IGHG,0.10090320638265843,0.0,young
141393|C00043,4,0.8385084386853215,141393,1,P2,1.0,True,P2,0.999999870222902,14.197454452514648,-0.4100368916988373,IGHM,0.016216216216216217,0.25,young
141393|C00044,4,0.8385084386853215,141393,1,P4,0.44,True,P4,0.9999824319768503,0.9223392605781555,5.949448585510254,,0.01918749059160018,0.5,young
141393|C00045,4,0.8385084386853215,141393,1,P3,0.68,True,P3,0.9893473414603788,14.686874389648438,12.022496223449707,IGHM,0.028169014084507043,0.75,young
141393|C00046,4,0.8385084386853215,141393,1,P3,0.9,True,P3,0.9999999840454309,14.401936531066895,11.646211624145508,IGHM,0.01639344262295082,0.5,young
141393|C00047,4,0.8385084386853215,141393,1,P1,1.0,True,P1,0.9999481395555398,9.50143051147461,6.4512038230896,,0.01504297994269341,0.75,young
141393|C00048,4,0.8385084386853215,141393,1,P2,0.34,True,P2,0.5010509926806521,10.091614723205566,0.6592128276824951,IGHA,0.05865102639296188,0.5,young
141393|C00049,4,0.8385084386853215,141393,1,P2,1.0,True,P2,1.0,12.686171531677246,-1.001463770866394,IGHM,0.020588235294117647,0.5,young
141393|C00050,4,0.8385084386853215,141393,1,P2,1.0,True,P2,1.0,11.694748878479004,-0.82569819688797,IGHM,0.019337016574585635,0.5,young
141393|C00051,4,0.8385084386853215,141393,1,P4,0.74,True,P4,0.999999999999929,0.8022205233573914,6.550755023956299,IGHG,0.10426416011297833,0.25,young
141393|C00052,4,0.8385084386853215,141393,1,P4,0.88,True,P4,1.0,0.46538880467414856,6.491727828979492,IGHG,0.05673144802956688,0.75,young
141393|C00053,4,0.8385084386853215,141393,1,P2,1.0,True,P2,1.0,12.948695182800293,-0.7695747017860413,IGHM,0.02849002849002849,1.0,young
141393|C00054,3,0.7976260126230478,141393,1,P1,1.0,True,P1,0.9999897835020798,11.983942985534668,7.643981456756592,IGHM,0.039459748080845215,0.3333333333333333,young
141393|C00055,3,0.7976260126230478,141393,1,P2,1.0,True,P2,0.9999998273278841,14.231411933898926,-0.3805354833602905,IGHM,0.022222222222222223,0.6666666666666666,young
141393|C00056,3,0.7976260126230478,141393,1,P2,0.42,True,P2,0.8492332826821547,12.819756507873535,1.7636971473693848,IGHG,0.05622983517818498,0.6666666666666666,young
141393|C00057,3,0.7976260126230478,141393,1,P2,1.0,True,P2,0.9999999941918958,12.65378475189209,-0.08084267377853394,IGHM,0.011299435028248588,0.6666666666666666,young
141393|C00058,3,0.7976260126230478,141393,1,P1,1.0,True,P1,0.9999974337998438,9.44957447052002,6.75486946105957,IGHA,0.07428571428571429,0.6666666666666666,young
141393|C00059,3,0.7976260126230478,141393,1,P2,0.92,True,P2,0.9999999851493017,12.694726943969727,1.3296074867248535,IGHA,0.025998142989786446,0.3333333333333333,young
141393|C00060,3,0.7976260126230478,141393,1,P2,0.64,True,P2,0.7734143369753662,12.55455493927002,1.8204052448272705,IGHG,0.1031747394938738,0.3333333333333333,young
141393|C00061,3,0.7976260126230478,141393,1,P1,1.0,True,P1,0.9999999971093274,12.843685150146484,7.051641941070557,IGHA,0.0226628895184136,0.3333333333333333,young
141393|C00062,3,0.7976260126230478,141393,1,P1,1.0,True,P1,0.999999885629712,13.461752891540527,7.3762898445129395,IGHM,0.048259174620244656,0.6666666666666666,young
141393|C00063,3,0.7976260126230478,141393,1,P2,1.0,True,P2,1.0,11.837730407714844,-0.9507257342338562,IGHM,0.02865329512893983,0.0,young
141393|C00064,3,0.7976260126230478,141393,1,P1,1.0,True,P1,0.8157813346475246,9.830060005187988,7.188967227935791,IGHG,0.10650890926920376,0.6666666666666666,young
141393|C00065,3,0.7976260126230478,141393,1,P4,0.8,True,P4,1.0,0.8353509306907654,6.608981609344482,IGHA,0.04356060606060606,0.0,young
141393|C00066,3,0.7976260126230478,141393,1,P1,1.0,True,P1,0.99999999897625,9.975577354431152,4.380829334259033,IGHG,0.05769230769230769,1.0,young
141393|C00067,3,0.7976260126230478,141393,1,P4,1.0,True,P4,1.0,-1.1569862365722656,5.50089693069458,IGHG,0.04201680672268907,1.0,young
141393|C00068,3,0.7976260126230478,141393,1,P3,1.0,True,P3,0.9999348037966947,12.819870948791504,12.48136043548584,IGHM,0.0,0.0,young
141393|C00069,3,0.7976260126230478,141393,1,P2,0.88,True,P2,0.9988666577064302,14.099027633666992,-0.10172499716281891,IGHM,0.03296703296703297,0.6666666666666666,young
141393|C00070,3,0.7976260126230478,141393,1,P2,0.94,True,P2,0.9999999998302656,13.578253746032715,-0.58125239610672,IGHM,0.027700831024930747,0.6666666666666666,young
141393|C00071,3,0.7976260126230478,141393,1,P3,1.0,True,P3,1.0,14.004754066467285,13.899406433105469,IGHM,0.0,0.0,young
141393|C00072,3,0.7976260126230478,141393,1,P2,0.96,True,P2,0.9999970794080769,13.548084259033203,-0.41146090626716614,IGHM,0.002881844380403458,0.0,young
141393|C00073,3,0.7976260126230478,141393,1,P2,1.0,True,P2,0.9999999999990052,12.971761703491211,-0.886930525302887,IGHM,0.0,0.3333333333333333,young
141393|C00074,3,0.7976260126230478,141393,1,P2,1.0,True,P2,1.0,11.68570613861084,-0.9558762311935425,IGHM,0.0028169014084507044,0.6666666666666666,young
141393|C00075,3,0.7976260126230478,141393,1,P2,1.0,True,P2,1.0,12.654382705688477,-0.9246808886528015,IGHA,0.02528089887640449,0.6666666666666666,young
141393|C00076,3,0.7976260126230478,141393,1,P4,1.0,True,P4,1.0,-1.8868869543075562,7.0081892013549805,IGHA,0.0658682634730539,1.0,young
141393|C00077,3,0.7976260126230478,141393,1,P2,0.82,True,P2,0.9999999945979567,10.634902954101562,0.49741464853286743,IGHM,0.0254957507082153,1.0,young
141393|C00078,3,0.7976260126230478,141393,1,P4,0.5,True,P4,0.9978789083431873,1.2188447713851929,6.2022905349731445,IGHA,0.08801498127340823,0.0,young
141393|C00079,3,0.7976260126230478,141393,1,P4,1.0,True,P4,1.0,-2.075068473815918,6.876034736633301,IGHM,0.0,1.0,young
141393|C00080,3,0.7976260126230478,141393,1,P2,1.0,True,P2,0.9999951833627603,13.781418800354004,-0.32867589592933655,IGHM,0.01680672268907563,0.6666666666666666,young
141393|C00081,3,0.7976260126230478,141393,1,P3,1.0,True,P3,0.9999999979409466,15.17399787902832,12.661295890808105,IGHM,0.0,0.0,young
141393|C00082,3,0.7976260126230478,141393,1,P4,0.8,True,P4,0.999974417927057,0.9642442464828491,6.285256862640381,IGHG,0.08617424242424243,0.3333333333333333,young
141393|C00083,3,0.7976260126230478,141393,1,P2,0.42,True,P2,0.9997696265583487,11.965499877929688,1.8542954921722412,IGHG,0.08618556731803884,0.6666666666666666,young
141393|C00084,3,0.7976260126230478,141393,1,P1,0.74,True,P1,0.9994040987890104,10.344891548156738,7.183326244354248,IGHG,0.09317963496637849,0.6666666666666666,young
141393|C00085,3,0.7976260126230478,141393,1,P2,0.98,True,P2,0.9945247105270552,14.252967834472656,-0.37059688568115234,IGHM,0.01675977653631285,1.0,young
141393|C00086,3,0.7976260126230478,141393,1,P4,1.0,True,P4,1.0,-1.6301530599594116,5.4652628898620605,IGHG,0.0801066711345676,0.6666666666666666,young
141393|C00087,3,0.7976260126230478,141393,1,P1,1.0,True,P1,0.9999996948753317,12.751810073852539,7.555976867675781,IGHA,0.047449075947659514,0.6666666666666666,young
141393|C00088,3,0.7976260126230478,141393,1,P2,1.0,True,P2,1.0,12.975167274475098,-0.996570885181427,IGHM,0.014577259475218658,1.0,young
141393|C00089,3,0.7976260126230478,141393,1,P2,1.0,True,P2,0.999920124287695,14.109440803527832,-0.1994941234588623,IGHM,0.02997275204359673,0.3333333333333333,young
141393|C00090,3,0.7976260126230478,141393,1,P1,1.0,True,P1,0.999811411239689,9.888795852661133,6.668702602386475,IGHG,0.057216517312442185,0.6666666666666666,young
141393|C00091,3,0.7976260126230478,141393,1,P1,1.0,True,P1,0.9999999857917176,13.13465690612793,5.4532060623168945,IGHM,0.033246676163342835,0.6666666666666666,young
141393|C00092,3,0.7976260126230478,141393,1,P2,0.78,True,P2,0.9995350953013478,12.937087059020996,0.705649733543396,IGHM,0.0028089887640449437,0.3333333333333333,young
141393|C00093,3,0.7976260126230478,141393,1,P2,0.7,True,P2,0.9942721007317975,12.415489196777344,1.4355829954147339,IGHM,0.03611111111111111,1.0,young
141393|C00094,3,0.7976260126230478,141393,1,P2,1.0,True,P2,0.9999999999998153,12.81197738647461,-0.7088631391525269,IGHM,0.008403361344537815,0.6666666666666666,young
141393|C00095,3,0.7976260126230478,141393,1,P2,1.0,True,P2,0.999999995228606,13.620224952697754,-0.44449976086616516,IGHM,0.013550135501355013,0.6666666666666666,young
141393|C00096,3,0.7976260126230478,141393,1,P1,1.0,True,P1,0.999999968843682,12.580044746398926,6.942046165466309,IGHM,0.026470588235294117,0.3333333333333333,young
141393|C00097,3,0.7976260126230478,141393,1,P2,1.0,True,P2,0.999999999858403,12.83838939666748,-0.6129628419876099,IGHM,0.027700831024930747,0.3333333333333333,young
141393|C00098,3,0.7976260126230478,141393,1,P4,0.28,True,P4,0.999375275866115,0.9016154408454895,5.267934322357178,IGHA,0.047206165703275536,0.6666666666666666,young
141393|C00099,3,0.7976260126230478,141393,1,P2,0.9,True,P2,0.9904685627375615,12.91128921508789,1.330754280090332,IGHM,0.03591160220994475,0.6666666666666666,young
141393|C00100,3,0.7976260126230478,141393,1,P4,1.0,True,P4,1.0,-2.8030812740325928,6.157193183898926,IGHA,0.06303517733999019,1.0,young
141393|C00101,3,0.7976260126230478,141393,1,P2,1.0,True,P2,1.0,12.114184379577637,-0.9890801906585693,IGHM,0.002857142857142857,0.3333333333333333,young
141393|C00102,3,0.7976260126230478,141393,1,P1,1.0,True,P1,0.9999999716868476,13.533931732177734,5.916670322418213,IGHM,0.05712069836231152,0.3333333333333333,young
141393|C00103,3,0.7976260126230478,141393,1,P4,1.0,True,P4,1.0,-2.2037875652313232,5.684378147125244,IGHG,0.09460052677787534,0.3333333333333333,young
141393|C00104,3,0.7976260126230478,141393,1,P4,1.0,True,P4,1.0,-2.335294246673584,6.273695945739746,IGHG,0.07305695847362514,0.6666666666666666,young
141393|C00105,3,0.7976260126230478,141393,1,P4,0.5,True,P4,0.9472963952790852,1.0441421270370483,6.293010711669922,IGHG,0.04335260115606936,0.3333333333333333,young
141393|C00106,2,0.7281594966805268,141393,1,P1,1.0,True,P1,0.985624816559806,10.288309097290039,7.1888556480407715,IGHA,0.05159477641472101,0.0,young
141393|C00107,2,0.7281594966805268,141393,1,P3,1.0,True,P3,0.9995028698615931,12.934917449951172,12.220091819763184,IGHM,0.0,0.0,young
141393|C00108,2,0.7281594966805268,141393,1,P4,1.0,True,P4,1.0,-2.1376171112060547,5.713893890380859,IGHA,0.057971014492753624,1.0,young
141393|C00109,2,0.7281594966805268,141393,1,P3,0.42,True,P3,0.9897439453535125,14.62746524810791,11.870603561401367,IGHA,0.05982905982905983,0.0,young
141393|C00110,2,0.7281594966805268,141393,1,P2,1.0,True,P2,0.9999999994559801,12.52305793762207,-0.9818319082260132,,0.01643835616438356,1.0,young
141393|C00111,2,0.7281594966805268,141393,1,P3,0.9,True,P3,0.608020451816,14.680732727050781,11.679317474365234,IGHM,0.0,0.0,young
141393|C00112,2,0.7281594966805268,141393,1,P1,1.0,True,P1,0.9999835460901296,9.131030082702637,5.706568717956543,IGHG,0.043227665706051875,0.0,young
141393|C00113,2,0.7281594966805268,141393,1,P2,0.98,True,P2,0.9970895813311264,14.275538444519043,-0.24037498235702515,IGHM,0.011594202898550725,1.0,young
141393|C00114,2,0.7281594966805268,141393,1,P2,0.94,True,P2,0.9999435522883819,13.753273010253906,-0.165298730134964,IGHM,0.016666666666666666,1.0,young
141393|C00115,2,0.7281594966805268,141393,1,P1,1.0,True,P1,0.8649079436978799,9.282968521118164,7.000282287597656,IGHG,0.0682748963998964,1.0,young
141393|C00116,2,0.7281594966805268,141393,1,P2,0.44,True,P2,0.833651337503934,14.207061767578125,0.20092429220676422,IGHM,0.03296703296703297,0.5,young
141393|C00117,2,0.7281594966805268,141393,1,P2,1.0,True,P2,0.999999996281872,12.360329627990723,-0.9357395172119141,IGHM,0.014326647564469915,0.0,young
141393|C00118,2,0.7281594966805268,141393,1,P2,1.0,True,P2,0.9989988924494801,14.114343643188477,0.003120680805295706,IGHM,0.011396011396011397,0.5,young
141393|C00119,2,0.7281594966805268,141393,1,P1,1.0,True,P1,0.9999651959892403,13.41777229309082,7.4494309425354,IGHM,0.017191977077363897,0.5,young
141393|C00120,2,0.7281594966805268,141393,1,P2,0.66,True,P2,0.9381965493614031,11.885313987731934,1.2391407489776611,IGHM,0.022922636103151862,0.0,young
141393|C00121,2,0.7281594966805268,141393,1,P2,1.0,True,P2,0.9897397739699628,14.205944061279297,-0.4245387315750122,IGHM,0.01729106628242075,1.0,young
141393|C00122,2,0.7281594966805268,141393,1,P3,1.0,True,P3,0.9999999999698019,15.31093692779541,11.557581901550293,,0.00273224043715847,0.5,young
141393|C00123,2,0.7281594966805268,141393,1,P1,1.0,True,P1,0.9999987987019207,12.353944778442383,6.792849540710449,IGHM,0.02564102564102564,0.0,young
141393|C00124,2,0.7281594966805268,141393,1,P1,1.0,True,P1,0.999816542289378,9.769110679626465,6.598299026489258,IGHG,0.08727810650887574,0.0,young
141393|C00125,2,0.7281594966805268,141393,1,P2,1.0,True,P2,0.7470921508205572,14.185075759887695,-0.10536754876375198,IGHM,0.020588235294117647,0.5,young
141393|C00126,2,0.7281594966805268,141393,1,P4,1.0,True,P4,1.0,-1.0415931940078735,5.393457412719727,IGHA,0.12430939226519337,1.0,young
141393|C00127,2,0.7281594966805268,141393,1,P2,0.58,True,P2,0.5673409585990158,12.785699844360352,1.8203123807907104,IGHG,0.04505813953488372,0.5,young
141393|C00128,2,0.7281594966805268,141393,1,P2,1.0,True,P2,0.9999999999096758,12.34105396270752,-0.9929938912391663,IGHM,0.011396011396011397,0.5,young
141393|C00129,2,0.7281594966805268,141393,1,P1,1.0,True,P1,0.9987523667988762,9.519728660583496,6.366874694824219,IGHG,0.01907356948228883,1.0,young
141393|C00130,2,0.7281594966805268,141393,1,P2,1.0,True,P2,0.9976492988744475,13.989519119262695,0.17881368100643158,IGHM,0.020380434782608696,0.5,young
141393|C00131,2,0.7281594966805268,141393,1,P2,0.48,True,P2,0.7746128958261563,12.036405563354492,1.9917478561401367,IGHG,0.06473829201101929,1.0,young
141393|C00132,2,0.7281594966805268,141393,1,P1,1.0,True,P1,0.9999999807175615,9.699064254760742,6.022004127502441,IGHG,0.06358381502890173,0.0,young
141393|C00133,2,0.7281594966805268,141393,1,P1,1.0,True,P1,0.9992684604213048,9.104567527770996,6.9118242263793945,IGHA,0.21731112241027256,0.0,young
141393|C00134,2,0.7281594966805268,141393,1,P4,1.0,True,P4,1.0,-2.110858678817749,6.8788161277771,IGHA,0.061224489795918366,1.0,young
141393|C00135,2,0.7281594966805268,141393,1,P2,1.0,True,P2,0.9999996175879196,12.09130859375,0.3851081132888794,IGHM,0.03954802259887006,0.0,young
141393|C00136,2,0.7281594966805268,141393,1,P2,1.0,True,P2,0.9999999942006355,12.444353103637695,-0.815096378326416,IGHM,0.011049723756906077,0.5,young
141393|C00137,2,0.7281594966805268,141393,1,P2,1.0,True,P2,0.999999999924853,12.933837890625,-0.9645522832870483,IGHM,0.03038674033149171,0.5,young
141393|C00138,2,0.7281594966805268,141393,1,P1,1.0,True,P1,0.9998674368310588,12.725813865661621,6.003570079803467,IGHA,0.025280898876404494,0.5,young
141393|C00139,2,0.7281594966805268,141393,1,P1,1.0,True,P1,0.9999863455265938,13.564812660217285,7.207052230834961,IGHM,0.030054644808743168,0.5,young
141393|C00140,2,0.7281594966805268,141393,1,P2,0.74,True,P2,0.9999897189841247,11.838032722473145,1.2346147298812866,IGHG,0.11936181032290871,0.5,young
141393|C00141,2,0.7281594966805268,141393,1,P2,1.0,True,P2,0.9999954245629051,14.102179527282715,-0.18056264519691467,IGHA,0.016129032258064516,0.0,young
141393|C00142,2,0.7281594966805268,141393,1,P4,1.0,True,P4,1.0,-0.9027860760688782,5.360992908477783,IGHG,0.05865102639296188,1.0,young
141393|C00143,2,0.7281594966805268,141393,1,P1,1.0,True,P1,0.9998880331469662,8.774065017700195,6.10780143737793,IGHG,0.17273060327281609,0.0,young
141393|C00144,2,0.7281594966805268,141393,1,P1,1.0,True,P1,0.8157032474439515,11.369461059570312,7.8675665855407715,IGHA,0.0529457250165697,0.5,young
141393|C00145,2,0.7281594966805268,141393,1,P2,1.0,True,P2,0.999998940038616,13.550773620605469,-0.5337618589401245,IGHM,0.026239067055393587,0.5,young
141393|C00146,2,0.7281594966805268,141393,1,P3,1.0,True,P3,0.9999999999999147,13.95628547668457,13.031886100769043,IGHM,0.0,0.0,young
141393|C00147,2,0.7281594966805268,141393,1,P3,0.94,True,P3,0.9997422295186777,13.88706111907959,11.195158004760742,IGHG,0.02881844380403458,0.0,young
141393|C00148,2,0.7281594966805268,141393,1,P2,0.7,True,P2,0.8153933726817452,12.624751091003418,1.564011573791504,IGHA,0.03333333333333333,0.5,young
141393|C00149,2,0.7281594966805268,141393,1,P1,1.0,True,P1,0.9999845702438916,12.690791130065918,7.127542972564697,IGHM,0.05818913480885312,1.0,young
141393|C00150,2,0.7281594966805268,141393,1,P2,1.0,True,P2,0.7245641417702482,11.780847549438477,-0.163703054189682,IGHA,0.06788511749347259,0.0,young
141393|C00151,2,0.7281594966805268,141393,1,P4,0.54,True,P4,0.9999978205435855,0.8814517855644226,5.296172618865967,IGHA,0.1239193083573487,0.5,young
141393|C00152,2,0.7281594966805268,141393,1,P1,1.0,True,P1,0.9999957932680081,13.025707244873047,7.187571048736572,IGHM,0.040697674418604654,0.5,young
141393|C00153,2,0.7281594966805268,141393,1,P1,1.0,True,P1,0.890372240968094,9.326343536376953,6.639227867126465,IGHM,0.05708680646001563,0.5,young
141393|C00154,2,0.7281594966805268,141393,1,P2,0.96,True,P2,0.9979858659404608,14.069388389587402,-0.5250310301780701,IGHM,0.022792022792022793,1.0,young
141393|C00155,2,0.7281594966805268,141393,1,P2,1.0,True,P2,0.9999999951404277,11.720738410949707,1.2680453062057495,IGHG,0.10112359550561797,0.5,young
141393|C00156,2,0.7281594966805268,141393,1,P2,0.76,True,P2,0.6611161514571453,12.998894691467285,1.510326862335205,IGHA,0.039660056657223795,1.0,young
141393|C00157,2,0.7281594966805268,141393,1,P4,0.58,True,P4,0.9999998168405736,1.0776517391204834,6.146328449249268,IGHM,0.07102272727272728,0.0,young
141393|C00158,2,0.7281594966805268,141393,1,P2,1.0,True,P2,0.9953851690839076,14.261165618896484,-0.37979963421821594,,0.028169014084507043,0.0,young
141393|C00159,2,0.7281594966805268,141393,1,P3,0.92,True,P3,0.9951237363761138,15.074553489685059,11.56789779663086,IGHM,0.018207282913165267,0.5,young
141393|C00160,2,0.7281594966805268,141393,1,P2,1.0,True,P2,0.9999999846235711,12.963329315185547,-0.6118457317352295,IGHM,0.02247191011235955,0.5,young
141393|C00161,2,0.7281594966805268,141393,1,P2,0.86,True,P2,0.9999562634541325,12.613937377929688,1.432907223701477,IGHA,0.03913043478260869,0.5,young
141393|C00162,2,0.7281594966805268,141393,1,P2,1.0,True,P2,0.9636557506017215,14.260004043579102,-0.3183579742908478,IGHM,0.031073446327683617,1.0,young
141393|C00163,2,0.7281594966805268,141393,1,P2,1.0,True,P2,0.9999999998811404,11.752049446105957,-0.7092786431312561,IGHM,0.01680672268907563,0.5,young
141393|C00164,2,0.7281594966805268,141393,1,P1,1.0,True,P1,0.9997650466577815,11.550615310668945,7.845250606536865,IGHM,0.06983240223463688,0.5,young
141393|C00165,2,0.7281594966805268,141393,1,P4,1.0,True,P4,1.0,-0.1918947547674179,5.886477470397949,,0.057184750733137835,1.0,young
141393|C00166,2,0.7281594966805268,141393,1,P1,1.0,True,P1,0.9999999476026615,10.5714750289917,3.9740312099456787,IGHA,0.053599280621339444,1.0,young
141393|C00167,2,0.7281594966805268,141393,1,P1,1.0,True,P1,0.999999937178844,12.969545364379883,5.600970268249512,IGHM,0.05919737455853935,0.5,young
141393|C00168,2,0.7281594966805268,141393,1,P1,1.0,True,P1,0.9999909625734162,12.601648330688477,6.147589206695557,IGHM,0.030136986301369864,0.5,young
141393|C00169,2,0.7281594966805268,141393,1,P4,0.56,True,P4,0.99999990034461,0.9085050225257874,6.432374000549316,IGHG,0.0847953216374269,0.5,young
141393|C00170,2,0.7281594966805268,141393,1,P2,1.0,True,P2,0.9999828068235644,13.868099212646484,-0.19380711019039154,IGHM,0.05719582069430401,1.0,young
141393|C00171,2,0.7281594966805268,141393,1,P1,1.0,True,P1,0.9999998535733532,12.62398910522461,5.9247541427612305,IGHM,0.012577656761028434,0.5,young
141393|C00172,2,0.7281594966805268,141393,1,P1,1.0,True,P1,0.9999378017283048,11.57571029663086,6.207591533660889,IGHM,0.07944705404025987,1.0,young
141393|C00173,2,0.7281594966805268,141393,1,P1,1.0,True,P1,0.9997972835545782,11.360548973083496,7.831559181213379,,0.05155238253362111,0.5,young
141393|C00174,2,0.7281594966805268,141393,1,P2,1.0,True,P2,0.998661560021164,14.072664260864258,0.21067781746387482,IGHM,0.03380281690140845,1.0,young
141393|C00175,2,0.7281594966805268,141393,1,P4,0.32,True,P4,0.9861230097152177,1.1416999101638794,6.329471111297607,IGHG,0.07050135029905397,0.0,young
141393|C00176,2,0.7281594966805268,141393,1,P2,1.0,True,P2,0.9996200029729075,14.196676254272461,-0.21240271627902985,IGHM,0.016901408450704224,0.5,young
141393|C00177,2,0.7281594966805268,141393,1,P4,0.66,True,P4,0.9999999999988489,0.7943544983863831,6.558872222900391,IGHA,0.09348441926345609,0.5,young
141393|C00178,2,0.7281594966805268,141393,1,P1,0.76,True,P1,0.7713133303619677,9.697909355163574,6.9590840339660645,IGHA,0.15804597701149425,1.0,young
141393|C00179,2,0.7281594966805268,141393,1,P2,0.42,True,P2,0.9712031537538705,13.99242115020752,0.05247589573264122,IGHM,0.005649717514124294,0.5,young
141393|C00180,2,0.7281594966805268,141393,1,P1,1.0,True,P1,0.9916732329736253,8.810934066772461,6.44688081741333,IGHG,0.06304985337243402,0.5,young
141393|C00181,2,0.7281594966805268,141393,1,P1,0.98,True,P1,0.998954705088658,9.188830375671387,5.375391006469727,,0.011396011396011397,0.0,young
141393|C00182,2,0.7281594966805268,141393,1,P1,1.0,True,P1,0.9999941385568833,11.545348167419434,6.569387912750244,IGHA,0.01545754976788103,0.0,young
141393|C00183,2,0.7281594966805268,141393,1,P4,0.42,True,P4,0.9999999998158131,0.8801349997520447,5.258996963500977,,0.07242339832869081,0.5,young
141393|C00184,2,0.7281594966805268,141393,1,P2,1.0,True,P2,0.9999975433751634,13.69305419921875,-0.2380034476518631,,0.0111731843575419,0.0,young
141393|C00185,2,0.7281594966805268,141393,1,P2,1.0,True,P2,0.9999999999875655,11.647209167480469,-0.6844857931137085,IGHA,0.05767130875138471,1.0,young
141393|C00186,2,0.7281594966805268,141393,1,P2,1.0,True,P2,0.9999999979387866,13.485503196716309,-0.5498805642127991,IGHM,0.006702412868632708,0.5,young
141393|C00187,2,0.7281594966805268,141393,1,P2,0.86,True,P2,0.9989103362024327,11.861075401306152,0.03927597776055336,IGHD,0.054945054945054944,1.0,young
141393|C00188,2,0.7281594966805268,141393,1,P1,1.0,True,P1,0.9962173491965711,12.117258071899414,7.506426811218262,IGHM,0.020588235294117647,1.0,young
141393|C00189,2,0.7281594966805268,141393,1,P2,0.68,True,P2,0.9503097780822163,14.067184448242188,0.17419326305389404,IGHM,0.01440922190201729,0.5,young
141393|C00190,2,0.7281594966805268,141393,1,P4,1.0,True,P4,1.0,-2.248119354248047,6.883843421936035,IGHA,0.08746355685131195,0.0,young
141393|C00191,2,0.7281594966805268,141393,1,P2,1.0,True,P2,0.9999994831989397,12.132833480834961,-0.8586169481277466,,0.02616279069767442,0.5,young
141393|C00192,2,0.7281594966805268,141393,1,P1,1.0,True,P1,0.9999960790629802,9.606230735778809,5.894749641418457,IGHG,0.20540514592933948,0.5,young
141393|C00193,2,0.7281594966805268,141393,1,P2,0.8,True,P2,0.9218940879992671,12.823020935058594,1.7141789197921753,IGHG,0.05649717514124294,0.0,young
141393|C00194,2,0.7281594966805268,141393,1,P2,1.0,True,P2,0.999999979639995,11.865715026855469,-0.11389981210231781,IGHM,0.043478260869565216,0.5,young
141393|C00195,2,0.7281594966805268,141393,1,P4,0.76,True,P4,1.0,0.5927156805992126,6.115917205810547,IGHG,0.08260869565217391,0.5,young
141393|C00196,2,0.7281594966805268,141393,1,P1,1.0,True,P1,0.9999776425891199,10.956123352050781,6.925952434539795,IGHA,0.1073529411764706,0.5,young
141393|C00197,2,0.7281594966805268,141393,1,P1,1.0,True,P1,0.8992660554669233,10.286724090576172,7.5042924880981445,IGHG,0.0792507204610951,0.5,young
141393|C00198,2,0.7281594966805268,141393,1,P2,1.0,True,P2,0.9999999999407123,11.61448860168457,-0.6779475212097168,,0.025714285714285714,0.0,young
141393|C00199,2,0.7281594966805268,141393,1,P4,0.72,True,P4,0.9999998842609652,0.8840813636779785,6.324248313903809,,0.06837606837606838,1.0,young
141393|C00200,2,0.7281594966805268,141393,1,P1,1.0,True,P1,0.99976916176367,11.010843276977539,7.274957180023193,IGHM,0.058333333333333334,0.0,young
141393|C00201,2,0.7281594966805268,141393,1,P1,1.0,True,P1,0.999970244995985,11.535303115844727,7.9109697341918945,IGHM,0.05475504322766571,0.0,young
141393|C00202,2,0.7281594966805268,141393,1,P3,1.0,True,P3,0.9999999999999716,13.93147087097168,13.799651145935059,IGHM,0.0,0.0,young
141393|C00203,2,0.7281594966805268,141393,1,P2,1.0,True,P2,0.9999999999999716,11.989992141723633,-0.9876043200492859,IGHM,0.017241379310344827,0.5,young
141393|C00204,2,0.7281594966805268,141393,1,P2,1.0,True,P2,0.9999999994391118,11.908496856689453,-0.8028785586357117,IGHM,0.031791907514450865,0.5,young
141393|C00205,2,0.7281594966805268,141393,1,P1,1.0,True,P1,0.9920680251346629,12.725441932678223,5.5724382400512695,IGHM,0.032432432432432434,1.0,young
141393|C00206,2,0.7281594966805268,141393,1,P2,1.0,True,P2,0.9999930917448715,13.606678009033203,-0.3806184232234955,,0.005714285714285714,0.0,young
141393|C00207,2,0.7281594966805268,141393,1,P2,1.0,True,P2,0.9999995707481089,11.796796798706055,-0.0683932676911354,,0.026462395543175487,0.5,young
141393|C00208,2,0.7281594966805268,141393,1,P2,1.0,True,P2,0.9995345345389575,13.467411041259766,-0.22055821120738983,,0.01891891891891892,0.5,young
141393|C00209,2,0.7281594966805268,141393,1,P2,1.0,True,P2,0.99805574719728,13.457132339477539,0.21028803288936615,,0.005434782608695652,0.5,young
141393|C00210,2,0.7281594966805268,141393,1,P2,1.0,True,P2,0.9999999999858886,12.316978454589844,-1.0274851322174072,,0.00847457627118644,0.5,young
141393|C00211,2,0.7281594966805268,141393,1,P2,0.98,True,P2,0.9999824799445926,13.792004585266113,-0.04254951328039169,IGHM,0.020527859237536656,0.5,young
141393|C00212,2,0.7281594966805268,141393,1,P3,1.0,True,P3,0.9999999998108677,15.293466567993164,11.63076114654541,IGHM,0.0,1.0,young
141393|C00213,2,0.7281594966805268,141393,1,P2,1.0,True,P2,0.9999999802638941,13.488747596740723,-0.5427157282829285,IGHM,0.014792899408284023,1.0,young
141393|C00214,2,0.7281594966805268,141393,1,P2,1.0,True,P2,0.9998245837868124,13.036974906921387,-0.9398857355117798,IGHM,0.028169014084507043,0.0,young
141393|C00215,2,0.7281594966805268,141393,1,P2,1.0,True,P2,0.9999999999764668,11.728972434997559,-0.2757890224456787,IGHM,0.0028169014084507044,0.0,young
141393|C00216,2,0.7281594966805268,141393,1,P2,0.84,True,P2,0.9968652399851431,12.110615730285645,0.8494646549224854,IGHG,0.03305785123966942,0.5,young
141393|C00217,2,0.7281594966805268,141393,1,P2,1.0,True,P2,0.9999999717787066,13.06396198272705,-0.4606587290763855,IGHM,0.0028011424267152096,0.5,young
141393|C00218,2,0.7281594966805268,141393,1,P2,0.82,True,P2,0.9998200191947477,13.446520805358887,-0.1432415395975113,IGHM,0.027700831024930747,0.0,young
141393|C00219,2,0.7281594966805268,141393,1,P3,1.0,True,P3,0.9999999999651408,14.957569122314453,12.482125282287598,,0.0,1.0,young
141393|C00220,2,0.7281594966805268,141393,1,P2,1.0,True,P2,0.9999999866066674,12.401314735412598,-1.0020503997802734,IGHM,0.020289855072463767,1.0,young
141393|C00221,2,0.7281594966805268,141393,1,P2,1.0,True,P2,0.999999999973852,12.163467407226562,-0.8530653715133667,IGHM,0.010869565217391304,1.0,young
141393|C00222,2,0.7281594966805268,141393,1,P2,1.0,True,P2,0.9999999972373672,13.037574768066406,-0.9524713754653931,,0.02535211267605634,1.0,young
141393|C00223,2,0.7281594966805268,141393,1,P2,0.76,True,P2,0.7786143985835371,14.294485092163086,0.34390273690223694,IGHM,0.02023121387283237,1.0,young
141393|C00224,2,0.7281594966805268,141393,1,P1,1.0,True,P1,0.9999972667498135,11.721920013427734,5.939694404602051,IGHG,0.044644213724993664,1.0,young
141393|C00225,2,0.7281594966805268,141393,1,P2,0.34,True,P2,0.9837695612795179,12.322052955627441,4.9521403312683105,IGHM,0.1421875,0.5,young
141393|C00226,2,0.7281594966805268,141393,1,P3,1.0,True,P3,0.9999999997662599,15.073850631713867,12.445014953613281,IGHM,0.0,0.0,young
141393|C00227,2,0.7281594966805268,141393,1,P2,0.8,True,P2,0.9793918561821326,12.704634666442871,1.5068449974060059,IGHA,0.036827195467422094,0.5,young
141393|C00228,2,0.7281594966805268,141393,1,P1,1.0,True,P1,0.9999966188375742,9.18238639831543,5.490217208862305,IGHG,0.022284122562674095,1.0,young
141393|C00229,2,0.7281594966805268,141393,1,P1,1.0,True,P1,0.8403781731818551,9.229836463928223,7.006807804107666,IGHG,0.06378505361140568,0.5,young
141393|C00230,2,0.7281594966805268,141393,1,P1,0.8,True,P1,0.949060321188825,13.61892318725586,6.736305236816406,IGHM,0.03611111111111111,0.5,young
141393|C00231,2,0.7281594966805268,141393,1,P4,0.76,True,P4,0.9999999970591205,0.6802590489387512,6.573873996734619,IGHG,0.11705202312138728,1.0,young
141393|C00232,2,0.7281594966805268,141393,1,P2,0.62,True,P2,0.999999937548724,10.177762031555176,0.5406892895698547,IGHM,0.03571428571428571,1.0,young
141393|C00233,2,0.7281594966805268,141393,1,P1,1.0,True,P1,0.9918649338341406,10.286149978637695,6.9211745262146,IGHA,0.08344512902050416,0.0,young
141393|C00234,2,0.7281594966805268,141393,1,P1,0.6,True,P1,0.9999991294483076,10.136039733886719,7.364169597625732,IGHG,0.04519774011299435,0.0,young
141393|C00235,2,0.7281594966805268,141393,1,P1,1.0,True,P1,0.7675719513787942,9.755443572998047,7.112009048461914,IGHG,0.06564245810055866,0.0,young
141393|C00236,2,0.7281594966805268,141393,1,P1,1.0,True,P1,0.9999999951417351,9.41949462890625,5.3502960205078125,IGHG,0.1111111111111111,1.0,young
141393|C00237,2,0.7281594966805268,141393,1,P4,0.68,True,P4,0.9999999999995168,0.46752575039863586,6.3774003982543945,,0.058161373431894245,0.5,young
141393|C00238,2,0.7281594966805268,141393,1,P4,1.0,True,P4,1.0,-0.6566255688667297,5.177452564239502,IGHG,0.07803468208092486,1.0,young
141393|C00239,2,0.7281594966805268,141393,1,P4,1.0,True,P4,1.0,-1.6122404336929321,6.792196273803711,IGHG,0.06547619047619048,0.0,young
141393|C00240,2,0.7281594966805268,141393,1,P2,1.0,True,P2,0.9993651202947269,13.230728149414062,1.2264556884765625,IGHG,0.052924791086350974,1.0,young
141393|C00241,2,0.7281594966805268,141393,1,P2,1.0,True,P2,0.8319443117332682,14.216043472290039,-0.16701850295066833,,0.017543859649122806,1.0,young
141393|C00242,2,0.7281594966805268,141393,1,P4,1.0,True,P4,1.0,-1.8367369174957275,6.802570819854736,IGHA,0.16909620991253643,0.0,young
141393|C00243,2,0.7281594966805268,141393,1,P2,1.0,True,P2,0.9999999998200906,12.887703895568848,-0.42072829604148865,,0.044444444444444446,0.0,young
141393|C00244,2,0.7281594966805268,141393,1,P2,1.0,True,P2,0.9973945856376494,13.911982536315918,-0.3296694755554199,,0.0226628895184136,0.5,young
141393|C00245,2,0.7281594966805268,141393,1,P1,1.0,True,P1,0.9999895784890687,12.524864196777344,7.115067481994629,IGHM,0.03428571428571429,0.0,young
141393|C00246,2,0.7281594966805268,141393,1,P4,0.72,True,P4,1.0,0.41241687536239624,6.568577289581299,IGHG,0.07033642920660013,0.5,young
141393|C00247,2,0.7281594966805268,141393,1,P1,0.82,True,P1,0.9999578484511132,9.283772468566895,3.5844218730926514,IGHM,0.026912181303116147,1.0,young
141393|C00248,2,0.7281594966805268,141393,1,P1,0.78,True,P1,0.9985914193902834,13.509018898010254,7.500405311584473,IGHM,0.02,1.0,young
141393|C00249,2,0.7281594966805268,141393,1,P2,1.0,True,P2,0.9933932142016505,13.918277740478516,0.2519218325614929,IGHM,0.014925373134328358,0.5,young
141393|C00250,2,0.7281594966805268,141393,1,P1,1.0,True,P1,0.9999999951003247,10.2930908203125,5.478706359863281,IGHG,0.00704225352112676,0.0,young
141393|C00251,2,0.7281594966805268,141393,1,P3,0.7,True,P3,0.9917651711853233,13.87790584564209,11.057692527770996,,0.008426966292134831,0.0,young
141393|C00252,2,0.7281594966805268,141393,1,P4,0.64,True,P4,0.999882191024606,0.9767577648162842,6.594472885131836,IGHG,0.08924283999314012,0.5,young
141393|C00253,2,0.7281594966805268,141393,1,P2,1.0,True,P2,0.9999987970032708,13.613338470458984,-0.6392444372177124,IGHM,0.024861878453038673,1.0,young
141393|C00254,2,0.7281594966805268,141393,1,P2,1.0,True,P2,0.9999826564025738,12.679317474365234,-0.012150407768785954,IGHG,0.10242587601078167,0.5,young
141393|C00255,2,0.7281594966805268,141393,1,P4,1.0,True,P4,1.0,-1.7326513528823853,6.906976222991943,IGHG,0.10344827586206896,0.0,young
141393|C00256,2,0.7281594966805268,141393,1,P2,0.96,True,P2,0.9999857882159009,13.865026473999023,-0.18157872557640076,IGHM,0.022857142857142857,0.5,young
141393|C00257,2,0.7281594966805268,141393,1,P2,1.0,True,P2,0.9999613938811404,13.482056617736816,0.38204076886177063,,0.011267605633802818,0.5,young
141393|C00258,2,0.7281594966805268,141393,1,P2,0.88,True,P2,0.9999997855682866,13.27739143371582,-0.5836474299430847,,0.017857142857142856,1.0,young
141393|C00259,2,0.7281594966805268,141393,1,P2,1.0,True,P2,0.9999999998245812,12.995943069458008,-0.44022807478904724,IGHM,0.03651685393258427,0.5,young
141393|C00260,2,0.7281594966805268,141393,1,P2,1.0,True,P2,0.9999999969317344,12.069504737854004,-0.4544987380504608,IGHM,0.008426966292134831,0.5,young
141393|C00261,2,0.7281594966805268,141393,1,P2,1.0,True,P2,0.9999999999970868,12.255819320678711,-1.0194101333618164,,0.037142857142857144,0.5,young
141393|C00262,2,0.7281594966805268,141393,1,P1,1.0,True,P1,0.9996571643744424,13.334043502807617,6.879538536071777,IGHM,0.008645533141210375,0.5,young
141393|C00263,2,0.7281594966805268,141393,1,P3,1.0,True,P3,0.9999999999307647,15.335017204284668,11.78425121307373,,0.0,0.0,young
141393|C00264,2,0.7281594966805268,141393,1,P1,1.0,True,P1,0.9980964952213209,12.157888412475586,7.629579544067383,IGHM,0.048476454293628804,1.0,young
141393|C00265,2,0.7281594966805268,141393,1,P1,0.96,True,P1,0.9981019528441728,12.301450729370117,7.644105434417725,IGHA,0.02702702702702703,1.0,young
141393|C00266,2,0.7281594966805268,141393,1,P1,0.72,True,P1,0.5087586429439301,12.67653751373291,8.017707824707031,IGHM,0.04714285714285714,0.5,young
141393|C00267,2,0.7281594966805268,141393,1,P1,1.0,True,P1,0.9999996351570769,9.103837966918945,5.515157222747803,IGHG,0.125,0.5,young
141393|C00268,2,0.7281594966805268,141393,1,P2,0.48,True,P2,0.9765575575628307,12.651947975158691,1.1905826330184937,IGHM,0.017045454545454544,0.5,young
141393|C00269,2,0.7281594966805268,141393,1,P3,1.0,True,P3,0.9999769902216492,14.285431861877441,11.877245903015137,IGHM,0.0,0.0,young
141393|C00270,2,0.7281594966805268,141393,1,P1,1.0,True,P1,0.9999823816269583,12.310240745544434,7.859050273895264,IGHM,0.04314485408592533,0.0,young
141393|C00271,2,0.7281594966805268,141393,1,P1,1.0,True,P1,0.9970847430438464,12.588033676147461,8.023067474365234,IGHM,0.030726256983240222,0.5,young
141393|C00272,2,0.7281594966805268,141393,1,P2,0.94,True,P2,0.9483192075409418,14.229758262634277,0.1888827681541443,IGHM,0.01971830985915493,0.5,young
141393|C00273,2,0.7281594966805268,141393,1,P2,1.0,True,P2,0.9999815840946379,13.212984085083008,-0.3522106409072876,,0.05056179775280899,0.5,young
141393|C00274,2,0.7281594966805268,141393,1,P1,1.0,True,P1,0.9421085538555934,11.354199409484863,7.911292552947998,IGHA,0.038135593220338986,0.5,young
141393|C00275,2,0.7281594966805268,141393,1,P1,1.0,True,P1,0.998413060289409,10.67265510559082,3.6798295974731445,IGHM,0.014367816091954023,0.0,young
141393|C00276,2,0.7281594966805268,141393,1,P2,0.74,True,P2,0.5097147650100117,11.786931991577148,1.6435189247131348,IGHG,0.12607449856733524,0.5,young
141393|C00277,2,0.7281594966805268,141393,1,P3,1.0,True,P3,0.9999999810869015,13.657002449035645,13.359142303466797,IGHD,0.0,0.0,young
141393|C00278,2,0.7281594966805268,141393,1,P4,1.0,True,P4,1.0,-1.1157935857772827,5.507344722747803,IGHG,0.0906515580736544,0.5,young
141393|C00279,2,0.7281594966805268,141393,1,P3,1.0,True,P3,0.9999999998814957,15.272374153137207,12.581130027770996,IGHM,0.0,0.0,young
141393|C00280,2,0.7281594966805268,141393,1,P2,0.34,True,P2,0.9981987401491433,12.198173522949219,2.0305137634277344,IGHG,0.12393162393162394,0.5,young
141393|C00281,2,0.7281594966805268,141393,1,P2,0.36,True,P2,0.9999999999992326,9.544483184814453,0.25694921612739563,IGHM,0.0,0.0,young
141393|C00282,2,0.7281594966805268,141393,1,P2,0.84,True,P2,0.8410009437513729,12.892596244812012,1.6493372917175293,IGHG,0.05935382822175275,0.0,young
141393|C00283,2,0.7281594966805268,141393,1,P2,1.0,True,P2,0.9998031798678804,14.19070816040039,-0.20599627494812012,IGHM,0.03888888888888889,0.5,young
141393|C00284,2,0.7281594966805268,141393,1,P1,1.0,True,P1,0.9999925779696525,9.134369850158691,5.540903568267822,IGHG,0.013850415512465375,0.5,young
141393|C00285,2,0.7281594966805268,141393,1,P4,0.7,True,P4,0.9999999993539745,0.8742242455482483,6.5256266593933105,IGHA,0.045454545454545456,0.0,young
141393|C00286,2,0.7281594966805268,141393,1,P1,1.0,True,P1,0.999996173613541,12.048209190368652,6.300503730773926,IGHM,0.05790960451977401,0.5,young
141393|C00287,2,0.7281594966805268,141393,1,P2,0.88,True,P2,0.9996216573165356,11.725921630859375,1.5055526494979858,IGHG,0.08357348703170028,0.5,young
141393|C00288,2,0.7281594966805268,141393,1,P2,1.0,True,P2,0.999999999403471,12.936259269714355,-0.6057054996490479,IGHM,0.002824858757062147,0.5,young
141393|C00289,2,0.7281594966805268,141393,1,P2,0.48,True,P2,0.7200890050382335,11.718794822692871,1.6287870407104492,IGHG,0.12570206374085685,0.5,young
141393|C00290,2,0.7281594966805268,141393,1,P1,1.0,True,P1,0.9548858155421565,9.470977783203125,6.871249675750732,,0.04857142857142857,0.0,young
141393|C00291,2,0.7281594966805268,141393,1,P2,0.88,True,P2,0.9999656459593289,13.44991683959961,-0.23748645186424255,IGHM,0.025495750708215296,0.5,young
141393|C00292,2,0.7281594966805268,141393,1,P3,1.0,True,P3,0.999999722583037,15.202638626098633,12.520179748535156,IGHM,0.002770083102493075,0.0,young
141393|C00293,2,0.7281594966805268,141393,1,P2,0.74,True,P2,0.7456813504625848,12.799155235290527,1.7727105617523193,IGHG,0.0359083437338285,0.5,young
141393|C00294,2,0.7281594966805268,141393,1,P2,1.0,True,P2,0.9999952797134305,12.84230899810791,-0.6875729560852051,IGHM,0.002824858757062147,1.0,young
141393|C00295,2,0.7281594966805268,141393,1,P1,1.0,True,P1,0.9538753271293513,12.448714256286621,6.544726848602295,IGHM,0.059137831865104594,0.0,young
141393|C00296,2,0.7281594966805268,141393,1,P3,1.0,True,P3,0.9999695698410306,13.90847110748291,12.091577529907227,,0.0,0.0,young
141393|C00297,2,0.7281594966805268,141393,1,P2,0.64,True,P2,0.8331750461159858,12.093899726867676,1.7259454727172852,IGHG,0.13202247191011235,0.5,young
141393|C00298,2,0.7281594966805268,141393,1,P2,0.86,True,P2,0.9970754700075674,12.761674880981445,1.163961410522461,IGHM,0.040345821325648415,1.0,young
141393|C00299,2,0.7281594966805268,141393,1,P2,0.82,True,P2,0.7964658415982218,12.843631744384766,1.8328232765197754,,0.023876404494382022,0.5,young
141393|C00300,2,0.7281594966805268,141393,1,P2,1.0,True,P2,0.9999999999935767,11.678319931030273,-0.8812408447265625,IGHM,0.03768115942028986,0.5,young
141393|C00301,2,0.7281594966805268,141393,1,P1,1.0,True,P1,0.8716787495308467,11.311018943786621,7.954132556915283,IGHG,0.07062146892655367,0.0,young
141393|C00302,2,0.7281594966805268,141393,1,P4,1.0,True,P4,1.0,-2.5925028324127197,6.3314127922058105,IGHG,0.08199567834542368,1.0,young
141393|C00303,2,0.7281594966805268,141393,1,P1,1.0,True,P1,0.9999998402505653,11.392597198486328,5.231085777282715,IGHM,0.02190951498936681,0.5,young
141393|C00304,2,0.7281594966805268,141393,1,P2,0.88,True,P2,0.9997777428390269,14.260856628417969,-0.43564802408218384,IGHM,0.01662049861495845,1.0,young
141393|C00305,2,0.7281594966805268,141393,1,P2,0.56,True,P2,0.9961363477232806,12.68289852142334,1.6250072717666626,IGHA,0.039983999869386694,0.5,young
141393|C00306,2,0.7281594966805268,141393,1,P4,0.6,True,P4,0.9382170000675647,0.9707937836647034,6.513233184814453,IGHG,0.02127659574468085,0.0,young
141393|C00307,2,0.7281594966805268,141393,1,P2,1.0,True,P2,0.9999999843924315,13.322696685791016,-0.5085271596908569,IGHM,0.008746355685131196,1.0,young
141393|C00308,2,0.7281594966805268,141393,1,P1,1.0,True,P1,0.9978808707174337,9.152775764465332,6.943330764770508,IGHG,0.06772334293948126,0.0,young
141393|C00309,2,0.7281594966805268,141393,1,P1,0.8,True,P1,0.999525288386276,9.783812522888184,5.936846733093262,,0.018950437317784258,0.0,young
141393|C00310,2,0.7281594966805268,141393,1,P1,1.0,True,P1,0.5663569964576126,9.254779815673828,7.058189392089844,IGHG,0.08130081300813008,1.0,young
141393|C00311,2,0.7281594966805268,141393,1,P1,0.98,True,P1,0.9996669820596614,9.740290641784668,5.898867130279541,IGHM,0.0339943342776204,0.5,young
141393|C00312,2,0.7281594966805268,141393,1,P1,1.0,True,P1,0.9957292775078947,11.268919944763184,7.700687408447266,IGHA,0.03611111111111111,1.0,young
141393|C00313,2,0.7281594966805268,141393,1,P4,1.0,True,P4,1.0,-2.2518770694732666,5.600110054016113,IGHG,0.0664819944598338,0.5,young
141393|C00314,2,0.7281594966805268,141393,1,P4,1.0,True,P4,1.0,-1.6090680360794067,6.719865322113037,IGHA,0.09013917314776913,0.5,young
141393|C00315,2,0.7281594966805268,141393,1,P1,1.0,True,P1,0.9999996125887702,11.68944263458252,7.022851943969727,IGHG,0.07736389684813753,0.0,young
141393|C00316,2,0.7281594966805268,141393,1,P2,1.0,True,P2,0.9938672429891118,14.229534149169922,-0.4124021828174591,IGHM,0.008547008547008548,0.5,young
141393|C00317,2,0.7281594966805268,141393,1,P1,0.72,True,P1,0.962072720126829,10.693431854248047,2.032484531402588,IGHA,0.05865102639296188,0.5,young
141393|C00318,2,0.7281594966805268,141393,1,P2,1.0,True,P2,0.9999999999951257,11.631580352783203,-0.7632155418395996,IGHM,0.01749271137026239,1.0,young
141393|C00319,2,0.7281594966805268,141393,1,P3,0.84,True,P3,0.9999999992706563,14.735498428344727,12.461206436157227,IGHM,0.02040816326530612,0.5,young
141393|C00320,2,0.7281594966805268,141393,1,P2,0.64,True,P2,0.939755521341842,13.730338096618652,0.21463605761528015,IGHM,0.011560693641618497,0.5,young
141393|C00321,2,0.7281594966805268,141393,1,P4,0.74,True,P4,0.6399168030528737,1.1276682615280151,6.3066816329956055,IGHG,0.052054794520547946,1.0,young
141393|C00322,2,0.7281594966805268,141393,1,P2,0.5,True,P2,0.9831666959377662,14.064029693603516,0.1941947340965271,IGHM,0.01639344262295082,0.5,young
141393|C00323,2,0.7281594966805268,141393,1,P2,1.0,True,P2,0.999999981926834,12.541752815246582,-0.7272798418998718,,0.011019283746556474,0.5,young
141393|C00324,2,0.7281594966805268,141393,1,P4,0.4,True,P4,0.9637655928752668,1.0178585052490234,6.3273725509643555,IGHG,0.08112094395280237,0.0,young
141393|C00325,2,0.7281594966805268,141393,1,P2,1.0,True,P2,0.9999995092303134,13.363819122314453,-0.5367766618728638,IGHM,0.0226628895184136,0.5,young
141393|C00326,2,0.7281594966805268,141393,1,P1,1.0,True,P1,0.9674475692143448,9.376106262207031,6.986003398895264,IGHG,0.07365439093484419,1.0,young
141393|C00327,2,0.7281594966805268,141393,1,P1,1.0,True,P1,0.999978016609941,12.668522834777832,5.952866554260254,IGHA,0.02824858757062147,0.5,young
141393|C00328,2,0.7281594966805268,141393,1,P1,1.0,True,P1,0.6364887578863353,9.690826416015625,6.9371137619018555,IGHA,0.1422766913319239,0.0,young
141393|C00329,2,0.7281594966805268,141393,1,P1,0.62,True,P1,0.9893996363198643,12.63680362701416,8.045846939086914,,0.07916666666666666,0.5,young
141393|C00330,2,0.7281594966805268,141393,1,P2,0.92,True,P2,0.999999159792066,11.607271194458008,-0.2288719117641449,IGHD,0.016713091922005572,0.5,young
141393|C00331,2,0.7281594966805268,141393,1,P2,0.58,True,P2,0.9999977392366308,10.0636625289917,0.5239368081092834,IGHM,0.005747126436781609,0.5,young
141393|C00332,2,0.7281594966805268,141393,1,P2,1.0,True,P2,0.9999508774498558,12.96548080444336,-0.17279435694217682,,0.08245700799972236,1.0,young
141393|C00333,2,0.7281594966805268,141393,1,P2,1.0,True,P2,0.9847688868343023,13.768888473510742,0.6491301655769348,IGHM,0.043478260869565216,1.0,young
141393|C00334,2,0.7281594966805268,141393,1,P4,0.5,True,P4,0.9999999999939888,0.8962129354476929,5.256992340087891,IGHG,0.06911863004106057,0.5,young
141393|C00335,2,0.7281594966805268,141393,1,P2,0.8,True,P2,0.6113525645922822,14.257481575012207,-0.15428179502487183,IGHM,0.011049723756906077,0.0,young
141393|C00336,2,0.7281594966805268,141393,1,P2,1.0,True,P2,0.9999999999971436,11.67661190032959,-0.9088327884674072,IGHM,0.018666666666666668,0.0,young
141393|C00337,2,0.7281594966805268,141393,1,P1,0.78,True,P1,0.997172267731855,10.328727722167969,7.179596900939941,IGHG,0.046856510778412304,0.0,young
141393|C00338,2,0.7281594966805268,141393,1,P2,1.0,True,P2,0.9999999799919694,12.83743953704834,-0.29776424169540405,IGHM,0.01694915254237288,0.5,young
141393|C00339,2,0.7281594966805268,141393,1,P1,1.0,True,P1,0.9027787030415301,13.532190322875977,7.146330833435059,IGHM,0.013333333333333334,0.5,young
141393|C00340,2,0.7281594966805268,141393,1,P3,1.0,True,P3,0.9999999999246256,13.356572151184082,12.918818473815918,IGHM,0.0,1.0,young
141393|C00341,2,0.7281594966805268,141393,1,P4,1.0,True,P4,1.0,-1.501322627067566,5.581846714019775,IGHA,0.07714285714285715,0.5,young
141393|C00342,2,0.7281594966805268,141393,1,P1,1.0,True,P1,0.9959924300665202,13.033916473388672,7.524188041687012,IGHM,0.023054755043227664,0.5,young
141393|C00343,2,0.7281594966805268,141393,1,P2,0.7,True,P2,0.8632553448704343,12.33499526977539,1.4303710460662842,IGHM,0.06686046511627906,1.0,young
141393|C00344,2,0.7281594966805268,141393,1,P1,1.0,True,P1,0.9999909267123507,13.083564758300781,5.41983699798584,,0.07192276749798873,0.5,young
141393|C00345,2,0.7281594966805268,141393,1,P3,0.6,True,P3,0.6415091848371877,14.702210426330566,11.93778133392334,IGHM,0.019178082191780823,0.5,young
141393|C00346,2,0.7281594966805268,141393,1,P2,1.0,True,P2,0.9999999702304625,11.576066017150879,-0.694149374961853,IGHM,0.011299435028248588,1.0,young
141393|C00347,2,0.7281594966805268,141393,1,P1,0.98,True,P1,0.9305534761451104,9.47281265258789,6.623778820037842,IGHG,0.2002994011976048,0.0,young
141393|C00348,2,0.7281594966805268,141393,1,P3,1.0,True,P3,0.9999999915231257,14.82486343383789,12.442893981933594,IGHM,0.0057306590257879654,0.0,young
141393|C00349,2,0.7281594966805268,141393,1,P2,0.88,True,P2,0.9916469121303334,14.220758438110352,-0.32166600227355957,IGHM,0.01440922190201729,1.0,young
141393|C00350,2,0.7281594966805268,141393,1,P1,1.0,True,P1,0.7812082853493656,11.0756254196167,7.703855991363525,IGHA,0.039886039886039885,0.5,young
141393|C00351,2,0.7281594966805268,141393,1,P1,0.98,True,P1,0.9946319833023429,10.112433433532715,7.414262771606445,IGHG,0.034722222222222224,0.5,young
141393|C00352,2,0.7281594966805268,141393,1,P2,0.88,True,P2,0.9984625666718482,12.942251205444336,1.2596999406814575,,0.0492206045260326,0.5,young
141393|C00353,2,0.7281594966805268,141393,1,P1,1.0,True,P1,0.9999979412869511,11.623819351196289,6.257338523864746,IGHM,0.011363636363636364,1.0,young
141393|C00354,2,0.7281594966805268,141393,1,P4,1.0,True,P4,1.0,-1.8482813835144043,6.430795192718506,IGHM,0.042134831460674156,0.0,young
141393|C00355,2,0.7281594966805268,141393,1,P2,1.0,True,P2,0.9999999999316458,11.901347160339355,-0.7372828125953674,IGHM,0.0273224043715847,0.5,young
141393|C00356,2,0.7281594966805268,141393,1,P2,1.0,True,P2,0.9999481331633457,13.589950561523438,0.6483361124992371,IGHM,0.02710027100271003,0.0,young
141393|C00357,2,0.7281594966805268,141393,1,P2,0.44,True,P2,0.9985953306507841,11.745315551757812,1.7766393423080444,IGHG,0.06578947368421052,0.5,young
141393|C00358,2,0.7281594966805268,141393,1,P2,0.64,True,P2,0.979427272108815,12.670711517333984,1.7835235595703125,IGHG,0.06764705882352941,0.5,young
141393|C00359,2,0.7281594966805268,141393,1,P2,1.0,True,P2,0.9999999999554205,11.76625919342041,-0.8717637658119202,IGHM,0.01971830985915493,0.0,young
141393|C00360,2,0.7281594966805268,141393,1,P1,1.0,True,P1,0.9999971358156846,9.197504997253418,5.723389625549316,,0.06306062247908012,0.5,young
141393|C00361,2,0.7281594966805268,141393,1,P1,1.0,True,P1,0.9799278245881072,10.171836853027344,7.188045024871826,IGHG,0.09309523809523809,0.5,young
141393|C00362,2,0.7281594966805268,141393,1,P1,1.0,True,P1,0.9993280057867421,9.690960884094238,6.412968158721924,IGHG,0.11461318051575932,0.5,young
141393|C00363,2,0.7281594966805268,141393,1,P2,1.0,True,P2,0.9999999999999858,11.6622314453125,-0.8889086842536926,,0.03333333333333333,0.5,young
141393|C00364,2,0.7281594966805268,141393,1,P1,1.0,True,P1,0.9961549779020102,13.256528854370117,7.570533275604248,IGHM,0.009776536312849162,0.5,young
141393|C00365,2,0.7281594966805268,141393,1,P1,1.0,True,P1,0.9971059648561088,11.93161678314209,7.764598369598389,IGHA,0.04032258064516129,0.0,young
141393|C00366,2,0.7281594966805268,141393,1,P2,0.36,True,P2,0.980690792601764,14.178229331970215,-0.08228818327188492,IGHG,0.029411764705882353,0.5,young
141393|C00367,2,0.7281594966805268,141393,1,P2,0.7,True,P2,0.6944043354117028,13.890405654907227,0.1886022686958313,IGHM,0.00847457627118644,0.0,young
141393|C00368,2,0.7281594966805268,141393,1,P1,1.0,True,P1,0.9971805933055445,9.346146583557129,7.034094333648682,IGHA,0.10307950178760888,0.5,young
141393|C00369,2,0.7281594966805268,141393,1,P1,1.0,True,P1,0.8822642181059329,10.853741645812988,7.400997161865234,IGHG,0.07435857778694299,1.0,young
141393|C00370,2,0.7281594966805268,141393,1,P2,1.0,True,P2,0.9999999974928926,13.004438400268555,-0.35904639959335327,IGHM,0.014044943820224719,0.0,young
141393|C00371,2,0.7281594966805268,141393,1,P2,1.0,True,P2,0.9999999999967599,12.34100341796875,-1.0111486911773682,IGHM,0.01694915254237288,1.0,young
141393|C00372,2,0.7281594966805268,141393,1,P1,1.0,True,P1,0.999998452971542,13.104978561401367,6.5344696044921875,IGHM,0.01790633608815427,0.5,young
141393|C00373,2,0.7281594966805268,141393,1,P2,1.0,True,P2,0.9999583896416578,12.03182601928711,0.5482576489448547,,0.03856382978723404,0.0,young
141393|C00374,2,0.7281594966805268,141393,1,P4,1.0,True,P4,1.0,-1.479714035987854,5.549501419067383,IGHA,0.08035714285714286,1.0,young
141393|C00375,2,0.7281594966805268,141393,1,P1,1.0,True,P1,0.9985709572536988,13.588098526000977,6.922733306884766,IGHM,0.04678362573099415,0.5,young
141393|C00376,2,0.7281594966805268,141393,1,P1,0.98,True,P1,0.9993941260514496,9.796960830688477,6.338673114776611,IGHG,0.0903954802259887,0.5,young
141393|C00377,2,0.7281594966805268,141393,1,P2,1.0,True,P2,0.9965380950896654,13.997747421264648,-0.1518855094909668,IGHM,0.030136986301369864,1.0,young
141393|C00378,2,0.7281594966805268,141393,1,P4,0.52,True,P4,0.9999999998925233,0.8320543766021729,5.369348526000977,IGHG,0.046348314606741575,0.5,young
141393|C00379,2,0.7281594966805268,141393,1,P1,1.0,True,P1,0.999358565835245,13.196708679199219,7.50754451751709,IGHM,0.04189944134078212,0.5,young
141393|C00380,2,0.7281594966805268,141393,1,P1,1.0,True,P1,0.9893814695935383,9.515446662902832,6.8887834548950195,IGHA,0.042735042735042736,1.0,young
141393|C00381,2,0.7281594966805268,141393,1,P1,1.0,True,P1,0.999997714048346,13.43033218383789,7.444828510284424,IGHM,0.026297061524334253,0.5,young
141393|C00382,2,0.7281594966805268,141393,1,P4,1.0,True,P4,1.0,-2.752389907836914,5.667095184326172,IGHA,0.08192090395480225,1.0,young
141393|C00383,2,0.7281594966805268,141393,1,P3,1.0,True,P3,0.9999999518208551,15.019375801086426,12.608915328979492,IGHM,0.0,0.0,young
141393|C00384,2,0.7281594966805268,141393,1,P4,1.0,True,P4,1.0,-0.904822051525116,5.243251323699951,IGHA,0.10256410256410256,0.5,young
141393|C00385,2,0.7281594966805268,141393,1,P1,1.0,True,P1,0.9998087406457388,8.970694541931152,6.061447620391846,IGHG,0.1937869822485207,0.5,young
141393|C00386,2,0.7281594966805268,141393,1,P4,1.0,True,P4,1.0,-1.7743895053863525,6.555959701538086,IGHG,0.069164265129683,0.0,young
141393|C00387,2,0.7281594966805268,141393,1,P1,1.0,True,P1,0.9999948441921488,13.3477783203125,6.88800048828125,IGHM,0.03142857142857143,0.0,young
141393|C00388,2,0.7281594966805268,141393,1,P1,1.0,True,P1,0.9994181718841427,9.45930004119873,6.719885349273682,,0.0968208092485549,0.5,young
141393|C00389,2,0.7281594966805268,141393,1,P1,1.0,True,P1,0.9999970024543521,12.863866806030273,6.304810047149658,IGHM,0.0211864406779661,0.5,young
141393|C00390,2,0.7281594966805268,141393,1,P2,1.0,True,P2,0.9999999680571681,11.78425121307373,0.5843482613563538,IGHA,0.04,1.0,young
141393|C00391,2,0.7281594966805268,141393,1,P1,1.0,True,P1,0.5572767698972416,9.548876762390137,7.062301158905029,IGHG,0.06956521739130435,1.0,young
141393|C00392,2,0.7281594966805268,141393,1,P1,0.98,True,P1,0.9998751690470797,9.011918067932129,3.8060965538024902,IGHG,0.02877846790890269,0.5,young
141394|C00001,12,0.9378279053482508,141394,1,P2,1.0,True,P2,1.0,12.726083755493164,0.4965117573738098,IGHM,0.022988505747126436,0.4166666666666667,older
141394|C00002,12,0.9378279053482508,141394,1,P2,1.0,True,P2,1.0,12.117368698120117,-0.6079413294792175,IGHM,0.019444444444444445,0.25,older
141394|C00003,11,0.9326697786864134,141394,1,P2,1.0,True,P2,1.0,12.428165435791016,-0.27376624941825867,IGHD,0.019230769230769232,0.2727272727272727,older
141394|C00004,10,0.9265749701735014,141394,1,P2,0.96,True,P2,1.0,11.938637733459473,0.4763975441455841,IGHM,0.012325340693462136,0.2,older
141394|C00005,9,0.9192617835628317,141394,1,P4,0.2,True,P4,1.0,10.560834884643555,2.063535213470459,IGHM,0.018726591760299626,0.0,older
141394|C00006,8,0.9103224608769878,141394,1,P2,1.0,True,P2,0.99999999999838,13.451367378234863,0.2751346230506897,IGHM,0.020600558659217876,0.5,older
141394|C00007,8,0.9103224608769878,141394,1,P4,1.0,True,P4,1.0,-2.481523275375366,6.048175811767578,IGHG,0.030592004001847008,1.0,older
141394|C00008,7,0.8991434163867826,141394,1,P2,1.0,True,P2,1.0,11.507311820983887,0.40157467126846313,IGHM,0.03089887640449438,0.42857142857142855,older
141394|C00009,7,0.8991434163867826,141394,1,P2,1.0,True,P2,1.0,13.260490417480469,0.7310003042221069,IGHM,0.026392961876832845,0.2857142857142857,older
141394|C00010,6,0.884755763798802,141394,1,P2,0.96,True,P2,0.9999999999985221,12.75760269165039,0.6300826668739319,,0.03314917127071823,0.6666666666666666,older
141394|C00011,6,0.884755763798802,141394,1,P2,1.0,True,P2,1.0,12.128883361816406,0.21104896068572998,IGHM,0.03765502910024586,0.5,older
141394|C00012,6,0.884755763798802,141394,1,P4,1.0,True,P4,1.0,-2.3896145820617676,5.774253845214844,IGHG,0.06414056582024175,1.0,older
141394|C00013,6,0.884755763798802,141394,1,P2,0.82,True,P2,1.0,11.688502311706543,-0.7438732385635376,,0.0223463687150838,0.8333333333333334,older
141394|C00014,5,0.8655324330768077,141394,1,P2,1.0,True,P2,1.0,11.595927238464355,-0.5148617029190063,IGHM,0.017391304347826087,0.6,older
141394|C00015,5,0.8655324330768077,141394,1,P2,0.94,True,P2,0.9999999944787419,12.361830711364746,0.9451113939285278,IGHM,0.03307053158341988,1.0,older
141394|C00016,5,0.8655324330768077,141394,1,P2,0.84,True,P2,0.9999999999961631,12.535027503967285,-0.5322778820991516,IGHM,0.020348837209302327,0.2,older
141394|C00017,5,0.8655324330768077,141394,1,P2,0.66,True,P2,0.9999997780637491,12.638120651245117,0.31944936513900757,IGHD,0.05172413793103449,0.0,older
141394|C00018,5,0.8655324330768077,141394,1,P4,0.02,True,P4,1.0,10.116747856140137,1.7451456785202026,IGHM,0.011594202898550725,0.2,older
141394|C00019,5,0.8655324330768077,141394,1,P2,0.84,True,P2,0.784223926785777,13.927998542785645,0.29042571783065796,IGHM,0.03151862464183381,0.2,older
141394|C00020,5,0.8655324330768077,141394,1,P2,1.0,True,P2,1.0,11.743720054626465,-0.6638622283935547,IGHM,0.022922636103151862,0.2,older
141394|C00021,5,0.8655324330768077,141394,1,P2,1.0,True,P2,0.9999999999999432,12.342490196228027,0.09296762943267822,IGHM,0.01791044776119403,0.6,older
141394|C00022,5,0.8655324330768077,141394,1,P2,0.98,True,P2,0.9999999999617444,12.883064270019531,0.3103160858154297,IGHM,0.02660514355820647,0.8,older
141394|C00023,5,0.8655324330768077,141394,1,P2,0.98,True,P2,0.9999999998724434,13.155025482177734,0.1358848363161087,IGHM,0.00872093023255814,0.2,older
141394|C00024,5,0.8655324330768077,141394,1,P2,1.0,True,P2,0.999999997369514,12.817953109741211,0.5953770875930786,IGHM,0.018857142857142857,0.4,older
141394|C00025,5,0.8655324330768077,141394,1,P2,0.44,True,P2,0.9999992494534499,11.981471061706543,2.101384401321411,IGHM,0.07906976744186048,0.2,older
141394|C00026,5,0.8655324330768077,141394,1,P2,1.0,True,P2,0.9999999999416076,12.118646621704102,0.34233441948890686,IGHM,0.01907356948228883,0.4,older
141394|C00027,5,0.8655324330768077,141394,1,P2,0.78,True,P2,0.9999999999999574,12.80748462677002,-0.12311939895153046,IGHM,0.0055248618784530384,0.2,older
141394|C00028,4,0.8385084386853215,141394,1,P2,1.0,True,P2,1.0,12.213398933410645,-0.46597036719322205,,0.01977401129943503,0.25,older
141394|C00029,4,0.8385084386853215,141394,1,P2,0.76,True,P2,0.999999999995282,10.590727806091309,0.6278756260871887,IGHM,0.022099447513812154,0.5,older
141394|C00030,4,0.8385084386853215,141394,1,P2,0.96,True,P2,0.9999999999921982,12.369768142700195,-0.3323245346546173,IGHM,0.03804347826086957,0.25,older
141394|C00031,4,0.8385084386853215,141394,1,P2,1.0,True,P2,0.9999999999998721,12.293160438537598,0.30819299817085266,,0.025423728813559324,0.25,older
141394|C00032,4,0.8385084386853215,141394,1,P4,0.94,True,P4,1.0,-0.3993220329284668,6.165220260620117,IGHA,0.08249828077414284,0.0,older
141394|C00033,4,0.8385084386853215,141394,1,P2,0.74,True,P2,0.9974306533582342,14.225249290466309,-0.18161894381046295,IGHM,0.007102272727272727,0.75,older
141394|C00034,4,0.8385084386853215,141394,1,P2,0.96,True,P2,0.9999998874766681,12.30946159362793,0.41233745217323303,IGHM,0.014204545454545454,0.25,older
141394|C00035,4,0.8385084386853215,141394,1,P2,0.94,True,P2,0.9999845323328443,13.565112113952637,0.1557038277387619,IGHM,0.011396011396011397,0.5,older
141394|C00036,4,0.8385084386853215,141394,1,P2,0.64,True,P2,0.9999999038077239,12.887194633483887,-0.3262043595314026,IGHM,0.02359882005899705,0.25,older
141394|C00037,4,0.8385084386853215,141394,1,P2,1.0,True,P2,0.9999999999999716,12.222329139709473,0.3059495687484741,IGHM,0.025732705689725747,0.5,older
141394|C00038,4,0.8385084386853215,141394,1,P2,0.94,True,P2,0.9999999999931077,12.651891708374023,0.507363498210907,IGHM,0.01358695652173913,0.5,older
141394|C00039,4,0.8385084386853215,141394,1,P3,1.0,True,P3,1.0,13.545614242553711,13.066975593566895,IGHM,0.0,0.0,older
141394|C00040,4,0.8385084386853215,141394,1,P2,1.0,True,P2,0.999999999992653,12.909759521484375,-0.21101650595664978,IGHM,0.018970189701897018,0.0,older
141394|C00041,4,0.8385084386853215,141394,1,P3,0.88,True,P3,0.9998622352701543,14.46144962310791,11.66349983215332,IGHM,0.003472222222222222,0.25,older
141394|C00042,4,0.8385084386853215,141394,1,P2,0.98,True,P2,0.9999999999629381,11.945271492004395,-0.46490249037742615,IGHM,0.022939385008350525,0.5,older
141394|C00043,4,0.8385084386853215,141394,1,P2,0.84,True,P2,0.999999999996561,10.334232330322266,1.4988605976104736,IGHD,0.013927576601671309,0.75,older
141394|C00044,4,0.8385084386853215,141394,1,P4,0.62,True,P4,1.0,1.2653837203979492,6.006649017333984,IGHM,0.06111111111111111,0.0,older
141394|C00045,4,0.8385084386853215,141394,1,P2,0.96,True,P2,0.9999999652070818,12.444802284240723,0.34793323278427124,,0.0,0.5,older
141394|C00046,4,0.8385084386853215,141394,1,P2,1.0,True,P2,0.9999999999707256,12.765019416809082,-0.3611624836921692,IGHD,0.01729106628242075,0.5,older
141394|C00047,4,0.8385084386853215,141394,1,P2,1.0,True,P2,0.9999872644165575,13.537802696228027,-0.0012174798175692558,,0.03560830860534125,0.25,older
141394|C00048,4,0.8385084386853215,141394,1,P2,1.0,True,P2,0.9999999915203261,13.301356315612793,0.7804241180419922,IGHD,0.022114448051948052,0.5,older
141394|C00049,4,0.8385084386853215,141394,1,P2,1.0,True,P2,1.0,11.76697063446045,-0.7273887991905212,IGHM,0.017241379310344827,0.5,older
141394|C00050,4,0.8385084386853215,141394,1,P1,0.56,True,P1,0.9801019834374344,11.965651512145996,8.097941398620605,IGHD,0.0026455026455026454,0.0,older
141394|C00051,4,0.8385084386853215,141394,1,P2,0.96,True,P2,0.9999997247053566,13.367671966552734,0.318931519985199,IGHM,0.02576601671309192,0.25,older
141394|C00052,4,0.8385084386853215,141394,1,P2,1.0,True,P2,0.9999999653207402,11.91160774230957,-0.18741945922374725,IGHM,0.0113314447592068,0.5,older
141394|C00053,4,0.8385084386853215,141394,1,P1,0.84,True,P1,0.6337908067374086,11.403267860412598,5.147343158721924,IGHM,0.049315068493150684,0.25,older
141394|C00054,4,0.8385084386853215,141394,1,P2,0.86,True,P2,0.9999999999996732,10.581685066223145,0.651689350605011,IGHM,0.005797101449275362,0.5,older
141394|C00055,4,0.8385084386853215,141394,1,P1,1.0,True,P1,0.9999999922397649,11.543548583984375,6.1603875160217285,IGHM,0.07616959064327486,0.5,older
141394|C00056,4,0.8385084386853215,141394,1,P2,1.0,True,P2,0.9999999990235011,12.8136568069458,0.5414204001426697,IGHM,0.028901734104046242,0.5,older
141394|C00057,4,0.8385084386853215,141394,1,P2,0.96,True,P2,0.9999999998897096,11.833841323852539,0.374775767326355,IGHM,0.022857142857142857,0.75,older
141394|C00058,4,0.8385084386853215,141394,1,P2,0.9,True,P2,0.9998664978549334,12.480229377746582,1.3410764932632446,IGHM,0.023054755043227664,0.25,older
141394|C00059,3,0.7976260126230478,141394,1,P1,0.98,True,P1,0.9999986882105751,10.483477592468262,5.8541131019592285,IGHM,0.0439882697947214,0.0,older
141394|C00060,3,0.7976260126230478,141394,1,P4,0.0,True,P4,0.966753744374914,10.2171630859375,1.651512622833252,IGHM,0.019178082191780823,0.3333333333333333,older
141394|C00061,3,0.7976260126230478,141394,1,P2,1.0,True,P2,0.999999999974591,12.78647518157959,0.2590090334415436,IGHM,0.013812154696132596,0.6666666666666666,older
141394|C00062,3,0.7976260126230478,141394,1,P2,0.9,True,P2,0.9999993023963203,13.081134796142578,0.16559264063835144,IGHM,0.03954802259887006,0.3333333333333333,older
141394|C00063,3,0.7976260126230478,141394,1,P2,1.0,True,P2,0.9998713119490334,13.28658390045166,0.3681572675704956,IGHM,0.02616279069767442,0.3333333333333333,older
141394|C00064,3,0.7976260126230478,141394,1,P2,0.8,True,P2,0.9981362476961109,12.748907089233398,1.3742001056671143,IGHM,0.019830028328611898,0.3333333333333333,older
141394|C00065,3,0.7976260126230478,141394,1,P3,1.0,True,P3,0.9999999941993707,15.206964492797852,12.979216575622559,IGHD,0.0,0.0,older
141394|C00066,3,0.7976260126230478,141394,1,P2,1.0,True,P2,0.9999998386092829,13.271801948547363,0.35175344347953796,IGHM,0.014749262536873156,0.3333333333333333,older
141394|C00067,3,0.7976260126230478,141394,1,P2,1.0,True,P2,0.99999999209831,12.789488792419434,0.028722941875457764,IGHM,0.022727272727272724,0.0,older
141394|C00068,3,0.7976260126230478,141394,1,P3,1.0,True,P3,0.9999999994758895,13.990800857543945,13.949003219604492,IGHM,0.0,0.0,older
141394|C00069,3,0.7976260126230478,141394,1,P2,1.0,True,P2,0.9999993145918116,12.779717445373535,0.6199805736541748,IGHD,0.0365296803652968,1.0,older
141394|C00070,3,0.7976260126230478,141394,1,P2,0.82,True,P2,0.999936819444518,13.382940292358398,0.3341003656387329,IGHM,0.03170028818443804,0.6666666666666666,older
141394|C00071,3,0.7976260126230478,141394,1,P2,1.0,True,P2,0.9999999999996305,11.547296524047852,-0.29728344082832336,IGHM,0.016569200779727095,1.0,older
141394|C00072,3,0.7976260126230478,141394,1,P3,1.0,True,P3,0.9999949430935935,13.927882194519043,13.929317474365234,IGHM,0.0,0.0,older
141394|C00073,3,0.7976260126230478,141394,1,P1,0.88,True,P1,0.9653081315736401,11.700783729553223,5.293480396270752,IGHD,0.019390581717451522,0.0,older
141394|C00074,3,0.7976260126230478,141394,1,P2,0.76,True,P2,0.9999104088594319,13.043578147888184,-0.22311221063137054,IGHM,0.02865329512893983,0.6666666666666666,older
141394|C00075,3,0.7976260126230478,141394,1,P2,1.0,True,P2,0.999999999985846,12.925559997558594,-0.3786605894565582,IGHM,0.027472527472527472,0.0,older
141394|C00076,3,0.7976260126230478,141394,1,P2,0.64,True,P2,0.998408041375667,10.66109561920166,2.0083625316619873,IGHM,0.011631323490357613,0.0,older
141394|C00077,3,0.7976260126230478,141394,1,P1,1.0,True,P1,0.9999949098842876,12.764752388000488,6.03343391418457,IGHM,0.011267605633802818,1.0,older
141394|C00078,3,0.7976260126230478,141394,1,P2,0.42,True,P2,0.999826768929394,13.756464958190918,0.23693495988845825,IGHM,0.010128913443830571,0.3333333333333333,older
141394|C00079,3,0.7976260126230478,141394,1,P2,1.0,True,P2,0.9999999999989626,11.8609619140625,-0.5243425965309143,IGHM,0.020588235294117647,0.3333333333333333,older
141394|C00080,3,0.7976260126230478,141394,1,P2,1.0,True,P2,0.9999999999463967,12.853214263916016,0.28655630350112915,IGHD,0.008670520231213872,1.0,older
141394|C00081,3,0.7976260126230478,141394,1,P2,1.0,True,P2,0.9999999995502122,12.20901107788086,0.34751471877098083,IGHM,0.03333333333333333,0.3333333333333333,older
141394|C00082,3,0.7976260126230478,141394,1,P2,1.0,True,P2,0.9999999968137985,13.190340042114258,0.6763959527015686,IGHM,0.014164305949008499,0.3333333333333333,older
141394|C00083,3,0.7976260126230478,141394,1,P2,1.0,True,P2,0.999999999993122,12.264640808105469,0.3506917655467987,IGHM,0.029272898961284235,0.6666666666666666,older
141394|C00084,3,0.7976260126230478,141394,1,P2,0.94,True,P2,0.999999957586966,12.922860145568848,0.31991803646087646,IGHM,0.008547008547008548,0.6666666666666666,older
141394|C00085,3,0.7976260126230478,141394,1,P2,1.0,True,P2,0.9999999999667182,12.364052772521973,-0.19314980506896973,IGHM,0.022261543646781262,0.3333333333333333,older
141394|C00086,3,0.7976260126230478,141394,1,P4,0.54,True,P4,0.5967876044607496,1.0795207023620605,6.339503288269043,IGHA,0.07535082993406707,0.0,older
141394|C00087,3,0.7976260126230478,141394,1,P4,0.02,True,P4,0.9740779896639141,10.224425315856934,1.638588309288025,IGHM,0.0,0.0,older
141394|C00088,3,0.7976260126230478,141394,1,P2,0.98,True,P2,0.9999999897997469,12.024313926696777,0.3090214431285858,IGHM,0.019230769230769232,0.6666666666666666,older
141394|C00089,3,0.7976260126230478,141394,1,P2,1.0,True,P2,0.9999999993886632,12.27651596069336,-0.20080898702144623,IGHD,0.03305785123966942,0.6666666666666666,older
141394|C00090,3,0.7976260126230478,141394,1,P3,0.94,True,P3,0.9008684278119118,14.71519947052002,11.723058700561523,IGHM,0.0,0.0,older
141394|C00091,3,0.7976260126230478,141394,1,P3,1.0,True,P3,0.9999999999999716,14.993083000183105,13.074943542480469,IGHM,0.0,0.0,older
141394|C00092,3,0.7976260126230478,141394,1,P3,1.0,True,P3,0.9999999999959499,13.827296257019043,13.818912506103516,IGHM,0.0,0.0,older
141394|C00093,3,0.7976260126230478,141394,1,P2,0.94,True,P2,0.9999999881406013,13.324838638305664,0.3094874918460846,IGHM,0.005780346820809248,0.6666666666666666,older
141394|C00094,3,0.7976260126230478,141394,1,P4,0.0,True,P4,0.9995662561651003,10.372733116149902,1.5460669994354248,IGHM,0.02631578947368421,0.3333333333333333,older
141394|C00095,3,0.7976260126230478,141394,1,P2,1.0,True,P2,0.9999998105073369,13.280069351196289,0.9098742008209229,IGHM,0.02528089887640449,0.3333333333333333,older
141394|C00096,3,0.7976260126230478,141394,1,P2,1.0,True,P2,0.9999999975775182,11.84627628326416,0.5139576196670532,IGHM,0.011235955056179775,0.3333333333333333,older
141394|C00097,3,0.7976260126230478,141394,1,P2,1.0,True,P2,0.9806763980196952,13.710310935974121,0.8774599432945251,IGHM,0.020146520146520148,0.0,older
141394|C00098,3,0.7976260126230478,141394,1,P2,0.9,True,P2,0.9999990956799646,12.678387641906738,0.4679768681526184,IGHD,0.03021978021978022,0.3333333333333333,older
141394|C00099,3,0.7976260126230478,141394,1,P3,1.0,True,P3,0.9999999999990337,14.149689674377441,13.785183906555176,IGHM,0.0,0.0,older
141394|C00100,3,0.7976260126230478,141394,1,P2,0.56,True,P2,0.9452429714591575,10.137682914733887,0.6535810828208923,IGHD,0.02857142857142857,0.3333333333333333,older
141394|C00101,3,0.7976260126230478,141394,1,P1,0.98,True,P1,0.5073766457231362,8.872688293457031,3.691638708114624,IGHM,0.011111111111111112,0.0,older
141394|C00102,3,0.7976260126230478,141394,1,P1,0.56,True,P1,0.9956334383025768,14.04666805267334,6.383181095123291,IGHM,0.014814814814814815,0.0,older
141394|C00103,3,0.7976260126230478,141394,1,P3,1.0,True,P3,0.9999999999926104,13.609354019165039,13.824172973632812,IGHM,0.0009182736455463728,0.0,older
141394|C00104,3,0.7976260126230478,141394,1,P3,1.0,True,P3,0.9999999999999574,13.863606452941895,13.588290214538574,IGHM,0.0,0.0,older
141394|C00105,3,0.7976260126230478,141394,1,P1,1.0,True,P1,0.999999978957874,11.45703125,7.7199273109436035,IGHM,0.040894532143674216,0.0,older
141394|C00106,3,0.7976260126230478,141394,1,P2,0.96,True,P2,0.9999999999862155,11.730188369750977,-0.27550944685935974,IGHM,0.020289855072463767,0.6666666666666666,older
141394|C00107,3,0.7976260126230478,141394,1,P2,0.96,True,P2,0.9998893179950865,13.316951751708984,1.1191970109939575,IGHM,0.028409090909090908,0.0,older
141394|C00108,3,0.7976260126230478,141394,1,P2,1.0,True,P2,1.0,11.668843269348145,-0.5602762699127197,IGHD,0.023054755043227664,0.6666666666666666,older
141394|C00109,3,0.7976260126230478,141394,1,P2,0.92,True,P2,0.9999720414692975,12.889583587646484,1.1387219429016113,IGHM,0.014367816091954025,0.6666666666666666,older
141394|C00110,3,0.7976260126230478,141394,1,P2,1.0,True,P2,0.9999999999874518,12.636232376098633,-0.7505602240562439,IGHD,0.02117794694963158,0.3333333333333333,older
141394|C00111,3,0.7976260126230478,141394,1,P2,1.0,True,P2,0.9999999766324239,12.64648151397705,-0.04019204527139664,IGHM,0.0,0.0,older
141394|C00112,3,0.7976260126230478,141394,1,P2,0.96,True,P2,0.9999999993397779,10.772844314575195,1.4531598091125488,IGHM,0.0028328611898017,0.3333333333333333,older
141394|C00113,3,0.7976260126230478,141394,1,P1,0.68,True,P1,0.9973024792385635,10.868369102478027,10.091373443603516,IGHD,0.005681818181818181,0.0,older
141394|C00114,3,0.7976260126230478,141394,1,P1,1.0,True,P1,0.6430155479947987,10.249750137329102,7.260515213012695,IGHA,0.06876790830945559,0.0,older
141394|C00115,3,0.7976260126230478,141394,1,P2,0.66,True,P2,0.4973182085197066,10.661399841308594,1.6361974477767944,IGHM,0.011594202898550725,0.3333333333333333,older
141394|C00116,3,0.7976260126230478,141394,1,P2,1.0,True,P2,0.9990546856861258,13.298040390014648,0.9798398613929749,IGHM,0.0196078431372549,0.3333333333333333,older
141394|C00117,3,0.7976260126230478,141394,1,P2,0.92,True,P2,0.9999975863599242,12.787059783935547,0.6815009713172913,IGHM,0.0169971671388102,0.6666666666666666,older
141394|C00118,3,0.7976260126230478,141394,1,P2,0.98,True,P2,0.9999999960399606,12.951364517211914,-0.2858926057815552,IGHM,0.01928374655647383,0.3333333333333333,older
141394|C00119,3,0.7976260126230478,141394,1,P2,1.0,True,P2,0.9999999999999858,11.525704383850098,-0.2746657729148865,IGHM,0.03943661971830986,0.3333333333333333,older
141394|C00120,3,0.7976260126230478,141394,1,P3,1.0,True,P3,1.0,13.958037376403809,13.841780662536621,IGHM,0.0,0.0,older
141394|C00121,2,0.7281594966805268,141394,1,P3,1.0,True,P3,0.9999999953133596,13.348660469055176,12.532577514648438,,0.0,0.0,older
141394|C00122,2,0.7281594966805268,141394,1,P2,0.36,True,P2,0.985907836362474,10.077277183532715,0.565640926361084,IGHD,0.014367816091954023,0.0,older
141394|C00123,2,0.7281594966805268,141394,1,P2,1.0,True,P2,0.9999999998337614,11.91588306427002,-0.40879082679748535,IGHM,0.00847457627118644,1.0,older
141394|C00124,2,0.7281594966805268,141394,1,P1,1.0,True,P1,0.9999493544350745,11.72213077545166,6.208277225494385,IGHM,0.011548200096616747,0.0,older
141394|C00125,2,0.7281594966805268,141394,1,P2,1.0,True,P2,0.9999969053348247,13.173062324523926,0.47823914885520935,IGHM,0.019886363636363636,0.0,older
141394|C00126,2,0.7281594966805268,141394,1,P2,1.0,True,P2,0.9999999277866348,12.606040954589844,0.11201628297567368,IGHM,0.017191977077363897,0.0,older
141394|C00127,2,0.7281594966805268,141394,1,P2,1.0,True,P2,0.9999999747059011,12.587512969970703,-0.02898707613348961,,0.028409090909090908,0.0,older
141394|C00128,2,0.7281594966805268,141394,1,P2,1.0,True,P2,0.9999999855577785,11.983433723449707,-0.4069254994392395,IGHM,0.023255813953488372,0.5,older
141394|C00129,2,0.7281594966805268,141394,1,P2,0.72,True,P2,0.9999999211175381,13.10057258605957,-0.26789402961730957,IGHM,0.02849002849002849,0.5,older
141394|C00130,2,0.7281594966805268,141394,1,P2,1.0,True,P2,0.9999986455001213,13.356759071350098,0.3566924035549164,IGHM,0.011428571428571429,1.0,older
141394|C00131,2,0.7281594966805268,141394,1,P2,0.88,True,P2,0.5480438230851842,13.106990814208984,1.4932483434677124,,0.020114942528735632,0.5,older
141394|C00132,2,0.7281594966805268,141394,1,P4,0.76,True,P4,1.0,0.3113967180252075,6.49284029006958,IGHM,0.05202312138728324,1.0,older
141394|C00133,2,0.7281594966805268,141394,1,P2,0.84,True,P2,0.999061441078586,13.398030281066895,0.40624770522117615,IGHM,0.011235955056179775,1.0,older
141394|C00134,2,0.7281594966805268,141394,1,P3,0.34,True,P3,1.0,13.90774917602539,10.585322380065918,IGHM,0.0,0.0,older
141394|C00135,2,0.7281594966805268,141394,1,P4,1.0,True,P4,1.0,-1.4071736335754395,5.696277141571045,IGHA,0.061959654178674356,0.0,older
141394|C00136,2,0.7281594966805268,141394,1,P3,1.0,True,P3,0.9999999775297541,15.290562629699707,12.836602210998535,IGHM,0.0,0.0,older
141394|C00137,2,0.7281594966805268,141394,1,P1,1.0,True,P1,0.9994426731092987,12.163475036621094,5.337408065795898,IGHM,0.01694915254237288,1.0,older
141394|C00138,2,0.7281594966805268,141394,1,P3,1.0,True,P3,0.9999519545543047,14.901528358459473,12.028040885925293,IGHM,0.0,0.0,older
141394|C00139,2,0.7281594966805268,141394,1,P3,1.0,True,P3,0.9999998471311616,14.879366874694824,12.776827812194824,,0.0,0.0,older
141394|C00140,2,0.7281594966805268,141394,1,P4,0.02,True,P4,0.9999992078242468,10.046594619750977,1.8079196214675903,,0.0,0.0,older
141394|C00141,2,0.7281594966805268,141394,1,P2,0.82,True,P2,0.6653851099004133,13.385793685913086,1.3903136253356934,IGHM,0.023323615160349854,0.5,older
141394|C00142,2,0.7281594966805268,141394,1,P1,0.82,True,P1,0.855984284516628,12.831947326660156,8.143354415893555,,0.0,0.0,older
141394|C00143,2,0.7281594966805268,141394,1,P1,1.0,True,P1,0.9999625744375893,10.675457954406738,3.896991014480591,IGHD,0.04310344827586207,1.0,older
141394|C00144,2,0.7281594966805268,141394,1,P3,0.92,True,P3,0.9998330745301788,14.300274848937988,11.689385414123535,IGHM,0.0,0.0,older
141394|C00145,2,0.7281594966805268,141394,1,P3,1.0,True,P3,0.9999997154520038,15.168973922729492,13.136150360107422,,0.0,0.0,older
141394|C00146,2,0.7281594966805268,141394,1,P3,1.0,True,P3,0.9999954916893062,14.548628807067871,13.482552528381348,IGHM,0.0,0.0,older
141394|C00147,2,0.7281594966805268,141394,1,P2,0.34,True,P2,0.6362363069869118,9.6483736038208,0.3360336422920227,,0.0,0.0,older
141394|C00148,2,0.7281594966805268,141394,1,P3,1.0,True,P3,0.9999999992814139,13.953474998474121,13.65005111694336,,0.0,0.0,older
141394|C00149,2,0.7281594966805268,141394,1,P2,1.0,True,P2,0.9997425774923134,13.360753059387207,0.3737469017505646,IGHM,0.03825136612021858,0.5,older
141394|C00150,2,0.7281594966805268,141394,1,P1,1.0,True,P1,0.7717830251399832,9.559213638305664,6.988863468170166,IGHA,0.0659025787965616,0.0,older
141394|C00151,2,0.7281594966805268,141394,1,P1,1.0,True,P1,0.9996330461665941,8.743613243103027,6.132092475891113,IGHG,0.036619718309859155,0.0,older
141394|C00152,2,0.7281594966805268,141394,1,P1,0.8,True,P1,0.8758926990427558,10.831385612487793,10.049810409545898,,0.0,0.0,older
141394|C00153,2,0.7281594966805268,141394,1,P4,0.0,True,P4,1.0,10.43355941772461,2.0571441650390625,IGHM,0.0,0.0,older
141394|C00154,2,0.7281594966805268,141394,1,P3,1.0,True,P3,0.999942248159557,13.159215927124023,12.407418251037598,IGHD,0.0,0.0,older
141394|C00155,2,0.7281594966805268,141394,1,P2,0.72,True,P2,0.6681613380109569,13.454902648925781,1.624531865119934,IGHM,0.02608695652173913,0.5,older
141394|C00156,2,0.7281594966805268,141394,1,P2,1.0,True,P2,0.9999999466183042,12.948840141296387,-0.5695416331291199,,0.02318840579710145,0.0,older
141394|C00157,2,0.7281594966805268,141394,1,P3,1.0,True,P3,0.9999997709557937,15.34868335723877,13.066020011901855,,0.0,0.0,older
141394|C00158,2,0.7281594966805268,141394,1,P1,1.0,True,P1,0.9999663731904399,8.8290433883667,5.823182106018066,IGHM,0.04057971014492753,0.0,older
141394|C00159,2,0.7281594966805268,141394,1,P3,1.0,True,P3,0.9999999940207118,13.634081840515137,13.82906436920166,IGHM,0.0,0.0,older
141394|C00160,2,0.7281594966805268,141394,1,P3,1.0,True,P3,0.9999973144477644,13.650574684143066,13.82463264465332,,0.0,0.0,older
141394|C00161,2,0.7281594966805268,141394,1,P1,0.98,True,P1,0.9999673327143537,8.867782592773438,3.693126916885376,IGHM,0.0,0.0,older
141394|C00162,2,0.7281594966805268,141394,1,P3,1.0,True,P3,0.9928397079965465,13.338592529296875,12.898236274719238,,0.0,0.0,older
141394|C00163,2,0.7281594966805268,141394,1,P2,1.0,True,P2,0.9999929851446206,13.333009719848633,0.3512212932109833,IGHM,0.0226628895184136,1.0,older
141394|C00164,2,0.7281594966805268,141394,1,P3,0.98,True,P3,0.9999994260106972,13.673125267028809,13.840282440185547,,0.0,0.0,older
141394|C00165,2,0.7281594966805268,141394,1,P1,0.98,True,P1,0.9998621415076369,8.973381996154785,3.7507545948028564,,0.0,0.0,older
141394|C00166,2,0.7281594966805268,141394,1,P3,1.0,True,P3,0.9999999658537183,14.461654663085938,12.746245384216309,IGHM,0.0,0.0,older
141394|C00167,2,0.7281594966805268,141394,1,P3,0.98,True,P3,0.9999775434805482,14.583906173706055,12.727487564086914,IGHM,0.0,0.0,older
141394|C00168,2,0.7281594966805268,141394,1,P3,1.0,True,P3,0.9999828876762423,12.91124153137207,12.393693923950195,IGHM,0.0,0.0,older
141394|C00169,2,0.7281594966805268,141394,1,P3,1.0,True,P3,0.999999998400682,14.462063789367676,11.738037109375,IGHD,0.0,0.0,older
141394|C00170,2,0.7281594966805268,141394,1,P3,1.0,True,P3,0.9999997138064157,13.50737476348877,13.71322250366211,,0.0,0.0,older
141394|C00171,2,0.7281594966805268,141394,1,P3,1.0,True,P3,0.9999997710502675,13.544917106628418,13.648042678833008,,0.0,0.0,older
141394|C00172,2,0.7281594966805268,141394,1,P3,0.98,True,P3,0.9982500602875399,15.351347923278809,12.725889205932617,IGHM,0.0,0.0,older
141394|C00173,2,0.7281594966805268,141394,1,P3,1.0,True,P3,0.9999999961990511,14.019759178161621,13.63494873046875,,0.0,0.0,older
141394|C00174,2,0.7281594966805268,141394,1,P3,1.0,True,P3,0.9999999913752617,14.611773490905762,12.74373722076416,IGHM,0.0,0.0,older
141394|C00175,2,0.7281594966805268,141394,1,P2,1.0,True,P2,0.999999997213294,12.423666000366211,-0.31497424840927124,IGHM,0.02849002849002849,1.0,older
141394|C00176,2,0.7281594966805268,141394,1,P3,1.0,True,P3,0.9999724087022577,14.63129711151123,11.965252876281738,IGHM,0.0,0.5,older
141394|C00177,2,0.7281594966805268,141394,1,P4,0.02,True,P4,0.9996472945276383,10.114760398864746,1.7182458639144897,IGHM,0.011976047904191617,0.0,older
141394|C00178,2,0.7281594966805268,141394,1,P3,1.0,True,P3,0.9999999830549912,14.015515327453613,13.076275825500488,IGHM,0.0,0.0,older
141394|C00179,2,0.7281594966805268,141394,1,P3,1.0,True,P3,0.9999976317704029,15.103915214538574,12.985662460327148,IGHM,0.0,0.0,older
141394|C00180,2,0.7281594966805268,141394,1,P3,0.98,True,P3,0.9997235803591396,14.296528816223145,13.662349700927734,IGHM,0.0,0.0,older
141394|C00181,2,0.7281594966805268,141394,1,P1,1.0,True,P1,0.9999985854424608,11.282370567321777,7.0823163986206055,IGHM,0.020604395604395604,0.5,older
141394|C00182,2,0.7281594966805268,141394,1,P2,0.36,True,P2,1.0,9.552292823791504,0.2407456338405609,IGHM,0.0,0.0,older
141394|C00183,2,0.7281594966805268,141394,1,P3,1.0,True,P3,0.9999999999986642,14.78445053100586,13.487234115600586,,0.0,0.0,older
141394|C00184,2,0.7281594966805268,141394,1,P3,0.94,True,P3,0.9970284652422684,14.484461784362793,12.171003341674805,,0.0,0.0,older
141394|C00185,2,0.7281594966805268,141394,1,P1,1.0,True,P1,0.9987552417896917,12.28322982788086,8.067317962646484,IGHM,0.0028653295128939827,0.0,older
141394|C00186,2,0.7281594966805268,141394,1,P3,1.0,True,P3,0.9999999999938183,14.427779197692871,13.543224334716797,IGHM,0.0,0.0,older
141394|C00187,2,0.7281594966805268,141394,1,P2,1.0,True,P2,0.9999999888809867,11.457376480102539,-0.19808213412761688,IGHM,0.0056657223796034,1.0,older
141394|C00188,2,0.7281594966805268,141394,1,P2,1.0,True,P2,0.9999999982860288,11.417661666870117,-0.16663973033428192,IGHM,0.0226628895184136,0.5,older
141394|C00189,2,0.7281594966805268,141394,1,P3,0.52,True,P3,0.9993778703425696,13.76582145690918,10.985243797302246,IGHM,0.0728862973760933,0.0,older
141394|C00190,2,0.7281594966805268,141394,1,P3,1.0,True,P3,0.9999999999943867,15.127930641174316,12.51968765258789,IGHM,0.0,0.0,older
141394|C00191,2,0.7281594966805268,141394,1,P2,1.0,True,P2,0.9999999434230362,12.38805866241455,0.2944791316986084,,0.0196078431372549,0.5,older
141394|C00192,2,0.7281594966805268,141394,1,P3,0.98,True,P3,0.9710282139540558,14.657017707824707,13.120233535766602,,0.0,0.0,older
141394|C00193,2,0.7281594966805268,141394,1,P2,0.6,True,P2,0.98582313730951,13.312173843383789,1.2745720148086548,IGHM,0.04297994269340974,0.5,older
141394|C00194,2,0.7281594966805268,141394,1,P3,1.0,True,P3,0.9999999969989517,14.572945594787598,13.282066345214844,IGHM,0.002785515320334262,0.0,older
141394|C00195,2,0.7281594966805268,141394,1,P4,1.0,True,P4,1.0,-2.7101845741271973,5.903223037719727,IGHA,0.08405642994553439,1.0,older
141394|C00196,2,0.7281594966805268,141394,1,P2,1.0,True,P2,0.9999999999041762,11.864066123962402,-0.4627540111541748,IGHM,0.028735632183908046,0.5,older
141394|C00197,2,0.7281594966805268,141394,1,P2,0.76,True,P2,0.9192619961892854,14.289887428283691,0.36534613370895386,,0.020348837209302327,0.0,older
141394|C00198,2,0.7281594966805268,141394,1,P2,0.64,True,P2,0.9995930126515653,14.344648361206055,0.39290812611579895,IGHM,0.0,0.0,older
141394|C00199,2,0.7281594966805268,141394,1,P3,1.0,True,P3,0.9999999999872671,14.290542602539062,13.36213207244873,IGHM,0.0,0.0,older
141394|C00200,2,0.7281594966805268,141394,1,P2,0.86,True,P2,0.9984836968159138,13.036530494689941,1.2460713386535645,IGHM,0.03428571428571429,1.0,older
141394|C00201,2,0.7281594966805268,141394,1,P2,1.0,True,P2,0.9999997029968754,12.018467903137207,0.37840536236763,IGHD,0.022598870056497175,1.0,older
141394|C00202,2,0.7281594966805268,141394,1,P4,0.54,True,P4,0.992694414182855,1.0757009983062744,6.418637275695801,IGHM,0.11704826786999807,0.0,older
141394|C00203,2,0.7281594966805268,141394,1,P2,1.0,True,P2,0.9998660164802348,12.939840316772461,1.0932366847991943,IGHM,0.03151862464183381,0.5,older
141394|C00204,2,0.7281594966805268,141394,1,P3,1.0,True,P3,0.9999997424372585,14.10581111907959,13.040104866027832,IGHD,0.0,0.0,older
141394|C00205,2,0.7281594966805268,141394,1,P1,1.0,True,P1,0.9997667818807501,10.867986679077148,10.086627006530762,,0.0,0.0,older
141394|C00206,2,0.7281594966805268,141394,1,P3,1.0,True,P3,0.999999995465501,14.283869743347168,13.043147087097168,IGHM,0.0,0.0,older
141394|C00207,2,0.7281594966805268,141394,1,P2,1.0,True,P2,0.9999999834102341,11.4683198928833,-0.16226638853549957,IGHM,0.0584958217270195,0.0,older
141394|C00208,2,0.7281594966805268,141394,1,P1,0.72,True,P1,0.5537855360252025,10.83886432647705,10.072772979736328,IGHM,0.005780346820809248,0.0,older
141394|C00209,2,0.7281594966805268,141394,1,P1,1.0,True,P1,0.9999953833486317,13.121014595031738,6.976554870605469,IGHM,0.0463768115942029,1.0,older
141394|C00210,2,0.7281594966805268,141394,1,P3,1.0,True,P3,0.9999995886683302,15.28420639038086,12.490960121154785,,0.0,0.0,older
141394|C00211,2,0.7281594966805268,141394,1,P2,0.88,True,P2,0.9999998884094117,11.85682487487793,0.4165453016757965,IGHM,0.017191977077363897,0.5,older
141394|C00212,2,0.7281594966805268,141394,1,P2,0.98,True,P2,0.9999968344189167,12.984313011169434,0.935064435005188,IGHM,0.048295454545454544,0.0,older
141394|C00213,2,0.7281594966805268,141394,1,P3,1.0,True,P3,0.9995619482271794,13.116462707519531,12.499448776245117,,0.0,0.0,older
141394|C00214,2,0.7281594966805268,141394,1,P2,0.88,True,P2,0.9995146934338381,13.213010787963867,5.989258766174316,IGHM,0.016713091922005572,0.0,older
141394|C00215,2,0.7281594966805268,141394,1,P3,1.0,True,P3,0.9999874412494081,12.92717456817627,12.57370662689209,IGHM,0.0,0.0,older
141394|C00216,2,0.7281594966805268,141394,1,P1,0.86,True,P1,0.9986531850100518,11.642565727233887,6.530791282653809,IGHA,0.10339587737843552,0.0,older
141394|C00217,2,0.7281594966805268,141394,1,P3,1.0,True,P3,0.9999972053172683,13.045469284057617,12.394434928894043,IGHD,0.0,0.0,older
141394|C00218,2,0.7281594966805268,141394,1,P3,1.0,True,P3,0.9999999992649009,13.885940551757812,13.90372085571289,,0.0,0.0,older
141394|C00219,2,0.7281594966805268,141394,1,P2,1.0,True,P2,0.9999960885232513,13.598459243774414,0.02566584199666977,,0.002770083102493075,0.0,older
141394|C00220,2,0.7281594966805268,141394,1,P3,1.0,True,P3,0.9999999941664299,15.137096405029297,13.2261962890625,IGHM,0.0,0.0,older
141394|C00221,2,0.7281594966805268,141394,1,P3,1.0,True,P3,0.9999999107321185,14.836959838867188,12.830191612243652,IGHD,0.0,0.0,older
141394|C00222,2,0.7281594966805268,141394,1,P1,1.0,True,P1,0.9943895835099542,10.819384574890137,7.079099655151367,IGHG,0.031073446327683617,0.0,older
141394|C00223,2,0.7281594966805268,141394,1,P2,1.0,True,P2,0.9999999999796358,11.470682144165039,-0.2507190704345703,IGHM,0.014285714285714285,1.0,older
141394|C00224,2,0.7281594966805268,141394,1,P2,1.0,True,P2,0.9992011834411464,13.336591720581055,0.34555521607398987,IGHD,0.008130081300813009,0.5,older
141394|C00225,2,0.7281594966805268,141394,1,P1,0.98,True,P1,0.7346405657184172,9.392614364624023,3.675091028213501,IGHM,0.018136972658377555,0.5,older
141394|C00226,2,0.7281594966805268,141394,1,P1,0.7,True,P1,0.9955558757008517,9.173542022705078,3.6760053634643555,IGHM,0.0169971671388102,0.0,older
141394|C00227,2,0.7281594966805268,141394,1,P2,1.0,True,P2,0.999971097264527,13.113482475280762,0.31648752093315125,IGHM,0.02005730659025788,1.0,older
141394|C00228,2,0.7281594966805268,141394,1,P2,1.0,True,P2,0.9999999845774142,12.590234756469727,-0.011469366028904915,IGHM,0.014577259475218658,0.5,older
141394|C00229,2,0.7281594966805268,141394,1,P3,1.0,True,P3,0.9999999850970483,14.282845497131348,12.818794250488281,IGHM,0.0,0.0,older
141394|C00230,2,0.7281594966805268,141394,1,P2,0.52,True,P2,0.999996676932263,10.077814102172852,0.57085120677948,,0.02318840579710145,0.0,older
141394|C00231,2,0.7281594966805268,141394,1,P3,1.0,True,P3,0.9977978121518206,13.024833679199219,12.536818504333496,IGHM,0.0,0.0,older
141394|C00232,2,0.7281594966805268,141394,1,P2,1.0,True,P2,0.9999999909856143,12.358031272888184,-0.29383546113967896,IGHM,0.052478134110787174,0.5,older
141394|C00233,2,0.7281594966805268,141394,1,P4,0.02,True,P4,1.0,10.041449546813965,1.7465585470199585,IGHM,0.0,0.0,older
141394|C00234,2,0.7281594966805268,141394,1,P3,1.0,True,P3,0.999994844097036,13.84897232055664,12.196695327758789,,0.0,0.0,older
141394|C00235,2,0.7281594966805268,141394,1,P2,0.92,True,P2,0.8016182470265345,14.141590118408203,-0.19154466688632965,IGHM,0.02881844380403458,0.0,older
141394|C00236,2,0.7281594966805268,141394,1,P3,1.0,True,P3,0.9999999944904516,14.906827926635742,12.640616416931152,IGHM,0.0,0.0,older
141394|C00237,2,0.7281594966805268,141394,1,P3,0.76,True,P3,0.9784529498581725,14.39391040802002,11.202882766723633,IGHM,0.0029154518950437317,0.0,older
141394|C00238,2,0.7281594966805268,141394,1,P3,1.0,True,P3,0.9999999865790415,14.087910652160645,13.125767707824707,IGHM,0.0,0.0,older
141394|C00239,2,0.7281594966805268,141394,1,P2,1.0,True,P2,0.6582153952790573,14.194397926330566,0.16991770267486572,,0.0,0.0,older
141394|C00240,2,0.7281594966805268,141394,1,P1,0.98,True,P1,0.9999254883729908,8.87174129486084,3.714977979660034,IGHM,0.0,0.0,older
141394|C00241,2,0.7281594966805268,141394,1,P1,0.88,True,P1,0.6947549412012628,13.313248634338379,6.265938758850098,IGHM,0.033707865168539325,0.0,older
141394|C00242,2,0.7281594966805268,141394,1,P2,0.98,True,P2,0.9985387698691203,13.463988304138184,0.3498474955558777,IGHM,0.025280898876404494,0.5,older
141394|C00243,2,0.7281594966805268,141394,1,P3,0.98,True,P3,0.8999269900322325,15.099211692810059,12.608946800231934,IGHM,0.005571030640668524,0.0,older
141394|C00244,2,0.7281594966805268,141394,1,P2,0.88,True,P2,0.9914448179770219,13.629414558410645,0.9700953364372253,,0.01388888888888889,0.0,older
141394|C00245,2,0.7281594966805268,141394,1,P3,1.0,True,P3,0.99999301065898,14.304535865783691,12.275138854980469,IGHD,0.0,0.0,older
141394|C00246,2,0.7281594966805268,141394,1,P4,0.0,True,P4,0.6104165001111957,10.620284080505371,1.9558441638946533,,0.04322766570605187,1.0,older
141394|C00247,2,0.7281594966805268,141394,1,P2,1.0,True,P2,0.9999982360658702,12.787649154663086,0.05601494386792183,IGHM,0.0028089887640449437,0.0,older
141394|C00248,2,0.7281594966805268,141394,1,P1,1.0,True,P1,0.9999856078240154,9.86906623840332,6.764854907989502,,0.08314090508724736,1.0,older
141394|C00249,2,0.7281594966805268,141394,1,P3,1.0,True,P3,0.9999999999924967,14.041555404663086,13.109622955322266,,0.0,0.0,older
141394|C00250,2,0.7281594966805268,141394,1,P3,0.48,True,P3,0.9422723318094495,13.809540748596191,10.979034423828125,,0.0,0.0,older
141394|C00251,2,0.7281594966805268,141394,1,P3,1.0,True,P3,0.9999999275434446,15.08004379272461,12.926545143127441,IGHM,0.0,0.0,older
141394|C00252,2,0.7281594966805268,141394,1,P2,0.6,True,P2,0.5533350860237938,13.226594924926758,1.4884108304977417,IGHM,0.015625,0.5,older
141394|C00253,2,0.7281594966805268,141394,1,P2,1.0,True,P2,0.9999667764283596,13.411518096923828,-0.42031145095825195,IGHM,0.002932551319648094,0.5,older
141394|C00254,2,0.7281594966805268,141394,1,P1,1.0,True,P1,0.9888936799151797,12.844154357910156,7.65484094619751,IGHM,0.038011695906432746,0.5,older
141394|C00255,2,0.7281594966805268,141394,1,P3,1.0,True,P3,0.9999999995402504,14.728303909301758,13.614731788635254,IGHM,0.0,0.0,older
141394|C00256,2,0.7281594966805268,141394,1,P3,1.0,True,P3,0.999863651009076,13.108365058898926,12.416816711425781,,0.0,0.0,older
141394|C00257,2,0.7281594966805268,141394,1,P2,1.0,True,P2,0.9998489106463992,13.51283073425293,0.3874385356903076,,0.016666666666666666,0.5,older
141394|C00258,2,0.7281594966805268,141394,1,P3,1.0,True,P3,0.9999999989476436,15.18958854675293,12.828776359558105,,0.0,0.0,older
141394|C00259,2,0.7281594966805268,141394,1,P3,1.0,True,P3,0.9999998871583166,13.55667495727539,13.786158561706543,IGHD,0.0,0.0,older
141394|C00260,2,0.7281594966805268,141394,1,P3,1.0,True,P3,0.999999994085627,14.828527450561523,13.46347713470459,IGHD,0.0,0.0,older
141394|C00261,2,0.7281594966805268,141394,1,P1,1.0,True,P1,0.9999992306368857,11.133408546447754,7.035005569458008,IGHM,0.04262205112063469,0.5,older
141394|C00262,2,0.7281594966805268,141394,1,P2,0.84,True,P2,0.8954685185642807,12.784309387207031,1.1569619178771973,IGHG,0.04596100278551532,1.0,older
141394|C00263,2,0.7281594966805268,141394,1,P2,1.0,True,P2,0.9999984915100422,13.411365509033203,0.30671292543411255,IGHM,0.013966480446927373,1.0,older
141394|C00264,2,0.7281594966805268,141394,1,P3,1.0,True,P3,0.9996904280162338,14.5125150680542,11.544174194335938,IGHM,0.005698005698005698,0.0,older
141394|C00265,2,0.7281594966805268,141394,1,P2,1.0,True,P2,0.9999566777884955,13.302464485168457,0.9472205638885498,IGHM,0.014084507042253521,0.5,older
141394|C00266,2,0.7281594966805268,141394,1,P2,0.86,True,P2,0.888769930863881,13.539406776428223,0.9345134496688843,IGHM,0.02535211267605634,0.5,older
141394|C00267,2,0.7281594966805268,141394,1,P1,0.8,True,P1,0.5687892732294264,14.357726097106934,0.4447338581085205,IGHM,0.019830028328611898,0.5,older
141394|C00268,2,0.7281594966805268,141394,1,P3,1.0,True,P3,0.9999975693129652,12.989236831665039,12.464056968688965,IGHM,0.0,1.0,older
141394|C00269,2,0.7281594966805268,141394,1,P2,0.76,True,P2,0.5710781863184541,12.397595405578613,1.1736562252044678,,0.0273972602739726,0.5,older
141394|C00270,2,0.7281594966805268,141394,1,P2,1.0,True,P2,0.9999999996343831,12.059057235717773,-0.4092665910720825,IGHM,0.011299435028248588,1.0,older
141394|C00271,2,0.7281594966805268,141394,1,P3,1.0,True,P3,0.999999707816599,14.940382957458496,13.212833404541016,,0.0,0.0,older
141394|C00272,2,0.7281594966805268,141394,1,P3,1.0,True,P3,0.9999998620601172,15.168045043945312,13.12299919128418,IGHM,0.0,0.0,older
141394|C00273,2,0.7281594966805268,141394,1,P2,1.0,True,P2,0.9999994393698594,12.771531105041504,0.22309660911560059,,0.022260909935004642,0.5,older
141394|C00274,2,0.7281594966805268,141394,1,P3,1.0,True,P3,0.9999999940754378,14.443613052368164,13.78985595703125,IGHM,0.0,0.0,older
141394|C00275,2,0.7281594966805268,141394,1,P2,1.0,True,P2,0.9999999957931891,11.635028839111328,-0.5097802877426147,,0.022598870056497175,0.5,older
141394|C00276,2,0.7281594966805268,141394,1,P2,1.0,True,P2,0.9999070869379489,13.402921676635742,0.9753121733665466,,0.019662921348314606,0.5,older
141394|C00277,2,0.7281594966805268,141394,1,P4,1.0,True,P4,1.0,-0.6529300212860107,5.159854888916016,IGHM,0.01092896174863388,0.0,older
141394|C00278,2,0.7281594966805268,141394,1,P1,0.66,True,P1,0.579262777224383,14.05085277557373,6.388385772705078,IGHD,0.013368983957219251,0.0,older
141394|C00279,2,0.7281594966805268,141394,1,P2,0.36,True,P2,0.9988255891835695,14.150181770324707,0.31688612699508667,IGHM,0.019337016574585635,0.0,older
141394|C00280,2,0.7281594966805268,141394,1,P2,0.36,True,P2,0.9933026688772111,9.725615501403809,0.3991311490535736,IGHM,0.0,0.0,older
141394|C00281,2,0.7281594966805268,141394,1,P3,1.0,True,P3,0.9999999930206798,15.2179594039917,12.19095230102539,IGHM,0.0,0.0,older
141394|C00282,2,0.7281594966805268,141394,1,P1,1.0,True,P1,0.9905865007023942,9.442525863647461,5.07505464553833,,0.04281767955801105,1.0,older
141394|C00283,2,0.7281594966805268,141394,1,P3,0.98,True,P3,0.5939191405242495,14.659297943115234,11.76214599609375,,0.0,1.0,older
141394|C00284,2,0.7281594966805268,141394,1,P3,1.0,True,P3,0.9999999982725143,14.66567611694336,13.544569969177246,,0.002631578947368421,0.0,older
141394|C00285,2,0.7281594966805268,141394,1,P2,0.4,True,P2,0.527266124507722,10.06026840209961,0.5548340082168579,IGHM,0.011661807580174927,0.0,older
141394|C00286,2,0.7281594966805268,141394,1,P3,1.0,True,P3,0.9999997252756807,14.561561584472656,13.620549201965332,IGHM,0.0,0.0,older
141394|C00287,2,0.7281594966805268,141394,1,P4,0.0,True,P4,1.0,10.487798690795898,2.0844547748565674,IGHM,0.0,0.0,older
141394|C00288,2,0.7281594966805268,141394,1,P1,1.0,True,P1,0.999917325471787,12.751529693603516,8.021395683288574,IGHM,0.02,0.0,older
141394|C00289,2,0.7281594966805268,141394,1,P3,1.0,True,P3,0.9999911331719777,13.001001358032227,12.670145034790039,IGHM,0.0,0.0,older
141394|C00290,2,0.7281594966805268,141394,1,P1,1.0,True,P1,0.9934946745949984,13.925457954406738,5.187010765075684,IGHM,0.07205882352941177,0.0,older
141394|C00291,2,0.7281594966805268,141394,1,P3,1.0,True,P3,0.9999999599992301,14.59395694732666,12.8744478225708,IGHM,0.0,0.0,older
141394|C00292,2,0.7281594966805268,141394,1,P1,1.0,True,P1,0.9999989453431529,11.377129554748535,7.853506088256836,IGHM,0.0028011204481792717,0.0,older
141394|C00293,2,0.7281594966805268,141394,1,P2,0.74,True,P2,0.9406275706308936,13.285490989685059,1.3349990844726562,IGHM,0.005780346820809248,0.5,older
141394|C00294,2,0.7281594966805268,141394,1,P3,1.0,True,P3,0.9998792129348184,13.222640991210938,12.596104621887207,IGHM,0.0,1.0,older
141394|C00295,2,0.7281594966805268,141394,1,P4,0.54,True,P4,0.9999692121135799,0.696971595287323,6.089730262756348,IGHG,0.0014124293785310734,0.0,older
141394|C00296,2,0.7281594966805268,141394,1,P3,0.88,True,P3,0.9999999332912517,15.115728378295898,12.216400146484375,IGHM,0.0013698630136986301,0.5,older
141394|C00297,2,0.7281594966805268,141394,1,P3,1.0,True,P3,0.9999999974409803,13.923956871032715,13.607759475708008,IGHM,0.0,1.0,older
141394|C00298,2,0.7281594966805268,141394,1,P1,0.96,True,P1,1.0,10.821228981018066,10.029346466064453,IGHM,0.0,0.0,older
141394|C00299,2,0.7281594966805268,141394,1,P3,1.0,True,P3,0.9999999889698046,14.128470420837402,12.983187675476074,IGHM,0.0,0.0,older
141394|C00300,2,0.7281594966805268,141394,1,P2,0.98,True,P2,0.9999832758938826,12.777459144592285,0.05244872719049454,,0.02616279069767442,0.0,older
141394|C00301,2,0.7281594966805268,141394,1,P3,1.0,True,P3,0.9999999999900382,14.22652816772461,13.77540397644043,IGHM,0.0,0.0,older
141394|C00302,2,0.7281594966805268,141394,1,P3,1.0,True,P3,0.9999998972875853,15.207101821899414,13.268929481506348,IGHM,0.0,0.0,older
141394|C00303,2,0.7281594966805268,141394,1,P2,0.98,True,P2,0.9981419399411919,13.713143348693848,0.5411964058876038,,0.014124293785310734,0.5,older
141394|C00304,2,0.7281594966805268,141394,1,P4,1.0,True,P4,1.0,-1.8354804515838623,6.9875593185424805,IGHA,0.1111111111111111,0.0,older
141394|C00305,2,0.7281594966805268,141394,1,P1,1.0,True,P1,0.9997390211202308,11.712911605834961,7.879121780395508,IGHM,0.005633802816901409,0.0,older
141394|C00306,2,0.7281594966805268,141394,1,P3,1.0,True,P3,0.9999996571351933,14.856321334838867,12.782106399536133,IGHM,0.0,0.0,older
141394|C00307,2,0.7281594966805268,141394,1,P3,1.0,True,P3,0.9999996666965942,13.922506332397461,13.291739463806152,,0.0,0.0,older
141394|C00308,2,0.7281594966805268,141394,1,P3,1.0,True,P3,0.9999482326042335,14.837002754211426,12.447961807250977,IGHM,0.0,0.0,older
141394|C00309,2,0.7281594966805268,141394,1,P3,1.0,True,P3,0.9999999995688142,14.807563781738281,13.357234954833984,,0.0,0.0,older
141394|C00310,2,0.7281594966805268,141394,1,P1,1.0,True,P1,0.9999936878918709,12.407081604003906,5.508393287658691,IGHM,0.032448377581120944,1.0,older
141394|C00311,2,0.7281594966805268,141394,1,P3,1.0,True,P3,0.9999956763205765,14.198680877685547,13.727280616760254,,0.0,0.0,older
141394|C00312,2,0.7281594966805268,141394,1,P3,1.0,True,P3,0.999999997828823,13.360913276672363,13.320396423339844,IGHM,0.0,0.0,older
141394|C00313,2,0.7281594966805268,141394,1,P2,0.82,True,P2,0.8277951919745226,13.362343788146973,1.2257304191589355,IGHM,0.019230769230769232,0.5,older
141394|C00314,2,0.7281594966805268,141394,1,P2,1.0,True,P2,0.9999999144989752,13.140097618103027,-0.2265896499156952,IGHD,0.008287292817679558,0.0,older
141394|C00315,2,0.7281594966805268,141394,1,P2,1.0,True,P2,0.999999970799792,11.46245288848877,-0.1690015345811844,IGHM,0.017022193492781727,0.5,older
141394|C00316,2,0.7281594966805268,141394,1,P3,0.78,True,P3,0.997857393597002,14.249484062194824,12.644691467285156,IGHM,0.0,1.0,older
141394|C00317,2,0.7281594966805268,141394,1,P3,1.0,True,P3,0.9999152829088443,13.574505805969238,13.035861015319824,IGHM,0.0,0.0,older
141394|C00318,2,0.7281594966805268,141394,1,P3,1.0,True,P3,0.9999998887281185,14.765913009643555,12.879707336425781,,0.0,0.0,older
141394|C00319,2,0.7281594966805268,141394,1,P3,1.0,True,P3,0.9999984717288467,13.213204383850098,12.370081901550293,,0.0,0.0,older
141394|C00320,2,0.7281594966805268,141394,1,P3,1.0,True,P3,0.9999998022235328,14.538721084594727,13.21341323852539,,0.0,0.0,older
141394|C00321,2,0.7281594966805268,141394,1,P2,0.46,True,P2,0.9970805686632866,13.759318351745605,0.26349011063575745,IGHM,0.017142857142857144,0.5,older
141394|C00322,2,0.7281594966805268,141394,1,P2,0.36,True,P2,1.0,9.548583030700684,0.25351619720458984,,0.002785515320334262,0.0,older
141394|C00323,2,0.7281594966805268,141394,1,P3,1.0,True,P3,0.9999908456220021,13.44473648071289,13.4271240234375,,0.0,0.0,older
141394|C00324,2,0.7281594966805268,141394,1,P1,0.98,True,P1,0.7571178944567835,10.960339546203613,5.156648635864258,IGHM,0.0111731843575419,0.0,older
141394|C00325,2,0.7281594966805268,141394,1,P1,1.0,True,P1,0.9999969264140046,12.334084510803223,6.126982688903809,,0.0027624309392265192,0.0,older
141394|C00326,2,0.7281594966805268,141394,1,P4,0.0,True,P4,1.0,10.500566482543945,2.102479934692383,IGHM,0.0025974025974025974,0.0,older
141394|C00327,2,0.7281594966805268,141394,1,P1,0.96,True,P1,1.0,10.833972930908203,10.042171478271484,,0.0,0.0,older
141394|C00328,2,0.7281594966805268,141394,1,P3,0.8,True,P3,0.9999959720114313,14.223630905151367,12.447013854980469,IGHM,0.0029154518950437317,0.0,older
141394|C00329,2,0.7281594966805268,141394,1,P3,1.0,True,P3,0.999999988361381,13.760320663452148,13.787466049194336,,0.0,0.0,older
141394|C00330,2,0.7281594966805268,141394,1,P3,1.0,True,P3,0.9999997238247101,13.182597160339355,12.407685279846191,IGHM,0.002770083102493075,0.0,older
141394|C00331,2,0.7281594966805268,141394,1,P3,0.4,True,P3,0.7695559563695422,15.253480911254883,12.760502815246582,IGHM,0.0,0.0,older
141394|C00332,2,0.7281594966805268,141394,1,P4,0.02,True,P4,1.0,10.01908016204834,1.7551132440567017,IGHD,0.0,0.0,older
141394|C00333,2,0.7281594966805268,141394,1,P3,1.0,True,P3,0.9999998989419134,13.92411994934082,13.991641998291016,IGHM,0.0027624309392265192,0.0,older
141394|C00334,2,0.7281594966805268,141394,1,P3,1.0,True,P3,0.9999999746678302,14.665356636047363,12.79321002960205,IGHM,0.0,0.0,older
141394|C00335,2,0.7281594966805268,141394,1,P3,0.86,True,P3,0.9999771702793827,13.832426071166992,13.187660217285156,IGHM,0.0,0.0,older
141394|C00336,2,0.7281594966805268,141394,1,P4,1.0,True,P4,1.0,-1.9425886869430542,5.651705265045166,IGHA,0.005698005698005698,0.0,older
141394|C00337,2,0.7281594966805268,141394,1,P3,0.84,True,P3,0.9800296752265736,13.957496643066406,10.667383193969727,IGHM,0.0,0.0,older
141394|C00338,2,0.7281594966805268,141394,1,P3,1.0,True,P3,0.9999998502903337,14.403698921203613,13.598352432250977,IGHM,0.0,0.0,older
141394|C00339,2,0.7281594966805268,141394,1,P3,1.0,True,P3,0.9999993156650003,15.007488250732422,13.25586986541748,IGHM,0.0,0.0,older
141394|C00340,2,0.7281594966805268,141394,1,P2,1.0,True,P2,0.9999999999779163,11.636271476745605,-0.49898138642311096,IGHM,0.005847953216374269,0.5,older
141394|C00341,2,0.7281594966805268,141394,1,P3,1.0,True,P3,0.9999428546387491,13.854629516601562,12.037384986877441,IGHM,0.0,0.0,older
141394|C00342,2,0.7281594966805268,141394,1,P3,1.0,True,P3,0.9999999299627713,14.277291297912598,13.743955612182617,IGHM,0.002898550724637681,0.0,older
141394|C00343,2,0.7281594966805268,141394,1,P3,0.92,True,P3,0.9999998963416967,13.978034019470215,13.860624313354492,IGHM,0.0,0.0,older
141394|C00344,2,0.7281594966805268,141394,1,P1,1.0,True,P1,0.9999501841566183,9.867156982421875,6.683225631713867,,0.03442923953496031,0.5,older
141394|C00345,2,0.7281594966805268,141394,1,P2,0.98,True,P2,0.9904135649903695,13.344815254211426,0.9275725483894348,IGHM,0.011695906432748537,1.0,older
141394|C00346,2,0.7281594966805268,141394,1,P2,0.76,True,P2,0.9155688373076099,13.267210006713867,1.2784875631332397,IGHM,0.017341040462427744,0.5,older
141394|C00347,2,0.7281594966805268,141394,1,P3,1.0,True,P3,0.9999999983295424,13.978989601135254,13.490694999694824,IGHM,0.0,0.0,older
141394|C00348,2,0.7281594966805268,141394,1,P2,0.36,True,P2,1.0,9.543927192687988,0.23788198828697205,IGHM,0.0,0.0,older
141394|C00349,2,0.7281594966805268,141394,1,P3,1.0,True,P3,0.9999999527492787,14.382917404174805,13.675987243652344,,0.0,0.0,older
141394|C00350,2,0.7281594966805268,141394,1,P4,0.66,True,P4,0.9999999342895499,1.1896601915359497,6.021265029907227,IGHG,0.05459770114942529,0.0,older
141394|C00351,2,0.7281594966805268,141394,1,P3,1.0,True,P3,0.9999999997748432,13.92666244506836,13.724050521850586,IGHM,0.0,0.0,older
141394|C00352,2,0.7281594966805268,141394,1,P2,0.9,True,P2,0.9990869198533903,13.142963409423828,0.28034335374832153,IGHM,0.022727272727272728,1.0,older
141394|C00353,2,0.7281594966805268,141394,1,P3,1.0,True,P3,0.9999999999366764,13.945560455322266,13.245518684387207,,0.0,0.0,older
141394|C00354,2,0.7281594966805268,141394,1,P2,0.9,True,P2,0.9999994875418315,12.602148056030273,0.4263153374195099,,0.005813953488372093,0.5,older
141394|C00355,2,0.7281594966805268,141394,1,P2,1.0,True,P2,0.999593672777772,13.334831237792969,1.1333982944488525,IGHM,0.019886363636363636,0.5,older
141394|C00356,2,0.7281594966805268,141394,1,P2,1.0,True,P2,0.9999999843428641,12.812429428100586,0.11349210143089294,IGHM,0.031609195402298854,1.0,older
141394|C00357,2,0.7281594966805268,141394,1,P2,0.96,True,P2,0.9999996056828517,12.251551628112793,1.237963080406189,IGHA,0.02616279069767442,0.0,older
141394|C00358,2,0.7281594966805268,141394,1,P3,0.96,True,P3,0.9999983590715507,13.877128601074219,12.210205078125,IGHD,0.0,0.0,older
141394|C00359,2,0.7281594966805268,141394,1,P3,0.98,True,P3,0.9999999759337757,14.965801239013672,12.607603073120117,IGHM,0.0,0.0,older
141394|C00360,2,0.7281594966805268,141394,1,P3,0.92,True,P3,0.9995987337385657,14.133203506469727,12.32060718536377,,0.0,0.0,older
141394|C00361,2,0.7281594966805268,141394,1,P3,1.0,True,P3,0.9999999945603406,14.869839668273926,13.429143905639648,,0.0,0.0,older
141394|C00362,2,0.7281594966805268,141394,1,P2,0.78,True,P2,0.5347331985831791,14.214908599853516,0.22360002994537354,,0.022511473334388354,0.0,older
141394|C00363,2,0.7281594966805268,141394,1,P2,0.36,True,P2,0.9999999785314488,9.539260864257812,0.27451351284980774,,0.0,0.0,older
141394|C00364,2,0.7281594966805268,141394,1,P2,0.96,True,P2,0.9999803859233939,11.978965759277344,0.506503701210022,IGHM,0.054317548746518104,1.0,older
141394|C00365,2,0.7281594966805268,141394,1,P3,1.0,True,P3,0.9950728079220532,12.855474472045898,12.500297546386719,IGHM,0.0,0.0,older
141394|C00366,2,0.7281594966805268,141394,1,P3,0.78,True,P3,0.9999984538621065,14.080682754516602,13.754788398742676,IGHM,0.0028328611898017,0.0,older
141394|C00367,2,0.7281594966805268,141394,1,P3,1.0,True,P3,0.9999997679461201,13.977521896362305,14.00230598449707,IGHM,0.0,0.0,older
141394|C00368,2,0.7281594966805268,141394,1,P3,1.0,True,P3,0.9999999962271318,15.183862686157227,13.263068199157715,,0.0,0.0,older
141394|C00369,2,0.7281594966805268,141394,1,P3,1.0,True,P3,0.9999999404447681,14.988633155822754,13.149491310119629,,0.0,0.0,older
141394|C00370,2,0.7281594966805268,141394,1,P2,0.92,True,P2,0.9999984850776649,11.71287727355957,1.2712624073028564,IGHA,0.03551136363636364,0.5,older
141394|C00371,2,0.7281594966805268,141394,1,P3,1.0,True,P3,0.9999999999908198,15.156764030456543,12.57480239868164,,0.0,0.0,older
141394|C00372,2,0.7281594966805268,141394,1,P3,1.0,True,P3,0.9999999970516456,15.060945510864258,13.087855339050293,IGHM,0.0,0.0,older
141394|C00373,2,0.7281594966805268,141394,1,P3,1.0,True,P3,0.9999999992767243,14.667801856994629,13.360925674438477,IGHM,0.0,0.0,older
141394|C00374,2,0.7281594966805268,141394,1,P3,0.86,True,P3,0.9998348184459106,14.325594902038574,12.800360679626465,,0.0,0.0,older
141394|C00375,2,0.7281594966805268,141394,1,P3,1.0,True,P3,0.9999999999892566,13.914883613586426,13.627037048339844,IGHM,0.0,0.0,older
141394|C00376,2,0.7281594966805268,141394,1,P3,1.0,True,P3,0.9999999740333582,14.141925811767578,13.960864067077637,,0.0,0.0,older
141394|C00377,2,0.7281594966805268,141394,1,P3,1.0,True,P3,0.9953278946140746,12.730616569519043,12.502410888671875,IGHD,0.0,0.0,older
141394|C00378,2,0.7281594966805268,141394,1,P3,1.0,True,P3,0.9999999986092831,14.180099487304688,12.173181533813477,IGHM,0.0,0.0,older
141394|C00379,2,0.7281594966805268,141394,1,P3,1.0,True,P3,0.9999999997634319,15.181830406188965,11.789717674255371,IGHD,0.0,0.0,older
141394|C00380,2,0.7281594966805268,141394,1,P1,0.7,True,P1,0.7182819754663561,10.846817016601562,10.074246406555176,,0.0,0.0,older
141394|C00381,2,0.7281594966805268,141394,1,P3,1.0,True,P3,0.9999996841575084,14.673161506652832,13.469245910644531,IGHM,0.0,0.0,older
141394|C00382,2,0.7281594966805268,141394,1,P3,1.0,True,P3,0.9999999999573816,13.571402549743652,12.31328296661377,IGHM,0.0,0.0,older
141394|C00383,2,0.7281594966805268,141394,1,P3,1.0,True,P3,0.9999999411971333,14.796608924865723,12.490118980407715,,0.0,0.0,older
141394|C00384,2,0.7281594966805268,141394,1,P3,0.88,True,P3,0.999999332032128,14.41369342803955,12.539710998535156,,0.0028653295128939827,0.0,older
141394|C00385,2,0.7281594966805268,141394,1,P1,0.84,True,P1,0.9890636955691571,10.846452713012695,10.064385414123535,IGHD,0.0,0.0,older
141394|C00386,2,0.7281594966805268,141394,1,P3,1.0,True,P3,0.9999999999948557,14.832645416259766,13.457374572753906,IGHM,0.0,0.0,older
141394|C00387,2,0.7281594966805268,141394,1,P2,1.0,True,P2,0.9999988543347084,13.677600860595703,-0.30548885464668274,,0.0,0.0,older
141394|C00388,2,0.7281594966805268,141394,1,P1,1.0,True,P1,0.9636562492772803,8.841334342956543,5.695138454437256,IGHA,0.06772334293948126,1.0,older
141394|C00389,2,0.7281594966805268,141394,1,P1,1.0,True,P1,0.9999761512207063,11.317889213562012,7.269655704498291,IGHM,0.037900874635568516,0.0,older
141394|C00390,2,0.7281594966805268,141394,1,P1,1.0,True,P1,0.9999765372420674,10.807989120483398,7.249571323394775,IGHM,0.02478134110787172,0.0,older
141394|C00391,2,0.7281594966805268,141394,1,P3,1.0,True,P3,0.999999999999801,14.071747779846191,13.909255981445312,IGHM,0.0,0.0,older
141394|C00392,2,0.7281594966805268,141394,1,P1,0.82,True,P1,0.9997459994281233,12.52578353881836,6.447187900543213,IGHM,0.001366120218579235,0.0,older
141394|C00393,2,0.7281594966805268,141394,1,P3,1.0,True,P3,0.9999999873628981,14.718104362487793,13.444598197937012,,0.0013966480446927375,0.0,older
141394|C00394,2,0.7281594966805268,141394,1,P2,1.0,True,P2,0.999999934365649,12.788315773010254,-0.15538239479064941,,0.0,0.0,older
141394|C00395,2,0.7281594966805268,141394,1,P3,1.0,True,P3,0.999999298236337,14.994183540344238,12.159269332885742,IGHM,0.0,0.0,older
141394|C00396,2,0.7281594966805268,141394,1,P3,1.0,True,P3,0.9999999972747275,13.90872573852539,13.20911979675293,,0.002824858757062147,0.0,older
141394|C00397,2,0.7281594966805268,141394,1,P2,1.0,True,P2,0.9999999554496536,12.262847900390625,-0.12641149759292603,IGHD,0.01680672268907563,1.0,older
141394|C00398,2,0.7281594966805268,141394,1,P3,1.0,True,P3,0.9703316523084542,12.882573127746582,12.533758163452148,,0.0,0.0,older
141394|C00399,2,0.7281594966805268,141394,1,P3,1.0,True,P3,0.9999998690879665,13.454174995422363,13.673354148864746,IGHM,0.0,0.0,older
141394|C00400,2,0.7281594966805268,141394,1,P3,1.0,True,P3,0.9999999884498436,14.736045837402344,13.16728401184082,,0.0,0.0,older
141394|C00401,2,0.7281594966805268,141394,1,P1,1.0,True,P1,0.9999998371344522,9.718589782714844,6.568692207336426,IGHG,0.03932584269662921,0.5,older
141394|C00402,2,0.7281594966805268,141394,1,P3,1.0,True,P3,0.9999996252414425,13.937963485717773,11.94569206237793,IGHD,0.0,1.0,older
141394|C00403,2,0.7281594966805268,141394,1,P2,1.0,True,P2,0.9999999999952536,11.623151779174805,-0.7387679815292358,IGHM,0.005390835579514825,0.5,older
141394|C00404,2,0.7281594966805268,141394,1,P2,0.58,True,P2,0.8685694174521102,12.253290176391602,1.9254915714263916,IGHA,0.04748603351955307,0.0,older
141394|C00405,2,0.7281594966805268,141394,1,P4,1.0,True,P4,1.0,-0.677275538444519,5.23544979095459,IGHG,0.019390581717451522,0.0,older
141394|C00406,2,0.7281594966805268,141394,1,P3,0.8,True,P3,0.9813450586318069,14.2965726852417,12.596214294433594,IGHM,0.0,0.0,older
141394|C00407,2,0.7281594966805268,141394,1,P3,1.0,True,P3,0.9999999999956373,13.96078872680664,13.802734375,,0.0,0.0,older
141394|C00408,2,0.7281594966805268,141394,1,P3,1.0,True,P3,0.9999999972329618,14.693558692932129,13.412983894348145,IGHM,0.0,0.0,older
141394|C00409,2,0.7281594966805268,141394,1,P3,0.96,True,P3,0.9999246425840332,14.265453338623047,12.806288719177246,,0.002840909090909091,0.0,older
141394|C00410,2,0.7281594966805268,141394,1,P3,1.0,True,P3,0.999999999943725,15.354264259338379,11.60682487487793,,0.0,0.0,older
141394|C00411,2,0.7281594966805268,141394,1,P2,1.0,True,P2,0.9959524431819718,13.25532054901123,1.255188226699829,IGHM,0.038011695906432746,0.0,older
141394|C00412,2,0.7281594966805268,141394,1,P3,1.0,True,P3,0.9999999980774135,13.766143798828125,13.580100059509277,IGHM,0.0,0.0,older
141394|C00413,2,0.7281594966805268,141394,1,P3,1.0,True,P3,0.9999999840074169,15.06575870513916,12.722302436828613,IGHD,0.0,0.0,older
141394|C00414,2,0.7281594966805268,141394,1,P3,1.0,True,P3,0.9999990277229395,14.563061714172363,13.189132690429688,IGHM,0.0,0.0,older
141394|C00415,2,0.7281594966805268,141394,1,P2,1.0,True,P2,0.999999974009285,12.89030933380127,-0.1506216675043106,,0.010958904109589041,0.5,older
141394|C00416,2,0.7281594966805268,141394,1,P4,0.0,True,P4,0.5478663535578512,10.60145092010498,2.0536365509033203,IGHM,0.04927536231884058,0.5,older
141394|C00417,2,0.7281594966805268,141394,1,P1,1.0,True,P1,0.9171364760545254,12.201120376586914,8.036606788635254,,0.0,0.0,older
141394|C00418,2,0.7281594966805268,141394,1,P2,1.0,True,P2,0.9999999999938041,11.471911430358887,-0.24729380011558533,IGHM,0.023121387283236993,1.0,older
141394|C00419,2,0.7281594966805268,141394,1,P3,1.0,True,P3,0.9437050337873326,12.829320907592773,12.20708179473877,IGHM,0.0,1.0,older
141394|C00420,2,0.7281594966805268,141394,1,P1,1.0,True,P1,0.9999988396410426,11.743632316589355,5.203246593475342,IGHM,0.03826838572601285,0.5,older
141394|C00421,2,0.7281594966805268,141394,1,P3,0.9,True,P3,0.9995601829418573,14.370376586914062,13.556571960449219,,0.0,0.0,older
141394|C00422,2,0.7281594966805268,141394,1,P4,1.0,True,P4,1.0,-1.869978666305542,6.963809967041016,IGHG,0.002881844380403458,0.0,older
141394|C00423,2,0.7281594966805268,141394,1,P2,1.0,True,P2,0.9999999135874484,12.643714904785156,-0.1405513733625412,IGHM,0.01694915254237288,0.5,older
141394|C00424,2,0.7281594966805268,141394,1,P3,0.8,True,P3,0.9997881335925626,14.104803085327148,13.900938034057617,IGHM,0.0,0.0,older
141394|C00425,2,0.7281594966805268,141394,1,P3,1.0,True,P3,0.9999999969414404,14.34419059753418,13.204465866088867,,0.0,0.0,older
141394|C00426,2,0.7281594966805268,141394,1,P1,1.0,True,P1,0.9555510722313328,10.427633285522461,4.074563026428223,IGHM,0.04518950437317784,1.0,older
141394|C00427,2,0.7281594966805268,141394,1,P4,1.0,True,P4,1.0,-2.233550548553467,6.8613104820251465,IGHM,0.05763688760806916,1.0,older
141394|C00428,2,0.7281594966805268,141394,1,P2,1.0,True,P2,0.9996919270564376,13.796625137329102,-0.22324080765247345,IGHD,0.0,0.0,older
141394|C00429,2,0.7281594966805268,141394,1,P3,1.0,True,P3,0.9999999999997442,15.13072395324707,12.306438446044922,IGHM,0.0,0.0,older
141394|C00430,2,0.7281594966805268,141394,1,P2,0.5,True,P2,0.6398563568852038,11.766777038574219,2.013352870941162,IGHM,0.06451612903225806,0.5,older
141394|C00431,2,0.7281594966805268,141394,1,P1,0.96,True,P1,0.9939760769651369,10.330830574035645,3.9752438068389893,IGHM,0.0169971671388102,1.0,older
141394|C00432,2,0.7281594966805268,141394,1,P2,1.0,True,P2,0.9999999789449563,12.868189811706543,-0.272164523601532,,0.014124293785310734,0.5,older
141394|C00433,2,0.7281594966805268,141394,1,P3,1.0,True,P3,0.9999998748953025,14.375856399536133,13.016740798950195,,0.0,0.0,older
141394|C00434,2,0.7281594966805268,141394,1,P3,1.0,True,P3,0.9999999997878746,14.794805526733398,13.291764259338379,IGHM,0.0,0.0,older
141394|C00435,2,0.7281594966805268,141394,1,P2,0.78,True,P2,0.557502530426305,12.657998085021973,0.2804546058177948,IGHM,0.04941860465116279,0.0,older
141394|C00436,2,0.7281594966805268,141394,1,P1,0.98,True,P1,0.9999908014605492,8.871280670166016,3.694861650466919,IGHM,0.0,0.0,older
141394|C00437,2,0.7281594966805268,141394,1,P1,1.0,True,P1,0.9999999820350994,13.926918029785156,5.079222202301025,,0.04125833714574655,0.5,older
141394|C00438,2,0.7281594966805268,141394,1,P3,1.0,True,P3,0.9999254220519681,14.841756820678711,12.715705871582031,,0.0,0.0,older
141394|C00439,2,0.7281594966805268,141394,1,P3,1.0,True,P3,0.9999999604213635,15.030292510986328,12.81764030456543,IGHM,0.0,0.0,older
141394|C00440,2,0.7281594966805268,141394,1,P1,0.66,True,P1,0.9980158589165145,10.285388946533203,7.517236232757568,IGHG,0.04664723032069971,0.0,older
141394|C00441,2,0.7281594966805268,141394,1,P3,1.0,True,P3,0.999999896257938,12.931539535522461,12.60556411743164,IGHM,0.0,0.0,older
141394|C00442,2,0.7281594966805268,141394,1,P2,0.36,True,P2,0.999999999999929,9.538878440856934,0.2401517629623413,,0.0,0.0,older
141394|C00443,2,0.7281594966805268,141394,1,P3,1.0,True,P3,0.9999996571068,14.36032772064209,13.149615287780762,IGHM,0.0,0.0,older
141394|C00444,2,0.7281594966805268,141394,1,P3,1.0,True,P3,0.9999999999504894,14.189587593078613,13.158589363098145,IGHM,0.0,0.0,older
141394|C00445,2,0.7281594966805268,141394,1,P2,1.0,True,P2,0.9999992679256856,13.21358585357666,-0.33141738176345825,,0.008310249307479225,0.0,older
141394|C00446,2,0.7281594966805268,141394,1,P2,1.0,True,P2,0.9999999936770507,12.51040267944336,-0.2542138397693634,IGHM,0.0084985835694051,0.5,older
141394|C00447,2,0.7281594966805268,141394,1,P1,1.0,True,P1,0.9999997838141559,9.041440963745117,3.9105589389801025,IGHA,0.07668813087365123,0.0,older
141394|C00448,2,0.7281594966805268,141394,1,P3,1.0,True,P3,0.9999999936064796,14.3889799118042,13.11658763885498,,0.0056657223796034,0.0,older
141394|C00449,2,0.7281594966805268,141394,1,P3,1.0,True,P3,0.9999999988823873,14.789453506469727,13.629206657409668,IGHD,0.0,0.0,older
141394|C00450,2,0.7281594966805268,141394,1,P1,0.94,True,P1,0.9982799681701329,11.893322944641113,7.834261894226074,,0.002857142857142857,0.0,older
141394|C00451,2,0.7281594966805268,141394,1,P4,1.0,True,P4,1.0,-0.9697747826576233,5.286901473999023,IGHA,0.06647398843930635,0.0,older
141394|C00452,2,0.7281594966805268,141394,1,P1,1.0,True,P1,0.9999548183869645,12.773387908935547,7.076202392578125,IGHM,0.03508771929824561,0.5,older
141394|C00453,2,0.7281594966805268,141394,1,P3,1.0,True,P3,0.9999998145128645,13.808472633361816,13.672622680664062,,0.0,0.0,older
141394|C00454,2,0.7281594966805268,141394,1,P3,1.0,True,P3,0.9998848926154764,14.619163513183594,11.807257652282715,IGHM,0.0,0.5,older
141394|C00455,2,0.7281594966805268,141394,1,P1,1.0,True,P1,0.9995235953614349,12.082941055297852,8.072527885437012,IGHM,0.00872093023255814,0.0,older
141394|C00456,2,0.7281594966805268,141394,1,P1,1.0,True,P1,0.9999976291647921,12.230026245117188,7.188387393951416,,0.0,0.0,older
141394|C00457,2,0.7281594966805268,141394,1,P3,0.98,True,P3,0.9999925533833939,13.735624313354492,13.405570983886719,IGHD,0.0,0.0,older
141394|C00458,2,0.7281594966805268,141394,1,P1,1.0,True,P1,0.9999999201595987,9.676607131958008,5.390341758728027,IGHM,0.06944827298166478,0.5,older
141394|C00459,2,0.7281594966805268,141394,1,P3,1.0,True,P3,0.9999999999994742,15.065760612487793,12.4860200881958,IGHM,0.0,0.0,older
141394|C00460,2,0.7281594966805268,141394,1,P3,1.0,True,P3,0.9999997609986054,14.834150314331055,11.853802680969238,IGHD,0.0026666666666666666,1.0,older
141394|C00461,2,0.7281594966805268,141394,1,P3,0.76,True,P3,0.9995632930159105,14.17175006866455,12.731423377990723,,0.0,0.0,older
141394|C00462,2,0.7281594966805268,141394,1,P3,0.98,True,P3,0.9999995420590633,13.829263687133789,12.259860038757324,,0.0,0.0,older
141394|C00463,2,0.7281594966805268,141394,1,P3,1.0,True,P3,0.9999999988896349,14.40704345703125,13.169561386108398,IGHM,0.0,1.0,older
141394|C00464,2,0.7281594966805268,141394,1,P3,1.0,True,P3,0.9999999999745626,14.653533935546875,12.971199035644531,IGHM,0.00554016620498615,0.0,older
141394|C00465,2,0.7281594966805268,141394,1,P3,1.0,True,P3,0.9999999998953513,15.080127716064453,12.987685203552246,,0.0,0.0,older
141394|C00466,2,0.7281594966805268,141394,1,P2,0.98,True,P2,0.9998495773224504,12.59488582611084,0.6776008009910583,IGHM,0.0056179775280898875,1.0,older
141394|C00467,2,0.7281594966805268,141394,1,P3,1.0,True,P3,0.9999929615494385,14.791793823242188,13.09728717803955,IGHM,0.0,0.0,older
141394|C00468,2,0.7281594966805268,141394,1,P3,1.0,True,P3,0.9999999999984226,15.087217330932617,12.505721092224121,IGHD,0.0,0.0,older
141394|C00469,2,0.7281594966805268,141394,1,P4,1.0,True,P4,1.0,-1.0177679061889648,5.37910270690918,IGHG,0.01644598570828079,0.5,older
141394|C00470,2,0.7281594966805268,141394,1,P3,1.0,True,P3,0.9999999999820233,13.819122314453125,12.147884368896484,IGHM,0.0,1.0,older
141394|C00471,2,0.7281594966805268,141394,1,P3,1.0,True,P3,0.9999999999977547,14.933926582336426,12.651944160461426,IGHM,0.0,0.0,older
141394|C00472,2,0.7281594966805268,141394,1,P3,1.0,True,P3,0.9798657584742299,14.92850112915039,12.441137313842773,IGHM,0.0,0.0,older
141394|C00473,2,0.7281594966805268,141394,1,P3,1.0,True,P3,0.9998471388536313,14.245588302612305,12.644689559936523,IGHM,0.0,0.0,older
141394|C00474,2,0.7281594966805268,141394,1,P3,1.0,True,P3,0.9999999997958184,13.801737785339355,13.834123611450195,IGHM,0.0,0.0,older
141394|C00475,2,0.7281594966805268,141394,1,P3,0.94,True,P3,0.999735194188067,14.743103981018066,12.099678039550781,IGHM,0.0,0.0,older
141394|C00476,2,0.7281594966805268,141394,1,P3,1.0,True,P3,0.9999999988248902,14.782142639160156,13.549593925476074,IGHM,0.0,0.0,older
141394|C00477,2,0.7281594966805268,141394,1,P3,1.0,True,P3,0.9999999867257118,14.044363975524902,12.631697654724121,IGHM,0.0,1.0,older
141394|C00478,2,0.7281594966805268,141394,1,P2,1.0,True,P2,0.99993524426026,13.264322280883789,0.3340057134628296,IGHM,0.013850415512465374,1.0,older
141394|C00479,2,0.7281594966805268,141394,1,P3,1.0,True,P3,0.9999953471359179,14.885544776916504,12.423171997070312,IGHM,0.0,0.0,older
141394|C00480,2,0.7281594966805268,141394,1,P3,1.0,True,P3,0.9999999999987779,14.468127250671387,12.834545135498047,IGHM,0.0,0.0,older
141394|C00481,2,0.7281594966805268,141394,1,P1,1.0,True,P1,0.9999999531760448,10.378312110900879,5.515486717224121,IGHM,0.0,0.0,older
141394|C00482,2,0.7281594966805268,141394,1,P3,1.0,True,P3,0.9999999999962341,14.852330207824707,13.3191556930542,IGHM,0.0,0.0,older
141394|C00483,2,0.7281594966805268,141394,1,P2,0.36,True,P2,1.0,9.58860969543457,0.27863919734954834,,0.0,0.0,older
141394|C00484,2,0.7281594966805268,141394,1,P2,1.0,True,P2,0.9999986067308739,13.268990516662598,-0.5695909857749939,IGHM,0.02601156069364162,0.0,older
141394|C00485,2,0.7281594966805268,141394,1,P3,1.0,True,P3,0.9999999999082121,14.268166542053223,13.135066032409668,IGHM,0.0,0.0,older
141394|C00486,2,0.7281594966805268,141394,1,P2,1.0,True,P2,0.99999954762622,13.22991943359375,-0.16097348928451538,,0.005649717514124294,0.0,older
141394|C00487,2,0.7281594966805268,141394,1,P3,1.0,True,P3,0.9999999786621603,13.878982543945312,13.771531105041504,IGHM,0.0,0.0,older
141394|C00488,2,0.7281594966805268,141394,1,P1,0.76,True,P1,0.9995804227805029,12.747499465942383,7.870646953582764,IGHM,0.0,0.0,older
141394|C00489,2,0.7281594966805268,141394,1,P2,0.88,True,P2,0.9497959410824407,14.233896255493164,0.2834118902683258,IGHM,0.020289855072463767,0.0,older
141394|C00490,2,0.7281594966805268,141394,1,P2,1.0,True,P2,0.9998985187056934,13.055376052856445,0.013781129382550716,,0.01366120218579235,0.0,older
141394|C00491,2,0.7281594966805268,141394,1,P3,1.0,True,P3,0.999999996018488,15.183796882629395,13.243202209472656,,0.0,0.0,older
141394|C00492,2,0.7281594966805268,141394,1,P3,1.0,True,P3,0.999999754103202,13.172767639160156,12.814473152160645,IGHM,0.0,0.0,older
141394|C00493,2,0.7281594966805268,141394,1,P3,1.0,True,P3,0.9999999989956194,15.16463565826416,12.21199893951416,,0.001336898395721925,0.5,older
141394|C00494,2,0.7281594966805268,141394,1,P3,1.0,True,P3,0.9933546533097721,12.864832878112793,12.22360610961914,IGHM,0.0,0.0,older
141394|C00495,2,0.7281594966805268,141394,1,P2,1.0,True,P2,0.9999923819106861,12.385668754577637,0.2930624186992645,IGHM,0.008695652173913044,1.0,older
141394|C00496,2,0.7281594966805268,141394,1,P3,1.0,True,P3,0.9999695977601482,14.291633605957031,11.902399063110352,,0.0,0.0,older
141394|C00497,2,0.7281594966805268,141394,1,P1,1.0,True,P1,0.5463354293351251,9.986740112304688,7.216233253479004,IGHA,0.07344632768361582,0.0,older
141394|C00498,2,0.7281594966805268,141394,1,P3,1.0,True,P3,0.999999999778467,13.756288528442383,13.832986831665039,,0.0,0.0,older
141394|C00499,2,0.7281594966805268,141394,1,P3,1.0,True,P3,0.9999999719070306,13.971622467041016,13.909729957580566,,0.0,0.0,older
141394|C00500,2,0.7281594966805268,141394,1,P2,0.5,True,P2,0.5827596933998114,12.108365058898926,1.9088046550750732,IGHM,0.0,0.0,older
141394|C00501,2,0.7281594966805268,141394,1,P3,1.0,True,P3,0.9999994870512162,14.742416381835938,13.18577766418457,IGHM,0.0,0.0,older
141394|C00502,2,0.7281594966805268,141394,1,P3,0.86,True,P3,0.9804685741335373,14.190348625183105,12.616729736328125,IGHM,0.0,0.0,older
141394|C00503,2,0.7281594966805268,141394,1,P4,0.52,True,P4,1.0,1.137110948562622,5.695071697235107,IGHA,0.07102272727272727,0.5,older
141394|C00504,2,0.7281594966805268,141394,1,P3,1.0,True,P3,0.9999999999810427,14.233469009399414,13.89416790008545,,0.0028089887640449437,0.0,older
141394|C00505,2,0.7281594966805268,141394,1,P3,0.96,True,P3,0.9194249970779846,14.702101707458496,12.007426261901855,,0.0,0.0,older
141394|C00506,2,0.7281594966805268,141394,1,P3,1.0,True,P3,0.9999999979343528,14.235061645507812,13.149591445922852,IGHM,0.0,0.0,older
141394|C00507,2,0.7281594966805268,141394,1,P2,1.0,True,P2,0.9999999996783515,12.21328067779541,-0.31999319791793823,,0.03151862464183381,0.5,older
141394|C00508,2,0.7281594966805268,141394,1,P3,1.0,True,P3,0.9999999999623981,13.775896072387695,13.44754695892334,,0.0,0.0,older
141394|C00509,2,0.7281594966805268,141394,1,P4,0.02,True,P4,1.0,10.036404609680176,1.7517428398132324,,0.005681818181818182,0.0,older
141394|C00510,2,0.7281594966805268,141394,1,P1,0.96,True,P1,0.8570653464642325,10.854571342468262,10.068839073181152,,0.0,0.0,older
141394|C00511,2,0.7281594966805268,141394,1,P2,0.94,True,P2,0.999982027355518,11.854665756225586,1.193901538848877,IGHA,0.03389830508474576,0.5,older
141394|C00512,2,0.7281594966805268,141394,1,P3,1.0,True,P3,0.9999917104752534,15.326367378234863,13.02769947052002,IGHM,0.0,0.0,older
141409|C00001,44,0.9819582759255048,141409,1,P4,1.0,True,P4,1.0,-2.5095953941345215,5.216618537902832,IGHG,0.07394893868319884,1.0,older
141409|C00002,24,0.9675831237576091,141409,1,P4,0.98,True,P4,1.0,-1.6722270250320435,7.000118732452393,IGHA,0.08967391304347826,1.0,older
141409|C00003,21,0.9631804236852871,141409,1,P4,1.0,True,P4,1.0,-2.128021478652954,5.593109607696533,IGHA,0.07359452897682071,1.0,older
141409|C00004,19,0.9595138211652369,141409,1,P4,1.0,True,P4,1.0,-1.3981316089630127,6.351925373077393,IGHG,0.06278948993679699,0.8947368421052632,older
141409|C00005,17,0.955034944733696,141409,1,P4,1.0,True,P4,1.0,-2.648069381713867,5.432584285736084,IGHD,0.06575662268006777,1.0,older
141409|C00006,16,0.9524014680179057,141409,1,P4,1.0,True,P4,1.0,-2.449352264404297,5.614776611328125,IGHG,0.08184350310840932,1.0,older
141409|C00007,15,0.949439716147219,141409,1,P4,1.0,True,P4,1.0,-1.8735549449920654,5.576372146606445,IGHA,0.09286298497813386,1.0,older
141409|C00008,13,0.9422502767866269,141409,1,P4,1.0,True,P4,1.0,-1.8408926725387573,5.460873126983643,IGHG,0.08606259327892102,1.0,older
141409|C00009,12,0.9378279053482508,141409,1,P4,1.0,True,P4,1.0,-1.9418797492980957,5.548398017883301,IGHG,0.043122344763641324,1.0,older
141409|C00010,11,0.9326697786864134,141409,1,P4,1.0,True,P4,1.0,-2.809189558029175,5.8485822677612305,IGHG,0.06358674396625562,1.0,older
141409|C00011,11,0.9326697786864134,141409,1,P4,0.98,True,P4,1.0,-1.153494119644165,5.514978885650635,IGHA,0.027118694274119493,1.0,older
141409|C00012,10,0.9265749701735014,141409,1,P1,1.0,True,P1,1.0,12.767953872680664,5.415685653686523,IGHM,0.030007966641806227,0.4,older
141409|C00013,10,0.9265749701735014,141409,1,P4,0.98,True,P4,1.0,0.08124054223299026,6.344027519226074,IGHM,0.021848739495798318,0.8,older
141409|C00014,9,0.9192617835628317,141409,1,P4,0.78,True,P4,1.0,0.5745181441307068,6.1443071365356445,IGHM,0.058774198260351386,1.0,older
141409|C00015,8,0.9103224608769878,141409,1,P4,1.0,True,P4,1.0,-2.825713634490967,5.864100933074951,IGHG,0.03643941818489036,1.0,older
141409|C00016,8,0.9103224608769878,141409,1,P4,0.9,True,P4,1.0,-0.012968243099749088,6.147497177124023,IGHM,0.0,0.5,older
141409|C00017,8,0.9103224608769878,141409,1,P4,1.0,True,P4,1.0,-1.8977997303009033,5.604257106781006,IGHA,0.06287111724016574,1.0,older
141409|C00018,8,0.9103224608769878,141409,1,P4,1.0,True,P4,1.0,-2.4382174015045166,6.197719097137451,IGHG,0.04217048561065817,1.0,older
141409|C00019,7,0.8991434163867826,141409,1,P4,1.0,True,P4,1.0,-2.0623393058776855,6.816819667816162,IGHG,0.0543630421481455,1.0,older
141409|C00020,7,0.8991434163867826,141409,1,P4,0.98,True,P4,1.0,-2.2772715091705322,5.436053276062012,IGHD,0.060140092201808694,1.0,older
141409|C00021,7,0.8991434163867826,141409,1,P4,0.98,True,P4,1.0,-1.7277133464813232,6.921857833862305,IGHM,0.03858784893267652,0.0,older
141409|C00022,7,0.8991434163867826,141409,1,P1,0.96,True,P1,0.9999999999984084,13.66434097290039,5.616495609283447,IGHM,0.06393182146468294,0.2857142857142857,older
141409|C00023,7,0.8991434163867826,141409,1,P1,0.98,True,P1,0.9999999999965752,13.537071228027344,6.0102925300598145,IGHM,0.02669743950013739,0.0,older
141409|C00024,7,0.8991434163867826,141409,1,P4,1.0,True,P4,1.0,-2.1595489978790283,5.662970066070557,IGHG,0.08721690360416015,1.0,older
141409|C00025,7,0.8991434163867826,141409,1,P4,1.0,True,P4,1.0,-2.376838207244873,5.883011341094971,IGHA,0.028173628468333847,1.0,older
141409|C00026,7,0.8991434163867826,141409,1,P4,0.94,True,P4,1.0,-0.2387341558933258,6.15822172164917,IGHM,0.0028169014084507044,0.0,older
141409|C00027,6,0.884755763798802,141409,1,P1,0.98,True,P1,0.9999999958439645,12.649256706237793,5.528964519500732,IGHM,0.04406130268199234,0.3333333333333333,older
141409|C00028,6,0.884755763798802,141409,1,P4,1.0,True,P4,1.0,-2.4128479957580566,6.273651599884033,IGHA,0.10224760995843767,1.0,older
141409|C00029,6,0.884755763798802,141409,1,P4,1.0,True,P4,1.0,-1.8433668613433838,6.672769069671631,IGHG,0.24629080118694366,0.0,older
141409|C00030,6,0.884755763798802,141409,1,P4,1.0,True,P4,1.0,-1.6187735795974731,5.423037052154541,IGHG,0.05363399223663859,1.0,older
141409|C00031,6,0.884755763798802,141409,1,P4,1.0,True,P4,1.0,-1.8411999940872192,5.297812461853027,IGHD,0.07397003745318352,1.0,older
141409|C00032,6,0.884755763798802,141409,1,P4,1.0,True,P4,1.0,-2.5585036277770996,5.287163734436035,IGHG,0.06337671409126085,1.0,older
141409|C00033,5,0.8655324330768077,141409,1,P4,1.0,True,P4,1.0,-1.6164897680282593,5.662961483001709,IGHM,0.0028328611898017,1.0,older
141409|C00034,5,0.8655324330768077,141409,1,P4,0.98,True,P4,1.0,-0.2332986295223236,5.7213521003723145,IGHG,0.09920286429131446,1.0,older
141409|C00035,5,0.8655324330768077,141409,1,P4,1.0,True,P4,1.0,-2.4098904132843018,6.607294082641602,IGHG,0.03930589184826473,1.0,older
141409|C00036,5,0.8655324330768077,141409,1,P4,1.0,True,P4,1.0,-2.697014570236206,5.606484889984131,IGHG,0.05090585969675941,1.0,older
141409|C00037,5,0.8655324330768077,141409,1,P4,0.68,True,P4,1.0,0.26127737760543823,6.094947338104248,IGHM,0.04741641337386018,0.4,older
141409|C00038,5,0.8655324330768077,141409,1,P4,1.0,True,P4,1.0,-2.131249189376831,6.60531759262085,IGHG,0.05847953216374269,0.8,older
141409|C00039,5,0.8655324330768077,141409,1,P4,0.56,True,P4,0.9992279652068263,0.9888051748275757,6.45761251449585,IGHM,0.0,0.8,older
141409|C00040,4,0.8385084386853215,141409,1,P1,1.0,True,P1,0.9999999900128103,12.906664848327637,5.172662258148193,IGHM,0.034931506849315064,0.5,older
141409|C00041,4,0.8385084386853215,141409,1,P1,1.0,True,P1,0.9999999981256877,8.919665336608887,6.118966579437256,IGHA,0.03735632183908046,0.0,older
141409|C00042,4,0.8385084386853215,141409,1,P4,1.0,True,P4,1.0,-2.5286061763763428,5.466152191162109,IGHG,0.06413436497211675,1.0,older
141409|C00043,4,0.8385084386853215,141409,1,P4,1.0,True,P4,1.0,-2.327195644378662,5.151895523071289,IGHD,0.07471264367816093,1.0,older
141409|C00044,4,0.8385084386853215,141409,1,P4,0.96,True,P4,1.0,-0.18812964856624603,6.188497543334961,IGHG,0.05946552885695037,0.25,older
141409|C00045,4,0.8385084386853215,141409,1,P4,1.0,True,P4,1.0,-1.62264084815979,5.338700294494629,IGHG,0.08898305084745763,1.0,older
141409|C00046,4,0.8385084386853215,141409,1,P4,0.7,True,P4,1.0,0.8503421545028687,6.60217809677124,IGHA,0.021781501965749316,0.5,older
141409|C00047,4,0.8385084386853215,141409,1,P1,1.0,True,P1,0.9999999999982521,13.307044982910156,6.61197566986084,IGHM,0.03698224852071006,0.5,older
141409|C00048,4,0.8385084386853215,141409,1,P1,1.0,True,P1,0.9999999933915547,11.851496696472168,6.798419952392578,,0.049199948429948674,0.25,older
141409|C00049,4,0.8385084386853215,141409,1,P4,0.76,True,P4,1.0,0.3555706739425659,6.372635364532471,IGHA,0.026592465545326398,0.75,older
141409|C00050,4,0.8385084386853215,141409,1,P1,1.0,True,P1,0.9999981526856497,12.676344871520996,6.052691459655762,IGHM,0.026027397260273973,0.75,older
141409|C00051,4,0.8385084386853215,141409,1,P4,1.0,True,P4,1.0,-1.997840404510498,5.585874557495117,IGHG,0.03133903133903134,1.0,older
141409|C00052,4,0.8385084386853215,141409,1,P1,1.0,True,P1,0.9999309319655229,12.336090087890625,6.946771621704102,IGHM,0.020172910662824207,0.0,older
141409|C00053,4,0.8385084386853215,141409,1,P1,1.0,True,P1,0.9889633721759657,10.731307983398438,4.655323505401611,IGHM,0.02960397504285702,0.5,older
141409|C00054,3,0.7976260126230478,141409,1,P1,1.0,True,P1,0.9999977824338518,12.971285820007324,5.209634780883789,IGHM,0.040279950596953475,0.0,older
141409|C00055,3,0.7976260126230478,141409,1,P1,1.0,True,P1,0.9999997294837125,12.44168472290039,5.796372890472412,,0.052592579259365925,0.3333333333333333,older
141409|C00056,3,0.7976260126230478,141409,1,P4,1.0,True,P4,1.0,-2.4796886444091797,6.523877143859863,IGHG,0.036444444444444446,1.0,older
141409|C00057,3,0.7976260126230478,141409,1,P4,0.4,True,P4,0.9999103556936871,1.1856012344360352,6.352841854095459,IGHA,0.06801075541819741,1.0,older
141409|C00058,3,0.7976260126230478,141409,1,P1,1.0,True,P1,0.9998740870436139,12.38498592376709,6.620936870574951,IGHM,0.07831900668576887,0.0,older
141409|C00059,3,0.7976260126230478,141409,1,P1,0.9,True,P1,0.9973909324466438,12.773711204528809,7.73153018951416,IGHM,0.08001945830969234,0.3333333333333333,older
141409|C00060,3,0.7976260126230478,141409,1,P4,0.92,True,P4,0.9999999999998153,-0.23287789523601532,6.120951175689697,IGHM,0.09887005649717513,1.0,older
141409|C00061,3,0.7976260126230478,141409,1,P1,0.72,True,P1,1.0,10.344222068786621,2.295029401779175,IGHM,0.0084985835694051,0.0,older
141409|C00062,3,0.7976260126230478,141409,1,P1,1.0,True,P1,0.9997606943270535,11.605732917785645,7.329872131347656,IGHM,0.06102944495066485,0.0,older
141409|C00063,3,0.7976260126230478,141409,1,P1,1.0,True,P1,0.9999999995480948,13.587549209594727,5.883058071136475,IGHM,0.0446343779677113,0.0,older
141409|C00064,3,0.7976260126230478,141409,1,P1,1.0,True,P1,0.9999995427687672,11.539895057678223,6.687180042266846,IGHM,0.07104698065636501,0.3333333333333333,older
141409|C00065,3,0.7976260126230478,141409,1,P4,0.56,True,P4,1.0,0.5276835560798645,5.71873664855957,IGHA,0.051051051051051045,1.0,older
141409|C00066,3,0.7976260126230478,141409,1,P1,1.0,True,P1,0.9999995778446087,13.124415397644043,6.668697357177734,IGHM,0.08238301234583102,0.6666666666666666,older
141409|C00067,3,0.7976260126230478,141409,1,P1,1.0,True,P1,0.9999961561975801,12.316974639892578,5.366996765136719,IGHM,0.04541326067211626,0.3333333333333333,older
141409|C00068,3,0.7976260126230478,141409,1,P4,0.44,True,P4,0.9999990071035354,0.7256768345832825,6.058358669281006,IGHG,0.049840210009701534,1.0,older
141409|C00069,3,0.7976260126230478,141409,1,P4,1.0,True,P4,1.0,-1.2555495500564575,5.4913482666015625,IGHG,0.042150254952041076,1.0,older
141409|C00070,3,0.7976260126230478,141409,1,P1,1.0,True,P1,0.9999380762270097,13.803608894348145,5.915693759918213,IGHM,0.030557452355825937,0.3333333333333333,older
141409|C00071,3,0.7976260126230478,141409,1,P1,1.0,True,P1,0.9999997143393226,9.523635864257812,5.967129230499268,IGHM,0.0,0.0,older
141409|C00072,3,0.7976260126230478,141409,1,P4,0.82,True,P4,1.0,0.24552670121192932,6.322214126586914,IGHG,0.05547444067637559,1.0,older
141409|C00073,3,0.7976260126230478,141409,1,P1,1.0,True,P1,0.9998548446019359,12.2422513961792,6.895516872406006,IGHM,0.045687741103213886,0.0,older
141409|C00074,3,0.7976260126230478,141409,1,P3,1.0,True,P3,0.9999999999961773,13.524459838867188,12.239603996276855,IGHD,0.0,0.0,older
141409|C00075,3,0.7976260126230478,141409,1,P1,1.0,True,P1,0.9999999806325379,13.845069885253906,5.613785266876221,IGHM,0.05263157894736842,0.6666666666666666,older
141409|C00076,3,0.7976260126230478,141409,1,P4,1.0,True,P4,1.0,-0.6562091708183289,5.196871280670166,IGHA,0.047653422049254074,1.0,older
141409|C00077,3,0.7976260126230478,141409,1,P4,1.0,True,P4,1.0,-0.8455173969268799,5.318241596221924,IGHA,0.06465608465608465,1.0,older
141409|C00078,3,0.7976260126230478,141409,1,P1,1.0,True,P1,0.9999999956050232,13.618098258972168,5.883389472961426,IGHM,0.012750455373406194,0.0,older
141409|C00079,3,0.7976260126230478,141409,1,P4,0.8,True,P4,1.0,0.7405658960342407,6.597959041595459,IGHA,0.05005005005005005,0.3333333333333333,older
141409|C00080,3,0.7976260126230478,141409,1,P4,1.0,True,P4,1.0,-2.43514347076416,5.762153148651123,IGHA,0.06596844844053618,1.0,older
141409|C00081,3,0.7976260126230478,141409,1,P1,1.0,True,P1,0.9999994020916259,12.392663955688477,5.939157485961914,IGHM,0.041746593575348,0.3333333333333333,older
141409|C00082,3,0.7976260126230478,141409,1,P4,0.88,True,P4,1.0,-0.1318495273590088,6.199239730834961,IGHA,0.09238095238095238,1.0,older
141409|C00083,3,0.7976260126230478,141409,1,P2,0.3,True,P2,1.0,9.589622497558594,0.2820717692375183,IGHM,0.0,0.0,older
141409|C00084,3,0.7976260126230478,141409,1,P4,0.92,True,P4,1.0,0.07588838040828705,6.1148271560668945,IGHA,0.1842874238897437,1.0,older
141409|C00085,3,0.7976260126230478,141409,1,P4,0.86,True,P4,1.0,-0.08925949782133102,6.214116096496582,IGHM,0.05711610486891386,0.3333333333333333,older
141409|C00086,3,0.7976260126230478,141409,1,P4,0.52,True,P4,0.9261726607185613,1.1664934158325195,6.388067722320557,IGHA,0.03601108033240997,0.0,older
141409|C00087,3,0.7976260126230478,141409,1,P4,1.0,True,P4,1.0,-2.6669609546661377,5.602189540863037,IGHG,0.13022351797862,1.0,older
141409|C00088,3,0.7976260126230478,141409,1,P4,1.0,True,P4,1.0,-2.5828723907470703,6.3850860595703125,IGHA,0.0702247191011236,1.0,older
141409|C00089,3,0.7976260126230478,141409,1,P1,1.0,True,P1,0.9999999706897005,11.557917594909668,6.139026641845703,IGHA,0.0536772299155189,0.6666666666666666,older
141409|C00090,3,0.7976260126230478,141409,1,P4,1.0,True,P4,1.0,-1.0915048122406006,5.303497791290283,IGHG,0.07102272727272728,1.0,older
141409|C00091,3,0.7976260126230478,141409,1,P4,1.0,True,P4,1.0,-2.664149284362793,5.59102201461792,IGHD,0.0646900269541779,1.0,older
141409|C00092,3,0.7976260126230478,141409,1,P4,1.0,True,P4,1.0,-1.9574683904647827,5.913111209869385,IGHG,0.016223285144340377,1.0,older
141409|C00093,3,0.7976260126230478,141409,1,P4,0.86,True,P4,1.0,0.00541513878852129,6.300647258758545,IGHG,0.09565217391304348,0.3333333333333333,older
141409|C00094,3,0.7976260126230478,141409,1,P4,0.9,True,P4,0.9999999999999858,0.8559809327125549,6.610770225524902,IGHG,0.0617137151398364,0.0,older
141409|C00095,3,0.7976260126230478,141409,1,P1,1.0,True,P1,0.9999939187878392,13.80007266998291,5.948693752288818,IGHM,0.053684011107621284,0.6666666666666666,older
141409|C00096,3,0.7976260126230478,141409,1,P1,1.0,True,P1,0.99999873305979,12.758511543273926,5.667651653289795,IGHM,0.10970683137397381,0.3333333333333333,older
141409|C00097,3,0.7976260126230478,141409,1,P4,1.0,True,P4,1.0,-1.5795691013336182,5.419270992279053,IGHA,0.02631578947368421,1.0,older
141409|C00098,3,0.7976260126230478,141409,1,P1,1.0,True,P1,0.9999999967299971,13.817728996276855,5.718095779418945,IGHM,0.06145936740837591,0.0,older
141409|C00099,3,0.7976260126230478,141409,1,P3,0.82,True,P3,0.99974733705054,13.922591209411621,10.609580993652344,IGHM,0.01270439123546468,0.0,older
141409|C00100,3,0.7976260126230478,141409,1,P1,1.0,True,P1,0.9981948207962408,12.352964401245117,5.106629371643066,IGHM,0.02046783625730994,0.6666666666666666,older
141409|C00101,3,0.7976260126230478,141409,1,P4,1.0,True,P4,1.0,-1.8345340490341187,6.995625019073486,IGHA,0.04481792717086835,0.0,older
141409|C00102,3,0.7976260126230478,141409,1,P1,1.0,True,P1,0.9999999952804188,12.99773120880127,6.077301502227783,IGHM,0.05381767109295199,0.3333333333333333,older
141409|C00103,3,0.7976260126230478,141409,1,P1,1.0,True,P1,0.9999999924012144,12.1209716796875,5.0699663162231445,IGHM,0.03489439853076217,1.0,older
141409|C00104,3,0.7976260126230478,141409,1,P1,1.0,True,P1,0.9999999995479385,9.199591636657715,5.652396202087402,IGHA,0.07530348188822537,0.0,older
141409|C00105,3,0.7976260126230478,141409,1,P4,1.0,True,P4,1.0,-1.8519266843795776,6.624548435211182,IGHA,0.02202591476726923,1.0,older
141409|C00106,3,0.7976260126230478,141409,1,P4,0.88,True,P4,0.9999999999999858,0.7661592960357666,5.866118907928467,IGHM,0.039886039886039885,0.6666666666666666,older
141409|C00107,3,0.7976260126230478,141409,1,P4,0.94,True,P4,1.0,-0.08355681598186493,6.2042036056518555,,0.04703053471260402,1.0,older
141409|C00108,3,0.7976260126230478,141409,1,P4,0.9,True,P4,1.0,-0.05492579936981201,6.103851795196533,IGHA,0.05507246376811594,0.0,older
141409|C00109,3,0.7976260126230478,141409,1,P4,0.48,True,P4,0.9988903708252626,1.2200870513916016,6.190493106842041,IGHG,0.0634469696969697,0.3333333333333333,older
141409|C00110,3,0.7976260126230478,141409,1,P4,1.0,True,P4,1.0,-1.8736884593963623,6.602954864501953,IGHG,0.10531135531135531,0.3333333333333333,older
141409|C00111,3,0.7976260126230478,141409,1,P4,1.0,True,P4,1.0,-1.448201060295105,5.219735622406006,IGHG,0.1056801267585346,1.0,older
141409|C00112,3,0.7976260126230478,141409,1,P4,1.0,True,P4,1.0,-2.736588954925537,5.736369609832764,IGHG,0.0920837876234843,1.0,older
141409|C00113,2,0.7281594966805268,141409,1,P1,1.0,True,P1,0.9999996253362005,11.07400894165039,6.906078815460205,IGHA,0.02608695652173913,0.5,older
141409|C00114,2,0.7281594966805268,141409,1,P1,1.0,True,P1,0.9999219891008931,9.654953956604004,6.482820987701416,IGHA,0.031339031339031334,0.5,older
141409|C00115,2,0.7281594966805268,141409,1,P1,1.0,True,P1,0.9952050242877711,12.522915840148926,5.662074089050293,IGHM,0.02803874358732257,0.5,older
141409|C00116,2,0.7281594966805268,141409,1,P1,1.0,True,P1,0.9227421643588891,10.797614097595215,5.410114288330078,IGHM,0.05373496103312385,0.0,older
141409|C00117,2,0.7281594966805268,141409,1,P4,0.7,True,P4,0.9993457193792517,1.0194975137710571,6.55586051940918,IGHA,0.1,0.5,older
141409|C00118,2,0.7281594966805268,141409,1,P1,1.0,True,P1,0.9999960031063904,12.68808364868164,5.720823764801025,IGHM,0.05524079320113315,1.0,older
141409|C00119,2,0.7281594966805268,141409,1,P1,0.98,True,P1,0.5820408175083255,8.844870567321777,3.676278829574585,IGHM,0.0,0.0,older
141409|C00120,2,0.7281594966805268,141409,1,P1,1.0,True,P1,0.9997369704390008,12.582759857177734,5.547973155975342,IGHM,0.02654867256637168,0.5,older
141409|C00121,2,0.7281594966805268,141409,1,P1,1.0,True,P1,0.9999554535608641,12.673707962036133,6.024324893951416,IGHM,0.022922636103151862,0.5,older
141409|C00122,2,0.7281594966805268,141409,1,P1,1.0,True,P1,0.9999867004313702,8.740735054016113,6.038506507873535,IGHA,0.24545454545454545,0.0,older
141409|C00123,2,0.7281594966805268,141409,1,P4,0.62,True,P4,0.9999820200800891,1.0210106372833252,6.113546371459961,IGHM,0.020958083832335328,0.5,older
141409|C00124,2,0.7281594966805268,141409,1,P1,1.0,True,P1,0.999990757790363,11.132641792297363,6.816868305206299,IGHA,0.044740129935032485,1.0,older
141409|C00125,2,0.7281594966805268,141409,1,P1,0.96,True,P1,0.9974639497761488,11.69898509979248,5.986515045166016,IGHA,0.050486678626004915,0.0,older
141409|C00126,2,0.7281594966805268,141409,1,P1,1.0,True,P1,0.9999952485299324,12.267838478088379,5.97174072265625,IGHM,0.06930239723389506,0.5,older
141409|C00127,2,0.7281594966805268,141409,1,P2,0.82,True,P2,0.9825305296318533,11.756242752075195,1.5456290245056152,IGHA,0.08430232558139535,1.0,older
141409|C00128,2,0.7281594966805268,141409,1,P4,0.84,True,P4,0.9999999999983942,0.3648119568824768,6.108828067779541,IGHG,0.04927536231884058,0.5,older
141409|C00129,2,0.7281594966805268,141409,1,P3,1.0,True,P3,0.9999999727684642,14.82438850402832,13.516596794128418,,0.0,0.5,older
141409|C00130,2,0.7281594966805268,141409,1,P1,1.0,True,P1,0.9971390560523231,12.090995788574219,5.161728858947754,IGHM,0.008086253369272238,0.0,older
141409|C00131,2,0.7281594966805268,141409,1,P4,0.68,True,P4,1.0,0.341760516166687,6.493325233459473,IGHA,0.0641399416909621,1.0,older
141409|C00132,2,0.7281594966805268,141409,1,P4,0.58,True,P4,0.9999995210164211,0.6130833029747009,6.1281561851501465,IGHA,0.06395348837209303,1.0,older
141409|C00133,2,0.7281594966805268,141409,1,P1,0.96,True,P1,0.960762675626431,12.773721694946289,8.100062370300293,,0.040106951871657755,0.0,older
141409|C00134,2,0.7281594966805268,141409,1,P4,1.0,True,P4,1.0,-2.1400678157806396,5.491937637329102,IGHD,0.08217892498837287,1.0,older
141409|C00135,2,0.7281594966805268,141409,1,P4,0.04,True,P4,1.0,10.030023574829102,1.7468969821929932,,0.0169971671388102,0.0,older
141409|C00136,2,0.7281594966805268,141409,1,P3,0.34,True,P3,0.999999999991168,13.907516479492188,10.572519302368164,,0.0,0.0,older
141409|C00137,2,0.7281594966805268,141409,1,P4,0.74,True,P4,1.0,0.5047410726547241,6.269515514373779,IGHG,0.0443213296398892,1.0,older
141409|C00138,2,0.7281594966805268,141409,1,P1,0.92,True,P1,0.5495039027092721,12.39100456237793,7.995323657989502,IGHM,0.08148386489201406,0.0,older
141409|C00139,2,0.7281594966805268,141409,1,P1,1.0,True,P1,0.9999637463172913,12.582289695739746,6.715120792388916,IGHM,0.03878116343490305,0.5,older
141409|C00140,2,0.7281594966805268,141409,1,P4,0.66,True,P4,0.9999715407372123,1.1082292795181274,6.1535234451293945,IGHM,0.05602240896358543,1.0,older
141409|C00141,2,0.7281594966805268,141409,1,P3,0.96,True,P3,0.9999981155580421,14.127691268920898,11.97334098815918,IGHM,0.0,0.0,older
141409|C00142,2,0.7281594966805268,141409,1,P4,0.74,True,P4,0.9998712364618383,1.1676172018051147,6.196352958679199,IGHA,0.09401709401709402,0.0,older
141409|C00143,2,0.7281594966805268,141409,1,P1,1.0,True,P1,0.9999996321699421,11.73332691192627,6.872128009796143,IGHM,0.06421012367716435,0.5,older
141409|C00144,2,0.7281594966805268,141409,1,P4,0.66,True,P4,0.9996141392661648,1.008752703666687,6.089282512664795,IGHG,0.047048627232488316,1.0,older
141409|C00145,2,0.7281594966805268,141409,1,P1,0.58,True,P1,0.9998351441211497,14.012622833251953,6.447603225708008,,0.07321088645367083,0.5,older
141409|C00146,2,0.7281594966805268,141409,1,P4,1.0,True,P4,1.0,-1.7836984395980835,6.206242084503174,IGHG,0.04,1.0,older
141409|C00147,2,0.7281594966805268,141409,1,P1,1.0,True,P1,0.9999876026414638,11.545207023620605,6.1375885009765625,IGHM,0.06590772661006775,0.5,older
141409|C00148,2,0.7281594966805268,141409,1,P1,1.0,True,P1,0.9999960472981786,12.307157516479492,6.545020580291748,IGHM,0.0198300283286119,0.5,older
141409|C00149,2,0.7281594966805268,141409,1,P1,1.0,True,P1,0.998934796085503,13.771745681762695,6.149368762969971,IGHM,0.04456824512534819,0.5,older
141409|C00150,2,0.7281594966805268,141409,1,P1,1.0,True,P1,0.9999452775536365,11.613445281982422,6.3223652839660645,,0.028208800827564256,0.0,older
141409|C00151,2,0.7281594966805268,141409,1,P1,0.98,True,P1,0.9967697101970544,8.86729907989502,3.6940815448760986,IGHM,0.0,0.0,older
141409|C00152,2,0.7281594966805268,141409,1,P4,0.4,True,P4,0.9999999786728753,10.316455841064453,2.7561540603637695,IGHM,0.07720256699848536,0.0,older
141409|C00153,2,0.7281594966805268,141409,1,P4,1.0,True,P4,1.0,-2.5433826446533203,5.251791000366211,IGHG,0.03654970760233918,0.0,older
141409|C00154,2,0.7281594966805268,141409,1,P3,1.0,True,P3,0.9999991306103282,14.747756958007812,12.209897994995117,IGHM,0.0,0.5,older
141409|C00155,2,0.7281594966805268,141409,1,P4,0.66,True,P4,0.9999999999995453,0.5321004986763,6.143143177032471,,0.11914772137444202,1.0,older
141409|C00156,2,0.7281594966805268,141409,1,P1,1.0,True,P1,0.997880919943279,12.19433879852295,6.6403398513793945,IGHM,0.036011080332409975,0.0,older
141409|C00157,2,0.7281594966805268,141409,1,P3,1.0,True,P3,0.9999976421350512,15.225969314575195,11.527898788452148,IGHM,0.0,0.0,older
141409|C00158,2,0.7281594966805268,141409,1,P1,1.0,True,P1,0.9999660309521947,13.753124237060547,6.315792560577393,IGHM,0.05316091954022989,0.0,older
141409|C00159,2,0.7281594966805268,141409,1,P1,1.0,True,P1,0.9999984933713771,8.777438163757324,6.097867488861084,IGHA,0.09401709401709402,0.5,older
141409|C00160,2,0.7281594966805268,141409,1,P2,0.56,True,P2,0.7662204528580552,12.231128692626953,1.9833942651748657,,0.0,0.0,older
141409|C00161,2,0.7281594966805268,141409,1,P1,1.0,True,P1,0.9997744119502685,12.24281120300293,5.089277744293213,IGHM,0.023054755043227664,1.0,older
141409|C00162,2,0.7281594966805268,141409,1,P2,0.34,True,P2,0.7416003587614173,10.018472671508789,0.5823256969451904,IGHM,0.03248587570621469,1.0,older
141409|C00163,2,0.7281594966805268,141409,1,P3,1.0,True,P3,0.9997722448173761,14.559961318969727,11.379039764404297,IGHM,0.0,1.0,older
141409|C00164,2,0.7281594966805268,141409,1,P1,1.0,True,P1,0.9999885411343419,12.058269500732422,6.966038703918457,IGHM,0.05538461538461538,1.0,older
141409|C00165,2,0.7281594966805268,141409,1,P2,0.86,True,P2,0.9967078811203507,12.380346298217773,1.4666030406951904,IGHG,0.06272434872232292,0.0,older
141409|C00166,2,0.7281594966805268,141409,1,P1,1.0,True,P1,0.9999951172611622,12.426692008972168,6.74885368347168,IGHM,0.06249243359724946,0.5,older
141409|C00167,2,0.7281594966805268,141409,1,P1,1.0,True,P1,0.9994578390137199,11.350626945495605,6.430387496948242,,0.08374378289632527,0.0,older
141409|C00168,2,0.7281594966805268,141409,1,P1,1.0,True,P1,0.9998504756432309,13.529108047485352,6.393589019775391,IGHM,0.06390886419215032,1.0,older
141409|C00169,2,0.7281594966805268,141409,1,P1,1.0,True,P1,0.9996492554871014,11.45564079284668,7.827613353729248,IGHM,0.05781223983167583,0.5,older
141409|C00170,2,0.7281594966805268,141409,1,P1,1.0,True,P1,0.9999978857465276,11.559675216674805,6.437901496887207,IGHM,0.09565217391304348,0.5,older
141409|C00171,2,0.7281594966805268,141409,1,P1,1.0,True,P1,0.9987241989460158,12.379436492919922,5.154962539672852,IGHM,0.027700831024930747,0.0,older
141409|C00172,2,0.7281594966805268,141409,1,P4,0.66,True,P4,0.9988409491752674,0.6798649430274963,6.255617141723633,IGHA,0.14985163204747776,0.5,older
141409|C00173,2,0.7281594966805268,141409,1,P4,1.0,True,P4,1.0,-2.5964462757110596,5.726306438446045,IGHG,0.06516821928825145,1.0,older
141409|C00174,2,0.7281594966805268,141409,1,P4,0.7,True,P4,0.9999999972330471,0.6577548980712891,6.159502029418945,IGHG,0.07162921348314608,1.0,older
141409|C00175,2,0.7281594966805268,141409,1,P1,1.0,True,P1,0.9989434270536524,13.64790153503418,4.898702621459961,IGHM,0.01744186046511628,0.0,older
141409|C00176,2,0.7281594966805268,141409,1,P3,1.0,True,P3,0.9999888611857908,14.762007713317871,12.444628715515137,IGHM,0.005420054200542005,0.0,older
141409|C00177,2,0.7281594966805268,141409,1,P1,1.0,True,P1,0.6165468037068238,9.242178916931152,6.997557640075684,IGHA,0.0911503993765829,1.0,older
141409|C00178,2,0.7281594966805268,141409,1,P3,1.0,True,P3,0.9999999999891571,14.182389259338379,12.31058120727539,IGHM,0.0,0.0,older
141409|C00179,2,0.7281594966805268,141409,1,P1,1.0,True,P1,0.9979151246102339,10.513477325439453,7.574033260345459,IGHA,0.00423728813559322,0.0,older
141409|C00180,2,0.7281594966805268,141409,1,P4,0.86,True,P4,0.9999999999896119,0.6927841901779175,6.264517307281494,,,0.5,older
141409|C00181,2,0.7281594966805268,141409,1,P4,0.72,True,P4,1.0,0.3541460931301117,6.5810980796813965,IGHG,0.08035714285714286,0.5,older
141409|C00182,2,0.7281594966805268,141409,1,P4,0.68,True,P4,0.9987185174185039,0.878781259059906,5.422913551330566,IGHM,0.046328633263949974,1.0,older
141409|C00183,2,0.7281594966805268,141409,1,P1,1.0,True,P1,0.9999513395377688,9.599129676818848,6.374061107635498,,0.020588235294117647,0.5,older
141409|C00184,2,0.7281594966805268,141409,1,P3,1.0,True,P3,0.999999999764313,15.1610107421875,11.550032615661621,IGHM,0.0,0.0,older
141409|C00185,2,0.7281594966805268,141409,1,P4,0.7,True,P4,0.999999999999801,0.5502989292144775,6.060629844665527,IGHA,0.04234968329248496,1.0,older
141409|C00186,2,0.7281594966805268,141409,1,P1,0.92,True,P1,0.9948145288948012,12.359737396240234,5.847350597381592,IGHM,0.041437728937728936,0.5,older
141409|C00187,2,0.7281594966805268,141409,1,P1,1.0,True,P1,0.9999999090325714,11.129478454589844,6.802942276000977,IGHA,0.021614913040581062,0.0,older
141409|C00188,2,0.7281594966805268,141409,1,P4,0.58,True,P4,0.9999987661574545,1.0074299573898315,6.07106876373291,IGHM,0.03235294117647059,0.0,older
141409|C00189,2,0.7281594966805268,141409,1,P1,0.68,True,P1,0.9816158105947325,12.852246284484863,8.334975242614746,IGHM,0.0641399416909621,1.0,older
141409|C00190,2,0.7281594966805268,141409,1,P1,1.0,True,P1,0.9979853362386981,12.832137107849121,5.681223392486572,IGHM,0.04154727793696275,0.5,older
141409|C00191,2,0.7281594966805268,141409,1,P3,0.92,True,P3,0.9882571565691682,14.66862678527832,11.910186767578125,IGHM,0.012430939226519336,0.5,older
141409|C00192,2,0.7281594966805268,141409,1,P1,1.0,True,P1,0.9989185598980065,11.96825122833252,7.689435958862305,IGHM,0.04327763988605887,0.5,older
141409|C00193,2,0.7281594966805268,141409,1,P2,0.86,True,P2,0.9986785029512483,13.552556991577148,0.12122265994548798,IGHM,0.04093567251461988,0.0,older
141409|C00194,2,0.7281594966805268,141409,1,P2,0.36,True,P2,1.0,9.497315406799316,0.199144646525383,IGHG,0.03561253561253561,0.0,older
141409|C00195,2,0.7281594966805268,141409,1,P1,1.0,True,P1,0.9998863022051053,12.33745002746582,7.133684158325195,IGHM,0.019537511087595896,0.0,older
141409|C00196,2,0.7281594966805268,141409,1,P1,1.0,True,P1,0.9954255000399319,12.356348037719727,6.410948276519775,IGHM,0.0523407490396927,0.5,older
141409|C00197,2,0.7281594966805268,141409,1,P3,0.72,True,P3,0.9669499915805898,13.831131935119629,11.052525520324707,IGHM,0.07784431137724551,0.0,older
141409|C00198,2,0.7281594966805268,141409,1,P3,1.0,True,P3,0.9999999822979789,13.618263244628906,12.193670272827148,IGHM,0.0,1.0,older
141409|C00199,2,0.7281594966805268,141409,1,P4,1.0,True,P4,1.0,-0.6924431324005127,6.050899982452393,IGHA,0.08382890365448505,1.0,older
141409|C00200,2,0.7281594966805268,141409,1,P4,1.0,True,P4,1.0,-2.191526174545288,6.842889785766602,IGHG,0.06923540991934972,1.0,older
141409|C00201,2,0.7281594966805268,141409,1,P1,0.9,True,P1,0.9986064158999821,11.626049041748047,7.163431644439697,IGHA,0.014837317835600758,0.5,older
141409|C00202,2,0.7281594966805268,141409,1,P3,1.0,True,P3,0.9999999994117843,15.296069145202637,11.534058570861816,IGHM,0.0,1.0,older
141409|C00203,2,0.7281594966805268,141409,1,P3,1.0,True,P3,0.9900877268240823,12.79997730255127,12.227588653564453,IGHM,0.0,0.0,older
141409|C00204,2,0.7281594966805268,141409,1,P2,1.0,True,P2,0.9999999995660289,13.058664321899414,-0.6656038165092468,IGHD,0.005494505494505495,0.0,older
141409|C00205,2,0.7281594966805268,141409,1,P2,0.96,True,P2,0.9999999995264233,12.738079071044922,-1.0293517112731934,,0.0027472527472527475,0.0,older
141409|C00206,2,0.7281594966805268,141409,1,P4,0.18,True,P4,0.8952869918083387,1.1037081480026245,6.333446502685547,IGHA,0.059154929577464786,0.0,older
141409|C00207,2,0.7281594966805268,141409,1,P4,1.0,True,P4,1.0,-2.2033233642578125,6.664007186889648,IGHA,0.07732754118596591,1.0,older
141409|C00208,2,0.7281594966805268,141409,1,P1,1.0,True,P1,0.9997116582103002,11.696779251098633,5.814975738525391,IGHM,0.011560693641618497,0.5,older
141409|C00209,2,0.7281594966805268,141409,1,P4,0.6,True,P4,0.9957344204925299,1.1536587476730347,6.197038173675537,,0.07605473767414286,0.5,older
141409|C00210,2,0.7281594966805268,141409,1,P1,1.0,True,P1,0.9999123797648644,12.322478294372559,6.974615097045898,IGHM,0.020408163265306124,0.0,older
141409|C00211,2,0.7281594966805268,141409,1,P2,0.9,True,P2,0.9999505419868222,11.810108184814453,1.4779047966003418,,0.0014124293785310734,0.5,older
141409|C00212,2,0.7281594966805268,141409,1,P4,1.0,True,P4,1.0,-2.583116054534912,5.335930347442627,IGHG,0.0547945205479452,1.0,older
141409|C00213,2,0.7281594966805268,141409,1,P4,1.0,True,P4,1.0,-2.352069139480591,5.168547630310059,IGHG,0.041881944660587006,1.0,older
141409|C00214,2,0.7281594966805268,141409,1,P1,1.0,True,P1,0.9999993253834135,9.157486915588379,5.735716819763184,IGHG,0.04297994269340974,0.5,older
141409|C00215,2,0.7281594966805268,141409,1,P1,1.0,True,P1,0.999941110792094,10.031499862670898,6.842812538146973,IGHA,0.02702702702702703,0.5,older
141409|C00216,2,0.7281594966805268,141409,1,P4,1.0,True,P4,1.0,-1.7494254112243652,6.037886619567871,IGHA,0.04815864022662889,0.0,older
141409|C00217,2,0.7281594966805268,141409,1,P1,1.0,True,P1,0.9999677171274097,13.445989608764648,6.875627040863037,IGHM,0.024096385542168676,1.0,older
141409|C00218,2,0.7281594966805268,141409,1,P1,1.0,True,P1,0.9975903611085811,10.724510192871094,7.069389820098877,IGHA,0.05735294117647059,0.0,older
141409|C00219,2,0.7281594966805268,141409,1,P4,0.78,True,P4,0.9999999997760796,0.8778637051582336,6.613626480102539,IGHG,0.02881844380403458,0.0,older
141409|C00220,2,0.7281594966805268,141409,1,P4,1.0,True,P4,1.0,-0.5341799855232239,6.04833984375,IGHG,0.08,0.0,older
141409|C00221,2,0.7281594966805268,141409,1,P4,0.74,True,P4,0.9999998849032106,0.5907793045043945,6.291327476501465,,0.04620139497974356,1.0,older
141409|C00222,2,0.7281594966805268,141409,1,P3,1.0,True,P3,0.9995533699221918,14.610503196716309,11.382801055908203,IGHM,0.0,0.0,older
141409|C00223,2,0.7281594966805268,141409,1,P4,1.0,True,P4,1.0,-2.490020513534546,6.382411003112793,IGHG,0.04310344827586207,1.0,older
141409|C00224,2,0.7281594966805268,141409,1,P4,1.0,True,P4,1.0,-2.739605188369751,6.0924553871154785,IGHG,0.02193695524545003,1.0,older
141409|C00225,2,0.7281594966805268,141409,1,P4,1.0,True,P4,1.0,-1.0574208498001099,5.247328758239746,IGHG,0.07996357012750455,1.0,older
141409|C00226,2,0.7281594966805268,141409,1,P1,1.0,True,P1,0.9964253395441551,9.198664665222168,6.333637237548828,IGHG,0.042308970625474805,0.5,older
141409|C00227,2,0.7281594966805268,141409,1,P4,1.0,True,P4,1.0,-1.0284215211868286,5.417456150054932,IGHA,0.06510662461536101,1.0,older
141409|C00228,2,0.7281594966805268,141409,1,P1,1.0,True,P1,0.9999823401031328,12.621469497680664,5.924508094787598,IGHM,0.02556818181818182,0.5,older
141409|C00229,2,0.7281594966805268,141409,1,P3,1.0,True,P3,0.9999999987517043,14.668906211853027,11.988828659057617,IGHM,0.0,0.5,older
141409|C00230,2,0.7281594966805268,141409,1,P4,1.0,True,P4,1.0,-0.9398832321166992,5.987229824066162,IGHA,0.0650887573964497,0.0,older
141409|C00231,2,0.7281594966805268,141409,1,P4,1.0,True,P4,1.0,-1.6777632236480713,6.535036563873291,IGHA,0.05872603768655498,1.0,older
141409|C00232,2,0.7281594966805268,141409,1,P1,1.0,True,P1,0.9994695239454453,10.737724304199219,7.014779090881348,,0.07521774829745786,0.5,older
141409|C00233,2,0.7281594966805268,141409,1,P4,1.0,True,P4,1.0,-0.670177698135376,6.054418087005615,IGHA,0.09972299168975068,0.0,older
141409|C00234,2,0.7281594966805268,141409,1,P3,0.9,True,P3,0.924259604135819,14.663764953613281,11.256031036376953,IGHM,0.035919540229885055,0.0,older
141409|C00235,2,0.7281594966805268,141409,1,P1,1.0,True,P1,0.6275591398381255,13.886429786682129,5.062497138977051,IGHM,0.04879293877416593,0.5,older
141409|C00236,2,0.7281594966805268,141409,1,P4,1.0,True,P4,1.0,-2.3835132122039795,6.688835620880127,IGHG,0.04748603351955307,1.0,older
141409|C00237,2,0.7281594966805268,141409,1,P4,1.0,True,P4,1.0,-0.8917821049690247,5.248158931732178,,0.061735777795263194,1.0,older
141409|C00238,2,0.7281594966805268,141409,1,P1,1.0,True,P1,0.996772576612127,13.577825546264648,5.885273456573486,IGHM,0.11061946902654868,0.0,older
141409|C00239,2,0.7281594966805268,141409,1,P4,0.52,True,P4,0.999996245496916,1.1631743907928467,5.77909517288208,,0.05813953488372093,0.0,older
141409|C00240,2,0.7281594966805268,141409,1,P3,1.0,True,P3,0.9998397159523826,15.347615242004395,12.69068717956543,,0.0,0.0,older
141409|C00241,2,0.7281594966805268,141409,1,P1,1.0,True,P1,0.9993563092864258,11.696676254272461,6.525469779968262,IGHM,0.04871060171919771,1.0,older
141409|C00242,2,0.7281594966805268,141409,1,P1,1.0,True,P1,0.9999969327737547,13.159598350524902,5.306667804718018,IGHM,0.03385056099307711,0.0,older
141409|C00243,2,0.7281594966805268,141409,1,P1,1.0,True,P1,0.9999998358026821,13.440583229064941,5.620760440826416,IGHG,0.11206896551724138,0.0,older
141409|C00244,2,0.7281594966805268,141409,1,P1,1.0,True,P1,0.9999970657681264,11.502751350402832,4.750437259674072,IGHM,0.056195965417867436,0.5,older
141409|C00245,2,0.7281594966805268,141409,1,P4,0.78,True,P4,0.9999999999998721,0.4130004644393921,6.560909748077393,,0.01749271137026239,0.5,older
141409|C00246,2,0.7281594966805268,141409,1,P4,0.82,True,P4,0.9999999999999005,0.4178873598575592,6.447353363037109,IGHG,0.04481471628431035,1.0,older
141409|C00247,2,0.7281594966805268,141409,1,P3,1.0,True,P3,0.9999999676433339,15.057765007019043,11.449016571044922,IGHM,0.009855198607374584,1.0,older
141409|C00248,2,0.7281594966805268,141409,1,P1,1.0,True,P1,0.9998471834390995,13.64597225189209,6.012755870819092,IGHM,0.042505673861606065,0.0,older
141409|C00249,2,0.7281594966805268,141409,1,P1,1.0,True,P1,0.9999701844960253,10.355988502502441,6.9078826904296875,IGHA,0.04533333333333334,0.5,older
141409|C00250,2,0.7281594966805268,141409,1,P3,0.38,True,P3,0.7869296191577108,12.89079475402832,8.284088134765625,IGHM,0.011461318051575931,0.0,older
141409|C00251,2,0.7281594966805268,141409,1,P3,1.0,True,P3,0.9998046733125691,15.024700164794922,13.411771774291992,IGHM,0.0,0.0,older
141409|C00252,2,0.7281594966805268,141409,1,P1,1.0,True,P1,0.687412735912551,9.222672462463379,7.027246475219727,IGHA,0.056657223796033995,0.0,older
141409|C00253,2,0.7281594966805268,141409,1,P1,1.0,True,P1,0.9360213974888741,11.29525089263916,7.870994567871094,IGHA,0.04824561403508772,0.0,older
141409|C00254,2,0.7281594966805268,141409,1,P4,1.0,True,P4,1.0,-2.7601940631866455,6.055320739746094,IGHD,0.06017191977077364,1.0,older
141409|C00255,2,0.7281594966805268,141409,1,P4,0.58,True,P4,0.966776444477878,1.0475764274597168,6.468906402587891,IGHA,0.027624309392265192,1.0,older
141409|C00256,2,0.7281594966805268,141409,1,P4,1.0,True,P4,1.0,-2.545086622238159,5.377093315124512,IGHD,0.07162534435261708,1.0,older
141409|C00257,2,0.7281594966805268,141409,1,P1,1.0,True,P1,0.9994387041555592,10.182744979858398,6.643395900726318,IGHM,0.05,0.5,older
141409|C00258,2,0.7281594966805268,141409,1,P4,1.0,True,P4,1.0,-1.8646762371063232,6.3519182205200195,IGHG,0.03216374269005848,1.0,older
141409|C00259,2,0.7281594966805268,141409,1,P4,1.0,True,P4,1.0,-1.54984712600708,6.4849982261657715,IGHG,0.0830860534124629,1.0,older
141409|C00260,2,0.7281594966805268,141409,1,P1,1.0,True,P1,0.9890181700446491,10.961398124694824,4.122060775756836,IGHM,0.01902926386212091,1.0,older
141409|C00261,2,0.7281594966805268,141409,1,P1,1.0,True,P1,0.9999376080712602,12.363367080688477,6.69087553024292,IGHM,0.041666666666666664,0.5,older
141409|C00262,2,0.7281594966805268,141409,1,P4,0.62,True,P4,0.9999999970137168,0.8427198529243469,6.528886795043945,,0.11099351468203927,0.0,older
141409|C00263,2,0.7281594966805268,141409,1,P1,1.0,True,P1,0.9999984252122155,13.6402587890625,5.98996639251709,IGHM,0.06956521739130435,0.0,older
141409|C00264,2,0.7281594966805268,141409,1,P1,1.0,True,P1,0.9999555357010502,13.459038734436035,6.5098161697387695,IGHM,0.025568181818181816,0.5,older
141409|C00265,2,0.7281594966805268,141409,1,P1,1.0,True,P1,0.9992800754747392,10.980775833129883,7.089626312255859,IGHA,0.08888888888888889,0.5,older
141409|C00266,2,0.7281594966805268,141409,1,P1,1.0,True,P1,0.9999908222114821,12.300146102905273,6.910280704498291,IGHM,0.024369416710457174,0.0,older
141409|C00267,2,0.7281594966805268,141409,1,P1,1.0,True,P1,0.9988117187830455,9.181503295898438,5.2780280113220215,IGHM,0.013404825737265416,1.0,older
141409|C00268,2,0.7281594966805268,141409,1,P4,1.0,True,P4,1.0,-1.7075496912002563,6.694165229797363,IGHG,0.03428571428571429,1.0,older
141409|C00269,2,0.7281594966805268,141409,1,P1,1.0,True,P1,0.9999494414197765,10.174298286437988,6.588675022125244,,0.05232558139534884,0.5,older
141409|C00270,2,0.7281594966805268,141409,1,P4,1.0,True,P4,1.0,-2.546548843383789,5.309088706970215,,0.08504398826979472,1.0,older
141409|C00271,2,0.7281594966805268,141409,1,P1,1.0,True,P1,0.9999265653027217,12.544398307800293,6.516345500946045,IGHA,0.04725609756097561,0.0,older
141409|C00272,2,0.7281594966805268,141409,1,P4,1.0,True,P4,1.0,-2.3424086570739746,6.5941901206970215,IGHA,0.05093833780160858,0.0,older
141409|C00273,2,0.7281594966805268,141409,1,P4,1.0,True,P4,1.0,-2.158454656600952,5.62291955947876,IGHG,0.08810160427807487,1.0,older
141409|C00274,2,0.7281594966805268,141409,1,P1,1.0,True,P1,0.9999906143319128,11.283673286437988,6.992722988128662,IGHA,0.0847953216374269,0.0,older
141409|C00275,2,0.7281594966805268,141409,1,P3,1.0,True,P3,0.9999999948092579,15.340619087219238,11.638446807861328,IGHM,0.0,1.0,older
141409|C00276,2,0.7281594966805268,141409,1,P4,1.0,True,P4,1.0,-2.6179211139678955,6.261722564697266,IGHG,0.06427673708779699,0.0,older
141409|C00277,2,0.7281594966805268,141409,1,P1,0.98,True,P1,0.9997999971837033,9.092802047729492,3.946624279022217,IGHA,0.07003597490281661,0.5,older
141409|C00278,2,0.7281594966805268,141409,1,P1,0.88,True,P1,0.9896142910767448,11.91379451751709,6.886666774749756,IGHM,0.02872930898581188,0.0,older
141409|C00279,2,0.7281594966805268,141409,1,P1,1.0,True,P1,0.9999934280949762,11.457952499389648,6.433972358703613,IGHA,0.0350140056022409,0.5,older
141409|C00280,2,0.7281594966805268,141409,1,P1,1.0,True,P1,0.9999999086289121,9.07673454284668,5.507873058319092,IGHM,0.04104589353896833,0.0,older
141409|C00281,2,0.7281594966805268,141409,1,P1,1.0,True,P1,0.9910327668273332,11.376554489135742,7.444133281707764,IGHA,0.0436046511627907,0.5,older
141409|C00282,2,0.7281594966805268,141409,1,P4,1.0,True,P4,1.0,-2.3285000324249268,6.738778114318848,IGHM,0.03313253012048193,1.0,older
141409|C00283,2,0.7281594966805268,141409,1,P1,1.0,True,P1,0.9999576634178703,12.439556121826172,6.568946361541748,IGHM,0.01662049861495845,0.0,older
141409|C00284,2,0.7281594966805268,141409,1,P1,1.0,True,P1,0.9602882764494929,10.200572967529297,7.097024917602539,IGHA,0.05120481927710843,0.0,older
141409|C00285,2,0.7281594966805268,141409,1,P4,1.0,True,P4,1.0,-1.4944748878479004,5.620763301849365,IGHA,0.05723570765353495,1.0,older
141409|C00286,2,0.7281594966805268,141409,1,P3,0.8,True,P3,0.9938931805113174,14.1066255569458,11.57910442352295,IGHM,0.016853932584269662,0.0,older
141409|C00287,2,0.7281594966805268,141409,1,P1,1.0,True,P1,0.9999556796568421,11.81458854675293,6.18096399307251,IGHM,0.06220826127546257,0.0,older
141409|C00288,2,0.7281594966805268,141409,1,P4,0.66,True,P4,0.9999999999013767,0.584164023399353,6.598471641540527,,0.039552630741318394,1.0,older
141409|C00289,2,0.7281594966805268,141409,1,P3,1.0,True,P3,0.9887508900996557,14.895772933959961,11.910606384277344,IGHM,0.0,0.0,older
141409|C00290,2,0.7281594966805268,141409,1,P4,0.74,True,P4,1.0,10.399232864379883,2.306562662124634,IGHM,0.0,0.0,older
141409|C00291,2,0.7281594966805268,141409,1,P1,1.0,True,P1,0.9999998412315262,13.738253593444824,5.007106781005859,IGHM,0.034782608695652174,1.0,older
141409|C00292,2,0.7281594966805268,141409,1,P1,1.0,True,P1,0.99999687360136,10.894983291625977,5.477950096130371,IGHA,0.05232558139534883,0.0,older
141409|C00293,2,0.7281594966805268,141409,1,P1,0.92,True,P1,0.9955314929505533,13.637553215026855,6.745858669281006,IGHM,0.0,0.0,older
141409|C00294,2,0.7281594966805268,141409,1,P1,1.0,True,P1,0.999650636769577,12.674872398376465,6.261376857757568,IGHM,0.03125,0.5,older
141409|C00295,2,0.7281594966805268,141409,1,P4,0.58,True,P4,0.9875760229816554,1.081066608428955,6.337480545043945,IGHA,0.0939165761010195,0.5,older
141409|C00296,2,0.7281594966805268,141409,1,P3,1.0,True,P3,0.9999999957629484,14.41839599609375,12.47198486328125,IGHM,0.0,0.0,older
141409|C00297,2,0.7281594966805268,141409,1,P4,0.78,True,P4,0.9999994085919227,0.9211447834968567,6.1124162673950195,IGHM,0.03404608134054809,0.5,older
141409|C00298,2,0.7281594966805268,141409,1,P1,1.0,True,P1,0.9999434123445828,9.091976165771484,5.350373268127441,,0.017835064292779427,0.0,older
141409|C00299,2,0.7281594966805268,141409,1,P1,1.0,True,P1,0.9999929588643875,11.83290958404541,5.9853081703186035,IGHM,0.03416091397198337,0.5,older
141409|C00300,2,0.7281594966805268,141409,1,P2,0.58,True,P2,0.9964248304490758,12.171582221984863,1.9291762113571167,IGHM,0.00821917808219178,0.0,older
141409|C00301,2,0.7281594966805268,141409,1,P4,1.0,True,P4,1.0,-0.5966886281967163,6.050631046295166,IGHA,0.05817174515235457,0.0,older
141409|C00302,2,0.7281594966805268,141409,1,P1,1.0,True,P1,0.9999497956377383,12.849146842956543,5.86318826675415,,0.04442157266364759,1.0,older
141409|C00303,2,0.7281594966805268,141409,1,P2,1.0,True,P2,0.999999987033121,11.712150573730469,1.1953054666519165,IGHM,0.09011627906976744,1.0,older
141409|C00304,2,0.7281594966805268,141409,1,P4,1.0,True,P4,1.0,-2.592513084411621,5.503126621246338,IGHG,0.058571428571428566,1.0,older
141409|C00305,2,0.7281594966805268,141409,1,P4,0.68,True,P4,0.9093991801596357,1.2318816184997559,6.165403366088867,IGHM,0.1,0.5,older
141409|C00306,2,0.7281594966805268,141409,1,P1,0.76,True,P1,0.9996239307367103,13.65771484375,7.208486080169678,,0.01694915254237288,0.5,older
141409|C00307,2,0.7281594966805268,141409,1,P1,1.0,True,P1,0.9999995683880706,11.116963386535645,7.072009086608887,,0.05685131195335277,0.5,older
141409|C00308,2,0.7281594966805268,141409,1,P3,1.0,True,P3,0.9999999999950262,14.051717758178711,13.938958168029785,IGHM,0.0,0.0,older
141409|C00309,2,0.7281594966805268,141409,1,P4,0.7,True,P4,0.9999999999996447,0.5142677426338196,6.238037586212158,,0.07122507122507123,1.0,older
141409|C00310,2,0.7281594966805268,141409,1,P1,1.0,True,P1,0.9999867467893481,11.21385383605957,6.58005428314209,IGHA,0.03,1.0,older
141409|C00311,2,0.7281594966805268,141409,1,P4,1.0,True,P4,1.0,-1.8612505197525024,6.978271484375,IGHA,0.04297994269340974,0.0,older
141409|C00312,2,0.7281594966805268,141409,1,P1,1.0,True,P1,0.9998757215110271,12.393528938293457,6.791224479675293,IGHM,0.06676469101265609,0.0,older
141409|C00313,2,0.7281594966805268,141409,1,P4,1.0,True,P4,1.0,-1.765839695930481,6.794085502624512,IGHM,0.07964601769911504,0.0,older
141409|C00314,2,0.7281594966805268,141409,1,P4,1.0,True,P4,1.0,-1.6039631366729736,6.709944248199463,IGHA,0.09014084507042254,0.0,older
141409|C00315,2,0.7281594966805268,141409,1,P4,0.56,True,P4,0.9999999986656007,1.154049277305603,5.67915678024292,IGHA,0.02799639059986661,0.5,older
141409|C00316,2,0.7281594966805268,141409,1,P1,1.0,True,P1,0.9999998415340469,13.369304656982422,6.739328861236572,IGHM,0.04607046070460705,1.0,older
141409|C00317,2,0.7281594966805268,141409,1,P1,1.0,True,P1,0.9995124884633023,12.65705680847168,5.968478679656982,IGHM,0.02253521126760563,0.5,older
141409|C00318,2,0.7281594966805268,141409,1,P4,1.0,True,P4,1.0,-2.1808674335479736,6.741874694824219,IGHG,0.05325443786982249,0.0,older
141409|C00319,2,0.7281594966805268,141409,1,P4,1.0,True,P4,1.0,-2.4488117694854736,5.494433403015137,,0.07184750733137829,1.0,older
141409|C00320,2,0.7281594966805268,141409,1,P4,1.0,True,P4,1.0,-1.629113793373108,6.035799026489258,IGHG,0.030470914127423823,0.0,older
141409|C00321,2,0.7281594966805268,141409,1,P1,0.98,True,P1,0.5139802907460275,11.536519050598145,5.512664794921875,IGHM,0.12263177070682536,0.0,older
141415|C00001,22,0.9647752376089425,141415,1,P4,1.0,True,P4,1.0,-2.6928517818450928,5.123343467712402,IGHG,0.06946877926015699,1.0,older
141415|C00002,17,0.955034944733696,141415,1,P4,1.0,True,P4,1.0,-2.9600610733032227,5.4547929763793945,IGHG,0.07440983930849089,1.0,older
141415|C00003,10,0.9265749701735014,141415,1,P4,1.0,True,P4,1.0,-1.4463369846343994,5.750080585479736,IGHG,0.0938511641803847,1.0,older
141415|C00004,8,0.9103224608769878,141415,1,P4,0.96,True,P4,1.0,-1.3480560779571533,5.7884626388549805,IGHG,0.101009745937572,0.875,older
141415|C00005,6,0.884755763798802,141415,1,P4,1.0,True,P4,1.0,-2.9522671699523926,5.474235534667969,IGHA,0.08634936689376871,1.0,older
141415|C00006,6,0.884755763798802,141415,1,P1,1.0,True,P1,0.9997612460177604,10.757664680480957,3.774949550628662,IGHM,0.002793296089385475,0.6666666666666666,older
141415|C00007,5,0.8655324330768077,141415,1,P4,0.22,True,P4,0.9986467994552856,1.0149922370910645,5.778798580169678,IGHM,0.06319921171487693,0.0,older
141415|C00008,5,0.8655324330768077,141415,1,P3,0.84,True,P3,0.999999999993122,12.536776542663574,12.416329383850098,IGHM,0.0,0.0,older
141415|C00009,4,0.8385084386853215,141415,1,P1,1.0,True,P1,0.999999135770413,13.47012710571289,4.894994735717773,IGHM,0.04941297208538588,0.0,older
141415|C00010,4,0.8385084386853215,141415,1,P4,1.0,True,P4,1.0,-2.9686009883880615,5.530158996582031,IGHG,0.0201949860724234,1.0,older
141415|C00011,4,0.8385084386853215,141415,1,P1,1.0,True,P1,0.9999997234358018,10.912019729614258,4.326171398162842,IGHM,0.009078212290502792,0.0,older
141415|C00012,4,0.8385084386853215,141415,1,P1,0.9,True,P1,0.9999969209435672,11.365439414978027,4.612171173095703,IGHM,0.06427258754343758,0.25,older
141415|C00013,4,0.8385084386853215,141415,1,P1,1.0,True,P1,0.9999993191980437,10.765742301940918,3.578688859939575,IGHM,0.03380281690140845,1.0,older
141415|C00014,4,0.8385084386853215,141415,1,P1,0.98,True,P1,0.9996475910541661,11.004056930541992,5.078457355499268,IGHM,0.023121387283236993,0.25,older
141415|C00015,3,0.7976260126230478,141415,1,P1,1.0,True,P1,0.9999813982446971,8.876655578613281,6.429062843322754,IGHA,0.06459622904566005,0.0,older
141415|C00016,3,0.7976260126230478,141415,1,P1,1.0,True,P1,0.9999777486638068,12.073387145996094,4.802914142608643,IGHM,0.014814814814814815,0.3333333333333333,older
141415|C00017,3,0.7976260126230478,141415,1,P1,1.0,True,P1,0.9986009369708259,10.744829177856445,3.6486473083496094,IGHM,0.014326647564469915,0.6666666666666666,older
141415|C00018,3,0.7976260126230478,141415,1,P2,0.36,True,P2,1.0,9.514727592468262,0.21209491789340973,IGHM,0.0029069767441860465,0.0,older
141415|C00019,3,0.7976260126230478,141415,1,P4,0.64,True,P4,1.0,0.3425707221031189,6.553675174713135,IGHG,0.09058921571653446,1.0,older
141415|C00020,3,0.7976260126230478,141415,1,P1,1.0,True,P1,0.9999953130768646,10.409235000610352,4.326992511749268,IGHM,0.03323836657169991,0.0,older
141415|C00021,3,0.7976260126230478,141415,1,P4,1.0,True,P4,1.0,-1.2955371141433716,5.232126235961914,IGHA,0.037142857142857144,0.0,older
141415|C00022,3,0.7976260126230478,141415,1,P4,0.88,True,P4,1.0,-1.1879853010177612,5.778176307678223,IGHG,0.08063735015688177,1.0,older
141415|C00023,3,0.7976260126230478,141415,1,P1,1.0,True,P1,0.9999993115199243,11.415266036987305,4.839013576507568,IGHM,0.025641025641025644,0.6666666666666666,older
141415|C00024,3,0.7976260126230478,141415,1,P1,1.0,True,P1,0.9999978305028151,10.784015655517578,4.393404483795166,IGHM,0.021189405297351322,0.3333333333333333,older
141415|C00025,3,0.7976260126230478,141415,1,P1,1.0,True,P1,0.99999995691394,10.457215309143066,6.015749931335449,IGHM,0.05211406096361848,0.0,older
141415|C00026,3,0.7976260126230478,141415,1,P1,1.0,True,P1,0.9999985980808951,11.237274169921875,4.719880104064941,IGHM,0.039077636785373175,0.6666666666666666,older
141415|C00027,3,0.7976260126230478,141415,1,P4,1.0,True,P4,1.0,-2.676328420639038,5.152093887329102,IGHG,0.13277623026926647,1.0,older
141415|C00028,3,0.7976260126230478,141415,1,P2,0.98,True,P2,0.9999999810019063,11.82095718383789,0.40611934661865234,IGHM,0.028818443804034578,0.3333333333333333,older
141415|C00029,3,0.7976260126230478,141415,1,P4,0.66,True,P4,1.0,0.303002268075943,6.515899658203125,IGHG,0.0583804143126177,1.0,older
141415|C00030,3,0.7976260126230478,141415,1,P4,0.54,True,P4,0.9999999999874092,1.1821980476379395,6.186882019042969,IGHM,0.08154305200341005,0.0,older
141415|C00031,3,0.7976260126230478,141415,1,P1,1.0,True,P1,0.9772978698510781,10.64742374420166,4.49325704574585,IGHM,0.020588235294117647,0.3333333333333333,older
141415|C00032,3,0.7976260126230478,141415,1,P3,1.0,True,P3,0.9999999999644018,13.777852058410645,13.23215389251709,IGHM,0.0,0.0,older
141415|C00033,3,0.7976260126230478,141415,1,P4,0.82,True,P4,1.0,-0.4723290801048279,5.330368995666504,IGHM,0.0426390178479315,0.3333333333333333,older
141415|C00034,3,0.7976260126230478,141415,1,P4,0.78,True,P4,1.0,0.12857523560523987,6.340381145477295,IGHG,0.05102952846343398,1.0,older
141415|C00035,3,0.7976260126230478,141415,1,P1,1.0,True,P1,0.9999988946682945,11.511456489562988,4.953136920928955,IGHM,0.02631593946863688,0.3333333333333333,older
141415|C00036,3,0.7976260126230478,141415,1,P1,1.0,True,P1,0.9999742988830369,10.703739166259766,4.362505912780762,IGHM,0.0507384403036577,0.3333333333333333,older
141415|C00037,3,0.7976260126230478,141415,1,P1,1.0,True,P1,0.9999793140042779,10.694597244262695,5.687127590179443,IGHM,0.05029269537744114,0.0,older
141415|C00038,3,0.7976260126230478,141415,1,P1,1.0,True,P1,0.9999994839762588,9.095230102539062,6.210845470428467,IGHM,0.017699115044247787,0.0,older
141415|C00039,3,0.7976260126230478,141415,1,P1,1.0,True,P1,0.9999887390347445,11.45030689239502,4.9566569328308105,IGHM,0.03816234014497164,0.3333333333333333,older
141415|C00040,3,0.7976260126230478,141415,1,P1,1.0,True,P1,0.9999999470716872,10.834195137023926,6.4143242835998535,IGHA,0.035316910723455906,0.0,older
141415|C00041,3,0.7976260126230478,141415,1,P1,1.0,True,P1,0.9999926879625771,11.432337760925293,4.755132675170898,IGHM,0.0453804223352114,0.0,older
141415|C00042,3,0.7976260126230478,141415,1,P1,1.0,True,P1,0.9999992146426238,11.095131874084473,5.410740375518799,IGHM,0.04411732797325684,0.0,older
141415|C00043,3,0.7976260126230478,141415,1,P1,1.0,True,P1,0.9999998584866987,11.173005104064941,5.387261390686035,IGHM,0.046105148359467475,0.3333333333333333,older
141415|C00044,3,0.7976260126230478,141415,1,P1,1.0,True,P1,0.9999696893762963,11.092857360839844,5.953500747680664,IGHM,0.03571428571428571,0.3333333333333333,older
141415|C00045,3,0.7976260126230478,141415,1,P1,1.0,True,P1,0.9990512738570549,10.753183364868164,4.721650123596191,IGHM,0.02113352545629203,0.0,older
141415|C00046,3,0.7976260126230478,141415,1,P1,1.0,True,P1,0.9999949134478687,10.863580703735352,4.782510757446289,IGHM,0.030881017257039057,0.0,older
141415|C00047,3,0.7976260126230478,141415,1,P1,1.0,True,P1,0.9999996054407699,10.782413482666016,4.819576740264893,IGHM,0.024437017585740434,0.3333333333333333,older
141415|C00048,3,0.7976260126230478,141415,1,P1,1.0,True,P1,0.9998541679743209,10.791036605834961,4.605528354644775,IGHM,0.018726591760299626,0.0,older
141415|C00049,3,0.7976260126230478,141415,1,P1,1.0,True,P1,0.9997404156110014,11.015388488769531,4.343499183654785,IGHM,0.014362342638204706,0.0,older
141415|C00050,3,0.7976260126230478,141415,1,P1,1.0,True,P1,0.913113616043958,10.790124893188477,3.625134229660034,IGHM,0.011363636363636362,0.6666666666666666,older
141415|C00051,3,0.7976260126230478,141415,1,P1,0.96,True,P1,0.999948307555694,10.754303932189941,5.613832950592041,IGHM,0.0,0.0,older
141415|C00052,2,0.7281594966805268,141415,1,P3,1.0,True,P3,0.99988951388256,13.659760475158691,11.861841201782227,,0.0,0.0,older
141415|C00053,2,0.7281594966805268,141415,1,P1,1.0,True,P1,0.9995022105537202,10.614985466003418,4.158278942108154,IGHM,0.05189640768588137,0.5,older
141415|C00054,2,0.7281594966805268,141415,1,P1,1.0,True,P1,0.9999847938889362,12.60525894165039,5.976745128631592,IGHM,0.01744186046511628,1.0,older
141415|C00055,2,0.7281594966805268,141415,1,P1,1.0,True,P1,0.9999886107939338,10.570525169372559,3.9666106700897217,IGHM,0.034482758620689655,0.0,older
141415|C00056,2,0.7281594966805268,141415,1,P1,1.0,True,P1,0.9999948307345246,10.624273300170898,5.799941062927246,IGHM,0.02112676056338028,0.0,older
141415|C00057,2,0.7281594966805268,141415,1,P4,1.0,True,P4,1.0,-2.7327728271484375,5.227802753448486,IGHG,0.05272727272727273,1.0,older
141415|C00058,2,0.7281594966805268,141415,1,P1,1.0,True,P1,0.9983800412664364,11.620919227600098,4.75740909576416,IGHM,0.014534883720930232,0.0,older
141415|C00059,2,0.7281594966805268,141415,1,P1,1.0,True,P1,0.9941894685663172,13.840669631958008,5.329946041107178,IGHM,0.05714285714285714,0.0,older
141415|C00060,2,0.7281594966805268,141415,1,P3,0.96,True,P3,0.6414015052076104,13.270360946655273,12.071475982666016,IGHM,0.0,0.0,older
141415|C00061,2,0.7281594966805268,141415,1,P1,1.0,True,P1,0.9998134236605417,11.707090377807617,5.759279251098633,IGHM,0.005649717514124294,0.5,older
141415|C00062,2,0.7281594966805268,141415,1,P1,1.0,True,P1,0.9999247702385722,10.55457592010498,4.473278045654297,IGHM,0.046511627906976744,0.0,older
141415|C00063,2,0.7281594966805268,141415,1,P3,0.84,True,P3,0.536461066345955,13.932439804077148,11.544012069702148,,0.0,0.0,older
141415|C00064,2,0.7281594966805268,141415,1,P4,0.0,True,P4,0.9897449132858023,10.111120223999023,1.841941237449646,IGHM,0.0,0.0,older
141415|C00065,2,0.7281594966805268,141415,1,P1,1.0,True,P1,0.9978646352948687,9.039205551147461,5.891665458679199,IGHM,0.09002603399155124,0.5,older
141415|C00066,2,0.7281594966805268,141415,1,P1,0.78,True,P1,0.7345468746743685,11.777949333190918,7.016496658325195,IGHM,0.022922636103151862,0.0,older
141415|C00067,2,0.7281594966805268,141415,1,P1,1.0,True,P1,0.8667495730708653,11.036707878112793,4.452866077423096,IGHM,0.013850415512465374,0.0,older
141415|C00068,2,0.7281594966805268,141415,1,P4,0.02,True,P4,0.999999999999929,10.413993835449219,2.3961246013641357,IGHM,0.06174461376773516,0.5,older
141415|C00069,2,0.7281594966805268,141415,1,P3,0.98,True,P3,0.9999739135341275,14.428629875183105,11.263076782226562,IGHM,0.0028653295128939827,0.0,older
141415|C00070,2,0.7281594966805268,141415,1,P1,1.0,True,P1,0.9999910185773927,10.854533195495605,5.708847999572754,IGHM,0.05457227138643068,0.5,older
141415|C00071,2,0.7281594966805268,141415,1,P1,1.0,True,P1,0.9996725707644709,11.123699188232422,5.796727657318115,IGHM,0.06552706552706553,0.0,older
141415|C00072,2,0.7281594966805268,141415,1,P1,1.0,True,P1,0.9999973794406802,11.294598579406738,5.667717456817627,IGHM,0.0028089887640449437,0.0,older
141415|C00073,2,0.7281594966805268,141415,1,P1,1.0,True,P1,0.9994311064893339,11.066311836242676,5.756060600280762,IGHM,0.043387463245121625,0.5,older
141415|C00074,2,0.7281594966805268,141415,1,P3,1.0,True,P3,0.978633783565845,13.447105407714844,11.918031692504883,IGHM,0.0,0.0,older
141415|C00075,2,0.7281594966805268,141415,1,P1,0.94,True,P1,0.8274831953543968,10.914352416992188,2.07846999168396,IGHM,0.04959415584415584,0.5,older
141415|C00076,2,0.7281594966805268,141415,1,P1,1.0,True,P1,0.9912135038626749,10.930196762084961,4.115599632263184,,0.05937932541706127,0.5,older
141415|C00077,2,0.7281594966805268,141415,1,P1,1.0,True,P1,0.9995809013756938,9.992721557617188,4.362395286560059,IGHM,0.08162945164598032,0.5,older
141415|C00078,2,0.7281594966805268,141415,1,P3,0.74,True,P3,0.9709597329802125,13.586881637573242,11.651008605957031,,0.0,0.0,older
141415|C00079,2,0.7281594966805268,141415,1,P1,1.0,True,P1,0.9999959218265413,9.533719062805176,4.962031364440918,IGHA,0.04606741573033708,0.0,older
141415|C00080,2,0.7281594966805268,141415,1,P3,0.88,True,P3,0.9953193589946943,12.998723983764648,12.451767921447754,,0.0,0.0,older
141415|C00081,2,0.7281594966805268,141415,1,P1,1.0,True,P1,0.9998745803323704,10.010452270507812,4.891844749450684,,0.0636932899502732,0.0,older
141415|C00082,2,0.7281594966805268,141415,1,P1,1.0,True,P1,0.9786821632769569,10.931800842285156,3.8623082637786865,IGHM,0.014164305949008499,0.5,older
141415|C00083,2,0.7281594966805268,141415,1,P1,1.0,True,P1,0.9999995504480965,8.788788795471191,6.219906806945801,IGHA,0.0978624774658769,0.5,older
141415|C00084,2,0.7281594966805268,141415,1,P1,1.0,True,P1,0.9905308992278826,10.265351295471191,4.201100826263428,IGHM,0.028901734104046242,0.0,older
141415|C00085,2,0.7281594966805268,141415,1,P1,1.0,True,P1,0.9998939090992557,13.345277786254883,4.862292766571045,IGHM,0.04886870355078447,0.0,older
141415|C00086,2,0.7281594966805268,141415,1,P1,1.0,True,P1,0.6009191435851994,10.213727951049805,4.04739236831665,IGHM,0.005865102639296188,0.0,older
141415|C00087,2,0.7281594966805268,141415,1,P1,1.0,True,P1,0.9999557678199515,11.04373836517334,4.761780261993408,IGHM,0.022123893805309734,0.0,older
141415|C00088,2,0.7281594966805268,141415,1,P1,1.0,True,P1,0.9393160432354464,10.71426773071289,4.615510940551758,IGHM,0.022598870056497175,0.0,older
141415|C00089,2,0.7281594966805268,141415,1,P1,1.0,True,P1,0.9999980782572342,9.82946491241455,5.297032356262207,IGHM,0.08905322936090862,0.5,older
141415|C00090,2,0.7281594966805268,141415,1,P3,0.5,True,P3,0.9955229511608289,14.033729553222656,11.145247459411621,,0.0,0.5,older
141415|C00091,2,0.7281594966805268,141415,1,P1,1.0,True,P1,0.9987025634978849,10.67447566986084,4.433223247528076,IGHM,0.06352134730389299,0.5,older
141415|C00092,2,0.7281594966805268,141415,1,P1,1.0,True,P1,0.9998264196524879,10.804791450500488,4.819121360778809,IGHM,0.056022408963585436,0.5,older
141415|C00093,2,0.7281594966805268,141415,1,P1,1.0,True,P1,0.9999996001207823,9.528694152832031,4.973711967468262,IGHM,0.08379560219890055,0.0,older
141415|C00094,2,0.7281594966805268,141415,1,P4,0.72,True,P4,0.9999999999997584,0.7470073699951172,6.533377170562744,IGHM,0.07826086956521738,0.5,older
141415|C00095,2,0.7281594966805268,141415,1,P3,1.0,True,P3,0.9999265108301226,15.016641616821289,11.975587844848633,IGHM,0.0,0.0,older
141415|C00096,2,0.7281594966805268,141415,1,P1,1.0,True,P1,0.9924446321092951,11.090065956115723,5.598021507263184,IGHM,0.01680672268907563,0.5,older
141415|C00097,2,0.7281594966805268,141415,1,P1,1.0,True,P1,0.9998326395066195,11.025471687316895,6.5846099853515625,IGHM,0.06609195402298851,0.0,older
141415|C00098,2,0.7281594966805268,141415,1,P1,1.0,True,P1,0.9994666273345554,11.948275566101074,4.819456100463867,IGHM,0.022611959409712216,0.5,older
141415|C00099,2,0.7281594966805268,141415,1,P1,1.0,True,P1,0.9950760743957001,10.300230026245117,4.101675987243652,IGHM,0.06293522995790496,0.5,older
141415|C00100,2,0.7281594966805268,141415,1,P1,1.0,True,P1,0.9999779614568668,13.634721755981445,5.033568859100342,,0.055882352941176466,0.0,older
141415|C00101,2,0.7281594966805268,141415,1,P2,0.36,True,P2,0.9999999999836504,9.557035446166992,0.2471085637807846,,0.0,0.0,older
141415|C00102,2,0.7281594966805268,141415,1,P1,1.0,True,P1,0.999617179529896,11.168328285217285,4.724125385284424,IGHM,0.007246376811594203,1.0,older
141415|C00103,2,0.7281594966805268,141415,1,P3,1.0,True,P3,0.9999997590636701,14.421881675720215,12.57497501373291,IGHM,0.0,0.0,older
141415|C00104,2,0.7281594966805268,141415,1,P1,1.0,True,P1,0.9833346593436134,10.764832496643066,4.294915199279785,IGHM,0.029239766081871343,0.0,older
141415|C00105,2,0.7281594966805268,141415,1,P1,1.0,True,P1,0.9988285602300672,10.770364761352539,5.262606620788574,IGHM,0.045814351294269605,0.0,older
141415|C00106,2,0.7281594966805268,141415,1,P4,0.66,True,P4,1.0,0.5351523160934448,5.327522277832031,IGHM,0.07507082152974504,0.5,older
141415|C00107,2,0.7281594966805268,141415,1,P1,1.0,True,P1,0.9999998311824214,12.437087059020996,6.013883113861084,IGHM,0.043296089385474856,0.5,older
141415|C00108,2,0.7281594966805268,141415,1,P1,1.0,True,P1,0.9999868646147221,10.733306884765625,4.405291557312012,IGHM,0.06154828568621672,0.0,older
141415|C00109,2,0.7281594966805268,141415,1,P1,1.0,True,P1,0.9999980720441468,11.187469482421875,5.266321659088135,IGHM,0.027021011396011395,1.0,older
141415|C00110,2,0.7281594966805268,141415,1,P1,1.0,True,P1,0.9999830868797052,12.629283905029297,6.025527000427246,,0.045845272206303724,0.0,older
141415|C00111,2,0.7281594966805268,141415,1,P1,1.0,True,P1,0.9999999356550708,11.161890029907227,6.1788482666015625,IGHM,0.03468208092485549,0.0,older
141415|C00112,2,0.7281594966805268,141415,1,P3,0.98,True,P3,0.9958472160810399,14.325075149536133,11.32675838470459,,0.0,0.0,older
141415|C00113,2,0.7281594966805268,141415,1,P4,0.84,True,P4,1.0,0.1880430281162262,6.453221797943115,IGHG,0.07593123209169055,1.0,older
141415|C00114,2,0.7281594966805268,141415,1,P1,1.0,True,P1,0.9998006420686203,12.932838439941406,6.235111713409424,,0.00273224043715847,0.0,older
141415|C00115,2,0.7281594966805268,141415,1,P1,1.0,True,P1,0.9999892699510006,10.320878982543945,6.367127418518066,,0.04677141040777405,0.0,older
141415|C00116,2,0.7281594966805268,141415,1,P1,1.0,True,P1,0.9999780685498297,11.673796653747559,4.897764682769775,IGHM,0.059322033898305086,1.0,older
141415|C00117,2,0.7281594966805268,141415,1,P1,1.0,True,P1,0.9975598340757458,10.318634033203125,4.205122470855713,IGHM,0.039660056657223795,0.5,older
141415|C00118,2,0.7281594966805268,141415,1,P3,0.64,True,P3,0.8720130498421317,13.650947570800781,11.865948677062988,IGHM,0.0,0.0,older
141415|C00119,2,0.7281594966805268,141415,1,P3,1.0,True,P3,0.9999439440881127,13.787642478942871,12.734060287475586,IGHM,0.0,0.0,older
141415|C00120,2,0.7281594966805268,141415,1,P1,1.0,True,P1,0.999884645170229,11.118244171142578,5.384903907775879,IGHM,0.08188963811195787,0.5,older
141415|C00121,2,0.7281594966805268,141415,1,P3,1.0,True,P3,0.9999992360396921,13.907654762268066,12.786123275756836,IGHM,0.0,0.0,older
141415|C00122,2,0.7281594966805268,141415,1,P1,1.0,True,P1,0.9947472103115044,10.974729537963867,4.633179187774658,IGHM,0.022338935574229692,0.5,older
141415|C00123,2,0.7281594966805268,141415,1,P1,1.0,True,P1,0.9993020423748219,11.399569511413574,4.704529285430908,IGHM,0.020107238605898123,0.5,older
141415|C00124,2,0.7281594966805268,141415,1,P3,1.0,True,P3,0.9999987659741205,14.653413772583008,12.492646217346191,,0.0,0.0,older
141415|C00125,2,0.7281594966805268,141415,1,P1,1.0,True,P1,0.9998624886415177,12.432418823242188,5.778110027313232,IGHM,0.04227405247813411,0.5,older
141415|C00126,2,0.7281594966805268,141415,1,P1,1.0,True,P1,0.9721882108541328,10.726573944091797,3.5908215045928955,IGHM,0.03043478260869565,1.0,older
141415|C00127,2,0.7281594966805268,141415,1,P1,1.0,True,P1,0.9999994350139791,9.043791770935059,6.36933708190918,IGHA,0.03405962842582561,0.5,older
141415|C00128,2,0.7281594966805268,141415,1,P1,1.0,True,P1,0.9999177259458318,11.306074142456055,5.866277694702148,IGHM,0.022792022792022793,0.0,older
141415|C00129,2,0.7281594966805268,141415,1,P1,1.0,True,P1,0.999660507564426,10.842306137084961,4.544532775878906,IGHM,0.037037037037037035,0.0,older
141415|C00130,2,0.7281594966805268,141415,1,P1,1.0,True,P1,0.9999467575135252,11.095512390136719,4.125460624694824,IGHM,0.049562682215743434,1.0,older
141415|C00131,2,0.7281594966805268,141415,1,P1,1.0,True,P1,0.9999987745876074,8.883672714233398,6.355187892913818,IGHA,0.05580843225542366,0.0,older
141415|C00132,2,0.7281594966805268,141415,1,P1,0.96,True,P1,0.9946692530633796,10.501471519470215,5.818569183349609,IGHM,0.02586206896551724,0.0,older
141415|C00133,2,0.7281594966805268,141415,1,P3,0.76,True,P3,0.99905944396712,12.540650367736816,12.433253288269043,IGHM,0.0,0.0,older
141415|C00134,2,0.7281594966805268,141415,1,P1,0.84,True,P1,0.9985102700547032,10.84188175201416,10.061735153198242,IGHM,0.0,0.0,older
141415|C00135,2,0.7281594966805268,141415,1,P2,0.92,True,P2,0.999999959321287,11.505609512329102,0.4551381766796112,IGHM,0.02346041055718475,0.0,older
141415|C00136,2,0.7281594966805268,141415,1,P1,0.82,True,P1,0.8132071619015246,11.65335464477539,6.942282676696777,IGHM,0.04310344827586207,0.0,older
141415|C00137,2,0.7281594966805268,141415,1,P1,1.0,True,P1,0.9999316924492233,13.74826431274414,5.101352214813232,IGHM,0.040178571428571425,1.0,older
141415|C00138,2,0.7281594966805268,141415,1,P4,1.0,True,P4,1.0,10.390214920043945,2.3658459186553955,,0.0,0.0,older
141415|C00139,2,0.7281594966805268,141415,1,P3,1.0,True,P3,0.9999999794214036,14.608732223510742,12.572419166564941,IGHD,0.0027397260273972603,1.0,older
141415|C00140,2,0.7281594966805268,141415,1,P1,1.0,True,P1,0.9999447141590686,9.010054588317871,5.599567413330078,IGHG,0.09175179223234683,0.5,older
141415|C00141,2,0.7281594966805268,141415,1,P4,1.0,True,P4,1.0,-1.1889456510543823,6.031917095184326,IGHD,0.07670454545454546,0.0,older
141415|C00142,2,0.7281594966805268,141415,1,P3,1.0,True,P3,0.9810662712319353,13.785988807678223,12.947132110595703,IGHM,0.0,0.0,older
141415|C00143,2,0.7281594966805268,141415,1,P1,1.0,True,P1,0.9999911950429914,12.438352584838867,6.101168155670166,IGHM,0.05309734513274336,0.0,older
141415|C00144,2,0.7281594966805268,141415,1,P1,1.0,True,P1,0.9990941297158027,10.624143600463867,4.513882160186768,IGHM,0.027472527472527472,0.5,older
141415|C00145,2,0.7281594966805268,141415,1,P1,0.98,True,P1,0.8172610313319224,10.675774574279785,4.531310081481934,IGHM,0.045714285714285714,0.0,older
141415|C00146,2,0.7281594966805268,141415,1,P3,1.0,True,P3,0.9985037911441763,12.787078857421875,12.380020141601562,,0.005479452054794521,0.0,older
141415|C00147,2,0.7281594966805268,141415,1,P3,1.0,True,P3,0.999049229707795,13.365192413330078,12.041773796081543,,0.0,0.0,older
141415|C00148,2,0.7281594966805268,141415,1,P4,0.9,True,P4,1.0,0.08717149496078491,6.427633762359619,IGHG,0.05081805449452508,1.0,older
141415|C00149,2,0.7281594966805268,141415,1,P3,1.0,True,P3,0.9999164802538011,14.686956405639648,11.457273483276367,IGHM,0.0,0.0,older
141415|C00150,2,0.7281594966805268,141415,1,P3,1.0,True,P3,0.9999999880892716,15.190084457397461,11.464920997619629,IGHM,0.0,0.0,older
141415|C00151,2,0.7281594966805268,141415,1,P3,1.0,True,P3,0.9999995492448498,13.934927940368652,11.750633239746094,,0.0,0.0,older
141415|C00152,2,0.7281594966805268,141415,1,P4,0.62,True,P4,1.0,0.43777748942375183,6.605700492858887,IGHG,0.1092436974789916,0.5,older
141415|C00153,2,0.7281594966805268,141415,1,P3,1.0,True,P3,0.9999999806439208,15.052460670471191,11.769209861755371,IGHM,0.0,0.0,older
141415|C00154,2,0.7281594966805268,141415,1,P1,1.0,True,P1,0.9946524409699262,13.841561317443848,5.261008262634277,,0.01002865329512894,1.0,older
141415|C00155,2,0.7281594966805268,141415,1,P1,1.0,True,P1,0.9839669069144058,10.736992835998535,4.727015018463135,,0.011461318051575931,0.0,older
141415|C00156,2,0.7281594966805268,141415,1,P1,1.0,True,P1,0.9877368960419973,10.95317268371582,4.3725810050964355,IGHM,0.01729106628242075,0.5,older
141415|C00157,2,0.7281594966805268,141415,1,P3,1.0,True,P3,0.9998534518515224,12.889826774597168,12.218445777893066,IGHM,0.0,0.0,older
141415|C00158,2,0.7281594966805268,141415,1,P1,1.0,True,P1,0.9979082964871507,10.741015434265137,4.052022933959961,IGHM,0.0058997050147492625,0.5,older
141415|C00159,2,0.7281594966805268,141415,1,P3,0.62,True,P3,0.6772919704303596,12.400776863098145,12.362586975097656,IGHM,0.0,1.0,older
141415|C00160,2,0.7281594966805268,141415,1,P1,1.0,True,P1,0.999990724605127,10.644289016723633,4.275872707366943,IGHM,0.04714285714285714,0.5,older
141415|C00161,2,0.7281594966805268,141415,1,P1,0.84,True,P1,0.9999600790908131,12.523741722106934,6.651723384857178,IGHM,0.008797653958944282,1.0,older
141415|C00162,2,0.7281594966805268,141415,1,P2,0.36,True,P2,0.9998401421992674,10.006794929504395,0.5083744525909424,IGHM,0.0,0.5,older
141415|C00163,2,0.7281594966805268,141415,1,P1,1.0,True,P1,0.99921653355187,10.905637741088867,4.231438159942627,,0.05429432076996547,0.0,older
141415|C00164,2,0.7281594966805268,141415,1,P1,1.0,True,P1,0.9993206348479815,13.583189964294434,4.861947536468506,IGHM,0.047058823529411764,0.0,older
141415|C00165,2,0.7281594966805268,141415,1,P1,1.0,True,P1,0.9996599978868822,11.082950592041016,6.23625373840332,IGHM,0.0449438202247191,0.0,older
141415|C00166,2,0.7281594966805268,141415,1,P1,1.0,True,P1,0.9998469391940983,13.587886810302734,4.899261474609375,IGHM,0.042982066103453384,1.0,older
141415|C00167,2,0.7281594966805268,141415,1,P1,1.0,True,P1,0.9989614306230934,11.345990180969238,4.7161173820495605,IGHM,0.025297619047619048,0.5,older
141415|C00168,2,0.7281594966805268,141415,1,P1,1.0,True,P1,0.9990281903137024,10.620323181152344,5.579111576080322,IGHM,0.023529411764705882,0.0,older
141415|C00169,2,0.7281594966805268,141415,1,P1,1.0,True,P1,0.9998135963010961,11.128996849060059,4.4304986000061035,IGHM,0.06286549707602339,1.0,older
141415|C00170,2,0.7281594966805268,141415,1,P1,1.0,True,P1,0.9963234737288162,11.372513771057129,5.046990871429443,IGHM,0.049132947976878616,0.0,older
141415|C00171,2,0.7281594966805268,141415,1,P1,1.0,True,P1,0.9993442151192187,10.931574821472168,4.329234600067139,IGHM,0.034818941504178275,0.0,older
141415|C00172,2,0.7281594966805268,141415,1,P1,1.0,True,P1,0.9999983454705204,9.717588424682617,5.090869903564453,,0.08511460211176924,0.5,older
141415|C00173,2,0.7281594966805268,141415,1,P1,1.0,True,P1,0.999989694757439,11.801864624023438,6.859494686126709,,0.002793296089385475,0.0,older
141415|C00174,2,0.7281594966805268,141415,1,P1,1.0,True,P1,0.9999999997681357,13.90091609954834,5.08171272277832,IGHM,0.0273972602739726,0.0,older
141415|C00175,2,0.7281594966805268,141415,1,P3,1.0,True,P3,0.9999898462995055,13.9030179977417,12.632949829101562,IGHD,0.0,1.0,older
141415|C00176,2,0.7281594966805268,141415,1,P3,1.0,True,P3,0.9916003545830377,14.434035301208496,11.616207122802734,IGHM,0.0,0.5,older
141415|C00177,2,0.7281594966805268,141415,1,P3,1.0,True,P3,0.9999958939607466,15.09358024597168,11.951374053955078,,0.0,0.5,older
141415|C00178,2,0.7281594966805268,141415,1,P3,1.0,True,P3,0.9999320930982478,14.048787117004395,11.822850227355957,IGHM,0.0,0.0,older
141415|C00179,2,0.7281594966805268,141415,1,P3,0.74,True,P3,0.9872181117016241,13.893302917480469,11.079538345336914,IGHM,0.0028328611898017,0.0,older
141415|C00180,2,0.7281594966805268,141415,1,P3,0.84,True,P3,0.9722371712282553,13.422930717468262,12.00175666809082,IGHM,0.0,0.0,older
141415|C00181,2,0.7281594966805268,141415,1,P1,1.0,True,P1,0.9886767393042064,10.76744270324707,4.821061611175537,IGHM,0.0371900826446281,0.0,older
141415|C00182,2,0.7281594966805268,141415,1,P1,1.0,True,P1,0.9875299285882666,14.27320671081543,11.15040397644043,IGHM,0.0,0.0,older
141415|C00183,2,0.7281594966805268,141415,1,P1,1.0,True,P1,0.9999978176682528,9.485249519348145,5.021751880645752,IGHM,0.040697674418604654,0.0,older
141415|C00184,2,0.7281594966805268,141415,1,P1,0.5,True,P1,0.6669300976074198,12.083240509033203,8.25307846069336,IGHM,0.008522727272727272,0.0,older
141415|C00185,2,0.7281594966805268,141415,1,P1,1.0,True,P1,0.999988785227575,10.82806396484375,5.389587879180908,IGHM,0.0,0.5,older
141415|C00186,2,0.7281594966805268,141415,1,P2,1.0,True,P2,0.9999659009013798,13.0474271774292,1.279115915298462,IGHM,0.060906515580736544,0.0,older
141415|C00187,2,0.7281594966805268,141415,1,P4,1.0,True,P4,1.0,-2.6525962352752686,5.1696085929870605,IGHG,0.0706371191135734,1.0,older
141415|C00188,2,0.7281594966805268,141415,1,P1,1.0,True,P1,0.9820087554429089,10.158267974853516,4.119448661804199,IGHM,0.04046242774566474,0.0,older
141415|C00189,2,0.7281594966805268,141415,1,P1,1.0,True,P1,0.9963126006258612,13.365917205810547,4.871693134307861,IGHM,0.05322128851540617,0.0,older
141415|C00190,2,0.7281594966805268,141415,1,P3,0.92,True,P3,0.9611350223133868,13.803582191467285,11.589712142944336,,0.0,0.0,older
141415|C00191,2,0.7281594966805268,141415,1,P1,1.0,True,P1,0.9999999984285495,8.680908203125,5.813916206359863,IGHA,0.16292134831460675,1.0,older
141415|C00192,2,0.7281594966805268,141415,1,P1,1.0,True,P1,0.9991768306760542,10.150909423828125,4.186820983886719,IGHM,0.07517946819469482,0.0,older
141415|C00193,2,0.7281594966805268,141415,1,P1,1.0,True,P1,0.9993625998541062,10.667827606201172,4.689785957336426,IGHM,0.020172910662824207,0.0,older
141415|C00194,2,0.7281594966805268,141415,1,P1,1.0,True,P1,0.9994175614459155,11.479095458984375,4.763735294342041,IGHM,0.014164305949008499,0.0,older
141415|C00195,2,0.7281594966805268,141415,1,P1,1.0,True,P1,0.9968544468905067,11.292317390441895,4.4954633712768555,IGHM,0.00872093023255814,1.0,older
141415|C00196,2,0.7281594966805268,141415,1,P2,0.68,True,P2,0.9988760751973143,11.593378067016602,5.474164962768555,,0.0,0.0,older
141415|C00197,2,0.7281594966805268,141415,1,P1,1.0,True,P1,0.9895535512609098,10.659533500671387,4.494582176208496,IGHM,0.012893982808022923,0.5,older
141415|C00198,2,0.7281594966805268,141415,1,P1,1.0,True,P1,0.9999992289844629,8.80031681060791,6.097048759460449,IGHM,0.033236994219653176,0.5,older
141415|C00199,2,0.7281594966805268,141415,1,P2,0.88,True,P2,0.9999909600686763,12.547205924987793,1.3301464319229126,IGHM,0.041193181818181816,0.0,older
141415|C00200,2,0.7281594966805268,141415,1,P1,1.0,True,P1,0.9999097943514319,8.769437789916992,5.667939186096191,IGHM,0.06043278069463537,0.5,older
141415|C00201,2,0.7281594966805268,141415,1,P1,1.0,True,P1,0.9999998061257332,9.096644401550293,5.620680809020996,IGHA,0.07365439093484419,0.0,older
141415|C00202,2,0.7281594966805268,141415,1,P4,1.0,True,P4,1.0,-3.036115884780884,5.761453628540039,IGHG,0.03581267217630854,1.0,older
141415|C00203,2,0.7281594966805268,141415,1,P1,1.0,True,P1,0.9987439873118423,13.552155494689941,4.852252960205078,IGHM,0.033625730994152045,0.5,older
141415|C00204,2,0.7281594966805268,141415,1,P1,1.0,True,P1,0.999998682071636,9.393424987792969,5.6521100997924805,,0.04655924707003618,0.5,older
141415|C00205,2,0.7281594966805268,141415,1,P1,1.0,True,P1,0.6861468226789296,10.7000732421875,3.650947093963623,IGHM,0.0,1.0,older
141415|C00206,2,0.7281594966805268,141415,1,P1,1.0,True,P1,0.9999660097220413,11.098557472229004,4.261081695556641,,0.032670454545454544,0.0,older
141415|C00207,2,0.7281594966805268,141415,1,P1,1.0,True,P1,0.998869381918982,10.323956489562988,4.215522289276123,IGHM,0.06,0.5,older
141415|C00208,2,0.7281594966805268,141415,1,P1,1.0,True,P1,0.99376429467887,10.169472694396973,4.105480194091797,IGHM,0.008547286054043524,0.5,older
141415|C00209,2,0.7281594966805268,141415,1,P1,1.0,True,P1,0.9999975944038171,12.59201431274414,5.888112545013428,IGHM,0.036619718309859155,0.0,older
141415|C00210,2,0.7281594966805268,141415,1,P2,1.0,True,P2,0.9999999773693846,11.479378700256348,-0.08196676522493362,,0.004155124653739612,0.5,older
141415|C00211,2,0.7281594966805268,141415,1,P1,0.94,True,P1,0.9681477852844865,10.169427871704102,4.0553693771362305,IGHM,0.029850746268656716,0.0,older
141415|C00212,2,0.7281594966805268,141415,1,P1,1.0,True,P1,0.9785801585636239,11.063183784484863,4.356166839599609,IGHM,0.01912568306010929,0.0,older
141415|C00213,2,0.7281594966805268,141415,1,P1,1.0,True,P1,0.9999977438524481,10.511676788330078,6.242452621459961,IGHA,0.05459770114942529,0.0,older
141415|C00214,2,0.7281594966805268,141415,1,P1,1.0,True,P1,0.9999740316064029,9.585055351257324,5.079786777496338,,0.0383528900478053,0.5,older
141415|C00215,2,0.7281594966805268,141415,1,P1,1.0,True,P1,0.999942949158671,12.484722137451172,6.0159687995910645,IGHM,0.037070707890614216,0.0,older
141415|C00216,2,0.7281594966805268,141415,1,P1,1.0,True,P1,0.9999815399930013,9.145833015441895,5.571719169616699,IGHM,0.0,0.0,older
141415|C00217,2,0.7281594966805268,141415,1,P4,1.0,True,P4,1.0,-0.6312270760536194,5.160305500030518,IGHG,0.08649626517273576,1.0,older
141415|C00218,2,0.7281594966805268,141415,1,P1,1.0,True,P1,0.9995705215819073,10.140472412109375,4.148059368133545,IGHM,0.029069767441860468,0.0,older
141415|C00219,2,0.7281594966805268,141415,1,P1,1.0,True,P1,0.9999859487895967,10.585404396057129,5.58956241607666,IGHM,0.03561253561253561,0.0,older
141415|C00220,2,0.7281594966805268,141415,1,P1,1.0,True,P1,0.9977787372549461,10.918578147888184,4.2546467781066895,IGHM,0.011594202898550725,0.5,older
141415|C00221,2,0.7281594966805268,141415,1,P3,0.88,True,P3,0.7128255642028338,12.463456153869629,12.488277435302734,IGHM,0.0,0.0,older
141415|C00222,2,0.7281594966805268,141415,1,P1,1.0,True,P1,0.9992817070964676,10.538389205932617,5.756612300872803,IGHM,0.0273224043715847,0.0,older
141415|C00223,2,0.7281594966805268,141415,1,P4,1.0,True,P4,1.0,10.37790298461914,2.1984007358551025,IGHM,0.0,0.0,older
141415|C00224,2,0.7281594966805268,141415,1,P3,1.0,True,P3,0.9999999890239621,14.12791633605957,12.510429382324219,IGHM,0.0,0.0,older
141415|C00225,2,0.7281594966805268,141415,1,P1,1.0,True,P1,0.9902436696853215,11.053130149841309,4.514710426330566,IGHM,0.02675347759500401,0.0,older
141415|C00226,2,0.7281594966805268,141415,1,P1,1.0,True,P1,0.7915241218654074,10.731133460998535,3.597343683242798,IGHM,0.033707865168539325,1.0,older
141415|C00227,2,0.7281594966805268,141415,1,P1,1.0,True,P1,0.9999558684796708,11.206690788269043,5.398174285888672,IGHM,0.044444444444444446,0.5,older
141415|C00228,2,0.7281594966805268,141415,1,P1,1.0,True,P1,0.9984958821811342,11.823286056518555,6.218227863311768,IGHM,0.02094972067039106,0.5,older
141415|C00229,2,0.7281594966805268,141415,1,P4,1.0,True,P4,1.0,-1.847673773765564,6.9471917152404785,IGHM,0.03216374269005848,0.0,older
141415|C00230,2,0.7281594966805268,141415,1,P1,1.0,True,P1,0.9879665369454523,11.402352333068848,4.621758460998535,IGHM,0.0496141030871753,0.5,older
141415|C00231,2,0.7281594966805268,141415,1,P3,1.0,True,P3,0.9995764671610998,13.493168830871582,11.965862274169922,IGHM,0.0,0.0,older
141415|C00232,2,0.7281594966805268,141415,1,P4,1.0,True,P4,1.0,-2.3461825847625732,5.129842281341553,IGHA,0.06216573444324816,1.0,older
141415|C00233,2,0.7281594966805268,141415,1,P4,1.0,True,P4,1.0,-2.836899518966675,5.781859397888184,IGHA,0.06705539358600583,0.5,older
141415|C00234,2,0.7281594966805268,141415,1,P1,1.0,True,P1,0.9999956569416022,9.562848091125488,4.932351589202881,IGHM,0.02066115702479339,0.5,older
141415|C00235,2,0.7281594966805268,141415,1,P1,1.0,True,P1,0.9974757479722031,10.706315994262695,4.741515636444092,IGHM,0.03581661891117478,0.0,older
141415|C00236,2,0.7281594966805268,141415,1,P4,0.72,True,P4,1.0,0.4483850300312042,6.615706443786621,IGHA,0.07725885743346331,0.0,older
141415|C00237,2,0.7281594966805268,141415,1,P1,1.0,True,P1,0.9992379025787962,10.623244285583496,6.569159030914307,IGHG,0.042134831460674156,0.0,older
141415|C00238,2,0.7281594966805268,141415,1,P1,1.0,True,P1,0.9582612660578792,9.95818042755127,4.345583915710449,IGHM,0.04011461318051576,0.0,older
141415|C00239,2,0.7281594966805268,141415,1,P1,1.0,True,P1,0.9964125666848577,10.156335830688477,4.196676254272461,IGHM,0.06676136363636363,0.0,older
141415|C00240,2,0.7281594966805268,141415,1,P1,1.0,True,P1,0.9986643577299469,12.453994750976562,6.560616970062256,IGHM,0.00980392156862745,0.0,older
141415|C00241,2,0.7281594966805268,141415,1,P1,1.0,True,P1,0.9999959809451628,10.408617973327637,6.225175380706787,IGHM,0.05234791376578479,0.5,older
141415|C00242,2,0.7281594966805268,141415,1,P1,1.0,True,P1,0.9999997664569225,9.572610855102539,5.019444465637207,IGHM,0.05099150141643059,0.5,older
141415|C00243,2,0.7281594966805268,141415,1,P1,1.0,True,P1,0.9106268815074455,8.692230224609375,6.2396135330200195,IGHA,0.08862799263351749,0.5,older
141415|C00244,2,0.7281594966805268,141415,1,P1,1.0,True,P1,0.9187422388713797,11.168828010559082,5.526103973388672,IGHM,0.004261363636363636,0.5,older
141415|C00245,2,0.7281594966805268,141415,1,P3,1.0,True,P3,0.999999999970143,15.188179969787598,11.911582946777344,IGHM,0.0,1.0,older
141415|C00246,2,0.7281594966805268,141415,1,P3,1.0,True,P3,0.9968937738142221,13.580571174621582,11.921032905578613,IGHM,0.0,0.0,older
141415|C00247,2,0.7281594966805268,141415,1,P1,1.0,True,P1,0.9996498378843144,11.149153709411621,4.550326824188232,IGHM,0.007894736842105263,0.0,older
141415|C00248,2,0.7281594966805268,141415,1,P3,0.62,True,P3,0.9734161554601367,14.027987480163574,10.699316024780273,IGHM,0.0,0.0,older
141415|C00249,2,0.7281594966805268,141415,1,P4,0.68,True,P4,0.9999999999985789,1.1125961542129517,5.69331169128418,IGHM,0.06437125748502995,0.5,older
141415|C00250,2,0.7281594966805268,141415,1,P3,1.0,True,P3,0.999984125679338,13.865743637084961,12.975552558898926,,0.0,0.0,older
141415|C00251,2,0.7281594966805268,141415,1,P1,1.0,True,P1,0.999857501873219,11.423676490783691,5.460204601287842,IGHM,0.0409781707654048,0.0,older
141415|C00252,2,0.7281594966805268,141415,1,P1,1.0,True,P1,0.9952175132139284,8.832598686218262,5.615511894226074,,0.08238702856266596,0.0,older
141415|C00253,2,0.7281594966805268,141415,1,P1,1.0,True,P1,0.9704791407019925,11.367156982421875,5.321178436279297,IGHM,0.015492957746478873,0.5,older
141415|C00254,2,0.7281594966805268,141415,1,P3,1.0,True,P3,0.9999999999293294,14.429862976074219,12.76902961730957,IGHM,0.0,0.0,older
141415|C00255,2,0.7281594966805268,141415,1,P1,1.0,True,P1,0.9998096852088282,10.91465950012207,5.838350296020508,IGHM,0.052916707368695255,0.0,older
141415|C00256,2,0.7281594966805268,141415,1,P3,0.92,True,P3,0.9659666882236349,14.783506393432617,11.298245429992676,IGHM,0.0,1.0,older
141415|C00257,2,0.7281594966805268,141415,1,P1,1.0,True,P1,0.9008212343089514,10.629676818847656,3.863614082336426,IGHM,0.014245014245014245,0.5,older
141415|C00258,2,0.7281594966805268,141415,1,P1,1.0,True,P1,0.9987552211716492,10.757916450500488,3.7385079860687256,IGHM,0.03491620111731844,0.5,older
141415|C00259,2,0.7281594966805268,141415,1,P1,1.0,True,P1,0.9998898720965578,10.836772918701172,4.575572967529297,IGHM,0.03943693264774964,0.5,older
141415|C00260,2,0.7281594966805268,141415,1,P1,1.0,True,P1,0.9988177124268144,10.775561332702637,3.6070094108581543,IGHM,0.014285714285714285,0.0,older
141415|C00261,2,0.7281594966805268,141415,1,P1,1.0,True,P1,0.9981409443807677,10.878083229064941,4.088558673858643,IGHM,0.02865329512893983,0.5,older
141415|C00262,2,0.7281594966805268,141415,1,P1,1.0,True,P1,0.9999422211364494,11.314245223999023,4.835128307342529,IGHM,0.03133903133903134,0.0,older
141415|C00263,2,0.7281594966805268,141415,1,P1,1.0,True,P1,0.936803959419061,10.794968605041504,3.593670606613159,IGHM,0.005641849953846643,0.5,older
141415|C00264,2,0.7281594966805268,141415,1,P1,1.0,True,P1,0.9997071371663115,10.792600631713867,4.907068252563477,IGHM,0.04906037898701401,0.0,older
141415|C00265,2,0.7281594966805268,141415,1,P1,1.0,True,P1,0.99827528194187,10.80648422241211,3.9096455574035645,IGHM,0.005633802816901409,0.0,older
141415|C00266,2,0.7281594966805268,141415,1,P1,1.0,True,P1,0.9988604701481231,11.51269245147705,4.96926736831665,IGHM,0.0057306590257879654,0.0,older
141415|C00267,2,0.7281594966805268,141415,1,P1,1.0,True,P1,0.9999099001656077,12.14765739440918,4.856515884399414,IGHM,0.06034482758620689,0.5,older
141415|C00268,2,0.7281594966805268,141415,1,P3,1.0,True,P3,0.9999996015464289,13.771164894104004,11.876495361328125,IGHM,0.0,0.0,older
141415|C00269,2,0.7281594966805268,141415,1,P1,1.0,True,P1,0.9999839984084827,12.206995964050293,6.074813365936279,IGHM,0.05878135550150652,0.0,older
141415|C00270,2,0.7281594966805268,141415,1,P1,1.0,True,P1,0.9987906247288286,11.883148193359375,6.66951847076416,IGHM,0.00558659217877095,0.0,older
141415|C00271,2,0.7281594966805268,141415,1,P1,1.0,True,P1,0.9769568762024172,10.885058403015137,4.2199811935424805,IGHM,0.005747126436781609,0.5,older
141415|C00272,2,0.7281594966805268,141415,1,P1,0.98,True,P1,0.8303802412900279,11.547306060791016,5.601024150848389,IGHM,0.0028328611898017,0.0,older
141415|C00273,2,0.7281594966805268,141415,1,P1,1.0,True,P1,0.9881822112446252,10.216066360473633,4.1624531745910645,IGHM,0.03225806451612903,1.0,older
141415|C00274,2,0.7281594966805268,141415,1,P1,1.0,True,P1,0.5867592241398673,12.069001197814941,4.641317367553711,IGHM,0.005434782608695652,1.0,older
