clone_id,n_cells,reliability,donor,n_contexts,clone_programme,confidence,core,clone_programme_assigned,assignment_posterior,x,y,cell_state:GC,cell_state:PB,cell_state:Memory,mutation_frequency,isotype
D10_Hashtag1|C00001,3,0.8095100617261608,D10_Hashtag1,1,P2,0.82,True,P2,0.9998043559355638,7.335134029388428,5.206142425537109,0.0,1.0,0.0,0.0,IGHG
D10_Hashtag1|C00002,3,0.8095100617261608,D10_Hashtag1,1,P3,0.94,True,P3,1.0,-0.6850674152374268,3.75895619392395,0.0,0.0,0.0,0.0,IGHM
D10_Hashtag1|C00003,2,0.7406747474163846,D10_Hashtag1,1,P2,0.98,True,P2,1.0,9.55943489074707,5.590869426727295,0.0,1.0,0.0,0.0,IGHG
D10_Hashtag1|C00004,2,0.7406747474163846,D10_Hashtag1,1,P2,1.0,True,P2,1.0,10.14737606048584,3.620996236801148,0.0,1.0,0.0,0.0,IGHG
D10_Hashtag1|C00005,2,0.7406747474163846,D10_Hashtag1,1,P2,1.0,True,P2,0.9999998381396142,11.91945743560791,4.472552299499512,0.0,1.0,0.0,0.0,IGHG
D10_Hashtag1|C00006,2,0.7406747474163846,D10_Hashtag1,1,P2,1.0,True,P2,0.9999999999992824,11.617244720458984,4.6143059730529785,0.0,1.0,0.0,0.0,IGHG
D10_Hashtag1|C00007,2,0.7406747474163846,D10_Hashtag1,1,P2,1.0,True,P2,1.0,10.002922058105469,4.502456188201904,0.0,1.0,0.0,0.0,IGHG
D10_Hashtag1|C00008,2,0.7406747474163846,D10_Hashtag1,1,P2,0.34,True,P2,1.0,7.136013031005859,7.78523063659668,1.0,0.0,0.0,0.0,IGHD
D10_Hashtag1|C00009,2,0.7406747474163846,D10_Hashtag1,1,P2,1.0,True,P2,0.9999999999841548,11.829341888427734,4.313952445983887,0.0,1.0,0.0,0.0,IGHG
D10_Hashtag1|C00010,2,0.7406747474163846,D10_Hashtag1,1,P2,1.0,True,P2,0.9999999999936476,11.66848850250244,4.504543781280518,0.0,1.0,0.0,0.0,IGHG
D10_Hashtag1|C00011,2,0.7406747474163846,D10_Hashtag1,1,P2,1.0,True,P2,1.0,9.792808532714844,4.174457550048828,0.0,1.0,0.0,0.0,IGHG
D10_Hashtag1|C00012,2,0.7406747474163846,D10_Hashtag1,1,P2,1.0,True,P2,0.9999999997616272,11.708789825439451,4.884828567504883,0.0,1.0,0.0,0.0,IGHG
D10_Hashtag1|C00013,2,0.7406747474163846,D10_Hashtag1,1,P2,1.0,True,P2,1.0,12.27692985534668,2.539405107498169,0.0,1.0,0.0,0.0,IGHG
D10_Hashtag1|C00014,2,0.7406747474163846,D10_Hashtag1,1,P2,1.0,True,P2,1.0,10.237834930419922,3.9333338737487793,0.0,1.0,0.0,0.0,IGHM
D10_Hashtag1|C00015,2,0.7406747474163846,D10_Hashtag1,1,P2,1.0,True,P2,0.9999999999974564,9.695237159729004,4.327666282653809,0.0,1.0,0.0,0.0,IGHG
D10_Hashtag1|C00016,2,0.7406747474163846,D10_Hashtag1,1,P2,1.0,True,P2,0.9999999999999716,11.303094863891602,4.067944526672363,0.0,1.0,0.0,0.0,IGHG
D10_Hashtag1|C00017,2,0.7406747474163846,D10_Hashtag1,1,P2,1.0,True,P2,1.0,9.816442489624023,4.131715774536133,0.0,1.0,0.0,0.0,IGHG
D10_Hashtag1|C00018,2,0.7406747474163846,D10_Hashtag1,1,P2,1.0,True,P2,0.9999999999419488,11.76986598968506,4.842800617218018,0.0,1.0,0.0,0.0,IGHG
D10_Hashtag1|C00019,2,0.7406747474163846,D10_Hashtag1,1,P2,0.62,True,P2,0.9999999999970868,7.652699947357178,6.491610050201416,0.5,0.5,0.0,0.0018518518518518,
D10_Hashtag1|C00020,2,0.7406747474163846,D10_Hashtag1,1,P2,1.0,True,P2,0.9999999999986072,10.532772064208984,5.283115863800049,0.0,1.0,0.0,0.0,IGHG
D10_Hashtag1|C00021,2,0.7406747474163846,D10_Hashtag1,1,P1,0.54,True,P1,0.9885036391476616,4.910801410675049,6.810373306274414,0.0,1.0,0.0,0.0,IGHG
D10_Hashtag1|C00022,2,0.7406747474163846,D10_Hashtag1,1,P2,0.5,True,P2,1.0,8.63467025756836,6.729095458984375,0.0,1.0,0.0,0.0,IGHM
D10_Hashtag1|C00023,2,0.7406747474163846,D10_Hashtag1,1,P2,0.56,True,P2,0.9304293127844148,6.690114498138428,5.465713977813721,0.0,0.5,0.0,0.0,
D10_Hashtag2|C00001,6,0.8937776020665111,D10_Hashtag2,1,P2,1.0,True,P2,0.9999999999998151,12.350509643554688,2.618086099624634,0.0,1.0,0.0,0.0,IGHG
D10_Hashtag2|C00002,5,0.8754251524597227,D10_Hashtag2,1,P2,1.0,True,P2,0.999999999787306,11.082321166992188,3.6398754119873047,0.0,1.0,0.0,0.0,IGHG
D10_Hashtag2|C00003,4,0.8493832887506325,D10_Hashtag2,1,P2,0.6,True,P2,0.9999999999988488,7.641915321350098,6.703092575073242,0.5,0.5,0.0,0.0,IGHG
D10_Hashtag2|C00004,4,0.8493832887506325,D10_Hashtag2,1,P2,1.0,True,P2,0.999999999986244,11.877036094665527,5.440286636352539,0.0,1.0,0.0,0.0,IGHG
D10_Hashtag2|C00005,3,0.8095100617261608,D10_Hashtag2,1,P2,1.0,True,P2,1.0,12.35962963104248,2.632319688796997,0.0,1.0,0.0,0.0,IGHG
D10_Hashtag2|C00006,3,0.8095100617261608,D10_Hashtag2,1,P2,0.52,True,P2,0.9999999999908198,7.909422397613525,6.6374688148498535,0.3333333333333333,0.6666666666666666,0.0,0.0,IGHG
D10_Hashtag2|C00007,3,0.8095100617261608,D10_Hashtag2,1,P2,1.0,True,P2,0.9999999999999574,9.940484046936035,4.285654544830322,0.0,1.0,0.0,0.0,IGHG
D10_Hashtag2|C00008,3,0.8095100617261608,D10_Hashtag2,1,P2,0.92,True,P2,0.999999999948173,8.798937797546387,5.749762535095215,0.0,1.0,0.0,0.0,IGHG
D10_Hashtag2|C00009,3,0.8095100617261608,D10_Hashtag2,1,P2,1.0,True,P2,0.999999999995822,12.002561569213867,3.124597311019897,0.0,1.0,0.0,0.0,IGHG
D10_Hashtag2|C00010,3,0.8095100617261608,D10_Hashtag2,1,P2,1.0,True,P2,0.9999999999883044,12.708989143371582,3.6332485675811768,0.0,1.0,0.0,0.0,IGHG
D10_Hashtag2|C00011,3,0.8095100617261608,D10_Hashtag2,1,P2,0.86,True,P2,0.9999603646594396,11.407511711120604,5.512020111083984,0.0,1.0,0.0,0.0,IGHG
D10_Hashtag2|C00012,2,0.7406747474163846,D10_Hashtag2,1,P2,0.58,True,P2,0.9999999126368416,6.966660022735596,5.900233745574951,0.5,0.5,0.0,0.0017985611510791,IGHM
D10_Hashtag2|C00013,2,0.7406747474163846,D10_Hashtag2,1,P2,1.0,True,P2,0.9999999999999858,10.421795845031738,3.4341928958892822,0.0,1.0,0.0,0.0,
D10_Hashtag2|C00014,2,0.7406747474163846,D10_Hashtag2,1,P2,1.0,True,P2,0.9999999999998151,11.56457233428955,3.3699891567230225,0.0,1.0,0.0,0.0,IGHG
D10_Hashtag2|C00015,2,0.7406747474163846,D10_Hashtag2,1,P2,1.0,True,P2,1.0,10.052112579345703,3.743462085723877,0.0,1.0,0.0,0.0,IGHM
D10_Hashtag2|C00016,2,0.7406747474163846,D10_Hashtag2,1,P2,1.0,True,P2,0.9999998950180696,12.408059120178224,4.191117763519287,0.0,1.0,0.0,0.0,IGHG
D10_Hashtag2|C00017,2,0.7406747474163846,D10_Hashtag2,1,P2,1.0,True,P2,0.9999999999999858,10.665306091308594,3.545862197875977,0.0,1.0,0.0,0.0,IGHG
D10_Hashtag2|C00018,2,0.7406747474163846,D10_Hashtag2,1,P2,1.0,True,P2,0.9999999999999716,12.191400527954102,2.8776156902313232,0.0,1.0,0.0,0.0,IGHG
D10_Hashtag2|C00019,2,0.7406747474163846,D10_Hashtag2,1,P2,0.98,True,P2,0.9999999999986642,11.673602104187012,2.8471367359161377,0.0,1.0,0.0,0.0,IGHG
D10_Hashtag2|C00020,2,0.7406747474163846,D10_Hashtag2,1,P1,0.66,True,P1,0.9103435854460384,4.520884037017822,6.851470947265625,0.0,1.0,0.0,0.0,IGHG
D10_Hashtag2|C00021,2,0.7406747474163846,D10_Hashtag2,1,P2,1.0,True,P2,0.9999999999994742,10.48654556274414,5.095704078674316,0.0,1.0,0.0,0.0,IGHG
D10_Hashtag2|C00022,2,0.7406747474163846,D10_Hashtag2,1,P2,1.0,True,P2,0.9999999999931076,11.292293548583984,3.602313280105591,0.0,1.0,0.0,0.0,IGHG
D10_Hashtag2|C00023,2,0.7406747474163846,D10_Hashtag2,1,P2,0.34,True,P2,1.0,7.249088287353516,7.683038711547852,1.0,0.0,0.0,0.0,IGHG
D10_Hashtag2|C00024,2,0.7406747474163846,D10_Hashtag2,1,P2,1.0,True,P2,0.9999999999876792,11.494208335876465,3.529374837875366,0.0,1.0,0.0,0.0,IGHG
D10_Hashtag2|C00025,2,0.7406747474163846,D10_Hashtag2,1,P2,1.0,True,P2,1.0,9.936041831970217,4.003572940826416,0.0,1.0,0.0,0.0,IGHG
D10_Hashtag2|C00026,2,0.7406747474163846,D10_Hashtag2,1,P2,1.0,True,P2,0.9999999999999148,12.404947280883787,2.9509449005126958,0.0,1.0,0.0,0.0,IGHG
D10_Hashtag2|C00027,2,0.7406747474163846,D10_Hashtag2,1,P2,0.34,True,P2,1.0,6.900119304656982,8.016935348510742,0.0,1.0,0.0,0.0,IGHG
D10_Hashtag2|C00028,2,0.7406747474163846,D10_Hashtag2,1,P2,1.0,True,P2,0.9999999999983942,11.77814769744873,5.410517692565918,0.0,1.0,0.0,0.0,IGHM
D10_Hashtag2|C00029,2,0.7406747474163846,D10_Hashtag2,1,P2,1.0,True,P2,0.9999999999979536,12.209219932556152,3.1279587745666504,0.0,1.0,0.0,0.0,IGHG
D10_Hashtag2|C00030,2,0.7406747474163846,D10_Hashtag2,1,P2,1.0,True,P2,0.9999999997850182,11.87255859375,5.394087314605713,0.0,1.0,0.0,0.0,IGHG
D10_Hashtag2|C00031,2,0.7406747474163846,D10_Hashtag2,1,P2,0.82,True,P2,0.9999967981194928,12.073769569396973,5.04854154586792,0.0,1.0,0.0,0.0,IGHG
D10_Hashtag2|C00032,2,0.7406747474163846,D10_Hashtag2,1,P2,1.0,True,P2,0.9999999999279936,11.735005378723145,4.244309425354004,0.0,1.0,0.0,0.0,IGHG
D10_Hashtag2|C00033,2,0.7406747474163846,D10_Hashtag2,1,P2,1.0,True,P2,0.9999999999997868,10.2697172164917,3.708526134490967,0.0,1.0,0.0,0.0,IGHG
D10_Hashtag2|C00034,2,0.7406747474163846,D10_Hashtag2,1,P2,1.0,True,P2,1.0,10.42933750152588,3.582979679107666,0.0,1.0,0.0,0.0,IGHG
D10_Hashtag2|C00035,2,0.7406747474163846,D10_Hashtag2,1,P2,0.4,True,P2,0.9999959589906106,8.388476371765137,6.441765308380127,0.0,1.0,0.0,0.0,IGHG
D10_Hashtag2|C00036,2,0.7406747474163846,D10_Hashtag2,1,P2,1.0,True,P2,1.0,11.31427764892578,4.191950798034668,0.0,1.0,0.0,0.0,IGHG
D10_Hashtag2|C00037,2,0.7406747474163846,D10_Hashtag2,1,P2,1.0,True,P2,0.999999999999872,12.6605863571167,3.483973503112793,0.0,1.0,0.0,0.0,IGHG
D10_Hashtag2|C00038,2,0.7406747474163846,D10_Hashtag2,1,P2,1.0,True,P2,0.9999999999964188,10.472957611083984,3.5129780769348145,0.0,1.0,0.0,0.0,
D10_Hashtag2|C00039,2,0.7406747474163846,D10_Hashtag2,1,P2,1.0,True,P2,0.9999999999997442,9.969318389892578,3.753237247467041,0.0,1.0,0.0,0.0,IGHG
D10_Hashtag2|C00040,2,0.7406747474163846,D10_Hashtag2,1,P2,1.0,True,P2,0.9999999999999432,10.431814193725586,3.4662511348724365,0.0,1.0,0.0,0.0,IGHG
D10_Hashtag2|C00041,2,0.7406747474163846,D10_Hashtag2,1,P2,1.0,True,P2,0.9999999999999858,10.032703399658203,4.2011895179748535,0.0,1.0,0.0,0.0,IGHG
D10_Hashtag2|C00042,2,0.7406747474163846,D10_Hashtag2,1,P2,0.1,True,P2,1.0,6.685336589813232,7.592256546020508,1.0,0.0,0.0,0.0485074626865671,
D10_Hashtag2|C00043,2,0.7406747474163846,D10_Hashtag2,1,P1,0.62,True,P1,0.8478797633802766,5.575613021850586,6.715125560760498,0.0,0.5,0.0,0.0,
D10_Hashtag2|C00044,2,0.7406747474163846,D10_Hashtag2,1,P2,1.0,True,P2,0.9999999999999148,11.391584396362305,4.857530117034912,0.0,1.0,0.0,0.0,IGHG
D10_Hashtag2|C00045,2,0.7406747474163846,D10_Hashtag2,1,P2,1.0,True,P2,0.999999999999531,12.264666557312012,2.8962531089782715,0.0,1.0,0.0,0.0,IGHG
D10_Hashtag2|C00046,2,0.7406747474163846,D10_Hashtag2,1,P2,1.0,True,P2,0.9999999999993748,10.392455101013184,4.085111141204834,0.0,1.0,0.0,0.0,IGHG
D10_Hashtag2|C00047,2,0.7406747474163846,D10_Hashtag2,1,P2,1.0,True,P2,0.999999999998252,11.443702697753906,3.192225933074951,0.0,1.0,0.0,0.0,
D10_Hashtag2|C00048,2,0.7406747474163846,D10_Hashtag2,1,P2,1.0,True,P2,0.9999999999992326,12.11524772644043,3.072528839111328,0.0,1.0,0.0,0.0,IGHG
D10_Hashtag2|C00049,2,0.7406747474163846,D10_Hashtag2,1,P2,1.0,True,P2,0.9999999999638334,12.508792877197266,3.569397449493408,0.0,1.0,0.0,0.0,IGHG
D10_Hashtag2|C00050,2,0.7406747474163846,D10_Hashtag2,1,P2,1.0,True,P2,0.999999999999318,11.275765419006348,4.1437530517578125,0.0,1.0,0.0,0.0,IGHG
D10_Hashtag2|C00051,2,0.7406747474163846,D10_Hashtag2,1,P1,0.74,True,P1,0.9572895663229448,3.99939227104187,7.022628784179688,0.0,1.0,0.0,0.0,IGHM
D10_Hashtag2|C00052,2,0.7406747474163846,D10_Hashtag2,1,P2,1.0,True,P2,0.9999999999999716,9.915487289428713,3.753004312515259,0.0,1.0,0.0,0.0,
D10_Hashtag2|C00053,2,0.7406747474163846,D10_Hashtag2,1,P1,0.62,True,P1,0.9970308397977772,4.104308128356934,6.829284191131592,0.0,1.0,0.0,0.0,IGHG
D10_Hashtag2|C00054,2,0.7406747474163846,D10_Hashtag2,1,P2,0.74,True,P2,0.9999158672123432,10.930949211120604,5.616190910339356,0.0,1.0,0.0,0.0,IGHG
D10_Hashtag2|C00055,2,0.7406747474163846,D10_Hashtag2,1,P2,1.0,True,P2,1.0,9.759469985961914,5.605615139007568,0.0,1.0,0.0,0.0,IGHG
D10_Hashtag2|C00056,2,0.7406747474163846,D10_Hashtag2,1,P2,0.5,True,P2,1.0,8.550300598144531,6.608712196350098,0.0,1.0,0.0,0.0,IGHG
D10_Hashtag3|C00001,8,0.91794084465241,D10_Hashtag3,1,P3,0.74,True,P3,0.9999999999985648,-0.6819503307342529,3.829655885696411,0.0,0.0,0.0,0.0,IGHM
D10_Hashtag3|C00002,5,0.8754251524597227,D10_Hashtag3,1,P1,0.48,True,P1,0.9824879021782272,5.1174726486206055,6.781443595886231,0.0,0.8,0.2,0.0,IGHG
D10_Hashtag3|C00003,4,0.8493832887506325,D10_Hashtag3,1,P2,1.0,True,P2,0.99999999947903,10.968985557556152,3.746561288833618,0.0,1.0,0.0,0.0,IGHG
D10_Hashtag3|C00004,4,0.8493832887506325,D10_Hashtag3,1,P1,0.74,True,P1,0.9823226498957804,4.039182186126709,6.895193099975586,0.0,1.0,0.0,0.0,IGHG
D10_Hashtag3|C00005,4,0.8493832887506325,D10_Hashtag3,1,P2,1.0,True,P2,0.9999999965792056,11.709269523620604,3.737842559814453,0.0,1.0,0.0,0.0,IGHG
D10_Hashtag3|C00006,3,0.8095100617261608,D10_Hashtag3,1,P2,1.0,True,P2,0.99999999844988,11.534469604492188,3.7329723834991455,0.0,1.0,0.0,0.0,IGHG
D10_Hashtag3|C00007,3,0.8095100617261608,D10_Hashtag3,1,P2,1.0,True,P2,0.9999999999999218,11.401958465576172,4.964996814727783,0.0,1.0,0.0,0.0,IGHG
D10_Hashtag3|C00008,3,0.8095100617261608,D10_Hashtag3,1,P2,1.0,True,P2,0.9999999942871654,11.646632194519045,5.425844192504883,0.0,1.0,0.0,0.0,IGHM
D10_Hashtag3|C00009,3,0.8095100617261608,D10_Hashtag3,1,P2,1.0,True,P2,0.9999999999996164,11.553472518920898,5.045929431915283,0.0,1.0,0.0,0.0,IGHG
D10_Hashtag3|C00010,3,0.8095100617261608,D10_Hashtag3,1,P2,0.82,True,P2,0.9999985365709612,12.12004852294922,4.807684421539307,0.0,1.0,0.0,0.0,IGHG
D10_Hashtag3|C00011,3,0.8095100617261608,D10_Hashtag3,1,P2,1.0,True,P2,0.9999999999958078,9.993463516235352,3.6696152687072754,0.0,1.0,0.0,0.0,IGHM
D10_Hashtag3|C00012,3,0.8095100617261608,D10_Hashtag3,1,P2,1.0,True,P2,0.9999999996944524,10.9755220413208,3.81097412109375,0.0,1.0,0.0,0.0,IGHG
D10_Hashtag3|C00013,3,0.8095100617261608,D10_Hashtag3,1,P2,1.0,True,P2,0.9999999999823784,9.437310218811035,4.949678897857666,0.0,1.0,0.0,0.0,IGHG
D10_Hashtag3|C00014,3,0.8095100617261608,D10_Hashtag3,1,P2,1.0,True,P2,0.9999999999849648,10.792085647583008,3.3538084030151367,0.0,1.0,0.0,0.0,IGHG
D10_Hashtag3|C00015,3,0.8095100617261608,D10_Hashtag3,1,P2,1.0,True,P2,0.9999999998517524,10.525200843811035,5.405828952789307,0.0,1.0,0.0,0.0,IGHG
D10_Hashtag3|C00016,3,0.8095100617261608,D10_Hashtag3,1,P2,0.8,True,P2,0.9999999694246928,8.832642555236816,5.8247904777526855,0.0,1.0,0.0,0.0,IGHG
D10_Hashtag3|C00017,2,0.7406747474163846,D10_Hashtag3,1,P2,1.0,True,P2,0.9999999999896972,10.013435363769531,3.853137254714966,0.0,1.0,0.0,0.0,IGHG
D10_Hashtag3|C00018,2,0.7406747474163846,D10_Hashtag3,1,P1,0.58,True,P1,0.7532217121341818,5.5412702560424805,6.880424976348877,0.5,0.5,0.0,0.0017857142857142,IGHG
D10_Hashtag3|C00019,2,0.7406747474163846,D10_Hashtag3,1,P1,1.0,True,P1,0.9998501891231122,2.6476261615753174,10.197760581970217,0.0,0.0,0.0,0.0,IGHM
D10_Hashtag3|C00020,2,0.7406747474163846,D10_Hashtag3,1,P2,1.0,True,P2,0.9999999998066328,11.24358367919922,3.787100076675415,0.0,1.0,0.0,0.0,IGHG
D10_Hashtag3|C00021,2,0.7406747474163846,D10_Hashtag3,1,P2,1.0,True,P2,0.9999999739938804,11.203737258911133,5.479776859283447,0.0,1.0,0.0,0.0,IGHM
D10_Hashtag3|C00022,2,0.7406747474163846,D10_Hashtag3,1,P2,0.34,True,P2,1.0,7.262909412384033,7.707993030548096,0.5,0.5,0.0,0.0,IGHG
D10_Hashtag3|C00023,2,0.7406747474163846,D10_Hashtag3,1,P1,0.76,True,P1,0.9997963378925688,5.824698925018311,6.494877815246582,0.0,0.5,0.0,0.0,
D10_Hashtag3|C00024,2,0.7406747474163846,D10_Hashtag3,1,P1,0.58,True,P1,0.9999165897584096,5.272167682647705,7.217512607574463,0.0,0.5,0.0,0.0,
D10_Hashtag3|C00025,2,0.7406747474163846,D10_Hashtag3,1,P1,0.62,True,P1,0.999433755060386,4.233743667602539,6.744125843048096,0.0,1.0,0.0,0.0,IGHG
D10_Hashtag3|C00026,2,0.7406747474163846,D10_Hashtag3,1,P2,0.4,True,P2,1.0,7.536353588104248,7.487655162811279,0.5,0.5,0.0,0.0,
D10_Hashtag3|C00027,2,0.7406747474163846,D10_Hashtag3,1,P2,1.0,True,P2,0.9999999984266452,12.20284366607666,3.791198968887329,0.0,1.0,0.0,0.0,IGHG
D10_Hashtag3|C00028,2,0.7406747474163846,D10_Hashtag3,1,P2,0.64,True,P2,0.9999999985157187,8.619179725646973,6.158827781677246,0.0,1.0,0.0,0.0,IGHG
D10_Hashtag3|C00029,2,0.7406747474163846,D10_Hashtag3,1,P2,1.0,True,P2,0.9999999760655812,10.959668159484863,5.449399948120117,0.0,1.0,0.0,0.0,IGHG
D10_Hashtag3|C00030,2,0.7406747474163846,D10_Hashtag3,1,P2,0.5,True,P2,1.0,8.522469520568848,6.447719573974609,0.0,1.0,0.0,0.0,IGHG
D10_Hashtag3|C00031,2,0.7406747474163846,D10_Hashtag3,1,P2,0.94,True,P2,0.9999999994620196,11.405072212219238,5.052774906158447,0.0,1.0,0.0,0.0,IGHG
D10_Hashtag3|C00032,2,0.7406747474163846,D10_Hashtag3,1,P2,0.34,True,P2,1.0,7.262142181396484,7.779969692230225,1.0,0.0,0.0,0.0,IGHG
D10_Hashtag3|C00033,2,0.7406747474163846,D10_Hashtag3,1,P2,0.5,True,P2,1.0,8.628780364990234,6.531785488128662,0.0,1.0,0.0,0.0,IGHM
D10_Hashtag3|C00034,2,0.7406747474163846,D10_Hashtag3,1,P2,0.5,True,P2,1.0,8.649984359741211,6.534234523773193,0.0,1.0,0.0,0.0,IGHG
D10_Hashtag3|C00035,2,0.7406747474163846,D10_Hashtag3,1,P2,1.0,True,P2,0.999999999997982,12.29881477355957,3.054707288742065,0.0,1.0,0.0,0.0,
D10_Hashtag3|C00036,2,0.7406747474163846,D10_Hashtag3,1,P2,1.0,True,P2,0.9999999999949268,12.32407569885254,2.948361396789551,0.0,1.0,0.0,0.0,IGHG
D10_Hashtag3|C00037,2,0.7406747474163846,D10_Hashtag3,1,P1,0.62,True,P1,0.9997147314537148,4.239027500152588,6.69163703918457,0.0,1.0,0.0,0.0,IGHG
D10_Hashtag3|C00038,2,0.7406747474163846,D10_Hashtag3,1,P2,1.0,True,P2,0.999999999958689,9.955233573913574,4.343670845031738,0.0,1.0,0.0,0.0,
D10_Hashtag3|C00039,2,0.7406747474163846,D10_Hashtag3,1,P2,1.0,True,P2,0.9999999999478888,10.250374794006348,5.564054489135742,0.0,1.0,0.0,0.0,IGHG
D10_Hashtag3|C00040,2,0.7406747474163846,D10_Hashtag3,1,P1,0.54,True,P1,0.553914184941369,5.7938551902771,6.4611921310424805,0.5,0.5,0.0,0.0055555555555555,IGHG
D10_Hashtag3|C00041,2,0.7406747474163846,D10_Hashtag3,1,P2,1.0,True,P2,0.9999999899084456,11.71219253540039,4.936128616333008,0.0,1.0,0.0,0.0,IGHG
D10_Hashtag3|C00042,2,0.7406747474163846,D10_Hashtag3,1,P1,0.74,True,P1,0.9736662651462316,4.142636775970459,6.835853576660156,0.0,1.0,0.0,0.0,IGHG
D10_Hashtag3|C00043,2,0.7406747474163846,D10_Hashtag3,1,P2,1.0,True,P2,0.9999999880271276,11.572887420654297,5.5040059089660645,0.0,0.5,0.0,0.0,IGHG
D10_Hashtag3|C00044,2,0.7406747474163846,D10_Hashtag3,1,P2,1.0,True,P2,0.9999999999510294,11.480531692504885,3.63813853263855,0.0,1.0,0.0,0.0,IGHG
D10_Hashtag3|C00045,2,0.7406747474163846,D10_Hashtag3,1,P2,0.92,True,P2,0.9999999999989412,9.128457069396973,5.589882373809815,0.0,1.0,0.0,0.0,IGHG
D10_Hashtag3|C00046,2,0.7406747474163846,D10_Hashtag3,1,P2,1.0,True,P2,0.9999999999868264,10.80393886566162,3.6023969650268555,0.0,1.0,0.0,0.0,IGHG
D10_Hashtag3|C00047,2,0.7406747474163846,D10_Hashtag3,1,P2,1.0,True,P2,0.9999999999651976,12.26317310333252,3.5937814712524414,0.0,1.0,0.0,0.0,IGHG
D10_Hashtag3|C00048,2,0.7406747474163846,D10_Hashtag3,1,P2,1.0,True,P2,0.9999999981486668,10.296818733215332,4.3674492835998535,0.0,1.0,0.0,0.0,IGHG
D10_Hashtag3|C00049,2,0.7406747474163846,D10_Hashtag3,1,P2,1.0,True,P2,0.9999999999974136,10.13253402709961,4.530948162078857,0.0,1.0,0.0,0.0,IGHM
D10_Hashtag3|C00050,2,0.7406747474163846,D10_Hashtag3,1,P2,1.0,True,P2,0.9999999997762076,11.74190902709961,4.441324710845947,0.0,1.0,0.0,0.0,IGHG
D10_Hashtag3|C00051,2,0.7406747474163846,D10_Hashtag3,1,P2,0.5,True,P2,1.0,8.639366149902344,6.638806819915772,0.0,1.0,0.0,0.0,IGHG
D10_Hashtag3|C00052,2,0.7406747474163846,D10_Hashtag3,1,P2,1.0,True,P2,0.9999999999978542,12.06945514678955,3.3711416721343994,0.0,1.0,0.0,0.0,IGHG
D10_Hashtag3|C00053,2,0.7406747474163846,D10_Hashtag3,1,P2,1.0,True,P2,0.9999999999885744,10.381031036376951,4.132125854492188,0.0,1.0,0.0,0.0,IGHG
D10_Hashtag3|C00054,2,0.7406747474163846,D10_Hashtag3,1,P2,1.0,True,P2,0.9999999999991048,12.220059394836426,3.358964681625366,0.0,1.0,0.0,0.0,IGHG
D10_Hashtag3|C00055,2,0.7406747474163846,D10_Hashtag3,1,P2,1.0,True,P2,0.9999999999548236,10.085193634033203,4.546104907989502,0.0,1.0,0.0,0.0,IGHG
D10_Hashtag3|C00056,2,0.7406747474163846,D10_Hashtag3,1,P2,1.0,True,P2,0.999999999514472,10.647283554077148,5.5400872230529785,0.0,1.0,0.0,0.0,IGHG
D10_Hashtag3|C00057,2,0.7406747474163846,D10_Hashtag3,1,P2,0.64,True,P2,1.0,8.672780990600586,6.173664093017578,0.0,1.0,0.0,0.0,IGHG
D10_Hashtag3|C00058,2,0.7406747474163846,D10_Hashtag3,1,P2,1.0,True,P2,0.9999999997395008,11.836780548095703,4.06289529800415,0.0,1.0,0.0,0.0,IGHG
D10_Hashtag3|C00059,2,0.7406747474163846,D10_Hashtag3,1,P2,1.0,True,P2,0.9999999999779304,11.988642692565918,3.836921453475952,0.0,1.0,0.0,0.0,IGHG
D10_Hashtag3|C00060,2,0.7406747474163846,D10_Hashtag3,1,P2,1.0,True,P2,0.9999999999823928,12.687787055969238,3.527172088623047,0.0,1.0,0.0,0.0,IGHG
D10_Hashtag3|C00061,2,0.7406747474163846,D10_Hashtag3,1,P1,0.74,True,P1,0.8835039274974212,4.096320152282715,6.9152679443359375,0.0,1.0,0.0,0.0,IGHG
D10_Hashtag3|C00062,2,0.7406747474163846,D10_Hashtag3,1,P1,0.52,True,P1,0.9999999999984296,5.940258026123047,7.406876087188721,0.0,1.0,0.0,0.0,IGHG
D10_Hashtag3|C00063,2,0.7406747474163846,D10_Hashtag3,1,P2,1.0,True,P2,0.9999999999979536,12.390299797058104,2.8981003761291504,0.0,1.0,0.0,0.0,IGHG
D10_Hashtag3|C00064,2,0.7406747474163846,D10_Hashtag3,1,P1,0.7,True,P1,0.840531019989369,5.239530086517334,7.2841949462890625,0.0,0.5,0.0,0.0,IGHM
D10_Hashtag4|C00001,5,0.8754251524597227,D10_Hashtag4,1,P2,0.8,True,P2,0.9999953082342684,8.894956588745117,5.661302089691162,0.2,0.8,0.0,0.0007407407407407,IGHG
D10_Hashtag4|C00002,5,0.8754251524597227,D10_Hashtag4,1,P2,0.92,True,P2,0.9999989747074948,12.244927406311035,4.0781121253967285,0.0,1.0,0.0,0.0,IGHG
D10_Hashtag4|C00003,5,0.8754251524597227,D10_Hashtag4,1,P2,1.0,True,P2,0.9999999999999858,12.27511501312256,2.551553249359131,0.0,1.0,0.0,0.0,IGHG
D10_Hashtag4|C00004,4,0.8493832887506325,D10_Hashtag4,1,P2,0.88,True,P2,0.9999761993807564,11.10640811920166,5.280552864074707,0.0,1.0,0.0,0.0009398496240601,IGHG
D10_Hashtag4|C00005,4,0.8493832887506325,D10_Hashtag4,1,P2,1.0,True,P2,0.9999999998963318,11.620960235595703,3.22761344909668,0.0,1.0,0.0,0.0,IGHG
D10_Hashtag4|C00006,4,0.8493832887506325,D10_Hashtag4,1,P2,1.0,True,P2,0.9999999999993888,12.309977531433104,2.561562776565552,0.0,1.0,0.0,0.0,IGHG
D10_Hashtag4|C00007,4,0.8493832887506325,D10_Hashtag4,1,P2,1.0,True,P2,0.999999999999801,11.77640151977539,3.2272565364837646,0.0,1.0,0.0,0.0,IGHG
D10_Hashtag4|C00008,3,0.8095100617261608,D10_Hashtag4,1,P2,1.0,True,P2,0.9999999999917576,10.390801429748535,3.889740228652954,0.0,1.0,0.0,0.0,IGHG
D10_Hashtag4|C00009,3,0.8095100617261608,D10_Hashtag4,1,P2,1.0,True,P2,0.9999999999936904,10.420512199401855,3.9018943309783936,0.0,1.0,0.0,0.0,IGHG
D10_Hashtag4|C00010,3,0.8095100617261608,D10_Hashtag4,1,P2,0.7,True,P2,0.9999999999966748,9.86981964111328,5.159297943115234,0.3333333333333333,0.6666666666666666,0.0,0.0025062656641604,IGHG
D10_Hashtag4|C00011,3,0.8095100617261608,D10_Hashtag4,1,P2,1.0,True,P2,0.999999992211258,12.301435470581056,4.145623683929443,0.0,1.0,0.0,0.0,IGHG
D10_Hashtag4|C00012,3,0.8095100617261608,D10_Hashtag4,1,P1,0.74,True,P1,0.8965499572138663,4.020275115966797,6.910528182983398,0.0,1.0,0.0,0.0,IGHG
D10_Hashtag4|C00013,3,0.8095100617261608,D10_Hashtag4,1,P1,0.74,True,P1,0.8474375185894556,4.509310245513916,6.851284980773926,0.0,1.0,0.0,0.0,IGHG
D10_Hashtag4|C00014,3,0.8095100617261608,D10_Hashtag4,1,P2,1.0,True,P2,0.9999999999572112,11.92668914794922,3.811919450759888,0.0,1.0,0.0,0.0,IGHG
D10_Hashtag4|C00015,2,0.7406747474163846,D10_Hashtag4,1,P2,1.0,True,P2,0.9999999999966604,12.237141609191896,3.3856606483459477,0.0,1.0,0.0,0.0,IGHG
D10_Hashtag4|C00016,2,0.7406747474163846,D10_Hashtag4,1,P1,0.74,True,P1,0.9989546850429406,4.133755207061768,6.842350006103516,0.0,1.0,0.0,0.0,IGHG
D10_Hashtag4|C00017,2,0.7406747474163846,D10_Hashtag4,1,P3,0.7,True,P3,0.9999999955082616,-0.7030225992202759,3.9218711853027344,0.0,0.0,0.0,0.0,IGHM
D10_Hashtag4|C00018,2,0.7406747474163846,D10_Hashtag4,1,P2,0.5,True,P2,1.0,8.576362609863281,6.837291717529297,0.0,1.0,0.0,0.0,IGHG
D10_Hashtag4|C00019,2,0.7406747474163846,D10_Hashtag4,1,P2,1.0,True,P2,0.999999999988006,9.380489349365234,5.378607749938965,0.0,1.0,0.0,0.0,
D10_Hashtag4|C00020,2,0.7406747474163846,D10_Hashtag4,1,P2,1.0,True,P2,0.9999999999977264,10.127543449401855,4.440035343170166,0.0,1.0,0.0,0.0,IGHG
D10_Hashtag4|C00021,2,0.7406747474163846,D10_Hashtag4,1,P2,1.0,True,P2,0.9999999999986072,12.2647123336792,2.940944194793701,0.0,1.0,0.0,0.0,IGHG
D10_Hashtag4|C00022,2,0.7406747474163846,D10_Hashtag4,1,P2,1.0,True,P2,0.9999999999999716,11.893829345703123,2.85542368888855,0.0,1.0,0.0,0.0,IGHG
D10_Hashtag4|C00023,2,0.7406747474163846,D10_Hashtag4,1,P2,1.0,True,P2,0.9999999999724452,11.984617233276367,4.020164012908936,0.0,1.0,0.0,0.0,IGHG
D10_Hashtag4|C00024,2,0.7406747474163846,D10_Hashtag4,1,P1,1.0,True,P1,0.9999402568734228,3.623781204223633,9.732928276062012,0.0,0.0,0.0,0.0,
D10_Hashtag4|C00025,2,0.7406747474163846,D10_Hashtag4,1,P2,1.0,True,P2,0.9999999999999892,10.38969898223877,4.544910430908203,0.0,1.0,0.0,0.0,IGHG
D10_Hashtag4|C00026,2,0.7406747474163846,D10_Hashtag4,1,P2,1.0,True,P2,0.9999999999919282,12.161324501037598,3.767730712890625,0.0,1.0,0.0,0.0,IGHG
D10_Hashtag4|C00027,2,0.7406747474163846,D10_Hashtag4,1,P2,0.5,True,P2,1.0,8.581798553466797,6.861675262451172,0.0,1.0,0.0,0.0,IGHG
D10_Hashtag4|C00028,2,0.7406747474163846,D10_Hashtag4,1,P2,0.34,True,P2,1.0,7.31137752532959,7.748303890228271,0.0,1.0,0.0,0.0,IGHG
D10_Hashtag4|C00029,2,0.7406747474163846,D10_Hashtag4,1,P1,1.0,True,P1,0.9999554545719942,4.345667839050293,10.240897178649902,1.0,0.0,0.0,0.0,IGHM
D10_Hashtag4|C00030,2,0.7406747474163846,D10_Hashtag4,1,P2,1.0,True,P2,0.9999999999979394,11.7998046875,3.529566764831543,0.0,1.0,0.0,0.0,IGHG
D10_Hashtag4|C00031,2,0.7406747474163846,D10_Hashtag4,1,P2,1.0,True,P2,0.9999999999959924,11.666711807250977,3.483328342437744,0.0,1.0,0.0,0.0,IGHG
D10_Hashtag4|C00032,2,0.7406747474163846,D10_Hashtag4,1,P2,1.0,True,P2,0.999999999777117,10.563782691955566,5.612000942230225,0.0,1.0,0.0,0.0037037037037037,IGHG
D10_Hashtag4|C00033,2,0.7406747474163846,D10_Hashtag4,1,P2,1.0,True,P2,0.9999999999785985,10.508495330810549,3.886951923370361,0.0,1.0,0.0,0.0,IGHG
D10_Hashtag4|C00034,2,0.7406747474163846,D10_Hashtag4,1,P2,1.0,True,P2,0.9999999999998151,10.52641487121582,3.559688806533813,0.0,1.0,0.0,0.0,IGHG
D10_Hashtag4|C00035,2,0.7406747474163846,D10_Hashtag4,1,P1,0.52,True,P1,0.9974994297948776,5.756226539611816,6.392665863037109,0.0,0.5,0.0,0.0,IGHG
D10_Hashtag4|C00036,2,0.7406747474163846,D10_Hashtag4,1,P2,1.0,True,P2,1.0,12.2033109664917,2.5702831745147705,0.0,1.0,0.0,0.0,IGHG
D10_Hashtag4|C00037,2,0.7406747474163846,D10_Hashtag4,1,P2,1.0,True,P2,0.9999999922898156,11.893534660339355,5.452476501464844,0.0,1.0,0.0,0.0,IGHG
D10_Hashtag4|C00038,2,0.7406747474163846,D10_Hashtag4,1,P2,1.0,True,P2,0.9999999999999858,9.925626754760742,3.6844582557678223,0.0,1.0,0.0,0.0,IGHM
D10_Hashtag4|C00039,2,0.7406747474163846,D10_Hashtag4,1,P2,1.0,True,P2,0.9999999999999858,11.483121871948242,4.137026786804199,0.0,1.0,0.0,0.0,IGHG
D10_Hashtag4|C00040,2,0.7406747474163846,D10_Hashtag4,1,P2,1.0,True,P2,0.9999999999999574,10.065826416015623,3.94117283821106,0.0,1.0,0.0,0.0018587360594795,IGHG
D10_Hashtag4|C00041,2,0.7406747474163846,D10_Hashtag4,1,P2,1.0,True,P2,0.9999999999999858,12.326918601989746,2.6258530616760254,0.0,1.0,0.0,0.0,IGHG
D10_Hashtag4|C00042,2,0.7406747474163846,D10_Hashtag4,1,P2,1.0,True,P2,1.0,12.308910369873049,2.835618019104004,0.0,1.0,0.0,0.0,IGHG
D10_Hashtag4|C00043,2,0.7406747474163846,D10_Hashtag4,1,P2,1.0,True,P2,0.9999999999997442,11.363855361938477,3.6285150051116943,0.0,1.0,0.0,0.0212014134275618,IGHG
D10_Hashtag4|C00044,2,0.7406747474163846,D10_Hashtag4,1,P2,1.0,True,P2,0.9999999999858034,10.66089916229248,5.154650688171387,0.0,1.0,0.0,0.0,IGHM
D10_Hashtag4|C00045,2,0.7406747474163846,D10_Hashtag4,1,P2,1.0,True,P2,0.9999999986785753,11.685482025146484,4.981468200683594,0.0,1.0,0.0,0.0,IGHG
D10_Hashtag4|C00046,2,0.7406747474163846,D10_Hashtag4,1,P2,1.0,True,P2,0.9999999999999432,10.456130027770996,5.1605544090271,0.0,1.0,0.0,0.0,IGHG
D10_Hashtag4|C00047,2,0.7406747474163846,D10_Hashtag4,1,P2,1.0,True,P2,0.9999999999996874,10.494357109069824,5.300642967224121,0.0,1.0,0.0,0.0,IGHG
D10_Hashtag4|C00048,2,0.7406747474163846,D10_Hashtag4,1,P2,1.0,True,P2,0.9999999999990764,11.143068313598633,3.5419421195983887,0.0,1.0,0.0,0.0,IGHG
D10_Hashtag4|C00049,2,0.7406747474163846,D10_Hashtag4,1,P2,1.0,True,P2,0.9999999999900524,12.555009841918944,3.4643869400024414,0.0,1.0,0.0,0.0,IGHG
D10_Hashtag4|C00050,2,0.7406747474163846,D10_Hashtag4,1,P2,1.0,True,P2,0.9999999999970156,11.799262046813965,3.1666579246521,0.0,1.0,0.0,0.0,IGHG
D10_Hashtag4|C00051,2,0.7406747474163846,D10_Hashtag4,1,P1,0.64,True,P1,0.9978368386718166,5.479926586151123,6.830955505371094,0.0,0.5,0.0,0.0,
D10_Hashtag4|C00052,2,0.7406747474163846,D10_Hashtag4,1,P2,1.0,True,P2,0.9999999999996164,10.578869819641112,4.607421875,0.0,1.0,0.0,0.0,IGHG
D10_Hashtag4|C00053,2,0.7406747474163846,D10_Hashtag4,1,P2,0.88,True,P2,1.0,9.20648956298828,5.524781227111816,0.0,1.0,0.0,0.0,IGHG
D10_Hashtag4|C00054,2,0.7406747474163846,D10_Hashtag4,1,P2,1.0,True,P2,1.0,9.778031349182127,3.96101188659668,0.0,1.0,0.0,0.0,IGHM
D10_Hashtag4|C00055,2,0.7406747474163846,D10_Hashtag4,1,P1,0.44,True,P1,0.8902235598406694,4.3775506019592285,6.778709411621094,0.0,1.0,0.0,0.0,IGHG
D10_Hashtag5|C00001,5,0.8754251524597227,D10_Hashtag5,1,P1,1.0,True,P1,0.9998403427682988,2.4262936115264893,9.427519798278809,0.0,0.0,0.0,0.0,IGHM
D10_Hashtag5|C00002,5,0.8754251524597227,D10_Hashtag5,1,P2,0.34,True,P2,0.9999999990774596,6.86828088760376,7.269817352294922,0.8,0.2,0.0,0.0007117437722419,IGHM
D10_Hashtag5|C00003,5,0.8754251524597227,D10_Hashtag5,1,P2,0.82,True,P2,0.9799499800226108,7.217653751373291,5.485193729400635,0.0,0.8,0.2,0.0,IGHG
D10_Hashtag5|C00004,5,0.8754251524597227,D10_Hashtag5,1,P3,0.88,True,P3,0.9999999999998296,-0.6987646222114563,3.889845371246338,0.0,0.0,0.0,0.0,IGHM
D10_Hashtag5|C00005,4,0.8493832887506325,D10_Hashtag5,1,P2,0.24,True,P2,0.9994942062608834,6.605096817016602,7.337114334106445,0.5,0.5,0.0,0.0008928571428571,IGHG
D10_Hashtag5|C00006,4,0.8493832887506325,D10_Hashtag5,1,P2,0.92,True,P2,0.9999896026889076,10.75244426727295,5.604297637939453,0.0,1.0,0.0,0.0,IGHG
D10_Hashtag5|C00007,3,0.8095100617261608,D10_Hashtag5,1,P2,1.0,True,P2,0.9999999998942144,10.028932571411133,4.066944599151611,0.0,1.0,0.0,0.0,IGHG
D10_Hashtag5|C00008,3,0.8095100617261608,D10_Hashtag5,1,P1,0.46,True,P1,0.7268986458210439,5.493988513946533,6.7773284912109375,0.0,0.6666666666666666,0.0,0.0,IGHM
D10_Hashtag5|C00009,3,0.8095100617261608,D10_Hashtag5,1,P1,0.1,True,P1,0.998654029890935,5.465519428253174,6.588472366333008,0.3333333333333333,0.6666666666666666,0.0,0.0012531328320802,IGHG
D10_Hashtag5|C00010,3,0.8095100617261608,D10_Hashtag5,1,P1,0.74,True,P1,0.9758755881064526,3.708935022354126,8.154108047485352,0.0,1.0,0.0,0.0,IGHG
D10_Hashtag5|C00011,3,0.8095100617261608,D10_Hashtag5,1,P2,0.6,True,P2,1.0,8.676432609558105,6.426422595977783,0.0,1.0,0.0,0.0,IGHG
D10_Hashtag5|C00012,3,0.8095100617261608,D10_Hashtag5,1,P2,0.5,True,P2,1.0,8.519927978515625,6.94396448135376,0.0,1.0,0.0,0.0,IGHG
D10_Hashtag5|C00013,3,0.8095100617261608,D10_Hashtag5,1,P2,0.98,True,P2,0.9999985181425936,12.407468795776367,4.584696292877197,0.0,1.0,0.0,0.0,IGHG
D10_Hashtag5|C00014,3,0.8095100617261608,D10_Hashtag5,1,P2,1.0,True,P2,0.9999999679915852,11.636773109436035,4.032605171203613,0.0,1.0,0.0,0.0,IGHG
D10_Hashtag5|C00015,3,0.8095100617261608,D10_Hashtag5,1,P2,0.96,True,P2,0.9999999362717652,11.470355987548828,5.5289387702941895,0.0,1.0,0.0,0.0,IGHG
D10_Hashtag5|C00016,3,0.8095100617261608,D10_Hashtag5,1,P2,0.36,True,P2,0.9999999999716492,7.199737548828125,7.632048606872559,0.6666666666666666,0.3333333333333333,0.0,0.0,IGHG
D10_Hashtag5|C00017,3,0.8095100617261608,D10_Hashtag5,1,P2,0.36,True,P2,1.0,6.905743598937988,8.019786834716797,0.6666666666666666,0.3333333333333333,0.0,0.0,IGHG
D10_Hashtag5|C00018,2,0.7406747474163846,D10_Hashtag5,1,P2,1.0,True,P2,0.999999998049148,10.484288215637209,4.568493843078613,0.0,1.0,0.0,0.0,IGHG
D10_Hashtag5|C00019,2,0.7406747474163846,D10_Hashtag5,1,P2,1.0,True,P2,0.999999996618456,10.253076553344728,4.63420295715332,0.0,1.0,0.0,0.0,IGHG
D10_Hashtag5|C00020,2,0.7406747474163846,D10_Hashtag5,1,P2,0.88,True,P2,0.9999964971206016,10.835898399353027,5.582965850830078,0.0,1.0,0.0,0.0,IGHG
D10_Hashtag5|C00021,2,0.7406747474163846,D10_Hashtag5,1,P1,0.72,True,P1,0.9914222781947234,5.83414363861084,6.497163772583008,0.0,0.5,0.0,0.0,
D10_Hashtag5|C00022,2,0.7406747474163846,D10_Hashtag5,1,P2,0.5,True,P2,1.0,8.662266731262207,6.6270928382873535,0.0,1.0,0.0,0.0,IGHG
D10_Hashtag5|C00023,2,0.7406747474163846,D10_Hashtag5,1,P2,1.0,True,P2,0.9999999999308784,11.596750259399414,4.496620178222656,0.0,1.0,0.0,0.0,IGHG
D10_Hashtag5|C00024,2,0.7406747474163846,D10_Hashtag5,1,P2,1.0,True,P2,0.999999999732978,10.891074180603027,3.929959774017334,0.0,1.0,0.0,0.0,IGHG
D10_Hashtag5|C00025,2,0.7406747474163846,D10_Hashtag5,1,P2,1.0,True,P2,0.99999985251203,11.945910453796388,5.430549144744873,0.0,1.0,0.0,0.0,IGHG
D10_Hashtag5|C00026,2,0.7406747474163846,D10_Hashtag5,1,P2,0.92,True,P2,0.9999999999999928,9.002467155456543,5.715813159942627,0.0,1.0,0.0,0.0,IGHG
D10_Hashtag5|C00027,2,0.7406747474163846,D10_Hashtag5,1,P2,1.0,True,P2,0.999999914815394,10.062430381774902,4.526294231414795,0.0,1.0,0.0,0.0,IGHG
D10_Hashtag5|C00028,2,0.7406747474163846,D10_Hashtag5,1,P2,1.0,True,P2,0.999999996671022,12.58250331878662,3.903860330581665,0.0,1.0,0.0,0.0,IGHG
D10_Hashtag5|C00029,2,0.7406747474163846,D10_Hashtag5,1,P2,1.0,True,P2,0.9999999970144556,11.976600646972656,5.028758049011231,0.0,1.0,0.0,0.0,IGHG
D10_Hashtag5|C00030,2,0.7406747474163846,D10_Hashtag5,1,P2,0.34,True,P2,1.0,7.16220235824585,7.854307174682617,0.0,1.0,0.0,0.0,IGHG
D10_Hashtag5|C00031,2,0.7406747474163846,D10_Hashtag5,1,P1,0.78,True,P1,0.9991337642428006,5.537796974182129,6.774208545684815,0.0,0.5,0.0,0.0,IGHG
D10_Hashtag5|C00032,2,0.7406747474163846,D10_Hashtag5,1,P2,1.0,True,P2,0.9999999926679236,11.276122093200684,5.614929676055908,0.0,1.0,0.0,0.0,IGHM
D10_Hashtag5|C00033,2,0.7406747474163846,D10_Hashtag5,1,P2,1.0,True,P2,0.9999999673755304,11.695735931396484,5.4494404792785645,0.0,1.0,0.0,0.0,IGHG
D10_Hashtag5|C00034,2,0.7406747474163846,D10_Hashtag5,1,P2,1.0,True,P2,0.9999999999999574,9.984163284301758,3.651155710220337,0.0,1.0,0.0,0.0,IGHM
D10_Hashtag5|C00035,2,0.7406747474163846,D10_Hashtag5,1,P1,0.76,True,P1,0.9998977864939652,5.311202049255371,7.158215999603272,0.0,0.5,0.5,0.0,
D10_Hashtag5|C00036,2,0.7406747474163846,D10_Hashtag5,1,P2,1.0,True,P2,0.9999999974204884,10.588906288146973,5.667582511901856,0.0,1.0,0.0,0.0,IGHG
D10_Hashtag5|C00037,2,0.7406747474163846,D10_Hashtag5,1,P2,1.0,True,P2,0.9999999969976016,12.365084648132324,4.30848503112793,0.0,1.0,0.0,0.0,IGHG
D10_Hashtag5|C00038,2,0.7406747474163846,D10_Hashtag5,1,P2,0.34,True,P2,1.0,7.341228485107422,7.633668422698975,0.0,1.0,0.0,0.0,IGHG
D10_Hashtag5|C00039,2,0.7406747474163846,D10_Hashtag5,1,P2,1.0,True,P2,0.99999999993193,12.549240112304688,3.28137731552124,0.0,1.0,0.0,0.0,IGHG
D10_Hashtag5|C00040,2,0.7406747474163846,D10_Hashtag5,1,P2,0.94,True,P2,0.9999955625847406,10.659855842590332,5.6268157958984375,0.0,1.0,0.0,0.0,IGHG
D10_Hashtag5|C00041,2,0.7406747474163846,D10_Hashtag5,1,P2,1.0,True,P2,0.9999996519760296,11.177651405334473,4.896966934204102,0.0,1.0,0.0,0.0,IGHG
D10_Hashtag5|C00042,2,0.7406747474163846,D10_Hashtag5,1,P2,1.0,True,P2,0.9999999998380248,10.189139366149902,4.572206974029541,0.0,1.0,0.0,0.0,IGHG
D10_Hashtag5|C00043,2,0.7406747474163846,D10_Hashtag5,1,P2,1.0,True,P2,0.9999998456852216,12.182915687561035,5.134480953216553,0.0,1.0,0.0,0.0,IGHG
D10_Hashtag5|C00044,2,0.7406747474163846,D10_Hashtag5,1,P2,0.52,True,P2,0.9999999999999716,7.630656719207764,6.808838844299316,0.5,0.5,0.0,0.0,
D10_Hashtag5|C00045,2,0.7406747474163846,D10_Hashtag5,1,P2,1.0,True,P2,0.9999999999990052,10.309369087219238,4.920757293701172,0.0,1.0,0.0,0.0,IGHM
D10_Hashtag5|C00046,2,0.7406747474163846,D10_Hashtag5,1,P2,1.0,True,P2,0.9999999976651992,12.11209774017334,5.1750922203063965,0.0,1.0,0.0,0.0,IGHG
D10_Hashtag5|C00047,2,0.7406747474163846,D10_Hashtag5,1,P2,1.0,True,P2,0.9999999952568714,11.28121566772461,4.294425964355469,0.0,1.0,0.0,0.0,IGHG
D10_Hashtag5|C00048,2,0.7406747474163846,D10_Hashtag5,1,P2,1.0,True,P2,0.9999999569405283,11.82277488708496,4.933579921722412,0.0,1.0,0.0,0.0,IGHG
D10_Hashtag5|C00049,2,0.7406747474163846,D10_Hashtag5,1,P1,1.0,True,P1,0.9981208529744986,2.574733257293701,10.033254623413086,0.0,0.0,1.0,0.0,IGHM
D10_Hashtag5|C00050,2,0.7406747474163846,D10_Hashtag5,1,P2,0.5,True,P2,1.0,8.583724975585938,6.655519962310791,0.0,1.0,0.0,0.0,IGHG
D10_Hashtag5|C00051,2,0.7406747474163846,D10_Hashtag5,1,P2,1.0,True,P2,0.9999999999752304,10.59989070892334,3.3202176094055176,0.0,1.0,0.0,0.0,IGHG
D10_Hashtag5|C00052,2,0.7406747474163846,D10_Hashtag5,1,P2,1.0,True,P2,0.9999999599215678,11.986902236938477,5.1673264503479,0.0,1.0,0.0,0.0,IGHG
D10_Hashtag5|C00053,2,0.7406747474163846,D10_Hashtag5,1,P2,1.0,True,P2,0.9999999897546415,12.26522159576416,3.7420475482940674,0.0,1.0,0.0,0.0,IGHG
D10_Hashtag5|C00054,2,0.7406747474163846,D10_Hashtag5,1,P2,1.0,True,P2,0.9999999998690896,10.905981063842772,3.871814012527466,0.0,1.0,0.0,0.0,IGHG
D10_Hashtag5|C00055,2,0.7406747474163846,D10_Hashtag5,1,P2,1.0,True,P2,0.9999999829656192,11.865880012512209,4.207972049713135,0.0,1.0,0.0,0.0,IGHG
D10_Hashtag5|C00056,2,0.7406747474163846,D10_Hashtag5,1,P2,1.0,True,P2,0.9999999928018468,12.206743240356444,3.958848237991333,0.0,1.0,0.0,0.0018518518518518,
D10_Hashtag5|C00057,2,0.7406747474163846,D10_Hashtag5,1,P2,1.0,True,P2,0.9999999971227708,10.162619590759276,5.517357349395752,0.0,1.0,0.0,0.0,IGHG
D10_Hashtag5|C00058,2,0.7406747474163846,D10_Hashtag5,1,P2,1.0,True,P2,0.9999999894715472,12.476570129394531,4.431262969970703,0.0,1.0,0.0,0.0,IGHG
D10_Hashtag5|C00059,2,0.7406747474163846,D10_Hashtag5,1,P2,1.0,True,P2,0.9999999845743304,12.076509475708008,5.219233989715576,0.0,1.0,0.0,0.0,IGHG
D10_Hashtag5|C00060,2,0.7406747474163846,D10_Hashtag5,1,P1,1.0,True,P1,0.999999999825782,2.502926111221313,8.155200958251953,0.0,0.0,0.0,0.0,IGHM
D10_Hashtag5|C00061,2,0.7406747474163846,D10_Hashtag5,1,P2,0.92,True,P2,0.9999999982443484,9.008277893066406,5.573784351348877,0.0,1.0,0.0,0.0,IGHG
D10_Hashtag5|C00062,2,0.7406747474163846,D10_Hashtag5,1,P1,0.74,True,P1,0.9742490571034276,4.085683822631836,6.845415115356445,0.0,1.0,0.0,0.0,IGHG
D10_Hashtag5|C00063,2,0.7406747474163846,D10_Hashtag5,1,P2,1.0,True,P2,0.9999999997865104,10.944110870361328,3.6108627319335938,0.0,1.0,0.0,0.0,IGHG
D10_Hashtag5|C00064,2,0.7406747474163846,D10_Hashtag5,1,P2,1.0,True,P2,0.9999999999330668,12.194643020629885,3.7459778785705566,0.0,1.0,0.0,0.0,IGHG
D10_Hashtag5|C00065,2,0.7406747474163846,D10_Hashtag5,1,P2,1.0,True,P2,0.999999994130178,12.256474494934082,3.8254878520965576,0.0,1.0,0.0,0.0,IGHG
D10_Hashtag5|C00066,2,0.7406747474163846,D10_Hashtag5,1,P1,0.76,True,P1,0.6484401410721071,3.9150078296661377,7.120651245117188,0.0,1.0,0.0,0.0,IGHG
D10_Hashtag5|C00067,2,0.7406747474163846,D10_Hashtag5,1,P2,1.0,True,P2,0.999999996670354,12.27568817138672,3.9320337772369385,0.0,1.0,0.0,0.0,IGHG
D10_Hashtag5|C00068,2,0.7406747474163846,D10_Hashtag5,1,P2,1.0,True,P2,0.9999999816944866,12.494470596313477,4.336935520172119,0.0,1.0,0.0,0.0,IGHG
D10_Hashtag5|C00069,2,0.7406747474163846,D10_Hashtag5,1,P2,1.0,True,P2,0.9999999999912604,11.458715438842772,3.968412399291992,0.0,1.0,0.0,0.0,IGHG
D10_Hashtag5|C00070,2,0.7406747474163846,D10_Hashtag5,1,P2,1.0,True,P2,0.9999999998753992,12.365412712097168,3.896939754486084,0.0,1.0,0.0,0.0,IGHG
D10_Hashtag5|C00071,2,0.7406747474163846,D10_Hashtag5,1,P2,0.36,True,P2,1.0,7.024394989013672,7.930393218994141,0.0,1.0,0.0,0.0,IGHG
D10_Hashtag5|C00072,2,0.7406747474163846,D10_Hashtag5,1,P2,0.68,True,P2,0.999999999553978,8.535181999206543,6.274986267089844,0.0,1.0,0.0,0.0,IGHG
D10_Hashtag5|C00073,2,0.7406747474163846,D10_Hashtag5,1,P2,1.0,True,P2,0.9999999892990274,11.949251174926758,4.8838324546813965,0.0,1.0,0.0,0.0,IGHG
D14_Hashtag1|C00001,8,0.91794084465241,D14_Hashtag1,1,P2,0.84,True,P2,0.9999998906582082,7.396372318267822,4.466678619384766,0.0,0.75,0.0,0.0004496402877697,IGHG
D14_Hashtag1|C00002,8,0.91794084465241,D14_Hashtag1,1,P2,0.92,True,P2,1.0,8.028083801269531,3.388957262039185,0.0,1.0,0.0,0.0,IGHG
D14_Hashtag1|C00003,7,0.907411536977412,D14_Hashtag1,1,P2,0.84,True,P2,0.9999999984512584,7.473036289215088,4.2511982917785645,0.0,0.7142857142857143,0.2857142857142857,0.0,
D14_Hashtag1|C00004,6,0.8937776020665111,D14_Hashtag1,1,P1,0.48,True,P1,0.7879663882811906,5.903114795684815,7.468760967254639,0.6666666666666666,0.1666666666666666,0.0,0.0,IGHG
D14_Hashtag1|C00005,4,0.8493832887506325,D14_Hashtag1,1,P1,1.0,True,P1,0.999993819935935,2.848573446273804,10.925576210021973,0.0,0.25,0.75,0.0,IGHG
D14_Hashtag1|C00006,4,0.8493832887506325,D14_Hashtag1,1,P2,0.58,True,P2,0.9999999998799468,7.575832366943359,7.193485260009766,0.5,0.5,0.0,0.0,IGHM
D14_Hashtag1|C00007,4,0.8493832887506325,D14_Hashtag1,1,P1,0.82,True,P1,0.999903324609604,4.34772253036499,7.572227954864502,0.0,1.0,0.0,0.0037037037037037,IGHG
D14_Hashtag1|C00008,4,0.8493832887506325,D14_Hashtag1,1,P3,1.0,True,P3,1.0,-0.6174320578575134,3.401861906051636,0.0,0.0,0.0,0.0,IGHM
D14_Hashtag1|C00009,3,0.8095100617261608,D14_Hashtag1,1,P2,0.98,True,P2,1.0,9.29792308807373,3.638766288757324,0.0,1.0,0.0,0.0,IGHM
D14_Hashtag1|C00010,3,0.8095100617261608,D14_Hashtag1,1,P2,0.94,True,P2,1.0,8.40555477142334,3.972585678100586,0.0,1.0,0.0,0.0,IGHM
D14_Hashtag1|C00011,3,0.8095100617261608,D14_Hashtag1,1,P2,0.92,True,P2,1.0,7.520978450775146,3.560067892074585,0.0,1.0,0.0,0.0,IGHM
D14_Hashtag1|C00012,3,0.8095100617261608,D14_Hashtag1,1,P2,0.78,True,P2,0.9999943441773594,9.304580688476562,4.826386451721191,0.0,0.6666666666666666,0.0,0.0012345679012345,IGHG
D14_Hashtag1|C00013,3,0.8095100617261608,D14_Hashtag1,1,P1,0.74,True,P1,0.8888929759308509,4.668693065643311,6.847752571105957,0.0,1.0,0.0,0.0,IGHG
D14_Hashtag1|C00014,3,0.8095100617261608,D14_Hashtag1,1,P2,0.92,True,P2,1.0,8.089492797851562,3.4618160724639893,0.0,1.0,0.0,0.0,IGHG
D14_Hashtag1|C00015,2,0.7406747474163846,D14_Hashtag1,1,P2,0.34,True,P2,1.0,6.807362079620361,7.066124439239502,1.0,0.0,0.0,0.0071942446043165,IGHG
D14_Hashtag1|C00016,2,0.7406747474163846,D14_Hashtag1,1,P2,0.92,True,P2,1.0,7.726385116577148,3.80044150352478,0.0,1.0,0.0,0.0,IGHG
D14_Hashtag1|C00017,2,0.7406747474163846,D14_Hashtag1,1,P2,0.32,True,P2,0.999999999997307,7.336364269256592,6.8555426597595215,1.0,0.0,0.0,0.0018181818181818,IGHG
D14_Hashtag1|C00018,2,0.7406747474163846,D14_Hashtag1,1,P2,0.92,True,P2,1.0,7.871881008148193,3.6943671703338623,0.0,1.0,0.0,0.0,
D14_Hashtag1|C00019,2,0.7406747474163846,D14_Hashtag1,1,P2,0.92,True,P2,1.0,7.58010196685791,3.7374801635742183,0.0,1.0,0.0,0.0,IGHM
D14_Hashtag1|C00020,2,0.7406747474163846,D14_Hashtag1,1,P2,1.0,True,P2,0.9999999999074164,10.251172065734863,4.381857872009277,0.0,1.0,0.0,0.0,IGHM
D14_Hashtag1|C00021,2,0.7406747474163846,D14_Hashtag1,1,P1,1.0,True,P1,0.9999996675165176,2.6753783226013184,8.403603553771973,0.0,0.0,0.0,0.0,
D14_Hashtag1|C00022,2,0.7406747474163846,D14_Hashtag1,1,P1,1.0,True,P1,0.9999954310532712,2.980983257293701,9.54521656036377,0.0,0.0,0.0,0.0,
D14_Hashtag1|C00023,2,0.7406747474163846,D14_Hashtag1,1,P1,1.0,True,P1,0.9999866513130296,2.6346595287323,10.19390106201172,0.0,0.0,0.0,0.0,IGHM
D14_Hashtag1|C00024,2,0.7406747474163846,D14_Hashtag1,1,P2,0.32,True,P2,0.9999999999721751,7.301894187927246,6.932341575622559,1.0,0.0,0.0,0.0053571428571428,
D14_Hashtag1|C00025,2,0.7406747474163846,D14_Hashtag1,1,P1,1.0,True,P1,0.9999913678846712,2.6086435317993164,9.34348201751709,0.0,0.0,0.0,0.0,IGHD
D14_Hashtag1|C00026,2,0.7406747474163846,D14_Hashtag1,1,P1,0.98,True,P1,0.9999995181413392,3.3905277252197266,9.006990432739258,0.0,0.0,0.0,0.0,
D14_Hashtag1|C00027,2,0.7406747474163846,D14_Hashtag1,1,P2,1.0,True,P2,1.0,11.827798843383787,2.796907424926758,0.0,1.0,0.0,0.0,IGHG
D14_Hashtag1|C00028,2,0.7406747474163846,D14_Hashtag1,1,P2,0.94,True,P2,1.0,7.63388204574585,3.6613359451293945,0.0,1.0,0.0,0.0,IGHG
D14_Hashtag1|C00029,2,0.7406747474163846,D14_Hashtag1,1,P1,1.0,True,P1,0.9999865705482812,2.390989065170288,9.163920402526855,0.0,0.0,0.0,0.0,IGHM
D14_Hashtag1|C00030,2,0.7406747474163846,D14_Hashtag1,1,P2,0.24,True,P2,0.995849783519425,7.197299480438232,7.319504737854004,0.5,0.0,0.5,0.0055555555555555,IGHM
D14_Hashtag1|C00031,2,0.7406747474163846,D14_Hashtag1,1,P1,0.78,True,P1,0.9991363568945176,4.777403831481934,7.250736713409424,0.0,1.0,0.0,0.0,IGHG
D14_Hashtag1|C00032,2,0.7406747474163846,D14_Hashtag1,1,P2,0.78,True,P2,1.0,8.4349946975708,5.680233478546143,0.0,1.0,0.0,0.0,IGHG
D14_Hashtag1|C00033,2,0.7406747474163846,D14_Hashtag1,1,P2,1.0,True,P2,1.0,9.496623039245604,3.696218013763428,0.0,1.0,0.0,0.0,IGHM
D14_Hashtag1|C00034,2,0.7406747474163846,D14_Hashtag1,1,P1,1.0,True,P1,0.9999999962943632,2.501002073287964,8.1803617477417,0.0,0.0,0.0,0.0037037037037037,IGHM
D14_Hashtag1|C00035,2,0.7406747474163846,D14_Hashtag1,1,P1,0.8,True,P1,0.5444673625666245,4.502869606018066,10.365138053894045,0.5,0.0,0.0,0.0,IGHM
D14_Hashtag1|C00036,2,0.7406747474163846,D14_Hashtag1,1,P2,0.18,True,P2,0.9983999841949132,7.37459659576416,7.115957736968994,0.5,0.0,0.0,0.0055555555555555,
D14_Hashtag1|C00037,2,0.7406747474163846,D14_Hashtag1,1,P2,0.66,True,P2,1.0,7.702877044677734,6.32847785949707,0.5,0.5,0.0,0.0055555555555555,IGHG
D14_Hashtag1|C00038,2,0.7406747474163846,D14_Hashtag1,1,P1,0.92,True,P1,0.9999959089758458,3.404052257537842,8.442270278930664,0.0,0.5,0.5,0.0,IGHG
D14_Hashtag1|C00039,2,0.7406747474163846,D14_Hashtag1,1,P2,1.0,True,P2,0.9999999999999858,11.452756881713867,3.3215081691741943,0.0,1.0,0.0,0.0,IGHG
D14_Hashtag1|C00040,2,0.7406747474163846,D14_Hashtag1,1,P1,1.0,True,P1,0.9994197078127852,3.312204599380493,8.700152397155762,0.0,1.0,0.0,0.0037878787878787,IGHG
D14_Hashtag1|C00041,2,0.7406747474163846,D14_Hashtag1,1,P2,0.92,True,P2,1.0,8.101276397705078,3.3890669345855717,0.0,1.0,0.0,0.0018726591760299,IGHG
D14_Hashtag1|C00042,2,0.7406747474163846,D14_Hashtag1,1,P1,1.0,True,P1,0.9999966277564756,2.828312873840332,9.465716361999512,0.0,0.0,0.0,0.0,
D14_Hashtag1|C00043,2,0.7406747474163846,D14_Hashtag1,1,P1,1.0,True,P1,0.9999789578478424,2.170032024383545,9.107975959777832,0.0,0.0,0.0,0.0,IGHM
D14_Hashtag1|C00044,2,0.7406747474163846,D14_Hashtag1,1,P2,0.54,True,P2,1.0,7.599575519561768,6.469243049621582,0.5,0.5,0.0,0.0055970149253731,IGHG
D14_Hashtag1|C00045,2,0.7406747474163846,D14_Hashtag1,1,P2,0.68,True,P2,0.9999999706617548,7.298601627349853,5.339226245880127,0.0,0.5,0.0,0.0,
D14_Hashtag1|C00046,2,0.7406747474163846,D14_Hashtag1,1,P1,1.0,True,P1,0.999877920406368,2.457768201828003,8.914887428283691,0.0,0.0,0.5,0.0,IGHM
D14_Hashtag1|C00047,2,0.7406747474163846,D14_Hashtag1,1,P2,0.32,True,P2,0.9999999999987635,6.91926908493042,7.013657093048096,1.0,0.0,0.0,0.0167010877048051,IGHG
D14_Hashtag1|C00048,2,0.7406747474163846,D14_Hashtag1,1,P1,1.0,True,P1,0.9999973534038764,2.6786136627197266,10.624117851257324,0.0,0.0,1.0,0.0037037037037037,IGHD
D14_Hashtag1|C00049,2,0.7406747474163846,D14_Hashtag1,1,P1,1.0,True,P1,0.9999999315355576,2.490108728408813,8.170350074768066,0.0,0.0,0.0,0.0,IGHM
D14_Hashtag1|C00050,2,0.7406747474163846,D14_Hashtag1,1,P1,0.76,True,P1,0.9977596658019128,3.94994068145752,8.935898780822754,0.0,0.0,0.0,0.0,IGHM
D14_Hashtag1|C00051,2,0.7406747474163846,D14_Hashtag1,1,P1,1.0,True,P1,0.9999950977561632,2.7297465801239014,9.558403968811035,0.0,0.0,0.5,0.0,
D14_Hashtag1|C00052,2,0.7406747474163846,D14_Hashtag1,1,P2,0.92,True,P2,1.0,8.070743560791016,3.493610620498657,0.0,1.0,0.0,0.0,IGHG
D14_Hashtag1|C00053,2,0.7406747474163846,D14_Hashtag1,1,P2,0.52,True,P2,0.9999999999999858,7.656814575195312,6.491077899932861,0.5,0.5,0.0,0.0,IGHG
D14_Hashtag1|C00054,2,0.7406747474163846,D14_Hashtag1,1,P1,1.0,True,P1,0.9999999336688769,3.8986778259277344,9.651922225952148,0.0,0.0,1.0,0.0,IGHM
D14_Hashtag1|C00055,2,0.7406747474163846,D14_Hashtag1,1,P2,1.0,True,P2,0.9999995743270896,11.898794174194336,5.555614471435547,0.0,1.0,0.0,0.0,IGHG
D14_Hashtag1|C00056,2,0.7406747474163846,D14_Hashtag1,1,P2,0.54,True,P2,1.0,7.723873615264893,6.057689666748047,0.5,0.5,0.0,0.0,
D14_Hashtag2|C00001,7,0.907411536977412,D14_Hashtag2,1,P1,0.8,True,P1,0.9998714876310656,4.221467971801758,7.515564918518066,0.0,1.0,0.0,0.0,IGHM
D14_Hashtag2|C00002,6,0.8937776020665111,D14_Hashtag2,1,P1,0.8,True,P1,0.999845897342386,4.264183044433594,7.546677112579346,0.0,1.0,0.0,0.0,IGHG
D14_Hashtag2|C00003,6,0.8937776020665111,D14_Hashtag2,1,P2,1.0,True,P2,0.9999999999486562,11.807817459106444,4.639832019805908,0.0,1.0,0.0,0.0,IGHG
D14_Hashtag2|C00004,5,0.8754251524597227,D14_Hashtag2,1,P2,1.0,True,P2,0.9999994142262106,10.94982624053955,5.427598476409912,0.0,1.0,0.0,0.0,IGHG
D14_Hashtag2|C00005,5,0.8754251524597227,D14_Hashtag2,1,P2,0.86,True,P2,0.999999979033774,8.061358451843262,5.459015369415283,0.2,0.8,0.0,0.0,IGHM
D14_Hashtag2|C00006,5,0.8754251524597227,D14_Hashtag2,1,P2,0.6,True,P2,0.9999999999832738,7.502452373504639,6.034028053283691,0.6,0.4,0.0,0.0021428571428571,IGHG
D14_Hashtag2|C00007,4,0.8493832887506325,D14_Hashtag2,1,P2,0.34,True,P2,1.0,7.188815116882324,7.86598539352417,0.75,0.25,0.0,0.0,IGHM
D14_Hashtag2|C00008,3,0.8095100617261608,D14_Hashtag2,1,P2,0.4,True,P2,0.9684000340201844,6.3982253074646,5.824484348297119,0.3333333333333333,0.3333333333333333,0.0,0.0035799624509301,IGHG
D14_Hashtag2|C00009,3,0.8095100617261608,D14_Hashtag2,1,P2,0.86,True,P2,0.999998840732705,7.566836833953857,5.256202697753906,0.0,0.6666666666666666,0.0,0.0,IGHG
D14_Hashtag2|C00010,3,0.8095100617261608,D14_Hashtag2,1,P2,0.94,True,P2,1.0,8.440813064575195,4.021395206451416,0.0,1.0,0.0,0.0,IGHG
D14_Hashtag2|C00011,3,0.8095100617261608,D14_Hashtag2,1,P1,1.0,True,P1,0.999999757153888,2.671792268753052,10.637983322143556,0.0,0.0,0.3333333333333333,0.0,IGHD
D14_Hashtag2|C00012,3,0.8095100617261608,D14_Hashtag2,1,P1,0.28,True,P1,0.998823940125787,6.547445297241211,7.889370918273926,0.0,0.6666666666666666,0.0,0.0,IGHM
D14_Hashtag2|C00013,3,0.8095100617261608,D14_Hashtag2,1,P2,0.72,True,P2,0.9999999998419185,11.254265785217283,4.251946926116943,0.0,0.6666666666666666,0.0,0.0037037037037037,IGHG
D14_Hashtag2|C00014,2,0.7406747474163846,D14_Hashtag2,1,P2,0.48,True,P2,0.9965210472220726,6.739105224609375,5.448282718658447,0.0,0.5,0.0,0.0,
D14_Hashtag2|C00015,2,0.7406747474163846,D14_Hashtag2,1,P2,0.62,True,P2,0.9999999999996092,7.74006462097168,5.764645576477051,0.5,0.5,0.0,0.0092592592592592,IGHG
D14_Hashtag2|C00016,2,0.7406747474163846,D14_Hashtag2,1,P1,0.68,True,P1,0.8653783841880763,5.604318141937256,7.601964473724365,1.0,0.0,0.0,0.0,IGHM
D14_Hashtag2|C00017,2,0.7406747474163846,D14_Hashtag2,1,P2,0.92,True,P2,1.0,7.476421356201172,3.372572183609009,0.0,1.0,0.0,0.0,IGHG
D14_Hashtag2|C00018,2,0.7406747474163846,D14_Hashtag2,1,P2,0.96,True,P2,1.0,7.524923324584961,3.721064805984497,0.0,1.0,0.0,0.0,IGHG
D14_Hashtag2|C00019,2,0.7406747474163846,D14_Hashtag2,1,P2,0.92,True,P2,1.0,7.717446327209473,3.2874135971069336,0.0,1.0,0.0,0.0,IGHG
D14_Hashtag2|C00020,2,0.7406747474163846,D14_Hashtag2,1,P2,0.92,True,P2,1.0,8.182778358459473,3.667616367340088,0.0,1.0,0.0,0.0261194029850746,IGHA
D14_Hashtag2|C00021,2,0.7406747474163846,D14_Hashtag2,1,P2,1.0,True,P2,1.0,11.052169799804688,2.91025447845459,0.0,1.0,0.0,0.0112781954887218,IGHG
D14_Hashtag2|C00022,2,0.7406747474163846,D14_Hashtag2,1,P1,1.0,True,P1,0.9999998970884204,3.764155864715576,9.845831871032717,0.0,0.0,0.0,0.0,IGHM
D14_Hashtag2|C00023,2,0.7406747474163846,D14_Hashtag2,1,P1,1.0,True,P1,0.9999975589577538,2.6948235034942627,10.5520601272583,0.0,0.0,0.0,0.0,IGHM
D14_Hashtag2|C00024,2,0.7406747474163846,D14_Hashtag2,1,P2,0.32,True,P2,1.0,6.9243483543396,6.956550598144531,1.0,0.0,0.0,0.0072463768115942,IGHM
D14_Hashtag2|C00025,2,0.7406747474163846,D14_Hashtag2,1,P1,1.0,True,P1,0.9999970867679708,2.0106160640716557,8.995610237121582,0.0,0.0,1.0,0.0,IGHD
D14_Hashtag2|C00026,2,0.7406747474163846,D14_Hashtag2,1,P2,0.92,True,P2,1.0,7.803443431854248,3.3696460723876958,0.0,1.0,0.0,0.0,IGHG
D14_Hashtag2|C00027,2,0.7406747474163846,D14_Hashtag2,1,P1,1.0,True,P1,0.9999761828283612,3.7149717807769775,9.915529251098633,0.0,0.0,0.5,0.0,IGHM
D14_Hashtag2|C00028,2,0.7406747474163846,D14_Hashtag2,1,P1,1.0,True,P1,0.9999954611625956,2.907333850860596,10.461688995361328,0.0,0.0,1.0,0.0,
D14_Hashtag2|C00029,2,0.7406747474163846,D14_Hashtag2,1,P1,1.0,True,P1,0.9999876341822928,3.13305926322937,11.04766845703125,0.0,0.0,0.0,0.0,IGHD
D14_Hashtag2|C00030,2,0.7406747474163846,D14_Hashtag2,1,P2,0.68,True,P2,0.998705867521368,6.924903869628906,5.550374984741211,0.0,0.5,0.5,0.0,IGHG
D14_Hashtag2|C00031,2,0.7406747474163846,D14_Hashtag2,1,P2,0.32,True,P2,1.0,6.908923149108887,6.962488651275635,1.0,0.0,0.0,0.0055555555555555,IGHG
D14_Hashtag2|C00032,2,0.7406747474163846,D14_Hashtag2,1,P2,1.0,True,P2,0.999999931856055,11.725204467773438,5.226044654846191,0.0,1.0,0.0,0.0,IGHG
D14_Hashtag2|C00033,2,0.7406747474163846,D14_Hashtag2,1,P1,1.0,True,P1,0.9999933516961924,2.824153184890747,10.878101348876951,0.0,0.0,0.0,0.0,
D14_Hashtag2|C00034,2,0.7406747474163846,D14_Hashtag2,1,P1,1.0,True,P1,0.9999812914853264,1.8962277173995967,9.767568588256836,0.0,0.0,0.0,0.0,
D14_Hashtag2|C00035,2,0.7406747474163846,D14_Hashtag2,1,P1,0.98,True,P1,0.9999932769566344,3.480153560638428,11.223909378051758,0.5,0.0,0.0,0.0037037037037037,
D14_Hashtag2|C00036,2,0.7406747474163846,D14_Hashtag2,1,P1,1.0,True,P1,0.9999143505381386,2.132303476333618,9.022276878356934,0.0,0.0,0.5,0.0,
D14_Hashtag2|C00037,2,0.7406747474163846,D14_Hashtag2,1,P2,0.2,True,P2,0.9999256287744372,7.139241218566895,7.401694297790527,0.5,0.0,0.0,0.0018518518518518,IGHG
D14_Hashtag2|C00038,2,0.7406747474163846,D14_Hashtag2,1,P1,1.0,True,P1,0.9999932295648052,3.48624324798584,9.898493766784668,0.0,0.0,0.0,0.0,
D14_Hashtag2|C00039,2,0.7406747474163846,D14_Hashtag2,1,P1,1.0,True,P1,0.9999965104366942,2.2083442211151123,9.016143798828123,0.0,0.0,0.0,0.0037037037037037,
D14_Hashtag2|C00040,2,0.7406747474163846,D14_Hashtag2,1,P2,0.64,True,P2,1.0,8.507549285888672,5.824532508850098,0.0,1.0,0.0,0.0,IGHG
D14_Hashtag2|C00041,2,0.7406747474163846,D14_Hashtag2,1,P1,1.0,True,P1,0.9999979274774536,2.64487099647522,10.572739601135254,0.0,0.0,1.0,0.0,
D14_Hashtag2|C00042,2,0.7406747474163846,D14_Hashtag2,1,P1,1.0,True,P1,0.999993154934324,2.603895425796509,10.358485221862791,0.0,0.0,0.0,0.0,IGHM
D14_Hashtag2|C00043,2,0.7406747474163846,D14_Hashtag2,1,P2,0.92,True,P2,1.0,7.510915756225586,3.6011993885040283,0.0,1.0,0.0,0.0,IGHG
D14_Hashtag2|C00044,2,0.7406747474163846,D14_Hashtag2,1,P1,1.0,True,P1,0.9999995811507768,2.7681610584259038,8.34730339050293,0.0,0.0,0.0,0.0,IGHM
D14_Hashtag2|C00045,2,0.7406747474163846,D14_Hashtag2,1,P1,1.0,True,P1,0.9999930230818092,2.74943208694458,10.251091003417969,0.0,0.0,0.0,0.0,IGHD
D14_Hashtag2|C00046,2,0.7406747474163846,D14_Hashtag2,1,P2,1.0,True,P2,1.0,11.204828262329102,2.960458278656006,0.0,1.0,0.0,0.0111111111111111,IGHG
D14_Hashtag2|C00047,2,0.7406747474163846,D14_Hashtag2,1,P1,0.8,True,P1,0.9655405745312484,6.333232879638672,7.983367919921875,0.0,0.0,0.0,0.0,
D14_Hashtag2|C00048,2,0.7406747474163846,D14_Hashtag2,1,P2,0.74,True,P2,1.0,8.537677764892578,5.761862754821777,0.0,1.0,0.0,0.0,
D14_Hashtag2|C00049,2,0.7406747474163846,D14_Hashtag2,1,P2,0.96,True,P2,1.0,8.434582710266113,5.235283374786377,0.0,1.0,0.0,0.0,IGHG
D14_Hashtag2|C00050,2,0.7406747474163846,D14_Hashtag2,1,P1,1.0,True,P1,0.9999956706184532,2.2510218620300293,9.517468452453612,0.0,0.0,0.0,0.0,IGHM
D14_Hashtag2|C00051,2,0.7406747474163846,D14_Hashtag2,1,P1,1.0,True,P1,0.9999783789662025,3.1645100116729736,8.843989372253418,0.0,0.0,0.5,0.0,
D14_Hashtag2|C00052,2,0.7406747474163846,D14_Hashtag2,1,P2,0.92,True,P2,1.0,7.639463901519775,3.2705976963043213,0.0,1.0,0.0,0.0,IGHG
D14_Hashtag3|C00001,6,0.8937776020665111,D14_Hashtag3,1,P2,0.74,True,P2,0.9879265131722308,7.076178073883057,5.419984340667725,0.0,0.6666666666666666,0.1666666666666666,0.0,IGHM
D14_Hashtag3|C00002,3,0.8095100617261608,D14_Hashtag3,1,P1,0.76,True,P1,0.9996312219694526,5.011978149414063,7.238467693328857,0.0,1.0,0.0,0.0,IGHM
D14_Hashtag3|C00003,3,0.8095100617261608,D14_Hashtag3,1,P1,0.74,True,P1,0.9903785552681388,4.686227798461914,7.056734085083008,0.0,0.6666666666666666,0.3333333333333333,0.0,IGHG
D14_Hashtag3|C00004,2,0.7406747474163846,D14_Hashtag3,1,P2,0.34,True,P2,1.0,6.846990585327148,7.161964416503906,1.0,0.0,0.0,0.0,
D14_Hashtag3|C00005,2,0.7406747474163846,D14_Hashtag3,1,P2,0.6,True,P2,0.9994537337594984,6.746699810028076,5.447103500366211,0.0,0.5,0.0,0.0,
D14_Hashtag3|C00006,2,0.7406747474163846,D14_Hashtag3,1,P2,1.0,True,P2,0.9999999999855902,10.317821502685549,4.132828712463379,0.0,1.0,0.0,0.0,IGHG
D14_Hashtag3|C00007,2,0.7406747474163846,D14_Hashtag3,1,P2,0.98,True,P2,1.0,9.452350616455078,3.6203982830047607,0.0,1.0,0.0,0.0,IGHM
D14_Hashtag3|C00008,2,0.7406747474163846,D14_Hashtag3,1,P2,0.92,True,P2,1.0,7.554211139678955,3.325711250305176,0.0,1.0,0.0,0.0,
D14_Hashtag3|C00009,2,0.7406747474163846,D14_Hashtag3,1,P1,1.0,True,P1,0.9999972780787328,2.5012524127960205,9.46201515197754,0.0,0.0,0.5,0.0,
D14_Hashtag3|C00010,2,0.7406747474163846,D14_Hashtag3,1,P2,0.92,True,P2,1.0,8.296404838562012,3.43302583694458,0.0,1.0,0.0,0.0074074074074074,IGHG
D14_Hashtag3|C00011,2,0.7406747474163846,D14_Hashtag3,1,P1,1.0,True,P1,0.9999997793801711,2.451625108718872,8.41679859161377,0.0,0.0,0.0,0.0,
D14_Hashtag3|C00012,2,0.7406747474163846,D14_Hashtag3,1,P1,0.74,True,P1,0.982670005107989,4.770781993865967,6.857645988464356,0.0,0.5,0.5,0.0,IGHM
D14_Hashtag3|C00013,2,0.7406747474163846,D14_Hashtag3,1,P1,1.0,True,P1,0.999999780582594,2.5180256366729736,8.207653045654297,0.0,0.0,0.5,0.0,IGHG
D14_Hashtag3|C00014,2,0.7406747474163846,D14_Hashtag3,1,P1,1.0,True,P1,0.9999894021071865,2.362601518630981,9.140857696533203,0.0,0.0,0.0,0.0,
D14_Hashtag3|C00015,2,0.7406747474163846,D14_Hashtag3,1,P2,0.92,True,P2,1.0,7.599596500396728,3.7452609539031982,0.0,1.0,0.0,0.0,IGHM
D14_Hashtag3|C00016,2,0.7406747474163846,D14_Hashtag3,1,P2,0.34,True,P2,1.0,7.372592449188232,6.79543399810791,1.0,0.0,0.0,0.0189393939393939,IGHG
D14_Hashtag3|C00017,2,0.7406747474163846,D14_Hashtag3,1,P2,0.64,True,P2,1.0,7.59282922744751,6.517320156097412,0.5,0.5,0.0,0.0037593984962406,IGHG
D14_Hashtag3|C00018,2,0.7406747474163846,D14_Hashtag3,1,P2,0.92,True,P2,1.0,8.15356731414795,3.535306453704834,0.0,1.0,0.0,0.0,IGHG
D14_Hashtag3|C00019,2,0.7406747474163846,D14_Hashtag3,1,P2,0.94,True,P2,1.0,7.399290561676025,3.7587814331054688,0.0,0.5,0.0,0.0,IGHG
D14_Hashtag3|C00020,2,0.7406747474163846,D14_Hashtag3,1,P1,1.0,True,P1,0.9999998393850392,2.5530292987823486,8.317245483398438,0.0,0.0,0.0,0.0053763440860215,
D14_Hashtag3|C00021,2,0.7406747474163846,D14_Hashtag3,1,P2,0.32,True,P2,0.9993172880395572,8.377514839172363,6.444377422332764,0.0,1.0,0.0,0.0,IGHG
D14_Hashtag3|C00022,2,0.7406747474163846,D14_Hashtag3,1,P2,0.66,True,P2,1.0,8.520230293273926,5.6174139976501465,0.0,1.0,0.0,0.0,
D14_Hashtag3|C00023,2,0.7406747474163846,D14_Hashtag3,1,P1,1.0,True,P1,0.9999970324892024,2.986755609512329,11.129728317260742,0.0,0.5,0.5,0.0,IGHG
D14_Hashtag3|C00024,2,0.7406747474163846,D14_Hashtag3,1,P1,1.0,True,P1,0.9999999994828171,2.5297393798828125,8.103155136108398,0.0,0.0,0.0,0.0,IGHM
D14_Hashtag3|C00025,2,0.7406747474163846,D14_Hashtag3,1,P1,1.0,True,P1,0.999984026248921,2.0390448570251465,9.092314720153809,0.0,0.0,0.5,0.0,IGHM
D14_Hashtag3|C00026,2,0.7406747474163846,D14_Hashtag3,1,P1,1.0,True,P1,0.9999934583667972,2.3390395641326904,9.292302131652832,0.0,0.0,0.0,0.0,IGHD
D14_Hashtag3|C00027,2,0.7406747474163846,D14_Hashtag3,1,P2,0.64,True,P2,0.9853994678444576,6.949400424957275,5.395519733428955,0.0,1.0,0.0,0.0106382978723404,IGHG
D14_Hashtag3|C00028,2,0.7406747474163846,D14_Hashtag3,1,P2,0.92,True,P2,1.0,7.86900520324707,3.3128883838653564,0.0,1.0,0.0,0.0,IGHG
D14_Hashtag3|C00029,2,0.7406747474163846,D14_Hashtag3,1,P2,0.92,True,P2,1.0,8.005154609680176,3.3903467655181885,0.0,1.0,0.0,0.0,IGHG
D14_Hashtag3|C00030,2,0.7406747474163846,D14_Hashtag3,1,P1,1.0,True,P1,0.9999927571616742,1.9956347942352293,8.9940824508667,0.0,0.0,0.0,0.0,IGHD
D14_Hashtag3|C00031,2,0.7406747474163846,D14_Hashtag3,1,P1,1.0,True,P1,0.9999995553672384,2.6559407711029053,10.559523582458496,0.0,0.0,0.0,0.0,IGHM
D14_Hashtag3|C00032,2,0.7406747474163846,D14_Hashtag3,1,P1,1.0,True,P1,0.9999989198364296,3.991779565811157,9.688727378845217,0.0,0.0,0.0,0.0,
D14_Hashtag3|C00033,2,0.7406747474163846,D14_Hashtag3,1,P1,1.0,True,P1,0.9999858855303848,2.245662212371826,8.987996101379395,0.0,0.0,0.0,0.0,
D14_Hashtag3|C00034,2,0.7406747474163846,D14_Hashtag3,1,P1,1.0,True,P1,0.999989779144522,2.394355058670044,8.958385467529297,0.0,0.0,0.5,0.0,
D14_Hashtag3|C00035,2,0.7406747474163846,D14_Hashtag3,1,P3,0.84,True,P3,0.9060135987488012,-0.7004494071006775,3.4840376377105717,0.0,0.0,0.0,0.0,IGHM
D14_Hashtag4|C00001,8,0.91794084465241,D14_Hashtag4,1,P1,0.54,True,P1,0.9894716452534452,5.319269180297852,7.403465270996094,0.375,0.625,0.0,0.0,IGHM
D14_Hashtag4|C00002,6,0.8937776020665111,D14_Hashtag4,1,P2,0.34,True,P2,1.0,6.888082981109619,7.229746341705322,0.1666666666666666,0.8333333333333334,0.0,0.0,IGHG
D14_Hashtag4|C00003,5,0.8754251524597227,D14_Hashtag4,1,P2,0.88,True,P2,1.0,7.79458475112915,3.937399864196777,0.0,1.0,0.0,0.0,IGHG
D14_Hashtag4|C00004,4,0.8493832887506325,D14_Hashtag4,1,P2,0.92,True,P2,1.0,8.236499786376953,3.652427911758423,0.0,1.0,0.0,0.0,IGHG
D14_Hashtag4|C00005,4,0.8493832887506325,D14_Hashtag4,1,P2,0.92,True,P2,1.0,7.737669944763184,3.79858660697937,0.0,1.0,0.0,0.0,IGHG
D14_Hashtag4|C00006,4,0.8493832887506325,D14_Hashtag4,1,P2,1.0,True,P2,1.0,11.415817260742188,2.948787212371826,0.0,1.0,0.0,0.0,IGHG
D14_Hashtag4|C00007,3,0.8095100617261608,D14_Hashtag4,1,P2,0.32,True,P2,1.0,6.953853130340576,7.19675874710083,1.0,0.0,0.0,0.0074074074074074,IGHG
D14_Hashtag4|C00008,3,0.8095100617261608,D14_Hashtag4,1,P2,0.92,True,P2,1.0,7.760907173156738,3.63378381729126,0.0,1.0,0.0,0.0,IGHG
D14_Hashtag4|C00009,3,0.8095100617261608,D14_Hashtag4,1,P2,0.92,True,P2,1.0,8.17782974243164,3.699832439422608,0.0,1.0,0.0,0.0,IGHM
D14_Hashtag4|C00010,3,0.8095100617261608,D14_Hashtag4,1,P1,1.0,True,P1,0.9999901277587374,2.7952566146850586,9.80006980895996,0.0,0.0,0.0,0.0,IGHM
D14_Hashtag4|C00011,3,0.8095100617261608,D14_Hashtag4,1,P1,0.28,True,P1,0.8322031754351664,5.098846912384033,6.659064292907715,0.0,1.0,0.0,0.0,IGHG
D14_Hashtag4|C00012,3,0.8095100617261608,D14_Hashtag4,1,P2,0.82,True,P2,0.999999996289418,7.300055980682373,4.798289775848389,0.0,0.6666666666666666,0.0,0.0011737089201877,IGHG
D14_Hashtag4|C00013,3,0.8095100617261608,D14_Hashtag4,1,P3,0.98,True,P3,1.0,-0.6758342981338501,3.5928196907043457,0.0,0.0,0.0,0.0,IGHM
D14_Hashtag4|C00014,2,0.7406747474163846,D14_Hashtag4,1,P2,0.64,True,P2,0.9999999999999928,7.474775791168213,5.886473655700684,0.5,0.5,0.0,0.0017857142857142,
D14_Hashtag4|C00015,2,0.7406747474163846,D14_Hashtag4,1,P2,0.94,True,P2,1.0,8.39612865447998,5.300840854644775,0.0,1.0,0.0,0.0,IGHM
D14_Hashtag4|C00016,2,0.7406747474163846,D14_Hashtag4,1,P2,0.94,True,P2,1.0,7.662111759185791,3.884707450866699,0.0,1.0,0.0,0.0,
D14_Hashtag4|C00017,2,0.7406747474163846,D14_Hashtag4,1,P2,0.56,True,P2,0.9999999999950332,7.594836235046387,5.83949613571167,0.0,1.0,0.0,0.0,IGHM
D14_Hashtag4|C00018,2,0.7406747474163846,D14_Hashtag4,1,P2,0.68,True,P2,0.9986078482708938,6.676712512969971,5.417032718658447,0.0,0.5,0.0,0.0,IGHM
D14_Hashtag4|C00019,2,0.7406747474163846,D14_Hashtag4,1,P1,0.38,True,P1,0.7713571798434576,5.109017372131348,6.80552339553833,0.0,1.0,0.0,0.0,IGHG
D14_Hashtag4|C00020,2,0.7406747474163846,D14_Hashtag4,1,P2,0.92,True,P2,1.0,7.468435287475586,3.425692319869995,0.0,1.0,0.0,0.0,IGHG
D14_Hashtag4|C00021,2,0.7406747474163846,D14_Hashtag4,1,P2,0.34,True,P2,1.0,7.401774883270264,6.761892795562744,1.0,0.0,0.0,0.0,IGHG
D14_Hashtag4|C00022,2,0.7406747474163846,D14_Hashtag4,1,P2,0.94,True,P2,1.0,7.435009956359863,3.6100282669067374,0.0,1.0,0.0,0.0,IGHM
D14_Hashtag4|C00023,2,0.7406747474163846,D14_Hashtag4,1,P2,0.78,True,P2,0.9949832985156268,5.23827075958252,6.444544792175293,0.0,1.0,0.0,0.0,IGHG
D14_Hashtag4|C00024,2,0.7406747474163846,D14_Hashtag4,1,P2,1.0,True,P2,1.0,11.061161041259766,2.940308094024658,0.0,1.0,0.0,0.0074074074074074,IGHG
D14_Hashtag4|C00025,2,0.7406747474163846,D14_Hashtag4,1,P2,0.98,True,P2,1.0,9.212183952331545,5.136147499084473,0.0,1.0,0.0,0.0,IGHG
D14_Hashtag4|C00026,2,0.7406747474163846,D14_Hashtag4,1,P1,1.0,True,P1,0.9999996675171288,2.576793670654297,8.100488662719727,0.0,0.0,0.0,0.0,
D14_Hashtag4|C00027,2,0.7406747474163846,D14_Hashtag4,1,P2,0.34,True,P2,0.999999999999929,6.793574333190918,7.940899848937988,0.0,1.0,0.0,0.0,IGHG
D14_Hashtag4|C00028,2,0.7406747474163846,D14_Hashtag4,1,P1,1.0,True,P1,0.999974975159181,3.10394287109375,10.222297668457031,0.0,0.0,1.0,0.0037593984962406,IGHD
D14_Hashtag4|C00029,2,0.7406747474163846,D14_Hashtag4,1,P2,0.66,True,P2,0.9999993766910176,6.756143093109131,5.470653057098389,0.5,0.5,0.0,0.0037037037037037,
D14_Hashtag4|C00030,2,0.7406747474163846,D14_Hashtag4,1,P2,1.0,True,P2,1.0,11.594564437866213,4.544546604156494,0.0,1.0,0.0,0.0,IGHG
D14_Hashtag4|C00031,2,0.7406747474163846,D14_Hashtag4,1,P1,0.96,True,P1,0.997975431488178,3.394439935684204,8.639861106872559,0.0,1.0,0.0,0.0037878787878787,IGHG
D14_Hashtag4|C00032,2,0.7406747474163846,D14_Hashtag4,1,P2,0.68,True,P2,0.999999999999872,7.523050785064697,6.026185035705566,0.5,0.5,0.0,0.0074074074074074,IGHM
D14_Hashtag4|C00033,2,0.7406747474163846,D14_Hashtag4,1,P1,1.0,True,P1,0.9999874488033204,3.141331434249878,9.62580108642578,0.0,0.0,0.0,0.0,IGHD
D14_Hashtag4|C00034,2,0.7406747474163846,D14_Hashtag4,1,P2,0.6,True,P2,0.9999984555057456,6.973079204559326,5.497300148010254,0.5,0.5,0.0,0.0,IGHG
D14_Hashtag4|C00035,2,0.7406747474163846,D14_Hashtag4,1,P1,1.0,True,P1,0.9999874638262364,3.2703068256378174,9.6494779586792,0.0,0.0,0.0,0.0,IGHD
D14_Hashtag4|C00036,2,0.7406747474163846,D14_Hashtag4,1,P2,1.0,True,P2,1.0,12.169641494750977,2.540706157684326,0.0,1.0,0.0,0.0,IGHG
D14_Hashtag4|C00037,2,0.7406747474163846,D14_Hashtag4,1,P1,1.0,True,P1,0.9999860473587834,2.743303775787353,9.43449592590332,0.0,0.0,0.0,0.0,
D14_Hashtag4|C00038,2,0.7406747474163846,D14_Hashtag4,1,P2,0.92,True,P2,1.0,7.614997386932373,3.311753988265991,0.0,1.0,0.0,0.0,
D14_Hashtag4|C00039,2,0.7406747474163846,D14_Hashtag4,1,P2,0.58,True,P2,0.9999999999999928,7.599493026733398,6.549648761749268,0.5,0.5,0.0,0.0055762081784386,IGHG
D14_Hashtag4|C00040,2,0.7406747474163846,D14_Hashtag4,1,P2,0.14,True,P2,0.9959636502504362,6.798027038574219,7.527308464050293,0.5,0.0,0.0,0.0074074074074074,
D14_Hashtag4|C00041,2,0.7406747474163846,D14_Hashtag4,1,P1,1.0,True,P1,0.999999994204842,2.274728775024414,8.7144136428833,0.0,0.0,0.0,0.0,IGHM
D14_Hashtag4|C00042,2,0.7406747474163846,D14_Hashtag4,1,P2,1.0,True,P2,0.9999999999999858,10.224981307983398,4.310886859893799,0.0,1.0,0.0,0.0,IGHG
D14_Hashtag4|C00043,2,0.7406747474163846,D14_Hashtag4,1,P2,0.5,True,P2,1.0,8.532918930053711,6.3274688720703125,0.0,1.0,0.0,0.0,IGHG
D14_Hashtag4|C00044,2,0.7406747474163846,D14_Hashtag4,1,P2,0.32,True,P2,1.0,6.486763954162598,7.712103366851807,0.0,0.0,0.0,0.0,
D14_Hashtag4|C00045,2,0.7406747474163846,D14_Hashtag4,1,P1,0.62,True,P1,0.9981749611518344,5.706547737121582,7.552817344665527,1.0,0.0,0.0,0.0,IGHG
D14_Hashtag4|C00046,2,0.7406747474163846,D14_Hashtag4,1,P1,0.24,True,P1,0.9878429969317384,5.049785614013672,6.612691879272461,0.0,1.0,0.0,0.0,IGHG
D14_Hashtag4|C00047,2,0.7406747474163846,D14_Hashtag4,1,P2,0.32,True,P2,1.0,6.827676296234131,7.085834503173828,1.0,0.0,0.0,0.0056892937179209,IGHG
D14_Hashtag4|C00048,2,0.7406747474163846,D14_Hashtag4,1,P3,1.0,True,P3,1.0,-0.6650486588478088,3.4693071842193604,0.0,0.0,0.0,0.0,IGHM
D14_Hashtag5|C00001,5,0.8754251524597227,D14_Hashtag5,1,P1,0.94,True,P1,0.9999913122880828,3.649391651153565,8.200468063354492,0.0,0.6,0.4,0.0,IGHG
D14_Hashtag5|C00002,4,0.8493832887506325,D14_Hashtag5,1,P2,0.92,True,P2,1.0,8.272068977355957,3.597620248794556,0.0,1.0,0.0,0.0,IGHG
D14_Hashtag5|C00003,4,0.8493832887506325,D14_Hashtag5,1,P2,0.98,True,P2,1.0,9.331831932067873,3.575319766998291,0.0,1.0,0.0,0.0,IGHM
D14_Hashtag5|C00004,4,0.8493832887506325,D14_Hashtag5,1,P2,1.0,True,P2,1.0,11.561397552490234,2.881823301315308,0.0,1.0,0.0,0.0,IGHG
D14_Hashtag5|C00005,4,0.8493832887506325,D14_Hashtag5,1,P2,0.84,True,P2,0.9999999999514984,7.461371898651123,4.339056015014648,0.0,1.0,0.0,0.0,IGHG
D14_Hashtag5|C00006,3,0.8095100617261608,D14_Hashtag5,1,P2,0.92,True,P2,1.0,8.111617088317871,3.45307993888855,0.0,1.0,0.0,0.0,IGHM
D14_Hashtag5|C00007,3,0.8095100617261608,D14_Hashtag5,1,P2,0.94,True,P2,1.0,9.070361137390137,3.530214548110962,0.0,1.0,0.0,0.0,IGHM
D14_Hashtag5|C00008,3,0.8095100617261608,D14_Hashtag5,1,P1,0.64,True,P1,0.9977540518778164,4.969076633453369,7.005697727203369,0.0,0.6666666666666666,0.3333333333333333,0.0,IGHG
D14_Hashtag5|C00009,3,0.8095100617261608,D14_Hashtag5,1,P2,0.76,True,P2,1.0,8.407938957214355,5.498763084411621,0.0,1.0,0.0,0.0,IGHG
D14_Hashtag5|C00010,3,0.8095100617261608,D14_Hashtag5,1,P3,1.0,True,P3,1.0,-0.5770271420478821,3.3462274074554443,0.0,0.0,0.0,0.0,IGHM
D14_Hashtag5|C00011,2,0.7406747474163846,D14_Hashtag5,1,P2,0.92,True,P2,1.0,7.541295051574707,3.884145975112915,0.0,1.0,0.0,0.0,IGHG
D14_Hashtag5|C00012,2,0.7406747474163846,D14_Hashtag5,1,P2,1.0,True,P2,1.0,11.228885650634766,2.9350907802581787,0.0,1.0,0.0,0.0114503816793893,IGHG
D14_Hashtag5|C00013,2,0.7406747474163846,D14_Hashtag5,1,P1,1.0,True,P1,0.9999998042480528,2.544450283050537,8.06104564666748,0.0,0.0,0.0,0.0,IGHM
D14_Hashtag5|C00014,2,0.7406747474163846,D14_Hashtag5,1,P2,0.62,True,P2,0.997181387890316,6.6697845458984375,5.514891624450684,0.0,0.5,0.0,0.0,
D14_Hashtag5|C00015,2,0.7406747474163846,D14_Hashtag5,1,P2,0.92,True,P2,1.0,7.728664398193359,3.687012434005737,0.0,1.0,0.0,0.0,IGHM
D14_Hashtag5|C00016,2,0.7406747474163846,D14_Hashtag5,1,P1,1.0,True,P1,0.999997746266938,2.888101816177368,9.593343734741213,0.0,0.0,0.5,0.0,IGHM
D14_Hashtag5|C00017,2,0.7406747474163846,D14_Hashtag5,1,P2,0.64,True,P2,0.9999999993619824,7.433777332305908,5.79430103302002,0.5,0.5,0.0,0.0,IGHG
D14_Hashtag5|C00018,2,0.7406747474163846,D14_Hashtag5,1,P2,0.92,True,P2,1.0,8.049695014953613,3.4437215328216557,0.0,1.0,0.0,0.003831417624521,IGHM
D14_Hashtag5|C00019,2,0.7406747474163846,D14_Hashtag5,1,P1,0.62,True,P1,0.9993706950171996,6.461276531219482,7.374964237213135,0.5,0.0,0.5,0.0056390977443609,
D14_Hashtag5|C00020,2,0.7406747474163846,D14_Hashtag5,1,P1,1.0,True,P1,0.9999938798322586,2.599432945251465,10.44945240020752,0.0,0.0,1.0,0.0,IGHD
D14_Hashtag5|C00021,2,0.7406747474163846,D14_Hashtag5,1,P2,0.92,True,P2,1.0,7.401143550872803,3.454768419265747,0.0,1.0,0.0,0.0,IGHG
D14_Hashtag5|C00022,2,0.7406747474163846,D14_Hashtag5,1,P1,1.0,True,P1,0.9999446888079078,1.335258722305298,9.663870811462402,0.0,0.0,0.0,0.0,IGHD
D14_Hashtag5|C00023,2,0.7406747474163846,D14_Hashtag5,1,P2,0.64,True,P2,1.0,8.51435375213623,5.693202495574951,0.0,1.0,0.0,0.0,IGHG
D14_Hashtag5|C00024,2,0.7406747474163846,D14_Hashtag5,1,P2,0.92,True,P2,1.0,7.705620765686035,3.6793136596679688,0.0,1.0,0.0,0.0,IGHG
D14_Hashtag5|C00025,2,0.7406747474163846,D14_Hashtag5,1,P2,0.64,True,P2,0.9999950675466353,6.741171836853027,5.47711181640625,0.5,0.5,0.0,0.0,IGHM
D14_Hashtag5|C00026,2,0.7406747474163846,D14_Hashtag5,1,P2,0.3,True,P2,0.999999999940087,6.841238975524902,7.95359468460083,1.0,0.0,0.0,0.0,IGHG
D14_Hashtag5|C00027,2,0.7406747474163846,D14_Hashtag5,1,P2,0.96,True,P2,1.0,9.50678539276123,4.011119842529297,0.0,1.0,0.0,0.0,IGHM
D14_Hashtag5|C00028,2,0.7406747474163846,D14_Hashtag5,1,P1,1.0,True,P1,0.9999990436901268,3.2824673652648926,9.585132598876951,0.0,0.0,1.0,0.0,
D14_Hashtag5|C00029,2,0.7406747474163846,D14_Hashtag5,1,P1,0.76,True,P1,0.9997182254586388,5.537688255310059,7.628905296325684,1.0,0.0,0.0,0.0,IGHD
D14_Hashtag5|C00030,2,0.7406747474163846,D14_Hashtag5,1,P1,1.0,True,P1,0.9999972530906188,2.705742835998535,10.579031944274902,0.0,0.0,1.0,0.0,IGHD
D14_Hashtag5|C00031,2,0.7406747474163846,D14_Hashtag5,1,P1,1.0,True,P1,0.999999971527402,2.943455934524536,8.893892288208008,0.0,0.0,1.0,0.0,IGHD
D14_Hashtag5|C00032,2,0.7406747474163846,D14_Hashtag5,1,P2,0.94,True,P2,1.0,7.565183639526367,4.089654445648193,0.0,1.0,0.0,0.0,
D14_Hashtag5|C00033,2,0.7406747474163846,D14_Hashtag5,1,P2,0.72,True,P2,1.0,8.457058906555176,5.7405290603637695,0.0,1.0,0.0,0.0,IGHG
D14_Hashtag5|C00034,2,0.7406747474163846,D14_Hashtag5,1,P2,1.0,True,P2,1.0,10.956744194030762,2.942375421524048,0.0,1.0,0.0,0.0074626865671641,IGHG
D14_Hashtag5|C00035,2,0.7406747474163846,D14_Hashtag5,1,P2,0.48,True,P2,0.8253618854336285,6.661737442016602,5.445931434631348,0.0,0.5,0.0,0.0055555555555555,
D14_Hashtag5|C00036,2,0.7406747474163846,D14_Hashtag5,1,P1,0.38,True,P1,0.5213024818798594,5.792614459991455,6.314620494842529,0.0,0.5,0.0,0.0,
D14_Hashtag5|C00037,2,0.7406747474163846,D14_Hashtag5,1,P1,0.96,True,P1,0.999997220693356,3.425278425216675,8.424788475036621,0.0,1.0,0.0,0.0037878787878787,IGHG
D14_Hashtag5|C00038,2,0.7406747474163846,D14_Hashtag5,1,P2,0.34,True,P2,1.0,7.400327205657959,6.909783363342285,1.0,0.0,0.0,0.0037593984962406,IGHG
D14_Hashtag5|C00039,2,0.7406747474163846,D14_Hashtag5,1,P2,1.0,True,P2,0.9999999999999928,11.429269790649414,3.858837366104126,0.0,1.0,0.0,0.0,IGHG
D14_Hashtag5|C00040,2,0.7406747474163846,D14_Hashtag5,1,P1,0.74,True,P1,0.9626599300964676,4.565108299255371,6.942487716674805,0.0,1.0,0.0,0.0,IGHG
D14_Hashtag5|C00041,2,0.7406747474163846,D14_Hashtag5,1,P1,0.58,True,P1,0.999330910269206,5.008866786956787,6.790580749511719,0.0,0.5,0.5,0.0,IGHG
D14_Hashtag5|C00042,2,0.7406747474163846,D14_Hashtag5,1,P1,1.0,True,P1,0.9999958292326034,2.964935302734375,9.42821216583252,0.0,0.0,0.0,0.0,IGHD
D14_Hashtag5|C00043,2,0.7406747474163846,D14_Hashtag5,1,P2,0.34,True,P2,1.0,7.124245643615723,7.946781635284424,0.5,0.5,0.0,0.0,IGHM
D14_Hashtag5|C00044,2,0.7406747474163846,D14_Hashtag5,1,P2,0.92,True,P2,1.0,7.506431579589844,3.885910749435425,0.0,1.0,0.0,0.0,IGHG
D14_Hashtag5|C00045,2,0.7406747474163846,D14_Hashtag5,1,P2,0.5,True,P2,1.0,8.579912185668945,6.802994251251221,0.0,1.0,0.0,0.0037037037037037,IGHG
D14_Hashtag5|C00046,2,0.7406747474163846,D14_Hashtag5,1,P2,0.34,True,P2,0.9999999999987566,6.972892284393311,7.246816635131836,1.0,0.0,0.0,0.0071942446043165,IGHM
D14_Hashtag5|C00047,2,0.7406747474163846,D14_Hashtag5,1,P2,0.22,True,P2,0.9982537905895909,6.790506839752197,7.555631637573242,0.5,0.0,0.0,0.0018518518518518,
D14_Hashtag5|C00048,2,0.7406747474163846,D14_Hashtag5,1,P2,0.92,True,P2,1.0,7.592806339263916,3.6981043815612793,0.0,1.0,0.0,0.0,IGHM
D14_Hashtag5|C00049,2,0.7406747474163846,D14_Hashtag5,1,P2,0.64,True,P2,0.9999999999998792,7.613733291625977,6.509228706359863,0.5,0.5,0.0,0.0074074074074074,IGHG
D14_Hashtag5|C00050,2,0.7406747474163846,D14_Hashtag5,1,P2,0.34,True,P2,1.0,7.281516075134277,6.864002227783203,1.0,0.0,0.0,0.0111593519391888,IGHG
D14_Hashtag5|C00051,2,0.7406747474163846,D14_Hashtag5,1,P1,0.36,True,P1,0.524989630491778,5.096630096435547,6.779007434844971,0.0,1.0,0.0,0.0,IGHG
D14_Hashtag5|C00052,2,0.7406747474163846,D14_Hashtag5,1,P2,1.0,True,P2,1.0,11.928322792053224,2.787254810333252,0.0,1.0,0.0,0.0,IGHG
D4_Hashtag2|C00001,3,0.8095100617261608,D4_Hashtag2,1,P1,1.0,True,P1,0.99999175616725,2.3533761501312256,10.188180923461914,0.0,0.0,0.0,0.0,IGHM
D4_Hashtag2|C00002,3,0.8095100617261608,D4_Hashtag2,1,P3,1.0,True,P3,1.0,-0.6366921067237854,3.245568037033081,0.0,0.0,0.0,0.0,IGHM
D4_Hashtag2|C00003,2,0.7406747474163846,D4_Hashtag2,1,P1,1.0,True,P1,0.999999999946418,2.11081600189209,11.989867210388184,0.0,0.0,0.0,0.0,IGHM
D4_Hashtag2|C00004,2,0.7406747474163846,D4_Hashtag2,1,P1,1.0,True,P1,0.9999731100849392,0.506058394908905,11.188072204589844,0.0,0.0,0.0,0.0,IGHM
D4_Hashtag2|C00005,2,0.7406747474163846,D4_Hashtag2,1,P1,1.0,True,P1,0.999909520284689,5.177957057952881,10.447531700134276,0.0,0.0,0.0,0.0,IGHM
D4_Hashtag2|C00006,2,0.7406747474163846,D4_Hashtag2,1,P1,1.0,True,P1,0.9999515658158434,4.337413787841797,11.377535820007324,0.0,0.0,0.0,0.0,IGHM
D4_Hashtag2|C00007,2,0.7406747474163846,D4_Hashtag2,1,P1,1.0,True,P1,0.9999992975690526,2.509290933609009,8.216012954711914,0.0,0.0,0.0,0.0,IGHM
D4_Hashtag2|C00008,2,0.7406747474163846,D4_Hashtag2,1,P1,1.0,True,P1,0.9999965977430246,1.1541873216629028,9.460474967956545,0.0,0.0,0.0,0.0,IGHM
D4_Hashtag2|C00009,2,0.7406747474163846,D4_Hashtag2,1,P1,1.0,True,P1,0.9998769485068644,1.7912421226501465,9.718833923339844,0.0,0.0,0.0,0.0,IGHM
D4_Hashtag2|C00010,2,0.7406747474163846,D4_Hashtag2,1,P1,1.0,True,P1,0.9999957011601625,4.127256393432617,10.696612358093262,0.0,0.0,0.0,0.0,
D4_Hashtag2|C00011,2,0.7406747474163846,D4_Hashtag2,1,P1,1.0,True,P1,0.999953214735784,3.710960865020752,10.53563117980957,0.0,0.0,0.0,0.0,
D4_Hashtag2|C00012,2,0.7406747474163846,D4_Hashtag2,1,P1,1.0,True,P1,0.999985177891658,1.5635205507278442,9.278470039367676,0.0,0.0,0.0,0.0,IGHM
D4_Hashtag2|C00013,2,0.7406747474163846,D4_Hashtag2,1,P1,1.0,True,P1,0.9999997101674432,3.784244775772095,11.971220970153809,0.0,0.0,1.0,0.0,IGHM
D4_Hashtag2|C00014,2,0.7406747474163846,D4_Hashtag2,1,P1,1.0,True,P1,0.9999818795094626,1.5063785314559937,9.563777923583984,0.0,0.0,0.5,0.0,
D4_Hashtag2|C00015,2,0.7406747474163846,D4_Hashtag2,1,P1,1.0,True,P1,0.999975781910415,3.770277738571167,11.9653959274292,0.0,0.0,0.0,0.0,
D4_Hashtag2|C00016,2,0.7406747474163846,D4_Hashtag2,1,P1,1.0,True,P1,0.9999954070380742,3.7848360538482666,10.58035945892334,0.0,0.0,0.5,0.0,IGHM
D4_Hashtag2|C00017,2,0.7406747474163846,D4_Hashtag2,1,P1,1.0,True,P1,0.9999889664938212,3.5951128005981445,10.819642066955566,0.0,0.0,0.0,0.0,
D4_Hashtag2|C00018,2,0.7406747474163846,D4_Hashtag2,1,P1,1.0,True,P1,0.999992855570652,3.7311782836914062,11.908211708068848,0.0,0.0,0.5,0.0,
D4_Hashtag2|C00019,2,0.7406747474163846,D4_Hashtag2,1,P1,1.0,True,P1,0.9999727117837184,1.614955186843872,9.714526176452637,0.0,0.0,0.0,0.0,IGHM
D4_Hashtag2|C00020,2,0.7406747474163846,D4_Hashtag2,1,P1,0.82,True,P1,0.9983708245047844,4.12436056137085,9.17531681060791,0.0,0.0,0.0,0.0,IGHM
D4_Hashtag2|C00021,2,0.7406747474163846,D4_Hashtag2,1,P1,1.0,True,P1,0.9999968283839552,3.016038417816162,11.13415241241455,0.0,0.0,0.0,0.0,
D4_Hashtag2|C00022,2,0.7406747474163846,D4_Hashtag2,1,P1,1.0,True,P1,0.9999999201196236,0.4019665420055389,11.3617582321167,0.0,0.0,0.0,0.0,IGHM
D4_Hashtag2|C00023,2,0.7406747474163846,D4_Hashtag2,1,P1,1.0,True,P1,0.999938354474084,4.073424816131592,10.743356704711914,0.0,0.0,0.0,0.0,IGHM
D4_Hashtag2|C00024,2,0.7406747474163846,D4_Hashtag2,1,P1,1.0,True,P1,0.9999923714285268,1.774498701095581,10.216903686523438,0.0,0.0,0.0,0.0,IGHM
D4_Hashtag2|C00025,2,0.7406747474163846,D4_Hashtag2,1,P1,1.0,True,P1,0.9999999861753324,4.74124813079834,10.481294631958008,0.0,0.0,0.0,0.0,IGHD
D4_Hashtag2|C00026,2,0.7406747474163846,D4_Hashtag2,1,P1,1.0,True,P1,0.999984444346196,4.045372486114502,10.86104965209961,0.0,0.0,0.0,0.0,
D4_Hashtag2|C00027,2,0.7406747474163846,D4_Hashtag2,1,P1,1.0,True,P1,0.9996604991139976,1.641058087348938,10.832598686218262,0.0,0.0,0.0,0.0,IGHM
D4_Hashtag2|C00028,2,0.7406747474163846,D4_Hashtag2,1,P1,1.0,True,P1,0.9999845882265272,3.696934938430786,11.975964546203612,0.0,0.0,0.0,0.0,IGHM
D4_Hashtag2|C00029,2,0.7406747474163846,D4_Hashtag2,1,P1,1.0,True,P1,0.9999602725955696,2.133229732513428,10.160311698913574,0.0,0.0,0.0,0.0,
D4_Hashtag2|C00030,2,0.7406747474163846,D4_Hashtag2,1,P1,1.0,True,P1,0.9999793884345368,1.2792189121246338,9.656359672546388,0.0,0.0,0.0,0.0,IGHM
D4_Hashtag2|C00031,2,0.7406747474163846,D4_Hashtag2,1,P1,1.0,True,P1,0.9999726873176996,1.2627559900283811,11.60903549194336,0.0,0.0,0.0,0.0,IGHM
D4_Hashtag2|C00032,2,0.7406747474163846,D4_Hashtag2,1,P1,1.0,True,P1,0.9998377468876574,1.6239608526229858,10.857853889465332,0.0,0.0,0.0,0.0,IGHM
D4_Hashtag2|C00033,2,0.7406747474163846,D4_Hashtag2,1,P1,1.0,True,P1,0.9999847502045246,4.214083671569824,11.452948570251465,0.0,0.0,0.0,0.0,
D4_Hashtag2|C00034,2,0.7406747474163846,D4_Hashtag2,1,P1,1.0,True,P1,0.9999698959459468,2.046812057495117,11.23941707611084,0.0,0.0,0.0,0.0,IGHM
D4_Hashtag2|C00035,2,0.7406747474163846,D4_Hashtag2,1,P1,1.0,True,P1,0.9999971162376168,1.2087156772613523,9.547194480895996,0.0,0.0,0.0,0.0,IGHM
D4_Hashtag2|C00036,2,0.7406747474163846,D4_Hashtag2,1,P1,1.0,True,P1,0.9999991107131312,4.06387996673584,10.515429496765137,0.0,0.0,0.0,0.0,
D4_Hashtag2|C00037,2,0.7406747474163846,D4_Hashtag2,1,P1,1.0,True,P1,0.9996963209045978,5.149178504943848,10.399508476257324,0.0,0.0,0.0,0.0,IGHM
D4_Hashtag3|C00001,7,0.907411536977412,D4_Hashtag3,1,P3,1.0,True,P3,1.0,-0.5769248008728027,3.1978976726531982,0.0,0.0,0.0,0.0,IGHM
D4_Hashtag3|C00002,3,0.8095100617261608,D4_Hashtag3,1,P1,1.0,True,P1,0.9999009060533288,4.191997051239014,9.20201301574707,0.0,0.0,0.0,0.0,IGHM
D4_Hashtag3|C00003,3,0.8095100617261608,D4_Hashtag3,1,P1,1.0,True,P1,0.9999571473745246,2.935129880905152,9.969706535339355,0.0,0.0,0.0,0.0,IGHM
D4_Hashtag3|C00004,3,0.8095100617261608,D4_Hashtag3,1,P1,1.0,True,P1,0.9999986910545472,2.1003224849700928,10.494915962219238,0.0,0.0,0.0,0.0,IGHM
D4_Hashtag3|C00005,3,0.8095100617261608,D4_Hashtag3,1,P1,1.0,True,P1,0.9999990163619408,1.7683098316192627,11.58867645263672,0.0,0.0,0.0,0.0,IGHM
D4_Hashtag3|C00006,3,0.8095100617261608,D4_Hashtag3,1,P1,1.0,True,P1,0.9999996702114065,3.776999950408936,11.57513427734375,0.0,0.0,0.0,0.0,IGHM
D4_Hashtag3|C00007,2,0.7406747474163846,D4_Hashtag3,1,P1,1.0,True,P1,0.9999945098553342,3.1231682300567627,11.477798461914062,0.0,0.0,0.0,0.0,IGHM
D4_Hashtag3|C00008,2,0.7406747474163846,D4_Hashtag3,1,P1,1.0,True,P1,0.9999848354549556,3.72735333442688,11.47792625427246,0.0,0.0,0.0,0.0,IGHM
D4_Hashtag3|C00009,2,0.7406747474163846,D4_Hashtag3,1,P1,1.0,True,P1,0.9999785298739716,1.624439358711243,9.725788116455078,0.0,0.0,0.0,0.0,IGHM
D4_Hashtag3|C00010,2,0.7406747474163846,D4_Hashtag3,1,P1,1.0,True,P1,0.9999055082043564,2.890615940093994,9.818325996398926,0.0,0.0,0.0,0.0,IGHM
D4_Hashtag3|C00011,2,0.7406747474163846,D4_Hashtag3,1,P1,1.0,True,P1,0.999998462219554,2.876603126525879,11.221654891967772,0.0,0.0,1.0,0.0,IGHM
D4_Hashtag3|C00012,2,0.7406747474163846,D4_Hashtag3,1,P1,1.0,True,P1,0.9541910886360904,5.284611701965332,10.552101135253906,0.0,0.0,0.0,0.0,IGHM
D4_Hashtag3|C00013,2,0.7406747474163846,D4_Hashtag3,1,P1,1.0,True,P1,0.9999868282292024,3.433490514755249,11.53114414215088,0.0,0.0,0.0,0.0,
D4_Hashtag3|C00014,2,0.7406747474163846,D4_Hashtag3,1,P1,1.0,True,P1,0.9999450049851694,0.3599346280097961,11.354181289672852,0.0,0.0,0.0,0.0,IGHM
D4_Hashtag3|C00015,2,0.7406747474163846,D4_Hashtag3,1,P1,1.0,True,P1,0.9967468190488356,0.5002970695495605,11.398959159851074,0.0,0.0,0.0,0.0,
D4_Hashtag3|C00016,2,0.7406747474163846,D4_Hashtag3,1,P1,1.0,True,P1,0.9999896514425332,3.073169231414795,10.868889808654783,0.0,0.0,0.0,0.0,IGHM
D4_Hashtag3|C00017,2,0.7406747474163846,D4_Hashtag3,1,P1,1.0,True,P1,0.9999339096767794,3.530618667602539,10.84670352935791,0.0,0.0,0.0,0.0,IGHM
D4_Hashtag3|C00018,2,0.7406747474163846,D4_Hashtag3,1,P1,1.0,True,P1,0.9999993500958888,4.694620609283447,10.383858680725098,0.0,0.0,0.0,0.0,IGHM
D4_Hashtag3|C00019,2,0.7406747474163846,D4_Hashtag3,1,P1,1.0,True,P1,0.9884726996372843,2.038410425186157,9.801448822021484,0.0,0.0,1.0,0.0,
D4_Hashtag3|C00020,2,0.7406747474163846,D4_Hashtag3,1,P1,1.0,True,P1,0.9991430054178534,2.102704763412476,9.793753623962402,0.0,0.0,0.0,0.0,IGHM
D4_Hashtag3|C00021,2,0.7406747474163846,D4_Hashtag3,1,P1,1.0,True,P1,0.9999802480241304,1.5555684566497805,11.764348030090332,0.0,0.0,0.0,0.0,IGHM
D4_Hashtag3|C00022,2,0.7406747474163846,D4_Hashtag3,1,P1,1.0,True,P1,0.9999927373057016,3.707141399383545,10.486591339111328,0.0,0.0,0.0,0.0,IGHM
D4_Hashtag3|C00023,2,0.7406747474163846,D4_Hashtag3,1,P1,1.0,True,P1,0.9999883994311872,3.631366491317749,11.635345458984377,0.0,0.0,0.0,0.0,
D4_Hashtag3|C00024,2,0.7406747474163846,D4_Hashtag3,1,P1,1.0,True,P1,0.9996813700730542,1.5931215286254885,9.557716369628906,0.0,0.0,0.0,0.0,IGHD
D4_Hashtag3|C00025,2,0.7406747474163846,D4_Hashtag3,1,P1,1.0,True,P1,0.9997579766500992,1.492937088012695,10.41652774810791,0.0,0.0,0.0,0.0,IGHM
D4_Hashtag3|C00026,2,0.7406747474163846,D4_Hashtag3,1,P1,1.0,True,P1,0.9997915530148386,1.1893620491027832,9.599374771118164,0.0,0.0,0.0,0.0,IGHM
D4_Hashtag3|C00027,2,0.7406747474163846,D4_Hashtag3,1,P1,1.0,True,P1,0.9999468553996343,2.9275176525115967,9.94276523590088,0.0,0.0,0.0,0.0,IGHM
D4_Hashtag3|C00028,2,0.7406747474163846,D4_Hashtag3,1,P1,1.0,True,P1,0.9999899813901376,1.4118613004684448,9.445032119750977,0.0,0.0,0.0,0.0,IGHM
D4_Hashtag3|C00029,2,0.7406747474163846,D4_Hashtag3,1,P1,1.0,True,P1,0.9999805004057049,0.6197706460952759,11.428550720214844,0.0,0.0,0.0,0.0,IGHD
D4_Hashtag3|C00030,2,0.7406747474163846,D4_Hashtag3,1,P1,1.0,True,P1,0.9997343986036,5.22981071472168,10.7077054977417,0.0,0.0,0.0,0.0,IGHM
D4_Hashtag3|C00031,2,0.7406747474163846,D4_Hashtag3,1,P1,1.0,True,P1,0.9999786781285396,1.1982475519180298,9.635581970214844,0.0,0.0,0.0,0.0,IGHM
D4_Hashtag3|C00032,2,0.7406747474163846,D4_Hashtag3,1,P1,1.0,True,P1,0.9999896942767476,3.526554584503174,10.40045166015625,0.0,0.0,0.0,0.0,IGHM
D4_Hashtag3|C00033,2,0.7406747474163846,D4_Hashtag3,1,P1,1.0,True,P1,0.9999865781633782,3.533151865005493,11.790194511413574,0.0,0.0,0.0,0.0,IGHM
D4_Hashtag3|C00034,2,0.7406747474163846,D4_Hashtag3,1,P1,1.0,True,P1,0.9998765612949314,3.117083072662353,10.001029014587402,0.0,0.0,0.0,0.0,
D4_Hashtag3|C00035,2,0.7406747474163846,D4_Hashtag3,1,P1,1.0,True,P1,0.9999934870588372,1.4663628339767456,11.76254653930664,0.0,0.0,0.0,0.0,IGHM
D4_Hashtag3|C00036,2,0.7406747474163846,D4_Hashtag3,1,P1,1.0,True,P1,0.999893515651706,4.482815265655518,10.99795627593994,0.0,0.0,0.0,0.0,IGHM
D4_Hashtag3|C00037,2,0.7406747474163846,D4_Hashtag3,1,P1,1.0,True,P1,0.9999869058321404,2.9448063373565674,11.124032020568848,0.0,0.0,0.0,0.0,IGHM
D4_Hashtag3|C00038,2,0.7406747474163846,D4_Hashtag3,1,P1,1.0,True,P1,0.9999905652082356,3.663910388946533,11.609820365905762,0.0,0.0,1.0,0.0,
D4_Hashtag3|C00039,2,0.7406747474163846,D4_Hashtag3,1,P1,1.0,True,P1,0.9999990783650772,1.739164113998413,11.82880687713623,0.0,0.0,0.0,0.0,IGHM
D4_Hashtag3|C00040,2,0.7406747474163846,D4_Hashtag3,1,P1,1.0,True,P1,0.9998197295034128,4.433699131011963,10.8768892288208,0.0,0.0,0.0,0.0018518518518518,
D4_Hashtag3|C00041,2,0.7406747474163846,D4_Hashtag3,1,P1,1.0,True,P1,0.9999960804978162,3.2704806327819824,11.501306533813477,0.0,0.0,0.0,0.0,IGHM
D4_Hashtag3|C00042,2,0.7406747474163846,D4_Hashtag3,1,P1,1.0,True,P1,0.9999994473538044,0.3697416484355926,11.403656959533691,0.0,0.0,0.0,0.0,
D4_Hashtag3|C00043,2,0.7406747474163846,D4_Hashtag3,1,P1,1.0,True,P1,0.9984933460590778,4.989458560943604,10.25568962097168,0.0,0.0,0.0,0.0,IGHM
D4_Hashtag3|C00044,2,0.7406747474163846,D4_Hashtag3,1,P1,1.0,True,P1,0.9999951412735244,0.7369158864021301,11.432929039001465,0.0,0.0,0.0,0.0,IGHM
D4_Hashtag3|C00045,2,0.7406747474163846,D4_Hashtag3,1,P1,1.0,True,P1,0.9999917878539836,4.837004661560059,10.454180717468262,0.0,0.0,0.0,0.0,IGHM
D4_Hashtag3|C00046,2,0.7406747474163846,D4_Hashtag3,1,P1,1.0,True,P1,0.9999893126402069,3.702712297439575,10.285139083862305,0.0,0.0,0.0,0.0,IGHM
D4_Hashtag3|C00047,2,0.7406747474163846,D4_Hashtag3,1,P1,1.0,True,P1,0.9999925106650596,3.6542367935180655,12.03085708618164,0.0,0.0,1.0,0.0,IGHM
D4_Hashtag3|C00048,2,0.7406747474163846,D4_Hashtag3,1,P1,1.0,True,P1,0.9999686455991526,4.069855690002441,9.781424522399902,0.0,0.0,0.0,0.0,IGHM
D4_Hashtag3|C00049,2,0.7406747474163846,D4_Hashtag3,1,P1,1.0,True,P1,0.9999998864860152,2.310163974761963,11.664209365844728,0.0,0.0,0.0,0.0,
D4_Hashtag3|C00050,2,0.7406747474163846,D4_Hashtag3,1,P1,1.0,True,P1,0.9999982219078766,4.098147392272949,9.936737060546877,0.0,0.0,0.0,0.0,IGHM
D4_Hashtag3|C00051,2,0.7406747474163846,D4_Hashtag3,1,P1,1.0,True,P1,0.9999999344634056,2.9714744091033936,11.68095588684082,0.0,0.0,0.0,0.0,IGHM
D4_Hashtag3|C00052,2,0.7406747474163846,D4_Hashtag3,1,P1,1.0,True,P1,0.99998862034666,4.073162078857422,10.484551429748535,0.0,0.0,0.0,0.0,
D4_Hashtag3|C00053,2,0.7406747474163846,D4_Hashtag3,1,P1,1.0,True,P1,0.999997596558888,1.5037195682525637,11.751856803894045,0.0,0.0,0.0,0.0,IGHM
D4_Hashtag3|C00054,2,0.7406747474163846,D4_Hashtag3,1,P1,1.0,True,P1,0.9999974730701476,1.1366214752197266,9.644983291625977,0.0,0.0,0.0,0.0,
D4_Hashtag3|C00055,2,0.7406747474163846,D4_Hashtag3,1,P1,1.0,True,P1,0.999994737401713,1.890083909034729,11.457170486450195,0.0,0.0,0.0,0.0,
D4_Hashtag3|C00056,2,0.7406747474163846,D4_Hashtag3,1,P3,1.0,True,P3,1.0,-0.7243764400482178,3.4511735439300537,0.0,0.0,0.0,0.0,IGHM
D4_Hashtag3|C00057,2,0.7406747474163846,D4_Hashtag3,1,P1,1.0,True,P1,0.9999861380210988,3.792259931564331,10.881952285766602,0.0,0.0,0.0,0.0,
D4_Hashtag3|C00058,2,0.7406747474163846,D4_Hashtag3,1,P1,1.0,True,P1,0.9999926550880094,3.198194742202759,9.94716739654541,0.0,0.0,0.0,0.0,IGHM
D4_Hashtag3|C00059,2,0.7406747474163846,D4_Hashtag3,1,P1,1.0,True,P1,0.994512178672395,1.149173140525818,11.593316078186035,0.0,0.0,0.0,0.0,IGHM
D4_Hashtag4|C00001,5,0.8754251524597227,D4_Hashtag4,1,P3,1.0,True,P3,1.0,-0.6169024705886841,3.248889684677124,0.0,0.0,0.0,0.0,IGHM
D4_Hashtag4|C00002,3,0.8095100617261608,D4_Hashtag4,1,P1,1.0,True,P1,0.9999999141152536,3.792912721633911,11.892187118530272,0.0,0.0,0.6666666666666666,0.0,IGHD
D4_Hashtag4|C00003,3,0.8095100617261608,D4_Hashtag4,1,P1,1.0,True,P1,0.9999999883538636,2.006147861480713,12.01499843597412,0.0,0.0,0.0,0.0,IGHM
D4_Hashtag4|C00004,2,0.7406747474163846,D4_Hashtag4,1,P1,1.0,True,P1,0.9999661252420956,1.4135897159576416,9.69893741607666,0.0,0.0,0.0,0.0,IGHM
D4_Hashtag4|C00005,2,0.7406747474163846,D4_Hashtag4,1,P1,1.0,True,P1,0.9909790515403416,0.5937089323997498,11.463895797729492,0.0,0.0,0.0,0.0,IGHM
D4_Hashtag4|C00006,2,0.7406747474163846,D4_Hashtag4,1,P1,1.0,True,P1,0.999913306568278,4.263143062591553,9.817705154418944,0.0,0.0,0.0,0.0,IGHM
D4_Hashtag4|C00007,2,0.7406747474163846,D4_Hashtag4,1,P1,1.0,True,P1,0.999978553295217,1.3691067695617676,9.21479034423828,0.0,0.0,0.0,0.0,
D4_Hashtag4|C00008,2,0.7406747474163846,D4_Hashtag4,1,P1,1.0,True,P1,0.9963573979564172,1.0035089254379272,11.593533515930176,0.0,0.0,0.0,0.0,IGHM
D4_Hashtag4|C00009,2,0.7406747474163846,D4_Hashtag4,1,P1,0.98,True,P1,0.9999297380652082,3.754737615585327,9.130820274353027,0.0,0.0,0.0,0.0,IGHM
D4_Hashtag4|C00010,2,0.7406747474163846,D4_Hashtag4,1,P1,1.0,True,P1,0.9999707517965436,4.057913780212402,11.68723964691162,0.0,0.0,0.5,0.0,
D4_Hashtag4|C00011,2,0.7406747474163846,D4_Hashtag4,1,P1,1.0,True,P1,0.9999860067845464,5.207228660583496,10.387359619140623,0.0,0.0,0.0,0.0,IGHM
D4_Hashtag4|C00012,2,0.7406747474163846,D4_Hashtag4,1,P1,1.0,True,P1,0.999999952769586,2.79126238822937,11.527440071105955,0.0,0.0,0.0,0.0,IGHM
D4_Hashtag4|C00013,2,0.7406747474163846,D4_Hashtag4,1,P1,1.0,True,P1,0.9999999838319412,2.6266679763793945,8.35467529296875,0.0,0.0,0.5,0.0,
D4_Hashtag4|C00014,2,0.7406747474163846,D4_Hashtag4,1,P1,1.0,True,P1,0.9999989427944956,1.950850486755371,10.420504570007324,0.0,0.0,0.0,0.0,
D4_Hashtag4|C00015,2,0.7406747474163846,D4_Hashtag4,1,P1,1.0,True,P1,0.9999886945343528,4.036517143249512,10.21876335144043,0.0,0.0,0.5,0.0,IGHM
D4_Hashtag4|C00016,2,0.7406747474163846,D4_Hashtag4,1,P1,1.0,True,P1,0.9999888686857844,1.5989850759506226,9.802538871765137,0.0,0.0,0.5,0.0,
D4_Hashtag4|C00017,2,0.7406747474163846,D4_Hashtag4,1,P1,1.0,True,P1,0.9999980794592996,3.297267436981201,11.15013313293457,0.0,0.0,0.0,0.0,IGHM
D4_Hashtag4|C00018,2,0.7406747474163846,D4_Hashtag4,1,P1,1.0,True,P1,0.9999802934263116,0.342737466096878,11.346478462219238,0.0,0.0,0.0,0.0,
D4_Hashtag4|C00019,2,0.7406747474163846,D4_Hashtag4,1,P1,1.0,True,P1,0.9999928332202211,1.7894970178604126,9.091553688049316,0.0,0.0,0.0,0.0,IGHM
D4_Hashtag4|C00020,2,0.7406747474163846,D4_Hashtag4,1,P1,1.0,True,P1,0.9999994620309182,0.4691227972507477,11.459988594055176,0.0,0.0,0.0,0.0,IGHM
D4_Hashtag4|C00021,2,0.7406747474163846,D4_Hashtag4,1,P1,1.0,True,P1,0.9999980738139632,3.405179023742676,12.00348949432373,0.0,0.0,0.0,0.0,IGHM
D4_Hashtag4|C00022,2,0.7406747474163846,D4_Hashtag4,1,P1,1.0,True,P1,0.9999999833774212,2.9281599521636963,11.903763771057127,0.0,0.0,0.0,0.0,IGHM
D4_Hashtag4|C00023,2,0.7406747474163846,D4_Hashtag4,1,P1,1.0,True,P1,0.9999611731147946,3.214512348175049,10.615124702453612,0.0,0.0,0.0,0.0,IGHM
D4_Hashtag4|C00024,2,0.7406747474163846,D4_Hashtag4,1,P1,0.86,True,P1,0.9992484306597303,3.925342798233032,9.030595779418944,0.0,0.0,0.0,0.0,IGHM
D4_Hashtag4|C00025,2,0.7406747474163846,D4_Hashtag4,1,P1,1.0,True,P1,0.9999975898184542,1.2318135499954224,10.054341316223145,0.0,0.0,0.0,0.0,IGHM
D4_Hashtag4|C00026,2,0.7406747474163846,D4_Hashtag4,1,P1,1.0,True,P1,0.9999683217422684,4.657865524291992,10.59300708770752,0.0,0.0,0.0,0.0,IGHM
D4_Hashtag4|C00027,2,0.7406747474163846,D4_Hashtag4,1,P1,1.0,True,P1,0.9999955252403014,2.416912794113159,10.63807773590088,0.0,0.0,0.0,0.0,IGHM
D4_Hashtag4|C00028,2,0.7406747474163846,D4_Hashtag4,1,P1,1.0,True,P1,0.9999927831989552,0.9291383624076844,9.771014213562012,0.0,0.0,0.0,0.0,
D4_Hashtag4|C00029,2,0.7406747474163846,D4_Hashtag4,1,P1,1.0,True,P1,0.9999952575597792,3.657446146011353,10.092155456542969,0.0,0.0,0.0,0.0,IGHM
D4_Hashtag4|C00030,2,0.7406747474163846,D4_Hashtag4,1,P1,1.0,True,P1,0.9999750154934098,2.3585779666900635,11.842954635620115,0.0,0.0,0.0,0.0,IGHM
D4_Hashtag4|C00031,2,0.7406747474163846,D4_Hashtag4,1,P1,1.0,True,P1,0.9999726822577788,4.470468521118164,11.236520767211914,0.0,0.0,0.5,0.0,
D4_Hashtag4|C00032,2,0.7406747474163846,D4_Hashtag4,1,P1,1.0,True,P1,0.9999989371267296,1.1003155708312988,9.53633975982666,0.0,0.0,0.0,0.0,
D4_Hashtag4|C00033,2,0.7406747474163846,D4_Hashtag4,1,P1,1.0,True,P1,0.999991873304846,1.8865973949432373,10.914070129394531,0.0,0.0,0.0,0.0,
D4_Hashtag4|C00034,2,0.7406747474163846,D4_Hashtag4,1,P1,1.0,True,P1,0.9998866687266732,4.228703022003174,9.695133209228516,0.0,0.0,0.0,0.0,IGHM
D4_Hashtag4|C00035,2,0.7406747474163846,D4_Hashtag4,1,P1,1.0,True,P1,0.9999892071342276,1.4932323694229126,9.541499137878418,0.0,0.0,0.0,0.0,IGHM
D4_Hashtag4|C00036,2,0.7406747474163846,D4_Hashtag4,1,P1,1.0,True,P1,0.9999675604887568,0.6439427733421326,11.461312294006348,0.0,0.0,0.0,0.0,IGHM
D4_Hashtag4|C00037,2,0.7406747474163846,D4_Hashtag4,1,P1,1.0,True,P1,0.9999982925903846,1.1367852687835691,9.48799991607666,0.0,0.0,0.0,0.0,IGHM
D4_Hashtag4|C00038,2,0.7406747474163846,D4_Hashtag4,1,P1,1.0,True,P1,0.999936433966062,3.7454352378845215,11.923911094665527,0.0,0.0,0.0,0.0,
D4_Hashtag4|C00039,2,0.7406747474163846,D4_Hashtag4,1,P1,1.0,True,P1,0.9999923447800668,4.3695244789123535,10.40724277496338,0.0,0.0,0.0,0.0,IGHM
D4_Hashtag4|C00040,2,0.7406747474163846,D4_Hashtag4,1,P1,1.0,True,P1,0.9999905019989948,1.4774771928787231,9.626548767089844,0.0,0.0,0.0,0.0,IGHM
D4_Hashtag4|C00041,2,0.7406747474163846,D4_Hashtag4,1,P1,1.0,True,P1,0.9999515091221978,4.604608058929443,10.998960494995115,0.0,0.0,0.0,0.0,
D4_Hashtag4|C00042,2,0.7406747474163846,D4_Hashtag4,1,P1,1.0,True,P1,0.9999993768328276,0.9103374481201172,9.866997718811035,0.0,0.0,0.0,0.0,
D4_Hashtag4|C00043,2,0.7406747474163846,D4_Hashtag4,1,P1,1.0,True,P1,0.9999995712647728,0.9316802620887756,9.758977890014648,0.0,0.0,0.0,0.0,
D4_Hashtag4|C00044,2,0.7406747474163846,D4_Hashtag4,1,P1,1.0,True,P1,0.9999997372111754,0.8708178400993347,9.773131370544434,0.0,0.0,0.0,0.0,IGHD
D4_Hashtag4|C00045,2,0.7406747474163846,D4_Hashtag4,1,P1,1.0,True,P1,0.999998776306266,3.7194204330444336,12.034393310546877,0.0,0.0,1.0,0.0,IGHD
D4_Hashtag4|C00046,2,0.7406747474163846,D4_Hashtag4,1,P1,1.0,True,P1,0.9999969423207056,1.695298194885254,11.711491584777832,0.0,0.0,0.5,0.0,IGHM
D4_Hashtag4|C00047,2,0.7406747474163846,D4_Hashtag4,1,P1,1.0,True,P1,0.995715035312434,4.222661972045898,9.58864974975586,0.0,0.0,1.0,0.0,IGHM
D4_Hashtag4|C00048,2,0.7406747474163846,D4_Hashtag4,1,P1,1.0,True,P1,0.999966427231659,4.608919620513916,11.100189208984377,0.0,0.0,0.0,0.0,
D4_Hashtag4|C00049,2,0.7406747474163846,D4_Hashtag4,1,P1,1.0,True,P1,0.9979295220864978,4.887946605682373,10.41645622253418,0.0,0.0,0.0,0.0,IGHD
D4_Hashtag4|C00050,2,0.7406747474163846,D4_Hashtag4,1,P3,1.0,True,P3,1.0,-0.6557798981666565,3.4151175022125244,0.0,0.0,0.0,0.0,IGHM
D4_Hashtag4|C00051,2,0.7406747474163846,D4_Hashtag4,1,P1,1.0,True,P1,0.9999177797315676,1.436689019203186,9.338216781616213,0.0,0.0,0.0,0.0,
D4_Hashtag4|C00052,2,0.7406747474163846,D4_Hashtag4,1,P1,1.0,True,P1,0.9999999998957918,2.144258737564087,11.99140739440918,0.0,0.0,0.0,0.0,IGHM
D4_Hashtag4|C00053,2,0.7406747474163846,D4_Hashtag4,1,P2,0.34,True,P2,1.0,7.470034122467041,7.259060382843018,1.0,0.0,0.0,0.0,IGHM
D4_Hashtag4|C00054,2,0.7406747474163846,D4_Hashtag4,1,P3,0.9,True,P3,0.9999999987556408,-0.679388165473938,3.545073986053467,0.0,0.0,0.0,0.0,IGHM
D4_Hashtag5|C00001,7,0.907411536977412,D4_Hashtag5,1,P3,1.0,True,P3,1.0,-0.6500422954559326,3.266964673995972,0.0,0.0,0.0,0.0,IGHM
D4_Hashtag5|C00002,5,0.8754251524597227,D4_Hashtag5,1,P3,1.0,True,P3,1.0,-0.5962234735488892,3.275623321533203,0.0,0.0,0.0,0.0,IGHM
D4_Hashtag5|C00003,4,0.8493832887506325,D4_Hashtag5,1,P1,1.0,True,P1,0.9999995473746596,0.8946172595024109,9.941333770751951,0.0,0.0,0.0,0.0,IGHM
D4_Hashtag5|C00004,4,0.8493832887506325,D4_Hashtag5,1,P3,1.0,True,P3,1.0,-0.7198609709739685,3.477532386779785,0.0,0.0,0.0,0.0,IGHM
D4_Hashtag5|C00005,3,0.8095100617261608,D4_Hashtag5,1,P1,1.0,True,P1,0.9999711377364976,2.35662055015564,10.11586856842041,0.0,0.0,0.0,0.0,IGHM
D4_Hashtag5|C00006,3,0.8095100617261608,D4_Hashtag5,1,P1,1.0,True,P1,0.9999862275971878,1.6871907711029053,11.113938331604004,0.0,0.0,0.0,0.0,IGHD
D4_Hashtag5|C00007,2,0.7406747474163846,D4_Hashtag5,1,P3,1.0,True,P3,0.9999999999995168,-0.7621203660964966,3.374509572982788,0.0,0.0,0.0,0.0,IGHM
D4_Hashtag5|C00008,2,0.7406747474163846,D4_Hashtag5,1,P2,0.7,True,P2,0.9997859261786676,6.997818470001221,5.35386323928833,0.0,0.5,0.0,0.0,IGHM
D4_Hashtag5|C00009,2,0.7406747474163846,D4_Hashtag5,1,P1,1.0,True,P1,0.9999952568330396,3.4484784603118896,11.351469993591309,0.0,0.0,0.0,0.0,IGHM
D4_Hashtag5|C00010,2,0.7406747474163846,D4_Hashtag5,1,P1,1.0,True,P1,0.999929466047772,4.207582473754883,9.780967712402344,0.0,0.0,0.0,0.0,IGHM
D4_Hashtag5|C00011,2,0.7406747474163846,D4_Hashtag5,1,P1,0.9,True,P1,0.9475683414680348,4.25064754486084,9.127534866333008,0.0,0.0,0.0,0.0,IGHM
D4_Hashtag5|C00012,2,0.7406747474163846,D4_Hashtag5,1,P1,1.0,True,P1,0.9999864139323112,1.958579540252685,10.367079734802246,0.0,0.0,0.0,0.0,IGHM
D4_Hashtag5|C00013,2,0.7406747474163846,D4_Hashtag5,1,P1,1.0,True,P1,0.9999984921379194,1.4936575889587402,11.50954246520996,0.0,0.0,0.0,0.0,IGHM
D4_Hashtag5|C00014,2,0.7406747474163846,D4_Hashtag5,1,P1,1.0,True,P1,0.9999982348628952,1.7714147567749023,10.797890663146973,0.0,0.0,0.0,0.0,IGHM
D4_Hashtag5|C00015,2,0.7406747474163846,D4_Hashtag5,1,P1,1.0,True,P1,0.9999999583517464,0.4699009954929352,11.500097274780272,0.0,0.0,0.0,0.0,
D4_Hashtag5|C00016,2,0.7406747474163846,D4_Hashtag5,1,P1,1.0,True,P1,0.9999990536116956,1.6938574314117432,11.694175720214844,0.0,0.0,0.0,0.0,IGHM
D4_Hashtag5|C00017,2,0.7406747474163846,D4_Hashtag5,1,P1,1.0,True,P1,0.999999106743574,1.698858380317688,11.878228187561035,0.0,0.0,0.0,0.0,IGHM
D4_Hashtag5|C00018,2,0.7406747474163846,D4_Hashtag5,1,P1,1.0,True,P1,0.999818828928925,0.3115254342556,11.423383712768556,0.0,0.0,0.0,0.0,
D4_Hashtag5|C00019,2,0.7406747474163846,D4_Hashtag5,1,P1,1.0,True,P1,0.9999960279866555,3.2824838161468506,9.284683227539062,0.0,0.0,0.0,0.0,
D4_Hashtag5|C00020,2,0.7406747474163846,D4_Hashtag5,1,P1,1.0,True,P1,0.9991172152557676,4.558196544647217,11.205161094665527,0.0,0.0,0.0,0.0,
D4_Hashtag5|C00021,2,0.7406747474163846,D4_Hashtag5,1,P1,1.0,True,P1,0.9997240801439382,2.4616048336029053,11.888379096984863,0.0,0.0,0.0,0.0,
D4_Hashtag5|C00022,2,0.7406747474163846,D4_Hashtag5,1,P1,1.0,True,P1,0.9999820846685292,1.684377670288086,10.580754280090332,0.0,0.0,0.0,0.0,IGHM
D4_Hashtag5|C00023,2,0.7406747474163846,D4_Hashtag5,1,P1,1.0,True,P1,0.9999799585299536,3.7842395305633545,11.967741012573242,0.0,0.0,0.0,0.0,
D4_Hashtag5|C00024,2,0.7406747474163846,D4_Hashtag5,1,P1,1.0,True,P1,0.999978869646963,3.759692907333374,10.56537914276123,0.0,0.0,0.5,0.0,IGHM
D4_Hashtag5|C00025,2,0.7406747474163846,D4_Hashtag5,1,P1,1.0,True,P1,0.9999865575367134,4.322634696960449,11.378897666931152,0.0,0.0,0.0,0.0,IGHM
D4_Hashtag5|C00026,2,0.7406747474163846,D4_Hashtag5,1,P1,1.0,True,P1,0.9999983134596432,0.6171377301216125,11.491273880004885,0.0,0.0,0.0,0.0,IGHM
D4_Hashtag5|C00027,2,0.7406747474163846,D4_Hashtag5,1,P1,1.0,True,P1,0.9999951579615486,1.138999342918396,9.668597221374512,0.0,0.0,0.0,0.0,IGHM
D4_Hashtag5|C00028,2,0.7406747474163846,D4_Hashtag5,1,P1,1.0,True,P1,0.9999983559081486,1.679706573486328,11.108434677124023,0.0,0.0,0.0,0.0,IGHM
D4_Hashtag5|C00029,2,0.7406747474163846,D4_Hashtag5,1,P1,1.0,True,P1,0.9999960573858988,3.1815195083618164,11.38148307800293,0.0,0.0,0.0,0.0,IGHM
D4_Hashtag5|C00030,2,0.7406747474163846,D4_Hashtag5,1,P1,1.0,True,P1,0.9999973110819892,3.6593594551086426,10.677530288696287,0.0,0.0,0.0,0.0,IGHM
D4_Hashtag5|C00031,2,0.7406747474163846,D4_Hashtag5,1,P1,1.0,True,P1,0.9999875707059486,4.169036388397217,9.778680801391602,0.0,0.0,0.0,0.0,IGHM
D4_Hashtag5|C00032,2,0.7406747474163846,D4_Hashtag5,1,P1,1.0,True,P1,0.9999751485363229,4.614156246185303,11.1320219039917,0.0,0.0,0.0,0.0,
D4_Hashtag5|C00033,2,0.7406747474163846,D4_Hashtag5,1,P1,1.0,True,P1,0.9999873421667802,4.531776905059815,10.18586254119873,0.0,0.0,0.0,0.0,IGHM
D4_Hashtag5|C00034,2,0.7406747474163846,D4_Hashtag5,1,P2,0.24,True,P2,0.9996177696800024,6.992553234100342,7.609655857086182,0.5,0.0,0.0,0.0,
D4_Hashtag5|C00035,2,0.7406747474163846,D4_Hashtag5,1,P1,1.0,True,P1,0.999954401601074,4.334364891052246,11.248860359191896,0.0,0.0,0.5,0.0,IGHM
D4_Hashtag5|C00036,2,0.7406747474163846,D4_Hashtag5,1,P1,1.0,True,P1,0.9999894826244138,4.151130676269531,10.577140808105469,0.0,0.0,0.0,0.0,IGHM
D4_Hashtag5|C00037,2,0.7406747474163846,D4_Hashtag5,1,P1,1.0,True,P1,0.9999997434371196,3.603991985321045,10.191231727600098,0.0,0.0,0.5,0.0,IGHM
D4_Hashtag5|C00038,2,0.7406747474163846,D4_Hashtag5,1,P1,1.0,True,P1,0.9999950443085636,4.512955188751221,10.518375396728516,0.0,0.0,0.0,0.0,IGHM
D4_Hashtag5|C00039,2,0.7406747474163846,D4_Hashtag5,1,P1,1.0,True,P1,0.999985514251606,1.5831645727157593,10.56538200378418,0.0,0.0,0.0,0.0,IGHM
D4_Hashtag5|C00040,2,0.7406747474163846,D4_Hashtag5,1,P1,1.0,True,P1,0.9999922747013672,3.243635654449463,10.200332641601562,0.0,0.0,0.0,0.0,
D4_Hashtag5|C00041,2,0.7406747474163846,D4_Hashtag5,1,P1,1.0,True,P1,0.9999678972500492,0.4258186221122741,11.183539390563965,0.0,0.0,0.0,0.0,
D4_Hashtag5|C00042,2,0.7406747474163846,D4_Hashtag5,1,P1,1.0,True,P1,0.999987884730166,2.706475257873535,10.653366088867188,0.0,0.0,0.0,0.0,
D4_Hashtag5|C00043,2,0.7406747474163846,D4_Hashtag5,1,P1,0.98,True,P1,0.9997205623441774,4.2280683517456055,9.15164852142334,0.0,0.0,0.0,0.0,
D4_Hashtag5|C00044,2,0.7406747474163846,D4_Hashtag5,1,P1,1.0,True,P1,0.99994178685707,1.633989334106445,11.057494163513184,0.0,0.0,0.0,0.0,
D4_Hashtag5|C00045,2,0.7406747474163846,D4_Hashtag5,1,P1,1.0,True,P1,0.9999967173009188,0.4323481321334839,11.365131378173828,0.0,0.0,0.0,0.0,IGHM
D4_Hashtag5|C00046,2,0.7406747474163846,D4_Hashtag5,1,P1,1.0,True,P1,0.9999918459479228,1.4190224409103394,9.474133491516112,0.0,0.0,0.0,0.0,IGHM
D4_Hashtag5|C00047,2,0.7406747474163846,D4_Hashtag5,1,P1,1.0,True,P1,0.9999990949316004,0.8588664531707764,9.721024513244627,0.0,0.0,0.0,0.0,
D4_Hashtag5|C00048,2,0.7406747474163846,D4_Hashtag5,1,P1,1.0,True,P1,0.9999974744175464,3.768336534500122,10.649226188659668,0.0,0.0,0.0,0.0,IGHD
D4_Hashtag5|C00049,2,0.7406747474163846,D4_Hashtag5,1,P1,1.0,True,P1,0.9999793671700938,3.3305823802948,10.278979301452637,0.0,0.0,0.0,0.0,IGHM
D4_Hashtag5|C00050,2,0.7406747474163846,D4_Hashtag5,1,P1,1.0,True,P1,0.9999747523879048,1.8816646337509155,10.600770950317385,0.0,0.0,0.0,0.0,IGHM
D4_Hashtag5|C00051,2,0.7406747474163846,D4_Hashtag5,1,P1,1.0,True,P1,0.999268411834805,4.87667989730835,10.624225616455078,0.0,0.0,0.0,0.0,
D4_Hashtag5|C00052,2,0.7406747474163846,D4_Hashtag5,1,P1,1.0,True,P1,0.9999944834984366,1.769890546798706,10.515524864196776,0.0,0.0,0.0,0.0,IGHM
D4_Hashtag5|C00053,2,0.7406747474163846,D4_Hashtag5,1,P1,1.0,True,P1,0.9951782167031828,0.7074081897735596,11.478164672851562,0.0,0.0,0.0,0.0,IGHM
D4_Hashtag5|C00054,2,0.7406747474163846,D4_Hashtag5,1,P1,1.0,True,P1,0.9999897149192652,0.7716159820556641,11.285699844360352,0.0,0.0,0.0,0.0,
D4_Hashtag5|C00055,2,0.7406747474163846,D4_Hashtag5,1,P1,1.0,True,P1,0.999999830384624,1.829285740852356,11.251124382019045,0.0,0.0,0.0,0.0,IGHM
D4_Hashtag5|C00056,2,0.7406747474163846,D4_Hashtag5,1,P1,0.86,True,P1,0.9981514956782784,4.301002025604248,9.19806671142578,0.0,0.0,0.0,0.0,
D4_Hashtag5|C00057,2,0.7406747474163846,D4_Hashtag5,1,P1,1.0,True,P1,0.9999999254616256,4.105640411376953,10.557604789733888,0.0,0.0,0.0,0.0,
D4_Hashtag5|C00058,2,0.7406747474163846,D4_Hashtag5,1,P1,1.0,True,P1,0.9999947803253464,4.034099578857422,10.72330379486084,0.0,0.0,0.0,0.0,IGHM
D4_Hashtag5|C00059,2,0.7406747474163846,D4_Hashtag5,1,P1,1.0,True,P1,0.9999904975385626,1.737529754638672,11.630985260009766,0.0,0.0,0.0,0.0,IGHM
D4_Hashtag5|C00060,2,0.7406747474163846,D4_Hashtag5,1,P1,1.0,True,P1,0.9999937756682318,3.3317134380340576,10.319463729858398,0.0,0.0,0.0,0.0,IGHM
D4_Hashtag5|C00061,2,0.7406747474163846,D4_Hashtag5,1,P1,1.0,True,P1,0.9999559527793483,3.9844601154327393,10.972737312316896,0.0,0.0,0.0,0.0,IGHM
D4_Hashtag5|C00062,2,0.7406747474163846,D4_Hashtag5,1,P1,1.0,True,P1,0.8908250275181253,5.201599597930908,10.41551113128662,0.0,0.0,0.0,0.0,IGHM
D4_Hashtag5|C00063,2,0.7406747474163846,D4_Hashtag5,1,P1,1.0,True,P1,0.983971358017132,2.462774991989136,8.268224716186523,0.0,0.0,0.0,0.0185185185185185,IGHA
D4_Hashtag5|C00064,2,0.7406747474163846,D4_Hashtag5,1,P1,1.0,True,P1,0.999999999710802,1.929732203483581,11.94670581817627,0.0,0.0,0.0,0.0,IGHM
D7_Hashtag1|C00001,4,0.8493832887506325,D7_Hashtag1,1,P3,1.0,True,P3,1.0,-0.6045601963996887,3.251663446426392,0.0,0.0,0.0,0.0,IGHM
D7_Hashtag1|C00002,2,0.7406747474163846,D7_Hashtag1,1,P1,1.0,True,P1,0.9999953541710968,3.261836528778076,10.935542106628418,0.0,0.0,0.0,0.0,IGHM
D7_Hashtag1|C00003,2,0.7406747474163846,D7_Hashtag1,1,P1,1.0,True,P1,0.9999873699969236,3.9422359466552734,11.233195304870604,0.0,0.0,0.5,0.0,
D7_Hashtag1|C00004,2,0.7406747474163846,D7_Hashtag1,1,P1,1.0,True,P1,0.99998095034623,2.5139851570129395,9.878629684448242,0.0,0.0,0.0,0.0,
D7_Hashtag1|C00005,2,0.7406747474163846,D7_Hashtag1,1,P1,1.0,True,P1,0.9999951904329106,2.4694440364837646,10.614559173583984,0.0,0.0,0.5,0.0,IGHM
D7_Hashtag1|C00006,2,0.7406747474163846,D7_Hashtag1,1,P1,1.0,True,P1,0.9999986173609622,0.9747342467308044,9.891347885131836,0.0,0.0,0.0,0.0,IGHM
D7_Hashtag1|C00007,2,0.7406747474163846,D7_Hashtag1,1,P1,1.0,True,P1,0.9999953818914432,3.20552921295166,10.26248264312744,0.0,0.0,0.5,0.0,
D7_Hashtag1|C00008,2,0.7406747474163846,D7_Hashtag1,1,P1,1.0,True,P1,0.999980296684704,2.418217182159424,9.808859825134276,0.0,0.0,0.0,0.0,IGHM
D7_Hashtag1|C00009,2,0.7406747474163846,D7_Hashtag1,1,P1,1.0,True,P1,0.999992809353532,3.4035074710845947,10.146389961242676,0.0,0.0,0.5,0.0,
D7_Hashtag1|C00010,2,0.7406747474163846,D7_Hashtag1,1,P1,1.0,True,P1,0.999987188448217,2.154920816421509,10.04234790802002,0.0,0.0,0.0,0.0,IGHM
D7_Hashtag1|C00011,2,0.7406747474163846,D7_Hashtag1,1,P1,1.0,True,P1,0.999995926902652,3.4431276321411133,10.966364860534668,0.0,0.0,0.0,0.0,IGHD
D7_Hashtag1|C00012,2,0.7406747474163846,D7_Hashtag1,1,P1,1.0,True,P1,0.9999985694709466,4.090645790100098,9.75705623626709,0.0,0.0,0.5,0.0,
D7_Hashtag1|C00013,2,0.7406747474163846,D7_Hashtag1,1,P1,1.0,True,P1,0.999594747175604,4.133245468139648,9.173781394958496,0.0,0.0,0.0,0.0,IGHM
D7_Hashtag1|C00014,2,0.7406747474163846,D7_Hashtag1,1,P1,1.0,True,P1,0.9999274863682835,2.5270261764526367,9.495936393737791,0.0,0.0,0.0,0.0,
D7_Hashtag1|C00015,2,0.7406747474163846,D7_Hashtag1,1,P1,1.0,True,P1,0.9999986065498422,5.000799655914307,10.165083885192873,0.0,0.0,0.0,0.0,
D7_Hashtag1|C00016,2,0.7406747474163846,D7_Hashtag1,1,P3,1.0,True,P3,1.0,-0.6587428450584412,3.4705898761749268,0.0,0.0,0.0,0.0,IGHM
D7_Hashtag1|C00017,2,0.7406747474163846,D7_Hashtag1,1,P1,1.0,True,P1,0.9999992778363854,0.9511677622795104,9.68907642364502,0.0,0.0,0.0,0.0,
D7_Hashtag2|C00001,2,0.7406747474163846,D7_Hashtag2,1,P1,1.0,True,P1,0.999931022579558,5.008957862854004,10.74307918548584,0.0,0.0,0.0,0.0,IGHD
D7_Hashtag2|C00002,2,0.7406747474163846,D7_Hashtag2,1,P1,1.0,True,P1,0.9992094468829636,5.334017276763916,10.551522254943848,0.0,0.0,0.0,0.0,IGHM
D7_Hashtag2|C00003,2,0.7406747474163846,D7_Hashtag2,1,P1,1.0,True,P1,0.9999652410742376,4.124197959899902,9.784079551696776,0.0,0.0,1.0,0.0,IGHM
D7_Hashtag2|C00004,2,0.7406747474163846,D7_Hashtag2,1,P1,1.0,True,P1,0.999935690923504,4.676840305328369,10.96424961090088,0.0,0.0,0.0,0.0,
D7_Hashtag2|C00005,2,0.7406747474163846,D7_Hashtag2,1,P1,1.0,True,P1,0.999988119979744,0.3871040344238281,11.235406875610352,0.0,0.0,0.0,0.0,IGHM
D7_Hashtag2|C00006,2,0.7406747474163846,D7_Hashtag2,1,P1,1.0,True,P1,0.9999964584398428,3.098075151443481,11.169422149658203,0.0,0.0,0.5,0.0,IGHM
D7_Hashtag2|C00007,2,0.7406747474163846,D7_Hashtag2,1,P1,1.0,True,P1,0.999989320470233,3.419106960296631,11.290234565734863,0.0,0.0,1.0,0.0,IGHM
D7_Hashtag2|C00008,2,0.7406747474163846,D7_Hashtag2,1,P1,1.0,True,P1,0.9999933684201116,1.8526849746704104,10.571383476257324,0.0,0.0,0.0,0.0,IGHM
D7_Hashtag2|C00009,2,0.7406747474163846,D7_Hashtag2,1,P1,1.0,True,P1,0.9999491649348282,2.3484017848968506,11.136367797851562,0.0,0.0,0.0,0.0,IGHM
D7_Hashtag2|C00010,2,0.7406747474163846,D7_Hashtag2,1,P1,1.0,True,P1,0.9999753825309308,2.350367784500122,9.894142150878906,0.0,0.0,0.0,0.0,IGHM
D7_Hashtag2|C00011,2,0.7406747474163846,D7_Hashtag2,1,P1,1.0,True,P1,0.9999839198075452,4.2245378494262695,9.55191707611084,0.0,0.0,0.0,0.0,IGHM
D7_Hashtag2|C00012,2,0.7406747474163846,D7_Hashtag2,1,P1,1.0,True,P1,0.9999985026059603,2.371666669845581,10.504963874816896,0.0,0.0,0.0,0.0,
D7_Hashtag2|C00013,2,0.7406747474163846,D7_Hashtag2,1,P1,1.0,True,P1,0.9999898175263132,3.603694438934326,11.214768409729004,0.0,0.0,1.0,0.0,
D7_Hashtag2|C00014,2,0.7406747474163846,D7_Hashtag2,1,P1,1.0,True,P1,0.9998876249757797,2.0996546745300293,9.788655281066896,0.0,0.0,0.0,0.0,IGHM
D7_Hashtag2|C00015,2,0.7406747474163846,D7_Hashtag2,1,P1,1.0,True,P1,0.9950455197242392,5.250553607940674,10.47494411468506,0.0,0.0,0.0,0.0,
D7_Hashtag2|C00016,2,0.7406747474163846,D7_Hashtag2,1,P1,1.0,True,P1,0.999998388518227,3.408144950866699,10.885242462158203,0.0,0.0,0.0,0.0,IGHD
D7_Hashtag2|C00017,2,0.7406747474163846,D7_Hashtag2,1,P3,1.0,True,P3,1.0,-0.669205367565155,3.428703784942627,0.0,0.0,0.0,0.0,IGHM
D7_Hashtag2|C00018,2,0.7406747474163846,D7_Hashtag2,1,P3,1.0,True,P3,1.0,-0.5280305743217468,3.1719348430633545,0.0,0.0,0.0,0.0,IGHM
D7_Hashtag3|C00001,3,0.8095100617261608,D7_Hashtag3,1,P3,0.96,True,P3,1.0,-0.7305604219436646,3.415177583694458,0.0,0.0,0.0,0.0,IGHM
D7_Hashtag3|C00002,2,0.7406747474163846,D7_Hashtag3,1,P1,1.0,True,P1,0.9999949673736968,3.2688300609588623,10.926753997802734,0.0,0.0,0.0,0.0,
D7_Hashtag3|C00003,2,0.7406747474163846,D7_Hashtag3,1,P1,1.0,True,P1,0.9999981658442944,5.141552925109863,10.414705276489258,0.0,0.0,0.5,0.0,IGHM
D7_Hashtag3|C00004,2,0.7406747474163846,D7_Hashtag3,1,P1,1.0,True,P1,0.9999950124101992,2.462730884552002,10.451716423034668,0.0,0.0,0.0,0.0,IGHM
D7_Hashtag3|C00005,2,0.7406747474163846,D7_Hashtag3,1,P1,1.0,True,P1,0.9999670020384156,2.398079633712769,9.904607772827148,0.0,0.0,0.0,0.0,IGHD
D7_Hashtag3|C00006,2,0.7406747474163846,D7_Hashtag3,1,P1,1.0,True,P1,0.9999845160489206,5.201985836029053,10.64421558380127,0.0,0.0,0.5,0.0,
D7_Hashtag3|C00007,2,0.7406747474163846,D7_Hashtag3,1,P1,1.0,True,P1,0.9999862967913756,3.482192039489746,9.206679344177246,0.0,0.0,0.5,0.0,
D7_Hashtag3|C00008,2,0.7406747474163846,D7_Hashtag3,1,P2,0.34,True,P2,1.0,7.022814750671387,7.216804504394531,1.0,0.0,0.0,0.0,IGHM
D7_Hashtag4|C00001,2,0.7406747474163846,D7_Hashtag4,1,P2,1.0,True,P2,1.0,11.09344482421875,2.856340885162353,0.0,1.0,0.0,0.0,IGHG
D7_Hashtag4|C00002,2,0.7406747474163846,D7_Hashtag4,1,P1,1.0,True,P1,0.999991922462622,3.388880491256714,11.182256698608398,0.0,0.0,0.0,0.0,
D7_Hashtag4|C00003,2,0.7406747474163846,D7_Hashtag4,1,P1,1.0,True,P1,0.9999887694388104,3.142676591873169,10.946026802062988,0.0,0.0,0.0,0.0,IGHM
D7_Hashtag4|C00004,2,0.7406747474163846,D7_Hashtag4,1,P1,1.0,True,P1,0.9999999935052416,2.132378578186035,11.99415683746338,0.0,0.0,0.5,0.0,IGHM
D7_Hashtag4|C00005,2,0.7406747474163846,D7_Hashtag4,1,P1,1.0,True,P1,0.9999999716526706,2.052370548248291,12.012706756591797,0.0,0.0,0.0,0.0,IGHM
D7_Hashtag4|C00006,2,0.7406747474163846,D7_Hashtag4,1,P1,1.0,True,P1,0.9999933417924296,2.7470486164093018,9.918575286865234,0.0,0.0,0.0,0.0,IGHM
D7_Hashtag4|C00007,2,0.7406747474163846,D7_Hashtag4,1,P1,1.0,True,P1,0.999999288968351,4.75477409362793,10.559698104858398,0.0,0.0,0.0,0.0,
D7_Hashtag4|C00008,2,0.7406747474163846,D7_Hashtag4,1,P1,1.0,True,P1,0.999957992202056,3.221226930618286,11.037235260009766,0.0,0.0,0.0,0.0,IGHM
D7_Hashtag4|C00009,2,0.7406747474163846,D7_Hashtag4,1,P3,1.0,True,P3,1.0,-0.7116462588310242,3.573007583618164,0.0,0.0,0.0,0.0,IGHM
D7_Hashtag4|C00010,2,0.7406747474163846,D7_Hashtag4,1,P1,1.0,True,P1,0.9999974247182356,2.601266622543335,11.307432174682615,0.0,0.0,0.5,0.0,IGHM
D7_Hashtag4|C00011,2,0.7406747474163846,D7_Hashtag4,1,P3,1.0,True,P3,1.0,-0.6565473079681396,3.560022354125977,0.0,0.0,0.0,0.0,IGHM
D7_Hashtag4|C00012,2,0.7406747474163846,D7_Hashtag4,1,P1,1.0,True,P1,0.9564741616668336,1.2645949125289917,11.532597541809082,0.0,0.0,0.0,0.0,IGHM
D7_Hashtag5|C00001,2,0.7406747474163846,D7_Hashtag5,1,P1,1.0,True,P1,0.9999982642794834,4.468636512756348,10.284358978271484,0.0,0.0,0.0,0.0,
D7_Hashtag5|C00002,2,0.7406747474163846,D7_Hashtag5,1,P1,1.0,True,P1,0.9350385293229644,3.7795801162719727,9.08119773864746,0.0,0.0,0.0,0.0,IGHM
D7_Hashtag5|C00003,2,0.7406747474163846,D7_Hashtag5,1,P1,1.0,True,P1,0.999995964200026,1.4643892049789429,9.132287979125977,0.0,0.0,0.0,0.0,IGHM
D7_Hashtag5|C00004,2,0.7406747474163846,D7_Hashtag5,1,P1,1.0,True,P1,0.999703554584354,2.809468984603882,10.00334358215332,0.0,0.0,0.0,0.0,IGHD
D7_Hashtag5|C00005,2,0.7406747474163846,D7_Hashtag5,1,P1,1.0,True,P1,0.9999994965931892,4.0415449142456055,9.994632720947266,0.0,0.0,0.0,0.0,
D7_Hashtag5|C00006,2,0.7406747474163846,D7_Hashtag5,1,P1,1.0,True,P1,0.9999925503434448,2.5546019077301025,8.938864707946777,0.0,0.0,0.0,0.0,
D7_Hashtag5|C00007,2,0.7406747474163846,D7_Hashtag5,1,P1,1.0,True,P1,0.9999940593745534,1.241489052772522,9.451393127441406,0.0,0.0,0.0,0.0,
D7_Hashtag5|C00008,2,0.7406747474163846,D7_Hashtag5,1,P1,1.0,True,P1,0.9999988691302802,2.856119394302368,11.326054573059082,0.0,0.0,0.5,0.0037593984962406,IGHM
D7_Hashtag5|C00009,2,0.7406747474163846,D7_Hashtag5,1,P1,1.0,True,P1,0.9999977409522466,3.1522581577301025,10.89892578125,0.0,0.0,0.0,0.0,IGHD
D7_Hashtag5|C00010,2,0.7406747474163846,D7_Hashtag5,1,P1,1.0,True,P1,0.9999997047277002,2.923468589782715,11.68445873260498,0.0,0.0,0.0,0.0,IGHM
D7_Hashtag5|C00011,2,0.7406747474163846,D7_Hashtag5,1,P1,1.0,True,P1,0.9999592830321083,3.3983683586120605,11.081655502319336,0.0,0.0,1.0,0.0,
D7_Hashtag5|C00012,2,0.7406747474163846,D7_Hashtag5,1,P1,1.0,True,P1,0.9999852765649752,4.571563243865967,11.076333045959473,0.0,0.0,0.0,0.0,IGHD
D7_Hashtag5|C00013,2,0.7406747474163846,D7_Hashtag5,1,P1,1.0,True,P1,0.9998070431836196,5.244758129119873,10.462045669555664,0.0,0.0,0.0,0.0,IGHD
D7_Hashtag5|C00014,2,0.7406747474163846,D7_Hashtag5,1,P1,1.0,True,P1,0.9999961972726622,3.490906000137329,11.23664093017578,0.0,0.0,0.0,0.0,IGHM
D7_Hashtag5|C00015,2,0.7406747474163846,D7_Hashtag5,1,P1,1.0,True,P1,0.9999995796030308,2.2220101356506348,11.894861221313477,0.0,0.0,0.0,0.0,IGHM
D7_Hashtag5|C00016,2,0.7406747474163846,D7_Hashtag5,1,P1,1.0,True,P1,0.999986650967952,2.4862611293792725,9.955492973327637,0.0,0.0,0.0,0.0,IGHM
D7_Hashtag5|C00017,2,0.7406747474163846,D7_Hashtag5,1,P1,1.0,True,P1,0.9999999975737168,2.3765861988067627,11.896780014038086,0.0,0.0,0.0,0.0,IGHM
D7_Hashtag5|C00018,2,0.7406747474163846,D7_Hashtag5,1,P2,0.34,True,P2,1.0,7.362204551696777,6.810030460357666,1.0,0.0,0.0,0.003731343283582,IGHM
